{"type":"FeatureCollection","features":[{"type":"Feature","properties":{"zcta":"23185","d":432},"geometry":{"type":"Polygon","coordinates":[[[-76.87054,37.26471],[-76.86807,37.26417],[-76.86169,37.26143],[-76.84048,37.25527],[-76.83858,37.25616],[-76.82714,37.25612],[-76.82053,37.25654],[-76.81451,37.25908],[-76.81202,37.25512],[-76.80585,37.25217],[-76.8043,37.25194],[-76.79755,37.254],[-76.7895,37.2544],[-76.785,37.25347],[-76.77997,37.24991],[-76.77065,37.24936],[-76.76247,37.25339],[-76.75859,37.25337],[-76.75366,37.25258],[-76.74851,37.25384],[-76.74443,37.25807],[-76.7426,37.25921],[-76.73758,37.26058],[-76.73444,37.2587],[-76.73206,37.25936],[-76.72863,37.26268],[-76.72497,37.26377],[-76.72217,37.26357],[-76.72295,37.26517],[-76.72179,37.26779],[-76.72408,37.27571],[-76.72637,37.2791],[-76.72538,37.27986],[-76.73013,37.28052],[-76.72953,37.28294],[-76.72653,37.28273],[-76.72751,37.28552],[-76.72776,37.28951],[-76.73152,37.28898],[-76.73137,37.29119],[-76.7337,37.29293],[-76.73322,37.29757],[-76.73455,37.30013],[-76.73924,37.30225],[-76.74095,37.30159],[-76.74055,37.30579],[-76.73663,37.30706],[-76.73891,37.30932],[-76.73662,37.31359],[-76.73712,37.31555],[-76.73351,37.3159],[-76.73097,37.3101],[-76.72687,37.30222],[-76.71179,37.29762],[-76.7094,37.2978],[-76.70744,37.30317],[-76.70433,37.30408],[-76.70302,37.30261],[-76.70088,37.30459],[-76.70068,37.30726],[-76.69855,37.30787],[-76.69668,37.30992],[-76.69848,37.31048],[-76.6987,37.30883],[-76.70134,37.30798],[-76.7047,37.31269],[-76.7051,37.31647],[-76.70228,37.31755],[-76.69506,37.31865],[-76.69156,37.31391],[-76.69588,37.30731],[-76.69796,37.30597],[-76.69544,37.30365],[-76.69924,37.30127],[-76.69377,37.29873],[-76.69254,37.29564],[-76.68883,37.29263],[-76.68544,37.29379],[-76.68187,37.29264],[-76.67998,37.29362],[-76.67471,37.29214],[-76.67062,37.29392],[-76.66954,37.29569],[-76.66556,37.29577],[-76.66297,37.29889],[-76.66333,37.30133],[-76.66111,37.30265],[-76.65744,37.3014],[-76.65368,37.30094],[-76.64989,37.29639],[-76.64796,37.29676],[-76.64565,37.29921],[-76.6377,37.30006],[-76.63494,37.29929],[-76.63015,37.29615],[-76.62601,37.29893],[-76.62374,37.29942],[-76.61621,37.30287],[-76.61581,37.30023],[-76.60917,37.2986],[-76.60758,37.2948],[-76.60383,37.29256],[-76.59857,37.2882],[-76.59091,37.28654],[-76.58959,37.28526],[-76.58397,37.28265],[-76.58124,37.27926],[-76.58406,37.27452],[-76.58623,37.27547],[-76.58654,37.2791],[-76.59058,37.27652],[-76.59617,37.27396],[-76.60205,37.27608],[-76.60598,37.27379],[-76.60633,37.27188],[-76.60356,37.27072],[-76.59812,37.2696],[-76.59269,37.27021],[-76.5971,37.26557],[-76.59888,37.26222],[-76.59907,37.2587],[-76.6004,37.25656],[-76.60467,37.25653],[-76.60836,37.25419],[-76.61325,37.25238],[-76.61799,37.25124],[-76.61963,37.24991],[-76.61876,37.24694],[-76.61746,37.24612],[-76.6103,37.24433],[-76.60806,37.2428],[-76.60348,37.24193],[-76.60014,37.24014],[-76.60174,37.23927],[-76.60028,37.23566],[-76.59502,37.23045],[-76.59481,37.22632],[-76.59526,37.22],[-76.59323,37.21605],[-76.59312,37.21425],[-76.5913,37.21321],[-76.59186,37.20978],[-76.59092,37.2064],[-76.58547,37.20082],[-76.58337,37.19514],[-76.58318,37.19297],[-76.57998,37.19267],[-76.58017,37.19075],[-76.57799,37.19048],[-76.57956,37.18869],[-76.57834,37.18646],[-76.58045,37.18552],[-76.58122,37.18251],[-76.58457,37.18258],[-76.58435,37.18106],[-76.58699,37.18021],[-76.5903,37.18151],[-76.5954,37.17842],[-76.59787,37.17825],[-76.6007,37.17521],[-76.60478,37.17064],[-76.60744,37.16884],[-76.61111,37.16986],[-76.61282,37.17116],[-76.61627,37.17896],[-76.61934,37.19215],[-76.62329,37.19874],[-76.62987,37.20674],[-76.63465,37.20996],[-76.64108,37.216],[-76.64987,37.22091],[-76.65984,37.22321],[-76.68409,37.22311],[-76.693,37.22368],[-76.69894,37.21906],[-76.70262,37.21715],[-76.72033,37.21431],[-76.73151,37.21223],[-76.74291,37.21336],[-76.74389,37.21484],[-76.75028,37.21654],[-76.75789,37.21724],[-76.76731,37.22014],[-76.7728,37.22136],[-76.77797,37.22373],[-76.7826,37.22436],[-76.78132,37.22621],[-76.7827,37.22779],[-76.78896,37.22273],[-76.79354,37.23125],[-76.79888,37.23475],[-76.81006,37.23863],[-76.81659,37.24175],[-76.82218,37.24364],[-76.82681,37.24364],[-76.8324,37.24203],[-76.85046,37.2408],[-76.85842,37.24139],[-76.86199,37.24241],[-76.86952,37.24216],[-76.87193,37.24598],[-76.87363,37.25008],[-76.87328,37.25149],[-76.86769,37.25197],[-76.86615,37.25547],[-76.86627,37.25849],[-76.86757,37.26067],[-76.87221,37.26275],[-76.87982,37.25765],[-76.88172,37.25745],[-76.88374,37.25424],[-76.88579,37.25295],[-76.88716,37.25857],[-76.88982,37.25873],[-76.8898,37.26275],[-76.8859,37.26191],[-76.87722,37.26363],[-76.87054,37.26471]]]}},{"type":"Feature","properties":{"zcta":"23513","d":2676},"geometry":{"type":"Polygon","coordinates":[[[-76.25284,36.90888],[-76.25119,36.90806],[-76.24758,36.90939],[-76.25014,36.91163],[-76.25529,36.91223],[-76.25397,36.91611],[-76.24892,36.91389],[-76.24123,36.91361],[-76.2414,36.91471],[-76.23849,36.91512],[-76.21994,36.88989],[-76.22127,36.88782],[-76.21985,36.88453],[-76.21652,36.88502],[-76.21507,36.88306],[-76.21591,36.88248],[-76.20775,36.88067],[-76.24572,36.86443],[-76.24789,36.86329],[-76.25271,36.88259],[-76.25029,36.88304],[-76.25217,36.88528],[-76.25229,36.88836],[-76.2542,36.8888],[-76.25629,36.89702],[-76.25567,36.89845],[-76.25648,36.90453],[-76.25284,36.90888]]]}},{"type":"Feature","properties":{"zcta":"23130","d":0},"geometry":{"type":"Polygon","coordinates":[[[-76.28392,37.39262],[-76.28252,37.39517],[-76.27904,37.39632],[-76.28035,37.39745],[-76.27811,37.39928],[-76.27202,37.40098],[-76.26984,37.40025],[-76.26687,37.40364],[-76.26548,37.40257],[-76.25968,37.40558],[-76.25472,37.40969],[-76.25603,37.41237],[-76.25964,37.41629],[-76.2576,37.41777],[-76.25392,37.41853],[-76.25452,37.42079],[-76.25136,37.42044],[-76.24922,37.41581],[-76.25039,37.413],[-76.24897,37.40611],[-76.2479,37.3944],[-76.24775,37.37882],[-76.24908,37.3758],[-76.25348,37.37145],[-76.25578,37.36766],[-76.25951,37.36593],[-76.25592,37.37027],[-76.25902,37.37153],[-76.25712,37.3759],[-76.26082,37.3757],[-76.26486,37.37678],[-76.26572,37.37511],[-76.2687,37.37697],[-76.27221,37.37514],[-76.27493,37.37814],[-76.27725,37.37688],[-76.28052,37.3773],[-76.28379,37.37581],[-76.28399,37.37808],[-76.28723,37.37689],[-76.28627,37.37975],[-76.29051,37.38249],[-76.29196,37.38244],[-76.29381,37.3864],[-76.28943,37.38767],[-76.28687,37.39247],[-76.28392,37.39262]]]}},{"type":"Feature","properties":{"zcta":"23510","d":3540},"geometry":{"type":"Polygon","coordinates":[[[-76.30605,36.86384],[-76.30567,36.85978],[-76.30295,36.85849],[-76.30041,36.85539],[-76.29369,36.85552],[-76.29317,36.8574],[-76.28826,36.85798],[-76.28845,36.86104],[-76.28644,36.86455],[-76.2844,36.86399],[-76.28602,36.86038],[-76.28021,36.85876],[-76.27805,36.85938],[-76.27917,36.85631],[-76.27835,36.85595],[-76.27928,36.85269],[-76.28011,36.85325],[-76.28384,36.84828],[-76.28302,36.84532],[-76.27559,36.84487],[-76.27496,36.83985],[-76.29586,36.84385],[-76.29796,36.84641],[-76.30168,36.85091],[-76.30186,36.85301],[-76.3069,36.85581],[-76.30781,36.86059],[-76.30916,36.86151],[-76.30605,36.86384]]]}},{"type":"Feature","properties":{"zcta":"23430","d":93},"geometry":{"type":"Polygon","coordinates":[[[-76.77159,37.03091],[-76.74832,37.04052],[-76.73368,37.04651],[-76.73547,37.05085],[-76.73273,37.05368],[-76.73255,37.05512],[-76.73473,37.05766],[-76.73561,37.06047],[-76.73462,37.06401],[-76.73304,37.06268],[-76.73223,37.06495],[-76.72141,37.07129],[-76.71475,37.07276],[-76.71141,37.07583],[-76.70995,37.07887],[-76.70968,37.08254],[-76.70529,37.08711],[-76.70182,37.08435],[-76.69841,37.08312],[-76.69565,37.08328],[-76.69373,37.08463],[-76.68777,37.08602],[-76.68787,37.08732],[-76.68435,37.08847],[-76.68384,37.09263],[-76.68169,37.09378],[-76.68414,37.09701],[-76.68208,37.09866],[-76.68403,37.10405],[-76.68112,37.10688],[-76.67843,37.10405],[-76.67517,37.10864],[-76.67936,37.11143],[-76.67713,37.11392],[-76.67997,37.11768],[-76.68029,37.12629],[-76.67822,37.1304],[-76.67582,37.13215],[-76.67265,37.13277],[-76.67261,37.13388],[-76.67574,37.1365],[-76.67542,37.13904],[-76.67159,37.14206],[-76.66709,37.14045],[-76.66436,37.13287],[-76.66412,37.12956],[-76.66507,37.12539],[-76.66448,37.12188],[-76.66293,37.11828],[-76.65949,37.11478],[-76.65689,37.10984],[-76.65842,37.10331],[-76.65711,37.0998],[-76.65811,37.09679],[-76.66765,37.07623],[-76.66982,37.06426],[-76.66994,37.05989],[-76.66626,37.05021],[-76.66256,37.04575],[-76.65913,37.04243],[-76.654,37.03917],[-76.64601,37.03623],[-76.63845,37.03541],[-76.61212,37.0356],[-76.60356,37.03331],[-76.60007,37.03304],[-76.58649,37.02874],[-76.58099,37.02494],[-76.57796,37.02194],[-76.57606,37.0154],[-76.57749,37.01302],[-76.57998,37.01198],[-76.58485,37.00614],[-76.58423,37.00361],[-76.5802,36.99705],[-76.57823,36.99629],[-76.57846,36.99561],[-76.57501,36.99578],[-76.57275,36.99391],[-76.56676,36.99319],[-76.56238,36.99433],[-76.56224,36.99243],[-76.56536,36.98974],[-76.56843,36.98514],[-76.56813,36.98147],[-76.56328,36.97386],[-76.56844,36.97257],[-76.57341,36.97189],[-76.57431,36.96936],[-76.56934,36.96511],[-76.5678,36.96153],[-76.56979,36.95989],[-76.57665,36.95812],[-76.58046,36.95344],[-76.5786,36.94778],[-76.58171,36.94526],[-76.58685,36.93857],[-76.58313,36.93765],[-76.58476,36.93443],[-76.57837,36.93599],[-76.57712,36.93196],[-76.57433,36.93228],[-76.57414,36.93117],[-76.57646,36.92926],[-76.57632,36.928],[-76.56995,36.92901],[-76.56696,36.92888],[-76.56473,36.92616],[-76.55996,36.93113],[-76.55966,36.92787],[-76.55784,36.92755],[-76.55907,36.92594],[-76.55704,36.92528],[-76.55861,36.92356],[-76.55812,36.92201],[-76.5561,36.92208],[-76.55636,36.91953],[-76.5539,36.92139],[-76.55316,36.91878],[-76.54987,36.9182],[-76.54681,36.91615],[-76.54086,36.91729],[-76.53786,36.91239],[-76.54399,36.90799],[-76.56927,36.8888],[-76.59397,36.8702],[-76.59776,36.87697],[-76.60067,36.87738],[-76.60403,36.87949],[-76.60759,36.88056],[-76.60901,36.87985],[-76.60978,36.88547],[-76.60668,36.88932],[-76.61728,36.89034],[-76.61898,36.89094],[-76.62031,36.89367],[-76.6212,36.89855],[-76.61862,36.90028],[-76.61763,36.90225],[-76.62787,36.91398],[-76.63096,36.91164],[-76.63556,36.90992],[-76.63636,36.90579],[-76.6355,36.90233],[-76.63637,36.90012],[-76.63796,36.8994],[-76.63967,36.90186],[-76.64539,36.90475],[-76.64632,36.90805],[-76.64504,36.90954],[-76.64988,36.91684],[-76.6504,36.92046],[-76.652,36.92166],[-76.65459,36.92157],[-76.6579,36.92297],[-76.65983,36.91987],[-76.66191,36.91857],[-76.66306,36.91644],[-76.6683,36.91677],[-76.67113,36.91562],[-76.67358,36.91267],[-76.67559,36.91214],[-76.67819,36.90926],[-76.67967,36.91102],[-76.68051,36.90971],[-76.68264,36.90988],[-76.68517,36.91195],[-76.68987,36.91076],[-76.69544,36.91378],[-76.70097,36.91008],[-76.70331,36.91114],[-76.6999,36.91371],[-76.69469,36.91918],[-76.69897,36.92253],[-76.70569,36.92699],[-76.70619,36.92819],[-76.70707,36.93625],[-76.7101,36.94508],[-76.7132,36.95047],[-76.71485,36.95095],[-76.71209,36.95802],[-76.7205,36.96098],[-76.72939,36.9513],[-76.7313,36.95051],[-76.72509,36.94234],[-76.72699,36.94153],[-76.73496,36.94057],[-76.74225,36.93903],[-76.74521,36.94875],[-76.74803,36.94394],[-76.75335,36.94422],[-76.7543,36.94582],[-76.75708,36.94686],[-76.75755,36.9491],[-76.76188,36.95312],[-76.7654,36.95255],[-76.76506,36.9565],[-76.76751,36.96081],[-76.76657,36.96336],[-76.75785,36.97397],[-76.755,36.97815],[-76.75203,36.97951],[-76.75202,36.98959],[-76.75486,36.98632],[-76.75946,36.98846],[-76.76257,36.98499],[-76.76497,36.98595],[-76.76491,36.98817],[-76.76621,36.99452],[-76.76408,36.99823],[-76.76789,36.9974],[-76.77083,36.99794],[-76.7741,36.99711],[-76.77404,37.00181],[-76.77585,37.00586],[-76.78317,37.00975],[-76.7854,37.01146],[-76.78983,37.01651],[-76.78952,37.01924],[-76.7915,37.01904],[-76.79268,37.02063],[-76.79109,37.02249],[-76.77159,37.03091]]]}},{"type":"Feature","properties":{"zcta":"23507","d":3263},"geometry":{"type":"Polygon","coordinates":[[[-76.30043,36.86775],[-76.30063,36.86639],[-76.2903,36.86156],[-76.28845,36.86104],[-76.28826,36.85798],[-76.29317,36.8574],[-76.29369,36.85552],[-76.30041,36.85539],[-76.30295,36.85849],[-76.30567,36.85978],[-76.30605,36.86384],[-76.30916,36.86151],[-76.31291,36.86406],[-76.31326,36.86554],[-76.31093,36.86761],[-76.31119,36.87091],[-76.31224,36.87286],[-76.31065,36.87516],[-76.30169,36.8738],[-76.30043,36.86775]]]}},{"type":"Feature","properties":{"zcta":"23188","d":248},"geometry":{"type":"MultiPolygon","coordinates":[[[[-76.79046,37.40173],[-76.78899,37.40133],[-76.79047,37.39836],[-76.79189,37.39899],[-76.79046,37.40173]]],[[[-76.87175,37.33616],[-76.86914,37.33496],[-76.86185,37.3346],[-76.85902,37.33668],[-76.85394,37.33633],[-76.85157,37.33304],[-76.8499,37.3324],[-76.8462,37.33422],[-76.84543,37.33715],[-76.84376,37.33753],[-76.84302,37.33526],[-76.83874,37.339],[-76.83699,37.33876],[-76.83411,37.34015],[-76.83182,37.33906],[-76.83043,37.34013],[-76.82762,37.33764],[-76.8218,37.33841],[-76.82165,37.34078],[-76.81938,37.34197],[-76.82041,37.34371],[-76.81524,37.34696],[-76.80891,37.34922],[-76.80272,37.34986],[-76.80135,37.35224],[-76.79885,37.35324],[-76.79493,37.35698],[-76.79707,37.35843],[-76.79532,37.3602],[-76.79423,37.36528],[-76.79438,37.36778],[-76.78875,37.37151],[-76.78749,37.37439],[-76.78749,37.37689],[-76.79578,37.37684],[-76.79503,37.37995],[-76.7829,37.37974],[-76.78951,37.38158],[-76.7887,37.38463],[-76.78938,37.38661],[-76.78767,37.39163],[-76.78343,37.3956],[-76.77062,37.39126],[-76.7723,37.3923],[-76.78227,37.39554],[-76.78081,37.40094],[-76.78977,37.40721],[-76.80102,37.41322],[-76.80144,37.41773],[-76.79903,37.41871],[-76.79589,37.42168],[-76.79338,37.42727],[-76.79119,37.427],[-76.78767,37.42233],[-76.78457,37.42103],[-76.78119,37.42603],[-76.78048,37.42971],[-76.78138,37.43266],[-76.78065,37.43354],[-76.77689,37.43392],[-76.77438,37.43472],[-76.7741,37.43692],[-76.77061,37.439],[-76.77164,37.43526],[-76.77028,37.43499],[-76.7673,37.43811],[-76.76363,37.43822],[-76.76585,37.44026],[-76.76309,37.44247],[-76.76018,37.44285],[-76.75917,37.4444],[-76.76199,37.44441],[-76.76164,37.44626],[-76.75918,37.44465],[-76.75794,37.4458],[-76.76034,37.44737],[-76.76243,37.45072],[-76.7658,37.45165],[-76.76346,37.4542],[-76.76047,37.45253],[-76.76124,37.45526],[-76.76026,37.45869],[-76.7585,37.45669],[-76.75638,37.45643],[-76.75765,37.45951],[-76.75679,37.46172],[-76.75193,37.46324],[-76.74198,37.46708],[-76.73706,37.45737],[-76.73296,37.45024],[-76.72759,37.44416],[-76.7123,37.43131],[-76.69888,37.41911],[-76.67237,37.39588],[-76.66803,37.39089],[-76.66233,37.3834],[-76.65865,37.38014],[-76.64952,37.37428],[-76.64745,37.37152],[-76.63965,37.35886],[-76.63728,37.3556],[-76.62938,37.34699],[-76.62468,37.34031],[-76.61632,37.33309],[-76.61348,37.32968],[-76.61053,37.32478],[-76.60071,37.31404],[-76.60664,37.30991],[-76.61429,37.30394],[-76.61621,37.30287],[-76.62374,37.29942],[-76.62601,37.29893],[-76.63015,37.29615],[-76.63494,37.29929],[-76.6377,37.30006],[-76.64565,37.29921],[-76.64796,37.29676],[-76.64989,37.29639],[-76.65368,37.30094],[-76.65744,37.3014],[-76.66111,37.30265],[-76.66333,37.30133],[-76.66297,37.29889],[-76.66556,37.29577],[-76.66954,37.29569],[-76.67062,37.29392],[-76.67471,37.29214],[-76.67998,37.29362],[-76.68187,37.29264],[-76.68544,37.29379],[-76.68883,37.29263],[-76.69254,37.29564],[-76.69377,37.29873],[-76.69924,37.30127],[-76.69544,37.30365],[-76.69796,37.30597],[-76.69588,37.30731],[-76.69156,37.31391],[-76.69506,37.31865],[-76.70228,37.31755],[-76.7051,37.31647],[-76.7047,37.31269],[-76.70134,37.30798],[-76.6987,37.30883],[-76.69848,37.31048],[-76.69668,37.30992],[-76.69855,37.30787],[-76.70068,37.30726],[-76.70088,37.30459],[-76.70302,37.30261],[-76.70433,37.30408],[-76.70744,37.30317],[-76.7094,37.2978],[-76.71179,37.29762],[-76.72687,37.30222],[-76.73097,37.3101],[-76.73351,37.3159],[-76.73712,37.31555],[-76.73662,37.31359],[-76.73891,37.30932],[-76.73663,37.30706],[-76.74055,37.30579],[-76.74095,37.30159],[-76.73924,37.30225],[-76.73455,37.30013],[-76.73322,37.29757],[-76.7337,37.29293],[-76.73137,37.29119],[-76.73152,37.28898],[-76.72776,37.28951],[-76.72751,37.28552],[-76.72653,37.28273],[-76.72953,37.28294],[-76.73013,37.28052],[-76.72538,37.27986],[-76.72637,37.2791],[-76.72408,37.27571],[-76.72179,37.26779],[-76.72295,37.26517],[-76.72217,37.26357],[-76.72497,37.26377],[-76.72863,37.26268],[-76.73206,37.25936],[-76.73444,37.2587],[-76.73758,37.26058],[-76.7426,37.25921],[-76.74443,37.25807],[-76.74851,37.25384],[-76.75366,37.25258],[-76.75859,37.25337],[-76.76247,37.25339],[-76.77065,37.24936],[-76.77997,37.24991],[-76.785,37.25347],[-76.7895,37.2544],[-76.79755,37.254],[-76.8043,37.25194],[-76.80585,37.25217],[-76.81202,37.25512],[-76.81451,37.25908],[-76.82053,37.25654],[-76.82714,37.25612],[-76.83858,37.25616],[-76.84048,37.25527],[-76.86169,37.26143],[-76.86807,37.26417],[-76.87054,37.26471],[-76.87722,37.26363],[-76.88205,37.27168],[-76.88308,37.27592],[-76.88146,37.28135],[-76.88156,37.28551],[-76.88083,37.28726],[-76.8779,37.29005],[-76.87468,37.29196],[-76.87168,37.2956],[-76.87199,37.2984],[-76.87693,37.30271],[-76.87837,37.30486],[-76.88,37.30987],[-76.87935,37.31172],[-76.87526,37.31771],[-76.87468,37.32043],[-76.87608,37.32553],[-76.87563,37.32956],[-76.87662,37.33322],[-76.87553,37.3383],[-76.87421,37.34017],[-76.8723,37.33844],[-76.87175,37.33616]]]]}},{"type":"Feature","properties":{"zcta":"23304","d":0},"geometry":{"type":"Polygon","coordinates":[[[-76.57493,36.99763],[-76.57087,36.99817],[-76.57048,36.99942],[-76.56482,36.99651],[-76.56238,36.99433],[-76.56676,36.99319],[-76.57275,36.99391],[-76.57501,36.99578],[-76.57846,36.99561],[-76.57823,36.99629],[-76.57493,36.99763]]]}},{"type":"Feature","properties":{"zcta":"23324","d":1596},"geometry":{"type":"Polygon","coordinates":[[[-76.29156,36.79995],[-76.29006,36.80874],[-76.29039,36.81164],[-76.29126,36.81845],[-76.28996,36.82205],[-76.28433,36.82199],[-76.27696,36.82489],[-76.27471,36.82804],[-76.26042,36.82238],[-76.25747,36.82076],[-76.252,36.81749],[-76.25244,36.81636],[-76.24401,36.81445],[-76.24275,36.81116],[-76.2448,36.80943],[-76.25247,36.80503],[-76.25252,36.80627],[-76.2558,36.806],[-76.25603,36.80121],[-76.2517,36.78718],[-76.25506,36.78528],[-76.25706,36.78737],[-76.2594,36.78705],[-76.25859,36.78324],[-76.26541,36.7799],[-76.27411,36.77995],[-76.277,36.77794],[-76.27957,36.77875],[-76.28562,36.77656],[-76.28764,36.77687],[-76.29508,36.77518],[-76.29712,36.77694],[-76.30655,36.7776],[-76.30846,36.78045],[-76.30456,36.78455],[-76.30336,36.78655],[-76.30286,36.79075],[-76.29736,36.79255],[-76.29283,36.79715],[-76.29214,36.79866],[-76.29156,36.79995]]]}},{"type":"Feature","properties":{"zcta":"23433","d":402},"geometry":{"type":"Polygon","coordinates":[[[-76.50043,36.91463],[-76.49517,36.9225],[-76.4937,36.92111],[-76.48931,36.92177],[-76.48241,36.91736],[-76.48016,36.91427],[-76.48158,36.91018],[-76.48087,36.90857],[-76.48213,36.90111],[-76.48337,36.89624],[-76.4855,36.89441],[-76.48943,36.89422],[-76.49311,36.89184],[-76.49233,36.88643],[-76.49247,36.88638],[-76.49347,36.89327],[-76.49472,36.89893],[-76.49585,36.90007],[-76.50392,36.89831],[-76.5066,36.90223],[-76.5031,36.90751],[-76.50085,36.91172],[-76.50284,36.91331],[-76.50043,36.91463]]]}},{"type":"Feature","properties":{"zcta":"23461","d":0},"geometry":{"type":"Polygon","coordinates":[[[-75.94939,36.76076],[-75.96298,36.76029],[-75.96715,36.76325],[-75.9689,36.76545],[-75.96831,36.76957],[-75.96972,36.77012],[-75.96694,36.77515],[-75.97049,36.7747],[-75.97136,36.77928],[-75.97524,36.78087],[-75.97484,36.78516],[-75.97096,36.785],[-75.95834,36.7826],[-75.95626,36.78279],[-75.94939,36.76076]]]}},{"type":"Feature","properties":{"zcta":"23503","d":2702},"geometry":{"type":"Polygon","coordinates":[[[-76.29846,36.96555],[-76.29615,36.969],[-76.27994,36.96837],[-76.2772,36.96786],[-76.26787,36.96449],[-76.25879,36.95974],[-76.24889,36.95414],[-76.23496,36.94515],[-76.22856,36.94195],[-76.22166,36.93955],[-76.21479,36.93765],[-76.21711,36.93237],[-76.22089,36.92979],[-76.22627,36.92867],[-76.23083,36.92708],[-76.23295,36.92794],[-76.23776,36.92844],[-76.24367,36.92966],[-76.2484,36.92836],[-76.25321,36.93009],[-76.26015,36.93025],[-76.26584,36.93159],[-76.27245,36.93361],[-76.27187,36.93563],[-76.27565,36.9397],[-76.27534,36.94253],[-76.27309,36.94512],[-76.2746,36.94638],[-76.26759,36.94827],[-76.26861,36.94986],[-76.28495,36.94535],[-76.28608,36.94274],[-76.29293,36.94543],[-76.29129,36.94755],[-76.29979,36.95053],[-76.30047,36.95635],[-76.29846,36.96555]]]}},{"type":"Feature","properties":{"zcta":"23663","d":2209},"geometry":{"type":"Polygon","coordinates":[[[-76.30063,37.05393],[-76.30046,37.04806],[-76.30266,37.04674],[-76.30142,37.04583],[-76.30561,37.04161],[-76.30437,37.04048],[-76.30544,37.03798],[-76.30243,37.03499],[-76.30968,37.03008],[-76.30781,37.02849],[-76.30907,37.02758],[-76.30616,37.02522],[-76.30415,37.0236],[-76.30728,37.0169],[-76.31561,37.01436],[-76.31763,37.0128],[-76.32193,37.01251],[-76.32292,37.01152],[-76.33057,37.01319],[-76.32852,37.01562],[-76.32734,37.01644],[-76.3282,37.02117],[-76.32953,37.02356],[-76.33392,37.02943],[-76.33245,37.03115],[-76.32971,37.03122],[-76.32549,37.0332],[-76.32189,37.03333],[-76.32163,37.04229],[-76.32239,37.04774],[-76.32031,37.05312],[-76.31609,37.05347],[-76.3149,37.05041],[-76.31097,37.05067],[-76.31131,37.05533],[-76.3081,37.0561],[-76.30809,37.05175],[-76.30369,37.05217],[-76.30299,37.05391],[-76.30063,37.05393]]]}},{"type":"Feature","properties":{"zcta":"23665","d":300},"geometry":{"type":"MultiPolygon","coordinates":[[[[-76.37621,37.10833],[-76.36747,37.11304],[-76.35097,37.10674],[-76.34467,37.09684],[-76.31736,37.10304],[-76.325,37.09524],[-76.32824,37.09139],[-76.34919,37.06894],[-76.35656,37.06343],[-76.3626,37.06567],[-76.36631,37.06422],[-76.3683,37.06431],[-76.36817,37.06584],[-76.37024,37.06662],[-76.37174,37.06911],[-76.37144,37.07233],[-76.37236,37.07422],[-76.38097,37.07384],[-76.38262,37.07794],[-76.38151,37.0797],[-76.37958,37.08],[-76.37605,37.08018],[-76.37415,37.08387],[-76.37896,37.08947],[-76.37442,37.08959],[-76.37409,37.09409],[-76.38121,37.09571],[-76.38282,37.09679],[-76.38198,37.10107],[-76.37797,37.1015],[-76.37748,37.10693],[-76.38036,37.10814],[-76.38138,37.11194],[-76.37621,37.10833]]],[[[-76.41675,37.09329],[-76.41872,37.09213],[-76.42374,37.09178],[-76.42545,37.0923],[-76.42842,37.09512],[-76.4305,37.0961],[-76.43463,37.09491],[-76.43563,37.09592],[-76.43584,37.10101],[-76.42926,37.10123],[-76.42695,37.10072],[-76.42398,37.10392],[-76.41938,37.10234],[-76.42101,37.09845],[-76.41192,37.09675],[-76.41217,37.09295],[-76.41675,37.09329]]]]}},{"type":"Feature","properties":{"zcta":"23076","d":103},"geometry":{"type":"Polygon","coordinates":[[[-76.3282,37.4797],[-76.32601,37.48295],[-76.32739,37.48572],[-76.32476,37.48592],[-76.32329,37.48534],[-76.31733,37.48509],[-76.31255,37.48621],[-76.31122,37.4878],[-76.30817,37.4886],[-76.30482,37.48875],[-76.30197,37.48762],[-76.30232,37.48517],[-76.29983,37.48357],[-76.29424,37.48263],[-76.29151,37.4798],[-76.2864,37.47838],[-76.28569,37.47669],[-76.27951,37.4747],[-76.28046,37.47159],[-76.2807,37.46584],[-76.2797,37.46575],[-76.28134,37.46527],[-76.28177,37.4628],[-76.29145,37.45981],[-76.29605,37.45952],[-76.30041,37.46055],[-76.30413,37.46],[-76.30635,37.46158],[-76.30793,37.46108],[-76.31276,37.46227],[-76.31595,37.45703],[-76.31748,37.45947],[-76.31439,37.46289],[-76.31724,37.46433],[-76.31657,37.46575],[-76.32303,37.46818],[-76.32736,37.46752],[-76.32651,37.471],[-76.33018,37.47659],[-76.33179,37.4776],[-76.3282,37.4797]]]}},{"type":"Feature","properties":{"zcta":"23708","d":915},"geometry":{"type":"Polygon","coordinates":[[[-76.31248,36.85087],[-76.31264,36.84992],[-76.30734,36.84749],[-76.30283,36.84834],[-76.30168,36.85091],[-76.29796,36.84641],[-76.303,36.8446],[-76.30253,36.84358],[-76.30571,36.84231],[-76.30962,36.8429],[-76.30968,36.84645],[-76.31227,36.84638],[-76.31489,36.8475],[-76.31392,36.84945],[-76.31248,36.85087]]]}},{"type":"Feature","properties":{"zcta":"23709","d":0},"geometry":{"type":"Polygon","coordinates":[[[-76.28996,36.82205],[-76.29126,36.81845],[-76.29039,36.81164],[-76.29525,36.81012],[-76.30085,36.80965],[-76.30467,36.8103],[-76.31009,36.81203],[-76.3119,36.81439],[-76.30636,36.81715],[-76.30605,36.81869],[-76.3033,36.81909],[-76.29548,36.82209],[-76.29796,36.82665],[-76.29314,36.82922],[-76.28996,36.82205]]]}},{"type":"Feature","properties":{"zcta":"23119","d":46},"geometry":{"type":"Polygon","coordinates":[[[-76.30041,37.46055],[-76.29605,37.45952],[-76.29145,37.45981],[-76.28177,37.4628],[-76.28134,37.46527],[-76.2797,37.46575],[-76.27868,37.46565],[-76.27155,37.46216],[-76.27095,37.45952],[-76.26727,37.45678],[-76.26026,37.45697],[-76.2561,37.45263],[-76.2555,37.44942],[-76.25618,37.44685],[-76.25863,37.45282],[-76.26143,37.45383],[-76.26249,37.45188],[-76.26045,37.44529],[-76.26322,37.44386],[-76.26786,37.43963],[-76.26855,37.43716],[-76.27014,37.438],[-76.27534,37.43841],[-76.2822,37.44027],[-76.28436,37.43811],[-76.28918,37.44344],[-76.29313,37.44377],[-76.29507,37.44504],[-76.29496,37.45082],[-76.30181,37.45232],[-76.30211,37.45475],[-76.30498,37.45666],[-76.30366,37.45764],[-76.30413,37.46],[-76.30041,37.46055]]]}},{"type":"Feature","properties":{"zcta":"23021","d":28},"geometry":{"type":"Polygon","coordinates":[[[-76.37856,37.41884],[-76.37365,37.40393],[-76.3714,37.40084],[-76.36278,37.40246],[-76.35567,37.38894],[-76.35259,37.38915],[-76.34876,37.3877],[-76.35143,37.38501],[-76.35572,37.38816],[-76.35656,37.38461],[-76.35761,37.38594],[-76.36576,37.39151],[-76.37023,37.39277],[-76.37589,37.39659],[-76.37979,37.39774],[-76.38322,37.39993],[-76.38469,37.40384],[-76.38363,37.41091],[-76.38719,37.41633],[-76.37856,37.41884]]]}},{"type":"Feature","properties":{"zcta":"23881","d":7},"geometry":{"type":"Polygon","coordinates":[[[-76.98322,37.24234],[-76.98079,37.2397],[-76.98525,37.23844],[-76.98705,37.234],[-76.98874,37.23276],[-76.98539,37.23215],[-76.98469,37.22787],[-76.98029,37.22427],[-76.97298,37.21736],[-76.97171,37.21675],[-76.96717,37.21854],[-76.96818,37.21518],[-76.96142,37.21581],[-76.95775,37.21801],[-76.95633,37.21736],[-76.95022,37.21842],[-76.94692,37.21773],[-76.94782,37.22193],[-76.94627,37.22173],[-76.94161,37.22406],[-76.93365,37.21933],[-76.93258,37.21772],[-76.92616,37.21601],[-76.91782,37.21045],[-76.91333,37.20598],[-76.90845,37.20267],[-76.90251,37.19983],[-76.89835,37.19917],[-76.89093,37.19951],[-76.88041,37.20295],[-76.8657,37.20902],[-76.86091,37.2088],[-76.83858,37.20712],[-76.8362,37.20598],[-76.82051,37.20601],[-76.81849,37.20532],[-76.81374,37.20602],[-76.80863,37.20603],[-76.80637,37.20712],[-76.80102,37.20604],[-76.8032,37.20151],[-76.80251,37.19831],[-76.7969,37.1894],[-76.80326,37.18798],[-76.80054,37.18755],[-76.80328,37.18673],[-76.80469,37.18153],[-76.80314,37.17856],[-76.80559,37.17734],[-76.80829,37.17819],[-76.81081,37.17478],[-76.81876,37.17187],[-76.82251,37.17253],[-76.82205,37.17693],[-76.82434,37.17766],[-76.82771,37.17501],[-76.82594,37.17265],[-76.82562,37.17027],[-76.82688,37.16841],[-76.82988,37.16869],[-76.83269,37.16617],[-76.83472,37.16592],[-76.83552,37.16738],[-76.83769,37.1675],[-76.83978,37.16352],[-76.83815,37.15954],[-76.83854,37.15769],[-76.8342,37.15672],[-76.82763,37.15256],[-76.82556,37.15172],[-76.8273,37.15026],[-76.8319,37.14327],[-76.83859,37.14584],[-76.84376,37.13463],[-76.84913,37.13232],[-76.85322,37.13196],[-76.85933,37.12715],[-76.86388,37.12811],[-76.86388,37.12939],[-76.86033,37.13158],[-76.86228,37.1332],[-76.86907,37.13379],[-76.87164,37.13715],[-76.87556,37.13755],[-76.88156,37.13948],[-76.88327,37.13625],[-76.88806,37.13012],[-76.89462,37.13411],[-76.89478,37.13642],[-76.92691,37.14687],[-76.92838,37.14772],[-76.93,37.14603],[-76.93015,37.14178],[-76.92269,37.13818],[-76.92192,37.13662],[-76.91654,37.13415],[-76.91497,37.13179],[-76.91474,37.12836],[-76.91335,37.12174],[-76.91475,37.11762],[-76.91309,37.11625],[-76.91298,37.11394],[-76.91613,37.11553],[-76.92031,37.11433],[-76.92036,37.11996],[-76.92283,37.12214],[-76.9525,37.11756],[-76.95426,37.12863],[-76.96129,37.13919],[-76.96162,37.14315],[-76.96266,37.14603],[-76.96633,37.14819],[-76.96779,37.14598],[-76.97131,37.14451],[-76.97072,37.14329],[-76.97678,37.13875],[-76.97869,37.13888],[-76.98753,37.13696],[-76.9935,37.13712],[-77.00188,37.13293],[-77.00237,37.13125],[-77.00785,37.12939],[-77.00965,37.12947],[-77.01071,37.13599],[-77.01464,37.13609],[-77.01524,37.13687],[-77.01979,37.1332],[-77.0334,37.14034],[-77.03572,37.14256],[-77.04609,37.1481],[-77.05368,37.1426],[-77.05718,37.13751],[-77.05749,37.13567],[-77.07007,37.14225],[-77.07313,37.14082],[-77.07719,37.14623],[-77.08096,37.13937],[-77.08813,37.12957],[-77.09182,37.1303],[-77.09492,37.13222],[-77.10341,37.13139],[-77.10277,37.12815],[-77.10054,37.12499],[-77.09944,37.12516],[-77.09747,37.12276],[-77.09306,37.12051],[-77.09349,37.11863],[-77.09498,37.12039],[-77.09929,37.12102],[-77.1054,37.12047],[-77.10729,37.1234],[-77.11015,37.12326],[-77.10989,37.12447],[-77.11183,37.12755],[-77.1182,37.12593],[-77.12201,37.12732],[-77.12297,37.1291],[-77.12979,37.13174],[-77.13059,37.13307],[-77.12385,37.13798],[-77.11855,37.14255],[-77.12026,37.14582],[-77.12186,37.1465],[-77.13062,37.15442],[-77.13189,37.15866],[-77.13544,37.16122],[-77.13761,37.16378],[-77.14395,37.16565],[-77.14551,37.17289],[-77.14456,37.17388],[-77.14002,37.17446],[-77.13642,37.17885],[-77.13471,37.18006],[-77.13359,37.17882],[-77.13187,37.17212],[-77.13053,37.17263],[-77.12642,37.1778],[-77.12157,37.18216],[-77.11405,37.18306],[-77.11614,37.18507],[-77.11262,37.19008],[-77.11239,37.19185],[-77.10734,37.19539],[-77.10762,37.19745],[-77.10971,37.19924],[-77.11129,37.20317],[-77.10356,37.20292],[-77.10236,37.20086],[-77.0977,37.20183],[-77.09309,37.20435],[-77.09189,37.20761],[-77.09226,37.21043],[-77.08994,37.21219],[-77.08571,37.21341],[-77.08328,37.21339],[-77.08093,37.21623],[-77.08062,37.21982],[-77.07753,37.2233],[-77.07478,37.22307],[-77.07521,37.2246],[-77.07221,37.22492],[-77.07041,37.22673],[-77.07147,37.22877],[-77.07387,37.22948],[-77.07121,37.23406],[-77.06861,37.23447],[-77.07061,37.23811],[-77.07281,37.23884],[-77.07439,37.24172],[-77.0668,37.24308],[-77.06629,37.24447],[-77.06826,37.2471],[-77.06688,37.25156],[-77.06119,37.253],[-77.06199,37.25508],[-77.06723,37.25668],[-77.06634,37.25906],[-77.06681,37.26313],[-77.06468,37.26574],[-77.07426,37.26899],[-77.08158,37.27187],[-77.08464,37.27694],[-77.08774,37.2803],[-77.08771,37.28263],[-77.09015,37.28755],[-77.09003,37.29284],[-77.09227,37.29703],[-77.09433,37.30378],[-77.09305,37.30701],[-77.09543,37.3069],[-77.09511,37.31247],[-77.08824,37.31307],[-77.08616,37.3109],[-77.07955,37.27428],[-77.07406,37.27079],[-77.06943,37.26974],[-77.03275,37.29447],[-77.0101,37.30525],[-77.00186,37.30357],[-76.996,37.30098],[-76.99216,37.29795],[-76.99022,37.29489],[-76.99273,37.28579],[-76.99277,37.28278],[-76.99136,37.27801],[-76.97747,37.25491],[-76.97424,37.25015],[-76.97244,37.2485],[-76.98322,37.24234]]]}},{"type":"Feature","properties":{"zcta":"23436","d":303},"geometry":{"type":"Polygon","coordinates":[[[-76.51844,36.9071],[-76.51588,36.90899],[-76.50841,36.91199],[-76.50284,36.91331],[-76.50085,36.91172],[-76.5031,36.90751],[-76.5066,36.90223],[-76.50392,36.89831],[-76.49585,36.90007],[-76.49472,36.89893],[-76.49347,36.89327],[-76.49247,36.88638],[-76.49964,36.8829],[-76.50092,36.88297],[-76.50618,36.87691],[-76.51078,36.8781],[-76.50901,36.88103],[-76.51086,36.88277],[-76.51984,36.88412],[-76.51704,36.89083],[-76.52637,36.89737],[-76.5284,36.89742],[-76.52503,36.89941],[-76.52315,36.90143],[-76.5211,36.90633],[-76.51844,36.9071]]]}},{"type":"Feature","properties":{"zcta":"23325","d":2264},"geometry":{"type":"Polygon","coordinates":[[[-76.24553,36.83317],[-76.24376,36.83686],[-76.23664,36.83808],[-76.22606,36.83995],[-76.22516,36.83705],[-76.22806,36.83287],[-76.22157,36.81566],[-76.21933,36.81094],[-76.2252,36.80901],[-76.23065,36.80552],[-76.22753,36.80265],[-76.24119,36.79278],[-76.2517,36.78718],[-76.25603,36.80121],[-76.2558,36.806],[-76.25252,36.80627],[-76.25247,36.80503],[-76.2448,36.80943],[-76.24275,36.81116],[-76.24401,36.81445],[-76.25244,36.81636],[-76.252,36.81749],[-76.25747,36.82076],[-76.24553,36.83317]]]}},{"type":"Feature","properties":{"zcta":"23898","d":20},"geometry":{"type":"Polygon","coordinates":[[[-76.81543,36.90546],[-76.81472,36.90054],[-76.81891,36.89694],[-76.81834,36.89384],[-76.81931,36.89273],[-76.82183,36.89138],[-76.8251,36.89094],[-76.82702,36.88761],[-76.82584,36.88559],[-76.82277,36.88375],[-76.82069,36.88368],[-76.81764,36.88197],[-76.81973,36.87919],[-76.81679,36.87722],[-76.81392,36.87769],[-76.81177,36.87698],[-76.81055,36.88139],[-76.80901,36.88372],[-76.80939,36.88709],[-76.80599,36.88887],[-76.7961,36.89129],[-76.79414,36.88328],[-76.79036,36.88263],[-76.78903,36.8836],[-76.78293,36.88334],[-76.78129,36.88161],[-76.77819,36.88059],[-76.77562,36.87839],[-76.77565,36.87715],[-76.7786,36.87275],[-76.77942,36.86967],[-76.77941,36.86454],[-76.77723,36.86119],[-76.78028,36.86086],[-76.77883,36.85822],[-76.77948,36.85633],[-76.77605,36.85557],[-76.77674,36.85247],[-76.7812,36.85265],[-76.7821,36.84472],[-76.77906,36.84263],[-76.77892,36.83968],[-76.77509,36.83988],[-76.7719,36.8376],[-76.77225,36.83475],[-76.78153,36.82999],[-76.79135,36.82938],[-76.79348,36.8281],[-76.79586,36.82839],[-76.80099,36.82726],[-76.80541,36.82686],[-76.80466,36.82519],[-76.80461,36.81924],[-76.8025,36.81324],[-76.79553,36.81556],[-76.79088,36.81653],[-76.78893,36.81126],[-76.79168,36.80966],[-76.79113,36.80493],[-76.79312,36.80125],[-76.79574,36.80007],[-76.79461,36.79728],[-76.79922,36.79215],[-76.8039,36.79015],[-76.80759,36.78939],[-76.81109,36.78785],[-76.81559,36.78917],[-76.8194,36.78779],[-76.82045,36.78609],[-76.82249,36.78646],[-76.82595,36.78435],[-76.82968,36.78435],[-76.83294,36.78348],[-76.83733,36.78427],[-76.83897,36.78301],[-76.8433,36.78245],[-76.84302,36.78121],[-76.84507,36.77931],[-76.84495,36.7779],[-76.84754,36.77601],[-76.84935,36.77609],[-76.85305,36.77399],[-76.85456,36.77497],[-76.858,36.77518],[-76.85944,36.77818],[-76.86136,36.77897],[-76.86805,36.7747],[-76.87033,36.77404],[-76.86961,36.77732],[-76.8709,36.78005],[-76.87328,36.78183],[-76.87302,36.7837],[-76.8776,36.78249],[-76.87988,36.78104],[-76.88423,36.78079],[-76.88695,36.77685],[-76.88562,36.77659],[-76.88506,36.77544],[-76.88788,36.77402],[-76.88939,36.77154],[-76.88815,36.77397],[-76.88518,36.77556],[-76.88688,36.77643],[-76.88707,36.77746],[-76.88647,36.77796],[-76.88656,36.78368],[-76.88412,36.78774],[-76.88779,36.78967],[-76.88759,36.79151],[-76.89007,36.79282],[-76.8943,36.78983],[-76.89156,36.78521],[-76.89389,36.78047],[-76.89813,36.77617],[-76.89963,36.77168],[-76.9015,36.76898],[-76.91198,36.76649],[-76.91549,36.77161],[-76.91788,36.77387],[-76.91646,36.77951],[-76.92022,36.78007],[-76.92315,36.77491],[-76.92427,36.77449],[-76.92648,36.77802],[-76.93292,36.77985],[-76.93645,36.77879],[-76.9455,36.77745],[-76.95057,36.77761],[-76.95609,36.77984],[-76.96462,36.78121],[-76.96358,36.78597],[-76.96359,36.79357],[-76.95767,36.79549],[-76.95444,36.79858],[-76.94847,36.79929],[-76.94536,36.80071],[-76.94456,36.79974],[-76.94099,36.80125],[-76.93643,36.80155],[-76.93554,36.80387],[-76.93297,36.8032],[-76.93161,36.80543],[-76.92756,36.80489],[-76.92355,36.80333],[-76.92032,36.80125],[-76.91917,36.79724],[-76.91591,36.79998],[-76.91776,36.80756],[-76.91742,36.81357],[-76.92149,36.81383],[-76.91904,36.81648],[-76.91891,36.81889],[-76.92101,36.8223],[-76.9232,36.82381],[-76.91953,36.82626],[-76.91322,36.8289],[-76.90895,36.8317],[-76.90427,36.83276],[-76.90193,36.83445],[-76.90213,36.83699],[-76.9072,36.84328],[-76.90728,36.84572],[-76.90979,36.84658],[-76.91489,36.84441],[-76.91795,36.85002],[-76.91988,36.85107],[-76.92014,36.85299],[-76.91874,36.85525],[-76.91941,36.8577],[-76.92122,36.85903],[-76.9185,36.85893],[-76.90459,36.86005],[-76.9047,36.86211],[-76.90701,36.86816],[-76.90868,36.87409],[-76.89651,36.87561],[-76.89552,36.87007],[-76.89362,36.87101],[-76.89182,36.8701],[-76.87457,36.86431],[-76.86543,36.86795],[-76.86413,36.8665],[-76.86132,36.86985],[-76.85947,36.86931],[-76.85921,36.86648],[-76.85633,36.86489],[-76.8501,36.86685],[-76.85935,36.87262],[-76.85987,36.87597],[-76.86334,36.87986],[-76.8618,36.88437],[-76.85285,36.87852],[-76.85099,36.87921],[-76.84785,36.87863],[-76.84498,36.87626],[-76.84238,36.8752],[-76.83738,36.88111],[-76.83317,36.88233],[-76.83472,36.88637],[-76.83468,36.89014],[-76.82835,36.88875],[-76.82561,36.89139],[-76.82204,36.89156],[-76.82243,36.89249],[-76.81947,36.89304],[-76.81964,36.8967],[-76.81741,36.89846],[-76.81645,36.9011],[-76.81513,36.90033],[-76.81569,36.90523],[-76.81682,36.90627],[-76.81543,36.90546]]]}},{"type":"Feature","properties":{"zcta":"23061","d":66},"geometry":{"type":"Polygon","coordinates":[[[-76.43815,37.51151],[-76.44046,37.50988],[-76.44256,37.51016],[-76.44613,37.51254],[-76.44959,37.51369],[-76.45044,37.51029],[-76.44631,37.50651],[-76.44533,37.50424],[-76.44577,37.50175],[-76.45238,37.49707],[-76.45891,37.498],[-76.46745,37.49453],[-76.46924,37.49475],[-76.46584,37.49215],[-76.46406,37.48993],[-76.45911,37.48885],[-76.45765,37.48791],[-76.45643,37.48514],[-76.45737,37.48201],[-76.46466,37.47677],[-76.45991,37.475],[-76.45777,37.47517],[-76.45845,37.47231],[-76.45537,37.46789],[-76.45507,37.46646],[-76.44654,37.46509],[-76.44701,37.46253],[-76.4462,37.46036],[-76.44413,37.45967],[-76.44474,37.45754],[-76.44304,37.45665],[-76.44233,37.45205],[-76.44836,37.44985],[-76.44872,37.44814],[-76.44533,37.4453],[-76.44681,37.44259],[-76.44426,37.43911],[-76.44798,37.43656],[-76.4464,37.43344],[-76.44937,37.43184],[-76.4499,37.42799],[-76.44803,37.4239],[-76.44794,37.42006],[-76.44474,37.41854],[-76.43222,37.41651],[-76.41939,37.4141],[-76.41453,37.41359],[-76.4161,37.4093],[-76.41503,37.4059],[-76.41517,37.40213],[-76.41872,37.3978],[-76.41634,37.39401],[-76.41574,37.39039],[-76.41603,37.38635],[-76.41491,37.3798],[-76.41732,37.37955],[-76.41652,37.37767],[-76.41231,37.37492],[-76.40972,37.37479],[-76.40933,37.37012],[-76.40986,37.36868],[-76.41453,37.36835],[-76.41822,37.37202],[-76.42062,37.37293],[-76.4235,37.37568],[-76.42394,37.37805],[-76.4287,37.38154],[-76.43752,37.37975],[-76.45104,37.38126],[-76.45092,37.38683],[-76.45484,37.38815],[-76.46102,37.3874],[-76.46364,37.38523],[-76.46506,37.38183],[-76.4672,37.37984],[-76.46803,37.37654],[-76.46732,37.37323],[-76.46958,37.37059],[-76.46732,37.36672],[-76.46506,37.36606],[-76.45972,37.36247],[-76.45865,37.35973],[-76.45651,37.35935],[-76.44902,37.36086],[-76.44688,37.36199],[-76.44641,37.36492],[-76.44415,37.36653],[-76.43497,37.35452],[-76.42542,37.35063],[-76.42648,37.34857],[-76.42378,37.34544],[-76.41705,37.34159],[-76.4147,37.33968],[-76.41349,37.34055],[-76.41234,37.34496],[-76.41013,37.34416],[-76.41147,37.34102],[-76.40885,37.33932],[-76.40368,37.33866],[-76.40267,37.3361],[-76.40639,37.33292],[-76.40469,37.33167],[-76.4059,37.32992],[-76.41242,37.33356],[-76.41527,37.33167],[-76.41634,37.32931],[-76.41337,37.32562],[-76.41135,37.32449],[-76.41289,37.3226],[-76.41693,37.32052],[-76.42002,37.32175],[-76.42145,37.32061],[-76.42549,37.32326],[-76.4331,37.32241],[-76.43464,37.32382],[-76.43714,37.32411],[-76.43833,37.31949],[-76.44711,37.32221],[-76.45112,37.32196],[-76.46439,37.31717],[-76.46596,37.3172],[-76.47413,37.32235],[-76.47459,37.3259],[-76.48107,37.32535],[-76.47906,37.32734],[-76.48568,37.32892],[-76.48956,37.33074],[-76.49464,37.32986],[-76.49873,37.32422],[-76.50654,37.32144],[-76.50747,37.33281],[-76.51095,37.33955],[-76.51917,37.34035],[-76.52291,37.34559],[-76.52493,37.34531],[-76.5294,37.34693],[-76.53486,37.34748],[-76.54332,37.34649],[-76.54895,37.35016],[-76.55173,37.34639],[-76.55747,37.34322],[-76.55739,37.33784],[-76.55934,37.3361],[-76.56206,37.33672],[-76.56295,37.33374],[-76.56814,37.33187],[-76.5688,37.32909],[-76.57335,37.32664],[-76.57527,37.32249],[-76.56968,37.31775],[-76.57137,37.3089],[-76.57403,37.30866],[-76.58105,37.30688],[-76.5862,37.30268],[-76.59075,37.30592],[-76.60071,37.31404],[-76.61053,37.32478],[-76.61348,37.32968],[-76.61632,37.33309],[-76.62468,37.34031],[-76.62938,37.34699],[-76.63728,37.3556],[-76.63965,37.35886],[-76.64745,37.37152],[-76.64952,37.37428],[-76.65865,37.38014],[-76.66233,37.3834],[-76.66803,37.39089],[-76.67237,37.39588],[-76.69888,37.41911],[-76.7123,37.43131],[-76.7063,37.43718],[-76.70413,37.44054],[-76.70333,37.44463],[-76.70472,37.44803],[-76.70214,37.45052],[-76.69907,37.45097],[-76.69123,37.44758],[-76.68701,37.44788],[-76.68586,37.44982],[-76.68528,37.45338],[-76.68009,37.45733],[-76.67399,37.46132],[-76.67045,37.45978],[-76.66924,37.45616],[-76.66742,37.45553],[-76.66158,37.45867],[-76.66267,37.46134],[-76.6551,37.4687],[-76.65403,37.47153],[-76.65552,37.47381],[-76.65248,37.47236],[-76.65127,37.47312],[-76.65189,37.4766],[-76.64914,37.47684],[-76.6513,37.47866],[-76.65152,37.48074],[-76.6496,37.48163],[-76.64924,37.47956],[-76.64709,37.48069],[-76.64585,37.48525],[-76.64347,37.48647],[-76.63975,37.48535],[-76.63592,37.48654],[-76.63261,37.48645],[-76.62357,37.4917],[-76.62285,37.49568],[-76.61861,37.50378],[-76.61154,37.5124],[-76.6116,37.52043],[-76.61721,37.5218],[-76.61605,37.52494],[-76.62205,37.52665],[-76.62167,37.52798],[-76.61701,37.52647],[-76.61827,37.52995],[-76.61518,37.53357],[-76.61073,37.53518],[-76.6112,37.53684],[-76.60927,37.53888],[-76.61072,37.54157],[-76.60958,37.54501],[-76.60753,37.54643],[-76.60852,37.54952],[-76.60045,37.5516],[-76.59953,37.55357],[-76.59962,37.55855],[-76.59857,37.56027],[-76.60621,37.5649],[-76.6017,37.56643],[-76.59753,37.57174],[-76.59019,37.57393],[-76.58844,37.57318],[-76.587,37.57579],[-76.58778,37.5782],[-76.58262,37.57851],[-76.58092,37.57567],[-76.57642,37.57519],[-76.57493,37.57379],[-76.5762,37.57164],[-76.57435,37.57023],[-76.57598,37.56975],[-76.57353,37.56295],[-76.57008,37.56144],[-76.5682,37.56237],[-76.5659,37.56175],[-76.56168,37.56202],[-76.55663,37.55966],[-76.55778,37.55654],[-76.55593,37.55505],[-76.55291,37.55585],[-76.5536,37.55858],[-76.5507,37.56123],[-76.55208,37.56637],[-76.54794,37.56788],[-76.54576,37.56511],[-76.54302,37.56427],[-76.54257,37.55917],[-76.53431,37.55863],[-76.52977,37.55636],[-76.52731,37.55432],[-76.52614,37.55054],[-76.522,37.54831],[-76.51199,37.54874],[-76.50727,37.54751],[-76.50314,37.54349],[-76.49982,37.53723],[-76.49566,37.53721],[-76.48761,37.53626],[-76.48122,37.53622],[-76.47576,37.53329],[-76.47269,37.53069],[-76.47013,37.52967],[-76.46436,37.52867],[-76.46219,37.52741],[-76.45626,37.52093],[-76.45328,37.51998],[-76.44398,37.51586],[-76.43756,37.51436],[-76.43815,37.51151]]]}},{"type":"Feature","properties":{"zcta":"23437","d":21},"geometry":{"type":"Polygon","coordinates":[[[-76.82727,36.69527],[-76.81464,36.70573],[-76.79319,36.71946],[-76.75581,36.74605],[-76.74653,36.74487],[-76.74625,36.74296],[-76.74757,36.73661],[-76.74991,36.7316],[-76.7537,36.72582],[-76.74817,36.72567],[-76.74188,36.72994],[-76.74093,36.7325],[-76.73595,36.72486],[-76.72522,36.72711],[-76.72898,36.72385],[-76.73592,36.72338],[-76.73828,36.71455],[-76.74081,36.71044],[-76.73379,36.7078],[-76.72409,36.70645],[-76.71317,36.70276],[-76.71204,36.70187],[-76.70932,36.69355],[-76.70143,36.69519],[-76.70416,36.6907],[-76.70541,36.68575],[-76.70149,36.66944],[-76.70149,36.66427],[-76.69633,36.66898],[-76.69577,36.67255],[-76.69341,36.67184],[-76.6897,36.67207],[-76.68921,36.66582],[-76.695,36.65436],[-76.69035,36.65072],[-76.69433,36.64652],[-76.69273,36.64221],[-76.69147,36.64124],[-76.68527,36.63949],[-76.68198,36.63913],[-76.68038,36.64169],[-76.67614,36.64112],[-76.66964,36.63502],[-76.66712,36.6334],[-76.67221,36.63465],[-76.67663,36.63279],[-76.67852,36.62563],[-76.67926,36.62526],[-76.69567,36.6248],[-76.69554,36.62611],[-76.70124,36.62837],[-76.70234,36.62752],[-76.70472,36.62859],[-76.70915,36.62542],[-76.7097,36.62105],[-76.71448,36.62116],[-76.71714,36.62249],[-76.71857,36.61988],[-76.71958,36.62033],[-76.72126,36.61671],[-76.73021,36.61715],[-76.73075,36.61515],[-76.73449,36.615],[-76.73638,36.61273],[-76.7386,36.61187],[-76.74129,36.60477],[-76.74405,36.60072],[-76.74452,36.59759],[-76.74342,36.59716],[-76.74582,36.59266],[-76.74509,36.59088],[-76.75061,36.58252],[-76.75097,36.57708],[-76.75283,36.57431],[-76.75925,36.57272],[-76.76194,36.57373],[-76.76325,36.57653],[-76.76741,36.57568],[-76.7684,36.57264],[-76.77272,36.57097],[-76.77477,36.56949],[-76.78196,36.56991],[-76.78825,36.56935],[-76.79086,36.5704],[-76.79295,36.56932],[-76.79528,36.56977],[-76.80414,36.56856],[-76.80674,36.56716],[-76.80759,36.56554],[-76.80355,36.55835],[-76.81118,36.55915],[-76.81603,36.55447],[-76.81948,36.5571],[-76.82213,36.55741],[-76.82475,36.5556],[-76.82699,36.55525],[-76.83099,36.55628],[-76.83079,36.55877],[-76.83198,36.55967],[-76.82881,36.56299],[-76.83023,36.56528],[-76.83162,36.5653],[-76.83831,36.55905],[-76.84268,36.55742],[-76.846,36.55847],[-76.84841,36.55728],[-76.84446,36.55324],[-76.84159,36.55197],[-76.8423,36.55109],[-76.9159,36.55209],[-76.917,36.5545],[-76.91963,36.55461],[-76.92054,36.55585],[-76.92346,36.5558],[-76.92622,36.55773],[-76.93094,36.55957],[-76.92765,36.56239],[-76.92774,36.56879],[-76.92614,36.57195],[-76.92418,36.57291],[-76.918,36.57257],[-76.91759,36.57389],[-76.92084,36.57613],[-76.92025,36.57761],[-76.91245,36.57709],[-76.90948,36.57917],[-76.91021,36.58943],[-76.90946,36.59192],[-76.91247,36.60268],[-76.9083,36.60839],[-76.90731,36.61212],[-76.90839,36.61451],[-76.91186,36.61711],[-76.91096,36.61923],[-76.90764,36.61991],[-76.90209,36.62256],[-76.9,36.62046],[-76.89847,36.62144],[-76.89808,36.62391],[-76.89388,36.62571],[-76.89134,36.63045],[-76.89506,36.63571],[-76.89568,36.64206],[-76.89759,36.64405],[-76.85565,36.67444],[-76.82727,36.69527]]]}},{"type":"Feature","properties":{"zcta":"23163","d":51},"geometry":{"type":"Polygon","coordinates":[[[-76.27306,37.35357],[-76.27754,37.35175],[-76.27774,37.35058],[-76.2837,37.35059],[-76.28927,37.34792],[-76.29621,37.34877],[-76.29764,37.34995],[-76.29832,37.35297],[-76.30402,37.35838],[-76.31214,37.36414],[-76.31453,37.34935],[-76.31794,37.34958],[-76.31751,37.35276],[-76.32062,37.35326],[-76.31795,37.36196],[-76.31602,37.36255],[-76.31417,37.36558],[-76.3151,37.36665],[-76.31149,37.3683],[-76.31096,37.3669],[-76.30732,37.36789],[-76.30657,37.36896],[-76.30379,37.36864],[-76.30302,37.36688],[-76.30512,37.36523],[-76.30121,37.36603],[-76.29998,37.36319],[-76.30016,37.36085],[-76.29643,37.36193],[-76.29434,37.36117],[-76.29391,37.35922],[-76.29144,37.36119],[-76.29046,37.36002],[-76.29308,37.35517],[-76.29188,37.35542],[-76.28854,37.36009],[-76.28677,37.36043],[-76.28505,37.35901],[-76.28195,37.35912],[-76.27219,37.35534],[-76.27306,37.35357]]]}},{"type":"Feature","properties":{"zcta":"23603","d":230},"geometry":{"type":"Polygon","coordinates":[[[-76.59787,37.17825],[-76.5954,37.17842],[-76.5903,37.18151],[-76.58699,37.18021],[-76.58435,37.18106],[-76.58457,37.18258],[-76.58122,37.18251],[-76.58045,37.18552],[-76.57834,37.18646],[-76.57956,37.18869],[-76.57799,37.19048],[-76.58017,37.19075],[-76.57998,37.19267],[-76.58318,37.19297],[-76.58337,37.19514],[-76.58547,37.20082],[-76.59092,37.2064],[-76.59186,37.20978],[-76.5913,37.21321],[-76.59312,37.21425],[-76.59323,37.21605],[-76.58478,37.21303],[-76.58304,37.21652],[-76.56938,37.21652],[-76.56519,37.22054],[-76.53399,37.18543],[-76.52657,37.17707],[-76.53308,37.17779],[-76.54356,37.1759],[-76.54918,37.17572],[-76.55879,37.17301],[-76.57095,37.17203],[-76.56914,37.1746],[-76.56968,37.17571],[-76.57159,37.17177],[-76.57328,37.17068],[-76.5772,37.16548],[-76.58129,37.16367],[-76.58659,37.165],[-76.58448,37.16665],[-76.57925,37.16776],[-76.57778,37.17036],[-76.58943,37.17413],[-76.5921,37.1733],[-76.6007,37.17521],[-76.59787,37.17825]]]}},{"type":"Feature","properties":{"zcta":"23451","d":1217},"geometry":{"type":"Polygon","coordinates":[[[-76.09048,36.90781],[-76.0862,36.91094],[-76.08262,36.91218],[-76.07058,36.91427],[-76.05815,36.91695],[-76.05057,36.92227],[-76.04159,36.92988],[-76.03833,36.93123],[-76.03345,36.93195],[-76.02665,36.93215],[-76.01375,36.93075],[-76.00755,36.92905],[-75.99625,36.92205],[-75.99232,36.91598],[-75.98997,36.90535],[-75.97215,36.84227],[-75.96545,36.81245],[-75.96314,36.80499],[-75.97137,36.8032],[-75.9732,36.79937],[-75.97225,36.79323],[-75.97415,36.79325],[-75.97989,36.79151],[-75.97957,36.79098],[-75.98698,36.7881],[-75.9934,36.7901],[-75.99717,36.78959],[-75.99589,36.79201],[-75.99333,36.79963],[-75.99622,36.80894],[-75.99801,36.8129],[-76.00034,36.81347],[-75.99999,36.81654],[-75.99839,36.81681],[-75.99985,36.82093],[-76.00222,36.82059],[-76.0032,36.82392],[-76.00072,36.82432],[-76.00435,36.82925],[-76.00456,36.83554],[-76.00419,36.83943],[-76.00199,36.84371],[-76.00388,36.8474],[-76.01034,36.84784],[-76.0208,36.84577],[-76.02211,36.85086],[-76.032,36.84891],[-76.03258,36.85073],[-76.02898,36.85095],[-76.02856,36.85488],[-76.02481,36.85531],[-76.02279,36.85338],[-76.02316,36.8553],[-76.02062,36.85685],[-76.02043,36.8585],[-76.0185,36.85835],[-76.01688,36.86225],[-76.01388,36.86366],[-76.01345,36.86895],[-76.01025,36.87075],[-76.01165,36.88655],[-76.01515,36.88765],[-76.02065,36.89215],[-76.02475,36.89425],[-76.03015,36.89895],[-76.03114,36.90127],[-76.06056,36.90211],[-76.07651,36.90394],[-76.08619,36.90442],[-76.08906,36.90207],[-76.09154,36.90788],[-76.09048,36.90781]]]}},{"type":"Feature","properties":{"zcta":"23168","d":194},"geometry":{"type":"Polygon","coordinates":[[[-76.87152,37.34123],[-76.87535,37.34874],[-76.87956,37.35048],[-76.87661,37.35415],[-76.87168,37.36286],[-76.87384,37.36598],[-76.87468,37.36861],[-76.87634,37.37026],[-76.88008,37.37019],[-76.88041,37.37279],[-76.8749,37.37654],[-76.87142,37.37664],[-76.86462,37.37843],[-76.85627,37.37533],[-76.85612,37.38032],[-76.85678,37.38184],[-76.85167,37.38636],[-76.84814,37.38497],[-76.84424,37.38557],[-76.83984,37.38744],[-76.84181,37.38877],[-76.84365,37.3871],[-76.84675,37.38707],[-76.85168,37.39341],[-76.85507,37.39403],[-76.85475,37.39527],[-76.87311,37.40304],[-76.87085,37.40395],[-76.86766,37.40669],[-76.86591,37.40704],[-76.86309,37.41107],[-76.87126,37.41358],[-76.87744,37.41796],[-76.88404,37.42126],[-76.88625,37.42327],[-76.88202,37.42766],[-76.88137,37.4294],[-76.87742,37.42887],[-76.87344,37.42948],[-76.86961,37.43489],[-76.87017,37.43913],[-76.86855,37.4411],[-76.86681,37.44134],[-76.86,37.44681],[-76.85443,37.44808],[-76.85295,37.44751],[-76.8495,37.44838],[-76.84485,37.44751],[-76.83973,37.44886],[-76.83023,37.44962],[-76.82695,37.44889],[-76.82413,37.45073],[-76.81928,37.449],[-76.81735,37.44935],[-76.81474,37.4475],[-76.81043,37.44572],[-76.80816,37.44551],[-76.8059,37.44337],[-76.80248,37.44164],[-76.79786,37.43807],[-76.7951,37.43779],[-76.7921,37.43545],[-76.78773,37.43796],[-76.78357,37.43761],[-76.77689,37.43392],[-76.78065,37.43354],[-76.78138,37.43266],[-76.78048,37.42971],[-76.78119,37.42603],[-76.78457,37.42103],[-76.78767,37.42233],[-76.79119,37.427],[-76.79338,37.42727],[-76.79589,37.42168],[-76.79903,37.41871],[-76.80144,37.41773],[-76.80102,37.41322],[-76.78977,37.40721],[-76.78081,37.40094],[-76.78227,37.39554],[-76.7723,37.3923],[-76.77062,37.39126],[-76.78343,37.3956],[-76.78767,37.39163],[-76.78938,37.38661],[-76.7887,37.38463],[-76.78951,37.38158],[-76.7829,37.37974],[-76.79503,37.37995],[-76.79578,37.37684],[-76.78749,37.37689],[-76.78749,37.37439],[-76.78875,37.37151],[-76.79438,37.36778],[-76.79423,37.36528],[-76.79532,37.3602],[-76.79707,37.35843],[-76.79493,37.35698],[-76.79885,37.35324],[-76.80135,37.35224],[-76.80272,37.34986],[-76.80891,37.34922],[-76.81524,37.34696],[-76.82041,37.34371],[-76.81938,37.34197],[-76.82165,37.34078],[-76.8218,37.33841],[-76.82762,37.33764],[-76.83043,37.34013],[-76.83182,37.33906],[-76.83411,37.34015],[-76.83699,37.33876],[-76.83874,37.339],[-76.84302,37.33526],[-76.84376,37.33753],[-76.84543,37.33715],[-76.8462,37.33422],[-76.8499,37.3324],[-76.85157,37.33304],[-76.85394,37.33633],[-76.85902,37.33668],[-76.86185,37.3346],[-76.86914,37.33496],[-76.87175,37.33616],[-76.8723,37.33844],[-76.87152,37.34123]],[[-76.79047,37.39836],[-76.78899,37.40133],[-76.79046,37.40173],[-76.79189,37.39899],[-76.79047,37.39836]]]}},{"type":"Feature","properties":{"zcta":"27950","d":31},"geometry":{"type":"Polygon","coordinates":[[[-76.12235,36.55049],[-76.0451,36.55052],[-75.99775,36.55045],[-75.92205,36.55065],[-75.90688,36.55065],[-75.90844,36.54608],[-75.90751,36.54396],[-75.90511,36.54201],[-75.90458,36.5319],[-75.90474,36.52925],[-75.90651,36.52638],[-75.90738,36.52329],[-75.90784,36.51679],[-75.90708,36.51201],[-75.89466,36.49998],[-75.89416,36.49647],[-75.8961,36.48977],[-75.9015,36.48292],[-75.90728,36.48581],[-75.91307,36.48634],[-75.91728,36.48581],[-75.92413,36.48212],[-75.92733,36.48282],[-75.93547,36.4906],[-75.95461,36.49146],[-75.96115,36.49479],[-75.97255,36.49467],[-75.97522,36.48803],[-75.97689,36.48756],[-75.9891,36.49514],[-75.98242,36.50426],[-75.981,36.51133],[-75.98623,36.52566],[-75.99621,36.52814],[-75.99882,36.53444],[-76.00263,36.53711],[-76.03067,36.53883],[-76.03186,36.53253],[-76.02616,36.52375],[-76.02639,36.51649],[-76.04256,36.51057],[-76.04014,36.50463],[-76.07233,36.50392],[-76.07282,36.50825],[-76.07623,36.51264],[-76.08687,36.51298],[-76.09471,36.5181],[-76.0918,36.52292],[-76.09189,36.52488],[-76.09412,36.5261],[-76.10059,36.52596],[-76.1019,36.52954],[-76.10397,36.53197],[-76.10765,36.53223],[-76.1126,36.53147],[-76.11779,36.52711],[-76.12024,36.52653],[-76.12383,36.5271],[-76.12478,36.5293],[-76.12175,36.5324],[-76.12462,36.53512],[-76.12864,36.53722],[-76.13156,36.53738],[-76.13393,36.53368],[-76.13694,36.53283],[-76.1399,36.53582],[-76.14747,36.53487],[-76.15006,36.53753],[-76.15451,36.53994],[-76.152,36.54213],[-76.15131,36.54643],[-76.15284,36.54818],[-76.15174,36.55048],[-76.12235,36.55049]]]}},{"type":"Feature","properties":{"zcta":"23702","d":2003},"geometry":{"type":"Polygon","coordinates":[[[-76.32986,36.81588],[-76.32934,36.8146],[-76.32523,36.81472],[-76.32302,36.81555],[-76.31801,36.8128],[-76.31604,36.80792],[-76.31272,36.80616],[-76.30987,36.80594],[-76.30903,36.80349],[-76.30706,36.80334],[-76.30551,36.80051],[-76.3031,36.8006],[-76.30145,36.79911],[-76.30297,36.79785],[-76.32004,36.79514],[-76.32264,36.79418],[-76.32881,36.793],[-76.34207,36.79103],[-76.345,36.7937],[-76.34912,36.79637],[-76.35012,36.79829],[-76.34273,36.79868],[-76.34165,36.80048],[-76.33376,36.80077],[-76.33195,36.80298],[-76.33452,36.80395],[-76.33555,36.80874],[-76.34308,36.80897],[-76.34474,36.81161],[-76.34049,36.81172],[-76.33912,36.81291],[-76.33905,36.81574],[-76.33684,36.81585],[-76.32986,36.81588]]]}},{"type":"Feature","properties":{"zcta":"23062","d":964},"geometry":{"type":"Polygon","coordinates":[[[-76.52012,37.26641],[-76.50526,37.27006],[-76.50411,37.26841],[-76.50263,37.26888],[-76.50077,37.2648],[-76.49575,37.26699],[-76.49698,37.26834],[-76.49311,37.26852],[-76.49229,37.26505],[-76.48834,37.26576],[-76.48683,37.26314],[-76.48479,37.26161],[-76.48095,37.26045],[-76.47784,37.25738],[-76.48143,37.25367],[-76.48284,37.25483],[-76.48603,37.25269],[-76.4933,37.24947],[-76.49881,37.24866],[-76.5063,37.24339],[-76.51259,37.24637],[-76.51606,37.24875],[-76.52028,37.25458],[-76.52689,37.26053],[-76.5295,37.26376],[-76.52012,37.26641]]]}},{"type":"Feature","properties":{"zcta":"23661","d":1404},"geometry":{"type":"Polygon","coordinates":[[[-76.41392,37.0151],[-76.40984,37.01828],[-76.40384,37.01877],[-76.40452,37.02329],[-76.40058,37.02317],[-76.3972,37.02554],[-76.39687,37.02285],[-76.39424,37.01661],[-76.39354,37.01268],[-76.38831,37.01457],[-76.38634,37.01606],[-76.38561,37.01424],[-76.38408,37.0167],[-76.37805,37.02099],[-76.37636,37.01889],[-76.36585,37.02575],[-76.36327,37.02498],[-76.36352,37.02226],[-76.36495,37.02039],[-76.36203,37.01913],[-76.35919,37.01656],[-76.35844,37.01057],[-76.35971,37.00892],[-76.35941,37.00629],[-76.35614,37.00714],[-76.35661,37.00292],[-76.36215,37.00239],[-76.37748,36.99698],[-76.38337,36.99335],[-76.38771,36.98967],[-76.39535,36.99548],[-76.39657,36.99444],[-76.40127,36.99724],[-76.39963,36.99109],[-76.40502,36.9936],[-76.41122,37.00359],[-76.4144,37.00872],[-76.41174,37.00948],[-76.41233,37.01092],[-76.41449,37.01036],[-76.41566,37.01259],[-76.41392,37.0151]]]}},{"type":"Feature","properties":{"zcta":"27979","d":9},"geometry":{"type":"Polygon","coordinates":[[[-76.67076,36.4601],[-76.67142,36.46511],[-76.66962,36.46825],[-76.65967,36.46604],[-76.65118,36.46723],[-76.63892,36.4682],[-76.63612,36.46955],[-76.63479,36.47184],[-76.63258,36.47295],[-76.62646,36.47247],[-76.62331,36.4713],[-76.62088,36.47371],[-76.62197,36.47613],[-76.62002,36.47676],[-76.61368,36.48213],[-76.60851,36.4833],[-76.60802,36.48268],[-76.6034,36.48419],[-76.6049,36.48806],[-76.60025,36.4874],[-76.60005,36.49075],[-76.59282,36.48861],[-76.59215,36.48525],[-76.58949,36.48421],[-76.5837,36.48335],[-76.57989,36.46198],[-76.57866,36.45848],[-76.57382,36.46038],[-76.57162,36.45921],[-76.5693,36.45965],[-76.56778,36.46379],[-76.56264,36.4688],[-76.56608,36.47468],[-76.56727,36.47882],[-76.57656,36.48562],[-76.56937,36.50353],[-76.56928,36.5054],[-76.55551,36.50676],[-76.55279,36.50992],[-76.54961,36.51027],[-76.5419,36.51012],[-76.52736,36.51144],[-76.50865,36.51336],[-76.49671,36.51493],[-76.49134,36.51068],[-76.4914,36.46865],[-76.45371,36.37809],[-76.49376,36.36834],[-76.49478,36.37719],[-76.49477,36.39129],[-76.49426,36.40208],[-76.4967,36.40569],[-76.50722,36.4044],[-76.52931,36.4053],[-76.54102,36.40752],[-76.54293,36.39899],[-76.5453,36.39493],[-76.55079,36.39636],[-76.5649,36.3972],[-76.56719,36.39819],[-76.56427,36.38154],[-76.56602,36.38254],[-76.5695,36.38228],[-76.57516,36.38365],[-76.58086,36.38402],[-76.58674,36.38776],[-76.58847,36.38987],[-76.59156,36.39048],[-76.59989,36.39565],[-76.6,36.39753],[-76.6023,36.39911],[-76.60083,36.40373],[-76.59839,36.40394],[-76.59496,36.40681],[-76.59545,36.40868],[-76.59946,36.41345],[-76.60414,36.41246],[-76.60298,36.40643],[-76.60516,36.39907],[-76.60723,36.39472],[-76.62283,36.39787],[-76.62017,36.39515],[-76.62088,36.39074],[-76.62354,36.39191],[-76.62717,36.39087],[-76.6308,36.39275],[-76.63773,36.39087],[-76.6411,36.39249],[-76.64287,36.39461],[-76.65965,36.39554],[-76.6629,36.39632],[-76.66599,36.3996],[-76.668,36.39985],[-76.66953,36.40212],[-76.6682,36.40729],[-76.66987,36.40786],[-76.66862,36.40951],[-76.66478,36.41159],[-76.67215,36.41812],[-76.67352,36.41704],[-76.67946,36.41527],[-76.68387,36.41596],[-76.68972,36.41777],[-76.69582,36.41811],[-76.70059,36.41675],[-76.69846,36.41846],[-76.6946,36.42646],[-76.68671,36.42403],[-76.68632,36.42095],[-76.68233,36.42194],[-76.67315,36.42341],[-76.67046,36.42547],[-76.67346,36.42762],[-76.6727,36.43135],[-76.67057,36.43231],[-76.66958,36.43804],[-76.6638,36.44085],[-76.66329,36.44276],[-76.65969,36.44225],[-76.65266,36.44292],[-76.64977,36.44239],[-76.64704,36.44325],[-76.64495,36.44268],[-76.64271,36.44347],[-76.63797,36.44055],[-76.62959,36.44033],[-76.62777,36.4397],[-76.6243,36.44457],[-76.64032,36.44941],[-76.6661,36.45256],[-76.66791,36.45418],[-76.6694,36.45722],[-76.67182,36.45941],[-76.67076,36.4601]]]}},{"type":"Feature","properties":{"zcta":"23551","d":0},"geometry":{"type":"MultiPolygon","coordinates":[[[[-76.27811,36.9207],[-76.2793,36.92094],[-76.29419,36.91935],[-76.29229,36.92499],[-76.29467,36.92672],[-76.29379,36.92764],[-76.29623,36.92931],[-76.29402,36.9312],[-76.29234,36.93039],[-76.27811,36.9207]]],[[[-76.30497,36.92258],[-76.30722,36.92367],[-76.30258,36.92555],[-76.30159,36.92228],[-76.29753,36.92208],[-76.29717,36.91985],[-76.30429,36.91891],[-76.30497,36.92258]]]]}},{"type":"Feature","properties":{"zcta":"23314","d":244},"geometry":{"type":"Polygon","coordinates":[[[-76.56482,36.99651],[-76.57048,36.99942],[-76.56788,37.00318],[-76.56292,37.0038],[-76.55693,37.00201],[-76.55125,36.99895],[-76.5454,36.99357],[-76.5435,36.99081],[-76.54065,36.98825],[-76.53411,36.98521],[-76.52485,36.98383],[-76.52297,36.98109],[-76.52414,36.97832],[-76.52101,36.97319],[-76.51759,36.97183],[-76.51336,36.96806],[-76.50035,36.96521],[-76.49596,36.96499],[-76.48919,36.95967],[-76.48646,36.95654],[-76.48756,36.95237],[-76.48553,36.93858],[-76.48705,36.9385],[-76.48943,36.94049],[-76.49525,36.94144],[-76.49917,36.93755],[-76.49988,36.93365],[-76.49976,36.92938],[-76.49774,36.92681],[-76.49691,36.92415],[-76.49517,36.9225],[-76.50043,36.91463],[-76.50284,36.91331],[-76.50841,36.91199],[-76.51588,36.90899],[-76.51844,36.9071],[-76.5211,36.90633],[-76.52455,36.90741],[-76.52716,36.91092],[-76.52643,36.91463],[-76.52928,36.9167],[-76.53352,36.91556],[-76.53581,36.91251],[-76.53786,36.91239],[-76.54086,36.91729],[-76.54681,36.91615],[-76.54987,36.9182],[-76.55316,36.91878],[-76.5539,36.92139],[-76.55636,36.91953],[-76.5561,36.92208],[-76.55812,36.92201],[-76.55861,36.92356],[-76.55704,36.92528],[-76.55907,36.92594],[-76.55784,36.92755],[-76.55966,36.92787],[-76.55996,36.93113],[-76.56473,36.92616],[-76.56696,36.92888],[-76.56995,36.92901],[-76.57632,36.928],[-76.57646,36.92926],[-76.57414,36.93117],[-76.57433,36.93228],[-76.57712,36.93196],[-76.57837,36.93599],[-76.58476,36.93443],[-76.58313,36.93765],[-76.58685,36.93857],[-76.58171,36.94526],[-76.5786,36.94778],[-76.58046,36.95344],[-76.57665,36.95812],[-76.56979,36.95989],[-76.5678,36.96153],[-76.56934,36.96511],[-76.57431,36.96936],[-76.57341,36.97189],[-76.56844,36.97257],[-76.56328,36.97386],[-76.56813,36.98147],[-76.56843,36.98514],[-76.56536,36.98974],[-76.56224,36.99243],[-76.56238,36.99433],[-76.56482,36.99651]]]}},{"type":"Feature","properties":{"zcta":"27927","d":32},"geometry":{"type":"Polygon","coordinates":[[[-75.90102,36.55061],[-75.86765,36.55041],[-75.86177,36.51766],[-75.8577,36.50083],[-75.83632,36.42296],[-75.81874,36.35758],[-75.81679,36.35171],[-75.8129,36.33824],[-75.80232,36.30814],[-75.79641,36.29035],[-75.77333,36.23153],[-75.79544,36.22711],[-75.79853,36.2308],[-75.80197,36.24246],[-75.81088,36.24908],[-75.81185,36.2477],[-75.81112,36.25454],[-75.80387,36.26767],[-75.80684,36.28491],[-75.81314,36.29171],[-75.82027,36.29219],[-75.8337,36.29363],[-75.84212,36.30086],[-75.84528,36.30561],[-75.85081,36.31968],[-75.85176,36.32418],[-75.84594,36.3326],[-75.83869,36.33146],[-75.82312,36.32255],[-75.82205,36.32801],[-75.82348,36.33988],[-75.82383,36.34715],[-75.83215,36.35606],[-75.83191,36.36027],[-75.82894,36.36572],[-75.83405,36.37185],[-75.84772,36.37845],[-75.84855,36.38017],[-75.84225,36.38438],[-75.84095,36.39165],[-75.84071,36.39739],[-75.84974,36.40016],[-75.84332,36.41996],[-75.8558,36.42436],[-75.86281,36.43086],[-75.86495,36.43775],[-75.87113,36.4387],[-75.87707,36.43631],[-75.88306,36.43772],[-75.88833,36.44158],[-75.88741,36.44884],[-75.8924,36.46136],[-75.89787,36.46509],[-75.89991,36.48212],[-75.9015,36.48292],[-75.8961,36.48977],[-75.89416,36.49647],[-75.89466,36.49998],[-75.90708,36.51201],[-75.90784,36.51679],[-75.90738,36.52329],[-75.90651,36.52638],[-75.90474,36.52925],[-75.90458,36.5319],[-75.90511,36.54201],[-75.90751,36.54396],[-75.90844,36.54608],[-75.90688,36.55065],[-75.90102,36.55061]]]}},{"type":"Feature","properties":{"zcta":"23460","d":0},"geometry":{"type":"Polygon","coordinates":[[[-76.05474,36.80836],[-76.0508,36.81185],[-76.05031,36.81377],[-76.0529,36.8274],[-76.05236,36.83057],[-76.04559,36.8306],[-76.04674,36.83653],[-76.03309,36.8383],[-76.02717,36.83798],[-76.02198,36.83648],[-76.01953,36.83837],[-76.00929,36.8382],[-76.00856,36.83619],[-76.01009,36.83372],[-76.01045,36.82798],[-76.00771,36.8191],[-76.00494,36.81172],[-76.00496,36.80258],[-76.01193,36.80267],[-76.01366,36.80332],[-76.02461,36.81123],[-76.02612,36.80989],[-76.0241,36.8084],[-76.02525,36.80725],[-76.02321,36.80593],[-76.02702,36.80331],[-76.03263,36.80738],[-76.03413,36.80606],[-76.03609,36.8075],[-76.05187,36.7935],[-76.05253,36.79164],[-76.0525,36.79502],[-76.05891,36.79609],[-76.05844,36.79813],[-76.06302,36.79793],[-76.06315,36.80147],[-76.05713,36.8062],[-76.05474,36.80836]]]}},{"type":"Feature","properties":{"zcta":"23454","d":930},"geometry":{"type":"Polygon","coordinates":[[[-75.95626,36.78279],[-75.95834,36.7826],[-75.97096,36.785],[-75.97484,36.78516],[-75.97524,36.78087],[-75.97136,36.77928],[-75.97049,36.7747],[-75.96694,36.77515],[-75.96972,36.77012],[-75.96831,36.76957],[-75.9689,36.76545],[-75.96715,36.76325],[-75.96871,36.75771],[-75.97162,36.76077],[-75.97768,36.76108],[-75.98389,36.76297],[-75.9891,36.76266],[-75.99557,36.75819],[-75.99763,36.75821],[-75.99718,36.75618],[-75.99982,36.75585],[-76.00024,36.75345],[-76.00202,36.75031],[-76.00237,36.747],[-76.00377,36.74743],[-76.00979,36.752],[-76.01251,36.75832],[-76.01067,36.76292],[-76.01553,36.76343],[-76.01487,36.76481],[-76.01966,36.76894],[-76.01841,36.77043],[-76.0193,36.77267],[-76.01697,36.77662],[-76.01364,36.77791],[-76.02326,36.78306],[-76.02302,36.78535],[-76.04064,36.78435],[-76.0498,36.78475],[-76.05247,36.78796],[-76.05253,36.79164],[-76.05187,36.7935],[-76.03609,36.8075],[-76.03413,36.80606],[-76.03263,36.80738],[-76.02702,36.80331],[-76.02321,36.80593],[-76.02525,36.80725],[-76.0241,36.8084],[-76.02612,36.80989],[-76.02461,36.81123],[-76.01366,36.80332],[-76.01193,36.80267],[-76.00496,36.80258],[-76.00494,36.81172],[-76.00771,36.8191],[-76.01045,36.82798],[-76.01009,36.83372],[-76.00856,36.83619],[-76.00929,36.8382],[-76.01953,36.83837],[-76.02198,36.83648],[-76.02717,36.83798],[-76.03309,36.8383],[-76.04674,36.83653],[-76.04559,36.8306],[-76.05236,36.83057],[-76.0529,36.8274],[-76.05031,36.81377],[-76.0508,36.81185],[-76.05474,36.80836],[-76.05648,36.80993],[-76.05776,36.81489],[-76.0607,36.81568],[-76.06215,36.82126],[-76.0623,36.82722],[-76.06457,36.83262],[-76.06058,36.83479],[-76.05783,36.83886],[-76.0571,36.84133],[-76.05967,36.84286],[-76.06029,36.84871],[-76.06168,36.8506],[-76.06129,36.85376],[-76.06355,36.85585],[-76.06695,36.85685],[-76.06955,36.86605],[-76.07215,36.87055],[-76.0721,36.87308],[-76.07065,36.87475],[-76.06615,36.87435],[-76.06815,36.87845],[-76.07376,36.88595],[-76.07851,36.89077],[-76.08221,36.89271],[-76.08629,36.89816],[-76.08906,36.90207],[-76.08619,36.90442],[-76.07651,36.90394],[-76.06056,36.90211],[-76.03114,36.90127],[-76.03015,36.89895],[-76.02475,36.89425],[-76.02065,36.89215],[-76.01515,36.88765],[-76.01165,36.88655],[-76.01025,36.87075],[-76.01345,36.86895],[-76.01388,36.86366],[-76.01688,36.86225],[-76.0185,36.85835],[-76.02043,36.8585],[-76.02062,36.85685],[-76.02316,36.8553],[-76.02279,36.85338],[-76.02481,36.85531],[-76.02856,36.85488],[-76.02898,36.85095],[-76.03258,36.85073],[-76.032,36.84891],[-76.02211,36.85086],[-76.0208,36.84577],[-76.01034,36.84784],[-76.00388,36.8474],[-76.00199,36.84371],[-76.00419,36.83943],[-76.00456,36.83554],[-76.00435,36.82925],[-76.00072,36.82432],[-76.0032,36.82392],[-76.00222,36.82059],[-75.99985,36.82093],[-75.99839,36.81681],[-75.99999,36.81654],[-76.00034,36.81347],[-75.99801,36.8129],[-75.99622,36.80894],[-75.99333,36.79963],[-75.99589,36.79201],[-75.99717,36.78959],[-75.9934,36.7901],[-75.98698,36.7881],[-75.97957,36.79098],[-75.97989,36.79151],[-75.97415,36.79325],[-75.97225,36.79323],[-75.9732,36.79937],[-75.97137,36.8032],[-75.96314,36.80499],[-75.95626,36.78279]]]}},{"type":"Feature","properties":{"zcta":"23066","d":0},"geometry":{"type":"Polygon","coordinates":[[[-76.31159,37.48866],[-76.31552,37.48875],[-76.31338,37.49234],[-76.31041,37.49413],[-76.29774,37.50686],[-76.29645,37.51124],[-76.29765,37.51542],[-76.2936,37.5165],[-76.28817,37.51412],[-76.28104,37.50782],[-76.27335,37.49349],[-76.27229,37.48984],[-76.27309,37.48894],[-76.2719,37.4864],[-76.27302,37.48477],[-76.27662,37.48577],[-76.28117,37.48555],[-76.28569,37.48762],[-76.28676,37.48687],[-76.28997,37.48979],[-76.29377,37.4913],[-76.29234,37.49328],[-76.29258,37.49498],[-76.30304,37.49422],[-76.30696,37.49488],[-76.31029,37.49111],[-76.30817,37.4886],[-76.31122,37.4878],[-76.31159,37.48866]]]}},{"type":"Feature","properties":{"zcta":"23035","d":48},"geometry":{"type":"Polygon","coordinates":[[[-76.41427,37.51233],[-76.41093,37.51629],[-76.41124,37.51976],[-76.40878,37.5285],[-76.40585,37.53361],[-76.40412,37.53554],[-76.39706,37.53216],[-76.39089,37.53025],[-76.38754,37.53013],[-76.38074,37.53176],[-76.37855,37.53178],[-76.36569,37.52896],[-76.36077,37.52836],[-76.35966,37.52046],[-76.36047,37.51924],[-76.35938,37.51343],[-76.3564,37.50808],[-76.35268,37.50491],[-76.34594,37.50406],[-76.34671,37.50398],[-76.34366,37.49836],[-76.33922,37.49936],[-76.33998,37.49466],[-76.3433,37.4948],[-76.34317,37.49313],[-76.34589,37.49048],[-76.34583,37.48785],[-76.34376,37.48707],[-76.34227,37.4851],[-76.34106,37.49011],[-76.34037,37.48723],[-76.33492,37.48677],[-76.3344,37.48851],[-76.33213,37.48716],[-76.33078,37.4892],[-76.33233,37.49178],[-76.33049,37.49087],[-76.33003,37.48849],[-76.32773,37.4878],[-76.32739,37.48572],[-76.32601,37.48295],[-76.3282,37.4797],[-76.33179,37.4776],[-76.3377,37.47768],[-76.34659,37.47957],[-76.3538,37.48217],[-76.35497,37.4811],[-76.36068,37.48034],[-76.36031,37.47105],[-76.3641,37.47013],[-76.36924,37.46675],[-76.37625,37.46574],[-76.38036,37.45728],[-76.38116,37.45653],[-76.38471,37.45884],[-76.38775,37.45707],[-76.40151,37.45858],[-76.40202,37.45972],[-76.40018,37.4658],[-76.40103,37.46981],[-76.39587,37.47239],[-76.39217,37.47537],[-76.39038,37.48005],[-76.38708,37.49936],[-76.38913,37.49964],[-76.39056,37.49735],[-76.39344,37.49888],[-76.39611,37.49794],[-76.40322,37.49974],[-76.40621,37.50377],[-76.40561,37.50553],[-76.41198,37.50958],[-76.41489,37.50756],[-76.4199,37.50748],[-76.4199,37.5103],[-76.41427,37.51233]]]}},{"type":"Feature","properties":{"zcta":"27923","d":44},"geometry":{"type":"Polygon","coordinates":[[[-75.94824,36.39586],[-75.94066,36.39871],[-75.94101,36.40622],[-75.94434,36.41057],[-75.93769,36.4205],[-75.93352,36.42337],[-75.9341,36.42745],[-75.93242,36.42861],[-75.92942,36.4266],[-75.92451,36.42545],[-75.9231,36.41992],[-75.92391,36.4181],[-75.92084,36.40882],[-75.923,36.39988],[-75.91641,36.38901],[-75.91695,36.38317],[-75.92351,36.3678],[-75.92333,36.36186],[-75.91776,36.35359],[-75.91482,36.3515],[-75.91803,36.35142],[-75.92013,36.35687],[-75.92279,36.36021],[-75.92593,36.36213],[-75.92834,36.36218],[-75.93043,36.36438],[-75.93368,36.36471],[-75.93487,36.36754],[-75.94487,36.35803],[-75.9453,36.35252],[-75.95195,36.34249],[-75.95031,36.33941],[-75.94707,36.33539],[-75.94772,36.33468],[-75.95442,36.34092],[-75.95901,36.34489],[-75.95957,36.34631],[-75.95889,36.35114],[-75.94659,36.35552],[-75.94692,36.35988],[-75.95354,36.39811],[-75.95352,36.39913],[-75.94824,36.39586]]]}},{"type":"Feature","properties":{"zcta":"23456","d":560},"geometry":{"type":"Polygon","coordinates":[[[-76.09114,36.7758],[-76.08575,36.77198],[-76.05509,36.75237],[-76.05376,36.75169],[-76.05085,36.7547],[-76.04645,36.75474],[-76.03963,36.75645],[-76.04842,36.76809],[-76.04898,36.77017],[-76.04674,36.77275],[-76.04869,36.77685],[-76.04787,36.77852],[-76.04407,36.78002],[-76.04064,36.78435],[-76.02302,36.78535],[-76.02326,36.78306],[-76.01364,36.77791],[-76.01697,36.77662],[-76.0193,36.77267],[-76.01841,36.77043],[-76.01966,36.76894],[-76.01487,36.76481],[-76.01553,36.76343],[-76.01067,36.76292],[-76.01251,36.75832],[-76.00979,36.752],[-76.00377,36.74743],[-76.00237,36.747],[-76.00202,36.75031],[-76.00024,36.75345],[-75.99982,36.75585],[-75.99718,36.75618],[-75.99763,36.75821],[-75.99557,36.75819],[-75.9891,36.76266],[-75.98389,36.76297],[-75.97768,36.76108],[-75.97162,36.76077],[-75.96871,36.75771],[-75.96715,36.76325],[-75.96298,36.76029],[-75.94939,36.76076],[-75.92175,36.69205],[-75.92001,36.68823],[-75.92508,36.68812],[-75.92871,36.68915],[-75.93675,36.69375],[-75.94657,36.70224],[-75.95366,36.70258],[-75.95412,36.70192],[-75.96002,36.70023],[-75.95851,36.70242],[-75.95994,36.703],[-75.96291,36.70087],[-75.96491,36.70145],[-75.96546,36.70313],[-75.96756,36.70392],[-75.96849,36.70041],[-75.96757,36.69981],[-75.96879,36.69681],[-75.96679,36.69546],[-75.96645,36.69318],[-75.96795,36.69048],[-75.96597,36.68852],[-75.96811,36.6876],[-75.96792,36.6854],[-75.97031,36.68266],[-75.96919,36.68053],[-75.9712,36.68018],[-75.97275,36.67721],[-75.97611,36.67656],[-75.98186,36.67829],[-75.98395,36.67977],[-75.98946,36.68165],[-75.99373,36.68397],[-75.99335,36.68514],[-75.99951,36.68678],[-76.00465,36.68913],[-76.01123,36.69037],[-76.024,36.69411],[-76.0254,36.69065],[-76.0231,36.68308],[-76.02724,36.68347],[-76.03221,36.68544],[-76.03154,36.69067],[-76.03606,36.69193],[-76.04088,36.69516],[-76.0412,36.69314],[-76.04314,36.69257],[-76.04426,36.69045],[-76.04943,36.6879],[-76.05212,36.68553],[-76.05451,36.68655],[-76.0567,36.68567],[-76.05948,36.68669],[-76.06237,36.68442],[-76.06555,36.68555],[-76.068,36.69258],[-76.07275,36.69655],[-76.08035,36.70574],[-76.08215,36.71245],[-76.08894,36.71366],[-76.09755,36.71605],[-76.09845,36.71675],[-76.14325,36.75705],[-76.14134,36.75856],[-76.14222,36.7604],[-76.14638,36.76153],[-76.14893,36.76396],[-76.15043,36.76706],[-76.15323,36.77054],[-76.15316,36.77172],[-76.14396,36.77447],[-76.13873,36.77733],[-76.13852,36.77837],[-76.13434,36.78224],[-76.13537,36.7848],[-76.14142,36.78395],[-76.14313,36.78795],[-76.15048,36.79165],[-76.14917,36.79381],[-76.14501,36.79319],[-76.1446,36.7948],[-76.13631,36.79576],[-76.13507,36.79511],[-76.13032,36.79566],[-76.12834,36.79924],[-76.09114,36.7758]],[[-76.13658,36.77094],[-76.13672,36.77269],[-76.1423,36.77204],[-76.14183,36.77023],[-76.13658,36.77094]]]}},{"type":"Feature","properties":{"zcta":"23511","d":156},"geometry":{"type":"MultiPolygon","coordinates":[[[[-76.30812,36.91851],[-76.30928,36.92035],[-76.31172,36.91918],[-76.3142,36.92148],[-76.31234,36.92344],[-76.30722,36.92367],[-76.30497,36.92258],[-76.30429,36.91891],[-76.30812,36.91851]]],[[[-76.29979,36.95053],[-76.29129,36.94755],[-76.29293,36.94543],[-76.28608,36.94274],[-76.28495,36.94535],[-76.26861,36.94986],[-76.26759,36.94827],[-76.2746,36.94638],[-76.27309,36.94512],[-76.27534,36.94253],[-76.27565,36.9397],[-76.27187,36.93563],[-76.27245,36.93361],[-76.26584,36.93159],[-76.26828,36.92702],[-76.2695,36.92218],[-76.27223,36.91674],[-76.27811,36.9207],[-76.29234,36.93039],[-76.29621,36.93289],[-76.29856,36.93359],[-76.31751,36.93247],[-76.3184,36.93402],[-76.3298,36.93228],[-76.33021,36.94206],[-76.32566,36.96319],[-76.32139,36.96233],[-76.32025,36.95776],[-76.31587,36.95535],[-76.30047,36.95635],[-76.29979,36.95053]]]]}},{"type":"Feature","properties":{"zcta":"27929","d":142},"geometry":{"type":"MultiPolygon","coordinates":[[[[-76.03376,36.49012],[-76.03195,36.4825],[-76.02087,36.45994],[-76.02402,36.46351],[-76.02613,36.46152],[-76.03185,36.459],[-76.03307,36.46052],[-76.03526,36.47522],[-76.03608,36.47799],[-76.03867,36.48076],[-76.04425,36.48331],[-76.04549,36.48458],[-76.04829,36.49204],[-76.04586,36.49855],[-76.0432,36.50316],[-76.03919,36.5],[-76.03376,36.49012]],[[-76.02444,36.46526],[-76.02661,36.46774],[-76.02909,36.46714],[-76.02787,36.46418],[-76.02444,36.46526]]],[[[-76.05723,36.44368],[-76.05951,36.44831],[-76.04565,36.44867],[-76.04516,36.44542],[-76.04342,36.44554],[-76.04058,36.44319],[-76.04275,36.4421],[-76.04251,36.43915],[-76.03709,36.43951],[-76.03649,36.43439],[-76.0263,36.43493],[-76.02546,36.43924],[-76.02665,36.43924],[-76.02681,36.44278],[-76.02534,36.44304],[-76.02513,36.44712],[-76.02751,36.44661],[-76.02765,36.44915],[-76.02557,36.44952],[-76.02606,36.45304],[-76.02922,36.45566],[-76.02415,36.45704],[-76.02414,36.45847],[-76.02082,36.45986],[-76.02022,36.45862],[-76.01234,36.44746],[-76.00391,36.44186],[-75.98987,36.43681],[-75.98005,36.43546],[-75.97605,36.43863],[-75.97197,36.43717],[-75.96602,36.42761],[-75.9588,36.40775],[-75.9717,36.40771],[-75.97636,36.40894],[-75.98208,36.41407],[-75.99466,36.40788],[-75.99495,36.40745],[-75.99942,36.41115],[-76.00327,36.4136],[-76.00864,36.41266],[-76.01125,36.41132],[-76.01831,36.40656],[-76.01978,36.40262],[-76.01999,36.39673],[-76.02633,36.38941],[-76.02695,36.38945],[-76.05256,36.39139],[-76.05736,36.39067],[-76.07279,36.38369],[-76.08011,36.38538],[-76.07981,36.39216],[-76.08077,36.40684],[-76.06972,36.40699],[-76.06738,36.40789],[-76.06297,36.40828],[-76.06174,36.41181],[-76.06338,36.42124],[-76.05172,36.42178],[-76.05353,36.42787],[-76.05627,36.44042],[-76.05723,36.44368]]]]}},{"type":"Feature","properties":{"zcta":"23839","d":18},"geometry":{"type":"Polygon","coordinates":[[[-76.92283,37.12214],[-76.92036,37.11996],[-76.92031,37.11433],[-76.91613,37.11553],[-76.91298,37.11394],[-76.91309,37.11625],[-76.91475,37.11762],[-76.91335,37.12174],[-76.91474,37.12836],[-76.91497,37.13179],[-76.91654,37.13415],[-76.92192,37.13662],[-76.92269,37.13818],[-76.93015,37.14178],[-76.93,37.14603],[-76.92838,37.14772],[-76.92691,37.14687],[-76.89478,37.13642],[-76.89462,37.13411],[-76.88806,37.13012],[-76.88327,37.13625],[-76.88156,37.13948],[-76.87556,37.13755],[-76.87164,37.13715],[-76.86907,37.13379],[-76.86228,37.1332],[-76.86033,37.13158],[-76.86388,37.12939],[-76.86388,37.12811],[-76.85933,37.12715],[-76.85322,37.13196],[-76.84913,37.13232],[-76.84376,37.13463],[-76.83729,37.13082],[-76.84124,37.12598],[-76.84474,37.11992],[-76.84619,37.11612],[-76.85072,37.10907],[-76.85141,37.10403],[-76.85307,37.10221],[-76.85807,37.10068],[-76.86005,37.09585],[-76.85893,37.09047],[-76.85863,37.08371],[-76.85952,37.08245],[-76.8574,37.07955],[-76.86914,37.07997],[-76.87456,37.07872],[-76.87666,37.07956],[-76.87685,37.07426],[-76.88433,37.07419],[-76.89167,37.07983],[-76.89969,37.0795],[-76.90298,37.0812],[-76.90261,37.07751],[-76.90436,37.07372],[-76.90686,37.07266],[-76.91155,37.07331],[-76.91448,37.07434],[-76.91679,37.07084],[-76.9167,37.06878],[-76.92096,37.06429],[-76.92056,37.06125],[-76.92208,37.05923],[-76.92153,37.05781],[-76.9177,37.05909],[-76.90879,37.0596],[-76.90563,37.06243],[-76.90467,37.06004],[-76.90526,37.05808],[-76.90474,37.05472],[-76.90733,37.05447],[-76.90852,37.05294],[-76.91238,37.05146],[-76.91194,37.04908],[-76.9129,37.04766],[-76.90887,37.04378],[-76.91131,37.04115],[-76.90866,37.03982],[-76.90221,37.03352],[-76.8999,37.03058],[-76.95226,37.02927],[-76.95777,37.0331],[-76.95952,37.03194],[-76.96158,37.02864],[-76.96752,37.02125],[-76.9685,37.03414],[-76.96767,37.03682],[-76.96956,37.04016],[-76.96782,37.0419],[-76.96439,37.04236],[-76.96351,37.04371],[-76.96431,37.04762],[-76.96594,37.04996],[-76.96525,37.05113],[-76.96568,37.05483],[-76.97005,37.05456],[-76.97759,37.05071],[-76.97947,37.05346],[-76.98313,37.05375],[-76.9825,37.05526],[-76.97825,37.05513],[-76.98362,37.05887],[-76.98642,37.05961],[-76.98754,37.06333],[-76.98924,37.06327],[-76.98978,37.06934],[-76.98904,37.07203],[-76.98307,37.07216],[-76.98007,37.07528],[-76.98105,37.08028],[-76.97407,37.08078],[-76.97443,37.08235],[-76.97955,37.08234],[-76.97678,37.08948],[-76.97681,37.09214],[-76.97464,37.09438],[-76.96976,37.09617],[-76.97182,37.10033],[-76.96882,37.10335],[-76.9668,37.10223],[-76.95915,37.1009],[-76.95469,37.10402],[-76.953,37.10689],[-76.94925,37.11082],[-76.95222,37.11293],[-76.9525,37.11756],[-76.92283,37.12214]]]}},{"type":"Feature","properties":{"zcta":"23846","d":9},"geometry":{"type":"Polygon","coordinates":[[[-76.83625,37.13252],[-76.83397,37.13174],[-76.82986,37.12755],[-76.8279,37.12724],[-76.82533,37.12344],[-76.8267,37.12137],[-76.82806,37.10935],[-76.82725,37.10497],[-76.82575,37.10212],[-76.81965,37.09924],[-76.81129,37.10152],[-76.81054,37.1003],[-76.80621,37.09949],[-76.80448,37.09699],[-76.79559,37.10262],[-76.79163,37.10608],[-76.78938,37.10634],[-76.78479,37.10423],[-76.76411,37.08847],[-76.75837,37.08371],[-76.76101,37.07999],[-76.76247,37.07628],[-76.76454,37.07349],[-76.77338,37.05922],[-76.77672,37.05574],[-76.77098,37.04927],[-76.75919,37.05023],[-76.7592,37.0461],[-76.75445,37.04623],[-76.74832,37.04052],[-76.77159,37.03091],[-76.79109,37.02249],[-76.82567,37.00748],[-76.83315,37.02084],[-76.83407,37.01487],[-76.83775,37.01031],[-76.83566,37.00307],[-76.84968,36.99621],[-76.84949,37.00092],[-76.84813,37.00318],[-76.84754,37.00743],[-76.84547,37.00993],[-76.84786,37.01182],[-76.84752,37.01324],[-76.84937,37.01412],[-76.84953,37.0169],[-76.85323,37.0169],[-76.85611,37.01826],[-76.85913,37.01528],[-76.86169,37.01604],[-76.8616,37.01845],[-76.8639,37.02131],[-76.86929,37.0201],[-76.87493,37.02178],[-76.87522,37.02517],[-76.87792,37.02598],[-76.88229,37.02608],[-76.88759,37.02777],[-76.89111,37.02629],[-76.89288,37.02766],[-76.89781,37.02915],[-76.8999,37.03058],[-76.90221,37.03352],[-76.90866,37.03982],[-76.91131,37.04115],[-76.90887,37.04378],[-76.9129,37.04766],[-76.91194,37.04908],[-76.91238,37.05146],[-76.90852,37.05294],[-76.90733,37.05447],[-76.90474,37.05472],[-76.90526,37.05808],[-76.90467,37.06004],[-76.90563,37.06243],[-76.90879,37.0596],[-76.9177,37.05909],[-76.92153,37.05781],[-76.92208,37.05923],[-76.92056,37.06125],[-76.92096,37.06429],[-76.9167,37.06878],[-76.91679,37.07084],[-76.91448,37.07434],[-76.91155,37.07331],[-76.90686,37.07266],[-76.90436,37.07372],[-76.90261,37.07751],[-76.90298,37.0812],[-76.89969,37.0795],[-76.89167,37.07983],[-76.88433,37.07419],[-76.87685,37.07426],[-76.87666,37.07956],[-76.87456,37.07872],[-76.86914,37.07997],[-76.8574,37.07955],[-76.85952,37.08245],[-76.85863,37.08371],[-76.85893,37.09047],[-76.86005,37.09585],[-76.85807,37.10068],[-76.85307,37.10221],[-76.85141,37.10403],[-76.85072,37.10907],[-76.84619,37.11612],[-76.84474,37.11992],[-76.84124,37.12598],[-76.83729,37.13082],[-76.83625,37.13252]]]}},{"type":"Feature","properties":{"zcta":"23315","d":25},"geometry":{"type":"Polygon","coordinates":[[[-76.88788,36.77402],[-76.88506,36.77544],[-76.88562,36.77659],[-76.88695,36.77685],[-76.88423,36.78079],[-76.87988,36.78104],[-76.8776,36.78249],[-76.87302,36.7837],[-76.87328,36.78183],[-76.8709,36.78005],[-76.86961,36.77732],[-76.87033,36.77404],[-76.86805,36.7747],[-76.86136,36.77897],[-76.85944,36.77818],[-76.858,36.77518],[-76.85456,36.77497],[-76.85305,36.77399],[-76.84935,36.77609],[-76.84754,36.77601],[-76.84495,36.7779],[-76.84507,36.77931],[-76.84302,36.78121],[-76.8433,36.78245],[-76.83897,36.78301],[-76.83733,36.78427],[-76.83294,36.78348],[-76.82968,36.78435],[-76.82595,36.78435],[-76.82732,36.78162],[-76.82342,36.78212],[-76.82196,36.77977],[-76.82128,36.77507],[-76.81724,36.76797],[-76.81607,36.77],[-76.8049,36.76779],[-76.79168,36.76606],[-76.79398,36.76442],[-76.79721,36.76429],[-76.79914,36.76237],[-76.80302,36.76078],[-76.80582,36.75861],[-76.81002,36.75851],[-76.81265,36.75596],[-76.80935,36.75262],[-76.80751,36.75298],[-76.80202,36.75167],[-76.80358,36.74729],[-76.80029,36.74315],[-76.80026,36.74165],[-76.79588,36.73618],[-76.78789,36.74031],[-76.7824,36.74203],[-76.774,36.74366],[-76.77714,36.74955],[-76.774,36.75025],[-76.76983,36.75271],[-76.76285,36.75517],[-76.7618,36.75807],[-76.75361,36.76077],[-76.74984,36.75841],[-76.74766,36.75262],[-76.75581,36.74605],[-76.79319,36.71946],[-76.81464,36.70573],[-76.82727,36.69527],[-76.85565,36.67444],[-76.86089,36.67413],[-76.86085,36.68189],[-76.85936,36.68879],[-76.85788,36.68867],[-76.85537,36.69187],[-76.85448,36.69427],[-76.85013,36.69863],[-76.8502,36.70029],[-76.84706,36.70084],[-76.84389,36.70726],[-76.85051,36.70536],[-76.85126,36.71114],[-76.84685,36.71507],[-76.84843,36.7152],[-76.85452,36.71205],[-76.85634,36.72212],[-76.85593,36.72485],[-76.8645,36.72715],[-76.86825,36.72738],[-76.86956,36.7245],[-76.86853,36.72379],[-76.86876,36.72071],[-76.86643,36.71887],[-76.86764,36.71514],[-76.86895,36.71378],[-76.87157,36.71559],[-76.87361,36.71491],[-76.88282,36.72033],[-76.89475,36.72362],[-76.9048,36.72157],[-76.90861,36.72193],[-76.90957,36.71688],[-76.9073,36.71575],[-76.90768,36.71267],[-76.91089,36.71052],[-76.91852,36.70856],[-76.91954,36.71086],[-76.92419,36.71133],[-76.92278,36.71554],[-76.92128,36.71643],[-76.91834,36.71614],[-76.9198,36.71859],[-76.91703,36.71946],[-76.91412,36.72164],[-76.91632,36.72447],[-76.91329,36.72568],[-76.91378,36.72786],[-76.9155,36.72829],[-76.91348,36.72952],[-76.91673,36.73385],[-76.91538,36.73646],[-76.91295,36.73737],[-76.91254,36.73875],[-76.91031,36.73876],[-76.9095,36.74143],[-76.90423,36.73888],[-76.90187,36.74253],[-76.89665,36.74515],[-76.89481,36.74703],[-76.89972,36.75358],[-76.9014,36.75739],[-76.89756,36.75961],[-76.8983,36.762],[-76.89278,36.76251],[-76.8928,36.76044],[-76.89054,36.76061],[-76.88693,36.76406],[-76.88462,36.7644],[-76.88483,36.76634],[-76.88939,36.77154],[-76.88788,36.77402]]]}},{"type":"Feature","properties":{"zcta":"23320","d":931},"geometry":{"type":"Polygon","coordinates":[[[-76.28764,36.77687],[-76.28562,36.77656],[-76.27957,36.77875],[-76.277,36.77794],[-76.27411,36.77995],[-76.26541,36.7799],[-76.25859,36.78324],[-76.2594,36.78705],[-76.25706,36.78737],[-76.25506,36.78528],[-76.2517,36.78718],[-76.24119,36.79278],[-76.22753,36.80265],[-76.23065,36.80552],[-76.2252,36.80901],[-76.21933,36.81094],[-76.21288,36.79417],[-76.2037,36.76974],[-76.18855,36.76475],[-76.18653,36.76375],[-76.1593,36.75956],[-76.15176,36.75815],[-76.14325,36.75705],[-76.09845,36.71675],[-76.10996,36.72276],[-76.11264,36.72343],[-76.17052,36.7237],[-76.18639,36.72369],[-76.20743,36.72204],[-76.21009,36.72208],[-76.22615,36.72081],[-76.23725,36.72034],[-76.23986,36.72091],[-76.25052,36.72478],[-76.25628,36.72512],[-76.25793,36.72422],[-76.26286,36.72375],[-76.26472,36.72663],[-76.26389,36.72953],[-76.26868,36.73157],[-76.27496,36.73005],[-76.27958,36.73193],[-76.28306,36.73185],[-76.28759,36.73477],[-76.29156,36.73454],[-76.29484,36.7363],[-76.29613,36.73739],[-76.2982,36.74187],[-76.29678,36.74446],[-76.29736,36.74735],[-76.29516,36.75345],[-76.29968,36.76203],[-76.29859,36.76704],[-76.29508,36.77518],[-76.28764,36.77687]]]}},{"type":"Feature","properties":{"zcta":"23899","d":0},"geometry":{"type":"Polygon","coordinates":[[[-76.96959,37.24622],[-76.96438,37.24373],[-76.94863,37.23734],[-76.94392,37.23469],[-76.94839,37.23087],[-76.94708,37.22803],[-76.94161,37.22406],[-76.94627,37.22173],[-76.94782,37.22193],[-76.94692,37.21773],[-76.95022,37.21842],[-76.95633,37.21736],[-76.95775,37.21801],[-76.96142,37.21581],[-76.96818,37.21518],[-76.96717,37.21854],[-76.97171,37.21675],[-76.97298,37.21736],[-76.98029,37.22427],[-76.98469,37.22787],[-76.98539,37.23215],[-76.98874,37.23276],[-76.98705,37.234],[-76.98525,37.23844],[-76.98079,37.2397],[-76.98322,37.24234],[-76.97244,37.2485],[-76.96959,37.24622]]]}},{"type":"Feature","properties":{"zcta":"23452","d":1917},"geometry":{"type":"MultiPolygon","coordinates":[[[[-76.05776,36.81489],[-76.05648,36.80993],[-76.05474,36.80836],[-76.05713,36.8062],[-76.06022,36.80767],[-76.06049,36.8101],[-76.0625,36.80999],[-76.06087,36.81332],[-76.0607,36.81568],[-76.05776,36.81489]]],[[[-76.12009,36.85784],[-76.11529,36.86127],[-76.11576,36.86405],[-76.10676,36.87315],[-76.10896,36.87555],[-76.10966,36.87975],[-76.11146,36.88435],[-76.10226,36.89295],[-76.09805,36.89462],[-76.0895,36.89649],[-76.08629,36.89816],[-76.08221,36.89271],[-76.07851,36.89077],[-76.07376,36.88595],[-76.06815,36.87845],[-76.06615,36.87435],[-76.07065,36.87475],[-76.0721,36.87308],[-76.07215,36.87055],[-76.06955,36.86605],[-76.06695,36.85685],[-76.06355,36.85585],[-76.06129,36.85376],[-76.06168,36.8506],[-76.06029,36.84871],[-76.05967,36.84286],[-76.0571,36.84133],[-76.05783,36.83886],[-76.06058,36.83479],[-76.06457,36.83262],[-76.0623,36.82722],[-76.06215,36.82126],[-76.0607,36.81568],[-76.06265,36.81083],[-76.06564,36.81075],[-76.06876,36.81266],[-76.07891,36.80586],[-76.07898,36.80393],[-76.08069,36.80474],[-76.08475,36.79871],[-76.09,36.80533],[-76.0964,36.80192],[-76.09935,36.80082],[-76.10111,36.80136],[-76.10197,36.80354],[-76.10118,36.80513],[-76.09866,36.81083],[-76.10258,36.81304],[-76.10184,36.81441],[-76.10863,36.81611],[-76.11019,36.81336],[-76.11238,36.81429],[-76.11164,36.81629],[-76.11508,36.81651],[-76.12172,36.82048],[-76.12025,36.82228],[-76.12136,36.82311],[-76.12675,36.82187],[-76.1287,36.8249],[-76.13668,36.83014],[-76.13748,36.83407],[-76.12097,36.83263],[-76.12362,36.83426],[-76.12596,36.83757],[-76.12729,36.83785],[-76.12679,36.84],[-76.12418,36.84161],[-76.12439,36.84349],[-76.12283,36.84741],[-76.12684,36.8502],[-76.12636,36.85395],[-76.12009,36.85784]]]]}},{"type":"Feature","properties":{"zcta":"23455","d":1470},"geometry":{"type":"Polygon","coordinates":[[[-76.17731,36.9061],[-76.17137,36.90736],[-76.16731,36.9097],[-76.16244,36.90958],[-76.16276,36.90703],[-76.15398,36.90691],[-76.15335,36.91414],[-76.15098,36.91374],[-76.15035,36.91522],[-76.14812,36.91488],[-76.14742,36.91324],[-76.14586,36.91856],[-76.15396,36.92124],[-76.15788,36.92213],[-76.15714,36.91987],[-76.16161,36.92067],[-76.16158,36.92232],[-76.16952,36.92422],[-76.16974,36.92875],[-76.16596,36.92782],[-76.13956,36.92305],[-76.12367,36.91735],[-76.09551,36.90882],[-76.09154,36.90788],[-76.08906,36.90207],[-76.08629,36.89816],[-76.0895,36.89649],[-76.09805,36.89462],[-76.10226,36.89295],[-76.11146,36.88435],[-76.10966,36.87975],[-76.10896,36.87555],[-76.10676,36.87315],[-76.11576,36.86405],[-76.11529,36.86127],[-76.12009,36.85784],[-76.12636,36.85395],[-76.13018,36.85563],[-76.13277,36.86012],[-76.13758,36.85952],[-76.14227,36.85805],[-76.14468,36.85642],[-76.14812,36.86284],[-76.15122,36.85926],[-76.15732,36.85478],[-76.15864,36.86038],[-76.15763,36.86555],[-76.16099,36.86554],[-76.16065,36.86893],[-76.16344,36.86997],[-76.16917,36.87055],[-76.17134,36.86931],[-76.17172,36.87043],[-76.17487,36.86988],[-76.17562,36.87212],[-76.18132,36.87146],[-76.18035,36.86727],[-76.18554,36.86448],[-76.18703,36.86255],[-76.18976,36.86245],[-76.19326,36.86525],[-76.19036,36.86935],[-76.18985,36.87364],[-76.18844,36.87411],[-76.19312,36.87743],[-76.19846,36.88664],[-76.19396,36.89385],[-76.19256,36.89505],[-76.18206,36.90669],[-76.17731,36.9061]]]}},{"type":"Feature","properties":{"zcta":"23453","d":1821},"geometry":{"type":"Polygon","coordinates":[[[-76.10197,36.80354],[-76.10111,36.80136],[-76.09935,36.80082],[-76.0964,36.80192],[-76.09,36.80533],[-76.08475,36.79871],[-76.08069,36.80474],[-76.07898,36.80393],[-76.07891,36.80586],[-76.06876,36.81266],[-76.06564,36.81075],[-76.06265,36.81083],[-76.0607,36.81568],[-76.06087,36.81332],[-76.0625,36.80999],[-76.06049,36.8101],[-76.06022,36.80767],[-76.05713,36.8062],[-76.06315,36.80147],[-76.06302,36.79793],[-76.05844,36.79813],[-76.05891,36.79609],[-76.0525,36.79502],[-76.05253,36.79164],[-76.05247,36.78796],[-76.0498,36.78475],[-76.04064,36.78435],[-76.04407,36.78002],[-76.04787,36.77852],[-76.04869,36.77685],[-76.04674,36.77275],[-76.04898,36.77017],[-76.04842,36.76809],[-76.03963,36.75645],[-76.04645,36.75474],[-76.05085,36.7547],[-76.05376,36.75169],[-76.05509,36.75237],[-76.08575,36.77198],[-76.09114,36.7758],[-76.12834,36.79924],[-76.12971,36.80014],[-76.12902,36.80185],[-76.12636,36.80333],[-76.11627,36.80146],[-76.11174,36.8083],[-76.1061,36.80521],[-76.10257,36.80382],[-76.10118,36.80513],[-76.10197,36.80354]]]}},{"type":"Feature","properties":{"zcta":"23432","d":60},"geometry":{"type":"Polygon","coordinates":[[[-76.59397,36.8702],[-76.56927,36.8888],[-76.54399,36.90799],[-76.53786,36.91239],[-76.53581,36.91251],[-76.53352,36.91556],[-76.52928,36.9167],[-76.52643,36.91463],[-76.52716,36.91092],[-76.52455,36.90741],[-76.5211,36.90633],[-76.52315,36.90143],[-76.52503,36.89941],[-76.5284,36.89742],[-76.52637,36.89737],[-76.51704,36.89083],[-76.51984,36.88412],[-76.51086,36.88277],[-76.50901,36.88103],[-76.51078,36.8781],[-76.50618,36.87691],[-76.51118,36.87052],[-76.5135,36.86829],[-76.52244,36.86253],[-76.52594,36.85468],[-76.52615,36.8514],[-76.52787,36.84745],[-76.53222,36.84233],[-76.53952,36.83871],[-76.55012,36.83708],[-76.55029,36.83823],[-76.55434,36.83842],[-76.55668,36.83968],[-76.56029,36.83897],[-76.56408,36.83567],[-76.56419,36.83311],[-76.56762,36.83191],[-76.56878,36.83402],[-76.57083,36.8342],[-76.57286,36.83678],[-76.57123,36.83723],[-76.58189,36.84346],[-76.57781,36.84437],[-76.57419,36.84595],[-76.57571,36.85098],[-76.5795,36.85399],[-76.58152,36.85375],[-76.58254,36.85189],[-76.58639,36.85461],[-76.59269,36.84934],[-76.59854,36.85321],[-76.59636,36.86268],[-76.60296,36.86358],[-76.59397,36.8702]]]}},{"type":"Feature","properties":{"zcta":"23434","d":119},"geometry":{"type":"Polygon","coordinates":[[[-76.67051,36.81209],[-76.60296,36.86358],[-76.59636,36.86268],[-76.59854,36.85321],[-76.59269,36.84934],[-76.58639,36.85461],[-76.58254,36.85189],[-76.58152,36.85375],[-76.5795,36.85399],[-76.57571,36.85098],[-76.57419,36.84595],[-76.57781,36.84437],[-76.58189,36.84346],[-76.57123,36.83723],[-76.57286,36.83678],[-76.57083,36.8342],[-76.56878,36.83402],[-76.56762,36.83191],[-76.56419,36.83311],[-76.56408,36.83567],[-76.56029,36.83897],[-76.55668,36.83968],[-76.55434,36.83842],[-76.55029,36.83823],[-76.55012,36.83708],[-76.54946,36.83247],[-76.55438,36.83164],[-76.55593,36.83067],[-76.55632,36.82768],[-76.55232,36.82496],[-76.55019,36.82086],[-76.55047,36.81891],[-76.55253,36.81819],[-76.55394,36.81453],[-76.54973,36.81456],[-76.54753,36.80964],[-76.54566,36.81092],[-76.54335,36.81081],[-76.54345,36.80879],[-76.54076,36.80777],[-76.5388,36.80886],[-76.53789,36.80745],[-76.53887,36.80505],[-76.53526,36.80274],[-76.53373,36.80371],[-76.52914,36.80374],[-76.52585,36.80544],[-76.52211,36.80523],[-76.51994,36.80684],[-76.51126,36.80001],[-76.52062,36.7948],[-76.51774,36.79086],[-76.51576,36.79526],[-76.51261,36.7957],[-76.49875,36.76705],[-76.50695,36.76413],[-76.51079,36.75738],[-76.51002,36.75709],[-76.49873,36.76066],[-76.49692,36.76003],[-76.4634,36.77046],[-76.46677,36.74625],[-76.47162,36.70867],[-76.48207,36.62855],[-76.48297,36.62055],[-76.48677,36.59015],[-76.48835,36.57052],[-76.49148,36.55073],[-76.54154,36.55031],[-76.5755,36.55074],[-76.60065,36.55078],[-76.60361,36.5528],[-76.60858,36.55199],[-76.61558,36.55437],[-76.61485,36.55604],[-76.61796,36.55791],[-76.61621,36.56161],[-76.61473,36.56119],[-76.61484,36.56474],[-76.61367,36.56648],[-76.60991,36.56829],[-76.60849,36.57179],[-76.60599,36.57495],[-76.60423,36.58127],[-76.60272,36.58191],[-76.60495,36.58329],[-76.60491,36.58658],[-76.61068,36.58641],[-76.6093,36.59122],[-76.61843,36.59202],[-76.62241,36.59018],[-76.63262,36.59423],[-76.63393,36.59974],[-76.63323,36.60161],[-76.63756,36.60034],[-76.63808,36.60161],[-76.64767,36.59908],[-76.64884,36.60227],[-76.65087,36.60231],[-76.65187,36.60437],[-76.65402,36.60584],[-76.64114,36.61746],[-76.64759,36.61529],[-76.64761,36.61922],[-76.65021,36.62029],[-76.64921,36.62353],[-76.6543,36.62601],[-76.65341,36.62811],[-76.65565,36.62859],[-76.65589,36.6342],[-76.66203,36.63164],[-76.66442,36.6299],[-76.66712,36.6334],[-76.66964,36.63502],[-76.67614,36.64112],[-76.68038,36.64169],[-76.68198,36.63913],[-76.68527,36.63949],[-76.69147,36.64124],[-76.69273,36.64221],[-76.69433,36.64652],[-76.69035,36.65072],[-76.695,36.65436],[-76.68921,36.66582],[-76.6897,36.67207],[-76.69341,36.67184],[-76.69577,36.67255],[-76.69633,36.66898],[-76.70149,36.66427],[-76.70149,36.66944],[-76.70541,36.68575],[-76.70416,36.6907],[-76.70143,36.69519],[-76.70932,36.69355],[-76.71204,36.70187],[-76.71317,36.70276],[-76.72409,36.70645],[-76.73379,36.7078],[-76.74081,36.71044],[-76.73828,36.71455],[-76.73592,36.72338],[-76.72898,36.72385],[-76.72522,36.72711],[-76.73595,36.72486],[-76.74093,36.7325],[-76.74188,36.72994],[-76.74817,36.72567],[-76.7537,36.72582],[-76.74991,36.7316],[-76.74757,36.73661],[-76.74625,36.74296],[-76.74653,36.74487],[-76.75581,36.74605],[-76.74766,36.75262],[-76.67051,36.81209]]]}},{"type":"Feature","properties":{"zcta":"23435","d":418},"geometry":{"type":"Polygon","coordinates":[[[-76.53952,36.83871],[-76.53222,36.84233],[-76.52787,36.84745],[-76.52615,36.8514],[-76.52594,36.85468],[-76.52244,36.86253],[-76.5135,36.86829],[-76.51118,36.87052],[-76.50618,36.87691],[-76.50092,36.88297],[-76.49964,36.8829],[-76.49247,36.88638],[-76.49233,36.88643],[-76.49156,36.8811],[-76.48717,36.88063],[-76.48337,36.87815],[-76.48146,36.87834],[-76.47825,36.88148],[-76.47362,36.88262],[-76.45469,36.88408],[-76.45329,36.88703],[-76.45394,36.89274],[-76.44741,36.90322],[-76.4416,36.90612],[-76.43122,36.90453],[-76.40751,36.89744],[-76.40691,36.89751],[-76.40439,36.89452],[-76.40456,36.89149],[-76.4073,36.89094],[-76.40414,36.88504],[-76.40532,36.88111],[-76.4071,36.87795],[-76.41107,36.87615],[-76.41343,36.87426],[-76.42037,36.86635],[-76.42197,36.86485],[-76.43654,36.84775],[-76.43918,36.84859],[-76.43912,36.84469],[-76.442,36.84136],[-76.44171,36.8401],[-76.45069,36.82671],[-76.45747,36.81484],[-76.4634,36.77046],[-76.49692,36.76003],[-76.49873,36.76066],[-76.51002,36.75709],[-76.51079,36.75738],[-76.50695,36.76413],[-76.49875,36.76705],[-76.51261,36.7957],[-76.51576,36.79526],[-76.51774,36.79086],[-76.52062,36.7948],[-76.51126,36.80001],[-76.51994,36.80684],[-76.52211,36.80523],[-76.52585,36.80544],[-76.52914,36.80374],[-76.53373,36.80371],[-76.53526,36.80274],[-76.53887,36.80505],[-76.53789,36.80745],[-76.5388,36.80886],[-76.54076,36.80777],[-76.54345,36.80879],[-76.54335,36.81081],[-76.54566,36.81092],[-76.54753,36.80964],[-76.54973,36.81456],[-76.55394,36.81453],[-76.55253,36.81819],[-76.55047,36.81891],[-76.55019,36.82086],[-76.55232,36.82496],[-76.55632,36.82768],[-76.55593,36.83067],[-76.55438,36.83164],[-76.54946,36.83247],[-76.55012,36.83708],[-76.53952,36.83871]]]}},{"type":"Feature","properties":{"zcta":"23045","d":0},"geometry":{"type":"Polygon","coordinates":[[[-76.2822,37.44027],[-76.27534,37.43841],[-76.27014,37.438],[-76.26855,37.43716],[-76.26786,37.43963],[-76.26322,37.44386],[-76.26045,37.44529],[-76.26249,37.45188],[-76.26143,37.45383],[-76.25863,37.45282],[-76.25618,37.44685],[-76.25705,37.44357],[-76.25526,37.44169],[-76.25241,37.43659],[-76.25265,37.43018],[-76.25134,37.42376],[-76.25136,37.42044],[-76.25452,37.42079],[-76.26072,37.41792],[-76.26269,37.41786],[-76.26831,37.41458],[-76.26926,37.41346],[-76.27147,37.41497],[-76.27566,37.41484],[-76.28073,37.418],[-76.28378,37.41762],[-76.28375,37.41914],[-76.29506,37.42231],[-76.29682,37.42332],[-76.2919,37.43071],[-76.28436,37.43811],[-76.2822,37.44027]]]}},{"type":"Feature","properties":{"zcta":"23050","d":89},"geometry":{"type":"Polygon","coordinates":[[[-76.43205,37.51489],[-76.42912,37.51346],[-76.4262,37.51084],[-76.4199,37.5103],[-76.4199,37.50748],[-76.41489,37.50756],[-76.41198,37.50958],[-76.40561,37.50553],[-76.40621,37.50377],[-76.40322,37.49974],[-76.39611,37.49794],[-76.39344,37.49888],[-76.39056,37.49735],[-76.38913,37.49964],[-76.38708,37.49936],[-76.39038,37.48005],[-76.39217,37.47537],[-76.39587,37.47239],[-76.40103,37.46981],[-76.40018,37.4658],[-76.40202,37.45972],[-76.40151,37.45858],[-76.40238,37.45869],[-76.41645,37.46025],[-76.41596,37.47707],[-76.42075,37.48177],[-76.4274,37.48244],[-76.43103,37.47873],[-76.43032,37.47717],[-76.43462,37.47523],[-76.44598,37.47502],[-76.44476,37.46501],[-76.44654,37.46509],[-76.44776,37.46695],[-76.44719,37.47299],[-76.44958,37.47805],[-76.44907,37.48116],[-76.45183,37.4846],[-76.4502,37.48624],[-76.44962,37.48881],[-76.44538,37.49177],[-76.44359,37.49543],[-76.45238,37.49707],[-76.44577,37.50175],[-76.44533,37.50424],[-76.44631,37.50651],[-76.45044,37.51029],[-76.44959,37.51369],[-76.44613,37.51254],[-76.44256,37.51016],[-76.44046,37.50988],[-76.43815,37.51151],[-76.43756,37.51436],[-76.43205,37.51489]]]}},{"type":"Feature","properties":{"zcta":"23605","d":1739},"geometry":{"type":"Polygon","coordinates":[[[-76.44907,37.03743],[-76.44698,37.03484],[-76.44101,37.03649],[-76.44059,37.03386],[-76.4371,37.03474],[-76.43617,37.03358],[-76.43557,37.02723],[-76.43436,37.0245],[-76.42919,37.02687],[-76.42747,37.02472],[-76.42471,37.0254],[-76.4169,37.01279],[-76.41566,37.01259],[-76.41449,37.01036],[-76.41233,37.01092],[-76.41174,37.00948],[-76.4144,37.00872],[-76.41122,37.00359],[-76.41815,37.00094],[-76.41897,37.00226],[-76.43505,36.99566],[-76.45246,37.02405],[-76.44891,37.02629],[-76.4589,37.04264],[-76.45978,37.04663],[-76.45816,37.04655],[-76.45514,37.04398],[-76.44973,37.04324],[-76.44907,37.03743]]]}},{"type":"Feature","properties":{"zcta":"23025","d":123},"geometry":{"type":"Polygon","coordinates":[[[-76.38036,37.45728],[-76.38024,37.45576],[-76.37648,37.45262],[-76.3755,37.45006],[-76.37292,37.44795],[-76.37048,37.44837],[-76.3656,37.44644],[-76.3625,37.44628],[-76.36026,37.4472],[-76.35632,37.44468],[-76.35696,37.44179],[-76.35917,37.44024],[-76.36162,37.43477],[-76.36366,37.43383],[-76.36451,37.42886],[-76.36407,37.42623],[-76.36035,37.42243],[-76.3586,37.41985],[-76.35038,37.41824],[-76.34821,37.41565],[-76.34434,37.41279],[-76.34461,37.41099],[-76.34787,37.40729],[-76.34878,37.40457],[-76.34845,37.40159],[-76.34326,37.39582],[-76.33894,37.38848],[-76.33895,37.38421],[-76.34175,37.37459],[-76.34422,37.3692],[-76.34835,37.3714],[-76.34673,37.37569],[-76.34957,37.37947],[-76.35469,37.38118],[-76.35656,37.38461],[-76.35572,37.38816],[-76.35143,37.38501],[-76.34876,37.3877],[-76.35259,37.38915],[-76.35567,37.38894],[-76.36278,37.40246],[-76.3714,37.40084],[-76.37365,37.40393],[-76.37856,37.41884],[-76.38719,37.41633],[-76.38806,37.41841],[-76.387,37.4211],[-76.38283,37.42018],[-76.3782,37.42049],[-76.3779,37.42539],[-76.37977,37.42965],[-76.38059,37.43392],[-76.37874,37.44023],[-76.38017,37.44529],[-76.38037,37.44978],[-76.38483,37.45305],[-76.38116,37.45653],[-76.38036,37.45728]]]}},{"type":"Feature","properties":{"zcta":"23604","d":94},"geometry":{"type":"Polygon","coordinates":[[[-76.60478,37.17064],[-76.6007,37.17521],[-76.5921,37.1733],[-76.58943,37.17413],[-76.57778,37.17036],[-76.57925,37.16776],[-76.58448,37.16665],[-76.58659,37.165],[-76.58129,37.16367],[-76.5772,37.16548],[-76.57328,37.17068],[-76.57159,37.17177],[-76.56968,37.17571],[-76.56914,37.1746],[-76.57095,37.17203],[-76.57388,37.16824],[-76.56651,37.16402],[-76.56233,37.15953],[-76.56409,37.15767],[-76.56723,37.15673],[-76.56679,37.15402],[-76.56922,37.15035],[-76.56565,37.14587],[-76.56747,37.1447],[-76.56484,37.14377],[-76.56709,37.14259],[-76.56824,37.1392],[-76.57436,37.1402],[-76.57921,37.13938],[-76.58134,37.14093],[-76.58359,37.14115],[-76.58613,37.1396],[-76.58694,37.1349],[-76.58552,37.13212],[-76.5825,37.13297],[-76.58046,37.13477],[-76.57774,37.13333],[-76.58096,37.13041],[-76.57967,37.12527],[-76.57655,37.12428],[-76.57189,37.12611],[-76.56924,37.12357],[-76.56761,37.11632],[-76.56482,37.11242],[-76.56691,37.11345],[-76.56917,37.11098],[-76.57,37.10842],[-76.56299,37.10501],[-76.56311,37.10065],[-76.56204,37.09724],[-76.55705,37.09383],[-76.55051,37.08151],[-76.55146,37.08075],[-76.55895,37.08198],[-76.55847,37.07942],[-76.55562,37.07657],[-76.55712,37.07623],[-76.56346,37.07819],[-76.56774,37.08151],[-76.56715,37.08378],[-76.57076,37.08754],[-76.57403,37.08899],[-76.5795,37.09663],[-76.59631,37.10648],[-76.59638,37.10947],[-76.59828,37.11136],[-76.60426,37.11408],[-76.60932,37.11402],[-76.61813,37.1204],[-76.61731,37.12256],[-76.62058,37.1266],[-76.6255,37.12725],[-76.62562,37.12904],[-76.62349,37.13124],[-76.62134,37.13581],[-76.62358,37.13822],[-76.62225,37.14215],[-76.6167,37.14377],[-76.60437,37.16006],[-76.60744,37.16884],[-76.60478,37.17064]]]}},{"type":"Feature","properties":{"zcta":"23504","d":1991},"geometry":{"type":"Polygon","coordinates":[[[-76.27796,36.88785],[-76.27616,36.88705],[-76.27486,36.88205],[-76.27236,36.87955],[-76.27418,36.87574],[-76.27124,36.87105],[-76.2678,36.86872],[-76.2634,36.86683],[-76.26197,36.86552],[-76.25881,36.86512],[-76.25663,36.86301],[-76.25591,36.85929],[-76.25329,36.86015],[-76.24789,36.86329],[-76.24335,36.84486],[-76.24023,36.84407],[-76.23782,36.84104],[-76.23664,36.83808],[-76.24376,36.83686],[-76.26258,36.8408],[-76.27496,36.83985],[-76.27559,36.84487],[-76.28302,36.84532],[-76.28384,36.84828],[-76.28011,36.85325],[-76.27928,36.85269],[-76.27835,36.85595],[-76.27917,36.85631],[-76.27805,36.85938],[-76.28021,36.85876],[-76.28602,36.86038],[-76.2844,36.86399],[-76.28067,36.86498],[-76.27926,36.86732],[-76.28348,36.86856],[-76.28184,36.87209],[-76.28655,36.87307],[-76.28483,36.87694],[-76.28503,36.88053],[-76.28208,36.88785],[-76.27972,36.88877],[-76.27796,36.88785]]]}},{"type":"Feature","properties":{"zcta":"23505","d":1901},"geometry":{"type":"Polygon","coordinates":[[[-76.3184,36.93402],[-76.31751,36.93247],[-76.29856,36.93359],[-76.29621,36.93289],[-76.29234,36.93039],[-76.29402,36.9312],[-76.29623,36.92931],[-76.29379,36.92764],[-76.29467,36.92672],[-76.29229,36.92499],[-76.29419,36.91935],[-76.2793,36.92094],[-76.27811,36.9207],[-76.27223,36.91674],[-76.2695,36.92218],[-76.26828,36.92702],[-76.26584,36.93159],[-76.26015,36.93025],[-76.25321,36.93009],[-76.25239,36.92434],[-76.25397,36.91611],[-76.25529,36.91223],[-76.25014,36.91163],[-76.24758,36.90939],[-76.25119,36.90806],[-76.25284,36.90888],[-76.25648,36.90453],[-76.25835,36.90522],[-76.2611,36.90162],[-76.26724,36.90253],[-76.26816,36.90048],[-76.272,36.89622],[-76.27348,36.89339],[-76.27796,36.88785],[-76.27972,36.88877],[-76.28458,36.89133],[-76.29056,36.89195],[-76.29326,36.89415],[-76.29149,36.89938],[-76.28961,36.89951],[-76.28748,36.90144],[-76.28794,36.90342],[-76.30285,36.90971],[-76.30498,36.90841],[-76.31785,36.91151],[-76.32084,36.91066],[-76.32293,36.90391],[-76.32602,36.90372],[-76.32783,36.91473],[-76.3298,36.93228],[-76.3184,36.93402]],[[-76.31234,36.92344],[-76.3142,36.92148],[-76.31172,36.91918],[-76.30928,36.92035],[-76.30812,36.91851],[-76.30429,36.91891],[-76.29717,36.91985],[-76.29753,36.92208],[-76.30159,36.92228],[-76.30258,36.92555],[-76.30722,36.92367],[-76.31234,36.92344]]]}},{"type":"Feature","properties":{"zcta":"23517","d":3459},"geometry":{"type":"Polygon","coordinates":[[[-76.28184,36.87209],[-76.28348,36.86856],[-76.27926,36.86732],[-76.28067,36.86498],[-76.2844,36.86399],[-76.28644,36.86455],[-76.28845,36.86104],[-76.2903,36.86156],[-76.30063,36.86639],[-76.30043,36.86775],[-76.30169,36.8738],[-76.30197,36.87794],[-76.29624,36.87588],[-76.28771,36.8738],[-76.28655,36.87307],[-76.28184,36.87209]]]}},{"type":"Feature","properties":{"zcta":"23464","d":2124},"geometry":{"type":"MultiPolygon","coordinates":[[[[-76.1423,36.77204],[-76.13672,36.77269],[-76.13658,36.77094],[-76.14183,36.77023],[-76.1423,36.77204]]],[[[-76.21876,36.83515],[-76.21726,36.83355],[-76.21396,36.83235],[-76.21041,36.83291],[-76.20686,36.83265],[-76.20456,36.83049],[-76.20139,36.82941],[-76.20016,36.82795],[-76.19726,36.82815],[-76.19474,36.82997],[-76.19029,36.82802],[-76.18661,36.82874],[-76.18651,36.82626],[-76.18282,36.82556],[-76.18129,36.82321],[-76.1793,36.82217],[-76.17755,36.82411],[-76.17585,36.82414],[-76.17201,36.82626],[-76.16836,36.82564],[-76.16552,36.82742],[-76.16052,36.8268],[-76.16097,36.82404],[-76.15632,36.82172],[-76.15317,36.821],[-76.15118,36.82167],[-76.1521,36.81966],[-76.14823,36.81869],[-76.14531,36.8158],[-76.13873,36.81106],[-76.13946,36.81076],[-76.13604,36.80366],[-76.13724,36.80222],[-76.13291,36.80421],[-76.12971,36.80014],[-76.12834,36.79924],[-76.13032,36.79566],[-76.13507,36.79511],[-76.13631,36.79576],[-76.1446,36.7948],[-76.14501,36.79319],[-76.14917,36.79381],[-76.15048,36.79165],[-76.14313,36.78795],[-76.14142,36.78395],[-76.13537,36.7848],[-76.13434,36.78224],[-76.13852,36.77837],[-76.13873,36.77733],[-76.14396,36.77447],[-76.15316,36.77172],[-76.15323,36.77054],[-76.15043,36.76706],[-76.14893,36.76396],[-76.14638,36.76153],[-76.14222,36.7604],[-76.14134,36.75856],[-76.14325,36.75705],[-76.15176,36.75815],[-76.1593,36.75956],[-76.18653,36.76375],[-76.18855,36.76475],[-76.2037,36.76974],[-76.21288,36.79417],[-76.21933,36.81094],[-76.22157,36.81566],[-76.22806,36.83287],[-76.22516,36.83705],[-76.22606,36.83995],[-76.21876,36.83515]]]]}},{"type":"Feature","properties":{"zcta":"23457","d":35},"geometry":{"type":"Polygon","coordinates":[[[-76.06237,36.68442],[-76.05948,36.68669],[-76.0567,36.68567],[-76.05451,36.68655],[-76.05212,36.68553],[-76.04943,36.6879],[-76.04426,36.69045],[-76.04314,36.69257],[-76.0412,36.69314],[-76.04088,36.69516],[-76.03606,36.69193],[-76.03154,36.69067],[-76.03221,36.68544],[-76.02724,36.68347],[-76.0231,36.68308],[-76.0254,36.69065],[-76.024,36.69411],[-76.01123,36.69037],[-76.00465,36.68913],[-75.99951,36.68678],[-75.99335,36.68514],[-75.99373,36.68397],[-75.98946,36.68165],[-75.98395,36.67977],[-75.98186,36.67829],[-75.97611,36.67656],[-75.97275,36.67721],[-75.9712,36.68018],[-75.96919,36.68053],[-75.97031,36.68266],[-75.96792,36.6854],[-75.96811,36.6876],[-75.96597,36.68852],[-75.96795,36.69048],[-75.96645,36.69318],[-75.96679,36.69546],[-75.96879,36.69681],[-75.96757,36.69981],[-75.96849,36.70041],[-75.96756,36.70392],[-75.96546,36.70313],[-75.96491,36.70145],[-75.96291,36.70087],[-75.95994,36.703],[-75.95851,36.70242],[-75.96002,36.70023],[-75.95412,36.70192],[-75.95366,36.70258],[-75.94657,36.70224],[-75.93675,36.69375],[-75.92871,36.68915],[-75.92508,36.68812],[-75.92674,36.68001],[-75.92655,36.67265],[-75.92234,36.67137],[-75.92356,36.66367],[-75.92357,36.65791],[-75.92119,36.63885],[-75.91901,36.63181],[-75.91526,36.61393],[-75.91289,36.60586],[-75.90642,36.56656],[-75.90303,36.55754],[-75.90164,36.5548],[-75.90102,36.55061],[-75.90688,36.55065],[-75.92205,36.55065],[-75.99775,36.55045],[-76.0451,36.55052],[-76.12235,36.55049],[-76.12275,36.57952],[-76.12255,36.58525],[-76.12162,36.58837],[-76.12193,36.59512],[-76.12236,36.64571],[-76.12195,36.66575],[-76.10066,36.67045],[-76.09978,36.67337],[-76.09535,36.67465],[-76.08615,36.67585],[-76.07965,36.67865],[-76.07685,36.67725],[-76.07395,36.67845],[-76.06915,36.67745],[-76.06555,36.68555],[-76.06237,36.68442]]]}},{"type":"Feature","properties":{"zcta":"23459","d":0},"geometry":{"type":"Polygon","coordinates":[[[-76.16974,36.92875],[-76.16952,36.92422],[-76.16158,36.92232],[-76.16161,36.92067],[-76.15714,36.91987],[-76.15788,36.92213],[-76.15396,36.92124],[-76.14586,36.91856],[-76.14742,36.91324],[-76.14812,36.91488],[-76.15035,36.91522],[-76.15098,36.91374],[-76.15335,36.91414],[-76.15398,36.90691],[-76.16276,36.90703],[-76.16244,36.90958],[-76.16731,36.9097],[-76.17137,36.90736],[-76.17731,36.9061],[-76.18206,36.90669],[-76.18701,36.91055],[-76.18957,36.91235],[-76.19253,36.91804],[-76.18915,36.91898],[-76.18751,36.92291],[-76.18342,36.9226],[-76.18247,36.92177],[-76.17676,36.92103],[-76.17633,36.92201],[-76.17709,36.93007],[-76.16974,36.92875]]]}},{"type":"Feature","properties":{"zcta":"23462","d":2799},"geometry":{"type":"Polygon","coordinates":[[[-76.18554,36.86448],[-76.18035,36.86727],[-76.18132,36.87146],[-76.17562,36.87212],[-76.17487,36.86988],[-76.17172,36.87043],[-76.17134,36.86931],[-76.16917,36.87055],[-76.16344,36.86997],[-76.16065,36.86893],[-76.16099,36.86554],[-76.15763,36.86555],[-76.15864,36.86038],[-76.15732,36.85478],[-76.15122,36.85926],[-76.14812,36.86284],[-76.14468,36.85642],[-76.14227,36.85805],[-76.13758,36.85952],[-76.13277,36.86012],[-76.13018,36.85563],[-76.12636,36.85395],[-76.12684,36.8502],[-76.12283,36.84741],[-76.12439,36.84349],[-76.12418,36.84161],[-76.12679,36.84],[-76.12729,36.83785],[-76.12596,36.83757],[-76.12362,36.83426],[-76.12097,36.83263],[-76.13748,36.83407],[-76.13668,36.83014],[-76.1287,36.8249],[-76.12675,36.82187],[-76.12136,36.82311],[-76.12025,36.82228],[-76.12172,36.82048],[-76.11508,36.81651],[-76.11164,36.81629],[-76.11238,36.81429],[-76.11019,36.81336],[-76.10863,36.81611],[-76.10184,36.81441],[-76.10258,36.81304],[-76.09866,36.81083],[-76.10118,36.80513],[-76.10257,36.80382],[-76.1061,36.80521],[-76.11174,36.8083],[-76.11627,36.80146],[-76.12636,36.80333],[-76.12902,36.80185],[-76.12971,36.80014],[-76.13291,36.80421],[-76.13724,36.80222],[-76.13604,36.80366],[-76.13946,36.81076],[-76.13873,36.81106],[-76.14531,36.8158],[-76.14823,36.81869],[-76.1521,36.81966],[-76.15118,36.82167],[-76.15317,36.821],[-76.15632,36.82172],[-76.16097,36.82404],[-76.16052,36.8268],[-76.16552,36.82742],[-76.16836,36.82564],[-76.17201,36.82626],[-76.17585,36.82414],[-76.17755,36.82411],[-76.1793,36.82217],[-76.18129,36.82321],[-76.18282,36.82556],[-76.18651,36.82626],[-76.18661,36.82874],[-76.19029,36.82802],[-76.19474,36.82997],[-76.19498,36.83293],[-76.19145,36.83944],[-76.1865,36.8426],[-76.17947,36.84968],[-76.17691,36.85697],[-76.18512,36.86121],[-76.18703,36.86255],[-76.18554,36.86448]]]}},{"type":"Feature","properties":{"zcta":"23669","d":1495},"geometry":{"type":"Polygon","coordinates":[[[-76.39522,37.02756],[-76.38857,37.02871],[-76.38395,37.03187],[-76.378,37.03134],[-76.37743,37.032],[-76.36827,37.03213],[-76.36271,37.03352],[-76.36503,37.03536],[-76.36386,37.03654],[-76.3664,37.03823],[-76.36363,37.03835],[-76.36367,37.04091],[-76.36554,37.04065],[-76.36603,37.0425],[-76.36802,37.0438],[-76.36493,37.04704],[-76.362,37.04629],[-76.36146,37.05058],[-76.36342,37.05179],[-76.36144,37.05458],[-76.35827,37.05668],[-76.35597,37.06017],[-76.35656,37.06343],[-76.34919,37.06894],[-76.32824,37.09139],[-76.325,37.09524],[-76.31736,37.10304],[-76.31174,37.102],[-76.30542,37.08357],[-76.30496,37.07944],[-76.30313,37.07525],[-76.30413,37.07138],[-76.30268,37.06878],[-76.30105,37.06358],[-76.30039,37.05907],[-76.30155,37.05764],[-76.30733,37.05568],[-76.30299,37.05391],[-76.30369,37.05217],[-76.30809,37.05175],[-76.3081,37.0561],[-76.31131,37.05533],[-76.31097,37.05067],[-76.3149,37.05041],[-76.31609,37.05347],[-76.32031,37.05312],[-76.32239,37.04774],[-76.32163,37.04229],[-76.32189,37.03333],[-76.32549,37.0332],[-76.32971,37.03122],[-76.33245,37.03115],[-76.33392,37.02943],[-76.32953,37.02356],[-76.33137,37.02414],[-76.33378,37.02326],[-76.33562,37.0238],[-76.33499,37.02108],[-76.33084,37.0225],[-76.32989,37.01947],[-76.33076,37.01846],[-76.32852,37.01562],[-76.33057,37.01319],[-76.34067,37.01525],[-76.34807,37.00675],[-76.35661,37.00292],[-76.35614,37.00714],[-76.35941,37.00629],[-76.35971,37.00892],[-76.35844,37.01057],[-76.35919,37.01656],[-76.36203,37.01913],[-76.36495,37.02039],[-76.36352,37.02226],[-76.36327,37.02498],[-76.36585,37.02575],[-76.37636,37.01889],[-76.37805,37.02099],[-76.38408,37.0167],[-76.38561,37.01424],[-76.38634,37.01606],[-76.38831,37.01457],[-76.39354,37.01268],[-76.39424,37.01661],[-76.39687,37.02285],[-76.3972,37.02554],[-76.39522,37.02756]],[[-76.33637,37.01788],[-76.3359,37.02053],[-76.33774,37.02203],[-76.34013,37.0221],[-76.34179,37.0208],[-76.33637,37.01788]]]}},{"type":"Feature","properties":{"zcta":"23690","d":207},"geometry":{"type":"Polygon","coordinates":[[[-76.55762,37.23024],[-76.55591,37.23115],[-76.548,37.23217],[-76.54862,37.23667],[-76.55056,37.24239],[-76.54951,37.24493],[-76.54759,37.24371],[-76.54013,37.24422],[-76.53353,37.24697],[-76.53287,37.2493],[-76.52542,37.24205],[-76.51606,37.24875],[-76.51259,37.24637],[-76.5063,37.24339],[-76.50903,37.23948],[-76.50559,37.23664],[-76.50364,37.23386],[-76.50053,37.23243],[-76.49742,37.22999],[-76.49401,37.22541],[-76.48369,37.22232],[-76.4718,37.21602],[-76.46936,37.2163],[-76.46952,37.21451],[-76.47367,37.21381],[-76.47719,37.21416],[-76.48241,37.21363],[-76.48503,37.21249],[-76.49055,37.20694],[-76.49096,37.20546],[-76.49384,37.20581],[-76.4984,37.20769],[-76.4918,37.20407],[-76.49358,37.202],[-76.49035,37.19949],[-76.49256,37.19773],[-76.50329,37.20381],[-76.50961,37.19765],[-76.50734,37.19569],[-76.5103,37.19309],[-76.52223,37.19311],[-76.52257,37.18971],[-76.52609,37.18842],[-76.53171,37.18794],[-76.53399,37.18543],[-76.56519,37.22054],[-76.55762,37.23024]]]}},{"type":"Feature","properties":{"zcta":"23691","d":66},"geometry":{"type":"Polygon","coordinates":[[[-76.61429,37.30394],[-76.60664,37.30991],[-76.60071,37.31404],[-76.59075,37.30592],[-76.5862,37.30268],[-76.57673,37.2969],[-76.5735,37.29374],[-76.56998,37.2891],[-76.5666,37.28635],[-76.56126,37.28354],[-76.55332,37.28098],[-76.54468,37.27653],[-76.53641,37.27112],[-76.5295,37.26376],[-76.52689,37.26053],[-76.52028,37.25458],[-76.51606,37.24875],[-76.52542,37.24205],[-76.53287,37.2493],[-76.53353,37.24697],[-76.54013,37.24422],[-76.54759,37.24371],[-76.54951,37.24493],[-76.55056,37.24239],[-76.54862,37.23667],[-76.548,37.23217],[-76.55591,37.23115],[-76.55762,37.23024],[-76.56519,37.22054],[-76.56938,37.21652],[-76.58304,37.21652],[-76.58478,37.21303],[-76.59323,37.21605],[-76.59526,37.22],[-76.59481,37.22632],[-76.59502,37.23045],[-76.60028,37.23566],[-76.60174,37.23927],[-76.60014,37.24014],[-76.60348,37.24193],[-76.60806,37.2428],[-76.6103,37.24433],[-76.61746,37.24612],[-76.61876,37.24694],[-76.61963,37.24991],[-76.61799,37.25124],[-76.61325,37.25238],[-76.60836,37.25419],[-76.60467,37.25653],[-76.6004,37.25656],[-76.59907,37.2587],[-76.59888,37.26222],[-76.5971,37.26557],[-76.59269,37.27021],[-76.59812,37.2696],[-76.60356,37.27072],[-76.60633,37.27188],[-76.60598,37.27379],[-76.60205,37.27608],[-76.59617,37.27396],[-76.59058,37.27652],[-76.58654,37.2791],[-76.58623,37.27547],[-76.58406,37.27452],[-76.58124,37.27926],[-76.58397,37.28265],[-76.58959,37.28526],[-76.59091,37.28654],[-76.59857,37.2882],[-76.60383,37.29256],[-76.60758,37.2948],[-76.60917,37.2986],[-76.61581,37.30023],[-76.61621,37.30287],[-76.61429,37.30394]]]}},{"type":"Feature","properties":{"zcta":"23072","d":154},"geometry":{"type":"Polygon","coordinates":[[[-76.43856,37.31381],[-76.42739,37.31069],[-76.42608,37.30917],[-76.42288,37.30814],[-76.42121,37.30899],[-76.41919,37.30766],[-76.41159,37.30757],[-76.41016,37.30936],[-76.40315,37.31088],[-76.39934,37.31333],[-76.39471,37.31286],[-76.38859,37.30848],[-76.3915,37.30473],[-76.39554,37.30492],[-76.39685,37.30303],[-76.39317,37.29859],[-76.39257,37.29613],[-76.38901,37.29622],[-76.3863,37.29831],[-76.38489,37.29577],[-76.3856,37.29411],[-76.38208,37.29275],[-76.38295,37.2863],[-76.38107,37.28534],[-76.37867,37.28573],[-76.37629,37.28062],[-76.36892,37.27835],[-76.36693,37.27961],[-76.35256,37.27833],[-76.35455,37.27233],[-76.36,37.27085],[-76.36239,37.26861],[-76.3709,37.26874],[-76.37902,37.26823],[-76.38306,37.26615],[-76.39008,37.26351],[-76.39279,37.26497],[-76.39586,37.26533],[-76.40303,37.26449],[-76.41717,37.26511],[-76.42347,37.26228],[-76.42454,37.25868],[-76.42288,37.25491],[-76.42914,37.25331],[-76.43393,37.25698],[-76.43962,37.25467],[-76.44515,37.2546],[-76.45258,37.25279],[-76.45841,37.25223],[-76.46456,37.24991],[-76.46891,37.25108],[-76.47332,37.2511],[-76.47719,37.25017],[-76.48143,37.25367],[-76.47784,37.25738],[-76.48095,37.26045],[-76.48479,37.26161],[-76.48683,37.26314],[-76.48834,37.26576],[-76.49229,37.26505],[-76.49311,37.26852],[-76.49698,37.26834],[-76.49575,37.26699],[-76.50077,37.2648],[-76.50263,37.26888],[-76.50411,37.26841],[-76.50526,37.27006],[-76.52012,37.26641],[-76.5295,37.26376],[-76.53641,37.27112],[-76.54468,37.27653],[-76.55332,37.28098],[-76.56126,37.28354],[-76.5666,37.28635],[-76.56998,37.2891],[-76.5735,37.29374],[-76.57673,37.2969],[-76.5862,37.30268],[-76.58105,37.30688],[-76.57403,37.30866],[-76.57137,37.3089],[-76.56968,37.31775],[-76.57527,37.32249],[-76.57335,37.32664],[-76.5688,37.32909],[-76.56814,37.33187],[-76.56295,37.33374],[-76.56206,37.33672],[-76.55934,37.3361],[-76.55739,37.33784],[-76.55747,37.34322],[-76.55173,37.34639],[-76.54895,37.35016],[-76.54332,37.34649],[-76.53486,37.34748],[-76.5294,37.34693],[-76.52493,37.34531],[-76.52291,37.34559],[-76.51917,37.34035],[-76.51095,37.33955],[-76.50747,37.33281],[-76.50654,37.32144],[-76.49873,37.32422],[-76.49464,37.32986],[-76.48956,37.33074],[-76.48568,37.32892],[-76.47906,37.32734],[-76.48107,37.32535],[-76.47459,37.3259],[-76.47413,37.32235],[-76.46596,37.3172],[-76.46439,37.31717],[-76.45112,37.32196],[-76.44711,37.32221],[-76.43833,37.31949],[-76.43856,37.31381]]]}},{"type":"Feature","properties":{"zcta":"23692","d":428},"geometry":{"type":"Polygon","coordinates":[[[-76.46291,37.21706],[-76.45598,37.21851],[-76.4473,37.21915],[-76.43725,37.21904],[-76.43378,37.22024],[-76.4254,37.22173],[-76.42139,37.22324],[-76.4154,37.22366],[-76.41068,37.22248],[-76.39734,37.22423],[-76.39413,37.22515],[-76.38865,37.22765],[-76.38663,37.22784],[-76.38687,37.22614],[-76.39507,37.21705],[-76.39459,37.21431],[-76.39567,37.21214],[-76.39856,37.20962],[-76.40782,37.20971],[-76.41657,37.20669],[-76.42891,37.2039],[-76.43493,37.20453],[-76.44012,37.20394],[-76.45042,37.20691],[-76.45382,37.20404],[-76.45498,37.2014],[-76.46161,37.19773],[-76.46326,37.19372],[-76.46213,37.18845],[-76.46302,37.18493],[-76.46132,37.18122],[-76.45687,37.18026],[-76.45293,37.18016],[-76.44985,37.17794],[-76.4461,37.17642],[-76.44274,37.17878],[-76.4357,37.17998],[-76.42786,37.18306],[-76.42224,37.18398],[-76.41765,37.18373],[-76.41132,37.18097],[-76.40488,37.17659],[-76.40802,37.17502],[-76.40802,37.17199],[-76.40897,37.16972],[-76.40838,37.16688],[-76.41123,37.16451],[-76.4123,37.16148],[-76.40565,37.15996],[-76.41288,37.15581],[-76.42084,37.1517],[-76.42644,37.14656],[-76.42989,37.13592],[-76.43577,37.13562],[-76.43932,37.13623],[-76.44213,37.13576],[-76.44572,37.13818],[-76.44594,37.13511],[-76.44831,37.13623],[-76.4498,37.13414],[-76.45711,37.13752],[-76.46508,37.13985],[-76.47081,37.14434],[-76.47356,37.14578],[-76.47685,37.14917],[-76.4718,37.15015],[-76.46991,37.14956],[-76.46565,37.14669],[-76.45968,37.1474],[-76.46099,37.15],[-76.46276,37.14859],[-76.46562,37.1484],[-76.46487,37.15345],[-76.46562,37.15604],[-76.47172,37.1546],[-76.47369,37.15864],[-76.47577,37.15797],[-76.47727,37.1598],[-76.47736,37.16665],[-76.48155,37.16873],[-76.49442,37.16384],[-76.49798,37.16208],[-76.50175,37.159],[-76.50614,37.15409],[-76.50449,37.15621],[-76.50445,37.15851],[-76.5151,37.17318],[-76.51485,37.17606],[-76.51719,37.17875],[-76.52174,37.17724],[-76.52657,37.17707],[-76.53399,37.18543],[-76.53171,37.18794],[-76.52609,37.18842],[-76.52257,37.18971],[-76.52223,37.19311],[-76.5103,37.19309],[-76.50734,37.19569],[-76.50961,37.19765],[-76.50329,37.20381],[-76.49256,37.19773],[-76.49035,37.19949],[-76.49358,37.202],[-76.4918,37.20407],[-76.4984,37.20769],[-76.49384,37.20581],[-76.49096,37.20546],[-76.49055,37.20694],[-76.48503,37.21249],[-76.48241,37.21363],[-76.47719,37.21416],[-76.47367,37.21381],[-76.46952,37.21451],[-76.46936,37.2163],[-76.46291,37.21706]]]}},{"type":"Feature","properties":{"zcta":"23606","d":1414},"geometry":{"type":"Polygon","coordinates":[[[-76.52297,37.08265],[-76.52227,37.08995],[-76.51957,37.09175],[-76.51669,37.09197],[-76.51558,37.09366],[-76.51269,37.09347],[-76.51446,37.09695],[-76.50805,37.09798],[-76.50869,37.09887],[-76.50181,37.10069],[-76.50341,37.10173],[-76.50183,37.1037],[-76.49899,37.10189],[-76.49193,37.10155],[-76.49408,37.10495],[-76.49019,37.10441],[-76.48103,37.10459],[-76.48049,37.1032],[-76.47614,37.105],[-76.47217,37.10538],[-76.46828,37.10119],[-76.46435,37.09517],[-76.46026,37.09655],[-76.46036,37.09372],[-76.46272,37.09328],[-76.45917,37.0896],[-76.45944,37.08317],[-76.46152,37.07995],[-76.46394,37.07833],[-76.47832,37.07249],[-76.48213,37.06926],[-76.48827,37.06],[-76.48838,37.0564],[-76.48988,37.05544],[-76.48805,37.04833],[-76.48788,37.04508],[-76.48897,37.04106],[-76.49561,37.04452],[-76.51229,37.05486],[-76.51864,37.05573],[-76.52627,37.06295],[-76.52797,37.06825],[-76.52657,37.07005],[-76.52656,37.07853],[-76.52848,37.07972],[-76.52297,37.08265]]]}},{"type":"Feature","properties":{"zcta":"27935","d":10},"geometry":{"type":"Polygon","coordinates":[[[-76.91138,36.47537],[-76.91028,36.47751],[-76.89912,36.47495],[-76.89787,36.47518],[-76.87973,36.48502],[-76.86903,36.49571],[-76.8706,36.50151],[-76.87569,36.50126],[-76.87588,36.50299],[-76.88012,36.50537],[-76.87863,36.50739],[-76.87676,36.50536],[-76.87274,36.50365],[-76.86889,36.5035],[-76.86442,36.50448],[-76.86053,36.50431],[-76.85531,36.50517],[-76.8495,36.5067],[-76.84199,36.50587],[-76.83656,36.50292],[-76.83294,36.50371],[-76.8247,36.50424],[-76.82132,36.50394],[-76.82166,36.50001],[-76.81904,36.49408],[-76.82249,36.49049],[-76.82332,36.4885],[-76.83033,36.48569],[-76.83401,36.48268],[-76.827,36.47759],[-76.82653,36.47558],[-76.82814,36.47241],[-76.82775,36.47111],[-76.82386,36.46864],[-76.81915,36.46712],[-76.81608,36.46694],[-76.8146,36.46582],[-76.81385,36.46287],[-76.79908,36.45136],[-76.79028,36.44714],[-76.78726,36.44611],[-76.77941,36.44366],[-76.77643,36.44077],[-76.78125,36.43897],[-76.78216,36.43679],[-76.78597,36.43403],[-76.78657,36.43231],[-76.78963,36.42995],[-76.7894,36.42755],[-76.78572,36.42385],[-76.78219,36.42184],[-76.78413,36.42106],[-76.79354,36.41984],[-76.79793,36.42081],[-76.79872,36.41609],[-76.79897,36.41053],[-76.78433,36.40855],[-76.78567,36.4049],[-76.78428,36.40176],[-76.78542,36.40004],[-76.78531,36.3952],[-76.78281,36.39373],[-76.78228,36.38836],[-76.77857,36.38661],[-76.7722,36.38701],[-76.76818,36.38643],[-76.76719,36.38515],[-76.76928,36.3828],[-76.77178,36.38202],[-76.77124,36.38067],[-76.7722,36.3771],[-76.77531,36.37644],[-76.77171,36.37055],[-76.77011,36.37001],[-76.76896,36.36687],[-76.77087,36.36788],[-76.77183,36.36604],[-76.76959,36.36478],[-76.7709,36.3623],[-76.77575,36.36046],[-76.77947,36.36247],[-76.78277,36.36295],[-76.7877,36.36185],[-76.78993,36.36008],[-76.79462,36.3597],[-76.80734,36.3626],[-76.82144,36.36413],[-76.82528,36.36618],[-76.82746,36.3685],[-76.83386,36.37254],[-76.83917,36.3744],[-76.84958,36.37515],[-76.85573,36.37682],[-76.8603,36.3788],[-76.86915,36.38198],[-76.87409,36.38319],[-76.88068,36.38257],[-76.88402,36.38358],[-76.89109,36.38889],[-76.89611,36.39044],[-76.90361,36.38987],[-76.90789,36.39073],[-76.91883,36.39596],[-76.93002,36.39993],[-76.93879,36.40562],[-76.9432,36.40948],[-76.94706,36.4154],[-76.94722,36.4175],[-76.94616,36.42638],[-76.94666,36.4332],[-76.94526,36.4402],[-76.94673,36.45076],[-76.94839,36.45385],[-76.9489,36.45873],[-76.94675,36.46468],[-76.94758,36.46729],[-76.95051,36.46973],[-76.94958,36.47186],[-76.94708,36.47235],[-76.93601,36.47065],[-76.93337,36.47262],[-76.93416,36.47553],[-76.93604,36.4784],[-76.91138,36.47537]]]}},{"type":"Feature","properties":{"zcta":"27937","d":19},"geometry":{"type":"Polygon","coordinates":[[[-76.8423,36.55109],[-76.80708,36.55061],[-76.7813,36.55066],[-76.74968,36.55038],[-76.73833,36.55098],[-76.65783,36.55087],[-76.657,36.54792],[-76.66285,36.54771],[-76.66405,36.54575],[-76.66227,36.54107],[-76.66543,36.5398],[-76.66747,36.53632],[-76.66563,36.53437],[-76.66968,36.53011],[-76.68008,36.52247],[-76.6773,36.51855],[-76.68403,36.50394],[-76.68212,36.50209],[-76.67779,36.4906],[-76.67819,36.48947],[-76.67043,36.48921],[-76.66826,36.48782],[-76.66411,36.4874],[-76.66249,36.48862],[-76.65327,36.49055],[-76.65069,36.49029],[-76.64789,36.48828],[-76.64399,36.48973],[-76.64142,36.48952],[-76.64024,36.48752],[-76.64022,36.48376],[-76.64178,36.4815],[-76.64537,36.47927],[-76.64017,36.47657],[-76.63997,36.47287],[-76.63612,36.46955],[-76.63892,36.4682],[-76.65118,36.46723],[-76.65967,36.46604],[-76.66962,36.46825],[-76.67142,36.46511],[-76.67076,36.4601],[-76.67182,36.45941],[-76.67485,36.46307],[-76.67595,36.46198],[-76.68154,36.45919],[-76.68902,36.45421],[-76.69671,36.45015],[-76.69953,36.44972],[-76.70061,36.45061],[-76.70737,36.4487],[-76.71027,36.4519],[-76.71184,36.45106],[-76.71589,36.45332],[-76.72055,36.44885],[-76.71952,36.44705],[-76.71608,36.44404],[-76.72159,36.44079],[-76.72201,36.43818],[-76.73208,36.43535],[-76.74413,36.43381],[-76.74871,36.43417],[-76.75541,36.43616],[-76.76177,36.4372],[-76.77038,36.43758],[-76.77297,36.43809],[-76.77643,36.44077],[-76.77941,36.44366],[-76.78726,36.44611],[-76.78261,36.44724],[-76.78054,36.44994],[-76.77478,36.45571],[-76.77451,36.45692],[-76.77643,36.46146],[-76.79481,36.46303],[-76.79828,36.463],[-76.79996,36.46591],[-76.79924,36.46673],[-76.80262,36.46725],[-76.80448,36.46595],[-76.80849,36.46554],[-76.81139,36.46894],[-76.81127,36.47089],[-76.81422,36.47327],[-76.8149,36.47617],[-76.81995,36.47814],[-76.82281,36.48075],[-76.82383,36.48551],[-76.82332,36.4885],[-76.82249,36.49049],[-76.81904,36.49408],[-76.82166,36.50001],[-76.82132,36.50394],[-76.8247,36.50424],[-76.83294,36.50371],[-76.83656,36.50292],[-76.84199,36.50587],[-76.8495,36.5067],[-76.85531,36.50517],[-76.86053,36.50431],[-76.86442,36.50448],[-76.86889,36.5035],[-76.87274,36.50365],[-76.87676,36.50536],[-76.87863,36.50739],[-76.88012,36.50537],[-76.87588,36.50299],[-76.87569,36.50126],[-76.8706,36.50151],[-76.86903,36.49571],[-76.87973,36.48502],[-76.89787,36.47518],[-76.89912,36.47495],[-76.91028,36.47751],[-76.91138,36.47537],[-76.93604,36.4784],[-76.93582,36.48281],[-76.93452,36.4847],[-76.92954,36.4855],[-76.92526,36.48826],[-76.92194,36.49733],[-76.92103,36.5031],[-76.91936,36.5054],[-76.91334,36.50411],[-76.90998,36.50564],[-76.90646,36.51069],[-76.90666,36.51521],[-76.90351,36.51813],[-76.90339,36.52043],[-76.90506,36.52257],[-76.91028,36.52689],[-76.91429,36.52818],[-76.91662,36.53088],[-76.92215,36.52879],[-76.92446,36.52955],[-76.92392,36.53232],[-76.92089,36.53188],[-76.92007,36.53413],[-76.92146,36.53845],[-76.91638,36.53873],[-76.91403,36.54319],[-76.91606,36.54384],[-76.91732,36.54605],[-76.91699,36.55074],[-76.9159,36.55209],[-76.8423,36.55109]]]}},{"type":"Feature","properties":{"zcta":"23662","d":397},"geometry":{"type":"Polygon","coordinates":[[[-76.40565,37.15996],[-76.40196,37.15911],[-76.39981,37.16045],[-76.39476,37.15757],[-76.38138,37.15571],[-76.37846,37.15078],[-76.37068,37.15026],[-76.36738,37.15396],[-76.36911,37.15551],[-76.37288,37.15667],[-76.37401,37.16036],[-76.36696,37.16558],[-76.36215,37.16593],[-76.35968,37.16836],[-76.35543,37.16916],[-76.34866,37.1687],[-76.34572,37.16652],[-76.3453,37.16459],[-76.34229,37.16077],[-76.34155,37.15882],[-76.34237,37.15637],[-76.3407,37.15084],[-76.33252,37.14448],[-76.32705,37.14243],[-76.32127,37.14131],[-76.31625,37.1377],[-76.31139,37.13749],[-76.30178,37.13013],[-76.29928,37.13013],[-76.29576,37.12326],[-76.30059,37.11866],[-76.30178,37.11411],[-76.29602,37.10976],[-76.29746,37.10714],[-76.30156,37.10324],[-76.31174,37.102],[-76.31736,37.10304],[-76.34467,37.09684],[-76.35097,37.10674],[-76.36747,37.11304],[-76.37621,37.10833],[-76.38138,37.11194],[-76.38369,37.11158],[-76.38785,37.10856],[-76.38452,37.10775],[-76.38455,37.10517],[-76.38683,37.10516],[-76.38723,37.10657],[-76.3934,37.10832],[-76.39499,37.10626],[-76.3958,37.10717],[-76.39895,37.11288],[-76.40176,37.11923],[-76.40253,37.11944],[-76.40776,37.12912],[-76.41041,37.12662],[-76.41148,37.13043],[-76.41025,37.1347],[-76.41349,37.13826],[-76.4117,37.14789],[-76.41288,37.15581],[-76.40565,37.15996]]]}},{"type":"Feature","properties":{"zcta":"27941","d":104},"geometry":{"type":"MultiPolygon","coordinates":[[[[-75.81557,36.11078],[-75.81312,36.10996],[-75.81477,36.10626],[-75.8134,36.10512],[-75.81352,36.1023],[-75.81494,36.10235],[-75.82119,36.10734],[-75.81932,36.10984],[-75.81791,36.10989],[-75.81849,36.11201],[-75.81665,36.1124],[-75.81557,36.11078]]],[[[-75.81396,36.10131],[-75.81152,36.09575],[-75.80851,36.09243],[-75.80398,36.08912],[-75.80013,36.08295],[-75.80204,36.08227],[-75.80037,36.08095],[-75.79478,36.0799],[-75.79331,36.07825],[-75.79044,36.08028],[-75.79071,36.07799],[-75.79324,36.07784],[-75.79627,36.07467],[-75.7965,36.07284],[-75.79817,36.0722],[-75.83404,36.09357],[-75.84,36.0976],[-75.837,36.10293],[-75.8264,36.10403],[-75.82724,36.10544],[-75.82513,36.10632],[-75.82192,36.10278],[-75.81846,36.10186],[-75.81494,36.10235],[-75.81396,36.10131]]]]}},{"type":"Feature","properties":{"zcta":"23666","d":1320},"geometry":{"type":"Polygon","coordinates":[[[-76.43463,37.09491],[-76.4305,37.0961],[-76.42842,37.09512],[-76.42545,37.0923],[-76.42374,37.09178],[-76.41872,37.09213],[-76.41675,37.09329],[-76.41217,37.09295],[-76.40961,37.0919],[-76.40672,37.09273],[-76.40383,37.09491],[-76.39835,37.09667],[-76.39739,37.09815],[-76.39937,37.10023],[-76.39665,37.10009],[-76.39878,37.10209],[-76.39782,37.10387],[-76.40137,37.10297],[-76.40118,37.10556],[-76.39782,37.10744],[-76.3958,37.10717],[-76.39499,37.10626],[-76.3934,37.10832],[-76.39395,37.10615],[-76.3928,37.09416],[-76.38574,37.09058],[-76.3812,37.08535],[-76.37958,37.08],[-76.38151,37.0797],[-76.38262,37.07794],[-76.38097,37.07384],[-76.37236,37.07422],[-76.37144,37.07233],[-76.37174,37.06911],[-76.37024,37.06662],[-76.36817,37.06584],[-76.3683,37.06431],[-76.36631,37.06422],[-76.3626,37.06567],[-76.35656,37.06343],[-76.35597,37.06017],[-76.35827,37.05668],[-76.36144,37.05458],[-76.36342,37.05179],[-76.36146,37.05058],[-76.362,37.04629],[-76.36493,37.04704],[-76.36802,37.0438],[-76.36603,37.0425],[-76.36554,37.04065],[-76.36367,37.04091],[-76.36363,37.03835],[-76.3664,37.03823],[-76.36386,37.03654],[-76.36503,37.03536],[-76.36271,37.03352],[-76.36827,37.03213],[-76.37743,37.032],[-76.378,37.03134],[-76.38395,37.03187],[-76.38857,37.02871],[-76.39522,37.02756],[-76.3972,37.02554],[-76.40058,37.02317],[-76.40452,37.02329],[-76.40384,37.01877],[-76.40984,37.01828],[-76.41392,37.0151],[-76.41566,37.01259],[-76.4169,37.01279],[-76.42471,37.0254],[-76.42747,37.02472],[-76.42919,37.02687],[-76.43436,37.0245],[-76.43557,37.02723],[-76.43617,37.03358],[-76.4371,37.03474],[-76.44059,37.03386],[-76.44101,37.03649],[-76.44698,37.03484],[-76.44907,37.03743],[-76.44973,37.04324],[-76.45022,37.04496],[-76.4502,37.05097],[-76.44816,37.05523],[-76.44974,37.05659],[-76.45042,37.05988],[-76.44659,37.06856],[-76.44683,37.07106],[-76.45131,37.07703],[-76.44256,37.08518],[-76.4404,37.0849],[-76.43917,37.09091],[-76.43691,37.09037],[-76.43775,37.09405],[-76.43463,37.09491]]]}},{"type":"Feature","properties":{"zcta":"23068","d":138},"geometry":{"type":"Polygon","coordinates":[[[-76.34059,37.50516],[-76.33616,37.5044],[-76.33363,37.5028],[-76.33173,37.49993],[-76.32764,37.48979],[-76.32776,37.48819],[-76.32476,37.48592],[-76.32739,37.48572],[-76.32773,37.4878],[-76.33003,37.48849],[-76.33049,37.49087],[-76.33233,37.49178],[-76.33078,37.4892],[-76.33213,37.48716],[-76.3344,37.48851],[-76.33492,37.48677],[-76.34037,37.48723],[-76.34106,37.49011],[-76.34227,37.4851],[-76.34376,37.48707],[-76.34583,37.48785],[-76.34589,37.49048],[-76.34317,37.49313],[-76.3433,37.4948],[-76.33998,37.49466],[-76.33922,37.49936],[-76.34366,37.49836],[-76.34671,37.50398],[-76.34594,37.50406],[-76.34059,37.50516]]]}},{"type":"Feature","properties":{"zcta":"27916","d":58},"geometry":{"type":"Polygon","coordinates":[[[-75.90988,36.34344],[-75.90565,36.33404],[-75.89529,36.31962],[-75.88821,36.29341],[-75.88771,36.29252],[-75.88977,36.29402],[-75.89339,36.29342],[-75.89233,36.28961],[-75.8982,36.2894],[-75.89776,36.28692],[-75.90406,36.28597],[-75.90608,36.29525],[-75.91328,36.30786],[-75.91479,36.31006],[-75.9241,36.31479],[-75.92531,36.31422],[-75.92926,36.31938],[-75.92904,36.32231],[-75.93278,36.32244],[-75.9397,36.32086],[-75.94222,36.32676],[-75.94772,36.33468],[-75.94707,36.33539],[-75.95031,36.33941],[-75.95195,36.34249],[-75.9453,36.35252],[-75.94487,36.35803],[-75.93487,36.36754],[-75.93368,36.36471],[-75.93043,36.36438],[-75.92834,36.36218],[-75.92593,36.36213],[-75.92279,36.36021],[-75.92013,36.35687],[-75.91803,36.35142],[-75.91482,36.3515],[-75.90988,36.34344]]]}},{"type":"Feature","properties":{"zcta":"23608","d":1936},"geometry":{"type":"MultiPolygon","coordinates":[[[[-76.50931,37.14684],[-76.51149,37.14753],[-76.50869,37.14886],[-76.50931,37.14684]]],[[[-76.55879,37.17301],[-76.54918,37.17572],[-76.54356,37.1759],[-76.53308,37.17779],[-76.52657,37.17707],[-76.52174,37.17724],[-76.51719,37.17875],[-76.51485,37.17606],[-76.5151,37.17318],[-76.50445,37.15851],[-76.50449,37.15621],[-76.50614,37.15409],[-76.51295,37.14623],[-76.51179,37.146],[-76.5133,37.14289],[-76.51401,37.1438],[-76.51647,37.14228],[-76.51895,37.13925],[-76.52654,37.13518],[-76.52474,37.1329],[-76.52762,37.13152],[-76.52849,37.1332],[-76.53152,37.13239],[-76.53049,37.13053],[-76.53342,37.13088],[-76.5454,37.12532],[-76.55448,37.12482],[-76.55642,37.12222],[-76.5576,37.12382],[-76.56007,37.12449],[-76.5653,37.12203],[-76.56824,37.11944],[-76.56924,37.12357],[-76.57189,37.12611],[-76.57655,37.12428],[-76.57967,37.12527],[-76.58096,37.13041],[-76.57774,37.13333],[-76.58046,37.13477],[-76.5825,37.13297],[-76.58552,37.13212],[-76.58694,37.1349],[-76.58613,37.1396],[-76.58359,37.14115],[-76.58134,37.14093],[-76.57921,37.13938],[-76.57436,37.1402],[-76.56824,37.1392],[-76.56709,37.14259],[-76.56484,37.14377],[-76.56747,37.1447],[-76.56565,37.14587],[-76.56922,37.15035],[-76.56679,37.15402],[-76.56723,37.15673],[-76.56409,37.15767],[-76.56233,37.15953],[-76.56651,37.16402],[-76.57388,37.16824],[-76.57095,37.17203],[-76.55879,37.17301]]]]}},{"type":"Feature","properties":{"zcta":"23651","d":318},"geometry":{"type":"MultiPolygon","coordinates":[[[[-76.30259,36.98716],[-76.29986,36.98692],[-76.30033,36.98313],[-76.30268,36.98181],[-76.30528,36.98514],[-76.30259,36.98716]]],[[[-76.31561,37.01436],[-76.30728,37.0169],[-76.30415,37.0236],[-76.30616,37.02522],[-76.30333,37.02894],[-76.29746,37.0338],[-76.29451,37.03519],[-76.29295,37.03484],[-76.29665,37.02184],[-76.29731,37.01855],[-76.30035,37.00885],[-76.30427,37.00138],[-76.31205,37.00037],[-76.31456,37.00146],[-76.31334,37.00385],[-76.31468,37.01075],[-76.31763,37.0128],[-76.31561,37.01436]]],[[[-76.31656,37.00011],[-76.31864,36.9992],[-76.32065,37.00169],[-76.31921,37.0033],[-76.31656,37.00011]]]]}},{"type":"Feature","properties":{"zcta":"23056","d":25},"geometry":{"type":"Polygon","coordinates":[[[-76.40151,37.45858],[-76.38775,37.45707],[-76.38471,37.45884],[-76.38116,37.45653],[-76.38483,37.45305],[-76.38037,37.44978],[-76.38017,37.44529],[-76.37874,37.44023],[-76.38059,37.43392],[-76.37977,37.42965],[-76.3779,37.42539],[-76.3782,37.42049],[-76.38283,37.42018],[-76.387,37.4211],[-76.38806,37.41841],[-76.38719,37.41633],[-76.38363,37.41091],[-76.38469,37.40384],[-76.38322,37.39993],[-76.37979,37.39774],[-76.37589,37.39659],[-76.37023,37.39277],[-76.36576,37.39151],[-76.35761,37.38594],[-76.35656,37.38461],[-76.35469,37.38118],[-76.34957,37.37947],[-76.34673,37.37569],[-76.34835,37.3714],[-76.35169,37.36983],[-76.35514,37.36955],[-76.35989,37.37087],[-76.36262,37.37399],[-76.36675,37.3745],[-76.36726,37.37748],[-76.3707,37.38051],[-76.37383,37.38031],[-76.37795,37.38209],[-76.38525,37.38434],[-76.39144,37.39028],[-76.39685,37.40203],[-76.39723,37.40731],[-76.39567,37.4091],[-76.39804,37.41213],[-76.39899,37.41676],[-76.40348,37.4185],[-76.40834,37.42291],[-76.4129,37.42842],[-76.41104,37.43057],[-76.41121,37.43247],[-76.41305,37.43341],[-76.41173,37.43467],[-76.41351,37.43751],[-76.41343,37.43927],[-76.41509,37.44044],[-76.4097,37.44456],[-76.40898,37.44939],[-76.4066,37.45179],[-76.40476,37.45234],[-76.40482,37.4544],[-76.40238,37.45869],[-76.40151,37.45858]]]}},{"type":"Feature","properties":{"zcta":"23664","d":925},"geometry":{"type":"Polygon","coordinates":[[[-76.30156,37.10324],[-76.29746,37.10714],[-76.29602,37.10976],[-76.29191,37.10852],[-76.28538,37.10227],[-76.28348,37.10264],[-76.2799,37.10123],[-76.27446,37.09454],[-76.27135,37.08757],[-76.27433,37.08264],[-76.27354,37.08074],[-76.27789,37.07411],[-76.2807,37.0668],[-76.28221,37.0587],[-76.2878,37.04634],[-76.2898,37.0404],[-76.29295,37.03484],[-76.29451,37.03519],[-76.29746,37.0338],[-76.30333,37.02894],[-76.30616,37.02522],[-76.30907,37.02758],[-76.30781,37.02849],[-76.30968,37.03008],[-76.30243,37.03499],[-76.30544,37.03798],[-76.30437,37.04048],[-76.30561,37.04161],[-76.30142,37.04583],[-76.30266,37.04674],[-76.30046,37.04806],[-76.30063,37.05393],[-76.30299,37.05391],[-76.30733,37.05568],[-76.30155,37.05764],[-76.30039,37.05907],[-76.30105,37.06358],[-76.30268,37.06878],[-76.30413,37.07138],[-76.30313,37.07525],[-76.30496,37.07944],[-76.30542,37.08357],[-76.31174,37.102],[-76.30156,37.10324]]]}},{"type":"Feature","properties":{"zcta":"23607","d":1464},"geometry":{"type":"Polygon","coordinates":[[[-76.43505,36.99566],[-76.41897,37.00226],[-76.41815,37.00094],[-76.41122,37.00359],[-76.40502,36.9936],[-76.39963,36.99109],[-76.40127,36.99724],[-76.39657,36.99444],[-76.39535,36.99548],[-76.38771,36.98967],[-76.39637,36.98235],[-76.40051,36.97787],[-76.40148,36.97487],[-76.40857,36.96915],[-76.41099,36.963],[-76.41254,36.96233],[-76.42026,36.96395],[-76.42525,36.96642],[-76.435,36.97639],[-76.45212,36.99816],[-76.45282,37.00002],[-76.44783,37.00201],[-76.4489,37.0041],[-76.44823,37.00771],[-76.4551,37.01407],[-76.45374,37.01559],[-76.45325,37.0183],[-76.45143,37.0193],[-76.45394,37.02337],[-76.45246,37.02405],[-76.43505,36.99566]]]}},{"type":"Feature","properties":{"zcta":"27966","d":64},"geometry":{"type":"Polygon","coordinates":[[[-75.85891,36.16204],[-75.85915,36.15943],[-75.85793,36.15649],[-75.84889,36.1595],[-75.84727,36.16095],[-75.84613,36.16492],[-75.84659,36.16861],[-75.84087,36.16734],[-75.83994,36.16846],[-75.83665,36.16631],[-75.83437,36.16781],[-75.83128,36.16601],[-75.83105,36.16373],[-75.82471,36.16285],[-75.82394,36.16023],[-75.82504,36.15766],[-75.8228,36.15496],[-75.82353,36.1505],[-75.82501,36.1497],[-75.82557,36.14618],[-75.82244,36.14284],[-75.81755,36.14065],[-75.80677,36.1237],[-75.80677,36.1197],[-75.80347,36.11879],[-75.80361,36.11827],[-75.81122,36.1142],[-75.81778,36.11627],[-75.81665,36.1124],[-75.81849,36.11201],[-75.81791,36.10989],[-75.81932,36.10984],[-75.82119,36.10734],[-75.81494,36.10235],[-75.81846,36.10186],[-75.82192,36.10278],[-75.82513,36.10632],[-75.82724,36.10544],[-75.8264,36.10403],[-75.837,36.10293],[-75.84,36.0976],[-75.84397,36.10028],[-75.84539,36.10301],[-75.84932,36.10481],[-75.86674,36.12748],[-75.86433,36.1308],[-75.86573,36.13624],[-75.86404,36.14636],[-75.86155,36.15019],[-75.86306,36.15989],[-75.85891,36.16204]]]}},{"type":"Feature","properties":{"zcta":"23128","d":45},"geometry":{"type":"MultiPolygon","coordinates":[[[[-76.44476,37.46501],[-76.44598,37.47502],[-76.43462,37.47523],[-76.43032,37.47717],[-76.43103,37.47873],[-76.4274,37.48244],[-76.42075,37.48177],[-76.41596,37.47707],[-76.41645,37.46025],[-76.40238,37.45869],[-76.40482,37.4544],[-76.40476,37.45234],[-76.4066,37.45179],[-76.40898,37.44939],[-76.4097,37.44456],[-76.41509,37.44044],[-76.41343,37.43927],[-76.41351,37.43751],[-76.41173,37.43467],[-76.41305,37.43341],[-76.41121,37.43247],[-76.41104,37.43057],[-76.4129,37.42842],[-76.40834,37.42291],[-76.40348,37.4185],[-76.41289,37.41808],[-76.41453,37.41359],[-76.41939,37.4141],[-76.43222,37.41651],[-76.44474,37.41854],[-76.44794,37.42006],[-76.44803,37.4239],[-76.4499,37.42799],[-76.44937,37.43184],[-76.4464,37.43344],[-76.44798,37.43656],[-76.44426,37.43911],[-76.44681,37.44259],[-76.44533,37.4453],[-76.44872,37.44814],[-76.44836,37.44985],[-76.44233,37.45205],[-76.44304,37.45665],[-76.44474,37.45754],[-76.44413,37.45967],[-76.4462,37.46036],[-76.44701,37.46253],[-76.44654,37.46509],[-76.44476,37.46501]]],[[[-76.45507,37.46646],[-76.45537,37.46789],[-76.45845,37.47231],[-76.45777,37.47517],[-76.45991,37.475],[-76.46466,37.47677],[-76.45737,37.48201],[-76.45643,37.48514],[-76.45765,37.48791],[-76.45911,37.48885],[-76.46406,37.48993],[-76.46584,37.49215],[-76.46924,37.49475],[-76.46745,37.49453],[-76.45891,37.498],[-76.45238,37.49707],[-76.44359,37.49543],[-76.44538,37.49177],[-76.44962,37.48881],[-76.4502,37.48624],[-76.45183,37.4846],[-76.44907,37.48116],[-76.44958,37.47805],[-76.44719,37.47299],[-76.44776,37.46695],[-76.44654,37.46509],[-76.45507,37.46646]]]]}},{"type":"Feature","properties":{"zcta":"23138","d":55},"geometry":{"type":"Polygon","coordinates":[[[-76.33313,37.37491],[-76.33488,37.376],[-76.33304,37.37795],[-76.33468,37.38079],[-76.33258,37.38163],[-76.33425,37.38463],[-76.33269,37.38767],[-76.3341,37.38905],[-76.33275,37.39061],[-76.33338,37.39338],[-76.33476,37.39441],[-76.33424,37.39628],[-76.33157,37.39676],[-76.32823,37.40152],[-76.31714,37.40525],[-76.31263,37.39288],[-76.29133,37.39531],[-76.28687,37.39247],[-76.28943,37.38767],[-76.29381,37.3864],[-76.29196,37.38244],[-76.29051,37.38249],[-76.28627,37.37975],[-76.28723,37.37689],[-76.28399,37.37808],[-76.28379,37.37581],[-76.28052,37.3773],[-76.27725,37.37688],[-76.27493,37.37814],[-76.27221,37.37514],[-76.2687,37.37697],[-76.26572,37.37511],[-76.26486,37.37678],[-76.26082,37.3757],[-76.25712,37.3759],[-76.25902,37.37153],[-76.25592,37.37027],[-76.25951,37.36593],[-76.25578,37.36766],[-76.25929,37.36222],[-76.26241,37.36079],[-76.26485,37.3574],[-76.27219,37.35534],[-76.28195,37.35912],[-76.28505,37.35901],[-76.28677,37.36043],[-76.28854,37.36009],[-76.29188,37.35542],[-76.29308,37.35517],[-76.29046,37.36002],[-76.29144,37.36119],[-76.29391,37.35922],[-76.29434,37.36117],[-76.29643,37.36193],[-76.30016,37.36085],[-76.29998,37.36319],[-76.30121,37.36603],[-76.30512,37.36523],[-76.30302,37.36688],[-76.30379,37.36864],[-76.30657,37.36896],[-76.30732,37.36789],[-76.31096,37.3669],[-76.31149,37.3683],[-76.3151,37.36665],[-76.31417,37.36558],[-76.31602,37.36255],[-76.31795,37.36196],[-76.32062,37.35326],[-76.31751,37.35276],[-76.31794,37.34958],[-76.31453,37.34935],[-76.31214,37.36414],[-76.30402,37.35838],[-76.29832,37.35297],[-76.29764,37.34995],[-76.29621,37.34877],[-76.28927,37.34792],[-76.2837,37.35059],[-76.27774,37.35058],[-76.27754,37.35175],[-76.27306,37.35357],[-76.27468,37.34962],[-76.27337,37.34244],[-76.27093,37.34103],[-76.27254,37.3397],[-76.27289,37.33517],[-76.27599,37.33545],[-76.2748,37.33101],[-76.27146,37.32954],[-76.27223,37.32148],[-76.27455,37.31343],[-76.27621,37.31083],[-76.27801,37.3105],[-76.28039,37.31698],[-76.28255,37.31911],[-76.29131,37.32413],[-76.29478,37.32335],[-76.29724,37.32711],[-76.30667,37.32819],[-76.30858,37.32937],[-76.31205,37.33809],[-76.31414,37.33953],[-76.31378,37.34546],[-76.32065,37.34411],[-76.32091,37.34858],[-76.32228,37.34986],[-76.32512,37.34933],[-76.32626,37.35247],[-76.32964,37.354],[-76.33408,37.35968],[-76.33632,37.36117],[-76.33779,37.36577],[-76.34422,37.3692],[-76.34175,37.37459],[-76.33313,37.37491]]]}},{"type":"Feature","properties":{"zcta":"27946","d":12},"geometry":{"type":"Polygon","coordinates":[[[-76.6411,36.39249],[-76.63773,36.39087],[-76.6308,36.39275],[-76.62717,36.39087],[-76.62354,36.39191],[-76.62088,36.39074],[-76.62017,36.39515],[-76.62283,36.39787],[-76.60723,36.39472],[-76.60516,36.39907],[-76.60298,36.40643],[-76.60414,36.41246],[-76.59946,36.41345],[-76.59545,36.40868],[-76.59496,36.40681],[-76.59839,36.40394],[-76.60083,36.40373],[-76.6023,36.39911],[-76.6,36.39753],[-76.59989,36.39565],[-76.59156,36.39048],[-76.58847,36.38987],[-76.58674,36.38776],[-76.58086,36.38402],[-76.57516,36.38365],[-76.5695,36.38228],[-76.56602,36.38254],[-76.56427,36.38154],[-76.56719,36.39819],[-76.5649,36.3972],[-76.55079,36.39636],[-76.5453,36.39493],[-76.54293,36.39899],[-76.54102,36.40752],[-76.52931,36.4053],[-76.50722,36.4044],[-76.4967,36.40569],[-76.49426,36.40208],[-76.49477,36.39129],[-76.49478,36.37719],[-76.49376,36.36834],[-76.53918,36.35728],[-76.54772,36.35627],[-76.54662,36.35464],[-76.55689,36.35518],[-76.57076,36.33429],[-76.57417,36.3351],[-76.58017,36.33502],[-76.58612,36.33354],[-76.5845,36.33054],[-76.58466,36.32785],[-76.58605,36.32418],[-76.58548,36.31656],[-76.58462,36.31195],[-76.58599,36.30748],[-76.58937,36.30595],[-76.58511,36.30199],[-76.58838,36.3007],[-76.59863,36.30167],[-76.60732,36.30472],[-76.60971,36.30231],[-76.61118,36.30343],[-76.61571,36.30453],[-76.6158,36.30712],[-76.62338,36.3061],[-76.62453,36.30938],[-76.63445,36.30154],[-76.63935,36.29962],[-76.64026,36.30007],[-76.64073,36.30388],[-76.64749,36.30803],[-76.65426,36.3083],[-76.65721,36.31472],[-76.65938,36.31312],[-76.66129,36.31423],[-76.66479,36.31418],[-76.66508,36.31598],[-76.667,36.31397],[-76.6703,36.31475],[-76.67274,36.31561],[-76.67144,36.31655],[-76.67342,36.31777],[-76.67079,36.31935],[-76.67212,36.32199],[-76.66858,36.31852],[-76.66685,36.31947],[-76.66716,36.32197],[-76.66908,36.32277],[-76.66707,36.32351],[-76.66753,36.32537],[-76.66469,36.32783],[-76.66387,36.33068],[-76.6624,36.33075],[-76.6605,36.3333],[-76.66242,36.33557],[-76.66273,36.33938],[-76.66604,36.34126],[-76.66491,36.34438],[-76.66292,36.34723],[-76.66505,36.34756],[-76.67654,36.3527],[-76.68454,36.35726],[-76.682,36.36041],[-76.6784,36.36369],[-76.67806,36.36814],[-76.67889,36.37056],[-76.67688,36.37579],[-76.67483,36.37718],[-76.67218,36.38111],[-76.67126,36.38397],[-76.65901,36.38186],[-76.657,36.38079],[-76.64287,36.39461],[-76.6411,36.39249]]]}},{"type":"Feature","properties":{"zcta":"27947","d":42},"geometry":{"type":"MultiPolygon","coordinates":[[[[-75.86476,36.28499],[-75.85965,36.28321],[-75.85679,36.28066],[-75.85683,36.27796],[-75.86178,36.27471],[-75.86369,36.27541],[-75.86491,36.27878],[-75.86693,36.27721],[-75.86928,36.27921],[-75.86925,36.28344],[-75.86476,36.28499]]],[[[-75.91349,36.23542],[-75.91294,36.23808],[-75.9092,36.23781],[-75.90796,36.23871],[-75.9044,36.2373],[-75.89674,36.23971],[-75.89266,36.23448],[-75.89504,36.23369],[-75.89348,36.23113],[-75.89212,36.23112],[-75.89096,36.22778],[-75.89181,36.22524],[-75.89405,36.2246],[-75.89104,36.21999],[-75.88908,36.22057],[-75.88756,36.21698],[-75.88797,36.21542],[-75.88674,36.2126],[-75.88774,36.21102],[-75.88608,36.20533],[-75.88733,36.20289],[-75.88333,36.20335],[-75.87828,36.20718],[-75.87774,36.20425],[-75.87417,36.19945],[-75.87245,36.20064],[-75.86538,36.20297],[-75.86542,36.20567],[-75.85648,36.2075],[-75.85735,36.21145],[-75.85359,36.21284],[-75.8501,36.21306],[-75.84807,36.21575],[-75.84437,36.21722],[-75.84118,36.21651],[-75.83681,36.20384],[-75.83011,36.19651],[-75.82851,36.19014],[-75.83099,36.18973],[-75.83644,36.1988],[-75.83883,36.20038],[-75.84286,36.19925],[-75.84517,36.19523],[-75.84517,36.19185],[-75.84102,36.18855],[-75.84026,36.1772],[-75.83486,36.17169],[-75.83437,36.16781],[-75.83665,36.16631],[-75.83994,36.16846],[-75.84087,36.16734],[-75.84659,36.16861],[-75.84613,36.16492],[-75.84727,36.16095],[-75.84889,36.1595],[-75.85793,36.15649],[-75.85915,36.15943],[-75.85891,36.16204],[-75.86306,36.15989],[-75.87171,36.17304],[-75.87159,36.17572],[-75.87503,36.18414],[-75.89267,36.19814],[-75.89573,36.19868],[-75.90013,36.20303],[-75.89642,36.2083],[-75.89776,36.20953],[-75.90657,36.20876],[-75.90979,36.21255],[-75.90717,36.21836],[-75.91331,36.22333],[-75.91616,36.23551],[-75.91349,36.23542]]]]}},{"type":"Feature","properties":{"zcta":"27974","d":13},"geometry":{"type":"Polygon","coordinates":[[[-76.06514,36.28187],[-76.05839,36.28664],[-76.05412,36.28786],[-76.05012,36.28722],[-76.0459,36.28893],[-76.03799,36.29019],[-76.03821,36.29401],[-76.034,36.29393],[-75.99702,36.29029],[-75.99663,36.29226],[-75.99222,36.29796],[-75.99024,36.29798],[-75.98933,36.29945],[-75.98495,36.29938],[-75.9809,36.30058],[-75.97923,36.2998],[-75.97644,36.30179],[-75.9742,36.30143],[-75.97213,36.30262],[-75.97508,36.30674],[-75.97615,36.30486],[-75.97904,36.30394],[-75.97748,36.30619],[-75.97935,36.30713],[-75.98187,36.30616],[-75.98804,36.30563],[-75.98985,36.30463],[-75.99876,36.30632],[-76.00249,36.30556],[-76.00438,36.30774],[-76.00231,36.3092],[-76.00358,36.31115],[-76.00508,36.31101],[-76.00488,36.31573],[-76.00321,36.32095],[-76.00799,36.32237],[-76.00578,36.32285],[-76.00522,36.32496],[-76.00892,36.32705],[-76.01235,36.32538],[-76.01767,36.32494],[-76.01956,36.33037],[-76.02313,36.33104],[-76.02177,36.33438],[-76.02225,36.33548],[-76.0197,36.33635],[-76.01792,36.33852],[-76.01729,36.3437],[-76.02066,36.34482],[-76.02315,36.34357],[-76.02287,36.34054],[-76.02717,36.33881],[-76.03113,36.33794],[-76.03439,36.34069],[-76.0347,36.34323],[-76.03314,36.34307],[-76.02935,36.34513],[-76.02954,36.34779],[-76.03277,36.34971],[-76.03523,36.35347],[-76.03741,36.35495],[-76.0405,36.35498],[-76.0429,36.35553],[-76.04596,36.35834],[-76.04177,36.35539],[-76.03641,36.35517],[-76.03266,36.35084],[-76.02861,36.34877],[-76.02832,36.34477],[-76.03013,36.34305],[-76.03277,36.34224],[-76.0334,36.34051],[-76.03121,36.33849],[-76.02491,36.34101],[-76.02328,36.345],[-76.01919,36.34582],[-76.01671,36.34432],[-76.01714,36.33776],[-76.02041,36.33416],[-76.0205,36.33294],[-76.01824,36.33083],[-76.01723,36.32795],[-76.01356,36.3268],[-76.00996,36.32852],[-76.00791,36.32865],[-76.00174,36.32347],[-76.0013,36.32118],[-76.00187,36.31513],[-75.99965,36.31117],[-75.9958,36.3092],[-75.99061,36.30829],[-75.98252,36.30876],[-75.97585,36.31035],[-75.97108,36.30836],[-75.96962,36.30631],[-75.96966,36.29538],[-75.96785,36.29111],[-75.96485,36.28844],[-75.96044,36.28764],[-75.95641,36.28941],[-75.95157,36.28786],[-75.94843,36.28527],[-75.94857,36.2833],[-75.95036,36.28084],[-75.95027,36.27833],[-75.94901,36.27584],[-75.94955,36.27322],[-75.95167,36.27149],[-75.95988,36.26886],[-75.96251,36.26682],[-75.96525,36.26684],[-75.96891,36.26422],[-75.96708,36.255],[-75.96066,36.25101],[-75.95097,36.23546],[-75.94787,36.22439],[-75.94984,36.2154],[-75.95547,36.20495],[-75.9586,36.2024],[-75.95995,36.19888],[-75.94408,36.18737],[-75.94194,36.18463],[-75.94257,36.18143],[-75.93643,36.17756],[-75.91719,36.17263],[-75.91256,36.16782],[-75.91338,36.16544],[-75.92463,36.16455],[-75.93464,36.1659],[-75.96165,36.17197],[-76.00071,36.18013],[-76.01699,36.18637],[-76.01894,36.18832],[-76.02439,36.19569],[-76.02616,36.20201],[-76.04232,36.21102],[-76.04417,36.21975],[-76.0466,36.2208],[-76.05001,36.23107],[-76.05396,36.23483],[-76.05933,36.23469],[-76.06484,36.23713],[-76.07958,36.23824],[-76.08415,36.24821],[-76.08789,36.25028],[-76.08646,36.25245],[-76.08782,36.25811],[-76.08714,36.26049],[-76.08522,36.26218],[-76.08327,36.26621],[-76.08021,36.26793],[-76.08044,36.27079],[-76.08509,36.27318],[-76.08127,36.274],[-76.07419,36.27234],[-76.06962,36.27371],[-76.06818,36.27636],[-76.06514,36.28187]]]}},{"type":"Feature","properties":{"zcta":"27956","d":32},"geometry":{"type":"Polygon","coordinates":[[[-75.99239,36.40831],[-75.98771,36.40618],[-75.98711,36.40485],[-75.98428,36.40439],[-75.98198,36.40142],[-75.97847,36.39968],[-75.9777,36.39725],[-75.97524,36.39574],[-75.98075,36.39309],[-75.98285,36.39088],[-75.98407,36.39259],[-75.9864,36.39228],[-75.98923,36.39026],[-75.99136,36.39111],[-76.00126,36.38916],[-76.0028,36.38946],[-76.00526,36.39275],[-76.01697,36.39243],[-76.01836,36.39356],[-76.02149,36.38904],[-76.02633,36.38941],[-76.01999,36.39673],[-76.01978,36.40262],[-76.01831,36.40656],[-76.01125,36.41132],[-76.00864,36.41266],[-76.00327,36.4136],[-75.99942,36.41115],[-75.99495,36.40745],[-75.99466,36.40788],[-75.99239,36.40831]]]}},{"type":"Feature","properties":{"zcta":"23109","d":58},"geometry":{"type":"Polygon","coordinates":[[[-76.37625,37.46574],[-76.36924,37.46675],[-76.3641,37.47013],[-76.36031,37.47105],[-76.36068,37.48034],[-76.35497,37.4811],[-76.3538,37.48217],[-76.34659,37.47957],[-76.3377,37.47768],[-76.33179,37.4776],[-76.33018,37.47659],[-76.32651,37.471],[-76.32736,37.46752],[-76.32303,37.46818],[-76.31657,37.46575],[-76.31724,37.46433],[-76.31439,37.46289],[-76.31748,37.45947],[-76.31595,37.45703],[-76.31276,37.46227],[-76.30793,37.46108],[-76.30635,37.46158],[-76.30413,37.46],[-76.30366,37.45764],[-76.30498,37.45666],[-76.30211,37.45475],[-76.30181,37.45232],[-76.29496,37.45082],[-76.29507,37.44504],[-76.29313,37.44377],[-76.28918,37.44344],[-76.28436,37.43811],[-76.2919,37.43071],[-76.29682,37.42332],[-76.29506,37.42231],[-76.28375,37.41914],[-76.28378,37.41762],[-76.28073,37.418],[-76.27566,37.41484],[-76.27147,37.41497],[-76.26926,37.41346],[-76.26831,37.41458],[-76.26269,37.41786],[-76.26072,37.41792],[-76.25452,37.42079],[-76.25392,37.41853],[-76.2576,37.41777],[-76.25964,37.41629],[-76.25603,37.41237],[-76.25472,37.40969],[-76.25968,37.40558],[-76.26548,37.40257],[-76.26687,37.40364],[-76.26984,37.40025],[-76.27202,37.40098],[-76.27811,37.39928],[-76.28035,37.39745],[-76.27904,37.39632],[-76.28252,37.39517],[-76.28392,37.39262],[-76.28687,37.39247],[-76.29133,37.39531],[-76.31263,37.39288],[-76.31714,37.40525],[-76.32823,37.40152],[-76.33157,37.39676],[-76.33424,37.39628],[-76.33476,37.39441],[-76.33338,37.39338],[-76.33275,37.39061],[-76.3341,37.38905],[-76.33269,37.38767],[-76.33425,37.38463],[-76.33258,37.38163],[-76.33468,37.38079],[-76.33304,37.37795],[-76.33488,37.376],[-76.33313,37.37491],[-76.34175,37.37459],[-76.33895,37.38421],[-76.33894,37.38848],[-76.34326,37.39582],[-76.34845,37.40159],[-76.34878,37.40457],[-76.34787,37.40729],[-76.34461,37.41099],[-76.34434,37.41279],[-76.34821,37.41565],[-76.35038,37.41824],[-76.3586,37.41985],[-76.36035,37.42243],[-76.36407,37.42623],[-76.36451,37.42886],[-76.36366,37.43383],[-76.36162,37.43477],[-76.35917,37.44024],[-76.35696,37.44179],[-76.35632,37.44468],[-76.36026,37.4472],[-76.3625,37.44628],[-76.3656,37.44644],[-76.37048,37.44837],[-76.37292,37.44795],[-76.3755,37.45006],[-76.37648,37.45262],[-76.38024,37.45576],[-76.38036,37.45728],[-76.37625,37.46574]]]}},{"type":"Feature","properties":{"zcta":"27958","d":73},"geometry":{"type":"MultiPolygon","coordinates":[[[[-76.02909,36.46714],[-76.02661,36.46774],[-76.02444,36.46526],[-76.02787,36.46418],[-76.02909,36.46714]]],[[[-76.19715,36.55047],[-76.15174,36.55048],[-76.15284,36.54818],[-76.15131,36.54643],[-76.152,36.54213],[-76.15451,36.53994],[-76.15006,36.53753],[-76.14747,36.53487],[-76.1399,36.53582],[-76.13694,36.53283],[-76.13393,36.53368],[-76.13156,36.53738],[-76.12864,36.53722],[-76.12462,36.53512],[-76.12175,36.5324],[-76.12478,36.5293],[-76.12383,36.5271],[-76.12024,36.52653],[-76.11779,36.52711],[-76.1126,36.53147],[-76.10765,36.53223],[-76.10397,36.53197],[-76.1019,36.52954],[-76.10059,36.52596],[-76.09412,36.5261],[-76.09189,36.52488],[-76.0918,36.52292],[-76.09471,36.5181],[-76.08687,36.51298],[-76.07623,36.51264],[-76.07282,36.50825],[-76.07233,36.50392],[-76.04014,36.50463],[-76.03919,36.5],[-76.0432,36.50316],[-76.04586,36.49855],[-76.04829,36.49204],[-76.04549,36.48458],[-76.04425,36.48331],[-76.03867,36.48076],[-76.03608,36.47799],[-76.03526,36.47522],[-76.03307,36.46052],[-76.03185,36.459],[-76.02613,36.46152],[-76.02402,36.46351],[-76.02087,36.45994],[-76.02082,36.45986],[-76.02414,36.45847],[-76.02415,36.45704],[-76.02922,36.45566],[-76.02606,36.45304],[-76.02557,36.44952],[-76.02765,36.44915],[-76.02751,36.44661],[-76.02513,36.44712],[-76.02534,36.44304],[-76.02681,36.44278],[-76.02665,36.43924],[-76.02546,36.43924],[-76.0263,36.43493],[-76.03649,36.43439],[-76.03709,36.43951],[-76.04251,36.43915],[-76.04275,36.4421],[-76.04058,36.44319],[-76.04342,36.44554],[-76.04516,36.44542],[-76.04565,36.44867],[-76.05951,36.44831],[-76.05723,36.44368],[-76.05627,36.44042],[-76.06502,36.43964],[-76.06937,36.43976],[-76.06873,36.43428],[-76.07099,36.43496],[-76.07793,36.43875],[-76.08163,36.43525],[-76.08339,36.43716],[-76.09037,36.43285],[-76.09438,36.43149],[-76.09949,36.43594],[-76.09744,36.42765],[-76.10966,36.42203],[-76.1218,36.42053],[-76.12201,36.42163],[-76.12779,36.4287],[-76.12797,36.43005],[-76.13094,36.42812],[-76.14804,36.39462],[-76.15747,36.39818],[-76.15853,36.42533],[-76.17653,36.44002],[-76.25051,36.50028],[-76.3133,36.55055],[-76.19715,36.55047]]]]}},{"type":"Feature","properties":{"zcta":"27973","d":23},"geometry":{"type":"Polygon","coordinates":[[[-76.05353,36.42787],[-76.05172,36.42178],[-76.06338,36.42124],[-76.06174,36.41181],[-76.06297,36.40828],[-76.06738,36.40789],[-76.06972,36.40699],[-76.08077,36.40684],[-76.07981,36.39216],[-76.08011,36.38538],[-76.07279,36.38369],[-76.05736,36.39067],[-76.05256,36.39139],[-76.02695,36.38945],[-76.03375,36.38864],[-76.03747,36.38738],[-76.03928,36.3812],[-76.0379,36.37632],[-76.03929,36.37279],[-76.03907,36.36884],[-76.04332,36.36724],[-76.0417,36.36611],[-76.04177,36.36373],[-76.0446,36.36277],[-76.04596,36.35834],[-76.0429,36.35553],[-76.0405,36.35498],[-76.03741,36.35495],[-76.03523,36.35347],[-76.03277,36.34971],[-76.02954,36.34779],[-76.02935,36.34513],[-76.03314,36.34307],[-76.0347,36.34323],[-76.03439,36.34069],[-76.03113,36.33794],[-76.02717,36.33881],[-76.02287,36.34054],[-76.02315,36.34357],[-76.02066,36.34482],[-76.01729,36.3437],[-76.01792,36.33852],[-76.0197,36.33635],[-76.02225,36.33548],[-76.02177,36.33438],[-76.02313,36.33104],[-76.01956,36.33037],[-76.01767,36.32494],[-76.01235,36.32538],[-76.00892,36.32705],[-76.00522,36.32496],[-76.00578,36.32285],[-76.00799,36.32237],[-76.00321,36.32095],[-76.00488,36.31573],[-76.00508,36.31101],[-76.00358,36.31115],[-76.00231,36.3092],[-76.00438,36.30774],[-76.00249,36.30556],[-75.99876,36.30632],[-75.98985,36.30463],[-75.98804,36.30563],[-75.98187,36.30616],[-75.97935,36.30713],[-75.97748,36.30619],[-75.97904,36.30394],[-75.97615,36.30486],[-75.97508,36.30674],[-75.97213,36.30262],[-75.9742,36.30143],[-75.97644,36.30179],[-75.97923,36.2998],[-75.9809,36.30058],[-75.98495,36.29938],[-75.98933,36.29945],[-75.99024,36.29798],[-75.99222,36.29796],[-75.99663,36.29226],[-75.99702,36.29029],[-76.034,36.29393],[-76.03821,36.29401],[-76.03799,36.29019],[-76.0459,36.28893],[-76.05012,36.28722],[-76.05412,36.28786],[-76.05839,36.28664],[-76.06514,36.28187],[-76.06818,36.27636],[-76.06932,36.2779],[-76.05168,36.30825],[-76.05567,36.30668],[-76.06012,36.30283],[-76.0635,36.30264],[-76.06471,36.30565],[-76.06354,36.30589],[-76.06441,36.31362],[-76.06651,36.31817],[-76.064,36.31864],[-76.06321,36.31718],[-76.06094,36.31749],[-76.06325,36.325],[-76.07213,36.32668],[-76.07283,36.32824],[-76.07109,36.33109],[-76.072,36.33253],[-76.07521,36.33397],[-76.07575,36.33561],[-76.06999,36.34495],[-76.06905,36.34562],[-76.07304,36.34947],[-76.07341,36.34625],[-76.07605,36.34703],[-76.0748,36.34856],[-76.07828,36.34706],[-76.08106,36.34808],[-76.0827,36.35046],[-76.08343,36.34949],[-76.08498,36.35215],[-76.08633,36.3497],[-76.09055,36.35212],[-76.09675,36.35194],[-76.09768,36.35349],[-76.10121,36.35347],[-76.10367,36.35452],[-76.10849,36.3551],[-76.11407,36.3575],[-76.11559,36.35927],[-76.12181,36.37109],[-76.14804,36.39462],[-76.13094,36.42812],[-76.12797,36.43005],[-76.12779,36.4287],[-76.12201,36.42163],[-76.1218,36.42053],[-76.10966,36.42203],[-76.09744,36.42765],[-76.09949,36.43594],[-76.09438,36.43149],[-76.09037,36.43285],[-76.08339,36.43716],[-76.08163,36.43525],[-76.07793,36.43875],[-76.07099,36.43496],[-76.06873,36.43428],[-76.06937,36.43976],[-76.06502,36.43964],[-76.05627,36.44042],[-76.05353,36.42787]]]}},{"type":"Feature","properties":{"zcta":"27965","d":16},"geometry":{"type":"Polygon","coordinates":[[[-75.94772,36.33468],[-75.94222,36.32676],[-75.9397,36.32086],[-75.93278,36.32244],[-75.92904,36.32231],[-75.92926,36.31938],[-75.92531,36.31422],[-75.9241,36.31479],[-75.91479,36.31006],[-75.91328,36.30786],[-75.90608,36.29525],[-75.90406,36.28597],[-75.89776,36.28692],[-75.8982,36.2894],[-75.89233,36.28961],[-75.89339,36.29342],[-75.88977,36.29402],[-75.88771,36.29252],[-75.88338,36.28474],[-75.87262,36.28227],[-75.86925,36.28344],[-75.86928,36.27921],[-75.86693,36.27721],[-75.86599,36.27592],[-75.86717,36.27282],[-75.87427,36.27087],[-75.8762,36.26582],[-75.87915,36.26362],[-75.88556,36.26124],[-75.88434,36.25872],[-75.89292,36.25529],[-75.89609,36.25833],[-75.89773,36.25733],[-75.90733,36.25545],[-75.90422,36.25131],[-75.90418,36.24914],[-75.90189,36.24665],[-75.89674,36.23971],[-75.9044,36.2373],[-75.90796,36.23871],[-75.9092,36.23781],[-75.91294,36.23808],[-75.91349,36.23542],[-75.91616,36.23551],[-75.91673,36.23792],[-75.92329,36.24595],[-75.94704,36.25866],[-75.95861,36.25968],[-75.95948,36.26433],[-75.96251,36.26682],[-75.95988,36.26886],[-75.95167,36.27149],[-75.94955,36.27322],[-75.94901,36.27584],[-75.95027,36.27833],[-75.95036,36.28084],[-75.94857,36.2833],[-75.94843,36.28527],[-75.95157,36.28786],[-75.95641,36.28941],[-75.96044,36.28764],[-75.96485,36.28844],[-75.96785,36.29111],[-75.96966,36.29538],[-75.96962,36.30631],[-75.97108,36.30836],[-75.97225,36.31628],[-75.96641,36.32247],[-75.95442,36.34092],[-75.94772,36.33468]]]}},{"type":"Feature","properties":{"zcta":"23523","d":1583},"geometry":{"type":"Polygon","coordinates":[[[-76.27496,36.83985],[-76.26258,36.8408],[-76.24376,36.83686],[-76.24553,36.83317],[-76.25747,36.82076],[-76.26042,36.82238],[-76.27471,36.82804],[-76.27696,36.82489],[-76.28433,36.82199],[-76.28996,36.82205],[-76.29314,36.82922],[-76.29496,36.83335],[-76.29504,36.83705],[-76.29426,36.84165],[-76.29586,36.84385],[-76.27496,36.83985]]]}},{"type":"Feature","properties":{"zcta":"23322","d":199},"geometry":{"type":"Polygon","coordinates":[[[-76.48007,36.62275],[-76.47487,36.62365],[-76.46827,36.62085],[-76.45687,36.61555],[-76.45367,36.61195],[-76.45157,36.61105],[-76.44847,36.60825],[-76.44817,36.60685],[-76.41297,36.67545],[-76.39257,36.67255],[-76.39096,36.67205],[-76.36486,36.67055],[-76.35131,36.71982],[-76.35065,36.71974],[-76.35788,36.69405],[-76.35692,36.69217],[-76.35089,36.68918],[-76.34713,36.68809],[-76.34695,36.67966],[-76.34727,36.67726],[-76.34932,36.67421],[-76.35344,36.67048],[-76.35477,36.66626],[-76.35407,36.6548],[-76.35548,36.64944],[-76.34835,36.64738],[-76.34505,36.65647],[-76.33909,36.65548],[-76.34287,36.64605],[-76.34034,36.64535],[-76.34111,36.6437],[-76.33913,36.6431],[-76.33813,36.64095],[-76.33359,36.64927],[-76.33181,36.65376],[-76.32571,36.6524],[-76.32343,36.65896],[-76.31942,36.65847],[-76.31848,36.65166],[-76.31861,36.649],[-76.31035,36.64725],[-76.30819,36.64394],[-76.30697,36.64027],[-76.29261,36.63174],[-76.28937,36.63063],[-76.29032,36.6356],[-76.28465,36.63749],[-76.28455,36.64356],[-76.28599,36.64652],[-76.28588,36.65852],[-76.2782,36.67679],[-76.2823,36.6823],[-76.28498,36.68705],[-76.29408,36.70446],[-76.30105,36.7085],[-76.29802,36.71176],[-76.30177,36.71916],[-76.30373,36.71833],[-76.30988,36.7179],[-76.31051,36.72254],[-76.30175,36.72795],[-76.29881,36.73199],[-76.29484,36.7363],[-76.29156,36.73454],[-76.28759,36.73477],[-76.28306,36.73185],[-76.27958,36.73193],[-76.27496,36.73005],[-76.26868,36.73157],[-76.26389,36.72953],[-76.26472,36.72663],[-76.26286,36.72375],[-76.25793,36.72422],[-76.25628,36.72512],[-76.25052,36.72478],[-76.23986,36.72091],[-76.23725,36.72034],[-76.22615,36.72081],[-76.21009,36.72208],[-76.20743,36.72204],[-76.18639,36.72369],[-76.17052,36.7237],[-76.11264,36.72343],[-76.10996,36.72276],[-76.09845,36.71675],[-76.09755,36.71605],[-76.08894,36.71366],[-76.08215,36.71245],[-76.08035,36.70574],[-76.07275,36.69655],[-76.068,36.69258],[-76.06555,36.68555],[-76.06915,36.67745],[-76.07395,36.67845],[-76.07685,36.67725],[-76.07965,36.67865],[-76.08615,36.67585],[-76.09535,36.67465],[-76.09978,36.67337],[-76.10066,36.67045],[-76.12195,36.66575],[-76.12236,36.64571],[-76.12193,36.59512],[-76.12162,36.58837],[-76.12255,36.58525],[-76.12275,36.57952],[-76.12235,36.55049],[-76.15174,36.55048],[-76.19715,36.55047],[-76.3133,36.55055],[-76.46527,36.55095],[-76.49148,36.55073],[-76.48835,36.57052],[-76.48677,36.59015],[-76.48297,36.62055],[-76.48007,36.62275]]]}},{"type":"Feature","properties":{"zcta":"23323","d":166},"geometry":{"type":"Polygon","coordinates":[[[-76.36187,36.76381],[-76.3624,36.76607],[-76.36444,36.76903],[-76.36988,36.77061],[-76.37177,36.77189],[-76.36453,36.77201],[-76.36684,36.77399],[-76.37137,36.7759],[-76.38677,36.77883],[-76.39171,36.78084],[-76.39446,36.78334],[-76.39517,36.78548],[-76.39498,36.78896],[-76.39283,36.79135],[-76.38463,36.7957],[-76.37568,36.78606],[-76.34207,36.79103],[-76.32881,36.793],[-76.32264,36.79418],[-76.32004,36.79514],[-76.30297,36.79785],[-76.30145,36.79911],[-76.30072,36.79845],[-76.29533,36.79901],[-76.29214,36.79866],[-76.29283,36.79715],[-76.29736,36.79255],[-76.30286,36.79075],[-76.30336,36.78655],[-76.30456,36.78455],[-76.30846,36.78045],[-76.30655,36.7776],[-76.29712,36.77694],[-76.29508,36.77518],[-76.29859,36.76704],[-76.29968,36.76203],[-76.29516,36.75345],[-76.29736,36.74735],[-76.29678,36.74446],[-76.2982,36.74187],[-76.29613,36.73739],[-76.29484,36.7363],[-76.29881,36.73199],[-76.30175,36.72795],[-76.31051,36.72254],[-76.30988,36.7179],[-76.30373,36.71833],[-76.30177,36.71916],[-76.29802,36.71176],[-76.30105,36.7085],[-76.29408,36.70446],[-76.28498,36.68705],[-76.2823,36.6823],[-76.2782,36.67679],[-76.28588,36.65852],[-76.28599,36.64652],[-76.28455,36.64356],[-76.28465,36.63749],[-76.29032,36.6356],[-76.28937,36.63063],[-76.29261,36.63174],[-76.30697,36.64027],[-76.30819,36.64394],[-76.31035,36.64725],[-76.31861,36.649],[-76.31848,36.65166],[-76.31942,36.65847],[-76.32343,36.65896],[-76.32571,36.6524],[-76.33181,36.65376],[-76.33359,36.64927],[-76.33813,36.64095],[-76.33913,36.6431],[-76.34111,36.6437],[-76.34034,36.64535],[-76.34287,36.64605],[-76.33909,36.65548],[-76.34505,36.65647],[-76.34835,36.64738],[-76.35548,36.64944],[-76.35407,36.6548],[-76.35477,36.66626],[-76.35344,36.67048],[-76.34932,36.67421],[-76.34727,36.67726],[-76.34695,36.67966],[-76.34713,36.68809],[-76.35089,36.68918],[-76.35692,36.69217],[-76.35788,36.69405],[-76.35065,36.71974],[-76.35131,36.71982],[-76.36486,36.67055],[-76.39096,36.67205],[-76.39257,36.67255],[-76.41297,36.67545],[-76.44817,36.60685],[-76.44847,36.60825],[-76.45157,36.61105],[-76.45367,36.61195],[-76.45687,36.61555],[-76.46827,36.62085],[-76.47487,36.62365],[-76.48007,36.62275],[-76.48297,36.62055],[-76.48207,36.62855],[-76.47162,36.70867],[-76.46677,36.74625],[-76.36187,36.76381]]]}},{"type":"Feature","properties":{"zcta":"27964","d":215},"geometry":{"type":"Polygon","coordinates":[[[-75.79943,36.11767],[-75.79903,36.11394],[-75.80155,36.11191],[-75.80322,36.1063],[-75.80248,36.10219],[-75.80302,36.09872],[-75.79645,36.09258],[-75.79044,36.08028],[-75.79331,36.07825],[-75.79478,36.0799],[-75.80037,36.08095],[-75.80204,36.08227],[-75.80013,36.08295],[-75.80398,36.08912],[-75.80851,36.09243],[-75.81152,36.09575],[-75.81396,36.10131],[-75.81494,36.10235],[-75.81352,36.1023],[-75.8134,36.10512],[-75.81477,36.10626],[-75.81312,36.10996],[-75.81557,36.11078],[-75.81665,36.1124],[-75.81778,36.11627],[-75.81122,36.1142],[-75.80361,36.11827],[-75.80347,36.11879],[-75.79943,36.11767]]]}},{"type":"Feature","properties":{"zcta":"23509","d":2457},"geometry":{"type":"Polygon","coordinates":[[[-76.27348,36.89339],[-76.272,36.89622],[-76.26816,36.90048],[-76.26724,36.90253],[-76.2611,36.90162],[-76.25835,36.90522],[-76.25648,36.90453],[-76.25567,36.89845],[-76.25629,36.89702],[-76.2542,36.8888],[-76.25229,36.88836],[-76.25217,36.88528],[-76.25029,36.88304],[-76.25271,36.88259],[-76.24789,36.86329],[-76.25329,36.86015],[-76.25591,36.85929],[-76.25663,36.86301],[-76.25881,36.86512],[-76.26197,36.86552],[-76.2634,36.86683],[-76.2678,36.86872],[-76.27124,36.87105],[-76.27418,36.87574],[-76.27236,36.87955],[-76.27486,36.88205],[-76.27616,36.88705],[-76.27796,36.88785],[-76.27348,36.89339]]]}},{"type":"Feature","properties":{"zcta":"27917","d":16},"geometry":{"type":"Polygon","coordinates":[[[-76.02633,36.38941],[-76.02149,36.38904],[-76.01836,36.39356],[-76.01697,36.39243],[-76.00526,36.39275],[-76.0028,36.38946],[-76.00126,36.38916],[-75.99136,36.39111],[-75.98923,36.39026],[-75.9864,36.39228],[-75.98407,36.39259],[-75.98285,36.39088],[-75.98075,36.39309],[-75.97524,36.39574],[-75.9777,36.39725],[-75.97847,36.39968],[-75.98198,36.40142],[-75.98428,36.40439],[-75.98711,36.40485],[-75.98771,36.40618],[-75.99239,36.40831],[-75.99466,36.40788],[-75.98208,36.41407],[-75.97636,36.40894],[-75.9717,36.40771],[-75.9588,36.40775],[-75.95628,36.40083],[-75.95352,36.39913],[-75.95354,36.39811],[-75.94692,36.35988],[-75.94659,36.35552],[-75.95889,36.35114],[-75.95957,36.34631],[-75.95901,36.34489],[-75.95442,36.34092],[-75.96641,36.32247],[-75.97225,36.31628],[-75.97108,36.30836],[-75.97585,36.31035],[-75.98252,36.30876],[-75.99061,36.30829],[-75.9958,36.3092],[-75.99965,36.31117],[-76.00187,36.31513],[-76.0013,36.32118],[-76.00174,36.32347],[-76.00791,36.32865],[-76.00996,36.32852],[-76.01356,36.3268],[-76.01723,36.32795],[-76.01824,36.33083],[-76.0205,36.33294],[-76.02041,36.33416],[-76.01714,36.33776],[-76.01671,36.34432],[-76.01919,36.34582],[-76.02328,36.345],[-76.02491,36.34101],[-76.03121,36.33849],[-76.0334,36.34051],[-76.03277,36.34224],[-76.03013,36.34305],[-76.02832,36.34477],[-76.02861,36.34877],[-76.03266,36.35084],[-76.03641,36.35517],[-76.04177,36.35539],[-76.04596,36.35834],[-76.0446,36.36277],[-76.04177,36.36373],[-76.0417,36.36611],[-76.04332,36.36724],[-76.03907,36.36884],[-76.03929,36.37279],[-76.0379,36.37632],[-76.03928,36.3812],[-76.03747,36.38738],[-76.03375,36.38864],[-76.02695,36.38945],[-76.02633,36.38941]]]}},{"type":"Feature","properties":{"zcta":"23602","d":1510},"geometry":{"type":"Polygon","coordinates":[[[-76.56824,37.11944],[-76.5653,37.12203],[-76.56007,37.12449],[-76.5576,37.12382],[-76.55642,37.12222],[-76.55448,37.12482],[-76.5454,37.12532],[-76.53342,37.13088],[-76.53049,37.13053],[-76.53152,37.13239],[-76.52849,37.1332],[-76.52762,37.13152],[-76.52474,37.1329],[-76.52654,37.13518],[-76.51895,37.13925],[-76.51647,37.14228],[-76.51401,37.1438],[-76.5133,37.14289],[-76.51179,37.146],[-76.51295,37.14623],[-76.50614,37.15409],[-76.46082,37.10304],[-76.45832,37.1007],[-76.45764,37.09828],[-76.46026,37.09655],[-76.46435,37.09517],[-76.46828,37.10119],[-76.47217,37.10538],[-76.47614,37.105],[-76.48049,37.1032],[-76.48103,37.10459],[-76.49019,37.10441],[-76.49408,37.10495],[-76.49193,37.10155],[-76.49899,37.10189],[-76.50183,37.1037],[-76.50341,37.10173],[-76.50181,37.10069],[-76.50869,37.09887],[-76.50805,37.09798],[-76.51446,37.09695],[-76.51269,37.09347],[-76.51558,37.09366],[-76.51669,37.09197],[-76.51957,37.09175],[-76.52227,37.08995],[-76.52297,37.08265],[-76.52848,37.07972],[-76.54314,37.08909],[-76.54255,37.09061],[-76.54374,37.09373],[-76.54671,37.09629],[-76.55241,37.09866],[-76.55562,37.10492],[-76.55669,37.10805],[-76.56025,37.11127],[-76.56482,37.11242],[-76.56761,37.11632],[-76.56924,37.12357],[-76.56824,37.11944]],[[-76.51149,37.14753],[-76.50931,37.14684],[-76.50869,37.14886],[-76.51149,37.14753]]]}},{"type":"Feature","properties":{"zcta":"23883","d":21},"geometry":{"type":"Polygon","coordinates":[[[-76.79461,37.18941],[-76.78973,37.18771],[-76.78539,37.18426],[-76.78344,37.18127],[-76.78272,37.17824],[-76.77939,37.17644],[-76.77583,37.17559],[-76.77311,37.17358],[-76.76193,37.16811],[-76.7605,37.16555],[-76.7567,37.1629],[-76.7569,37.16158],[-76.75443,37.15864],[-76.75171,37.15665],[-76.75089,37.15443],[-76.74763,37.15055],[-76.74267,37.14784],[-76.73728,37.14616],[-76.73032,37.1454],[-76.7214,37.14632],[-76.71529,37.14804],[-76.70776,37.15874],[-76.70631,37.16527],[-76.70393,37.16811],[-76.70286,37.17067],[-76.69763,37.17436],[-76.69541,37.17849],[-76.69293,37.18615],[-76.69199,37.19502],[-76.68658,37.19727],[-76.68114,37.1928],[-76.67767,37.18856],[-76.66989,37.18357],[-76.66377,37.17388],[-76.66427,37.17103],[-76.66867,37.16677],[-76.67147,37.15874],[-76.6703,37.15163],[-76.67159,37.14206],[-76.67542,37.13904],[-76.67574,37.1365],[-76.67261,37.13388],[-76.67265,37.13277],[-76.67582,37.13215],[-76.67822,37.1304],[-76.68029,37.12629],[-76.67997,37.11768],[-76.67713,37.11392],[-76.67936,37.11143],[-76.67517,37.10864],[-76.67843,37.10405],[-76.68112,37.10688],[-76.68403,37.10405],[-76.68208,37.09866],[-76.68414,37.09701],[-76.68169,37.09378],[-76.68384,37.09263],[-76.68435,37.08847],[-76.68787,37.08732],[-76.68777,37.08602],[-76.69373,37.08463],[-76.69565,37.08328],[-76.69841,37.08312],[-76.70182,37.08435],[-76.70529,37.08711],[-76.70968,37.08254],[-76.70995,37.07887],[-76.71141,37.07583],[-76.71475,37.07276],[-76.72141,37.07129],[-76.73223,37.06495],[-76.73304,37.06268],[-76.73462,37.06401],[-76.73561,37.06047],[-76.73473,37.05766],[-76.73255,37.05512],[-76.73273,37.05368],[-76.73547,37.05085],[-76.73368,37.04651],[-76.74832,37.04052],[-76.75445,37.04623],[-76.7592,37.0461],[-76.75919,37.05023],[-76.77098,37.04927],[-76.77672,37.05574],[-76.77338,37.05922],[-76.76454,37.07349],[-76.76247,37.07628],[-76.76101,37.07999],[-76.75837,37.08371],[-76.76411,37.08847],[-76.78479,37.10423],[-76.78938,37.10634],[-76.79163,37.10608],[-76.79559,37.10262],[-76.80448,37.09699],[-76.80621,37.09949],[-76.81054,37.1003],[-76.81129,37.10152],[-76.81965,37.09924],[-76.82575,37.10212],[-76.82725,37.10497],[-76.82806,37.10935],[-76.8267,37.12137],[-76.82533,37.12344],[-76.8279,37.12724],[-76.82986,37.12755],[-76.83397,37.13174],[-76.83625,37.13252],[-76.83729,37.13082],[-76.84376,37.13463],[-76.83859,37.14584],[-76.8319,37.14327],[-76.8273,37.15026],[-76.82556,37.15172],[-76.82763,37.15256],[-76.8342,37.15672],[-76.83854,37.15769],[-76.83815,37.15954],[-76.83978,37.16352],[-76.83769,37.1675],[-76.83552,37.16738],[-76.83472,37.16592],[-76.83269,37.16617],[-76.82988,37.16869],[-76.82688,37.16841],[-76.82562,37.17027],[-76.82594,37.17265],[-76.82771,37.17501],[-76.82434,37.17766],[-76.82205,37.17693],[-76.82251,37.17253],[-76.81876,37.17187],[-76.81081,37.17478],[-76.80829,37.17819],[-76.80559,37.17734],[-76.80314,37.17856],[-76.80469,37.18153],[-76.80328,37.18673],[-76.80054,37.18755],[-76.80326,37.18798],[-76.7969,37.1894],[-76.79461,37.18941]]]}},{"type":"Feature","properties":{"zcta":"23321","d":690},"geometry":{"type":"Polygon","coordinates":[[[-76.45747,36.81484],[-76.45069,36.82671],[-76.44171,36.8401],[-76.442,36.84136],[-76.43912,36.84469],[-76.43918,36.84859],[-76.43654,36.84775],[-76.42197,36.86485],[-76.42037,36.86635],[-76.40714,36.86645],[-76.40343,36.86698],[-76.39999,36.8663],[-76.39848,36.86508],[-76.39909,36.85988],[-76.39732,36.85916],[-76.39622,36.85695],[-76.39187,36.85655],[-76.39127,36.85435],[-76.38834,36.85311],[-76.38705,36.85125],[-76.38827,36.84895],[-76.38827,36.84495],[-76.38347,36.83755],[-76.38847,36.83435],[-76.3888,36.83352],[-76.39547,36.82815],[-76.40367,36.81405],[-76.40026,36.80644],[-76.39496,36.8065],[-76.39173,36.80512],[-76.39105,36.80311],[-76.3872,36.80063],[-76.387,36.79855],[-76.38463,36.7957],[-76.39283,36.79135],[-76.39498,36.78896],[-76.39517,36.78548],[-76.39446,36.78334],[-76.39171,36.78084],[-76.38677,36.77883],[-76.37137,36.7759],[-76.36684,36.77399],[-76.36453,36.77201],[-76.37177,36.77189],[-76.36988,36.77061],[-76.36444,36.76903],[-76.3624,36.76607],[-76.36187,36.76381],[-76.46677,36.74625],[-76.4634,36.77046],[-76.45747,36.81484]]]}},{"type":"Feature","properties":{"zcta":"23438","d":23},"geometry":{"type":"Polygon","coordinates":[[[-76.66442,36.6299],[-76.66203,36.63164],[-76.65589,36.6342],[-76.65565,36.62859],[-76.65341,36.62811],[-76.6543,36.62601],[-76.64921,36.62353],[-76.65021,36.62029],[-76.64761,36.61922],[-76.64759,36.61529],[-76.64114,36.61746],[-76.65402,36.60584],[-76.65187,36.60437],[-76.65087,36.60231],[-76.64884,36.60227],[-76.64767,36.59908],[-76.63808,36.60161],[-76.63756,36.60034],[-76.63323,36.60161],[-76.63393,36.59974],[-76.63262,36.59423],[-76.62241,36.59018],[-76.61843,36.59202],[-76.6093,36.59122],[-76.61068,36.58641],[-76.60491,36.58658],[-76.60495,36.58329],[-76.60272,36.58191],[-76.60423,36.58127],[-76.60599,36.57495],[-76.60849,36.57179],[-76.60991,36.56829],[-76.61367,36.56648],[-76.61484,36.56474],[-76.61473,36.56119],[-76.61621,36.56161],[-76.61796,36.55791],[-76.61485,36.55604],[-76.61558,36.55437],[-76.60858,36.55199],[-76.60361,36.5528],[-76.60065,36.55078],[-76.65783,36.55087],[-76.73833,36.55098],[-76.74968,36.55038],[-76.7813,36.55066],[-76.80708,36.55061],[-76.8423,36.55109],[-76.84159,36.55197],[-76.84446,36.55324],[-76.84841,36.55728],[-76.846,36.55847],[-76.84268,36.55742],[-76.83831,36.55905],[-76.83162,36.5653],[-76.83023,36.56528],[-76.82881,36.56299],[-76.83198,36.55967],[-76.83079,36.55877],[-76.83099,36.55628],[-76.82699,36.55525],[-76.82475,36.5556],[-76.82213,36.55741],[-76.81948,36.5571],[-76.81603,36.55447],[-76.81118,36.55915],[-76.80355,36.55835],[-76.80759,36.56554],[-76.80674,36.56716],[-76.80414,36.56856],[-76.79528,36.56977],[-76.79295,36.56932],[-76.79086,36.5704],[-76.78825,36.56935],[-76.78196,36.56991],[-76.77477,36.56949],[-76.77272,36.57097],[-76.7684,36.57264],[-76.76741,36.57568],[-76.76325,36.57653],[-76.76194,36.57373],[-76.75925,36.57272],[-76.75283,36.57431],[-76.75097,36.57708],[-76.75061,36.58252],[-76.74509,36.59088],[-76.74582,36.59266],[-76.74342,36.59716],[-76.74452,36.59759],[-76.74405,36.60072],[-76.74129,36.60477],[-76.7386,36.61187],[-76.73638,36.61273],[-76.73449,36.615],[-76.73075,36.61515],[-76.73021,36.61715],[-76.72126,36.61671],[-76.71958,36.62033],[-76.71857,36.61988],[-76.71714,36.62249],[-76.71448,36.62116],[-76.7097,36.62105],[-76.70915,36.62542],[-76.70472,36.62859],[-76.70234,36.62752],[-76.70124,36.62837],[-76.69554,36.62611],[-76.69567,36.6248],[-76.67926,36.62526],[-76.67852,36.62563],[-76.67663,36.63279],[-76.67221,36.63465],[-76.66712,36.6334],[-76.66442,36.6299]]]}},{"type":"Feature","properties":{"zcta":"27976","d":17},"geometry":{"type":"Polygon","coordinates":[[[-76.49148,36.55073],[-76.46527,36.55095],[-76.3133,36.55055],[-76.25051,36.50028],[-76.17653,36.44002],[-76.18215,36.43902],[-76.17818,36.42492],[-76.18049,36.42466],[-76.18105,36.41872],[-76.17553,36.4162],[-76.21435,36.41565],[-76.22246,36.40346],[-76.22636,36.40516],[-76.2441,36.40497],[-76.24651,36.40301],[-76.25359,36.39982],[-76.25823,36.39639],[-76.25897,36.39294],[-76.26247,36.38637],[-76.26238,36.38523],[-76.26797,36.38722],[-76.27413,36.38823],[-76.27876,36.38635],[-76.28183,36.38823],[-76.28526,36.38883],[-76.28663,36.38537],[-76.2881,36.38489],[-76.29154,36.38663],[-76.29683,36.3924],[-76.30047,36.3954],[-76.30091,36.3987],[-76.30224,36.40087],[-76.30396,36.40035],[-76.31054,36.40193],[-76.30984,36.40487],[-76.31167,36.40769],[-76.31356,36.40785],[-76.31481,36.41099],[-76.32057,36.41466],[-76.3231,36.41732],[-76.32306,36.42023],[-76.32001,36.42313],[-76.32057,36.4263],[-76.3226,36.42761],[-76.325,36.42568],[-76.33068,36.42387],[-76.33352,36.42545],[-76.33941,36.42434],[-76.34129,36.42184],[-76.34557,36.4214],[-76.34848,36.42387],[-76.34708,36.42747],[-76.34911,36.42858],[-76.35324,36.42707],[-76.35691,36.42663],[-76.36324,36.42906],[-76.36756,36.43139],[-76.36752,36.43383],[-76.36933,36.43537],[-76.36735,36.43935],[-76.36943,36.44033],[-76.37192,36.43944],[-76.37117,36.44129],[-76.3762,36.44257],[-76.3768,36.44594],[-76.37957,36.44603],[-76.38247,36.44748],[-76.38682,36.44689],[-76.39199,36.45284],[-76.39475,36.45455],[-76.40461,36.45498],[-76.40614,36.45397],[-76.40782,36.45579],[-76.41066,36.45633],[-76.41164,36.45817],[-76.41475,36.46049],[-76.41738,36.46048],[-76.42113,36.46187],[-76.42271,36.46439],[-76.43088,36.4669],[-76.43729,36.46785],[-76.49134,36.51068],[-76.49671,36.51493],[-76.54154,36.55031],[-76.49148,36.55073]]]}},{"type":"Feature","properties":{"zcta":"23693","d":841},"geometry":{"type":"Polygon","coordinates":[[[-76.4117,37.14789],[-76.41349,37.13826],[-76.41025,37.1347],[-76.41148,37.13043],[-76.41041,37.12662],[-76.40776,37.12912],[-76.40253,37.11944],[-76.40176,37.11923],[-76.39895,37.11288],[-76.3958,37.10717],[-76.39782,37.10744],[-76.40118,37.10556],[-76.40137,37.10297],[-76.39782,37.10387],[-76.39878,37.10209],[-76.39665,37.10009],[-76.39937,37.10023],[-76.39739,37.09815],[-76.39835,37.09667],[-76.40383,37.09491],[-76.40672,37.09273],[-76.40961,37.0919],[-76.41217,37.09295],[-76.41192,37.09675],[-76.42101,37.09845],[-76.41938,37.10234],[-76.42398,37.10392],[-76.42695,37.10072],[-76.42926,37.10123],[-76.43584,37.10101],[-76.43563,37.09592],[-76.43463,37.09491],[-76.43775,37.09405],[-76.43937,37.09504],[-76.4448,37.09467],[-76.44959,37.09659],[-76.45147,37.09844],[-76.45391,37.09824],[-76.45832,37.1007],[-76.46082,37.10304],[-76.50614,37.15409],[-76.50175,37.159],[-76.49798,37.16208],[-76.49442,37.16384],[-76.48155,37.16873],[-76.47736,37.16665],[-76.47727,37.1598],[-76.47577,37.15797],[-76.47369,37.15864],[-76.47172,37.1546],[-76.46562,37.15604],[-76.46487,37.15345],[-76.46562,37.1484],[-76.46276,37.14859],[-76.46099,37.15],[-76.45968,37.1474],[-76.46565,37.14669],[-76.46991,37.14956],[-76.4718,37.15015],[-76.47685,37.14917],[-76.47356,37.14578],[-76.47081,37.14434],[-76.46508,37.13985],[-76.45711,37.13752],[-76.4498,37.13414],[-76.44831,37.13623],[-76.44594,37.13511],[-76.44572,37.13818],[-76.44213,37.13576],[-76.43932,37.13623],[-76.43577,37.13562],[-76.42989,37.13592],[-76.42644,37.14656],[-76.42084,37.1517],[-76.41288,37.15581],[-76.4117,37.14789]]]}},{"type":"Feature","properties":{"zcta":"27938","d":11},"geometry":{"type":"Polygon","coordinates":[[[-76.77297,36.43809],[-76.77038,36.43758],[-76.76177,36.4372],[-76.75541,36.43616],[-76.74871,36.43417],[-76.74413,36.43381],[-76.73208,36.43535],[-76.72201,36.43818],[-76.72159,36.44079],[-76.71608,36.44404],[-76.71952,36.44705],[-76.72055,36.44885],[-76.71589,36.45332],[-76.71184,36.45106],[-76.71027,36.4519],[-76.70737,36.4487],[-76.70061,36.45061],[-76.69953,36.44972],[-76.69671,36.45015],[-76.68902,36.45421],[-76.68154,36.45919],[-76.67595,36.46198],[-76.67485,36.46307],[-76.67182,36.45941],[-76.6694,36.45722],[-76.66791,36.45418],[-76.6661,36.45256],[-76.64032,36.44941],[-76.6243,36.44457],[-76.62777,36.4397],[-76.62959,36.44033],[-76.63797,36.44055],[-76.64271,36.44347],[-76.64495,36.44268],[-76.64704,36.44325],[-76.64977,36.44239],[-76.65266,36.44292],[-76.65969,36.44225],[-76.66329,36.44276],[-76.6638,36.44085],[-76.66958,36.43804],[-76.67057,36.43231],[-76.6727,36.43135],[-76.67346,36.42762],[-76.67046,36.42547],[-76.67315,36.42341],[-76.68233,36.42194],[-76.68632,36.42095],[-76.68671,36.42403],[-76.6946,36.42646],[-76.69846,36.41846],[-76.70059,36.41675],[-76.69582,36.41811],[-76.68972,36.41777],[-76.68387,36.41596],[-76.67946,36.41527],[-76.67352,36.41704],[-76.67215,36.41812],[-76.66478,36.41159],[-76.66862,36.40951],[-76.66987,36.40786],[-76.6682,36.40729],[-76.66953,36.40212],[-76.668,36.39985],[-76.66599,36.3996],[-76.6629,36.39632],[-76.65965,36.39554],[-76.64287,36.39461],[-76.657,36.38079],[-76.65901,36.38186],[-76.67126,36.38397],[-76.67218,36.38111],[-76.67483,36.37718],[-76.67688,36.37579],[-76.67889,36.37056],[-76.67806,36.36814],[-76.6784,36.36369],[-76.682,36.36041],[-76.68454,36.35726],[-76.67654,36.3527],[-76.66505,36.34756],[-76.66292,36.34723],[-76.66491,36.34438],[-76.66604,36.34126],[-76.66273,36.33938],[-76.66242,36.33557],[-76.6605,36.3333],[-76.6624,36.33075],[-76.66387,36.33068],[-76.66469,36.32783],[-76.66753,36.32537],[-76.66707,36.32351],[-76.66908,36.32277],[-76.66716,36.32197],[-76.66685,36.31947],[-76.66858,36.31852],[-76.67212,36.32199],[-76.67079,36.31935],[-76.67342,36.31777],[-76.67144,36.31655],[-76.67274,36.31561],[-76.6703,36.31475],[-76.67374,36.31107],[-76.67491,36.30895],[-76.67231,36.30779],[-76.67302,36.30647],[-76.67539,36.30666],[-76.67549,36.30444],[-76.67229,36.30386],[-76.6754,36.30332],[-76.67558,36.30126],[-76.67915,36.30128],[-76.68105,36.3001],[-76.68303,36.30153],[-76.68422,36.30053],[-76.69657,36.29614],[-76.69959,36.29967],[-76.7102,36.3036],[-76.71724,36.30883],[-76.72594,36.31829],[-76.72856,36.32026],[-76.73533,36.32406],[-76.73758,36.32608],[-76.74104,36.3312],[-76.75354,36.34375],[-76.75849,36.35023],[-76.76266,36.35273],[-76.76687,36.3532],[-76.76998,36.35466],[-76.77575,36.36046],[-76.7709,36.3623],[-76.76959,36.36478],[-76.77183,36.36604],[-76.77087,36.36788],[-76.76896,36.36687],[-76.77011,36.37001],[-76.77171,36.37055],[-76.77531,36.37644],[-76.7722,36.3771],[-76.77124,36.38067],[-76.77178,36.38202],[-76.76928,36.3828],[-76.76719,36.38515],[-76.76818,36.38643],[-76.7722,36.38701],[-76.77857,36.38661],[-76.78228,36.38836],[-76.78281,36.39373],[-76.78531,36.3952],[-76.78542,36.40004],[-76.78428,36.40176],[-76.78567,36.4049],[-76.78433,36.40855],[-76.79897,36.41053],[-76.79872,36.41609],[-76.79793,36.42081],[-76.79354,36.41984],[-76.78413,36.42106],[-76.78219,36.42184],[-76.78572,36.42385],[-76.7894,36.42755],[-76.78963,36.42995],[-76.78657,36.43231],[-76.78597,36.43403],[-76.78216,36.43679],[-76.78125,36.43897],[-76.77643,36.44077],[-76.77297,36.43809]]]}},{"type":"Feature","properties":{"zcta":"23502","d":987},"geometry":{"type":"Polygon","coordinates":[[[-76.24572,36.86443],[-76.20775,36.88067],[-76.21591,36.88248],[-76.21507,36.88306],[-76.21289,36.88426],[-76.20824,36.88902],[-76.21031,36.89201],[-76.21047,36.89371],[-76.21278,36.89553],[-76.21223,36.89768],[-76.20708,36.8975],[-76.20538,36.9007],[-76.20854,36.90131],[-76.20728,36.9036],[-76.20479,36.90539],[-76.20156,36.90905],[-76.19736,36.91165],[-76.19196,36.90995],[-76.18701,36.91055],[-76.18206,36.90669],[-76.19256,36.89505],[-76.19396,36.89385],[-76.19846,36.88664],[-76.19312,36.87743],[-76.18844,36.87411],[-76.18985,36.87364],[-76.19036,36.86935],[-76.19326,36.86525],[-76.18976,36.86245],[-76.18703,36.86255],[-76.18512,36.86121],[-76.17691,36.85697],[-76.17947,36.84968],[-76.1865,36.8426],[-76.19145,36.83944],[-76.19498,36.83293],[-76.19474,36.82997],[-76.19726,36.82815],[-76.20016,36.82795],[-76.20139,36.82941],[-76.20456,36.83049],[-76.20686,36.83265],[-76.21041,36.83291],[-76.21396,36.83235],[-76.21726,36.83355],[-76.21876,36.83515],[-76.22606,36.83995],[-76.23664,36.83808],[-76.23782,36.84104],[-76.24023,36.84407],[-76.24335,36.84486],[-76.24789,36.86329],[-76.24572,36.86443]]]}},{"type":"Feature","properties":{"zcta":"23704","d":1556},"geometry":{"type":"Polygon","coordinates":[[[-76.33404,36.82199],[-76.32952,36.82391],[-76.33041,36.83465],[-76.33083,36.84539],[-76.32863,36.84706],[-76.32685,36.8462],[-76.31906,36.84742],[-76.31595,36.84703],[-76.31392,36.84945],[-76.31489,36.8475],[-76.31227,36.84638],[-76.30968,36.84645],[-76.30962,36.8429],[-76.30571,36.84231],[-76.30253,36.84358],[-76.303,36.8446],[-76.29796,36.84641],[-76.29586,36.84385],[-76.29426,36.84165],[-76.29504,36.83705],[-76.29496,36.83335],[-76.29314,36.82922],[-76.29796,36.82665],[-76.29548,36.82209],[-76.3033,36.81909],[-76.30605,36.81869],[-76.30636,36.81715],[-76.3119,36.81439],[-76.31009,36.81203],[-76.30467,36.8103],[-76.30085,36.80965],[-76.29525,36.81012],[-76.29039,36.81164],[-76.29006,36.80874],[-76.29156,36.79995],[-76.29214,36.79866],[-76.29533,36.79901],[-76.30072,36.79845],[-76.30145,36.79911],[-76.3031,36.8006],[-76.30551,36.80051],[-76.30706,36.80334],[-76.30903,36.80349],[-76.30987,36.80594],[-76.31272,36.80616],[-76.31604,36.80792],[-76.31801,36.8128],[-76.32302,36.81555],[-76.32523,36.81472],[-76.32934,36.8146],[-76.32986,36.81588],[-76.33684,36.81585],[-76.337,36.82142],[-76.33404,36.82199]]]}},{"type":"Feature","properties":{"zcta":"23707","d":1613},"geometry":{"type":"Polygon","coordinates":[[[-76.35825,36.83619],[-76.35892,36.84087],[-76.34629,36.85209],[-76.34184,36.85193],[-76.33976,36.85455],[-76.3185,36.85779],[-76.31225,36.85231],[-76.31248,36.85087],[-76.31392,36.84945],[-76.31595,36.84703],[-76.31906,36.84742],[-76.32685,36.8462],[-76.32863,36.84706],[-76.33083,36.84539],[-76.33041,36.83465],[-76.32952,36.82391],[-76.33404,36.82199],[-76.337,36.82142],[-76.34256,36.81931],[-76.34762,36.81539],[-76.35238,36.81582],[-76.34486,36.81956],[-76.3478,36.82319],[-76.35476,36.82306],[-76.35586,36.82479],[-76.35784,36.82367],[-76.36206,36.82625],[-76.36475,36.82899],[-76.36582,36.83439],[-76.35825,36.83619]]]}},{"type":"Feature","properties":{"zcta":"23508","d":2121},"geometry":{"type":"Polygon","coordinates":[[[-76.29326,36.89415],[-76.29056,36.89195],[-76.28458,36.89133],[-76.27972,36.88877],[-76.28208,36.88785],[-76.28503,36.88053],[-76.28483,36.87694],[-76.28655,36.87307],[-76.28771,36.8738],[-76.29624,36.87588],[-76.30197,36.87794],[-76.30169,36.8738],[-76.31065,36.87516],[-76.31224,36.87286],[-76.31119,36.87091],[-76.31093,36.86761],[-76.31326,36.86554],[-76.31291,36.86406],[-76.32703,36.87364],[-76.32789,36.87606],[-76.32169,36.88518],[-76.31768,36.88495],[-76.31566,36.88818],[-76.31414,36.90249],[-76.31137,36.90414],[-76.30921,36.90261],[-76.30221,36.90342],[-76.29405,36.8992],[-76.29149,36.89938],[-76.29326,36.89415]]]}},{"type":"Feature","properties":{"zcta":"23518","d":2467},"geometry":{"type":"Polygon","coordinates":[[[-76.2484,36.92836],[-76.24367,36.92966],[-76.23776,36.92844],[-76.23295,36.92794],[-76.23083,36.92708],[-76.22627,36.92867],[-76.22089,36.92979],[-76.21711,36.93237],[-76.21479,36.93765],[-76.20576,36.93515],[-76.18996,36.93145],[-76.18072,36.92991],[-76.17709,36.93007],[-76.17633,36.92201],[-76.17676,36.92103],[-76.18247,36.92177],[-76.18342,36.9226],[-76.18751,36.92291],[-76.18915,36.91898],[-76.19253,36.91804],[-76.18957,36.91235],[-76.18701,36.91055],[-76.19196,36.90995],[-76.19736,36.91165],[-76.20156,36.90905],[-76.20479,36.90539],[-76.20728,36.9036],[-76.20854,36.90131],[-76.20538,36.9007],[-76.20708,36.8975],[-76.21223,36.89768],[-76.21278,36.89553],[-76.21047,36.89371],[-76.21031,36.89201],[-76.20824,36.88902],[-76.21289,36.88426],[-76.21507,36.88306],[-76.21652,36.88502],[-76.21985,36.88453],[-76.22127,36.88782],[-76.21994,36.88989],[-76.23849,36.91512],[-76.2414,36.91471],[-76.24123,36.91361],[-76.24892,36.91389],[-76.25397,36.91611],[-76.25239,36.92434],[-76.25321,36.93009],[-76.2484,36.92836]]]}},{"type":"Feature","properties":{"zcta":"23601","d":1650},"geometry":{"type":"Polygon","coordinates":[[[-76.45764,37.09828],[-76.45832,37.1007],[-76.45391,37.09824],[-76.45147,37.09844],[-76.44959,37.09659],[-76.4448,37.09467],[-76.43937,37.09504],[-76.43775,37.09405],[-76.43691,37.09037],[-76.43917,37.09091],[-76.4404,37.0849],[-76.44256,37.08518],[-76.45131,37.07703],[-76.44683,37.07106],[-76.44659,37.06856],[-76.45042,37.05988],[-76.44974,37.05659],[-76.44816,37.05523],[-76.4502,37.05097],[-76.45022,37.04496],[-76.44973,37.04324],[-76.45514,37.04398],[-76.45816,37.04655],[-76.45978,37.04663],[-76.4589,37.04264],[-76.44891,37.02629],[-76.45246,37.02405],[-76.45394,37.02337],[-76.45143,37.0193],[-76.45325,37.0183],[-76.45374,37.01559],[-76.4551,37.01407],[-76.45595,37.01714],[-76.46126,37.0245],[-76.46447,37.02755],[-76.46966,37.03051],[-76.47944,37.03541],[-76.48897,37.04106],[-76.48788,37.04508],[-76.48805,37.04833],[-76.48988,37.05544],[-76.48838,37.0564],[-76.48827,37.06],[-76.48213,37.06926],[-76.47832,37.07249],[-76.46394,37.07833],[-76.46152,37.07995],[-76.45944,37.08317],[-76.45917,37.0896],[-76.46272,37.09328],[-76.46036,37.09372],[-76.46026,37.09655],[-76.45764,37.09828]]]}},{"type":"Feature","properties":{"zcta":"23487","d":32},"geometry":{"type":"Polygon","coordinates":[[[-76.82249,36.78646],[-76.82045,36.78609],[-76.8194,36.78779],[-76.81559,36.78917],[-76.81109,36.78785],[-76.80759,36.78939],[-76.8039,36.79015],[-76.79922,36.79215],[-76.79461,36.79728],[-76.79574,36.80007],[-76.79312,36.80125],[-76.79113,36.80493],[-76.79168,36.80966],[-76.78893,36.81126],[-76.79088,36.81653],[-76.79553,36.81556],[-76.8025,36.81324],[-76.80461,36.81924],[-76.80466,36.82519],[-76.80541,36.82686],[-76.80099,36.82726],[-76.79586,36.82839],[-76.79348,36.8281],[-76.79135,36.82938],[-76.78153,36.82999],[-76.77225,36.83475],[-76.7719,36.8376],[-76.77509,36.83988],[-76.77892,36.83968],[-76.77906,36.84263],[-76.7821,36.84472],[-76.7812,36.85265],[-76.77674,36.85247],[-76.77605,36.85557],[-76.77948,36.85633],[-76.77883,36.85822],[-76.78028,36.86086],[-76.77723,36.86119],[-76.77941,36.86454],[-76.77942,36.86967],[-76.7786,36.87275],[-76.77565,36.87715],[-76.77562,36.87839],[-76.77819,36.88059],[-76.78129,36.88161],[-76.78293,36.88334],[-76.78903,36.8836],[-76.79036,36.88263],[-76.79414,36.88328],[-76.7961,36.89129],[-76.80599,36.88887],[-76.80939,36.88709],[-76.80901,36.88372],[-76.81055,36.88139],[-76.81177,36.87698],[-76.81392,36.87769],[-76.81679,36.87722],[-76.81973,36.87919],[-76.81764,36.88197],[-76.82069,36.88368],[-76.82277,36.88375],[-76.82584,36.88559],[-76.82702,36.88761],[-76.8251,36.89094],[-76.82183,36.89138],[-76.81931,36.89273],[-76.81834,36.89384],[-76.81891,36.89694],[-76.81472,36.90054],[-76.81543,36.90546],[-76.81682,36.90627],[-76.81171,36.91076],[-76.80689,36.91269],[-76.8042,36.91653],[-76.80096,36.91811],[-76.79327,36.92021],[-76.78325,36.92196],[-76.77761,36.92441],[-76.77448,36.92451],[-76.76774,36.92752],[-76.75898,36.93057],[-76.75681,36.93315],[-76.74811,36.93765],[-76.74225,36.93903],[-76.73496,36.94057],[-76.72699,36.94153],[-76.72509,36.94234],[-76.7313,36.95051],[-76.72939,36.9513],[-76.7205,36.96098],[-76.71209,36.95802],[-76.71485,36.95095],[-76.7132,36.95047],[-76.7101,36.94508],[-76.70707,36.93625],[-76.70619,36.92819],[-76.70569,36.92699],[-76.69897,36.92253],[-76.69469,36.91918],[-76.6999,36.91371],[-76.70331,36.91114],[-76.70097,36.91008],[-76.69544,36.91378],[-76.68987,36.91076],[-76.68517,36.91195],[-76.68264,36.90988],[-76.68051,36.90971],[-76.67967,36.91102],[-76.67819,36.90926],[-76.67559,36.91214],[-76.67358,36.91267],[-76.67113,36.91562],[-76.6683,36.91677],[-76.66306,36.91644],[-76.66191,36.91857],[-76.65983,36.91987],[-76.6579,36.92297],[-76.65459,36.92157],[-76.652,36.92166],[-76.6504,36.92046],[-76.64988,36.91684],[-76.64504,36.90954],[-76.64632,36.90805],[-76.64539,36.90475],[-76.63967,36.90186],[-76.63796,36.8994],[-76.63637,36.90012],[-76.6355,36.90233],[-76.63636,36.90579],[-76.63556,36.90992],[-76.63096,36.91164],[-76.62787,36.91398],[-76.61763,36.90225],[-76.61862,36.90028],[-76.6212,36.89855],[-76.62031,36.89367],[-76.61898,36.89094],[-76.61728,36.89034],[-76.60668,36.88932],[-76.60978,36.88547],[-76.60901,36.87985],[-76.60759,36.88056],[-76.60403,36.87949],[-76.60067,36.87738],[-76.59776,36.87697],[-76.59397,36.8702],[-76.60296,36.86358],[-76.67051,36.81209],[-76.74766,36.75262],[-76.74984,36.75841],[-76.75361,36.76077],[-76.7618,36.75807],[-76.76285,36.75517],[-76.76983,36.75271],[-76.774,36.75025],[-76.77714,36.74955],[-76.774,36.74366],[-76.7824,36.74203],[-76.78789,36.74031],[-76.79588,36.73618],[-76.80026,36.74165],[-76.80029,36.74315],[-76.80358,36.74729],[-76.80202,36.75167],[-76.80751,36.75298],[-76.80935,36.75262],[-76.81265,36.75596],[-76.81002,36.75851],[-76.80582,36.75861],[-76.80302,36.76078],[-76.79914,36.76237],[-76.79721,36.76429],[-76.79398,36.76442],[-76.79168,36.76606],[-76.8049,36.76779],[-76.81607,36.77],[-76.81724,36.76797],[-76.82128,36.77507],[-76.82196,36.77977],[-76.82342,36.78212],[-76.82732,36.78162],[-76.82595,36.78435],[-76.82249,36.78646]]]}},{"type":"Feature","properties":{"zcta":"23696","d":341},"geometry":{"type":"Polygon","coordinates":[[[-76.40208,37.20655],[-76.39804,37.20248],[-76.39307,37.19862],[-76.39079,37.19301],[-76.39233,37.18875],[-76.39174,37.18118],[-76.3928,37.17836],[-76.39251,37.17563],[-76.394,37.17445],[-76.39792,37.17786],[-76.40053,37.179],[-76.40488,37.17659],[-76.41132,37.18097],[-76.41765,37.18373],[-76.42224,37.18398],[-76.42786,37.18306],[-76.4357,37.17998],[-76.44274,37.17878],[-76.4461,37.17642],[-76.44985,37.17794],[-76.45293,37.18016],[-76.45687,37.18026],[-76.46132,37.18122],[-76.46302,37.18493],[-76.46213,37.18845],[-76.46326,37.19372],[-76.46161,37.19773],[-76.45498,37.2014],[-76.45382,37.20404],[-76.45042,37.20691],[-76.44012,37.20394],[-76.43493,37.20453],[-76.42891,37.2039],[-76.41657,37.20669],[-76.40782,37.20971],[-76.39856,37.20962],[-76.40208,37.20655]]]}},{"type":"Feature","properties":{"zcta":"23701","d":1529},"geometry":{"type":"Polygon","coordinates":[[[-76.37657,36.83845],[-76.37273,36.83838],[-76.37402,36.83656],[-76.37052,36.83427],[-76.36582,36.83439],[-76.36475,36.82899],[-76.36206,36.82625],[-76.35784,36.82367],[-76.35586,36.82479],[-76.35476,36.82306],[-76.3478,36.82319],[-76.34486,36.81956],[-76.35238,36.81582],[-76.34762,36.81539],[-76.34256,36.81931],[-76.337,36.82142],[-76.33684,36.81585],[-76.33905,36.81574],[-76.33912,36.81291],[-76.34049,36.81172],[-76.34474,36.81161],[-76.34308,36.80897],[-76.33555,36.80874],[-76.33452,36.80395],[-76.33195,36.80298],[-76.33376,36.80077],[-76.34165,36.80048],[-76.34273,36.79868],[-76.35012,36.79829],[-76.34912,36.79637],[-76.345,36.7937],[-76.34207,36.79103],[-76.37568,36.78606],[-76.38463,36.7957],[-76.387,36.79855],[-76.3872,36.80063],[-76.39105,36.80311],[-76.39173,36.80512],[-76.39496,36.8065],[-76.40026,36.80644],[-76.40367,36.81405],[-76.39547,36.82815],[-76.3888,36.83352],[-76.38847,36.83435],[-76.38347,36.83755],[-76.37657,36.83845]]]}},{"type":"Feature","properties":{"zcta":"23703","d":891},"geometry":{"type":"Polygon","coordinates":[[[-76.40379,36.89784],[-76.39471,36.89669],[-76.39067,36.89574],[-76.38829,36.89716],[-76.38757,36.89955],[-76.38587,36.92325],[-76.38413,36.92444],[-76.35644,36.92406],[-76.35453,36.92276],[-76.35033,36.89531],[-76.3486,36.8942],[-76.34021,36.89367],[-76.33863,36.88898],[-76.34008,36.88441],[-76.34442,36.8837],[-76.35127,36.87995],[-76.34761,36.86725],[-76.34313,36.86473],[-76.34108,36.86105],[-76.3418,36.86012],[-76.35724,36.8568],[-76.3588,36.85505],[-76.35839,36.85248],[-76.36702,36.84211],[-76.3718,36.83969],[-76.37273,36.83838],[-76.37657,36.83845],[-76.38347,36.83755],[-76.38827,36.84495],[-76.38827,36.84895],[-76.38705,36.85125],[-76.38834,36.85311],[-76.39127,36.85435],[-76.39187,36.85655],[-76.39622,36.85695],[-76.39732,36.85916],[-76.39909,36.85988],[-76.39848,36.86508],[-76.39999,36.8663],[-76.40343,36.86698],[-76.40714,36.86645],[-76.42037,36.86635],[-76.41343,36.87426],[-76.41107,36.87615],[-76.4071,36.87795],[-76.40532,36.88111],[-76.40414,36.88504],[-76.4073,36.89094],[-76.40456,36.89149],[-76.40439,36.89452],[-76.40691,36.89751],[-76.40379,36.89784]]]}},{"type":"Feature","properties":{"zcta":"27921","d":33},"geometry":{"type":"Polygon","coordinates":[[[-76.15853,36.42533],[-76.15747,36.39818],[-76.14804,36.39462],[-76.12181,36.37109],[-76.11559,36.35927],[-76.11407,36.3575],[-76.10849,36.3551],[-76.10367,36.35452],[-76.10121,36.35347],[-76.09768,36.35349],[-76.09675,36.35194],[-76.09055,36.35212],[-76.08633,36.3497],[-76.08498,36.35215],[-76.08343,36.34949],[-76.0827,36.35046],[-76.08106,36.34808],[-76.07828,36.34706],[-76.0748,36.34856],[-76.07605,36.34703],[-76.07341,36.34625],[-76.07304,36.34947],[-76.06905,36.34562],[-76.06999,36.34495],[-76.07575,36.33561],[-76.07521,36.33397],[-76.072,36.33253],[-76.07109,36.33109],[-76.07283,36.32824],[-76.07213,36.32668],[-76.06325,36.325],[-76.06094,36.31749],[-76.06321,36.31718],[-76.064,36.31864],[-76.06651,36.31817],[-76.06441,36.31362],[-76.06354,36.30589],[-76.06471,36.30565],[-76.0635,36.30264],[-76.06012,36.30283],[-76.05567,36.30668],[-76.05168,36.30825],[-76.06932,36.2779],[-76.06818,36.27636],[-76.06962,36.27371],[-76.07419,36.27234],[-76.08127,36.274],[-76.08509,36.27318],[-76.08044,36.27079],[-76.08021,36.26793],[-76.08327,36.26621],[-76.08522,36.26218],[-76.08714,36.26049],[-76.08782,36.25811],[-76.08646,36.25245],[-76.08789,36.25028],[-76.09768,36.25569],[-76.10158,36.2592],[-76.10568,36.27244],[-76.1124,36.27556],[-76.12655,36.28553],[-76.12823,36.28919],[-76.13102,36.29099],[-76.13495,36.29007],[-76.13597,36.28884],[-76.15442,36.28942],[-76.16438,36.2923],[-76.16523,36.29712],[-76.17283,36.30239],[-76.1854,36.3011],[-76.19547,36.2965],[-76.2018,36.29964],[-76.21478,36.30061],[-76.21703,36.30128],[-76.21379,36.30405],[-76.20898,36.30501],[-76.20484,36.3044],[-76.20206,36.30471],[-76.20065,36.30605],[-76.20095,36.31548],[-76.19922,36.31753],[-76.19745,36.3177],[-76.19273,36.31438],[-76.18796,36.31446],[-76.18519,36.31545],[-76.18233,36.31781],[-76.1812,36.32104],[-76.18175,36.32271],[-76.18504,36.32506],[-76.19221,36.32814],[-76.19746,36.32782],[-76.20431,36.32842],[-76.20899,36.32721],[-76.21363,36.32686],[-76.21598,36.32768],[-76.21753,36.32981],[-76.21808,36.33362],[-76.2175,36.33608],[-76.21487,36.33957],[-76.21418,36.3416],[-76.21924,36.34536],[-76.22511,36.34643],[-76.22704,36.34774],[-76.2278,36.35002],[-76.22577,36.35414],[-76.2276,36.35764],[-76.23055,36.36058],[-76.23152,36.36273],[-76.23085,36.3709],[-76.23133,36.37208],[-76.23542,36.37269],[-76.23824,36.37159],[-76.24126,36.36782],[-76.24395,36.36571],[-76.24831,36.36514],[-76.25065,36.36368],[-76.2547,36.36283],[-76.25796,36.36421],[-76.2601,36.3665],[-76.2595,36.36847],[-76.2573,36.36999],[-76.25648,36.37368],[-76.259,36.3765],[-76.25792,36.37792],[-76.25711,36.38217],[-76.25889,36.38427],[-76.26238,36.38523],[-76.26247,36.38637],[-76.25897,36.39294],[-76.25823,36.39639],[-76.25359,36.39982],[-76.24651,36.40301],[-76.2441,36.40497],[-76.22636,36.40516],[-76.22246,36.40346],[-76.21435,36.41565],[-76.17553,36.4162],[-76.18105,36.41872],[-76.18049,36.42466],[-76.17818,36.42492],[-76.18215,36.43902],[-76.17653,36.44002],[-76.15853,36.42533]]]}},{"type":"Feature","properties":{"zcta":"27926","d":20},"geometry":{"type":"Polygon","coordinates":[[[-76.60065,36.55078],[-76.5755,36.55074],[-76.54154,36.55031],[-76.49671,36.51493],[-76.50865,36.51336],[-76.52736,36.51144],[-76.5419,36.51012],[-76.54961,36.51027],[-76.55279,36.50992],[-76.55551,36.50676],[-76.56928,36.5054],[-76.56937,36.50353],[-76.57656,36.48562],[-76.56727,36.47882],[-76.56608,36.47468],[-76.56264,36.4688],[-76.56778,36.46379],[-76.5693,36.45965],[-76.57162,36.45921],[-76.57382,36.46038],[-76.57866,36.45848],[-76.57989,36.46198],[-76.5837,36.48335],[-76.58949,36.48421],[-76.59215,36.48525],[-76.59282,36.48861],[-76.60005,36.49075],[-76.60025,36.4874],[-76.6049,36.48806],[-76.6034,36.48419],[-76.60802,36.48268],[-76.60851,36.4833],[-76.61368,36.48213],[-76.62002,36.47676],[-76.62197,36.47613],[-76.62088,36.47371],[-76.62331,36.4713],[-76.62646,36.47247],[-76.63258,36.47295],[-76.63479,36.47184],[-76.63612,36.46955],[-76.63997,36.47287],[-76.64017,36.47657],[-76.64537,36.47927],[-76.64178,36.4815],[-76.64022,36.48376],[-76.64024,36.48752],[-76.64142,36.48952],[-76.64399,36.48973],[-76.64789,36.48828],[-76.65069,36.49029],[-76.65327,36.49055],[-76.66249,36.48862],[-76.66411,36.4874],[-76.66826,36.48782],[-76.67043,36.48921],[-76.67819,36.48947],[-76.67779,36.4906],[-76.68212,36.50209],[-76.68403,36.50394],[-76.6773,36.51855],[-76.68008,36.52247],[-76.66968,36.53011],[-76.66563,36.53437],[-76.66747,36.53632],[-76.66543,36.5398],[-76.66227,36.54107],[-76.66405,36.54575],[-76.66285,36.54771],[-76.657,36.54792],[-76.65783,36.55087],[-76.60065,36.55078]]]}},{"type":"Feature","properties":{"zcta":"27939","d":219},"geometry":{"type":"Polygon","coordinates":[[[-75.86491,36.27878],[-75.86369,36.27541],[-75.86178,36.27471],[-75.86331,36.27371],[-75.86237,36.26294],[-75.8679,36.26024],[-75.87232,36.25475],[-75.87071,36.25224],[-75.86929,36.2463],[-75.8643,36.24515],[-75.86535,36.23602],[-75.86226,36.2333],[-75.86386,36.22931],[-75.8583,36.22178],[-75.8488,36.21545],[-75.84807,36.21575],[-75.8501,36.21306],[-75.85359,36.21284],[-75.85735,36.21145],[-75.85648,36.2075],[-75.86542,36.20567],[-75.86538,36.20297],[-75.87245,36.20064],[-75.87417,36.19945],[-75.87774,36.20425],[-75.87828,36.20718],[-75.88333,36.20335],[-75.88733,36.20289],[-75.88608,36.20533],[-75.88774,36.21102],[-75.88674,36.2126],[-75.88797,36.21542],[-75.88756,36.21698],[-75.88908,36.22057],[-75.89104,36.21999],[-75.89405,36.2246],[-75.89181,36.22524],[-75.89096,36.22778],[-75.89212,36.23112],[-75.89348,36.23113],[-75.89504,36.23369],[-75.89266,36.23448],[-75.89674,36.23971],[-75.90189,36.24665],[-75.90418,36.24914],[-75.90422,36.25131],[-75.90733,36.25545],[-75.89773,36.25733],[-75.89609,36.25833],[-75.89292,36.25529],[-75.88434,36.25872],[-75.88556,36.26124],[-75.87915,36.26362],[-75.8762,36.26582],[-75.87427,36.27087],[-75.86717,36.27282],[-75.86599,36.27592],[-75.86693,36.27721],[-75.86491,36.27878]]]}}]}