{"type":"FeatureCollection","features":[{"type":"Feature","properties":{"zcta":"07821","d":105},"geometry":{"type":"Polygon","coordinates":[[[-74.87408,40.96306],[-74.86945,40.96509],[-74.86539,40.96481],[-74.86232,40.96317],[-74.86603,40.95942],[-74.85801,40.95573],[-74.84169,40.96167],[-74.8337,40.96304],[-74.82987,40.96557],[-74.8308,40.96785],[-74.82798,40.96993],[-74.82364,40.9711],[-74.82176,40.97372],[-74.81941,40.97539],[-74.79011,40.97739],[-74.79157,40.97925],[-74.79609,40.97932],[-74.79904,40.97849],[-74.80183,40.98012],[-74.80032,40.98161],[-74.79871,40.98115],[-74.79587,40.98377],[-74.79387,40.98231],[-74.77857,40.98185],[-74.77653,40.98083],[-74.77257,40.9827],[-74.77196,40.98558],[-74.7679,40.98965],[-74.76735,40.99264],[-74.76543,40.99601],[-74.76721,40.99882],[-74.76731,41.00239],[-74.76472,41.00503],[-74.7655,41.00705],[-74.76838,41.00824],[-74.76756,41.00989],[-74.76808,41.01354],[-74.76666,41.01437],[-74.76379,41.01097],[-74.7553,41.00776],[-74.75209,41.00218],[-74.75012,41.00018],[-74.74244,40.99863],[-74.73881,41.002],[-74.73822,41.0016],[-74.74089,40.99817],[-74.73554,40.99658],[-74.73569,40.99354],[-74.73378,40.99605],[-74.73245,40.99566],[-74.73338,40.9925],[-74.73062,40.99178],[-74.73081,40.99774],[-74.72938,40.99775],[-74.72214,41.00325],[-74.72252,41.00421],[-74.71938,41.00613],[-74.71536,41.00681],[-74.70998,41.00989],[-74.70716,41.01086],[-74.70492,41.01302],[-74.70189,41.0128],[-74.69913,41.01452],[-74.69922,41.01652],[-74.69596,41.0244],[-74.69397,41.02207],[-74.68983,41.01935],[-74.68773,41.02028],[-74.68852,41.00929],[-74.69227,41.00646],[-74.68665,41.00521],[-74.68819,41.00309],[-74.68731,41.00044],[-74.6833,40.99873],[-74.67613,41.00152],[-74.67246,40.99897],[-74.67363,40.99732],[-74.67438,40.99247],[-74.67223,40.99221],[-74.67113,40.99381],[-74.66742,40.99539],[-74.66375,40.996],[-74.6638,40.99269],[-74.66179,40.99126],[-74.66641,40.98741],[-74.66531,40.98264],[-74.66275,40.98001],[-74.66503,40.97716],[-74.66945,40.97353],[-74.66945,40.96994],[-74.66654,40.971],[-74.66452,40.97384],[-74.66666,40.97546],[-74.66451,40.97619],[-74.66146,40.97908],[-74.65971,40.98212],[-74.6616,40.98808],[-74.65974,40.99102],[-74.64772,40.99684],[-74.6478,40.99904],[-74.6146,40.99068],[-74.62919,40.97657],[-74.63092,40.97688],[-74.63543,40.97181],[-74.63214,40.97324],[-74.63899,40.96727],[-74.64064,40.96534],[-74.64142,40.96137],[-74.64729,40.96168],[-74.65538,40.96],[-74.65811,40.95818],[-74.66118,40.95493],[-74.66198,40.95568],[-74.66431,40.9528],[-74.67252,40.94735],[-74.67248,40.94992],[-74.67369,40.95134],[-74.67706,40.94983],[-74.67751,40.9487],[-74.68048,40.94821],[-74.68286,40.94107],[-74.68068,40.93437],[-74.68238,40.93198],[-74.68359,40.93277],[-74.68811,40.93147],[-74.69602,40.93196],[-74.69346,40.93655],[-74.68566,40.94667],[-74.68481,40.95005],[-74.6865,40.95415],[-74.69103,40.95771],[-74.69226,40.9573],[-74.69883,40.9624],[-74.70247,40.96353],[-74.70603,40.9614],[-74.70789,40.95468],[-74.71086,40.95104],[-74.71209,40.95281],[-74.7152,40.95242],[-74.71948,40.95305],[-74.72173,40.95232],[-74.72755,40.9457],[-74.72881,40.94169],[-74.72554,40.93835],[-74.72815,40.93848],[-74.73201,40.9413],[-74.73432,40.9404],[-74.73225,40.93924],[-74.73269,40.93665],[-74.73657,40.9301],[-74.73844,40.92983],[-74.73933,40.92249],[-74.7383,40.92097],[-74.7478,40.92036],[-74.75109,40.91852],[-74.75589,40.9176],[-74.76202,40.9145],[-74.76511,40.91585],[-74.77272,40.91628],[-74.77588,40.91694],[-74.80377,40.94284],[-74.80635,40.94217],[-74.8074,40.94077],[-74.81043,40.93999],[-74.81171,40.94093],[-74.81653,40.93465],[-74.82058,40.93183],[-74.83663,40.92346],[-74.83791,40.92406],[-74.83798,40.92675],[-74.83563,40.92744],[-74.83496,40.92943],[-74.83152,40.93153],[-74.8338,40.9327],[-74.83816,40.93259],[-74.84014,40.9333],[-74.84448,40.93106],[-74.84688,40.93335],[-74.84846,40.9333],[-74.85219,40.93018],[-74.85949,40.93051],[-74.86444,40.93211],[-74.8669,40.93362],[-74.86854,40.93627],[-74.87323,40.93409],[-74.87437,40.9323],[-74.88218,40.93034],[-74.88508,40.93018],[-74.88621,40.93305],[-74.88352,40.93377],[-74.87652,40.93957],[-74.877,40.94121],[-74.87508,40.94314],[-74.87582,40.94822],[-74.88041,40.95266],[-74.88094,40.95459],[-74.8835,40.95557],[-74.8832,40.95691],[-74.87959,40.95771],[-74.87913,40.96005],[-74.87494,40.96366],[-74.87408,40.96306]]]}},{"type":"Feature","properties":{"zcta":"08820","d":1772},"geometry":{"type":"Polygon","coordinates":[[[-74.39537,40.56364],[-74.39631,40.56448],[-74.39321,40.57311],[-74.3917,40.57067],[-74.39197,40.56872],[-74.38628,40.57722],[-74.39337,40.59277],[-74.39472,40.60099],[-74.35872,40.60406],[-74.33847,40.60574],[-74.33717,40.58578],[-74.33611,40.57303],[-74.33497,40.56838],[-74.33209,40.56628],[-74.33567,40.56217],[-74.34263,40.55651],[-74.34483,40.55327],[-74.34601,40.55537],[-74.38258,40.5522],[-74.38186,40.54968],[-74.39956,40.5483],[-74.40458,40.54979],[-74.39537,40.56364]]]}},{"type":"Feature","properties":{"zcta":"07311","d":27576},"geometry":{"type":"Polygon","coordinates":[[[-74.02302,40.72061],[-74.02319,40.71989],[-74.02938,40.71897],[-74.0308,40.71659],[-74.03557,40.71734],[-74.03509,40.72011],[-74.0316,40.72125],[-74.02302,40.72061]]]}},{"type":"Feature","properties":{"zcta":"08863","d":2664},"geometry":{"type":"Polygon","coordinates":[[[-74.31728,40.55257],[-74.31702,40.55269],[-74.31096,40.54441],[-74.30668,40.54475],[-74.30637,40.54762],[-74.30447,40.54777],[-74.30493,40.55112],[-74.30227,40.55153],[-74.30202,40.54864],[-74.30279,40.54408],[-74.30453,40.54186],[-74.30858,40.54128],[-74.30526,40.53753],[-74.299,40.53217],[-74.29808,40.53002],[-74.29809,40.52777],[-74.30008,40.5228],[-74.31591,40.52649],[-74.31577,40.52472],[-74.31907,40.52543],[-74.31607,40.52899],[-74.32844,40.54631],[-74.31728,40.55257]]]}},{"type":"Feature","properties":{"zcta":"10037","d":37237},"geometry":{"type":"Polygon","coordinates":[[[-73.94135,40.81344],[-73.93718,40.81914],[-73.93398,40.8177],[-73.93488,40.80958],[-73.93364,40.80707],[-73.9404,40.80896],[-73.9434,40.81063],[-73.94247,40.81263],[-73.94135,40.81344]]]}},{"type":"Feature","properties":{"zcta":"08006","d":0},"geometry":{"type":"Polygon","coordinates":[[[-74.09961,39.76378],[-74.10033,39.76196],[-74.0991,39.75683],[-74.10286,39.75129],[-74.11006,39.74576],[-74.11483,39.7389],[-74.12304,39.74217],[-74.12007,39.74487],[-74.11727,39.74942],[-74.11509,39.75157],[-74.1127,39.75841],[-74.10937,39.76356],[-74.10514,39.76505],[-74.10438,39.76698],[-74.09961,39.76378]]]}},{"type":"Feature","properties":{"zcta":"11414","d":5809},"geometry":{"type":"Polygon","coordinates":[[[-73.85761,40.66012],[-73.85843,40.66345],[-73.85568,40.66387],[-73.85763,40.67166],[-73.86039,40.67127],[-73.86132,40.67502],[-73.83724,40.66736],[-73.83331,40.66676],[-73.8327,40.66541],[-73.82987,40.65997],[-73.82839,40.65603],[-73.82641,40.64826],[-73.82939,40.65004],[-73.83218,40.65336],[-73.83122,40.64991],[-73.83167,40.64797],[-73.83681,40.64925],[-73.83633,40.64532],[-73.84717,40.64424],[-73.85017,40.64463],[-73.8527,40.64692],[-73.84987,40.65151],[-73.8523,40.65053],[-73.85592,40.65128],[-73.85668,40.65277],[-73.86048,40.65466],[-73.86317,40.65828],[-73.85761,40.66012]]]}},{"type":"Feature","properties":{"zcta":"11970","d":0},"geometry":{"type":"Polygon","coordinates":[[[-72.57928,40.94304],[-72.57671,40.94202],[-72.5695,40.94588],[-72.56904,40.94342],[-72.56767,40.94417],[-72.56897,40.94608],[-72.56469,40.94769],[-72.56332,40.94581],[-72.56816,40.9418],[-72.56979,40.93759],[-72.57134,40.93774],[-72.57569,40.93354],[-72.58011,40.9352],[-72.58219,40.93509],[-72.58066,40.93763],[-72.58271,40.94125],[-72.57928,40.94304]]]}},{"type":"Feature","properties":{"zcta":"10505","d":1206},"geometry":{"type":"Polygon","coordinates":[[[-73.73577,41.34719],[-73.73601,41.34585],[-73.73389,41.3428],[-73.73516,41.34088],[-73.73487,41.33762],[-73.74,41.33797],[-73.74069,41.33729],[-73.75178,41.33788],[-73.75188,41.33847],[-73.75716,41.33808],[-73.75974,41.34211],[-73.76164,41.3412],[-73.76372,41.34176],[-73.76626,41.34017],[-73.76697,41.344],[-73.73577,41.34719]]]}},{"type":"Feature","properties":{"zcta":"11579","d":2280},"geometry":{"type":"Polygon","coordinates":[[[-73.64723,40.85268],[-73.64386,40.85321],[-73.64221,40.85207],[-73.63947,40.853],[-73.6345,40.8535],[-73.63571,40.84608],[-73.63551,40.84233],[-73.6325,40.83717],[-73.65227,40.83468],[-73.65336,40.83641],[-73.65385,40.84439],[-73.65233,40.85015],[-73.64861,40.85346],[-73.64723,40.85268]]]}},{"type":"Feature","properties":{"zcta":"07014","d":2040},"geometry":{"type":"Polygon","coordinates":[[[-74.12168,40.83406],[-74.12107,40.83011],[-74.12309,40.82379],[-74.12404,40.82251],[-74.12644,40.82078],[-74.13002,40.81994],[-74.15748,40.835],[-74.15545,40.83765],[-74.14205,40.83136],[-74.14076,40.8322],[-74.1475,40.83556],[-74.14537,40.83779],[-74.14313,40.83668],[-74.14091,40.83826],[-74.14349,40.83977],[-74.14131,40.84209],[-74.14454,40.84327],[-74.143,40.8449],[-74.12168,40.83406]]]}},{"type":"Feature","properties":{"zcta":"11556","d":0},"geometry":{"type":"Polygon","coordinates":[[[-73.58034,40.72224],[-73.58049,40.7183],[-73.58544,40.71832],[-73.58773,40.71999],[-73.58561,40.72075],[-73.58034,40.72224]]]}},{"type":"Feature","properties":{"zcta":"07628","d":4754},"geometry":{"type":"Polygon","coordinates":[[[-74.00237,40.95523],[-73.97598,40.95429],[-73.97569,40.95311],[-73.97681,40.94121],[-73.97912,40.94112],[-73.9797,40.93701],[-74.00359,40.93594],[-74.00349,40.93709],[-74.00622,40.93633],[-74.01085,40.93635],[-74.01006,40.94624],[-74.00292,40.94614],[-74.0025,40.9519],[-74.00237,40.95523]],[[-74.00338,40.9384],[-74.00532,40.93841],[-74.00514,40.93717],[-74.00338,40.9384]]]}},{"type":"Feature","properties":{"zcta":"07440","d":1504},"geometry":{"type":"Polygon","coordinates":[[[-74.30579,40.951],[-74.30256,40.95114],[-74.29922,40.95231],[-74.29286,40.95233],[-74.29315,40.95387],[-74.28859,40.95361],[-74.28987,40.95735],[-74.28169,40.9574],[-74.28013,40.95359],[-74.27773,40.95121],[-74.2794,40.94344],[-74.28216,40.93663],[-74.294,40.93997],[-74.29677,40.94121],[-74.30564,40.94055],[-74.30578,40.93979],[-74.31366,40.94028],[-74.31323,40.95192],[-74.30579,40.951]]]}},{"type":"Feature","properties":{"zcta":"07086","d":11589},"geometry":{"type":"Polygon","coordinates":[[[-74.01387,40.78069],[-74.00828,40.77828],[-74.00162,40.77455],[-74.01403,40.75755],[-74.01425,40.75666],[-74.0238,40.7577],[-74.02773,40.75711],[-74.03188,40.75813],[-74.0333,40.75767],[-74.03149,40.76028],[-74.02752,40.76167],[-74.03168,40.7637],[-74.02756,40.77013],[-74.02539,40.76758],[-74.01814,40.77756],[-74.0149,40.77963],[-74.01387,40.78069]]]}},{"type":"Feature","properties":{"zcta":"11548","d":764},"geometry":{"type":"MultiPolygon","coordinates":[[[[-73.58732,40.80629],[-73.59026,40.81294],[-73.59348,40.8173],[-73.59657,40.81609],[-73.59823,40.81608],[-73.60006,40.81996],[-73.59149,40.82383],[-73.58782,40.81642],[-73.5852,40.81502],[-73.58448,40.80915],[-73.58557,40.80651],[-73.58732,40.80629]]],[[[-73.62646,40.81808],[-73.62594,40.82241],[-73.62479,40.82238],[-73.62526,40.81852],[-73.6207,40.81829],[-73.61647,40.81992],[-73.61708,40.81672],[-73.6155,40.81298],[-73.61094,40.81486],[-73.61059,40.8128],[-73.61065,40.8071],[-73.61195,40.80592],[-73.62111,40.81165],[-73.62506,40.81071],[-73.62368,40.80788],[-73.62672,40.80696],[-73.63124,40.80845],[-73.63374,40.80767],[-73.63357,40.8092],[-73.62847,40.81291],[-73.62737,40.81716],[-73.62646,40.81808]]]]}},{"type":"Feature","properties":{"zcta":"10473","d":12928},"geometry":{"type":"Polygon","coordinates":[[[-73.847,40.828],[-73.84525,40.82846],[-73.84281,40.82864],[-73.84265,40.82791],[-73.84007,40.82123],[-73.84205,40.81863],[-73.84548,40.81198],[-73.84685,40.81071],[-73.84889,40.81306],[-73.85285,40.81445],[-73.84936,40.81231],[-73.85029,40.80848],[-73.84764,40.80513],[-73.85017,40.80449],[-73.85526,40.80461],[-73.85802,40.80541],[-73.85903,40.80995],[-73.85949,40.80897],[-73.86222,40.81003],[-73.8678,40.81076],[-73.87074,40.8145],[-73.87751,40.81659],[-73.88098,40.81824],[-73.88264,40.81965],[-73.88441,40.82297],[-73.847,40.828]]]}},{"type":"Feature","properties":{"zcta":"10036","d":41367},"geometry":{"type":"Polygon","coordinates":[[[-73.99296,40.76436],[-73.98701,40.76104],[-73.98134,40.75865],[-73.97812,40.75728],[-73.97994,40.75478],[-73.98039,40.75415],[-73.98412,40.75484],[-73.9846,40.75418],[-73.99307,40.75783],[-73.99482,40.75767],[-73.99924,40.75953],[-74.00172,40.76221],[-74.00286,40.76469],[-73.99989,40.76342],[-73.99757,40.76549],[-73.99296,40.76436]]]}},{"type":"Feature","properties":{"zcta":"07927","d":1146},"geometry":{"type":"Polygon","coordinates":[[[-74.47177,40.82294],[-74.46959,40.81938],[-74.46484,40.81896],[-74.46359,40.82233],[-74.46198,40.82255],[-74.46027,40.82488],[-74.46095,40.82614],[-74.45505,40.83196],[-74.45288,40.83535],[-74.45834,40.83706],[-74.45164,40.83841],[-74.43843,40.83259],[-74.44127,40.82747],[-74.4436,40.82073],[-74.4455,40.81375],[-74.44785,40.81068],[-74.45582,40.80569],[-74.4597,40.80618],[-74.46703,40.80995],[-74.47136,40.8136],[-74.47361,40.81669],[-74.47449,40.81997],[-74.47177,40.82294]]]}},{"type":"Feature","properties":{"zcta":"11355","d":29729},"geometry":{"type":"Polygon","coordinates":[[[-73.82974,40.75875],[-73.81609,40.76252],[-73.80751,40.76218],[-73.80819,40.76066],[-73.80913,40.75027],[-73.80751,40.75014],[-73.81416,40.74614],[-73.81431,40.74297],[-73.81063,40.74237],[-73.81084,40.73922],[-73.81414,40.73908],[-73.8246,40.74271],[-73.82527,40.74175],[-73.8359,40.74338],[-73.83463,40.7469],[-73.8331,40.74799],[-73.83229,40.75194],[-73.8356,40.7514],[-73.83792,40.75454],[-73.82974,40.75875]]]}},{"type":"Feature","properties":{"zcta":"11697","d":917},"geometry":{"type":"Polygon","coordinates":[[[-73.87944,40.56194],[-73.89623,40.55738],[-73.90514,40.5564],[-73.93799,40.54374],[-73.94054,40.54404],[-73.93992,40.55401],[-73.93538,40.55739],[-73.93167,40.55685],[-73.92673,40.55856],[-73.92546,40.56127],[-73.91124,40.56487],[-73.90923,40.56076],[-73.90231,40.56213],[-73.89455,40.5643],[-73.89518,40.56632],[-73.89209,40.56827],[-73.88306,40.56824],[-73.87944,40.56194]]]}},{"type":"Feature","properties":{"zcta":"11719","d":258},"geometry":{"type":"Polygon","coordinates":[[[-72.91184,40.79842],[-72.90457,40.79947],[-72.90523,40.80473],[-72.90429,40.80452],[-72.90384,40.80099],[-72.89897,40.80371],[-72.89709,40.80203],[-72.88617,40.80265],[-72.88366,40.80104],[-72.88232,40.7968],[-72.89001,40.79588],[-72.89265,40.79496],[-72.90179,40.79039],[-72.89661,40.78564],[-72.8938,40.77975],[-72.89236,40.77866],[-72.89478,40.77738],[-72.89602,40.77321],[-72.89474,40.7717],[-72.89451,40.76893],[-72.89147,40.76651],[-72.89062,40.76227],[-72.89436,40.75996],[-72.90361,40.75882],[-72.90677,40.75757],[-72.91122,40.75762],[-72.91801,40.76023],[-72.92379,40.75963],[-72.929,40.76577],[-72.93459,40.77157],[-72.93485,40.77274],[-72.93776,40.77317],[-72.93808,40.77468],[-72.93538,40.77514],[-72.93686,40.78951],[-72.92958,40.79088],[-72.91691,40.79485],[-72.91368,40.79677],[-72.91385,40.79893],[-72.91184,40.79842]]]}},{"type":"Feature","properties":{"zcta":"10007","d":25938},"geometry":{"type":"Polygon","coordinates":[[[-74.00774,40.71518],[-74.00625,40.71708],[-74.00453,40.71628],[-74.00542,40.71524],[-74.00309,40.71396],[-74.00211,40.71516],[-74.00075,40.71451],[-74.00089,40.71302],[-74.00397,40.71182],[-74.00486,40.71245],[-74.0086,40.71139],[-74.00999,40.70981],[-74.01012,40.71209],[-74.0137,40.71367],[-74.01273,40.71711],[-74.00774,40.71518]],[[-74.00767,40.71253],[-74.00925,40.71326],[-74.0081,40.712],[-74.00767,40.71253]]]}},{"type":"Feature","properties":{"zcta":"08832","d":1116},"geometry":{"type":"Polygon","coordinates":[[[-74.31591,40.52649],[-74.30008,40.5228],[-74.29031,40.52055],[-74.2917,40.50783],[-74.29667,40.50931],[-74.30097,40.50898],[-74.30649,40.50751],[-74.31419,40.50381],[-74.31829,40.50061],[-74.32209,40.49371],[-74.32529,40.48971],[-74.32819,40.48789],[-74.33078,40.50882],[-74.33138,40.51187],[-74.32989,40.51553],[-74.32665,40.51954],[-74.32626,40.52437],[-74.32342,40.52438],[-74.32361,40.52243],[-74.32081,40.52261],[-74.31863,40.51825],[-74.31364,40.52038],[-74.31045,40.5229],[-74.31577,40.52472],[-74.31591,40.52649]]]}},{"type":"Feature","properties":{"zcta":"07457","d":1166},"geometry":{"type":"Polygon","coordinates":[[[-74.32676,41.00091],[-74.31555,41.00237],[-74.3123,40.99953],[-74.30949,40.99841],[-74.30143,40.99925],[-74.30152,41.00209],[-74.30003,41.00312],[-74.29767,41.00125],[-74.29784,40.99662],[-74.29555,40.9947],[-74.29578,40.99101],[-74.29414,40.99045],[-74.29297,40.98782],[-74.29745,40.98358],[-74.31357,40.98222],[-74.32061,40.98436],[-74.32102,40.98601],[-74.32321,40.9856],[-74.32386,40.987],[-74.32584,40.98624],[-74.3314,40.98826],[-74.33198,40.99065],[-74.32802,40.99248],[-74.33011,40.99418],[-74.33023,40.9988],[-74.32846,41.00126],[-74.32676,41.00091]]]}},{"type":"Feature","properties":{"zcta":"07646","d":3754},"geometry":{"type":"Polygon","coordinates":[[[-74.02475,40.94055],[-74.02448,40.94358],[-74.02612,40.94565],[-74.02261,40.94478],[-74.02466,40.94862],[-74.0244,40.9515],[-74.01688,40.95147],[-74.01637,40.95201],[-74.0025,40.9519],[-74.00292,40.94614],[-74.01006,40.94624],[-74.01085,40.93635],[-74.01298,40.93252],[-74.01185,40.93124],[-74.01358,40.92146],[-74.01437,40.92082],[-74.01641,40.9146],[-74.01853,40.91473],[-74.02153,40.91708],[-74.02533,40.91611],[-74.0302,40.91401],[-74.03302,40.91775],[-74.03284,40.92272],[-74.0315,40.92364],[-74.03281,40.9251],[-74.03166,40.9272],[-74.02997,40.92688],[-74.02963,40.92884],[-74.03104,40.93015],[-74.02935,40.93144],[-74.0282,40.93629],[-74.02578,40.94025],[-74.02475,40.94055]]]}},{"type":"Feature","properties":{"zcta":"10974","d":191},"geometry":{"type":"Polygon","coordinates":[[[-74.1361,41.19372],[-74.13984,41.1911],[-74.14484,41.18874],[-74.15347,41.18611],[-74.15717,41.18424],[-74.16173,41.18059],[-74.16409,41.17748],[-74.16723,41.17491],[-74.17177,41.17275],[-74.17518,41.17012],[-74.17362,41.16625],[-74.1737,41.16174],[-74.17724,41.15528],[-74.18315,41.15137],[-74.18857,41.14983],[-74.18753,41.14747],[-74.18326,41.14403],[-74.17309,41.1417],[-74.16917,41.13835],[-74.16811,41.13477],[-74.17131,41.13111],[-74.18733,41.1373],[-74.19536,41.12683],[-74.21133,41.13352],[-74.23416,41.14309],[-74.2273,41.14804],[-74.22706,41.15154],[-74.22421,41.15292],[-74.22008,41.15332],[-74.21135,41.15963],[-74.18572,41.17869],[-74.16179,41.19579],[-74.1361,41.19372]]]}},{"type":"Feature","properties":{"zcta":"11421","d":16070},"geometry":{"type":"Polygon","coordinates":[[[-73.84629,40.69401],[-73.84431,40.68954],[-73.84499,40.68916],[-73.86629,40.68319],[-73.86892,40.69515],[-73.87071,40.6977],[-73.86931,40.69935],[-73.86916,40.70289],[-73.86325,40.70339],[-73.85815,40.7029],[-73.85858,40.70124],[-73.85215,40.70225],[-73.84629,40.69401]]]}},{"type":"Feature","properties":{"zcta":"11558","d":3093},"geometry":{"type":"Polygon","coordinates":[[[-73.64508,40.61772],[-73.64201,40.61678],[-73.63999,40.61314],[-73.63484,40.61183],[-73.63455,40.61042],[-73.63187,40.6095],[-73.63307,40.6037],[-73.63629,40.59969],[-73.64674,40.5975],[-73.65051,40.59707],[-73.65021,40.5959],[-73.65674,40.59633],[-73.66427,40.59609],[-73.66938,40.60206],[-73.66912,40.60452],[-73.66746,40.6055],[-73.65703,40.60831],[-73.6532,40.61146],[-73.65328,40.6165],[-73.64508,40.61772]]]}},{"type":"Feature","properties":{"zcta":"10279","d":0},"geometry":{"type":"Polygon","coordinates":[[[-74.00925,40.71326],[-74.00767,40.71253],[-74.0081,40.712],[-74.00925,40.71326]]]}},{"type":"Feature","properties":{"zcta":"10170","d":0},"geometry":{"type":"Polygon","coordinates":[[[-73.97556,40.75212],[-73.97605,40.75144],[-73.97711,40.75188],[-73.97556,40.75212]]]}},{"type":"Feature","properties":{"zcta":"07860","d":125},"geometry":{"type":"Polygon","coordinates":[[[-74.90914,41.08752],[-74.89954,41.09421],[-74.89893,41.09571],[-74.89009,41.10136],[-74.88426,41.10697],[-74.88571,41.10769],[-74.88609,41.11033],[-74.88329,41.10981],[-74.87949,41.11054],[-74.88159,41.11215],[-74.88191,41.11428],[-74.87093,41.12164],[-74.87041,41.12064],[-74.86805,41.12222],[-74.8667,41.12616],[-74.85956,41.13021],[-74.85753,41.13205],[-74.85847,41.13432],[-74.84953,41.14666],[-74.8427,41.15031],[-74.81759,41.15931],[-74.81009,41.16298],[-74.80012,41.16952],[-74.78958,41.17539],[-74.78921,41.17368],[-74.79213,41.1687],[-74.79057,41.16621],[-74.79316,41.16496],[-74.79071,41.16176],[-74.78838,41.16319],[-74.78367,41.15782],[-74.7844,41.1558],[-74.78356,41.15192],[-74.7796,41.15014],[-74.77539,41.14353],[-74.77182,41.14156],[-74.7696,41.13736],[-74.76721,41.13938],[-74.7606,41.13523],[-74.7616,41.13414],[-74.75873,41.13316],[-74.75947,41.13226],[-74.75673,41.1314],[-74.75833,41.13013],[-74.75592,41.12822],[-74.75392,41.12825],[-74.75045,41.12607],[-74.74869,41.12641],[-74.75046,41.1207],[-74.74682,41.11968],[-74.72195,41.11237],[-74.72443,41.10977],[-74.7311,41.09843],[-74.73196,41.09595],[-74.73089,41.09012],[-74.73143,41.08733],[-74.72861,41.08731],[-74.7262,41.08622],[-74.72559,41.08365],[-74.72313,41.0834],[-74.72057,41.08131],[-74.714,41.0874],[-74.71045,41.08369],[-74.71485,41.07906],[-74.7219,41.07086],[-74.72553,41.0672],[-74.72876,41.06523],[-74.72442,41.06218],[-74.72504,41.06154],[-74.72203,41.05679],[-74.72001,41.05464],[-74.72178,41.0525],[-74.72228,41.04891],[-74.72511,41.04724],[-74.7274,41.04376],[-74.72504,41.04213],[-74.72102,41.04147],[-74.72002,41.04338],[-74.71672,41.04254],[-74.70423,41.0455],[-74.70987,41.03929],[-74.7009,41.03752],[-74.70293,41.0392],[-74.70072,41.04214],[-74.69889,41.04116],[-74.69156,41.03565],[-74.68649,41.03727],[-74.68773,41.02028],[-74.68983,41.01935],[-74.69397,41.02207],[-74.69596,41.0244],[-74.69922,41.01652],[-74.69913,41.01452],[-74.70189,41.0128],[-74.70492,41.01302],[-74.70716,41.01086],[-74.70998,41.00989],[-74.71536,41.00681],[-74.71938,41.00613],[-74.72252,41.00421],[-74.72214,41.00325],[-74.72938,40.99775],[-74.73081,40.99774],[-74.73062,40.99178],[-74.73338,40.9925],[-74.73245,40.99566],[-74.73378,40.99605],[-74.73569,40.99354],[-74.73554,40.99658],[-74.74089,40.99817],[-74.73822,41.0016],[-74.73881,41.002],[-74.74244,40.99863],[-74.75012,41.00018],[-74.75209,41.00218],[-74.7553,41.00776],[-74.76379,41.01097],[-74.76666,41.01437],[-74.76808,41.01354],[-74.76756,41.00989],[-74.76838,41.00824],[-74.7655,41.00705],[-74.76472,41.00503],[-74.76731,41.00239],[-74.76721,40.99882],[-74.76543,40.99601],[-74.76735,40.99264],[-74.7679,40.98965],[-74.77196,40.98558],[-74.77257,40.9827],[-74.77653,40.98083],[-74.77857,40.98185],[-74.79387,40.98231],[-74.79587,40.98377],[-74.79871,40.98115],[-74.80032,40.98161],[-74.80183,40.98012],[-74.79904,40.97849],[-74.79609,40.97932],[-74.79157,40.97925],[-74.79011,40.97739],[-74.81941,40.97539],[-74.82176,40.97372],[-74.82364,40.9711],[-74.82798,40.96993],[-74.8308,40.96785],[-74.82987,40.96557],[-74.8337,40.96304],[-74.84169,40.96167],[-74.85801,40.95573],[-74.86603,40.95942],[-74.86232,40.96317],[-74.86539,40.96481],[-74.86945,40.96509],[-74.87408,40.96306],[-74.87494,40.96366],[-74.87337,40.9662],[-74.87404,40.97173],[-74.8815,40.97238],[-74.88256,40.97412],[-74.88536,40.97587],[-74.87748,40.98075],[-74.87292,40.98498],[-74.87299,40.98678],[-74.87531,40.98772],[-74.87319,40.99198],[-74.89255,40.99446],[-74.89467,40.99836],[-74.89413,41.00138],[-74.89055,41.00516],[-74.88818,41.009],[-74.89562,41.0029],[-74.89457,41.00922],[-74.89615,41.01085],[-74.89814,41.01099],[-74.89362,41.01369],[-74.89214,41.01754],[-74.88665,41.01993],[-74.9082,41.04001],[-74.90289,41.04103],[-74.90199,41.04223],[-74.90394,41.04592],[-74.90107,41.05041],[-74.91047,41.05246],[-74.90786,41.05362],[-74.90389,41.05378],[-74.90111,41.05506],[-74.90174,41.05752],[-74.90497,41.06293],[-74.90147,41.06447],[-74.90213,41.06605],[-74.89957,41.06715],[-74.90207,41.07021],[-74.90839,41.07423],[-74.90602,41.07593],[-74.90868,41.07728],[-74.91164,41.07482],[-74.91702,41.07182],[-74.91798,41.07339],[-74.92036,41.07208],[-74.91115,41.06735],[-74.90842,41.0673],[-74.91314,41.06553],[-74.91802,41.06554],[-74.92044,41.06427],[-74.92226,41.06211],[-74.9284,41.05897],[-74.93933,41.06918],[-74.90914,41.08752]]]}},{"type":"Feature","properties":{"zcta":"07702","d":953},"geometry":{"type":"Polygon","coordinates":[[[-74.04709,40.32981],[-74.04641,40.32549],[-74.04299,40.32599],[-74.04091,40.32041],[-74.04463,40.31787],[-74.04773,40.3178],[-74.04773,40.31608],[-74.04969,40.31682],[-74.05085,40.31388],[-74.05567,40.31281],[-74.05852,40.31327],[-74.06444,40.31156],[-74.06588,40.31315],[-74.07218,40.3179],[-74.07289,40.32321],[-74.0739,40.33091],[-74.07439,40.33382],[-74.0749,40.33727],[-74.06369,40.33827],[-74.04709,40.32981]]]}},{"type":"Feature","properties":{"zcta":"08805","d":2497},"geometry":{"type":"Polygon","coordinates":[[[-74.55536,40.58086],[-74.54366,40.57903],[-74.53731,40.57907],[-74.53439,40.57976],[-74.53332,40.5819],[-74.52675,40.58458],[-74.51959,40.58625],[-74.5191,40.58802],[-74.51772,40.58725],[-74.51569,40.58612],[-74.51215,40.58208],[-74.51635,40.58075],[-74.51544,40.57938],[-74.52106,40.57403],[-74.52392,40.56967],[-74.52589,40.56823],[-74.5245,40.56195],[-74.52668,40.55947],[-74.53166,40.55945],[-74.53715,40.55811],[-74.54344,40.55478],[-74.54432,40.55418],[-74.55297,40.56506],[-74.55643,40.56803],[-74.56201,40.5713],[-74.56029,40.5776],[-74.5575,40.57948],[-74.55536,40.58086]]]}},{"type":"Feature","properties":{"zcta":"11709","d":2406},"geometry":{"type":"Polygon","coordinates":[[[-73.57611,40.91117],[-73.56997,40.9154],[-73.56617,40.9158],[-73.55743,40.91157],[-73.54807,40.9087],[-73.53879,40.91207],[-73.53106,40.91356],[-73.5288,40.91552],[-73.52804,40.9141],[-73.52873,40.91055],[-73.53142,40.90991],[-73.53737,40.90452],[-73.54782,40.90363],[-73.54782,40.90309],[-73.55797,40.90047],[-73.56682,40.8982],[-73.57199,40.8952],[-73.57437,40.89593],[-73.57356,40.89764],[-73.57782,40.90136],[-73.58134,40.90373],[-73.58158,40.90609],[-73.58398,40.90946],[-73.57611,40.91117]]]}},{"type":"Feature","properties":{"zcta":"11944","d":600},"geometry":{"type":"Polygon","coordinates":[[[-72.35797,41.12506],[-72.35517,41.12368],[-72.35537,41.12208],[-72.35294,41.11983],[-72.35124,41.11967],[-72.34586,41.11444],[-72.34836,41.11114],[-72.35075,41.10672],[-72.34496,41.10119],[-72.34856,41.09773],[-72.35976,41.08838],[-72.37242,41.07605],[-72.37454,41.0744],[-72.37708,41.07402],[-72.38583,41.07466],[-72.38804,41.07396],[-72.39102,41.07148],[-72.39772,41.0741],[-72.4001,41.07557],[-72.39713,41.07586],[-72.39105,41.07776],[-72.38688,41.07959],[-72.38699,41.08188],[-72.39299,41.08244],[-72.39144,41.08843],[-72.39916,41.08788],[-72.40304,41.0939],[-72.397,41.09631],[-72.38612,41.10624],[-72.38255,41.11453],[-72.37551,41.11883],[-72.37012,41.11974],[-72.36228,41.12597],[-72.36086,41.12773],[-72.35797,41.12506]]]}},{"type":"Feature","properties":{"zcta":"10308","d":7180},"geometry":{"type":"Polygon","coordinates":[[[-74.16256,40.56673],[-74.15263,40.57039],[-74.1517,40.56786],[-74.14313,40.56051],[-74.13966,40.55865],[-74.14554,40.55385],[-74.14324,40.55336],[-74.14025,40.55479],[-74.13456,40.55125],[-74.13864,40.54848],[-74.13701,40.54697],[-74.13568,40.54637],[-74.13839,40.54507],[-74.14192,40.54183],[-74.14217,40.53729],[-74.14619,40.53557],[-74.1507,40.53711],[-74.15929,40.54602],[-74.16113,40.54642],[-74.16207,40.55129],[-74.16339,40.55332],[-74.16499,40.56145],[-74.16444,40.56525],[-74.16256,40.56673]]]}},{"type":"Feature","properties":{"zcta":"10931","d":0},"geometry":{"type":"Polygon","coordinates":[[[-74.16635,41.14453],[-74.16146,41.14255],[-74.16247,41.13561],[-74.16363,41.13453],[-74.15855,41.13364],[-74.14981,41.1331],[-74.14581,41.13246],[-74.1525,41.12358],[-74.16104,41.12067],[-74.15996,41.11528],[-74.15775,41.11357],[-74.15833,41.1109],[-74.18236,41.12138],[-74.19536,41.12683],[-74.18733,41.1373],[-74.17131,41.13111],[-74.16811,41.13477],[-74.16917,41.13835],[-74.17309,41.1417],[-74.16635,41.14453]]]}},{"type":"Feature","properties":{"zcta":"10153","d":0},"geometry":{"type":"Polygon","coordinates":[[[-73.97141,40.76359],[-73.97346,40.76366],[-73.97301,40.76428],[-73.97141,40.76359]]]}},{"type":"Feature","properties":{"zcta":"08824","d":1682},"geometry":{"type":"Polygon","coordinates":[[[-74.55411,40.43034],[-74.53619,40.43833],[-74.53152,40.44136],[-74.51605,40.43165],[-74.52008,40.42836],[-74.53751,40.41416],[-74.54013,40.41601],[-74.54247,40.42047],[-74.54789,40.41527],[-74.55336,40.41503],[-74.55344,40.41623],[-74.55751,40.41301],[-74.55847,40.4153],[-74.5603,40.4143],[-74.55926,40.40919],[-74.5599,40.40817],[-74.5652,40.40807],[-74.57204,40.40697],[-74.5712,40.40118],[-74.57459,40.40079],[-74.57856,40.39515],[-74.58203,40.39379],[-74.58146,40.393],[-74.58541,40.39103],[-74.58475,40.39388],[-74.58661,40.39865],[-74.58317,40.39803],[-74.58109,40.39985],[-74.58191,40.4031],[-74.5842,40.4018],[-74.58586,40.40393],[-74.57754,40.40754],[-74.58102,40.40747],[-74.58281,40.41349],[-74.58499,40.41818],[-74.57616,40.4223],[-74.57163,40.42391],[-74.55411,40.43034]],[[-74.51831,40.43035],[-74.51969,40.4318],[-74.5207,40.43073],[-74.51831,40.43035]]]}},{"type":"Feature","properties":{"zcta":"10075","d":75489},"geometry":{"type":"Polygon","coordinates":[[[-73.96316,40.77777],[-73.95977,40.77665],[-73.95443,40.77397],[-73.95186,40.77346],[-73.94736,40.77139],[-73.9475,40.77012],[-73.94797,40.76951],[-73.95186,40.76944],[-73.9521,40.76996],[-73.9601,40.7733],[-73.96515,40.77505],[-73.96373,40.77699],[-73.96316,40.77777]]]}},{"type":"Feature","properties":{"zcta":"10039","d":28352},"geometry":{"type":"Polygon","coordinates":[[[-73.94292,40.82326],[-73.94059,40.82641],[-73.94154,40.82682],[-73.93973,40.8293],[-73.94023,40.83028],[-73.94017,40.83038],[-73.93868,40.8328],[-73.93491,40.83574],[-73.9352,40.83273],[-73.93398,40.8177],[-73.93718,40.81914],[-73.93623,40.82044],[-73.94192,40.82284],[-73.94241,40.82216],[-73.94384,40.82365],[-73.94292,40.82326]]]}},{"type":"Feature","properties":{"zcta":"08741","d":1833},"geometry":{"type":"Polygon","coordinates":[[[-74.18664,39.94416],[-74.18528,39.94345],[-74.17703,39.94226],[-74.16848,39.94352],[-74.15704,39.94064],[-74.148,39.93705],[-74.15131,39.93401],[-74.15302,39.93358],[-74.15321,39.93025],[-74.15705,39.93207],[-74.16457,39.92832],[-74.16722,39.92758],[-74.16848,39.92888],[-74.17067,39.92777],[-74.17349,39.92798],[-74.18248,39.93462],[-74.17879,39.93869],[-74.17979,39.93887],[-74.18328,39.94242],[-74.18631,39.94191],[-74.18894,39.94322],[-74.19008,39.946],[-74.18931,39.94806],[-74.18664,39.94416]]]}},{"type":"Feature","properties":{"zcta":"11439","d":0},"geometry":{"type":"Polygon","coordinates":[[[-73.79175,40.72578],[-73.7903,40.72092],[-73.79453,40.71971],[-73.7981,40.71754],[-73.799,40.72015],[-73.79723,40.72061],[-73.79847,40.72353],[-73.79175,40.72578]]]}},{"type":"Feature","properties":{"zcta":"10152","d":0},"geometry":{"type":"Polygon","coordinates":[[[-73.97307,40.75843],[-73.97053,40.759],[-73.97145,40.75775],[-73.97307,40.75843]]]}},{"type":"Feature","properties":{"zcta":"07001","d":1960},"geometry":{"type":"Polygon","coordinates":[[[-74.25956,40.59731],[-74.25769,40.60228],[-74.25499,40.60204],[-74.25297,40.60077],[-74.24608,40.5998],[-74.24667,40.59852],[-74.25199,40.59715],[-74.25205,40.59333],[-74.25313,40.5898],[-74.25268,40.58755],[-74.25477,40.58023],[-74.24568,40.58007],[-74.24439,40.57937],[-74.25398,40.56883],[-74.2669,40.57102],[-74.27434,40.57227],[-74.28375,40.57217],[-74.29005,40.57276],[-74.29193,40.5704],[-74.29271,40.57153],[-74.29288,40.57173],[-74.29453,40.57566],[-74.29431,40.57907],[-74.29297,40.58424],[-74.29048,40.59022],[-74.29085,40.59195],[-74.25956,40.59731]]]}},{"type":"Feature","properties":{"zcta":"07847","d":441},"geometry":{"type":"Polygon","coordinates":[[[-74.63356,40.89463],[-74.632,40.89155],[-74.6331,40.8898],[-74.63077,40.88824],[-74.62892,40.88851],[-74.62321,40.89589],[-74.61961,40.89578],[-74.61101,40.89779],[-74.60865,40.89964],[-74.6003,40.89823],[-74.60009,40.90054],[-74.59653,40.90101],[-74.61654,40.87587],[-74.62033,40.87248],[-74.6214,40.86857],[-74.62314,40.87092],[-74.62692,40.87375],[-74.63095,40.8744],[-74.63209,40.87201],[-74.63673,40.87344],[-74.63645,40.87704],[-74.64269,40.87587],[-74.64244,40.87918],[-74.64561,40.88288],[-74.64541,40.88658],[-74.63664,40.89398],[-74.63356,40.89463]]]}},{"type":"Feature","properties":{"zcta":"08751","d":1601},"geometry":{"type":"Polygon","coordinates":[[[-74.08321,39.96004],[-74.07816,39.96042],[-74.07772,39.96171],[-74.06734,39.95925],[-74.06997,39.94267],[-74.0713,39.93682],[-74.08191,39.93786],[-74.08378,39.94133],[-74.08757,39.94013],[-74.09172,39.94265],[-74.09683,39.9506],[-74.09778,39.9583],[-74.08321,39.96004]]]}},{"type":"Feature","properties":{"zcta":"07720","d":3810},"geometry":{"type":"Polygon","coordinates":[[[-74.00955,40.20688],[-74.00587,40.20868],[-74.00373,40.20821],[-74.00802,40.19559],[-74.01842,40.19531],[-74.02126,40.19749],[-74.01722,40.20877],[-74.016,40.20852],[-74.00955,40.20688]]]}},{"type":"Feature","properties":{"zcta":"07939","d":0},"geometry":{"type":"Polygon","coordinates":[[[-74.55087,40.67115],[-74.54874,40.66417],[-74.55372,40.66322],[-74.55534,40.67081],[-74.55087,40.67115]]]}},{"type":"Feature","properties":{"zcta":"11520","d":4998},"geometry":{"type":"Polygon","coordinates":[[[-73.59791,40.67298],[-73.58839,40.67355],[-73.58821,40.67192],[-73.58434,40.67324],[-73.58438,40.67121],[-73.57995,40.67171],[-73.57727,40.6709],[-73.57702,40.66941],[-73.57359,40.6716],[-73.57317,40.66906],[-73.56915,40.66886],[-73.56896,40.66265],[-73.56652,40.66038],[-73.56463,40.64769],[-73.5656,40.64631],[-73.56229,40.63863],[-73.562,40.6327],[-73.56263,40.62986],[-73.56506,40.63093],[-73.57004,40.62853],[-73.57121,40.62544],[-73.57307,40.624],[-73.57726,40.62337],[-73.57957,40.6274],[-73.58567,40.6259],[-73.58636,40.63139],[-73.59399,40.63346],[-73.59785,40.63559],[-73.59804,40.63944],[-73.59926,40.64248],[-73.60074,40.64376],[-73.60214,40.64706],[-73.60378,40.65494],[-73.60279,40.65671],[-73.60318,40.66136],[-73.60167,40.67239],[-73.59791,40.67298]]]}},{"type":"Feature","properties":{"zcta":"11004","d":7113},"geometry":{"type":"Polygon","coordinates":[[[-73.71775,40.75535],[-73.71541,40.75568],[-73.71277,40.75191],[-73.70782,40.75622],[-73.70527,40.75477],[-73.7101,40.75059],[-73.70786,40.74919],[-73.7045,40.75098],[-73.70098,40.7389],[-73.71371,40.73618],[-73.7172,40.74151],[-73.71741,40.74351],[-73.72156,40.75275],[-73.72293,40.75413],[-73.72149,40.75643],[-73.71775,40.75535]]]}},{"type":"Feature","properties":{"zcta":"11249","d":0},"geometry":{"type":"Polygon","coordinates":[[[-73.95772,40.7243],[-73.95757,40.7251],[-73.95418,40.72264],[-73.95604,40.7214],[-73.95475,40.7206],[-73.96129,40.7145],[-73.96387,40.7103],[-73.96485,40.70745],[-73.95746,40.70082],[-73.95755,40.69927],[-73.96488,40.69771],[-73.96773,40.69772],[-73.96796,40.70258],[-73.96721,40.70426],[-73.96961,40.70763],[-73.96994,40.70931],[-73.96758,40.7165],[-73.96264,40.72275],[-73.96161,40.72495],[-73.95772,40.7243]]]}},{"type":"Feature","properties":{"zcta":"10034","d":17147},"geometry":{"type":"Polygon","coordinates":[[[-73.94212,40.85372],[-73.93247,40.86762],[-73.93252,40.86991],[-73.92935,40.87536],[-73.92641,40.87765],[-73.92312,40.87731],[-73.92167,40.87328],[-73.91989,40.87379],[-73.92101,40.87555],[-73.91487,40.87441],[-73.91059,40.87246],[-73.91177,40.8681],[-73.91443,40.86419],[-73.91911,40.85957],[-73.92145,40.86038],[-73.9211,40.85757],[-73.92216,40.85561],[-73.92296,40.85891],[-73.92662,40.86453],[-73.92643,40.86534],[-73.93217,40.86649],[-73.93571,40.85962],[-73.93873,40.85645],[-73.94319,40.84976],[-73.947,40.85046],[-73.94212,40.85372]]]}},{"type":"Feature","properties":{"zcta":"11020","d":1583},"geometry":{"type":"Polygon","coordinates":[[[-73.70411,40.78282],[-73.70744,40.78241],[-73.70333,40.7804],[-73.70304,40.77626],[-73.70439,40.77338],[-73.7034,40.77217],[-73.70383,40.76917],[-73.69907,40.76724],[-73.69571,40.76717],[-73.69238,40.76616],[-73.69406,40.76221],[-73.70586,40.75951],[-73.71366,40.75994],[-73.73396,40.77245],[-73.73245,40.77422],[-73.72673,40.77744],[-73.72615,40.77675],[-73.72057,40.77934],[-73.72113,40.78002],[-73.71031,40.78497],[-73.70813,40.78531],[-73.70736,40.78326],[-73.70435,40.78361],[-73.70411,40.78282]]]}},{"type":"Feature","properties":{"zcta":"10923","d":2530},"geometry":{"type":"Polygon","coordinates":[[[-73.99066,41.215],[-73.98786,41.21059],[-73.98753,41.20896],[-73.99189,41.20861],[-73.98887,41.20767],[-73.98908,41.20567],[-73.98607,41.20475],[-73.98591,41.20116],[-73.98479,41.20005],[-73.99013,41.19251],[-74.00509,41.19066],[-74.00468,41.19216],[-74.00832,41.19318],[-74.01165,41.1922],[-74.01521,41.1928],[-74.01978,41.19054],[-74.01972,41.19238],[-74.02264,41.19705],[-74.01997,41.19742],[-74.0147,41.19633],[-74.01307,41.1991],[-74.011,41.19821],[-74.00971,41.20489],[-74.01055,41.20666],[-74.00672,41.20502],[-74.00097,41.2061],[-74.00033,41.20735],[-74.00781,41.20589],[-74.0107,41.20698],[-74.0089,41.20946],[-74.00724,41.20913],[-74.00616,41.21576],[-74.00623,41.21822],[-73.99066,41.215]]]}},{"type":"Feature","properties":{"zcta":"10171","d":0},"geometry":{"type":"Polygon","coordinates":[[[-73.97282,40.75587],[-73.97328,40.75524],[-73.9749,40.75593],[-73.97444,40.75656],[-73.97282,40.75587]]]}},{"type":"Feature","properties":{"zcta":"11424","d":0},"geometry":{"type":"Polygon","coordinates":[[[-73.82721,40.71507],[-73.82712,40.71271],[-73.83073,40.71422],[-73.82721,40.71507]]]}},{"type":"Feature","properties":{"zcta":"10165","d":0},"geometry":{"type":"Polygon","coordinates":[[[-73.97768,40.75212],[-73.97816,40.75146],[-73.97929,40.7528],[-73.97768,40.75212]]]}},{"type":"Feature","properties":{"zcta":"07604","d":4156},"geometry":{"type":"Polygon","coordinates":[[[-74.07965,40.86913],[-74.08219,40.87059],[-74.08111,40.87167],[-74.07557,40.86886],[-74.07358,40.8708],[-74.07167,40.86967],[-74.07014,40.87148],[-74.0683,40.87605],[-74.06203,40.8725],[-74.05961,40.87058],[-74.05957,40.86901],[-74.05945,40.86852],[-74.06583,40.86042],[-74.06631,40.86071],[-74.07106,40.85506],[-74.06879,40.85564],[-74.07025,40.85141],[-74.06957,40.85038],[-74.07175,40.84621],[-74.07124,40.8453],[-74.07489,40.84858],[-74.07887,40.85063],[-74.08948,40.85698],[-74.08617,40.86061],[-74.08754,40.8614],[-74.07965,40.86913]]]}},{"type":"Feature","properties":{"zcta":"07662","d":3118},"geometry":{"type":"Polygon","coordinates":[[[-74.08951,40.91984],[-74.08369,40.91864],[-74.07833,40.91421],[-74.06893,40.90854],[-74.07186,40.89911],[-74.07261,40.89183],[-74.07875,40.89507],[-74.08019,40.89931],[-74.08227,40.90273],[-74.08102,40.9044],[-74.087,40.90714],[-74.08784,40.90928],[-74.08969,40.91048],[-74.08913,40.91283],[-74.09044,40.91404],[-74.08773,40.91627],[-74.08941,40.91971],[-74.08951,40.91984]]]}},{"type":"Feature","properties":{"zcta":"07027","d":3886},"geometry":{"type":"Polygon","coordinates":[[[-74.32571,40.65623],[-74.31943,40.65814],[-74.31248,40.65414],[-74.31657,40.65038],[-74.32065,40.64739],[-74.31662,40.64526],[-74.31972,40.64233],[-74.32796,40.64726],[-74.33361,40.64951],[-74.32885,40.65715],[-74.32628,40.65746],[-74.32571,40.65623]]]}},{"type":"Feature","properties":{"zcta":"10511","d":814},"geometry":{"type":"MultiPolygon","coordinates":[[[[-73.92589,41.26557],[-73.92898,41.26349],[-73.9305,41.26375],[-73.93375,41.26829],[-73.92881,41.26868],[-73.92589,41.26557]]],[[[-73.93841,41.27169],[-73.93712,41.26832],[-73.93544,41.26751],[-73.93016,41.25694],[-73.93727,41.25491],[-73.94297,41.25043],[-73.94595,41.24989],[-73.94719,41.25259],[-73.94924,41.25387],[-73.95188,41.25742],[-73.95106,41.25867],[-73.95419,41.25878],[-73.95103,41.26198],[-73.95488,41.26357],[-73.95696,41.26136],[-73.96263,41.26377],[-73.95712,41.26718],[-73.95667,41.26798],[-73.94916,41.27414],[-73.94699,41.27487],[-73.94419,41.27269],[-73.94077,41.27256],[-73.93841,41.27169]]]]}},{"type":"Feature","properties":{"zcta":"11942","d":313},"geometry":{"type":"Polygon","coordinates":[[[-72.60356,40.87388],[-72.59956,40.87452],[-72.57345,40.87525],[-72.56137,40.8759],[-72.56068,40.86402],[-72.5576,40.85827],[-72.55608,40.85376],[-72.54814,40.85302],[-72.5391,40.85153],[-72.53996,40.84685],[-72.54059,40.82263],[-72.56626,40.8153],[-72.5676,40.81705],[-72.58279,40.83308],[-72.59083,40.83769],[-72.59316,40.8408],[-72.59874,40.84237],[-72.60306,40.84064],[-72.60668,40.83792],[-72.61355,40.83659],[-72.61482,40.84464],[-72.6172,40.85028],[-72.61649,40.85068],[-72.61861,40.85363],[-72.61872,40.85792],[-72.61845,40.8617],[-72.61881,40.87019],[-72.60356,40.87388]]]}},{"type":"Feature","properties":{"zcta":"07717","d":2494},"geometry":{"type":"Polygon","coordinates":[[[-74.02126,40.19749],[-74.01842,40.19531],[-74.00802,40.19559],[-74.00919,40.18751],[-74.01828,40.18805],[-74.0259,40.18462],[-74.02565,40.18531],[-74.02126,40.19749]]]}},{"type":"Feature","properties":{"zcta":"10528","d":1584},"geometry":{"type":"Polygon","coordinates":[[[-73.74102,40.98361],[-73.73607,40.98715],[-73.73558,40.9893],[-73.73305,40.99168],[-73.73054,40.99266],[-73.72697,40.99873],[-73.72589,40.99961],[-73.7197,40.99565],[-73.71233,40.99185],[-73.70837,40.9863],[-73.70372,40.98179],[-73.70182,40.98086],[-73.70621,40.97454],[-73.70364,40.97485],[-73.70332,40.97317],[-73.70542,40.96922],[-73.70848,40.96486],[-73.71183,40.96326],[-73.71581,40.95917],[-73.73024,40.96411],[-73.73105,40.96757],[-73.7363,40.9693],[-73.73925,40.96792],[-73.74341,40.96881],[-73.74402,40.9713],[-73.74349,40.97568],[-73.74494,40.98262],[-73.74102,40.98361]]]}},{"type":"Feature","properties":{"zcta":"11224","d":13045},"geometry":{"type":"Polygon","coordinates":[[[-73.98394,40.58324],[-73.98109,40.58149],[-73.98027,40.58313],[-73.97464,40.58311],[-73.97072,40.58319],[-73.97113,40.58202],[-73.96838,40.58167],[-73.96992,40.57558],[-73.96675,40.57483],[-73.95941,40.57516],[-73.95942,40.57414],[-73.9909,40.57063],[-74.002,40.5706],[-74.00287,40.57231],[-74.01147,40.57448],[-74.01287,40.57791],[-74.01088,40.58058],[-74.00603,40.58203],[-74.00072,40.58123],[-73.99837,40.58185],[-73.98824,40.5797],[-73.98394,40.58324]]]}},{"type":"Feature","properties":{"zcta":"10168","d":0},"geometry":{"type":"Polygon","coordinates":[[[-73.97711,40.75188],[-73.97605,40.75144],[-73.97816,40.75146],[-73.97768,40.75212],[-73.97711,40.75188]]]}},{"type":"Feature","properties":{"zcta":"11549","d":0},"geometry":{"type":"Polygon","coordinates":[[[-73.59492,40.72288],[-73.59374,40.72216],[-73.59428,40.71767],[-73.60359,40.71437],[-73.60605,40.72055],[-73.59492,40.72288]]]}},{"type":"Feature","properties":{"zcta":"08840","d":2813},"geometry":{"type":"MultiPolygon","coordinates":[[[[-74.32102,40.55916],[-74.31728,40.55257],[-74.32844,40.54631],[-74.32907,40.54841],[-74.32992,40.55672],[-74.32102,40.55916]]],[[[-74.34595,40.54871],[-74.34779,40.5468],[-74.34518,40.54007],[-74.35544,40.52803],[-74.36354,40.52781],[-74.36812,40.52887],[-74.37212,40.53052],[-74.377,40.5335],[-74.38186,40.54968],[-74.38258,40.5522],[-74.34601,40.55537],[-74.34483,40.55327],[-74.34595,40.54871]]]]}},{"type":"Feature","properties":{"zcta":"07073","d":1417},"geometry":{"type":"Polygon","coordinates":[[[-74.11561,40.8511],[-74.11162,40.84707],[-74.10277,40.84148],[-74.07875,40.82755],[-74.07078,40.82208],[-74.06604,40.81693],[-74.06069,40.80573],[-74.06384,40.80415],[-74.06868,40.79865],[-74.07527,40.79663],[-74.07785,40.79428],[-74.07985,40.78973],[-74.08166,40.7876],[-74.105,40.83765],[-74.10712,40.83924],[-74.11388,40.84208],[-74.12119,40.84683],[-74.11939,40.85103],[-74.11934,40.85332],[-74.11561,40.8511]]]}},{"type":"Feature","properties":{"zcta":"11411","d":8947},"geometry":{"type":"Polygon","coordinates":[[[-73.74331,40.70296],[-73.74105,40.70198],[-73.72772,40.70192],[-73.72752,40.6972],[-73.7265,40.69689],[-73.72593,40.68623],[-73.72586,40.68322],[-73.73222,40.68512],[-73.7324,40.68467],[-73.7336,40.68553],[-73.74745,40.68935],[-73.74772,40.68994],[-73.74624,40.69128],[-73.74619,40.69612],[-73.74825,40.69942],[-73.74864,40.70159],[-73.74331,40.70296]]]}},{"type":"Feature","properties":{"zcta":"10597","d":144},"geometry":{"type":"Polygon","coordinates":[[[-73.61404,41.30788],[-73.61368,41.30826],[-73.58478,41.31103],[-73.58571,41.30245],[-73.58593,41.29952],[-73.58046,41.30104],[-73.58167,41.29948],[-73.57867,41.29932],[-73.57885,41.29814],[-73.57369,41.29852],[-73.57341,41.29698],[-73.57631,41.29663],[-73.57818,41.29055],[-73.5762,41.28874],[-73.58063,41.28643],[-73.58011,41.28461],[-73.5907,41.28147],[-73.59213,41.2779],[-73.59544,41.27689],[-73.59831,41.27463],[-73.60081,41.27467],[-73.60368,41.27935],[-73.61001,41.27936],[-73.61038,41.28179],[-73.61226,41.28166],[-73.61222,41.28459],[-73.61153,41.29135],[-73.61268,41.29411],[-73.61544,41.29742],[-73.6145,41.30295],[-73.61404,41.30788]]]}},{"type":"Feature","properties":{"zcta":"11796","d":1395},"geometry":{"type":"Polygon","coordinates":[[[-73.09362,40.74556],[-73.09182,40.74148],[-73.09277,40.74057],[-73.09158,40.73655],[-73.09221,40.73466],[-73.09125,40.72412],[-73.08967,40.72036],[-73.09191,40.71963],[-73.09251,40.72173],[-73.09583,40.71981],[-73.10445,40.7165],[-73.10804,40.71719],[-73.10692,40.72219],[-73.11051,40.72795],[-73.10988,40.73099],[-73.10809,40.73008],[-73.10872,40.73451],[-73.10669,40.73465],[-73.10669,40.73744],[-73.10398,40.73744],[-73.10483,40.74105],[-73.09552,40.74071],[-73.09565,40.74555],[-73.09362,40.74556]]]}},{"type":"Feature","properties":{"zcta":"10502","d":1360},"geometry":{"type":"Polygon","coordinates":[[[-73.85352,41.0057],[-73.85209,41.0094],[-73.84813,41.01398],[-73.84613,41.02197],[-73.84527,41.02302],[-73.84361,41.02557],[-73.8386,41.03038],[-73.83152,41.02944],[-73.83176,41.02864],[-73.8268,41.02931],[-73.82669,41.02871],[-73.82636,41.02684],[-73.83796,41.02612],[-73.83825,41.02404],[-73.84217,41.02348],[-73.83489,41.02189],[-73.83156,41.02287],[-73.8306,41.02098],[-73.82364,41.01961],[-73.82528,41.01738],[-73.82795,41.01511],[-73.82987,41.01169],[-73.82951,41.00836],[-73.83161,41.00825],[-73.83488,41.00377],[-73.84177,40.99929],[-73.84474,40.9945],[-73.84475,40.99203],[-73.84296,40.99191],[-73.84432,40.98969],[-73.84757,40.98833],[-73.84955,40.98966],[-73.847,40.9974],[-73.84801,40.99809],[-73.851,40.99703],[-73.85398,40.99773],[-73.85234,41.00352],[-73.85715,40.99788],[-73.85831,40.99816],[-73.85352,41.0057]]]}},{"type":"Feature","properties":{"zcta":"10503","d":0},"geometry":{"type":"Polygon","coordinates":[[[-73.87383,41.02557],[-73.87631,41.02562],[-73.87617,41.02746],[-73.87383,41.02557]]]}},{"type":"Feature","properties":{"zcta":"08555","d":0},"geometry":{"type":"Polygon","coordinates":[[[-74.47166,40.20871],[-74.47707,40.21171],[-74.47836,40.21138],[-74.48415,40.21401],[-74.48495,40.21589],[-74.48875,40.21632],[-74.48993,40.21677],[-74.48277,40.22095],[-74.48541,40.2344],[-74.47957,40.23584],[-74.4796,40.23368],[-74.47609,40.23457],[-74.4753,40.23281],[-74.47016,40.23374],[-74.46579,40.23225],[-74.46401,40.22134],[-74.45957,40.22063],[-74.46016,40.21874],[-74.45527,40.21696],[-74.46097,40.21147],[-74.4671,40.20745],[-74.47166,40.20871]]]}},{"type":"Feature","properties":{"zcta":"08722","d":2060},"geometry":{"type":"Polygon","coordinates":[[[-74.21755,39.93473],[-74.20487,39.93511],[-74.19067,39.94579],[-74.19008,39.946],[-74.18894,39.94322],[-74.18631,39.94191],[-74.18328,39.94242],[-74.17979,39.93887],[-74.17879,39.93869],[-74.18248,39.93462],[-74.19101,39.92519],[-74.18988,39.92286],[-74.19471,39.92117],[-74.20201,39.91318],[-74.20932,39.91286],[-74.21252,39.9142],[-74.22535,39.92895],[-74.22146,39.93141],[-74.2211,39.93256],[-74.21755,39.93473]]]}},{"type":"Feature","properties":{"zcta":"08836","d":414},"geometry":{"type":"Polygon","coordinates":[[[-74.56322,40.61051],[-74.55424,40.60514],[-74.5448,40.60405],[-74.53527,40.60563],[-74.53522,40.60347],[-74.53262,40.60052],[-74.53295,40.59888],[-74.53168,40.59532],[-74.5191,40.58802],[-74.51959,40.58625],[-74.52675,40.58458],[-74.53332,40.5819],[-74.53439,40.57976],[-74.53731,40.57907],[-74.54366,40.57903],[-74.55536,40.58086],[-74.5575,40.57948],[-74.55726,40.58355],[-74.56072,40.5855],[-74.56504,40.59122],[-74.56553,40.59291],[-74.57102,40.59521],[-74.57557,40.59788],[-74.57933,40.60277],[-74.58304,40.60494],[-74.58507,40.60708],[-74.58624,40.60582],[-74.58719,40.60731],[-74.58443,40.61004],[-74.58669,40.61205],[-74.58444,40.61363],[-74.58375,40.61752],[-74.58652,40.61884],[-74.58484,40.62172],[-74.56322,40.61051]]]}},{"type":"Feature","properties":{"zcta":"08880","d":3916},"geometry":{"type":"Polygon","coordinates":[[[-74.5235,40.55856],[-74.51984,40.55558],[-74.51759,40.55252],[-74.51587,40.54498],[-74.54344,40.55478],[-74.53715,40.55811],[-74.53166,40.55945],[-74.52668,40.55947],[-74.5235,40.55856]]]}},{"type":"Feature","properties":{"zcta":"10012","d":36471},"geometry":{"type":"Polygon","coordinates":[[[-74.00095,40.73171],[-73.9996,40.73104],[-73.99164,40.72683],[-73.9926,40.72414],[-73.99438,40.71952],[-74.00457,40.72417],[-74.00312,40.72688],[-74.00095,40.73171]]]}},{"type":"Feature","properties":{"zcta":"10020","d":0},"geometry":{"type":"MultiPolygon","coordinates":[[[[-73.97765,40.75791],[-73.97812,40.75728],[-73.98134,40.75865],[-73.98089,40.75927],[-73.97765,40.75791]]],[[[-73.98089,40.75927],[-73.98373,40.76046],[-73.98043,40.7599],[-73.98089,40.75927]]]]}},{"type":"Feature","properties":{"zcta":"10030","d":45627},"geometry":{"type":"Polygon","coordinates":[[[-73.94476,40.82403],[-73.94384,40.82365],[-73.94241,40.82216],[-73.94192,40.82284],[-73.93623,40.82044],[-73.93718,40.81914],[-73.94135,40.81344],[-73.94247,40.81263],[-73.94868,40.81569],[-73.94608,40.82126],[-73.94476,40.82403]]]}},{"type":"Feature","properties":{"zcta":"10103","d":0},"geometry":{"type":"Polygon","coordinates":[[[-73.97629,40.75979],[-73.97951,40.76115],[-73.97583,40.76042],[-73.97629,40.75979]]]}},{"type":"Feature","properties":{"zcta":"10110","d":0},"geometry":{"type":"Polygon","coordinates":[[[-73.98089,40.75348],[-73.98412,40.75484],[-73.98039,40.75415],[-73.98089,40.75348]]]}},{"type":"Feature","properties":{"zcta":"10119","d":0},"geometry":{"type":"Polygon","coordinates":[[[-73.99062,40.75099],[-73.99201,40.7491],[-73.99484,40.75029],[-73.99395,40.75152],[-73.99062,40.75099]]]}},{"type":"Feature","properties":{"zcta":"10154","d":0},"geometry":{"type":"Polygon","coordinates":[[[-73.97352,40.75781],[-73.97307,40.75843],[-73.97145,40.75775],[-73.97352,40.75781]]]}},{"type":"Feature","properties":{"zcta":"10169","d":0},"geometry":{"type":"Polygon","coordinates":[[[-73.97581,40.75468],[-73.97697,40.75435],[-73.97652,40.75497],[-73.97581,40.75468]]]}},{"type":"Feature","properties":{"zcta":"10174","d":0},"geometry":{"type":"Polygon","coordinates":[[[-73.97396,40.75144],[-73.97605,40.75144],[-73.97556,40.75212],[-73.97396,40.75144]]]}},{"type":"Feature","properties":{"zcta":"10282","d":31014},"geometry":{"type":"Polygon","coordinates":[[[-74.01273,40.71711],[-74.0137,40.71367],[-74.01744,40.71503],[-74.01671,40.7187],[-74.01305,40.71909],[-74.01273,40.71711]]]}},{"type":"Feature","properties":{"zcta":"10311","d":0},"geometry":{"type":"Polygon","coordinates":[[[-74.17696,40.60599],[-74.18041,40.60293],[-74.18246,40.60421],[-74.17917,40.60787],[-74.17696,40.60599]]]}},{"type":"Feature","properties":{"zcta":"10517","d":0},"geometry":{"type":"Polygon","coordinates":[[[-73.857,41.30481],[-73.85461,41.29239],[-73.86103,41.29275],[-73.86199,41.29509],[-73.86558,41.29441],[-73.86506,41.30308],[-73.857,41.30481]]]}},{"type":"Feature","properties":{"zcta":"10526","d":301},"geometry":{"type":"Polygon","coordinates":[[[-73.69029,41.29721],[-73.68757,41.29817],[-73.68581,41.2943],[-73.68307,41.2958],[-73.68183,41.29777],[-73.6788,41.29896],[-73.67794,41.30203],[-73.6747,41.30236],[-73.65929,41.30385],[-73.64759,41.30521],[-73.64315,41.30541],[-73.61915,41.30781],[-73.61649,41.30681],[-73.61404,41.30788],[-73.6145,41.30295],[-73.61651,41.30124],[-73.61604,41.29322],[-73.62729,41.29448],[-73.62798,41.29769],[-73.63067,41.2989],[-73.6349,41.29966],[-73.64049,41.29811],[-73.64488,41.29561],[-73.64814,41.29465],[-73.64838,41.29361],[-73.65173,41.294],[-73.65316,41.29183],[-73.66247,41.28837],[-73.6783,41.28519],[-73.67747,41.28886],[-73.68029,41.28262],[-73.68288,41.27581],[-73.68515,41.27199],[-73.69848,41.26811],[-73.69984,41.26907],[-73.69892,41.27274],[-73.69683,41.27523],[-73.69311,41.27613],[-73.6909,41.27753],[-73.69203,41.28186],[-73.69133,41.28415],[-73.6871,41.28512],[-73.68839,41.28653],[-73.69187,41.28722],[-73.6938,41.28946],[-73.69595,41.29357],[-73.69513,41.29763],[-73.69029,41.29721]]]}},{"type":"Feature","properties":{"zcta":"10578","d":278},"geometry":{"type":"Polygon","coordinates":[[[-73.65754,41.33693],[-73.6559,41.34347],[-73.65206,41.34682],[-73.65044,41.34717],[-73.65431,41.34384],[-73.65581,41.34163],[-73.657,41.33673],[-73.65922,41.33072],[-73.65809,41.32651],[-73.65656,41.32597],[-73.65869,41.32154],[-73.66357,41.31747],[-73.66829,41.31228],[-73.66893,41.30953],[-73.67255,41.30898],[-73.67365,41.30738],[-73.6747,41.30236],[-73.67794,41.30203],[-73.6788,41.29896],[-73.68183,41.29777],[-73.68512,41.2994],[-73.68691,41.3012],[-73.68852,41.30478],[-73.6886,41.30778],[-73.68652,41.30687],[-73.6844,41.30745],[-73.68296,41.30994],[-73.68484,41.31251],[-73.68437,41.31531],[-73.6819,41.31748],[-73.68369,41.32113],[-73.6822,41.32374],[-73.68009,41.32451],[-73.67979,41.32786],[-73.67658,41.32973],[-73.67531,41.33303],[-73.67221,41.33376],[-73.67094,41.32856],[-73.66832,41.32837],[-73.66954,41.33007],[-73.66537,41.33052],[-73.66472,41.33198],[-73.66196,41.33107],[-73.66206,41.33457],[-73.65885,41.33687],[-73.65754,41.33693]]]}},{"type":"Feature","properties":{"zcta":"10706","d":1530},"geometry":{"type":"Polygon","coordinates":[[[-73.87352,41.00186],[-73.86547,40.99957],[-73.86539,40.99783],[-73.86359,40.99908],[-73.85831,40.99816],[-73.85715,40.99788],[-73.85234,41.00352],[-73.85398,40.99773],[-73.851,40.99703],[-73.84801,40.99809],[-73.847,40.9974],[-73.84955,40.98966],[-73.84757,40.98833],[-73.84958,40.98689],[-73.85338,40.98577],[-73.85439,40.98202],[-73.86776,40.98005],[-73.87234,40.97934],[-73.87987,40.98113],[-73.88034,40.97805],[-73.88882,40.97654],[-73.888,40.97754],[-73.88548,40.98563],[-73.88675,40.98618],[-73.88646,40.99611],[-73.88465,40.99762],[-73.88352,41.00404],[-73.87352,41.00186]]]}},{"type":"Feature","properties":{"zcta":"10964","d":307},"geometry":{"type":"Polygon","coordinates":[[[-73.93705,41.0165],[-73.93204,41.01991],[-73.92699,41.01665],[-73.92589,41.0174],[-73.92362,41.01623],[-73.91742,41.0174],[-73.91555,41.01889],[-73.9176,41.02529],[-73.91923,41.02691],[-73.91899,41.02882],[-73.9157,41.02957],[-73.91489,41.0325],[-73.91325,41.0347],[-73.91383,41.03745],[-73.90789,41.0384],[-73.90452,41.03223],[-73.90266,41.02526],[-73.90216,41.02015],[-73.90313,41.01913],[-73.90264,41.01552],[-73.90362,41.01389],[-73.90227,41.00892],[-73.90318,41.00522],[-73.90269,40.9973],[-73.92178,41.00588],[-73.93907,41.01365],[-73.93705,41.0165]]]}},{"type":"Feature","properties":{"zcta":"11109","d":68000},"geometry":{"type":"Polygon","coordinates":[[[-73.95684,40.74883],[-73.9548,40.74805],[-73.95621,40.74387],[-73.95973,40.74526],[-73.95684,40.74883]]]}},{"type":"Feature","properties":{"zcta":"11225","d":33303},"geometry":{"type":"Polygon","coordinates":[[[-73.94773,40.66971],[-73.94802,40.66658],[-73.94253,40.66584],[-73.94216,40.6635],[-73.93998,40.66345],[-73.94283,40.66285],[-73.94295,40.66024],[-73.94764,40.65996],[-73.94726,40.65644],[-73.95309,40.65651],[-73.95934,40.65598],[-73.96167,40.65654],[-73.9619,40.65487],[-73.96281,40.6605],[-73.96374,40.65987],[-73.96502,40.66217],[-73.96289,40.6638],[-73.96096,40.66329],[-73.96219,40.66964],[-73.96134,40.67135],[-73.95797,40.67066],[-73.94773,40.66971]]]}},{"type":"Feature","properties":{"zcta":"11239","d":13479},"geometry":{"type":"Polygon","coordinates":[[[-73.86916,40.66012],[-73.86718,40.66045],[-73.86599,40.65886],[-73.86317,40.65828],[-73.86048,40.65466],[-73.85615,40.6492],[-73.85502,40.6431],[-73.87396,40.63377],[-73.8763,40.63519],[-73.88959,40.64811],[-73.89125,40.65003],[-73.88999,40.65114],[-73.88221,40.6545],[-73.8761,40.64622],[-73.87489,40.6451],[-73.87338,40.64682],[-73.87973,40.65556],[-73.87611,40.65713],[-73.86916,40.66012]]]}},{"type":"Feature","properties":{"zcta":"11359","d":0},"geometry":{"type":"Polygon","coordinates":[[[-73.7808,40.79186],[-73.78071,40.79563],[-73.77827,40.79673],[-73.77556,40.79561],[-73.77064,40.78838],[-73.77415,40.78633],[-73.7812,40.78959],[-73.78219,40.79112],[-73.7808,40.79186]]]}},{"type":"Feature","properties":{"zcta":"11569","d":0},"geometry":{"type":"Polygon","coordinates":[[[-73.57583,40.59473],[-73.57494,40.5924],[-73.5768,40.58684],[-73.5783,40.58581],[-73.58437,40.58572],[-73.58449,40.59091],[-73.5869,40.59148],[-73.58719,40.59349],[-73.57583,40.59473]]]}},{"type":"Feature","properties":{"zcta":"11715","d":1429},"geometry":{"type":"Polygon","coordinates":[[[-73.04214,40.76269],[-73.04216,40.76855],[-73.03514,40.76611],[-73.03176,40.75966],[-73.03004,40.7588],[-73.02879,40.75621],[-73.02496,40.75858],[-73.02404,40.75369],[-73.02448,40.75207],[-73.02169,40.74888],[-73.02195,40.74841],[-73.02232,40.7491],[-73.02729,40.74512],[-73.02736,40.74421],[-73.03328,40.73768],[-73.03498,40.72941],[-73.03805,40.72962],[-73.03897,40.7337],[-73.04186,40.73589],[-73.04208,40.74716],[-73.04488,40.74772],[-73.04205,40.74911],[-73.04326,40.75726],[-73.04544,40.76267],[-73.04452,40.76267],[-73.04214,40.76269]]]}},{"type":"Feature","properties":{"zcta":"11789","d":2297},"geometry":{"type":"Polygon","coordinates":[[[-72.95486,40.96612],[-72.95459,40.96232],[-72.95994,40.96292],[-72.96091,40.95736],[-72.95923,40.95075],[-72.96484,40.95045],[-72.96446,40.9465],[-72.96346,40.94523],[-72.97665,40.94898],[-72.98642,40.95072],[-72.98571,40.95372],[-72.987,40.95452],[-72.98405,40.9664],[-72.95486,40.96612]]]}},{"type":"Feature","properties":{"zcta":"11931","d":0},"geometry":{"type":"Polygon","coordinates":[[[-72.6183,40.92979],[-72.62272,40.92985],[-72.62547,40.93095],[-72.63181,40.9321],[-72.62068,40.93841],[-72.61877,40.93914],[-72.61521,40.92882],[-72.6183,40.92979]]]}},{"type":"Feature","properties":{"zcta":"11947","d":0},"geometry":{"type":"Polygon","coordinates":[[[-72.58482,40.94366],[-72.57975,40.94447],[-72.57928,40.94304],[-72.58271,40.94125],[-72.58482,40.94366]]]}},{"type":"Feature","properties":{"zcta":"11955","d":568},"geometry":{"type":"Polygon","coordinates":[[[-72.83357,40.82071],[-72.8202,40.82227],[-72.82093,40.82306],[-72.81584,40.82363],[-72.81566,40.82277],[-72.80909,40.82318],[-72.80938,40.81743],[-72.81386,40.81702],[-72.81065,40.80356],[-72.81596,40.79756],[-72.81692,40.79394],[-72.816,40.79216],[-72.81749,40.78656],[-72.81896,40.78377],[-72.82363,40.78856],[-72.82943,40.79453],[-72.83155,40.80261],[-72.83274,40.80579],[-72.83449,40.80752],[-72.83684,40.81426],[-72.8399,40.81886],[-72.83722,40.81987],[-72.83357,40.82071]]]}},{"type":"Feature","properties":{"zcta":"07068","d":945},"geometry":{"type":"Polygon","coordinates":[[[-74.31554,40.83373],[-74.31288,40.83238],[-74.31213,40.83309],[-74.3057,40.82992],[-74.30156,40.82683],[-74.29836,40.82958],[-74.29873,40.83136],[-74.29453,40.82777],[-74.29033,40.82498],[-74.29145,40.82388],[-74.28858,40.8224],[-74.28931,40.82177],[-74.28495,40.81918],[-74.28504,40.81786],[-74.28064,40.81815],[-74.27756,40.81484],[-74.27643,40.81457],[-74.28058,40.80674],[-74.28379,40.80808],[-74.28691,40.80694],[-74.29102,40.80953],[-74.29678,40.8105],[-74.29928,40.80812],[-74.30372,40.81026],[-74.30915,40.81124],[-74.31331,40.81315],[-74.31375,40.81104],[-74.31683,40.81154],[-74.31729,40.80992],[-74.32208,40.81083],[-74.32223,40.81241],[-74.32597,40.81231],[-74.32711,40.8155],[-74.33213,40.81674],[-74.33429,40.81841],[-74.3323,40.82207],[-74.33493,40.82763],[-74.3329,40.82946],[-74.32893,40.83143],[-74.33004,40.83517],[-74.32916,40.83856],[-74.31554,40.83373]]]}},{"type":"Feature","properties":{"zcta":"07423","d":1149},"geometry":{"type":"Polygon","coordinates":[[[-74.08466,41.00517],[-74.07731,41.00448],[-74.07983,40.9981],[-74.07945,40.98994],[-74.08278,40.99014],[-74.08879,40.99204],[-74.10434,40.99484],[-74.10624,40.99562],[-74.11322,40.99651],[-74.11587,41.00153],[-74.11789,41.00277],[-74.11833,41.006],[-74.12018,41.0064],[-74.11781,41.00802],[-74.11182,41.00849],[-74.09375,41.0053],[-74.08466,41.00517]]]}},{"type":"Feature","properties":{"zcta":"07524","d":9178},"geometry":{"type":"Polygon","coordinates":[[[-74.16561,40.9358],[-74.16151,40.9375],[-74.15394,40.93797],[-74.14959,40.9414],[-74.14807,40.94164],[-74.14596,40.94041],[-74.14696,40.93877],[-74.15129,40.92478],[-74.15535,40.9247],[-74.15645,40.92541],[-74.1655,40.92574],[-74.16603,40.92626],[-74.16525,40.92984],[-74.16682,40.93136],[-74.16694,40.93399],[-74.16561,40.9358]]]}},{"type":"Feature","properties":{"zcta":"07640","d":1258},"geometry":{"type":"Polygon","coordinates":[[[-73.97072,40.99497],[-73.96802,40.99116],[-73.96714,40.99167],[-73.96304,40.98274],[-73.96463,40.98402],[-73.9725,40.983],[-73.97446,40.98181],[-73.97671,40.98201],[-73.98046,40.97959],[-73.98135,40.97711],[-73.98231,40.97796],[-73.98768,40.97437],[-73.98786,40.97582],[-73.99385,40.9753],[-73.9941,40.98022],[-73.99783,40.98154],[-73.99644,40.98115],[-73.99531,40.98503],[-73.99788,40.98736],[-73.99556,40.98707],[-73.99373,40.98887],[-73.99044,40.98859],[-73.9877,40.99166],[-73.98782,40.99471],[-73.98575,40.99909],[-73.98378,41.00172],[-73.98006,41.00513],[-73.96874,41.00681],[-73.97072,40.99497]]]}},{"type":"Feature","properties":{"zcta":"07737","d":810},"geometry":{"type":"Polygon","coordinates":[[[-74.07309,40.4206],[-74.06988,40.42111],[-74.06774,40.42743],[-74.05898,40.42271],[-74.04804,40.41896],[-74.05099,40.41325],[-74.04816,40.41262],[-74.0506,40.40894],[-74.05174,40.40153],[-74.05137,40.39679],[-74.05191,40.39491],[-74.05457,40.39469],[-74.06099,40.39664],[-74.06253,40.39783],[-74.06746,40.39782],[-74.0679,40.39859],[-74.07592,40.39785],[-74.07885,40.39898],[-74.07985,40.39937],[-74.08257,40.40356],[-74.08298,40.40651],[-74.0799,40.41215],[-74.07654,40.41329],[-74.07325,40.41325],[-74.07438,40.41734],[-74.07309,40.4206]]]}},{"type":"Feature","properties":{"zcta":"07842","d":0},"geometry":{"type":"Polygon","coordinates":[[[-74.49349,40.94476],[-74.49596,40.94433],[-74.5006,40.94119],[-74.50141,40.94192],[-74.50535,40.94044],[-74.50875,40.94404],[-74.49629,40.94932],[-74.49349,40.94476]]]}},{"type":"Feature","properties":{"zcta":"07878","d":0},"geometry":{"type":"Polygon","coordinates":[[[-74.47864,40.8747],[-74.47551,40.87425],[-74.47566,40.87273],[-74.47813,40.87082],[-74.47506,40.86907],[-74.47435,40.86747],[-74.47858,40.86893],[-74.48138,40.87249],[-74.47864,40.8747]]]}},{"type":"Feature","properties":{"zcta":"07922","d":1151},"geometry":{"type":"Polygon","coordinates":[[[-74.43964,40.6897],[-74.43797,40.69164],[-74.43408,40.69357],[-74.43051,40.69366],[-74.43008,40.69776],[-74.42857,40.69912],[-74.4248,40.69484],[-74.42046,40.69313],[-74.42086,40.68921],[-74.41569,40.68475],[-74.41366,40.68072],[-74.412,40.68104],[-74.41059,40.67915],[-74.40547,40.68272],[-74.40448,40.6802],[-74.40215,40.68007],[-74.40251,40.6782],[-74.39966,40.67819],[-74.38594,40.68578],[-74.38147,40.68896],[-74.37946,40.68534],[-74.38347,40.68146],[-74.3871,40.67869],[-74.3967,40.67445],[-74.40169,40.67033],[-74.40154,40.6687],[-74.40349,40.66666],[-74.40531,40.66776],[-74.40949,40.66559],[-74.41302,40.66213],[-74.41672,40.66125],[-74.41978,40.65772],[-74.42239,40.65892],[-74.42622,40.66293],[-74.42954,40.66476],[-74.43592,40.66346],[-74.44308,40.65765],[-74.44869,40.65523],[-74.45085,40.65415],[-74.45708,40.66649],[-74.46103,40.6735],[-74.45916,40.67437],[-74.45418,40.67409],[-74.45258,40.67624],[-74.4534,40.67709],[-74.45156,40.67968],[-74.453,40.68289],[-74.4519,40.6854],[-74.44781,40.68561],[-74.44528,40.68804],[-74.44376,40.68804],[-74.43964,40.6897]]]}},{"type":"Feature","properties":{"zcta":"07961","d":0},"geometry":{"type":"Polygon","coordinates":[[[-74.43796,40.78328],[-74.43134,40.78499],[-74.42943,40.78061],[-74.43372,40.77964],[-74.4392,40.77655],[-74.4407,40.7775],[-74.43796,40.78328]]]}},{"type":"Feature","properties":{"zcta":"08553","d":638},"geometry":{"type":"Polygon","coordinates":[[[-74.64624,40.40568],[-74.63973,40.40698],[-74.63632,40.40627],[-74.63383,40.40173],[-74.62915,40.39947],[-74.62914,40.39921],[-74.634,40.39688],[-74.63887,40.39388],[-74.64152,40.39513],[-74.64436,40.39421],[-74.64974,40.39536],[-74.6473,40.40257],[-74.64624,40.40568]]]}},{"type":"Feature","properties":{"zcta":"07065","d":4157},"geometry":{"type":"Polygon","coordinates":[[[-74.30292,40.61209],[-74.29922,40.61378],[-74.29523,40.61765],[-74.27684,40.62735],[-74.25553,40.60766],[-74.25769,40.60228],[-74.25956,40.59731],[-74.29085,40.59195],[-74.29995,40.59812],[-74.30533,40.60059],[-74.30313,40.60571],[-74.30461,40.60656],[-74.30292,40.60868],[-74.30292,40.61209]]]}},{"type":"Feature","properties":{"zcta":"10028","d":78722},"geometry":{"type":"Polygon","coordinates":[[[-73.95509,40.78017],[-73.95174,40.77788],[-73.95125,40.77855],[-73.94428,40.77561],[-73.94573,40.77362],[-73.94434,40.77311],[-73.9475,40.77012],[-73.94736,40.77139],[-73.95186,40.77346],[-73.95443,40.77397],[-73.95977,40.77665],[-73.96316,40.77777],[-73.95992,40.78221],[-73.95509,40.78017]]]}},{"type":"Feature","properties":{"zcta":"10002","d":45125},"geometry":{"type":"Polygon","coordinates":[[[-73.99438,40.71952],[-73.9926,40.72414],[-73.98864,40.72293],[-73.97875,40.71993],[-73.975,40.71978],[-73.97487,40.71878],[-73.97839,40.71157],[-73.996,40.7089],[-73.9975,40.71407],[-73.99438,40.71952]]]}},{"type":"Feature","properties":{"zcta":"07030","d":22924},"geometry":{"type":"Polygon","coordinates":[[[-74.0333,40.75767],[-74.03188,40.75813],[-74.02773,40.75711],[-74.0238,40.7577],[-74.01425,40.75666],[-74.02064,40.73039],[-74.02951,40.73304],[-74.0325,40.7346],[-74.03871,40.73626],[-74.04282,40.73627],[-74.0437,40.74028],[-74.04185,40.74502],[-74.03978,40.74667],[-74.03778,40.75032],[-74.0333,40.75767]]]}},{"type":"Feature","properties":{"zcta":"07605","d":2819},"geometry":{"type":"Polygon","coordinates":[[[-74.00182,40.8646],[-73.99897,40.86675],[-73.99376,40.87319],[-73.994,40.87431],[-73.98889,40.87558],[-73.98572,40.8752],[-73.97575,40.86906],[-73.97685,40.8631],[-73.97941,40.86081],[-73.98075,40.8582],[-73.98823,40.85101],[-73.99742,40.85618],[-73.99836,40.85501],[-74.00017,40.85591],[-74.00642,40.85687],[-74.00499,40.86014],[-74.00182,40.8646]]]}},{"type":"Feature","properties":{"zcta":"07650","d":8287},"geometry":{"type":"Polygon","coordinates":[[[-74.00017,40.85591],[-73.99836,40.85501],[-73.99742,40.85618],[-73.98823,40.85101],[-73.98058,40.84679],[-73.99139,40.83586],[-74.01094,40.84683],[-74.00916,40.85273],[-74.00642,40.85687],[-74.00017,40.85591]]]}},{"type":"Feature","properties":{"zcta":"11721","d":1362},"geometry":{"type":"Polygon","coordinates":[[[-73.3836,40.90022],[-73.38013,40.90018],[-73.37726,40.9069],[-73.37626,40.9124],[-73.37389,40.91286],[-73.36996,40.9084],[-73.36239,40.90396],[-73.35824,40.89823],[-73.35962,40.89496],[-73.35789,40.89336],[-73.35775,40.88847],[-73.35686,40.88867],[-73.354,40.88596],[-73.35394,40.88376],[-73.35177,40.88413],[-73.35076,40.88219],[-73.35241,40.88145],[-73.35336,40.87814],[-73.35247,40.8752],[-73.34997,40.87408],[-73.36177,40.87695],[-73.3678,40.88408],[-73.37151,40.88179],[-73.37218,40.88019],[-73.3729,40.87986],[-73.37979,40.88177],[-73.37943,40.88353],[-73.38181,40.88361],[-73.38634,40.88171],[-73.38632,40.88252],[-73.39209,40.88207],[-73.38785,40.88419],[-73.38765,40.88685],[-73.3845,40.89007],[-73.38572,40.89383],[-73.38964,40.89928],[-73.38572,40.90344],[-73.3836,40.90022]]]}},{"type":"Feature","properties":{"zcta":"11972","d":0},"geometry":{"type":"Polygon","coordinates":[[[-72.70765,40.81961],[-72.70647,40.82147],[-72.70403,40.82113],[-72.70533,40.82597],[-72.70708,40.82645],[-72.70658,40.8305],[-72.69624,40.82796],[-72.69648,40.83879],[-72.69353,40.83879],[-72.69331,40.82755],[-72.69224,40.82739],[-72.69104,40.82124],[-72.69097,40.81832],[-72.70267,40.8193],[-72.70588,40.81298],[-72.70951,40.81383],[-72.71111,40.81242],[-72.71237,40.81908],[-72.71316,40.82034],[-72.70765,40.81961]]]}},{"type":"Feature","properties":{"zcta":"11743","d":893},"geometry":{"type":"MultiPolygon","coordinates":[[[[-73.3852,40.85429],[-73.38171,40.85203],[-73.377,40.85402],[-73.37746,40.85733],[-73.3739,40.8568],[-73.37445,40.85167],[-73.37221,40.85204],[-73.37109,40.85456],[-73.3658,40.85388],[-73.36432,40.85441],[-73.36468,40.85218],[-73.36126,40.85145],[-73.359,40.852],[-73.35777,40.85041],[-73.3561,40.85138],[-73.35478,40.85558],[-73.35265,40.85636],[-73.34795,40.85598],[-73.34598,40.85516],[-73.34282,40.85847],[-73.34226,40.85727],[-73.33681,40.85643],[-73.3363,40.85012],[-73.33727,40.848],[-73.33561,40.84584],[-73.33258,40.83781],[-73.33466,40.83649],[-73.33769,40.83428],[-73.34475,40.83155],[-73.34853,40.83125],[-73.35811,40.83196],[-73.3602,40.83242],[-73.36162,40.83076],[-73.35973,40.82993],[-73.36188,40.82676],[-73.36283,40.82821],[-73.36403,40.82693],[-73.36634,40.83007],[-73.36711,40.83453],[-73.37296,40.83566],[-73.37614,40.8385],[-73.37873,40.83814],[-73.37907,40.84444],[-73.37485,40.84603],[-73.37846,40.8496],[-73.37919,40.84932],[-73.38558,40.8531],[-73.3852,40.85429]]],[[[-73.38964,40.89928],[-73.38572,40.89383],[-73.3845,40.89007],[-73.38765,40.88685],[-73.38785,40.88419],[-73.39209,40.88207],[-73.38632,40.88252],[-73.38634,40.88171],[-73.38181,40.88361],[-73.37943,40.88353],[-73.37979,40.88177],[-73.3729,40.87986],[-73.37218,40.88019],[-73.37077,40.87753],[-73.3734,40.87517],[-73.37598,40.87426],[-73.37623,40.87276],[-73.38369,40.87153],[-73.3807,40.86906],[-73.3794,40.86296],[-73.38463,40.86114],[-73.38482,40.8586],[-73.39059,40.8563],[-73.39313,40.85831],[-73.39635,40.85728],[-73.39873,40.85888],[-73.39765,40.86009],[-73.39975,40.8616],[-73.40485,40.86665],[-73.40925,40.86253],[-73.41272,40.86119],[-73.41378,40.85805],[-73.41936,40.8597],[-73.4218,40.85851],[-73.42181,40.85585],[-73.41843,40.85567],[-73.41951,40.8514],[-73.4239,40.85206],[-73.42513,40.85411],[-73.42798,40.85485],[-73.42916,40.8563],[-73.43183,40.85309],[-73.43218,40.8515],[-73.42981,40.8414],[-73.43934,40.84064],[-73.44151,40.83781],[-73.43742,40.83623],[-73.43319,40.83666],[-73.42948,40.83933],[-73.4293,40.83652],[-73.42757,40.83196],[-73.42311,40.8328],[-73.42381,40.83117],[-73.42109,40.82868],[-73.42097,40.82573],[-73.42198,40.8243],[-73.42114,40.81986],[-73.4183,40.81922],[-73.41829,40.817],[-73.42094,40.8155],[-73.42391,40.81758],[-73.42632,40.816],[-73.42244,40.81291],[-73.41945,40.80831],[-73.42625,40.80831],[-73.42301,40.80384],[-73.42156,40.80075],[-73.42151,40.79784],[-73.42389,40.80035],[-73.427,40.80197],[-73.43481,40.80273],[-73.4417,40.80215],[-73.44876,40.805],[-73.45468,40.83591],[-73.45178,40.83774],[-73.44706,40.84218],[-73.43503,40.84613],[-73.43709,40.849],[-73.43477,40.85357],[-73.43668,40.85485],[-73.43804,40.85811],[-73.43781,40.86214],[-73.44344,40.86671],[-73.44511,40.87049],[-73.43866,40.87325],[-73.44071,40.87585],[-73.44316,40.87589],[-73.44172,40.87991],[-73.44368,40.88145],[-73.44222,40.8841],[-73.44378,40.88502],[-73.45608,40.88612],[-73.45738,40.88318],[-73.46133,40.88345],[-73.46243,40.88686],[-73.46648,40.88659],[-73.46901,40.88855],[-73.4731,40.88825],[-73.47319,40.89285],[-73.47533,40.89752],[-73.47937,40.89985],[-73.48508,40.90866],[-73.48683,40.91542],[-73.48992,40.91971],[-73.49652,40.92314],[-73.49689,40.92567],[-73.49276,40.94144],[-73.48536,40.9464],[-73.47836,40.9423],[-73.46371,40.9377],[-73.43796,40.93465],[-73.43019,40.92869],[-73.42936,40.92071],[-73.43516,40.91404],[-73.4365,40.91143],[-73.43398,40.90901],[-73.42661,40.90614],[-73.41346,40.90405],[-73.4026,40.90578],[-73.39669,40.90894],[-73.38653,40.90469],[-73.38572,40.90344],[-73.38964,40.89928]]]]}},{"type":"Feature","properties":{"zcta":"07857","d":1753},"geometry":{"type":"Polygon","coordinates":[[[-74.71378,40.89995],[-74.71134,40.89918],[-74.70819,40.90111],[-74.70411,40.90194],[-74.69891,40.90661],[-74.69688,40.90742],[-74.69249,40.90719],[-74.69147,40.90001],[-74.68773,40.90056],[-74.68759,40.89591],[-74.69567,40.89553],[-74.69003,40.89317],[-74.68311,40.89206],[-74.67945,40.89048],[-74.68309,40.88996],[-74.69125,40.89012],[-74.698,40.8904],[-74.69894,40.89406],[-74.70245,40.89406],[-74.70161,40.89141],[-74.70746,40.89133],[-74.71092,40.8923],[-74.71453,40.89168],[-74.71594,40.89134],[-74.71478,40.89402],[-74.7151,40.89781],[-74.71632,40.90234],[-74.71348,40.90231],[-74.71378,40.89995]]]}},{"type":"Feature","properties":{"zcta":"11756","d":4161},"geometry":{"type":"Polygon","coordinates":[[[-73.51578,40.743],[-73.51588,40.74329],[-73.50387,40.74307],[-73.50325,40.73968],[-73.50168,40.73924],[-73.50166,40.73523],[-73.49951,40.73519],[-73.49994,40.73327],[-73.49635,40.7329],[-73.49738,40.72714],[-73.49275,40.72653],[-73.48937,40.72541],[-73.48873,40.72234],[-73.49093,40.71526],[-73.49225,40.70538],[-73.49481,40.70529],[-73.49698,40.70666],[-73.49734,40.70967],[-73.49512,40.70943],[-73.49417,40.71427],[-73.50028,40.71408],[-73.50116,40.71522],[-73.50252,40.71158],[-73.50244,40.7074],[-73.50547,40.70217],[-73.51398,40.70524],[-73.52262,40.70749],[-73.52627,40.70772],[-73.5322,40.71685],[-73.53803,40.72434],[-73.5409,40.72911],[-73.54296,40.73379],[-73.54556,40.74358],[-73.51578,40.743]]]}},{"type":"Feature","properties":{"zcta":"10115","d":0},"geometry":{"type":"Polygon","coordinates":[[[-73.96306,40.81095],[-73.96348,40.81037],[-73.96402,40.81133],[-73.96306,40.81095]]]}},{"type":"Feature","properties":{"zcta":"11973","d":0},"geometry":{"type":"Polygon","coordinates":[[[-72.90012,40.86824],[-72.89679,40.873],[-72.8857,40.88713],[-72.88467,40.88899],[-72.88403,40.88147],[-72.88556,40.87686],[-72.88206,40.87626],[-72.88026,40.87832],[-72.87811,40.87858],[-72.87789,40.87646],[-72.87507,40.87572],[-72.87534,40.87471],[-72.86747,40.873],[-72.86728,40.86534],[-72.87601,40.8672],[-72.87655,40.8656],[-72.87519,40.86244],[-72.87594,40.85983],[-72.88763,40.86239],[-72.88753,40.85889],[-72.8862,40.85422],[-72.8861,40.84939],[-72.8849,40.84708],[-72.89057,40.84416],[-72.89979,40.85498],[-72.90063,40.85653],[-72.90139,40.8622],[-72.9011,40.86544],[-72.90012,40.86824]]]}},{"type":"Feature","properties":{"zcta":"07403","d":635},"geometry":{"type":"Polygon","coordinates":[[[-74.34993,41.04628],[-74.34663,41.0452],[-74.34429,41.04315],[-74.34251,41.04417],[-74.33789,41.04351],[-74.33551,41.0448],[-74.33192,41.04416],[-74.32829,41.0448],[-74.32867,41.04342],[-74.32412,41.02315],[-74.31947,41.02586],[-74.321,41.02812],[-74.31907,41.03025],[-74.31558,41.03125],[-74.31423,41.02918],[-74.30907,41.02958],[-74.30818,41.02739],[-74.3083,41.02365],[-74.30746,41.01919],[-74.30308,41.01205],[-74.30003,41.00312],[-74.30152,41.00209],[-74.30143,40.99925],[-74.30949,40.99841],[-74.3123,40.99953],[-74.31555,41.00237],[-74.32676,41.00091],[-74.32846,41.00126],[-74.33107,41.0028],[-74.33475,41.00367],[-74.33507,41.00656],[-74.33762,41.0074],[-74.34062,41.00579],[-74.34217,41.00689],[-74.3457,41.00492],[-74.34938,41.00405],[-74.35244,41.0057],[-74.35128,41.00691],[-74.35123,41.01063],[-74.3554,41.0139],[-74.36213,41.01383],[-74.36283,41.01313],[-74.35182,41.04562],[-74.34993,41.04628]]]}},{"type":"Feature","properties":{"zcta":"07043","d":2131},"geometry":{"type":"Polygon","coordinates":[[[-74.21624,40.83938],[-74.21561,40.84377],[-74.20759,40.85277],[-74.20639,40.85756],[-74.20721,40.85882],[-74.2052,40.86104],[-74.20219,40.85945],[-74.20172,40.86037],[-74.197,40.85946],[-74.19402,40.86517],[-74.19076,40.86408],[-74.19327,40.86103],[-74.19524,40.85563],[-74.18266,40.84878],[-74.19443,40.8289],[-74.19504,40.82785],[-74.19767,40.82889],[-74.20446,40.82987],[-74.21083,40.83261],[-74.2132,40.83243],[-74.21295,40.8337],[-74.21716,40.836],[-74.21902,40.83573],[-74.21624,40.83938]]]}},{"type":"Feature","properties":{"zcta":"07843","d":1587},"geometry":{"type":"Polygon","coordinates":[[[-74.6409,40.9591],[-74.63665,40.95411],[-74.63484,40.9507],[-74.63473,40.94786],[-74.63616,40.94264],[-74.63898,40.93855],[-74.64158,40.93365],[-74.64374,40.93263],[-74.65034,40.93138],[-74.654,40.92716],[-74.65386,40.92632],[-74.65159,40.92375],[-74.65258,40.92192],[-74.66568,40.91724],[-74.67098,40.9178],[-74.67391,40.91608],[-74.67623,40.92211],[-74.68238,40.93198],[-74.68068,40.93437],[-74.68286,40.94107],[-74.68048,40.94821],[-74.67751,40.9487],[-74.67706,40.94983],[-74.67369,40.95134],[-74.67248,40.94992],[-74.67252,40.94735],[-74.66431,40.9528],[-74.66198,40.95568],[-74.66118,40.95493],[-74.65811,40.95818],[-74.65538,40.96],[-74.64729,40.96168],[-74.64142,40.96137],[-74.6409,40.9591]]]}},{"type":"Feature","properties":{"zcta":"07502","d":9376},"geometry":{"type":"Polygon","coordinates":[[[-74.1933,40.93047],[-74.19326,40.92856],[-74.19072,40.9257],[-74.18967,40.92647],[-74.18277,40.91989],[-74.18296,40.91889],[-74.19379,40.9126],[-74.19329,40.91196],[-74.19501,40.91028],[-74.19555,40.90758],[-74.19568,40.90764],[-74.20614,40.91695],[-74.19888,40.92475],[-74.1933,40.93047]]]}},{"type":"Feature","properties":{"zcta":"08829","d":751},"geometry":{"type":"Polygon","coordinates":[[[-74.87948,40.67543],[-74.87371,40.66337],[-74.89138,40.65671],[-74.89388,40.65577],[-74.90228,40.65742],[-74.90337,40.65824],[-74.90762,40.6562],[-74.90941,40.65747],[-74.90707,40.65761],[-74.90468,40.65925],[-74.91024,40.66351],[-74.91193,40.67009],[-74.91101,40.67666],[-74.89071,40.68074],[-74.87948,40.67543]]]}},{"type":"Feature","properties":{"zcta":"10111","d":0},"geometry":{"type":"Polygon","coordinates":[[[-73.9772,40.75854],[-73.98043,40.7599],[-73.97674,40.75917],[-73.9772,40.75854]]]}},{"type":"Feature","properties":{"zcta":"10172","d":0},"geometry":{"type":"Polygon","coordinates":[[[-73.97328,40.75524],[-73.97374,40.75462],[-73.97535,40.7553],[-73.9749,40.75593],[-73.97328,40.75524]]]}},{"type":"Feature","properties":{"zcta":"10535","d":707},"geometry":{"type":"Polygon","coordinates":[[[-73.80547,41.33525],[-73.80433,41.33493],[-73.80103,41.34056],[-73.78818,41.34185],[-73.79298,41.33486],[-73.79752,41.33173],[-73.79987,41.3319],[-73.8021,41.32954],[-73.80143,41.32706],[-73.80364,41.32706],[-73.80315,41.32948],[-73.80625,41.3297],[-73.81306,41.33228],[-73.80547,41.33525]]]}},{"type":"Feature","properties":{"zcta":"11005","d":7978},"geometry":{"type":"Polygon","coordinates":[[[-73.70782,40.75622],[-73.71277,40.75191],[-73.71541,40.75568],[-73.71775,40.75535],[-73.72149,40.75643],[-73.71699,40.75943],[-73.71332,40.75973],[-73.70782,40.75622]]]}},{"type":"Feature","properties":{"zcta":"07057","d":6277},"geometry":{"type":"Polygon","coordinates":[[[-74.10236,40.86179],[-74.10158,40.86379],[-74.09785,40.86146],[-74.09635,40.85845],[-74.09714,40.85461],[-74.09897,40.8503],[-74.10277,40.84148],[-74.11162,40.84707],[-74.11561,40.8511],[-74.11934,40.85332],[-74.12125,40.8576],[-74.11703,40.85989],[-74.11388,40.8597],[-74.11267,40.85869],[-74.11219,40.85587],[-74.10951,40.85532],[-74.10761,40.85673],[-74.10679,40.8593],[-74.10748,40.86322],[-74.10236,40.86179]]]}},{"type":"Feature","properties":{"zcta":"11742","d":1394},"geometry":{"type":"Polygon","coordinates":[[[-73.06528,40.82116],[-73.05951,40.8216],[-73.06173,40.83508],[-73.0517,40.83638],[-73.04822,40.83594],[-73.04583,40.82145],[-73.03734,40.8222],[-73.03743,40.82265],[-73.02027,40.82414],[-73.02023,40.81619],[-73.01969,40.81044],[-73.02158,40.81035],[-73.02114,40.8015],[-73.01798,40.80168],[-73.01733,40.79538],[-73.02097,40.79515],[-73.0221,40.79336],[-73.02685,40.79511],[-73.03188,40.79477],[-73.03202,40.78621],[-73.04144,40.78492],[-73.04247,40.7854],[-73.0514,40.79086],[-73.05146,40.80138],[-73.05303,40.81274],[-73.06861,40.81139],[-73.06888,40.81312],[-73.07064,40.81296],[-73.07185,40.82071],[-73.06528,40.82116]]]}},{"type":"Feature","properties":{"zcta":"07031","d":3496},"geometry":{"type":"Polygon","coordinates":[[[-74.1275,40.79858],[-74.12565,40.79892],[-74.11749,40.79719],[-74.11609,40.79594],[-74.10834,40.79346],[-74.1094,40.79197],[-74.10845,40.79043],[-74.11402,40.78876],[-74.11385,40.78684],[-74.11663,40.78222],[-74.11056,40.77713],[-74.11396,40.77631],[-74.11816,40.77183],[-74.11921,40.77237],[-74.12719,40.77134],[-74.12972,40.77384],[-74.13036,40.77756],[-74.14753,40.78649],[-74.13826,40.79835],[-74.13801,40.7996],[-74.13959,40.80532],[-74.1275,40.79858]]]}},{"type":"Feature","properties":{"zcta":"07970","d":0},"geometry":{"type":"Polygon","coordinates":[[[-74.5738,40.81232],[-74.57324,40.81007],[-74.5713,40.81029],[-74.57145,40.81345],[-74.5702,40.81328],[-74.56666,40.80967],[-74.56638,40.80571],[-74.57736,40.80487],[-74.57821,40.80516],[-74.57942,40.80915],[-74.57633,40.81133],[-74.5738,40.81232]]]}},{"type":"Feature","properties":{"zcta":"10545","d":0},"geometry":{"type":"Polygon","coordinates":[[[-73.83588,41.18241],[-73.83152,41.18032],[-73.83448,41.17539],[-73.83956,41.17643],[-73.83962,41.1774],[-73.83588,41.18241]]]}},{"type":"Feature","properties":{"zcta":"07738","d":666},"geometry":{"type":"Polygon","coordinates":[[[-74.1408,40.36468],[-74.13799,40.36185],[-74.13185,40.35784],[-74.1222,40.35396],[-74.11956,40.35232],[-74.11427,40.34599],[-74.11147,40.34431],[-74.1058,40.34215],[-74.10215,40.33915],[-74.1008,40.33672],[-74.09904,40.33117],[-74.09887,40.32499],[-74.10215,40.32524],[-74.10408,40.32294],[-74.10686,40.32485],[-74.11065,40.32416],[-74.10973,40.32209],[-74.11292,40.32013],[-74.11364,40.32088],[-74.11724,40.32031],[-74.11873,40.31674],[-74.1223,40.31757],[-74.12456,40.31586],[-74.12643,40.31943],[-74.13128,40.31706],[-74.1297,40.31878],[-74.13212,40.32063],[-74.13464,40.32066],[-74.13702,40.32299],[-74.14129,40.32438],[-74.145,40.32342],[-74.14908,40.32466],[-74.14883,40.33914],[-74.14794,40.34349],[-74.14659,40.34655],[-74.14635,40.34976],[-74.15054,40.3499],[-74.15094,40.35255],[-74.14703,40.35373],[-74.14894,40.36568],[-74.15041,40.37172],[-74.14738,40.37432],[-74.1408,40.36468]]]}},{"type":"Feature","properties":{"zcta":"07870","d":0},"geometry":{"type":"Polygon","coordinates":[[[-74.81773,40.81021],[-74.814,40.80462],[-74.81483,40.80296],[-74.8137,40.79933],[-74.82102,40.79636],[-74.82269,40.79468],[-74.82652,40.7946],[-74.82978,40.79657],[-74.83013,40.80238],[-74.829,40.80711],[-74.82684,40.81085],[-74.82593,40.81282],[-74.83037,40.81658],[-74.82833,40.81985],[-74.82356,40.81772],[-74.82185,40.81445],[-74.82013,40.80877],[-74.81802,40.80784],[-74.81936,40.81081],[-74.81873,40.81393],[-74.82068,40.81578],[-74.81805,40.81511],[-74.81773,40.81021]]]}},{"type":"Feature","properties":{"zcta":"07641","d":826},"geometry":{"type":"Polygon","coordinates":[[[-74.01364,40.96681],[-74.01338,40.96896],[-74.00958,40.97078],[-74.00691,40.97015],[-74.00435,40.97194],[-74.00329,40.97029],[-74.00184,40.97079],[-73.98543,40.97033],[-73.98654,40.9682],[-73.97469,40.96768],[-73.97598,40.95429],[-74.00237,40.95523],[-74.01216,40.95564],[-74.01922,40.95691],[-74.02658,40.9593],[-74.01828,40.964],[-74.01648,40.9659],[-74.01642,40.96764],[-74.01364,40.96681]]]}},{"type":"Feature","properties":{"zcta":"11730","d":1080},"geometry":{"type":"Polygon","coordinates":[[[-73.19297,40.7432],[-73.18256,40.74472],[-73.17729,40.74622],[-73.16062,40.74877],[-73.15257,40.74796],[-73.15618,40.74456],[-73.16058,40.7427],[-73.16398,40.7381],[-73.16577,40.73677],[-73.1709,40.73563],[-73.16834,40.7305],[-73.16438,40.72462],[-73.16386,40.71919],[-73.16513,40.71446],[-73.17255,40.7169],[-73.17575,40.7173],[-73.17778,40.71851],[-73.1789,40.71683],[-73.1815,40.71699],[-73.18708,40.7104],[-73.18666,40.70697],[-73.18733,40.70529],[-73.19197,40.6984],[-73.19559,40.70152],[-73.20433,40.70333],[-73.2046,40.70413],[-73.20477,40.71156],[-73.20284,40.71698],[-73.20335,40.72138],[-73.20307,40.72705],[-73.20151,40.73383],[-73.2012,40.74272],[-73.19297,40.7432]]]}},{"type":"Feature","properties":{"zcta":"10009","d":50243},"geometry":{"type":"Polygon","coordinates":[[[-73.97365,40.73231],[-73.97128,40.72925],[-73.9714,40.72666],[-73.97363,40.71861],[-73.97487,40.71878],[-73.975,40.71978],[-73.97875,40.71993],[-73.98864,40.72293],[-73.97986,40.73498],[-73.97365,40.73231]]]}},{"type":"Feature","properties":{"zcta":"11939","d":250},"geometry":{"type":"Polygon","coordinates":[[[-72.35609,41.13364],[-72.35412,41.13995],[-72.3464,41.14101],[-72.33923,41.14089],[-72.33335,41.13802],[-72.32648,41.13764],[-72.32163,41.13872],[-72.31923,41.1409],[-72.31726,41.13912],[-72.31815,41.13713],[-72.32663,41.13216],[-72.32972,41.12601],[-72.33527,41.12027],[-72.33916,41.11505],[-72.339,41.11024],[-72.33749,41.10892],[-72.33953,41.10642],[-72.34496,41.10119],[-72.35075,41.10672],[-72.34836,41.11114],[-72.34586,41.11444],[-72.35124,41.11967],[-72.35294,41.11983],[-72.35537,41.12208],[-72.35517,41.12368],[-72.35797,41.12506],[-72.36086,41.12773],[-72.35609,41.13364]]]}},{"type":"Feature","properties":{"zcta":"11956","d":0},"geometry":{"type":"Polygon","coordinates":[[[-72.48212,40.99087],[-72.48336,40.99277],[-72.4841,40.99808],[-72.47793,41.00334],[-72.47272,41.00408],[-72.46893,41.00321],[-72.46484,41.00127],[-72.46466,40.98731],[-72.45641,40.97686],[-72.45187,40.96716],[-72.45158,40.956],[-72.45801,40.95776],[-72.46557,40.96115],[-72.47273,40.9674],[-72.48049,40.97785],[-72.48317,40.98406],[-72.48411,40.99032],[-72.48212,40.99087]]]}},{"type":"Feature","properties":{"zcta":"07112","d":7098},"geometry":{"type":"Polygon","coordinates":[[[-74.22671,40.71062],[-74.22685,40.71226],[-74.22347,40.71535],[-74.21785,40.72154],[-74.21149,40.71849],[-74.20895,40.71827],[-74.19889,40.71447],[-74.19347,40.71311],[-74.18956,40.71177],[-74.19291,40.71061],[-74.19758,40.70808],[-74.19823,40.70926],[-74.20092,40.70874],[-74.20588,40.70568],[-74.20987,40.7023],[-74.21297,40.70081],[-74.22167,40.70714],[-74.22855,40.70851],[-74.22671,40.71062]]]}},{"type":"Feature","properties":{"zcta":"07203","d":4720},"geometry":{"type":"Polygon","coordinates":[[[-74.24672,40.66316],[-74.24469,40.66345],[-74.23663,40.65805],[-74.23337,40.65444],[-74.24134,40.64979],[-74.24866,40.64733],[-74.25219,40.64503],[-74.25921,40.64301],[-74.26434,40.63724],[-74.28164,40.65019],[-74.28276,40.65428],[-74.28522,40.65502],[-74.28325,40.65641],[-74.28342,40.6582],[-74.24672,40.66316]]]}},{"type":"Feature","properties":{"zcta":"11703","d":3113},"geometry":{"type":"Polygon","coordinates":[[[-73.33691,40.74427],[-73.32758,40.74826],[-73.32427,40.75011],[-73.30648,40.74147],[-73.30797,40.7393],[-73.3097,40.73341],[-73.31131,40.73155],[-73.31421,40.72031],[-73.31436,40.71793],[-73.32832,40.71511],[-73.33415,40.72091],[-73.34022,40.72792],[-73.34217,40.736],[-73.34388,40.74089],[-73.34493,40.74204],[-73.33691,40.74427]]]}},{"type":"Feature","properties":{"zcta":"10112","d":0},"geometry":{"type":"Polygon","coordinates":[[[-73.9772,40.75854],[-73.97765,40.75791],[-73.98089,40.75927],[-73.98043,40.7599],[-73.9772,40.75854]]]}},{"type":"Feature","properties":{"zcta":"07022","d":8493},"geometry":{"type":"Polygon","coordinates":[[[-74.0105,40.82316],[-74.00534,40.82695],[-73.99748,40.82232],[-73.99611,40.82441],[-73.9908,40.82144],[-73.99401,40.81753],[-73.99518,40.81483],[-73.99369,40.81404],[-73.9983,40.80848],[-74.00964,40.81452],[-74.01248,40.8167],[-74.01138,40.82084],[-74.01377,40.82306],[-74.0105,40.82316]]]}},{"type":"Feature","properties":{"zcta":"08735","d":1112},"geometry":{"type":"Polygon","coordinates":[[[-74.08459,40.00776],[-74.07391,40.00473],[-74.06269,40.0019],[-74.05891,40.00128],[-74.06423,39.9789],[-74.06734,39.95925],[-74.07772,39.96171],[-74.07816,39.96042],[-74.08321,39.96004],[-74.09778,39.9583],[-74.0985,39.96637],[-74.09951,39.97079],[-74.09988,39.97897],[-74.09948,39.99722],[-74.09516,39.99913],[-74.08673,40.00804],[-74.08459,40.00776]]]}},{"type":"Feature","properties":{"zcta":"08752","d":271},"geometry":{"type":"Polygon","coordinates":[[[-74.10108,39.90692],[-74.09885,39.91544],[-74.09605,39.93098],[-74.09634,39.94009],[-74.09695,39.94147],[-74.09172,39.94265],[-74.08757,39.94013],[-74.08378,39.94133],[-74.08191,39.93786],[-74.0713,39.93682],[-74.07736,39.91027],[-74.08494,39.86276],[-74.09183,39.80052],[-74.09767,39.76869],[-74.09961,39.76378],[-74.10438,39.76698],[-74.10543,39.7675],[-74.1335,39.78528],[-74.13007,39.80239],[-74.10785,39.79743],[-74.10503,39.80274],[-74.0984,39.82157],[-74.0962,39.83123],[-74.09591,39.83638],[-74.09663,39.83932],[-74.09555,39.84574],[-74.09533,39.85056],[-74.09412,39.85719],[-74.09317,39.85931],[-74.09326,39.86421],[-74.09425,39.87489],[-74.09544,39.88017],[-74.10127,39.89902],[-74.10108,39.90692]]]}},{"type":"Feature","properties":{"zcta":"07642","d":1767},"geometry":{"type":"Polygon","coordinates":[[[-74.05401,41.0103],[-74.04563,41.01541],[-74.04247,41.01382],[-74.04145,41.01549],[-74.02551,41.0175],[-74.02641,41.02059],[-74.01953,41.01996],[-74.01938,41.01583],[-74.02165,41.01115],[-74.02072,41.00866],[-74.02012,41.00057],[-74.02236,41.00021],[-74.02571,40.99664],[-74.02946,40.99426],[-74.03046,40.99705],[-74.02888,40.99844],[-74.03101,41.00006],[-74.03653,40.99865],[-74.03896,40.99914],[-74.04634,40.99851],[-74.05827,41.00065],[-74.06625,41.00272],[-74.06802,41.00199],[-74.07082,41.00321],[-74.07731,41.00448],[-74.07604,41.01436],[-74.05401,41.0103]]]}},{"type":"Feature","properties":{"zcta":"10927","d":3215},"geometry":{"type":"Polygon","coordinates":[[[-73.98479,41.20005],[-73.98323,41.20065],[-73.98403,41.2041],[-73.98009,41.20367],[-73.97485,41.20405],[-73.97289,41.20263],[-73.962,41.20499],[-73.95754,41.20348],[-73.9593,41.19626],[-73.95945,41.19368],[-73.9583,41.19151],[-73.95681,41.19191],[-73.95556,41.18911],[-73.95383,41.18833],[-73.95221,41.18342],[-73.94358,41.17904],[-73.93973,41.1765],[-73.94381,41.17543],[-73.95727,41.17956],[-73.96835,41.18693],[-73.99013,41.19251],[-73.98479,41.20005]]]}},{"type":"Feature","properties":{"zcta":"10976","d":723},"geometry":{"type":"Polygon","coordinates":[[[-73.92849,41.03241],[-73.92545,41.02899],[-73.92244,41.03268],[-73.91719,41.0345],[-73.91575,41.03685],[-73.91383,41.03745],[-73.91325,41.0347],[-73.91489,41.0325],[-73.9157,41.02957],[-73.91899,41.02882],[-73.91923,41.02691],[-73.9176,41.02529],[-73.91555,41.01889],[-73.91742,41.0174],[-73.92362,41.01623],[-73.92589,41.0174],[-73.92699,41.01665],[-73.93204,41.01991],[-73.93404,41.02182],[-73.93143,41.02371],[-73.93227,41.02534],[-73.92952,41.02742],[-73.93337,41.03248],[-73.93103,41.03386],[-73.9373,41.03785],[-73.94033,41.04167],[-73.93879,41.04435],[-73.9339,41.04343],[-73.92918,41.0407],[-73.92785,41.03376],[-73.92849,41.03241]]]}},{"type":"Feature","properties":{"zcta":"10162","d":61667},"geometry":{"type":"Polygon","coordinates":[[[-73.94904,40.76826],[-73.95186,40.76944],[-73.94797,40.76951],[-73.94904,40.76826]]]}},{"type":"Feature","properties":{"zcta":"10016","d":60677},"geometry":{"type":"Polygon","coordinates":[[[-73.98182,40.7522],[-73.97452,40.74912],[-73.97269,40.74916],[-73.97078,40.74754],[-73.96999,40.74887],[-73.9677,40.74787],[-73.97157,40.74299],[-73.97223,40.74325],[-73.97439,40.73769],[-73.98498,40.74209],[-73.98775,40.74407],[-73.98408,40.7491],[-73.98182,40.7522]]]}},{"type":"Feature","properties":{"zcta":"07417","d":612},"geometry":{"type":"Polygon","coordinates":[[[-74.19215,41.04066],[-74.18268,41.03587],[-74.1761,41.03063],[-74.17481,41.03122],[-74.16986,41.02813],[-74.1693,41.02401],[-74.16758,41.02378],[-74.18732,41.0173],[-74.18963,40.9988],[-74.1918,40.97856],[-74.21193,40.98017],[-74.22453,40.9813],[-74.24853,40.99209],[-74.24619,40.99526],[-74.24607,40.99839],[-74.22936,41.01563],[-74.22825,41.01779],[-74.22585,41.0192],[-74.20051,41.04525],[-74.19215,41.04066]]]}},{"type":"Feature","properties":{"zcta":"07503","d":6224},"geometry":{"type":"Polygon","coordinates":[[[-74.15508,40.90184],[-74.14468,40.90043],[-74.1335,40.90195],[-74.13282,40.89707],[-74.12848,40.89413],[-74.12953,40.8941],[-74.1597,40.88868],[-74.16174,40.89193],[-74.16636,40.89468],[-74.16989,40.89676],[-74.17111,40.89907],[-74.17196,40.90607],[-74.17382,40.90829],[-74.16142,40.90604],[-74.15831,40.90382],[-74.15508,40.90184]]]}},{"type":"Feature","properties":{"zcta":"10177","d":0},"geometry":{"type":"Polygon","coordinates":[[[-73.97535,40.7553],[-73.97581,40.75468],[-73.97652,40.75497],[-73.97535,40.7553]]]}},{"type":"Feature","properties":{"zcta":"10537","d":1145},"geometry":{"type":"Polygon","coordinates":[[[-73.89245,41.34375],[-73.8872,41.35105],[-73.88194,41.3481],[-73.88064,41.34925],[-73.87666,41.34185],[-73.8772,41.33989],[-73.87511,41.33969],[-73.87431,41.33717],[-73.87505,41.33302],[-73.87873,41.3327],[-73.88571,41.32804],[-73.88792,41.3253],[-73.89314,41.32515],[-73.89413,41.32831],[-73.89343,41.33115],[-73.89245,41.34375]]]}},{"type":"Feature","properties":{"zcta":"11713","d":1161},"geometry":{"type":"Polygon","coordinates":[[[-72.95027,40.79797],[-72.95386,40.80979],[-72.95227,40.81184],[-72.94431,40.807],[-72.93291,40.80407],[-72.92728,40.80183],[-72.91385,40.79893],[-72.91368,40.79677],[-72.91691,40.79485],[-72.92958,40.79088],[-72.93686,40.78951],[-72.93538,40.77514],[-72.93808,40.77468],[-72.93776,40.77317],[-72.93485,40.77274],[-72.93459,40.77157],[-72.929,40.76577],[-72.92379,40.75963],[-72.92872,40.75737],[-72.92719,40.75632],[-72.93177,40.75334],[-72.93179,40.75094],[-72.93432,40.7506],[-72.93468,40.75172],[-72.94006,40.74736],[-72.94337,40.74562],[-72.94453,40.74052],[-72.95227,40.74158],[-72.95605,40.7428],[-72.95235,40.74771],[-72.9539,40.75063],[-72.95086,40.75405],[-72.95424,40.75444],[-72.95342,40.756],[-72.95492,40.76488],[-72.95331,40.76589],[-72.95427,40.77179],[-72.95558,40.77156],[-72.95645,40.77398],[-72.95724,40.78099],[-72.95625,40.78106],[-72.95676,40.7857],[-72.95824,40.78807],[-72.96408,40.7874],[-72.96109,40.79035],[-72.95973,40.79382],[-72.9595,40.7973],[-72.95027,40.79797]]]}},{"type":"Feature","properties":{"zcta":"07756","d":4432},"geometry":{"type":"Polygon","coordinates":[[[-74.01395,40.21434],[-74.00986,40.21499],[-74.00256,40.21709],[-74.00063,40.21695],[-74.00373,40.20821],[-74.00587,40.20868],[-74.00955,40.20688],[-74.016,40.20852],[-74.01395,40.21434]]]}},{"type":"Feature","properties":{"zcta":"11509","d":1463},"geometry":{"type":"Polygon","coordinates":[[[-73.72475,40.59246],[-73.71698,40.5915],[-73.70613,40.59096],[-73.70611,40.58678],[-73.70701,40.58382],[-73.74269,40.58679],[-73.75433,40.58454],[-73.75508,40.58567],[-73.74775,40.5915],[-73.74447,40.5929],[-73.73718,40.59297],[-73.73742,40.59346],[-73.72475,40.59246]]]}},{"type":"Feature","properties":{"zcta":"08558","d":223},"geometry":{"type":"Polygon","coordinates":[[[-74.74021,40.43945],[-74.71646,40.44188],[-74.71464,40.44089],[-74.71481,40.43746],[-74.70595,40.43837],[-74.69681,40.43889],[-74.69788,40.43547],[-74.69672,40.43481],[-74.68835,40.44266],[-74.68528,40.44006],[-74.68445,40.43613],[-74.67913,40.43637],[-74.67662,40.4336],[-74.67282,40.43268],[-74.66536,40.43269],[-74.66014,40.43337],[-74.65687,40.43482],[-74.65522,40.43419],[-74.655,40.43166],[-74.65315,40.43086],[-74.64823,40.43152],[-74.64706,40.42657],[-74.64801,40.42539],[-74.65067,40.42541],[-74.6521,40.42399],[-74.65485,40.42357],[-74.6535,40.42059],[-74.65429,40.41898],[-74.6503,40.41449],[-74.64752,40.41569],[-74.64305,40.41542],[-74.64058,40.41728],[-74.63906,40.4199],[-74.63389,40.42204],[-74.63152,40.42093],[-74.63297,40.41536],[-74.63632,40.41229],[-74.63746,40.40929],[-74.63632,40.40627],[-74.63973,40.40698],[-74.64624,40.40568],[-74.6473,40.40257],[-74.65968,40.40536],[-74.6702,40.40691],[-74.67558,40.40666],[-74.679,40.40549],[-74.68104,40.40603],[-74.68363,40.40518],[-74.68897,40.40565],[-74.68979,40.40227],[-74.69692,40.39984],[-74.6961,40.39762],[-74.701,40.39449],[-74.699,40.38775],[-74.69786,40.38085],[-74.708,40.37931],[-74.71096,40.37817],[-74.71816,40.37678],[-74.72218,40.37515],[-74.73007,40.37281],[-74.73108,40.37486],[-74.73339,40.37634],[-74.72989,40.37745],[-74.734,40.38692],[-74.73735,40.38676],[-74.74072,40.39102],[-74.74461,40.39449],[-74.73555,40.39869],[-74.73449,40.40055],[-74.73597,40.40358],[-74.73698,40.40305],[-74.75201,40.43136],[-74.74021,40.43945]]]}},{"type":"Feature","properties":{"zcta":"08732","d":0},"geometry":{"type":"Polygon","coordinates":[[[-74.14038,39.9338],[-74.148,39.93705],[-74.15704,39.94064],[-74.15572,39.94746],[-74.15363,39.94849],[-74.14899,39.94789],[-74.1486,39.95047],[-74.14717,39.95028],[-74.14762,39.94738],[-74.14523,39.94645],[-74.13774,39.94599],[-74.13414,39.94427],[-74.13306,39.94055],[-74.13873,39.93383],[-74.14038,39.9338]]]}},{"type":"Feature","properties":{"zcta":"07933","d":327},"geometry":{"type":"Polygon","coordinates":[[[-74.48683,40.69732],[-74.48697,40.69991],[-74.47595,40.70244],[-74.4762,40.70756],[-74.47739,40.70835],[-74.4596,40.71411],[-74.44945,40.71739],[-74.44376,40.68804],[-74.44528,40.68804],[-74.44781,40.68561],[-74.4519,40.6854],[-74.453,40.68289],[-74.45156,40.67968],[-74.4534,40.67709],[-74.45258,40.67624],[-74.45418,40.67409],[-74.45916,40.67437],[-74.46103,40.6735],[-74.46213,40.67163],[-74.46966,40.66793],[-74.47377,40.66931],[-74.4761,40.66661],[-74.48042,40.66622],[-74.48251,40.66755],[-74.4827,40.66918],[-74.47739,40.67052],[-74.47883,40.67678],[-74.48395,40.67605],[-74.4836,40.67966],[-74.48212,40.68099],[-74.47857,40.68189],[-74.48234,40.68239],[-74.48319,40.68401],[-74.48726,40.68335],[-74.48746,40.68671],[-74.493,40.68552],[-74.4945,40.69233],[-74.49212,40.69458],[-74.49214,40.69585],[-74.48683,40.69732]]]}},{"type":"Feature","properties":{"zcta":"07608","d":0},"geometry":{"type":"Polygon","coordinates":[[[-74.07175,40.84621],[-74.06957,40.85038],[-74.07025,40.85141],[-74.06879,40.85564],[-74.07106,40.85506],[-74.06631,40.86071],[-74.06583,40.86042],[-74.05945,40.86852],[-74.05957,40.86901],[-74.05828,40.87069],[-74.05433,40.86814],[-74.049,40.8659],[-74.04883,40.86236],[-74.05172,40.85761],[-74.05393,40.85396],[-74.05251,40.84909],[-74.05152,40.84795],[-74.05303,40.84404],[-74.06069,40.83665],[-74.06463,40.83937],[-74.07124,40.84032],[-74.07352,40.84149],[-74.07165,40.84322],[-74.07124,40.8453],[-74.07175,40.84621]]]}},{"type":"Feature","properties":{"zcta":"10038","d":40100},"geometry":{"type":"Polygon","coordinates":[[[-74.00999,40.70981],[-74.0086,40.71139],[-74.00486,40.71245],[-74.00397,40.71182],[-74.00089,40.71302],[-74.00075,40.71451],[-73.9975,40.71407],[-73.996,40.7089],[-74.00127,40.70693],[-74.00109,40.70589],[-74.00773,40.70281],[-74.00798,40.70319],[-74.00475,40.70523],[-74.00713,40.70638],[-74.00913,40.70929],[-74.01015,40.70898],[-74.01054,40.70915],[-74.00999,40.70981]]]}},{"type":"Feature","properties":{"zcta":"07011","d":6382},"geometry":{"type":"Polygon","coordinates":[[[-74.16174,40.89193],[-74.1597,40.88868],[-74.12953,40.8941],[-74.12848,40.89413],[-74.12981,40.88705],[-74.13008,40.88512],[-74.1215,40.88095],[-74.11808,40.87677],[-74.12947,40.87205],[-74.13534,40.87082],[-74.14036,40.86909],[-74.14338,40.8594],[-74.15195,40.8668],[-74.15605,40.87206],[-74.16114,40.87762],[-74.16278,40.87733],[-74.16491,40.8816],[-74.1659,40.88156],[-74.16824,40.88893],[-74.16697,40.89078],[-74.16636,40.89468],[-74.16174,40.89193]]]}},{"type":"Feature","properties":{"zcta":"07704","d":1769},"geometry":{"type":"Polygon","coordinates":[[[-74.01899,40.36046],[-74.02681,40.35569],[-74.03767,40.35224],[-74.04645,40.34947],[-74.04738,40.34781],[-74.04885,40.3487],[-74.05114,40.34798],[-74.05145,40.35059],[-74.0498,40.35209],[-74.05205,40.35677],[-74.05921,40.36328],[-74.05182,40.36769],[-74.03982,40.37236],[-74.03369,40.37566],[-74.01899,40.36046]]]}},{"type":"Feature","properties":{"zcta":"11935","d":192},"geometry":{"type":"Polygon","coordinates":[[[-72.51798,41.04012],[-72.50964,41.04091],[-72.49428,41.04628],[-72.47962,41.03866],[-72.48156,41.03772],[-72.46659,41.03001],[-72.46428,41.03027],[-72.46133,41.02403],[-72.45936,41.02592],[-72.45507,41.02352],[-72.45328,41.02006],[-72.44918,41.01783],[-72.44753,41.0188],[-72.44738,41.01576],[-72.44455,41.00901],[-72.43974,41.00017],[-72.43971,40.99947],[-72.43484,40.98881],[-72.43369,40.98525],[-72.43556,40.98797],[-72.44929,40.99701],[-72.45252,40.99828],[-72.4562,41.00144],[-72.45524,41.00354],[-72.45384,41.00226],[-72.45297,41.00373],[-72.45554,41.00649],[-72.45983,41.00861],[-72.46893,41.00321],[-72.47272,41.00408],[-72.47793,41.00334],[-72.4841,40.99808],[-72.48336,40.99277],[-72.48212,40.99087],[-72.48411,40.99032],[-72.49063,40.99101],[-72.49645,40.99002],[-72.49953,40.98869],[-72.50038,40.98869],[-72.50196,40.99305],[-72.50398,40.99372],[-72.50787,40.99343],[-72.50818,40.99899],[-72.50469,40.99925],[-72.5061,41.00103],[-72.50521,41.0026],[-72.50946,41.00742],[-72.51311,41.01063],[-72.51796,41.00726],[-72.52874,41.0178],[-72.52789,41.01831],[-72.53578,41.02812],[-72.51798,41.04012]]]}},{"type":"Feature","properties":{"zcta":"07626","d":1966},"geometry":{"type":"Polygon","coordinates":[[[-73.97912,40.94112],[-73.97681,40.94121],[-73.97569,40.95311],[-73.96154,40.95402],[-73.9614,40.94828],[-73.94818,40.94052],[-73.94276,40.94258],[-73.93577,40.93878],[-73.94223,40.92608],[-73.96242,40.93783],[-73.96257,40.93685],[-73.97049,40.93459],[-73.97997,40.93418],[-73.9797,40.93701],[-73.97912,40.94112]]]}},{"type":"Feature","properties":{"zcta":"07052","d":2015},"geometry":{"type":"Polygon","coordinates":[[[-74.27643,40.81457],[-74.26897,40.82679],[-74.26476,40.82507],[-74.25087,40.82434],[-74.23229,40.81433],[-74.23478,40.81074],[-74.2373,40.80559],[-74.23773,40.80353],[-74.22677,40.79458],[-74.22056,40.78978],[-74.22678,40.78471],[-74.23673,40.77843],[-74.23957,40.77361],[-74.2455,40.76681],[-74.24851,40.76806],[-74.25098,40.76525],[-74.2529,40.76101],[-74.25532,40.75812],[-74.26756,40.76221],[-74.27682,40.76041],[-74.29021,40.75748],[-74.30472,40.75788],[-74.30329,40.7619],[-74.29955,40.77024],[-74.29914,40.77004],[-74.28709,40.7943],[-74.28058,40.80674],[-74.27643,40.81457]]]}},{"type":"Feature","properties":{"zcta":"08857","d":875},"geometry":{"type":"Polygon","coordinates":[[[-74.36782,40.41313],[-74.36466,40.41247],[-74.35723,40.41443],[-74.35777,40.41626],[-74.36154,40.4166],[-74.3632,40.41845],[-74.36227,40.42111],[-74.35847,40.42164],[-74.35595,40.42346],[-74.35647,40.42491],[-74.35577,40.42311],[-74.35735,40.42151],[-74.35366,40.42142],[-74.35159,40.42334],[-74.34396,40.42808],[-74.34333,40.42761],[-74.32814,40.43678],[-74.32643,40.43913],[-74.32469,40.43917],[-74.31363,40.45062],[-74.3113,40.44905],[-74.30905,40.44596],[-74.3086,40.44346],[-74.30629,40.44283],[-74.30127,40.44443],[-74.29974,40.44665],[-74.29945,40.44489],[-74.29826,40.44087],[-74.30016,40.43628],[-74.29692,40.4312],[-74.29536,40.43185],[-74.29373,40.42756],[-74.29579,40.42955],[-74.29521,40.42674],[-74.29785,40.42679],[-74.29962,40.4239],[-74.30395,40.4224],[-74.30489,40.41549],[-74.29443,40.41401],[-74.29522,40.4106],[-74.29445,40.40882],[-74.28819,40.4091],[-74.28647,40.40691],[-74.28705,40.40583],[-74.29293,40.40601],[-74.29494,40.40755],[-74.29593,40.40317],[-74.29039,40.40421],[-74.29022,40.40308],[-74.28709,40.40165],[-74.28599,40.3982],[-74.28187,40.40052],[-74.28032,40.39371],[-74.27698,40.39331],[-74.27207,40.39108],[-74.26769,40.39101],[-74.32191,40.3489],[-74.32717,40.34944],[-74.32931,40.34889],[-74.33118,40.34977],[-74.33882,40.35025],[-74.34297,40.35135],[-74.34535,40.34959],[-74.34868,40.34871],[-74.35278,40.34804],[-74.35709,40.34817],[-74.35796,40.3443],[-74.3681,40.34062],[-74.36828,40.33955],[-74.3727,40.33958],[-74.37197,40.34319],[-74.37387,40.34438],[-74.37351,40.34654],[-74.37085,40.34935],[-74.37168,40.35076],[-74.36865,40.35165],[-74.3697,40.3531],[-74.36625,40.35545],[-74.36771,40.35678],[-74.36813,40.36359],[-74.3671,40.3665],[-74.37077,40.36837],[-74.37045,40.37123],[-74.37141,40.37335],[-74.37615,40.37356],[-74.37549,40.37745],[-74.37868,40.37831],[-74.37949,40.38138],[-74.38147,40.38319],[-74.38275,40.38319],[-74.38224,40.38654],[-74.38026,40.38712],[-74.38262,40.39207],[-74.38122,40.39573],[-74.37662,40.39768],[-74.37724,40.3988],[-74.3752,40.39975],[-74.37428,40.40161],[-74.36991,40.40157],[-74.36953,40.40288],[-74.37298,40.4079],[-74.36782,40.41313]],[[-74.35592,40.35295],[-74.35736,40.35348],[-74.35999,40.35116],[-74.35709,40.34817],[-74.35592,40.35295]]]}},{"type":"Feature","properties":{"zcta":"08701","d":1483},"geometry":{"type":"Polygon","coordinates":[[[-74.2396,40.11238],[-74.23485,40.11146],[-74.23195,40.10985],[-74.22441,40.10898],[-74.21902,40.11005],[-74.21205,40.11012],[-74.20198,40.11248],[-74.1982,40.11149],[-74.19408,40.11219],[-74.18928,40.11072],[-74.18558,40.11137],[-74.18306,40.11017],[-74.17946,40.11093],[-74.1719,40.10771],[-74.1641,40.10695],[-74.16203,40.10763],[-74.15808,40.10495],[-74.15784,40.10312],[-74.1562,40.10315],[-74.1543,40.09962],[-74.15402,40.09399],[-74.15214,40.09167],[-74.15315,40.0839],[-74.15122,40.07896],[-74.15649,40.0788],[-74.15563,40.07784],[-74.1575,40.07176],[-74.1586,40.06351],[-74.16046,40.0586],[-74.15835,40.05318],[-74.15851,40.04491],[-74.15924,40.03862],[-74.15883,40.03238],[-74.16029,40.02962],[-74.15909,40.02392],[-74.18202,40.03252],[-74.2541,40.0596],[-74.2566,40.09321],[-74.26239,40.0929],[-74.26158,40.09498],[-74.25896,40.09443],[-74.25681,40.09614],[-74.2586,40.12027],[-74.25199,40.11654],[-74.24478,40.11334],[-74.2429,40.11571],[-74.2396,40.11238]]]}},{"type":"Feature","properties":{"zcta":"07307","d":9508},"geometry":{"type":"Polygon","coordinates":[[[-74.05262,40.76105],[-74.04892,40.75844],[-74.04582,40.75738],[-74.04365,40.75659],[-74.0432,40.75494],[-74.04492,40.75246],[-74.04138,40.75194],[-74.03778,40.75032],[-74.03978,40.74667],[-74.04185,40.74502],[-74.0437,40.74028],[-74.04282,40.73627],[-74.04624,40.73559],[-74.04519,40.73658],[-74.04922,40.73733],[-74.0534,40.73928],[-74.05299,40.74076],[-74.05536,40.74172],[-74.05756,40.73938],[-74.05891,40.73965],[-74.05639,40.74347],[-74.06204,40.74621],[-74.0647,40.7465],[-74.06462,40.74824],[-74.06973,40.7614],[-74.07023,40.76116],[-74.07133,40.76415],[-74.0695,40.76498],[-74.06804,40.76217],[-74.06493,40.76376],[-74.06018,40.76247],[-74.05998,40.76572],[-74.05697,40.76899],[-74.05262,40.76105]]]}},{"type":"Feature","properties":{"zcta":"07032","d":2290},"geometry":{"type":"Polygon","coordinates":[[[-74.14852,40.78416],[-74.14753,40.78649],[-74.13036,40.77756],[-74.12972,40.77384],[-74.12719,40.77134],[-74.11921,40.77237],[-74.11816,40.77183],[-74.11396,40.77631],[-74.11056,40.77713],[-74.10923,40.77783],[-74.10534,40.77716],[-74.10331,40.77574],[-74.10088,40.77581],[-74.10103,40.77382],[-74.09844,40.77252],[-74.09759,40.77008],[-74.0987,40.76774],[-74.09699,40.76609],[-74.09584,40.76286],[-74.09246,40.76339],[-74.09079,40.76198],[-74.09348,40.75832],[-74.09545,40.75337],[-74.09362,40.75091],[-74.09064,40.7488],[-74.07869,40.7506],[-74.0752,40.74739],[-74.07705,40.74325],[-74.08176,40.74062],[-74.08929,40.7384],[-74.0947,40.73447],[-74.09857,40.72721],[-74.10377,40.71869],[-74.10815,40.71596],[-74.11322,40.71749],[-74.12057,40.71713],[-74.12139,40.721],[-74.11699,40.73713],[-74.1176,40.73964],[-74.12279,40.7421],[-74.1368,40.74146],[-74.13967,40.74379],[-74.14201,40.74397],[-74.14586,40.74803],[-74.14498,40.74816],[-74.14555,40.75189],[-74.15417,40.75425],[-74.15576,40.75159],[-74.1626,40.75354],[-74.1648,40.75472],[-74.16215,40.76137],[-74.15769,40.7661],[-74.1558,40.77082],[-74.15327,40.77419],[-74.14899,40.778],[-74.14834,40.77989],[-74.14852,40.78416]]]}},{"type":"Feature","properties":{"zcta":"07003","d":5160},"geometry":{"type":"Polygon","coordinates":[[[-74.18266,40.84878],[-74.1799,40.84726],[-74.16267,40.83781],[-74.17494,40.82191],[-74.17632,40.82185],[-74.17874,40.81945],[-74.17962,40.81663],[-74.18376,40.81218],[-74.1754,40.80953],[-74.17988,40.79337],[-74.18323,40.7834],[-74.18659,40.77515],[-74.18626,40.77467],[-74.18976,40.76863],[-74.20156,40.78181],[-74.21185,40.78569],[-74.20981,40.78728],[-74.20406,40.79436],[-74.19992,40.79649],[-74.20132,40.79844],[-74.197,40.80455],[-74.19548,40.81262],[-74.1975,40.81259],[-74.19626,40.81423],[-74.19388,40.8223],[-74.19141,40.82891],[-74.19443,40.8289],[-74.18266,40.84878]]]}},{"type":"Feature","properties":{"zcta":"07848","d":92},"geometry":{"type":"Polygon","coordinates":[[[-74.72071,41.112],[-74.71155,41.11898],[-74.71314,41.12033],[-74.70993,41.12295],[-74.70671,41.12409],[-74.70576,41.12336],[-74.69769,41.12939],[-74.69841,41.13001],[-74.69634,41.1326],[-74.69497,41.13146],[-74.6569,41.16009],[-74.65856,41.1619],[-74.62447,41.16134],[-74.63407,41.13268],[-74.63854,41.11867],[-74.66775,41.09413],[-74.6708,41.08687],[-74.6679,41.08267],[-74.6716,41.08495],[-74.68542,41.05205],[-74.68649,41.03727],[-74.69156,41.03565],[-74.69889,41.04116],[-74.70072,41.04214],[-74.70293,41.0392],[-74.7009,41.03752],[-74.70987,41.03929],[-74.70423,41.0455],[-74.71672,41.04254],[-74.72002,41.04338],[-74.72102,41.04147],[-74.72504,41.04213],[-74.7274,41.04376],[-74.72511,41.04724],[-74.72228,41.04891],[-74.72178,41.0525],[-74.72001,41.05464],[-74.72203,41.05679],[-74.72504,41.06154],[-74.72442,41.06218],[-74.72876,41.06523],[-74.72553,41.0672],[-74.7219,41.07086],[-74.71485,41.07906],[-74.71045,41.08369],[-74.714,41.0874],[-74.72057,41.08131],[-74.72313,41.0834],[-74.72559,41.08365],[-74.7262,41.08622],[-74.72861,41.08731],[-74.73143,41.08733],[-74.73089,41.09012],[-74.73196,41.09595],[-74.7311,41.09843],[-74.72443,41.10977],[-74.72195,41.11237],[-74.72071,41.112]]]}},{"type":"Feature","properties":{"zcta":"07950","d":1205},"geometry":{"type":"Polygon","coordinates":[[[-74.52933,40.83271],[-74.52633,40.83451],[-74.52439,40.83364],[-74.52353,40.83552],[-74.51976,40.83834],[-74.52063,40.83959],[-74.51803,40.84189],[-74.51919,40.84424],[-74.5131,40.84881],[-74.51447,40.85208],[-74.51007,40.85441],[-74.50821,40.85635],[-74.51066,40.85729],[-74.50323,40.86272],[-74.49994,40.86064],[-74.49852,40.86108],[-74.50108,40.86363],[-74.49583,40.86164],[-74.48138,40.87249],[-74.47858,40.86893],[-74.47435,40.86747],[-74.47506,40.86907],[-74.47813,40.87082],[-74.47566,40.87273],[-74.47551,40.87425],[-74.47864,40.8747],[-74.47644,40.87647],[-74.475,40.87573],[-74.46998,40.87591],[-74.46722,40.87232],[-74.46618,40.87536],[-74.46117,40.87059],[-74.45659,40.8685],[-74.44858,40.86797],[-74.43973,40.86651],[-74.44335,40.86675],[-74.44923,40.8663],[-74.45266,40.86722],[-74.457,40.86717],[-74.46095,40.86784],[-74.46128,40.86634],[-74.45281,40.86117],[-74.44971,40.86054],[-74.45126,40.85927],[-74.44801,40.85795],[-74.4493,40.85694],[-74.44864,40.85321],[-74.45216,40.85224],[-74.45424,40.85264],[-74.45518,40.85127],[-74.46076,40.84677],[-74.46462,40.84876],[-74.46756,40.84653],[-74.46382,40.84382],[-74.4602,40.84202],[-74.46165,40.83984],[-74.46062,40.83797],[-74.45834,40.83706],[-74.45288,40.83535],[-74.45505,40.83196],[-74.46095,40.82614],[-74.46027,40.82488],[-74.46198,40.82255],[-74.46359,40.82233],[-74.46484,40.81896],[-74.46959,40.81938],[-74.47177,40.82294],[-74.47449,40.81997],[-74.47736,40.82119],[-74.47713,40.81906],[-74.48195,40.81963],[-74.48234,40.81789],[-74.48699,40.81768],[-74.48789,40.81527],[-74.49042,40.81403],[-74.4936,40.81403],[-74.4935,40.82346],[-74.49584,40.82686],[-74.49427,40.82929],[-74.49526,40.82993],[-74.49274,40.83343],[-74.4956,40.83355],[-74.50277,40.83622],[-74.50452,40.83404],[-74.50363,40.83219],[-74.5046,40.83042],[-74.50958,40.83205],[-74.51518,40.83294],[-74.52347,40.83248],[-74.52717,40.83326],[-74.53011,40.83176],[-74.53283,40.83302],[-74.52933,40.83271]]]}},{"type":"Feature","properties":{"zcta":"07020","d":6829},"geometry":{"type":"Polygon","coordinates":[[[-73.99046,40.81205],[-73.98473,40.81572],[-73.97968,40.82279],[-73.97683,40.82783],[-73.97361,40.83344],[-73.97381,40.83587],[-73.97065,40.84394],[-73.96811,40.84742],[-73.96442,40.84658],[-73.96198,40.8481],[-73.95416,40.84799],[-73.96318,40.8269],[-73.96808,40.8207],[-73.9848,40.79769],[-73.99218,40.80081],[-73.99368,40.80212],[-73.99316,40.80576],[-73.99453,40.80653],[-73.99046,40.81205]]]}},{"type":"Feature","properties":{"zcta":"07046","d":777},"geometry":{"type":"Polygon","coordinates":[[[-74.43623,40.9035],[-74.43126,40.90158],[-74.42814,40.90107],[-74.42554,40.90405],[-74.42186,40.90147],[-74.42095,40.8997],[-74.41709,40.89628],[-74.42447,40.89186],[-74.42668,40.88646],[-74.43068,40.88171],[-74.43177,40.87995],[-74.43302,40.87809],[-74.43363,40.87426],[-74.43937,40.87592],[-74.4497,40.87968],[-74.45301,40.88026],[-74.46607,40.88489],[-74.45888,40.89115],[-74.45939,40.89232],[-74.45637,40.89473],[-74.45575,40.89391],[-74.44066,40.90724],[-74.43623,40.9035]]]}},{"type":"Feature","properties":{"zcta":"07029","d":8717},"geometry":{"type":"Polygon","coordinates":[[[-74.1648,40.75472],[-74.1626,40.75354],[-74.15576,40.75159],[-74.15417,40.75425],[-74.14555,40.75189],[-74.14498,40.74816],[-74.14586,40.74803],[-74.14201,40.74397],[-74.13967,40.74379],[-74.1368,40.74146],[-74.14269,40.7393],[-74.14492,40.73621],[-74.14719,40.7344],[-74.15528,40.73354],[-74.15998,40.73449],[-74.16196,40.73601],[-74.16379,40.7392],[-74.16595,40.74511],[-74.16599,40.74797],[-74.1648,40.75472]]]}},{"type":"Feature","properties":{"zcta":"07092","d":875},"geometry":{"type":"Polygon","coordinates":[[[-74.37319,40.69179],[-74.36163,40.69917],[-74.35955,40.69949],[-74.33131,40.68234],[-74.33132,40.67874],[-74.33885,40.67762],[-74.34174,40.67527],[-74.34827,40.6725],[-74.34592,40.67128],[-74.34587,40.66847],[-74.34896,40.6663],[-74.35323,40.66761],[-74.35687,40.66483],[-74.35962,40.66622],[-74.35747,40.66812],[-74.36021,40.66969],[-74.36832,40.66851],[-74.37142,40.66578],[-74.37513,40.66863],[-74.37891,40.6677],[-74.38165,40.67141],[-74.38511,40.66958],[-74.38264,40.67273],[-74.3871,40.67869],[-74.38347,40.68146],[-74.37946,40.68534],[-74.37319,40.69179]]]}},{"type":"Feature","properties":{"zcta":"07082","d":483},"geometry":{"type":"Polygon","coordinates":[[[-74.36218,40.95167],[-74.36407,40.95492],[-74.36732,40.95505],[-74.36794,40.95822],[-74.3633,40.95744],[-74.34442,40.94816],[-74.34122,40.9464],[-74.33653,40.94439],[-74.32146,40.92753],[-74.32165,40.91141],[-74.3228,40.90883],[-74.32595,40.90865],[-74.32481,40.90624],[-74.32719,40.90535],[-74.32953,40.90865],[-74.33079,40.90679],[-74.33443,40.90541],[-74.33721,40.89825],[-74.3345,40.89771],[-74.33448,40.89624],[-74.33751,40.89621],[-74.33904,40.8941],[-74.34042,40.89934],[-74.34476,40.89959],[-74.34602,40.90237],[-74.35258,40.90211],[-74.35306,40.90418],[-74.351,40.90609],[-74.35038,40.90859],[-74.35337,40.91073],[-74.35026,40.91179],[-74.34815,40.91368],[-74.3499,40.91658],[-74.35425,40.91564],[-74.3607,40.91671],[-74.36673,40.91825],[-74.37238,40.92163],[-74.37396,40.92194],[-74.37292,40.92655],[-74.3705,40.92694],[-74.37082,40.92947],[-74.36706,40.93159],[-74.3621,40.93242],[-74.36071,40.9404],[-74.36258,40.94442],[-74.36262,40.94841],[-74.36218,40.95167]]]}},{"type":"Feature","properties":{"zcta":"07501","d":9385},"geometry":{"type":"Polygon","coordinates":[[[-74.18717,40.91247],[-74.18379,40.9122],[-74.18194,40.91513],[-74.17932,40.91767],[-74.17537,40.91635],[-74.17316,40.91307],[-74.17361,40.91205],[-74.16978,40.9131],[-74.16718,40.91275],[-74.16732,40.91812],[-74.17126,40.92048],[-74.17273,40.92221],[-74.17006,40.9233],[-74.16603,40.92626],[-74.1655,40.92574],[-74.15645,40.92541],[-74.15484,40.92078],[-74.15432,40.91671],[-74.15757,40.90457],[-74.15831,40.90382],[-74.16142,40.90604],[-74.17382,40.90829],[-74.17196,40.90607],[-74.17111,40.89907],[-74.16989,40.89676],[-74.17455,40.89947],[-74.17416,40.90122],[-74.19555,40.90758],[-74.19501,40.91028],[-74.19329,40.91196],[-74.18717,40.91247]],[[-74.17389,40.91195],[-74.17483,40.91161],[-74.17423,40.91141],[-74.17389,40.91195]]]}},{"type":"Feature","properties":{"zcta":"07070","d":3311},"geometry":{"type":"Polygon","coordinates":[[[-74.12404,40.83872],[-74.12222,40.84243],[-74.12119,40.84683],[-74.11388,40.84208],[-74.10712,40.83924],[-74.105,40.83765],[-74.08166,40.7876],[-74.08304,40.78623],[-74.09155,40.78804],[-74.09008,40.79236],[-74.09654,40.79614],[-74.09426,40.79832],[-74.09273,40.80137],[-74.09473,40.80298],[-74.09433,40.80495],[-74.12404,40.82251],[-74.12309,40.82379],[-74.12107,40.83011],[-74.12168,40.83406],[-74.12404,40.83872]]]}},{"type":"Feature","properties":{"zcta":"07066","d":1950},"geometry":{"type":"Polygon","coordinates":[[[-74.32327,40.62801],[-74.3227,40.6277],[-74.31285,40.63831],[-74.31075,40.63705],[-74.3055,40.64081],[-74.30346,40.63428],[-74.30175,40.63484],[-74.29666,40.63821],[-74.28955,40.63997],[-74.29107,40.63754],[-74.29126,40.63522],[-74.29545,40.63191],[-74.29649,40.62859],[-74.29255,40.63069],[-74.29053,40.63278],[-74.28535,40.63471],[-74.27684,40.62735],[-74.29523,40.61765],[-74.29922,40.61378],[-74.30292,40.61209],[-74.30292,40.60868],[-74.33847,40.60574],[-74.35872,40.60406],[-74.35623,40.60603],[-74.35219,40.61175],[-74.34319,40.61242],[-74.33943,40.61423],[-74.34028,40.61712],[-74.33788,40.61744],[-74.33547,40.61656],[-74.3296,40.61902],[-74.32506,40.62516],[-74.3274,40.62506],[-74.32327,40.62801]]]}},{"type":"Feature","properties":{"zcta":"07067","d":2427},"geometry":{"type":"Polygon","coordinates":[[[-74.30292,40.60868],[-74.30461,40.60656],[-74.30313,40.60571],[-74.30533,40.60059],[-74.29995,40.59812],[-74.29085,40.59195],[-74.29048,40.59022],[-74.29297,40.58424],[-74.29431,40.57907],[-74.29453,40.57566],[-74.29288,40.57173],[-74.29571,40.57298],[-74.29556,40.57405],[-74.2997,40.57532],[-74.30093,40.57416],[-74.30635,40.57739],[-74.31022,40.58034],[-74.31179,40.57933],[-74.31421,40.58051],[-74.32515,40.58007],[-74.32555,40.58486],[-74.32999,40.58588],[-74.33717,40.58578],[-74.33847,40.60574],[-74.30292,40.60868]]]}},{"type":"Feature","properties":{"zcta":"11106","d":25520},"geometry":{"type":"Polygon","coordinates":[[[-73.94131,40.76692],[-73.9364,40.76948],[-73.93496,40.77173],[-73.93523,40.76953],[-73.93176,40.76858],[-73.92543,40.76527],[-73.9212,40.76371],[-73.91909,40.76226],[-73.92246,40.75743],[-73.92495,40.75434],[-73.92727,40.75285],[-73.93792,40.75871],[-73.9433,40.76066],[-73.94247,40.76199],[-73.94471,40.76288],[-73.94131,40.76692]]]}},{"type":"Feature","properties":{"zcta":"10003","d":47934},"geometry":{"type":"Polygon","coordinates":[[[-73.97986,40.73498],[-73.98864,40.72293],[-73.9926,40.72414],[-73.99164,40.72683],[-73.9996,40.73104],[-73.99697,40.73141],[-73.99094,40.73967],[-73.97986,40.73498]]]}},{"type":"Feature","properties":{"zcta":"10471","d":3858},"geometry":{"type":"Polygon","coordinates":[[[-73.91815,40.89411],[-73.91512,40.90313],[-73.91429,40.90424],[-73.91159,40.91403],[-73.91052,40.91528],[-73.89663,40.91132],[-73.89641,40.90296],[-73.89717,40.89968],[-73.89646,40.89371],[-73.89984,40.88654],[-73.90237,40.88725],[-73.90286,40.88917],[-73.90551,40.8902],[-73.90626,40.88757],[-73.90906,40.88951],[-73.91634,40.89129],[-73.91669,40.8869],[-73.91398,40.88637],[-73.91604,40.88487],[-73.91876,40.88557],[-73.9187,40.88689],[-73.92096,40.88729],[-73.91815,40.89411]]]}},{"type":"Feature","properties":{"zcta":"11705","d":1219},"geometry":{"type":"Polygon","coordinates":[[[-73.05825,40.76967],[-73.05631,40.76959],[-73.04645,40.77172],[-73.04566,40.76593],[-73.04453,40.7657],[-73.04452,40.76267],[-73.04544,40.76267],[-73.04326,40.75726],[-73.04205,40.74911],[-73.04488,40.74772],[-73.04208,40.74716],[-73.04186,40.73589],[-73.03897,40.7337],[-73.03805,40.72962],[-73.04552,40.72871],[-73.04873,40.72991],[-73.05357,40.72717],[-73.05769,40.72792],[-73.06229,40.72742],[-73.06631,40.72602],[-73.06757,40.72351],[-73.06984,40.72257],[-73.07006,40.7247],[-73.07166,40.72562],[-73.07204,40.72903],[-73.07387,40.7304],[-73.0718,40.73259],[-73.07267,40.73581],[-73.06893,40.73879],[-73.06806,40.74301],[-73.06618,40.74334],[-73.06432,40.74702],[-73.06116,40.75079],[-73.05963,40.75717],[-73.05936,40.76301],[-73.06217,40.76931],[-73.05825,40.76967]]]}},{"type":"Feature","properties":{"zcta":"11214","d":19396},"geometry":{"type":"Polygon","coordinates":[[[-73.99834,40.61428],[-73.98798,40.60808],[-73.98725,40.60725],[-73.98281,40.58379],[-73.98027,40.58313],[-73.98109,40.58149],[-73.98394,40.58324],[-73.98824,40.5797],[-73.99001,40.58068],[-73.98836,40.58348],[-73.99252,40.58798],[-73.9985,40.58547],[-73.99594,40.58827],[-73.99708,40.59141],[-74.00453,40.59705],[-74.01093,40.60079],[-74.01454,40.60209],[-74.01417,40.60399],[-74.01052,40.60699],[-74.00082,40.61631],[-73.99834,40.61428]]]}},{"type":"Feature","properties":{"zcta":"11030","d":1322},"geometry":{"type":"Polygon","coordinates":[[[-73.71093,40.80575],[-73.7076,40.81362],[-73.70396,40.81743],[-73.70454,40.81921],[-73.69811,40.82084],[-73.69652,40.81835],[-73.69477,40.8124],[-73.69304,40.81425],[-73.68773,40.81644],[-73.67982,40.8173],[-73.68008,40.81386],[-73.67614,40.80978],[-73.67127,40.80799],[-73.66842,40.8048],[-73.66923,40.80003],[-73.66902,40.79716],[-73.66636,40.7894],[-73.66341,40.78467],[-73.66195,40.78003],[-73.65741,40.78133],[-73.65731,40.77966],[-73.66086,40.7789],[-73.66585,40.77638],[-73.67057,40.77354],[-73.6767,40.77214],[-73.68283,40.76761],[-73.68619,40.76683],[-73.68643,40.77125],[-73.69141,40.76832],[-73.69571,40.76717],[-73.69907,40.76724],[-73.70383,40.76917],[-73.7034,40.77217],[-73.70439,40.77338],[-73.70304,40.77626],[-73.70333,40.7804],[-73.70411,40.78282],[-73.70435,40.78361],[-73.70551,40.78742],[-73.70597,40.78577],[-73.70947,40.7907],[-73.71134,40.79216],[-73.70941,40.79272],[-73.71047,40.79655],[-73.7134,40.80347],[-73.71093,40.80575]]]}},{"type":"Feature","properties":{"zcta":"11801","d":3553},"geometry":{"type":"Polygon","coordinates":[[[-73.54464,40.77488],[-73.53927,40.77844],[-73.53523,40.77815],[-73.5309,40.77931],[-73.53,40.77881],[-73.5242,40.78249],[-73.52322,40.78191],[-73.51745,40.78458],[-73.51605,40.7913],[-73.51492,40.78455],[-73.50361,40.78743],[-73.5009,40.76757],[-73.49963,40.75697],[-73.50174,40.75316],[-73.50178,40.74791],[-73.49677,40.7429],[-73.50387,40.74307],[-73.51588,40.74329],[-73.51578,40.743],[-73.54556,40.74358],[-73.5475,40.74828],[-73.54821,40.7483],[-73.54932,40.75612],[-73.55044,40.7565],[-73.55346,40.76108],[-73.55016,40.76198],[-73.55103,40.77361],[-73.54464,40.77488]]]}},{"type":"Feature","properties":{"zcta":"07064","d":1582},"geometry":{"type":"Polygon","coordinates":[[[-74.25398,40.56883],[-74.24439,40.57937],[-74.22885,40.57096],[-74.22914,40.56469],[-74.22736,40.56408],[-74.22808,40.56139],[-74.23182,40.56231],[-74.23471,40.56042],[-74.23445,40.56178],[-74.24204,40.56524],[-74.24828,40.56761],[-74.25097,40.5635],[-74.25508,40.56495],[-74.2599,40.56249],[-74.26887,40.56279],[-74.26958,40.5685],[-74.2669,40.57102],[-74.25398,40.56883]]]}},{"type":"Feature","properties":{"zcta":"11217","d":28627},"geometry":{"type":"Polygon","coordinates":[[[-73.98635,40.68872],[-73.98182,40.68733],[-73.98201,40.68932],[-73.97929,40.68825],[-73.97951,40.68986],[-73.9771,40.68977],[-73.97313,40.68962],[-73.97269,40.68742],[-73.97232,40.68277],[-73.97064,40.68241],[-73.97276,40.67759],[-73.97105,40.67524],[-73.97137,40.67345],[-73.97252,40.67332],[-73.97684,40.67541],[-73.98077,40.67653],[-73.98261,40.67805],[-73.98808,40.68017],[-73.99087,40.68206],[-73.98999,40.68332],[-73.98635,40.68872]]]}},{"type":"Feature","properties":{"zcta":"11419","d":22038},"geometry":{"type":"Polygon","coordinates":[[[-73.82107,40.69578],[-73.81372,40.69715],[-73.80802,40.68706],[-73.81359,40.68471],[-73.83216,40.67942],[-73.83352,40.68381],[-73.83479,40.68558],[-73.83751,40.6913],[-73.82107,40.69578]]]}},{"type":"Feature","properties":{"zcta":"11229","d":17406},"geometry":{"type":"Polygon","coordinates":[[[-73.9536,40.61095],[-73.9531,40.61142],[-73.95071,40.61125],[-73.94759,40.61495],[-73.94483,40.61605],[-73.94443,40.61408],[-73.94147,40.61209],[-73.93828,40.60857],[-73.93973,40.60713],[-73.93426,40.60223],[-73.93355,40.60269],[-73.92813,40.59778],[-73.92957,40.59682],[-73.91771,40.58627],[-73.91766,40.58561],[-73.91994,40.58465],[-73.92595,40.58501],[-73.92797,40.58876],[-73.93073,40.58963],[-73.93003,40.59413],[-73.93243,40.59524],[-73.93495,40.59443],[-73.93591,40.5956],[-73.94061,40.59381],[-73.959,40.59178],[-73.95906,40.59212],[-73.9603,40.59585],[-73.96036,40.6007],[-73.96179,40.60981],[-73.96238,40.60999],[-73.9536,40.61095]]]}},{"type":"Feature","properties":{"zcta":"10994","d":632},"geometry":{"type":"MultiPolygon","coordinates":[[[[-73.96944,41.13017],[-73.96745,41.13026],[-73.96812,41.12638],[-73.96994,41.12752],[-73.96944,41.13017]]],[[[-73.9806,41.12166],[-73.9796,41.12487],[-73.97554,41.12598],[-73.97554,41.12723],[-73.97305,41.12758],[-73.96988,41.12564],[-73.9694,41.12381],[-73.96428,41.1225],[-73.96525,41.11782],[-73.96262,41.11775],[-73.95992,41.11885],[-73.95985,41.11647],[-73.96107,41.11475],[-73.95819,41.11409],[-73.95722,41.11185],[-73.95413,41.11224],[-73.9563,41.11083],[-73.95206,41.10999],[-73.95168,41.10454],[-73.95051,41.10647],[-73.94711,41.10563],[-73.94643,41.1006],[-73.94857,41.09886],[-73.94144,41.09693],[-73.9439,41.09548],[-73.95045,41.09378],[-73.95037,41.09061],[-73.94782,41.08546],[-73.95976,41.0825],[-73.96362,41.08192],[-73.96704,41.07832],[-73.97767,41.07854],[-73.98304,41.07587],[-73.98051,41.0694],[-73.98169,41.06802],[-73.98826,41.06493],[-73.99505,41.06603],[-73.99537,41.0728],[-73.99669,41.07403],[-73.99629,41.07513],[-73.98582,41.07524],[-73.98673,41.07872],[-73.99057,41.07878],[-73.99349,41.08126],[-73.99123,41.08265],[-73.99754,41.08347],[-73.99791,41.08538],[-73.99511,41.08526],[-73.99538,41.0884],[-73.99244,41.08848],[-73.99459,41.09111],[-73.99834,41.09222],[-73.99752,41.10214],[-73.98839,41.10179],[-73.98423,41.10557],[-73.98421,41.1091],[-73.98274,41.11193],[-73.98697,41.11812],[-73.98685,41.1212],[-73.9806,41.12166]]]]}},{"type":"Feature","properties":{"zcta":"11003","d":5937},"geometry":{"type":"Polygon","coordinates":[[[-73.72239,40.72087],[-73.72175,40.71911],[-73.71966,40.71859],[-73.71977,40.71631],[-73.71507,40.71606],[-73.71209,40.71802],[-73.70751,40.71613],[-73.70824,40.71357],[-73.70468,40.71285],[-73.7013,40.71093],[-73.69594,40.71377],[-73.68952,40.71274],[-73.68793,40.71155],[-73.68767,40.71343],[-73.68587,40.71338],[-73.6859,40.70842],[-73.68421,40.70628],[-73.68516,40.70235],[-73.68507,40.6987],[-73.687,40.69423],[-73.68778,40.69512],[-73.69059,40.69288],[-73.68961,40.69094],[-73.69149,40.68591],[-73.69547,40.68687],[-73.69937,40.68618],[-73.70496,40.68727],[-73.7045,40.68625],[-73.70642,40.6838],[-73.70785,40.68366],[-73.71385,40.68634],[-73.72114,40.68812],[-73.72489,40.68727],[-73.72593,40.68623],[-73.7265,40.69689],[-73.72697,40.71072],[-73.72918,40.71917],[-73.72239,40.72087]]]}},{"type":"Feature","properties":{"zcta":"11222","d":15726},"geometry":{"type":"Polygon","coordinates":[[[-73.95706,40.73917],[-73.95267,40.73926],[-73.94216,40.73568],[-73.93966,40.73149],[-73.93752,40.72982],[-73.92906,40.72769],[-73.92717,40.72523],[-73.93559,40.72299],[-73.9365,40.72125],[-73.93561,40.71922],[-73.94038,40.71809],[-73.94055,40.719],[-73.94842,40.71846],[-73.95018,40.71901],[-73.95165,40.72349],[-73.95475,40.7206],[-73.95604,40.7214],[-73.95418,40.72264],[-73.95757,40.7251],[-73.95772,40.7243],[-73.96161,40.72495],[-73.96121,40.72951],[-73.96229,40.7329],[-73.96248,40.7368],[-73.95706,40.73917]]]}},{"type":"Feature","properties":{"zcta":"07004","d":430},"geometry":{"type":"Polygon","coordinates":[[[-74.33751,40.89621],[-74.33448,40.89624],[-74.3345,40.89771],[-74.33721,40.89825],[-74.33443,40.90541],[-74.33079,40.90679],[-74.32953,40.90865],[-74.32719,40.90535],[-74.32481,40.90624],[-74.32595,40.90865],[-74.3228,40.90883],[-74.32261,40.90677],[-74.32016,40.90797],[-74.31849,40.90755],[-74.31878,40.90337],[-74.3145,40.90379],[-74.31241,40.9054],[-74.31016,40.90467],[-74.30594,40.90532],[-74.3036,40.90715],[-74.30236,40.90669],[-74.30298,40.90435],[-74.29762,40.90572],[-74.29203,40.90558],[-74.2923,40.90062],[-74.28926,40.8994],[-74.28538,40.90136],[-74.28324,40.90144],[-74.28172,40.89994],[-74.28624,40.89923],[-74.28728,40.89833],[-74.28381,40.89802],[-74.2842,40.89496],[-74.2823,40.89562],[-74.28073,40.89768],[-74.27563,40.89698],[-74.27206,40.89743],[-74.26629,40.89404],[-74.26429,40.88691],[-74.25827,40.8831],[-74.25483,40.88307],[-74.26626,40.876],[-74.26804,40.87603],[-74.27233,40.87331],[-74.27356,40.87148],[-74.2701,40.85984],[-74.2772,40.86147],[-74.28422,40.86564],[-74.28402,40.86596],[-74.29319,40.8698],[-74.329,40.84573],[-74.32985,40.8493],[-74.32744,40.85047],[-74.32697,40.85278],[-74.32527,40.85412],[-74.32594,40.85567],[-74.32459,40.85815],[-74.31955,40.85822],[-74.31888,40.85914],[-74.32088,40.86215],[-74.31776,40.86332],[-74.31747,40.86487],[-74.31916,40.86612],[-74.3216,40.86395],[-74.32533,40.86487],[-74.32653,40.86611],[-74.33165,40.86693],[-74.33268,40.86917],[-74.33493,40.86767],[-74.33746,40.86778],[-74.33624,40.8703],[-74.33772,40.87163],[-74.33657,40.87396],[-74.33764,40.87602],[-74.33532,40.87757],[-74.34043,40.87995],[-74.33811,40.88725],[-74.33976,40.88874],[-74.33886,40.89209],[-74.33595,40.89351],[-74.33904,40.8941],[-74.33751,40.89621]]]}},{"type":"Feature","properties":{"zcta":"07062","d":4077},"geometry":{"type":"Polygon","coordinates":[[[-74.41473,40.64154],[-74.40863,40.64269],[-74.40853,40.64435],[-74.40178,40.64041],[-74.38446,40.63045],[-74.38272,40.62947],[-74.38926,40.62351],[-74.38999,40.62209],[-74.39297,40.62161],[-74.39551,40.6229],[-74.3996,40.62043],[-74.40312,40.62012],[-74.40622,40.62253],[-74.41547,40.62791],[-74.4166,40.63096],[-74.41928,40.63228],[-74.42165,40.63197],[-74.42124,40.63352],[-74.42478,40.63584],[-74.42496,40.63692],[-74.41473,40.64154]]]}},{"type":"Feature","properties":{"zcta":"07201","d":2143},"geometry":{"type":"Polygon","coordinates":[[[-74.21614,40.66655],[-74.21002,40.67638],[-74.20788,40.68064],[-74.2057,40.68095],[-74.2018,40.68681],[-74.20145,40.68668],[-74.16927,40.68862],[-74.16763,40.68996],[-74.16272,40.68968],[-74.15906,40.68642],[-74.15386,40.68592],[-74.15043,40.68315],[-74.14372,40.6795],[-74.13882,40.6739],[-74.14926,40.65998],[-74.15682,40.66275],[-74.16659,40.65512],[-74.16813,40.65536],[-74.17787,40.65953],[-74.17956,40.66153],[-74.18001,40.66424],[-74.18154,40.66511],[-74.18678,40.6586],[-74.19119,40.66185],[-74.19818,40.66412],[-74.19869,40.66338],[-74.19468,40.66173],[-74.20217,40.65763],[-74.203,40.65884],[-74.20618,40.65956],[-74.20944,40.65803],[-74.2091,40.65969],[-74.21157,40.66109],[-74.21675,40.66171],[-74.21632,40.66527],[-74.21726,40.66644],[-74.21614,40.66655]]]}},{"type":"Feature","properties":{"zcta":"07505","d":6533},"geometry":{"type":"MultiPolygon","coordinates":[[[[-74.17483,40.91161],[-74.17389,40.91195],[-74.17423,40.91141],[-74.17483,40.91161]]],[[[-74.17688,40.92024],[-74.17273,40.92221],[-74.17126,40.92048],[-74.16732,40.91812],[-74.16718,40.91275],[-74.16978,40.9131],[-74.17361,40.91205],[-74.17316,40.91307],[-74.17537,40.91635],[-74.17932,40.91767],[-74.17688,40.92024]]]]}},{"type":"Feature","properties":{"zcta":"08738","d":605},"geometry":{"type":"Polygon","coordinates":[[[-74.04548,40.05776],[-74.05891,40.00128],[-74.06269,40.0019],[-74.07391,40.00473],[-74.08459,40.00776],[-74.08673,40.00804],[-74.08596,40.0091],[-74.07707,40.01511],[-74.07012,40.02254],[-74.06497,40.02691],[-74.06288,40.02562],[-74.05777,40.02773],[-74.05568,40.03121],[-74.05506,40.0346],[-74.05516,40.04029],[-74.05337,40.0444],[-74.05142,40.05191],[-74.05242,40.0568],[-74.05157,40.05902],[-74.04548,40.05776]]]}},{"type":"Feature","properties":{"zcta":"07719","d":924},"geometry":{"type":"Polygon","coordinates":[[[-74.0994,40.17787],[-74.09986,40.18375],[-74.0966,40.18249],[-74.09762,40.18482],[-74.09363,40.18769],[-74.08967,40.18735],[-74.08818,40.18919],[-74.08466,40.18869],[-74.0829,40.18722],[-74.08302,40.18979],[-74.07888,40.19223],[-74.07522,40.19125],[-74.07231,40.19364],[-74.07248,40.19516],[-74.06876,40.19499],[-74.06621,40.19676],[-74.06193,40.1962],[-74.06315,40.19467],[-74.05999,40.1933],[-74.05696,40.18814],[-74.05417,40.18797],[-74.05277,40.1863],[-74.04848,40.18514],[-74.04168,40.18153],[-74.0361,40.18252],[-74.03487,40.18633],[-74.03252,40.18843],[-74.02816,40.18841],[-74.02976,40.18723],[-74.03087,40.18366],[-74.02945,40.18283],[-74.02565,40.18531],[-74.0259,40.18462],[-74.01828,40.18805],[-74.00919,40.18751],[-74.00931,40.18668],[-74.01576,40.16724],[-74.01786,40.16718],[-74.02053,40.16915],[-74.02754,40.16671],[-74.03199,40.16584],[-74.03748,40.16331],[-74.03883,40.16365],[-74.04364,40.16249],[-74.04507,40.16338],[-74.04792,40.16271],[-74.04827,40.16055],[-74.05184,40.16036],[-74.05023,40.15511],[-74.05487,40.1543],[-74.05898,40.14564],[-74.06129,40.14071],[-74.06564,40.14114],[-74.06795,40.14213],[-74.06705,40.13883],[-74.06996,40.13574],[-74.07301,40.13496],[-74.07431,40.13588],[-74.07351,40.13763],[-74.07724,40.13799],[-74.07998,40.13614],[-74.08958,40.14051],[-74.09222,40.14085],[-74.09424,40.14569],[-74.09669,40.14756],[-74.1024,40.1494],[-74.10487,40.14733],[-74.10649,40.14909],[-74.10638,40.15122],[-74.10772,40.15184],[-74.10727,40.15633],[-74.11096,40.15621],[-74.10961,40.15978],[-74.10556,40.16011],[-74.10425,40.16262],[-74.10504,40.16725],[-74.10659,40.17013],[-74.11611,40.16991],[-74.12254,40.17043],[-74.12827,40.17009],[-74.13258,40.16878],[-74.14142,40.16443],[-74.14103,40.18005],[-74.12164,40.17942],[-74.10394,40.17817],[-74.0994,40.17787]]]}},{"type":"Feature","properties":{"zcta":"07506","d":3116},"geometry":{"type":"Polygon","coordinates":[[[-74.17027,40.9839],[-74.14909,40.97113],[-74.14105,40.96635],[-74.14163,40.96359],[-74.14443,40.95605],[-74.14643,40.94844],[-74.14807,40.94164],[-74.14959,40.9414],[-74.15394,40.93797],[-74.16151,40.9375],[-74.16561,40.9358],[-74.16694,40.93399],[-74.17146,40.94195],[-74.16877,40.94771],[-74.16856,40.9524],[-74.16776,40.95646],[-74.16781,40.96232],[-74.17114,40.97707],[-74.17027,40.9839]]]}},{"type":"Feature","properties":{"zcta":"07676","d":1587},"geometry":{"type":"Polygon","coordinates":[[[-74.07082,41.00321],[-74.06802,41.00199],[-74.06625,41.00272],[-74.05827,41.00065],[-74.04634,40.99851],[-74.04676,40.99225],[-74.04911,40.98277],[-74.04958,40.97562],[-74.05402,40.97733],[-74.05566,40.97638],[-74.05686,40.97364],[-74.05509,40.97319],[-74.05661,40.96988],[-74.05549,40.96956],[-74.05591,40.96721],[-74.06789,40.97627],[-74.07829,40.97848],[-74.07817,40.98205],[-74.07945,40.98994],[-74.07983,40.9981],[-74.07731,41.00448],[-74.07082,41.00321]]]}},{"type":"Feature","properties":{"zcta":"07513","d":11113},"geometry":{"type":"Polygon","coordinates":[[[-74.15757,40.90457],[-74.15432,40.91671],[-74.15245,40.91311],[-74.15151,40.913],[-74.14459,40.90514],[-74.1323,40.90405],[-74.1335,40.90195],[-74.14468,40.90043],[-74.15508,40.90184],[-74.15831,40.90382],[-74.15757,40.90457]]]}},{"type":"Feature","properties":{"zcta":"07039","d":1064},"geometry":{"type":"Polygon","coordinates":[[[-74.36383,40.79932],[-74.35953,40.79988],[-74.35612,40.8038],[-74.35075,40.80722],[-74.34964,40.81216],[-74.3443,40.81372],[-74.34058,40.81249],[-74.33792,40.81354],[-74.33711,40.81554],[-74.33429,40.81841],[-74.33213,40.81674],[-74.32711,40.8155],[-74.32597,40.81231],[-74.32223,40.81241],[-74.32208,40.81083],[-74.31729,40.80992],[-74.31683,40.81154],[-74.31375,40.81104],[-74.31331,40.81315],[-74.30915,40.81124],[-74.30372,40.81026],[-74.29928,40.80812],[-74.29678,40.8105],[-74.29102,40.80953],[-74.28691,40.80694],[-74.28379,40.80808],[-74.28058,40.80674],[-74.28709,40.7943],[-74.29914,40.77004],[-74.29955,40.77024],[-74.30329,40.7619],[-74.30472,40.75788],[-74.31241,40.75792],[-74.31524,40.75719],[-74.31924,40.75868],[-74.32275,40.75917],[-74.3236,40.75824],[-74.34941,40.7591],[-74.36714,40.76111],[-74.3702,40.75952],[-74.3724,40.75945],[-74.37457,40.758],[-74.37506,40.75986],[-74.37733,40.76123],[-74.37623,40.76275],[-74.37065,40.7643],[-74.37002,40.76675],[-74.37187,40.76779],[-74.36955,40.77139],[-74.37107,40.77493],[-74.37273,40.77606],[-74.36686,40.78039],[-74.36692,40.78907],[-74.36621,40.79061],[-74.36706,40.79329],[-74.36532,40.7955],[-74.36383,40.79932]]]}},{"type":"Feature","properties":{"zcta":"07728","d":576},"geometry":{"type":"Polygon","coordinates":[[[-74.3327,40.22233],[-74.31844,40.25208],[-74.31959,40.25225],[-74.31499,40.26246],[-74.30856,40.27038],[-74.30124,40.2805],[-74.29027,40.29362],[-74.28579,40.29264],[-74.27897,40.29452],[-74.26922,40.29559],[-74.26488,40.29435],[-74.26218,40.29515],[-74.26068,40.29388],[-74.25717,40.29311],[-74.24395,40.28847],[-74.23612,40.28532],[-74.22713,40.28251],[-74.22288,40.27807],[-74.22386,40.26119],[-74.21053,40.25926],[-74.21404,40.25659],[-74.21333,40.25326],[-74.21269,40.24914],[-74.21013,40.24664],[-74.2036,40.24376],[-74.20101,40.24084],[-74.20219,40.23339],[-74.20035,40.23047],[-74.19445,40.22725],[-74.18788,40.22614],[-74.18762,40.22349],[-74.1887,40.22312],[-74.18691,40.22102],[-74.18682,40.21551],[-74.19027,40.2148],[-74.19124,40.21292],[-74.1899,40.20997],[-74.19961,40.21454],[-74.19894,40.2117],[-74.20303,40.21156],[-74.20471,40.21249],[-74.20484,40.21556],[-74.21774,40.21621],[-74.21738,40.21455],[-74.20924,40.21331],[-74.2096,40.21202],[-74.21688,40.21315],[-74.21737,40.21181],[-74.21406,40.21132],[-74.21417,40.20855],[-74.21276,40.20763],[-74.21419,40.20612],[-74.21401,40.20371],[-74.21229,40.20125],[-74.21506,40.20244],[-74.21788,40.20051],[-74.22084,40.20246],[-74.22308,40.20256],[-74.22727,40.20519],[-74.23229,40.20528],[-74.23495,40.20411],[-74.23711,40.20505],[-74.2366,40.20846],[-74.23873,40.21135],[-74.23903,40.20509],[-74.24964,40.20632],[-74.25025,40.20546],[-74.25416,40.20547],[-74.25613,40.20451],[-74.25572,40.2033],[-74.26333,40.20297],[-74.26613,40.20246],[-74.27009,40.20313],[-74.26846,40.18961],[-74.26645,40.16896],[-74.26389,40.16862],[-74.26145,40.16703],[-74.40671,40.1724],[-74.36525,40.20143],[-74.35353,40.2089],[-74.3327,40.22233]],[[-74.25782,40.20915],[-74.25981,40.21287],[-74.25698,40.21501],[-74.25637,40.21869],[-74.25891,40.21937],[-74.26187,40.21549],[-74.25881,40.21066],[-74.25613,40.20451],[-74.25782,40.20915]]]}},{"type":"Feature","properties":{"zcta":"07422","d":268},"geometry":{"type":"Polygon","coordinates":[[[-74.49207,41.16666],[-74.48633,41.16105],[-74.47865,41.15826],[-74.47647,41.16444],[-74.47756,41.16622],[-74.47976,41.16641],[-74.47915,41.16964],[-74.47976,41.17282],[-74.4777,41.17424],[-74.47932,41.17704],[-74.47556,41.17859],[-74.47654,41.18027],[-74.47424,41.1849],[-74.47129,41.18573],[-74.47064,41.18739],[-74.46022,41.18793],[-74.46144,41.19258],[-74.46801,41.19577],[-74.46926,41.1939],[-74.47125,41.19546],[-74.46244,41.20122],[-74.46119,41.20353],[-74.45297,41.205],[-74.45334,41.20745],[-74.45179,41.20808],[-74.45136,41.21076],[-74.44561,41.21409],[-74.43602,41.21559],[-74.43171,41.21587],[-74.42891,41.21886],[-74.42526,41.22059],[-74.42285,41.22381],[-74.4229,41.2262],[-74.42013,41.23],[-74.40032,41.22026],[-74.39937,41.21398],[-74.39658,41.21204],[-74.39623,41.21026],[-74.39738,41.20792],[-74.39521,41.20358],[-74.39563,41.19924],[-74.39358,41.19484],[-74.39279,41.18854],[-74.39836,41.17907],[-74.42231,41.16038],[-74.43121,41.15133],[-74.44917,41.15261],[-74.45202,41.15132],[-74.45646,41.14624],[-74.45727,41.14456],[-74.46047,41.14464],[-74.46384,41.13923],[-74.46954,41.13768],[-74.47236,41.13562],[-74.47344,41.13364],[-74.47479,41.13423],[-74.47609,41.13099],[-74.47798,41.13064],[-74.482,41.12774],[-74.48769,41.12922],[-74.49024,41.13509],[-74.49371,41.13856],[-74.49327,41.1445],[-74.49541,41.14525],[-74.49621,41.14714],[-74.4936,41.15462],[-74.49277,41.16281],[-74.49207,41.16666]]]}},{"type":"Feature","properties":{"zcta":"08904","d":4135},"geometry":{"type":"Polygon","coordinates":[[[-74.42536,40.50537],[-74.41915,40.5068],[-74.41624,40.50616],[-74.4119,40.5065],[-74.41089,40.5011],[-74.41344,40.50126],[-74.41571,40.49274],[-74.42093,40.48891],[-74.4242,40.48822],[-74.42956,40.48821],[-74.43418,40.49074],[-74.43686,40.49762],[-74.44139,40.50272],[-74.44627,40.50568],[-74.44014,40.51511],[-74.43294,40.51052],[-74.42536,40.50537]]]}},{"type":"Feature","properties":{"zcta":"07202","d":9123},"geometry":{"type":"Polygon","coordinates":[[[-74.21869,40.66696],[-74.21726,40.66644],[-74.21632,40.66527],[-74.21675,40.66171],[-74.21157,40.66109],[-74.2091,40.65969],[-74.20944,40.65803],[-74.20618,40.65956],[-74.203,40.65884],[-74.20217,40.65763],[-74.20023,40.65387],[-74.20972,40.65003],[-74.20803,40.64668],[-74.20511,40.64748],[-74.20436,40.64611],[-74.20133,40.64468],[-74.19984,40.64236],[-74.19718,40.64173],[-74.19508,40.64307],[-74.18804,40.64478],[-74.19677,40.63857],[-74.19766,40.63654],[-74.20151,40.63401],[-74.21512,40.64331],[-74.21693,40.6442],[-74.23269,40.65484],[-74.23337,40.65444],[-74.23663,40.65805],[-74.24469,40.66345],[-74.21869,40.66696]]]}},{"type":"Feature","properties":{"zcta":"10519","d":0},"geometry":{"type":"Polygon","coordinates":[[[-73.66062,41.35503],[-73.65903,41.35518],[-73.66149,41.35408],[-73.66276,41.35012],[-73.65901,41.34925],[-73.65952,41.34746],[-73.65814,41.34643],[-73.66093,41.34602],[-73.66046,41.34359],[-73.6559,41.34347],[-73.65754,41.33693],[-73.65885,41.33687],[-73.66046,41.3386],[-73.66188,41.34404],[-73.664,41.34717],[-73.66636,41.34907],[-73.66472,41.35058],[-73.67,41.35405],[-73.66062,41.35503]]]}},{"type":"Feature","properties":{"zcta":"11722","d":2884},"geometry":{"type":"Polygon","coordinates":[[[-73.19709,40.8031],[-73.19403,40.8037],[-73.19334,40.801],[-73.18899,40.80245],[-73.18883,40.80429],[-73.18329,40.80287],[-73.17956,40.80043],[-73.17725,40.79982],[-73.17719,40.79548],[-73.17141,40.7967],[-73.16941,40.79464],[-73.16564,40.79256],[-73.16946,40.78548],[-73.16834,40.78059],[-73.16969,40.77888],[-73.16506,40.77565],[-73.17071,40.77432],[-73.17494,40.77225],[-73.17973,40.77174],[-73.17989,40.77262],[-73.18867,40.77172],[-73.1865,40.75851],[-73.18711,40.7574],[-73.19333,40.75722],[-73.20015,40.75568],[-73.20462,40.7553],[-73.20923,40.75565],[-73.2111,40.76886],[-73.22013,40.78626],[-73.22431,40.79363],[-73.23094,40.80368],[-73.22764,40.80249],[-73.22231,40.80168],[-73.21591,40.80236],[-73.20679,40.80414],[-73.20057,40.80575],[-73.19729,40.80473],[-73.19709,40.8031]]]}},{"type":"Feature","properties":{"zcta":"11050","d":1518},"geometry":{"type":"Polygon","coordinates":[[[-73.65253,40.82873],[-73.6522,40.82801],[-73.65057,40.8252],[-73.64967,40.8214],[-73.65001,40.81582],[-73.65042,40.81145],[-73.65164,40.80772],[-73.65423,40.80511],[-73.6575,40.80615],[-73.66657,40.80345],[-73.66842,40.8048],[-73.67127,40.80799],[-73.67614,40.80978],[-73.68008,40.81386],[-73.67982,40.8173],[-73.68773,40.81644],[-73.69304,40.81425],[-73.69477,40.8124],[-73.69652,40.81835],[-73.69811,40.82084],[-73.70454,40.81921],[-73.70564,40.82256],[-73.70282,40.8322],[-73.70011,40.83351],[-73.70275,40.83642],[-73.70455,40.83653],[-73.70833,40.83357],[-73.71061,40.83485],[-73.71272,40.83883],[-73.72195,40.83713],[-73.72544,40.8393],[-73.72773,40.83851],[-73.7268,40.83345],[-73.72846,40.83299],[-73.72989,40.83587],[-73.73036,40.84234],[-73.73757,40.84841],[-73.73711,40.84975],[-73.72795,40.85289],[-73.72667,40.8568],[-73.73068,40.8654],[-73.72957,40.8665],[-73.72173,40.86548],[-73.71749,40.86877],[-73.71405,40.86999],[-73.67669,40.85724],[-73.67606,40.85454],[-73.66048,40.83461],[-73.65436,40.82886],[-73.6526,40.82885],[-73.65253,40.82873]]]}},{"type":"Feature","properties":{"zcta":"11977","d":255},"geometry":{"type":"Polygon","coordinates":[[[-72.68293,40.85661],[-72.67452,40.8594],[-72.6738,40.82797],[-72.65098,40.83028],[-72.65318,40.82873],[-72.65373,40.82696],[-72.65206,40.82645],[-72.65215,40.82307],[-72.6539,40.82127],[-72.65211,40.8205],[-72.65367,40.81933],[-72.65676,40.81501],[-72.65622,40.81377],[-72.65783,40.80925],[-72.66101,40.80499],[-72.66399,40.80509],[-72.66427,40.80754],[-72.66574,40.80835],[-72.66935,40.80264],[-72.67332,40.80317],[-72.67593,40.80075],[-72.68333,40.80266],[-72.68536,40.80375],[-72.68694,40.80306],[-72.69123,40.80401],[-72.6907,40.80836],[-72.69097,40.81832],[-72.69104,40.82124],[-72.69224,40.82739],[-72.69331,40.82755],[-72.69353,40.83879],[-72.69648,40.83879],[-72.69624,40.82796],[-72.70658,40.8305],[-72.7081,40.83124],[-72.70546,40.83602],[-72.69827,40.84623],[-72.69668,40.8477],[-72.69683,40.85294],[-72.68293,40.85661]]]}},{"type":"Feature","properties":{"zcta":"10553","d":8460},"geometry":{"type":"Polygon","coordinates":[[[-73.82526,40.91846],[-73.81667,40.91707],[-73.81992,40.91216],[-73.81393,40.91114],[-73.81342,40.90781],[-73.81396,40.90466],[-73.81536,40.90256],[-73.81999,40.90155],[-73.82776,40.90051],[-73.82924,40.90295],[-73.82995,40.9068],[-73.82761,40.90731],[-73.82826,40.9107],[-73.82522,40.9121],[-73.82671,40.91504],[-73.8251,40.91581],[-73.82513,40.91776],[-73.82526,40.91846]],[[-73.82565,40.90593],[-73.82757,40.90563],[-73.82712,40.90399],[-73.82565,40.90593]]]}},{"type":"Feature","properties":{"zcta":"11010","d":5492},"geometry":{"type":"Polygon","coordinates":[[[-73.68507,40.6987],[-73.68516,40.70235],[-73.68421,40.70628],[-73.6859,40.70842],[-73.68587,40.71338],[-73.68475,40.71498],[-73.68291,40.71655],[-73.6711,40.71661],[-73.67075,40.71765],[-73.66596,40.7172],[-73.66569,40.71078],[-73.66344,40.71043],[-73.66303,40.70658],[-73.66124,40.70634],[-73.66103,40.70273],[-73.66598,40.69845],[-73.66767,40.6918],[-73.66809,40.68574],[-73.6676,40.68298],[-73.67979,40.68356],[-73.68583,40.68343],[-73.68454,40.68724],[-73.68618,40.68815],[-73.68366,40.69306],[-73.687,40.69423],[-73.68507,40.6987]]]}},{"type":"Feature","properties":{"zcta":"11694","d":6542},"geometry":{"type":"Polygon","coordinates":[[[-73.87634,40.56935],[-73.86288,40.57606],[-73.85305,40.58126],[-73.85044,40.58213],[-73.84615,40.58175],[-73.83935,40.58186],[-73.82852,40.58485],[-73.82525,40.5869],[-73.82146,40.58677],[-73.81913,40.58805],[-73.81981,40.58495],[-73.81817,40.58307],[-73.81552,40.58236],[-73.83449,40.57742],[-73.87944,40.56194],[-73.88306,40.56824],[-73.87634,40.56935]]]}},{"type":"Feature","properties":{"zcta":"11238","d":29015},"geometry":{"type":"Polygon","coordinates":[[[-73.97105,40.67524],[-73.97276,40.67759],[-73.97064,40.68241],[-73.97232,40.68277],[-73.97269,40.68742],[-73.97214,40.68958],[-73.97076,40.68764],[-73.96419,40.6884],[-73.96437,40.68943],[-73.95714,40.68996],[-73.95679,40.68887],[-73.95699,40.68773],[-73.95518,40.67843],[-73.95797,40.67066],[-73.96134,40.67135],[-73.96219,40.66964],[-73.96096,40.66329],[-73.96289,40.6638],[-73.96502,40.66217],[-73.96374,40.65987],[-73.96281,40.6605],[-73.9619,40.65487],[-73.96621,40.65319],[-73.96465,40.65089],[-73.96703,40.64995],[-73.9714,40.64826],[-73.97448,40.65834],[-73.97516,40.65872],[-73.98006,40.66079],[-73.97132,40.67125],[-73.97137,40.67345],[-73.97105,40.67524]]]}},{"type":"Feature","properties":{"zcta":"11542","d":2204},"geometry":{"type":"Polygon","coordinates":[[[-73.61808,40.89609],[-73.61804,40.89022],[-73.61968,40.89056],[-73.61616,40.88026],[-73.61412,40.87673],[-73.61414,40.87432],[-73.6123,40.87378],[-73.59886,40.86799],[-73.60022,40.86574],[-73.59724,40.86581],[-73.59543,40.85847],[-73.5926,40.85685],[-73.5924,40.85594],[-73.59861,40.85504],[-73.60113,40.85603],[-73.60041,40.85347],[-73.60857,40.85319],[-73.62012,40.85191],[-73.62547,40.8481],[-73.63139,40.84643],[-73.63571,40.84608],[-73.6345,40.8535],[-73.63947,40.853],[-73.64221,40.85207],[-73.64386,40.85321],[-73.64723,40.85268],[-73.64861,40.85346],[-73.64824,40.85606],[-73.65257,40.85833],[-73.65297,40.86188],[-73.65578,40.86494],[-73.65437,40.8782],[-73.64742,40.88409],[-73.64107,40.8926],[-73.64046,40.89402],[-73.63377,40.8982],[-73.63313,40.90269],[-73.62697,40.8994],[-73.62102,40.89845],[-73.61808,40.89609]]]}},{"type":"Feature","properties":{"zcta":"11369","d":17101},"geometry":{"type":"Polygon","coordinates":[[[-73.88432,40.76798],[-73.87788,40.77115],[-73.8726,40.77183],[-73.86957,40.77109],[-73.86598,40.76886],[-73.86094,40.76373],[-73.85976,40.76184],[-73.85464,40.75847],[-73.85889,40.7579],[-73.87222,40.75694],[-73.88219,40.75631],[-73.88343,40.7634],[-73.88427,40.76517],[-73.88241,40.76536],[-73.88277,40.76731],[-73.88773,40.76691],[-73.88432,40.76798]]]}},{"type":"Feature","properties":{"zcta":"10455","d":26087},"geometry":{"type":"Polygon","coordinates":[[[-73.91061,40.81922],[-73.90531,40.81793],[-73.90344,40.81897],[-73.90299,40.82003],[-73.89543,40.81585],[-73.89796,40.81297],[-73.90299,40.80936],[-73.90496,40.80853],[-73.91037,40.80965],[-73.91069,40.80881],[-73.91518,40.81043],[-73.91447,40.81165],[-73.92091,40.81433],[-73.92035,40.81463],[-73.91742,40.82128],[-73.91216,40.81979],[-73.91125,40.82012],[-73.91061,40.81922]]]}},{"type":"Feature","properties":{"zcta":"07675","d":1406},"geometry":{"type":"Polygon","coordinates":[[[-74.03896,40.99914],[-74.03653,40.99865],[-74.03101,41.00006],[-74.02888,40.99844],[-74.03046,40.99705],[-74.02946,40.99426],[-74.02571,40.99664],[-74.02236,41.00021],[-74.02012,41.00057],[-74.02072,41.00866],[-74.02165,41.01115],[-74.01938,41.01583],[-74.01953,41.01996],[-74.0191,41.02308],[-74.01988,41.02504],[-74.02151,41.02483],[-74.02103,41.02749],[-74.02192,41.03129],[-74.01981,41.03345],[-74.02023,41.03541],[-74.02196,41.03524],[-74.02164,41.0375],[-74.01242,41.0386],[-74.0127,41.04653],[-73.99982,41.04081],[-73.96706,41.02621],[-73.95891,41.02255],[-73.96574,41.01153],[-73.96874,41.00681],[-73.98006,41.00513],[-73.98378,41.00172],[-73.98575,40.99909],[-73.98782,40.99471],[-73.9877,40.99166],[-73.99044,40.98859],[-73.99373,40.98887],[-73.99556,40.98707],[-73.99788,40.98736],[-73.99531,40.98503],[-73.99644,40.98115],[-73.99783,40.98154],[-74.00348,40.98269],[-74.00438,40.98704],[-74.00597,40.98333],[-74.00934,40.97865],[-74.0119,40.98015],[-74.01689,40.98132],[-74.03564,40.9842],[-74.03973,40.97913],[-74.04271,40.97347],[-74.05566,40.97638],[-74.05402,40.97733],[-74.04958,40.97562],[-74.04911,40.98277],[-74.04676,40.99225],[-74.04634,40.99851],[-74.03896,40.99914]]]}},{"type":"Feature","properties":{"zcta":"07606","d":2214},"geometry":{"type":"MultiPolygon","coordinates":[[[[-74.03536,40.82862],[-74.03471,40.82494],[-74.03553,40.82482],[-74.05307,40.83365],[-74.03991,40.83054],[-74.03536,40.82862]]],[[[-74.05563,40.87405],[-74.05095,40.87291],[-74.0486,40.87316],[-74.03827,40.85888],[-74.04392,40.85912],[-74.04472,40.85376],[-74.05172,40.85761],[-74.04883,40.86236],[-74.049,40.8659],[-74.05433,40.86814],[-74.05828,40.87069],[-74.05563,40.87405]]],[[[-74.09392,40.8651],[-74.09785,40.86146],[-74.10158,40.86379],[-74.09992,40.86565],[-74.09778,40.86531],[-74.09724,40.86725],[-74.09392,40.8651]]]]}},{"type":"Feature","properties":{"zcta":"11787","d":1202},"geometry":{"type":"Polygon","coordinates":[[[-73.24646,40.866],[-73.23891,40.86666],[-73.23685,40.86522],[-73.23512,40.86636],[-73.23485,40.8716],[-73.22678,40.87516],[-73.21993,40.87461],[-73.21954,40.87812],[-73.2207,40.88205],[-73.2203,40.885],[-73.22175,40.89026],[-73.2163,40.89102],[-73.21418,40.89185],[-73.20872,40.89874],[-73.20364,40.89773],[-73.20277,40.89571],[-73.201,40.89554],[-73.19907,40.89178],[-73.19578,40.8872],[-73.19357,40.88226],[-73.19337,40.87514],[-73.19223,40.87263],[-73.1933,40.87089],[-73.18846,40.86772],[-73.18852,40.86582],[-73.18634,40.86685],[-73.18431,40.86386],[-73.17084,40.87384],[-73.16851,40.87346],[-73.16689,40.86519],[-73.16993,40.86383],[-73.16926,40.86042],[-73.16785,40.86057],[-73.16716,40.857],[-73.16514,40.85773],[-73.16243,40.85119],[-73.15903,40.85179],[-73.15886,40.85082],[-73.16221,40.85045],[-73.1632,40.84841],[-73.16454,40.8389],[-73.16588,40.83962],[-73.1671,40.83573],[-73.16381,40.83704],[-73.1644,40.83008],[-73.16812,40.8296],[-73.16759,40.82772],[-73.17527,40.82712],[-73.17422,40.83711],[-73.18312,40.83621],[-73.18457,40.83669],[-73.18755,40.83488],[-73.19826,40.8303],[-73.20852,40.82557],[-73.21098,40.82501],[-73.22531,40.82429],[-73.22814,40.82439],[-73.23936,40.82607],[-73.25467,40.83095],[-73.25901,40.83243],[-73.25939,40.83587],[-73.25818,40.84276],[-73.25984,40.84293],[-73.26017,40.84606],[-73.25828,40.84744],[-73.25934,40.85514],[-73.25319,40.85616],[-73.24895,40.85735],[-73.24725,40.85972],[-73.24327,40.8601],[-73.24622,40.86135],[-73.24861,40.86639],[-73.24646,40.866]]]}},{"type":"Feature","properties":{"zcta":"10504","d":239},"geometry":{"type":"Polygon","coordinates":[[[-73.74561,41.12777],[-73.74562,41.12962],[-73.74633,41.13659],[-73.74464,41.13878],[-73.74564,41.14025],[-73.74465,41.14177],[-73.74484,41.1449],[-73.74595,41.14779],[-73.74179,41.15037],[-73.73969,41.14894],[-73.74073,41.14723],[-73.73788,41.147],[-73.7378,41.14471],[-73.72919,41.14968],[-73.70911,41.1627],[-73.70351,41.16565],[-73.68655,41.17015],[-73.66269,41.17626],[-73.65991,41.17582],[-73.66185,41.17295],[-73.66167,41.17114],[-73.66394,41.16627],[-73.66655,41.16342],[-73.66841,41.16309],[-73.66836,41.16139],[-73.66306,41.16093],[-73.66231,41.15863],[-73.66315,41.15531],[-73.66527,41.15428],[-73.66521,41.15262],[-73.6631,41.15157],[-73.6637,41.14966],[-73.65694,41.14903],[-73.65639,41.15028],[-73.6502,41.14977],[-73.64856,41.14358],[-73.64854,41.14116],[-73.64406,41.13946],[-73.72777,41.1007],[-73.72258,41.0936],[-73.71546,41.08582],[-73.71606,41.08512],[-73.71752,41.07527],[-73.71707,41.07233],[-73.72136,41.07205],[-73.72059,41.07492],[-73.72082,41.079],[-73.72505,41.07914],[-73.72628,41.07593],[-73.72794,41.07494],[-73.7318,41.07624],[-73.7343,41.0751],[-73.73852,41.07888],[-73.74425,41.07783],[-73.74701,41.07955],[-73.74703,41.0836],[-73.74429,41.08986],[-73.74687,41.09172],[-73.75381,41.09486],[-73.75113,41.10082],[-73.74892,41.1109],[-73.7474,41.11308],[-73.74105,41.11532],[-73.73975,41.11734],[-73.74021,41.12105],[-73.74323,41.1244],[-73.74561,41.12777]],[[-73.66687,41.16807],[-73.6659,41.16947],[-73.66641,41.17177],[-73.66972,41.17296],[-73.66968,41.16777],[-73.66687,41.16807]]]}},{"type":"Feature","properties":{"zcta":"11790","d":980},"geometry":{"type":"Polygon","coordinates":[[[-73.14708,40.92872],[-73.14472,40.94492],[-73.14134,40.94565],[-73.13742,40.94771],[-73.13638,40.94397],[-73.13476,40.94402],[-73.13321,40.94228],[-73.12954,40.94225],[-73.13008,40.93883],[-73.12921,40.93747],[-73.12897,40.93195],[-73.12295,40.9295],[-73.12447,40.92461],[-73.11996,40.9263],[-73.11883,40.9234],[-73.11345,40.92226],[-73.10914,40.92008],[-73.10668,40.91648],[-73.10897,40.91761],[-73.11119,40.91303],[-73.11349,40.91357],[-73.11193,40.90848],[-73.1076,40.90787],[-73.10724,40.90603],[-73.11085,40.9059],[-73.11174,40.90466],[-73.11635,40.90389],[-73.11511,40.90167],[-73.1117,40.89233],[-73.10918,40.89302],[-73.11099,40.8982],[-73.11427,40.90317],[-73.10165,40.90432],[-73.10337,40.9021],[-73.10227,40.90048],[-73.09864,40.9011],[-73.09649,40.89683],[-73.09825,40.89428],[-73.09941,40.89017],[-73.10035,40.88945],[-73.10988,40.88773],[-73.10664,40.88319],[-73.12378,40.87324],[-73.13123,40.86924],[-73.1327,40.87276],[-73.13622,40.88625],[-73.13884,40.89461],[-73.14248,40.90856],[-73.14869,40.90614],[-73.15279,40.91227],[-73.15137,40.91258],[-73.1537,40.91573],[-73.14953,40.91853],[-73.15208,40.91791],[-73.15085,40.92327],[-73.14831,40.92858],[-73.14708,40.92872]],[[-73.12865,40.91353],[-73.12739,40.9165],[-73.12594,40.91699],[-73.12131,40.91643],[-73.12092,40.92078],[-73.11762,40.92022],[-73.11803,40.92136],[-73.12256,40.9243],[-73.12737,40.92105],[-73.12939,40.91829],[-73.13017,40.91424],[-73.1323,40.91453],[-73.13043,40.91268],[-73.12865,40.91353]]]}},{"type":"Feature","properties":{"zcta":"07480","d":239},"geometry":{"type":"Polygon","coordinates":[[[-74.41401,41.12434],[-74.4128,41.12176],[-74.41439,41.11885],[-74.41256,41.11684],[-74.41296,41.11469],[-74.3793,41.1461],[-74.37718,41.15209],[-74.36197,41.15108],[-74.36317,41.15581],[-74.36169,41.15343],[-74.359,41.15257],[-74.35671,41.15465],[-74.35662,41.15263],[-74.35224,41.15072],[-74.34947,41.15275],[-74.34717,41.15091],[-74.3468,41.14568],[-74.34923,41.14224],[-74.34507,41.13822],[-74.34158,41.13713],[-74.3386,41.13743],[-74.3363,41.13582],[-74.33375,41.13582],[-74.32557,41.13469],[-74.32631,41.13322],[-74.32506,41.12887],[-74.32696,41.12332],[-74.32666,41.12018],[-74.3274,41.11519],[-74.32662,41.11273],[-74.33861,41.11527],[-74.33962,41.114],[-74.33415,41.11236],[-74.33617,41.10803],[-74.33404,41.10776],[-74.33157,41.10494],[-74.32785,41.10272],[-74.32337,41.10193],[-74.3464,41.06096],[-74.35182,41.04562],[-74.36283,41.01313],[-74.36426,41.01094],[-74.36785,41.01194],[-74.37127,41.01132],[-74.37638,41.01362],[-74.38192,41.01406],[-74.38629,41.01169],[-74.38906,41.01218],[-74.39153,41.016],[-74.40001,41.01748],[-74.40261,41.01924],[-74.40408,41.02225],[-74.40685,41.02429],[-74.40889,41.0282],[-74.40863,41.03194],[-74.40597,41.03798],[-74.40678,41.04457],[-74.40639,41.04802],[-74.40295,41.05091],[-74.39785,41.05769],[-74.39745,41.05997],[-74.39457,41.05991],[-74.39452,41.06202],[-74.39303,41.06403],[-74.39435,41.06978],[-74.40007,41.07087],[-74.40219,41.07414],[-74.40223,41.07679],[-74.4048,41.0785],[-74.40356,41.08198],[-74.40448,41.08427],[-74.40719,41.08475],[-74.41027,41.08319],[-74.41591,41.08861],[-74.4219,41.08139],[-74.42755,41.0736],[-74.428,41.07221],[-74.43288,41.07404],[-74.43877,41.07471],[-74.44092,41.07438],[-74.44543,41.07524],[-74.44426,41.07962],[-74.44807,41.07897],[-74.44969,41.08041],[-74.44531,41.08523],[-74.44376,41.08785],[-74.44155,41.08964],[-74.43964,41.09373],[-74.4423,41.09751],[-74.43629,41.1041],[-74.43246,41.10931],[-74.43134,41.11251],[-74.42704,41.11615],[-74.42421,41.12102],[-74.42003,41.12479],[-74.41765,41.12602],[-74.41401,41.12434]]]}},{"type":"Feature","properties":{"zcta":"07044","d":2579},"geometry":{"type":"Polygon","coordinates":[[[-74.25778,40.83713],[-74.25686,40.84049],[-74.25439,40.84418],[-74.2516,40.84962],[-74.2334,40.84439],[-74.23676,40.83596],[-74.22738,40.83332],[-74.22707,40.83619],[-74.22043,40.83418],[-74.22221,40.83088],[-74.22879,40.82566],[-74.22793,40.82494],[-74.22959,40.82161],[-74.22913,40.81994],[-74.23229,40.81433],[-74.25087,40.82434],[-74.26476,40.82507],[-74.25928,40.83483],[-74.2598,40.83488],[-74.25778,40.83713]]]}},{"type":"Feature","properties":{"zcta":"07727","d":192},"geometry":{"type":"MultiPolygon","coordinates":[[[[-74.13258,40.16878],[-74.12827,40.17009],[-74.12254,40.17043],[-74.11611,40.16991],[-74.10659,40.17013],[-74.10504,40.16725],[-74.10425,40.16262],[-74.10556,40.16011],[-74.10961,40.15978],[-74.11096,40.15621],[-74.10727,40.15633],[-74.10772,40.15184],[-74.10638,40.15122],[-74.10649,40.14909],[-74.11328,40.1378],[-74.11718,40.13995],[-74.11597,40.14238],[-74.11877,40.1445],[-74.11854,40.14575],[-74.12282,40.1465],[-74.12204,40.14797],[-74.12732,40.15064],[-74.12641,40.15404],[-74.13026,40.15433],[-74.13409,40.15329],[-74.13457,40.15392],[-74.14029,40.15536],[-74.14159,40.15644],[-74.14142,40.16443],[-74.13258,40.16878]]],[[[-74.23873,40.21135],[-74.2366,40.20846],[-74.23711,40.20505],[-74.23495,40.20411],[-74.23229,40.20528],[-74.22727,40.20519],[-74.22308,40.20256],[-74.22084,40.20246],[-74.21788,40.20051],[-74.21506,40.20244],[-74.21229,40.20125],[-74.21401,40.20371],[-74.21419,40.20612],[-74.21276,40.20763],[-74.21417,40.20855],[-74.21406,40.21132],[-74.21737,40.21181],[-74.21688,40.21315],[-74.2096,40.21202],[-74.20924,40.21331],[-74.21738,40.21455],[-74.21774,40.21621],[-74.20484,40.21556],[-74.20471,40.21249],[-74.20303,40.21156],[-74.19894,40.2117],[-74.19961,40.21454],[-74.1899,40.20997],[-74.19124,40.21292],[-74.19027,40.2148],[-74.18682,40.21551],[-74.18691,40.22102],[-74.1887,40.22312],[-74.18762,40.22349],[-74.18788,40.22614],[-74.19445,40.22725],[-74.20035,40.23047],[-74.20219,40.23339],[-74.20101,40.24084],[-74.2036,40.24376],[-74.21013,40.24664],[-74.21269,40.24914],[-74.21333,40.25326],[-74.21068,40.25332],[-74.20327,40.25599],[-74.19638,40.25702],[-74.19457,40.25204],[-74.19219,40.24926],[-74.18887,40.24973],[-74.18375,40.2451],[-74.18383,40.24207],[-74.18088,40.24117],[-74.17101,40.24374],[-74.17092,40.23742],[-74.16761,40.23749],[-74.16636,40.23089],[-74.16446,40.22826],[-74.15435,40.22888],[-74.15372,40.23155],[-74.14803,40.23207],[-74.14083,40.22907],[-74.13985,40.22762],[-74.13927,40.25107],[-74.11998,40.24903],[-74.1134,40.25144],[-74.11127,40.2476],[-74.10798,40.24726],[-74.10247,40.2443],[-74.11834,40.22381],[-74.12255,40.22117],[-74.12084,40.21892],[-74.12216,40.21741],[-74.12487,40.21678],[-74.12603,40.2126],[-74.11822,40.19451],[-74.10965,40.19111],[-74.10541,40.18551],[-74.10654,40.18438],[-74.10662,40.17968],[-74.10381,40.17933],[-74.10394,40.17817],[-74.12164,40.17942],[-74.14103,40.18005],[-74.14142,40.16443],[-74.15176,40.16616],[-74.15381,40.16712],[-74.15461,40.16376],[-74.16644,40.16484],[-74.17105,40.16728],[-74.16545,40.16835],[-74.16648,40.16915],[-74.16567,40.17159],[-74.16802,40.17189],[-74.17042,40.17357],[-74.17311,40.17848],[-74.17655,40.17933],[-74.18453,40.18028],[-74.18894,40.17967],[-74.19035,40.18375],[-74.19621,40.18555],[-74.20213,40.18488],[-74.20857,40.18484],[-74.21744,40.18549],[-74.22283,40.18722],[-74.2234,40.19053],[-74.23523,40.20129],[-74.24012,40.20185],[-74.23903,40.20509],[-74.23873,40.21135]]]]}},{"type":"Feature","properties":{"zcta":"07083","d":3482},"geometry":{"type":"Polygon","coordinates":[[[-74.29724,40.71553],[-74.29328,40.71696],[-74.28423,40.71842],[-74.28171,40.71445],[-74.27468,40.71378],[-74.27607,40.71624],[-74.27365,40.71858],[-74.25602,40.71342],[-74.24439,40.71129],[-74.24703,40.70725],[-74.24701,40.70423],[-74.24901,40.70112],[-74.24784,40.6984],[-74.24592,40.69691],[-74.2399,40.69572],[-74.23791,40.69083],[-74.237,40.6863],[-74.23236,40.68602],[-74.22929,40.68469],[-74.2294,40.68345],[-74.22562,40.67953],[-74.22625,40.677],[-74.2224,40.67513],[-74.2299,40.67378],[-74.23102,40.67167],[-74.23669,40.67602],[-74.23795,40.67378],[-74.24132,40.67238],[-74.24619,40.67323],[-74.25422,40.67016],[-74.25931,40.67269],[-74.27131,40.67088],[-74.27417,40.67332],[-74.26919,40.67812],[-74.27238,40.67937],[-74.27121,40.68028],[-74.27723,40.68598],[-74.27444,40.68663],[-74.2762,40.68898],[-74.2736,40.69061],[-74.27819,40.6904],[-74.27794,40.68841],[-74.27975,40.68659],[-74.28446,40.68596],[-74.28535,40.68803],[-74.28861,40.68637],[-74.29157,40.68582],[-74.29268,40.69023],[-74.29449,40.69005],[-74.29474,40.68797],[-74.29873,40.6875],[-74.29839,40.68474],[-74.30516,40.68439],[-74.30524,40.68139],[-74.3068,40.68061],[-74.30837,40.68093],[-74.30754,40.68272],[-74.31066,40.68383],[-74.31229,40.68958],[-74.30893,40.69076],[-74.30652,40.69358],[-74.30786,40.69596],[-74.30698,40.69882],[-74.31106,40.70117],[-74.3072,40.70351],[-74.30105,40.7048],[-74.30187,40.70791],[-74.29708,40.71019],[-74.29603,40.71239],[-74.29721,40.71519],[-74.29724,40.71553]]]}},{"type":"Feature","properties":{"zcta":"08733","d":376},"geometry":{"type":"Polygon","coordinates":[[[-74.31735,40.03646],[-74.30647,40.03273],[-74.30813,40.02618],[-74.31008,40.01646],[-74.31552,40.01874],[-74.3181,40.01864],[-74.30417,40.01241],[-74.30127,40.00913],[-74.30305,40.00869],[-74.30896,40.00935],[-74.31165,40.01041],[-74.31549,40.01014],[-74.32378,40.0049],[-74.32573,40.00417],[-74.33048,40.00743],[-74.33018,40.00849],[-74.33177,40.02094],[-74.32669,40.02154],[-74.32695,40.02268],[-74.33342,40.0214],[-74.34638,40.02447],[-74.35462,40.02402],[-74.41888,40.00105],[-74.4234,39.99922],[-74.43483,40.03228],[-74.43655,40.03445],[-74.43493,40.03397],[-74.42954,40.03468],[-74.38208,40.03962],[-74.37872,40.04021],[-74.37463,40.04226],[-74.36284,40.04577],[-74.36153,40.04711],[-74.35469,40.04683],[-74.35299,40.04761],[-74.3484,40.04708],[-74.3457,40.04595],[-74.33846,40.04642],[-74.33089,40.04492],[-74.32439,40.04092],[-74.32239,40.04172],[-74.32066,40.03804],[-74.31778,40.03707],[-74.31735,40.03646]]]}},{"type":"Feature","properties":{"zcta":"08536","d":1297},"geometry":{"type":"Polygon","coordinates":[[[-74.58063,40.35773],[-74.57792,40.36066],[-74.57328,40.36337],[-74.5659,40.36184],[-74.56068,40.35877],[-74.56446,40.35416],[-74.56895,40.35252],[-74.57256,40.35025],[-74.57906,40.34947],[-74.58306,40.34755],[-74.57963,40.3463],[-74.574,40.34524],[-74.57012,40.34525],[-74.56293,40.34675],[-74.55764,40.34683],[-74.55962,40.34521],[-74.56793,40.33666],[-74.55761,40.33681],[-74.54846,40.33639],[-74.54614,40.32932],[-74.55113,40.32489],[-74.55563,40.32251],[-74.55926,40.32163],[-74.561,40.32461],[-74.56497,40.32421],[-74.5663,40.31137],[-74.57896,40.31265],[-74.58742,40.31409],[-74.58907,40.31381],[-74.59415,40.31597],[-74.59776,40.31456],[-74.59968,40.3152],[-74.60199,40.31803],[-74.60332,40.3214],[-74.60654,40.32112],[-74.61585,40.32494],[-74.62023,40.32425],[-74.62246,40.3248],[-74.62234,40.32816],[-74.62447,40.32884],[-74.6231,40.33176],[-74.62327,40.33443],[-74.62923,40.33869],[-74.62264,40.34404],[-74.61792,40.34095],[-74.6107,40.33956],[-74.60432,40.34102],[-74.59817,40.33998],[-74.59423,40.34191],[-74.59348,40.34317],[-74.59367,40.35178],[-74.59435,40.35314],[-74.58926,40.35315],[-74.58934,40.35809],[-74.58063,40.35773]]]}},{"type":"Feature","properties":{"zcta":"07876","d":937},"geometry":{"type":"Polygon","coordinates":[[[-74.6471,40.87341],[-74.64509,40.87325],[-74.64269,40.87587],[-74.63645,40.87704],[-74.63673,40.87344],[-74.63209,40.87201],[-74.63095,40.8744],[-74.62692,40.87375],[-74.62314,40.87092],[-74.6214,40.86857],[-74.62364,40.86683],[-74.6236,40.86588],[-74.63183,40.85716],[-74.6341,40.85063],[-74.63895,40.84636],[-74.64192,40.8414],[-74.64485,40.83976],[-74.64595,40.83721],[-74.65143,40.84009],[-74.65341,40.84112],[-74.68118,40.8262],[-74.68523,40.84017],[-74.68746,40.84559],[-74.68335,40.84656],[-74.68337,40.84781],[-74.68046,40.85017],[-74.68433,40.85237],[-74.68884,40.84993],[-74.69094,40.85455],[-74.68597,40.85658],[-74.68674,40.85518],[-74.68366,40.85271],[-74.6626,40.86463],[-74.6471,40.87341]]]}},{"type":"Feature","properties":{"zcta":"07735","d":1927},"geometry":{"type":"Polygon","coordinates":[[[-74.23141,40.4524],[-74.22429,40.45252],[-74.20979,40.44741],[-74.20591,40.43929],[-74.20239,40.43937],[-74.19391,40.441],[-74.19131,40.44299],[-74.18779,40.44741],[-74.18556,40.45292],[-74.18067,40.45798],[-74.17789,40.458],[-74.17087,40.45201],[-74.16505,40.44826],[-74.16218,40.44853],[-74.1583,40.44666],[-74.15791,40.44571],[-74.1616,40.44326],[-74.15552,40.44385],[-74.15581,40.43847],[-74.17354,40.43739],[-74.17972,40.43906],[-74.18034,40.438],[-74.18822,40.43933],[-74.19102,40.43661],[-74.18968,40.43622],[-74.18857,40.43284],[-74.19041,40.43154],[-74.19344,40.42687],[-74.19387,40.42464],[-74.20155,40.42341],[-74.21185,40.42261],[-74.21703,40.4334],[-74.22141,40.42963],[-74.22339,40.42597],[-74.22648,40.42722],[-74.23,40.42769],[-74.23037,40.42986],[-74.22876,40.43383],[-74.22294,40.43435],[-74.22063,40.43544],[-74.22975,40.44297],[-74.23416,40.4405],[-74.23534,40.4416],[-74.23434,40.44381],[-74.23641,40.44344],[-74.24043,40.43907],[-74.24264,40.44163],[-74.2466,40.44624],[-74.24484,40.45],[-74.24164,40.45268],[-74.23947,40.45334],[-74.23973,40.45584],[-74.23712,40.45534],[-74.23696,40.45737],[-74.23141,40.4524]]]}},{"type":"Feature","properties":{"zcta":"07105","d":4312},"geometry":{"type":"Polygon","coordinates":[[[-74.15998,40.73449],[-74.15528,40.73354],[-74.14719,40.7344],[-74.14492,40.73621],[-74.14269,40.7393],[-74.1368,40.74146],[-74.12279,40.7421],[-74.1176,40.73964],[-74.11699,40.73713],[-74.12139,40.721],[-74.12057,40.71713],[-74.12319,40.71222],[-74.12066,40.70448],[-74.12317,40.70077],[-74.12858,40.70392],[-74.13269,40.70706],[-74.13786,40.70937],[-74.14576,40.71138],[-74.15212,40.70666],[-74.1489,40.7102],[-74.15567,40.71296],[-74.1584,40.71194],[-74.15569,40.71662],[-74.15906,40.71737],[-74.16562,40.7165],[-74.16395,40.71945],[-74.16678,40.72127],[-74.172,40.72258],[-74.17489,40.72392],[-74.16582,40.73317],[-74.16196,40.73601],[-74.15998,40.73449]]]}},{"type":"Feature","properties":{"zcta":"07932","d":920},"geometry":{"type":"Polygon","coordinates":[[[-74.38922,40.79404],[-74.39193,40.79803],[-74.36532,40.7955],[-74.36706,40.79329],[-74.36621,40.79061],[-74.36692,40.78907],[-74.36686,40.78039],[-74.37273,40.77606],[-74.37107,40.77493],[-74.36955,40.77139],[-74.37187,40.76779],[-74.37002,40.76675],[-74.37065,40.7643],[-74.37623,40.76275],[-74.37733,40.76123],[-74.37506,40.75986],[-74.37457,40.758],[-74.3724,40.75945],[-74.3702,40.75952],[-74.36714,40.76111],[-74.36789,40.75849],[-74.36508,40.75802],[-74.36173,40.75594],[-74.35789,40.75624],[-74.35755,40.75479],[-74.35944,40.75127],[-74.36488,40.74981],[-74.38066,40.75512],[-74.39027,40.75132],[-74.39206,40.75138],[-74.3971,40.75467],[-74.39456,40.75699],[-74.39575,40.75759],[-74.3945,40.75944],[-74.39908,40.76255],[-74.40137,40.76533],[-74.39853,40.7691],[-74.39621,40.76906],[-74.39794,40.77194],[-74.40031,40.77137],[-74.40026,40.77],[-74.4054,40.77069],[-74.40533,40.77283],[-74.41006,40.77748],[-74.41638,40.77739],[-74.41592,40.77306],[-74.41451,40.7719],[-74.41942,40.77255],[-74.42481,40.77207],[-74.42809,40.77598],[-74.42943,40.78061],[-74.43134,40.78499],[-74.43332,40.78786],[-74.43424,40.79114],[-74.41084,40.79265],[-74.38922,40.79404]]]}},{"type":"Feature","properties":{"zcta":"07647","d":1081},"geometry":{"type":"Polygon","coordinates":[[[-73.93907,41.01365],[-73.92178,41.00588],[-73.92542,40.9933],[-73.94495,40.99646],[-73.954,41.0013],[-73.95199,41.00489],[-73.95709,41.01011],[-73.96574,41.01153],[-73.95891,41.02255],[-73.93907,41.01365]]]}},{"type":"Feature","properties":{"zcta":"07446","d":1386},"geometry":{"type":"Polygon","coordinates":[[[-74.11573,41.06819],[-74.12022,41.06968],[-74.12236,41.06101],[-74.12408,41.05994],[-74.12103,41.05899],[-74.11771,41.05302],[-74.12356,41.05528],[-74.12332,41.05274],[-74.12137,41.05201],[-74.12245,41.04837],[-74.11451,41.04553],[-74.11461,41.04346],[-74.12733,41.04872],[-74.12825,41.04682],[-74.13232,41.04847],[-74.13452,41.04627],[-74.13805,41.04593],[-74.13937,41.04328],[-74.14092,41.04378],[-74.14261,41.04103],[-74.14847,41.04288],[-74.15022,41.0404],[-74.16524,41.04349],[-74.16728,41.04608],[-74.1723,41.04721],[-74.17602,41.05053],[-74.17616,41.05181],[-74.17268,41.05469],[-74.17162,41.05685],[-74.17126,41.06426],[-74.16925,41.0636],[-74.1692,41.06508],[-74.16106,41.06645],[-74.15874,41.07371],[-74.15641,41.07627],[-74.13605,41.07816],[-74.13219,41.07762],[-74.12426,41.07486],[-74.12447,41.07401],[-74.11573,41.07274],[-74.11573,41.06819]]]}},{"type":"Feature","properties":{"zcta":"08510","d":131},"geometry":{"type":"Polygon","coordinates":[[[-74.47166,40.20871],[-74.4671,40.20745],[-74.4635,40.20713],[-74.46257,40.20421],[-74.46045,40.20263],[-74.45684,40.20239],[-74.45511,40.2052],[-74.45106,40.20338],[-74.45029,40.20132],[-74.44674,40.20318],[-74.44475,40.20208],[-74.44045,40.20238],[-74.43978,40.20739],[-74.42977,40.20907],[-74.42835,40.20712],[-74.42776,40.20894],[-74.4193,40.21134],[-74.41734,40.21351],[-74.41674,40.21861],[-74.40886,40.21876],[-74.40739,40.21983],[-74.4078,40.22171],[-74.40529,40.22083],[-74.40145,40.22099],[-74.38828,40.21941],[-74.38522,40.21773],[-74.3808,40.21844],[-74.37536,40.21808],[-74.37284,40.21987],[-74.36765,40.22012],[-74.3714,40.22393],[-74.37088,40.22437],[-74.36731,40.22039],[-74.3675,40.21853],[-74.36141,40.21928],[-74.35659,40.21456],[-74.35353,40.2089],[-74.36525,40.20143],[-74.40671,40.1724],[-74.44433,40.14608],[-74.45804,40.13649],[-74.47127,40.18879],[-74.47707,40.21171],[-74.47166,40.20871]]]}},{"type":"Feature","properties":{"zcta":"11516","d":3664},"geometry":{"type":"Polygon","coordinates":[[[-73.73636,40.63236],[-73.73338,40.63387],[-73.73314,40.63785],[-73.7321,40.63954],[-73.72816,40.63235],[-73.72496,40.62973],[-73.71708,40.62473],[-73.71425,40.62683],[-73.71134,40.62362],[-73.71274,40.61975],[-73.71184,40.61881],[-73.71532,40.6181],[-73.7186,40.62163],[-73.72184,40.61896],[-73.72552,40.61717],[-73.72767,40.62106],[-73.73153,40.61832],[-73.73604,40.62547],[-73.73767,40.62948],[-73.7361,40.63015],[-73.73788,40.63272],[-73.73636,40.63236]]]}},{"type":"Feature","properties":{"zcta":"11778","d":956},"geometry":{"type":"Polygon","coordinates":[[[-72.91383,40.96247],[-72.91256,40.95634],[-72.91035,40.9537],[-72.9084,40.94784],[-72.90614,40.93408],[-72.90452,40.92678],[-72.9068,40.92338],[-72.92369,40.91875],[-72.92391,40.91764],[-72.9409,40.91392],[-72.94052,40.9179],[-72.94111,40.92093],[-72.94053,40.93225],[-72.93944,40.93486],[-72.9415,40.94527],[-72.95079,40.94488],[-72.95707,40.94531],[-72.96346,40.94523],[-72.96446,40.9465],[-72.96484,40.95045],[-72.95923,40.95075],[-72.96091,40.95736],[-72.95994,40.96292],[-72.95459,40.96232],[-72.95486,40.96612],[-72.91383,40.96247]]]}},{"type":"Feature","properties":{"zcta":"07677","d":870},"geometry":{"type":"Polygon","coordinates":[[[-74.07252,41.04895],[-74.07298,41.04673],[-74.07101,41.04661],[-74.06992,41.04117],[-74.0637,41.04002],[-74.06471,41.03605],[-74.06424,41.03489],[-74.0593,41.03251],[-74.05599,41.03234],[-74.05445,41.03118],[-74.04909,41.0299],[-74.04628,41.02795],[-74.04013,41.02588],[-74.03665,41.02522],[-74.03513,41.02375],[-74.03289,41.02348],[-74.02656,41.02138],[-74.02641,41.02059],[-74.02551,41.0175],[-74.04145,41.01549],[-74.04247,41.01382],[-74.04563,41.01541],[-74.05401,41.0103],[-74.07604,41.01436],[-74.08141,41.01626],[-74.07956,41.02033],[-74.08272,41.02117],[-74.0812,41.02455],[-74.07805,41.02376],[-74.07486,41.02561],[-74.07511,41.03579],[-74.07458,41.0391],[-74.08423,41.04195],[-74.08171,41.04717],[-74.08446,41.04787],[-74.08322,41.04936],[-74.07975,41.04855],[-74.07252,41.04895]]]}},{"type":"Feature","properties":{"zcta":"10577","d":224},"geometry":{"type":"Polygon","coordinates":[[[-73.69819,41.05452],[-73.69607,41.04932],[-73.69257,41.0464],[-73.69188,41.04157],[-73.69024,41.03976],[-73.69009,41.03543],[-73.68925,41.03441],[-73.68922,41.02718],[-73.6926,41.02448],[-73.6954,41.02342],[-73.69439,41.0202],[-73.69582,41.01908],[-73.69245,41.01685],[-73.69365,41.01262],[-73.69498,41.01118],[-73.69223,41.00684],[-73.69254,41.00473],[-73.69451,41.00457],[-73.70047,41.01089],[-73.7034,41.01259],[-73.70869,41.01391],[-73.71699,41.01402],[-73.71725,41.01402],[-73.71542,41.01858],[-73.71672,41.0217],[-73.72213,41.02462],[-73.72436,41.02764],[-73.72422,41.03018],[-73.73007,41.02599],[-73.74157,41.03056],[-73.74412,41.03085],[-73.74493,41.03364],[-73.74054,41.03888],[-73.73889,41.04211],[-73.73658,41.051],[-73.73228,41.05421],[-73.72843,41.05337],[-73.72878,41.05672],[-73.72628,41.06165],[-73.72056,41.06648],[-73.71937,41.06642],[-73.71902,41.0605],[-73.71636,41.06081],[-73.71448,41.06219],[-73.71203,41.0613],[-73.70713,41.06165],[-73.70501,41.06064],[-73.70611,41.05786],[-73.70307,41.05472],[-73.6997,41.05486],[-73.69819,41.05452]]]}},{"type":"Feature","properties":{"zcta":"11201","d":25963},"geometry":{"type":"Polygon","coordinates":[[[-73.98073,40.70127],[-73.98014,40.69468],[-73.97783,40.69344],[-73.9771,40.68977],[-73.97951,40.68986],[-73.97929,40.68825],[-73.98201,40.68932],[-73.98182,40.68733],[-73.98635,40.68872],[-73.98999,40.68332],[-74.00129,40.68795],[-74.00236,40.68574],[-74.0045,40.6863],[-74.00838,40.68595],[-74.00641,40.6887],[-74.00459,40.68822],[-74.00299,40.69043],[-74.0007,40.69061],[-74.00197,40.69184],[-73.9975,40.69965],[-73.99775,40.70135],[-73.9945,40.70432],[-73.99148,40.70563],[-73.98653,40.70498],[-73.97923,40.70577],[-73.98073,40.70127]]]}},{"type":"Feature","properties":{"zcta":"11550","d":7081},"geometry":{"type":"Polygon","coordinates":[[[-73.63706,40.71399],[-73.63082,40.71702],[-73.61385,40.72107],[-73.60908,40.72072],[-73.60619,40.71323],[-73.60169,40.71274],[-73.59979,40.71125],[-73.60135,40.70759],[-73.60136,40.69794],[-73.60592,40.69516],[-73.60476,40.69453],[-73.60929,40.69319],[-73.60759,40.68853],[-73.60747,40.68449],[-73.61116,40.68504],[-73.61141,40.68701],[-73.61449,40.68745],[-73.61501,40.68123],[-73.61988,40.68036],[-73.62477,40.67982],[-73.62696,40.67133],[-73.63098,40.6724],[-73.6286,40.67781],[-73.63121,40.67927],[-73.62683,40.68302],[-73.62457,40.68707],[-73.63036,40.68879],[-73.63277,40.69003],[-73.6318,40.69355],[-73.63647,40.6949],[-73.63852,40.70002],[-73.63934,40.7039],[-73.63731,40.7049],[-73.6432,40.71278],[-73.63706,40.71399]]]}},{"type":"Feature","properties":{"zcta":"10459","d":26098},"geometry":{"type":"MultiPolygon","coordinates":[[[[-73.89419,40.83329],[-73.89416,40.83498],[-73.89174,40.83266],[-73.88545,40.8305],[-73.88202,40.8354],[-73.87998,40.83468],[-73.88389,40.82981],[-73.88441,40.82297],[-73.8872,40.8226],[-73.89543,40.81585],[-73.90299,40.82003],[-73.89932,40.82885],[-73.89938,40.83118],[-73.89637,40.83351],[-73.89419,40.83329]]],[[[-73.90344,40.81897],[-73.90417,40.81915],[-73.90299,40.82003],[-73.90344,40.81897]]]]}},{"type":"Feature","properties":{"zcta":"11379","d":8752},"geometry":{"type":"Polygon","coordinates":[[[-73.88039,40.7289],[-73.87524,40.73072],[-73.87143,40.72925],[-73.87142,40.72547],[-73.8697,40.72515],[-73.85963,40.7136],[-73.86208,40.7122],[-73.87016,40.70921],[-73.87492,40.70682],[-73.88553,40.70645],[-73.8902,40.70825],[-73.90285,40.71379],[-73.89796,40.71656],[-73.89835,40.7192],[-73.90034,40.71802],[-73.90063,40.71976],[-73.89737,40.72048],[-73.89982,40.72124],[-73.90011,40.7233],[-73.89582,40.7239],[-73.89275,40.71915],[-73.88644,40.72165],[-73.88764,40.72379],[-73.8872,40.72787],[-73.88039,40.7289]]]}},{"type":"Feature","properties":{"zcta":"07703","d":0},"geometry":{"type":"Polygon","coordinates":[[[-74.05852,40.31327],[-74.05567,40.31281],[-74.05085,40.31388],[-74.04969,40.31682],[-74.04773,40.31608],[-74.04773,40.3178],[-74.04463,40.31787],[-74.04091,40.32041],[-74.03292,40.32262],[-74.02592,40.31912],[-74.02729,40.31683],[-74.03243,40.3158],[-74.03391,40.31797],[-74.03583,40.31591],[-74.0378,40.31807],[-74.04169,40.31754],[-74.04456,40.31557],[-74.04349,40.31331],[-74.04443,40.31148],[-74.04694,40.31145],[-74.04375,40.30872],[-74.04486,40.30665],[-74.04761,40.30752],[-74.04928,40.30591],[-74.05208,40.30954],[-74.0553,40.30823],[-74.06086,40.30724],[-74.06351,40.30815],[-74.06444,40.31156],[-74.05852,40.31327]]]}},{"type":"Feature","properties":{"zcta":"07830","d":136},"geometry":{"type":"Polygon","coordinates":[[[-74.84302,40.75602],[-74.8297,40.74579],[-74.82635,40.74904],[-74.82024,40.74531],[-74.81,40.76451],[-74.81098,40.76513],[-74.7976,40.77223],[-74.79946,40.76844],[-74.8022,40.76717],[-74.79955,40.76552],[-74.79453,40.76355],[-74.78982,40.76359],[-74.77818,40.75559],[-74.77629,40.7526],[-74.77975,40.75098],[-74.77789,40.75015],[-74.77729,40.74634],[-74.77882,40.74339],[-74.77308,40.74223],[-74.77442,40.73671],[-74.76979,40.73571],[-74.7727,40.73861],[-74.77197,40.74082],[-74.76733,40.74386],[-74.75969,40.74243],[-74.76024,40.74079],[-74.75782,40.74029],[-74.75728,40.73879],[-74.75274,40.73794],[-74.74667,40.73518],[-74.74184,40.73463],[-74.7394,40.73218],[-74.73318,40.73215],[-74.73314,40.72959],[-74.73123,40.72977],[-74.73061,40.72682],[-74.7286,40.72328],[-74.72984,40.72146],[-74.72651,40.7196],[-74.73286,40.72008],[-74.72999,40.71724],[-74.7338,40.7167],[-74.73803,40.71187],[-74.7393,40.70743],[-74.73208,40.70827],[-74.73224,40.70713],[-74.72302,40.70804],[-74.72203,40.70958],[-74.72114,40.70501],[-74.72148,40.69909],[-74.71905,40.69905],[-74.71939,40.69766],[-74.72073,40.69683],[-74.72116,40.69158],[-74.72392,40.68815],[-74.72125,40.68515],[-74.71955,40.68542],[-74.71774,40.68399],[-74.71846,40.68057],[-74.72084,40.67927],[-74.72243,40.6822],[-74.72527,40.68375],[-74.72929,40.68347],[-74.73018,40.68258],[-74.73266,40.68403],[-74.73073,40.6862],[-74.73583,40.68871],[-74.73249,40.69272],[-74.73337,40.69334],[-74.73417,40.69973],[-74.7448,40.69755],[-74.74374,40.69653],[-74.74292,40.6923],[-74.74766,40.69279],[-74.7518,40.68842],[-74.7528,40.68371],[-74.75633,40.68894],[-74.75799,40.68712],[-74.76608,40.68643],[-74.77164,40.68894],[-74.77659,40.68856],[-74.78102,40.68677],[-74.78525,40.6888],[-74.79158,40.68883],[-74.79154,40.69017],[-74.79818,40.68929],[-74.79699,40.69194],[-74.79021,40.69399],[-74.78769,40.69582],[-74.79055,40.69648],[-74.78569,40.70152],[-74.77982,40.70335],[-74.7777,40.70479],[-74.77737,40.70675],[-74.78676,40.70577],[-74.78777,40.7029],[-74.78942,40.70286],[-74.7927,40.70672],[-74.79677,40.71024],[-74.80077,40.71128],[-74.80518,40.70754],[-74.80669,40.7073],[-74.80834,40.7091],[-74.80882,40.71224],[-74.81309,40.7165],[-74.81676,40.71582],[-74.8139,40.72093],[-74.81967,40.71965],[-74.82447,40.71758],[-74.82219,40.71497],[-74.83099,40.71361],[-74.83652,40.71196],[-74.8329,40.70858],[-74.83741,40.70629],[-74.83849,40.70676],[-74.84287,40.70294],[-74.84599,40.69896],[-74.84611,40.69608],[-74.84307,40.6927],[-74.85102,40.6907],[-74.87053,40.68596],[-74.87799,40.68389],[-74.8773,40.6855],[-74.87827,40.68746],[-74.88086,40.68834],[-74.87992,40.69016],[-74.87625,40.69158],[-74.87449,40.69546],[-74.87182,40.69564],[-74.87275,40.69786],[-74.87232,40.70019],[-74.87071,40.70168],[-74.86544,40.70322],[-74.86502,40.70481],[-74.86122,40.70719],[-74.86266,40.70856],[-74.86527,40.70676],[-74.87107,40.70598],[-74.87798,40.70421],[-74.88472,40.70102],[-74.88891,40.70093],[-74.88921,40.70581],[-74.89051,40.70629],[-74.88797,40.7105],[-74.89099,40.71099],[-74.88733,40.71803],[-74.88809,40.7193],[-74.88154,40.72223],[-74.88051,40.7201],[-74.8662,40.72083],[-74.85555,40.72484],[-74.85514,40.73132],[-74.85608,40.73175],[-74.85287,40.73345],[-74.85329,40.73487],[-74.85694,40.7363],[-74.85322,40.73876],[-74.84707,40.7492],[-74.84449,40.75062],[-74.84576,40.75336],[-74.84387,40.75811],[-74.84302,40.75602]]]}},{"type":"Feature","properties":{"zcta":"07035","d":830},"geometry":{"type":"Polygon","coordinates":[[[-74.33275,40.95708],[-74.33344,40.95473],[-74.33,40.95506],[-74.32989,40.95252],[-74.3263,40.953],[-74.31323,40.95192],[-74.31366,40.94028],[-74.30578,40.93979],[-74.30564,40.94055],[-74.29677,40.94121],[-74.294,40.93997],[-74.28216,40.93663],[-74.2851,40.93138],[-74.28925,40.92879],[-74.28851,40.92498],[-74.2852,40.923],[-74.2857,40.92141],[-74.28376,40.9199],[-74.28424,40.91718],[-74.28183,40.91701],[-74.27954,40.91828],[-74.27771,40.91684],[-74.27905,40.91612],[-74.27168,40.91543],[-74.26686,40.91024],[-74.26669,40.90773],[-74.26868,40.90747],[-74.27159,40.91003],[-74.27164,40.90762],[-74.27352,40.9065],[-74.27091,40.90319],[-74.27277,40.89971],[-74.27206,40.89743],[-74.27563,40.89698],[-74.28073,40.89768],[-74.2823,40.89562],[-74.2842,40.89496],[-74.28381,40.89802],[-74.28728,40.89833],[-74.28624,40.89923],[-74.28172,40.89994],[-74.28324,40.90144],[-74.28538,40.90136],[-74.28926,40.8994],[-74.2923,40.90062],[-74.29203,40.90558],[-74.29762,40.90572],[-74.30298,40.90435],[-74.30236,40.90669],[-74.3036,40.90715],[-74.30594,40.90532],[-74.31016,40.90467],[-74.31241,40.9054],[-74.3145,40.90379],[-74.31878,40.90337],[-74.31849,40.90755],[-74.32016,40.90797],[-74.32261,40.90677],[-74.3228,40.90883],[-74.32165,40.91141],[-74.32146,40.92753],[-74.33653,40.94439],[-74.34122,40.9464],[-74.33763,40.94833],[-74.33885,40.95176],[-74.34074,40.9533],[-74.33624,40.96006],[-74.33232,40.95873],[-74.3307,40.95727],[-74.33275,40.95708]]]}},{"type":"Feature","properties":{"zcta":"10606","d":5933},"geometry":{"type":"Polygon","coordinates":[[[-73.78608,41.03618],[-73.78008,41.03692],[-73.7763,41.03187],[-73.77583,41.0325],[-73.77408,41.03259],[-73.77246,41.03192],[-73.77095,41.02437],[-73.77038,41.02457],[-73.77019,41.02087],[-73.76771,41.01699],[-73.76736,41.01342],[-73.76419,41.00704],[-73.76197,41.00739],[-73.7639,40.99862],[-73.76844,41.00252],[-73.77196,41.00836],[-73.77565,41.01288],[-73.78091,41.01652],[-73.78466,41.02159],[-73.78991,41.02907],[-73.78507,41.03491],[-73.78608,41.03618]]]}},{"type":"Feature","properties":{"zcta":"11580","d":5995},"geometry":{"type":"Polygon","coordinates":[[[-73.72593,40.68623],[-73.72489,40.68727],[-73.72114,40.68812],[-73.71385,40.68634],[-73.70785,40.68366],[-73.70642,40.6838],[-73.7045,40.68625],[-73.70496,40.68727],[-73.69937,40.68618],[-73.69547,40.68687],[-73.69149,40.68591],[-73.68961,40.69094],[-73.69059,40.69288],[-73.68778,40.69512],[-73.687,40.69423],[-73.68366,40.69306],[-73.68618,40.68815],[-73.68454,40.68724],[-73.68583,40.68343],[-73.67979,40.68356],[-73.68198,40.68083],[-73.68131,40.67689],[-73.68601,40.67031],[-73.68279,40.66799],[-73.68368,40.66702],[-73.6884,40.66373],[-73.6887,40.6599],[-73.6899,40.65796],[-73.70178,40.65981],[-73.70314,40.66119],[-73.72083,40.66592],[-73.72822,40.66597],[-73.72754,40.67416],[-73.72563,40.67959],[-73.72586,40.68322],[-73.72593,40.68623]]]}},{"type":"Feature","properties":{"zcta":"10507","d":377},"geometry":{"type":"Polygon","coordinates":[[[-73.72537,41.24507],[-73.72093,41.24462],[-73.71586,41.24191],[-73.7098,41.24443],[-73.7055,41.24298],[-73.70476,41.24535],[-73.70242,41.24658],[-73.69884,41.24623],[-73.69668,41.24766],[-73.6959,41.24485],[-73.69165,41.24664],[-73.68692,41.24505],[-73.67896,41.24827],[-73.677,41.25026],[-73.67318,41.24912],[-73.6702,41.24901],[-73.66819,41.24379],[-73.6662,41.24148],[-73.66257,41.24009],[-73.66344,41.2384],[-73.66118,41.23484],[-73.6595,41.23413],[-73.65775,41.23133],[-73.65394,41.2314],[-73.65397,41.22925],[-73.65636,41.22913],[-73.6574,41.21894],[-73.65626,41.21725],[-73.66228,41.21402],[-73.66143,41.20652],[-73.66634,41.20421],[-73.66887,41.20567],[-73.6757,41.20708],[-73.67972,41.207],[-73.68284,41.20843],[-73.68539,41.20829],[-73.68626,41.21421],[-73.68854,41.21423],[-73.69182,41.21567],[-73.69607,41.2159],[-73.69646,41.21324],[-73.69864,41.21272],[-73.70316,41.21346],[-73.70386,41.21173],[-73.70636,41.21213],[-73.70554,41.21892],[-73.71154,41.22047],[-73.71394,41.21993],[-73.72014,41.22221],[-73.72361,41.22146],[-73.72105,41.22456],[-73.71727,41.22766],[-73.7169,41.22998],[-73.71861,41.22867],[-73.72083,41.22908],[-73.72182,41.23815],[-73.72554,41.2399],[-73.72866,41.23967],[-73.72999,41.2428],[-73.7278,41.24636],[-73.72537,41.24507]]]}},{"type":"Feature","properties":{"zcta":"10573","d":3584},"geometry":{"type":"Polygon","coordinates":[[[-73.68717,41.0507],[-73.66267,41.0205],[-73.65868,41.01671],[-73.65524,41.01185],[-73.65606,41.00892],[-73.66027,41.00048],[-73.65931,40.99717],[-73.65964,40.99434],[-73.65723,40.99091],[-73.659,40.98886],[-73.66189,40.98861],[-73.66311,40.98664],[-73.66729,40.98817],[-73.67041,40.98777],[-73.67556,40.98994],[-73.67845,40.9943],[-73.68357,40.99544],[-73.68233,40.99761],[-73.68499,40.99786],[-73.68469,41.00056],[-73.6919,41.00274],[-73.69451,41.00457],[-73.69254,41.00473],[-73.69223,41.00684],[-73.69498,41.01118],[-73.69365,41.01262],[-73.69245,41.01685],[-73.69582,41.01908],[-73.69439,41.0202],[-73.6954,41.02342],[-73.6926,41.02448],[-73.68922,41.02718],[-73.68925,41.03441],[-73.69009,41.03543],[-73.69024,41.03976],[-73.69188,41.04157],[-73.69257,41.0464],[-73.69607,41.04932],[-73.69819,41.05452],[-73.6997,41.05486],[-73.70092,41.05663],[-73.69467,41.0598],[-73.68717,41.0507]]]}},{"type":"Feature","properties":{"zcta":"11803","d":2528},"geometry":{"type":"Polygon","coordinates":[[[-73.50043,40.78684],[-73.4996,40.78522],[-73.49613,40.78832],[-73.49179,40.79304],[-73.49215,40.79499],[-73.48737,40.79509],[-73.48255,40.79502],[-73.47232,40.79868],[-73.46703,40.79904],[-73.45891,40.80163],[-73.45323,40.80237],[-73.45202,40.80393],[-73.44867,40.80442],[-73.44481,40.7839],[-73.4441,40.78161],[-73.44945,40.77232],[-73.45754,40.77585],[-73.4581,40.77445],[-73.46875,40.7616],[-73.47631,40.76182],[-73.48028,40.76309],[-73.48292,40.75993],[-73.48678,40.76139],[-73.4859,40.76242],[-73.48876,40.76404],[-73.49298,40.76429],[-73.49427,40.76624],[-73.49679,40.76647],[-73.49738,40.76787],[-73.5009,40.76757],[-73.50361,40.78743],[-73.50043,40.78684]]]}},{"type":"Feature","properties":{"zcta":"07750","d":1753},"geometry":{"type":"Polygon","coordinates":[[[-73.99205,40.34944],[-73.98647,40.34582],[-73.97268,40.34581],[-73.97511,40.32217],[-73.97735,40.32218],[-73.97823,40.32377],[-73.98254,40.3235],[-73.98438,40.32447],[-73.98616,40.32711],[-73.98915,40.32708],[-73.99723,40.32978],[-73.99687,40.33162],[-73.99977,40.3336],[-74.00266,40.33404],[-74.00356,40.33686],[-74.00319,40.33995],[-73.99205,40.34944]]]}},{"type":"Feature","properties":{"zcta":"07724","d":1008},"geometry":{"type":"Polygon","coordinates":[[[-74.10973,40.32209],[-74.11065,40.32416],[-74.10686,40.32485],[-74.10408,40.32294],[-74.10215,40.32524],[-74.09887,40.32499],[-74.09583,40.32556],[-74.0963,40.32818],[-74.09536,40.32948],[-74.09581,40.33314],[-74.09257,40.33341],[-74.09006,40.33224],[-74.0875,40.33281],[-74.08728,40.33628],[-74.07563,40.33722],[-74.07439,40.33382],[-74.0739,40.33091],[-74.08062,40.33037],[-74.07943,40.32752],[-74.07767,40.32644],[-74.07641,40.32329],[-74.08234,40.32233],[-74.08207,40.32114],[-74.07289,40.32321],[-74.07218,40.3179],[-74.06588,40.31315],[-74.06444,40.31156],[-74.06351,40.30815],[-74.06086,40.30724],[-74.0553,40.30823],[-74.05208,40.30954],[-74.04928,40.30591],[-74.04761,40.30752],[-74.04486,40.30665],[-74.04375,40.30872],[-74.04107,40.30738],[-74.04009,40.30566],[-74.04124,40.30453],[-74.03832,40.30425],[-74.03255,40.29876],[-74.03699,40.29749],[-74.03325,40.29379],[-74.03854,40.2915],[-74.03539,40.2892],[-74.03482,40.28559],[-74.0324,40.28499],[-74.03229,40.28313],[-74.02937,40.28352],[-74.02762,40.27274],[-74.03189,40.27319],[-74.03232,40.27414],[-74.03691,40.27522],[-74.04338,40.27341],[-74.05021,40.27205],[-74.05122,40.27265],[-74.06197,40.27356],[-74.06592,40.27259],[-74.06819,40.27072],[-74.07016,40.27083],[-74.07104,40.27435],[-74.07249,40.27558],[-74.0822,40.27035],[-74.08289,40.27411],[-74.09882,40.28123],[-74.10161,40.28024],[-74.10602,40.27477],[-74.11024,40.27918],[-74.11163,40.28671],[-74.11035,40.29175],[-74.1123,40.29495],[-74.11019,40.29728],[-74.10356,40.29992],[-74.10261,40.30348],[-74.10733,40.30715],[-74.10656,40.30763],[-74.11025,40.3109],[-74.1127,40.31661],[-74.11292,40.32013],[-74.10973,40.32209]],[[-74.07578,40.32114],[-74.07704,40.32076],[-74.07604,40.31924],[-74.07578,40.32114]]]}},{"type":"Feature","properties":{"zcta":"08092","d":83},"geometry":{"type":"Polygon","coordinates":[[[-74.30302,39.68226],[-74.29822,39.6904],[-74.29137,39.69814],[-74.28981,39.69695],[-74.28884,39.6988],[-74.28702,39.69796],[-74.28758,39.69509],[-74.28597,39.69338],[-74.28223,39.69607],[-74.27899,39.70055],[-74.27546,39.69913],[-74.27944,39.69359],[-74.27095,39.68929],[-74.2681,39.68668],[-74.26574,39.68752],[-74.26455,39.68944],[-74.26862,39.69083],[-74.26519,39.69287],[-74.26418,39.69437],[-74.26043,39.69404],[-74.25883,39.69282],[-74.25856,39.68869],[-74.2546,39.68433],[-74.25322,39.68023],[-74.25127,39.67916],[-74.24958,39.6762],[-74.24743,39.67571],[-74.24789,39.67322],[-74.24312,39.66734],[-74.24038,39.66489],[-74.23499,39.66416],[-74.23192,39.66486],[-74.23124,39.6616],[-74.22891,39.6606],[-74.2261,39.6557],[-74.2232,39.65512],[-74.22107,39.65356],[-74.21942,39.65055],[-74.21801,39.64498],[-74.22031,39.64426],[-74.22342,39.64552],[-74.22838,39.64481],[-74.23527,39.64902],[-74.23777,39.64784],[-74.23924,39.64469],[-74.24193,39.64446],[-74.23883,39.64253],[-74.24144,39.64059],[-74.24417,39.63671],[-74.247,39.62938],[-74.2464,39.62543],[-74.24831,39.62202],[-74.25444,39.61665],[-74.25634,39.61432],[-74.25681,39.61142],[-74.25554,39.60691],[-74.25642,39.59941],[-74.2582,39.59653],[-74.26306,39.59282],[-74.26549,39.58901],[-74.28713,39.61109],[-74.302,39.61524],[-74.33707,39.67844],[-74.35803,39.71624],[-74.34314,39.70705],[-74.30302,39.68226]]]}},{"type":"Feature","properties":{"zcta":"07079","d":2604},"geometry":{"type":"Polygon","coordinates":[[[-74.26756,40.76221],[-74.25532,40.75812],[-74.24776,40.75532],[-74.24016,40.75192],[-74.23815,40.75224],[-74.23467,40.75056],[-74.23703,40.74555],[-74.23846,40.74472],[-74.24043,40.74085],[-74.24391,40.74174],[-74.24837,40.73965],[-74.25136,40.73753],[-74.25199,40.73843],[-74.26212,40.73572],[-74.26949,40.74038],[-74.2738,40.74259],[-74.27862,40.74633],[-74.28073,40.74589],[-74.28311,40.74787],[-74.27988,40.75509],[-74.27682,40.76041],[-74.26756,40.76221]]]}},{"type":"Feature","properties":{"zcta":"07009","d":1624},"geometry":{"type":"Polygon","coordinates":[[[-74.24029,40.88044],[-74.21515,40.86639],[-74.21436,40.86782],[-74.21224,40.86718],[-74.21371,40.86557],[-74.2052,40.86104],[-74.20721,40.85882],[-74.20639,40.85756],[-74.20759,40.85277],[-74.21561,40.84377],[-74.21624,40.83938],[-74.21902,40.83573],[-74.22043,40.83418],[-74.22707,40.83619],[-74.22738,40.83332],[-74.23676,40.83596],[-74.2334,40.84439],[-74.2516,40.84962],[-74.24992,40.85353],[-74.24839,40.85479],[-74.24864,40.85652],[-74.24431,40.86064],[-74.24295,40.86362],[-74.24148,40.87457],[-74.24992,40.87725],[-74.24678,40.88099],[-74.24029,40.88044]]]}},{"type":"Feature","properties":{"zcta":"07607","d":3989},"geometry":{"type":"Polygon","coordinates":[[[-74.06461,40.91752],[-74.05705,40.91302],[-74.05515,40.91328],[-74.05053,40.91052],[-74.05397,40.90743],[-74.05716,40.90223],[-74.05725,40.89994],[-74.05916,40.89581],[-74.05972,40.89205],[-74.06457,40.88706],[-74.07261,40.89183],[-74.07186,40.89911],[-74.06893,40.90854],[-74.06461,40.91752]]]}},{"type":"Feature","properties":{"zcta":"07002","d":5956},"geometry":{"type":"Polygon","coordinates":[[[-74.10285,40.69536],[-74.10154,40.69319],[-74.10203,40.69048],[-74.09979,40.68577],[-74.09813,40.68068],[-74.06572,40.66685],[-74.0702,40.66083],[-74.08694,40.66675],[-74.09079,40.66361],[-74.08745,40.65374],[-74.09505,40.64918],[-74.10758,40.65008],[-74.12041,40.64596],[-74.12702,40.64499],[-74.13709,40.64514],[-74.14386,40.64363],[-74.14626,40.64657],[-74.14418,40.65065],[-74.137,40.65768],[-74.10626,40.69708],[-74.10285,40.69536]]]}},{"type":"Feature","properties":{"zcta":"07104","d":9332},"geometry":{"type":"Polygon","coordinates":[[[-74.1718,40.78814],[-74.16983,40.78701],[-74.16591,40.78668],[-74.15916,40.78311],[-74.15279,40.78061],[-74.14834,40.77989],[-74.14899,40.778],[-74.15327,40.77419],[-74.1558,40.77082],[-74.15769,40.7661],[-74.16215,40.76137],[-74.1648,40.75472],[-74.16599,40.74797],[-74.17052,40.74737],[-74.17357,40.74795],[-74.18432,40.75113],[-74.18398,40.75289],[-74.18521,40.75686],[-74.18369,40.76086],[-74.17981,40.76538],[-74.17794,40.76263],[-74.17141,40.77511],[-74.17221,40.77746],[-74.1752,40.7784],[-74.17498,40.78168],[-74.17392,40.78366],[-74.17476,40.78561],[-74.1718,40.78814]]]}},{"type":"Feature","properties":{"zcta":"07871","d":279},"geometry":{"type":"Polygon","coordinates":[[[-74.68649,41.03727],[-74.68542,41.05205],[-74.6716,41.08495],[-74.6679,41.08267],[-74.6708,41.08687],[-74.66775,41.09413],[-74.63854,41.11867],[-74.60721,41.09609],[-74.60189,41.09289],[-74.60861,41.08356],[-74.61443,41.07142],[-74.61462,41.06968],[-74.60315,41.06496],[-74.60154,41.06398],[-74.59679,41.06325],[-74.59594,41.06594],[-74.58441,41.06978],[-74.57707,41.07876],[-74.55311,41.06699],[-74.53581,41.05849],[-74.54772,41.04802],[-74.58438,41.0167],[-74.6146,40.99068],[-74.6478,40.99904],[-74.64772,40.99684],[-74.65974,40.99102],[-74.6616,40.98808],[-74.65971,40.98212],[-74.66146,40.97908],[-74.66451,40.97619],[-74.66666,40.97546],[-74.66452,40.97384],[-74.66654,40.971],[-74.66945,40.96994],[-74.66945,40.97353],[-74.66503,40.97716],[-74.66275,40.98001],[-74.66531,40.98264],[-74.66641,40.98741],[-74.66179,40.99126],[-74.6638,40.99269],[-74.66375,40.996],[-74.66742,40.99539],[-74.67113,40.99381],[-74.67223,40.99221],[-74.67438,40.99247],[-74.67363,40.99732],[-74.67246,40.99897],[-74.67613,41.00152],[-74.6833,40.99873],[-74.68731,41.00044],[-74.68819,41.00309],[-74.68665,41.00521],[-74.69227,41.00646],[-74.68852,41.00929],[-74.68773,41.02028],[-74.68649,41.03727]]]}},{"type":"Feature","properties":{"zcta":"07866","d":553},"geometry":{"type":"Polygon","coordinates":[[[-74.54746,40.91076],[-74.54533,40.91562],[-74.54371,40.91528],[-74.53862,40.91292],[-74.53816,40.91389],[-74.54139,40.9165],[-74.5384,40.91928],[-74.53253,40.91629],[-74.53281,40.91972],[-74.53486,40.92304],[-74.53788,40.92413],[-74.54094,40.9293],[-74.54068,40.93055],[-74.53655,40.92925],[-74.53193,40.92984],[-74.53085,40.93148],[-74.52561,40.93271],[-74.52235,40.93414],[-74.50535,40.94044],[-74.50141,40.94192],[-74.5006,40.94119],[-74.49596,40.94433],[-74.49349,40.94476],[-74.49629,40.94932],[-74.4995,40.95094],[-74.50412,40.95149],[-74.50689,40.95323],[-74.51136,40.95217],[-74.51713,40.95443],[-74.51214,40.95781],[-74.51081,40.96275],[-74.5089,40.9663],[-74.51096,40.96844],[-74.50683,40.97098],[-74.50514,40.97299],[-74.50578,40.97399],[-74.50336,40.97783],[-74.50156,40.98224],[-74.5051,40.98453],[-74.50484,40.98593],[-74.49767,40.98886],[-74.49664,40.99099],[-74.4947,40.9914],[-74.49773,40.99565],[-74.49459,40.99742],[-74.47641,41.01084],[-74.47624,41.00937],[-74.47976,41.0049],[-74.47356,41.00772],[-74.47313,41.00628],[-74.465,41.00818],[-74.46006,41.01512],[-74.4562,41.01614],[-74.45403,41.01333],[-74.44978,41.014],[-74.44364,41.01252],[-74.44118,41.01413],[-74.43615,41.01565],[-74.43274,41.0178],[-74.43018,41.01813],[-74.4306,40.99334],[-74.43202,40.99254],[-74.4321,40.98401],[-74.43075,40.98461],[-74.43087,40.97772],[-74.43535,40.97909],[-74.43494,40.97799],[-74.43718,40.9739],[-74.4396,40.97108],[-74.44182,40.97056],[-74.444,40.96862],[-74.45366,40.96282],[-74.45992,40.96314],[-74.46146,40.95921],[-74.46316,40.95795],[-74.46383,40.95079],[-74.4602,40.94708],[-74.45609,40.94675],[-74.45845,40.94388],[-74.45635,40.9432],[-74.46367,40.93688],[-74.46279,40.9338],[-74.46002,40.93401],[-74.45811,40.93204],[-74.46117,40.92864],[-74.46006,40.92776],[-74.46577,40.92341],[-74.47017,40.92036],[-74.47209,40.92144],[-74.47612,40.91721],[-74.48425,40.92215],[-74.47916,40.92544],[-74.4773,40.9293],[-74.48106,40.93241],[-74.48534,40.93162],[-74.48719,40.93009],[-74.48651,40.92627],[-74.48711,40.92513],[-74.49708,40.91687],[-74.50035,40.91486],[-74.50143,40.91132],[-74.50353,40.90937],[-74.49398,40.90326],[-74.48953,40.89926],[-74.49636,40.90187],[-74.49937,40.9014],[-74.4969,40.89741],[-74.49658,40.89566],[-74.50096,40.88999],[-74.4993,40.88796],[-74.50462,40.88551],[-74.5059,40.88213],[-74.51144,40.88458],[-74.51377,40.88391],[-74.51639,40.88074],[-74.51928,40.88078],[-74.52458,40.87973],[-74.52536,40.87883],[-74.52507,40.88034],[-74.5227,40.88212],[-74.5226,40.88347],[-74.52988,40.88653],[-74.53254,40.88599],[-74.53127,40.88752],[-74.53641,40.89071],[-74.5315,40.89506],[-74.53316,40.89644],[-74.53103,40.89846],[-74.529,40.89726],[-74.5247,40.90113],[-74.52661,40.90074],[-74.53249,40.90184],[-74.53471,40.90573],[-74.54008,40.90576],[-74.54322,40.90736],[-74.53846,40.90805],[-74.53859,40.91074],[-74.54755,40.91057],[-74.54567,40.90153],[-74.54632,40.89973],[-74.55212,40.90144],[-74.55298,40.89956],[-74.55609,40.90044],[-74.55544,40.90322],[-74.5679,40.90431],[-74.5661,40.90812],[-74.56705,40.91011],[-74.56009,40.91052],[-74.54746,40.91076]]]}},{"type":"Feature","properties":{"zcta":"08854","d":1429},"geometry":{"type":"Polygon","coordinates":[[[-74.46891,40.58072],[-74.45974,40.58155],[-74.46022,40.58441],[-74.45698,40.58525],[-74.45235,40.58927],[-74.45777,40.59423],[-74.45513,40.59595],[-74.43707,40.59747],[-74.44093,40.59408],[-74.4392,40.58146],[-74.44008,40.58096],[-74.43813,40.57185],[-74.43679,40.56952],[-74.4358,40.56162],[-74.43966,40.55942],[-74.43441,40.55551],[-74.43164,40.55045],[-74.42738,40.54648],[-74.4086,40.54382],[-74.41387,40.53005],[-74.42035,40.528],[-74.42159,40.52946],[-74.42839,40.52726],[-74.43063,40.52573],[-74.42808,40.52387],[-74.42996,40.51972],[-74.42882,40.51751],[-74.42914,40.51559],[-74.43225,40.51371],[-74.43294,40.51052],[-74.44014,40.51511],[-74.44627,40.50568],[-74.44868,40.5071],[-74.45426,40.50854],[-74.46663,40.50928],[-74.46695,40.5089],[-74.47449,40.51061],[-74.47783,40.51069],[-74.48168,40.51186],[-74.48511,40.51532],[-74.49164,40.52468],[-74.49519,40.52907],[-74.49913,40.5321],[-74.51175,40.53981],[-74.51412,40.54203],[-74.51587,40.54498],[-74.51759,40.55252],[-74.51984,40.55558],[-74.51125,40.56024],[-74.50721,40.56018],[-74.50029,40.56407],[-74.49856,40.5629],[-74.49729,40.56476],[-74.48634,40.57144],[-74.48153,40.57264],[-74.47949,40.57382],[-74.48129,40.57808],[-74.46967,40.58557],[-74.46891,40.58072]]]}},{"type":"Feature","properties":{"zcta":"07461","d":110},"geometry":{"type":"Polygon","coordinates":[[[-74.64154,41.33288],[-74.60735,41.31777],[-74.50332,41.26908],[-74.50374,41.26896],[-74.50369,41.26184],[-74.50604,41.26035],[-74.50857,41.25486],[-74.5083,41.25245],[-74.50605,41.25038],[-74.50358,41.24989],[-74.4984,41.24766],[-74.49526,41.24992],[-74.49072,41.25013],[-74.49377,41.23253],[-74.49073,41.23135],[-74.4901,41.22999],[-74.49116,41.22704],[-74.4891,41.22552],[-74.49253,41.22542],[-74.49704,41.22141],[-74.49779,41.21915],[-74.49654,41.21501],[-74.49808,41.21197],[-74.50151,41.20865],[-74.50774,41.204],[-74.50788,41.20302],[-74.51599,41.20494],[-74.51826,41.20331],[-74.52151,41.19865],[-74.52199,41.20125],[-74.52039,41.20394],[-74.52278,41.20416],[-74.52633,41.1985],[-74.53113,41.19461],[-74.53435,41.19652],[-74.53907,41.19448],[-74.54083,41.19433],[-74.54501,41.19783],[-74.5495,41.19512],[-74.55246,41.19444],[-74.55438,41.19577],[-74.55798,41.19613],[-74.56187,41.1985],[-74.56478,41.19937],[-74.56611,41.19831],[-74.56845,41.1937],[-74.57045,41.19341],[-74.57181,41.1895],[-74.5755,41.19351],[-74.57825,41.19153],[-74.57925,41.18876],[-74.57822,41.18655],[-74.57906,41.18318],[-74.57769,41.18014],[-74.5839,41.17316],[-74.58671,41.16701],[-74.5869,41.17042],[-74.59093,41.17861],[-74.59356,41.17999],[-74.59594,41.17744],[-74.59833,41.17893],[-74.60107,41.17804],[-74.60355,41.1784],[-74.60573,41.17736],[-74.60766,41.1747],[-74.60571,41.17162],[-74.60675,41.169],[-74.61215,41.1618],[-74.61494,41.16118],[-74.62447,41.16134],[-74.65856,41.1619],[-74.66787,41.17214],[-74.66371,41.17564],[-74.6661,41.17839],[-74.67062,41.18089],[-74.67425,41.18193],[-74.67553,41.18371],[-74.68165,41.18686],[-74.68738,41.19268],[-74.68866,41.19628],[-74.69374,41.19915],[-74.71601,41.22207],[-74.71216,41.22566],[-74.70769,41.22834],[-74.69314,41.24293],[-74.6833,41.25533],[-74.67747,41.26235],[-74.67515,41.30079],[-74.67264,41.30715],[-74.66685,41.30872],[-74.66391,41.31725],[-74.66017,41.32251],[-74.64937,41.33648],[-74.64154,41.33288]]]}},{"type":"Feature","properties":{"zcta":"07205","d":4375},"geometry":{"type":"Polygon","coordinates":[[[-74.22855,40.70851],[-74.22167,40.70714],[-74.21297,40.70081],[-74.20925,40.69071],[-74.21235,40.69067],[-74.21488,40.6889],[-74.2147,40.68661],[-74.2224,40.67513],[-74.22625,40.677],[-74.22562,40.67953],[-74.2294,40.68345],[-74.22929,40.68469],[-74.23236,40.68602],[-74.237,40.6863],[-74.23791,40.69083],[-74.2399,40.69572],[-74.24592,40.69691],[-74.24784,40.6984],[-74.24901,40.70112],[-74.24701,40.70423],[-74.24703,40.70725],[-74.24439,40.71129],[-74.22855,40.70851]]]}},{"type":"Feature","properties":{"zcta":"08005","d":306},"geometry":{"type":"Polygon","coordinates":[[[-74.34337,39.82814],[-74.33589,39.81442],[-74.33741,39.80918],[-74.33581,39.80643],[-74.32827,39.79649],[-74.32537,39.79227],[-74.32159,39.78785],[-74.31352,39.79157],[-74.30102,39.79352],[-74.3004,39.78564],[-74.30195,39.783],[-74.2934,39.78139],[-74.29171,39.77974],[-74.28968,39.776],[-74.28789,39.77465],[-74.28375,39.77447],[-74.27669,39.7721],[-74.26343,39.77494],[-74.25434,39.7762],[-74.24102,39.77483],[-74.23717,39.77545],[-74.23315,39.77816],[-74.2198,39.77648],[-74.20972,39.77198],[-74.20754,39.77343],[-74.20283,39.77148],[-74.19863,39.77721],[-74.19453,39.77275],[-74.18927,39.76971],[-74.19286,39.76437],[-74.18709,39.7624],[-74.18425,39.74635],[-74.15004,39.74214],[-74.14185,39.71535],[-74.14237,39.70519],[-74.14865,39.69861],[-74.1604,39.70508],[-74.16639,39.7093],[-74.15895,39.71081],[-74.16008,39.71422],[-74.17831,39.72016],[-74.18057,39.72173],[-74.18102,39.72339],[-74.18458,39.72353],[-74.1882,39.72263],[-74.19148,39.72402],[-74.19155,39.72179],[-74.19301,39.72243],[-74.1965,39.72193],[-74.19804,39.72057],[-74.19846,39.72241],[-74.20009,39.72228],[-74.2008,39.72044],[-74.19871,39.71875],[-74.2014,39.71623],[-74.20489,39.71604],[-74.20841,39.71358],[-74.21128,39.71617],[-74.22441,39.72295],[-74.25099,39.73875],[-74.25606,39.74188],[-74.26781,39.74466],[-74.33045,39.75994],[-74.33228,39.75636],[-74.33112,39.75089],[-74.33174,39.74773],[-74.33382,39.74519],[-74.33427,39.74121],[-74.33562,39.74023],[-74.331,39.7391],[-74.32738,39.73503],[-74.33065,39.72977],[-74.32906,39.7273],[-74.32718,39.72132],[-74.3263,39.71582],[-74.32445,39.71103],[-74.32599,39.71079],[-74.33037,39.71309],[-74.33324,39.71126],[-74.34019,39.70862],[-74.34314,39.70705],[-74.35803,39.71624],[-74.33707,39.67844],[-74.34435,39.67677],[-74.34499,39.67749],[-74.34878,39.67605],[-74.36579,39.68265],[-74.36857,39.68457],[-74.37227,39.68464],[-74.37454,39.68572],[-74.38311,39.67498],[-74.39019,39.66679],[-74.38994,39.72375],[-74.38971,39.77328],[-74.41689,39.82268],[-74.34337,39.82814]]]}},{"type":"Feature","properties":{"zcta":"07450","d":2017},"geometry":{"type":"Polygon","coordinates":[[[-74.14262,40.98162],[-74.14121,40.98276],[-74.13733,40.98185],[-74.13268,40.9858],[-74.12787,40.99445],[-74.13294,40.9955],[-74.13083,41.00259],[-74.13183,41.00668],[-74.12797,41.00741],[-74.12522,41.00562],[-74.12018,41.0064],[-74.11833,41.006],[-74.11789,41.00277],[-74.11587,41.00153],[-74.11322,40.99651],[-74.10624,40.99562],[-74.10434,40.99484],[-74.08879,40.99204],[-74.08278,40.99014],[-74.07945,40.98994],[-74.07817,40.98205],[-74.07829,40.97848],[-74.09085,40.98064],[-74.0928,40.97952],[-74.0917,40.97534],[-74.09237,40.97267],[-74.09668,40.96972],[-74.09693,40.96416],[-74.09392,40.96243],[-74.0949,40.95952],[-74.10006,40.95508],[-74.10414,40.95705],[-74.10598,40.95908],[-74.10639,40.96436],[-74.10862,40.96538],[-74.10985,40.96738],[-74.11404,40.96726],[-74.11543,40.97053],[-74.11892,40.97009],[-74.11742,40.9717],[-74.12039,40.97113],[-74.12108,40.97276],[-74.12512,40.97225],[-74.13595,40.9727],[-74.14105,40.96635],[-74.14909,40.97113],[-74.14262,40.98162]]]}},{"type":"Feature","properties":{"zcta":"07076","d":1340},"geometry":{"type":"Polygon","coordinates":[[[-74.40154,40.6687],[-74.40169,40.67033],[-74.3967,40.67445],[-74.3871,40.67869],[-74.38264,40.67273],[-74.38511,40.66958],[-74.38165,40.67141],[-74.37891,40.6677],[-74.36975,40.65521],[-74.36099,40.63931],[-74.35451,40.63586],[-74.34561,40.62895],[-74.33745,40.62424],[-74.33433,40.62721],[-74.3292,40.62514],[-74.3274,40.62506],[-74.32506,40.62516],[-74.3296,40.61902],[-74.33547,40.61656],[-74.33788,40.61744],[-74.34028,40.61712],[-74.33943,40.61423],[-74.34319,40.61242],[-74.35219,40.61175],[-74.35623,40.60603],[-74.35872,40.60406],[-74.39472,40.60099],[-74.39548,40.60618],[-74.39715,40.60805],[-74.38999,40.62209],[-74.38926,40.62351],[-74.38272,40.62947],[-74.38446,40.63045],[-74.38269,40.63217],[-74.37827,40.63407],[-74.37582,40.63632],[-74.374,40.64228],[-74.37226,40.64529],[-74.37263,40.6468],[-74.37468,40.64655],[-74.38675,40.65332],[-74.39363,40.64695],[-74.40178,40.64041],[-74.40853,40.64435],[-74.4065,40.64732],[-74.40674,40.64932],[-74.40274,40.65643],[-74.40275,40.66143],[-74.40175,40.66428],[-74.40349,40.66666],[-74.40154,40.6687]]]}},{"type":"Feature","properties":{"zcta":"10588","d":665},"geometry":{"type":"Polygon","coordinates":[[[-73.81572,41.33909],[-73.80675,41.33999],[-73.80497,41.34263],[-73.79969,41.34289],[-73.80103,41.34056],[-73.80433,41.33493],[-73.80547,41.33525],[-73.81306,41.33228],[-73.81763,41.33231],[-73.81979,41.32779],[-73.82452,41.32402],[-73.82705,41.31916],[-73.83288,41.32562],[-73.83493,41.32573],[-73.83496,41.32262],[-73.84181,41.3219],[-73.84199,41.32767],[-73.84614,41.32861],[-73.84276,41.32956],[-73.84299,41.33159],[-73.84587,41.33215],[-73.84583,41.33608],[-73.81572,41.33909]]]}},{"type":"Feature","properties":{"zcta":"07826","d":57},"geometry":{"type":"Polygon","coordinates":[[[-74.87398,41.14783],[-74.87022,41.15028],[-74.86864,41.15311],[-74.87071,41.15798],[-74.86496,41.15798],[-74.86167,41.15703],[-74.85509,41.16011],[-74.86282,41.17882],[-74.85326,41.18739],[-74.85041,41.18823],[-74.85119,41.19341],[-74.84732,41.19219],[-74.84947,41.19391],[-74.85007,41.19727],[-74.84588,41.20219],[-74.84202,41.20133],[-74.83957,41.19868],[-74.83614,41.19869],[-74.8315,41.19775],[-74.82734,41.19843],[-74.81947,41.2009],[-74.82201,41.20288],[-74.82032,41.20966],[-74.81981,41.21394],[-74.82055,41.21549],[-74.82312,41.2162],[-74.8265,41.21585],[-74.8253,41.22078],[-74.82178,41.22161],[-74.82057,41.22451],[-74.81863,41.22898],[-74.81718,41.23061],[-74.81448,41.23083],[-74.81506,41.23255],[-74.81306,41.23384],[-74.81115,41.23711],[-74.80856,41.23869],[-74.80668,41.23821],[-74.80371,41.23937],[-74.80179,41.24388],[-74.80296,41.24691],[-74.80302,41.25457],[-74.80401,41.25732],[-74.80587,41.25881],[-74.80076,41.26638],[-74.80096,41.25191],[-74.79784,41.25034],[-74.7989,41.24848],[-74.79576,41.24886],[-74.78844,41.2529],[-74.78485,41.25104],[-74.77858,41.25512],[-74.7744,41.2597],[-74.71601,41.22207],[-74.69374,41.19915],[-74.68866,41.19628],[-74.68738,41.19268],[-74.68165,41.18686],[-74.67553,41.18371],[-74.67425,41.18193],[-74.67062,41.18089],[-74.6661,41.17839],[-74.66371,41.17564],[-74.66787,41.17214],[-74.66901,41.17177],[-74.67118,41.17379],[-74.67596,41.17165],[-74.68101,41.16497],[-74.68445,41.16438],[-74.68833,41.16103],[-74.69482,41.1576],[-74.70312,41.14735],[-74.7079,41.14751],[-74.71346,41.14858],[-74.7162,41.15146],[-74.72108,41.15026],[-74.72694,41.14609],[-74.73144,41.14355],[-74.73143,41.14214],[-74.73353,41.1388],[-74.739,41.13734],[-74.73564,41.13228],[-74.73605,41.13075],[-74.74206,41.12881],[-74.74521,41.12454],[-74.74578,41.12036],[-74.74682,41.11968],[-74.75046,41.1207],[-74.74869,41.12641],[-74.75045,41.12607],[-74.75392,41.12825],[-74.75592,41.12822],[-74.75833,41.13013],[-74.75673,41.1314],[-74.75947,41.13226],[-74.75873,41.13316],[-74.7616,41.13414],[-74.7606,41.13523],[-74.76721,41.13938],[-74.7696,41.13736],[-74.77182,41.14156],[-74.77539,41.14353],[-74.7796,41.15014],[-74.78356,41.15192],[-74.7844,41.1558],[-74.78367,41.15782],[-74.78838,41.16319],[-74.79071,41.16176],[-74.79316,41.16496],[-74.79057,41.16621],[-74.79213,41.1687],[-74.78921,41.17368],[-74.78958,41.17539],[-74.80012,41.16952],[-74.81009,41.16298],[-74.81759,41.15931],[-74.8427,41.15031],[-74.84953,41.14666],[-74.85847,41.13432],[-74.85753,41.13205],[-74.85956,41.13021],[-74.8667,41.12616],[-74.86805,41.12222],[-74.87041,41.12064],[-74.87093,41.12164],[-74.88191,41.11428],[-74.88159,41.11215],[-74.87949,41.11054],[-74.88329,41.10981],[-74.88609,41.11033],[-74.88571,41.10769],[-74.88426,41.10697],[-74.89009,41.10136],[-74.89893,41.09571],[-74.89954,41.09421],[-74.90914,41.08752],[-74.93933,41.06918],[-74.96125,41.08924],[-74.95978,41.09078],[-74.95904,41.0937],[-74.95546,41.09382],[-74.95297,41.0948],[-74.94706,41.0949],[-74.94033,41.09721],[-74.93465,41.09796],[-74.93344,41.10124],[-74.92428,41.1063],[-74.92069,41.10748],[-74.9159,41.11144],[-74.9136,41.11234],[-74.91034,41.11529],[-74.90616,41.11598],[-74.90974,41.11905],[-74.91189,41.12301],[-74.91586,41.12476],[-74.91356,41.12644],[-74.91126,41.12614],[-74.91017,41.1287],[-74.90552,41.12747],[-74.90197,41.12914],[-74.89642,41.13328],[-74.88966,41.13694],[-74.8839,41.13875],[-74.87844,41.14313],[-74.88023,41.14578],[-74.87856,41.14926],[-74.87398,41.14783]]]}},{"type":"Feature","properties":{"zcta":"07940","d":1622},"geometry":{"type":"Polygon","coordinates":[[[-74.4392,40.77655],[-74.43372,40.77964],[-74.42943,40.78061],[-74.42809,40.77598],[-74.42481,40.77207],[-74.41942,40.77255],[-74.41451,40.7719],[-74.41592,40.77306],[-74.41638,40.77739],[-74.41006,40.77748],[-74.40533,40.77283],[-74.4054,40.77069],[-74.40026,40.77],[-74.40031,40.77137],[-74.39794,40.77194],[-74.39621,40.76906],[-74.39853,40.7691],[-74.40137,40.76533],[-74.39908,40.76255],[-74.3945,40.75944],[-74.39575,40.75759],[-74.39456,40.75699],[-74.3971,40.75467],[-74.39206,40.75138],[-74.40221,40.74128],[-74.40547,40.73989],[-74.40883,40.74132],[-74.40992,40.7405],[-74.41439,40.7425],[-74.43002,40.746],[-74.42882,40.74958],[-74.43226,40.7511],[-74.43327,40.75007],[-74.43655,40.75282],[-74.4382,40.75231],[-74.43827,40.75355],[-74.43997,40.75465],[-74.43906,40.75753],[-74.44312,40.76083],[-74.44627,40.76595],[-74.4407,40.7775],[-74.4392,40.77655]]]}},{"type":"Feature","properties":{"zcta":"10004","d":4488},"geometry":{"type":"MultiPolygon","coordinates":[[[[-74.01603,40.70639],[-74.01251,40.70677],[-74.00798,40.70319],[-74.00773,40.70281],[-74.01269,40.70051],[-74.01631,40.70171],[-74.01777,40.70415],[-74.01603,40.70639]]],[[[-74.01646,40.70719],[-74.01799,40.70451],[-74.01887,40.70598],[-74.01646,40.70719]]],[[[-74.0195,40.69338],[-74.01546,40.69338],[-74.01213,40.69068],[-74.01343,40.68795],[-74.02464,40.68394],[-74.02629,40.68632],[-74.0195,40.69338]]],[[[-74.04325,40.68934],[-74.04573,40.68861],[-74.04741,40.69023],[-74.04583,40.69129],[-74.04325,40.68934]]]]}},{"type":"Feature","properties":{"zcta":"11235","d":18093},"geometry":{"type":"Polygon","coordinates":[[[-73.96906,40.584],[-73.96679,40.58511],[-73.9677,40.58723],[-73.96564,40.58889],[-73.96513,40.59111],[-73.95906,40.59212],[-73.959,40.59178],[-73.94061,40.59381],[-73.93591,40.5956],[-73.93495,40.59443],[-73.93243,40.59524],[-73.93003,40.59413],[-73.93073,40.58963],[-73.92797,40.58876],[-73.92595,40.58501],[-73.91994,40.58465],[-73.91766,40.58561],[-73.91151,40.58579],[-73.91327,40.58288],[-73.91584,40.582],[-73.92274,40.58351],[-73.93016,40.5836],[-73.93312,40.58227],[-73.9313,40.57668],[-73.93197,40.57577],[-73.9463,40.5756],[-73.95942,40.57414],[-73.95941,40.57516],[-73.96675,40.57483],[-73.96992,40.57558],[-73.96838,40.58167],[-73.97113,40.58202],[-73.97072,40.58319],[-73.97464,40.58311],[-73.96906,40.584]]]}},{"type":"Feature","properties":{"zcta":"10708","d":3671},"geometry":{"type":"Polygon","coordinates":[[[-73.8497,40.94632],[-73.84825,40.94884],[-73.84287,40.95316],[-73.84253,40.95156],[-73.83939,40.94897],[-73.83795,40.95029],[-73.8336,40.9495],[-73.82914,40.94703],[-73.82135,40.94472],[-73.81837,40.94442],[-73.81535,40.94468],[-73.81613,40.94291],[-73.81405,40.94072],[-73.81516,40.93554],[-73.80673,40.94065],[-73.80656,40.9435],[-73.80197,40.94383],[-73.80406,40.93935],[-73.80692,40.93571],[-73.80583,40.9339],[-73.80077,40.93275],[-73.80095,40.93079],[-73.80066,40.93013],[-73.8054,40.92684],[-73.82254,40.93186],[-73.82418,40.93089],[-73.82669,40.93153],[-73.83096,40.93393],[-73.83223,40.9338],[-73.83924,40.92958],[-73.84039,40.92743],[-73.84166,40.92482],[-73.84362,40.92352],[-73.84483,40.92422],[-73.84722,40.92498],[-73.84564,40.92665],[-73.84619,40.92927],[-73.85645,40.93137],[-73.85493,40.93912],[-73.85314,40.94081],[-73.85035,40.94496],[-73.8497,40.94632]]]}},{"type":"Feature","properties":{"zcta":"11554","d":3249},"geometry":{"type":"Polygon","coordinates":[[[-73.5409,40.72911],[-73.53803,40.72434],[-73.5322,40.71685],[-73.52627,40.70772],[-73.53188,40.70638],[-73.54437,40.70579],[-73.54662,40.70394],[-73.55275,40.70078],[-73.55788,40.69912],[-73.56009,40.69907],[-73.5669,40.69757],[-73.57595,40.6945],[-73.58041,40.71508],[-73.58049,40.7183],[-73.58034,40.72224],[-73.5806,40.72836],[-73.58266,40.73223],[-73.58506,40.73452],[-73.58891,40.73662],[-73.58296,40.73682],[-73.58764,40.74757],[-73.57964,40.74952],[-73.5788,40.74651],[-73.57428,40.73807],[-73.5723,40.73748],[-73.56904,40.73843],[-73.55335,40.73804],[-73.55078,40.73753],[-73.54611,40.73413],[-73.54296,40.73379],[-73.5409,40.72911]]]}},{"type":"Feature","properties":{"zcta":"11021","d":4056},"geometry":{"type":"MultiPolygon","coordinates":[[[[-73.70744,40.78241],[-73.70411,40.78282],[-73.70333,40.7804],[-73.70744,40.78241]]],[[[-73.7185,40.79914],[-73.71392,40.79923],[-73.71283,40.79515],[-73.71946,40.79437],[-73.71982,40.79813],[-73.7185,40.79914]]],[[[-73.74798,40.7877],[-73.74306,40.79073],[-73.74521,40.79467],[-73.74219,40.79547],[-73.74007,40.79371],[-73.7381,40.79438],[-73.73962,40.79655],[-73.73482,40.79777],[-73.73034,40.79377],[-73.72944,40.79473],[-73.72461,40.79536],[-73.72188,40.7948],[-73.72205,40.79342],[-73.71447,40.79447],[-73.71134,40.79216],[-73.70947,40.7907],[-73.70597,40.78577],[-73.70551,40.78742],[-73.70435,40.78361],[-73.70736,40.78326],[-73.70813,40.78531],[-73.71031,40.78497],[-73.72113,40.78002],[-73.72057,40.77934],[-73.72615,40.77675],[-73.72673,40.77744],[-73.73245,40.77422],[-73.73396,40.77245],[-73.75029,40.78248],[-73.74978,40.78471],[-73.74798,40.7877]]]]}},{"type":"Feature","properties":{"zcta":"11203","d":16471},"geometry":{"type":"Polygon","coordinates":[[[-73.93161,40.66356],[-73.93032,40.66066],[-73.92819,40.66018],[-73.9217,40.65437],[-73.92055,40.65046],[-73.91973,40.64273],[-73.92608,40.63816],[-73.93224,40.63496],[-73.93439,40.63483],[-73.93561,40.63704],[-73.93751,40.63692],[-73.93776,40.63926],[-73.9425,40.63897],[-73.94265,40.64034],[-73.94552,40.64017],[-73.94607,40.64531],[-73.94706,40.64525],[-73.94645,40.64884],[-73.94727,40.65183],[-73.94726,40.65644],[-73.94764,40.65996],[-73.94295,40.66024],[-73.94283,40.66285],[-73.93998,40.66345],[-73.93161,40.66356]]]}},{"type":"Feature","properties":{"zcta":"10703","d":6199},"geometry":{"type":"Polygon","coordinates":[[[-73.86776,40.98005],[-73.86863,40.97292],[-73.87104,40.96839],[-73.87121,40.96244],[-73.87186,40.95763],[-73.87214,40.9564],[-73.87579,40.95439],[-73.88165,40.94548],[-73.8827,40.94577],[-73.88599,40.93962],[-73.88991,40.93993],[-73.89347,40.93936],[-73.89442,40.94014],[-73.89261,40.94869],[-73.89065,40.95263],[-73.88811,40.95371],[-73.88748,40.95886],[-73.88544,40.96245],[-73.88544,40.96678],[-73.8843,40.97025],[-73.8824,40.96995],[-73.88304,40.96769],[-73.88126,40.96743],[-73.87931,40.97229],[-73.87718,40.97388],[-73.87481,40.97051],[-73.87259,40.97003],[-73.87135,40.97721],[-73.87234,40.97934],[-73.86776,40.98005]]]}},{"type":"Feature","properties":{"zcta":"11788","d":1038},"geometry":{"type":"Polygon","coordinates":[[[-73.23936,40.82607],[-73.22814,40.82439],[-73.22531,40.82429],[-73.21098,40.82501],[-73.20852,40.82557],[-73.19826,40.8303],[-73.18755,40.83488],[-73.18457,40.83669],[-73.18312,40.83621],[-73.17422,40.83711],[-73.17527,40.82712],[-73.16759,40.82772],[-73.15471,40.82861],[-73.14853,40.82878],[-73.14783,40.82531],[-73.15173,40.82154],[-73.15422,40.81737],[-73.16083,40.81732],[-73.16246,40.81463],[-73.16394,40.81395],[-73.17636,40.8128],[-73.19243,40.81245],[-73.19399,40.80668],[-73.19729,40.80473],[-73.20057,40.80575],[-73.20679,40.80414],[-73.21591,40.80236],[-73.22231,40.80168],[-73.22764,40.80249],[-73.23094,40.80368],[-73.23659,40.80658],[-73.23457,40.80682],[-73.23781,40.80796],[-73.24113,40.80775],[-73.2411,40.80651],[-73.2487,40.80602],[-73.24886,40.80719],[-73.26939,40.80581],[-73.27049,40.81158],[-73.27422,40.81178],[-73.274,40.81479],[-73.27024,40.8145],[-73.27063,40.81712],[-73.2723,40.81774],[-73.26766,40.81963],[-73.25658,40.82992],[-73.25467,40.83095],[-73.23936,40.82607]]]}},{"type":"Feature","properties":{"zcta":"11360","d":7387},"geometry":{"type":"Polygon","coordinates":[[[-73.78413,40.79009],[-73.78219,40.79112],[-73.7812,40.78959],[-73.77415,40.78633],[-73.76784,40.77883],[-73.76503,40.77401],[-73.76984,40.77261],[-73.77105,40.77447],[-73.78206,40.77225],[-73.7819,40.7719],[-73.78948,40.77004],[-73.79167,40.77462],[-73.79092,40.77477],[-73.79199,40.7807],[-73.79494,40.78628],[-73.79058,40.78813],[-73.79083,40.78935],[-73.78413,40.79009]]]}},{"type":"Feature","properties":{"zcta":"10710","d":3135},"geometry":{"type":"MultiPolygon","coordinates":[[[[-73.82815,40.98462],[-73.83004,40.98191],[-73.82995,40.98342],[-73.82815,40.98462]]],[[[-73.85439,40.98202],[-73.83565,40.98486],[-73.83413,40.9837],[-73.83341,40.98518],[-73.83086,40.98504],[-73.83123,40.98221],[-73.83042,40.97953],[-73.82792,40.98301],[-73.8239,40.98031],[-73.82439,40.97778],[-73.82197,40.97701],[-73.8234,40.97085],[-73.82748,40.97067],[-73.82445,40.97009],[-73.82427,40.96879],[-73.82771,40.96452],[-73.83072,40.95608],[-73.8336,40.9495],[-73.83795,40.95029],[-73.83939,40.94897],[-73.84253,40.95156],[-73.84287,40.95316],[-73.84825,40.94884],[-73.8497,40.94632],[-73.85214,40.94892],[-73.8539,40.94669],[-73.85464,40.94915],[-73.85895,40.95244],[-73.86097,40.95535],[-73.86377,40.9546],[-73.86694,40.95573],[-73.87103,40.95581],[-73.87186,40.95763],[-73.87121,40.96244],[-73.87104,40.96839],[-73.86863,40.97292],[-73.86776,40.98005],[-73.85439,40.98202]]]]}},{"type":"Feature","properties":{"zcta":"11768","d":753},"geometry":{"type":"Polygon","coordinates":[[[-73.25971,40.90822],[-73.26016,40.9055],[-73.25949,40.90277],[-73.26074,40.89945],[-73.26274,40.89785],[-73.26794,40.89621],[-73.27186,40.89323],[-73.27255,40.89137],[-73.27245,40.88493],[-73.27786,40.88472],[-73.28197,40.88526],[-73.288,40.88441],[-73.28796,40.88232],[-73.31619,40.88116],[-73.31493,40.88438],[-73.31436,40.89021],[-73.31613,40.89275],[-73.31984,40.89455],[-73.32077,40.89213],[-73.32801,40.89157],[-73.3316,40.89319],[-73.33352,40.89296],[-73.33664,40.88995],[-73.33908,40.89257],[-73.34185,40.8917],[-73.33795,40.88272],[-73.33884,40.88106],[-73.34596,40.87998],[-73.34538,40.87663],[-73.34997,40.87408],[-73.35247,40.8752],[-73.35336,40.87814],[-73.35241,40.88145],[-73.35076,40.88219],[-73.35177,40.88413],[-73.35394,40.88376],[-73.354,40.88596],[-73.35686,40.88867],[-73.35775,40.88847],[-73.35789,40.89336],[-73.35358,40.89484],[-73.35247,40.89792],[-73.35343,40.90226],[-73.35683,40.90614],[-73.35817,40.91138],[-73.35406,40.91292],[-73.3519,40.91844],[-73.35166,40.9227],[-73.35316,40.9243],[-73.36032,40.92522],[-73.36426,40.92875],[-73.37027,40.93028],[-73.3767,40.92908],[-73.37735,40.92562],[-73.37929,40.92553],[-73.38035,40.92819],[-73.38187,40.92865],[-73.38529,40.92638],[-73.3882,40.92562],[-73.38951,40.92363],[-73.39147,40.92398],[-73.39316,40.92594],[-73.3974,40.928],[-73.39894,40.93001],[-73.40354,40.93133],[-73.40346,40.9422],[-73.40196,40.947],[-73.40306,40.94912],[-73.40207,40.95439],[-73.39924,40.95568],[-73.39286,40.9553],[-73.37446,40.9376],[-73.36596,40.9317],[-73.35276,40.9267],[-73.34488,40.92441],[-73.34421,40.92672],[-73.33136,40.9296],[-73.29506,40.9245],[-73.26744,40.91472],[-73.25718,40.91283],[-73.25971,40.90822]]]}},{"type":"Feature","properties":{"zcta":"10475","d":12231},"geometry":{"type":"Polygon","coordinates":[[[-73.83435,40.88385],[-73.82519,40.88698],[-73.81956,40.89016],[-73.81516,40.889],[-73.81541,40.88665],[-73.81981,40.88557],[-73.81993,40.88212],[-73.8233,40.8731],[-73.8204,40.86824],[-73.81994,40.86374],[-73.81881,40.86248],[-73.82047,40.86136],[-73.82724,40.85919],[-73.82959,40.86217],[-73.83582,40.8738],[-73.83582,40.87599],[-73.83874,40.88127],[-73.83435,40.88385]]]}},{"type":"Feature","properties":{"zcta":"11206","d":26060},"geometry":{"type":"Polygon","coordinates":[[[-73.95746,40.70082],[-73.95253,40.70498],[-73.95024,40.70547],[-73.95105,40.71057],[-73.94216,40.71143],[-73.94069,40.71196],[-73.9402,40.70982],[-73.93721,40.7101],[-73.93832,40.71252],[-73.9348,40.71337],[-73.93207,40.70779],[-73.93224,40.7052],[-73.92931,40.7024],[-73.92759,40.70176],[-73.92839,40.69948],[-73.93515,40.69661],[-73.93413,40.69335],[-73.94054,40.69301],[-73.94564,40.69203],[-73.95181,40.6916],[-73.95337,40.69941],[-73.95755,40.69927],[-73.95746,40.70082]]]}},{"type":"Feature","properties":{"zcta":"11368","d":18909},"geometry":{"type":"Polygon","coordinates":[[[-73.85889,40.7579],[-73.85464,40.75847],[-73.85976,40.76184],[-73.86094,40.76373],[-73.86043,40.76387],[-73.8568,40.76398],[-73.85859,40.76192],[-73.85159,40.75936],[-73.84869,40.76014],[-73.84307,40.76359],[-73.84273,40.76463],[-73.83942,40.76543],[-73.83692,40.76277],[-73.83682,40.76125],[-73.83862,40.75705],[-73.83792,40.75454],[-73.8356,40.7514],[-73.83229,40.75194],[-73.8331,40.74799],[-73.83463,40.7469],[-73.8359,40.74338],[-73.83769,40.74324],[-73.83963,40.74279],[-73.84756,40.73906],[-73.85418,40.73695],[-73.86462,40.73427],[-73.86747,40.74236],[-73.86826,40.74631],[-73.87029,40.74893],[-73.87207,40.75386],[-73.87222,40.75694],[-73.85889,40.7579]]]}},{"type":"Feature","properties":{"zcta":"10701","d":7172},"geometry":{"type":"Polygon","coordinates":[[[-73.90478,40.9302],[-73.90426,40.93489],[-73.90204,40.94023],[-73.89966,40.9404],[-73.8998,40.94738],[-73.89899,40.95045],[-73.89971,40.95196],[-73.89824,40.95634],[-73.89705,40.95657],[-73.89269,40.96201],[-73.89177,40.96392],[-73.88882,40.97654],[-73.88034,40.97805],[-73.87987,40.98113],[-73.87234,40.97934],[-73.87135,40.97721],[-73.87259,40.97003],[-73.87481,40.97051],[-73.87718,40.97388],[-73.87931,40.97229],[-73.88126,40.96743],[-73.88304,40.96769],[-73.8824,40.96995],[-73.8843,40.97025],[-73.88544,40.96678],[-73.88544,40.96245],[-73.88748,40.95886],[-73.88811,40.95371],[-73.89065,40.95263],[-73.89261,40.94869],[-73.89442,40.94014],[-73.89347,40.93936],[-73.88991,40.93993],[-73.88599,40.93962],[-73.8827,40.94577],[-73.88165,40.94548],[-73.87579,40.95439],[-73.87214,40.9564],[-73.87186,40.95763],[-73.87103,40.95581],[-73.86694,40.95573],[-73.86377,40.9546],[-73.86097,40.95535],[-73.85895,40.95244],[-73.85464,40.94915],[-73.8539,40.94669],[-73.85214,40.94892],[-73.8497,40.94632],[-73.85035,40.94496],[-73.85336,40.94081],[-73.85574,40.93849],[-73.85637,40.93641],[-73.85799,40.93762],[-73.86048,40.93763],[-73.86249,40.93552],[-73.86666,40.93624],[-73.86826,40.93413],[-73.87089,40.93261],[-73.87956,40.93124],[-73.88397,40.92753],[-73.88696,40.92759],[-73.88974,40.92643],[-73.89094,40.92772],[-73.89254,40.92619],[-73.89564,40.92612],[-73.89559,40.92759],[-73.89813,40.92661],[-73.90412,40.92712],[-73.90488,40.92423],[-73.90696,40.92468],[-73.90478,40.9302]]]}},{"type":"Feature","properties":{"zcta":"10017","d":35363},"geometry":{"type":"Polygon","coordinates":[[[-73.97929,40.7528],[-73.97994,40.75478],[-73.97812,40.75728],[-73.97765,40.75791],[-73.97444,40.75656],[-73.9749,40.75593],[-73.97535,40.7553],[-73.97652,40.75497],[-73.97697,40.75435],[-73.97581,40.75468],[-73.97374,40.75462],[-73.97328,40.75524],[-73.97282,40.75587],[-73.96865,40.7547],[-73.96471,40.75172],[-73.9677,40.74787],[-73.96999,40.74887],[-73.97078,40.74754],[-73.97269,40.74916],[-73.97452,40.74912],[-73.98182,40.7522],[-73.98089,40.75348],[-73.97929,40.7528]],[[-73.97816,40.75146],[-73.97605,40.75144],[-73.97396,40.75144],[-73.97556,40.75212],[-73.97711,40.75188],[-73.97768,40.75212],[-73.97929,40.7528],[-73.97816,40.75146]]]}},{"type":"Feature","properties":{"zcta":"10456","d":38713},"geometry":{"type":"Polygon","coordinates":[[[-73.91139,40.83787],[-73.90891,40.83838],[-73.90959,40.84275],[-73.905,40.84254],[-73.90598,40.83851],[-73.90057,40.83659],[-73.90121,40.8355],[-73.89697,40.83434],[-73.89637,40.83351],[-73.89938,40.83118],[-73.89932,40.82885],[-73.90299,40.82003],[-73.90417,40.81915],[-73.90344,40.81897],[-73.90531,40.81793],[-73.91061,40.81922],[-73.91125,40.82012],[-73.90843,40.82399],[-73.91057,40.82465],[-73.90992,40.82585],[-73.91217,40.8279],[-73.91532,40.82655],[-73.9202,40.8281],[-73.92046,40.83091],[-73.91314,40.83981],[-73.91139,40.83787]]]}},{"type":"Feature","properties":{"zcta":"11418","d":10993},"geometry":{"type":"Polygon","coordinates":[[[-73.85053,40.70807],[-73.84568,40.70848],[-73.83598,40.71171],[-73.83405,40.71003],[-73.83513,40.70808],[-73.83524,40.70499],[-73.83371,40.70415],[-73.83322,40.70112],[-73.82154,40.70373],[-73.82226,40.70546],[-73.81831,40.70616],[-73.81372,40.69715],[-73.82107,40.69578],[-73.83751,40.6913],[-73.84499,40.68916],[-73.84431,40.68954],[-73.84629,40.69401],[-73.85215,40.70225],[-73.85464,40.70529],[-73.85475,40.70677],[-73.85053,40.70807]]]}},{"type":"Feature","properties":{"zcta":"08801","d":238},"geometry":{"type":"Polygon","coordinates":[[[-74.93614,40.62546],[-74.92607,40.6264],[-74.92322,40.62888],[-74.92057,40.63006],[-74.91687,40.6306],[-74.91723,40.62534],[-74.906,40.62551],[-74.90579,40.627],[-74.90279,40.62753],[-74.904,40.63222],[-74.89965,40.6326],[-74.90019,40.63705],[-74.8975,40.63814],[-74.89273,40.63868],[-74.89318,40.63987],[-74.88639,40.64019],[-74.8865,40.64158],[-74.88349,40.64409],[-74.88288,40.64663],[-74.88678,40.64992],[-74.89138,40.65671],[-74.87371,40.66337],[-74.87948,40.67543],[-74.89071,40.68074],[-74.87799,40.68389],[-74.87053,40.68596],[-74.85102,40.6907],[-74.85065,40.6889],[-74.85203,40.68716],[-74.84946,40.68795],[-74.84833,40.68273],[-74.85127,40.68254],[-74.85183,40.68131],[-74.85629,40.68153],[-74.85604,40.68024],[-74.8535,40.67916],[-74.85706,40.67762],[-74.85656,40.67581],[-74.85384,40.67221],[-74.85398,40.66895],[-74.85707,40.66585],[-74.85747,40.66356],[-74.85939,40.65988],[-74.85919,40.65714],[-74.86156,40.6527],[-74.86074,40.6456],[-74.85653,40.6464],[-74.84687,40.64722],[-74.84585,40.6433],[-74.85094,40.64317],[-74.85081,40.63994],[-74.84848,40.63607],[-74.85244,40.63238],[-74.85463,40.6284],[-74.85485,40.62945],[-74.85985,40.63064],[-74.85936,40.62024],[-74.87071,40.61918],[-74.87017,40.61574],[-74.8743,40.61538],[-74.8754,40.61378],[-74.87434,40.61144],[-74.88325,40.61066],[-74.88246,40.60772],[-74.8907,40.60259],[-74.88617,40.59655],[-74.88345,40.59466],[-74.88166,40.59479],[-74.88115,40.59292],[-74.87504,40.5935],[-74.87411,40.59166],[-74.87334,40.58571],[-74.87498,40.58575],[-74.87542,40.58289],[-74.8715,40.58053],[-74.86864,40.57868],[-74.86715,40.57543],[-74.8684,40.5753],[-74.86901,40.57823],[-74.87181,40.58006],[-74.88057,40.5795],[-74.88621,40.57827],[-74.88306,40.57436],[-74.88751,40.5742],[-74.88865,40.57666],[-74.89834,40.5778],[-74.90025,40.58033],[-74.90333,40.57971],[-74.91339,40.58063],[-74.91392,40.57994],[-74.91397,40.58345],[-74.91518,40.5862],[-74.91349,40.58762],[-74.92027,40.59911],[-74.92308,40.59942],[-74.91984,40.60106],[-74.9168,40.60695],[-74.91774,40.60764],[-74.92333,40.60711],[-74.925,40.60875],[-74.93129,40.60858],[-74.93155,40.61491],[-74.93465,40.61656],[-74.93259,40.6187],[-74.93671,40.62201],[-74.93781,40.62573],[-74.93614,40.62546]]]}},{"type":"Feature","properties":{"zcta":"10006","d":26882},"geometry":{"type":"Polygon","coordinates":[[[-74.01012,40.71209],[-74.00999,40.70981],[-74.01054,40.70915],[-74.01125,40.7083],[-74.01251,40.70677],[-74.01603,40.70639],[-74.0137,40.71367],[-74.01012,40.71209]]]}},{"type":"Feature","properties":{"zcta":"07627","d":1104},"geometry":{"type":"Polygon","coordinates":[[[-73.97469,40.96768],[-73.96576,40.9672],[-73.96321,40.96544],[-73.96259,40.96799],[-73.94487,40.95742],[-73.94466,40.95763],[-73.9399,40.95482],[-73.93626,40.95078],[-73.94276,40.94258],[-73.94818,40.94052],[-73.9614,40.94828],[-73.96154,40.95402],[-73.97569,40.95311],[-73.97598,40.95429],[-73.97469,40.96768]]]}},{"type":"Feature","properties":{"zcta":"10589","d":604},"geometry":{"type":"Polygon","coordinates":[[[-73.67,41.35405],[-73.66472,41.35058],[-73.66636,41.34907],[-73.664,41.34717],[-73.66188,41.34404],[-73.66046,41.3386],[-73.65885,41.33687],[-73.66206,41.33457],[-73.66196,41.33107],[-73.66472,41.33198],[-73.66537,41.33052],[-73.66954,41.33007],[-73.66832,41.32837],[-73.67094,41.32856],[-73.67221,41.33376],[-73.67531,41.33303],[-73.67658,41.32973],[-73.67979,41.32786],[-73.68009,41.32451],[-73.6822,41.32374],[-73.68369,41.32113],[-73.6819,41.31748],[-73.68437,41.31531],[-73.68484,41.31251],[-73.68296,41.30994],[-73.6844,41.30745],[-73.68652,41.30687],[-73.6886,41.30778],[-73.68852,41.30478],[-73.68691,41.3012],[-73.68512,41.2994],[-73.68183,41.29777],[-73.68307,41.2958],[-73.68581,41.2943],[-73.68757,41.29817],[-73.69029,41.29721],[-73.69513,41.29763],[-73.69504,41.29995],[-73.69311,41.30092],[-73.69483,41.30345],[-73.69309,41.30576],[-73.69002,41.30758],[-73.69039,41.3125],[-73.69202,41.31401],[-73.69529,41.30822],[-73.69895,41.30317],[-73.7006,41.30537],[-73.70257,41.30622],[-73.70337,41.30978],[-73.71023,41.31475],[-73.71729,41.31404],[-73.71724,41.31871],[-73.71921,41.31917],[-73.71884,41.32131],[-73.7197,41.32614],[-73.72051,41.33081],[-73.71658,41.3327],[-73.71794,41.33806],[-73.72193,41.33725],[-73.72177,41.34287],[-73.71884,41.34349],[-73.71882,41.34487],[-73.71442,41.34534],[-73.7147,41.34702],[-73.71712,41.34666],[-73.71867,41.34898],[-73.69964,41.35092],[-73.67,41.35405]]]}},{"type":"Feature","properties":{"zcta":"11507","d":3599},"geometry":{"type":"Polygon","coordinates":[[[-73.65495,40.77862],[-73.65432,40.77553],[-73.64568,40.77667],[-73.64239,40.77621],[-73.64153,40.771],[-73.63656,40.77163],[-73.63655,40.76698],[-73.64712,40.76534],[-73.65125,40.76299],[-73.65688,40.76273],[-73.65875,40.76086],[-73.65914,40.76359],[-73.6579,40.76543],[-73.66267,40.76886],[-73.66406,40.77391],[-73.66392,40.77587],[-73.66585,40.77638],[-73.66086,40.7789],[-73.65731,40.77966],[-73.65495,40.77862]]]}},{"type":"Feature","properties":{"zcta":"07732","d":651},"geometry":{"type":"Polygon","coordinates":[[[-73.97695,40.39932],[-73.97817,40.39622],[-73.9781,40.38892],[-73.98446,40.38952],[-73.98636,40.39168],[-73.98848,40.39121],[-73.98867,40.39436],[-73.98865,40.39665],[-73.99336,40.39798],[-73.99108,40.40121],[-73.99631,40.40258],[-73.99516,40.40013],[-73.99198,40.40018],[-73.99464,40.39874],[-73.99967,40.40045],[-74.00039,40.40389],[-74.00388,40.40504],[-74.00459,40.40625],[-74.00131,40.41151],[-74.00079,40.41155],[-73.99549,40.41947],[-73.99168,40.44291],[-73.99467,40.44717],[-74.00238,40.44927],[-74.00222,40.45171],[-74.00608,40.46463],[-74.01172,40.46896],[-74.01762,40.47049],[-74.01908,40.47383],[-74.01463,40.47634],[-74.01029,40.47501],[-74.00709,40.47524],[-74.00342,40.47283],[-74.00126,40.47465],[-73.98606,40.45443],[-73.98363,40.44242],[-73.98205,40.41999],[-73.97628,40.40604],[-73.97562,40.39943],[-73.97695,40.39932]]]}},{"type":"Feature","properties":{"zcta":"10065","d":40553},"geometry":{"type":"Polygon","coordinates":[[[-73.97028,40.76803],[-73.96844,40.77052],[-73.95516,40.76492],[-73.95231,40.76456],[-73.95848,40.75854],[-73.96143,40.76036],[-73.97255,40.7649],[-73.97292,40.76904],[-73.97028,40.76803]]]}},{"type":"Feature","properties":{"zcta":"11967","d":1236},"geometry":{"type":"Polygon","coordinates":[[[-72.8849,40.84708],[-72.8861,40.84939],[-72.8862,40.85422],[-72.88753,40.85889],[-72.88763,40.86239],[-72.87594,40.85983],[-72.87519,40.86244],[-72.87655,40.8656],[-72.87601,40.8672],[-72.86728,40.86534],[-72.86632,40.85095],[-72.86567,40.85097],[-72.86506,40.83368],[-72.86498,40.82896],[-72.8631,40.82622],[-72.86401,40.82525],[-72.86319,40.81866],[-72.85414,40.81144],[-72.85963,40.80856],[-72.85822,40.8028],[-72.85864,40.80082],[-72.86065,40.80059],[-72.85936,40.79463],[-72.85756,40.7906],[-72.85663,40.78616],[-72.85137,40.78652],[-72.85088,40.78544],[-72.84825,40.77971],[-72.85179,40.77365],[-72.85211,40.76707],[-72.85299,40.76609],[-72.85712,40.76598],[-72.86315,40.76506],[-72.86248,40.76051],[-72.865,40.75849],[-72.86425,40.75619],[-72.86126,40.75388],[-72.86286,40.74707],[-72.86395,40.74579],[-72.86284,40.74069],[-72.86785,40.7392],[-72.87411,40.74048],[-72.87523,40.73969],[-72.8735,40.73751],[-72.87984,40.74024],[-72.8819,40.74244],[-72.88275,40.74517],[-72.88318,40.75534],[-72.88447,40.75893],[-72.88852,40.76252],[-72.89062,40.76227],[-72.89147,40.76651],[-72.89451,40.76893],[-72.89474,40.7717],[-72.89602,40.77321],[-72.89478,40.77738],[-72.89236,40.77866],[-72.8938,40.77975],[-72.89661,40.78564],[-72.90179,40.79039],[-72.89265,40.79496],[-72.89001,40.79588],[-72.88232,40.7968],[-72.88366,40.80104],[-72.88617,40.80265],[-72.88823,40.80732],[-72.88858,40.8097],[-72.89104,40.81296],[-72.8888,40.81515],[-72.89004,40.81779],[-72.89273,40.81967],[-72.89157,40.81995],[-72.89303,40.82271],[-72.89348,40.82562],[-72.89964,40.8284],[-72.90374,40.82954],[-72.90454,40.82839],[-72.90646,40.8297],[-72.90836,40.83253],[-72.91153,40.83386],[-72.90582,40.83608],[-72.89057,40.84416],[-72.8849,40.84708]]]}},{"type":"Feature","properties":{"zcta":"10040","d":52539},"geometry":{"type":"Polygon","coordinates":[[[-73.93571,40.85962],[-73.93217,40.86649],[-73.92643,40.86534],[-73.92662,40.86453],[-73.92296,40.85891],[-73.92216,40.85561],[-73.92841,40.84703],[-73.92978,40.84815],[-73.92748,40.85069],[-73.92815,40.85186],[-73.93873,40.85645],[-73.93571,40.85962]]]}},{"type":"Feature","properties":{"zcta":"07649","d":1647},"geometry":{"type":"Polygon","coordinates":[[[-74.03802,40.96224],[-74.03689,40.97183],[-74.0282,40.96949],[-74.0242,40.96985],[-74.01642,40.96764],[-74.01648,40.9659],[-74.01828,40.964],[-74.02658,40.9593],[-74.01922,40.95691],[-74.01216,40.95564],[-74.00237,40.95523],[-74.0025,40.9519],[-74.01637,40.95201],[-74.01688,40.95147],[-74.0244,40.9515],[-74.02466,40.94862],[-74.02261,40.94478],[-74.02612,40.94565],[-74.02448,40.94358],[-74.02475,40.94055],[-74.02578,40.94025],[-74.03905,40.94378],[-74.04575,40.94556],[-74.04281,40.95274],[-74.05113,40.95495],[-74.05122,40.95813],[-74.04897,40.96529],[-74.03802,40.96224]]]}},{"type":"Feature","properties":{"zcta":"11365","d":8904},"geometry":{"type":"Polygon","coordinates":[[[-73.80287,40.74975],[-73.80176,40.749],[-73.79746,40.74879],[-73.79605,40.75005],[-73.7948,40.74878],[-73.79145,40.7487],[-73.78121,40.75151],[-73.77981,40.75189],[-73.77888,40.74859],[-73.77576,40.74337],[-73.77286,40.73628],[-73.77584,40.73649],[-73.7804,40.73399],[-73.78821,40.73136],[-73.80041,40.72837],[-73.80711,40.72794],[-73.81089,40.72717],[-73.81186,40.72775],[-73.81105,40.7303],[-73.81253,40.73215],[-73.81242,40.73679],[-73.8105,40.7367],[-73.81084,40.73922],[-73.81063,40.74237],[-73.81431,40.74297],[-73.81416,40.74614],[-73.80751,40.75014],[-73.80287,40.74975]]]}},{"type":"Feature","properties":{"zcta":"11566","d":3366},"geometry":{"type":"Polygon","coordinates":[[[-73.5669,40.69757],[-73.56009,40.69907],[-73.55676,40.69687],[-73.55752,40.69572],[-73.55571,40.69401],[-73.55399,40.69505],[-73.54896,40.69054],[-73.54919,40.68573],[-73.54726,40.68568],[-73.54553,40.67765],[-73.54418,40.67419],[-73.54498,40.67213],[-73.54373,40.66833],[-73.54453,40.66524],[-73.54012,40.66213],[-73.53856,40.65501],[-73.53575,40.65041],[-73.5356,40.64863],[-73.53383,40.64769],[-73.53297,40.64414],[-73.5305,40.64357],[-73.52728,40.63952],[-73.52767,40.6318],[-73.53087,40.6316],[-73.5491,40.63691],[-73.55607,40.63389],[-73.55973,40.62889],[-73.56263,40.62986],[-73.562,40.6327],[-73.56229,40.63863],[-73.5656,40.64631],[-73.56463,40.64769],[-73.56652,40.66038],[-73.56896,40.66265],[-73.56915,40.66886],[-73.57163,40.6754],[-73.57249,40.68208],[-73.57502,40.69084],[-73.57595,40.6945],[-73.5669,40.69757]]]}},{"type":"Feature","properties":{"zcta":"10463","d":23152},"geometry":{"type":"Polygon","coordinates":[[[-73.9187,40.88689],[-73.91876,40.88557],[-73.91604,40.88487],[-73.91398,40.88637],[-73.91669,40.8869],[-73.91634,40.89129],[-73.90906,40.88951],[-73.90626,40.88757],[-73.90551,40.8902],[-73.90286,40.88917],[-73.90237,40.88725],[-73.89984,40.88654],[-73.89646,40.89371],[-73.89717,40.89968],[-73.89641,40.90296],[-73.89663,40.91132],[-73.88612,40.90802],[-73.87819,40.90598],[-73.87801,40.90597],[-73.87944,40.89822],[-73.88049,40.89655],[-73.88719,40.89003],[-73.88697,40.88281],[-73.88836,40.88227],[-73.89213,40.87806],[-73.89733,40.87145],[-73.89843,40.87374],[-73.90032,40.87443],[-73.90021,40.87705],[-73.90215,40.87559],[-73.90348,40.86984],[-73.90837,40.86725],[-73.91083,40.86413],[-73.90834,40.86971],[-73.9086,40.87168],[-73.91048,40.87402],[-73.91981,40.87658],[-73.92163,40.87832],[-73.92497,40.87914],[-73.92096,40.88729],[-73.9187,40.88689]]]}},{"type":"Feature","properties":{"zcta":"11553","d":4359},"geometry":{"type":"Polygon","coordinates":[[[-73.60688,40.72272],[-73.60365,40.72351],[-73.60447,40.72711],[-73.6005,40.72737],[-73.60081,40.72825],[-73.59512,40.72952],[-73.59343,40.72867],[-73.59248,40.72577],[-73.58734,40.72564],[-73.58561,40.72075],[-73.58773,40.71999],[-73.58544,40.71832],[-73.58049,40.7183],[-73.58041,40.71508],[-73.57595,40.6945],[-73.57502,40.69084],[-73.58667,40.69118],[-73.58896,40.69049],[-73.59447,40.68689],[-73.60144,40.68607],[-73.60726,40.68402],[-73.60747,40.68449],[-73.60759,40.68853],[-73.60929,40.69319],[-73.60476,40.69453],[-73.60592,40.69516],[-73.60136,40.69794],[-73.60135,40.70759],[-73.59979,40.71125],[-73.60169,40.71274],[-73.60619,40.71323],[-73.60908,40.72072],[-73.60688,40.72272]],[[-73.60359,40.71437],[-73.59428,40.71767],[-73.59374,40.72216],[-73.59492,40.72288],[-73.60605,40.72055],[-73.60359,40.71437]]]}},{"type":"Feature","properties":{"zcta":"10532","d":1384},"geometry":{"type":"Polygon","coordinates":[[[-73.8264,41.08273],[-73.82389,41.08516],[-73.81882,41.0928],[-73.81271,41.09655],[-73.81118,41.09826],[-73.81113,41.10435],[-73.81018,41.10579],[-73.80635,41.10807],[-73.79765,41.11149],[-73.79322,41.11402],[-73.79169,41.11404],[-73.78732,41.11174],[-73.78816,41.11103],[-73.78248,41.11114],[-73.78274,41.10811],[-73.77558,41.10809],[-73.77707,41.10466],[-73.77834,41.10325],[-73.78166,41.10228],[-73.78187,41.09796],[-73.7842,41.09657],[-73.7918,41.09592],[-73.79182,41.09284],[-73.78996,41.08873],[-73.79086,41.08893],[-73.79307,41.09315],[-73.79426,41.09712],[-73.79787,41.09929],[-73.80227,41.09523],[-73.80143,41.08941],[-73.7976,41.08551],[-73.8005,41.082],[-73.80345,41.09027],[-73.80727,41.08997],[-73.8109,41.08781],[-73.81463,41.08919],[-73.8191,41.08507],[-73.81779,41.07631],[-73.82035,41.07777],[-73.82777,41.08043],[-73.82881,41.08166],[-73.8264,41.08273]]]}},{"type":"Feature","properties":{"zcta":"11791","d":960},"geometry":{"type":"Polygon","coordinates":[[[-73.51325,40.84596],[-73.50175,40.8475],[-73.49579,40.84926],[-73.49358,40.8494],[-73.48802,40.85128],[-73.48662,40.8532],[-73.48469,40.85274],[-73.48238,40.85519],[-73.48449,40.85619],[-73.48751,40.86201],[-73.48612,40.86232],[-73.48656,40.86663],[-73.48591,40.86789],[-73.48849,40.87124],[-73.48492,40.87511],[-73.47652,40.87146],[-73.46939,40.86643],[-73.46521,40.86801],[-73.46226,40.86671],[-73.46407,40.85955],[-73.45769,40.84908],[-73.45526,40.84087],[-73.45939,40.83981],[-73.46189,40.84107],[-73.46605,40.84083],[-73.4693,40.83928],[-73.48278,40.83787],[-73.48364,40.83693],[-73.47977,40.8226],[-73.48977,40.82054],[-73.49055,40.8141],[-73.49163,40.81178],[-73.49108,40.80613],[-73.48737,40.79509],[-73.49215,40.79499],[-73.49179,40.79304],[-73.49613,40.78832],[-73.4996,40.78522],[-73.50043,40.78684],[-73.50361,40.78743],[-73.51492,40.78455],[-73.51605,40.7913],[-73.51503,40.7974],[-73.52773,40.80228],[-73.52754,40.80409],[-73.53176,40.8086],[-73.53118,40.81144],[-73.53221,40.81191],[-73.53411,40.8091],[-73.53246,40.80882],[-73.53424,40.80624],[-73.53669,40.80661],[-73.53576,40.8093],[-73.53929,40.8118],[-73.53696,40.82041],[-73.54323,40.81991],[-73.54995,40.82175],[-73.5515,40.82021],[-73.55297,40.82197],[-73.5507,40.82354],[-73.55509,40.83193],[-73.55533,40.83459],[-73.55101,40.83183],[-73.5449,40.83268],[-73.53947,40.8322],[-73.53566,40.83557],[-73.53495,40.83894],[-73.53114,40.83958],[-73.52885,40.83515],[-73.52385,40.8359],[-73.52228,40.83497],[-73.52222,40.83906],[-73.52403,40.83892],[-73.52454,40.84321],[-73.52286,40.8443],[-73.5174,40.8457],[-73.51325,40.84596]]]}},{"type":"Feature","properties":{"zcta":"11361","d":8165},"geometry":{"type":"Polygon","coordinates":[[[-73.7819,40.7719],[-73.78206,40.77225],[-73.77105,40.77447],[-73.76984,40.77261],[-73.76503,40.77401],[-73.76047,40.76951],[-73.75851,40.76439],[-73.758,40.76038],[-73.75626,40.75843],[-73.76183,40.75671],[-73.76874,40.75536],[-73.77981,40.75189],[-73.78121,40.75151],[-73.78009,40.75249],[-73.78212,40.75534],[-73.78948,40.77004],[-73.7819,40.7719]]]}},{"type":"Feature","properties":{"zcta":"10591","d":1257},"geometry":{"type":"Polygon","coordinates":[[[-73.86179,41.11045],[-73.86039,41.11307],[-73.86371,41.11429],[-73.86349,41.11766],[-73.86049,41.11801],[-73.85846,41.11272],[-73.85831,41.11036],[-73.85162,41.10831],[-73.84736,41.10793],[-73.84482,41.10852],[-73.84295,41.10922],[-73.83931,41.11217],[-73.82999,41.11436],[-73.82929,41.11308],[-73.82618,41.11263],[-73.82421,41.11054],[-73.82042,41.11082],[-73.81913,41.10854],[-73.81586,41.10771],[-73.81181,41.10806],[-73.81271,41.09655],[-73.81882,41.0928],[-73.82389,41.08516],[-73.8264,41.08273],[-73.82881,41.08166],[-73.83188,41.07956],[-73.83409,41.0766],[-73.83294,41.07188],[-73.82818,41.06918],[-73.82503,41.0649],[-73.82238,41.063],[-73.82245,41.06051],[-73.82691,41.06046],[-73.82958,41.0589],[-73.83384,41.05757],[-73.8367,41.05787],[-73.8415,41.06008],[-73.84471,41.0606],[-73.84515,41.05507],[-73.85184,41.05534],[-73.85191,41.05079],[-73.85583,41.05144],[-73.85652,41.04836],[-73.8611,41.04826],[-73.86393,41.04645],[-73.86741,41.04767],[-73.87082,41.04696],[-73.87018,41.05548],[-73.86626,41.07148],[-73.86794,41.07206],[-73.86615,41.07551],[-73.86933,41.07554],[-73.86924,41.07963],[-73.86837,41.08004],[-73.87388,41.08275],[-73.87283,41.08557],[-73.87293,41.08848],[-73.86999,41.0906],[-73.87021,41.09497],[-73.8693,41.10318],[-73.86822,41.10737],[-73.86827,41.11074],[-73.86179,41.11045]]]}},{"type":"Feature","properties":{"zcta":"11752","d":1446},"geometry":{"type":"Polygon","coordinates":[[[-73.19333,40.75722],[-73.18711,40.7574],[-73.1865,40.75851],[-73.18867,40.77172],[-73.17989,40.77262],[-73.17973,40.77174],[-73.17494,40.77225],[-73.17071,40.77432],[-73.16506,40.77565],[-73.16346,40.77578],[-73.16076,40.77319],[-73.15717,40.77104],[-73.15687,40.76637],[-73.15333,40.76321],[-73.15195,40.7637],[-73.148,40.7602],[-73.14848,40.7568],[-73.14699,40.75333],[-73.15007,40.7479],[-73.15257,40.74796],[-73.16062,40.74877],[-73.17729,40.74622],[-73.18256,40.74472],[-73.19297,40.7432],[-73.2012,40.74272],[-73.20143,40.74724],[-73.19937,40.75369],[-73.20015,40.75568],[-73.19333,40.75722]]]}},{"type":"Feature","properties":{"zcta":"07711","d":835},"geometry":{"type":"Polygon","coordinates":[[[-74.00938,40.24417],[-74.008,40.23985],[-73.99339,40.23738],[-73.99588,40.23036],[-74.0062,40.23117],[-74.00889,40.23341],[-74.00868,40.23536],[-74.01245,40.23603],[-74.01529,40.23911],[-74.02276,40.24087],[-74.02117,40.24436],[-74.0209,40.2469],[-74.01805,40.24812],[-74.01684,40.24375],[-74.01381,40.24341],[-74.00938,40.24417]]]}},{"type":"Feature","properties":{"zcta":"08879","d":1694},"geometry":{"type":"MultiPolygon","coordinates":[[[[-74.29783,40.44582],[-74.28366,40.4483],[-74.27747,40.44573],[-74.27624,40.44412],[-74.27708,40.44483],[-74.27913,40.44221],[-74.2774,40.44129],[-74.28177,40.43891],[-74.28159,40.43671],[-74.28594,40.43578],[-74.28329,40.43441],[-74.28279,40.43301],[-74.28625,40.42729],[-74.29373,40.42756],[-74.29536,40.43185],[-74.29692,40.4312],[-74.30016,40.43628],[-74.29826,40.44087],[-74.29945,40.44489],[-74.29783,40.44582]]],[[[-74.29667,40.50931],[-74.2917,40.50783],[-74.28914,40.50558],[-74.28836,40.50319],[-74.28898,40.4994],[-74.28779,40.49841],[-74.28047,40.497],[-74.2826,40.49337],[-74.27908,40.4913],[-74.27613,40.49119],[-74.27591,40.48927],[-74.27284,40.49027],[-74.27209,40.48946],[-74.27546,40.4884],[-74.27393,40.48409],[-74.27017,40.48514],[-74.26699,40.47914],[-74.26609,40.47113],[-74.26189,40.46471],[-74.25012,40.46148],[-74.24494,40.45802],[-74.23696,40.45737],[-74.23712,40.45534],[-74.23973,40.45584],[-74.23947,40.45334],[-74.24164,40.45268],[-74.24484,40.45],[-74.2466,40.44624],[-74.24264,40.44163],[-74.24479,40.44096],[-74.24748,40.43153],[-74.2556,40.43685],[-74.26552,40.44245],[-74.2675,40.44441],[-74.27121,40.45101],[-74.27319,40.45434],[-74.26757,40.45722],[-74.26527,40.46034],[-74.2681,40.46072],[-74.27333,40.46016],[-74.27413,40.46179],[-74.27779,40.46293],[-74.28109,40.46094],[-74.28961,40.46468],[-74.29076,40.46287],[-74.29422,40.46105],[-74.29329,40.45906],[-74.29603,40.45658],[-74.29569,40.46383],[-74.29761,40.46856],[-74.29612,40.47115],[-74.29554,40.47187],[-74.29766,40.47428],[-74.29343,40.47711],[-74.29789,40.4816],[-74.30134,40.48147],[-74.30239,40.48568],[-74.30191,40.48896],[-74.30009,40.49529],[-74.30124,40.50138],[-74.30097,40.50898],[-74.29667,40.50931]]]]}},{"type":"Feature","properties":{"zcta":"07660","d":4171},"geometry":{"type":"Polygon","coordinates":[[[-74.02299,40.86549],[-74.02232,40.86567],[-74.01574,40.8647],[-74.00499,40.86014],[-74.00642,40.85687],[-74.00916,40.85273],[-74.01094,40.84683],[-74.01148,40.84135],[-74.01315,40.83891],[-74.02162,40.83986],[-74.02518,40.843],[-74.02715,40.84636],[-74.03047,40.84648],[-74.02851,40.85418],[-74.03238,40.85863],[-74.03308,40.86362],[-74.03535,40.86623],[-74.03585,40.86922],[-74.02299,40.86549]]]}},{"type":"Feature","properties":{"zcta":"08846","d":2199},"geometry":{"type":"Polygon","coordinates":[[[-74.50512,40.58628],[-74.50244,40.58401],[-74.50198,40.58531],[-74.49438,40.58652],[-74.49283,40.58749],[-74.49067,40.58651],[-74.48884,40.588],[-74.48346,40.58937],[-74.47846,40.59284],[-74.47564,40.58932],[-74.47673,40.58856],[-74.47321,40.58591],[-74.46967,40.58557],[-74.48129,40.57808],[-74.47949,40.57382],[-74.48153,40.57264],[-74.48634,40.57144],[-74.49729,40.56476],[-74.49856,40.5629],[-74.50029,40.56407],[-74.50721,40.56018],[-74.51125,40.56024],[-74.51984,40.55558],[-74.5235,40.55856],[-74.52668,40.55947],[-74.5245,40.56195],[-74.52589,40.56823],[-74.52392,40.56967],[-74.52106,40.57403],[-74.51544,40.57938],[-74.51635,40.58075],[-74.51215,40.58208],[-74.50512,40.58628]]]}},{"type":"Feature","properties":{"zcta":"07016","d":2478},"geometry":{"type":"Polygon","coordinates":[[[-74.3104,40.67848],[-74.3124,40.67613],[-74.31179,40.67421],[-74.30778,40.6744],[-74.30668,40.67206],[-74.29095,40.67324],[-74.29195,40.67167],[-74.29061,40.67037],[-74.2886,40.67085],[-74.28585,40.6673],[-74.28536,40.66527],[-74.28342,40.6582],[-74.28325,40.65641],[-74.28522,40.65502],[-74.28276,40.65428],[-74.28164,40.65019],[-74.28128,40.64362],[-74.28774,40.63972],[-74.28955,40.63997],[-74.29666,40.63821],[-74.30175,40.63484],[-74.30346,40.63428],[-74.3055,40.64081],[-74.31075,40.63705],[-74.31285,40.63831],[-74.31972,40.64233],[-74.31662,40.64526],[-74.32065,40.64739],[-74.31657,40.65038],[-74.31248,40.65414],[-74.31943,40.65814],[-74.32571,40.65623],[-74.32628,40.65746],[-74.32736,40.6626],[-74.32318,40.67219],[-74.32361,40.67502],[-74.32248,40.67685],[-74.3104,40.67848]]]}},{"type":"Feature","properties":{"zcta":"08825","d":82},"geometry":{"type":"Polygon","coordinates":[[[-75.04799,40.56952],[-75.04443,40.56989],[-75.04148,40.57312],[-75.03695,40.57286],[-75.03225,40.57036],[-75.02781,40.5652],[-75.0319,40.56397],[-75.0315,40.56293],[-75.02465,40.55638],[-75.01619,40.56162],[-75.01295,40.55793],[-75.00759,40.55904],[-75.00361,40.55818],[-75.00016,40.55845],[-74.99887,40.55637],[-75.00358,40.55432],[-74.98974,40.54976],[-74.98968,40.54606],[-74.9843,40.53321],[-74.98261,40.53343],[-74.98303,40.52963],[-74.9755,40.52847],[-74.97339,40.52763],[-74.97184,40.53063],[-74.9682,40.52592],[-74.96107,40.52669],[-74.95964,40.52604],[-74.95351,40.52721],[-74.95019,40.52675],[-74.94767,40.51122],[-74.95058,40.50786],[-74.96444,40.50587],[-74.97295,40.50043],[-74.97936,40.50538],[-74.9915,40.50088],[-74.99185,40.49889],[-74.98991,40.49362],[-74.99312,40.49196],[-74.99149,40.48184],[-74.99552,40.48741],[-75.00113,40.48557],[-75.00021,40.48361],[-75.00371,40.4814],[-75.00182,40.479],[-75.00822,40.47599],[-75.01157,40.47823],[-75.01317,40.47745],[-75.01494,40.47928],[-75.01718,40.47559],[-75.01932,40.47492],[-75.02194,40.47245],[-75.02029,40.47047],[-75.02283,40.46912],[-75.02406,40.4645],[-75.02412,40.46086],[-75.02699,40.45842],[-75.03255,40.45638],[-75.03752,40.45593],[-75.0505,40.45221],[-75.05949,40.45268],[-75.06675,40.45139],[-75.06829,40.45739],[-75.06687,40.46111],[-75.06334,40.46639],[-75.06208,40.46972],[-75.06057,40.47719],[-75.06427,40.47698],[-75.06287,40.48164],[-75.06262,40.48955],[-75.06327,40.49936],[-75.06484,40.5035],[-75.06495,40.51071],[-75.06585,40.5195],[-75.06509,40.52615],[-75.0664,40.53652],[-75.06314,40.53706],[-75.06353,40.53994],[-75.0688,40.54813],[-75.06672,40.54855],[-75.06436,40.54473],[-75.06094,40.54462],[-75.0581,40.54977],[-75.06025,40.55444],[-75.05747,40.5568],[-75.05926,40.56022],[-75.05448,40.56275],[-75.05217,40.56314],[-75.0547,40.57124],[-75.04799,40.56952]]]}},{"type":"Feature","properties":{"zcta":"08876","d":839},"geometry":{"type":"MultiPolygon","coordinates":[[[[-74.625,40.58045],[-74.62035,40.58009],[-74.61851,40.5817],[-74.6085,40.58055],[-74.60893,40.57879],[-74.605,40.5783],[-74.60431,40.58024],[-74.5987,40.57975],[-74.59935,40.57794],[-74.59678,40.57672],[-74.59732,40.57529],[-74.59371,40.57486],[-74.59493,40.57111],[-74.58626,40.57053],[-74.58957,40.56118],[-74.60602,40.5639],[-74.60825,40.56021],[-74.61014,40.55874],[-74.6081,40.55836],[-74.61258,40.5579],[-74.61622,40.55604],[-74.62033,40.55739],[-74.62203,40.56127],[-74.62612,40.56314],[-74.62587,40.56546],[-74.62316,40.56553],[-74.62544,40.56873],[-74.62538,40.5739],[-74.625,40.58045]]],[[[-74.73549,40.55893],[-74.7307,40.56358],[-74.7246,40.56618],[-74.71871,40.57541],[-74.72269,40.57579],[-74.72695,40.57752],[-74.72162,40.58559],[-74.72,40.58696],[-74.72903,40.58986],[-74.72623,40.59443],[-74.72265,40.59621],[-74.71971,40.60363],[-74.73118,40.60669],[-74.72676,40.61061],[-74.72852,40.6123],[-74.73298,40.61096],[-74.73853,40.61388],[-74.73709,40.61539],[-74.72882,40.61279],[-74.72095,40.62324],[-74.72401,40.62517],[-74.72802,40.62426],[-74.73316,40.62488],[-74.73421,40.62821],[-74.73615,40.62945],[-74.73258,40.63249],[-74.72705,40.63406],[-74.72518,40.63158],[-74.7194,40.6309],[-74.71702,40.6317],[-74.71363,40.63082],[-74.71139,40.62748],[-74.71154,40.62504],[-74.70822,40.62412],[-74.7053,40.6216],[-74.7027,40.62112],[-74.69921,40.62287],[-74.69929,40.62574],[-74.70062,40.62925],[-74.69829,40.632],[-74.6943,40.63297],[-74.68813,40.63237],[-74.68648,40.63466],[-74.68448,40.63541],[-74.68278,40.63446],[-74.68306,40.63061],[-74.68051,40.62826],[-74.68153,40.62598],[-74.6796,40.62275],[-74.67513,40.61915],[-74.67071,40.6164],[-74.66721,40.61591],[-74.66651,40.61332],[-74.66994,40.61162],[-74.66703,40.60711],[-74.66956,40.6027],[-74.67225,40.60154],[-74.67545,40.59869],[-74.6758,40.59593],[-74.67853,40.59125],[-74.68117,40.58884],[-74.68317,40.58585],[-74.68372,40.58358],[-74.68156,40.58002],[-74.67987,40.572],[-74.676,40.56577],[-74.67937,40.56454],[-74.68124,40.56291],[-74.6865,40.56016],[-74.68786,40.55652],[-74.68741,40.55535],[-74.69213,40.55115],[-74.69617,40.54671],[-74.69995,40.54846],[-74.6995,40.54981],[-74.70126,40.55381],[-74.70622,40.55284],[-74.70894,40.55349],[-74.71177,40.55292],[-74.71476,40.55399],[-74.71655,40.55118],[-74.7191,40.55012],[-74.72091,40.55431],[-74.72523,40.55277],[-74.72687,40.55469],[-74.72871,40.55413],[-74.73349,40.55501],[-74.73652,40.55461],[-74.74128,40.55246],[-74.74308,40.55326],[-74.73549,40.55893]]]]}},{"type":"Feature","properties":{"zcta":"07021","d":781},"geometry":{"type":"Polygon","coordinates":[[[-74.25928,40.83483],[-74.26476,40.82507],[-74.26897,40.82679],[-74.27643,40.81457],[-74.27756,40.81484],[-74.28064,40.81815],[-74.28504,40.81786],[-74.28495,40.81918],[-74.28931,40.82177],[-74.28858,40.8224],[-74.29145,40.82388],[-74.29033,40.82498],[-74.29453,40.82777],[-74.29873,40.83136],[-74.29895,40.83308],[-74.29089,40.83363],[-74.28786,40.83441],[-74.28515,40.83357],[-74.28253,40.83518],[-74.27687,40.83116],[-74.27489,40.83248],[-74.26893,40.82974],[-74.26623,40.83126],[-74.26719,40.83236],[-74.26512,40.83531],[-74.2598,40.83488],[-74.25928,40.83483]]]}},{"type":"Feature","properties":{"zcta":"07760","d":636},"geometry":{"type":"Polygon","coordinates":[[[-73.98848,40.39121],[-73.98636,40.39168],[-73.98446,40.38952],[-73.9781,40.38892],[-73.97817,40.39622],[-73.97695,40.39932],[-73.97562,40.39943],[-73.97414,40.38471],[-73.97182,40.35427],[-73.97268,40.34581],[-73.98647,40.34582],[-73.99205,40.34944],[-74.00319,40.33995],[-74.00945,40.33925],[-74.01892,40.33936],[-74.02559,40.3385],[-74.03298,40.34626],[-74.03177,40.34682],[-74.03767,40.35224],[-74.02681,40.35569],[-74.01899,40.36046],[-74.03369,40.37566],[-74.03109,40.37671],[-74.03208,40.37854],[-74.03671,40.37741],[-74.03804,40.37963],[-74.03907,40.37806],[-74.04413,40.37686],[-74.04343,40.38019],[-74.04576,40.38722],[-74.04596,40.38805],[-74.03866,40.39524],[-74.03864,40.39683],[-74.03625,40.39601],[-74.03417,40.39705],[-74.02864,40.3959],[-74.02741,40.39959],[-74.01796,40.39708],[-74.01533,40.39974],[-74.01492,40.39843],[-74.00534,40.39854],[-74.00211,40.39663],[-73.98867,40.39436],[-73.98848,40.39121]]]}},{"type":"Feature","properties":{"zcta":"07077","d":933},"geometry":{"type":"Polygon","coordinates":[[[-74.25508,40.56495],[-74.25097,40.5635],[-74.24828,40.56761],[-74.24204,40.56524],[-74.23445,40.56178],[-74.23471,40.56042],[-74.23871,40.5578],[-74.24941,40.55436],[-74.25226,40.55274],[-74.25464,40.54859],[-74.25297,40.54227],[-74.2529,40.54007],[-74.25647,40.54023],[-74.25859,40.53723],[-74.2622,40.53912],[-74.26459,40.54288],[-74.26602,40.5448],[-74.26891,40.5457],[-74.26789,40.54743],[-74.27089,40.55034],[-74.2702,40.55157],[-74.26798,40.54978],[-74.26638,40.55356],[-74.26758,40.55531],[-74.26433,40.55796],[-74.2599,40.56249],[-74.25508,40.56495]]]}},{"type":"Feature","properties":{"zcta":"07463","d":2500},"geometry":{"type":"Polygon","coordinates":[[[-74.13144,41.01862],[-74.13178,41.02226],[-74.12646,41.02248],[-74.12614,41.02096],[-74.12075,41.02008],[-74.11562,41.01898],[-74.11413,41.01766],[-74.11132,41.0173],[-74.10881,41.0186],[-74.10938,41.01594],[-74.10471,41.01526],[-74.10536,41.01103],[-74.09635,41.01198],[-74.09719,41.00929],[-74.09375,41.0053],[-74.11182,41.00849],[-74.11781,41.00802],[-74.12018,41.0064],[-74.12522,41.00562],[-74.12797,41.00741],[-74.13183,41.00668],[-74.13759,41.0078],[-74.15137,41.01057],[-74.14932,41.01328],[-74.14777,41.02177],[-74.13144,41.01862]]]}},{"type":"Feature","properties":{"zcta":"07060","d":4559},"geometry":{"type":"Polygon","coordinates":[[[-74.44563,40.62566],[-74.44168,40.62938],[-74.42496,40.63692],[-74.42478,40.63584],[-74.42124,40.63352],[-74.42165,40.63197],[-74.41928,40.63228],[-74.4166,40.63096],[-74.41547,40.62791],[-74.40622,40.62253],[-74.40312,40.62012],[-74.3996,40.62043],[-74.39551,40.6229],[-74.39297,40.62161],[-74.38999,40.62209],[-74.39715,40.60805],[-74.39548,40.60618],[-74.39472,40.60099],[-74.4247,40.59851],[-74.42662,40.60038],[-74.42514,40.60172],[-74.43271,40.60631],[-74.43751,40.61028],[-74.43834,40.60967],[-74.44198,40.61293],[-74.44698,40.61461],[-74.44727,40.61665],[-74.44975,40.61946],[-74.45486,40.6155],[-74.46129,40.61162],[-74.46291,40.60889],[-74.46495,40.61127],[-74.45327,40.61997],[-74.44563,40.62566]]]}},{"type":"Feature","properties":{"zcta":"10199","d":0},"geometry":{"type":"MultiPolygon","coordinates":[[[[-73.99768,40.75144],[-73.99679,40.75272],[-73.99395,40.75152],[-73.99484,40.75029],[-73.99768,40.75144]]],[[[-73.99859,40.75024],[-74.00143,40.75144],[-73.99812,40.7509],[-73.99859,40.75024]]]]}},{"type":"Feature","properties":{"zcta":"07305","d":5359},"geometry":{"type":"MultiPolygon","coordinates":[[[[-74.039,40.69762],[-74.04166,40.69644],[-74.04406,40.69828],[-74.0422,40.69997],[-74.039,40.69762]]],[[[-74.10377,40.71869],[-74.10172,40.71774],[-74.09933,40.71815],[-74.09551,40.71616],[-74.09431,40.71813],[-74.08786,40.71483],[-74.08635,40.71597],[-74.08372,40.7137],[-74.0696,40.71013],[-74.07096,40.70776],[-74.06945,40.70658],[-74.07181,40.70487],[-74.07013,40.70346],[-74.07249,40.70241],[-74.06878,40.70096],[-74.06395,40.7053],[-74.05613,40.70933],[-74.05481,40.7106],[-74.05206,40.70993],[-74.05115,40.71112],[-74.0397,40.7096],[-74.03854,40.71074],[-74.03413,40.71033],[-74.03549,40.70574],[-74.03942,40.70619],[-74.04875,40.69899],[-74.05533,40.69082],[-74.06498,40.69595],[-74.07011,40.69065],[-74.06997,40.68395],[-74.07781,40.67465],[-74.06422,40.66886],[-74.06572,40.66685],[-74.09813,40.68068],[-74.09979,40.68577],[-74.10203,40.69048],[-74.10154,40.69319],[-74.10285,40.69536],[-74.10626,40.69708],[-74.10248,40.70193],[-74.10637,40.70481],[-74.1066,40.70939],[-74.10815,40.71596],[-74.10377,40.71869]]]]}},{"type":"Feature","properties":{"zcta":"07442","d":2070},"geometry":{"type":"Polygon","coordinates":[[[-74.28703,41.0165],[-74.28624,41.01896],[-74.28118,41.02358],[-74.28185,41.02439],[-74.27742,41.02335],[-74.27066,41.02103],[-74.27223,41.01794],[-74.26685,41.01388],[-74.27287,41.00842],[-74.27747,41.00293],[-74.27573,40.99819],[-74.27656,40.99411],[-74.2809,40.99169],[-74.27943,40.98563],[-74.28126,40.98376],[-74.28169,40.97996],[-74.2852,40.97879],[-74.29309,40.97985],[-74.29491,40.97887],[-74.29742,40.97962],[-74.29745,40.98358],[-74.29297,40.98782],[-74.29414,40.99045],[-74.29578,40.99101],[-74.29555,40.9947],[-74.29784,40.99662],[-74.29767,41.00125],[-74.30003,41.00312],[-74.30308,41.01205],[-74.30236,41.01308],[-74.29661,41.01333],[-74.29012,41.01558],[-74.28703,41.0165]]]}},{"type":"Feature","properties":{"zcta":"07666","d":3384},"geometry":{"type":"Polygon","coordinates":[[[-74.0302,40.91401],[-74.02533,40.91611],[-74.02153,40.91708],[-74.01853,40.91473],[-74.01641,40.9146],[-74.01748,40.91213],[-74.01038,40.90961],[-74.00511,40.9085],[-74.00038,40.91262],[-73.99273,40.911],[-73.98861,40.9117],[-73.9897,40.90721],[-73.98972,40.9024],[-73.99236,40.89348],[-73.99473,40.88872],[-73.98746,40.88617],[-73.9931,40.87944],[-73.994,40.87431],[-73.99376,40.87319],[-73.99897,40.86675],[-74.00182,40.8646],[-74.00499,40.86014],[-74.01574,40.8647],[-74.02232,40.86567],[-74.02081,40.87291],[-74.02376,40.87423],[-74.02179,40.88053],[-74.03445,40.88427],[-74.0335,40.88727],[-74.03683,40.88853],[-74.03613,40.89191],[-74.03134,40.89601],[-74.03195,40.89977],[-74.03125,40.90184],[-74.0279,40.90329],[-74.02645,40.90652],[-74.02483,40.90757],[-74.02538,40.91018],[-74.02731,40.91271],[-74.02989,40.91347],[-74.0302,40.91401]]]}},{"type":"Feature","properties":{"zcta":"07465","d":433},"geometry":{"type":"Polygon","coordinates":[[[-74.3464,41.06096],[-74.32821,41.06706],[-74.32525,41.06843],[-74.31771,41.06867],[-74.31819,41.07044],[-74.31682,41.07198],[-74.31324,41.07152],[-74.31193,41.07293],[-74.3098,41.07193],[-74.30538,41.07168],[-74.30329,41.07267],[-74.29805,41.07131],[-74.29575,41.06727],[-74.2964,41.06451],[-74.29975,41.06284],[-74.30172,41.06042],[-74.30191,41.05838],[-74.30429,41.05683],[-74.3002,41.0564],[-74.30236,41.05298],[-74.29776,41.05143],[-74.29757,41.0527],[-74.29308,41.05181],[-74.29161,41.05831],[-74.29008,41.05768],[-74.28976,41.06036],[-74.28697,41.06532],[-74.28902,41.06586],[-74.28608,41.06823],[-74.28638,41.07113],[-74.28239,41.07177],[-74.28164,41.07077],[-74.28394,41.06526],[-74.27663,41.06402],[-74.27454,41.06171],[-74.26993,41.06241],[-74.26713,41.06107],[-74.26287,41.0636],[-74.25046,41.06082],[-74.27066,41.02103],[-74.27742,41.02335],[-74.28185,41.02439],[-74.28118,41.02358],[-74.28624,41.01896],[-74.28703,41.0165],[-74.29012,41.01558],[-74.2887,41.02152],[-74.28773,41.02323],[-74.2882,41.02551],[-74.28609,41.02678],[-74.28453,41.02976],[-74.28342,41.03593],[-74.28389,41.03681],[-74.28819,41.03711],[-74.29211,41.03944],[-74.29222,41.04148],[-74.28946,41.04318],[-74.29261,41.04399],[-74.29291,41.04151],[-74.29506,41.04179],[-74.29919,41.03883],[-74.31136,41.03989],[-74.31245,41.03806],[-74.30923,41.03533],[-74.31023,41.03259],[-74.31634,41.0325],[-74.31939,41.03763],[-74.32197,41.03726],[-74.32283,41.03949],[-74.31845,41.04003],[-74.31791,41.0413],[-74.32445,41.0413],[-74.32352,41.04367],[-74.32867,41.04342],[-74.32829,41.0448],[-74.33192,41.04416],[-74.33551,41.0448],[-74.33789,41.04351],[-74.34251,41.04417],[-74.34429,41.04315],[-74.34663,41.0452],[-74.34993,41.04628],[-74.35182,41.04562],[-74.3464,41.06096]]]}},{"type":"Feature","properties":{"zcta":"07081","d":1703},"geometry":{"type":"Polygon","coordinates":[[[-74.35051,40.70196],[-74.34215,40.70839],[-74.33824,40.712],[-74.33799,40.71599],[-74.33325,40.71651],[-74.33049,40.71583],[-74.33236,40.72032],[-74.3256,40.71708],[-74.32061,40.71931],[-74.31525,40.71865],[-74.30872,40.71433],[-74.30328,40.71325],[-74.29721,40.71519],[-74.29603,40.71239],[-74.29708,40.71019],[-74.30187,40.70791],[-74.30105,40.7048],[-74.3072,40.70351],[-74.31106,40.70117],[-74.30698,40.69882],[-74.30786,40.69596],[-74.30652,40.69358],[-74.30893,40.69076],[-74.31229,40.68958],[-74.31066,40.68383],[-74.30754,40.68272],[-74.30837,40.68093],[-74.3068,40.68061],[-74.31019,40.67974],[-74.3104,40.67848],[-74.32248,40.67685],[-74.33131,40.68234],[-74.35955,40.69949],[-74.35051,40.70196]]]}},{"type":"Feature","properties":{"zcta":"08850","d":1775},"geometry":{"type":"Polygon","coordinates":[[[-74.44631,40.46205],[-74.44508,40.46323],[-74.43606,40.45871],[-74.43258,40.46001],[-74.4312,40.4593],[-74.42513,40.45851],[-74.42438,40.45204],[-74.42023,40.45476],[-74.42414,40.44812],[-74.42317,40.44072],[-74.42813,40.43852],[-74.43058,40.43518],[-74.43325,40.43453],[-74.43383,40.43673],[-74.43758,40.44318],[-74.43975,40.44529],[-74.4416,40.44297],[-74.44339,40.44261],[-74.44827,40.43681],[-74.4533,40.43196],[-74.45942,40.43503],[-74.45951,40.43836],[-74.46057,40.43988],[-74.45962,40.44115],[-74.45291,40.44433],[-74.4533,40.44962],[-74.45051,40.44996],[-74.44766,40.44896],[-74.44736,40.45093],[-74.44945,40.45848],[-74.45348,40.46151],[-74.45273,40.46308],[-74.44883,40.46418],[-74.44703,40.46382],[-74.44631,40.46205]]]}},{"type":"Feature","properties":{"zcta":"08802","d":83},"geometry":{"type":"Polygon","coordinates":[[[-74.99941,40.72183],[-74.98971,40.71186],[-74.98998,40.7086],[-74.98867,40.70513],[-74.98741,40.70431],[-74.99107,40.70276],[-74.99678,40.69881],[-74.99423,40.69662],[-74.99292,40.69434],[-74.9999,40.69007],[-75.00085,40.6885],[-74.99857,40.68662],[-74.99513,40.68552],[-74.993,40.68168],[-74.99069,40.67977],[-74.98818,40.67511],[-74.99108,40.67499],[-74.99025,40.67077],[-74.98914,40.66866],[-74.98663,40.66775],[-74.98398,40.66297],[-74.98366,40.66025],[-74.98749,40.66078],[-74.99202,40.65861],[-74.99062,40.65708],[-74.99246,40.65621],[-74.99038,40.65335],[-74.98731,40.65163],[-74.98297,40.65109],[-74.97929,40.64896],[-74.97443,40.64782],[-74.97591,40.64587],[-74.97911,40.64484],[-74.98451,40.64499],[-74.98927,40.64592],[-74.99363,40.64927],[-74.99781,40.64686],[-74.99883,40.6454],[-74.98744,40.6409],[-74.98855,40.64048],[-74.99276,40.64194],[-74.99594,40.64022],[-74.99567,40.6359],[-74.99737,40.6353],[-74.99654,40.63167],[-74.99675,40.62708],[-75.00293,40.62675],[-75.00395,40.62453],[-75.00567,40.62537],[-75.00833,40.62669],[-75.00941,40.62856],[-75.01329,40.62645],[-75.01698,40.62642],[-75.01937,40.62514],[-75.01841,40.62241],[-75.02377,40.62504],[-75.02771,40.62357],[-75.02916,40.62535],[-75.03111,40.62318],[-75.03528,40.62364],[-75.03562,40.62493],[-75.03755,40.6237],[-75.04588,40.63111],[-75.05024,40.63208],[-75.05205,40.63353],[-75.05818,40.63179],[-75.06285,40.62798],[-75.06742,40.6259],[-75.07009,40.62925],[-75.06488,40.6313],[-75.05668,40.63833],[-75.0571,40.64429],[-75.05219,40.64567],[-75.04929,40.64972],[-75.04676,40.65082],[-75.04878,40.65216],[-75.0496,40.65491],[-75.04836,40.65689],[-75.04455,40.65933],[-75.04369,40.66068],[-75.04886,40.66209],[-75.05149,40.66197],[-75.0592,40.6596],[-75.06106,40.65973],[-75.05612,40.66167],[-75.06055,40.67238],[-75.05694,40.67524],[-75.05308,40.67632],[-75.04879,40.67966],[-75.04994,40.68159],[-75.05703,40.67775],[-75.06234,40.68266],[-75.07067,40.699],[-75.06541,40.70399],[-75.06841,40.7077],[-75.06854,40.7097],[-75.05299,40.71911],[-75.04928,40.71673],[-75.04702,40.71893],[-75.04323,40.72086],[-75.04534,40.7237],[-75.02658,40.73498],[-75.02314,40.73631],[-75.01918,40.73553],[-75.0183,40.73342],[-75.0145,40.73015],[-75.01201,40.7335],[-75.01304,40.73638],[-75.00584,40.7285],[-75.00526,40.7288],[-74.99725,40.72785],[-74.99941,40.72183]]]}},{"type":"Feature","properties":{"zcta":"07075","d":4860},"geometry":{"type":"Polygon","coordinates":[[[-74.09392,40.8651],[-74.08754,40.8614],[-74.08617,40.86061],[-74.08948,40.85698],[-74.07887,40.85063],[-74.07489,40.84858],[-74.07723,40.84559],[-74.07658,40.84448],[-74.07879,40.84239],[-74.07517,40.84029],[-74.07628,40.83711],[-74.08426,40.84186],[-74.08682,40.84269],[-74.08849,40.84172],[-74.09302,40.84435],[-74.09154,40.84595],[-74.09897,40.8503],[-74.09714,40.85461],[-74.09635,40.85845],[-74.09785,40.86146],[-74.09392,40.8651]]]}},{"type":"Feature","properties":{"zcta":"07040","d":3453},"geometry":{"type":"Polygon","coordinates":[[[-74.27682,40.76041],[-74.27988,40.75509],[-74.28311,40.74787],[-74.28073,40.74589],[-74.27862,40.74633],[-74.2738,40.74259],[-74.26949,40.74038],[-74.26212,40.73572],[-74.25199,40.73843],[-74.25136,40.73753],[-74.24964,40.7348],[-74.24437,40.73331],[-74.24345,40.73075],[-74.24781,40.72619],[-74.25021,40.72229],[-74.25281,40.71526],[-74.25602,40.71342],[-74.27365,40.71858],[-74.28519,40.72215],[-74.28891,40.73635],[-74.29306,40.75221],[-74.29214,40.75629],[-74.29021,40.75748],[-74.27682,40.76041]]]}},{"type":"Feature","properties":{"zcta":"07851","d":30},"geometry":{"type":"Polygon","coordinates":[[[-74.86729,41.20875],[-74.8604,41.21745],[-74.85932,41.22051],[-74.86084,41.22232],[-74.86741,41.22777],[-74.86618,41.23213],[-74.86205,41.23761],[-74.86168,41.24157],[-74.85715,41.24898],[-74.85467,41.25051],[-74.84899,41.25119],[-74.84588,41.25495],[-74.84503,41.25806],[-74.84632,41.26308],[-74.84114,41.27098],[-74.83837,41.27729],[-74.83639,41.27904],[-74.83937,41.27321],[-74.83972,41.2706],[-74.83878,41.26841],[-74.83803,41.26323],[-74.83512,41.26393],[-74.83184,41.25979],[-74.8362,41.25595],[-74.8407,41.2513],[-74.84235,41.2475],[-74.84796,41.24068],[-74.84658,41.2386],[-74.85472,41.22559],[-74.85592,41.22134],[-74.85364,41.22411],[-74.84506,41.22712],[-74.84202,41.2296],[-74.83214,41.23098],[-74.82812,41.23711],[-74.82678,41.23596],[-74.8275,41.23227],[-74.82325,41.2294],[-74.82216,41.22537],[-74.82057,41.22451],[-74.82178,41.22161],[-74.8253,41.22078],[-74.8265,41.21585],[-74.82312,41.2162],[-74.82055,41.21549],[-74.81981,41.21394],[-74.82032,41.20966],[-74.82201,41.20288],[-74.81947,41.2009],[-74.82734,41.19843],[-74.8315,41.19775],[-74.83614,41.19869],[-74.83957,41.19868],[-74.84202,41.20133],[-74.84588,41.20219],[-74.85007,41.19727],[-74.84947,41.19391],[-74.84732,41.19219],[-74.85119,41.19341],[-74.85041,41.18823],[-74.85326,41.18739],[-74.86282,41.17882],[-74.85509,41.16011],[-74.86167,41.15703],[-74.86496,41.15798],[-74.87071,41.15798],[-74.86864,41.15311],[-74.87022,41.15028],[-74.87398,41.14783],[-74.87856,41.14926],[-74.88086,41.15388],[-74.87746,41.15718],[-74.88045,41.15901],[-74.8833,41.15586],[-74.88442,41.15147],[-74.88636,41.14974],[-74.89096,41.14849],[-74.89503,41.14656],[-74.89798,41.14593],[-74.90515,41.14308],[-74.91278,41.1411],[-74.91544,41.14108],[-74.91538,41.14336],[-74.91372,41.14657],[-74.90264,41.1572],[-74.89534,41.16211],[-74.89186,41.16506],[-74.88926,41.17151],[-74.88573,41.17575],[-74.88173,41.17795],[-74.87814,41.18247],[-74.87565,41.18669],[-74.86848,41.1925],[-74.8722,41.20132],[-74.86729,41.20875]]]}},{"type":"Feature","properties":{"zcta":"07827","d":41},"geometry":{"type":"Polygon","coordinates":[[[-74.83407,41.28111],[-74.83006,41.2872],[-74.82188,41.29384],[-74.8157,41.29615],[-74.81203,41.29816],[-74.80686,41.30315],[-74.79256,41.31063],[-74.79238,41.31409],[-74.79582,41.31852],[-74.79504,41.32041],[-74.79212,41.32247],[-74.78909,41.32328],[-74.78158,41.32423],[-74.77489,41.32433],[-74.77159,41.32508],[-74.76671,41.32856],[-74.7635,41.33157],[-74.76032,41.34033],[-74.75597,41.34495],[-74.75324,41.34612],[-74.73562,41.34652],[-74.73037,41.34598],[-74.72092,41.34738],[-74.70851,41.35273],[-74.70443,41.35404],[-74.7006,41.35455],[-74.69491,41.35742],[-74.64937,41.33648],[-74.66017,41.32251],[-74.66391,41.31725],[-74.66685,41.30872],[-74.67264,41.30715],[-74.67515,41.30079],[-74.67747,41.26235],[-74.6833,41.25533],[-74.69314,41.24293],[-74.70769,41.22834],[-74.71216,41.22566],[-74.71601,41.22207],[-74.7744,41.2597],[-74.77858,41.25512],[-74.78485,41.25104],[-74.78844,41.2529],[-74.79576,41.24886],[-74.7989,41.24848],[-74.79784,41.25034],[-74.80096,41.25191],[-74.80076,41.26638],[-74.80587,41.25881],[-74.80401,41.25732],[-74.80302,41.25457],[-74.80296,41.24691],[-74.80179,41.24388],[-74.80371,41.23937],[-74.80668,41.23821],[-74.80856,41.23869],[-74.81115,41.23711],[-74.81306,41.23384],[-74.81506,41.23255],[-74.81448,41.23083],[-74.81718,41.23061],[-74.81863,41.22898],[-74.82057,41.22451],[-74.82216,41.22537],[-74.82325,41.2294],[-74.8275,41.23227],[-74.82678,41.23596],[-74.82812,41.23711],[-74.83214,41.23098],[-74.84202,41.2296],[-74.84506,41.22712],[-74.85364,41.22411],[-74.85592,41.22134],[-74.85472,41.22559],[-74.84658,41.2386],[-74.84796,41.24068],[-74.84235,41.2475],[-74.8407,41.2513],[-74.8362,41.25595],[-74.83184,41.25979],[-74.83512,41.26393],[-74.83803,41.26323],[-74.83878,41.26841],[-74.83972,41.2706],[-74.83937,41.27321],[-74.83639,41.27904],[-74.83407,41.28111]]]}},{"type":"Feature","properties":{"zcta":"07631","d":3032},"geometry":{"type":"Polygon","coordinates":[[[-73.9844,40.91205],[-73.97298,40.91303],[-73.97197,40.91363],[-73.94939,40.90073],[-73.95899,40.88491],[-73.95583,40.88312],[-73.96747,40.86885],[-73.97004,40.8657],[-73.97575,40.86906],[-73.98572,40.8752],[-73.98889,40.87558],[-73.994,40.87431],[-73.9931,40.87944],[-73.98746,40.88617],[-73.99473,40.88872],[-73.99236,40.89348],[-73.98972,40.9024],[-73.9897,40.90721],[-73.98861,40.9117],[-73.9844,40.91205]]]}},{"type":"Feature","properties":{"zcta":"11958","d":173},"geometry":{"type":"Polygon","coordinates":[[[-72.47018,41.05018],[-72.4676,41.04994],[-72.46285,41.04795],[-72.45616,41.05246],[-72.45145,41.05613],[-72.44844,41.05723],[-72.44632,41.05908],[-72.44478,41.05837],[-72.45941,41.04813],[-72.45718,41.04614],[-72.45884,41.04463],[-72.45446,41.04097],[-72.45203,41.04333],[-72.44846,41.04098],[-72.44315,41.03269],[-72.43936,41.03325],[-72.43614,41.03565],[-72.43778,41.02785],[-72.43558,41.01888],[-72.44753,41.0188],[-72.44918,41.01783],[-72.45328,41.02006],[-72.45507,41.02352],[-72.45936,41.02592],[-72.46133,41.02403],[-72.46428,41.03027],[-72.46659,41.03001],[-72.48156,41.03772],[-72.47962,41.03866],[-72.49428,41.04628],[-72.48966,41.04911],[-72.47731,41.05221],[-72.47454,41.05438],[-72.47018,41.05018]]]}},{"type":"Feature","properties":{"zcta":"10570","d":952},"geometry":{"type":"Polygon","coordinates":[[[-73.84144,41.1128],[-73.83847,41.11453],[-73.83459,41.1206],[-73.83347,41.12069],[-73.83225,41.1237],[-73.82877,41.12057],[-73.82624,41.12257],[-73.82502,41.12527],[-73.82243,41.12665],[-73.81823,41.13336],[-73.81787,41.13524],[-73.81569,41.13553],[-73.81331,41.13046],[-73.81116,41.13139],[-73.81113,41.13382],[-73.80958,41.13544],[-73.80441,41.13547],[-73.80232,41.1347],[-73.79746,41.13972],[-73.79264,41.14354],[-73.78699,41.14801],[-73.78577,41.14749],[-73.78213,41.15127],[-73.78097,41.1536],[-73.77864,41.15506],[-73.77482,41.15053],[-73.77226,41.14997],[-73.77264,41.148],[-73.771,41.14591],[-73.76834,41.14464],[-73.76617,41.14477],[-73.76766,41.14715],[-73.76754,41.14963],[-73.74971,41.14114],[-73.74876,41.13894],[-73.75056,41.13522],[-73.74562,41.12962],[-73.74561,41.12777],[-73.74323,41.1244],[-73.74109,41.11999],[-73.74095,41.11784],[-73.74242,41.11619],[-73.74535,41.11618],[-73.74815,41.12009],[-73.74841,41.11836],[-73.75106,41.12105],[-73.76044,41.12657],[-73.75983,41.12305],[-73.763,41.12261],[-73.76438,41.12681],[-73.76655,41.12634],[-73.76692,41.12806],[-73.76987,41.12961],[-73.77,41.13111],[-73.77293,41.13296],[-73.77355,41.13108],[-73.78522,41.12658],[-73.78341,41.12455],[-73.78354,41.12086],[-73.7872,41.11748],[-73.79322,41.11402],[-73.79765,41.11149],[-73.80635,41.10807],[-73.81018,41.10579],[-73.81113,41.10435],[-73.81118,41.09826],[-73.81271,41.09655],[-73.81181,41.10806],[-73.81586,41.10771],[-73.81913,41.10854],[-73.82042,41.11082],[-73.82421,41.11054],[-73.82618,41.11263],[-73.82929,41.11308],[-73.82999,41.11436],[-73.83931,41.11217],[-73.84295,41.10922],[-73.84482,41.10852],[-73.84144,41.1128]]]}},{"type":"Feature","properties":{"zcta":"07028","d":2700},"geometry":{"type":"Polygon","coordinates":[[[-74.21131,40.80039],[-74.21305,40.8015],[-74.21169,40.80322],[-74.20999,40.80261],[-74.19504,40.82785],[-74.19443,40.8289],[-74.19141,40.82891],[-74.19388,40.8223],[-74.19626,40.81423],[-74.1975,40.81259],[-74.19548,40.81262],[-74.197,40.80455],[-74.20132,40.79844],[-74.19992,40.79649],[-74.20406,40.79436],[-74.20981,40.78728],[-74.21185,40.78569],[-74.21853,40.78821],[-74.21131,40.80039]]]}},{"type":"Feature","properties":{"zcta":"08887","d":861},"geometry":{"type":"Polygon","coordinates":[[[-74.77513,40.53028],[-74.77142,40.52884],[-74.77329,40.52774],[-74.78476,40.52712],[-74.79382,40.52488],[-74.79526,40.52495],[-74.79327,40.52262],[-74.79552,40.52189],[-74.7931,40.52089],[-74.79442,40.51853],[-74.79187,40.51793],[-74.78802,40.51636],[-74.78533,40.51446],[-74.78857,40.51238],[-74.79619,40.51539],[-74.79788,40.51567],[-74.80081,40.51609],[-74.80676,40.51813],[-74.8086,40.51793],[-74.81344,40.51911],[-74.80785,40.52293],[-74.80298,40.52483],[-74.79477,40.52616],[-74.77842,40.53261],[-74.77513,40.53028]]]}},{"type":"Feature","properties":{"zcta":"11798","d":1963},"geometry":{"type":"Polygon","coordinates":[[[-73.39181,40.76214],[-73.36907,40.76715],[-73.36019,40.76925],[-73.36052,40.76963],[-73.35961,40.77034],[-73.35486,40.77047],[-73.35213,40.76685],[-73.35434,40.76508],[-73.35295,40.76439],[-73.35205,40.7612],[-73.35023,40.7616],[-73.35143,40.75629],[-73.35023,40.75247],[-73.34519,40.74245],[-73.34822,40.74194],[-73.34883,40.74305],[-73.35869,40.74261],[-73.35521,40.73899],[-73.36852,40.73891],[-73.37011,40.73679],[-73.37423,40.7413],[-73.39865,40.73392],[-73.40078,40.74504],[-73.40288,40.75947],[-73.39181,40.76214]]]}},{"type":"Feature","properties":{"zcta":"10804","d":1660},"geometry":{"type":"Polygon","coordinates":[[[-73.79962,40.94549],[-73.79812,40.95017],[-73.79933,40.95382],[-73.79833,40.95704],[-73.80062,40.95772],[-73.80036,40.96024],[-73.79653,40.96578],[-73.79246,40.96949],[-73.79302,40.97198],[-73.79049,40.97343],[-73.78713,40.97408],[-73.78654,40.97192],[-73.78418,40.97307],[-73.78226,40.97145],[-73.77915,40.97179],[-73.77835,40.97479],[-73.77533,40.97638],[-73.77184,40.95586],[-73.77344,40.95466],[-73.77356,40.952],[-73.77194,40.95168],[-73.77055,40.94543],[-73.77238,40.94392],[-73.77219,40.93961],[-73.76987,40.94046],[-73.76819,40.93754],[-73.76919,40.93516],[-73.77046,40.93539],[-73.77706,40.93089],[-73.78185,40.92833],[-73.78229,40.92893],[-73.78892,40.92632],[-73.7894,40.9276],[-73.79273,40.92707],[-73.79342,40.92827],[-73.79752,40.92835],[-73.79898,40.93069],[-73.80095,40.93079],[-73.80077,40.93275],[-73.80583,40.9339],[-73.80692,40.93571],[-73.80406,40.93935],[-73.80197,40.94383],[-73.79962,40.94549]]]}},{"type":"Feature","properties":{"zcta":"11940","d":525},"geometry":{"type":"Polygon","coordinates":[[[-72.77312,40.82625],[-72.76394,40.82852],[-72.74673,40.83437],[-72.75018,40.83053],[-72.74809,40.82891],[-72.74571,40.82565],[-72.74358,40.82464],[-72.74159,40.82228],[-72.73394,40.81522],[-72.73173,40.81406],[-72.72876,40.81499],[-72.72939,40.81265],[-72.73244,40.80859],[-72.73264,40.7996],[-72.73705,40.79952],[-72.7423,40.80015],[-72.74597,40.80272],[-72.75385,40.80229],[-72.75392,40.79901],[-72.75298,40.79566],[-72.7501,40.79343],[-72.74721,40.79488],[-72.74416,40.78895],[-72.74524,40.78738],[-72.75028,40.78712],[-72.75386,40.78389],[-72.759,40.78448],[-72.76113,40.78399],[-72.76332,40.78204],[-72.77196,40.78339],[-72.7734,40.78639],[-72.77451,40.79279],[-72.77363,40.79631],[-72.77302,40.80597],[-72.77444,40.80804],[-72.76402,40.8102],[-72.76426,40.81228],[-72.77533,40.80941],[-72.77703,40.8249],[-72.78249,40.82406],[-72.7824,40.82471],[-72.77312,40.82625]]]}},{"type":"Feature","properties":{"zcta":"11757","d":3584},"geometry":{"type":"Polygon","coordinates":[[[-73.39251,40.71565],[-73.38543,40.71467],[-73.38151,40.71457],[-73.37449,40.71319],[-73.36455,40.71001],[-73.36072,40.7043],[-73.3605,40.70136],[-73.35145,40.69793],[-73.34368,40.69569],[-73.34386,40.69526],[-73.35526,40.69217],[-73.35297,40.6889],[-73.35366,40.68854],[-73.35087,40.6826],[-73.34937,40.6773],[-73.34809,40.67525],[-73.34597,40.668],[-73.34866,40.6685],[-73.35456,40.6674],[-73.36607,40.6645],[-73.36446,40.6605],[-73.37617,40.6569],[-73.37897,40.6596],[-73.38387,40.6633],[-73.38776,40.66796],[-73.38836,40.67],[-73.38234,40.6713],[-73.38823,40.68241],[-73.39118,40.68865],[-73.39328,40.69411],[-73.3935,40.70022],[-73.39649,40.70137],[-73.39793,40.70343],[-73.39662,40.70447],[-73.39786,40.71158],[-73.39661,40.71205],[-73.39687,40.7144],[-73.40537,40.71645],[-73.40655,40.71913],[-73.40369,40.72015],[-73.39444,40.72123],[-73.39251,40.71565]]]}},{"type":"Feature","properties":{"zcta":"10576","d":115},"geometry":{"type":"Polygon","coordinates":[[[-73.61961,41.23237],[-73.61747,41.23631],[-73.61791,41.24887],[-73.62061,41.24867],[-73.61952,41.25502],[-73.6018,41.25648],[-73.56509,41.26],[-73.56371,41.26013],[-73.55608,41.25102],[-73.5515,41.25088],[-73.5506,41.253],[-73.54775,41.25291],[-73.54513,41.2555],[-73.54247,41.25397],[-73.54554,41.24985],[-73.5464,41.247],[-73.54545,41.24644],[-73.54678,41.2409],[-73.54327,41.24037],[-73.54336,41.2377],[-73.5408,41.24053],[-73.53954,41.24047],[-73.5416,41.23475],[-73.53239,41.22343],[-73.53053,41.22699],[-73.53074,41.23],[-73.52028,41.22129],[-73.52269,41.22083],[-73.52797,41.21842],[-73.5243,41.21367],[-73.51259,41.19937],[-73.56494,41.17517],[-73.61446,41.15288],[-73.61638,41.16351],[-73.61611,41.16887],[-73.61789,41.17548],[-73.61742,41.1771],[-73.61999,41.18148],[-73.62026,41.18375],[-73.61915,41.18683],[-73.62168,41.18683],[-73.61748,41.18798],[-73.61631,41.18515],[-73.61316,41.18152],[-73.61249,41.1788],[-73.60839,41.17472],[-73.60429,41.17318],[-73.59708,41.184],[-73.59715,41.19061],[-73.59998,41.19255],[-73.59163,41.19482],[-73.59481,41.20102],[-73.60365,41.22045],[-73.60648,41.22634],[-73.61337,41.22567],[-73.61596,41.23208],[-73.61772,41.23244],[-73.61973,41.22955],[-73.61961,41.23237]]]}},{"type":"Feature","properties":{"zcta":"11720","d":1866},"geometry":{"type":"Polygon","coordinates":[[[-73.1016,40.88614],[-73.06973,40.90621],[-73.06875,40.89753],[-73.06783,40.89492],[-73.06768,40.8898],[-73.06479,40.89113],[-73.06002,40.8923],[-73.05825,40.89041],[-73.06039,40.88879],[-73.06059,40.88318],[-73.0592,40.88325],[-73.05851,40.87827],[-73.05836,40.87119],[-73.0618,40.87074],[-73.06093,40.8699],[-73.06086,40.86651],[-73.05874,40.85985],[-73.05789,40.85245],[-73.06164,40.85186],[-73.0614,40.84882],[-73.06368,40.8488],[-73.06338,40.84689],[-73.06513,40.84798],[-73.06822,40.8454],[-73.07361,40.84416],[-73.07617,40.8422],[-73.07689,40.84621],[-73.08304,40.84577],[-73.08451,40.8437],[-73.09315,40.84269],[-73.09295,40.83955],[-73.0961,40.83927],[-73.0976,40.84714],[-73.09959,40.84893],[-73.10148,40.84872],[-73.1038,40.85367],[-73.10947,40.85453],[-73.1087,40.85818],[-73.10728,40.85897],[-73.1082,40.86507],[-73.10624,40.86627],[-73.10729,40.87443],[-73.10383,40.87903],[-73.10361,40.88053],[-73.10664,40.88319],[-73.1016,40.88614]]]}},{"type":"Feature","properties":{"zcta":"11216","d":31144},"geometry":{"type":"Polygon","coordinates":[[[-73.95144,40.68976],[-73.95181,40.6916],[-73.94564,40.69203],[-73.94396,40.6836],[-73.93822,40.68389],[-73.93757,40.68059],[-73.9374,40.67973],[-73.94124,40.67955],[-73.94153,40.67642],[-73.94709,40.67656],[-73.94773,40.66971],[-73.95797,40.67066],[-73.95518,40.67843],[-73.95699,40.68773],[-73.95679,40.68887],[-73.95144,40.68976]]]}},{"type":"Feature","properties":{"zcta":"11435","d":17835},"geometry":{"type":"Polygon","coordinates":[[[-73.8193,40.71714],[-73.81212,40.71906],[-73.81177,40.71762],[-73.81033,40.71608],[-73.81015,40.71347],[-73.80845,40.71071],[-73.80413,40.70146],[-73.79975,40.69335],[-73.7937,40.68681],[-73.79391,40.6863],[-73.80589,40.6829],[-73.80802,40.68706],[-73.81372,40.69715],[-73.81831,40.70616],[-73.82066,40.70987],[-73.82395,40.71285],[-73.8257,40.71606],[-73.8193,40.71714]]]}},{"type":"Feature","properties":{"zcta":"11710","d":3690},"geometry":{"type":"Polygon","coordinates":[[[-73.55788,40.69912],[-73.55275,40.70078],[-73.54662,40.70394],[-73.54437,40.70579],[-73.53188,40.70638],[-73.52977,40.69858],[-73.52708,40.69354],[-73.52589,40.68838],[-73.52643,40.68399],[-73.52404,40.68137],[-73.52468,40.68001],[-73.52217,40.67806],[-73.52082,40.6725],[-73.52098,40.67064],[-73.51408,40.67213],[-73.51544,40.67067],[-73.51749,40.66433],[-73.51948,40.6639],[-73.51538,40.66323],[-73.51952,40.6631],[-73.52105,40.66438],[-73.52062,40.66077],[-73.51894,40.65888],[-73.51751,40.65551],[-73.51996,40.65356],[-73.51804,40.64832],[-73.51909,40.64453],[-73.51618,40.64383],[-73.51817,40.6359],[-73.51337,40.6308],[-73.51913,40.62848],[-73.52176,40.62909],[-73.52547,40.63175],[-73.52767,40.6318],[-73.52728,40.63952],[-73.5305,40.64357],[-73.53297,40.64414],[-73.53383,40.64769],[-73.5356,40.64863],[-73.53575,40.65041],[-73.53856,40.65501],[-73.54012,40.66213],[-73.54453,40.66524],[-73.54373,40.66833],[-73.54498,40.67213],[-73.54418,40.67419],[-73.54553,40.67765],[-73.54726,40.68568],[-73.54919,40.68573],[-73.54896,40.69054],[-73.55399,40.69505],[-73.55571,40.69401],[-73.55752,40.69572],[-73.55676,40.69687],[-73.56009,40.69907],[-73.55788,40.69912]]]}},{"type":"Feature","properties":{"zcta":"11738","d":1633},"geometry":{"type":"Polygon","coordinates":[[[-73.07361,40.84416],[-73.06822,40.8454],[-73.06513,40.84798],[-73.06338,40.84689],[-73.06368,40.8488],[-73.0614,40.84882],[-73.05864,40.84599],[-73.05727,40.84001],[-73.05472,40.84039],[-73.05511,40.8431],[-73.0529,40.84649],[-73.04895,40.8497],[-73.04561,40.85104],[-73.03367,40.85446],[-73.03317,40.85026],[-73.03523,40.84589],[-73.0248,40.84647],[-73.02518,40.84985],[-73.02324,40.84945],[-73.02421,40.85499],[-73.02094,40.85611],[-73.02037,40.85438],[-73.01858,40.84946],[-73.01835,40.84663],[-73.01663,40.84671],[-73.01708,40.8501],[-73.01369,40.85044],[-73.01332,40.8476],[-73.00786,40.84885],[-73.00604,40.84158],[-73.00786,40.84027],[-73.00666,40.82855],[-73.02111,40.83015],[-73.02027,40.82414],[-73.03743,40.82265],[-73.03734,40.8222],[-73.04583,40.82145],[-73.04822,40.83594],[-73.0517,40.83638],[-73.06173,40.83508],[-73.05951,40.8216],[-73.06528,40.82116],[-73.06594,40.82166],[-73.06822,40.8353],[-73.07363,40.83434],[-73.07266,40.83589],[-73.07298,40.84047],[-73.07579,40.83965],[-73.07617,40.8422],[-73.07361,40.84416]]]}},{"type":"Feature","properties":{"zcta":"10462","d":26052},"geometry":{"type":"Polygon","coordinates":[[[-73.86838,40.85781],[-73.86288,40.85795],[-73.86179,40.85798],[-73.85907,40.85377],[-73.85179,40.84417],[-73.85521,40.84298],[-73.84531,40.83572],[-73.83995,40.8349],[-73.84458,40.8313],[-73.84228,40.83127],[-73.84231,40.82908],[-73.84281,40.82864],[-73.84525,40.82846],[-73.86637,40.83503],[-73.86294,40.8343],[-73.86517,40.84247],[-73.86828,40.84497],[-73.87041,40.84541],[-73.87163,40.84349],[-73.87119,40.84998],[-73.87234,40.85625],[-73.86838,40.85781]]]}},{"type":"Feature","properties":{"zcta":"10027","d":30472},"geometry":{"type":"Polygon","coordinates":[[[-73.96417,40.81579],[-73.95874,40.82162],[-73.95887,40.82001],[-73.95495,40.81917],[-73.95227,40.81722],[-73.95297,40.81507],[-73.95086,40.81419],[-73.94973,40.81792],[-73.94787,40.82113],[-73.94608,40.82126],[-73.94868,40.81569],[-73.94247,40.81263],[-73.9434,40.81063],[-73.9404,40.80896],[-73.94275,40.80574],[-73.9443,40.80639],[-73.94613,40.80388],[-73.94467,40.80313],[-73.95037,40.80525],[-73.95397,40.80718],[-73.95681,40.80755],[-73.95497,40.81006],[-73.95781,40.81126],[-73.95724,40.8094],[-73.95936,40.80612],[-73.96201,40.80551],[-73.96485,40.80671],[-73.9659,40.80881],[-73.96698,40.8076],[-73.96922,40.80851],[-73.96417,40.81579]],[[-73.96348,40.81037],[-73.96306,40.81095],[-73.96402,40.81133],[-73.96348,40.81037]]]}},{"type":"Feature","properties":{"zcta":"07746","d":706},"geometry":{"type":"Polygon","coordinates":[[[-74.20057,40.34719],[-74.19747,40.34537],[-74.20233,40.34574],[-74.21343,40.34367],[-74.22529,40.33946],[-74.22103,40.33287],[-74.22407,40.32768],[-74.22126,40.30176],[-74.223,40.28269],[-74.22197,40.28274],[-74.22288,40.27807],[-74.22713,40.28251],[-74.23612,40.28532],[-74.24395,40.28847],[-74.25717,40.29311],[-74.26068,40.29388],[-74.26218,40.29515],[-74.26488,40.29435],[-74.26922,40.29559],[-74.27897,40.29452],[-74.28579,40.29264],[-74.29027,40.29362],[-74.28703,40.30272],[-74.28248,40.31318],[-74.28659,40.31536],[-74.2965,40.32232],[-74.29014,40.32636],[-74.26951,40.33744],[-74.26069,40.33986],[-74.26293,40.34245],[-74.26326,40.34578],[-74.26087,40.34934],[-74.25556,40.34264],[-74.24964,40.34602],[-74.24724,40.34684],[-74.24582,40.34599],[-74.24546,40.34181],[-74.24802,40.3409],[-74.24619,40.3345],[-74.24401,40.33791],[-74.2397,40.33788],[-74.23374,40.33973],[-74.22827,40.34375],[-74.23073,40.34739],[-74.23244,40.35136],[-74.23596,40.35643],[-74.2349,40.35708],[-74.23135,40.35267],[-74.22555,40.34996],[-74.22509,40.34643],[-74.22593,40.34412],[-74.21909,40.34725],[-74.21496,40.34708],[-74.21406,40.34941],[-74.20941,40.35125],[-74.20591,40.35544],[-74.20236,40.35328],[-74.20097,40.35155],[-74.20123,40.34949],[-74.19982,40.34837],[-74.20057,40.34719]]]}},{"type":"Feature","properties":{"zcta":"11780","d":709},"geometry":{"type":"Polygon","coordinates":[[[-73.22838,40.90596],[-73.17298,40.9211],[-73.15448,40.92789],[-73.14831,40.92858],[-73.15085,40.92327],[-73.15208,40.91791],[-73.14953,40.91853],[-73.1537,40.91573],[-73.15137,40.91258],[-73.15279,40.91227],[-73.14869,40.90614],[-73.14248,40.90856],[-73.13884,40.89461],[-73.13622,40.88625],[-73.1327,40.87276],[-73.13123,40.86924],[-73.13588,40.86594],[-73.13879,40.86178],[-73.14392,40.86126],[-73.15014,40.8613],[-73.15365,40.8607],[-73.15369,40.85925],[-73.15584,40.86033],[-73.16205,40.85922],[-73.16514,40.85773],[-73.16716,40.857],[-73.16785,40.86057],[-73.16926,40.86042],[-73.16993,40.86383],[-73.16689,40.86519],[-73.16851,40.87346],[-73.17084,40.87384],[-73.18431,40.86386],[-73.18634,40.86685],[-73.18852,40.86582],[-73.18846,40.86772],[-73.1933,40.87089],[-73.19223,40.87263],[-73.19337,40.87514],[-73.19357,40.88226],[-73.19578,40.8872],[-73.19907,40.89178],[-73.201,40.89554],[-73.20277,40.89571],[-73.20364,40.89773],[-73.20872,40.89874],[-73.2096,40.90133],[-73.21167,40.89885],[-73.2143,40.90157],[-73.21978,40.90439],[-73.22604,40.90512],[-73.22834,40.90439],[-73.23049,40.90509],[-73.23256,40.90745],[-73.22838,40.90596]]]}},{"type":"Feature","properties":{"zcta":"07452","d":1996},"geometry":{"type":"Polygon","coordinates":[[[-74.13595,40.9727],[-74.12512,40.97225],[-74.12108,40.97276],[-74.12039,40.97113],[-74.11742,40.9717],[-74.11892,40.97009],[-74.11543,40.97053],[-74.11404,40.96726],[-74.10985,40.96738],[-74.10862,40.96538],[-74.10639,40.96436],[-74.10598,40.95908],[-74.10414,40.95705],[-74.10006,40.95508],[-74.10708,40.95081],[-74.13716,40.95035],[-74.13631,40.9518],[-74.14003,40.95087],[-74.1428,40.94878],[-74.14643,40.94844],[-74.14443,40.95605],[-74.14163,40.96359],[-74.14105,40.96635],[-74.13595,40.9727]]]}},{"type":"Feature","properties":{"zcta":"07109","d":6131},"geometry":{"type":"Polygon","coordinates":[[[-74.14965,40.80664],[-74.14901,40.80766],[-74.14639,40.80627],[-74.13957,40.80541],[-74.13959,40.80532],[-74.13801,40.7996],[-74.13826,40.79835],[-74.14753,40.78649],[-74.14852,40.78416],[-74.14834,40.77989],[-74.15279,40.78061],[-74.15916,40.78311],[-74.16591,40.78668],[-74.16983,40.78701],[-74.1718,40.78814],[-74.17476,40.78561],[-74.17831,40.78147],[-74.17688,40.78097],[-74.17775,40.77743],[-74.18061,40.77788],[-74.18453,40.7748],[-74.18626,40.77467],[-74.18659,40.77515],[-74.18323,40.7834],[-74.17988,40.79337],[-74.1754,40.80953],[-74.14965,40.80664]]]}},{"type":"Feature","properties":{"zcta":"07885","d":471},"geometry":{"type":"Polygon","coordinates":[[[-74.61566,40.93329],[-74.61344,40.93356],[-74.6118,40.93216],[-74.60702,40.93192],[-74.60671,40.93523],[-74.59944,40.93624],[-74.59917,40.94545],[-74.59607,40.94569],[-74.59493,40.94218],[-74.59205,40.93794],[-74.59122,40.93817],[-74.59561,40.9448],[-74.59537,40.95378],[-74.59488,40.95717],[-74.59582,40.96032],[-74.59577,40.96573],[-74.59872,40.96897],[-74.59715,40.97305],[-74.59819,40.97482],[-74.59733,40.98049],[-74.59471,40.98085],[-74.59298,40.98336],[-74.59061,40.98329],[-74.58888,40.98202],[-74.58829,40.98435],[-74.58575,40.98682],[-74.58464,40.98663],[-74.58457,40.9786],[-74.58657,40.97952],[-74.58704,40.97645],[-74.58371,40.97624],[-74.58022,40.97803],[-74.5767,40.97857],[-74.57506,40.97762],[-74.56841,40.97703],[-74.56702,40.97539],[-74.56776,40.97161],[-74.57187,40.96827],[-74.5664,40.96793],[-74.56462,40.96439],[-74.56519,40.96297],[-74.57018,40.95599],[-74.5702,40.9542],[-74.56785,40.95843],[-74.56464,40.96183],[-74.5644,40.96376],[-74.56154,40.96641],[-74.55835,40.96708],[-74.55649,40.96562],[-74.55053,40.97026],[-74.54238,40.97586],[-74.54703,40.97082],[-74.54539,40.96822],[-74.58327,40.93479],[-74.59085,40.927],[-74.58572,40.91897],[-74.57927,40.91412],[-74.57775,40.91441],[-74.56366,40.9238],[-74.56144,40.9221],[-74.55159,40.92828],[-74.55198,40.9337],[-74.54965,40.93172],[-74.54018,40.93769],[-74.54139,40.93807],[-74.53282,40.94748],[-74.5286,40.94654],[-74.52459,40.95273],[-74.51597,40.95139],[-74.51713,40.95443],[-74.51136,40.95217],[-74.50689,40.95323],[-74.50412,40.95149],[-74.4995,40.95094],[-74.49629,40.94932],[-74.50875,40.94404],[-74.50535,40.94044],[-74.52235,40.93414],[-74.52561,40.93271],[-74.53085,40.93148],[-74.53193,40.92984],[-74.53655,40.92925],[-74.54068,40.93055],[-74.54094,40.9293],[-74.53788,40.92413],[-74.53486,40.92304],[-74.53281,40.91972],[-74.53253,40.91629],[-74.5384,40.91928],[-74.54139,40.9165],[-74.53816,40.91389],[-74.53862,40.91292],[-74.54371,40.91528],[-74.54207,40.91773],[-74.54295,40.91887],[-74.54863,40.91777],[-74.55075,40.91677],[-74.55255,40.91994],[-74.5564,40.91619],[-74.55638,40.91449],[-74.56106,40.9142],[-74.56009,40.91052],[-74.56705,40.91011],[-74.5661,40.90812],[-74.5679,40.90431],[-74.56837,40.89877],[-74.56922,40.89609],[-74.56882,40.89207],[-74.57782,40.88602],[-74.58569,40.88697],[-74.588,40.88944],[-74.59316,40.88989],[-74.59425,40.8921],[-74.59653,40.90101],[-74.60009,40.90054],[-74.6003,40.89823],[-74.60865,40.89964],[-74.61101,40.89779],[-74.61961,40.89578],[-74.62321,40.89589],[-74.62892,40.88851],[-74.63077,40.88824],[-74.6331,40.8898],[-74.632,40.89155],[-74.63356,40.89463],[-74.63394,40.89625],[-74.6299,40.8974],[-74.63249,40.89825],[-74.62469,40.90057],[-74.62342,40.90471],[-74.6207,40.9073],[-74.62456,40.90746],[-74.62508,40.91039],[-74.62103,40.91255],[-74.61815,40.92197],[-74.61531,40.92591],[-74.61539,40.93033],[-74.61566,40.93329]]]}},{"type":"Feature","properties":{"zcta":"08873","d":920},"geometry":{"type":"Polygon","coordinates":[[[-74.58776,40.4613],[-74.58324,40.46343],[-74.58001,40.46596],[-74.57629,40.46745],[-74.57264,40.47098],[-74.57257,40.47313],[-74.576,40.47482],[-74.57556,40.47873],[-74.577,40.48321],[-74.58024,40.48986],[-74.58354,40.49516],[-74.58423,40.49755],[-74.58711,40.50232],[-74.58681,40.5042],[-74.57884,40.50731],[-74.57715,40.50937],[-74.57629,40.51252],[-74.57677,40.51482],[-74.58001,40.51744],[-74.58641,40.51903],[-74.58936,40.52241],[-74.58998,40.52583],[-74.5893,40.52798],[-74.588,40.53013],[-74.58222,40.53504],[-74.5794,40.53368],[-74.57812,40.53505],[-74.56557,40.54243],[-74.56648,40.54281],[-74.56071,40.54504],[-74.55494,40.54942],[-74.54743,40.55177],[-74.54432,40.55418],[-74.54344,40.55478],[-74.51587,40.54498],[-74.51412,40.54203],[-74.51175,40.53981],[-74.49913,40.5321],[-74.49519,40.52907],[-74.49164,40.52468],[-74.48511,40.51532],[-74.48168,40.51186],[-74.47783,40.51069],[-74.47449,40.51061],[-74.46695,40.5089],[-74.46699,40.50293],[-74.46243,40.50022],[-74.45904,40.49607],[-74.45986,40.49105],[-74.46821,40.48685],[-74.4785,40.48392],[-74.48494,40.47959],[-74.48949,40.47445],[-74.49564,40.4687],[-74.50781,40.46099],[-74.51239,40.45662],[-74.52064,40.451],[-74.52657,40.44485],[-74.53057,40.44196],[-74.53336,40.44396],[-74.53166,40.44549],[-74.54347,40.45044],[-74.54432,40.45236],[-74.54529,40.45067],[-74.54386,40.44633],[-74.54521,40.44507],[-74.54842,40.44422],[-74.55166,40.44602],[-74.54992,40.44859],[-74.55136,40.44916],[-74.55273,40.44715],[-74.55557,40.44705],[-74.55994,40.44925],[-74.56164,40.44696],[-74.56872,40.45001],[-74.5671,40.45229],[-74.57599,40.45609],[-74.57587,40.45757],[-74.58142,40.4604],[-74.58288,40.46084],[-74.58808,40.45763],[-74.5917,40.45794],[-74.58776,40.4613]]]}},{"type":"Feature","properties":{"zcta":"07470","d":1111},"geometry":{"type":"Polygon","coordinates":[[[-74.2794,40.94344],[-74.27773,40.95121],[-74.27752,40.95507],[-74.28055,40.95777],[-74.27936,40.96521],[-74.2811,40.96619],[-74.28203,40.96917],[-74.28069,40.97229],[-74.27787,40.97214],[-74.27883,40.9754],[-74.2815,40.97613],[-74.28169,40.97996],[-74.28126,40.98376],[-74.27943,40.98563],[-74.2809,40.99169],[-74.27656,40.99411],[-74.27573,40.99819],[-74.27747,41.00293],[-74.27287,41.00842],[-74.26685,41.01388],[-74.26433,41.01199],[-74.24853,40.99209],[-74.22453,40.9813],[-74.21193,40.98017],[-74.20194,40.9734],[-74.19801,40.96987],[-74.19688,40.95516],[-74.19406,40.95364],[-74.19455,40.951],[-74.19293,40.95062],[-74.19061,40.94576],[-74.1964,40.94647],[-74.1958,40.93551],[-74.2001,40.93155],[-74.20204,40.92647],[-74.20368,40.92495],[-74.20729,40.92338],[-74.2079,40.92183],[-74.20961,40.92238],[-74.23043,40.91335],[-74.23492,40.91048],[-74.24364,40.90985],[-74.24406,40.90457],[-74.24757,40.90637],[-74.24949,40.90469],[-74.24977,40.90199],[-74.23991,40.8972],[-74.23964,40.89453],[-74.23633,40.89268],[-74.23432,40.89034],[-74.23498,40.88711],[-74.23423,40.88555],[-74.23119,40.8831],[-74.23497,40.88437],[-74.23667,40.88731],[-74.23915,40.88818],[-74.23937,40.89185],[-74.24148,40.89263],[-74.24954,40.88573],[-74.25483,40.88307],[-74.25827,40.8831],[-74.26429,40.88691],[-74.26629,40.89404],[-74.27206,40.89743],[-74.27277,40.89971],[-74.27091,40.90319],[-74.27352,40.9065],[-74.27164,40.90762],[-74.27159,40.91003],[-74.26868,40.90747],[-74.26669,40.90773],[-74.26686,40.91024],[-74.27168,40.91543],[-74.27905,40.91612],[-74.27771,40.91684],[-74.27954,40.91828],[-74.28183,40.91701],[-74.28424,40.91718],[-74.28376,40.9199],[-74.2857,40.92141],[-74.2852,40.923],[-74.28851,40.92498],[-74.28925,40.92879],[-74.2851,40.93138],[-74.28216,40.93663],[-74.2794,40.94344]]]}},{"type":"Feature","properties":{"zcta":"08731","d":240},"geometry":{"type":"Polygon","coordinates":[[[-74.42679,39.86103],[-74.36561,39.91106],[-74.35613,39.91863],[-74.32964,39.94028],[-74.3151,39.93041],[-74.31032,39.92761],[-74.2929,39.9172],[-74.29323,39.91309],[-74.28821,39.91172],[-74.28462,39.90869],[-74.28111,39.91026],[-74.27861,39.90733],[-74.27635,39.9077],[-74.27379,39.90615],[-74.27051,39.90678],[-74.26862,39.90492],[-74.26646,39.90494],[-74.26115,39.9026],[-74.25471,39.90175],[-74.25335,39.90253],[-74.25074,39.90042],[-74.24786,39.90199],[-74.244,39.9006],[-74.24132,39.9013],[-74.23811,39.90031],[-74.23507,39.90114],[-74.23137,39.90056],[-74.22695,39.89816],[-74.2256,39.89631],[-74.22646,39.89503],[-74.22045,39.8917],[-74.21888,39.88992],[-74.21523,39.88868],[-74.21507,39.88666],[-74.21191,39.88451],[-74.21264,39.87924],[-74.20447,39.87715],[-74.20504,39.87336],[-74.21043,39.86757],[-74.20686,39.86613],[-74.20173,39.86695],[-74.20154,39.86419],[-74.19853,39.86476],[-74.19609,39.86411],[-74.19451,39.86234],[-74.20076,39.85896],[-74.19672,39.85663],[-74.19045,39.85758],[-74.18273,39.85597],[-74.18471,39.85293],[-74.18192,39.85257],[-74.18018,39.85525],[-74.17547,39.85321],[-74.17022,39.85245],[-74.16677,39.85016],[-74.15487,39.84776],[-74.14939,39.84593],[-74.1486,39.84646],[-74.14333,39.84556],[-74.13981,39.84423],[-74.14006,39.83925],[-74.14252,39.8356],[-74.14735,39.83196],[-74.15159,39.82794],[-74.15708,39.81675],[-74.16315,39.80964],[-74.17049,39.81118],[-74.17535,39.80962],[-74.17908,39.80933],[-74.18711,39.8103],[-74.19091,39.80974],[-74.19736,39.81123],[-74.20168,39.81144],[-74.20742,39.80943],[-74.21012,39.81016],[-74.21159,39.80912],[-74.21862,39.80905],[-74.21867,39.80609],[-74.22259,39.80614],[-74.22587,39.8032],[-74.22808,39.8043],[-74.23495,39.80309],[-74.23707,39.80382],[-74.24064,39.80249],[-74.24258,39.80332],[-74.24768,39.80035],[-74.25011,39.79827],[-74.33141,39.82894],[-74.34337,39.82814],[-74.41689,39.82268],[-74.42942,39.8454],[-74.43422,39.85516],[-74.42679,39.86103]]]}},{"type":"Feature","properties":{"zcta":"08087","d":265},"geometry":{"type":"Polygon","coordinates":[[[-74.39019,39.66679],[-74.38311,39.67498],[-74.37454,39.68572],[-74.37227,39.68464],[-74.36857,39.68457],[-74.36579,39.68265],[-74.34878,39.67605],[-74.34499,39.67749],[-74.34435,39.67677],[-74.33707,39.67844],[-74.302,39.61524],[-74.28713,39.61109],[-74.26549,39.58901],[-74.26661,39.5853],[-74.26655,39.57947],[-74.26424,39.57633],[-74.32406,39.57678],[-74.32538,39.57531],[-74.33084,39.56659],[-74.34247,39.56525],[-74.34094,39.56363],[-74.33868,39.56321],[-74.33613,39.5643],[-74.32974,39.55929],[-74.32897,39.55778],[-74.31869,39.55331],[-74.31965,39.54875],[-74.3171,39.54684],[-74.32016,39.54407],[-74.31605,39.5449],[-74.31544,39.5412],[-74.31257,39.54126],[-74.31451,39.53786],[-74.31102,39.53846],[-74.3089,39.53791],[-74.30932,39.53437],[-74.30378,39.52826],[-74.30551,39.52624],[-74.30463,39.52472],[-74.29992,39.52294],[-74.29778,39.5255],[-74.29741,39.52202],[-74.29997,39.51681],[-74.3032,39.51432],[-74.30777,39.50849],[-74.32383,39.50781],[-74.32638,39.50633],[-74.33084,39.50661],[-74.33025,39.51245],[-74.33174,39.51064],[-74.33417,39.51414],[-74.3327,39.52056],[-74.32182,39.52219],[-74.32778,39.52262],[-74.32598,39.52612],[-74.32664,39.52814],[-74.32977,39.53048],[-74.33104,39.536],[-74.32901,39.53604],[-74.32792,39.53835],[-74.33141,39.53894],[-74.33377,39.54167],[-74.33164,39.5427],[-74.33182,39.54402],[-74.33521,39.54202],[-74.33724,39.53842],[-74.34078,39.54074],[-74.34398,39.5415],[-74.34583,39.54302],[-74.35124,39.54523],[-74.36509,39.54499],[-74.36661,39.54122],[-74.39768,39.5304],[-74.4033,39.54033],[-74.4082,39.54463],[-74.40953,39.54711],[-74.41622,39.5498],[-74.41668,39.55272],[-74.41612,39.55602],[-74.41985,39.55753],[-74.42539,39.55352],[-74.42785,39.55316],[-74.43393,39.55563],[-74.43837,39.55352],[-74.43835,39.55131],[-74.43425,39.54658],[-74.43345,39.54384],[-74.43445,39.54196],[-74.4375,39.5412],[-74.44088,39.54211],[-74.44573,39.54635],[-74.44613,39.54974],[-74.44357,39.55476],[-74.44389,39.55686],[-74.44556,39.55857],[-74.44865,39.55903],[-74.45261,39.55691],[-74.45332,39.55373],[-74.45345,39.54857],[-74.45731,39.54732],[-74.45958,39.54858],[-74.46075,39.55428],[-74.46216,39.55609],[-74.46556,39.55648],[-74.46776,39.55567],[-74.47183,39.55199],[-74.47566,39.55146],[-74.47961,39.55553],[-74.47921,39.55794],[-74.47515,39.56153],[-74.4753,39.56412],[-74.47831,39.56569],[-74.47957,39.56739],[-74.47865,39.56924],[-74.48122,39.57067],[-74.4846,39.57751],[-74.48443,39.57976],[-74.4862,39.58351],[-74.48521,39.58969],[-74.48287,39.59269],[-74.48322,39.59542],[-74.48745,39.5969],[-74.48927,39.59851],[-74.49029,39.60071],[-74.4905,39.60424],[-74.4944,39.60999],[-74.49574,39.61674],[-74.49499,39.6177],[-74.49423,39.61157],[-74.48968,39.61311],[-74.49101,39.61142],[-74.49412,39.6108],[-74.49136,39.60569],[-74.48932,39.60396],[-74.48973,39.5997],[-74.48692,39.59728],[-74.48238,39.59794],[-74.48218,39.59977],[-74.48011,39.60091],[-74.4731,39.59214],[-74.47113,39.59134],[-74.4637,39.59145],[-74.4641,39.58758],[-74.46178,39.58271],[-74.45731,39.58023],[-74.45444,39.5841],[-74.45029,39.58714],[-74.44419,39.59303],[-74.45235,39.59224],[-74.45342,39.59425],[-74.45638,39.5934],[-74.4554,39.59171],[-74.46113,39.59118],[-74.46098,39.59684],[-74.45489,39.59925],[-74.45297,39.59934],[-74.45319,39.6013],[-74.46114,39.60282],[-74.454,39.61392],[-74.44966,39.61194],[-74.44955,39.61479],[-74.45318,39.61877],[-74.4671,39.62463],[-74.45708,39.62538],[-74.45389,39.62473],[-74.44711,39.62454],[-74.44787,39.62881],[-74.44627,39.63076],[-74.44276,39.63797],[-74.44474,39.644],[-74.44439,39.64884],[-74.44237,39.65502],[-74.44092,39.66925],[-74.43684,39.66798],[-74.42929,39.6688],[-74.42564,39.66968],[-74.42186,39.66901],[-74.42121,39.67201],[-74.42293,39.67783],[-74.42181,39.68352],[-74.41918,39.68642],[-74.41837,39.68867],[-74.42322,39.69101],[-74.42784,39.6908],[-74.43368,39.69418],[-74.43185,39.69828],[-74.43175,39.70281],[-74.42849,39.70598],[-74.42384,39.70576],[-74.41475,39.70661],[-74.40839,39.70991],[-74.40806,39.71303],[-74.40393,39.71142],[-74.39867,39.71026],[-74.39999,39.71614],[-74.39678,39.71936],[-74.39247,39.72156],[-74.38994,39.72375],[-74.39019,39.66679]]]}},{"type":"Feature","properties":{"zcta":"07005","d":447},"geometry":{"type":"MultiPolygon","coordinates":[[[[-74.39036,40.87567],[-74.39179,40.87395],[-74.39404,40.8778],[-74.39036,40.87567]]],[[[-74.43062,40.87948],[-74.43302,40.87809],[-74.43177,40.87995],[-74.43062,40.87948]]],[[[-74.46006,40.92776],[-74.46117,40.92864],[-74.45811,40.93204],[-74.46002,40.93401],[-74.46279,40.9338],[-74.46367,40.93688],[-74.45635,40.9432],[-74.45845,40.94388],[-74.45609,40.94675],[-74.4602,40.94708],[-74.46383,40.95079],[-74.46316,40.95795],[-74.46146,40.95921],[-74.45992,40.96314],[-74.45366,40.96282],[-74.444,40.96862],[-74.44182,40.97056],[-74.4396,40.97108],[-74.43718,40.9739],[-74.43494,40.97799],[-74.43535,40.97909],[-74.43087,40.97772],[-74.43117,40.95937],[-74.4095,40.95861],[-74.40076,40.95957],[-74.36794,40.95822],[-74.36732,40.95505],[-74.36407,40.95492],[-74.36218,40.95167],[-74.36262,40.94841],[-74.36755,40.9468],[-74.36766,40.9453],[-74.37046,40.94209],[-74.38181,40.93671],[-74.38739,40.93506],[-74.38973,40.93084],[-74.38976,40.92835],[-74.39427,40.92623],[-74.39097,40.91945],[-74.3935,40.91741],[-74.39086,40.9098],[-74.38716,40.90975],[-74.38371,40.90341],[-74.38317,40.89972],[-74.37831,40.90049],[-74.37822,40.90196],[-74.37529,40.90157],[-74.37399,40.89896],[-74.37498,40.89193],[-74.37677,40.89205],[-74.38775,40.88803],[-74.39018,40.88855],[-74.395,40.88741],[-74.39617,40.88552],[-74.39601,40.88195],[-74.40106,40.88184],[-74.40405,40.87874],[-74.40481,40.87421],[-74.40799,40.87146],[-74.40909,40.86947],[-74.41113,40.86862],[-74.41473,40.86874],[-74.41895,40.87049],[-74.42043,40.87464],[-74.41992,40.87925],[-74.42221,40.87624],[-74.42432,40.87735],[-74.42561,40.88229],[-74.43068,40.88171],[-74.42668,40.88646],[-74.42447,40.89186],[-74.41709,40.89628],[-74.42095,40.8997],[-74.42186,40.90147],[-74.42554,40.90405],[-74.42814,40.90107],[-74.43126,40.90158],[-74.43623,40.9035],[-74.44066,40.90724],[-74.43822,40.9094],[-74.45776,40.91923],[-74.45662,40.92062],[-74.45785,40.92169],[-74.45905,40.91986],[-74.46577,40.92341],[-74.46006,40.92776]]]]}},{"type":"Feature","properties":{"zcta":"07012","d":3229},"geometry":{"type":"Polygon","coordinates":[[[-74.14667,40.84892],[-74.14217,40.84575],[-74.143,40.8449],[-74.14454,40.84327],[-74.14131,40.84209],[-74.14349,40.83977],[-74.14091,40.83826],[-74.14313,40.83668],[-74.14537,40.83779],[-74.1475,40.83556],[-74.14076,40.8322],[-74.14205,40.83136],[-74.15545,40.83765],[-74.15748,40.835],[-74.16267,40.83781],[-74.1799,40.84726],[-74.17637,40.85334],[-74.17422,40.8582],[-74.17193,40.85955],[-74.1697,40.85768],[-74.16402,40.85533],[-74.16058,40.85951],[-74.15942,40.85861],[-74.15669,40.86185],[-74.15555,40.85868],[-74.15569,40.85467],[-74.15123,40.85396],[-74.15015,40.85482],[-74.14894,40.85293],[-74.14589,40.85174],[-74.14667,40.84892]]]}},{"type":"Feature","properties":{"zcta":"07928","d":1063},"geometry":{"type":"Polygon","coordinates":[[[-74.43655,40.75282],[-74.43327,40.75007],[-74.43226,40.7511],[-74.42882,40.74958],[-74.43002,40.746],[-74.41439,40.7425],[-74.40992,40.7405],[-74.40883,40.74132],[-74.40547,40.73989],[-74.40221,40.74128],[-74.39206,40.75138],[-74.39027,40.75132],[-74.38066,40.75512],[-74.36488,40.74981],[-74.36782,40.74866],[-74.36491,40.74668],[-74.36623,40.74389],[-74.36851,40.74291],[-74.37204,40.74373],[-74.37174,40.73964],[-74.37066,40.73607],[-74.37113,40.73458],[-74.37453,40.73354],[-74.37755,40.73433],[-74.38006,40.73324],[-74.37765,40.73033],[-74.38427,40.72449],[-74.38817,40.72624],[-74.39078,40.72539],[-74.39141,40.71811],[-74.39597,40.71722],[-74.40176,40.71814],[-74.40733,40.71342],[-74.40841,40.71021],[-74.41185,40.71036],[-74.41456,40.70635],[-74.41848,40.70514],[-74.42151,40.70319],[-74.42691,40.70172],[-74.42857,40.69912],[-74.43008,40.69776],[-74.43051,40.69366],[-74.43408,40.69357],[-74.43797,40.69164],[-74.43964,40.6897],[-74.44376,40.68804],[-74.44945,40.71739],[-74.45113,40.72586],[-74.44968,40.72382],[-74.44202,40.72537],[-74.44006,40.7271],[-74.44264,40.73023],[-74.43743,40.73614],[-74.43617,40.73881],[-74.43458,40.73772],[-74.43195,40.74014],[-74.43544,40.7435],[-74.43216,40.74645],[-74.43486,40.74789],[-74.4382,40.75231],[-74.43655,40.75282]]]}},{"type":"Feature","properties":{"zcta":"07059","d":425},"geometry":{"type":"Polygon","coordinates":[[[-74.51943,40.64961],[-74.51526,40.65109],[-74.51309,40.64956],[-74.5107,40.65025],[-74.50993,40.65181],[-74.5077,40.65258],[-74.50495,40.65688],[-74.506,40.65851],[-74.50384,40.65954],[-74.50107,40.65882],[-74.49868,40.65955],[-74.49893,40.66138],[-74.49544,40.66201],[-74.49193,40.66143],[-74.49072,40.66341],[-74.48538,40.66244],[-74.48413,40.66333],[-74.48481,40.66545],[-74.48042,40.66622],[-74.4761,40.66661],[-74.47377,40.66931],[-74.46966,40.66793],[-74.46213,40.67163],[-74.46103,40.6735],[-74.45708,40.66649],[-74.45085,40.65415],[-74.44869,40.65523],[-74.44841,40.65374],[-74.45081,40.65242],[-74.45465,40.65151],[-74.45354,40.64874],[-74.46428,40.63832],[-74.48232,40.62118],[-74.50599,40.59849],[-74.50051,40.59638],[-74.50722,40.59189],[-74.51301,40.58969],[-74.51351,40.59096],[-74.51772,40.58725],[-74.5191,40.58802],[-74.53168,40.59532],[-74.53295,40.59888],[-74.53262,40.60052],[-74.53522,40.60347],[-74.53527,40.60563],[-74.5448,40.60405],[-74.55424,40.60514],[-74.56322,40.61051],[-74.56376,40.61529],[-74.56259,40.6187],[-74.56538,40.62268],[-74.56898,40.6251],[-74.57162,40.62834],[-74.57308,40.63165],[-74.57286,40.63445],[-74.57432,40.64211],[-74.57557,40.64466],[-74.57493,40.64942],[-74.57704,40.65303],[-74.57443,40.656],[-74.56994,40.65499],[-74.56899,40.65277],[-74.56927,40.64998],[-74.56608,40.64847],[-74.56205,40.64817],[-74.5569,40.65046],[-74.55477,40.64975],[-74.5503,40.65021],[-74.54866,40.65145],[-74.53997,40.65182],[-74.5377,40.65013],[-74.5324,40.64961],[-74.53055,40.64796],[-74.52323,40.64916],[-74.51943,40.64961]]]}},{"type":"Feature","properties":{"zcta":"07114","d":554},"geometry":{"type":"Polygon","coordinates":[[[-74.1883,40.72154],[-74.18679,40.72286],[-74.18386,40.72347],[-74.18389,40.72506],[-74.1819,40.72653],[-74.1801,40.72505],[-74.17489,40.72392],[-74.172,40.72258],[-74.16678,40.72127],[-74.16395,40.71945],[-74.16562,40.7165],[-74.15906,40.71737],[-74.15569,40.71662],[-74.1584,40.71194],[-74.15567,40.71296],[-74.1489,40.7102],[-74.15212,40.70666],[-74.14576,40.71138],[-74.13786,40.70937],[-74.13269,40.70706],[-74.12858,40.70392],[-74.12317,40.70077],[-74.13032,40.6902],[-74.13611,40.68901],[-74.14421,40.68005],[-74.14372,40.6795],[-74.15043,40.68315],[-74.15386,40.68592],[-74.15906,40.68642],[-74.16272,40.68968],[-74.16763,40.68996],[-74.16927,40.68862],[-74.20145,40.68668],[-74.2018,40.68681],[-74.20925,40.69071],[-74.21297,40.70081],[-74.20987,40.7023],[-74.20588,40.70568],[-74.20092,40.70874],[-74.19823,40.70926],[-74.19758,40.70808],[-74.19291,40.71061],[-74.18956,40.71177],[-74.19347,40.71311],[-74.1883,40.72154]]]}},{"type":"Feature","properties":{"zcta":"07753","d":1136},"geometry":{"type":"Polygon","coordinates":[[[-74.10044,40.247],[-74.09769,40.24547],[-74.09621,40.25059],[-74.08925,40.24995],[-74.08722,40.25316],[-74.08337,40.25229],[-74.08021,40.25052],[-74.0799,40.24424],[-74.08127,40.24289],[-74.08105,40.23918],[-74.08221,40.23696],[-74.07741,40.2344],[-74.05948,40.23044],[-74.02555,40.22328],[-74.02495,40.21315],[-74.01907,40.21331],[-74.01395,40.21434],[-74.016,40.20852],[-74.01722,40.20877],[-74.02126,40.19749],[-74.02565,40.18531],[-74.02945,40.18283],[-74.03087,40.18366],[-74.02976,40.18723],[-74.02816,40.18841],[-74.03252,40.18843],[-74.03487,40.18633],[-74.0361,40.18252],[-74.04168,40.18153],[-74.04848,40.18514],[-74.05277,40.1863],[-74.05417,40.18797],[-74.05696,40.18814],[-74.05999,40.1933],[-74.06315,40.19467],[-74.06193,40.1962],[-74.06621,40.19676],[-74.06876,40.19499],[-74.07248,40.19516],[-74.07231,40.19364],[-74.07522,40.19125],[-74.07888,40.19223],[-74.08302,40.18979],[-74.0829,40.18722],[-74.08466,40.18869],[-74.08818,40.18919],[-74.08967,40.18735],[-74.09363,40.18769],[-74.09762,40.18482],[-74.0966,40.18249],[-74.09986,40.18375],[-74.0994,40.17787],[-74.10394,40.17817],[-74.10381,40.17933],[-74.10662,40.17968],[-74.10654,40.18438],[-74.10541,40.18551],[-74.10965,40.19111],[-74.11822,40.19451],[-74.12603,40.2126],[-74.12487,40.21678],[-74.12216,40.21741],[-74.12084,40.21892],[-74.12255,40.22117],[-74.11834,40.22381],[-74.10247,40.2443],[-74.10044,40.247]]]}},{"type":"Feature","properties":{"zcta":"07630","d":1623},"geometry":{"type":"Polygon","coordinates":[[[-74.04271,40.97347],[-74.03973,40.97913],[-74.03564,40.9842],[-74.01689,40.98132],[-74.0119,40.98015],[-74.00934,40.97865],[-74.00597,40.98333],[-74.00438,40.98704],[-74.00348,40.98269],[-73.99783,40.98154],[-73.9941,40.98022],[-73.99385,40.9753],[-73.99777,40.97278],[-74.00172,40.97241],[-74.00184,40.97079],[-74.00329,40.97029],[-74.00435,40.97194],[-74.00691,40.97015],[-74.00958,40.97078],[-74.01338,40.96896],[-74.01364,40.96681],[-74.01642,40.96764],[-74.0242,40.96985],[-74.0282,40.96949],[-74.03689,40.97183],[-74.03802,40.96224],[-74.04897,40.96529],[-74.04606,40.97326],[-74.0499,40.97418],[-74.05226,40.96873],[-74.05549,40.96956],[-74.05661,40.96988],[-74.05509,40.97319],[-74.05686,40.97364],[-74.05566,40.97638],[-74.04271,40.97347]]]}},{"type":"Feature","properties":{"zcta":"07013","d":3477},"geometry":{"type":"Polygon","coordinates":[[[-74.19375,40.86858],[-74.18928,40.8747],[-74.1865,40.87664],[-74.18241,40.88347],[-74.18061,40.88491],[-74.1793,40.88788],[-74.17904,40.8916],[-74.17455,40.89947],[-74.16989,40.89676],[-74.16636,40.89468],[-74.16697,40.89078],[-74.16824,40.88893],[-74.1659,40.88156],[-74.16491,40.8816],[-74.16278,40.87733],[-74.16114,40.87762],[-74.15605,40.87206],[-74.15195,40.8668],[-74.14338,40.8594],[-74.14589,40.85174],[-74.14894,40.85293],[-74.15015,40.85482],[-74.15123,40.85396],[-74.15569,40.85467],[-74.15555,40.85868],[-74.15669,40.86185],[-74.15942,40.85861],[-74.16058,40.85951],[-74.16402,40.85533],[-74.1697,40.85768],[-74.17193,40.85955],[-74.17422,40.8582],[-74.17637,40.85334],[-74.1799,40.84726],[-74.18266,40.84878],[-74.19524,40.85563],[-74.19327,40.86103],[-74.19076,40.86408],[-74.19402,40.86517],[-74.19375,40.86858]]]}},{"type":"Feature","properties":{"zcta":"11371","d":0},"geometry":{"type":"Polygon","coordinates":[[[-73.88392,40.77413],[-73.88493,40.77994],[-73.87871,40.78059],[-73.87834,40.78303],[-73.87514,40.78152],[-73.87125,40.78604],[-73.86866,40.78378],[-73.87256,40.78082],[-73.86106,40.77498],[-73.85505,40.7722],[-73.85625,40.76889],[-73.85964,40.76703],[-73.86276,40.76677],[-73.86043,40.76387],[-73.86094,40.76373],[-73.86598,40.76886],[-73.86957,40.77109],[-73.8726,40.77183],[-73.87788,40.77115],[-73.88432,40.76798],[-73.88773,40.76691],[-73.88873,40.76892],[-73.88908,40.77357],[-73.88392,40.77413]]]}},{"type":"Feature","properties":{"zcta":"07008","d":2816},"geometry":{"type":"Polygon","coordinates":[[[-74.24111,40.59974],[-74.23682,40.60256],[-74.23482,40.60218],[-74.23342,40.59959],[-74.23073,40.59884],[-74.22579,40.59992],[-74.22176,40.60001],[-74.21796,40.60108],[-74.21559,40.60401],[-74.21247,40.60282],[-74.2115,40.59832],[-74.20515,40.59388],[-74.20694,40.59284],[-74.21162,40.57802],[-74.21447,40.56502],[-74.22041,40.55888],[-74.22808,40.56139],[-74.22736,40.56408],[-74.22914,40.56469],[-74.22885,40.57096],[-74.24439,40.57937],[-74.24568,40.58007],[-74.25477,40.58023],[-74.25268,40.58755],[-74.25313,40.5898],[-74.25205,40.59333],[-74.25199,40.59715],[-74.24667,40.59852],[-74.24608,40.5998],[-74.24111,40.59974]]]}},{"type":"Feature","properties":{"zcta":"08869","d":2232},"geometry":{"type":"Polygon","coordinates":[[[-74.62544,40.56873],[-74.62316,40.56553],[-74.62587,40.56546],[-74.62612,40.56314],[-74.63021,40.56454],[-74.63751,40.56468],[-74.64584,40.56038],[-74.64796,40.55709],[-74.6489,40.55932],[-74.65019,40.56978],[-74.65787,40.57029],[-74.65873,40.5778],[-74.66135,40.578],[-74.66199,40.58279],[-74.65202,40.58336],[-74.64791,40.58604],[-74.62538,40.5739],[-74.62544,40.56873]]]}},{"type":"Feature","properties":{"zcta":"08810","d":554},"geometry":{"type":"Polygon","coordinates":[[[-74.49509,40.38965],[-74.49637,40.38726],[-74.50456,40.38869],[-74.50147,40.37956],[-74.49913,40.3813],[-74.49256,40.37817],[-74.49213,40.37917],[-74.466,40.3755],[-74.46369,40.37438],[-74.47061,40.35774],[-74.47548,40.35545],[-74.47816,40.35483],[-74.47968,40.35322],[-74.48208,40.34607],[-74.4943,40.34873],[-74.49778,40.3473],[-74.49528,40.35586],[-74.50381,40.35759],[-74.50873,40.36256],[-74.51421,40.36323],[-74.51408,40.3668],[-74.50982,40.3693],[-74.51784,40.37178],[-74.52711,40.37469],[-74.52397,40.37732],[-74.52656,40.37765],[-74.52931,40.37927],[-74.53144,40.38251],[-74.51557,40.39049],[-74.51866,40.39265],[-74.51731,40.39522],[-74.51571,40.39418],[-74.51112,40.3936],[-74.50877,40.39459],[-74.50627,40.39372],[-74.50559,40.39168],[-74.50443,40.39302],[-74.49509,40.38965]]]}},{"type":"Feature","properties":{"zcta":"07850","d":1070},"geometry":{"type":"Polygon","coordinates":[[[-74.68953,40.90732],[-74.6861,40.91],[-74.68321,40.91011],[-74.6795,40.90916],[-74.67516,40.91104],[-74.67192,40.91348],[-74.66993,40.91394],[-74.66568,40.91724],[-74.65258,40.92192],[-74.65159,40.92375],[-74.65386,40.92632],[-74.64598,40.92138],[-74.64395,40.92146],[-74.64323,40.91972],[-74.63791,40.9173],[-74.6386,40.91473],[-74.6415,40.91151],[-74.64035,40.91109],[-74.64787,40.89905],[-74.65046,40.90002],[-74.65175,40.89804],[-74.65148,40.89607],[-74.65394,40.894],[-74.65639,40.8935],[-74.65662,40.89211],[-74.66931,40.89282],[-74.67321,40.89268],[-74.67581,40.89887],[-74.67551,40.89999],[-74.67263,40.90011],[-74.67616,40.90176],[-74.67953,40.90461],[-74.68193,40.90287],[-74.68716,40.90129],[-74.68773,40.90056],[-74.69147,40.90001],[-74.69249,40.90719],[-74.68953,40.90732]]]}},{"type":"Feature","properties":{"zcta":"07416","d":306},"geometry":{"type":"Polygon","coordinates":[[[-74.63317,41.13332],[-74.62763,41.13132],[-74.6255,41.13453],[-74.6233,41.13591],[-74.61915,41.13458],[-74.61785,41.13673],[-74.61555,41.13766],[-74.6076,41.13475],[-74.60474,41.13647],[-74.6021,41.13659],[-74.59625,41.13907],[-74.59368,41.13909],[-74.58853,41.14159],[-74.58014,41.14451],[-74.57767,41.13808],[-74.5766,41.13679],[-74.57179,41.13737],[-74.57007,41.13696],[-74.5757,41.106],[-74.57547,41.10121],[-74.56444,41.1055],[-74.55263,41.113],[-74.54503,41.11603],[-74.54047,41.11738],[-74.53721,41.11772],[-74.53779,41.11561],[-74.53612,41.11338],[-74.53713,41.11119],[-74.53788,41.11298],[-74.5406,41.11403],[-74.54242,41.11343],[-74.55165,41.10752],[-74.55542,41.10568],[-74.56135,41.09826],[-74.55969,41.09397],[-74.55802,41.09518],[-74.55223,41.09254],[-74.54689,41.09323],[-74.54305,41.09244],[-74.54734,41.08265],[-74.54637,41.07935],[-74.55174,41.07355],[-74.5519,41.07249],[-74.54625,41.07124],[-74.55288,41.068],[-74.55311,41.06699],[-74.57707,41.07876],[-74.58791,41.08487],[-74.58957,41.08553],[-74.60189,41.09289],[-74.60721,41.09609],[-74.63854,41.11867],[-74.63407,41.13268],[-74.63317,41.13332]]]}},{"type":"Feature","properties":{"zcta":"11964","d":0},"geometry":{"type":"MultiPolygon","coordinates":[[[[-72.29003,41.07887],[-72.28421,41.07851],[-72.28132,41.07893],[-72.27843,41.07737],[-72.27786,41.07538],[-72.28739,41.07435],[-72.29373,41.07833],[-72.29378,41.08008],[-72.29003,41.07887]]],[[[-72.33191,41.10631],[-72.32961,41.10525],[-72.32481,41.10155],[-72.32164,41.10024],[-72.32183,41.09616],[-72.32433,41.09607],[-72.32375,41.09342],[-72.32418,41.08597],[-72.32535,41.08443],[-72.31983,41.08436],[-72.30871,41.07472],[-72.30402,41.07176],[-72.28212,41.06882],[-72.28309,41.06787],[-72.27405,41.05243],[-72.28089,41.04773],[-72.27972,41.0416],[-72.27587,41.03657],[-72.26673,41.03564],[-72.26583,41.03657],[-72.26652,41.02564],[-72.26952,41.02304],[-72.2818,41.01468],[-72.31023,41.04339],[-72.32559,41.03819],[-72.32752,41.04335],[-72.3294,41.04416],[-72.33125,41.04762],[-72.33695,41.04975],[-72.34002,41.04695],[-72.33919,41.04578],[-72.3435,41.04176],[-72.34628,41.04066],[-72.35565,41.04223],[-72.36047,41.04439],[-72.36313,41.049],[-72.36276,41.05047],[-72.36488,41.05358],[-72.36849,41.05207],[-72.36793,41.0503],[-72.36892,41.04936],[-72.37095,41.05069],[-72.37121,41.05288],[-72.37242,41.05191],[-72.37201,41.05713],[-72.36969,41.05815],[-72.37264,41.06162],[-72.37129,41.06244],[-72.37479,41.06738],[-72.37332,41.06975],[-72.3681,41.07081],[-72.3698,41.07218],[-72.36471,41.07475],[-72.36111,41.07413],[-72.36085,41.073],[-72.36465,41.07123],[-72.36267,41.06928],[-72.36088,41.06904],[-72.3624,41.06726],[-72.36419,41.06799],[-72.36744,41.06284],[-72.36582,41.06279],[-72.36418,41.06645],[-72.35754,41.06474],[-72.35617,41.06544],[-72.35413,41.06376],[-72.35116,41.06448],[-72.35021,41.062],[-72.34206,41.06449],[-72.34238,41.06817],[-72.34408,41.07043],[-72.34654,41.07155],[-72.3529,41.06909],[-72.35579,41.07478],[-72.34822,41.0765],[-72.34483,41.07523],[-72.33209,41.07543],[-72.33267,41.07886],[-72.33527,41.08737],[-72.3412,41.08616],[-72.34189,41.08538],[-72.34449,41.09081],[-72.3467,41.09242],[-72.34788,41.09507],[-72.3442,41.09588],[-72.3393,41.09847],[-72.33861,41.10205],[-72.33518,41.10692],[-72.33191,41.10631]],[[-72.36691,41.0555],[-72.36275,41.05643],[-72.36518,41.0591],[-72.36969,41.05815],[-72.36691,41.0555]],[[-72.35686,41.05204],[-72.36013,41.05038],[-72.35529,41.04902],[-72.35686,41.05204]]]]}},{"type":"Feature","properties":{"zcta":"08740","d":0},"geometry":{"type":"Polygon","coordinates":[[[-74.1315,39.93342],[-74.12567,39.93501],[-74.11124,39.93826],[-74.10583,39.93106],[-74.11699,39.93136],[-74.1192,39.93031],[-74.12181,39.93092],[-74.12382,39.92858],[-74.12408,39.92302],[-74.14028,39.92372],[-74.14709,39.92348],[-74.14617,39.92648],[-74.1436,39.92727],[-74.14256,39.92876],[-74.14453,39.92972],[-74.13975,39.93229],[-74.13873,39.93383],[-74.1315,39.93342]]]}},{"type":"Feature","properties":{"zcta":"11965","d":0},"geometry":{"type":"MultiPolygon","coordinates":[[[[-72.32995,41.10595],[-72.32425,41.10165],[-72.321,41.10058],[-72.32045,41.09431],[-72.31724,41.08866],[-72.30809,41.08679],[-72.30181,41.08237],[-72.29772,41.08104],[-72.29216,41.08159],[-72.28037,41.0804],[-72.27743,41.07872],[-72.27624,41.07693],[-72.27873,41.07213],[-72.28212,41.06882],[-72.30402,41.07176],[-72.30871,41.07472],[-72.31983,41.08436],[-72.32535,41.08443],[-72.32418,41.08597],[-72.32375,41.09342],[-72.32433,41.09607],[-72.32183,41.09616],[-72.32164,41.10024],[-72.32481,41.10155],[-72.32961,41.10525],[-72.33191,41.10631],[-72.32995,41.10595]],[[-72.29373,41.07833],[-72.28739,41.07435],[-72.27786,41.07538],[-72.27843,41.07737],[-72.28132,41.07893],[-72.28421,41.07851],[-72.29003,41.07887],[-72.29378,41.08008],[-72.29373,41.07833]]],[[[-72.36013,41.05038],[-72.35686,41.05204],[-72.35529,41.04902],[-72.36013,41.05038]]],[[[-72.36444,41.04841],[-72.36793,41.0503],[-72.36849,41.05207],[-72.36488,41.05358],[-72.36276,41.05047],[-72.36313,41.049],[-72.36444,41.04841]]],[[[-72.36518,41.0591],[-72.36275,41.05643],[-72.36691,41.0555],[-72.36969,41.05815],[-72.36518,41.0591]]],[[[-72.38804,41.07396],[-72.38583,41.07466],[-72.37708,41.07402],[-72.37454,41.0744],[-72.37242,41.07605],[-72.35976,41.08838],[-72.34856,41.09773],[-72.34496,41.10119],[-72.33953,41.10642],[-72.33749,41.10892],[-72.33518,41.10692],[-72.33861,41.10205],[-72.3393,41.09847],[-72.3442,41.09588],[-72.34788,41.09507],[-72.3467,41.09242],[-72.34449,41.09081],[-72.34189,41.08538],[-72.3412,41.08616],[-72.33527,41.08737],[-72.33267,41.07886],[-72.33209,41.07543],[-72.34483,41.07523],[-72.34822,41.0765],[-72.35579,41.07478],[-72.3529,41.06909],[-72.34654,41.07155],[-72.34408,41.07043],[-72.34238,41.06817],[-72.34206,41.06449],[-72.35021,41.062],[-72.35116,41.06448],[-72.35413,41.06376],[-72.35617,41.06544],[-72.35754,41.06474],[-72.36418,41.06645],[-72.36582,41.06279],[-72.36744,41.06284],[-72.36419,41.06799],[-72.3624,41.06726],[-72.36088,41.06904],[-72.36267,41.06928],[-72.36465,41.07123],[-72.36085,41.073],[-72.36111,41.07413],[-72.36471,41.07475],[-72.3698,41.07218],[-72.3681,41.07081],[-72.37332,41.06975],[-72.37479,41.06738],[-72.37129,41.06244],[-72.37264,41.06162],[-72.36969,41.05815],[-72.37201,41.05713],[-72.37273,41.05684],[-72.37421,41.06089],[-72.38258,41.05572],[-72.39124,41.06799],[-72.39102,41.07148],[-72.38804,41.07396]]]]}},{"type":"Feature","properties":{"zcta":"11777","d":1139},"geometry":{"type":"Polygon","coordinates":[[[-73.04051,40.95761],[-73.04256,40.95584],[-73.04384,40.95159],[-73.04203,40.94941],[-73.04166,40.94415],[-73.03873,40.94103],[-73.03736,40.93614],[-73.03965,40.9347],[-73.04549,40.93354],[-73.05346,40.93445],[-73.06201,40.9337],[-73.06696,40.93442],[-73.06686,40.93303],[-73.07271,40.93154],[-73.07228,40.93305],[-73.07433,40.9332],[-73.07697,40.93485],[-73.07743,40.93843],[-73.0821,40.93947],[-73.08617,40.94121],[-73.08616,40.94785],[-73.08472,40.95013],[-73.08003,40.9499],[-73.07824,40.9512],[-73.09298,40.9698],[-73.0905,40.97201],[-73.07755,40.9728],[-73.06223,40.96726],[-73.05496,40.96482],[-73.04319,40.9626],[-73.04051,40.95761]]]}},{"type":"Feature","properties":{"zcta":"10005","d":86438},"geometry":{"type":"Polygon","coordinates":[[[-74.01015,40.70898],[-74.00913,40.70929],[-74.00713,40.70638],[-74.00475,40.70523],[-74.00798,40.70319],[-74.01251,40.70677],[-74.01125,40.7083],[-74.01015,40.70898]]]}},{"type":"Feature","properties":{"zcta":"10011","d":43470},"geometry":{"type":"Polygon","coordinates":[[[-74.00828,40.75027],[-74.00327,40.74818],[-73.99755,40.74658],[-73.99801,40.74595],[-73.99206,40.74392],[-73.99403,40.74122],[-73.99094,40.73967],[-73.99697,40.73141],[-73.9996,40.73104],[-74.00095,40.73171],[-73.99955,40.73361],[-74.00279,40.7394],[-74.00273,40.74029],[-74.0077,40.74283],[-74.00933,40.74257],[-74.01236,40.74354],[-74.00899,40.74395],[-74.00899,40.74842],[-74.01,40.74893],[-74.00853,40.75192],[-74.00828,40.75027]]]}},{"type":"Feature","properties":{"zcta":"08720","d":0},"geometry":{"type":"Polygon","coordinates":[[[-74.10487,40.14733],[-74.1024,40.1494],[-74.09669,40.14756],[-74.09424,40.14569],[-74.09222,40.14085],[-74.08908,40.13338],[-74.08435,40.12742],[-74.08624,40.12702],[-74.08811,40.12832],[-74.09338,40.12711],[-74.09268,40.12592],[-74.0962,40.12463],[-74.09592,40.12874],[-74.09904,40.12778],[-74.10094,40.13001],[-74.10333,40.13126],[-74.10334,40.13441],[-74.10692,40.13575],[-74.10767,40.13701],[-74.11227,40.13285],[-74.11679,40.13174],[-74.12384,40.13401],[-74.1321,40.13754],[-74.1393,40.14082],[-74.14159,40.15644],[-74.14029,40.15536],[-74.13457,40.15392],[-74.13409,40.15329],[-74.13026,40.15433],[-74.12641,40.15404],[-74.12732,40.15064],[-74.12204,40.14797],[-74.12282,40.1465],[-74.11854,40.14575],[-74.11877,40.1445],[-74.11597,40.14238],[-74.11718,40.13995],[-74.11328,40.1378],[-74.10649,40.14909],[-74.10487,40.14733]]]}},{"type":"Feature","properties":{"zcta":"11213","d":26028},"geometry":{"type":"Polygon","coordinates":[[[-73.94709,40.67656],[-73.94153,40.67642],[-73.94124,40.67955],[-73.9374,40.67973],[-73.93757,40.68059],[-73.93487,40.67959],[-73.92906,40.67928],[-73.9302,40.67803],[-73.93053,40.67504],[-73.925,40.67474],[-73.92554,40.66849],[-73.92477,40.66749],[-73.92439,40.66639],[-73.93161,40.66356],[-73.93998,40.66345],[-73.94216,40.6635],[-73.94253,40.66584],[-73.94802,40.66658],[-73.94773,40.66971],[-73.94709,40.67656]]]}},{"type":"Feature","properties":{"zcta":"07460","d":50},"geometry":{"type":"Polygon","coordinates":[[[-74.52657,41.14481],[-74.52216,41.14033],[-74.511,41.15533],[-74.51332,41.156],[-74.51406,41.15482],[-74.51699,41.15579],[-74.51343,41.15859],[-74.51198,41.15772],[-74.50412,41.16216],[-74.50294,41.16457],[-74.50095,41.16528],[-74.49987,41.16345],[-74.49784,41.16449],[-74.49277,41.16281],[-74.4936,41.15462],[-74.49621,41.14714],[-74.49541,41.14525],[-74.49327,41.1445],[-74.49371,41.13856],[-74.49024,41.13509],[-74.48769,41.12922],[-74.482,41.12774],[-74.47798,41.13064],[-74.47609,41.13099],[-74.47479,41.13423],[-74.47344,41.13364],[-74.47236,41.13562],[-74.46954,41.13768],[-74.46384,41.13923],[-74.46047,41.14464],[-74.45727,41.14456],[-74.45646,41.14624],[-74.45202,41.15132],[-74.44917,41.15261],[-74.43121,41.15133],[-74.41774,41.1492],[-74.40987,41.1486],[-74.40249,41.14747],[-74.40569,41.14508],[-74.40737,41.14263],[-74.40771,41.13802],[-74.41124,41.13439],[-74.41765,41.12602],[-74.42003,41.12479],[-74.42421,41.12102],[-74.42704,41.11615],[-74.43134,41.11251],[-74.43246,41.10931],[-74.43629,41.1041],[-74.4423,41.09751],[-74.43964,41.09373],[-74.44155,41.08964],[-74.44376,41.08785],[-74.44531,41.08523],[-74.44969,41.08041],[-74.44807,41.07897],[-74.44426,41.07962],[-74.44597,41.0751],[-74.4516,41.07294],[-74.45422,41.07475],[-74.4559,41.08028],[-74.4606,41.0802],[-74.46153,41.07913],[-74.46493,41.07885],[-74.46786,41.07948],[-74.46882,41.08161],[-74.46827,41.08928],[-74.47116,41.09114],[-74.47311,41.08923],[-74.47626,41.09037],[-74.47846,41.08873],[-74.48571,41.08596],[-74.48927,41.08546],[-74.4922,41.08118],[-74.49437,41.08293],[-74.49871,41.08433],[-74.5009,41.08609],[-74.50321,41.08587],[-74.52558,41.06761],[-74.52464,41.06451],[-74.52936,41.06436],[-74.53581,41.05849],[-74.55311,41.06699],[-74.55288,41.068],[-74.54625,41.07124],[-74.5519,41.07249],[-74.55174,41.07355],[-74.54637,41.07935],[-74.54734,41.08265],[-74.54305,41.09244],[-74.54689,41.09323],[-74.55223,41.09254],[-74.55802,41.09518],[-74.55969,41.09397],[-74.56135,41.09826],[-74.55542,41.10568],[-74.55165,41.10752],[-74.54242,41.11343],[-74.5406,41.11403],[-74.53788,41.11298],[-74.53713,41.11119],[-74.53612,41.11338],[-74.53779,41.11561],[-74.53721,41.11772],[-74.54047,41.11738],[-74.54503,41.11603],[-74.55263,41.113],[-74.56444,41.1055],[-74.57547,41.10121],[-74.52657,41.14481]]]}},{"type":"Feature","properties":{"zcta":"11514","d":2798},"geometry":{"type":"Polygon","coordinates":[[[-73.61948,40.75436],[-73.61637,40.7546],[-73.60858,40.75763],[-73.60472,40.75827],[-73.60551,40.75251],[-73.60256,40.75297],[-73.60141,40.74987],[-73.60385,40.74935],[-73.60383,40.74725],[-73.60011,40.74706],[-73.59915,40.74589],[-73.60345,40.74527],[-73.61285,40.7434],[-73.622,40.74208],[-73.62334,40.74566],[-73.6218,40.74894],[-73.62438,40.75499],[-73.62127,40.75661],[-73.61948,40.75436]]]}},{"type":"Feature","properties":{"zcta":"11432","d":13043},"geometry":{"type":"Polygon","coordinates":[[[-73.8086,40.71842],[-73.80904,40.71991],[-73.79847,40.72353],[-73.79723,40.72061],[-73.799,40.72015],[-73.7981,40.71754],[-73.79453,40.71971],[-73.7903,40.72092],[-73.79175,40.72578],[-73.7836,40.72841],[-73.7808,40.72843],[-73.77804,40.72328],[-73.77738,40.72244],[-73.77584,40.71767],[-73.77357,40.71512],[-73.78178,40.71314],[-73.77968,40.7086],[-73.78957,40.70722],[-73.79069,40.70509],[-73.79285,40.70442],[-73.79396,40.70583],[-73.79664,40.70408],[-73.79609,40.70329],[-73.79842,40.70274],[-73.80413,40.70146],[-73.80845,40.71071],[-73.81015,40.71347],[-73.81033,40.71608],[-73.81177,40.71762],[-73.8086,40.71842]]]}},{"type":"Feature","properties":{"zcta":"07047","d":5966},"geometry":{"type":"Polygon","coordinates":[[[-74.03783,40.80759],[-74.03338,40.81005],[-74.03165,40.81326],[-74.02857,40.81321],[-74.02816,40.81565],[-74.02298,40.81695],[-74.02282,40.81853],[-74.02041,40.81864],[-74.01782,40.82334],[-74.01377,40.82306],[-74.01138,40.82084],[-74.01248,40.8167],[-74.00964,40.81452],[-73.9983,40.80848],[-73.99453,40.80653],[-73.99316,40.80576],[-73.99368,40.80212],[-73.99218,40.80081],[-73.9848,40.79769],[-73.99173,40.78816],[-74.00007,40.79137],[-74.00154,40.79297],[-74.00828,40.79616],[-74.01498,40.7985],[-74.01566,40.79658],[-74.02121,40.79248],[-74.02312,40.79029],[-74.0236,40.78772],[-74.02313,40.78288],[-74.02831,40.7776],[-74.0315,40.77902],[-74.03181,40.77511],[-74.03347,40.77485],[-74.03677,40.77079],[-74.04056,40.76867],[-74.04208,40.76654],[-74.04206,40.76293],[-74.04582,40.75738],[-74.04892,40.75844],[-74.05262,40.76105],[-74.05697,40.76899],[-74.05647,40.77251],[-74.05534,40.77376],[-74.05633,40.77689],[-74.05399,40.78083],[-74.05015,40.78238],[-74.04719,40.78084],[-74.04234,40.78006],[-74.04047,40.78186],[-74.03365,40.79239],[-74.04119,40.79569],[-74.03565,40.80199],[-74.03368,40.80326],[-74.03727,40.80531],[-74.04238,40.80733],[-74.04492,40.80756],[-74.03783,40.80759]]]}},{"type":"Feature","properties":{"zcta":"07980","d":460},"geometry":{"type":"Polygon","coordinates":[[[-74.49212,40.69458],[-74.4945,40.69233],[-74.493,40.68552],[-74.48746,40.68671],[-74.48726,40.68335],[-74.48629,40.68156],[-74.48234,40.68239],[-74.47857,40.68189],[-74.48212,40.68099],[-74.4836,40.67966],[-74.48395,40.67605],[-74.47883,40.67678],[-74.47739,40.67052],[-74.4827,40.66918],[-74.48251,40.66755],[-74.48042,40.66622],[-74.48481,40.66545],[-74.48413,40.66333],[-74.48538,40.66244],[-74.49072,40.66341],[-74.49193,40.66143],[-74.49544,40.66201],[-74.49893,40.66138],[-74.49868,40.65955],[-74.50107,40.65882],[-74.50384,40.65954],[-74.50379,40.66401],[-74.49969,40.66531],[-74.49999,40.66734],[-74.50222,40.66719],[-74.50251,40.66871],[-74.50547,40.67031],[-74.50596,40.6729],[-74.51087,40.67239],[-74.51184,40.67652],[-74.50361,40.67832],[-74.50573,40.68711],[-74.50179,40.68701],[-74.50436,40.69596],[-74.50031,40.69681],[-74.4973,40.69671],[-74.49663,40.69561],[-74.49214,40.69585],[-74.49212,40.69458]]]}},{"type":"Feature","properties":{"zcta":"11795","d":2325},"geometry":{"type":"Polygon","coordinates":[[[-73.31436,40.71793],[-73.31421,40.72031],[-73.31131,40.73155],[-73.3097,40.73341],[-73.30797,40.7393],[-73.30648,40.74147],[-73.30454,40.7407],[-73.29527,40.73924],[-73.29629,40.73369],[-73.28938,40.73512],[-73.28518,40.73771],[-73.28385,40.73697],[-73.28576,40.73261],[-73.28851,40.71564],[-73.28851,40.71257],[-73.28203,40.71475],[-73.2821,40.71187],[-73.28385,40.71107],[-73.28263,40.70883],[-73.2828,40.70573],[-73.28152,40.70374],[-73.28151,40.69642],[-73.27783,40.69419],[-73.27535,40.69094],[-73.2737,40.69021],[-73.27331,40.68916],[-73.27598,40.68476],[-73.27874,40.68317],[-73.30926,40.6838],[-73.31396,40.6858],[-73.31659,40.68779],[-73.3184,40.69388],[-73.31703,40.697],[-73.31304,40.70206],[-73.31416,40.7046],[-73.31496,40.7093],[-73.31415,40.71329],[-73.31434,40.71765],[-73.31436,40.71793]]]}},{"type":"Feature","properties":{"zcta":"07652","d":1264},"geometry":{"type":"Polygon","coordinates":[[[-74.0949,40.95952],[-74.09392,40.96243],[-74.09693,40.96416],[-74.09668,40.96972],[-74.09237,40.97267],[-74.0917,40.97534],[-74.0928,40.97952],[-74.09085,40.98064],[-74.07829,40.97848],[-74.06789,40.97627],[-74.05591,40.96721],[-74.05549,40.96956],[-74.05226,40.96873],[-74.0499,40.97418],[-74.04606,40.97326],[-74.04897,40.96529],[-74.05122,40.95813],[-74.05113,40.95495],[-74.04281,40.95274],[-74.04575,40.94556],[-74.03905,40.94378],[-74.04133,40.93993],[-74.04384,40.93813],[-74.0456,40.93508],[-74.04822,40.9326],[-74.0504,40.9277],[-74.04895,40.92611],[-74.04896,40.92157],[-74.05018,40.91709],[-74.04951,40.91589],[-74.0455,40.91559],[-74.04169,40.91329],[-74.04184,40.91167],[-74.04907,40.91302],[-74.05053,40.91052],[-74.05515,40.91328],[-74.05705,40.91302],[-74.06461,40.91752],[-74.06893,40.90854],[-74.07833,40.91421],[-74.08369,40.91864],[-74.08951,40.91984],[-74.09086,40.92284],[-74.09054,40.9273],[-74.09321,40.92873],[-74.09318,40.93111],[-74.0918,40.93405],[-74.09379,40.9354],[-74.09432,40.93932],[-74.09288,40.9412],[-74.09475,40.9445],[-74.10111,40.9474],[-74.10123,40.95111],[-74.09999,40.95244],[-74.10006,40.95508],[-74.0949,40.95952]]]}},{"type":"Feature","properties":{"zcta":"07960","d":676},"geometry":{"type":"Polygon","coordinates":[[[-74.57736,40.80487],[-74.57542,40.80291],[-74.57544,40.80093],[-74.57291,40.79977],[-74.56828,40.7944],[-74.56042,40.79573],[-74.56072,40.79762],[-74.56309,40.79856],[-74.56695,40.80428],[-74.56638,40.80571],[-74.56666,40.80967],[-74.5702,40.81328],[-74.57145,40.81345],[-74.56918,40.81606],[-74.53613,40.8222],[-74.53403,40.83312],[-74.53283,40.83302],[-74.53011,40.83176],[-74.52717,40.83326],[-74.52347,40.83248],[-74.51518,40.83294],[-74.50958,40.83205],[-74.5046,40.83042],[-74.50363,40.83219],[-74.50452,40.83404],[-74.50277,40.83622],[-74.4956,40.83355],[-74.49274,40.83343],[-74.49526,40.82993],[-74.49427,40.82929],[-74.49584,40.82686],[-74.4935,40.82346],[-74.4936,40.81403],[-74.49042,40.81403],[-74.48789,40.81527],[-74.48699,40.81768],[-74.48234,40.81789],[-74.48195,40.81963],[-74.47713,40.81906],[-74.47736,40.82119],[-74.47449,40.81997],[-74.47361,40.81669],[-74.47136,40.8136],[-74.46703,40.80995],[-74.4597,40.80618],[-74.45582,40.80569],[-74.44659,40.80585],[-74.44239,40.80821],[-74.43539,40.8051],[-74.43342,40.80334],[-74.42508,40.80315],[-74.42038,40.80716],[-74.40606,40.81317],[-74.40347,40.81496],[-74.39655,40.80939],[-74.39459,40.8106],[-74.39508,40.80854],[-74.40298,40.80298],[-74.40395,40.80039],[-74.41084,40.79265],[-74.43424,40.79114],[-74.43332,40.78786],[-74.43134,40.78499],[-74.43796,40.78328],[-74.4407,40.7775],[-74.44627,40.76595],[-74.44312,40.76083],[-74.43906,40.75753],[-74.43997,40.75465],[-74.43827,40.75355],[-74.44086,40.75378],[-74.44759,40.75263],[-74.44861,40.74942],[-74.44815,40.74683],[-74.44634,40.74458],[-74.44546,40.73983],[-74.44889,40.7395],[-74.45222,40.74166],[-74.45443,40.74122],[-74.45518,40.74499],[-74.45675,40.74085],[-74.45916,40.74343],[-74.46455,40.7467],[-74.46614,40.7494],[-74.47236,40.74898],[-74.47753,40.75084],[-74.48296,40.74893],[-74.47864,40.7452],[-74.47689,40.74204],[-74.48856,40.74259],[-74.4937,40.74384],[-74.49457,40.74645],[-74.49712,40.74559],[-74.50189,40.74102],[-74.50416,40.73936],[-74.50707,40.74144],[-74.50987,40.74457],[-74.51357,40.74332],[-74.51243,40.74155],[-74.51525,40.74077],[-74.51795,40.74559],[-74.52439,40.74123],[-74.52662,40.73827],[-74.52406,40.73354],[-74.52869,40.72436],[-74.53069,40.72323],[-74.52935,40.72652],[-74.53083,40.72963],[-74.53447,40.73031],[-74.5434,40.73448],[-74.54884,40.73372],[-74.54768,40.73699],[-74.549,40.74094],[-74.54911,40.74705],[-74.55009,40.74733],[-74.54199,40.79065],[-74.54367,40.78958],[-74.54686,40.78937],[-74.55627,40.79338],[-74.56062,40.79462],[-74.56632,40.79294],[-74.56844,40.79428],[-74.57661,40.79366],[-74.58103,40.79375],[-74.58372,40.79256],[-74.58663,40.79241],[-74.58754,40.79881],[-74.58639,40.80013],[-74.58896,40.79989],[-74.5882,40.8043],[-74.58164,40.80405],[-74.57821,40.80516],[-74.57736,40.80487]]]}},{"type":"Feature","properties":{"zcta":"07438","d":211},"geometry":{"type":"Polygon","coordinates":[[[-74.54772,41.04802],[-74.53581,41.05849],[-74.52936,41.06436],[-74.52464,41.06451],[-74.52558,41.06761],[-74.50321,41.08587],[-74.5009,41.08609],[-74.49871,41.08433],[-74.49437,41.08293],[-74.4922,41.08118],[-74.48927,41.08546],[-74.48571,41.08596],[-74.47846,41.08873],[-74.47626,41.09037],[-74.47311,41.08923],[-74.47116,41.09114],[-74.46827,41.08928],[-74.46882,41.08161],[-74.46786,41.07948],[-74.46493,41.07885],[-74.46153,41.07913],[-74.4606,41.0802],[-74.4559,41.08028],[-74.45422,41.07475],[-74.4516,41.07294],[-74.44597,41.0751],[-74.44426,41.07962],[-74.44543,41.07524],[-74.44996,41.07209],[-74.45447,41.07379],[-74.4595,41.0793],[-74.46471,41.07775],[-74.46279,41.06891],[-74.46379,41.06467],[-74.46288,41.05527],[-74.45963,41.05455],[-74.46372,41.05222],[-74.46482,41.05014],[-74.46122,41.05203],[-74.45641,41.052],[-74.45123,41.05308],[-74.44875,41.0527],[-74.44516,41.04938],[-74.44775,41.04694],[-74.44973,41.04369],[-74.44538,41.04272],[-74.44868,41.041],[-74.45028,41.03907],[-74.49804,41.00876],[-74.52042,40.98982],[-74.53223,40.97982],[-74.54539,40.96822],[-74.54703,40.97082],[-74.54238,40.97586],[-74.55053,40.97026],[-74.55649,40.96562],[-74.55835,40.96708],[-74.56154,40.96641],[-74.5644,40.96376],[-74.56464,40.96183],[-74.56785,40.95843],[-74.5702,40.9542],[-74.57018,40.95599],[-74.56519,40.96297],[-74.56462,40.96439],[-74.5664,40.96793],[-74.57187,40.96827],[-74.56776,40.97161],[-74.56702,40.97539],[-74.56841,40.97703],[-74.57506,40.97762],[-74.5767,40.97857],[-74.58022,40.97803],[-74.58371,40.97624],[-74.58704,40.97645],[-74.58657,40.97952],[-74.58457,40.9786],[-74.58464,40.98663],[-74.58575,40.98682],[-74.58377,40.98753],[-74.58055,40.99377],[-74.5831,40.99524],[-74.58483,40.99917],[-74.589,41.00129],[-74.58682,41.00438],[-74.58677,41.00801],[-74.58255,41.0117],[-74.58438,41.0167],[-74.54772,41.04802]]]}},{"type":"Feature","properties":{"zcta":"07481","d":1238},"geometry":{"type":"Polygon","coordinates":[[[-74.16324,41.02218],[-74.15842,41.02513],[-74.15544,41.02591],[-74.1547,41.02171],[-74.14777,41.02177],[-74.14932,41.01328],[-74.15137,41.01057],[-74.13759,41.0078],[-74.1414,41.0059],[-74.14599,41.00192],[-74.15595,41.00154],[-74.15737,40.99906],[-74.15332,40.99674],[-74.15126,40.99301],[-74.15326,40.98945],[-74.15016,40.98722],[-74.14389,40.98732],[-74.14203,40.98546],[-74.14121,40.98276],[-74.14262,40.98162],[-74.14909,40.97113],[-74.17027,40.9839],[-74.17114,40.97707],[-74.1918,40.97856],[-74.18963,40.9988],[-74.18732,41.0173],[-74.16758,41.02378],[-74.16324,41.02218]]]}},{"type":"Feature","properties":{"zcta":"08831","d":601},"geometry":{"type":"MultiPolygon","coordinates":[[[[-74.35999,40.35116],[-74.35736,40.35348],[-74.35592,40.35295],[-74.35709,40.34817],[-74.35999,40.35116]]],[[[-74.49877,40.39789],[-74.49312,40.39723],[-74.48792,40.3951],[-74.47748,40.40373],[-74.46944,40.40823],[-74.46583,40.40473],[-74.46499,40.40987],[-74.46302,40.40946],[-74.45996,40.4072],[-74.45351,40.40487],[-74.45057,40.40534],[-74.45157,40.40263],[-74.44702,40.40376],[-74.44548,40.40042],[-74.44838,40.39968],[-74.44185,40.38938],[-74.43929,40.38893],[-74.43688,40.3922],[-74.42791,40.38529],[-74.42564,40.38468],[-74.43546,40.3743],[-74.43868,40.37125],[-74.42853,40.36673],[-74.42754,40.3676],[-74.42881,40.37208],[-74.42672,40.37445],[-74.42395,40.37551],[-74.41717,40.37606],[-74.41529,40.37471],[-74.41307,40.37517],[-74.41225,40.37771],[-74.41035,40.37882],[-74.40549,40.38166],[-74.40328,40.38096],[-74.39817,40.38554],[-74.39338,40.38548],[-74.39225,40.38456],[-74.39356,40.38207],[-74.3885,40.38212],[-74.38848,40.38272],[-74.38147,40.38319],[-74.37949,40.38138],[-74.37868,40.37831],[-74.37549,40.37745],[-74.37615,40.37356],[-74.37141,40.37335],[-74.37045,40.37123],[-74.37077,40.36837],[-74.3671,40.3665],[-74.36813,40.36359],[-74.36771,40.35678],[-74.36625,40.35545],[-74.3697,40.3531],[-74.36865,40.35165],[-74.37168,40.35076],[-74.37085,40.34935],[-74.37351,40.34654],[-74.37387,40.34438],[-74.37197,40.34319],[-74.3727,40.33958],[-74.36828,40.33955],[-74.3681,40.34062],[-74.35796,40.3443],[-74.35709,40.34817],[-74.35278,40.34804],[-74.34868,40.34871],[-74.33862,40.34489],[-74.33168,40.34121],[-74.37754,40.30543],[-74.39423,40.28839],[-74.39493,40.28609],[-74.39314,40.28188],[-74.39338,40.27964],[-74.40816,40.27343],[-74.46078,40.25136],[-74.46328,40.25211],[-74.48496,40.25332],[-74.48203,40.27392],[-74.48687,40.27501],[-74.48897,40.27708],[-74.48922,40.29105],[-74.49044,40.29164],[-74.49124,40.30261],[-74.47977,40.31564],[-74.47616,40.3367],[-74.4848,40.33867],[-74.48289,40.34397],[-74.48068,40.34342],[-74.4791,40.34536],[-74.48208,40.34607],[-74.47968,40.35322],[-74.47816,40.35483],[-74.47548,40.35545],[-74.47061,40.35774],[-74.46369,40.37438],[-74.466,40.3755],[-74.49213,40.37917],[-74.49256,40.37817],[-74.49913,40.3813],[-74.50147,40.37956],[-74.50456,40.38869],[-74.49637,40.38726],[-74.49509,40.38965],[-74.50443,40.39302],[-74.49877,40.39789]]]]}},{"type":"Feature","properties":{"zcta":"07730","d":1830},"geometry":{"type":"Polygon","coordinates":[[[-74.20155,40.42341],[-74.19387,40.42464],[-74.19344,40.42687],[-74.19041,40.43154],[-74.18857,40.43284],[-74.18968,40.43622],[-74.19102,40.43661],[-74.18822,40.43933],[-74.18034,40.438],[-74.17972,40.43906],[-74.17354,40.43739],[-74.15581,40.43847],[-74.15552,40.44385],[-74.1616,40.44326],[-74.15791,40.44571],[-74.1583,40.44666],[-74.14764,40.44921],[-74.14691,40.44473],[-74.14882,40.4428],[-74.14465,40.44249],[-74.14246,40.44003],[-74.14354,40.43769],[-74.14571,40.43766],[-74.14753,40.43304],[-74.14362,40.43196],[-74.13931,40.43209],[-74.13948,40.42853],[-74.13584,40.42678],[-74.13603,40.42605],[-74.14362,40.42374],[-74.14379,40.42212],[-74.14681,40.4228],[-74.16793,40.41674],[-74.17343,40.41563],[-74.17424,40.41322],[-74.17845,40.4138],[-74.18578,40.4117],[-74.19249,40.41109],[-74.1966,40.41014],[-74.202,40.40658],[-74.20905,40.40503],[-74.20943,40.4134],[-74.21206,40.42166],[-74.21185,40.42261],[-74.20155,40.42341]]]}},{"type":"Feature","properties":{"zcta":"08828","d":1715},"geometry":{"type":"Polygon","coordinates":[[[-74.42388,40.38654],[-74.42005,40.38362],[-74.41229,40.38547],[-74.41035,40.37882],[-74.41225,40.37771],[-74.41307,40.37517],[-74.41529,40.37471],[-74.41717,40.37606],[-74.42395,40.37551],[-74.42672,40.37445],[-74.42881,40.37208],[-74.42754,40.3676],[-74.42853,40.36673],[-74.43868,40.37125],[-74.43546,40.3743],[-74.42564,40.38468],[-74.42388,40.38654]]]}},{"type":"Feature","properties":{"zcta":"07045","d":766},"geometry":{"type":"Polygon","coordinates":[[[-74.36258,40.94442],[-74.36071,40.9404],[-74.3621,40.93242],[-74.36706,40.93159],[-74.37082,40.92947],[-74.3705,40.92694],[-74.37292,40.92655],[-74.37396,40.92194],[-74.37238,40.92163],[-74.36673,40.91825],[-74.3607,40.91671],[-74.35425,40.91564],[-74.3499,40.91658],[-74.34815,40.91368],[-74.35026,40.91179],[-74.35337,40.91073],[-74.35038,40.90859],[-74.351,40.90609],[-74.35306,40.90418],[-74.35258,40.90211],[-74.34602,40.90237],[-74.34476,40.89959],[-74.34042,40.89934],[-74.33904,40.8941],[-74.33595,40.89351],[-74.33886,40.89209],[-74.33976,40.88874],[-74.33811,40.88725],[-74.34043,40.87995],[-74.33532,40.87757],[-74.33764,40.87602],[-74.33657,40.87396],[-74.33772,40.87163],[-74.33624,40.8703],[-74.33746,40.86778],[-74.33987,40.86704],[-74.34021,40.86987],[-74.34126,40.86971],[-74.34055,40.87325],[-74.34219,40.8753],[-74.34236,40.88183],[-74.34303,40.88552],[-74.34564,40.8872],[-74.35101,40.88751],[-74.35279,40.88627],[-74.35599,40.88867],[-74.35992,40.88664],[-74.36179,40.88716],[-74.35855,40.87864],[-74.36181,40.8783],[-74.35991,40.87468],[-74.36182,40.87524],[-74.36046,40.87267],[-74.36236,40.87045],[-74.36549,40.87151],[-74.36649,40.87361],[-74.36943,40.87616],[-74.37136,40.87665],[-74.37105,40.87874],[-74.3738,40.87909],[-74.37414,40.88259],[-74.37688,40.88647],[-74.37498,40.89193],[-74.37399,40.89896],[-74.37529,40.90157],[-74.37822,40.90196],[-74.37831,40.90049],[-74.38317,40.89972],[-74.38371,40.90341],[-74.38716,40.90975],[-74.39086,40.9098],[-74.3935,40.91741],[-74.39097,40.91945],[-74.39427,40.92623],[-74.38976,40.92835],[-74.38973,40.93084],[-74.38739,40.93506],[-74.38181,40.93671],[-74.37046,40.94209],[-74.36766,40.9453],[-74.36755,40.9468],[-74.36262,40.94841],[-74.36258,40.94442]]]}},{"type":"Feature","properties":{"zcta":"07661","d":3113},"geometry":{"type":"Polygon","coordinates":[[[-74.02578,40.94025],[-74.0282,40.93629],[-74.02935,40.93144],[-74.03104,40.93015],[-74.02963,40.92884],[-74.02997,40.92688],[-74.03166,40.9272],[-74.03281,40.9251],[-74.0315,40.92364],[-74.03284,40.92272],[-74.03302,40.91775],[-74.0302,40.91401],[-74.02989,40.91347],[-74.03163,40.91164],[-74.03483,40.9114],[-74.03586,40.90923],[-74.039,40.90942],[-74.03982,40.91108],[-74.04184,40.91167],[-74.04169,40.91329],[-74.0455,40.91559],[-74.04951,40.91589],[-74.05018,40.91709],[-74.04896,40.92157],[-74.04895,40.92611],[-74.0504,40.9277],[-74.04822,40.9326],[-74.0456,40.93508],[-74.04384,40.93813],[-74.04133,40.93993],[-74.03905,40.94378],[-74.02578,40.94025]]]}},{"type":"Feature","properties":{"zcta":"07306","d":9743},"geometry":{"type":"Polygon","coordinates":[[[-74.0947,40.73447],[-74.08929,40.7384],[-74.08176,40.74062],[-74.07705,40.74325],[-74.0752,40.74739],[-74.07869,40.7506],[-74.07519,40.75291],[-74.07639,40.75438],[-74.07483,40.75577],[-74.0748,40.75815],[-74.07266,40.7589],[-74.07023,40.76116],[-74.06973,40.7614],[-74.06462,40.74824],[-74.0647,40.7465],[-74.06204,40.74621],[-74.05639,40.74347],[-74.05891,40.73965],[-74.05756,40.73938],[-74.05536,40.74172],[-74.05299,40.74076],[-74.0534,40.73928],[-74.04922,40.73733],[-74.04519,40.73658],[-74.04624,40.73559],[-74.04825,40.73507],[-74.05162,40.73113],[-74.05613,40.7236],[-74.05937,40.7247],[-74.05981,40.72739],[-74.06178,40.72642],[-74.06378,40.72363],[-74.06642,40.72336],[-74.0657,40.72176],[-74.06692,40.72034],[-74.06852,40.72157],[-74.06951,40.72455],[-74.07254,40.72488],[-74.07573,40.72628],[-74.07822,40.72454],[-74.08187,40.72723],[-74.08083,40.72855],[-74.08522,40.73055],[-74.08977,40.72401],[-74.09857,40.72721],[-74.0947,40.73447]]]}},{"type":"Feature","properties":{"zcta":"07663","d":2963},"geometry":{"type":"Polygon","coordinates":[[[-74.09949,40.92118],[-74.08941,40.91971],[-74.08773,40.91627],[-74.09044,40.91404],[-74.08913,40.91283],[-74.08969,40.91048],[-74.08784,40.90928],[-74.087,40.90714],[-74.08102,40.9044],[-74.08227,40.90273],[-74.08019,40.89931],[-74.07875,40.89507],[-74.08043,40.89054],[-74.08224,40.88893],[-74.09191,40.88662],[-74.10072,40.88444],[-74.10251,40.88687],[-74.10402,40.89082],[-74.10418,40.89366],[-74.10208,40.89421],[-74.10308,40.89768],[-74.11344,40.91772],[-74.09949,40.92118]]]}},{"type":"Feature","properties":{"zcta":"08551","d":105},"geometry":{"type":"Polygon","coordinates":[[[-74.91104,40.40805],[-74.90772,40.40876],[-74.90382,40.41136],[-74.89258,40.41485],[-74.89402,40.42517],[-74.89132,40.42567],[-74.88393,40.4284],[-74.87793,40.43138],[-74.87958,40.43132],[-74.88287,40.43569],[-74.88551,40.4338],[-74.88903,40.43284],[-74.89078,40.43425],[-74.88016,40.43807],[-74.88044,40.44132],[-74.87593,40.44447],[-74.874,40.44676],[-74.87708,40.45258],[-74.87807,40.45802],[-74.8821,40.45775],[-74.8826,40.46005],[-74.88507,40.4599],[-74.88532,40.46214],[-74.88905,40.46181],[-74.89021,40.46639],[-74.89308,40.46811],[-74.89241,40.46955],[-74.89735,40.4704],[-74.90017,40.47597],[-74.90285,40.47639],[-74.89979,40.47732],[-74.90081,40.47877],[-74.90314,40.47863],[-74.90351,40.48126],[-74.89604,40.48186],[-74.89696,40.48308],[-74.90078,40.48447],[-74.89621,40.48664],[-74.89442,40.48386],[-74.89172,40.48282],[-74.88476,40.48299],[-74.88349,40.48185],[-74.87963,40.48239],[-74.8794,40.48703],[-74.86453,40.48824],[-74.86495,40.48341],[-74.86393,40.48312],[-74.8638,40.47969],[-74.85901,40.47983],[-74.85608,40.47927],[-74.84684,40.47953],[-74.84403,40.47824],[-74.84143,40.47598],[-74.83258,40.47955],[-74.82048,40.48269],[-74.82014,40.48068],[-74.8164,40.47847],[-74.81514,40.46973],[-74.81315,40.4678],[-74.80702,40.46862],[-74.80287,40.46367],[-74.80124,40.46363],[-74.79709,40.46573],[-74.7926,40.46535],[-74.78976,40.4659],[-74.78363,40.46277],[-74.77828,40.46476],[-74.77234,40.46899],[-74.76259,40.45097],[-74.7744,40.43674],[-74.77802,40.4387],[-74.7992,40.43408],[-74.81217,40.41467],[-74.82589,40.40497],[-74.82972,40.40292],[-74.83202,40.3992],[-74.83402,40.39889],[-74.83613,40.39324],[-74.83493,40.39236],[-74.83864,40.39143],[-74.84057,40.3901],[-74.84067,40.39096],[-74.84591,40.39208],[-74.84469,40.39368],[-74.84662,40.39433],[-74.84551,40.39634],[-74.85094,40.39941],[-74.85819,40.40419],[-74.85989,40.40474],[-74.86316,40.4079],[-74.87032,40.40808],[-74.87115,40.409],[-74.88188,40.41205],[-74.87694,40.41809],[-74.88753,40.41573],[-74.89241,40.41363],[-74.91246,40.40321],[-74.91434,40.40376],[-74.91104,40.40805]]]}},{"type":"Feature","properties":{"zcta":"07512","d":1514},"geometry":{"type":"Polygon","coordinates":[[[-74.20132,40.92334],[-74.19888,40.92475],[-74.20614,40.91695],[-74.19568,40.90764],[-74.20044,40.90405],[-74.20022,40.90086],[-74.20122,40.89552],[-74.2041,40.89445],[-74.20958,40.89645],[-74.21237,40.89635],[-74.21468,40.8937],[-74.21994,40.8903],[-74.22651,40.88317],[-74.23119,40.8831],[-74.23423,40.88555],[-74.23498,40.88711],[-74.23432,40.89034],[-74.23633,40.89268],[-74.23964,40.89453],[-74.23991,40.8972],[-74.24977,40.90199],[-74.24949,40.90469],[-74.24757,40.90637],[-74.24406,40.90457],[-74.24364,40.90985],[-74.23492,40.91048],[-74.23043,40.91335],[-74.20961,40.92238],[-74.2079,40.92183],[-74.20729,40.92338],[-74.20368,40.92495],[-74.20132,40.92334]]]}},{"type":"Feature","properties":{"zcta":"07764","d":1135},"geometry":{"type":"Polygon","coordinates":[[[-74.02868,40.30101],[-74.02555,40.30112],[-74.02304,40.30022],[-74.01596,40.30397],[-74.0125,40.30489],[-74.00873,40.30153],[-74.00745,40.2959],[-74.00352,40.29204],[-74.00156,40.29297],[-74.00262,40.28736],[-74.00164,40.28166],[-74.00336,40.28175],[-74.00289,40.27641],[-74.00505,40.27655],[-74.00981,40.27539],[-74.01621,40.2747],[-74.02222,40.27275],[-74.02594,40.2722],[-74.02762,40.27274],[-74.02937,40.28352],[-74.03229,40.28313],[-74.0324,40.28499],[-74.03482,40.28559],[-74.03539,40.2892],[-74.03854,40.2915],[-74.03325,40.29379],[-74.03699,40.29749],[-74.03255,40.29876],[-74.02868,40.30101]]]}},{"type":"Feature","properties":{"zcta":"07439","d":516},"geometry":{"type":"Polygon","coordinates":[[[-74.58441,41.06978],[-74.59594,41.06594],[-74.59679,41.06325],[-74.60154,41.06398],[-74.60315,41.06496],[-74.61462,41.06968],[-74.61443,41.07142],[-74.60861,41.08356],[-74.60189,41.09289],[-74.58957,41.08553],[-74.58791,41.08487],[-74.57707,41.07876],[-74.58441,41.06978]]]}},{"type":"Feature","properties":{"zcta":"11954","d":145},"geometry":{"type":"Polygon","coordinates":[[[-72.03499,41.00729],[-72.03755,41.00397],[-72.04422,41.00069],[-72.04935,40.99972],[-72.05273,40.99966],[-72.05747,40.99842],[-72.06192,40.99941],[-72.06105,41.00239],[-72.05794,41.00479],[-72.05771,41.01111],[-72.05622,41.01274],[-72.06008,41.01197],[-72.06259,41.0124],[-72.06125,41.01691],[-72.05668,41.01819],[-72.05456,41.02184],[-72.04877,41.02259],[-72.04206,41.02067],[-72.03452,41.01961],[-72.0255,41.02052],[-72.01693,41.02352],[-72.01234,41.02944],[-71.99724,41.04089],[-71.99264,41.04715],[-71.98213,41.04783],[-71.97874,41.04296],[-71.97223,41.04084],[-71.96351,41.04253],[-71.95726,41.04828],[-71.95804,41.0547],[-71.96156,41.06402],[-71.95959,41.07124],[-71.9552,41.07307],[-71.94586,41.07371],[-71.93825,41.07741],[-71.91939,41.08052],[-71.90433,41.08599],[-71.90115,41.08477],[-71.89926,41.08084],[-71.8955,41.07738],[-71.88954,41.0757],[-71.87979,41.07675],[-71.86956,41.07505],[-71.86447,41.07692],[-71.85749,41.07356],[-71.85621,41.0706],[-71.86114,41.06486],[-71.86529,41.06206],[-71.86722,41.05921],[-71.8707,41.05745],[-71.87391,41.05228],[-71.8805,41.0488],[-71.88761,41.04745],[-71.89857,41.0436],[-71.90142,41.04055],[-71.91346,41.03835],[-71.91694,41.03895],[-71.93569,41.03418],[-71.95882,41.02673],[-72.02657,41.00097],[-72.03499,41.00729]]]}},{"type":"Feature","properties":{"zcta":"10452","d":36518},"geometry":{"type":"Polygon","coordinates":[[[-73.92381,40.84501],[-73.92104,40.84652],[-73.91666,40.84684],[-73.9142,40.84512],[-73.91114,40.84506],[-73.91314,40.83981],[-73.92046,40.83091],[-73.92267,40.82685],[-73.92593,40.82781],[-73.9245,40.83028],[-73.9268,40.83104],[-73.92876,40.82919],[-73.93306,40.82816],[-73.93346,40.83318],[-73.93301,40.83568],[-73.93061,40.83968],[-73.92901,40.84408],[-73.9273,40.84656],[-73.92381,40.84501]]]}},{"type":"Feature","properties":{"zcta":"10019","d":38895},"geometry":{"type":"Polygon","coordinates":[[[-73.97623,40.76568],[-73.97697,40.76656],[-73.97454,40.76977],[-73.97292,40.76904],[-73.97255,40.7649],[-73.97301,40.76428],[-73.97346,40.76366],[-73.97583,40.76042],[-73.97951,40.76115],[-73.97629,40.75979],[-73.97674,40.75917],[-73.98043,40.7599],[-73.98373,40.76046],[-73.98089,40.75927],[-73.98134,40.75865],[-73.98701,40.76104],[-73.99296,40.76436],[-73.99757,40.76549],[-73.99485,40.76926],[-73.99536,40.77091],[-73.99748,40.77186],[-73.99642,40.77305],[-73.99395,40.77288],[-73.97623,40.76568]]]}},{"type":"Feature","properties":{"zcta":"11596","d":4216},"geometry":{"type":"Polygon","coordinates":[[[-73.65688,40.76273],[-73.65125,40.76299],[-73.64712,40.76534],[-73.63655,40.76698],[-73.63069,40.76741],[-73.62857,40.7661],[-73.62634,40.7616],[-73.6266,40.75964],[-73.62534,40.7569],[-73.63175,40.75482],[-73.63427,40.75479],[-73.63897,40.75337],[-73.64129,40.75411],[-73.64783,40.75256],[-73.64925,40.75341],[-73.65336,40.7524],[-73.65374,40.75396],[-73.6579,40.75321],[-73.66039,40.76061],[-73.65875,40.76086],[-73.65688,40.76273]]]}},{"type":"Feature","properties":{"zcta":"11412","d":11779},"geometry":{"type":"Polygon","coordinates":[[[-73.76725,40.70631],[-73.76409,40.70752],[-73.7529,40.71021],[-73.74864,40.70159],[-73.74825,40.69942],[-73.74619,40.69612],[-73.74624,40.69128],[-73.74772,40.68994],[-73.7495,40.68815],[-73.75198,40.68815],[-73.76073,40.6851],[-73.76061,40.68278],[-73.76305,40.68594],[-73.7662,40.69218],[-73.76521,40.69279],[-73.76929,40.69665],[-73.7699,40.69636],[-73.77212,40.6987],[-73.77563,40.70535],[-73.76725,40.70631]]]}},{"type":"Feature","properties":{"zcta":"10801","d":6100},"geometry":{"type":"Polygon","coordinates":[[[-73.80066,40.93013],[-73.80095,40.93079],[-73.79898,40.93069],[-73.79752,40.92835],[-73.79342,40.92827],[-73.79273,40.92707],[-73.7894,40.9276],[-73.78892,40.92632],[-73.78229,40.92893],[-73.78185,40.92833],[-73.77706,40.93089],[-73.77046,40.93539],[-73.76919,40.93516],[-73.76813,40.93489],[-73.76482,40.92045],[-73.76014,40.91959],[-73.75884,40.91726],[-73.75512,40.91728],[-73.75963,40.91203],[-73.7615,40.91159],[-73.7643,40.91534],[-73.76413,40.91689],[-73.76717,40.91352],[-73.76548,40.914],[-73.76301,40.91298],[-73.76376,40.91113],[-73.76719,40.91316],[-73.76924,40.9118],[-73.77268,40.90725],[-73.7684,40.90899],[-73.77385,40.90604],[-73.77246,40.909],[-73.77524,40.91199],[-73.77803,40.91032],[-73.77605,40.90821],[-73.77756,40.90606],[-73.77924,40.90794],[-73.78268,40.90818],[-73.78393,40.90735],[-73.7825,40.90412],[-73.78506,40.90152],[-73.78835,40.90413],[-73.79119,40.90218],[-73.79616,40.89994],[-73.79824,40.89547],[-73.80095,40.90824],[-73.80194,40.91181],[-73.80471,40.92517],[-73.8054,40.92684],[-73.80066,40.93013]]]}},{"type":"Feature","properties":{"zcta":"11428","d":11983},"geometry":{"type":"Polygon","coordinates":[[[-73.7295,40.7226],[-73.72966,40.72048],[-73.73237,40.7204],[-73.7353,40.7185],[-73.73543,40.71703],[-73.73745,40.71726],[-73.75371,40.71332],[-73.75764,40.71797],[-73.75233,40.72026],[-73.73931,40.72817],[-73.73871,40.72909],[-73.73408,40.72803],[-73.73169,40.72905],[-73.7295,40.7226]]]}},{"type":"Feature","properties":{"zcta":"10128","d":68240},"geometry":{"type":"Polygon","coordinates":[[[-73.95093,40.78587],[-73.94927,40.78606],[-73.94422,40.78393],[-73.9436,40.78265],[-73.94384,40.78136],[-73.94194,40.77603],[-73.94434,40.77311],[-73.94573,40.77362],[-73.94428,40.77561],[-73.95125,40.77855],[-73.95174,40.77788],[-73.95509,40.78017],[-73.95992,40.78221],[-73.95578,40.78791],[-73.95093,40.78587]]]}},{"type":"Feature","properties":{"zcta":"10301","d":5096},"geometry":{"type":"Polygon","coordinates":[[[-74.10002,40.64542],[-74.09381,40.64608],[-74.08648,40.6486],[-74.07904,40.64817],[-74.07149,40.64284],[-74.07353,40.63661],[-74.07585,40.63594],[-74.07517,40.63417],[-74.07596,40.63197],[-74.07713,40.63324],[-74.08026,40.63235],[-74.08382,40.63518],[-74.08808,40.63108],[-74.08636,40.63003],[-74.08821,40.62743],[-74.08501,40.62589],[-74.0878,40.6249],[-74.08669,40.62181],[-74.08815,40.61701],[-74.09253,40.61814],[-74.09247,40.61492],[-74.0907,40.61382],[-74.09132,40.61166],[-74.09715,40.61529],[-74.09935,40.61242],[-74.09626,40.60887],[-74.0975,40.60588],[-74.09691,40.60439],[-74.09988,40.60449],[-74.1036,40.60201],[-74.10944,40.60126],[-74.11302,40.60014],[-74.11487,40.60214],[-74.11119,40.60624],[-74.11032,40.60858],[-74.10543,40.60983],[-74.11276,40.61114],[-74.11415,40.61374],[-74.1147,40.61807],[-74.11793,40.61785],[-74.11967,40.62174],[-74.11713,40.62453],[-74.11331,40.62304],[-74.11001,40.62069],[-74.10352,40.62376],[-74.10417,40.62728],[-74.10577,40.63057],[-74.10591,40.63444],[-74.10253,40.63466],[-74.10313,40.63735],[-74.10542,40.6389],[-74.10655,40.64424],[-74.10476,40.64576],[-74.10002,40.64542]]]}},{"type":"Feature","properties":{"zcta":"11754","d":1344},"geometry":{"type":"Polygon","coordinates":[[[-73.288,40.88441],[-73.28197,40.88526],[-73.27786,40.88472],[-73.27245,40.88493],[-73.27255,40.89137],[-73.27186,40.89323],[-73.26794,40.89621],[-73.26274,40.89785],[-73.26074,40.89945],[-73.25949,40.90277],[-73.26016,40.9055],[-73.25971,40.90822],[-73.25718,40.91283],[-73.23739,40.90918],[-73.23256,40.90745],[-73.23049,40.90509],[-73.22834,40.90439],[-73.22604,40.90512],[-73.21978,40.90439],[-73.2143,40.90157],[-73.21167,40.89885],[-73.2096,40.90133],[-73.20872,40.89874],[-73.21418,40.89185],[-73.2163,40.89102],[-73.22175,40.89026],[-73.2203,40.885],[-73.2207,40.88205],[-73.21954,40.87812],[-73.21993,40.87461],[-73.22678,40.87516],[-73.23485,40.8716],[-73.23512,40.86636],[-73.23685,40.86522],[-73.23891,40.86666],[-73.24646,40.866],[-73.24861,40.86639],[-73.25183,40.86819],[-73.25746,40.8684],[-73.26192,40.86961],[-73.27474,40.8693],[-73.27494,40.87395],[-73.27968,40.87345],[-73.28852,40.87322],[-73.28648,40.87635],[-73.28645,40.88013],[-73.28796,40.88232],[-73.288,40.88441]]]}},{"type":"Feature","properties":{"zcta":"10598","d":563},"geometry":{"type":"Polygon","coordinates":[[[-73.84109,41.28934],[-73.835,41.29072],[-73.83088,41.29437],[-73.82664,41.29674],[-73.82376,41.29989],[-73.82468,41.30548],[-73.82406,41.31197],[-73.82656,41.31627],[-73.82705,41.31916],[-73.82452,41.32402],[-73.81979,41.32779],[-73.81763,41.33231],[-73.81306,41.33228],[-73.80625,41.3297],[-73.80315,41.32948],[-73.80364,41.32706],[-73.80143,41.32706],[-73.8021,41.32954],[-73.79987,41.3319],[-73.79752,41.33173],[-73.79298,41.33486],[-73.78818,41.34185],[-73.76697,41.344],[-73.76626,41.34017],[-73.76372,41.34176],[-73.76164,41.3412],[-73.75974,41.34211],[-73.75716,41.33808],[-73.75188,41.33847],[-73.75178,41.33788],[-73.74069,41.33729],[-73.74,41.33797],[-73.73487,41.33762],[-73.73463,41.33719],[-73.73628,41.3357],[-73.73188,41.32184],[-73.72875,41.3211],[-73.72894,41.31827],[-73.73069,41.31909],[-73.73822,41.3164],[-73.73708,41.31282],[-73.73791,41.30799],[-73.73631,41.30553],[-73.73563,41.30247],[-73.7362,41.30068],[-73.73956,41.29882],[-73.74416,41.29752],[-73.74923,41.29356],[-73.7534,41.28737],[-73.75845,41.2863],[-73.76332,41.28657],[-73.76304,41.2909],[-73.76372,41.29185],[-73.75806,41.29385],[-73.75277,41.29711],[-73.75011,41.29955],[-73.74704,41.30049],[-73.74441,41.30318],[-73.74586,41.3042],[-73.74488,41.30682],[-73.74515,41.30937],[-73.74691,41.31103],[-73.74972,41.31174],[-73.74751,41.31348],[-73.74868,41.31512],[-73.74834,41.31753],[-73.75197,41.31815],[-73.7528,41.32208],[-73.75394,41.32313],[-73.75806,41.32372],[-73.75834,41.32601],[-73.76261,41.33143],[-73.76221,41.33241],[-73.76634,41.33324],[-73.76852,41.33802],[-73.77279,41.33731],[-73.77266,41.3345],[-73.77891,41.33408],[-73.77362,41.30452],[-73.76806,41.30526],[-73.76651,41.30629],[-73.77012,41.29049],[-73.76774,41.28639],[-73.77044,41.28612],[-73.7687,41.27728],[-73.7641,41.27678],[-73.76375,41.27506],[-73.76316,41.26989],[-73.76742,41.2706],[-73.76433,41.2558],[-73.76401,41.25208],[-73.76048,41.23394],[-73.76328,41.23344],[-73.76612,41.22927],[-73.76875,41.22753],[-73.77431,41.22649],[-73.77959,41.22848],[-73.78345,41.22929],[-73.7871,41.23216],[-73.7946,41.23439],[-73.80267,41.23345],[-73.80603,41.2351],[-73.8084,41.2349],[-73.80966,41.23253],[-73.8115,41.23333],[-73.81278,41.23666],[-73.81798,41.2374],[-73.82139,41.23763],[-73.82143,41.23939],[-73.84336,41.23231],[-73.8472,41.25337],[-73.84794,41.25735],[-73.8459,41.25731],[-73.8416,41.25963],[-73.84353,41.26095],[-73.84296,41.26239],[-73.84477,41.26635],[-73.84396,41.26859],[-73.8461,41.27268],[-73.84168,41.27644],[-73.83845,41.27667],[-73.83553,41.27869],[-73.83617,41.28394],[-73.83889,41.28326],[-73.84136,41.28618],[-73.83986,41.28853],[-73.84454,41.28947],[-73.84109,41.28934]]]}},{"type":"Feature","properties":{"zcta":"11794","d":0},"geometry":{"type":"Polygon","coordinates":[[[-73.1323,40.91453],[-73.13017,40.91424],[-73.12939,40.91829],[-73.12737,40.92105],[-73.12256,40.9243],[-73.11803,40.92136],[-73.11762,40.92022],[-73.12092,40.92078],[-73.12131,40.91643],[-73.12594,40.91699],[-73.12739,40.9165],[-73.12865,40.91353],[-73.13043,40.91268],[-73.1323,40.91453]]]}},{"type":"Feature","properties":{"zcta":"11741","d":1960},"geometry":{"type":"Polygon","coordinates":[[[-73.07064,40.81296],[-73.06888,40.81312],[-73.06861,40.81139],[-73.05303,40.81274],[-73.05146,40.80138],[-73.0514,40.79086],[-73.04247,40.7854],[-73.0424,40.77411],[-73.05046,40.77119],[-73.05825,40.76967],[-73.06217,40.76931],[-73.07384,40.76713],[-73.08285,40.76457],[-73.08321,40.77123],[-73.08558,40.77112],[-73.08612,40.77752],[-73.08756,40.77802],[-73.08791,40.7824],[-73.08757,40.78413],[-73.0887,40.79527],[-73.09067,40.80946],[-73.09343,40.81758],[-73.08896,40.82053],[-73.08991,40.82155],[-73.09081,40.82669],[-73.08818,40.82785],[-73.08846,40.83061],[-73.0856,40.83164],[-73.08439,40.82997],[-73.0817,40.83172],[-73.08111,40.82826],[-73.07332,40.82983],[-73.07185,40.82071],[-73.07064,40.81296]]]}},{"type":"Feature","properties":{"zcta":"11598","d":3010},"geometry":{"type":"Polygon","coordinates":[[[-73.7104,40.64544],[-73.7095,40.64275],[-73.71068,40.64252],[-73.70804,40.63681],[-73.70479,40.63521],[-73.70548,40.63355],[-73.69926,40.63225],[-73.69647,40.62734],[-73.69217,40.62808],[-73.69199,40.62511],[-73.69461,40.62261],[-73.70036,40.61929],[-73.70114,40.61612],[-73.70417,40.61464],[-73.70849,40.61869],[-73.71184,40.61881],[-73.71274,40.61975],[-73.71134,40.62362],[-73.71425,40.62683],[-73.71708,40.62473],[-73.72496,40.62973],[-73.72816,40.63235],[-73.7321,40.63954],[-73.7246,40.64115],[-73.7223,40.64267],[-73.71599,40.64399],[-73.71463,40.64761],[-73.7104,40.64544]]]}},{"type":"Feature","properties":{"zcta":"10977","d":2246},"geometry":{"type":"Polygon","coordinates":[[[-74.07005,41.0771],[-74.06651,41.0793],[-74.06412,41.07727],[-74.06319,41.07912],[-74.06495,41.08156],[-74.06592,41.08118],[-74.06919,41.08834],[-74.06778,41.09346],[-74.06745,41.09714],[-74.06492,41.09727],[-74.06594,41.10084],[-74.06082,41.09963],[-74.0604,41.104],[-74.05919,41.10364],[-74.05939,41.10636],[-74.05774,41.10653],[-74.05809,41.10851],[-74.06458,41.10777],[-74.06495,41.10965],[-74.05857,41.11033],[-74.05699,41.11118],[-74.05768,41.11675],[-74.05894,41.11669],[-74.05908,41.12016],[-74.05657,41.12236],[-74.05831,41.12417],[-74.05918,41.12721],[-74.06121,41.12933],[-74.06078,41.1329],[-74.0654,41.13327],[-74.06652,41.13532],[-74.06767,41.14332],[-74.06957,41.14846],[-74.06742,41.14896],[-74.06411,41.15217],[-74.06442,41.15554],[-74.06803,41.15563],[-74.06755,41.1615],[-74.06278,41.16171],[-74.06065,41.16265],[-74.05735,41.1624],[-74.05616,41.1634],[-74.05589,41.16733],[-74.05074,41.16741],[-74.0469,41.16716],[-74.04607,41.16374],[-74.04184,41.16428],[-74.04176,41.16689],[-74.03438,41.16916],[-74.03321,41.16145],[-74.03821,41.16186],[-74.04252,41.15883],[-74.04325,41.15452],[-74.03774,41.15402],[-74.03647,41.15547],[-74.03551,41.16097],[-74.03325,41.16083],[-74.03408,41.15706],[-74.03334,41.14932],[-74.03409,41.14721],[-74.0309,41.14753],[-74.03062,41.14482],[-74.02924,41.14431],[-74.02263,41.144],[-74.02534,41.12277],[-74.0258,41.11845],[-74.03639,41.11775],[-74.03575,41.11553],[-74.03735,41.11531],[-74.03741,41.11018],[-74.04033,41.11049],[-74.03697,41.10792],[-74.02936,41.10653],[-74.02058,41.1053],[-74.01879,41.10391],[-74.02332,41.10365],[-74.02799,41.10253],[-74.03367,41.10487],[-74.03847,41.10739],[-74.03988,41.10733],[-74.03828,41.09822],[-74.04038,41.09749],[-74.03988,41.09222],[-74.03739,41.09307],[-74.03451,41.0761],[-74.03642,41.07572],[-74.03761,41.07161],[-74.0372,41.06927],[-74.04072,41.06854],[-74.03962,41.06767],[-74.04372,41.06779],[-74.04503,41.06405],[-74.05082,41.06346],[-74.07182,41.0728],[-74.07358,41.07358],[-74.07005,41.0771]],[[-74.06634,41.0748],[-74.06463,41.07595],[-74.0682,41.07669],[-74.06634,41.0748]]]}},{"type":"Feature","properties":{"zcta":"07603","d":6204},"geometry":{"type":"Polygon","coordinates":[[[-74.02179,40.88053],[-74.02376,40.87423],[-74.02081,40.87291],[-74.02232,40.86567],[-74.02299,40.86549],[-74.03585,40.86922],[-74.03504,40.87665],[-74.03878,40.87761],[-74.03979,40.87911],[-74.03445,40.88427],[-74.02179,40.88053]]]}},{"type":"Feature","properties":{"zcta":"11793","d":1786},"geometry":{"type":"Polygon","coordinates":[[[-73.51817,40.6359],[-73.51618,40.64383],[-73.51909,40.64453],[-73.51804,40.64832],[-73.51996,40.65356],[-73.51751,40.65551],[-73.51894,40.65888],[-73.52062,40.66077],[-73.52105,40.66438],[-73.51952,40.6631],[-73.51538,40.66323],[-73.51948,40.6639],[-73.51749,40.66433],[-73.51544,40.67067],[-73.51408,40.67213],[-73.52098,40.67064],[-73.52082,40.6725],[-73.52217,40.67806],[-73.52468,40.68001],[-73.52404,40.68137],[-73.52643,40.68399],[-73.52589,40.68838],[-73.52708,40.69354],[-73.52977,40.69858],[-73.53188,40.70638],[-73.52627,40.70772],[-73.52262,40.70749],[-73.51398,40.70524],[-73.50547,40.70217],[-73.50244,40.7074],[-73.50252,40.71158],[-73.50116,40.71522],[-73.50028,40.71408],[-73.49417,40.71427],[-73.49512,40.70943],[-73.49734,40.70967],[-73.49698,40.70666],[-73.49481,40.70529],[-73.49225,40.70538],[-73.4925,40.70102],[-73.49073,40.701],[-73.49378,40.69422],[-73.49483,40.6909],[-73.49563,40.68485],[-73.49526,40.68048],[-73.4934,40.67415],[-73.49847,40.67404],[-73.50192,40.67126],[-73.50129,40.67023],[-73.50097,40.66506],[-73.50681,40.66485],[-73.50577,40.6605],[-73.50447,40.6594],[-73.50087,40.648],[-73.50105,40.6457],[-73.49486,40.64705],[-73.49197,40.6483],[-73.48723,40.64608],[-73.48654,40.64887],[-73.48465,40.64878],[-73.48494,40.64505],[-73.48491,40.62824],[-73.48498,40.61408],[-73.48437,40.6079],[-73.48489,40.60619],[-73.48491,40.59739],[-73.49721,40.59494],[-73.51531,40.5922],[-73.54912,40.58481],[-73.57179,40.57826],[-73.57334,40.57898],[-73.57056,40.58368],[-73.56693,40.58574],[-73.56461,40.58944],[-73.56146,40.58981],[-73.55759,40.59127],[-73.55531,40.59097],[-73.55507,40.58966],[-73.54877,40.59058],[-73.5491,40.59234],[-73.54267,40.59599],[-73.53844,40.5961],[-73.53519,40.59757],[-73.52907,40.59941],[-73.52451,40.59856],[-73.52012,40.59938],[-73.51646,40.60075],[-73.51409,40.6026],[-73.5115,40.60155],[-73.51006,40.60255],[-73.51143,40.60425],[-73.51042,40.60663],[-73.50204,40.6092],[-73.50041,40.6111],[-73.50026,40.61339],[-73.49899,40.61317],[-73.50101,40.62003],[-73.50356,40.6332],[-73.50536,40.63808],[-73.50741,40.63938],[-73.50854,40.6362],[-73.51337,40.6308],[-73.51817,40.6359]]]}},{"type":"Feature","properties":{"zcta":"07023","d":2739},"geometry":{"type":"Polygon","coordinates":[[[-74.40178,40.64041],[-74.39363,40.64695],[-74.38675,40.65332],[-74.37468,40.64655],[-74.37263,40.6468],[-74.37226,40.64529],[-74.374,40.64228],[-74.37582,40.63632],[-74.37827,40.63407],[-74.38269,40.63217],[-74.38446,40.63045],[-74.40178,40.64041]]]}},{"type":"Feature","properties":{"zcta":"11518","d":4230},"geometry":{"type":"Polygon","coordinates":[[[-73.67628,40.64546],[-73.67434,40.64675],[-73.67307,40.64602],[-73.66994,40.6475],[-73.66515,40.65166],[-73.66112,40.65162],[-73.65738,40.65057],[-73.65613,40.65139],[-73.65687,40.64986],[-73.6588,40.64279],[-73.65839,40.64076],[-73.65994,40.63582],[-73.65727,40.6352],[-73.65921,40.63388],[-73.65975,40.62983],[-73.66088,40.6284],[-73.66194,40.62305],[-73.66519,40.62216],[-73.66765,40.62311],[-73.66892,40.62558],[-73.6774,40.62877],[-73.67333,40.63376],[-73.67656,40.63638],[-73.6785,40.63904],[-73.67796,40.64261],[-73.67687,40.64328],[-73.67628,40.64546]]]}},{"type":"Feature","properties":{"zcta":"11765","d":127},"geometry":{"type":"Polygon","coordinates":[[[-73.56682,40.8982],[-73.55797,40.90047],[-73.5555,40.90033],[-73.55479,40.89844],[-73.55236,40.89785],[-73.55053,40.89307],[-73.55387,40.89188],[-73.55044,40.89051],[-73.54919,40.88844],[-73.54953,40.88462],[-73.54743,40.8825],[-73.54589,40.8834],[-73.54188,40.87685],[-73.54126,40.87239],[-73.54303,40.86756],[-73.5481,40.86852],[-73.55132,40.87226],[-73.55423,40.87076],[-73.55886,40.86961],[-73.56526,40.86878],[-73.56831,40.86719],[-73.57192,40.86981],[-73.5751,40.87444],[-73.57311,40.87541],[-73.5685,40.87519],[-73.56787,40.87853],[-73.56508,40.87926],[-73.5655,40.88177],[-73.56466,40.88382],[-73.56934,40.88432],[-73.56897,40.883],[-73.57503,40.88223],[-73.5752,40.88682],[-73.57282,40.88775],[-73.56807,40.88816],[-73.56757,40.88886],[-73.57142,40.89286],[-73.57199,40.8952],[-73.56682,40.8982]]]}},{"type":"Feature","properties":{"zcta":"11103","d":28326},"geometry":{"type":"Polygon","coordinates":[[[-73.92006,40.76581],[-73.91644,40.76973],[-73.91487,40.76947],[-73.91431,40.77152],[-73.91094,40.76885],[-73.90202,40.76742],[-73.90742,40.76034],[-73.91261,40.75597],[-73.9115,40.75456],[-73.91447,40.75366],[-73.92246,40.75743],[-73.91909,40.76226],[-73.9212,40.76371],[-73.92006,40.76581]]]}},{"type":"Feature","properties":{"zcta":"07632","d":1345},"geometry":{"type":"Polygon","coordinates":[[[-73.94648,40.90605],[-73.92712,40.8955],[-73.92982,40.88868],[-73.94834,40.85845],[-73.95449,40.86153],[-73.96747,40.86885],[-73.95583,40.88312],[-73.95899,40.88491],[-73.94939,40.90073],[-73.94648,40.90605]]]}},{"type":"Feature","properties":{"zcta":"11786","d":568},"geometry":{"type":"Polygon","coordinates":[[[-72.88825,40.96296],[-72.86663,40.96447],[-72.86935,40.9578],[-72.8695,40.95486],[-72.86826,40.95374],[-72.86378,40.95242],[-72.86227,40.94355],[-72.86303,40.94344],[-72.86675,40.94321],[-72.87634,40.94423],[-72.87763,40.94134],[-72.87874,40.93286],[-72.88126,40.9296],[-72.88204,40.92515],[-72.88447,40.92622],[-72.89137,40.92356],[-72.89566,40.93563],[-72.90181,40.9347],[-72.9011,40.93218],[-72.89848,40.93057],[-72.89675,40.92348],[-72.90178,40.92257],[-72.90441,40.9239],[-72.9068,40.92338],[-72.90452,40.92678],[-72.90614,40.93408],[-72.9084,40.94784],[-72.91035,40.9537],[-72.91256,40.95634],[-72.91383,40.96247],[-72.88825,40.96296]]]}},{"type":"Feature","properties":{"zcta":"10533","d":1046},"geometry":{"type":"Polygon","coordinates":[[[-73.86741,41.04767],[-73.86393,41.04645],[-73.8611,41.04826],[-73.85652,41.04836],[-73.85583,41.05144],[-73.85191,41.05079],[-73.85184,41.05534],[-73.84515,41.05507],[-73.84471,41.0606],[-73.8415,41.06008],[-73.8367,41.05787],[-73.83368,41.05385],[-73.84006,41.04861],[-73.84179,41.0478],[-73.84081,41.04639],[-73.84269,41.04414],[-73.83839,41.04244],[-73.83672,41.04378],[-73.83617,41.0423],[-73.8393,41.03625],[-73.84295,41.02815],[-73.84361,41.02557],[-73.84527,41.02302],[-73.84833,41.02317],[-73.8504,41.02445],[-73.86112,41.02275],[-73.86786,41.02228],[-73.8774,41.0228],[-73.87654,41.0301],[-73.87505,41.03406],[-73.87588,41.03521],[-73.87335,41.04348],[-73.87214,41.04368],[-73.87082,41.04696],[-73.86741,41.04767]],[[-73.87631,41.02562],[-73.87383,41.02557],[-73.87617,41.02746],[-73.87631,41.02562]]]}},{"type":"Feature","properties":{"zcta":"10803","d":2731},"geometry":{"type":"Polygon","coordinates":[[[-73.81396,40.90466],[-73.81342,40.90781],[-73.81393,40.91114],[-73.81136,40.9184],[-73.80827,40.92459],[-73.8054,40.92684],[-73.80471,40.92517],[-73.80194,40.91181],[-73.80095,40.90824],[-73.79824,40.89547],[-73.79473,40.89159],[-73.79323,40.89302],[-73.79193,40.89088],[-73.79306,40.88991],[-73.78708,40.88397],[-73.79254,40.88398],[-73.79368,40.88235],[-73.79925,40.88463],[-73.8053,40.886],[-73.8044,40.88628],[-73.81516,40.889],[-73.81956,40.89016],[-73.82324,40.8912],[-73.82113,40.8953],[-73.81851,40.89664],[-73.81752,40.90026],[-73.81536,40.90256],[-73.81396,40.90466]]]}},{"type":"Feature","properties":{"zcta":"11430","d":0},"geometry":{"type":"Polygon","coordinates":[[[-73.82683,40.66371],[-73.82301,40.66384],[-73.81334,40.66281],[-73.81207,40.66303],[-73.81055,40.66633],[-73.80196,40.6659],[-73.80216,40.66525],[-73.79509,40.66489],[-73.78505,40.66344],[-73.78079,40.66233],[-73.77383,40.65965],[-73.76735,40.65616],[-73.75162,40.64724],[-73.74626,40.64049],[-73.748,40.63463],[-73.76742,40.62661],[-73.76855,40.62315],[-73.7711,40.62001],[-73.77082,40.62328],[-73.77538,40.62706],[-73.77933,40.62734],[-73.78493,40.62047],[-73.78919,40.62301],[-73.78347,40.62812],[-73.78264,40.63025],[-73.79079,40.63428],[-73.79812,40.63104],[-73.79131,40.63453],[-73.79235,40.63591],[-73.8067,40.64178],[-73.81629,40.64596],[-73.82534,40.64425],[-73.82641,40.64826],[-73.82839,40.65603],[-73.82987,40.65997],[-73.8327,40.66541],[-73.82683,40.66371]]]}},{"type":"Feature","properties":{"zcta":"10524","d":102},"geometry":{"type":"Polygon","coordinates":[[[-73.94572,41.4035],[-73.944,41.40224],[-73.94019,41.40222],[-73.93836,41.40857],[-73.93836,41.41501],[-73.9341,41.41734],[-73.93405,41.41559],[-73.93183,41.41221],[-73.92741,41.41316],[-73.92563,41.41279],[-73.92199,41.41734],[-73.91791,41.41761],[-73.91735,41.42168],[-73.90989,41.42247],[-73.90816,41.42219],[-73.90664,41.42636],[-73.90297,41.43258],[-73.89773,41.43382],[-73.90189,41.42909],[-73.90439,41.42348],[-73.89744,41.42402],[-73.89654,41.42674],[-73.89352,41.42825],[-73.89113,41.43064],[-73.8869,41.43185],[-73.88745,41.4206],[-73.88826,41.40976],[-73.88986,41.38834],[-73.88746,41.39017],[-73.8859,41.38983],[-73.88397,41.38536],[-73.88403,41.38325],[-73.88189,41.38361],[-73.88315,41.38016],[-73.88535,41.37921],[-73.88938,41.38048],[-73.89042,41.37999],[-73.89135,41.3649],[-73.89172,41.35467],[-73.89245,41.34375],[-73.89343,41.33115],[-73.9523,41.32492],[-73.9795,41.32216],[-73.97722,41.32687],[-73.97213,41.33231],[-73.96897,41.33423],[-73.96884,41.33608],[-73.96445,41.33973],[-73.96052,41.34136],[-73.95757,41.34731],[-73.95659,41.35258],[-73.95632,41.36443],[-73.95354,41.37182],[-73.95286,41.37511],[-73.95085,41.37733],[-73.9496,41.37642],[-73.94764,41.38114],[-73.94743,41.3876],[-73.94448,41.3914],[-73.94375,41.39342],[-73.94424,41.39696],[-73.94694,41.402],[-73.94572,41.4035]]]}},{"type":"Feature","properties":{"zcta":"10468","d":32792},"geometry":{"type":"Polygon","coordinates":[[[-73.91434,40.86252],[-73.9098,40.86828],[-73.9086,40.87168],[-73.90834,40.86971],[-73.91083,40.86413],[-73.90837,40.86725],[-73.90348,40.86984],[-73.90215,40.87559],[-73.90021,40.87705],[-73.90032,40.87443],[-73.89843,40.87374],[-73.89733,40.87145],[-73.89213,40.87806],[-73.88836,40.88227],[-73.88697,40.88281],[-73.88478,40.87842],[-73.88738,40.87272],[-73.89174,40.86951],[-73.89707,40.86253],[-73.89995,40.85742],[-73.91093,40.86065],[-73.91687,40.85801],[-73.91929,40.85748],[-73.91434,40.86252]]]}},{"type":"Feature","properties":{"zcta":"11976","d":101},"geometry":{"type":"Polygon","coordinates":[[[-72.3449,40.96976],[-72.33933,40.96788],[-72.3358,40.96538],[-72.3184,40.97479],[-72.31696,40.97297],[-72.31751,40.97117],[-72.31639,40.96137],[-72.32294,40.95833],[-72.32814,40.9514],[-72.33057,40.94569],[-72.33053,40.94353],[-72.32407,40.94035],[-72.32515,40.93931],[-72.32312,40.93446],[-72.31524,40.93743],[-72.31241,40.93348],[-72.31582,40.92892],[-72.31657,40.92524],[-72.3184,40.9262],[-72.32114,40.9211],[-72.31624,40.92081],[-72.31708,40.91575],[-72.31133,40.91616],[-72.31331,40.91163],[-72.31655,40.91098],[-72.32125,40.90373],[-72.33463,40.89649],[-72.33284,40.89442],[-72.32822,40.89248],[-72.32807,40.89164],[-72.33898,40.88749],[-72.3439,40.89365],[-72.34998,40.89187],[-72.35259,40.89324],[-72.35727,40.89251],[-72.36013,40.89281],[-72.35949,40.89521],[-72.36531,40.89541],[-72.37038,40.897],[-72.37837,40.90044],[-72.3752,40.90291],[-72.37226,40.90743],[-72.37293,40.90874],[-72.38093,40.9096],[-72.37902,40.91324],[-72.37986,40.9181],[-72.37923,40.92027],[-72.37627,40.92135],[-72.37563,40.92299],[-72.37294,40.92443],[-72.37612,40.93228],[-72.37717,40.93332],[-72.37839,40.93989],[-72.37997,40.9418],[-72.37642,40.94288],[-72.3754,40.94402],[-72.37721,40.95411],[-72.37632,40.95602],[-72.3705,40.95625],[-72.37008,40.95774],[-72.36754,40.95909],[-72.36713,40.96145],[-72.3449,40.96976]]]}},{"type":"Feature","properties":{"zcta":"11733","d":764},"geometry":{"type":"Polygon","coordinates":[[[-73.07824,40.9512],[-73.08003,40.9499],[-73.08472,40.95013],[-73.08616,40.94785],[-73.08617,40.94121],[-73.0821,40.93947],[-73.07743,40.93843],[-73.07697,40.93485],[-73.07433,40.9332],[-73.07228,40.93305],[-73.07271,40.93154],[-73.07397,40.93102],[-73.06973,40.92809],[-73.0716,40.92349],[-73.07622,40.91987],[-73.07636,40.9191],[-73.07255,40.91647],[-73.06947,40.91344],[-73.06932,40.90647],[-73.06973,40.90621],[-73.1016,40.88614],[-73.10664,40.88319],[-73.10988,40.88773],[-73.10035,40.88945],[-73.09941,40.89017],[-73.09825,40.89428],[-73.09649,40.89683],[-73.09864,40.9011],[-73.10227,40.90048],[-73.10337,40.9021],[-73.10165,40.90432],[-73.11427,40.90317],[-73.11099,40.8982],[-73.10918,40.89302],[-73.1117,40.89233],[-73.11511,40.90167],[-73.11635,40.90389],[-73.11174,40.90466],[-73.11085,40.9059],[-73.10724,40.90603],[-73.1076,40.90787],[-73.11193,40.90848],[-73.11349,40.91357],[-73.11119,40.91303],[-73.10897,40.91761],[-73.10668,40.91648],[-73.10914,40.92008],[-73.11345,40.92226],[-73.11883,40.9234],[-73.11996,40.9263],[-73.12447,40.92461],[-73.12295,40.9295],[-73.12897,40.93195],[-73.12921,40.93747],[-73.13008,40.93883],[-73.12954,40.94225],[-73.13321,40.94228],[-73.13476,40.94402],[-73.13638,40.94397],[-73.13742,40.94771],[-73.14134,40.94565],[-73.14472,40.94492],[-73.14467,40.95584],[-73.14805,40.95965],[-73.15445,40.96166],[-73.15876,40.9664],[-73.15813,40.96752],[-73.14829,40.96602],[-73.13877,40.9664],[-73.13027,40.96893],[-73.11843,40.97729],[-73.11037,40.97194],[-73.1024,40.9692],[-73.09386,40.96901],[-73.09298,40.9698],[-73.07824,40.9512]]]}},{"type":"Feature","properties":{"zcta":"10029","d":42771},"geometry":{"type":"Polygon","coordinates":[[[-73.9578,40.80048],[-73.94922,40.79691],[-73.94646,40.80067],[-73.94297,40.79967],[-73.93124,40.79419],[-73.936,40.79086],[-73.93924,40.78585],[-73.9436,40.78265],[-73.94422,40.78393],[-73.94927,40.78606],[-73.95093,40.78587],[-73.95578,40.78791],[-73.95675,40.7892],[-73.96256,40.79164],[-73.96418,40.79236],[-73.95862,40.79998],[-73.9578,40.80048]]]}},{"type":"Feature","properties":{"zcta":"10303","d":4039},"geometry":{"type":"Polygon","coordinates":[[[-74.18771,40.64264],[-74.1815,40.64465],[-74.17799,40.64255],[-74.17426,40.64463],[-74.17019,40.6422],[-74.16538,40.64105],[-74.16143,40.63869],[-74.1544,40.63718],[-74.14941,40.63756],[-74.14882,40.6389],[-74.14324,40.63939],[-74.14561,40.63227],[-74.14546,40.62789],[-74.14614,40.62493],[-74.14877,40.6251],[-74.1495,40.62292],[-74.15154,40.6212],[-74.16407,40.62192],[-74.16534,40.62023],[-74.16848,40.62156],[-74.17423,40.61955],[-74.17616,40.6178],[-74.17889,40.61357],[-74.18016,40.60929],[-74.18356,40.61023],[-74.18101,40.61246],[-74.17906,40.61601],[-74.17739,40.62095],[-74.17884,40.62611],[-74.18642,40.63029],[-74.18845,40.62931],[-74.1898,40.63063],[-74.19204,40.62893],[-74.19284,40.63118],[-74.19527,40.63126],[-74.19231,40.63325],[-74.19619,40.63527],[-74.18771,40.64264]]]}},{"type":"Feature","properties":{"zcta":"11204","d":21442},"geometry":{"type":"Polygon","coordinates":[[[-73.99729,40.61971],[-73.98118,40.6352],[-73.97897,40.63348],[-73.97749,40.6306],[-73.9794,40.62917],[-73.97658,40.62757],[-73.97679,40.62325],[-73.9753,40.62091],[-73.97399,40.61403],[-73.97444,40.61087],[-73.97299,40.60881],[-73.98725,40.60725],[-73.98798,40.60808],[-73.99834,40.61428],[-74.00082,40.61631],[-73.99729,40.61971]]]}},{"type":"Feature","properties":{"zcta":"10453","d":40533},"geometry":{"type":"Polygon","coordinates":[[[-73.9239,40.85049],[-73.91929,40.85748],[-73.91687,40.85801],[-73.91093,40.86065],[-73.89995,40.85742],[-73.90749,40.8478],[-73.91114,40.84506],[-73.9142,40.84512],[-73.91666,40.84684],[-73.92104,40.84652],[-73.92381,40.84501],[-73.9273,40.84656],[-73.9239,40.85049]]]}},{"type":"Feature","properties":{"zcta":"10470","d":5294},"geometry":{"type":"Polygon","coordinates":[[[-73.87944,40.89822],[-73.87801,40.90597],[-73.86788,40.90298],[-73.8636,40.90215],[-73.86077,40.90079],[-73.85634,40.90618],[-73.85553,40.90614],[-73.85268,40.9099],[-73.85112,40.91001],[-73.85353,40.90747],[-73.85022,40.90737],[-73.84532,40.90558],[-73.84473,40.90473],[-73.84572,40.9048],[-73.84694,40.90152],[-73.84955,40.90305],[-73.85223,40.89964],[-73.85704,40.89794],[-73.85619,40.89919],[-73.85926,40.90034],[-73.86111,40.89759],[-73.86133,40.90019],[-73.86356,40.89538],[-73.86368,40.89433],[-73.86749,40.88818],[-73.86921,40.88333],[-73.87092,40.88026],[-73.87479,40.88008],[-73.87534,40.88167],[-73.87813,40.88215],[-73.87792,40.88721],[-73.8804,40.893],[-73.88049,40.89655],[-73.87944,40.89822]]]}},{"type":"Feature","properties":{"zcta":"11706","d":2030},"geometry":{"type":"MultiPolygon","coordinates":[[[[-73.10278,40.65488],[-73.14523,40.64542],[-73.14639,40.64705],[-73.1424,40.6481],[-73.14191,40.64706],[-73.13635,40.6483],[-73.1361,40.65207],[-73.12987,40.65418],[-73.12881,40.65182],[-73.10322,40.65618],[-73.10278,40.65488]]],[[[-73.25226,40.62881],[-73.24883,40.63025],[-73.24362,40.63449],[-73.23958,40.64565],[-73.2259,40.64839],[-73.22406,40.64924],[-73.23028,40.65466],[-73.22878,40.6553],[-73.20603,40.66139],[-73.19228,40.66137],[-73.17945,40.66069],[-73.17745,40.65953],[-73.1719,40.65412],[-73.16514,40.65083],[-73.15316,40.65163],[-73.14768,40.65173],[-73.14737,40.64906],[-73.15084,40.64865],[-73.15302,40.64955],[-73.16095,40.64867],[-73.166,40.64474],[-73.16537,40.64312],[-73.16022,40.64718],[-73.15814,40.64272],[-73.16761,40.64104],[-73.20844,40.63088],[-73.23914,40.6251],[-73.26235,40.62196],[-73.26448,40.6219],[-73.26438,40.62378],[-73.26176,40.62288],[-73.2559,40.62548],[-73.26185,40.62499],[-73.26205,40.62666],[-73.25226,40.62881]]],[[[-73.25982,40.77715],[-73.25991,40.7757],[-73.25772,40.77688],[-73.2534,40.77701],[-73.25337,40.76579],[-73.24866,40.76422],[-73.23021,40.75656],[-73.2281,40.75476],[-73.22884,40.75442],[-73.22695,40.74922],[-73.22652,40.7424],[-73.22475,40.73992],[-73.22873,40.73935],[-73.22854,40.73611],[-73.22762,40.73613],[-73.22748,40.7329],[-73.22463,40.73279],[-73.22486,40.72615],[-73.22347,40.72552],[-73.2236,40.72245],[-73.22592,40.71081],[-73.22537,40.70298],[-73.23367,40.70224],[-73.2462,40.70324],[-73.24889,40.70414],[-73.24887,40.70588],[-73.25882,40.71535],[-73.26587,40.71972],[-73.25893,40.72251],[-73.2611,40.72531],[-73.26292,40.73027],[-73.26732,40.73148],[-73.27491,40.73031],[-73.27178,40.7188],[-73.2696,40.71719],[-73.26704,40.71184],[-73.2651,40.71336],[-73.26107,40.70971],[-73.25129,40.70232],[-73.25308,40.70103],[-73.25521,40.7011],[-73.25885,40.69904],[-73.26089,40.69592],[-73.26676,40.69514],[-73.26903,40.69274],[-73.2737,40.69021],[-73.27535,40.69094],[-73.27783,40.69419],[-73.28151,40.69642],[-73.28152,40.70374],[-73.2828,40.70573],[-73.28263,40.70883],[-73.28385,40.71107],[-73.2821,40.71187],[-73.28203,40.71475],[-73.28851,40.71257],[-73.28851,40.71564],[-73.28576,40.73261],[-73.28385,40.73697],[-73.28518,40.73771],[-73.28938,40.73512],[-73.29629,40.73369],[-73.29527,40.73924],[-73.30454,40.7407],[-73.30648,40.74147],[-73.30476,40.7436],[-73.30386,40.7483],[-73.29505,40.76167],[-73.29506,40.76737],[-73.292,40.76734],[-73.29097,40.77018],[-73.25982,40.77715]]]]}},{"type":"Feature","properties":{"zcta":"07721","d":2299},"geometry":{"type":"Polygon","coordinates":[[[-74.24043,40.43907],[-74.23641,40.44344],[-74.23434,40.44381],[-74.23534,40.4416],[-74.23416,40.4405],[-74.22975,40.44297],[-74.22063,40.43544],[-74.22294,40.43435],[-74.22876,40.43383],[-74.23037,40.42986],[-74.23,40.42769],[-74.23754,40.42919],[-74.24268,40.42948],[-74.24748,40.43153],[-74.24479,40.44096],[-74.24264,40.44163],[-74.24043,40.43907]]]}},{"type":"Feature","properties":{"zcta":"11691","d":8488},"geometry":{"type":"Polygon","coordinates":[[[-73.78915,40.59751],[-73.78399,40.6021],[-73.78395,40.60488],[-73.77936,40.60925],[-73.77526,40.60972],[-73.77413,40.60875],[-73.77558,40.60303],[-73.77305,40.59788],[-73.77116,40.5983],[-73.76992,40.6066],[-73.76909,40.60958],[-73.77408,40.61193],[-73.77345,40.61365],[-73.76682,40.61429],[-73.76345,40.61369],[-73.76002,40.61135],[-73.75473,40.61041],[-73.75009,40.61164],[-73.74549,40.6118],[-73.74321,40.60721],[-73.73836,40.60266],[-73.73846,40.59587],[-73.73798,40.59454],[-73.74359,40.59467],[-73.74401,40.59603],[-73.75125,40.59513],[-73.75116,40.59181],[-73.7579,40.59208],[-73.76971,40.59116],[-73.77023,40.59398],[-73.7727,40.59312],[-73.78506,40.5922],[-73.78338,40.59272],[-73.78348,40.59704],[-73.7848,40.5977],[-73.78923,40.59673],[-73.78915,40.59751]]]}},{"type":"Feature","properties":{"zcta":"07757","d":1248},"geometry":{"type":"Polygon","coordinates":[[[-74.02939,40.32238],[-74.02697,40.32359],[-74.02197,40.32362],[-74.01398,40.33043],[-74.00492,40.33386],[-74.00266,40.33404],[-73.99977,40.3336],[-73.99687,40.33162],[-73.99723,40.32978],[-73.99751,40.32634],[-73.99601,40.32239],[-73.99728,40.31691],[-73.99935,40.31508],[-74.00809,40.31027],[-74.00784,40.30768],[-74.01058,40.30534],[-74.0125,40.30489],[-74.01596,40.30397],[-74.02304,40.30022],[-74.02555,40.30112],[-74.02868,40.30101],[-74.03255,40.29876],[-74.03832,40.30425],[-74.04124,40.30453],[-74.04009,40.30566],[-74.04107,40.30738],[-74.04375,40.30872],[-74.04694,40.31145],[-74.04443,40.31148],[-74.04349,40.31331],[-74.04456,40.31557],[-74.04169,40.31754],[-74.0378,40.31807],[-74.03583,40.31591],[-74.03391,40.31797],[-74.03243,40.3158],[-74.02729,40.31683],[-74.02592,40.31912],[-74.03292,40.32262],[-74.02939,40.32238]]]}},{"type":"Feature","properties":{"zcta":"07504","d":9047},"geometry":{"type":"Polygon","coordinates":[[[-74.15287,40.91801],[-74.14662,40.91828],[-74.13026,40.91812],[-74.13348,40.91259],[-74.13164,40.90569],[-74.1323,40.90405],[-74.14459,40.90514],[-74.15151,40.913],[-74.15245,40.91311],[-74.15432,40.91671],[-74.15287,40.91801]]]}},{"type":"Feature","properties":{"zcta":"07930","d":171},"geometry":{"type":"Polygon","coordinates":[[[-74.7183,40.82219],[-74.71211,40.82268],[-74.71344,40.81854],[-74.71523,40.81749],[-74.71303,40.81269],[-74.69287,40.81992],[-74.6869,40.82312],[-74.68469,40.8202],[-74.68183,40.82071],[-74.6818,40.81905],[-74.67351,40.80942],[-74.65874,40.81624],[-74.66164,40.81767],[-74.65872,40.81869],[-74.65466,40.82402],[-74.64909,40.82499],[-74.64173,40.82798],[-74.64157,40.83276],[-74.63737,40.83337],[-74.62804,40.83033],[-74.63062,40.82489],[-74.62826,40.82205],[-74.62568,40.82069],[-74.6238,40.81849],[-74.62376,40.81665],[-74.62835,40.81164],[-74.6293,40.80876],[-74.62874,40.8069],[-74.63065,40.80471],[-74.63025,40.80211],[-74.63392,40.79963],[-74.63572,40.80042],[-74.64107,40.79914],[-74.6477,40.7944],[-74.64678,40.79274],[-74.64844,40.79132],[-74.64574,40.78969],[-74.64741,40.78671],[-74.64801,40.78331],[-74.64316,40.78185],[-74.642,40.78036],[-74.63869,40.7788],[-74.63679,40.77407],[-74.63732,40.77293],[-74.64858,40.76309],[-74.65158,40.7633],[-74.65931,40.75743],[-74.65796,40.75658],[-74.65989,40.75562],[-74.66109,40.75314],[-74.65912,40.75098],[-74.65877,40.74794],[-74.66358,40.7436],[-74.66375,40.73948],[-74.66705,40.7335],[-74.66935,40.73421],[-74.67182,40.73538],[-74.67316,40.73777],[-74.6731,40.73992],[-74.67618,40.74451],[-74.67867,40.74542],[-74.68088,40.74375],[-74.68138,40.74573],[-74.68353,40.74724],[-74.6862,40.74488],[-74.68907,40.74505],[-74.69116,40.744],[-74.69133,40.74127],[-74.69261,40.74086],[-74.69436,40.74486],[-74.71213,40.74656],[-74.7184,40.748],[-74.7197,40.74602],[-74.71915,40.74379],[-74.71684,40.74105],[-74.71966,40.73498],[-74.71944,40.73288],[-74.71646,40.7294],[-74.71623,40.72376],[-74.72038,40.72075],[-74.72567,40.71953],[-74.72959,40.72179],[-74.7277,40.72406],[-74.73047,40.72712],[-74.7307,40.73099],[-74.72776,40.73749],[-74.73098,40.73953],[-74.73103,40.74462],[-74.72598,40.74678],[-74.72605,40.74855],[-74.73121,40.75113],[-74.732,40.75382],[-74.73174,40.75767],[-74.73456,40.75901],[-74.73596,40.76128],[-74.74062,40.76454],[-74.73223,40.78433],[-74.72879,40.792],[-74.72548,40.80552],[-74.72905,40.8071],[-74.73107,40.80928],[-74.734,40.80734],[-74.73542,40.80907],[-74.72565,40.81609],[-74.72376,40.81846],[-74.7183,40.82219]]]}},{"type":"Feature","properties":{"zcta":"07758","d":1631},"geometry":{"type":"Polygon","coordinates":[[[-74.10255,40.44192],[-74.08809,40.43841],[-74.08141,40.43481],[-74.07972,40.43326],[-74.08251,40.43175],[-74.08419,40.43304],[-74.08842,40.43233],[-74.08737,40.43154],[-74.09195,40.43068],[-74.09401,40.4291],[-74.09454,40.42511],[-74.09692,40.42237],[-74.10212,40.42516],[-74.10389,40.42495],[-74.1061,40.42168],[-74.11358,40.42455],[-74.11424,40.42228],[-74.11614,40.42257],[-74.12066,40.41695],[-74.12052,40.42046],[-74.12386,40.42269],[-74.12485,40.42441],[-74.1199,40.43029],[-74.11862,40.42969],[-74.11623,40.43125],[-74.11559,40.42982],[-74.113,40.43091],[-74.10624,40.43532],[-74.10376,40.44001],[-74.10558,40.44146],[-74.10866,40.4417],[-74.10933,40.44313],[-74.10255,40.44192]]]}},{"type":"Feature","properties":{"zcta":"07419","d":337},"geometry":{"type":"Polygon","coordinates":[[[-74.62447,41.16134],[-74.61494,41.16118],[-74.61215,41.1618],[-74.60675,41.169],[-74.60571,41.17162],[-74.60766,41.1747],[-74.60573,41.17736],[-74.60355,41.1784],[-74.60107,41.17804],[-74.59833,41.17893],[-74.59594,41.17744],[-74.59356,41.17999],[-74.59093,41.17861],[-74.5869,41.17042],[-74.58671,41.16701],[-74.5839,41.17316],[-74.57769,41.18014],[-74.57906,41.18318],[-74.57822,41.18655],[-74.57925,41.18876],[-74.57825,41.19153],[-74.5755,41.19351],[-74.57181,41.1895],[-74.57045,41.19341],[-74.56845,41.1937],[-74.56611,41.19831],[-74.56478,41.19937],[-74.56187,41.1985],[-74.55798,41.19613],[-74.55438,41.19577],[-74.55246,41.19444],[-74.5495,41.19512],[-74.54864,41.19258],[-74.5521,41.18795],[-74.55426,41.1867],[-74.55823,41.18087],[-74.56181,41.17953],[-74.54601,41.16364],[-74.5444,41.16535],[-74.54421,41.1675],[-74.54235,41.16824],[-74.54116,41.17187],[-74.53838,41.1702],[-74.53249,41.17856],[-74.52982,41.17969],[-74.53047,41.1781],[-74.52349,41.16388],[-74.51862,41.15645],[-74.51699,41.15579],[-74.51406,41.15482],[-74.51332,41.156],[-74.511,41.15533],[-74.52216,41.14033],[-74.52657,41.14481],[-74.57547,41.10121],[-74.5757,41.106],[-74.57007,41.13696],[-74.57179,41.13737],[-74.5766,41.13679],[-74.57767,41.13808],[-74.58014,41.14451],[-74.58853,41.14159],[-74.59368,41.13909],[-74.59625,41.13907],[-74.6021,41.13659],[-74.60474,41.13647],[-74.6076,41.13475],[-74.61555,41.13766],[-74.61785,41.13673],[-74.61915,41.13458],[-74.6233,41.13591],[-74.6255,41.13453],[-74.62763,41.13132],[-74.63317,41.13332],[-74.63407,41.13268],[-74.62447,41.16134]]]}},{"type":"Feature","properties":{"zcta":"07208","d":8918},"geometry":{"type":"Polygon","coordinates":[[[-74.24619,40.67323],[-74.24132,40.67238],[-74.23795,40.67378],[-74.23669,40.67602],[-74.23102,40.67167],[-74.2299,40.67378],[-74.2224,40.67513],[-74.2147,40.68661],[-74.21488,40.6889],[-74.21235,40.69067],[-74.20925,40.69071],[-74.2018,40.68681],[-74.2057,40.68095],[-74.20788,40.68064],[-74.21002,40.67638],[-74.21614,40.66655],[-74.21726,40.66644],[-74.21869,40.66696],[-74.24469,40.66345],[-74.24672,40.66316],[-74.24815,40.66679],[-74.25422,40.67016],[-74.24619,40.67323]]]}},{"type":"Feature","properties":{"zcta":"07017","d":8033},"geometry":{"type":"Polygon","coordinates":[[[-74.21185,40.78569],[-74.20156,40.78181],[-74.18976,40.76863],[-74.19337,40.76171],[-74.19758,40.7558],[-74.20088,40.75688],[-74.20082,40.75774],[-74.21081,40.76106],[-74.21688,40.76587],[-74.21703,40.76762],[-74.22063,40.76787],[-74.22008,40.76977],[-74.22347,40.77421],[-74.21853,40.78821],[-74.21185,40.78569]]]}},{"type":"Feature","properties":{"zcta":"07901","d":1762},"geometry":{"type":"Polygon","coordinates":[[[-74.39078,40.72539],[-74.38817,40.72624],[-74.38427,40.72449],[-74.37765,40.73033],[-74.38006,40.73324],[-74.37755,40.73433],[-74.37453,40.73354],[-74.37113,40.73458],[-74.37066,40.73607],[-74.37174,40.73964],[-74.35894,40.73598],[-74.34866,40.73022],[-74.34144,40.72444],[-74.33236,40.72032],[-74.33049,40.71583],[-74.33325,40.71651],[-74.33799,40.71599],[-74.33824,40.712],[-74.34215,40.70839],[-74.35051,40.70196],[-74.35955,40.69949],[-74.36163,40.69917],[-74.37319,40.69179],[-74.37946,40.68534],[-74.38147,40.68896],[-74.38174,40.69149],[-74.38528,40.68949],[-74.3862,40.68992],[-74.38672,40.69474],[-74.38809,40.69564],[-74.38949,40.70017],[-74.38563,40.70047],[-74.38663,40.70278],[-74.38386,40.70274],[-74.3843,40.70401],[-74.38858,40.7061],[-74.3867,40.7117],[-74.38808,40.71063],[-74.39127,40.71254],[-74.39332,40.71523],[-74.39138,40.71644],[-74.39141,40.71811],[-74.39078,40.72539]]]}},{"type":"Feature","properties":{"zcta":"07094","d":1822},"geometry":{"type":"Polygon","coordinates":[[[-74.08798,40.76444],[-74.08777,40.76619],[-74.09012,40.77748],[-74.08761,40.78161],[-74.08304,40.78623],[-74.08166,40.7876],[-74.07985,40.78973],[-74.07785,40.79428],[-74.07527,40.79663],[-74.06868,40.79865],[-74.06384,40.80415],[-74.06069,40.80573],[-74.05918,40.80618],[-74.04492,40.80756],[-74.04238,40.80733],[-74.03727,40.80531],[-74.03368,40.80326],[-74.03565,40.80199],[-74.04119,40.79569],[-74.03365,40.79239],[-74.04047,40.78186],[-74.04234,40.78006],[-74.04719,40.78084],[-74.05015,40.78238],[-74.05399,40.78083],[-74.05633,40.77689],[-74.05534,40.77376],[-74.05647,40.77251],[-74.05697,40.76899],[-74.05998,40.76572],[-74.06018,40.76247],[-74.06493,40.76376],[-74.06804,40.76217],[-74.0695,40.76498],[-74.07133,40.76415],[-74.07023,40.76116],[-74.07266,40.7589],[-74.0748,40.75815],[-74.07483,40.75577],[-74.07639,40.75438],[-74.07519,40.75291],[-74.07869,40.7506],[-74.09064,40.7488],[-74.09362,40.75091],[-74.09545,40.75337],[-74.09348,40.75832],[-74.09079,40.76198],[-74.08798,40.76444]]]}},{"type":"Feature","properties":{"zcta":"07828","d":505},"geometry":{"type":"MultiPolygon","coordinates":[[[[-74.74663,40.84698],[-74.75227,40.84388],[-74.75248,40.84301],[-74.75555,40.84479],[-74.75457,40.84778],[-74.75711,40.84999],[-74.7555,40.85179],[-74.75135,40.85186],[-74.74663,40.84698]]],[[[-74.80383,40.88577],[-74.79945,40.88794],[-74.79491,40.88861],[-74.79247,40.88978],[-74.79048,40.89317],[-74.79057,40.89608],[-74.787,40.89862],[-74.78689,40.89979],[-74.78288,40.90241],[-74.77985,40.90332],[-74.77909,40.90635],[-74.77606,40.90534],[-74.76841,40.91189],[-74.76339,40.91329],[-74.76087,40.91219],[-74.75982,40.91365],[-74.75553,40.91365],[-74.75126,40.91583],[-74.75033,40.91818],[-74.74801,40.91982],[-74.74497,40.91953],[-74.7408,40.92024],[-74.73754,40.91892],[-74.73189,40.92083],[-74.72985,40.91917],[-74.72866,40.91638],[-74.71842,40.9124],[-74.71768,40.91116],[-74.71287,40.90767],[-74.7122,40.90451],[-74.71348,40.90231],[-74.71632,40.90234],[-74.7151,40.89781],[-74.71478,40.89402],[-74.71594,40.89134],[-74.71453,40.89168],[-74.71165,40.88969],[-74.71201,40.88715],[-74.70874,40.88676],[-74.71004,40.88076],[-74.715,40.88048],[-74.71504,40.86317],[-74.71312,40.8631],[-74.72705,40.85701],[-74.72729,40.85832],[-74.72964,40.85829],[-74.72991,40.86096],[-74.73552,40.8608],[-74.74603,40.85164],[-74.75135,40.85186],[-74.75946,40.85984],[-74.76644,40.85778],[-74.76669,40.8605],[-74.77148,40.85764],[-74.77322,40.86079],[-74.77015,40.86297],[-74.77329,40.86498],[-74.7828,40.87443],[-74.78596,40.87338],[-74.78934,40.86793],[-74.7921,40.87022],[-74.79677,40.86942],[-74.79788,40.86682],[-74.79979,40.86833],[-74.80345,40.86532],[-74.80645,40.86711],[-74.80826,40.86974],[-74.80565,40.87402],[-74.80728,40.88079],[-74.80678,40.88208],[-74.80383,40.88577]]]]}},{"type":"Feature","properties":{"zcta":"07074","d":1218},"geometry":{"type":"Polygon","coordinates":[[[-74.07124,40.8453],[-74.07165,40.84322],[-74.07352,40.84149],[-74.07124,40.84032],[-74.06463,40.83937],[-74.06069,40.83665],[-74.05303,40.84404],[-74.05152,40.84795],[-74.04589,40.84615],[-74.04568,40.84334],[-74.04342,40.84341],[-74.04258,40.84099],[-74.0433,40.83928],[-74.04268,40.83626],[-74.04082,40.83392],[-74.0398,40.8342],[-74.03908,40.83065],[-74.03991,40.83054],[-74.05307,40.83365],[-74.0588,40.83511],[-74.06098,40.83252],[-74.07628,40.83711],[-74.07517,40.84029],[-74.07879,40.84239],[-74.07658,40.84448],[-74.07723,40.84559],[-74.07489,40.84858],[-74.07124,40.8453]]]}},{"type":"Feature","properties":{"zcta":"07747","d":1324},"geometry":{"type":"Polygon","coordinates":[[[-74.28625,40.42729],[-74.28279,40.43301],[-74.28329,40.43441],[-74.28594,40.43578],[-74.28159,40.43671],[-74.28177,40.43891],[-74.2774,40.44129],[-74.27913,40.44221],[-74.27708,40.44483],[-74.27624,40.44412],[-74.27313,40.44304],[-74.27179,40.4467],[-74.27309,40.44984],[-74.27121,40.45101],[-74.2675,40.44441],[-74.26552,40.44245],[-74.2556,40.43685],[-74.24748,40.43153],[-74.24268,40.42948],[-74.23754,40.42919],[-74.23,40.42769],[-74.22648,40.42722],[-74.22339,40.42597],[-74.22141,40.42963],[-74.21703,40.4334],[-74.21185,40.42261],[-74.21206,40.42166],[-74.20943,40.4134],[-74.20905,40.40503],[-74.20787,40.39911],[-74.20856,40.39262],[-74.20777,40.38998],[-74.20881,40.38183],[-74.21945,40.38583],[-74.22687,40.38575],[-74.22964,40.38654],[-74.23113,40.38989],[-74.24556,40.39313],[-74.26207,40.39537],[-74.26769,40.39101],[-74.27207,40.39108],[-74.27698,40.39331],[-74.28032,40.39371],[-74.28187,40.40052],[-74.28599,40.3982],[-74.28709,40.40165],[-74.29022,40.40308],[-74.29039,40.40421],[-74.29593,40.40317],[-74.29494,40.40755],[-74.29293,40.40601],[-74.28705,40.40583],[-74.28647,40.40691],[-74.28819,40.4091],[-74.29445,40.40882],[-74.29522,40.4106],[-74.29443,40.41401],[-74.30489,40.41549],[-74.30395,40.4224],[-74.29962,40.4239],[-74.29785,40.42679],[-74.29521,40.42674],[-74.29579,40.42955],[-74.29373,40.42756],[-74.28625,40.42729]]]}},{"type":"Feature","properties":{"zcta":"07103","d":6761},"geometry":{"type":"Polygon","coordinates":[[[-74.20731,40.74928],[-74.20446,40.74892],[-74.20217,40.75065],[-74.19814,40.74951],[-74.20028,40.74527],[-74.19692,40.74391],[-74.19123,40.74261],[-74.18823,40.74805],[-74.18605,40.74731],[-74.18614,40.74921],[-74.18432,40.75113],[-74.17357,40.74795],[-74.17599,40.74742],[-74.17617,40.74286],[-74.17906,40.73771],[-74.18179,40.73963],[-74.18258,40.73798],[-74.17941,40.73701],[-74.18274,40.73578],[-74.18196,40.7304],[-74.18314,40.73068],[-74.18434,40.7276],[-74.20377,40.73179],[-74.2061,40.72708],[-74.21508,40.72905],[-74.21339,40.73389],[-74.21146,40.73764],[-74.20958,40.74299],[-74.21127,40.74266],[-74.20731,40.74928]]]}},{"type":"Feature","properties":{"zcta":"08730","d":1589},"geometry":{"type":"Polygon","coordinates":[[[-74.07913,40.10161],[-74.07234,40.10926],[-74.07083,40.1135],[-74.06543,40.11565],[-74.06198,40.12069],[-74.05979,40.12036],[-74.05545,40.11774],[-74.05003,40.11569],[-74.04682,40.11383],[-74.04626,40.11146],[-74.04459,40.11087],[-74.04285,40.10662],[-74.03864,40.10446],[-74.04052,40.10404],[-74.04572,40.1053],[-74.05127,40.10344],[-74.05609,40.10084],[-74.05758,40.09731],[-74.06111,40.09643],[-74.06209,40.09473],[-74.07025,40.08941],[-74.07237,40.08938],[-74.07509,40.09153],[-74.07792,40.09254],[-74.08351,40.09556],[-74.08555,40.09757],[-74.08606,40.09817],[-74.07913,40.10161]]]}},{"type":"Feature","properties":{"zcta":"07458","d":566},"geometry":{"type":"Polygon","coordinates":[[[-74.1148,41.07258],[-74.1128,41.07998],[-74.10704,41.07864],[-74.10398,41.08705],[-74.07358,41.07358],[-74.07182,41.0728],[-74.07656,41.06371],[-74.07895,41.05515],[-74.07975,41.04855],[-74.08322,41.04936],[-74.08446,41.04787],[-74.08171,41.04717],[-74.08423,41.04195],[-74.07458,41.0391],[-74.07511,41.03579],[-74.07486,41.02561],[-74.07805,41.02376],[-74.0812,41.02455],[-74.08272,41.02117],[-74.07956,41.02033],[-74.08141,41.01626],[-74.07604,41.01436],[-74.07731,41.00448],[-74.08466,41.00517],[-74.09375,41.0053],[-74.09719,41.00929],[-74.09635,41.01198],[-74.10536,41.01103],[-74.10471,41.01526],[-74.10938,41.01594],[-74.10881,41.0186],[-74.11132,41.0173],[-74.11413,41.01766],[-74.11562,41.01898],[-74.12075,41.02008],[-74.12002,41.0242],[-74.11563,41.02867],[-74.11494,41.03389],[-74.11461,41.04346],[-74.11451,41.04553],[-74.12245,41.04837],[-74.12137,41.05201],[-74.12332,41.05274],[-74.12356,41.05528],[-74.11771,41.05302],[-74.12103,41.05899],[-74.12408,41.05994],[-74.12236,41.06101],[-74.12022,41.06968],[-74.11573,41.06819],[-74.11573,41.07274],[-74.1148,41.07258]]]}},{"type":"Feature","properties":{"zcta":"11427","d":7369},"geometry":{"type":"Polygon","coordinates":[[[-73.75999,40.72588],[-73.75678,40.72631],[-73.76226,40.72961],[-73.76555,40.73254],[-73.7637,40.73286],[-73.74654,40.73578],[-73.74674,40.73258],[-73.74306,40.73547],[-73.73835,40.74034],[-73.7327,40.74385],[-73.73232,40.74365],[-73.72751,40.74069],[-73.72611,40.73638],[-73.72821,40.73306],[-73.73128,40.73271],[-73.73169,40.72905],[-73.73408,40.72803],[-73.73871,40.72909],[-73.73931,40.72817],[-73.75233,40.72026],[-73.75764,40.71797],[-73.76,40.72176],[-73.7648,40.72468],[-73.76624,40.7264],[-73.75999,40.72588]]]}},{"type":"Feature","properties":{"zcta":"10510","d":501},"geometry":{"type":"Polygon","coordinates":[[[-73.86788,41.14175],[-73.86373,41.14451],[-73.86432,41.14192],[-73.86258,41.14195],[-73.86285,41.13891],[-73.86174,41.13946],[-73.86086,41.14562],[-73.85708,41.14515],[-73.85716,41.14991],[-73.8588,41.15129],[-73.85252,41.15979],[-73.85016,41.16155],[-73.84743,41.16487],[-73.84167,41.16155],[-73.83566,41.16223],[-73.83664,41.16668],[-73.83185,41.16606],[-73.8298,41.1649],[-73.83331,41.16194],[-73.83186,41.16138],[-73.83092,41.16318],[-73.82425,41.16416],[-73.82083,41.16677],[-73.81582,41.17289],[-73.81319,41.17694],[-73.81421,41.17707],[-73.81244,41.18216],[-73.80896,41.18314],[-73.80712,41.18516],[-73.80743,41.18012],[-73.81207,41.17315],[-73.81271,41.1714],[-73.7931,41.16211],[-73.79466,41.16156],[-73.79745,41.16291],[-73.80372,41.15928],[-73.8083,41.15836],[-73.79951,41.14987],[-73.80345,41.1495],[-73.80255,41.14755],[-73.79843,41.14651],[-73.7959,41.14945],[-73.79241,41.15046],[-73.79307,41.14666],[-73.79496,41.14563],[-73.79264,41.14354],[-73.79746,41.13972],[-73.80232,41.1347],[-73.80441,41.13547],[-73.80958,41.13544],[-73.81113,41.13382],[-73.81116,41.13139],[-73.81331,41.13046],[-73.81569,41.13553],[-73.81787,41.13524],[-73.81823,41.13336],[-73.82243,41.12665],[-73.82502,41.12527],[-73.82624,41.12257],[-73.82877,41.12057],[-73.83225,41.1237],[-73.83347,41.12069],[-73.83459,41.1206],[-73.83847,41.11453],[-73.84144,41.1128],[-73.84482,41.10852],[-73.84736,41.10793],[-73.85162,41.10831],[-73.85831,41.11036],[-73.85846,41.11272],[-73.86049,41.11801],[-73.86349,41.11766],[-73.86371,41.11429],[-73.86039,41.11307],[-73.86179,41.11045],[-73.86827,41.11074],[-73.86929,41.11715],[-73.86777,41.12242],[-73.86768,41.13035],[-73.86637,41.13561],[-73.86703,41.13958],[-73.86788,41.14175]]]}},{"type":"Feature","properties":{"zcta":"10986","d":90},"geometry":{"type":"Polygon","coordinates":[[[-74.00983,41.3047],[-74.00891,41.30338],[-74.0064,41.30315],[-74.00005,41.30573],[-73.99452,41.30333],[-73.9916,41.3003],[-73.99129,41.29545],[-73.98789,41.2977],[-73.98696,41.29927],[-73.98367,41.30164],[-73.98446,41.30354],[-73.98256,41.30353],[-73.98198,41.30774],[-73.97983,41.30804],[-73.97833,41.31009],[-73.97299,41.30466],[-73.97211,41.30193],[-73.96921,41.30114],[-73.96981,41.29924],[-73.97407,41.29964],[-73.96938,41.29679],[-73.96141,41.29393],[-73.95544,41.29007],[-73.95468,41.2882],[-73.95553,41.28584],[-73.96066,41.2808],[-73.96711,41.27909],[-73.97016,41.2777],[-73.97295,41.27316],[-73.97498,41.26873],[-73.97855,41.26355],[-73.97879,41.26082],[-73.97775,41.26005],[-73.97924,41.2542],[-73.97642,41.24384],[-73.97663,41.24104],[-73.98054,41.24037],[-73.9839,41.24218],[-73.98554,41.24208],[-73.98784,41.24681],[-73.99272,41.24881],[-73.99354,41.25149],[-73.99977,41.25429],[-74.00396,41.25465],[-74.00253,41.25594],[-74.01159,41.26135],[-74.01345,41.25841],[-74.017,41.26069],[-74.01959,41.26505],[-74.02249,41.26697],[-74.02202,41.26957],[-74.02612,41.27219],[-74.03076,41.27404],[-74.03075,41.27668],[-74.02947,41.2804],[-74.02616,41.28645],[-74.02531,41.28951],[-74.02651,41.29294],[-74.00983,41.3047]]]}},{"type":"Feature","properties":{"zcta":"11693","d":5807},"geometry":{"type":"MultiPolygon","coordinates":[[[[-73.81737,40.58926],[-73.81003,40.59219],[-73.80966,40.59356],[-73.80535,40.59171],[-73.80802,40.59362],[-73.80712,40.59527],[-73.80494,40.5951],[-73.80244,40.59264],[-73.80314,40.59066],[-73.80533,40.59052],[-73.80402,40.5865],[-73.80143,40.58566],[-73.80683,40.58462],[-73.81552,40.58236],[-73.81817,40.58307],[-73.81981,40.58495],[-73.81913,40.58805],[-73.81737,40.58926]]],[[[-73.82948,40.59813],[-73.82834,40.59765],[-73.82605,40.59946],[-73.8243,40.59833],[-73.82441,40.60034],[-73.82294,40.60258],[-73.82248,40.60558],[-73.82003,40.60892],[-73.81995,40.61101],[-73.82163,40.6085],[-73.8241,40.61232],[-73.82094,40.61524],[-73.81757,40.61416],[-73.81416,40.61465],[-73.81616,40.61294],[-73.81477,40.60885],[-73.81725,40.60394],[-73.81849,40.59939],[-73.82071,40.59517],[-73.83233,40.59462],[-73.83485,40.59554],[-73.8342,40.59666],[-73.82948,40.59813]]]]}},{"type":"Feature","properties":{"zcta":"11971","d":290},"geometry":{"type":"Polygon","coordinates":[[[-72.45925,41.06636],[-72.44524,41.08612],[-72.41794,41.08796],[-72.40304,41.0939],[-72.39916,41.08788],[-72.39144,41.08843],[-72.39299,41.08244],[-72.38699,41.08188],[-72.38688,41.07959],[-72.39105,41.07776],[-72.39713,41.07586],[-72.4001,41.07557],[-72.40354,41.07292],[-72.40347,41.07176],[-72.40708,41.06674],[-72.41073,41.06477],[-72.41454,41.05872],[-72.41585,41.05393],[-72.41432,41.05196],[-72.40801,41.05151],[-72.40478,41.05188],[-72.39555,41.04855],[-72.3898,41.04805],[-72.38343,41.04932],[-72.38673,41.04561],[-72.38833,41.04265],[-72.38927,41.03893],[-72.38692,41.03524],[-72.38667,41.032],[-72.39066,41.02978],[-72.3974,41.02938],[-72.40306,41.02975],[-72.42406,41.03315],[-72.42556,41.03421],[-72.42807,41.03319],[-72.43068,41.03381],[-72.4331,41.03559],[-72.43614,41.03565],[-72.43936,41.03325],[-72.44315,41.03269],[-72.44846,41.04098],[-72.45203,41.04333],[-72.45446,41.04097],[-72.45884,41.04463],[-72.45718,41.04614],[-72.45941,41.04813],[-72.44478,41.05837],[-72.44632,41.05908],[-72.44844,41.05723],[-72.45145,41.05613],[-72.45616,41.05246],[-72.46285,41.04795],[-72.4676,41.04994],[-72.47018,41.05018],[-72.47454,41.05438],[-72.45925,41.06636]]]}},{"type":"Feature","properties":{"zcta":"08758","d":360},"geometry":{"type":"Polygon","coordinates":[[[-74.33141,39.82894],[-74.25011,39.79827],[-74.24768,39.80035],[-74.24258,39.80332],[-74.24064,39.80249],[-74.23707,39.80382],[-74.23495,39.80309],[-74.22808,39.8043],[-74.22587,39.8032],[-74.22259,39.80614],[-74.21867,39.80609],[-74.21862,39.80905],[-74.21159,39.80912],[-74.21012,39.81016],[-74.20742,39.80943],[-74.20168,39.81144],[-74.19736,39.81123],[-74.19091,39.80974],[-74.18711,39.8103],[-74.17908,39.80933],[-74.17535,39.80962],[-74.17049,39.81118],[-74.16315,39.80964],[-74.16764,39.80322],[-74.17466,39.79681],[-74.17637,39.79238],[-74.17965,39.78081],[-74.17941,39.77418],[-74.1805,39.77034],[-74.18455,39.76609],[-74.18709,39.7624],[-74.19286,39.76437],[-74.18927,39.76971],[-74.19453,39.77275],[-74.19863,39.77721],[-74.20283,39.77148],[-74.20754,39.77343],[-74.20972,39.77198],[-74.2198,39.77648],[-74.23315,39.77816],[-74.23717,39.77545],[-74.24102,39.77483],[-74.25434,39.7762],[-74.26343,39.77494],[-74.27669,39.7721],[-74.28375,39.77447],[-74.28789,39.77465],[-74.28968,39.776],[-74.29171,39.77974],[-74.2934,39.78139],[-74.30195,39.783],[-74.3004,39.78564],[-74.30102,39.79352],[-74.31352,39.79157],[-74.32159,39.78785],[-74.32537,39.79227],[-74.32827,39.79649],[-74.33581,39.80643],[-74.33741,39.80918],[-74.33589,39.81442],[-74.34337,39.82814],[-74.33141,39.82894]]]}},{"type":"Feature","properties":{"zcta":"11433","d":11033},"geometry":{"type":"Polygon","coordinates":[[[-73.79842,40.70274],[-73.79677,40.70051],[-73.79934,40.69929],[-73.79754,40.6982],[-73.79358,40.69976],[-73.79464,40.70124],[-73.79237,40.70212],[-73.79379,40.70403],[-73.79609,40.70329],[-73.79664,40.70408],[-73.79396,40.70583],[-73.79285,40.70442],[-73.79069,40.70509],[-73.78957,40.70722],[-73.77968,40.7086],[-73.77873,40.70734],[-73.77678,40.70782],[-73.77563,40.70535],[-73.77212,40.6987],[-73.7699,40.69636],[-73.77731,40.69225],[-73.77784,40.69432],[-73.78169,40.69232],[-73.78078,40.69103],[-73.78644,40.68878],[-73.7937,40.68681],[-73.79975,40.69335],[-73.80413,40.70146],[-73.79842,40.70274]]]}},{"type":"Feature","properties":{"zcta":"10026","d":51807},"geometry":{"type":"Polygon","coordinates":[[[-73.95724,40.8094],[-73.95781,40.81126],[-73.95497,40.81006],[-73.95681,40.80755],[-73.95397,40.80718],[-73.95037,40.80525],[-73.94467,40.80313],[-73.94646,40.80067],[-73.94922,40.79691],[-73.9578,40.80048],[-73.95862,40.79998],[-73.96108,40.8018],[-73.95936,40.80612],[-73.95724,40.8094]]]}},{"type":"Feature","properties":{"zcta":"11570","d":3884},"geometry":{"type":"Polygon","coordinates":[[[-73.63036,40.68879],[-73.62457,40.68707],[-73.62683,40.68302],[-73.63121,40.67927],[-73.6286,40.67781],[-73.63098,40.6724],[-73.62696,40.67133],[-73.62477,40.67982],[-73.61988,40.68036],[-73.62047,40.6744],[-73.62167,40.66849],[-73.61833,40.66815],[-73.61856,40.6649],[-73.61759,40.6624],[-73.6186,40.66037],[-73.62039,40.65992],[-73.62276,40.65743],[-73.63153,40.65323],[-73.63471,40.65387],[-73.63825,40.64728],[-73.64821,40.64722],[-73.65254,40.64824],[-73.65492,40.6475],[-73.65687,40.64986],[-73.65613,40.65139],[-73.65569,40.65534],[-73.6576,40.65599],[-73.65689,40.65914],[-73.65868,40.66242],[-73.65742,40.66294],[-73.65933,40.66571],[-73.65939,40.6675],[-73.65819,40.66798],[-73.66014,40.6711],[-73.65831,40.67151],[-73.65875,40.67325],[-73.65351,40.67381],[-73.65293,40.67554],[-73.64573,40.67144],[-73.64358,40.67147],[-73.64073,40.67453],[-73.63652,40.68142],[-73.63324,40.68817],[-73.63277,40.69003],[-73.63036,40.68879]]]}},{"type":"Feature","properties":{"zcta":"10520","d":464},"geometry":{"type":"Polygon","coordinates":[[[-73.932,41.23342],[-73.92837,41.23503],[-73.92218,41.23987],[-73.92109,41.24192],[-73.92125,41.24464],[-73.92666,41.25055],[-73.92829,41.25308],[-73.92601,41.25601],[-73.92219,41.25894],[-73.91992,41.25983],[-73.9193,41.26162],[-73.91589,41.25969],[-73.91233,41.25544],[-73.91177,41.25118],[-73.91366,41.24872],[-73.91733,41.24948],[-73.91771,41.24851],[-73.91413,41.24621],[-73.91164,41.24817],[-73.90938,41.24552],[-73.91267,41.24246],[-73.90969,41.24107],[-73.90783,41.24361],[-73.90797,41.24032],[-73.90283,41.23689],[-73.89938,41.23746],[-73.89722,41.23538],[-73.89565,41.23561],[-73.88756,41.24018],[-73.885,41.24279],[-73.88371,41.24247],[-73.87888,41.24456],[-73.87534,41.24485],[-73.87307,41.24723],[-73.87204,41.24647],[-73.86911,41.24937],[-73.86601,41.24822],[-73.86179,41.25142],[-73.85026,41.24108],[-73.85149,41.24682],[-73.85196,41.25167],[-73.85046,41.25344],[-73.8472,41.25337],[-73.84336,41.23231],[-73.82143,41.23939],[-73.82139,41.23763],[-73.81798,41.2374],[-73.81856,41.23322],[-73.81799,41.23122],[-73.81372,41.22387],[-73.8126,41.22123],[-73.81531,41.21994],[-73.81613,41.21631],[-73.82063,41.21628],[-73.82057,41.2133],[-73.81862,41.21329],[-73.82217,41.21131],[-73.82494,41.21206],[-73.83006,41.21074],[-73.83204,41.20912],[-73.83682,41.20772],[-73.83916,41.20855],[-73.83884,41.20671],[-73.84438,41.2054],[-73.84376,41.20251],[-73.86576,41.2004],[-73.86775,41.19795],[-73.8717,41.19988],[-73.87101,41.19762],[-73.87209,41.19595],[-73.87181,41.19155],[-73.87424,41.18734],[-73.87622,41.18521],[-73.87463,41.1798],[-73.87563,41.17726],[-73.87522,41.17496],[-73.87982,41.1841],[-73.88053,41.18468],[-73.88591,41.1846],[-73.88828,41.18526],[-73.88549,41.18224],[-73.89132,41.17824],[-73.89438,41.175],[-73.8966,41.17435],[-73.89855,41.16838],[-73.89946,41.16978],[-73.89981,41.17535],[-73.89835,41.17904],[-73.90117,41.18167],[-73.90141,41.18711],[-73.89678,41.18546],[-73.89409,41.1872],[-73.88977,41.19186],[-73.89006,41.19279],[-73.88827,41.19846],[-73.88955,41.20135],[-73.89238,41.20256],[-73.89164,41.20386],[-73.8937,41.20548],[-73.89852,41.20733],[-73.90932,41.21368],[-73.91477,41.2194],[-73.92463,41.22658],[-73.92687,41.22588],[-73.92671,41.22808],[-73.93051,41.23158],[-73.93041,41.23319],[-73.93771,41.23249],[-73.94036,41.23306],[-73.932,41.23342]]]}},{"type":"Feature","properties":{"zcta":"11763","d":1136},"geometry":{"type":"Polygon","coordinates":[[[-73.02111,40.83015],[-73.00666,40.82855],[-73.00786,40.84027],[-73.00604,40.84158],[-73.00115,40.84416],[-72.99719,40.84712],[-72.99579,40.84725],[-72.99594,40.85064],[-72.99378,40.85124],[-72.99374,40.86106],[-72.98889,40.86093],[-72.98906,40.86258],[-72.98415,40.86075],[-72.9797,40.85484],[-72.9802,40.85907],[-72.978,40.85953],[-72.97701,40.86188],[-72.97509,40.86241],[-72.97526,40.86895],[-72.97017,40.86956],[-72.96906,40.86053],[-72.96116,40.86118],[-72.96193,40.85883],[-72.96101,40.85638],[-72.96215,40.85193],[-72.95725,40.85117],[-72.95233,40.85112],[-72.95256,40.85469],[-72.94807,40.85424],[-72.94722,40.85104],[-72.94657,40.84622],[-72.95192,40.84599],[-72.95579,40.84138],[-72.95445,40.84111],[-72.95217,40.83703],[-72.95321,40.83379],[-72.95247,40.82696],[-72.93786,40.82962],[-72.94245,40.82231],[-72.95725,40.821],[-72.9549,40.81327],[-72.95227,40.81184],[-72.95386,40.80979],[-72.95027,40.79797],[-72.9595,40.7973],[-72.99328,40.79517],[-72.99345,40.79629],[-73.01048,40.79401],[-73.01339,40.79609],[-73.01733,40.79538],[-73.01798,40.80168],[-73.02114,40.8015],[-73.02158,40.81035],[-73.01969,40.81044],[-73.02023,40.81619],[-73.02027,40.82414],[-73.02111,40.83015]]]}},{"type":"Feature","properties":{"zcta":"11211","d":13923},"geometry":{"type":"Polygon","coordinates":[[[-73.95165,40.72349],[-73.95018,40.71901],[-73.94842,40.71846],[-73.94055,40.719],[-73.94038,40.71809],[-73.93561,40.71922],[-73.9365,40.72125],[-73.93559,40.72299],[-73.92717,40.72523],[-73.92418,40.72002],[-73.92271,40.71648],[-73.9348,40.71337],[-73.93832,40.71252],[-73.93721,40.7101],[-73.9402,40.70982],[-73.94069,40.71196],[-73.94216,40.71143],[-73.95105,40.71057],[-73.95024,40.70547],[-73.95253,40.70498],[-73.95746,40.70082],[-73.96485,40.70745],[-73.96387,40.7103],[-73.96129,40.7145],[-73.95475,40.7206],[-73.95165,40.72349]]]}},{"type":"Feature","properties":{"zcta":"11959","d":0},"geometry":{"type":"Polygon","coordinates":[[[-72.57317,40.81538],[-72.58362,40.81307],[-72.59218,40.81032],[-72.59624,40.80833],[-72.60884,40.8053],[-72.61496,40.80321],[-72.61541,40.80413],[-72.62229,40.80839],[-72.62289,40.81636],[-72.61865,40.82278],[-72.61751,40.83108],[-72.61757,40.83347],[-72.6408,40.8315],[-72.64547,40.83095],[-72.64676,40.83208],[-72.64536,40.84592],[-72.64595,40.85839],[-72.64107,40.85354],[-72.63576,40.85145],[-72.63054,40.85046],[-72.62603,40.85181],[-72.61872,40.85792],[-72.61861,40.85363],[-72.61649,40.85068],[-72.6172,40.85028],[-72.61482,40.84464],[-72.61355,40.83659],[-72.60668,40.83792],[-72.60306,40.84064],[-72.59874,40.84237],[-72.59316,40.8408],[-72.59083,40.83769],[-72.58279,40.83308],[-72.5676,40.81705],[-72.57317,40.81538]]]}},{"type":"Feature","properties":{"zcta":"08848","d":126},"geometry":{"type":"Polygon","coordinates":[[[-75.06742,40.6259],[-75.06285,40.62798],[-75.05818,40.63179],[-75.05205,40.63353],[-75.05024,40.63208],[-75.04588,40.63111],[-75.03755,40.6237],[-75.03562,40.62493],[-75.03528,40.62364],[-75.03111,40.62318],[-75.02916,40.62535],[-75.02771,40.62357],[-75.02377,40.62504],[-75.01841,40.62241],[-75.01937,40.62514],[-75.01698,40.62642],[-75.01329,40.62645],[-75.00941,40.62856],[-75.00833,40.62669],[-75.00567,40.62537],[-75.01266,40.61737],[-75.01073,40.61653],[-75.00427,40.61674],[-75.0055,40.61554],[-75.01372,40.6133],[-75.01235,40.60958],[-75.0151,40.60254],[-75.00741,40.59784],[-75.0084,40.59713],[-75.00955,40.59216],[-75.00944,40.5891],[-75.01369,40.58973],[-75.01503,40.59541],[-75.01934,40.6001],[-75.02059,40.59628],[-75.02052,40.59324],[-75.02398,40.59086],[-75.02463,40.58943],[-75.02812,40.58716],[-75.03175,40.58356],[-75.03449,40.58237],[-75.03898,40.57925],[-75.04148,40.57312],[-75.04983,40.57791],[-75.05058,40.58007],[-75.05121,40.57602],[-75.0547,40.57124],[-75.05217,40.56314],[-75.05448,40.56275],[-75.05926,40.56022],[-75.05747,40.5568],[-75.06025,40.55444],[-75.0581,40.54977],[-75.06094,40.54462],[-75.06436,40.54473],[-75.06672,40.54855],[-75.0688,40.54813],[-75.06353,40.53994],[-75.06314,40.53706],[-75.0664,40.53652],[-75.06861,40.54222],[-75.0785,40.5483],[-75.0957,40.5644],[-75.10032,40.56781],[-75.1109,40.57067],[-75.11729,40.57321],[-75.13675,40.57573],[-75.14191,40.57527],[-75.14737,40.57315],[-75.15845,40.56529],[-75.16287,40.5641],[-75.16861,40.56411],[-75.17531,40.565],[-75.18315,40.56735],[-75.18674,40.56941],[-75.19235,40.57426],[-75.19405,40.57626],[-75.19511,40.57969],[-75.19466,40.58194],[-75.1908,40.58684],[-75.19037,40.59164],[-75.1875,40.59282],[-75.18549,40.59228],[-75.1837,40.59379],[-75.18099,40.5942],[-75.18089,40.59719],[-75.17489,40.59893],[-75.17369,40.60321],[-75.17209,40.60525],[-75.16904,40.60629],[-75.16574,40.61032],[-75.16306,40.61097],[-75.1615,40.6148],[-75.16231,40.61708],[-75.1612,40.6182],[-75.15677,40.61972],[-75.15442,40.62169],[-75.14967,40.6205],[-75.14761,40.62334],[-75.14818,40.62569],[-75.14531,40.62898],[-75.13633,40.63015],[-75.1382,40.62608],[-75.14429,40.62539],[-75.15257,40.61371],[-75.14976,40.61427],[-75.14941,40.61149],[-75.13685,40.61132],[-75.12223,40.61795],[-75.12046,40.61765],[-75.11811,40.62047],[-75.1142,40.6214],[-75.10768,40.62394],[-75.10742,40.62285],[-75.10381,40.62346],[-75.09975,40.62583],[-75.09835,40.62515],[-75.09564,40.62634],[-75.09188,40.62455],[-75.08846,40.62513],[-75.08752,40.62623],[-75.08349,40.62757],[-75.07592,40.62733],[-75.07009,40.62925],[-75.06742,40.6259]]]}},{"type":"Feature","properties":{"zcta":"08852","d":665},"geometry":{"type":"Polygon","coordinates":[[[-74.57459,40.40079],[-74.5712,40.40118],[-74.57204,40.40697],[-74.5652,40.40807],[-74.5599,40.40817],[-74.55926,40.40919],[-74.5603,40.4143],[-74.55847,40.4153],[-74.55751,40.41301],[-74.55344,40.41623],[-74.55336,40.41503],[-74.54789,40.41527],[-74.54247,40.42047],[-74.54013,40.41601],[-74.53751,40.41416],[-74.52008,40.42836],[-74.51227,40.41803],[-74.51784,40.40945],[-74.51457,40.41345],[-74.51375,40.41268],[-74.5079,40.41482],[-74.50751,40.41586],[-74.50233,40.41613],[-74.50607,40.41125],[-74.50281,40.41346],[-74.50261,40.41508],[-74.50033,40.41244],[-74.50113,40.41046],[-74.50778,40.40602],[-74.50494,40.40374],[-74.49864,40.40112],[-74.48795,40.40357],[-74.48301,40.40325],[-74.47856,40.40434],[-74.47748,40.40373],[-74.48792,40.3951],[-74.49312,40.39723],[-74.49877,40.39789],[-74.50443,40.39302],[-74.50559,40.39168],[-74.50627,40.39372],[-74.50877,40.39459],[-74.51112,40.3936],[-74.51571,40.39418],[-74.51731,40.39522],[-74.51866,40.39265],[-74.51557,40.39049],[-74.53144,40.38251],[-74.52931,40.37927],[-74.52656,40.37765],[-74.52397,40.37732],[-74.52711,40.37469],[-74.51784,40.37178],[-74.52554,40.37067],[-74.53112,40.36933],[-74.5372,40.36395],[-74.53112,40.3652],[-74.52627,40.3645],[-74.52998,40.36225],[-74.52975,40.36037],[-74.53381,40.36067],[-74.54171,40.35995],[-74.55082,40.35864],[-74.55135,40.35765],[-74.56068,40.35877],[-74.5659,40.36184],[-74.57328,40.36337],[-74.57792,40.36066],[-74.58063,40.35773],[-74.58934,40.35809],[-74.59339,40.35881],[-74.59259,40.36597],[-74.58427,40.36774],[-74.5844,40.36943],[-74.5876,40.37295],[-74.5844,40.37568],[-74.58568,40.37706],[-74.58354,40.38013],[-74.57841,40.38052],[-74.57792,40.38225],[-74.57989,40.38848],[-74.5783,40.39347],[-74.57856,40.39515],[-74.57459,40.40079]]]}},{"type":"Feature","properties":{"zcta":"08853","d":249},"geometry":{"type":"Polygon","coordinates":[[[-74.77513,40.53028],[-74.77842,40.53261],[-74.77857,40.53272],[-74.75816,40.54087],[-74.76232,40.54506],[-74.76743,40.54702],[-74.76349,40.54963],[-74.76217,40.55404],[-74.75919,40.55612],[-74.75328,40.55314],[-74.75111,40.54934],[-74.74584,40.54904],[-74.74308,40.55326],[-74.74128,40.55246],[-74.73652,40.55461],[-74.73349,40.55501],[-74.72871,40.55413],[-74.72687,40.55469],[-74.72523,40.55277],[-74.72091,40.55431],[-74.7191,40.55012],[-74.71655,40.55118],[-74.71476,40.55399],[-74.71177,40.55292],[-74.70894,40.55349],[-74.70622,40.55284],[-74.70126,40.55381],[-74.6995,40.54981],[-74.69995,40.54846],[-74.69617,40.54671],[-74.69827,40.54231],[-74.70275,40.53974],[-74.70906,40.53769],[-74.70958,40.53584],[-74.70604,40.53386],[-74.70533,40.53162],[-74.70768,40.53063],[-74.70698,40.52713],[-74.70357,40.52475],[-74.70421,40.52099],[-74.70539,40.52002],[-74.7125,40.51743],[-74.72126,40.518],[-74.72444,40.52004],[-74.72686,40.52066],[-74.72933,40.51699],[-74.72907,40.51383],[-74.72549,40.50647],[-74.72899,40.50356],[-74.73694,40.50201],[-74.74188,40.50193],[-74.74681,40.50281],[-74.74792,40.50491],[-74.75164,40.50558],[-74.7541,40.50702],[-74.76188,40.50511],[-74.76573,40.50459],[-74.76763,40.50341],[-74.77534,40.50455],[-74.7766,40.50328],[-74.78139,40.505],[-74.78454,40.50787],[-74.7849,40.50985],[-74.78857,40.51238],[-74.78533,40.51446],[-74.78802,40.51636],[-74.79187,40.51793],[-74.79146,40.51897],[-74.78416,40.52267],[-74.78188,40.52478],[-74.77281,40.52535],[-74.77217,40.52136],[-74.7684,40.52766],[-74.77142,40.52884],[-74.77513,40.53028]]]}},{"type":"Feature","properties":{"zcta":"08858","d":0},"geometry":{"type":"Polygon","coordinates":[[[-74.7227,40.67009],[-74.72493,40.66793],[-74.73078,40.66556],[-74.729,40.66069],[-74.73169,40.66046],[-74.74268,40.66433],[-74.74417,40.66656],[-74.74613,40.66727],[-74.74543,40.66875],[-74.74753,40.66994],[-74.74924,40.6727],[-74.74972,40.67854],[-74.7528,40.68371],[-74.7518,40.68842],[-74.74766,40.69279],[-74.74292,40.6923],[-74.74374,40.69653],[-74.7448,40.69755],[-74.73417,40.69973],[-74.73337,40.69334],[-74.73249,40.69272],[-74.73583,40.68871],[-74.73073,40.6862],[-74.73266,40.68403],[-74.73018,40.68258],[-74.72929,40.68347],[-74.72527,40.68375],[-74.72243,40.6822],[-74.72084,40.67927],[-74.7227,40.67009]]]}},{"type":"Feature","properties":{"zcta":"08867","d":88},"geometry":{"type":"MultiPolygon","coordinates":[[[[-75.03898,40.57925],[-75.03449,40.58237],[-75.03175,40.58356],[-75.02812,40.58716],[-75.02463,40.58943],[-75.02398,40.59086],[-75.02052,40.59324],[-75.02059,40.59628],[-75.01934,40.6001],[-75.01503,40.59541],[-75.01369,40.58973],[-75.00944,40.5891],[-75.00955,40.59216],[-75.0084,40.59713],[-75.00741,40.59784],[-75.00723,40.59888],[-75.0041,40.59906],[-74.99895,40.60753],[-74.99038,40.60803],[-74.98676,40.61133],[-74.98522,40.61009],[-74.97988,40.61259],[-74.97876,40.61159],[-74.97489,40.61226],[-74.97087,40.61207],[-74.96621,40.61425],[-74.96442,40.61951],[-74.96591,40.62248],[-74.9632,40.62344],[-74.95738,40.6223],[-74.95379,40.625],[-74.95475,40.6259],[-74.95936,40.62595],[-74.96232,40.62502],[-74.96269,40.62638],[-74.96004,40.62762],[-74.95979,40.63441],[-74.95861,40.63562],[-74.9488,40.6337],[-74.94608,40.63358],[-74.9466,40.63304],[-74.94587,40.62818],[-74.94327,40.62862],[-74.94049,40.6251],[-74.93781,40.62573],[-74.93671,40.62201],[-74.93259,40.6187],[-74.93465,40.61656],[-74.93155,40.61491],[-74.93129,40.60858],[-74.925,40.60875],[-74.92333,40.60711],[-74.91774,40.60764],[-74.9168,40.60695],[-74.91984,40.60106],[-74.92308,40.59942],[-74.92027,40.59911],[-74.91349,40.58762],[-74.91518,40.5862],[-74.91397,40.58345],[-74.91392,40.57994],[-74.91366,40.57691],[-74.91072,40.57428],[-74.90939,40.57093],[-74.92532,40.56233],[-74.92622,40.56292],[-74.92715,40.57004],[-74.92687,40.57248],[-74.9302,40.57493],[-74.93578,40.5721],[-74.93534,40.56773],[-74.93604,40.56485],[-74.94157,40.56556],[-74.94563,40.56687],[-74.94689,40.56493],[-74.95113,40.56634],[-74.95015,40.5578],[-74.94859,40.54819],[-74.94652,40.54836],[-74.94614,40.54614],[-74.93869,40.54681],[-74.93848,40.54553],[-74.93439,40.54544],[-74.92668,40.54139],[-74.92719,40.53306],[-74.92838,40.53022],[-74.92104,40.53052],[-74.92008,40.52357],[-74.92454,40.52326],[-74.92765,40.51826],[-74.92957,40.5172],[-74.93222,40.51386],[-74.93645,40.51939],[-74.94194,40.51572],[-74.9422,40.5146],[-74.9452,40.51368],[-74.94767,40.51122],[-74.95019,40.52675],[-74.95351,40.52721],[-74.95964,40.52604],[-74.96107,40.52669],[-74.9682,40.52592],[-74.97184,40.53063],[-74.97339,40.52763],[-74.9755,40.52847],[-74.98303,40.52963],[-74.98261,40.53343],[-74.9843,40.53321],[-74.98968,40.54606],[-74.98974,40.54976],[-75.00358,40.55432],[-74.99887,40.55637],[-75.00016,40.55845],[-75.00361,40.55818],[-75.00759,40.55904],[-75.01295,40.55793],[-75.01619,40.56162],[-75.02465,40.55638],[-75.0315,40.56293],[-75.0319,40.56397],[-75.02781,40.5652],[-75.03225,40.57036],[-75.03695,40.57286],[-75.04148,40.57312],[-75.03898,40.57925]]],[[[-75.04443,40.56989],[-75.04799,40.56952],[-75.0547,40.57124],[-75.05121,40.57602],[-75.05058,40.58007],[-75.04983,40.57791],[-75.04148,40.57312],[-75.04443,40.56989]]]]}},{"type":"Feature","properties":{"zcta":"08882","d":2936},"geometry":{"type":"Polygon","coordinates":[[[-74.38609,40.45952],[-74.38121,40.45782],[-74.37854,40.46112],[-74.37565,40.4611],[-74.37849,40.45331],[-74.3765,40.45136],[-74.375,40.45161],[-74.37583,40.45528],[-74.37156,40.4562],[-74.37142,40.45194],[-74.36974,40.44853],[-74.36829,40.44751],[-74.36349,40.44641],[-74.35999,40.44341],[-74.36043,40.4399],[-74.35721,40.43864],[-74.35666,40.43739],[-74.35786,40.43457],[-74.35365,40.43179],[-74.35633,40.42959],[-74.36597,40.42901],[-74.36533,40.43322],[-74.37595,40.43226],[-74.37925,40.42895],[-74.39047,40.44103],[-74.39459,40.44615],[-74.39525,40.44898],[-74.39338,40.45408],[-74.39392,40.45679],[-74.39589,40.45941],[-74.40242,40.46186],[-74.40409,40.46343],[-74.39986,40.46451],[-74.39901,40.46325],[-74.38627,40.46466],[-74.38436,40.46318],[-74.38609,40.45952]]]}},{"type":"Feature","properties":{"zcta":"08884","d":1808},"geometry":{"type":"Polygon","coordinates":[[[-74.36953,40.40288],[-74.36991,40.40157],[-74.37428,40.40161],[-74.3752,40.39975],[-74.37724,40.3988],[-74.37662,40.39768],[-74.38122,40.39573],[-74.38262,40.39207],[-74.38026,40.38712],[-74.38224,40.38654],[-74.38275,40.38319],[-74.38147,40.38319],[-74.38848,40.38272],[-74.3885,40.38212],[-74.39356,40.38207],[-74.39225,40.38456],[-74.39338,40.38548],[-74.39817,40.38554],[-74.40328,40.38096],[-74.40549,40.38166],[-74.41035,40.37882],[-74.41229,40.38547],[-74.4123,40.38725],[-74.39889,40.39232],[-74.40131,40.3931],[-74.40569,40.39597],[-74.40939,40.40084],[-74.39863,40.40341],[-74.38929,40.40684],[-74.38112,40.40912],[-74.37599,40.40577],[-74.37298,40.4079],[-74.36953,40.40288]]]}},{"type":"Feature","properties":{"zcta":"08889","d":220},"geometry":{"type":"Polygon","coordinates":[[[-74.74753,40.66994],[-74.74543,40.66875],[-74.74613,40.66727],[-74.74417,40.66656],[-74.74268,40.66433],[-74.73169,40.66046],[-74.729,40.66069],[-74.72755,40.65861],[-74.72272,40.65659],[-74.7196,40.6544],[-74.71954,40.65216],[-74.72395,40.64686],[-74.72403,40.64434],[-74.72202,40.64143],[-74.72284,40.63905],[-74.7275,40.63644],[-74.72705,40.63406],[-74.73258,40.63249],[-74.73615,40.62945],[-74.73421,40.62821],[-74.73316,40.62488],[-74.72802,40.62426],[-74.72401,40.62517],[-74.72095,40.62324],[-74.72882,40.61279],[-74.73709,40.61539],[-74.73853,40.61388],[-74.73298,40.61096],[-74.72852,40.6123],[-74.72676,40.61061],[-74.73118,40.60669],[-74.71971,40.60363],[-74.72265,40.59621],[-74.72623,40.59443],[-74.72903,40.58986],[-74.72,40.58696],[-74.72162,40.58559],[-74.72695,40.57752],[-74.72269,40.57579],[-74.71871,40.57541],[-74.7246,40.56618],[-74.7307,40.56358],[-74.73549,40.55893],[-74.74308,40.55326],[-74.74584,40.54904],[-74.75111,40.54934],[-74.75328,40.55314],[-74.75127,40.55644],[-74.7521,40.5598],[-74.74995,40.5629],[-74.7556,40.56635],[-74.75543,40.56699],[-74.7599,40.56803],[-74.76353,40.57038],[-74.76827,40.57176],[-74.76888,40.57441],[-74.77413,40.57827],[-74.77424,40.57637],[-74.78162,40.57461],[-74.78572,40.5707],[-74.79042,40.57404],[-74.79152,40.57376],[-74.79441,40.57685],[-74.79954,40.5799],[-74.81055,40.56963],[-74.8122,40.57062],[-74.81569,40.56994],[-74.8157,40.5711],[-74.82477,40.5775],[-74.82615,40.58358],[-74.8248,40.58496],[-74.81157,40.59179],[-74.80799,40.59455],[-74.80331,40.59671],[-74.79707,40.60048],[-74.80195,40.60023],[-74.80279,40.60155],[-74.79759,40.60559],[-74.79659,40.61114],[-74.80134,40.61837],[-74.80049,40.62255],[-74.79286,40.61712],[-74.79493,40.61419],[-74.78188,40.6077],[-74.78087,40.60906],[-74.77808,40.60787],[-74.77745,40.60873],[-74.78179,40.61057],[-74.77885,40.61287],[-74.77867,40.61425],[-74.77463,40.61629],[-74.78457,40.61862],[-74.78626,40.62002],[-74.78447,40.62261],[-74.78839,40.62419],[-74.78476,40.62792],[-74.78186,40.6281],[-74.78161,40.6316],[-74.77604,40.63748],[-74.77203,40.63706],[-74.76719,40.63959],[-74.76838,40.6409],[-74.76632,40.64183],[-74.7627,40.63942],[-74.76013,40.6432],[-74.76029,40.64437],[-74.76365,40.64727],[-74.76567,40.64799],[-74.76466,40.65281],[-74.76136,40.65826],[-74.76464,40.66036],[-74.76642,40.66312],[-74.76351,40.66424],[-74.76393,40.67029],[-74.76125,40.66972],[-74.75668,40.67166],[-74.74924,40.6727],[-74.74753,40.66994]]]}},{"type":"Feature","properties":{"zcta":"08901","d":3090},"geometry":{"type":"Polygon","coordinates":[[[-74.46663,40.50928],[-74.45426,40.50854],[-74.44868,40.5071],[-74.44627,40.50568],[-74.44139,40.50272],[-74.43686,40.49762],[-74.43418,40.49074],[-74.42956,40.48821],[-74.4242,40.48822],[-74.42093,40.48891],[-74.41571,40.49274],[-74.41216,40.49371],[-74.40173,40.49146],[-74.39852,40.49189],[-74.39247,40.48526],[-74.39788,40.48116],[-74.4017,40.47977],[-74.40674,40.48059],[-74.41143,40.484],[-74.41373,40.48139],[-74.41569,40.47631],[-74.41968,40.47321],[-74.41821,40.46993],[-74.41949,40.46751],[-74.42653,40.46653],[-74.42979,40.46501],[-74.43239,40.46231],[-74.43258,40.46001],[-74.43606,40.45871],[-74.44508,40.46323],[-74.44631,40.46205],[-74.44703,40.46382],[-74.44798,40.46471],[-74.43649,40.46785],[-74.43365,40.46965],[-74.42765,40.47481],[-74.42794,40.47764],[-74.42943,40.47364],[-74.43497,40.46931],[-74.44288,40.47603],[-74.44147,40.47662],[-74.44786,40.47615],[-74.45079,40.47791],[-74.45593,40.47683],[-74.46038,40.47763],[-74.46781,40.47118],[-74.47121,40.47324],[-74.47734,40.46724],[-74.48949,40.47445],[-74.48494,40.47959],[-74.4785,40.48392],[-74.46821,40.48685],[-74.45986,40.49105],[-74.45904,40.49607],[-74.46243,40.50022],[-74.46699,40.50293],[-74.46695,40.5089],[-74.46663,40.50928]]]}},{"type":"Feature","properties":{"zcta":"10467","d":19187},"geometry":{"type":"Polygon","coordinates":[[[-73.8804,40.893],[-73.87792,40.88721],[-73.87813,40.88215],[-73.87534,40.88167],[-73.87479,40.88008],[-73.87092,40.88026],[-73.86921,40.88333],[-73.86749,40.88818],[-73.86368,40.89433],[-73.86356,40.89538],[-73.86136,40.89466],[-73.86538,40.88688],[-73.85569,40.88421],[-73.86131,40.87367],[-73.86203,40.8678],[-73.86164,40.86311],[-73.86288,40.85795],[-73.86838,40.85781],[-73.87234,40.85625],[-73.87677,40.85541],[-73.87788,40.85647],[-73.87771,40.85947],[-73.87664,40.8596],[-73.87393,40.86307],[-73.87509,40.86619],[-73.87845,40.86755],[-73.88037,40.86919],[-73.88147,40.86857],[-73.88478,40.87842],[-73.88697,40.88281],[-73.88719,40.89003],[-73.88049,40.89655],[-73.8804,40.893]]]}},{"type":"Feature","properties":{"zcta":"06390","d":0},"geometry":{"type":"Polygon","coordinates":[[[-72.03472,41.25642],[-72.03164,41.25784],[-72.02944,41.26309],[-72.02783,41.2634],[-72.0259,41.26122],[-72.02129,41.26236],[-72.02286,41.26436],[-72.02112,41.26959],[-72.02321,41.27063],[-72.02423,41.27307],[-72.02305,41.27485],[-72.02028,41.27519],[-72.00787,41.27095],[-72.00742,41.26975],[-72.00947,41.26845],[-72.00978,41.26622],[-72.01299,41.26432],[-72.01004,41.26201],[-72.00694,41.26231],[-72.0071,41.26399],[-72.00461,41.26415],[-71.99435,41.27051],[-71.99297,41.27956],[-71.99112,41.28133],[-71.98448,41.28151],[-71.97737,41.27931],[-71.97422,41.28107],[-71.96967,41.28118],[-71.96865,41.2848],[-71.96595,41.2848],[-71.96183,41.28292],[-71.95776,41.28332],[-71.95406,41.28499],[-71.95126,41.28291],[-71.94844,41.28246],[-71.94676,41.28436],[-71.94229,41.28271],[-71.93998,41.28477],[-71.94298,41.28729],[-71.93938,41.29126],[-71.93483,41.29016],[-71.92482,41.2923],[-71.9224,41.29156],[-71.92823,41.28885],[-71.92876,41.28506],[-71.93526,41.28058],[-71.94598,41.27988],[-71.94696,41.27792],[-71.94998,41.27935],[-71.95505,41.27692],[-71.95536,41.27546],[-71.96002,41.27576],[-71.96156,41.27683],[-71.96714,41.27469],[-71.96809,41.27303],[-71.97278,41.27191],[-71.97619,41.2692],[-71.97955,41.26762],[-71.98314,41.26682],[-71.98483,41.26512],[-71.99006,41.26261],[-71.99536,41.25615],[-72.00246,41.25287],[-72.00544,41.25319],[-72.01018,41.25526],[-72.01712,41.25543],[-72.02592,41.25103],[-72.03685,41.24979],[-72.03769,41.25128],[-72.03472,41.25642]]]}},{"type":"Feature","properties":{"zcta":"10014","d":33651},"geometry":{"type":"Polygon","coordinates":[[[-74.0077,40.74283],[-74.00273,40.74029],[-74.00279,40.7394],[-73.99955,40.73361],[-74.00095,40.73171],[-74.00312,40.72688],[-74.00743,40.7266],[-74.00962,40.72756],[-74.00909,40.72599],[-74.01109,40.72611],[-74.01054,40.7291],[-74.01002,40.73938],[-74.01238,40.73975],[-74.00966,40.74074],[-74.00933,40.74257],[-74.0077,40.74283]]]}},{"type":"Feature","properties":{"zcta":"10018","d":21040},"geometry":{"type":"Polygon","coordinates":[[[-73.99924,40.75953],[-73.99482,40.75767],[-73.99307,40.75783],[-73.9846,40.75418],[-73.98412,40.75484],[-73.98089,40.75348],[-73.98182,40.7522],[-73.98408,40.7491],[-73.99013,40.75166],[-73.98969,40.75228],[-74.0015,40.75645],[-74.00007,40.7584],[-74.00284,40.75969],[-74.00559,40.75589],[-74.00614,40.75619],[-74.00496,40.75787],[-74.0072,40.75927],[-74.00474,40.75903],[-74.00172,40.76221],[-73.99924,40.75953]]]}},{"type":"Feature","properties":{"zcta":"10025","d":56622},"geometry":{"type":"Polygon","coordinates":[[[-73.96698,40.8076],[-73.9659,40.80881],[-73.96485,40.80671],[-73.96201,40.80551],[-73.95936,40.80612],[-73.96108,40.8018],[-73.95862,40.79998],[-73.96418,40.79236],[-73.96256,40.79164],[-73.96433,40.78907],[-73.96701,40.78848],[-73.97709,40.79272],[-73.98011,40.79313],[-73.96922,40.80851],[-73.96698,40.8076]]]}},{"type":"Feature","properties":{"zcta":"10469","d":12888},"geometry":{"type":"Polygon","coordinates":[[[-73.86164,40.86311],[-73.86203,40.8678],[-73.86131,40.87367],[-73.85569,40.88421],[-73.8504,40.88258],[-73.84306,40.87922],[-73.83874,40.88127],[-73.83582,40.87599],[-73.83582,40.8738],[-73.82959,40.86217],[-73.82724,40.85919],[-73.82652,40.85651],[-73.83277,40.85599],[-73.83682,40.85728],[-73.84329,40.85829],[-73.84931,40.85872],[-73.86179,40.85798],[-73.86288,40.85795],[-73.86164,40.86311]]]}},{"type":"Feature","properties":{"zcta":"10474","d":3247},"geometry":{"type":"Polygon","coordinates":[[[-73.89796,40.81297],[-73.89543,40.81585],[-73.8872,40.8226],[-73.88441,40.82297],[-73.88264,40.81965],[-73.88098,40.81824],[-73.87935,40.81637],[-73.872,40.81374],[-73.86831,40.80631],[-73.87163,40.80193],[-73.87342,40.80081],[-73.87836,40.8013],[-73.87835,40.80295],[-73.88482,40.8019],[-73.88924,40.80594],[-73.89511,40.80686],[-73.90218,40.80488],[-73.90299,40.80936],[-73.89796,40.81297]]]}},{"type":"Feature","properties":{"zcta":"10031","d":42003},"geometry":{"type":"Polygon","coordinates":[[[-73.94971,40.8327],[-73.94108,40.82908],[-73.94023,40.83028],[-73.93973,40.8293],[-73.94154,40.82682],[-73.94059,40.82641],[-73.94292,40.82326],[-73.94384,40.82365],[-73.94476,40.82403],[-73.94608,40.82126],[-73.94787,40.82113],[-73.94973,40.81792],[-73.95086,40.81419],[-73.95297,40.81507],[-73.95227,40.81722],[-73.95495,40.81917],[-73.95887,40.82001],[-73.95874,40.82162],[-73.95919,40.82434],[-73.95633,40.82795],[-73.95383,40.82865],[-73.95028,40.83433],[-73.94971,40.8327]]]}},{"type":"Feature","properties":{"zcta":"10033","d":42299},"geometry":{"type":"Polygon","coordinates":[[[-73.93873,40.85645],[-73.92815,40.85186],[-73.92748,40.85069],[-73.92978,40.84815],[-73.92841,40.84703],[-73.93491,40.83574],[-73.93868,40.8328],[-73.94017,40.83038],[-73.94037,40.83147],[-73.93804,40.83429],[-73.93524,40.83899],[-73.93557,40.84171],[-73.93445,40.84325],[-73.93752,40.84414],[-73.93915,40.84562],[-73.94308,40.84657],[-73.94319,40.84976],[-73.93873,40.85645]]]}},{"type":"Feature","properties":{"zcta":"10044","d":21087},"geometry":{"type":"Polygon","coordinates":[[[-73.95861,40.75385],[-73.95152,40.76197],[-73.94215,40.77204],[-73.94014,40.77295],[-73.94056,40.77012],[-73.94411,40.76681],[-73.95335,40.75631],[-73.95791,40.75211],[-73.96156,40.74946],[-73.95861,40.75385]]]}},{"type":"Feature","properties":{"zcta":"10069","d":34792},"geometry":{"type":"Polygon","coordinates":[[[-73.98731,40.78104],[-73.98654,40.78066],[-73.98919,40.77517],[-73.99154,40.77453],[-73.9892,40.77686],[-73.99032,40.77732],[-73.98731,40.78104]]]}},{"type":"Feature","properties":{"zcta":"10167","d":0},"geometry":{"type":"Polygon","coordinates":[[[-73.97374,40.75462],[-73.97581,40.75468],[-73.97535,40.7553],[-73.97374,40.75462]]]}},{"type":"Feature","properties":{"zcta":"10271","d":0},"geometry":{"type":"Polygon","coordinates":[[[-74.01015,40.70898],[-74.01125,40.7083],[-74.01054,40.70915],[-74.01015,40.70898]]]}},{"type":"Feature","properties":{"zcta":"10280","d":36174},"geometry":{"type":"Polygon","coordinates":[[[-74.0137,40.71367],[-74.01603,40.70639],[-74.01777,40.70415],[-74.01799,40.70451],[-74.01646,40.70719],[-74.01887,40.70598],[-74.01921,40.70655],[-74.01744,40.71503],[-74.0137,40.71367]]]}},{"type":"Feature","properties":{"zcta":"10512","d":243},"geometry":{"type":"Polygon","coordinates":[[[-73.64605,41.46988],[-73.64424,41.46555],[-73.64161,41.46715],[-73.63786,41.47319],[-73.63721,41.47548],[-73.63346,41.47733],[-73.63188,41.48067],[-73.63106,41.47567],[-73.63306,41.47318],[-73.63372,41.47057],[-73.63263,41.46755],[-73.63356,41.46374],[-73.63328,41.46087],[-73.63077,41.46066],[-73.63178,41.45387],[-73.63042,41.44903],[-73.6311,41.445],[-73.62959,41.44411],[-73.63013,41.44183],[-73.64109,41.44079],[-73.63846,41.43472],[-73.63882,41.43099],[-73.64149,41.42346],[-73.64009,41.41932],[-73.64203,41.41791],[-73.64421,41.42044],[-73.64597,41.41924],[-73.64716,41.41645],[-73.65559,41.41435],[-73.6562,41.40539],[-73.655,41.4046],[-73.65741,41.38717],[-73.65785,41.38161],[-73.65804,41.37142],[-73.65859,41.36914],[-73.65124,41.37002],[-73.64874,41.37321],[-73.6418,41.37504],[-73.64279,41.3674],[-73.6445,41.36479],[-73.65367,41.35821],[-73.66062,41.35503],[-73.67,41.35405],[-73.69964,41.35092],[-73.69774,41.35532],[-73.69628,41.35568],[-73.69578,41.35799],[-73.69359,41.35927],[-73.69308,41.36196],[-73.69031,41.36457],[-73.69181,41.36645],[-73.69155,41.36852],[-73.69547,41.36887],[-73.69814,41.37216],[-73.69903,41.37799],[-73.70051,41.37835],[-73.70024,41.38431],[-73.70289,41.38321],[-73.70172,41.38597],[-73.69767,41.3876],[-73.70655,41.39688],[-73.71218,41.39626],[-73.71854,41.39623],[-73.71525,41.39842],[-73.71753,41.39987],[-73.7246,41.39909],[-73.72595,41.41425],[-73.72777,41.41604],[-73.72909,41.42299],[-73.73081,41.42352],[-73.72755,41.42501],[-73.72755,41.43043],[-73.72856,41.43303],[-73.75133,41.4311],[-73.76301,41.43026],[-73.76089,41.43149],[-73.76001,41.43388],[-73.7642,41.43015],[-73.7824,41.42896],[-73.78303,41.43116],[-73.78496,41.43276],[-73.78279,41.43614],[-73.78172,41.44003],[-73.78245,41.4423],[-73.78435,41.44398],[-73.78422,41.44782],[-73.79056,41.44736],[-73.7894,41.46143],[-73.79531,41.45838],[-73.79899,41.45849],[-73.8031,41.45567],[-73.80466,41.45748],[-73.80667,41.45772],[-73.80373,41.46189],[-73.80939,41.46268],[-73.80781,41.46402],[-73.81112,41.4651],[-73.80585,41.47538],[-73.80855,41.47505],[-73.81342,41.47082],[-73.81818,41.46834],[-73.82115,41.46807],[-73.81917,41.47174],[-73.81871,41.47446],[-73.81956,41.47807],[-73.81915,41.48031],[-73.81557,41.48349],[-73.81027,41.4861],[-73.80659,41.49004],[-73.80367,41.49193],[-73.79855,41.49047],[-73.79507,41.48884],[-73.78747,41.49659],[-73.78876,41.49743],[-73.79263,41.49766],[-73.79666,41.49902],[-73.79549,41.50228],[-73.77068,41.50441],[-73.7621,41.50555],[-73.76315,41.50382],[-73.75713,41.50498],[-73.75471,41.5036],[-73.7533,41.50455],[-73.74962,41.50197],[-73.74541,41.50136],[-73.74177,41.50413],[-73.73917,41.50791],[-73.71534,41.51005],[-73.69573,41.51195],[-73.6964,41.51418],[-73.69214,41.51478],[-73.69123,41.51243],[-73.68385,41.51331],[-73.68167,41.50815],[-73.67842,41.50356],[-73.67058,41.49963],[-73.66772,41.49712],[-73.66361,41.49033],[-73.65637,41.48472],[-73.65413,41.48232],[-73.64872,41.47418],[-73.64605,41.46988]]]}},{"type":"Feature","properties":{"zcta":"10514","d":423},"geometry":{"type":"Polygon","coordinates":[[[-73.80274,41.18525],[-73.79963,41.18758],[-73.79924,41.18618],[-73.79587,41.18863],[-73.7932,41.18754],[-73.79265,41.19211],[-73.78853,41.2043],[-73.7872,41.2069],[-73.78525,41.20853],[-73.78275,41.21201],[-73.77858,41.21485],[-73.77656,41.2175],[-73.77277,41.21839],[-73.76937,41.21037],[-73.7693,41.20609],[-73.76783,41.20505],[-73.76237,41.20559],[-73.75954,41.20483],[-73.75409,41.20572],[-73.75358,41.20279],[-73.75677,41.19932],[-73.75732,41.19704],[-73.75485,41.18883],[-73.75705,41.1838],[-73.75931,41.18069],[-73.75749,41.18026],[-73.75464,41.18417],[-73.75066,41.18811],[-73.74603,41.18752],[-73.74529,41.18188],[-73.74089,41.18285],[-73.74084,41.17803],[-73.73865,41.17261],[-73.73523,41.17231],[-73.73463,41.16235],[-73.73256,41.15726],[-73.73139,41.15273],[-73.72955,41.15241],[-73.72919,41.14968],[-73.7378,41.14471],[-73.73788,41.147],[-73.74073,41.14723],[-73.73969,41.14894],[-73.74179,41.15037],[-73.74595,41.14779],[-73.74484,41.1449],[-73.74465,41.14177],[-73.74564,41.14025],[-73.74464,41.13878],[-73.74633,41.13659],[-73.74562,41.12962],[-73.75056,41.13522],[-73.74876,41.13894],[-73.74971,41.14114],[-73.76754,41.14963],[-73.76766,41.14715],[-73.76617,41.14477],[-73.76834,41.14464],[-73.771,41.14591],[-73.77264,41.148],[-73.77226,41.14997],[-73.77482,41.15053],[-73.77864,41.15506],[-73.78097,41.1536],[-73.78213,41.15127],[-73.78577,41.14749],[-73.78699,41.14801],[-73.79264,41.14354],[-73.79496,41.14563],[-73.79307,41.14666],[-73.79241,41.15046],[-73.7959,41.14945],[-73.79843,41.14651],[-73.80255,41.14755],[-73.80345,41.1495],[-73.79951,41.14987],[-73.8083,41.15836],[-73.80372,41.15928],[-73.79745,41.16291],[-73.79466,41.16156],[-73.7931,41.16211],[-73.81271,41.1714],[-73.81207,41.17315],[-73.80743,41.18012],[-73.80274,41.18525]]]}},{"type":"Feature","properties":{"zcta":"10516","d":87},"geometry":{"type":"Polygon","coordinates":[[[-73.83464,41.45374],[-73.83624,41.45163],[-73.83599,41.44862],[-73.83719,41.44688],[-73.84057,41.44509],[-73.84102,41.44246],[-73.84291,41.43968],[-73.84276,41.43529],[-73.84459,41.43225],[-73.84768,41.43036],[-73.84861,41.42833],[-73.85005,41.43077],[-73.85614,41.42927],[-73.85831,41.42756],[-73.86001,41.42826],[-73.86257,41.4268],[-73.86475,41.42807],[-73.86802,41.4275],[-73.86787,41.42302],[-73.8691,41.4191],[-73.86835,41.41602],[-73.87206,41.41298],[-73.87816,41.41381],[-73.87946,41.41294],[-73.88099,41.40836],[-73.88826,41.40976],[-73.88745,41.4206],[-73.8869,41.43185],[-73.89113,41.43064],[-73.89352,41.42825],[-73.89654,41.42674],[-73.89744,41.42402],[-73.90439,41.42348],[-73.90189,41.42909],[-73.89773,41.43382],[-73.90297,41.43258],[-73.90664,41.42636],[-73.90816,41.42219],[-73.90989,41.42247],[-73.91735,41.42168],[-73.91791,41.41761],[-73.92199,41.41734],[-73.92563,41.41279],[-73.92741,41.41316],[-73.93183,41.41221],[-73.93405,41.41559],[-73.9341,41.41734],[-73.93836,41.41501],[-73.93836,41.40857],[-73.94019,41.40222],[-73.944,41.40224],[-73.94572,41.4035],[-73.94694,41.402],[-73.95297,41.40096],[-73.95441,41.40193],[-73.95786,41.40196],[-73.95988,41.40358],[-73.95965,41.40667],[-73.95557,41.40819],[-73.95328,41.4106],[-73.95521,41.41264],[-73.95926,41.41464],[-73.96048,41.41411],[-73.9628,41.41787],[-73.96174,41.41896],[-73.96552,41.42523],[-73.96805,41.42456],[-73.96991,41.42587],[-73.96843,41.42986],[-73.97313,41.43744],[-73.97701,41.44136],[-73.97859,41.44212],[-73.93377,41.48828],[-73.90753,41.49098],[-73.90189,41.49239],[-73.87458,41.49507],[-73.85999,41.49574],[-73.83836,41.49813],[-73.83836,41.47827],[-73.83853,41.45238],[-73.83694,41.45305],[-73.83464,41.45374]]]}},{"type":"Feature","properties":{"zcta":"10307","d":3670},"geometry":{"type":"Polygon","coordinates":[[[-74.23482,40.51952],[-74.2326,40.51584],[-74.2283,40.50254],[-74.22829,40.50178],[-74.23324,40.5013],[-74.24669,40.4961],[-74.25019,40.4967],[-74.25459,40.5023],[-74.25563,40.50792],[-74.25192,40.51387],[-74.24434,40.51848],[-74.24252,40.51831],[-74.2407,40.52004],[-74.23482,40.51952]]]}},{"type":"Feature","properties":{"zcta":"10546","d":629},"geometry":{"type":"Polygon","coordinates":[[[-73.7872,41.2069],[-73.78853,41.2043],[-73.79265,41.19211],[-73.7932,41.18754],[-73.79587,41.18863],[-73.79924,41.18618],[-73.79963,41.18758],[-73.80274,41.18525],[-73.80743,41.18012],[-73.80712,41.18516],[-73.80896,41.18314],[-73.81244,41.18216],[-73.81189,41.18496],[-73.80891,41.18688],[-73.81067,41.18746],[-73.81544,41.18699],[-73.81638,41.18809],[-73.81251,41.19459],[-73.80942,41.19365],[-73.80947,41.19222],[-73.80659,41.19232],[-73.80211,41.19752],[-73.7994,41.19939],[-73.79939,41.20096],[-73.80156,41.201],[-73.80303,41.20239],[-73.79807,41.20684],[-73.78525,41.20853],[-73.7872,41.2069]]]}},{"type":"Feature","properties":{"zcta":"10548","d":719},"geometry":{"type":"Polygon","coordinates":[[[-73.94719,41.25259],[-73.94595,41.24989],[-73.94297,41.25043],[-73.93727,41.25491],[-73.93016,41.25694],[-73.93544,41.26751],[-73.93375,41.26829],[-73.9305,41.26375],[-73.92898,41.26349],[-73.92812,41.26121],[-73.91992,41.25983],[-73.92219,41.25894],[-73.92601,41.25601],[-73.92829,41.25308],[-73.92666,41.25055],[-73.92125,41.24464],[-73.92109,41.24192],[-73.92218,41.23987],[-73.92837,41.23503],[-73.932,41.23342],[-73.94036,41.23306],[-73.94148,41.23531],[-73.94348,41.23429],[-73.94459,41.23736],[-73.94767,41.23657],[-73.95111,41.23742],[-73.95352,41.2419],[-73.95195,41.24516],[-73.9525,41.24805],[-73.95369,41.2491],[-73.95004,41.25431],[-73.94924,41.25387],[-73.94719,41.25259]]]}},{"type":"Feature","properties":{"zcta":"10552","d":6691},"geometry":{"type":"Polygon","coordinates":[[[-73.83924,40.92958],[-73.83223,40.9338],[-73.83096,40.93393],[-73.82669,40.93153],[-73.82418,40.93089],[-73.82254,40.93186],[-73.8054,40.92684],[-73.80827,40.92459],[-73.81136,40.9184],[-73.81393,40.91114],[-73.81992,40.91216],[-73.81667,40.91707],[-73.82526,40.91846],[-73.82513,40.91776],[-73.82775,40.91832],[-73.83119,40.91734],[-73.83275,40.91787],[-73.83826,40.91744],[-73.83864,40.91868],[-73.84414,40.91955],[-73.83992,40.92659],[-73.84039,40.92743],[-73.83924,40.92958]]]}},{"type":"Feature","properties":{"zcta":"10562","d":1211},"geometry":{"type":"Polygon","coordinates":[[[-73.81278,41.23666],[-73.8115,41.23333],[-73.80966,41.23253],[-73.8084,41.2349],[-73.80603,41.2351],[-73.80267,41.23345],[-73.7946,41.23439],[-73.7871,41.23216],[-73.78345,41.22929],[-73.77959,41.22848],[-73.77431,41.22649],[-73.76875,41.22753],[-73.76612,41.22927],[-73.76625,41.2276],[-73.77062,41.22215],[-73.77277,41.21839],[-73.77656,41.2175],[-73.77858,41.21485],[-73.78275,41.21201],[-73.78525,41.20853],[-73.79807,41.20684],[-73.80303,41.20239],[-73.80156,41.201],[-73.79939,41.20096],[-73.7994,41.19939],[-73.80211,41.19752],[-73.80659,41.19232],[-73.80947,41.19222],[-73.80942,41.19365],[-73.81251,41.19459],[-73.81638,41.18809],[-73.81544,41.18699],[-73.81067,41.18746],[-73.80891,41.18688],[-73.81189,41.18496],[-73.81244,41.18216],[-73.81421,41.17707],[-73.81319,41.17694],[-73.81582,41.17289],[-73.82083,41.16677],[-73.82425,41.16416],[-73.83092,41.16318],[-73.83186,41.16138],[-73.83331,41.16194],[-73.8298,41.1649],[-73.83185,41.16606],[-73.83664,41.16668],[-73.83566,41.16223],[-73.84167,41.16155],[-73.84743,41.16487],[-73.85016,41.16155],[-73.85252,41.15979],[-73.8588,41.15129],[-73.85716,41.14991],[-73.85708,41.14515],[-73.86086,41.14562],[-73.86174,41.13946],[-73.86285,41.13891],[-73.86258,41.14195],[-73.86432,41.14192],[-73.86373,41.14451],[-73.86788,41.14175],[-73.86703,41.13958],[-73.86827,41.14228],[-73.86926,41.14873],[-73.87141,41.14933],[-73.8713,41.15323],[-73.86965,41.15465],[-73.87165,41.1576],[-73.87024,41.16278],[-73.87262,41.16968],[-73.87522,41.17496],[-73.87563,41.17726],[-73.87463,41.1798],[-73.87622,41.18521],[-73.87424,41.18734],[-73.87181,41.19155],[-73.87209,41.19595],[-73.87101,41.19762],[-73.8717,41.19988],[-73.86775,41.19795],[-73.86576,41.2004],[-73.84376,41.20251],[-73.84438,41.2054],[-73.83884,41.20671],[-73.83916,41.20855],[-73.83682,41.20772],[-73.83204,41.20912],[-73.83006,41.21074],[-73.82494,41.21206],[-73.82217,41.21131],[-73.81862,41.21329],[-73.82057,41.2133],[-73.82063,41.21628],[-73.81613,41.21631],[-73.81531,41.21994],[-73.8126,41.22123],[-73.81372,41.22387],[-73.81799,41.23122],[-73.81856,41.23322],[-73.81798,41.2374],[-73.81278,41.23666]],[[-73.83956,41.17643],[-73.83448,41.17539],[-73.83152,41.18032],[-73.83588,41.18241],[-73.83962,41.1774],[-73.83956,41.17643]]]}},{"type":"Feature","properties":{"zcta":"10310","d":6604},"geometry":{"type":"Polygon","coordinates":[[[-74.12159,40.6409],[-74.12037,40.64235],[-74.1068,40.6459],[-74.10476,40.64576],[-74.10655,40.64424],[-74.10542,40.6389],[-74.10313,40.63735],[-74.10253,40.63466],[-74.10591,40.63444],[-74.10577,40.63057],[-74.10417,40.62728],[-74.10352,40.62376],[-74.11001,40.62069],[-74.11331,40.62304],[-74.11713,40.62453],[-74.11967,40.62174],[-74.12204,40.62418],[-74.13055,40.6231],[-74.13206,40.62339],[-74.13114,40.6269],[-74.12919,40.62866],[-74.13016,40.63092],[-74.12844,40.63367],[-74.12698,40.63996],[-74.12159,40.6409]]]}},{"type":"Feature","properties":{"zcta":"10454","d":14957},"geometry":{"type":"Polygon","coordinates":[[[-73.91447,40.81165],[-73.91518,40.81043],[-73.91069,40.80881],[-73.91037,40.80965],[-73.90496,40.80853],[-73.90299,40.80936],[-73.90218,40.80488],[-73.90458,40.80311],[-73.91141,40.79669],[-73.91362,40.79679],[-73.9189,40.7989],[-73.92302,40.80243],[-73.92725,40.80256],[-73.9318,40.80788],[-73.92729,40.81108],[-73.92091,40.81433],[-73.91447,40.81165]]]}},{"type":"Feature","properties":{"zcta":"10466","d":15650},"geometry":{"type":"Polygon","coordinates":[[[-73.86133,40.90019],[-73.86111,40.89759],[-73.85926,40.90034],[-73.85619,40.89919],[-73.85704,40.89794],[-73.85223,40.89964],[-73.84955,40.90305],[-73.84694,40.90152],[-73.84572,40.9048],[-73.84473,40.90473],[-73.84139,40.90417],[-73.83916,40.89923],[-73.83965,40.89725],[-73.83841,40.89406],[-73.82405,40.88987],[-73.82324,40.8912],[-73.81956,40.89016],[-73.82519,40.88698],[-73.83435,40.88385],[-73.83874,40.88127],[-73.84306,40.87922],[-73.8504,40.88258],[-73.85569,40.88421],[-73.86538,40.88688],[-73.86136,40.89466],[-73.86356,40.89538],[-73.86133,40.90019]]]}},{"type":"Feature","properties":{"zcta":"08809","d":453},"geometry":{"type":"Polygon","coordinates":[[[-74.94082,40.68578],[-74.93681,40.68791],[-74.93399,40.68733],[-74.93247,40.68564],[-74.92909,40.68477],[-74.92389,40.68185],[-74.92339,40.67989],[-74.9206,40.68031],[-74.91766,40.67829],[-74.91579,40.67594],[-74.9152,40.66906],[-74.91193,40.67009],[-74.91024,40.66351],[-74.90468,40.65925],[-74.90707,40.65761],[-74.90941,40.65747],[-74.90762,40.6562],[-74.90337,40.65824],[-74.90228,40.65742],[-74.89388,40.65577],[-74.89138,40.65671],[-74.88678,40.64992],[-74.88288,40.64663],[-74.88349,40.64409],[-74.8865,40.64158],[-74.88639,40.64019],[-74.89318,40.63987],[-74.89273,40.63868],[-74.8975,40.63814],[-74.90019,40.63705],[-74.89965,40.6326],[-74.904,40.63222],[-74.90279,40.62753],[-74.90579,40.627],[-74.906,40.62551],[-74.91723,40.62534],[-74.91687,40.6306],[-74.92057,40.63006],[-74.92322,40.62888],[-74.92607,40.6264],[-74.93614,40.62546],[-74.93781,40.62573],[-74.94049,40.6251],[-74.94327,40.62862],[-74.94587,40.62818],[-74.9466,40.63304],[-74.94608,40.63358],[-74.93752,40.63312],[-74.93817,40.63602],[-74.94508,40.63654],[-74.94848,40.63488],[-74.95745,40.63665],[-74.96931,40.63598],[-74.97004,40.6423],[-74.96881,40.64746],[-74.96514,40.64808],[-74.96093,40.64659],[-74.96114,40.64811],[-74.95607,40.64859],[-74.95418,40.65076],[-74.95164,40.65062],[-74.94871,40.65166],[-74.94579,40.65551],[-74.9487,40.65834],[-74.94728,40.6592],[-74.94415,40.65855],[-74.94162,40.66024],[-74.9374,40.65773],[-74.93449,40.65827],[-74.93248,40.6574],[-74.93226,40.65415],[-74.92817,40.6518],[-74.92685,40.6518],[-74.92614,40.6548],[-74.92821,40.65597],[-74.92826,40.65869],[-74.93262,40.66287],[-74.93247,40.66808],[-74.93449,40.67144],[-74.93929,40.67768],[-74.94481,40.67777],[-74.94082,40.68578]]]}},{"type":"Feature","properties":{"zcta":"10509","d":285},"geometry":{"type":"Polygon","coordinates":[[[-73.65367,41.35821],[-73.6445,41.36479],[-73.64279,41.3674],[-73.6418,41.37504],[-73.64874,41.37321],[-73.65124,41.37002],[-73.65859,41.36914],[-73.65804,41.37142],[-73.65785,41.38161],[-73.65741,41.38717],[-73.655,41.4046],[-73.6562,41.40539],[-73.65559,41.41435],[-73.64716,41.41645],[-73.64597,41.41924],[-73.64421,41.42044],[-73.64203,41.41791],[-73.64009,41.41932],[-73.64149,41.42346],[-73.63882,41.43099],[-73.63846,41.43472],[-73.64109,41.44079],[-73.63013,41.44183],[-73.62959,41.44411],[-73.6311,41.445],[-73.63042,41.44903],[-73.62829,41.44828],[-73.62572,41.45077],[-73.62211,41.45165],[-73.61871,41.44806],[-73.61351,41.44872],[-73.61107,41.45197],[-73.61064,41.45787],[-73.60814,41.47316],[-73.60268,41.47258],[-73.60268,41.47733],[-73.59951,41.47648],[-73.59581,41.47863],[-73.59272,41.47923],[-73.58569,41.47804],[-73.58314,41.47627],[-73.5824,41.47414],[-73.58059,41.47366],[-73.58015,41.47619],[-73.57834,41.47802],[-73.5768,41.47501],[-73.57199,41.47354],[-73.57108,41.47177],[-73.56803,41.47024],[-73.56779,41.46866],[-73.56943,41.46713],[-73.56749,41.46495],[-73.56569,41.46522],[-73.56487,41.46272],[-73.56245,41.4631],[-73.56125,41.45624],[-73.55928,41.4552],[-73.55323,41.45729],[-73.55315,41.45858],[-73.54942,41.46055],[-73.54648,41.45908],[-73.54481,41.46119],[-73.54178,41.46091],[-73.54409,41.45769],[-73.54023,41.45778],[-73.53709,41.46011],[-73.53733,41.46379],[-73.53544,41.47175],[-73.53663,41.47507],[-73.53642,41.47897],[-73.53806,41.47716],[-73.53965,41.47855],[-73.54048,41.48156],[-73.53772,41.48609],[-73.53357,41.48454],[-73.53437,41.47589],[-73.53607,41.45133],[-73.53767,41.43391],[-73.54117,41.40599],[-73.54342,41.37662],[-73.54471,41.36654],[-73.57254,41.36368],[-73.57169,41.36237],[-73.57498,41.36168],[-73.57563,41.36336],[-73.59994,41.3608],[-73.6386,41.35725],[-73.64099,41.35523],[-73.64125,41.35697],[-73.65903,41.35518],[-73.66062,41.35503],[-73.65367,41.35821]]]}},{"type":"Feature","properties":{"zcta":"10530","d":1898},"geometry":{"type":"Polygon","coordinates":[[[-73.82385,41.03491],[-73.81454,41.03584],[-73.80805,41.03689],[-73.80466,41.03913],[-73.80443,41.03798],[-73.79246,41.03968],[-73.79255,41.03754],[-73.79101,41.03529],[-73.78863,41.03644],[-73.78507,41.03491],[-73.78991,41.02907],[-73.78466,41.02159],[-73.78846,41.01837],[-73.79234,41.01418],[-73.79565,41.00966],[-73.80032,41.00431],[-73.80318,41.00012],[-73.80438,40.99702],[-73.80724,40.99689],[-73.80968,40.9979],[-73.81028,41.00065],[-73.80576,41.00048],[-73.80616,41.00149],[-73.80355,41.00566],[-73.80212,41.01009],[-73.80455,41.00864],[-73.81075,41.0139],[-73.81462,41.01202],[-73.82128,41.01191],[-73.82118,41.01104],[-73.82636,41.01031],[-73.82685,41.01364],[-73.82395,41.01718],[-73.82528,41.01738],[-73.82364,41.01961],[-73.8306,41.02098],[-73.83156,41.02287],[-73.83489,41.02189],[-73.84217,41.02348],[-73.83825,41.02404],[-73.83796,41.02612],[-73.82636,41.02684],[-73.82669,41.02871],[-73.82385,41.03491]]]}},{"type":"Feature","properties":{"zcta":"10536","d":202},"geometry":{"type":"Polygon","coordinates":[[[-73.7621,41.27534],[-73.76167,41.27971],[-73.75881,41.28041],[-73.75713,41.28227],[-73.75483,41.28225],[-73.75453,41.28425],[-73.75197,41.28354],[-73.7534,41.28737],[-73.74923,41.29356],[-73.74416,41.29752],[-73.73956,41.29882],[-73.7362,41.30068],[-73.73563,41.30247],[-73.73631,41.30553],[-73.73791,41.30799],[-73.73708,41.31282],[-73.73822,41.3164],[-73.73069,41.31909],[-73.72894,41.31827],[-73.71921,41.31917],[-73.71724,41.31871],[-73.71729,41.31404],[-73.71023,41.31475],[-73.70337,41.30978],[-73.70257,41.30622],[-73.7006,41.30537],[-73.69895,41.30317],[-73.69529,41.30822],[-73.69202,41.31401],[-73.69039,41.3125],[-73.69002,41.30758],[-73.69309,41.30576],[-73.69483,41.30345],[-73.69311,41.30092],[-73.69504,41.29995],[-73.69513,41.29763],[-73.69595,41.29357],[-73.6938,41.28946],[-73.69187,41.28722],[-73.68839,41.28653],[-73.6871,41.28512],[-73.69133,41.28415],[-73.69203,41.28186],[-73.6909,41.27753],[-73.69311,41.27613],[-73.69683,41.27523],[-73.69892,41.27274],[-73.69984,41.26907],[-73.69848,41.26811],[-73.68515,41.27199],[-73.68288,41.27581],[-73.68029,41.28262],[-73.67747,41.28886],[-73.6783,41.28519],[-73.66247,41.28837],[-73.65316,41.29183],[-73.65173,41.294],[-73.64838,41.29361],[-73.64814,41.29465],[-73.64488,41.29561],[-73.64049,41.29811],[-73.6349,41.29966],[-73.63067,41.2989],[-73.62798,41.29769],[-73.62729,41.29448],[-73.61604,41.29322],[-73.61308,41.29131],[-73.61153,41.29135],[-73.61222,41.28459],[-73.61395,41.28491],[-73.61718,41.28286],[-73.61907,41.27567],[-73.6271,41.27435],[-73.62798,41.27211],[-73.61952,41.25502],[-73.62061,41.24867],[-73.61791,41.24887],[-73.61747,41.23631],[-73.61961,41.23237],[-73.61973,41.22955],[-73.62146,41.22624],[-73.62928,41.22532],[-73.62991,41.2224],[-73.64338,41.23022],[-73.64638,41.23055],[-73.65398,41.22708],[-73.65397,41.22925],[-73.65394,41.2314],[-73.65775,41.23133],[-73.6595,41.23413],[-73.66118,41.23484],[-73.66344,41.2384],[-73.66257,41.24009],[-73.6662,41.24148],[-73.66819,41.24379],[-73.6702,41.24901],[-73.67318,41.24912],[-73.677,41.25026],[-73.67896,41.24827],[-73.68692,41.24505],[-73.69165,41.24664],[-73.6959,41.24485],[-73.69668,41.24766],[-73.69884,41.24623],[-73.70242,41.24658],[-73.70476,41.24535],[-73.7055,41.24298],[-73.7098,41.24443],[-73.71586,41.24191],[-73.72093,41.24462],[-73.72537,41.24507],[-73.7278,41.24636],[-73.71906,41.2507],[-73.72058,41.25272],[-73.72453,41.25463],[-73.72911,41.25303],[-73.7273,41.25053],[-73.73395,41.2483],[-73.74042,41.24476],[-73.75181,41.242],[-73.75365,41.24014],[-73.75743,41.23834],[-73.76048,41.23394],[-73.76401,41.25208],[-73.76433,41.2558],[-73.76742,41.2706],[-73.76316,41.26989],[-73.76375,41.27506],[-73.7621,41.27534]]]}},{"type":"Feature","properties":{"zcta":"10538","d":2291},"geometry":{"type":"Polygon","coordinates":[[[-73.7709,40.95488],[-73.76614,40.95879],[-73.7651,40.96093],[-73.76045,40.95944],[-73.75747,40.96161],[-73.75461,40.95747],[-73.75014,40.95403],[-73.74672,40.95224],[-73.74807,40.95018],[-73.7494,40.95101],[-73.75168,40.94855],[-73.74935,40.94764],[-73.74722,40.94253],[-73.74803,40.9417],[-73.74592,40.94018],[-73.74274,40.93441],[-73.73895,40.93405],[-73.73687,40.93265],[-73.73889,40.93272],[-73.73703,40.93099],[-73.74,40.92954],[-73.74128,40.92792],[-73.74369,40.92823],[-73.74228,40.93113],[-73.74479,40.92838],[-73.74571,40.92585],[-73.74309,40.92551],[-73.74391,40.92338],[-73.74376,40.91779],[-73.75678,40.9126],[-73.76103,40.90727],[-73.76106,40.90901],[-73.7591,40.91191],[-73.75423,40.91433],[-73.75512,40.91728],[-73.75884,40.91726],[-73.76014,40.91959],[-73.76482,40.92045],[-73.76813,40.93489],[-73.76919,40.93516],[-73.76819,40.93754],[-73.76987,40.94046],[-73.77219,40.93961],[-73.77238,40.94392],[-73.77055,40.94543],[-73.77194,40.95168],[-73.77356,40.952],[-73.77344,40.95466],[-73.77184,40.95586],[-73.7709,40.95488]]]}},{"type":"Feature","properties":{"zcta":"08502","d":427},"geometry":{"type":"Polygon","coordinates":[[[-74.71533,40.44206],[-74.70182,40.46824],[-74.66515,40.47163],[-74.63605,40.46556],[-74.63674,40.46417],[-74.61896,40.46023],[-74.61573,40.45927],[-74.59497,40.45497],[-74.59659,40.45292],[-74.60111,40.44928],[-74.60546,40.44811],[-74.61058,40.44604],[-74.6138,40.44411],[-74.61796,40.43913],[-74.61871,40.43747],[-74.61546,40.43713],[-74.61511,40.43588],[-74.61699,40.43171],[-74.61994,40.43121],[-74.62302,40.42867],[-74.62458,40.42375],[-74.62772,40.41958],[-74.63152,40.42093],[-74.63389,40.42204],[-74.63906,40.4199],[-74.64058,40.41728],[-74.64305,40.41542],[-74.64752,40.41569],[-74.6503,40.41449],[-74.65429,40.41898],[-74.6535,40.42059],[-74.65485,40.42357],[-74.6521,40.42399],[-74.65067,40.42541],[-74.64801,40.42539],[-74.64706,40.42657],[-74.64823,40.43152],[-74.65315,40.43086],[-74.655,40.43166],[-74.65522,40.43419],[-74.65687,40.43482],[-74.66014,40.43337],[-74.66536,40.43269],[-74.67282,40.43268],[-74.67662,40.4336],[-74.67913,40.43637],[-74.68445,40.43613],[-74.68528,40.44006],[-74.68835,40.44266],[-74.69672,40.43481],[-74.69788,40.43547],[-74.69681,40.43889],[-74.70595,40.43837],[-74.71481,40.43746],[-74.71464,40.44089],[-74.71646,40.44188],[-74.71533,40.44206]]]}},{"type":"Feature","properties":{"zcta":"08514","d":89},"geometry":{"type":"Polygon","coordinates":[[[-74.45804,40.13649],[-74.44433,40.14608],[-74.44191,40.14389],[-74.44017,40.14493],[-74.4377,40.14318],[-74.42912,40.14143],[-74.4272,40.13953],[-74.42769,40.13625],[-74.42926,40.13477],[-74.42828,40.13289],[-74.4322,40.13327],[-74.42665,40.13091],[-74.42378,40.13025],[-74.42358,40.12852],[-74.43193,40.12547],[-74.43786,40.12102],[-74.44075,40.12128],[-74.44456,40.11958],[-74.44044,40.11932],[-74.44305,40.11405],[-74.44563,40.11186],[-74.44496,40.10952],[-74.45333,40.1125],[-74.45849,40.11474],[-74.4637,40.11554],[-74.48145,40.1057],[-74.48498,40.10489],[-74.4843,40.10169],[-74.48645,40.10159],[-74.48532,40.0919],[-74.48133,40.09196],[-74.48073,40.08838],[-74.48324,40.08876],[-74.48617,40.08726],[-74.48214,40.08466],[-74.4897,40.08672],[-74.49336,40.08577],[-74.49725,40.0863],[-74.5018,40.08601],[-74.50653,40.0878],[-74.51259,40.08799],[-74.51289,40.08952],[-74.51571,40.08972],[-74.51571,40.09311],[-74.51957,40.09352],[-74.51995,40.09517],[-74.52896,40.08931],[-74.54638,40.08197],[-74.545,40.08008],[-74.54803,40.07893],[-74.54989,40.08047],[-74.5531,40.07913],[-74.55614,40.08426],[-74.55376,40.08542],[-74.55049,40.08944],[-74.54466,40.09242],[-74.54141,40.09332],[-74.54236,40.09706],[-74.54484,40.10116],[-74.54344,40.10325],[-74.54023,40.10452],[-74.54168,40.1069],[-74.54097,40.1087],[-74.54289,40.10875],[-74.54317,40.11146],[-74.54524,40.11595],[-74.54707,40.11825],[-74.54637,40.11976],[-74.54694,40.12348],[-74.54969,40.12854],[-74.55155,40.12965],[-74.55172,40.1318],[-74.5538,40.13192],[-74.55692,40.13471],[-74.5601,40.13323],[-74.56095,40.13508],[-74.55603,40.13593],[-74.55261,40.1394],[-74.55115,40.14249],[-74.55149,40.14416],[-74.54746,40.14571],[-74.54727,40.15074],[-74.54843,40.15144],[-74.54602,40.15456],[-74.54405,40.15535],[-74.53907,40.15515],[-74.53953,40.15784],[-74.53158,40.15871],[-74.52722,40.16046],[-74.52269,40.16136],[-74.51899,40.16318],[-74.51468,40.16392],[-74.51515,40.16706],[-74.51287,40.17022],[-74.50773,40.17331],[-74.50184,40.17563],[-74.49597,40.18008],[-74.49738,40.18259],[-74.49395,40.18518],[-74.48308,40.18975],[-74.48004,40.18842],[-74.47127,40.18879],[-74.45804,40.13649]]]}},{"type":"Feature","properties":{"zcta":"08528","d":362},"geometry":{"type":"Polygon","coordinates":[[[-74.625,40.39964],[-74.61921,40.39775],[-74.61599,40.39399],[-74.61441,40.39477],[-74.60947,40.39295],[-74.60578,40.39349],[-74.60538,40.39067],[-74.61229,40.38643],[-74.6114,40.38382],[-74.61256,40.37994],[-74.61524,40.37788],[-74.61226,40.37782],[-74.60983,40.37486],[-74.61243,40.37365],[-74.61134,40.37129],[-74.61405,40.3719],[-74.61526,40.37499],[-74.62024,40.37375],[-74.6176,40.37727],[-74.61848,40.38038],[-74.62428,40.38667],[-74.6246,40.38883],[-74.62596,40.3889],[-74.62637,40.39334],[-74.62809,40.39845],[-74.62914,40.39921],[-74.62915,40.39947],[-74.625,40.39964]]]}},{"type":"Feature","properties":{"zcta":"08530","d":152},"geometry":{"type":"Polygon","coordinates":[[[-74.91246,40.40321],[-74.89241,40.41363],[-74.88753,40.41573],[-74.87694,40.41809],[-74.88188,40.41205],[-74.87115,40.409],[-74.87032,40.40808],[-74.86316,40.4079],[-74.85989,40.40474],[-74.85819,40.40419],[-74.85094,40.39941],[-74.84551,40.39634],[-74.84662,40.39433],[-74.84469,40.39368],[-74.84591,40.39208],[-74.84067,40.39096],[-74.84057,40.3901],[-74.84724,40.38719],[-74.84615,40.38034],[-74.8382,40.38122],[-74.83865,40.38044],[-74.83602,40.37731],[-74.83269,40.37787],[-74.8271,40.36913],[-74.82346,40.36398],[-74.82505,40.36233],[-74.83097,40.35873],[-74.83661,40.35399],[-74.8424,40.35198],[-74.84235,40.35077],[-74.85138,40.34768],[-74.85665,40.34759],[-74.85626,40.3467],[-74.8686,40.34552],[-74.86911,40.34842],[-74.87171,40.35113],[-74.87632,40.34844],[-74.88001,40.34522],[-74.8859,40.34389],[-74.89782,40.34275],[-74.89808,40.33585],[-74.90314,40.33308],[-74.90947,40.33193],[-74.91084,40.32962],[-74.91431,40.32711],[-74.91657,40.32378],[-74.91359,40.32134],[-74.90948,40.31906],[-74.90374,40.31713],[-74.89833,40.31704],[-74.89432,40.31584],[-74.89641,40.31511],[-74.90331,40.31561],[-74.90831,40.31691],[-74.91741,40.32241],[-74.92681,40.32941],[-74.93311,40.33311],[-74.93971,40.33801],[-74.94378,40.34256],[-74.94509,40.34733],[-74.94602,40.35589],[-74.94872,40.36477],[-74.95394,40.37593],[-74.964,40.39525],[-74.96678,40.39786],[-74.96628,40.40102],[-74.96308,40.39731],[-74.95167,40.39727],[-74.94977,40.39849],[-74.95159,40.40465],[-74.94612,40.40687],[-74.94461,40.40469],[-74.94198,40.407],[-74.93773,40.40377],[-74.93053,40.40024],[-74.92784,40.39777],[-74.92516,40.40088],[-74.91948,40.40595],[-74.91434,40.40376],[-74.91246,40.40321]]]}},{"type":"Feature","properties":{"zcta":"08535","d":147},"geometry":{"type":"Polygon","coordinates":[[[-74.48148,40.24289],[-74.4818,40.24594],[-74.48566,40.24882],[-74.48741,40.25313],[-74.48496,40.25332],[-74.46328,40.25211],[-74.46078,40.25136],[-74.40816,40.27343],[-74.40264,40.26569],[-74.39102,40.25181],[-74.38892,40.24682],[-74.3842,40.24234],[-74.37996,40.2407],[-74.37628,40.23705],[-74.3664,40.23015],[-74.36257,40.22571],[-74.37034,40.22482],[-74.37088,40.22437],[-74.3714,40.22393],[-74.36765,40.22012],[-74.37284,40.21987],[-74.37536,40.21808],[-74.3808,40.21844],[-74.38522,40.21773],[-74.38828,40.21941],[-74.40145,40.22099],[-74.40529,40.22083],[-74.4078,40.22171],[-74.40739,40.21983],[-74.40886,40.21876],[-74.41674,40.21861],[-74.41734,40.21351],[-74.4193,40.21134],[-74.42776,40.20894],[-74.42835,40.20712],[-74.42977,40.20907],[-74.43978,40.20739],[-74.44045,40.20238],[-74.44475,40.20208],[-74.44674,40.20318],[-74.45029,40.20132],[-74.45106,40.20338],[-74.45511,40.2052],[-74.45684,40.20239],[-74.46045,40.20263],[-74.46257,40.20421],[-74.4635,40.20713],[-74.4671,40.20745],[-74.46097,40.21147],[-74.45527,40.21696],[-74.46016,40.21874],[-74.45957,40.22063],[-74.46401,40.22134],[-74.46579,40.23225],[-74.47016,40.23374],[-74.4753,40.23281],[-74.47609,40.23457],[-74.4796,40.23368],[-74.47957,40.23584],[-74.48541,40.2344],[-74.48277,40.22095],[-74.48993,40.21677],[-74.48875,40.21632],[-74.49566,40.21452],[-74.49834,40.21497],[-74.50457,40.21803],[-74.5126,40.21809],[-74.52393,40.21945],[-74.53109,40.21887],[-74.53545,40.21794],[-74.53616,40.21689],[-74.53962,40.21619],[-74.54327,40.21669],[-74.48148,40.24289]]]}},{"type":"Feature","properties":{"zcta":"08721","d":720},"geometry":{"type":"Polygon","coordinates":[[[-74.25944,39.92159],[-74.22464,39.93692],[-74.2211,39.93256],[-74.22146,39.93141],[-74.22535,39.92895],[-74.21252,39.9142],[-74.20932,39.91286],[-74.20201,39.91318],[-74.19471,39.92117],[-74.18988,39.92286],[-74.19101,39.92519],[-74.18248,39.93462],[-74.17349,39.92798],[-74.17067,39.92777],[-74.16848,39.92888],[-74.16722,39.92758],[-74.16457,39.92832],[-74.15705,39.93207],[-74.15321,39.93025],[-74.15302,39.93358],[-74.15131,39.93401],[-74.148,39.93705],[-74.14038,39.9338],[-74.13873,39.93383],[-74.13975,39.93229],[-74.14453,39.92972],[-74.14256,39.92876],[-74.1436,39.92727],[-74.14617,39.92648],[-74.14709,39.92348],[-74.14028,39.92372],[-74.12408,39.92302],[-74.12382,39.92858],[-74.12181,39.93092],[-74.1192,39.93031],[-74.11699,39.93136],[-74.10583,39.93106],[-74.11124,39.93826],[-74.09695,39.94147],[-74.09634,39.94009],[-74.09605,39.93098],[-74.09885,39.91544],[-74.10108,39.90692],[-74.10127,39.89902],[-74.12554,39.89943],[-74.12938,39.8905],[-74.13087,39.88581],[-74.12593,39.87266],[-74.13396,39.87051],[-74.14244,39.86934],[-74.15312,39.8704],[-74.16012,39.8695],[-74.16245,39.87052],[-74.16292,39.86843],[-74.16568,39.86916],[-74.16643,39.86739],[-74.16876,39.8678],[-74.17158,39.87022],[-74.18028,39.8728],[-74.18052,39.87506],[-74.18452,39.87576],[-74.18705,39.87858],[-74.18877,39.87717],[-74.19569,39.88357],[-74.19903,39.88199],[-74.20286,39.88375],[-74.20303,39.88267],[-74.20817,39.88389],[-74.21098,39.88264],[-74.21191,39.88451],[-74.21507,39.88666],[-74.21523,39.88868],[-74.21888,39.88992],[-74.22045,39.8917],[-74.22646,39.89503],[-74.2256,39.89631],[-74.22695,39.89816],[-74.23137,39.90056],[-74.23507,39.90114],[-74.23811,39.90031],[-74.24132,39.9013],[-74.244,39.9006],[-74.24786,39.90199],[-74.25074,39.90042],[-74.25335,39.90253],[-74.25471,39.90175],[-74.26115,39.9026],[-74.26646,39.90494],[-74.26862,39.90492],[-74.27051,39.90678],[-74.27379,39.90615],[-74.27635,39.9077],[-74.27861,39.90733],[-74.28111,39.91026],[-74.28462,39.90869],[-74.28821,39.91172],[-74.29323,39.91309],[-74.2929,39.9172],[-74.31032,39.92761],[-74.30469,39.9288],[-74.29763,39.93089],[-74.29182,39.93327],[-74.28702,39.93639],[-74.25944,39.92159]]]}},{"type":"Feature","properties":{"zcta":"08736","d":1498},"geometry":{"type":"Polygon","coordinates":[[[-74.09268,40.12592],[-74.09338,40.12711],[-74.08811,40.12832],[-74.08624,40.12702],[-74.08435,40.12742],[-74.08908,40.13338],[-74.09222,40.14085],[-74.08958,40.14051],[-74.07998,40.13614],[-74.07724,40.13799],[-74.07351,40.13763],[-74.07431,40.13588],[-74.07301,40.13496],[-74.06996,40.13574],[-74.06649,40.13485],[-74.06539,40.13339],[-74.06048,40.13438],[-74.05775,40.1321],[-74.05505,40.1312],[-74.05463,40.13336],[-74.04339,40.13045],[-74.04236,40.1298],[-74.04445,40.12554],[-74.03957,40.12204],[-74.03152,40.11745],[-74.03414,40.10363],[-74.03373,40.10198],[-74.03864,40.10446],[-74.04285,40.10662],[-74.04459,40.11087],[-74.04626,40.11146],[-74.04682,40.11383],[-74.05003,40.11569],[-74.05545,40.11774],[-74.05979,40.12036],[-74.06198,40.12069],[-74.06543,40.11565],[-74.07083,40.1135],[-74.07234,40.10926],[-74.07913,40.10161],[-74.08606,40.09817],[-74.09422,40.10751],[-74.09393,40.11025],[-74.09465,40.11375],[-74.09409,40.11541],[-74.09591,40.118],[-74.09697,40.12216],[-74.0962,40.12463],[-74.09268,40.12592]]]}},{"type":"Feature","properties":{"zcta":"08742","d":2447},"geometry":{"type":"Polygon","coordinates":[[[-74.08351,40.09556],[-74.07792,40.09254],[-74.07509,40.09153],[-74.07237,40.08938],[-74.07025,40.08941],[-74.06209,40.09473],[-74.06111,40.09643],[-74.05758,40.09731],[-74.05609,40.10084],[-74.05127,40.10344],[-74.04572,40.1053],[-74.04052,40.10404],[-74.03864,40.10446],[-74.03373,40.10198],[-74.03363,40.10058],[-74.03984,40.08147],[-74.04548,40.05776],[-74.05157,40.05902],[-74.05887,40.05966],[-74.0689,40.06116],[-74.07216,40.05964],[-74.07429,40.06148],[-74.07851,40.06314],[-74.08098,40.06489],[-74.08416,40.06542],[-74.08575,40.06672],[-74.0895,40.07367],[-74.09166,40.07857],[-74.09032,40.08362],[-74.09146,40.08631],[-74.08902,40.08829],[-74.09046,40.09228],[-74.09501,40.09365],[-74.08555,40.09757],[-74.08351,40.09556]]]}},{"type":"Feature","properties":{"zcta":"08753","d":1448},"geometry":{"type":"Polygon","coordinates":[[[-74.15909,40.02392],[-74.14468,40.01852],[-74.1392,40.01879],[-74.12725,40.01876],[-74.122,40.02054],[-74.11572,40.02013],[-74.11043,40.01829],[-74.1091,40.01574],[-74.10409,40.01341],[-74.09049,40.00962],[-74.08673,40.00804],[-74.09516,39.99913],[-74.09948,39.99722],[-74.09988,39.97897],[-74.09951,39.97079],[-74.0985,39.96637],[-74.09778,39.9583],[-74.09683,39.9506],[-74.09172,39.94265],[-74.09695,39.94147],[-74.11124,39.93826],[-74.12567,39.93501],[-74.1315,39.93342],[-74.13873,39.93383],[-74.13306,39.94055],[-74.13414,39.94427],[-74.13774,39.94599],[-74.14523,39.94645],[-74.14762,39.94738],[-74.14717,39.95028],[-74.1486,39.95047],[-74.14899,39.94789],[-74.15363,39.94849],[-74.15572,39.94746],[-74.15704,39.94064],[-74.16848,39.94352],[-74.17703,39.94226],[-74.18528,39.94345],[-74.18664,39.94416],[-74.18931,39.94806],[-74.19532,39.94876],[-74.19926,39.95078],[-74.20227,39.95014],[-74.20253,39.94788],[-74.20732,39.94996],[-74.20693,39.95218],[-74.20606,39.95881],[-74.20655,39.96397],[-74.20751,39.96734],[-74.21283,39.98022],[-74.2128,39.98166],[-74.21016,39.98966],[-74.20549,39.99833],[-74.20352,40.00079],[-74.19899,40.0045],[-74.19067,40.00944],[-74.18744,40.01283],[-74.18468,40.01858],[-74.18321,40.02914],[-74.18202,40.03252],[-74.15909,40.02392]]]}},{"type":"Feature","properties":{"zcta":"08759","d":297},"geometry":{"type":"Polygon","coordinates":[[[-74.45409,39.90478],[-74.45106,39.90908],[-74.4496,39.91233],[-74.44974,39.91461],[-74.44301,39.91976],[-74.44309,39.9217],[-74.43922,39.92241],[-74.43348,39.92041],[-74.42876,39.92148],[-74.42953,39.92494],[-74.41013,39.93009],[-74.40596,39.92982],[-74.40393,39.92898],[-74.40428,39.93092],[-74.40374,39.94172],[-74.40883,39.95763],[-74.41273,39.96922],[-74.41356,39.97084],[-74.4234,39.99922],[-74.41888,40.00105],[-74.35462,40.02402],[-74.34638,40.02447],[-74.33342,40.0214],[-74.32695,40.02268],[-74.32669,40.02154],[-74.33177,40.02094],[-74.33018,40.00849],[-74.33048,40.00743],[-74.32573,40.00417],[-74.32378,40.0049],[-74.31549,40.01014],[-74.31165,40.01041],[-74.30896,40.00935],[-74.30305,40.00869],[-74.30127,40.00913],[-74.30417,40.01241],[-74.3181,40.01864],[-74.31552,40.01874],[-74.31008,40.01646],[-74.30813,40.02618],[-74.30647,40.03273],[-74.31735,40.03646],[-74.31778,40.03707],[-74.28769,40.04764],[-74.26542,40.05557],[-74.26261,40.0526],[-74.25799,40.05058],[-74.25811,40.04911],[-74.25523,40.04453],[-74.25379,40.04362],[-74.25315,40.03977],[-74.25342,40.03347],[-74.25028,40.03151],[-74.24964,40.02892],[-74.24754,40.02649],[-74.24499,40.02546],[-74.24438,40.0224],[-74.24248,40.02197],[-74.23977,40.01555],[-74.24514,40.01194],[-74.25026,40.01495],[-74.25261,40.0135],[-74.25133,40.01275],[-74.25481,40.00897],[-74.2633,40.01093],[-74.26869,40.01042],[-74.27116,40.01079],[-74.27953,40.00964],[-74.27369,40.00213],[-74.27278,40.00227],[-74.27271,39.99752],[-74.27514,39.99437],[-74.27501,39.99626],[-74.27868,39.9973],[-74.2794,39.99641],[-74.28827,40.0006],[-74.28889,39.99868],[-74.29321,39.99782],[-74.27141,39.98772],[-74.32248,39.94608],[-74.29867,39.94212],[-74.29687,39.94154],[-74.28702,39.93639],[-74.29182,39.93327],[-74.29763,39.93089],[-74.30469,39.9288],[-74.31032,39.92761],[-74.3151,39.93041],[-74.32964,39.94028],[-74.35613,39.91863],[-74.36561,39.91106],[-74.42679,39.86103],[-74.43422,39.85516],[-74.44851,39.88187],[-74.44938,39.88149],[-74.46126,39.87184],[-74.46269,39.87126],[-74.4663,39.8755],[-74.47425,39.87954],[-74.4764,39.88222],[-74.47856,39.88349],[-74.47608,39.88761],[-74.47594,39.88905],[-74.4731,39.89254],[-74.46888,39.89033],[-74.46079,39.88855],[-74.45701,39.88478],[-74.45485,39.88424],[-74.45435,39.88741],[-74.45597,39.88831],[-74.46054,39.89641],[-74.46255,39.89808],[-74.45999,39.89935],[-74.45937,39.90218],[-74.45409,39.90478]]]}},{"type":"Feature","properties":{"zcta":"08807","d":767},"geometry":{"type":"Polygon","coordinates":[[[-74.66518,40.61697],[-74.6661,40.61838],[-74.66254,40.62463],[-74.65959,40.62561],[-74.65918,40.62781],[-74.65498,40.62836],[-74.65433,40.6268],[-74.65061,40.6262],[-74.64687,40.62996],[-74.64816,40.63331],[-74.64342,40.63866],[-74.64055,40.63937],[-74.6377,40.64135],[-74.63477,40.64153],[-74.63193,40.64278],[-74.62847,40.64125],[-74.62947,40.63873],[-74.62802,40.63761],[-74.62632,40.63953],[-74.62442,40.63658],[-74.62397,40.63855],[-74.62014,40.63532],[-74.61646,40.63654],[-74.61177,40.63714],[-74.60917,40.63972],[-74.58484,40.62172],[-74.58652,40.61884],[-74.58375,40.61752],[-74.58444,40.61363],[-74.58669,40.61205],[-74.58443,40.61004],[-74.58719,40.60731],[-74.58624,40.60582],[-74.58507,40.60708],[-74.58304,40.60494],[-74.57933,40.60277],[-74.57557,40.59788],[-74.57102,40.59521],[-74.56553,40.59291],[-74.56504,40.59122],[-74.56072,40.5855],[-74.55726,40.58355],[-74.5575,40.57948],[-74.56029,40.5776],[-74.56201,40.5713],[-74.55643,40.56803],[-74.55297,40.56506],[-74.54432,40.55418],[-74.54743,40.55177],[-74.55494,40.54942],[-74.56071,40.54504],[-74.56648,40.54281],[-74.56838,40.54487],[-74.56783,40.54745],[-74.5689,40.54973],[-74.57245,40.55195],[-74.57769,40.55312],[-74.5848,40.55555],[-74.58642,40.55069],[-74.58731,40.55027],[-74.59377,40.55121],[-74.5968,40.55668],[-74.60353,40.55891],[-74.6081,40.55836],[-74.61014,40.55874],[-74.60825,40.56021],[-74.60602,40.5639],[-74.58957,40.56118],[-74.58626,40.57053],[-74.59493,40.57111],[-74.59371,40.57486],[-74.59732,40.57529],[-74.59678,40.57672],[-74.59935,40.57794],[-74.5987,40.57975],[-74.60431,40.58024],[-74.605,40.5783],[-74.60893,40.57879],[-74.6085,40.58055],[-74.61851,40.5817],[-74.62035,40.58009],[-74.625,40.58045],[-74.62538,40.5739],[-74.64791,40.58604],[-74.65202,40.58336],[-74.66199,40.58279],[-74.66135,40.578],[-74.65873,40.5778],[-74.65787,40.57029],[-74.65019,40.56978],[-74.6489,40.55932],[-74.64796,40.55709],[-74.65245,40.55286],[-74.65467,40.55178],[-74.66815,40.54965],[-74.67407,40.54787],[-74.67731,40.54771],[-74.68033,40.54947],[-74.68639,40.55519],[-74.68741,40.55535],[-74.68786,40.55652],[-74.6865,40.56016],[-74.68124,40.56291],[-74.67937,40.56454],[-74.676,40.56577],[-74.67987,40.572],[-74.68156,40.58002],[-74.68372,40.58358],[-74.68317,40.58585],[-74.68117,40.58884],[-74.67853,40.59125],[-74.6758,40.59593],[-74.67545,40.59869],[-74.67225,40.60154],[-74.66956,40.6027],[-74.66703,40.60711],[-74.66994,40.61162],[-74.66651,40.61332],[-74.66721,40.61591],[-74.66518,40.61697]]]}},{"type":"Feature","properties":{"zcta":"08826","d":129},"geometry":{"type":"Polygon","coordinates":[[[-74.94179,40.73279],[-74.94284,40.73411],[-74.93893,40.73718],[-74.93648,40.74111],[-74.93283,40.7412],[-74.92617,40.74703],[-74.92588,40.74993],[-74.92207,40.75183],[-74.91943,40.74897],[-74.91596,40.75193],[-74.91828,40.75495],[-74.9128,40.75706],[-74.91466,40.76035],[-74.91113,40.76568],[-74.90987,40.75953],[-74.90564,40.7613],[-74.90255,40.76142],[-74.89912,40.75919],[-74.89626,40.75919],[-74.89566,40.75816],[-74.88952,40.75906],[-74.88771,40.75847],[-74.88534,40.75602],[-74.87942,40.75978],[-74.87779,40.76163],[-74.87543,40.76022],[-74.8707,40.75901],[-74.87051,40.75719],[-74.86797,40.75671],[-74.86637,40.75511],[-74.87132,40.75203],[-74.87691,40.74987],[-74.87504,40.74901],[-74.86715,40.75217],[-74.86725,40.74927],[-74.865,40.75014],[-74.86398,40.74569],[-74.86137,40.74581],[-74.86118,40.74837],[-74.85834,40.75063],[-74.85676,40.75321],[-74.85035,40.7579],[-74.8484,40.76138],[-74.84387,40.75811],[-74.84576,40.75336],[-74.84449,40.75062],[-74.84707,40.7492],[-74.85322,40.73876],[-74.85694,40.7363],[-74.85329,40.73487],[-74.85287,40.73345],[-74.85608,40.73175],[-74.85514,40.73132],[-74.85555,40.72484],[-74.8662,40.72083],[-74.88051,40.7201],[-74.88154,40.72223],[-74.88809,40.7193],[-74.88733,40.71803],[-74.89099,40.71099],[-74.88797,40.7105],[-74.89051,40.70629],[-74.88921,40.70581],[-74.88891,40.70093],[-74.88472,40.70102],[-74.87798,40.70421],[-74.87107,40.70598],[-74.86527,40.70676],[-74.86266,40.70856],[-74.86122,40.70719],[-74.86502,40.70481],[-74.86544,40.70322],[-74.87071,40.70168],[-74.87232,40.70019],[-74.87275,40.69786],[-74.87182,40.69564],[-74.87449,40.69546],[-74.87625,40.69158],[-74.87992,40.69016],[-74.88086,40.68834],[-74.87827,40.68746],[-74.8773,40.6855],[-74.87799,40.68389],[-74.89071,40.68074],[-74.91101,40.67666],[-74.91193,40.67009],[-74.9152,40.66906],[-74.91579,40.67594],[-74.91766,40.67829],[-74.9206,40.68031],[-74.92339,40.67989],[-74.92389,40.68185],[-74.92909,40.68477],[-74.93247,40.68564],[-74.93399,40.68733],[-74.93681,40.68791],[-74.94082,40.68578],[-74.94481,40.67777],[-74.9561,40.67796],[-74.9591,40.67754],[-74.95944,40.6795],[-74.95709,40.68307],[-74.95512,40.68447],[-74.9551,40.69124],[-74.95821,40.69825],[-74.95277,40.70328],[-74.94822,40.70957],[-74.94885,40.71083],[-74.9426,40.71104],[-74.94191,40.71373],[-74.94397,40.71406],[-74.94519,40.71792],[-74.94411,40.72085],[-74.94589,40.72299],[-74.9477,40.72217],[-74.95092,40.7244],[-74.94816,40.72717],[-74.94899,40.72785],[-74.94628,40.73037],[-74.94434,40.72879],[-74.94325,40.73111],[-74.94179,40.73279]]]}},{"type":"Feature","properties":{"zcta":"08827","d":121},"geometry":{"type":"Polygon","coordinates":[[[-75.00395,40.62453],[-75.00293,40.62675],[-74.99675,40.62708],[-74.99654,40.63167],[-74.99737,40.6353],[-74.99567,40.6359],[-74.99594,40.64022],[-74.99276,40.64194],[-74.98855,40.64048],[-74.98744,40.6409],[-74.99883,40.6454],[-74.99781,40.64686],[-74.99363,40.64927],[-74.98927,40.64592],[-74.98451,40.64499],[-74.97911,40.64484],[-74.97591,40.64587],[-74.97443,40.64782],[-74.97929,40.64896],[-74.98297,40.65109],[-74.98731,40.65163],[-74.99038,40.65335],[-74.99246,40.65621],[-74.99062,40.65708],[-74.99202,40.65861],[-74.98749,40.66078],[-74.98366,40.66025],[-74.98398,40.66297],[-74.98663,40.66775],[-74.98914,40.66866],[-74.99025,40.67077],[-74.99108,40.67499],[-74.98818,40.67511],[-74.99069,40.67977],[-74.993,40.68168],[-74.99513,40.68552],[-74.99857,40.68662],[-75.00085,40.6885],[-74.9999,40.69007],[-74.99292,40.69434],[-74.99423,40.69662],[-74.99678,40.69881],[-74.99107,40.70276],[-74.98741,40.70431],[-74.98867,40.70513],[-74.98998,40.7086],[-74.98971,40.71186],[-74.99941,40.72183],[-74.99725,40.72785],[-74.99614,40.72835],[-74.98418,40.72561],[-74.97627,40.7243],[-74.97752,40.72103],[-74.97154,40.72221],[-74.96836,40.72408],[-74.96749,40.72624],[-74.96336,40.72167],[-74.96351,40.72047],[-74.95956,40.72276],[-74.9552,40.72604],[-74.94905,40.72926],[-74.94534,40.73321],[-74.94325,40.73111],[-74.94434,40.72879],[-74.94628,40.73037],[-74.94899,40.72785],[-74.94816,40.72717],[-74.95092,40.7244],[-74.9477,40.72217],[-74.94589,40.72299],[-74.94411,40.72085],[-74.94519,40.71792],[-74.94397,40.71406],[-74.94191,40.71373],[-74.9426,40.71104],[-74.94885,40.71083],[-74.94822,40.70957],[-74.95277,40.70328],[-74.95821,40.69825],[-74.9551,40.69124],[-74.95512,40.68447],[-74.95709,40.68307],[-74.95944,40.6795],[-74.9591,40.67754],[-74.9561,40.67796],[-74.94481,40.67777],[-74.93929,40.67768],[-74.93449,40.67144],[-74.93247,40.66808],[-74.93262,40.66287],[-74.92826,40.65869],[-74.92821,40.65597],[-74.92614,40.6548],[-74.92685,40.6518],[-74.92817,40.6518],[-74.93226,40.65415],[-74.93248,40.6574],[-74.93449,40.65827],[-74.9374,40.65773],[-74.94162,40.66024],[-74.94415,40.65855],[-74.94728,40.6592],[-74.9487,40.65834],[-74.94579,40.65551],[-74.94871,40.65166],[-74.95164,40.65062],[-74.95418,40.65076],[-74.95607,40.64859],[-74.96114,40.64811],[-74.96093,40.64659],[-74.96514,40.64808],[-74.96881,40.64746],[-74.97004,40.6423],[-74.96931,40.63598],[-74.95745,40.63665],[-74.94848,40.63488],[-74.94508,40.63654],[-74.93817,40.63602],[-74.93752,40.63312],[-74.94608,40.63358],[-74.9488,40.6337],[-74.95861,40.63562],[-74.95979,40.63441],[-74.96004,40.62762],[-74.96269,40.62638],[-74.96232,40.62502],[-74.95936,40.62595],[-74.95475,40.6259],[-74.95379,40.625],[-74.95738,40.6223],[-74.9632,40.62344],[-74.96591,40.62248],[-74.96442,40.61951],[-74.96621,40.61425],[-74.97087,40.61207],[-74.97489,40.61226],[-74.97876,40.61159],[-74.97988,40.61259],[-74.98522,40.61009],[-74.98676,40.61133],[-74.99038,40.60803],[-74.99895,40.60753],[-75.0041,40.59906],[-75.00723,40.59888],[-75.00741,40.59784],[-75.0151,40.60254],[-75.01235,40.60958],[-75.01372,40.6133],[-75.0055,40.61554],[-75.00427,40.61674],[-75.01073,40.61653],[-75.01266,40.61737],[-75.00567,40.62537],[-75.00395,40.62453]]]}},{"type":"Feature","properties":{"zcta":"08837","d":937},"geometry":{"type":"Polygon","coordinates":[[[-74.36354,40.52781],[-74.35544,40.52803],[-74.34518,40.54007],[-74.34779,40.5468],[-74.34595,40.54871],[-74.34483,40.55327],[-74.34263,40.55651],[-74.33567,40.56217],[-74.33209,40.56628],[-74.33085,40.56578],[-74.32992,40.55672],[-74.32907,40.54841],[-74.32844,40.54631],[-74.31607,40.52899],[-74.31907,40.52543],[-74.31577,40.52472],[-74.31045,40.5229],[-74.31364,40.52038],[-74.31863,40.51825],[-74.32081,40.52261],[-74.32361,40.52243],[-74.32342,40.52438],[-74.32626,40.52437],[-74.32665,40.51954],[-74.32989,40.51553],[-74.33138,40.51187],[-74.33078,40.50882],[-74.32819,40.48789],[-74.33389,40.48451],[-74.33889,40.48251],[-74.35379,40.48281],[-74.35609,40.48101],[-74.35599,40.47581],[-74.35881,40.47272],[-74.36506,40.4708],[-74.36782,40.47258],[-74.36641,40.47795],[-74.36726,40.48074],[-74.37107,40.48139],[-74.36823,40.48256],[-74.36869,40.49067],[-74.37135,40.50832],[-74.35754,40.5157],[-74.35885,40.51841],[-74.36408,40.52124],[-74.36892,40.5259],[-74.37003,40.52917],[-74.36812,40.52887],[-74.36354,40.52781]]]}},{"type":"Feature","properties":{"zcta":"08844","d":395},"geometry":{"type":"Polygon","coordinates":[[[-74.7849,40.50985],[-74.78454,40.50787],[-74.78139,40.505],[-74.7766,40.50328],[-74.77534,40.50455],[-74.76763,40.50341],[-74.76573,40.50459],[-74.76188,40.50511],[-74.7541,40.50702],[-74.75164,40.50558],[-74.74792,40.50491],[-74.74681,40.50281],[-74.74188,40.50193],[-74.73694,40.50201],[-74.72899,40.50356],[-74.72549,40.50647],[-74.72907,40.51383],[-74.72933,40.51699],[-74.72686,40.52066],[-74.72444,40.52004],[-74.72126,40.518],[-74.7125,40.51743],[-74.70539,40.52002],[-74.70421,40.52099],[-74.70357,40.52475],[-74.70698,40.52713],[-74.70768,40.53063],[-74.70533,40.53162],[-74.70604,40.53386],[-74.70958,40.53584],[-74.70906,40.53769],[-74.70275,40.53974],[-74.69827,40.54231],[-74.69617,40.54671],[-74.69213,40.55115],[-74.68741,40.55535],[-74.68639,40.55519],[-74.68033,40.54947],[-74.67731,40.54771],[-74.67407,40.54787],[-74.66815,40.54965],[-74.65467,40.55178],[-74.65245,40.55286],[-74.64796,40.55709],[-74.64584,40.56038],[-74.63751,40.56468],[-74.63021,40.56454],[-74.62612,40.56314],[-74.62203,40.56127],[-74.62033,40.55739],[-74.61622,40.55604],[-74.61258,40.5579],[-74.6081,40.55836],[-74.60353,40.55891],[-74.5968,40.55668],[-74.59377,40.55121],[-74.60062,40.55194],[-74.60063,40.54302],[-74.60515,40.54217],[-74.60429,40.53677],[-74.60246,40.53722],[-74.60048,40.53245],[-74.6076,40.53026],[-74.6092,40.5276],[-74.59843,40.52692],[-74.59762,40.52744],[-74.5893,40.52798],[-74.58998,40.52583],[-74.58936,40.52241],[-74.58641,40.51903],[-74.58001,40.51744],[-74.57677,40.51482],[-74.57629,40.51252],[-74.57715,40.50937],[-74.57884,40.50731],[-74.58681,40.5042],[-74.58711,40.50232],[-74.58423,40.49755],[-74.58354,40.49516],[-74.58024,40.48986],[-74.577,40.48321],[-74.57556,40.47873],[-74.576,40.47482],[-74.57257,40.47313],[-74.57264,40.47098],[-74.57629,40.46745],[-74.58001,40.46596],[-74.58324,40.46343],[-74.58776,40.4613],[-74.5917,40.45794],[-74.59497,40.45497],[-74.61573,40.45927],[-74.61896,40.46023],[-74.63674,40.46417],[-74.63605,40.46556],[-74.66515,40.47163],[-74.70182,40.46824],[-74.71533,40.44206],[-74.71646,40.44188],[-74.74021,40.43945],[-74.75201,40.43136],[-74.76259,40.45097],[-74.77234,40.46899],[-74.78249,40.48779],[-74.78931,40.49995],[-74.79788,40.51567],[-74.79619,40.51539],[-74.78857,40.51238],[-74.7849,40.50985]],[[-74.6875,40.51652],[-74.68457,40.51719],[-74.68298,40.52078],[-74.6875,40.52598],[-74.69204,40.52342],[-74.69369,40.51939],[-74.69295,40.51787],[-74.6875,40.51652]]]}},{"type":"Feature","properties":{"zcta":"11236","d":12637},"geometry":{"type":"Polygon","coordinates":[[[-73.90968,40.65414],[-73.90317,40.6553],[-73.89904,40.65737],[-73.898,40.6538],[-73.89551,40.65326],[-73.89369,40.65074],[-73.89125,40.65003],[-73.88959,40.64811],[-73.8763,40.63519],[-73.87635,40.63347],[-73.87804,40.63449],[-73.884,40.62877],[-73.88727,40.62616],[-73.88921,40.62558],[-73.89043,40.62221],[-73.89826,40.62299],[-73.90848,40.62798],[-73.9186,40.6321],[-73.91973,40.64273],[-73.92055,40.65046],[-73.9217,40.65437],[-73.90968,40.65414]]]}},{"type":"Feature","properties":{"zcta":"11237","d":24268},"geometry":{"type":"Polygon","coordinates":[[[-73.92271,40.71648],[-73.92404,40.71401],[-73.92074,40.71053],[-73.92189,40.7094],[-73.91181,40.70344],[-73.9129,40.70236],[-73.91068,40.70105],[-73.91181,40.69994],[-73.90426,40.6957],[-73.9058,40.69413],[-73.90159,40.69163],[-73.90394,40.69006],[-73.90885,40.69341],[-73.91186,40.69512],[-73.9103,40.6967],[-73.91181,40.69755],[-73.91336,40.69597],[-73.9161,40.69795],[-73.91782,40.69621],[-73.92759,40.70176],[-73.92931,40.7024],[-73.93224,40.7052],[-73.93207,40.70779],[-73.9348,40.71337],[-73.92271,40.71648]]]}},{"type":"Feature","properties":{"zcta":"11354","d":14527},"geometry":{"type":"Polygon","coordinates":[[[-73.84793,40.7786],[-73.84801,40.77696],[-73.84144,40.77655],[-73.84073,40.775],[-73.83849,40.77547],[-73.83886,40.77862],[-73.83633,40.77853],[-73.83343,40.77143],[-73.83016,40.77383],[-73.82853,40.77601],[-73.82167,40.77686],[-73.81454,40.77538],[-73.80669,40.77512],[-73.80398,40.77419],[-73.80615,40.77221],[-73.80556,40.76956],[-73.80721,40.7683],[-73.80796,40.7658],[-73.80751,40.76218],[-73.81609,40.76252],[-73.82974,40.75875],[-73.83792,40.75454],[-73.83862,40.75705],[-73.83682,40.76125],[-73.83692,40.76277],[-73.83942,40.76543],[-73.83985,40.76711],[-73.84395,40.7655],[-73.84723,40.76631],[-73.85126,40.77187],[-73.84915,40.77315],[-73.84941,40.77821],[-73.84793,40.7786]]]}},{"type":"Feature","properties":{"zcta":"10595","d":566},"geometry":{"type":"Polygon","coordinates":[[[-73.77699,41.09995],[-73.77436,41.09927],[-73.77428,41.09745],[-73.76417,41.09865],[-73.76331,41.11064],[-73.76389,41.11461],[-73.76099,41.11512],[-73.76087,41.11387],[-73.75079,41.11425],[-73.74841,41.11836],[-73.74815,41.12009],[-73.74535,41.11618],[-73.74242,41.11619],[-73.74095,41.11784],[-73.74109,41.11999],[-73.74323,41.1244],[-73.74021,41.12105],[-73.73975,41.11734],[-73.74105,41.11532],[-73.7474,41.11308],[-73.74892,41.1109],[-73.75113,41.10082],[-73.75381,41.09486],[-73.75485,41.09325],[-73.76278,41.08724],[-73.76498,41.08221],[-73.7653,41.07642],[-73.76653,41.07383],[-73.7688,41.06923],[-73.77078,41.06925],[-73.77133,41.06734],[-73.77399,41.06459],[-73.7734,41.06174],[-73.77958,41.0661],[-73.78072,41.0625],[-73.78366,41.05952],[-73.78706,41.05765],[-73.79115,41.06155],[-73.79295,41.06941],[-73.79128,41.07016],[-73.78693,41.06898],[-73.78626,41.07023],[-73.79307,41.07153],[-73.79984,41.07267],[-73.80158,41.07359],[-73.80573,41.06606],[-73.80751,41.06433],[-73.80716,41.06634],[-73.80531,41.0684],[-73.80547,41.07537],[-73.81779,41.07631],[-73.8191,41.08507],[-73.81463,41.08919],[-73.8109,41.08781],[-73.80727,41.08997],[-73.80345,41.09027],[-73.8005,41.082],[-73.7976,41.08551],[-73.80143,41.08941],[-73.80227,41.09523],[-73.79787,41.09929],[-73.79426,41.09712],[-73.79307,41.09315],[-73.79086,41.08893],[-73.78996,41.08873],[-73.79182,41.09284],[-73.7918,41.09592],[-73.7842,41.09657],[-73.78187,41.09796],[-73.78166,41.10228],[-73.77834,41.10325],[-73.77707,41.10466],[-73.77699,41.09995]]]}},{"type":"Feature","properties":{"zcta":"11357","d":7478},"geometry":{"type":"Polygon","coordinates":[[[-73.79058,40.78813],[-73.79494,40.78628],[-73.79199,40.7807],[-73.79092,40.77477],[-73.79167,40.77462],[-73.79338,40.77348],[-73.80109,40.77468],[-73.80398,40.77419],[-73.80669,40.77512],[-73.81454,40.77538],[-73.82167,40.77686],[-73.82853,40.77601],[-73.82528,40.7817],[-73.82678,40.78167],[-73.8269,40.78465],[-73.83014,40.78502],[-73.83102,40.78934],[-73.83198,40.78945],[-73.83139,40.79137],[-73.82837,40.7924],[-73.82802,40.79495],[-73.8291,40.79657],[-73.82409,40.79805],[-73.81991,40.80094],[-73.81289,40.79715],[-73.81254,40.79806],[-73.80534,40.79616],[-73.80012,40.79663],[-73.79481,40.79489],[-73.79521,40.79167],[-73.79388,40.78901],[-73.79083,40.78935],[-73.79058,40.78813]]]}},{"type":"Feature","properties":{"zcta":"11362","d":3634},"geometry":{"type":"Polygon","coordinates":[[[-73.75347,40.76545],[-73.75072,40.76651],[-73.74877,40.76408],[-73.74126,40.76571],[-73.73707,40.76879],[-73.73396,40.77245],[-73.71366,40.75994],[-73.71332,40.75973],[-73.71699,40.75943],[-73.72149,40.75643],[-73.72293,40.75413],[-73.72796,40.75003],[-73.72904,40.74723],[-73.73232,40.74365],[-73.7327,40.74385],[-73.74277,40.75162],[-73.74578,40.75156],[-73.75005,40.75841],[-73.7523,40.75946],[-73.75585,40.75777],[-73.75626,40.75843],[-73.758,40.76038],[-73.75851,40.76439],[-73.75347,40.76545]]]}},{"type":"Feature","properties":{"zcta":"11364","d":7553},"geometry":{"type":"Polygon","coordinates":[[[-73.76874,40.75536],[-73.76183,40.75671],[-73.75626,40.75843],[-73.75585,40.75777],[-73.7523,40.75946],[-73.75005,40.75841],[-73.74578,40.75156],[-73.74277,40.75162],[-73.7327,40.74385],[-73.73835,40.74034],[-73.74306,40.73547],[-73.74674,40.73258],[-73.74654,40.73578],[-73.7637,40.73286],[-73.76504,40.73448],[-73.76273,40.73526],[-73.76249,40.73673],[-73.76557,40.74326],[-73.76776,40.74583],[-73.77245,40.74392],[-73.77576,40.74337],[-73.77888,40.74859],[-73.77981,40.75189],[-73.76874,40.75536]]]}},{"type":"Feature","properties":{"zcta":"11219","d":22854},"geometry":{"type":"Polygon","coordinates":[[[-73.99398,40.6471],[-73.98906,40.64412],[-73.99193,40.6422],[-73.98957,40.64034],[-73.98118,40.6352],[-73.99729,40.61971],[-74.00022,40.62104],[-74.01206,40.62819],[-74.01214,40.62868],[-74.0127,40.62902],[-73.99773,40.64341],[-73.99398,40.6471]]]}},{"type":"Feature","properties":{"zcta":"11366","d":6340},"geometry":{"type":"Polygon","coordinates":[[[-73.80711,40.72794],[-73.80041,40.72837],[-73.78821,40.73136],[-73.7804,40.73399],[-73.77584,40.73649],[-73.77286,40.73628],[-73.77576,40.74337],[-73.77245,40.74392],[-73.76776,40.74583],[-73.76557,40.74326],[-73.76249,40.73673],[-73.76273,40.73526],[-73.76504,40.73448],[-73.7637,40.73286],[-73.76555,40.73254],[-73.76226,40.72961],[-73.75678,40.72631],[-73.75999,40.72588],[-73.76624,40.7264],[-73.77359,40.72474],[-73.77738,40.72244],[-73.77804,40.72328],[-73.77523,40.72524],[-73.77757,40.73019],[-73.78116,40.72921],[-73.7808,40.72843],[-73.7836,40.72841],[-73.79175,40.72578],[-73.79847,40.72353],[-73.80904,40.71991],[-73.81063,40.72442],[-73.81089,40.72717],[-73.80711,40.72794]]]}},{"type":"Feature","properties":{"zcta":"11372","d":46005},"geometry":{"type":"Polygon","coordinates":[[[-73.88258,40.75585],[-73.88219,40.75631],[-73.87222,40.75694],[-73.87207,40.75386],[-73.87029,40.74893],[-73.8905,40.74694],[-73.89183,40.74655],[-73.89445,40.74654],[-73.89731,40.75046],[-73.8958,40.75062],[-73.89652,40.75439],[-73.88258,40.75585]]]}},{"type":"Feature","properties":{"zcta":"11374","d":24592},"geometry":{"type":"Polygon","coordinates":[[[-73.86826,40.73249],[-73.86462,40.73427],[-73.85418,40.73695],[-73.85615,40.73565],[-73.8547,40.73283],[-73.85216,40.73295],[-73.85288,40.73043],[-73.85178,40.7277],[-73.85359,40.72713],[-73.85711,40.72176],[-73.85852,40.72153],[-73.8573,40.71146],[-73.85962,40.71035],[-73.85976,40.71184],[-73.86208,40.7122],[-73.85963,40.7136],[-73.8697,40.72515],[-73.87142,40.72547],[-73.87143,40.72925],[-73.86826,40.73249]]]}},{"type":"Feature","properties":{"zcta":"11385","d":13700},"geometry":{"type":"Polygon","coordinates":[[[-73.91566,40.71347],[-73.91495,40.71394],[-73.90477,40.71287],[-73.90285,40.71379],[-73.8902,40.70825],[-73.88553,40.70645],[-73.87492,40.70682],[-73.87016,40.70921],[-73.86208,40.7122],[-73.85976,40.71184],[-73.85962,40.71035],[-73.8573,40.71146],[-73.85668,40.70769],[-73.85475,40.70677],[-73.85464,40.70529],[-73.85215,40.70225],[-73.85858,40.70124],[-73.85815,40.7029],[-73.86325,40.70339],[-73.86916,40.70289],[-73.86931,40.69935],[-73.87071,40.6977],[-73.86892,40.69515],[-73.87402,40.69419],[-73.87962,40.69111],[-73.88452,40.68669],[-73.88961,40.68421],[-73.89252,40.68342],[-73.8942,40.68531],[-73.89652,40.6824],[-73.90116,40.68788],[-73.90159,40.69163],[-73.9058,40.69413],[-73.90426,40.6957],[-73.91181,40.69994],[-73.91068,40.70105],[-73.9129,40.70236],[-73.91181,40.70344],[-73.92189,40.7094],[-73.92074,40.71053],[-73.92404,40.71401],[-73.91566,40.71347]]]}},{"type":"Feature","properties":{"zcta":"11413","d":6849},"geometry":{"type":"Polygon","coordinates":[[[-73.76073,40.6851],[-73.75198,40.68815],[-73.7495,40.68815],[-73.74772,40.68994],[-73.74745,40.68935],[-73.7336,40.68553],[-73.7324,40.68467],[-73.734,40.68043],[-73.73626,40.67625],[-73.7415,40.66833],[-73.74193,40.66685],[-73.73856,40.6664],[-73.73955,40.66526],[-73.74282,40.66531],[-73.74487,40.66369],[-73.74858,40.65759],[-73.74892,40.65343],[-73.74655,40.65255],[-73.74612,40.64889],[-73.74835,40.64536],[-73.75162,40.64724],[-73.76735,40.65616],[-73.76582,40.6563],[-73.76615,40.65855],[-73.76767,40.65842],[-73.76819,40.66174],[-73.7655,40.66166],[-73.76353,40.66629],[-73.76225,40.67194],[-73.76405,40.67285],[-73.76368,40.67475],[-73.76203,40.67395],[-73.75801,40.67608],[-73.75983,40.67897],[-73.75805,40.67922],[-73.76061,40.68278],[-73.76073,40.6851]]]}},{"type":"Feature","properties":{"zcta":"11416","d":19290},"geometry":{"type":"Polygon","coordinates":[[[-73.84499,40.68916],[-73.83751,40.6913],[-73.83479,40.68558],[-73.83511,40.68509],[-73.85268,40.68008],[-73.86235,40.67916],[-73.86386,40.67947],[-73.8641,40.68237],[-73.86629,40.68319],[-73.84499,40.68916]]]}},{"type":"Feature","properties":{"zcta":"11420","d":11632},"geometry":{"type":"Polygon","coordinates":[[[-73.81359,40.68471],[-73.80802,40.68706],[-73.80589,40.6829],[-73.80179,40.67439],[-73.80122,40.66911],[-73.80166,40.66676],[-73.80196,40.6659],[-73.81055,40.66633],[-73.81207,40.66303],[-73.81334,40.66281],[-73.82301,40.66384],[-73.82683,40.66371],[-73.8327,40.66541],[-73.83331,40.66676],[-73.83698,40.67468],[-73.8359,40.67575],[-73.83208,40.67526],[-73.83094,40.67812],[-73.83216,40.67942],[-73.81359,40.68471]]]}},{"type":"Feature","properties":{"zcta":"11422","d":7969},"geometry":{"type":"Polygon","coordinates":[[[-73.74835,40.64536],[-73.74612,40.64889],[-73.74655,40.65255],[-73.74892,40.65343],[-73.74858,40.65759],[-73.74487,40.66369],[-73.74282,40.66531],[-73.73955,40.66526],[-73.73856,40.6664],[-73.74193,40.66685],[-73.7415,40.66833],[-73.73626,40.67625],[-73.734,40.68043],[-73.7324,40.68467],[-73.73222,40.68512],[-73.72586,40.68322],[-73.72563,40.67959],[-73.72754,40.67416],[-73.72822,40.66597],[-73.72815,40.66245],[-73.72621,40.65848],[-73.72498,40.65268],[-73.72853,40.65097],[-73.73513,40.64973],[-73.74144,40.64689],[-73.74143,40.6405],[-73.74228,40.64012],[-73.73947,40.63571],[-73.73996,40.63514],[-73.74258,40.63565],[-73.74127,40.63726],[-73.74394,40.63754],[-73.74602,40.63521],[-73.748,40.63463],[-73.74626,40.64049],[-73.75162,40.64724],[-73.74835,40.64536]]]}},{"type":"Feature","properties":{"zcta":"11434","d":9945},"geometry":{"type":"Polygon","coordinates":[[[-73.80166,40.66676],[-73.78941,40.66684],[-73.78808,40.67301],[-73.79047,40.67339],[-73.78943,40.67452],[-73.79113,40.67777],[-73.79391,40.6863],[-73.7937,40.68681],[-73.78644,40.68878],[-73.78078,40.69103],[-73.78169,40.69232],[-73.77784,40.69432],[-73.77731,40.69225],[-73.7699,40.69636],[-73.76929,40.69665],[-73.76521,40.69279],[-73.7662,40.69218],[-73.76305,40.68594],[-73.76061,40.68278],[-73.75805,40.67922],[-73.75983,40.67897],[-73.75801,40.67608],[-73.76203,40.67395],[-73.76368,40.67475],[-73.76405,40.67285],[-73.76225,40.67194],[-73.76353,40.66629],[-73.7655,40.66166],[-73.76819,40.66174],[-73.76767,40.65842],[-73.76615,40.65855],[-73.76582,40.6563],[-73.76735,40.65616],[-73.77383,40.65965],[-73.78079,40.66233],[-73.78505,40.66344],[-73.79509,40.66489],[-73.80216,40.66525],[-73.80196,40.6659],[-73.80166,40.66676]]]}},{"type":"Feature","properties":{"zcta":"11547","d":0},"geometry":{"type":"Polygon","coordinates":[[[-73.6486,40.82882],[-73.65227,40.83468],[-73.6325,40.83717],[-73.63165,40.83624],[-73.6368,40.83445],[-73.6403,40.83227],[-73.63927,40.82813],[-73.64126,40.82721],[-73.64088,40.82542],[-73.64337,40.82438],[-73.64454,40.82191],[-73.6471,40.82047],[-73.64654,40.81609],[-73.65001,40.81582],[-73.64967,40.8214],[-73.65057,40.8252],[-73.6522,40.82801],[-73.65096,40.82849],[-73.65253,40.82873],[-73.6526,40.82885],[-73.6486,40.82882]]]}},{"type":"Feature","properties":{"zcta":"11557","d":2015},"geometry":{"type":"Polygon","coordinates":[[[-73.68624,40.647],[-73.684,40.64773],[-73.68505,40.646],[-73.67935,40.64316],[-73.67687,40.64328],[-73.67796,40.64261],[-73.6785,40.63904],[-73.67656,40.63638],[-73.67333,40.63376],[-73.6774,40.62877],[-73.68227,40.62555],[-73.68842,40.62299],[-73.69461,40.62261],[-73.69199,40.62511],[-73.69217,40.62808],[-73.69647,40.62734],[-73.69926,40.63225],[-73.70548,40.63355],[-73.70479,40.63521],[-73.70804,40.63681],[-73.71068,40.64252],[-73.7095,40.64275],[-73.7104,40.64544],[-73.71463,40.64761],[-73.713,40.65026],[-73.70737,40.64854],[-73.70504,40.64493],[-73.70131,40.64496],[-73.69431,40.64718],[-73.68986,40.64998],[-73.68624,40.647]]]}},{"type":"Feature","properties":{"zcta":"10954","d":1831},"geometry":{"type":"Polygon","coordinates":[[[-74.02283,41.12243],[-74.02314,41.11845],[-74.01829,41.11903],[-74.01286,41.11888],[-74.01008,41.12213],[-74.00771,41.12156],[-74.00545,41.11975],[-73.99883,41.11998],[-73.99888,41.12167],[-73.99678,41.12042],[-73.98685,41.1212],[-73.98697,41.11812],[-73.98274,41.11193],[-73.98421,41.1091],[-73.98423,41.10557],[-73.98839,41.10179],[-73.99752,41.10214],[-73.99834,41.09222],[-73.99459,41.09111],[-73.99244,41.08848],[-73.99538,41.0884],[-73.99511,41.08526],[-73.99791,41.08538],[-73.99754,41.08347],[-73.99123,41.08265],[-73.99349,41.08126],[-73.99057,41.07878],[-73.98673,41.07872],[-73.98582,41.07524],[-73.99629,41.07513],[-73.99669,41.07403],[-74.00042,41.07395],[-74.00269,41.07898],[-74.00805,41.07956],[-74.00927,41.08029],[-74.01461,41.07965],[-74.01472,41.08022],[-74.03284,41.0785],[-74.0321,41.07628],[-74.03451,41.0761],[-74.03739,41.09307],[-74.03988,41.09222],[-74.04038,41.09749],[-74.03828,41.09822],[-74.03988,41.10733],[-74.03847,41.10739],[-74.03367,41.10487],[-74.02799,41.10253],[-74.02332,41.10365],[-74.01879,41.10391],[-74.02058,41.1053],[-74.02936,41.10653],[-74.03697,41.10792],[-74.04033,41.11049],[-74.03741,41.11018],[-74.03735,41.11531],[-74.03575,41.11553],[-74.03639,41.11775],[-74.0258,41.11845],[-74.02534,41.12277],[-74.02283,41.12243]]]}},{"type":"Feature","properties":{"zcta":"10956","d":1008},"geometry":{"type":"Polygon","coordinates":[[[-74.02798,41.16141],[-74.02939,41.16669],[-74.03272,41.17212],[-74.03011,41.16879],[-74.02776,41.16316],[-74.021,41.16313],[-74.01997,41.17683],[-74.02555,41.17725],[-74.02511,41.18143],[-74.02654,41.183],[-74.01919,41.18425],[-74.01852,41.18855],[-74.00509,41.19066],[-73.99013,41.19251],[-73.96835,41.18693],[-73.95727,41.17956],[-73.95892,41.17743],[-73.95526,41.17336],[-73.95741,41.17191],[-73.95777,41.16928],[-73.96055,41.16613],[-73.95655,41.1686],[-73.95317,41.16944],[-73.95691,41.15527],[-73.95944,41.14202],[-73.96052,41.13792],[-73.96428,41.1225],[-73.9694,41.12381],[-73.96988,41.12564],[-73.97305,41.12758],[-73.97554,41.12723],[-73.97554,41.12598],[-73.9796,41.12487],[-73.9806,41.12166],[-73.98685,41.1212],[-73.99678,41.12042],[-73.99888,41.12167],[-73.99883,41.11998],[-74.00545,41.11975],[-74.00771,41.12156],[-74.01008,41.12213],[-74.01286,41.11888],[-74.01829,41.11903],[-74.02314,41.11845],[-74.02283,41.12243],[-74.02534,41.12277],[-74.02263,41.144],[-74.02924,41.14431],[-74.03062,41.14482],[-74.0309,41.14753],[-74.03409,41.14721],[-74.03334,41.14932],[-74.03408,41.15706],[-74.03325,41.16083],[-74.02798,41.16141]],[[-73.96812,41.12638],[-73.96745,41.13026],[-73.96944,41.13017],[-73.96994,41.12752],[-73.96812,41.12638]]]}},{"type":"Feature","properties":{"zcta":"10970","d":391},"geometry":{"type":"Polygon","coordinates":[[[-74.11427,41.19334],[-74.11158,41.19416],[-74.10553,41.19725],[-74.10355,41.19485],[-74.10509,41.19191],[-74.09573,41.19284],[-74.09726,41.19373],[-74.09519,41.19576],[-74.09056,41.19362],[-74.08679,41.19656],[-74.08434,41.20034],[-74.08104,41.19822],[-74.0754,41.20374],[-74.07143,41.20146],[-74.06498,41.20769],[-74.06234,41.20788],[-74.06002,41.20654],[-74.05498,41.21244],[-74.0521,41.21114],[-74.05317,41.20781],[-74.05147,41.20846],[-74.05033,41.21295],[-74.0374,41.20521],[-74.03875,41.20182],[-74.03505,41.20218],[-74.02735,41.20416],[-74.02834,41.20169],[-74.02732,41.19636],[-74.02264,41.19705],[-74.01972,41.19238],[-74.01978,41.19054],[-74.01521,41.1928],[-74.01165,41.1922],[-74.00832,41.19318],[-74.00468,41.19216],[-74.00509,41.19066],[-74.01852,41.18855],[-74.01919,41.18425],[-74.02654,41.183],[-74.02511,41.18143],[-74.02555,41.17725],[-74.01997,41.17683],[-74.021,41.16313],[-74.02776,41.16316],[-74.03011,41.16879],[-74.03272,41.17212],[-74.02939,41.16669],[-74.02798,41.16141],[-74.03325,41.16083],[-74.03551,41.16097],[-74.03647,41.15547],[-74.03774,41.15402],[-74.04325,41.15452],[-74.04252,41.15883],[-74.03821,41.16186],[-74.03321,41.16145],[-74.03438,41.16916],[-74.04176,41.16689],[-74.04184,41.16428],[-74.04607,41.16374],[-74.0469,41.16716],[-74.05074,41.16741],[-74.05406,41.17029],[-74.0562,41.16965],[-74.06273,41.16968],[-74.06328,41.17374],[-74.06447,41.17424],[-74.06188,41.18347],[-74.06994,41.18285],[-74.07251,41.18461],[-74.07977,41.17851],[-74.08249,41.17671],[-74.08359,41.17412],[-74.08653,41.17357],[-74.09073,41.16917],[-74.09435,41.16683],[-74.10217,41.16727],[-74.11167,41.1692],[-74.12441,41.17348],[-74.13175,41.17529],[-74.13032,41.17983],[-74.12611,41.18202],[-74.12467,41.18478],[-74.11675,41.18941],[-74.11462,41.19204],[-74.11427,41.19334]]]}},{"type":"Feature","properties":{"zcta":"10980","d":298},"geometry":{"type":"Polygon","coordinates":[[[-74.02531,41.28951],[-74.02616,41.28645],[-74.02947,41.2804],[-74.03075,41.27668],[-74.03076,41.27404],[-74.02612,41.27219],[-74.02202,41.26957],[-74.02249,41.26697],[-74.01959,41.26505],[-74.017,41.26069],[-74.01345,41.25841],[-74.01159,41.26135],[-74.00253,41.25594],[-74.00396,41.25465],[-73.99977,41.25429],[-73.99354,41.25149],[-73.99272,41.24881],[-73.98784,41.24681],[-73.98554,41.24208],[-73.9839,41.24218],[-73.98054,41.24037],[-73.97663,41.24104],[-73.97642,41.24384],[-73.9709,41.24251],[-73.96926,41.24074],[-73.97353,41.23974],[-73.97553,41.23813],[-73.97486,41.2364],[-73.97605,41.22891],[-73.97221,41.22711],[-73.9691,41.22736],[-73.96695,41.22566],[-73.96312,41.22452],[-73.96412,41.2209],[-73.96937,41.22013],[-73.97344,41.21818],[-73.97304,41.2167],[-73.98606,41.21501],[-73.98587,41.214],[-73.99066,41.215],[-74.00623,41.21822],[-74.01757,41.22043],[-74.02331,41.21898],[-74.02716,41.22028],[-74.03363,41.22028],[-74.03243,41.21409],[-74.03275,41.20804],[-74.03505,41.20218],[-74.03875,41.20182],[-74.0374,41.20521],[-74.05033,41.21295],[-74.05147,41.20846],[-74.05317,41.20781],[-74.0521,41.21114],[-74.05498,41.21244],[-74.06002,41.20654],[-74.06234,41.20788],[-74.06498,41.20769],[-74.07143,41.20146],[-74.0754,41.20374],[-74.08104,41.19822],[-74.08434,41.20034],[-74.08679,41.19656],[-74.09056,41.19362],[-74.09519,41.19576],[-74.09726,41.19373],[-74.09573,41.19284],[-74.10509,41.19191],[-74.10355,41.19485],[-74.10553,41.19725],[-74.11158,41.19416],[-74.11427,41.19334],[-74.11462,41.19204],[-74.1361,41.19372],[-74.16179,41.19579],[-74.12799,41.21989],[-74.10854,41.23389],[-74.07489,41.25789],[-74.02651,41.29294],[-74.02531,41.28951]]]}},{"type":"Feature","properties":{"zcta":"10983","d":1524},"geometry":{"type":"Polygon","coordinates":[[[-73.93103,41.03386],[-73.93337,41.03248],[-73.92952,41.02742],[-73.93227,41.02534],[-73.93143,41.02371],[-73.93404,41.02182],[-73.93204,41.01991],[-73.93705,41.0165],[-73.93907,41.01365],[-73.95891,41.02255],[-73.96706,41.02621],[-73.96644,41.03213],[-73.96707,41.03549],[-73.96429,41.03575],[-73.9647,41.0379],[-73.95137,41.03771],[-73.95089,41.03838],[-73.94592,41.03569],[-73.94414,41.02982],[-73.94293,41.0316],[-73.93825,41.03331],[-73.9373,41.0348],[-73.9373,41.03785],[-73.93103,41.03386]]]}},{"type":"Feature","properties":{"zcta":"10989","d":1008},"geometry":{"type":"Polygon","coordinates":[[[-73.96052,41.13792],[-73.94913,41.13858],[-73.94796,41.13711],[-73.94888,41.13427],[-73.94302,41.13399],[-73.94242,41.13537],[-73.9377,41.13426],[-73.93081,41.13381],[-73.92917,41.13185],[-73.92677,41.13158],[-73.92653,41.12976],[-73.924,41.13056],[-73.92905,41.13435],[-73.93003,41.13685],[-73.92753,41.14488],[-73.92327,41.14949],[-73.9201,41.14848],[-73.91651,41.14529],[-73.91422,41.14224],[-73.91139,41.14476],[-73.90709,41.14304],[-73.90626,41.13556],[-73.90882,41.13532],[-73.91203,41.12362],[-73.91623,41.12108],[-73.92299,41.11821],[-73.92555,41.11838],[-73.92693,41.11606],[-73.92788,41.10919],[-73.92911,41.1082],[-73.92824,41.10605],[-73.93058,41.09872],[-73.93205,41.09851],[-73.9315,41.10083],[-73.93276,41.10193],[-73.93986,41.10312],[-73.93998,41.1042],[-73.94533,41.10207],[-73.94643,41.1006],[-73.94711,41.10563],[-73.95051,41.10647],[-73.95168,41.10454],[-73.95206,41.10999],[-73.9563,41.11083],[-73.95413,41.11224],[-73.95722,41.11185],[-73.95819,41.11409],[-73.96107,41.11475],[-73.95985,41.11647],[-73.95992,41.11885],[-73.96262,41.11775],[-73.96525,41.11782],[-73.96428,41.1225],[-73.96052,41.13792]]]}},{"type":"Feature","properties":{"zcta":"10993","d":2316},"geometry":{"type":"Polygon","coordinates":[[[-73.98587,41.214],[-73.98606,41.21501],[-73.97304,41.2167],[-73.97344,41.21818],[-73.96937,41.22013],[-73.96412,41.2209],[-73.96414,41.21899],[-73.96626,41.2204],[-73.9681,41.21984],[-73.96773,41.21596],[-73.96591,41.21456],[-73.96448,41.21664],[-73.96347,41.2153],[-73.96363,41.20894],[-73.962,41.20499],[-73.97289,41.20263],[-73.97485,41.20405],[-73.98009,41.20367],[-73.98403,41.2041],[-73.98323,41.20065],[-73.98479,41.20005],[-73.98591,41.20116],[-73.98607,41.20475],[-73.98908,41.20567],[-73.98887,41.20767],[-73.99189,41.20861],[-73.98753,41.20896],[-73.98786,41.21059],[-73.99066,41.215],[-73.98587,41.214]]]}},{"type":"Feature","properties":{"zcta":"11023","d":2488},"geometry":{"type":"Polygon","coordinates":[[[-73.75202,40.79757],[-73.74902,40.7999],[-73.75073,40.80214],[-73.74856,40.80409],[-73.74401,40.80429],[-73.73936,40.8059],[-73.73426,40.80606],[-73.72011,40.80766],[-73.71527,40.80879],[-73.71629,40.8051],[-73.7134,40.80347],[-73.71047,40.79655],[-73.70941,40.79272],[-73.71134,40.79216],[-73.71447,40.79447],[-73.72205,40.79342],[-73.72188,40.7948],[-73.72461,40.79536],[-73.72944,40.79473],[-73.73034,40.79377],[-73.73482,40.79777],[-73.73962,40.79655],[-73.7381,40.79438],[-73.74007,40.79371],[-73.74219,40.79547],[-73.74521,40.79467],[-73.74306,40.79073],[-73.74798,40.7877],[-73.74978,40.78471],[-73.75237,40.78686],[-73.75413,40.79629],[-73.75383,40.79767],[-73.75202,40.79757]],[[-73.71946,40.79437],[-73.71283,40.79515],[-73.71392,40.79923],[-73.7185,40.79914],[-73.71982,40.79813],[-73.71946,40.79437]]]}},{"type":"Feature","properties":{"zcta":"11024","d":922},"geometry":{"type":"Polygon","coordinates":[[[-73.75342,40.79953],[-73.75889,40.80223],[-73.76395,40.80694],[-73.76554,40.81087],[-73.75403,40.82094],[-73.7544,40.82684],[-73.75627,40.83047],[-73.75722,40.83389],[-73.75301,40.83839],[-73.747,40.83335],[-73.74272,40.83299],[-73.73888,40.82794],[-73.73192,40.82694],[-73.72998,40.82353],[-73.7267,40.8237],[-73.72185,40.82187],[-73.71717,40.81533],[-73.71765,40.81389],[-73.71527,40.80879],[-73.72011,40.80766],[-73.73426,40.80606],[-73.73936,40.8059],[-73.74401,40.80429],[-73.74856,40.80409],[-73.75073,40.80214],[-73.74902,40.7999],[-73.75202,40.79757],[-73.75383,40.79767],[-73.75342,40.79953]]]}},{"type":"Feature","properties":{"zcta":"11096","d":3390},"geometry":{"type":"Polygon","coordinates":[[[-73.74602,40.63521],[-73.74394,40.63754],[-73.74542,40.6336],[-73.74169,40.6309],[-73.74587,40.63145],[-73.74565,40.62875],[-73.74099,40.62302],[-73.73802,40.62342],[-73.73728,40.61836],[-73.73737,40.61492],[-73.74139,40.6142],[-73.74549,40.6118],[-73.75009,40.61164],[-73.75473,40.61041],[-73.76002,40.61135],[-73.76345,40.61369],[-73.76672,40.615],[-73.76757,40.62148],[-73.76855,40.62315],[-73.76742,40.62661],[-73.748,40.63463],[-73.74602,40.63521]]]}},{"type":"Feature","properties":{"zcta":"11101","d":10614},"geometry":{"type":"Polygon","coordinates":[[[-73.95621,40.74387],[-73.9548,40.74805],[-73.95684,40.74883],[-73.95137,40.75452],[-73.94471,40.76288],[-73.94247,40.76199],[-73.9433,40.76066],[-73.93792,40.75871],[-73.92727,40.75285],[-73.92495,40.75434],[-73.92246,40.75743],[-73.91447,40.75366],[-73.9115,40.75456],[-73.90985,40.75164],[-73.91526,40.75085],[-73.92525,40.74854],[-73.92763,40.7366],[-73.92577,40.73628],[-73.92583,40.73571],[-73.93161,40.73683],[-73.93742,40.73376],[-73.93149,40.72918],[-73.92751,40.72912],[-73.92906,40.72769],[-73.93752,40.72982],[-73.93966,40.73149],[-73.94216,40.73568],[-73.95267,40.73926],[-73.95706,40.73917],[-73.96248,40.7368],[-73.96262,40.73903],[-73.96138,40.7428],[-73.95973,40.74526],[-73.95621,40.74387]]]}},{"type":"Feature","properties":{"zcta":"11102","d":24702},"geometry":{"type":"Polygon","coordinates":[[[-73.92052,40.7759],[-73.91431,40.77152],[-73.91487,40.76947],[-73.91644,40.76973],[-73.92006,40.76581],[-73.9212,40.76371],[-73.92543,40.76527],[-73.93176,40.76858],[-73.93523,40.76953],[-73.93496,40.77173],[-73.93747,40.7725],[-73.93766,40.77509],[-73.93441,40.77809],[-73.93185,40.77789],[-73.92988,40.77622],[-73.92828,40.7769],[-73.92398,40.77461],[-73.92376,40.77655],[-73.922,40.77796],[-73.92052,40.7759]]]}},{"type":"Feature","properties":{"zcta":"11105","d":11373},"geometry":{"type":"Polygon","coordinates":[[[-73.89423,40.77815],[-73.89656,40.77625],[-73.8937,40.77423],[-73.90202,40.76742],[-73.91094,40.76885],[-73.91431,40.77152],[-73.92052,40.7759],[-73.922,40.77796],[-73.91797,40.78126],[-73.91997,40.78264],[-73.91717,40.78419],[-73.9103,40.79066],[-73.90018,40.78897],[-73.89583,40.78522],[-73.89875,40.78278],[-73.89606,40.78319],[-73.89166,40.78084],[-73.8912,40.77856],[-73.89252,40.77741],[-73.89423,40.77815]]]}},{"type":"Feature","properties":{"zcta":"11205","d":19545},"geometry":{"type":"Polygon","coordinates":[[[-73.97279,40.70938],[-73.96961,40.70763],[-73.96721,40.70426],[-73.96796,40.70258],[-73.96773,40.69772],[-73.96488,40.69771],[-73.95755,40.69927],[-73.95337,40.69941],[-73.95181,40.6916],[-73.95144,40.68976],[-73.95679,40.68887],[-73.95714,40.68996],[-73.96437,40.68943],[-73.96419,40.6884],[-73.97076,40.68764],[-73.97214,40.68958],[-73.97269,40.68742],[-73.97313,40.68962],[-73.9771,40.68977],[-73.97783,40.69344],[-73.98014,40.69468],[-73.98073,40.70127],[-73.97923,40.70577],[-73.97279,40.70938]]]}},{"type":"Feature","properties":{"zcta":"11210","d":17320},"geometry":{"type":"Polygon","coordinates":[[[-73.94265,40.64034],[-73.9425,40.63897],[-73.93776,40.63926],[-73.93751,40.63692],[-73.93561,40.63704],[-73.93439,40.63483],[-73.93389,40.62592],[-73.9369,40.62523],[-73.93561,40.62357],[-73.94266,40.61992],[-73.94242,40.61859],[-73.94483,40.61605],[-73.94759,40.61495],[-73.95071,40.61125],[-73.9531,40.61142],[-73.95446,40.62106],[-73.95717,40.63541],[-73.9584,40.63633],[-73.95374,40.63857],[-73.94829,40.63882],[-73.94841,40.63999],[-73.94552,40.64017],[-73.94265,40.64034]]]}},{"type":"Feature","properties":{"zcta":"11218","d":22948},"geometry":{"type":"Polygon","coordinates":[[[-73.9818,40.64713],[-73.98029,40.6473],[-73.9818,40.65525],[-73.97977,40.65723],[-73.9776,40.65587],[-73.97516,40.65872],[-73.97448,40.65834],[-73.9714,40.64826],[-73.96703,40.64995],[-73.96755,40.64768],[-73.96535,40.63865],[-73.96538,40.63628],[-73.97749,40.6306],[-73.97897,40.63348],[-73.98118,40.6352],[-73.98957,40.64034],[-73.99193,40.6422],[-73.98906,40.64412],[-73.9818,40.64713]]]}},{"type":"Feature","properties":{"zcta":"11221","d":29920},"geometry":{"type":"Polygon","coordinates":[[[-73.94054,40.69301],[-73.93413,40.69335],[-73.93515,40.69661],[-73.92839,40.69948],[-73.92759,40.70176],[-73.91782,40.69621],[-73.9161,40.69795],[-73.91336,40.69597],[-73.91181,40.69755],[-73.9103,40.6967],[-73.91186,40.69512],[-73.90885,40.69341],[-73.91288,40.6888],[-73.91605,40.68607],[-73.91793,40.68663],[-73.93789,40.68433],[-73.93822,40.68389],[-73.94396,40.6836],[-73.94564,40.69203],[-73.94054,40.69301]]]}},{"type":"Feature","properties":{"zcta":"11228","d":14321},"geometry":{"type":"Polygon","coordinates":[[[-74.01214,40.62868],[-74.01206,40.62819],[-74.00022,40.62104],[-73.99729,40.61971],[-74.00082,40.61631],[-74.01052,40.60699],[-74.01417,40.60399],[-74.01454,40.60209],[-74.01914,40.60285],[-74.0155,40.60684],[-74.0215,40.60783],[-74.02478,40.60968],[-74.02279,40.6146],[-74.02453,40.61545],[-74.02701,40.61269],[-74.02897,40.61352],[-74.0196,40.62429],[-74.01888,40.6243],[-74.01605,40.63103],[-74.01214,40.62868]]]}},{"type":"Feature","properties":{"zcta":"10579","d":139},"geometry":{"type":"Polygon","coordinates":[[[-73.88099,41.40836],[-73.87946,41.41294],[-73.87816,41.41381],[-73.87206,41.41298],[-73.86835,41.41602],[-73.8691,41.4191],[-73.86787,41.42302],[-73.86802,41.4275],[-73.86475,41.42807],[-73.86257,41.4268],[-73.86001,41.42826],[-73.85831,41.42756],[-73.85614,41.42927],[-73.85005,41.43077],[-73.84861,41.42833],[-73.84768,41.43036],[-73.84459,41.43225],[-73.84276,41.43529],[-73.84291,41.43968],[-73.84102,41.44246],[-73.84057,41.44509],[-73.83719,41.44688],[-73.83599,41.44862],[-73.83624,41.45163],[-73.83464,41.45374],[-73.83694,41.45305],[-73.83197,41.45635],[-73.83031,41.46163],[-73.82297,41.46754],[-73.82115,41.46807],[-73.81818,41.46834],[-73.81342,41.47082],[-73.80855,41.47505],[-73.80585,41.47538],[-73.81112,41.4651],[-73.80781,41.46402],[-73.80939,41.46268],[-73.80373,41.46189],[-73.80667,41.45772],[-73.80466,41.45748],[-73.8031,41.45567],[-73.79899,41.45849],[-73.79531,41.45838],[-73.7894,41.46143],[-73.79056,41.44736],[-73.78422,41.44782],[-73.78435,41.44398],[-73.78245,41.4423],[-73.78172,41.44003],[-73.78279,41.43614],[-73.78496,41.43276],[-73.78303,41.43116],[-73.7824,41.42896],[-73.7642,41.43015],[-73.76001,41.43388],[-73.76089,41.43149],[-73.76301,41.43026],[-73.76451,41.42948],[-73.76686,41.42551],[-73.77242,41.42087],[-73.77441,41.42023],[-73.7703,41.41733],[-73.76801,41.4181],[-73.77043,41.41294],[-73.77363,41.41258],[-73.77754,41.409],[-73.78044,41.40873],[-73.78972,41.39635],[-73.79314,41.39692],[-73.79712,41.39439],[-73.79722,41.39117],[-73.80015,41.38568],[-73.79972,41.37709],[-73.80147,41.36972],[-73.80269,41.36288],[-73.80542,41.35842],[-73.80997,41.35285],[-73.81211,41.34769],[-73.81252,41.34293],[-73.81572,41.33909],[-73.84583,41.33608],[-73.86193,41.33438],[-73.87505,41.33302],[-73.87431,41.33717],[-73.87511,41.33969],[-73.8772,41.33989],[-73.87666,41.34185],[-73.88064,41.34925],[-73.88194,41.3481],[-73.8872,41.35105],[-73.89245,41.34375],[-73.89172,41.35467],[-73.89135,41.3649],[-73.89042,41.37999],[-73.88938,41.38048],[-73.88535,41.37921],[-73.88315,41.38016],[-73.88189,41.38361],[-73.88403,41.38325],[-73.88397,41.38536],[-73.8859,41.38983],[-73.88746,41.39017],[-73.88986,41.38834],[-73.88826,41.40976],[-73.88099,41.40836]]]}},{"type":"Feature","properties":{"zcta":"10583","d":1538},"geometry":{"type":"Polygon","coordinates":[[[-73.84432,40.98969],[-73.84296,40.99191],[-73.84475,40.99203],[-73.84474,40.9945],[-73.84177,40.99929],[-73.83488,41.00377],[-73.83161,41.00825],[-73.82951,41.00836],[-73.82987,41.01169],[-73.82795,41.01511],[-73.82528,41.01738],[-73.82395,41.01718],[-73.82685,41.01364],[-73.82636,41.01031],[-73.82118,41.01104],[-73.82128,41.01191],[-73.81462,41.01202],[-73.81075,41.0139],[-73.80455,41.00864],[-73.80212,41.01009],[-73.80355,41.00566],[-73.80616,41.00149],[-73.80576,41.00048],[-73.81028,41.00065],[-73.80968,40.9979],[-73.80724,40.99689],[-73.80438,40.99702],[-73.80318,41.00012],[-73.80032,41.00431],[-73.79565,41.00966],[-73.79234,41.01418],[-73.78846,41.01837],[-73.78466,41.02159],[-73.78091,41.01652],[-73.77565,41.01288],[-73.77196,41.00836],[-73.76844,41.00252],[-73.7639,40.99862],[-73.75343,40.99378],[-73.75289,40.99225],[-73.75009,40.9922],[-73.74872,40.98945],[-73.74555,40.98809],[-73.74459,40.98495],[-73.74525,40.98289],[-73.7497,40.97806],[-73.75234,40.97693],[-73.75849,40.97683],[-73.75393,40.97232],[-73.75523,40.97135],[-73.75211,40.96892],[-73.75883,40.96299],[-73.75747,40.96161],[-73.76045,40.95944],[-73.7651,40.96093],[-73.76614,40.95879],[-73.7709,40.95488],[-73.77184,40.95586],[-73.77533,40.97638],[-73.77835,40.97479],[-73.77915,40.97179],[-73.78226,40.97145],[-73.78418,40.97307],[-73.78654,40.97192],[-73.78713,40.97408],[-73.79049,40.97343],[-73.79302,40.97198],[-73.79246,40.96949],[-73.79653,40.96578],[-73.80461,40.96483],[-73.80905,40.9656],[-73.80708,40.96981],[-73.8088,40.97083],[-73.81099,40.9641],[-73.81281,40.96453],[-73.81261,40.9662],[-73.81598,40.96876],[-73.817,40.96959],[-73.81513,40.97547],[-73.81989,40.97728],[-73.81781,40.97866],[-73.81966,40.97916],[-73.82197,40.97701],[-73.82439,40.97778],[-73.8239,40.98031],[-73.82792,40.98301],[-73.83042,40.97953],[-73.83123,40.98221],[-73.83086,40.98504],[-73.83341,40.98518],[-73.83413,40.9837],[-73.83565,40.98486],[-73.85439,40.98202],[-73.85338,40.98577],[-73.84958,40.98689],[-73.84757,40.98833],[-73.84432,40.98969]],[[-73.83004,40.98191],[-73.82815,40.98462],[-73.82995,40.98342],[-73.83004,40.98191]]]}},{"type":"Feature","properties":{"zcta":"10590","d":245},"geometry":{"type":"Polygon","coordinates":[[[-73.5907,41.28147],[-73.58011,41.28461],[-73.58063,41.28643],[-73.5762,41.28874],[-73.57818,41.29055],[-73.57631,41.29663],[-73.57341,41.29698],[-73.57369,41.29852],[-73.57885,41.29814],[-73.57867,41.29932],[-73.58167,41.29948],[-73.58046,41.30104],[-73.58593,41.29952],[-73.58571,41.30245],[-73.57432,41.30398],[-73.57116,41.30487],[-73.5499,41.30177],[-73.55096,41.29542],[-73.51838,41.25672],[-73.48271,41.21276],[-73.51259,41.19937],[-73.5243,41.21367],[-73.52797,41.21842],[-73.52269,41.22083],[-73.52028,41.22129],[-73.53074,41.23],[-73.53053,41.22699],[-73.53239,41.22343],[-73.5416,41.23475],[-73.53954,41.24047],[-73.5408,41.24053],[-73.54336,41.2377],[-73.54327,41.24037],[-73.54678,41.2409],[-73.54545,41.24644],[-73.5464,41.247],[-73.54554,41.24985],[-73.54247,41.25397],[-73.54513,41.2555],[-73.54775,41.25291],[-73.5506,41.253],[-73.5515,41.25088],[-73.55608,41.25102],[-73.56371,41.26013],[-73.56509,41.26],[-73.56587,41.26141],[-73.56889,41.26114],[-73.56996,41.26718],[-73.57394,41.26863],[-73.57484,41.27149],[-73.58018,41.27209],[-73.58328,41.27575],[-73.58845,41.27624],[-73.58882,41.27748],[-73.59213,41.2779],[-73.5907,41.28147]]]}},{"type":"Feature","properties":{"zcta":"10594","d":1081},"geometry":{"type":"Polygon","coordinates":[[[-73.7872,41.11748],[-73.78354,41.12086],[-73.78341,41.12455],[-73.78522,41.12658],[-73.77355,41.13108],[-73.77293,41.13296],[-73.77,41.13111],[-73.76987,41.12961],[-73.76692,41.12806],[-73.76655,41.12634],[-73.76438,41.12681],[-73.763,41.12261],[-73.75983,41.12305],[-73.76044,41.12657],[-73.75106,41.12105],[-73.74841,41.11836],[-73.75079,41.11425],[-73.76087,41.11387],[-73.76099,41.11512],[-73.76389,41.11461],[-73.76331,41.11064],[-73.76417,41.09865],[-73.77428,41.09745],[-73.77436,41.09927],[-73.77699,41.09995],[-73.77707,41.10466],[-73.77558,41.10809],[-73.78274,41.10811],[-73.78248,41.11114],[-73.78816,41.11103],[-73.78732,41.11174],[-73.79169,41.11404],[-73.79322,41.11402],[-73.7872,41.11748]]]}},{"type":"Feature","properties":{"zcta":"10607","d":1883},"geometry":{"type":"Polygon","coordinates":[[[-73.8383,41.0359],[-73.83647,41.03835],[-73.83492,41.04213],[-73.8328,41.04404],[-73.82677,41.0438],[-73.82636,41.03997],[-73.81899,41.04092],[-73.81929,41.04291],[-73.82245,41.0472],[-73.82237,41.04837],[-73.81735,41.04879],[-73.81716,41.04775],[-73.80771,41.04619],[-73.80758,41.04768],[-73.81021,41.04972],[-73.80881,41.05162],[-73.80673,41.04888],[-73.80391,41.04713],[-73.80179,41.04641],[-73.7924,41.04536],[-73.78531,41.04234],[-73.78232,41.04231],[-73.77607,41.04383],[-73.77799,41.0366],[-73.77583,41.0325],[-73.7763,41.03187],[-73.78008,41.03692],[-73.78608,41.03618],[-73.78507,41.03491],[-73.78863,41.03644],[-73.79101,41.03529],[-73.79255,41.03754],[-73.79246,41.03968],[-73.80443,41.03798],[-73.80466,41.03913],[-73.80805,41.03689],[-73.81454,41.03584],[-73.82385,41.03491],[-73.82669,41.02871],[-73.8268,41.02931],[-73.83176,41.02864],[-73.83152,41.02944],[-73.8386,41.03038],[-73.84361,41.02557],[-73.84295,41.02815],[-73.8393,41.03625],[-73.8383,41.0359]]]}},{"type":"Feature","properties":{"zcta":"10707","d":4113},"geometry":{"type":"Polygon","coordinates":[[[-73.83072,40.95608],[-73.82771,40.96452],[-73.82427,40.96879],[-73.82445,40.97009],[-73.82748,40.97067],[-73.8234,40.97085],[-73.82197,40.97701],[-73.81966,40.97916],[-73.81781,40.97866],[-73.81989,40.97728],[-73.81513,40.97547],[-73.817,40.96959],[-73.81598,40.96876],[-73.81826,40.96325],[-73.81351,40.96137],[-73.81565,40.95656],[-73.81738,40.95725],[-73.82122,40.94935],[-73.81722,40.94783],[-73.81837,40.94442],[-73.82135,40.94472],[-73.82914,40.94703],[-73.8336,40.9495],[-73.83072,40.95608]]]}},{"type":"Feature","properties":{"zcta":"10913","d":625},"geometry":{"type":"Polygon","coordinates":[[[-73.96362,41.08192],[-73.95976,41.0825],[-73.94782,41.08546],[-73.94166,41.08685],[-73.94183,41.07978],[-73.93626,41.08294],[-73.93479,41.08325],[-73.93142,41.08122],[-73.93119,41.07803],[-73.92927,41.07517],[-73.93234,41.0735],[-73.93183,41.07198],[-73.9273,41.07044],[-73.93234,41.06704],[-73.93314,41.06529],[-73.93778,41.06425],[-73.93981,41.06109],[-73.94381,41.05885],[-73.94822,41.0585],[-73.94915,41.06373],[-73.95062,41.06359],[-73.94938,41.05121],[-73.95237,41.05194],[-73.9523,41.05095],[-73.95788,41.05116],[-73.95816,41.05489],[-73.96499,41.05463],[-73.98199,41.05451],[-73.98198,41.0582],[-73.98548,41.0604],[-73.98647,41.0617],[-73.98533,41.06447],[-73.97826,41.06614],[-73.97554,41.07023],[-73.97198,41.07179],[-73.97264,41.07258],[-73.96968,41.07459],[-73.96704,41.07832],[-73.96362,41.08192]]]}},{"type":"Feature","properties":{"zcta":"11960","d":0},"geometry":{"type":"Polygon","coordinates":[[[-72.72138,40.819],[-72.71663,40.81959],[-72.71392,40.82109],[-72.71316,40.82034],[-72.71237,40.81908],[-72.71111,40.81242],[-72.70951,40.81383],[-72.70588,40.81298],[-72.70267,40.8193],[-72.69097,40.81832],[-72.6907,40.80836],[-72.69123,40.80401],[-72.69395,40.80037],[-72.69362,40.79707],[-72.70028,40.79674],[-72.7103,40.79932],[-72.71394,40.80077],[-72.72119,40.80599],[-72.72437,40.80925],[-72.7247,40.81179],[-72.72327,40.81317],[-72.72396,40.81591],[-72.72138,40.819]]]}},{"type":"Feature","properties":{"zcta":"11961","d":574},"geometry":{"type":"Polygon","coordinates":[[[-72.92391,40.91764],[-72.92369,40.91875],[-72.9068,40.92338],[-72.90441,40.9239],[-72.90178,40.92257],[-72.89675,40.92348],[-72.89848,40.93057],[-72.9011,40.93218],[-72.90181,40.9347],[-72.89566,40.93563],[-72.89137,40.92356],[-72.88447,40.92622],[-72.88204,40.92515],[-72.88126,40.9296],[-72.87874,40.93286],[-72.87763,40.94134],[-72.87634,40.94423],[-72.86675,40.94321],[-72.86303,40.94344],[-72.8612,40.93367],[-72.85423,40.93346],[-72.84588,40.93395],[-72.84532,40.92853],[-72.84253,40.91091],[-72.83964,40.89136],[-72.84959,40.89345],[-72.84932,40.89089],[-72.86862,40.89058],[-72.86747,40.873],[-72.87534,40.87471],[-72.87507,40.87572],[-72.87789,40.87646],[-72.87811,40.87858],[-72.88026,40.87832],[-72.88206,40.87626],[-72.88556,40.87686],[-72.88403,40.88147],[-72.88467,40.88899],[-72.8857,40.88713],[-72.89679,40.873],[-72.90012,40.86824],[-72.9011,40.86544],[-72.90411,40.86622],[-72.91375,40.86704],[-72.9287,40.86589],[-72.92615,40.86834],[-72.92312,40.87286],[-72.92273,40.87472],[-72.91904,40.88289],[-72.91782,40.88725],[-72.91797,40.89139],[-72.91706,40.89665],[-72.91526,40.90256],[-72.91507,40.90695],[-72.91851,40.90644],[-72.92231,40.90821],[-72.92931,40.90845],[-72.93086,40.90736],[-72.93528,40.90669],[-72.93923,40.90678],[-72.94195,40.90782],[-72.9409,40.91392],[-72.92391,40.91764]]]}},{"type":"Feature","properties":{"zcta":"11975","d":0},"geometry":{"type":"Polygon","coordinates":[[[-72.27039,40.9796],[-72.2691,40.98247],[-72.26597,40.98512],[-72.26192,40.98698],[-72.25872,40.98545],[-72.26103,40.98057],[-72.26092,40.97638],[-72.25912,40.97203],[-72.25531,40.96922],[-72.25548,40.9641],[-72.24772,40.96281],[-72.24317,40.95942],[-72.24411,40.95581],[-72.24093,40.95044],[-72.23765,40.95095],[-72.23125,40.95314],[-72.22915,40.95315],[-72.23115,40.94799],[-72.23118,40.94439],[-72.2302,40.94268],[-72.22908,40.93614],[-72.22986,40.9308],[-72.2293,40.92996],[-72.23604,40.92748],[-72.24541,40.92359],[-72.25171,40.93014],[-72.26295,40.9448],[-72.25652,40.9461],[-72.27197,40.96867],[-72.27552,40.9737],[-72.27307,40.97691],[-72.27039,40.9796]]]}},{"type":"Feature","properties":{"zcta":"11731","d":1913},"geometry":{"type":"Polygon","coordinates":[[[-73.33795,40.88272],[-73.34185,40.8917],[-73.33908,40.89257],[-73.33664,40.88995],[-73.33352,40.89296],[-73.3316,40.89319],[-73.32801,40.89157],[-73.32077,40.89213],[-73.31984,40.89455],[-73.31613,40.89275],[-73.31436,40.89021],[-73.31493,40.88438],[-73.31619,40.88116],[-73.28796,40.88232],[-73.28645,40.88013],[-73.28648,40.87635],[-73.28852,40.87322],[-73.28997,40.86939],[-73.2897,40.8672],[-73.29064,40.86117],[-73.29105,40.85245],[-73.31604,40.84863],[-73.30906,40.82708],[-73.30428,40.8241],[-73.29859,40.82131],[-73.29354,40.82121],[-73.29364,40.81848],[-73.30005,40.81926],[-73.30512,40.82125],[-73.31203,40.82587],[-73.31735,40.82737],[-73.32765,40.82829],[-73.32816,40.83202],[-73.32511,40.83236],[-73.32789,40.8341],[-73.33257,40.83452],[-73.33466,40.83649],[-73.33258,40.83781],[-73.33561,40.84584],[-73.33727,40.848],[-73.3363,40.85012],[-73.33681,40.85643],[-73.33627,40.86248],[-73.33698,40.8654],[-73.33959,40.86815],[-73.34056,40.86757],[-73.34453,40.87152],[-73.34186,40.8738],[-73.33841,40.87477],[-73.33884,40.88106],[-73.33795,40.88272]]]}},{"type":"Feature","properties":{"zcta":"07058","d":928},"geometry":{"type":"Polygon","coordinates":[[[-74.33493,40.86767],[-74.33268,40.86917],[-74.33165,40.86693],[-74.32653,40.86611],[-74.32533,40.86487],[-74.3216,40.86395],[-74.31916,40.86612],[-74.31747,40.86487],[-74.31776,40.86332],[-74.32088,40.86215],[-74.31888,40.85914],[-74.31955,40.85822],[-74.32459,40.85815],[-74.32594,40.85567],[-74.32527,40.85412],[-74.32697,40.85278],[-74.32744,40.85047],[-74.32985,40.8493],[-74.332,40.84935],[-74.33125,40.84673],[-74.33443,40.84657],[-74.33566,40.84786],[-74.33609,40.84488],[-74.33777,40.84385],[-74.34079,40.84589],[-74.34243,40.84957],[-74.34462,40.8506],[-74.34112,40.85208],[-74.34361,40.85605],[-74.34566,40.85744],[-74.34724,40.85634],[-74.34728,40.85883],[-74.34964,40.86394],[-74.35175,40.86522],[-74.35562,40.86712],[-74.35748,40.86666],[-74.3621,40.8675],[-74.36236,40.87045],[-74.36046,40.87267],[-74.36182,40.87524],[-74.35991,40.87468],[-74.36181,40.8783],[-74.35855,40.87864],[-74.36179,40.88716],[-74.35992,40.88664],[-74.35599,40.88867],[-74.35279,40.88627],[-74.35101,40.88751],[-74.34564,40.8872],[-74.34303,40.88552],[-74.34236,40.88183],[-74.34219,40.8753],[-74.34055,40.87325],[-74.34126,40.86971],[-74.34021,40.86987],[-74.33987,40.86704],[-74.33746,40.86778],[-74.33493,40.86767]]]}},{"type":"Feature","properties":{"zcta":"11932","d":0},"geometry":{"type":"Polygon","coordinates":[[[-72.30777,40.96333],[-72.30404,40.96377],[-72.29966,40.96557],[-72.30028,40.96947],[-72.2913,40.96941],[-72.29271,40.96521],[-72.28563,40.95475],[-72.28351,40.95593],[-72.28275,40.95062],[-72.28183,40.94941],[-72.29155,40.94768],[-72.28892,40.94071],[-72.28601,40.94065],[-72.28752,40.93031],[-72.28564,40.92432],[-72.29451,40.9148],[-72.29506,40.91359],[-72.29001,40.90614],[-72.32807,40.89164],[-72.32822,40.89248],[-72.33284,40.89442],[-72.33463,40.89649],[-72.32125,40.90373],[-72.31655,40.91098],[-72.31331,40.91163],[-72.31133,40.91616],[-72.31708,40.91575],[-72.31624,40.92081],[-72.32114,40.9211],[-72.3184,40.9262],[-72.31657,40.92524],[-72.31582,40.92892],[-72.31241,40.93348],[-72.31524,40.93743],[-72.32312,40.93446],[-72.32515,40.93931],[-72.32407,40.94035],[-72.33053,40.94353],[-72.33057,40.94569],[-72.32814,40.9514],[-72.32294,40.95833],[-72.31639,40.96137],[-72.30777,40.96333]]]}},{"type":"Feature","properties":{"zcta":"11934","d":950},"geometry":{"type":"Polygon","coordinates":[[[-72.79243,40.8238],[-72.7824,40.82471],[-72.78249,40.82406],[-72.77703,40.8249],[-72.77533,40.80941],[-72.76426,40.81228],[-72.76402,40.8102],[-72.77444,40.80804],[-72.77302,40.80597],[-72.77363,40.79631],[-72.77451,40.79279],[-72.7734,40.78639],[-72.77196,40.78339],[-72.77518,40.78245],[-72.77967,40.78367],[-72.78463,40.78298],[-72.79068,40.78394],[-72.79668,40.78584],[-72.79746,40.78482],[-72.80229,40.78471],[-72.80522,40.78306],[-72.80726,40.7773],[-72.8122,40.77687],[-72.81896,40.78377],[-72.81749,40.78656],[-72.816,40.79216],[-72.81692,40.79394],[-72.81596,40.79756],[-72.81065,40.80356],[-72.81386,40.81702],[-72.80938,40.81743],[-72.80909,40.82318],[-72.79243,40.8238]]]}},{"type":"Feature","properties":{"zcta":"11946","d":625},"geometry":{"type":"Polygon","coordinates":[[[-72.566,40.91114],[-72.56395,40.91523],[-72.56701,40.91665],[-72.56617,40.91723],[-72.56036,40.9144],[-72.55765,40.91389],[-72.55044,40.91418],[-72.54505,40.91187],[-72.53979,40.91031],[-72.53284,40.9072],[-72.52222,40.90148],[-72.5127,40.89819],[-72.50569,40.89636],[-72.50289,40.8978],[-72.50191,40.89535],[-72.49864,40.89472],[-72.4912,40.89514],[-72.48391,40.89637],[-72.47876,40.89816],[-72.47028,40.89626],[-72.46849,40.89487],[-72.4774,40.89362],[-72.48365,40.89214],[-72.48125,40.88685],[-72.49012,40.87565],[-72.47603,40.84043],[-72.48433,40.83869],[-72.54059,40.82263],[-72.53996,40.84685],[-72.5391,40.85153],[-72.54814,40.85302],[-72.55608,40.85376],[-72.5576,40.85827],[-72.56068,40.86402],[-72.56137,40.8759],[-72.56136,40.87834],[-72.55927,40.88147],[-72.55615,40.88819],[-72.55917,40.88889],[-72.56858,40.89285],[-72.56177,40.89426],[-72.56139,40.89521],[-72.56475,40.89703],[-72.56322,40.89921],[-72.56659,40.90352],[-72.56742,40.90586],[-72.57096,40.90541],[-72.57167,40.90721],[-72.566,40.91114]]]}},{"type":"Feature","properties":{"zcta":"11948","d":246},"geometry":{"type":"Polygon","coordinates":[[[-72.53811,40.97125],[-72.5419,40.96636],[-72.54489,40.96032],[-72.54881,40.95464],[-72.55144,40.95424],[-72.55811,40.94732],[-72.56103,40.94711],[-72.56332,40.94581],[-72.56469,40.94769],[-72.56754,40.9523],[-72.57275,40.95765],[-72.57028,40.96098],[-72.56494,40.9652],[-72.58242,40.9849],[-72.57595,40.98638],[-72.57237,40.98215],[-72.57159,40.9825],[-72.56064,40.97324],[-72.55498,40.97623],[-72.55531,40.97856],[-72.54913,40.97645],[-72.54624,40.97817],[-72.54074,40.97767],[-72.53657,40.97613],[-72.53721,40.97471],[-72.5358,40.97327],[-72.53811,40.97125]]]}},{"type":"Feature","properties":{"zcta":"11949","d":225},"geometry":{"type":"Polygon","coordinates":[[[-72.83787,40.91266],[-72.82935,40.91747],[-72.81979,40.92141],[-72.81073,40.9242],[-72.8019,40.92605],[-72.81964,40.90715],[-72.81688,40.90457],[-72.81396,40.90441],[-72.795,40.90598],[-72.79037,40.90593],[-72.78558,40.905],[-72.77512,40.90479],[-72.77389,40.90064],[-72.76847,40.90317],[-72.76277,40.90368],[-72.76026,40.90316],[-72.75663,40.90123],[-72.75268,40.90162],[-72.75453,40.89662],[-72.75626,40.89664],[-72.75992,40.89492],[-72.75959,40.89218],[-72.7605,40.88977],[-72.76345,40.8889],[-72.76338,40.88573],[-72.7468,40.88645],[-72.74117,40.89039],[-72.73916,40.88876],[-72.73776,40.88112],[-72.7361,40.87981],[-72.73512,40.87642],[-72.73539,40.8736],[-72.73437,40.86541],[-72.73374,40.86494],[-72.72458,40.87006],[-72.71398,40.87519],[-72.71395,40.87396],[-72.72339,40.84435],[-72.73565,40.84677],[-72.74021,40.84134],[-72.74673,40.83437],[-72.76394,40.82852],[-72.77312,40.82625],[-72.7824,40.82471],[-72.79243,40.8238],[-72.80909,40.82318],[-72.81566,40.82277],[-72.81584,40.82363],[-72.82093,40.82306],[-72.8202,40.82227],[-72.83357,40.82071],[-72.83722,40.81987],[-72.83853,40.8222],[-72.85135,40.82024],[-72.85193,40.83287],[-72.85428,40.83399],[-72.86038,40.83311],[-72.86506,40.83368],[-72.86567,40.85097],[-72.86632,40.85095],[-72.86728,40.86534],[-72.86747,40.873],[-72.86862,40.89058],[-72.84932,40.89089],[-72.84959,40.89345],[-72.83964,40.89136],[-72.84253,40.91091],[-72.83787,40.91266]]]}},{"type":"Feature","properties":{"zcta":"11950","d":2051},"geometry":{"type":"Polygon","coordinates":[[[-72.86038,40.83311],[-72.85428,40.83399],[-72.85193,40.83287],[-72.85135,40.82024],[-72.83853,40.8222],[-72.83722,40.81987],[-72.8399,40.81886],[-72.83684,40.81426],[-72.83449,40.80752],[-72.83274,40.80579],[-72.83155,40.80261],[-72.82943,40.79453],[-72.82363,40.78856],[-72.83437,40.78717],[-72.84565,40.78676],[-72.84604,40.78566],[-72.85088,40.78544],[-72.85137,40.78652],[-72.85663,40.78616],[-72.85756,40.7906],[-72.85936,40.79463],[-72.86065,40.80059],[-72.85864,40.80082],[-72.85822,40.8028],[-72.85963,40.80856],[-72.85414,40.81144],[-72.86319,40.81866],[-72.86401,40.82525],[-72.8631,40.82622],[-72.86498,40.82896],[-72.86506,40.83368],[-72.86038,40.83311]]]}},{"type":"Feature","properties":{"zcta":"11951","d":1013},"geometry":{"type":"Polygon","coordinates":[[[-72.84604,40.78566],[-72.84565,40.78676],[-72.83437,40.78717],[-72.82363,40.78856],[-72.81896,40.78377],[-72.8122,40.77687],[-72.81038,40.7745],[-72.80737,40.76872],[-72.8079,40.76379],[-72.81156,40.75779],[-72.81462,40.75648],[-72.82145,40.756],[-72.83156,40.75402],[-72.84037,40.75068],[-72.84328,40.75127],[-72.84351,40.74724],[-72.84871,40.74445],[-72.85324,40.74355],[-72.86284,40.74069],[-72.86395,40.74579],[-72.86286,40.74707],[-72.86126,40.75388],[-72.86425,40.75619],[-72.865,40.75849],[-72.86248,40.76051],[-72.86315,40.76506],[-72.85712,40.76598],[-72.85299,40.76609],[-72.85211,40.76707],[-72.85179,40.77365],[-72.84825,40.77971],[-72.85088,40.78544],[-72.84604,40.78566]]]}},{"type":"Feature","properties":{"zcta":"11755","d":1956},"geometry":{"type":"Polygon","coordinates":[[[-73.12378,40.87324],[-73.10664,40.88319],[-73.10361,40.88053],[-73.10383,40.87903],[-73.10729,40.87443],[-73.10624,40.86627],[-73.1082,40.86507],[-73.10728,40.85897],[-73.1087,40.85818],[-73.10947,40.85453],[-73.1038,40.85367],[-73.10148,40.84872],[-73.10618,40.84872],[-73.10741,40.84777],[-73.10662,40.84286],[-73.1087,40.84261],[-73.10779,40.83834],[-73.11267,40.83643],[-73.12036,40.83555],[-73.12241,40.83615],[-73.12553,40.84653],[-73.12842,40.84721],[-73.13193,40.84966],[-73.12961,40.85325],[-73.12735,40.85432],[-73.1296,40.86213],[-73.13879,40.86178],[-73.13588,40.86594],[-73.13123,40.86924],[-73.12378,40.87324]]]}},{"type":"Feature","properties":{"zcta":"11758","d":2646},"geometry":{"type":"Polygon","coordinates":[[[-73.4835,40.71703],[-73.47101,40.71727],[-73.46128,40.71735],[-73.45944,40.71828],[-73.45781,40.7173],[-73.45214,40.71735],[-73.4503,40.71451],[-73.45135,40.70898],[-73.45359,40.70808],[-73.4506,40.70663],[-73.45074,40.70561],[-73.45106,40.7006],[-73.45274,40.70012],[-73.45328,40.69657],[-73.45538,40.69154],[-73.45523,40.69046],[-73.45871,40.68504],[-73.46054,40.68385],[-73.46031,40.6811],[-73.46176,40.67744],[-73.46324,40.67583],[-73.46444,40.67107],[-73.45723,40.67081],[-73.45594,40.65969],[-73.455,40.65633],[-73.45482,40.65225],[-73.45231,40.65082],[-73.447,40.65707],[-73.4467,40.66143],[-73.45009,40.66348],[-73.45128,40.66649],[-73.45389,40.66646],[-73.45399,40.67017],[-73.45056,40.67376],[-73.44659,40.67228],[-73.44794,40.66637],[-73.44279,40.66663],[-73.43311,40.66922],[-73.43457,40.67192],[-73.43466,40.67422],[-73.43591,40.67297],[-73.43907,40.67302],[-73.43966,40.67006],[-73.43939,40.67835],[-73.44026,40.67889],[-73.438,40.69159],[-73.43724,40.69084],[-73.43805,40.68649],[-73.43172,40.6865],[-73.433,40.69046],[-73.43292,40.70054],[-73.4333,40.70606],[-73.43024,40.70639],[-73.42496,40.67889],[-73.4233,40.66913],[-73.42474,40.6662],[-73.42388,40.65597],[-73.42559,40.65629],[-73.42535,40.65182],[-73.42427,40.62749],[-73.42437,40.62321],[-73.42402,40.60958],[-73.45037,40.6035],[-73.4764,40.5989],[-73.47816,40.61017],[-73.47313,40.61353],[-73.47295,40.6155],[-73.47843,40.61239],[-73.47905,40.61737],[-73.47795,40.62055],[-73.47889,40.62876],[-73.48357,40.62785],[-73.48491,40.62824],[-73.48494,40.64505],[-73.48465,40.64878],[-73.48654,40.64887],[-73.48561,40.65035],[-73.48586,40.65472],[-73.48703,40.65557],[-73.48673,40.65853],[-73.48437,40.66175],[-73.48107,40.6676],[-73.48237,40.6689],[-73.48207,40.6787],[-73.48148,40.68379],[-73.48209,40.69129],[-73.478,40.69153],[-73.48019,40.69451],[-73.48247,40.70306],[-73.48295,40.70656],[-73.48271,40.71312],[-73.4835,40.71703]],[[-73.43748,40.68096],[-73.43672,40.68551],[-73.43892,40.68396],[-73.43924,40.67906],[-73.43748,40.68096]]]}},{"type":"Feature","properties":{"zcta":"11762","d":3847},"geometry":{"type":"MultiPolygon","coordinates":[[[[-73.43892,40.68396],[-73.43672,40.68551],[-73.43748,40.68096],[-73.43924,40.67906],[-73.43892,40.68396]]],[[[-73.44287,40.70453],[-73.44307,40.70528],[-73.4333,40.70606],[-73.43292,40.70054],[-73.433,40.69046],[-73.43172,40.6865],[-73.43805,40.68649],[-73.43724,40.69084],[-73.438,40.69159],[-73.44026,40.67889],[-73.43939,40.67835],[-73.43966,40.67006],[-73.43907,40.67302],[-73.43591,40.67297],[-73.43466,40.67422],[-73.43457,40.67192],[-73.43311,40.66922],[-73.44279,40.66663],[-73.44794,40.66637],[-73.44659,40.67228],[-73.45056,40.67376],[-73.45399,40.67017],[-73.45389,40.66646],[-73.45128,40.66649],[-73.45009,40.66348],[-73.4467,40.66143],[-73.447,40.65707],[-73.45231,40.65082],[-73.45482,40.65225],[-73.455,40.65633],[-73.45594,40.65969],[-73.45723,40.67081],[-73.46444,40.67107],[-73.46324,40.67583],[-73.46176,40.67744],[-73.46031,40.6811],[-73.46054,40.68385],[-73.45871,40.68504],[-73.45523,40.69046],[-73.45538,40.69154],[-73.45328,40.69657],[-73.45274,40.70012],[-73.45106,40.7006],[-73.45074,40.70561],[-73.44287,40.70453]]]]}},{"type":"Feature","properties":{"zcta":"11764","d":713},"geometry":{"type":"Polygon","coordinates":[[[-72.99593,40.9665],[-72.98405,40.9664],[-72.987,40.95452],[-72.98571,40.95372],[-72.98642,40.95072],[-72.97665,40.94898],[-72.96346,40.94523],[-72.95707,40.94531],[-72.95079,40.94488],[-72.9415,40.94527],[-72.93944,40.93486],[-72.94053,40.93225],[-72.94111,40.92093],[-72.94052,40.9179],[-72.9409,40.91392],[-72.94195,40.90782],[-72.95204,40.90829],[-72.95424,40.90793],[-72.95666,40.9049],[-72.96009,40.90596],[-72.96582,40.91369],[-72.97673,40.91288],[-72.98115,40.91354],[-72.98075,40.91066],[-72.98457,40.91071],[-72.98947,40.91623],[-72.99085,40.91712],[-72.99296,40.93039],[-72.99505,40.93236],[-72.99588,40.93465],[-72.99927,40.94056],[-73.01468,40.95316],[-73.01673,40.9562],[-73.02157,40.95838],[-73.019,40.96336],[-73.02086,40.96539],[-72.99593,40.9665]]]}},{"type":"Feature","properties":{"zcta":"11784","d":2412},"geometry":{"type":"Polygon","coordinates":[[[-73.05349,40.89272],[-73.05398,40.89649],[-73.05163,40.89641],[-73.05245,40.89439],[-73.05219,40.89045],[-73.05051,40.8905],[-73.05109,40.89244],[-73.04969,40.89392],[-73.04744,40.89345],[-73.04297,40.89472],[-73.03515,40.8885],[-73.03168,40.8839],[-73.02828,40.88122],[-73.0247,40.87637],[-73.02386,40.87296],[-73.02776,40.8724],[-73.03196,40.86702],[-73.02064,40.86823],[-73.01988,40.86292],[-73.01299,40.86428],[-73.01307,40.8624],[-73.01613,40.86261],[-73.01554,40.85575],[-73.02037,40.85438],[-73.02094,40.85611],[-73.02421,40.85499],[-73.02324,40.84945],[-73.02518,40.84985],[-73.0248,40.84647],[-73.03523,40.84589],[-73.03317,40.85026],[-73.03367,40.85446],[-73.04561,40.85104],[-73.04895,40.8497],[-73.0529,40.84649],[-73.05511,40.8431],[-73.05472,40.84039],[-73.05727,40.84001],[-73.05864,40.84599],[-73.0614,40.84882],[-73.06164,40.85186],[-73.05789,40.85245],[-73.05874,40.85985],[-73.06086,40.86651],[-73.06093,40.8699],[-73.0618,40.87074],[-73.05836,40.87119],[-73.05851,40.87827],[-73.0592,40.88325],[-73.06059,40.88318],[-73.06039,40.88879],[-73.05825,40.89041],[-73.06002,40.8923],[-73.05349,40.89272]]]}},{"type":"Feature","properties":{"zcta":"11792","d":451},"geometry":{"type":"Polygon","coordinates":[[[-72.86564,40.96454],[-72.83313,40.97012],[-72.80053,40.9667],[-72.77946,40.96559],[-72.78121,40.95857],[-72.77996,40.9588],[-72.78049,40.95616],[-72.78768,40.95439],[-72.79859,40.9511],[-72.80169,40.95564],[-72.80441,40.95617],[-72.80593,40.95468],[-72.80293,40.94977],[-72.81159,40.94722],[-72.82003,40.94901],[-72.81984,40.94599],[-72.81608,40.94651],[-72.81559,40.94296],[-72.80745,40.93986],[-72.80376,40.93731],[-72.79697,40.93421],[-72.80684,40.93245],[-72.80842,40.93156],[-72.82228,40.92579],[-72.82983,40.92346],[-72.82935,40.91747],[-72.83787,40.91266],[-72.84253,40.91091],[-72.84532,40.92853],[-72.84588,40.93395],[-72.85423,40.93346],[-72.8612,40.93367],[-72.86303,40.94344],[-72.86227,40.94355],[-72.86378,40.95242],[-72.86826,40.95374],[-72.8695,40.95486],[-72.86935,40.9578],[-72.86663,40.96447],[-72.86564,40.96454]]]}},{"type":"Feature","properties":{"zcta":"11565","d":4265},"geometry":{"type":"Polygon","coordinates":[[[-73.6676,40.68298],[-73.66179,40.68188],[-73.66264,40.68052],[-73.66246,40.67525],[-73.66014,40.6711],[-73.65819,40.66798],[-73.65939,40.6675],[-73.66438,40.66675],[-73.66987,40.6666],[-73.67428,40.67233],[-73.68368,40.66702],[-73.68279,40.66799],[-73.68601,40.67031],[-73.68131,40.67689],[-73.68198,40.68083],[-73.67979,40.68356],[-73.6676,40.68298]]]}},{"type":"Feature","properties":{"zcta":"11568","d":196},"geometry":{"type":"Polygon","coordinates":[[[-73.62319,40.79835],[-73.62185,40.80029],[-73.61992,40.80011],[-73.61402,40.80203],[-73.61273,40.8033],[-73.60914,40.80258],[-73.60792,40.80317],[-73.61195,40.80592],[-73.61065,40.8071],[-73.61059,40.8128],[-73.60655,40.81356],[-73.60364,40.81545],[-73.60287,40.81404],[-73.59657,40.81609],[-73.59348,40.8173],[-73.59026,40.81294],[-73.58732,40.80629],[-73.58557,40.80651],[-73.58079,40.80739],[-73.57697,40.8053],[-73.57194,40.80606],[-73.57303,40.80297],[-73.5665,40.79789],[-73.5657,40.79886],[-73.5634,40.7966],[-73.56424,40.79232],[-73.56614,40.79117],[-73.56584,40.78901],[-73.56902,40.78627],[-73.56741,40.78074],[-73.56556,40.78113],[-73.56553,40.7792],[-73.56883,40.77732],[-73.57178,40.77611],[-73.57088,40.77472],[-73.57663,40.77146],[-73.58319,40.76842],[-73.59206,40.76639],[-73.60059,40.76348],[-73.61292,40.7606],[-73.62127,40.75661],[-73.62379,40.75999],[-73.62514,40.76354],[-73.62578,40.77218],[-73.62513,40.77685],[-73.62412,40.77805],[-73.62141,40.79022],[-73.61786,40.79019],[-73.61752,40.79171],[-73.62224,40.7955],[-73.62319,40.79835]]]}},{"type":"Feature","properties":{"zcta":"11804","d":888},"geometry":{"type":"Polygon","coordinates":[[[-73.4581,40.77445],[-73.45754,40.77585],[-73.44945,40.77232],[-73.4441,40.78161],[-73.44022,40.76042],[-73.4433,40.75851],[-73.4451,40.75894],[-73.44487,40.75483],[-73.44673,40.7516],[-73.4498,40.74958],[-73.44971,40.74761],[-73.45144,40.74365],[-73.46293,40.74467],[-73.46859,40.73804],[-73.47039,40.73877],[-73.47274,40.74391],[-73.47369,40.74471],[-73.47295,40.74919],[-73.47386,40.75569],[-73.47159,40.75685],[-73.46875,40.7616],[-73.4581,40.77445]]]}},{"type":"Feature","properties":{"zcta":"11930","d":0},"geometry":{"type":"Polygon","coordinates":[[[-72.11637,40.9998],[-72.10901,40.99408],[-72.10216,40.99151],[-72.09546,40.99135],[-72.08304,40.99645],[-72.07995,41.00343],[-72.08006,41.00606],[-72.07749,41.00822],[-72.06291,41.01132],[-72.06259,41.0124],[-72.06008,41.01197],[-72.05622,41.01274],[-72.05771,41.01111],[-72.05794,41.00479],[-72.06105,41.00239],[-72.06192,40.99941],[-72.05747,40.99842],[-72.05273,40.99966],[-72.04935,40.99972],[-72.04422,41.00069],[-72.03755,41.00397],[-72.03499,41.00729],[-72.02657,41.00097],[-72.02936,40.99991],[-72.11445,40.97209],[-72.12306,40.96893],[-72.12674,40.97256],[-72.13429,40.96871],[-72.13971,40.96695],[-72.14216,40.97097],[-72.14496,40.97103],[-72.15115,40.96826],[-72.152,40.97193],[-72.15088,40.97238],[-72.15764,40.97954],[-72.15793,40.9841],[-72.16244,40.9871],[-72.16275,40.9905],[-72.16097,40.99259],[-72.15608,40.99342],[-72.14617,40.99122],[-72.14382,40.99016],[-72.14011,40.98695],[-72.13477,40.98905],[-72.13467,40.99419],[-72.13299,40.99563],[-72.13315,40.9985],[-72.13077,41.00072],[-72.12434,41.0053],[-72.12167,41.00789],[-72.11637,40.9998]]]}},{"type":"Feature","properties":{"zcta":"11575","d":5531},"geometry":{"type":"Polygon","coordinates":[[[-73.59447,40.68689],[-73.58896,40.69049],[-73.58667,40.69118],[-73.57502,40.69084],[-73.57249,40.68208],[-73.57163,40.6754],[-73.56915,40.66886],[-73.57317,40.66906],[-73.57359,40.6716],[-73.57702,40.66941],[-73.57727,40.6709],[-73.57995,40.67171],[-73.58438,40.67121],[-73.58434,40.67324],[-73.58821,40.67192],[-73.58839,40.67355],[-73.59791,40.67298],[-73.60167,40.67239],[-73.60062,40.67635],[-73.59871,40.68038],[-73.60048,40.68074],[-73.60195,40.68428],[-73.60144,40.68607],[-73.59447,40.68689]]]}},{"type":"Feature","properties":{"zcta":"11581","d":4147},"geometry":{"type":"Polygon","coordinates":[[[-73.72083,40.66592],[-73.70314,40.66119],[-73.70178,40.65981],[-73.6899,40.65796],[-73.6876,40.65628],[-73.68976,40.65208],[-73.68986,40.64998],[-73.69431,40.64718],[-73.70131,40.64496],[-73.70504,40.64493],[-73.70737,40.64854],[-73.713,40.65026],[-73.71463,40.64761],[-73.71599,40.64399],[-73.7223,40.64267],[-73.7246,40.64115],[-73.7321,40.63954],[-73.73314,40.63785],[-73.73338,40.63387],[-73.73636,40.63236],[-73.73788,40.63272],[-73.73996,40.63514],[-73.73947,40.63571],[-73.74228,40.64012],[-73.74143,40.6405],[-73.74144,40.64689],[-73.73513,40.64973],[-73.72853,40.65097],[-73.72498,40.65268],[-73.72621,40.65848],[-73.72815,40.66245],[-73.72822,40.66597],[-73.72083,40.66592]]]}},{"type":"Feature","properties":{"zcta":"11692","d":8784},"geometry":{"type":"Polygon","coordinates":[[[-73.80258,40.59432],[-73.80511,40.59715],[-73.80091,40.59939],[-73.79677,40.59938],[-73.79365,40.60262],[-73.78906,40.60562],[-73.78664,40.60326],[-73.79005,40.59937],[-73.79108,40.59663],[-73.78923,40.59673],[-73.7848,40.5977],[-73.78348,40.59704],[-73.78338,40.59272],[-73.78506,40.5922],[-73.7727,40.59312],[-73.77023,40.59398],[-73.76971,40.59116],[-73.77493,40.59076],[-73.80143,40.58566],[-73.80402,40.5865],[-73.80533,40.59052],[-73.80314,40.59066],[-73.80244,40.59264],[-73.80258,40.59432]]]}},{"type":"Feature","properties":{"zcta":"11701","d":3303},"geometry":{"type":"Polygon","coordinates":[[[-73.4193,40.70836],[-73.41486,40.71018],[-73.41158,40.71268],[-73.40858,40.71727],[-73.40537,40.71645],[-73.39687,40.7144],[-73.39661,40.71205],[-73.39786,40.71158],[-73.39662,40.70447],[-73.39793,40.70343],[-73.39837,40.70402],[-73.40531,40.70347],[-73.40799,40.7004],[-73.40415,40.69714],[-73.40526,40.69572],[-73.40425,40.69346],[-73.40562,40.69244],[-73.40898,40.69252],[-73.40829,40.69084],[-73.40924,40.6838],[-73.406,40.68366],[-73.40619,40.67164],[-73.40457,40.6698],[-73.40463,40.66778],[-73.39592,40.66841],[-73.39597,40.66316],[-73.39825,40.66075],[-73.39231,40.66071],[-73.39172,40.65919],[-73.39172,40.65416],[-73.40627,40.6516],[-73.42535,40.65182],[-73.42559,40.65629],[-73.42388,40.65597],[-73.42474,40.6662],[-73.4233,40.66913],[-73.42496,40.67889],[-73.43024,40.70639],[-73.4193,40.70836]]]}},{"type":"Feature","properties":{"zcta":"11716","d":652},"geometry":{"type":"Polygon","coordinates":[[[-73.15421,40.78993],[-73.12709,40.7872],[-73.11949,40.78684],[-73.10124,40.78286],[-73.08791,40.7824],[-73.08756,40.77802],[-73.08612,40.77752],[-73.08558,40.77112],[-73.08321,40.77123],[-73.08285,40.76457],[-73.09036,40.76311],[-73.09801,40.76095],[-73.1071,40.7575],[-73.10605,40.75323],[-73.10377,40.75076],[-73.10621,40.75055],[-73.11202,40.75006],[-73.11229,40.75449],[-73.11317,40.75509],[-73.12494,40.75223],[-73.13234,40.75001],[-73.14036,40.74866],[-73.15007,40.7479],[-73.14699,40.75333],[-73.14848,40.7568],[-73.148,40.7602],[-73.15195,40.7637],[-73.15333,40.76321],[-73.15687,40.76637],[-73.15717,40.77104],[-73.16076,40.77319],[-73.16346,40.77578],[-73.16506,40.77565],[-73.16969,40.77888],[-73.16834,40.78059],[-73.16946,40.78548],[-73.16564,40.79256],[-73.15421,40.78993]]]}},{"type":"Feature","properties":{"zcta":"11717","d":3162},"geometry":{"type":"Polygon","coordinates":[[[-73.29464,40.80476],[-73.28094,40.80517],[-73.27466,40.80507],[-73.26939,40.80581],[-73.24886,40.80719],[-73.2487,40.80602],[-73.2411,40.80651],[-73.24113,40.80775],[-73.23781,40.80796],[-73.23457,40.80682],[-73.23659,40.80658],[-73.23094,40.80368],[-73.22431,40.79363],[-73.22013,40.78626],[-73.2111,40.76886],[-73.20923,40.75565],[-73.21493,40.75599],[-73.2281,40.75476],[-73.23021,40.75656],[-73.24866,40.76422],[-73.25337,40.76579],[-73.2534,40.77701],[-73.25772,40.77688],[-73.25991,40.7757],[-73.25982,40.77715],[-73.29097,40.77018],[-73.2916,40.77189],[-73.2951,40.7711],[-73.29497,40.7843],[-73.29464,40.80476]]]}},{"type":"Feature","properties":{"zcta":"11718","d":1886},"geometry":{"type":"Polygon","coordinates":[[[-73.25131,40.70414],[-73.25129,40.70232],[-73.26107,40.70971],[-73.2651,40.71336],[-73.26704,40.71184],[-73.2696,40.71719],[-73.27178,40.7188],[-73.27491,40.73031],[-73.26732,40.73148],[-73.26292,40.73027],[-73.2611,40.72531],[-73.25893,40.72251],[-73.26587,40.71972],[-73.25882,40.71535],[-73.24887,40.70588],[-73.24889,40.70414],[-73.25131,40.70414]]]}},{"type":"Feature","properties":{"zcta":"11725","d":1541},"geometry":{"type":"Polygon","coordinates":[[[-73.27968,40.87345],[-73.27494,40.87395],[-73.27474,40.8693],[-73.26192,40.86961],[-73.25746,40.8684],[-73.25183,40.86819],[-73.24861,40.86639],[-73.24622,40.86135],[-73.24327,40.8601],[-73.24725,40.85972],[-73.24895,40.85735],[-73.25319,40.85616],[-73.25934,40.85514],[-73.25828,40.84744],[-73.26017,40.84606],[-73.25984,40.84293],[-73.25818,40.84276],[-73.25939,40.83587],[-73.25901,40.83243],[-73.25467,40.83095],[-73.25658,40.82992],[-73.26766,40.81963],[-73.2723,40.81774],[-73.27063,40.81712],[-73.27024,40.8145],[-73.274,40.81479],[-73.27422,40.81178],[-73.27049,40.81158],[-73.26939,40.80581],[-73.27466,40.80507],[-73.28094,40.80517],[-73.29464,40.80476],[-73.29364,40.81848],[-73.29354,40.82121],[-73.29859,40.82131],[-73.30428,40.8241],[-73.30906,40.82708],[-73.31604,40.84863],[-73.29105,40.85245],[-73.29064,40.86117],[-73.2897,40.8672],[-73.28997,40.86939],[-73.28852,40.87322],[-73.27968,40.87345]]]}},{"type":"Feature","properties":{"zcta":"11726","d":4636},"geometry":{"type":"Polygon","coordinates":[[[-73.39649,40.70137],[-73.3935,40.70022],[-73.39328,40.69411],[-73.39118,40.68865],[-73.38823,40.68241],[-73.38234,40.6713],[-73.38836,40.67],[-73.38776,40.66796],[-73.38387,40.6633],[-73.37897,40.6596],[-73.37617,40.6569],[-73.39172,40.65416],[-73.39172,40.65919],[-73.39231,40.66071],[-73.39825,40.66075],[-73.39597,40.66316],[-73.39592,40.66841],[-73.40463,40.66778],[-73.40457,40.6698],[-73.40619,40.67164],[-73.406,40.68366],[-73.40924,40.6838],[-73.40829,40.69084],[-73.40898,40.69252],[-73.40562,40.69244],[-73.40425,40.69346],[-73.40526,40.69572],[-73.40415,40.69714],[-73.40799,40.7004],[-73.40531,40.70347],[-73.39837,40.70402],[-73.39793,40.70343],[-73.39649,40.70137]]]}},{"type":"Feature","properties":{"zcta":"11766","d":1076},"geometry":{"type":"Polygon","coordinates":[[[-73.04093,40.9645],[-73.02086,40.96539],[-73.019,40.96336],[-73.02157,40.95838],[-73.01673,40.9562],[-73.01468,40.95316],[-72.99927,40.94056],[-72.99588,40.93465],[-72.99505,40.93236],[-72.99296,40.93039],[-72.99085,40.91712],[-72.98947,40.91623],[-72.98457,40.91071],[-72.97887,40.90528],[-72.98003,40.90373],[-72.98652,40.90659],[-72.98637,40.90765],[-73.00679,40.9141],[-73.00479,40.90152],[-73.01005,40.90186],[-73.00989,40.90012],[-73.01154,40.89995],[-73.01329,40.90381],[-73.00902,40.90456],[-73.00876,40.90737],[-73.00954,40.91244],[-73.01096,40.91529],[-73.02255,40.91878],[-73.02312,40.92115],[-73.02142,40.92147],[-73.02223,40.92799],[-73.02384,40.93063],[-73.02589,40.93002],[-73.02477,40.92434],[-73.02646,40.92414],[-73.03086,40.92701],[-73.03398,40.92833],[-73.03567,40.93314],[-73.03736,40.93614],[-73.03873,40.94103],[-73.04166,40.94415],[-73.04203,40.94941],[-73.04384,40.95159],[-73.04256,40.95584],[-73.04051,40.95761],[-73.04319,40.9626],[-73.04093,40.9645]]]}},{"type":"Feature","properties":{"zcta":"11767","d":1768},"geometry":{"type":"Polygon","coordinates":[[[-73.16205,40.85922],[-73.15584,40.86033],[-73.15369,40.85925],[-73.15365,40.8607],[-73.15014,40.8613],[-73.14392,40.86126],[-73.13879,40.86178],[-73.1296,40.86213],[-73.12735,40.85432],[-73.12961,40.85325],[-73.13193,40.84966],[-73.12842,40.84721],[-73.12553,40.84653],[-73.12241,40.83615],[-73.12475,40.83336],[-73.13145,40.83183],[-73.12634,40.83228],[-73.12831,40.8302],[-73.14467,40.82898],[-73.14783,40.82531],[-73.14853,40.82878],[-73.15471,40.82861],[-73.16759,40.82772],[-73.16812,40.8296],[-73.1644,40.83008],[-73.16381,40.83704],[-73.1671,40.83573],[-73.16588,40.83962],[-73.16454,40.8389],[-73.1632,40.84841],[-73.16221,40.85045],[-73.15886,40.85082],[-73.15903,40.85179],[-73.16243,40.85119],[-73.16514,40.85773],[-73.16205,40.85922]]]}},{"type":"Feature","properties":{"zcta":"11769","d":1250},"geometry":{"type":"Polygon","coordinates":[[[-73.15257,40.74796],[-73.15007,40.7479],[-73.14036,40.74866],[-73.13234,40.75001],[-73.12494,40.75223],[-73.11317,40.75509],[-73.11229,40.75449],[-73.11202,40.75006],[-73.10621,40.75055],[-73.10526,40.74511],[-73.09872,40.74464],[-73.09565,40.74555],[-73.09552,40.74071],[-73.10483,40.74105],[-73.10398,40.73744],[-73.10669,40.73744],[-73.10669,40.73465],[-73.10872,40.73451],[-73.10809,40.73008],[-73.10988,40.73099],[-73.11051,40.72795],[-73.10692,40.72219],[-73.10804,40.71719],[-73.1186,40.7241],[-73.12154,40.72514],[-73.12099,40.72667],[-73.12375,40.72668],[-73.12466,40.7236],[-73.12724,40.72162],[-73.14262,40.72305],[-73.15491,40.72637],[-73.15839,40.7318],[-73.15888,40.73548],[-73.15753,40.73876],[-73.1545,40.74136],[-73.15618,40.74456],[-73.15257,40.74796]]]}},{"type":"Feature","properties":{"zcta":"11770","d":0},"geometry":{"type":"Polygon","coordinates":[[[-73.13975,40.65034],[-73.13743,40.65195],[-73.12978,40.65434],[-73.12503,40.6544],[-73.11588,40.65661],[-73.10781,40.65652],[-73.10511,40.65727],[-73.10322,40.65618],[-73.12881,40.65182],[-73.12987,40.65418],[-73.1361,40.65207],[-73.13635,40.6483],[-73.14191,40.64706],[-73.1424,40.6481],[-73.14639,40.64705],[-73.14523,40.64542],[-73.15814,40.64272],[-73.16022,40.64718],[-73.16537,40.64312],[-73.166,40.64474],[-73.16095,40.64867],[-73.15302,40.64955],[-73.15084,40.64865],[-73.14737,40.64906],[-73.13975,40.65034]]]}},{"type":"Feature","properties":{"zcta":"11771","d":488},"geometry":{"type":"MultiPolygon","coordinates":[[[[-73.52752,40.91662],[-73.52142,40.9183],[-73.5212,40.91476],[-73.51546,40.91295],[-73.51197,40.91107],[-73.51149,40.90894],[-73.50932,40.90784],[-73.50806,40.90384],[-73.50837,40.90147],[-73.51289,40.90255],[-73.51716,40.90111],[-73.51978,40.89572],[-73.5212,40.89051],[-73.52025,40.88674],[-73.53309,40.8853],[-73.5338,40.89015],[-73.52833,40.89231],[-73.52358,40.89788],[-73.52263,40.9047],[-73.52358,40.90955],[-73.52873,40.91055],[-73.52804,40.9141],[-73.5288,40.91552],[-73.52752,40.91662]]],[[[-73.54782,40.90309],[-73.54901,40.89482],[-73.54711,40.88997],[-73.54806,40.88638],[-73.54589,40.8834],[-73.54743,40.8825],[-73.54953,40.88462],[-73.54919,40.88844],[-73.55044,40.89051],[-73.55387,40.89188],[-73.55053,40.89307],[-73.55236,40.89785],[-73.55479,40.89844],[-73.5555,40.90033],[-73.55797,40.90047],[-73.54782,40.90309]]],[[[-73.57162,40.8526],[-73.57005,40.85481],[-73.56709,40.86131],[-73.56831,40.86719],[-73.56526,40.86878],[-73.55886,40.86961],[-73.55423,40.87076],[-73.55132,40.87226],[-73.5481,40.86852],[-73.54303,40.86756],[-73.54126,40.87239],[-73.54188,40.87685],[-73.5281,40.87811],[-73.52192,40.87398],[-73.51502,40.87416],[-73.51075,40.8756],[-73.50623,40.87236],[-73.50552,40.8756],[-73.51146,40.88799],[-73.50861,40.89069],[-73.50885,40.89375],[-73.49886,40.89518],[-73.49482,40.89482],[-73.4915,40.89058],[-73.48959,40.88458],[-73.49102,40.88224],[-73.48793,40.87703],[-73.48492,40.87511],[-73.48849,40.87124],[-73.48591,40.86789],[-73.48656,40.86663],[-73.48612,40.86232],[-73.48751,40.86201],[-73.48449,40.85619],[-73.48238,40.85519],[-73.48469,40.85274],[-73.48662,40.8532],[-73.48802,40.85128],[-73.49358,40.8494],[-73.49579,40.84926],[-73.50175,40.8475],[-73.51325,40.84596],[-73.5174,40.8457],[-73.52013,40.85176],[-73.52036,40.85397],[-73.5261,40.8538],[-73.52968,40.85554],[-73.5351,40.8547],[-73.53518,40.8576],[-73.54252,40.85714],[-73.53938,40.85163],[-73.53728,40.85132],[-73.53516,40.85324],[-73.53587,40.85003],[-73.54442,40.84673],[-73.53957,40.84176],[-73.54336,40.84085],[-73.54576,40.84404],[-73.54412,40.84439],[-73.54597,40.84588],[-73.5527,40.84286],[-73.55553,40.83728],[-73.56006,40.83611],[-73.5635,40.83748],[-73.56329,40.83535],[-73.56606,40.83379],[-73.56866,40.83537],[-73.569,40.83755],[-73.57183,40.83656],[-73.57228,40.84043],[-73.5739,40.8406],[-73.57766,40.84466],[-73.57784,40.84606],[-73.57578,40.84688],[-73.57737,40.84967],[-73.57162,40.8526]]]]}},{"type":"Feature","properties":{"zcta":"11732","d":1230},"geometry":{"type":"Polygon","coordinates":[[[-73.56606,40.83379],[-73.56329,40.83535],[-73.5635,40.83748],[-73.56006,40.83611],[-73.55553,40.83728],[-73.5527,40.84286],[-73.54597,40.84588],[-73.54412,40.84439],[-73.54576,40.84404],[-73.54336,40.84085],[-73.53957,40.84176],[-73.54442,40.84673],[-73.53587,40.85003],[-73.53516,40.85324],[-73.53728,40.85132],[-73.53938,40.85163],[-73.54252,40.85714],[-73.53518,40.8576],[-73.5351,40.8547],[-73.52968,40.85554],[-73.5261,40.8538],[-73.52036,40.85397],[-73.52013,40.85176],[-73.5174,40.8457],[-73.52286,40.8443],[-73.52454,40.84321],[-73.52403,40.83892],[-73.52222,40.83906],[-73.52228,40.83497],[-73.52385,40.8359],[-73.52885,40.83515],[-73.53114,40.83958],[-73.53495,40.83894],[-73.53566,40.83557],[-73.53947,40.8322],[-73.5449,40.83268],[-73.55101,40.83183],[-73.55533,40.83459],[-73.55509,40.83193],[-73.56578,40.83079],[-73.56814,40.82916],[-73.56984,40.8307],[-73.56994,40.8353],[-73.56866,40.83537],[-73.56606,40.83379]]]}},{"type":"Feature","properties":{"zcta":"11783","d":3221},"geometry":{"type":"Polygon","coordinates":[[[-73.49093,40.71526],[-73.48873,40.72234],[-73.48695,40.72293],[-73.48459,40.72003],[-73.48729,40.71947],[-73.48566,40.71304],[-73.48271,40.71312],[-73.48295,40.70656],[-73.48247,40.70306],[-73.48019,40.69451],[-73.478,40.69153],[-73.48209,40.69129],[-73.48148,40.68379],[-73.48207,40.6787],[-73.48237,40.6689],[-73.48107,40.6676],[-73.48437,40.66175],[-73.48673,40.65853],[-73.48703,40.65557],[-73.48586,40.65472],[-73.48561,40.65035],[-73.48654,40.64887],[-73.48723,40.64608],[-73.49197,40.6483],[-73.49486,40.64705],[-73.50105,40.6457],[-73.50087,40.648],[-73.50447,40.6594],[-73.50577,40.6605],[-73.50681,40.66485],[-73.50097,40.66506],[-73.50129,40.67023],[-73.50192,40.67126],[-73.49847,40.67404],[-73.4934,40.67415],[-73.49526,40.68048],[-73.49563,40.68485],[-73.49483,40.6909],[-73.49378,40.69422],[-73.49073,40.701],[-73.4925,40.70102],[-73.49225,40.70538],[-73.49093,40.71526]]]}},{"type":"Feature","properties":{"zcta":"11739","d":0},"geometry":{"type":"Polygon","coordinates":[[[-73.1545,40.74136],[-73.15753,40.73876],[-73.15888,40.73548],[-73.15839,40.7318],[-73.15491,40.72637],[-73.14262,40.72305],[-73.12724,40.72162],[-73.13254,40.72],[-73.13522,40.71755],[-73.13921,40.71562],[-73.14385,40.71202],[-73.14694,40.70451],[-73.14666,40.691],[-73.17524,40.69261],[-73.17932,40.69309],[-73.1862,40.6952],[-73.19197,40.6984],[-73.18733,40.70529],[-73.18666,40.70697],[-73.18708,40.7104],[-73.1815,40.71699],[-73.1789,40.71683],[-73.17778,40.71851],[-73.17575,40.7173],[-73.17255,40.7169],[-73.16513,40.71446],[-73.16386,40.71919],[-73.16438,40.72462],[-73.16834,40.7305],[-73.1709,40.73563],[-73.16577,40.73677],[-73.16398,40.7381],[-73.16058,40.7427],[-73.15618,40.74456],[-73.1545,40.74136]]]}},{"type":"Feature","properties":{"zcta":"11740","d":1305},"geometry":{"type":"Polygon","coordinates":[[[-73.38482,40.8586],[-73.38463,40.86114],[-73.3794,40.86296],[-73.3807,40.86906],[-73.38369,40.87153],[-73.37623,40.87276],[-73.37598,40.87426],[-73.3734,40.87517],[-73.37077,40.87753],[-73.37218,40.88019],[-73.37151,40.88179],[-73.3678,40.88408],[-73.36177,40.87695],[-73.34997,40.87408],[-73.34538,40.87663],[-73.34596,40.87998],[-73.33884,40.88106],[-73.33841,40.87477],[-73.34186,40.8738],[-73.34453,40.87152],[-73.34056,40.86757],[-73.33959,40.86815],[-73.33698,40.8654],[-73.33627,40.86248],[-73.33681,40.85643],[-73.34226,40.85727],[-73.34282,40.85847],[-73.34598,40.85516],[-73.34795,40.85598],[-73.35265,40.85636],[-73.35478,40.85558],[-73.3561,40.85138],[-73.35777,40.85041],[-73.359,40.852],[-73.36126,40.85145],[-73.36468,40.85218],[-73.36432,40.85441],[-73.3658,40.85388],[-73.37109,40.85456],[-73.37221,40.85204],[-73.37445,40.85167],[-73.3739,40.8568],[-73.37746,40.85733],[-73.377,40.85402],[-73.38171,40.85203],[-73.3852,40.85429],[-73.38558,40.8531],[-73.39059,40.8563],[-73.38482,40.8586]]]}},{"type":"Feature","properties":{"zcta":"11747","d":861},"geometry":{"type":"Polygon","coordinates":[[[-73.4417,40.80215],[-73.43481,40.80273],[-73.427,40.80197],[-73.42389,40.80035],[-73.42151,40.79784],[-73.42156,40.80075],[-73.42301,40.80384],[-73.42625,40.80831],[-73.41945,40.80831],[-73.42244,40.81291],[-73.42632,40.816],[-73.42391,40.81758],[-73.42094,40.8155],[-73.41829,40.817],[-73.41613,40.8165],[-73.41233,40.81698],[-73.41182,40.8155],[-73.40801,40.81578],[-73.40789,40.81363],[-73.39761,40.81206],[-73.3836,40.81047],[-73.38075,40.80733],[-73.38219,40.80538],[-73.38698,40.80232],[-73.39498,40.79996],[-73.39497,40.79901],[-73.38653,40.80156],[-73.38347,40.79941],[-73.38137,40.7994],[-73.37941,40.80143],[-73.3797,40.79838],[-73.37728,40.79544],[-73.3806,40.79396],[-73.38529,40.79085],[-73.39001,40.78844],[-73.39301,40.78756],[-73.3983,40.78894],[-73.40004,40.7875],[-73.39498,40.78621],[-73.39545,40.78509],[-73.3731,40.78898],[-73.37041,40.78876],[-73.36955,40.78451],[-73.36497,40.77487],[-73.36052,40.76963],[-73.36019,40.76925],[-73.36907,40.76715],[-73.39181,40.76214],[-73.40288,40.75947],[-73.42228,40.7551],[-73.42229,40.75887],[-73.42611,40.76009],[-73.42788,40.75762],[-73.43437,40.75226],[-73.43862,40.75129],[-73.44022,40.76042],[-73.4441,40.78161],[-73.44481,40.7839],[-73.44867,40.80442],[-73.44876,40.805],[-73.4417,40.80215]]]}},{"type":"Feature","properties":{"zcta":"11749","d":875},"geometry":{"type":"Polygon","coordinates":[[[-73.19399,40.80668],[-73.19243,40.81245],[-73.17636,40.8128],[-73.16394,40.81395],[-73.16246,40.81463],[-73.16083,40.81732],[-73.15422,40.81737],[-73.15291,40.81738],[-73.15267,40.81432],[-73.15064,40.81043],[-73.15208,40.80873],[-73.15259,40.80548],[-73.15161,40.80085],[-73.17141,40.7967],[-73.17719,40.79548],[-73.17725,40.79982],[-73.17956,40.80043],[-73.18329,40.80287],[-73.18883,40.80429],[-73.18899,40.80245],[-73.19334,40.801],[-73.19403,40.8037],[-73.19709,40.8031],[-73.19729,40.80473],[-73.19399,40.80668]]]}},{"type":"Feature","properties":{"zcta":"11751","d":2006},"geometry":{"type":"Polygon","coordinates":[[[-73.21493,40.75599],[-73.20923,40.75565],[-73.20462,40.7553],[-73.20015,40.75568],[-73.19937,40.75369],[-73.20143,40.74724],[-73.2012,40.74272],[-73.20151,40.73383],[-73.20307,40.72705],[-73.20335,40.72138],[-73.20284,40.71698],[-73.20477,40.71156],[-73.2046,40.70413],[-73.20833,40.70205],[-73.2123,40.70071],[-73.21663,40.7],[-73.22318,40.70147],[-73.22537,40.70298],[-73.22592,40.71081],[-73.2236,40.72245],[-73.22347,40.72552],[-73.22486,40.72615],[-73.22463,40.73279],[-73.22748,40.7329],[-73.22762,40.73613],[-73.22854,40.73611],[-73.22873,40.73935],[-73.22475,40.73992],[-73.22652,40.7424],[-73.22695,40.74922],[-73.22884,40.75442],[-73.2281,40.75476],[-73.21493,40.75599]]]}},{"type":"Feature","properties":{"zcta":"11753","d":1674},"geometry":{"type":"Polygon","coordinates":[[[-73.56276,40.79614],[-73.55297,40.79751],[-73.54952,40.7998],[-73.54656,40.79828],[-73.54375,40.80162],[-73.54086,40.80286],[-73.53737,40.8014],[-73.53669,40.80661],[-73.53424,40.80624],[-73.53246,40.80882],[-73.53411,40.8091],[-73.53221,40.81191],[-73.53118,40.81144],[-73.53176,40.8086],[-73.52754,40.80409],[-73.52773,40.80228],[-73.51503,40.7974],[-73.51605,40.7913],[-73.51745,40.78458],[-73.52322,40.78191],[-73.5242,40.78249],[-73.53,40.77881],[-73.5309,40.77931],[-73.53523,40.77815],[-73.53927,40.77844],[-73.54464,40.77488],[-73.55103,40.77361],[-73.55429,40.77948],[-73.55847,40.78064],[-73.56753,40.77626],[-73.56883,40.77732],[-73.56553,40.7792],[-73.56556,40.78113],[-73.56741,40.78074],[-73.56902,40.78627],[-73.56584,40.78901],[-73.56614,40.79117],[-73.56424,40.79232],[-73.5634,40.7966],[-73.56276,40.79614]]]}},{"type":"Feature","properties":{"zcta":"07803","d":743},"geometry":{"type":"Polygon","coordinates":[[[-74.62033,40.87248],[-74.61654,40.87587],[-74.59653,40.90101],[-74.59425,40.8921],[-74.59316,40.88989],[-74.588,40.88944],[-74.58569,40.88697],[-74.57782,40.88602],[-74.57907,40.8776],[-74.58426,40.87198],[-74.59179,40.87349],[-74.59371,40.86854],[-74.59694,40.86924],[-74.59919,40.86692],[-74.59934,40.86516],[-74.60232,40.86259],[-74.60739,40.86241],[-74.61732,40.86455],[-74.62364,40.86683],[-74.6214,40.86857],[-74.62033,40.87248]]]}},{"type":"Feature","properties":{"zcta":"07718","d":1533},"geometry":{"type":"Polygon","coordinates":[[[-74.09454,40.42511],[-74.09401,40.4291],[-74.09195,40.43068],[-74.08737,40.43154],[-74.08842,40.43233],[-74.08419,40.43304],[-74.08251,40.43175],[-74.07972,40.43326],[-74.08141,40.43481],[-74.06879,40.428],[-74.06955,40.42709],[-74.07032,40.42129],[-74.07291,40.4213],[-74.07438,40.41734],[-74.07325,40.41325],[-74.07654,40.41329],[-74.0799,40.41215],[-74.08298,40.40651],[-74.0858,40.40663],[-74.0858,40.40438],[-74.09082,40.40722],[-74.09399,40.40655],[-74.09633,40.4092],[-74.09527,40.41218],[-74.10023,40.41465],[-74.10122,40.41704],[-74.09858,40.42216],[-74.09692,40.42237],[-74.09454,40.42511]]]}},{"type":"Feature","properties":{"zcta":"07739","d":1129},"geometry":{"type":"Polygon","coordinates":[[[-74.04885,40.3487],[-74.04738,40.34781],[-74.04645,40.34947],[-74.03767,40.35224],[-74.03177,40.34682],[-74.03298,40.34626],[-74.02559,40.3385],[-74.01892,40.33936],[-74.00945,40.33925],[-74.00319,40.33995],[-74.00356,40.33686],[-74.00266,40.33404],[-74.00492,40.33386],[-74.01398,40.33043],[-74.02197,40.32362],[-74.02697,40.32359],[-74.02939,40.32238],[-74.03292,40.32262],[-74.04091,40.32041],[-74.04299,40.32599],[-74.04641,40.32549],[-74.04709,40.32981],[-74.06369,40.33827],[-74.05839,40.34017],[-74.05825,40.34148],[-74.05215,40.3447],[-74.05246,40.34676],[-74.05114,40.34798],[-74.04885,40.3487]]]}},{"type":"Feature","properties":{"zcta":"07755","d":989},"geometry":{"type":"Polygon","coordinates":[[[-74.03691,40.27522],[-74.03232,40.27414],[-74.03189,40.27319],[-74.02762,40.27274],[-74.02594,40.2722],[-74.02222,40.27275],[-74.01621,40.2747],[-74.00981,40.27539],[-74.00912,40.26921],[-74.00219,40.2706],[-74.00017,40.26336],[-74.00028,40.25742],[-74.00305,40.25832],[-74.00315,40.25683],[-74.0112,40.257],[-74.01262,40.25314],[-74.01969,40.25349],[-74.02272,40.25356],[-74.0285,40.25257],[-74.03932,40.25183],[-74.03985,40.2547],[-74.04158,40.25467],[-74.04555,40.25769],[-74.04273,40.25769],[-74.04468,40.25943],[-74.04573,40.26346],[-74.04162,40.26242],[-74.0426,40.27128],[-74.04338,40.27341],[-74.03691,40.27522]]]}},{"type":"Feature","properties":{"zcta":"07410","d":3329},"geometry":{"type":"Polygon","coordinates":[[[-74.1428,40.94878],[-74.14003,40.95087],[-74.13631,40.9518],[-74.13716,40.95035],[-74.10708,40.95081],[-74.10006,40.95508],[-74.09999,40.95244],[-74.10123,40.95111],[-74.10111,40.9474],[-74.09475,40.9445],[-74.09288,40.9412],[-74.09432,40.93932],[-74.09379,40.9354],[-74.0918,40.93405],[-74.09318,40.93111],[-74.09321,40.92873],[-74.09054,40.9273],[-74.09086,40.92284],[-74.08951,40.91984],[-74.08941,40.91971],[-74.09949,40.92118],[-74.11344,40.91772],[-74.115,40.92188],[-74.12156,40.92012],[-74.12338,40.92437],[-74.13234,40.92243],[-74.13887,40.9232],[-74.14154,40.92574],[-74.14246,40.92936],[-74.14007,40.93217],[-74.14047,40.93601],[-74.14378,40.94055],[-74.14807,40.94164],[-74.14643,40.94844],[-74.1428,40.94878]]]}},{"type":"Feature","properties":{"zcta":"07620","d":0},"geometry":{"type":"Polygon","coordinates":[[[-73.93323,40.98233],[-73.929,40.98178],[-73.92542,40.9933],[-73.92178,41.00588],[-73.90269,40.9973],[-73.89363,40.99717],[-73.89614,40.98187],[-73.90728,40.9515],[-73.91425,40.92796],[-73.91994,40.91362],[-73.9275,40.91758],[-73.94223,40.92608],[-73.93577,40.93878],[-73.94276,40.94258],[-73.93626,40.95078],[-73.9399,40.95482],[-73.94466,40.95763],[-73.93942,40.96379],[-73.9351,40.97239],[-73.93437,40.97679],[-73.93323,40.98233]]]}},{"type":"Feature","properties":{"zcta":"07643","d":3930},"geometry":{"type":"Polygon","coordinates":[[[-74.04472,40.85376],[-74.04392,40.85912],[-74.03827,40.85888],[-74.03238,40.85863],[-74.02851,40.85418],[-74.03047,40.84648],[-74.02972,40.84266],[-74.03096,40.83823],[-74.02966,40.83328],[-74.03087,40.8316],[-74.03536,40.82862],[-74.03991,40.83054],[-74.03908,40.83065],[-74.0398,40.8342],[-74.04082,40.83392],[-74.04268,40.83626],[-74.0433,40.83928],[-74.04258,40.84099],[-74.04342,40.84341],[-74.04568,40.84334],[-74.04589,40.84615],[-74.05152,40.84795],[-74.05251,40.84909],[-74.05393,40.85396],[-74.05172,40.85761],[-74.04472,40.85376]]]}},{"type":"Feature","properties":{"zcta":"07701","d":1407},"geometry":{"type":"MultiPolygon","coordinates":[[[[-74.07704,40.32076],[-74.07578,40.32114],[-74.07604,40.31924],[-74.07704,40.32076]]],[[[-74.08207,40.32114],[-74.08234,40.32233],[-74.07641,40.32329],[-74.07767,40.32644],[-74.07943,40.32752],[-74.08062,40.33037],[-74.0739,40.33091],[-74.07289,40.32321],[-74.08207,40.32114]]],[[[-74.08497,40.38452],[-74.08402,40.38896],[-74.08228,40.3847],[-74.08497,40.38452]]],[[[-74.08101,40.38241],[-74.07599,40.38029],[-74.07289,40.38353],[-74.07233,40.38555],[-74.06541,40.38525],[-74.0629,40.38652],[-74.06146,40.38573],[-74.05305,40.39252],[-74.05035,40.38889],[-74.04752,40.38723],[-74.04576,40.38722],[-74.04343,40.38019],[-74.04413,40.37686],[-74.03907,40.37806],[-74.03804,40.37963],[-74.03671,40.37741],[-74.03208,40.37854],[-74.03109,40.37671],[-74.03369,40.37566],[-74.03982,40.37236],[-74.05182,40.36769],[-74.05921,40.36328],[-74.05205,40.35677],[-74.0498,40.35209],[-74.05145,40.35059],[-74.05114,40.34798],[-74.05246,40.34676],[-74.05215,40.3447],[-74.05825,40.34148],[-74.05839,40.34017],[-74.06369,40.33827],[-74.0749,40.33727],[-74.07439,40.33382],[-74.07563,40.33722],[-74.08728,40.33628],[-74.0875,40.33281],[-74.09006,40.33224],[-74.09257,40.33341],[-74.09581,40.33314],[-74.09536,40.32948],[-74.0963,40.32818],[-74.09583,40.32556],[-74.09887,40.32499],[-74.09904,40.33117],[-74.1008,40.33672],[-74.10215,40.33915],[-74.1058,40.34215],[-74.11147,40.34431],[-74.11339,40.35376],[-74.11271,40.36311],[-74.11189,40.36909],[-74.11017,40.3715],[-74.10742,40.37308],[-74.10167,40.37529],[-74.10669,40.38033],[-74.10685,40.38322],[-74.09549,40.38392],[-74.09678,40.38163],[-74.09432,40.38013],[-74.09204,40.38028],[-74.08765,40.37319],[-74.08266,40.37516],[-74.08413,40.37608],[-74.08238,40.37712],[-74.08181,40.3835],[-74.08228,40.3847],[-74.08101,40.38241]]]]}},{"type":"Feature","properties":{"zcta":"07304","d":12576},"geometry":{"type":"Polygon","coordinates":[[[-74.09857,40.72721],[-74.08977,40.72401],[-74.08522,40.73055],[-74.08083,40.72855],[-74.08187,40.72723],[-74.07822,40.72454],[-74.07573,40.72628],[-74.07254,40.72488],[-74.06951,40.72455],[-74.06852,40.72157],[-74.06692,40.72034],[-74.0657,40.72176],[-74.06642,40.72336],[-74.06378,40.72363],[-74.06277,40.72186],[-74.05925,40.72061],[-74.06033,40.71862],[-74.0572,40.71748],[-74.05446,40.71354],[-74.05481,40.7106],[-74.05613,40.70933],[-74.06395,40.7053],[-74.06878,40.70096],[-74.07249,40.70241],[-74.07013,40.70346],[-74.07181,40.70487],[-74.06945,40.70658],[-74.07096,40.70776],[-74.0696,40.71013],[-74.08372,40.7137],[-74.08635,40.71597],[-74.08786,40.71483],[-74.09431,40.71813],[-74.09551,40.71616],[-74.09933,40.71815],[-74.10172,40.71774],[-74.10377,40.71869],[-74.09857,40.72721]]]}},{"type":"Feature","properties":{"zcta":"07432","d":2323},"geometry":{"type":"Polygon","coordinates":[[[-74.13183,41.00668],[-74.13083,41.00259],[-74.13294,40.9955],[-74.12787,40.99445],[-74.13268,40.9858],[-74.13733,40.98185],[-74.14121,40.98276],[-74.14203,40.98546],[-74.14389,40.98732],[-74.15016,40.98722],[-74.15326,40.98945],[-74.15126,40.99301],[-74.15332,40.99674],[-74.15737,40.99906],[-74.15595,41.00154],[-74.14599,41.00192],[-74.1414,41.0059],[-74.13759,41.0078],[-74.13183,41.00668]]]}},{"type":"Feature","properties":{"zcta":"07456","d":237},"geometry":{"type":"Polygon","coordinates":[[[-74.30317,41.13779],[-74.30112,41.14021],[-74.29948,41.14385],[-74.29531,41.14658],[-74.29196,41.14798],[-74.29099,41.15003],[-74.2878,41.15216],[-74.28578,41.15204],[-74.28435,41.15507],[-74.28169,41.15722],[-74.28011,41.1604],[-74.28231,41.16141],[-74.28,41.16298],[-74.24317,41.14687],[-74.23416,41.14309],[-74.21133,41.13352],[-74.24895,41.06362],[-74.25046,41.06082],[-74.26287,41.0636],[-74.26713,41.06107],[-74.26993,41.06241],[-74.27454,41.06171],[-74.27663,41.06402],[-74.28394,41.06526],[-74.28164,41.07077],[-74.28239,41.07177],[-74.28638,41.07113],[-74.28608,41.06823],[-74.28902,41.06586],[-74.28697,41.06532],[-74.28976,41.06036],[-74.29008,41.05768],[-74.29161,41.05831],[-74.29308,41.05181],[-74.29757,41.0527],[-74.29776,41.05143],[-74.30236,41.05298],[-74.3002,41.0564],[-74.30429,41.05683],[-74.30191,41.05838],[-74.30172,41.06042],[-74.29975,41.06284],[-74.2964,41.06451],[-74.29575,41.06727],[-74.29805,41.07131],[-74.30329,41.07267],[-74.30538,41.07168],[-74.3098,41.07193],[-74.31193,41.07293],[-74.31324,41.07152],[-74.31682,41.07198],[-74.31819,41.07044],[-74.31771,41.06867],[-74.32525,41.06843],[-74.32821,41.06706],[-74.3464,41.06096],[-74.32337,41.10193],[-74.30317,41.13779]]]}},{"type":"Feature","properties":{"zcta":"08008","d":410},"geometry":{"type":"Polygon","coordinates":[[[-74.26306,39.59282],[-74.2582,39.59653],[-74.25642,39.59941],[-74.25554,39.60691],[-74.25681,39.61142],[-74.25634,39.61432],[-74.25444,39.61665],[-74.24831,39.62202],[-74.2464,39.62543],[-74.247,39.62938],[-74.24417,39.63671],[-74.24144,39.64059],[-74.23883,39.64253],[-74.2345,39.64374],[-74.2263,39.64093],[-74.21481,39.6405],[-74.21035,39.64114],[-74.20677,39.64311],[-74.20452,39.64067],[-74.20265,39.64041],[-74.19985,39.64197],[-74.19045,39.64464],[-74.18695,39.64734],[-74.18675,39.65136],[-74.18564,39.65405],[-74.17947,39.65777],[-74.18209,39.66177],[-74.18247,39.66381],[-74.17948,39.66834],[-74.16376,39.6851],[-74.16274,39.68766],[-74.15913,39.69056],[-74.15021,39.69304],[-74.14865,39.69861],[-74.14237,39.70519],[-74.14185,39.71535],[-74.15004,39.74214],[-74.15247,39.75012],[-74.15277,39.76065],[-74.15227,39.76517],[-74.15064,39.76934],[-74.14724,39.7727],[-74.14224,39.7756],[-74.1335,39.78528],[-74.10543,39.7675],[-74.10438,39.76698],[-74.10514,39.76505],[-74.10937,39.76356],[-74.1127,39.75841],[-74.11509,39.75157],[-74.11727,39.74942],[-74.12007,39.74487],[-74.12304,39.74217],[-74.11483,39.7389],[-74.11732,39.73533],[-74.14203,39.68979],[-74.19145,39.62528],[-74.24065,39.55575],[-74.24944,39.54824],[-74.26285,39.53145],[-74.2661,39.53035],[-74.28547,39.51214],[-74.29096,39.5088],[-74.30777,39.50849],[-74.3032,39.51432],[-74.29997,39.51681],[-74.29741,39.52202],[-74.29778,39.5255],[-74.29992,39.52294],[-74.30463,39.52472],[-74.30551,39.52624],[-74.30378,39.52826],[-74.30932,39.53437],[-74.3089,39.53791],[-74.31102,39.53846],[-74.31451,39.53786],[-74.31257,39.54126],[-74.31544,39.5412],[-74.31605,39.5449],[-74.32016,39.54407],[-74.3171,39.54684],[-74.31965,39.54875],[-74.31869,39.55331],[-74.32897,39.55778],[-74.32974,39.55929],[-74.33613,39.5643],[-74.33868,39.56321],[-74.34094,39.56363],[-74.34247,39.56525],[-74.33084,39.56659],[-74.32538,39.57531],[-74.32406,39.57678],[-74.26424,39.57633],[-74.26655,39.57947],[-74.26661,39.5853],[-74.26549,39.58901],[-74.26306,39.59282]]]}},{"type":"Feature","properties":{"zcta":"08050","d":478},"geometry":{"type":"Polygon","coordinates":[[[-74.15021,39.69304],[-74.15913,39.69056],[-74.16274,39.68766],[-74.16376,39.6851],[-74.17948,39.66834],[-74.18247,39.66381],[-74.18209,39.66177],[-74.17947,39.65777],[-74.18564,39.65405],[-74.18675,39.65136],[-74.18695,39.64734],[-74.19045,39.64464],[-74.19985,39.64197],[-74.20265,39.64041],[-74.20452,39.64067],[-74.20677,39.64311],[-74.21035,39.64114],[-74.21481,39.6405],[-74.2263,39.64093],[-74.2345,39.64374],[-74.23883,39.64253],[-74.24193,39.64446],[-74.23924,39.64469],[-74.23777,39.64784],[-74.23527,39.64902],[-74.22838,39.64481],[-74.22342,39.64552],[-74.22031,39.64426],[-74.21801,39.64498],[-74.21942,39.65055],[-74.22107,39.65356],[-74.2232,39.65512],[-74.2261,39.6557],[-74.22891,39.6606],[-74.23124,39.6616],[-74.23192,39.66486],[-74.23499,39.66416],[-74.24038,39.66489],[-74.24312,39.66734],[-74.24789,39.67322],[-74.24743,39.67571],[-74.24958,39.6762],[-74.25127,39.67916],[-74.25322,39.68023],[-74.2546,39.68433],[-74.25856,39.68869],[-74.25883,39.69282],[-74.26043,39.69404],[-74.26418,39.69437],[-74.26519,39.69287],[-74.26862,39.69083],[-74.26455,39.68944],[-74.26574,39.68752],[-74.2681,39.68668],[-74.27095,39.68929],[-74.27944,39.69359],[-74.27546,39.69913],[-74.27899,39.70055],[-74.28223,39.69607],[-74.28597,39.69338],[-74.28758,39.69509],[-74.28702,39.69796],[-74.28884,39.6988],[-74.28981,39.69695],[-74.29137,39.69814],[-74.29822,39.6904],[-74.30302,39.68226],[-74.34314,39.70705],[-74.34019,39.70862],[-74.33324,39.71126],[-74.33037,39.71309],[-74.32599,39.71079],[-74.32445,39.71103],[-74.3263,39.71582],[-74.32718,39.72132],[-74.32906,39.7273],[-74.33065,39.72977],[-74.32738,39.73503],[-74.331,39.7391],[-74.33562,39.74023],[-74.33427,39.74121],[-74.33382,39.74519],[-74.33174,39.74773],[-74.33112,39.75089],[-74.33228,39.75636],[-74.33045,39.75994],[-74.26781,39.74466],[-74.25606,39.74188],[-74.25099,39.73875],[-74.22441,39.72295],[-74.21128,39.71617],[-74.20841,39.71358],[-74.20489,39.71604],[-74.2014,39.71623],[-74.19871,39.71875],[-74.2008,39.72044],[-74.20009,39.72228],[-74.19846,39.72241],[-74.19804,39.72057],[-74.1965,39.72193],[-74.19301,39.72243],[-74.19155,39.72179],[-74.19148,39.72402],[-74.1882,39.72263],[-74.18458,39.72353],[-74.18102,39.72339],[-74.18057,39.72173],[-74.17831,39.72016],[-74.16008,39.71422],[-74.15895,39.71081],[-74.16639,39.7093],[-74.1604,39.70508],[-74.14865,39.69861],[-74.15021,39.69304]]]}},{"type":"Feature","properties":{"zcta":"07924","d":320},"geometry":{"type":"Polygon","coordinates":[[[-74.55602,40.75829],[-74.55264,40.75591],[-74.55087,40.75101],[-74.55291,40.74968],[-74.55009,40.74733],[-74.54911,40.74705],[-74.549,40.74094],[-74.55164,40.74041],[-74.55805,40.73604],[-74.55655,40.73478],[-74.56301,40.73029],[-74.56377,40.72907],[-74.55303,40.72259],[-74.55525,40.72144],[-74.55447,40.71858],[-74.55608,40.71793],[-74.5677,40.70662],[-74.5903,40.69974],[-74.60796,40.69441],[-74.6092,40.69608],[-74.61157,40.69532],[-74.61845,40.69521],[-74.61833,40.70461],[-74.61879,40.70731],[-74.62074,40.71165],[-74.61521,40.71503],[-74.61218,40.7194],[-74.612,40.72373],[-74.61509,40.72324],[-74.618,40.72047],[-74.62082,40.71678],[-74.62525,40.71506],[-74.63368,40.72254],[-74.62995,40.7252],[-74.62687,40.72533],[-74.62678,40.72755],[-74.62338,40.73088],[-74.62253,40.73467],[-74.62055,40.73592],[-74.6269,40.73773],[-74.6265,40.73926],[-74.62963,40.74152],[-74.55602,40.75829]]]}},{"type":"Feature","properties":{"zcta":"07926","d":0},"geometry":{"type":"Polygon","coordinates":[[[-74.56638,40.80571],[-74.56695,40.80428],[-74.56309,40.79856],[-74.56072,40.79762],[-74.56042,40.79573],[-74.56828,40.7944],[-74.57291,40.79977],[-74.57544,40.80093],[-74.57542,40.80291],[-74.57736,40.80487],[-74.56638,40.80571]]]}},{"type":"Feature","properties":{"zcta":"07931","d":80},"geometry":{"type":"MultiPolygon","coordinates":[[[[-74.64458,40.7649],[-74.64252,40.76473],[-74.6386,40.76072],[-74.63598,40.75456],[-74.63345,40.75351],[-74.63344,40.75085],[-74.63209,40.74935],[-74.63329,40.74664],[-74.6329,40.74261],[-74.63126,40.74114],[-74.62963,40.74152],[-74.6265,40.73926],[-74.6269,40.73773],[-74.62055,40.73592],[-74.62253,40.73467],[-74.62338,40.73088],[-74.62678,40.72755],[-74.62687,40.72533],[-74.62995,40.7252],[-74.63368,40.72254],[-74.62525,40.71506],[-74.62082,40.71678],[-74.618,40.72047],[-74.61509,40.72324],[-74.612,40.72373],[-74.61218,40.7194],[-74.61521,40.71503],[-74.62074,40.71165],[-74.61879,40.70731],[-74.61833,40.70461],[-74.61845,40.69521],[-74.61157,40.69532],[-74.6092,40.69608],[-74.60796,40.69441],[-74.5903,40.69974],[-74.58791,40.69717],[-74.58424,40.6914],[-74.58686,40.68808],[-74.58991,40.68788],[-74.58831,40.68151],[-74.58969,40.68034],[-74.59142,40.67235],[-74.58768,40.66993],[-74.58948,40.6685],[-74.5898,40.6659],[-74.59669,40.66614],[-74.59853,40.6645],[-74.59856,40.66604],[-74.60221,40.66578],[-74.60115,40.66265],[-74.60311,40.65987],[-74.60844,40.66169],[-74.60904,40.66015],[-74.61256,40.65921],[-74.61765,40.66375],[-74.61991,40.66346],[-74.62378,40.66723],[-74.63131,40.66794],[-74.63671,40.68225],[-74.63901,40.68336],[-74.64429,40.68453],[-74.64712,40.68845],[-74.64697,40.69153],[-74.64816,40.6943],[-74.6506,40.69644],[-74.65116,40.69789],[-74.64964,40.69986],[-74.64707,40.70072],[-74.6429,40.69758],[-74.63828,40.69888],[-74.63599,40.70023],[-74.63524,40.7034],[-74.63664,40.70904],[-74.63332,40.71287],[-74.63272,40.71542],[-74.63799,40.71772],[-74.63882,40.72109],[-74.64175,40.72475],[-74.64678,40.72368],[-74.65075,40.71934],[-74.65745,40.71667],[-74.65512,40.71866],[-74.65875,40.72174],[-74.65339,40.72503],[-74.65062,40.72892],[-74.65093,40.73029],[-74.65355,40.72938],[-74.65186,40.73372],[-74.65498,40.73489],[-74.65274,40.73625],[-74.66604,40.7332],[-74.66705,40.7335],[-74.66375,40.73948],[-74.66358,40.7436],[-74.65877,40.74794],[-74.65912,40.75098],[-74.66109,40.75314],[-74.65989,40.75562],[-74.65796,40.75658],[-74.65931,40.75743],[-74.65158,40.7633],[-74.64858,40.76309],[-74.64458,40.7649]]],[[[-74.71778,40.69784],[-74.71576,40.70029],[-74.71799,40.70331],[-74.71699,40.70494],[-74.72004,40.70636],[-74.71951,40.70778],[-74.72108,40.71283],[-74.72024,40.71514],[-74.71509,40.7139],[-74.71498,40.71285],[-74.7109,40.71349],[-74.7083,40.7128],[-74.70856,40.71137],[-74.70686,40.70293],[-74.70291,40.70407],[-74.69918,40.70751],[-74.69647,40.70675],[-74.69203,40.70894],[-74.69444,40.71346],[-74.69266,40.71613],[-74.69027,40.71764],[-74.69039,40.71959],[-74.69304,40.72369],[-74.6953,40.7246],[-74.69613,40.72631],[-74.71597,40.72176],[-74.72038,40.72075],[-74.71623,40.72376],[-74.71646,40.7294],[-74.71944,40.73288],[-74.71966,40.73498],[-74.71684,40.74105],[-74.71915,40.74379],[-74.7197,40.74602],[-74.7184,40.748],[-74.71213,40.74656],[-74.69436,40.74486],[-74.69261,40.74086],[-74.69133,40.74127],[-74.69116,40.744],[-74.68907,40.74505],[-74.6862,40.74488],[-74.68353,40.74724],[-74.68138,40.74573],[-74.68088,40.74375],[-74.67867,40.74542],[-74.67618,40.74451],[-74.6731,40.73992],[-74.67316,40.73777],[-74.67182,40.73538],[-74.66935,40.73421],[-74.67439,40.73371],[-74.67345,40.73151],[-74.67945,40.73013],[-74.67934,40.71933],[-74.67836,40.71931],[-74.6718,40.71422],[-74.66334,40.70811],[-74.66116,40.70466],[-74.65842,40.69816],[-74.65852,40.69563],[-74.66798,40.69468],[-74.66966,40.68873],[-74.66364,40.68691],[-74.66333,40.68084],[-74.66636,40.68152],[-74.66873,40.67963],[-74.66784,40.67875],[-74.67589,40.67719],[-74.6753,40.67573],[-74.67683,40.67353],[-74.68069,40.67188],[-74.68098,40.67406],[-74.68465,40.67875],[-74.69078,40.67838],[-74.69413,40.67995],[-74.69836,40.68077],[-74.70598,40.68535],[-74.71061,40.68314],[-74.71113,40.68213],[-74.71444,40.68228],[-74.72084,40.67927],[-74.71846,40.68057],[-74.71774,40.68399],[-74.71955,40.68542],[-74.72125,40.68515],[-74.72392,40.68815],[-74.72116,40.69158],[-74.72073,40.69683],[-74.71939,40.69766],[-74.71778,40.69784]]]]}},{"type":"Feature","properties":{"zcta":"07934","d":205},"geometry":{"type":"MultiPolygon","coordinates":[[[[-74.66705,40.7335],[-74.66604,40.7332],[-74.65274,40.73625],[-74.65498,40.73489],[-74.65186,40.73372],[-74.65355,40.72938],[-74.65093,40.73029],[-74.65062,40.72892],[-74.65339,40.72503],[-74.65875,40.72174],[-74.65512,40.71866],[-74.65745,40.71667],[-74.66045,40.71909],[-74.66143,40.71693],[-74.66708,40.72123],[-74.66783,40.72018],[-74.66268,40.71748],[-74.6595,40.71418],[-74.65791,40.70919],[-74.66132,40.7077],[-74.66275,40.70983],[-74.6639,40.70884],[-74.66205,40.70662],[-74.66116,40.70466],[-74.66334,40.70811],[-74.6718,40.71422],[-74.67836,40.71931],[-74.67934,40.71933],[-74.67945,40.73013],[-74.67345,40.73151],[-74.67439,40.73371],[-74.66935,40.73421],[-74.66705,40.7335]]],[[[-74.71618,40.71783],[-74.71597,40.72176],[-74.69613,40.72631],[-74.6953,40.7246],[-74.69304,40.72369],[-74.69039,40.71959],[-74.69027,40.71764],[-74.69266,40.71613],[-74.69444,40.71346],[-74.69203,40.70894],[-74.69647,40.70675],[-74.69918,40.70751],[-74.70291,40.70407],[-74.70686,40.70293],[-74.70856,40.71137],[-74.7083,40.7128],[-74.7109,40.71349],[-74.71498,40.71285],[-74.71509,40.7139],[-74.71618,40.71783]]]]}},{"type":"Feature","properties":{"zcta":"07935","d":135},"geometry":{"type":"Polygon","coordinates":[[[-74.4382,40.75231],[-74.43486,40.74789],[-74.43216,40.74645],[-74.43544,40.7435],[-74.43195,40.74014],[-74.43458,40.73772],[-74.43617,40.73881],[-74.43743,40.73614],[-74.44264,40.73023],[-74.44006,40.7271],[-74.44202,40.72537],[-74.44968,40.72382],[-74.45113,40.72586],[-74.44945,40.71739],[-74.4596,40.71411],[-74.46054,40.71743],[-74.4566,40.72363],[-74.45777,40.72695],[-74.45938,40.72593],[-74.46619,40.72563],[-74.46205,40.72964],[-74.46161,40.73118],[-74.45941,40.73198],[-74.45842,40.7346],[-74.46282,40.73424],[-74.46286,40.73755],[-74.46818,40.74141],[-74.47079,40.74204],[-74.47689,40.74204],[-74.47864,40.7452],[-74.48296,40.74893],[-74.47753,40.75084],[-74.47236,40.74898],[-74.46614,40.7494],[-74.46455,40.7467],[-74.45916,40.74343],[-74.45675,40.74085],[-74.45518,40.74499],[-74.45443,40.74122],[-74.45222,40.74166],[-74.44889,40.7395],[-74.44546,40.73983],[-74.44634,40.74458],[-74.44815,40.74683],[-74.44861,40.74942],[-74.44759,40.75263],[-74.44086,40.75378],[-74.43827,40.75355],[-74.4382,40.75231]]]}},{"type":"Feature","properties":{"zcta":"07936","d":755},"geometry":{"type":"Polygon","coordinates":[[[-74.40395,40.80039],[-74.40298,40.80298],[-74.39508,40.80854],[-74.39459,40.8106],[-74.39332,40.81277],[-74.38388,40.82497],[-74.37085,40.83574],[-74.3674,40.83606],[-74.3617,40.8405],[-74.35466,40.84146],[-74.35347,40.84348],[-74.34292,40.8464],[-74.34079,40.84589],[-74.33777,40.84385],[-74.33609,40.84488],[-74.33566,40.84786],[-74.33443,40.84657],[-74.33125,40.84673],[-74.332,40.84935],[-74.32985,40.8493],[-74.329,40.84573],[-74.32814,40.84414],[-74.32552,40.84362],[-74.3275,40.8413],[-74.32928,40.84175],[-74.32916,40.83856],[-74.33004,40.83517],[-74.32893,40.83143],[-74.3329,40.82946],[-74.33493,40.82763],[-74.3323,40.82207],[-74.33429,40.81841],[-74.33711,40.81554],[-74.33792,40.81354],[-74.34058,40.81249],[-74.3443,40.81372],[-74.34964,40.81216],[-74.35075,40.80722],[-74.35612,40.8038],[-74.35953,40.79988],[-74.36383,40.79932],[-74.36532,40.7955],[-74.39193,40.79803],[-74.38922,40.79404],[-74.41084,40.79265],[-74.40395,40.80039]]]}},{"type":"Feature","properties":{"zcta":"07977","d":0},"geometry":{"type":"Polygon","coordinates":[[[-74.65075,40.71934],[-74.64678,40.72368],[-74.64175,40.72475],[-74.63882,40.72109],[-74.63799,40.71772],[-74.63272,40.71542],[-74.63332,40.71287],[-74.63664,40.70904],[-74.63524,40.7034],[-74.63599,40.70023],[-74.63828,40.69888],[-74.6429,40.69758],[-74.64707,40.70072],[-74.64964,40.69986],[-74.65116,40.69789],[-74.6506,40.69644],[-74.65852,40.69563],[-74.65842,40.69816],[-74.66116,40.70466],[-74.66205,40.70662],[-74.6639,40.70884],[-74.66275,40.70983],[-74.66132,40.7077],[-74.65791,40.70919],[-74.6595,40.71418],[-74.66268,40.71748],[-74.66783,40.72018],[-74.66708,40.72123],[-74.66143,40.71693],[-74.66045,40.71909],[-74.65745,40.71667],[-74.65075,40.71934]]]}},{"type":"Feature","properties":{"zcta":"07979","d":0},"geometry":{"type":"Polygon","coordinates":[[[-74.72567,40.71953],[-74.72038,40.72075],[-74.71597,40.72176],[-74.71618,40.71783],[-74.71509,40.7139],[-74.72024,40.71514],[-74.72108,40.71283],[-74.71951,40.70778],[-74.72004,40.70636],[-74.71699,40.70494],[-74.71799,40.70331],[-74.71576,40.70029],[-74.71778,40.69784],[-74.71939,40.69766],[-74.71905,40.69905],[-74.72148,40.69909],[-74.72114,40.70501],[-74.72203,40.70958],[-74.72302,40.70804],[-74.73224,40.70713],[-74.73208,40.70827],[-74.7393,40.70743],[-74.73803,40.71187],[-74.7338,40.7167],[-74.72999,40.71724],[-74.73286,40.72008],[-74.72651,40.7196],[-74.72567,40.71953]]]}},{"type":"Feature","properties":{"zcta":"07981","d":762},"geometry":{"type":"Polygon","coordinates":[[[-74.44785,40.81068],[-74.4455,40.81375],[-74.4436,40.82073],[-74.44127,40.82747],[-74.43843,40.83259],[-74.45164,40.83841],[-74.42291,40.84431],[-74.40564,40.83893],[-74.39169,40.82914],[-74.38873,40.82599],[-74.38388,40.82497],[-74.39332,40.81277],[-74.39459,40.8106],[-74.39655,40.80939],[-74.40347,40.81496],[-74.40606,40.81317],[-74.42038,40.80716],[-74.42508,40.80315],[-74.43342,40.80334],[-74.43539,40.8051],[-74.44239,40.80821],[-74.44659,40.80585],[-74.45582,40.80569],[-74.44785,40.81068]]]}},{"type":"Feature","properties":{"zcta":"07834","d":762},"geometry":{"type":"Polygon","coordinates":[[[-74.52458,40.87973],[-74.51928,40.88078],[-74.51639,40.88074],[-74.51377,40.88391],[-74.51144,40.88458],[-74.5059,40.88213],[-74.50462,40.88551],[-74.4993,40.88796],[-74.50096,40.88999],[-74.49658,40.89566],[-74.4969,40.89741],[-74.49937,40.9014],[-74.49636,40.90187],[-74.48953,40.89926],[-74.49398,40.90326],[-74.50353,40.90937],[-74.50143,40.91132],[-74.50035,40.91486],[-74.49708,40.91687],[-74.48711,40.92513],[-74.48651,40.92627],[-74.48719,40.93009],[-74.48534,40.93162],[-74.48106,40.93241],[-74.4773,40.9293],[-74.47916,40.92544],[-74.48425,40.92215],[-74.47612,40.91721],[-74.47209,40.92144],[-74.47017,40.92036],[-74.46577,40.92341],[-74.45905,40.91986],[-74.45785,40.92169],[-74.45662,40.92062],[-74.45776,40.91923],[-74.43822,40.9094],[-74.44066,40.90724],[-74.45575,40.89391],[-74.45637,40.89473],[-74.45939,40.89232],[-74.45888,40.89115],[-74.46607,40.88489],[-74.45301,40.88026],[-74.4497,40.87968],[-74.4477,40.87687],[-74.45157,40.87652],[-74.45158,40.87351],[-74.44922,40.87419],[-74.45048,40.86901],[-74.4458,40.86798],[-74.44077,40.86903],[-74.43882,40.87078],[-74.43973,40.86651],[-74.44858,40.86797],[-74.45659,40.8685],[-74.46117,40.87059],[-74.46618,40.87536],[-74.46722,40.87232],[-74.46998,40.87591],[-74.475,40.87573],[-74.47644,40.87647],[-74.47864,40.8747],[-74.48138,40.87249],[-74.49583,40.86164],[-74.50108,40.86363],[-74.49852,40.86108],[-74.49994,40.86064],[-74.50323,40.86272],[-74.51066,40.85729],[-74.50821,40.85635],[-74.51007,40.85441],[-74.51447,40.85208],[-74.5131,40.84881],[-74.51919,40.84424],[-74.53357,40.83346],[-74.53339,40.83651],[-74.52536,40.87883],[-74.52458,40.87973]]]}},{"type":"Feature","properties":{"zcta":"07852","d":733},"geometry":{"type":"Polygon","coordinates":[[[-74.68716,40.90129],[-74.68193,40.90287],[-74.67953,40.90461],[-74.67616,40.90176],[-74.67263,40.90011],[-74.67551,40.89999],[-74.67581,40.89887],[-74.67321,40.89268],[-74.66931,40.89282],[-74.65662,40.89211],[-74.65224,40.89178],[-74.64718,40.89255],[-74.63903,40.89482],[-74.63664,40.89398],[-74.64541,40.88658],[-74.64561,40.88288],[-74.64244,40.87918],[-74.64269,40.87587],[-74.64509,40.87325],[-74.6471,40.87341],[-74.6626,40.86463],[-74.66559,40.86535],[-74.66379,40.86747],[-74.66555,40.86937],[-74.66742,40.8675],[-74.67241,40.86964],[-74.67705,40.86985],[-74.67813,40.87152],[-74.67593,40.87214],[-74.67819,40.87745],[-74.68254,40.88146],[-74.6795,40.88579],[-74.68099,40.88691],[-74.68564,40.88661],[-74.6871,40.88872],[-74.69243,40.88861],[-74.69363,40.88991],[-74.69125,40.89012],[-74.68309,40.88996],[-74.67945,40.89048],[-74.68311,40.89206],[-74.69003,40.89317],[-74.69567,40.89553],[-74.68759,40.89591],[-74.68773,40.90056],[-74.68716,40.90129]]]}},{"type":"Feature","properties":{"zcta":"07853","d":184},"geometry":{"type":"Polygon","coordinates":[[[-74.829,40.80711],[-74.83013,40.80238],[-74.82978,40.79657],[-74.82652,40.7946],[-74.82269,40.79468],[-74.82102,40.79636],[-74.8137,40.79933],[-74.81483,40.80296],[-74.814,40.80462],[-74.81773,40.81021],[-74.81805,40.81511],[-74.82032,40.81785],[-74.81786,40.82145],[-74.81559,40.81821],[-74.81265,40.82202],[-74.80751,40.82258],[-74.80319,40.82545],[-74.80188,40.82824],[-74.7962,40.82353],[-74.7957,40.82425],[-74.79889,40.82778],[-74.78968,40.83197],[-74.78559,40.83229],[-74.78086,40.83341],[-74.78174,40.84236],[-74.78293,40.84484],[-74.78306,40.84887],[-74.77542,40.8451],[-74.77077,40.84001],[-74.76854,40.8393],[-74.76081,40.84359],[-74.75834,40.84417],[-74.75083,40.8424],[-74.74914,40.83975],[-74.74626,40.83739],[-74.74258,40.82713],[-74.73908,40.82561],[-74.73603,40.82574],[-74.72376,40.81846],[-74.72565,40.81609],[-74.73542,40.80907],[-74.734,40.80734],[-74.73107,40.80928],[-74.72905,40.8071],[-74.72548,40.80552],[-74.72879,40.792],[-74.73223,40.78433],[-74.74062,40.76454],[-74.73596,40.76128],[-74.73456,40.75901],[-74.73174,40.75767],[-74.732,40.75382],[-74.73121,40.75113],[-74.72605,40.74855],[-74.72598,40.74678],[-74.73103,40.74462],[-74.73098,40.73953],[-74.72776,40.73749],[-74.7307,40.73099],[-74.73047,40.72712],[-74.7277,40.72406],[-74.72959,40.72179],[-74.72567,40.71953],[-74.72651,40.7196],[-74.72984,40.72146],[-74.7286,40.72328],[-74.73061,40.72682],[-74.73123,40.72977],[-74.73314,40.72959],[-74.73318,40.73215],[-74.7394,40.73218],[-74.74184,40.73463],[-74.74667,40.73518],[-74.75274,40.73794],[-74.75728,40.73879],[-74.75782,40.74029],[-74.76024,40.74079],[-74.75969,40.74243],[-74.76733,40.74386],[-74.77197,40.74082],[-74.7727,40.73861],[-74.76979,40.73571],[-74.77442,40.73671],[-74.77308,40.74223],[-74.77882,40.74339],[-74.77729,40.74634],[-74.77789,40.75015],[-74.77975,40.75098],[-74.77629,40.7526],[-74.77818,40.75559],[-74.78982,40.76359],[-74.79453,40.76355],[-74.79955,40.76552],[-74.8022,40.76717],[-74.79946,40.76844],[-74.7976,40.77223],[-74.81098,40.76513],[-74.81,40.76451],[-74.82024,40.74531],[-74.82635,40.74904],[-74.8297,40.74579],[-74.84302,40.75602],[-74.84387,40.75811],[-74.8484,40.76138],[-74.87045,40.77537],[-74.86906,40.77861],[-74.87339,40.77723],[-74.87779,40.78],[-74.87652,40.7801],[-74.87182,40.78438],[-74.86754,40.78656],[-74.86479,40.78283],[-74.86229,40.78099],[-74.86254,40.78348],[-74.85992,40.78399],[-74.85187,40.78381],[-74.84878,40.7844],[-74.84082,40.78959],[-74.84168,40.79036],[-74.84137,40.79419],[-74.84341,40.7992],[-74.84188,40.79976],[-74.83243,40.80521],[-74.83318,40.80644],[-74.82819,40.81137],[-74.82684,40.81085],[-74.829,40.80711]]]}},{"type":"Feature","properties":{"zcta":"07856","d":775},"geometry":{"type":"Polygon","coordinates":[[[-74.654,40.92716],[-74.65034,40.93138],[-74.64374,40.93263],[-74.64158,40.93365],[-74.63898,40.93855],[-74.63616,40.94264],[-74.62423,40.94268],[-74.62228,40.93954],[-74.61539,40.93033],[-74.61531,40.92591],[-74.61815,40.92197],[-74.62103,40.91255],[-74.62508,40.91039],[-74.62456,40.90746],[-74.6207,40.9073],[-74.62342,40.90471],[-74.62469,40.90057],[-74.63249,40.89825],[-74.6299,40.8974],[-74.63394,40.89625],[-74.63356,40.89463],[-74.63664,40.89398],[-74.63903,40.89482],[-74.64718,40.89255],[-74.65224,40.89178],[-74.65662,40.89211],[-74.65639,40.8935],[-74.65394,40.894],[-74.65148,40.89607],[-74.65175,40.89804],[-74.65046,40.90002],[-74.64787,40.89905],[-74.64035,40.91109],[-74.6415,40.91151],[-74.6386,40.91473],[-74.63791,40.9173],[-74.64323,40.91972],[-74.64395,40.92146],[-74.64598,40.92138],[-74.65386,40.92632],[-74.654,40.92716]]]}},{"type":"Feature","properties":{"zcta":"07869","d":641},"geometry":{"type":"Polygon","coordinates":[[[-74.64595,40.83721],[-74.64485,40.83976],[-74.64192,40.8414],[-74.63895,40.84636],[-74.6341,40.85063],[-74.63183,40.85716],[-74.6236,40.86588],[-74.62364,40.86683],[-74.61732,40.86455],[-74.60739,40.86241],[-74.60232,40.86259],[-74.59934,40.86516],[-74.59919,40.86692],[-74.59694,40.86924],[-74.59371,40.86854],[-74.59179,40.87349],[-74.58426,40.87198],[-74.57907,40.8776],[-74.56416,40.87266],[-74.55178,40.8741],[-74.5497,40.87542],[-74.54651,40.87155],[-74.53662,40.87882],[-74.53635,40.87988],[-74.53945,40.88101],[-74.53889,40.87977],[-74.54265,40.8767],[-74.54498,40.87842],[-74.54184,40.88041],[-74.54016,40.88378],[-74.5354,40.88199],[-74.53128,40.87955],[-74.52507,40.88034],[-74.52536,40.87883],[-74.53339,40.83651],[-74.53357,40.83346],[-74.51919,40.84424],[-74.51803,40.84189],[-74.52063,40.83959],[-74.51976,40.83834],[-74.52353,40.83552],[-74.52439,40.83364],[-74.52633,40.83451],[-74.52933,40.83271],[-74.53283,40.83302],[-74.53403,40.83312],[-74.53613,40.8222],[-74.56918,40.81606],[-74.57145,40.81345],[-74.5713,40.81029],[-74.57324,40.81007],[-74.5738,40.81232],[-74.57633,40.81133],[-74.57784,40.81447],[-74.59098,40.81188],[-74.59546,40.8159],[-74.59636,40.82355],[-74.59847,40.82166],[-74.60528,40.8279],[-74.60943,40.8266],[-74.61212,40.82666],[-74.61207,40.82905],[-74.61549,40.83018],[-74.61915,40.82554],[-74.61771,40.82169],[-74.62108,40.82105],[-74.61936,40.81894],[-74.62108,40.81526],[-74.6238,40.81849],[-74.62568,40.82069],[-74.62826,40.82205],[-74.63062,40.82489],[-74.62804,40.83033],[-74.63737,40.83337],[-74.64157,40.83276],[-74.64173,40.82798],[-74.64909,40.82499],[-74.65466,40.82402],[-74.6578,40.82724],[-74.65667,40.82968],[-74.6578,40.83433],[-74.65099,40.83585],[-74.6528,40.83698],[-74.65143,40.84009],[-74.64595,40.83721]]]}},{"type":"Feature","properties":{"zcta":"07874","d":371},"geometry":{"type":"Polygon","coordinates":[[[-74.77272,40.91628],[-74.76511,40.91585],[-74.76202,40.9145],[-74.75589,40.9176],[-74.75109,40.91852],[-74.7478,40.92036],[-74.7383,40.92097],[-74.73933,40.92249],[-74.73844,40.92983],[-74.73657,40.9301],[-74.73269,40.93665],[-74.73225,40.93924],[-74.73432,40.9404],[-74.73201,40.9413],[-74.72815,40.93848],[-74.72554,40.93835],[-74.72881,40.94169],[-74.72755,40.9457],[-74.72173,40.95232],[-74.71948,40.95305],[-74.7152,40.95242],[-74.71209,40.95281],[-74.71086,40.95104],[-74.70789,40.95468],[-74.70603,40.9614],[-74.70247,40.96353],[-74.69883,40.9624],[-74.69226,40.9573],[-74.69103,40.95771],[-74.6865,40.95415],[-74.68481,40.95005],[-74.68566,40.94667],[-74.69346,40.93655],[-74.69602,40.93196],[-74.68811,40.93147],[-74.68359,40.93277],[-74.68238,40.93198],[-74.67623,40.92211],[-74.67391,40.91608],[-74.67098,40.9178],[-74.66568,40.91724],[-74.66993,40.91394],[-74.67192,40.91348],[-74.67516,40.91104],[-74.6795,40.90916],[-74.68321,40.91011],[-74.6861,40.91],[-74.68953,40.90732],[-74.69249,40.90719],[-74.69688,40.90742],[-74.69891,40.90661],[-74.70411,40.90194],[-74.70819,40.90111],[-74.71134,40.89918],[-74.71378,40.89995],[-74.71348,40.90231],[-74.7122,40.90451],[-74.71287,40.90767],[-74.71768,40.91116],[-74.71842,40.9124],[-74.72866,40.91638],[-74.72985,40.91917],[-74.73189,40.92083],[-74.73754,40.91892],[-74.7408,40.92024],[-74.74497,40.91953],[-74.74801,40.91982],[-74.75033,40.91818],[-74.75126,40.91583],[-74.75553,40.91365],[-74.75982,40.91365],[-74.76087,40.91219],[-74.76339,40.91329],[-74.76841,40.91189],[-74.77606,40.90534],[-74.77909,40.90635],[-74.77985,40.90332],[-74.78288,40.90241],[-74.78689,40.89979],[-74.787,40.89862],[-74.79057,40.89608],[-74.79048,40.89317],[-74.79247,40.88978],[-74.79491,40.88861],[-74.79945,40.88794],[-74.80383,40.88577],[-74.80678,40.88208],[-74.80853,40.88337],[-74.8071,40.88462],[-74.79999,40.88835],[-74.79652,40.88962],[-74.79463,40.89182],[-74.79276,40.89561],[-74.78538,40.90214],[-74.78122,40.90491],[-74.77602,40.90909],[-74.76978,40.91127],[-74.77588,40.91694],[-74.77272,40.91628]]]}},{"type":"Feature","properties":{"zcta":"10021","d":58924},"geometry":{"type":"Polygon","coordinates":[[[-73.9601,40.7733],[-73.9521,40.76996],[-73.95186,40.76944],[-73.94904,40.76826],[-73.95231,40.76456],[-73.95516,40.76492],[-73.96844,40.77052],[-73.96515,40.77505],[-73.9601,40.7733]]]}},{"type":"Feature","properties":{"zcta":"07762","d":1740},"geometry":{"type":"Polygon","coordinates":[[[-74.02539,40.13816],[-74.03776,40.14058],[-74.04222,40.1407],[-74.04768,40.14014],[-74.0507,40.1418],[-74.0539,40.14465],[-74.05898,40.14564],[-74.05487,40.1543],[-74.05023,40.15511],[-74.05184,40.16036],[-74.04827,40.16055],[-74.04792,40.16271],[-74.04507,40.16338],[-74.04364,40.16249],[-74.03883,40.16365],[-74.03748,40.16331],[-74.03199,40.16584],[-74.02754,40.16671],[-74.02053,40.16915],[-74.01786,40.16718],[-74.01576,40.16724],[-74.02539,40.13816]]]}},{"type":"Feature","properties":{"zcta":"11358","d":10590},"geometry":{"type":"Polygon","coordinates":[[[-73.80796,40.7658],[-73.80721,40.7683],[-73.80556,40.76956],[-73.80615,40.77221],[-73.80398,40.77419],[-73.80109,40.77468],[-73.79338,40.77348],[-73.79167,40.77462],[-73.78948,40.77004],[-73.78212,40.75534],[-73.78009,40.75249],[-73.78121,40.75151],[-73.79145,40.7487],[-73.7948,40.74878],[-73.79605,40.75005],[-73.79746,40.74879],[-73.80176,40.749],[-73.80287,40.74975],[-73.80751,40.75014],[-73.80913,40.75027],[-73.80819,40.76066],[-73.80751,40.76218],[-73.80796,40.7658]]]}},{"type":"Feature","properties":{"zcta":"11779","d":1625},"geometry":{"type":"Polygon","coordinates":[[[-73.15173,40.82154],[-73.14783,40.82531],[-73.14467,40.82898],[-73.12831,40.8302],[-73.12634,40.83228],[-73.13145,40.83183],[-73.12475,40.83336],[-73.12241,40.83615],[-73.12036,40.83555],[-73.11267,40.83643],[-73.10779,40.83834],[-73.1087,40.84261],[-73.10662,40.84286],[-73.10741,40.84777],[-73.10618,40.84872],[-73.10148,40.84872],[-73.09959,40.84893],[-73.0976,40.84714],[-73.0961,40.83927],[-73.09295,40.83955],[-73.09315,40.84269],[-73.08451,40.8437],[-73.08304,40.84577],[-73.07689,40.84621],[-73.07617,40.8422],[-73.07579,40.83965],[-73.07298,40.84047],[-73.07266,40.83589],[-73.07363,40.83434],[-73.06822,40.8353],[-73.06594,40.82166],[-73.06528,40.82116],[-73.07185,40.82071],[-73.07332,40.82983],[-73.08111,40.82826],[-73.0817,40.83172],[-73.08439,40.82997],[-73.0856,40.83164],[-73.08846,40.83061],[-73.08818,40.82785],[-73.09081,40.82669],[-73.08991,40.82155],[-73.08896,40.82053],[-73.09343,40.81758],[-73.09067,40.80946],[-73.0887,40.79527],[-73.08757,40.78413],[-73.08791,40.7824],[-73.10124,40.78286],[-73.11949,40.78684],[-73.12709,40.7872],[-73.15421,40.78993],[-73.16564,40.79256],[-73.16941,40.79464],[-73.17141,40.7967],[-73.15161,40.80085],[-73.15259,40.80548],[-73.15208,40.80873],[-73.15064,40.81043],[-73.15267,40.81432],[-73.15291,40.81738],[-73.15422,40.81737],[-73.15173,40.82154]]]}},{"type":"Feature","properties":{"zcta":"10465","d":5779},"geometry":{"type":"Polygon","coordinates":[[[-73.84231,40.82908],[-73.83739,40.83012],[-73.83844,40.83513],[-73.83639,40.83584],[-73.83531,40.83389],[-73.83224,40.83527],[-73.82836,40.83328],[-73.82539,40.83552],[-73.82624,40.84299],[-73.82549,40.84584],[-73.82698,40.84944],[-73.82563,40.85394],[-73.82652,40.85651],[-73.82724,40.85919],[-73.82047,40.86136],[-73.81881,40.86248],[-73.81373,40.86041],[-73.8126,40.8587],[-73.8126,40.85439],[-73.81664,40.85349],[-73.81498,40.84517],[-73.81669,40.8439],[-73.81521,40.83108],[-73.81287,40.82771],[-73.81417,40.82591],[-73.81277,40.82442],[-73.8085,40.82574],[-73.80702,40.82525],[-73.80452,40.81855],[-73.79831,40.81681],[-73.79832,40.81585],[-73.80272,40.81255],[-73.80184,40.81032],[-73.79086,40.80657],[-73.79024,40.80503],[-73.7922,40.80418],[-73.79693,40.80553],[-73.80175,40.80904],[-73.80426,40.80902],[-73.811,40.81307],[-73.81686,40.81369],[-73.82957,40.81107],[-73.8319,40.80886],[-73.83183,40.80494],[-73.8345,40.80501],[-73.83798,40.80623],[-73.84043,40.81187],[-73.84022,40.81722],[-73.83873,40.81956],[-73.83908,40.82311],[-73.84201,40.82798],[-73.84265,40.82791],[-73.84281,40.82864],[-73.84231,40.82908]]]}},{"type":"Feature","properties":{"zcta":"10472","d":27040},"geometry":{"type":"Polygon","coordinates":[[[-73.87762,40.83657],[-73.86999,40.83591],[-73.86637,40.83503],[-73.84525,40.82846],[-73.847,40.828],[-73.88441,40.82297],[-73.88389,40.82981],[-73.87998,40.83468],[-73.87762,40.83657]]]}},{"type":"Feature","properties":{"zcta":"11373","d":34074},"geometry":{"type":"Polygon","coordinates":[[[-73.86826,40.74631],[-73.86747,40.74236],[-73.86462,40.73427],[-73.86826,40.73249],[-73.87143,40.72925],[-73.87524,40.73072],[-73.88039,40.7289],[-73.8872,40.72787],[-73.88857,40.73459],[-73.89137,40.73606],[-73.8888,40.73653],[-73.89089,40.74069],[-73.89115,40.74543],[-73.89183,40.74655],[-73.8905,40.74694],[-73.87029,40.74893],[-73.86826,40.74631]]]}},{"type":"Feature","properties":{"zcta":"11590","d":3919},"geometry":{"type":"Polygon","coordinates":[[[-73.56753,40.77626],[-73.55847,40.78064],[-73.55429,40.77948],[-73.55103,40.77361],[-73.55016,40.76198],[-73.55346,40.76108],[-73.55044,40.7565],[-73.54932,40.75612],[-73.54821,40.7483],[-73.5475,40.74828],[-73.54556,40.74358],[-73.54296,40.73379],[-73.54611,40.73413],[-73.55078,40.73753],[-73.55335,40.73804],[-73.56904,40.73843],[-73.5723,40.73748],[-73.57428,40.73807],[-73.5788,40.74651],[-73.57964,40.74952],[-73.58764,40.74757],[-73.58296,40.73682],[-73.58891,40.73662],[-73.59325,40.73749],[-73.60191,40.7366],[-73.60367,40.74001],[-73.6016,40.74047],[-73.60345,40.74527],[-73.59915,40.74589],[-73.60011,40.74706],[-73.60383,40.74725],[-73.60385,40.74935],[-73.60141,40.74987],[-73.60256,40.75297],[-73.60551,40.75251],[-73.60472,40.75827],[-73.60858,40.75763],[-73.61637,40.7546],[-73.61948,40.75436],[-73.62127,40.75661],[-73.61292,40.7606],[-73.60059,40.76348],[-73.59206,40.76639],[-73.58319,40.76842],[-73.57663,40.77146],[-73.57088,40.77472],[-73.57178,40.77611],[-73.56883,40.77732],[-73.56753,40.77626]]]}},{"type":"Feature","properties":{"zcta":"10501","d":500},"geometry":{"type":"Polygon","coordinates":[[[-73.75937,41.30988],[-73.75902,41.30908],[-73.75318,41.3088],[-73.75289,41.30496],[-73.75078,41.30559],[-73.74668,41.30543],[-73.74708,41.31016],[-73.75158,41.31046],[-73.75197,41.31289],[-73.74751,41.31348],[-73.74972,41.31174],[-73.74691,41.31103],[-73.74515,41.30937],[-73.74488,41.30682],[-73.74586,41.3042],[-73.74441,41.30318],[-73.74704,41.30049],[-73.75011,41.29955],[-73.75277,41.29711],[-73.75806,41.29385],[-73.76372,41.29185],[-73.76304,41.2909],[-73.76332,41.28657],[-73.75845,41.2863],[-73.7534,41.28737],[-73.75197,41.28354],[-73.75453,41.28425],[-73.75483,41.28225],[-73.75713,41.28227],[-73.75881,41.28041],[-73.76167,41.27971],[-73.7621,41.27534],[-73.76375,41.27506],[-73.7641,41.27678],[-73.7687,41.27728],[-73.77044,41.28612],[-73.76774,41.28639],[-73.77012,41.29049],[-73.76651,41.30629],[-73.75937,41.30988]]]}},{"type":"Feature","properties":{"zcta":"11746","d":1490},"geometry":{"type":"Polygon","coordinates":[[[-73.38558,40.8531],[-73.37919,40.84932],[-73.37846,40.8496],[-73.37485,40.84603],[-73.37907,40.84444],[-73.37873,40.83814],[-73.37614,40.8385],[-73.37296,40.83566],[-73.36711,40.83453],[-73.36634,40.83007],[-73.36403,40.82693],[-73.36283,40.82821],[-73.36188,40.82676],[-73.35973,40.82993],[-73.36162,40.83076],[-73.3602,40.83242],[-73.35811,40.83196],[-73.34853,40.83125],[-73.34475,40.83155],[-73.33769,40.83428],[-73.33466,40.83649],[-73.33257,40.83452],[-73.32789,40.8341],[-73.32511,40.83236],[-73.32816,40.83202],[-73.32765,40.82829],[-73.31735,40.82737],[-73.31203,40.82587],[-73.30512,40.82125],[-73.30005,40.81926],[-73.29364,40.81848],[-73.29464,40.80476],[-73.29497,40.7843],[-73.31334,40.78027],[-73.31661,40.77922],[-73.33673,40.77472],[-73.33912,40.77519],[-73.34134,40.77107],[-73.34547,40.7725],[-73.34765,40.76984],[-73.35213,40.76685],[-73.35486,40.77047],[-73.35961,40.77034],[-73.36052,40.76963],[-73.36497,40.77487],[-73.36955,40.78451],[-73.37041,40.78876],[-73.3731,40.78898],[-73.39545,40.78509],[-73.39498,40.78621],[-73.40004,40.7875],[-73.3983,40.78894],[-73.39301,40.78756],[-73.39001,40.78844],[-73.38529,40.79085],[-73.3806,40.79396],[-73.37728,40.79544],[-73.3797,40.79838],[-73.37941,40.80143],[-73.38137,40.7994],[-73.38347,40.79941],[-73.38653,40.80156],[-73.39497,40.79901],[-73.39498,40.79996],[-73.38698,40.80232],[-73.38219,40.80538],[-73.38075,40.80733],[-73.3836,40.81047],[-73.39761,40.81206],[-73.40789,40.81363],[-73.40801,40.81578],[-73.41182,40.8155],[-73.41233,40.81698],[-73.41613,40.8165],[-73.41829,40.817],[-73.4183,40.81922],[-73.42114,40.81986],[-73.42198,40.8243],[-73.42097,40.82573],[-73.42109,40.82868],[-73.42381,40.83117],[-73.42311,40.8328],[-73.42757,40.83196],[-73.4293,40.83652],[-73.42948,40.83933],[-73.43319,40.83666],[-73.43742,40.83623],[-73.44151,40.83781],[-73.43934,40.84064],[-73.42981,40.8414],[-73.43218,40.8515],[-73.43183,40.85309],[-73.42916,40.8563],[-73.42798,40.85485],[-73.42513,40.85411],[-73.4239,40.85206],[-73.41951,40.8514],[-73.41843,40.85567],[-73.42181,40.85585],[-73.4218,40.85851],[-73.41936,40.8597],[-73.41378,40.85805],[-73.41272,40.86119],[-73.40925,40.86253],[-73.40485,40.86665],[-73.39975,40.8616],[-73.39765,40.86009],[-73.39873,40.85888],[-73.39635,40.85728],[-73.39313,40.85831],[-73.39059,40.8563],[-73.38558,40.8531]]]}},{"type":"Feature","properties":{"zcta":"07731","d":596},"geometry":{"type":"MultiPolygon","coordinates":[[[[-74.25881,40.21066],[-74.26187,40.21549],[-74.25891,40.21937],[-74.25637,40.21869],[-74.25698,40.21501],[-74.25981,40.21287],[-74.25782,40.20915],[-74.25613,40.20451],[-74.25881,40.21066]]],[[[-74.25416,40.20547],[-74.25025,40.20546],[-74.24964,40.20632],[-74.23903,40.20509],[-74.24012,40.20185],[-74.23523,40.20129],[-74.2234,40.19053],[-74.22283,40.18722],[-74.21744,40.18549],[-74.20857,40.18484],[-74.20213,40.18488],[-74.19621,40.18555],[-74.19035,40.18375],[-74.18894,40.17967],[-74.18453,40.18028],[-74.17655,40.17933],[-74.17311,40.17848],[-74.17042,40.17357],[-74.16802,40.17189],[-74.16567,40.17159],[-74.16648,40.16915],[-74.16545,40.16835],[-74.17105,40.16728],[-74.16644,40.16484],[-74.15461,40.16376],[-74.15381,40.16712],[-74.15176,40.16616],[-74.14142,40.16443],[-74.14159,40.15644],[-74.1393,40.14082],[-74.1321,40.13754],[-74.13751,40.13714],[-74.13651,40.1316],[-74.13758,40.12997],[-74.13185,40.1306],[-74.12909,40.12942],[-74.13752,40.12784],[-74.13585,40.11784],[-74.13557,40.11992],[-74.13031,40.11776],[-74.13231,40.11487],[-74.15032,40.09888],[-74.1543,40.09962],[-74.1562,40.10315],[-74.15784,40.10312],[-74.15808,40.10495],[-74.16203,40.10763],[-74.1641,40.10695],[-74.1719,40.10771],[-74.17946,40.11093],[-74.18306,40.11017],[-74.18558,40.11137],[-74.18928,40.11072],[-74.19408,40.11219],[-74.1982,40.11149],[-74.20198,40.11248],[-74.21205,40.11012],[-74.21902,40.11005],[-74.22441,40.10898],[-74.23195,40.10985],[-74.23485,40.11146],[-74.2396,40.11238],[-74.2429,40.11571],[-74.24458,40.11814],[-74.2434,40.1223],[-74.24189,40.12373],[-74.24263,40.12632],[-74.24183,40.13096],[-74.24409,40.13391],[-74.24643,40.13566],[-74.24672,40.13779],[-74.2494,40.14243],[-74.249,40.1438],[-74.25355,40.14768],[-74.25735,40.14904],[-74.25981,40.14905],[-74.25853,40.15222],[-74.26005,40.15608],[-74.2585,40.16037],[-74.26145,40.16703],[-74.26389,40.16862],[-74.26645,40.16896],[-74.26846,40.18961],[-74.27009,40.20313],[-74.26613,40.20246],[-74.26333,40.20297],[-74.25572,40.2033],[-74.25613,40.20451],[-74.25416,40.20547]]]]}},{"type":"Feature","properties":{"zcta":"08859","d":2735},"geometry":{"type":"Polygon","coordinates":[[[-74.29761,40.46856],[-74.29569,40.46383],[-74.29603,40.45658],[-74.29329,40.45906],[-74.29422,40.46105],[-74.29076,40.46287],[-74.28961,40.46468],[-74.28109,40.46094],[-74.27779,40.46293],[-74.27413,40.46179],[-74.27333,40.46016],[-74.2681,40.46072],[-74.26527,40.46034],[-74.26757,40.45722],[-74.27319,40.45434],[-74.27121,40.45101],[-74.27309,40.44984],[-74.27179,40.4467],[-74.27313,40.44304],[-74.27624,40.44412],[-74.27747,40.44573],[-74.28366,40.4483],[-74.29783,40.44582],[-74.29945,40.44489],[-74.29974,40.44665],[-74.30127,40.44443],[-74.30629,40.44283],[-74.3086,40.44346],[-74.30905,40.44596],[-74.3113,40.44905],[-74.31363,40.45062],[-74.32469,40.43917],[-74.32036,40.4471],[-74.3153,40.45134],[-74.32258,40.45351],[-74.33114,40.4556],[-74.33688,40.45654],[-74.33855,40.46348],[-74.34051,40.46625],[-74.33594,40.46721],[-74.33607,40.46894],[-74.33156,40.46905],[-74.33079,40.46557],[-74.32255,40.46829],[-74.31736,40.47172],[-74.31159,40.47825],[-74.29981,40.47656],[-74.29612,40.47115],[-74.29761,40.46856]]]}},{"type":"Feature","properties":{"zcta":"07050","d":6985},"geometry":{"type":"Polygon","coordinates":[[[-74.21853,40.78821],[-74.22347,40.77421],[-74.22008,40.76977],[-74.22063,40.76787],[-74.23815,40.75224],[-74.24016,40.75192],[-74.24776,40.75532],[-74.25532,40.75812],[-74.2529,40.76101],[-74.25098,40.76525],[-74.24851,40.76806],[-74.2455,40.76681],[-74.23957,40.77361],[-74.23673,40.77843],[-74.22678,40.78471],[-74.22056,40.78978],[-74.21853,40.78821]]]}},{"type":"Feature","properties":{"zcta":"07435","d":85},"geometry":{"type":"Polygon","coordinates":[[[-74.49804,41.00876],[-74.45028,41.03907],[-74.44868,41.041],[-74.44538,41.04272],[-74.44973,41.04369],[-74.44775,41.04694],[-74.44516,41.04938],[-74.44875,41.0527],[-74.45123,41.05308],[-74.45641,41.052],[-74.46122,41.05203],[-74.46482,41.05014],[-74.46372,41.05222],[-74.45963,41.05455],[-74.46288,41.05527],[-74.46379,41.06467],[-74.46279,41.06891],[-74.46471,41.07775],[-74.4595,41.0793],[-74.45447,41.07379],[-74.44996,41.07209],[-74.44543,41.07524],[-74.44092,41.07438],[-74.43877,41.07471],[-74.43288,41.07404],[-74.428,41.07221],[-74.42755,41.0736],[-74.4219,41.08139],[-74.41591,41.08861],[-74.41027,41.08319],[-74.40719,41.08475],[-74.40448,41.08427],[-74.40356,41.08198],[-74.4048,41.0785],[-74.40223,41.07679],[-74.40219,41.07414],[-74.40007,41.07087],[-74.39435,41.06978],[-74.39303,41.06403],[-74.39452,41.06202],[-74.39457,41.05991],[-74.39745,41.05997],[-74.39785,41.05769],[-74.40295,41.05091],[-74.40639,41.04802],[-74.40678,41.04457],[-74.40597,41.03798],[-74.40863,41.03194],[-74.40889,41.0282],[-74.40685,41.02429],[-74.41517,41.02797],[-74.41906,41.02874],[-74.42359,41.02768],[-74.42588,41.02297],[-74.42815,41.02067],[-74.43017,41.02017],[-74.43018,41.01813],[-74.43274,41.0178],[-74.43615,41.01565],[-74.44118,41.01413],[-74.44364,41.01252],[-74.44978,41.014],[-74.45403,41.01333],[-74.4562,41.01614],[-74.46006,41.01512],[-74.465,41.00818],[-74.47313,41.00628],[-74.47356,41.00772],[-74.47976,41.0049],[-74.47624,41.00937],[-74.47641,41.01084],[-74.49459,40.99742],[-74.49773,40.99565],[-74.50707,40.98863],[-74.5094,40.9864],[-74.51594,40.98939],[-74.51838,40.98893],[-74.52042,40.98982],[-74.49804,41.00876]]]}},{"type":"Feature","properties":{"zcta":"07034","d":3852},"geometry":{"type":"Polygon","coordinates":[[[-74.37688,40.88647],[-74.37414,40.88259],[-74.3738,40.87909],[-74.37105,40.87874],[-74.37136,40.87665],[-74.36943,40.87616],[-74.36649,40.87361],[-74.36549,40.87151],[-74.36236,40.87045],[-74.3621,40.8675],[-74.35748,40.86666],[-74.35562,40.86712],[-74.35175,40.86522],[-74.35454,40.86411],[-74.35658,40.86458],[-74.3604,40.86365],[-74.36514,40.86611],[-74.36668,40.86491],[-74.36593,40.86972],[-74.36985,40.8698],[-74.36987,40.87111],[-74.37281,40.87329],[-74.37233,40.87579],[-74.37949,40.87679],[-74.38279,40.87577],[-74.39036,40.87567],[-74.39404,40.8778],[-74.39601,40.88195],[-74.39617,40.88552],[-74.395,40.88741],[-74.39018,40.88855],[-74.38775,40.88803],[-74.37677,40.89205],[-74.37498,40.89193],[-74.37688,40.88647]]]}},{"type":"Feature","properties":{"zcta":"08812","d":1431},"geometry":{"type":"Polygon","coordinates":[[[-74.47947,40.61748],[-74.46864,40.61838],[-74.45904,40.61988],[-74.45573,40.62304],[-74.45327,40.61997],[-74.46495,40.61127],[-74.46291,40.60889],[-74.45615,40.60065],[-74.46052,40.59667],[-74.45847,40.59481],[-74.45513,40.59595],[-74.45777,40.59423],[-74.45235,40.58927],[-74.45698,40.58525],[-74.46022,40.58441],[-74.45974,40.58155],[-74.46891,40.58072],[-74.46967,40.58557],[-74.47321,40.58591],[-74.47673,40.58856],[-74.47564,40.58932],[-74.47846,40.59284],[-74.48346,40.58937],[-74.48884,40.588],[-74.49067,40.58651],[-74.49283,40.58749],[-74.49438,40.58652],[-74.50198,40.58531],[-74.50244,40.58401],[-74.50512,40.58628],[-74.51215,40.58208],[-74.51569,40.58612],[-74.51772,40.58725],[-74.51351,40.59096],[-74.51301,40.58969],[-74.50722,40.59189],[-74.50051,40.59638],[-74.50599,40.59849],[-74.48232,40.62118],[-74.47947,40.61748]]]}},{"type":"Feature","properties":{"zcta":"11572","d":3418},"geometry":{"type":"Polygon","coordinates":[[[-73.65492,40.6475],[-73.65254,40.64824],[-73.64821,40.64722],[-73.63825,40.64728],[-73.63471,40.65387],[-73.63153,40.65323],[-73.62276,40.65743],[-73.62218,40.6534],[-73.62362,40.65344],[-73.62238,40.64322],[-73.61795,40.64379],[-73.61592,40.6333],[-73.61667,40.62899],[-73.61367,40.6247],[-73.61377,40.6214],[-73.63187,40.6095],[-73.63455,40.61042],[-73.63484,40.61183],[-73.63999,40.61314],[-73.64201,40.61678],[-73.64508,40.61772],[-73.65328,40.6165],[-73.65332,40.618],[-73.65642,40.62353],[-73.66194,40.62305],[-73.66088,40.6284],[-73.65975,40.62983],[-73.65921,40.63388],[-73.65727,40.6352],[-73.65994,40.63582],[-73.65839,40.64076],[-73.6588,40.64279],[-73.65687,40.64986],[-73.65492,40.6475]]]}},{"type":"Feature","properties":{"zcta":"11429","d":10178},"geometry":{"type":"Polygon","coordinates":[[[-73.73745,40.71726],[-73.73543,40.71703],[-73.7353,40.7185],[-73.73237,40.7204],[-73.72966,40.72048],[-73.72918,40.71917],[-73.72697,40.71072],[-73.7265,40.69689],[-73.72752,40.6972],[-73.72772,40.70192],[-73.74105,40.70198],[-73.74331,40.70296],[-73.74864,40.70159],[-73.7529,40.71021],[-73.75371,40.71332],[-73.73745,40.71726]]]}},{"type":"Feature","properties":{"zcta":"10580","d":989},"geometry":{"type":"Polygon","coordinates":[[[-73.72166,41.00325],[-73.72014,41.00553],[-73.71699,41.01402],[-73.70869,41.01391],[-73.7034,41.01259],[-73.70047,41.01089],[-73.69451,41.00457],[-73.6919,41.00274],[-73.68469,41.00056],[-73.68499,40.99786],[-73.68233,40.99761],[-73.68357,40.99544],[-73.67845,40.9943],[-73.67556,40.98994],[-73.67041,40.98777],[-73.66729,40.98817],[-73.66311,40.98664],[-73.66491,40.98373],[-73.66211,40.98171],[-73.65811,40.9824],[-73.6563,40.97973],[-73.65901,40.97524],[-73.66011,40.96912],[-73.66284,40.96676],[-73.66572,40.96758],[-73.67761,40.9642],[-73.6807,40.95603],[-73.68467,40.9555],[-73.68176,40.95321],[-73.68311,40.94964],[-73.68539,40.94884],[-73.68647,40.9452],[-73.69268,40.94421],[-73.69541,40.94],[-73.6983,40.9405],[-73.69258,40.95352],[-73.69322,40.95502],[-73.69186,40.9569],[-73.69005,40.95665],[-73.69129,40.95853],[-73.69535,40.95473],[-73.6972,40.95394],[-73.6976,40.9515],[-73.70007,40.94791],[-73.70228,40.94661],[-73.70227,40.94942],[-73.70499,40.94629],[-73.7088,40.94474],[-73.71376,40.94458],[-73.71654,40.94533],[-73.71517,40.94671],[-73.71369,40.946],[-73.7142,40.9485],[-73.71581,40.95917],[-73.71183,40.96326],[-73.70848,40.96486],[-73.70542,40.96922],[-73.70332,40.97317],[-73.70364,40.97485],[-73.70621,40.97454],[-73.70182,40.98086],[-73.70372,40.98179],[-73.70837,40.9863],[-73.71233,40.99185],[-73.7197,40.99565],[-73.72589,40.99961],[-73.72166,41.00325]]]}},{"type":"Feature","properties":{"zcta":"10566","d":3004},"geometry":{"type":"Polygon","coordinates":[[[-73.93375,41.26829],[-73.93544,41.26751],[-73.93712,41.26832],[-73.93841,41.27169],[-73.94077,41.27256],[-73.94277,41.27396],[-73.94373,41.27701],[-73.94046,41.27915],[-73.93752,41.27862],[-73.9372,41.28196],[-73.93323,41.28422],[-73.93088,41.28836],[-73.93187,41.29076],[-73.93779,41.29356],[-73.94571,41.29523],[-73.94503,41.29899],[-73.93605,41.29661],[-73.9342,41.29703],[-73.93488,41.29863],[-73.93363,41.30091],[-73.92791,41.30443],[-73.92031,41.30643],[-73.91798,41.30783],[-73.91417,41.30768],[-73.91251,41.3066],[-73.90357,41.30493],[-73.88986,41.29973],[-73.88971,41.29581],[-73.89143,41.29427],[-73.89555,41.29386],[-73.89698,41.29267],[-73.89983,41.28435],[-73.8999,41.28072],[-73.90594,41.2794],[-73.90669,41.27819],[-73.91093,41.27646],[-73.91802,41.27507],[-73.92201,41.27292],[-73.92254,41.27088],[-73.92596,41.26741],[-73.92881,41.26868],[-73.93375,41.26829]]]}},{"type":"Feature","properties":{"zcta":"11933","d":138},"geometry":{"type":"Polygon","coordinates":[[[-72.7741,40.96531],[-72.74566,40.96845],[-72.73377,40.97108],[-72.73193,40.96671],[-72.72775,40.96198],[-72.72938,40.96001],[-72.72788,40.95903],[-72.71555,40.94516],[-72.71121,40.94074],[-72.70592,40.93441],[-72.70484,40.9344],[-72.69962,40.92801],[-72.69668,40.92521],[-72.70788,40.92375],[-72.71786,40.92219],[-72.72359,40.9204],[-72.71869,40.91769],[-72.70665,40.91593],[-72.71083,40.91454],[-72.71363,40.9145],[-72.71318,40.91257],[-72.7076,40.91248],[-72.70115,40.91403],[-72.71395,40.87396],[-72.71398,40.87519],[-72.72458,40.87006],[-72.73374,40.86494],[-72.73437,40.86541],[-72.73539,40.8736],[-72.73512,40.87642],[-72.7361,40.87981],[-72.73776,40.88112],[-72.73916,40.88876],[-72.74117,40.89039],[-72.7468,40.88645],[-72.76338,40.88573],[-72.76345,40.8889],[-72.7605,40.88977],[-72.75959,40.89218],[-72.75992,40.89492],[-72.75626,40.89664],[-72.75453,40.89662],[-72.75268,40.90162],[-72.75663,40.90123],[-72.76026,40.90316],[-72.76277,40.90368],[-72.76847,40.90317],[-72.77389,40.90064],[-72.77512,40.90479],[-72.78558,40.905],[-72.79037,40.90593],[-72.795,40.90598],[-72.81396,40.90441],[-72.81688,40.90457],[-72.81964,40.90715],[-72.8019,40.92605],[-72.81073,40.9242],[-72.81979,40.92141],[-72.82935,40.91747],[-72.82983,40.92346],[-72.82228,40.92579],[-72.80842,40.93156],[-72.80684,40.93245],[-72.79697,40.93421],[-72.80376,40.93731],[-72.80745,40.93986],[-72.81559,40.94296],[-72.81608,40.94651],[-72.81984,40.94599],[-72.82003,40.94901],[-72.81159,40.94722],[-72.80293,40.94977],[-72.80593,40.95468],[-72.80441,40.95617],[-72.80169,40.95564],[-72.79859,40.9511],[-72.78768,40.95439],[-72.78049,40.95616],[-72.77996,40.9588],[-72.78121,40.95857],[-72.77946,40.96559],[-72.7741,40.96531]]]}},{"type":"Feature","properties":{"zcta":"07036","d":2205},"geometry":{"type":"Polygon","coordinates":[[[-74.28774,40.63972],[-74.28128,40.64362],[-74.28164,40.65019],[-74.26434,40.63724],[-74.25921,40.64301],[-74.25219,40.64503],[-74.24866,40.64733],[-74.24134,40.64979],[-74.23337,40.65444],[-74.23269,40.65484],[-74.21693,40.6442],[-74.21512,40.64331],[-74.20151,40.63401],[-74.20268,40.63384],[-74.20446,40.62787],[-74.20624,40.62646],[-74.20463,40.61889],[-74.20595,40.606],[-74.20092,40.60184],[-74.20163,40.59733],[-74.20515,40.59388],[-74.2115,40.59832],[-74.21247,40.60282],[-74.21559,40.60401],[-74.21796,40.60108],[-74.22176,40.60001],[-74.22579,40.59992],[-74.23073,40.59884],[-74.23342,40.59959],[-74.23482,40.60218],[-74.23682,40.60256],[-74.24111,40.59974],[-74.24608,40.5998],[-74.25297,40.60077],[-74.25499,40.60204],[-74.25769,40.60228],[-74.25553,40.60766],[-74.27684,40.62735],[-74.28535,40.63471],[-74.29053,40.63278],[-74.29255,40.63069],[-74.29649,40.62859],[-74.29545,40.63191],[-74.29126,40.63522],[-74.29107,40.63754],[-74.28955,40.63997],[-74.28774,40.63972]]]}},{"type":"Feature","properties":{"zcta":"07204","d":6008},"geometry":{"type":"Polygon","coordinates":[[[-74.28403,40.66519],[-74.27573,40.66763],[-74.27612,40.67021],[-74.27131,40.67088],[-74.25931,40.67269],[-74.25422,40.67016],[-74.24815,40.66679],[-74.24672,40.66316],[-74.28342,40.6582],[-74.28536,40.66527],[-74.28403,40.66519]]]}},{"type":"Feature","properties":{"zcta":"10001","d":27622},"geometry":{"type":"Polygon","coordinates":[[[-74.00559,40.75589],[-74.00284,40.75969],[-74.00007,40.7584],[-74.0015,40.75645],[-73.98969,40.75228],[-73.99013,40.75166],[-73.98408,40.7491],[-73.98775,40.74407],[-73.99142,40.7448],[-73.99206,40.74392],[-73.99801,40.74595],[-73.99755,40.74658],[-74.00327,40.74818],[-74.00828,40.75027],[-74.00853,40.75192],[-74.00614,40.75619],[-74.00559,40.75589]],[[-74.00143,40.75144],[-73.99859,40.75024],[-73.99812,40.7509],[-74.00143,40.75144]],[[-73.99679,40.75272],[-73.99768,40.75144],[-73.99484,40.75029],[-73.99201,40.7491],[-73.99062,40.75099],[-73.99395,40.75152],[-73.99679,40.75272]]]}},{"type":"Feature","properties":{"zcta":"07078","d":942},"geometry":{"type":"Polygon","coordinates":[[[-74.35944,40.75127],[-74.35755,40.75479],[-74.35789,40.75624],[-74.36173,40.75594],[-74.36508,40.75802],[-74.36789,40.75849],[-74.36714,40.76111],[-74.34941,40.7591],[-74.3236,40.75824],[-74.32275,40.75917],[-74.31924,40.75868],[-74.31524,40.75719],[-74.31241,40.75792],[-74.30472,40.75788],[-74.29021,40.75748],[-74.29214,40.75629],[-74.29306,40.75221],[-74.28891,40.73635],[-74.30059,40.7274],[-74.30181,40.72585],[-74.30712,40.72748],[-74.3082,40.72997],[-74.31101,40.72752],[-74.30839,40.72567],[-74.31233,40.72449],[-74.31949,40.72457],[-74.3188,40.72033],[-74.31601,40.72104],[-74.31525,40.71865],[-74.32061,40.71931],[-74.3256,40.71708],[-74.33236,40.72032],[-74.34144,40.72444],[-74.34866,40.73022],[-74.35894,40.73598],[-74.37174,40.73964],[-74.37204,40.74373],[-74.36851,40.74291],[-74.36623,40.74389],[-74.36491,40.74668],[-74.36782,40.74866],[-74.36488,40.74981],[-74.35944,40.75127]]]}},{"type":"Feature","properties":{"zcta":"07080","d":1517},"geometry":{"type":"Polygon","coordinates":[[[-74.4247,40.59851],[-74.39472,40.60099],[-74.39337,40.59277],[-74.38628,40.57722],[-74.39197,40.56872],[-74.3917,40.57067],[-74.39321,40.57311],[-74.39631,40.56448],[-74.39537,40.56364],[-74.40458,40.54979],[-74.4086,40.54382],[-74.42738,40.54648],[-74.43164,40.55045],[-74.43441,40.55551],[-74.43966,40.55942],[-74.4358,40.56162],[-74.43679,40.56952],[-74.43813,40.57185],[-74.44008,40.58096],[-74.4392,40.58146],[-74.44093,40.59408],[-74.43707,40.59747],[-74.4247,40.59851]]]}},{"type":"Feature","properties":{"zcta":"07726","d":691},"geometry":{"type":"Polygon","coordinates":[[[-74.39338,40.27964],[-74.39314,40.28188],[-74.39493,40.28609],[-74.39423,40.28839],[-74.37754,40.30543],[-74.33168,40.34121],[-74.33862,40.34489],[-74.34868,40.34871],[-74.34535,40.34959],[-74.34297,40.35135],[-74.33882,40.35025],[-74.33118,40.34977],[-74.32931,40.34889],[-74.32717,40.34944],[-74.32191,40.3489],[-74.32738,40.3446],[-74.3224,40.34081],[-74.31703,40.33808],[-74.31786,40.33745],[-74.31372,40.33463],[-74.30846,40.33806],[-74.30782,40.33914],[-74.30812,40.3441],[-74.31208,40.34476],[-74.31253,40.34683],[-74.30781,40.34655],[-74.30684,40.3531],[-74.29105,40.3497],[-74.28819,40.34602],[-74.29143,40.34096],[-74.29387,40.34157],[-74.30048,40.33891],[-74.30156,40.33536],[-74.29606,40.33535],[-74.2946,40.33591],[-74.30105,40.32562],[-74.2965,40.32232],[-74.28659,40.31536],[-74.28248,40.31318],[-74.28703,40.30272],[-74.29027,40.29362],[-74.30124,40.2805],[-74.30856,40.27038],[-74.31499,40.26246],[-74.31959,40.25225],[-74.31844,40.25208],[-74.3327,40.22233],[-74.35353,40.2089],[-74.35659,40.21456],[-74.36141,40.21928],[-74.3675,40.21853],[-74.36731,40.22039],[-74.37088,40.22437],[-74.37034,40.22482],[-74.36257,40.22571],[-74.3664,40.23015],[-74.37628,40.23705],[-74.37996,40.2407],[-74.3842,40.24234],[-74.38892,40.24682],[-74.39102,40.25181],[-74.40264,40.26569],[-74.40816,40.27343],[-74.39338,40.27964]]]}},{"type":"Feature","properties":{"zcta":"07042","d":3533},"geometry":{"type":"Polygon","coordinates":[[[-74.22913,40.81994],[-74.22959,40.82161],[-74.22793,40.82494],[-74.22879,40.82566],[-74.22221,40.83088],[-74.22043,40.83418],[-74.21902,40.83573],[-74.21716,40.836],[-74.21295,40.8337],[-74.2132,40.83243],[-74.21083,40.83261],[-74.20446,40.82987],[-74.19767,40.82889],[-74.19504,40.82785],[-74.20999,40.80261],[-74.21169,40.80322],[-74.21305,40.8015],[-74.21131,40.80039],[-74.21853,40.78821],[-74.22056,40.78978],[-74.22677,40.79458],[-74.23773,40.80353],[-74.2373,40.80559],[-74.23478,40.81074],[-74.23229,40.81433],[-74.22913,40.81994]]]}},{"type":"Feature","properties":{"zcta":"07024","d":7859},"geometry":{"type":"Polygon","coordinates":[[[-73.98058,40.84679],[-73.98823,40.85101],[-73.98075,40.8582],[-73.97941,40.86081],[-73.97685,40.8631],[-73.97575,40.86906],[-73.97004,40.8657],[-73.96747,40.86885],[-73.95449,40.86153],[-73.94834,40.85845],[-73.95283,40.85111],[-73.95416,40.84799],[-73.96198,40.8481],[-73.96442,40.84658],[-73.96811,40.84742],[-73.97065,40.84394],[-73.97381,40.83587],[-73.97361,40.83344],[-73.97683,40.82783],[-73.98893,40.83445],[-73.99139,40.83586],[-73.98058,40.84679]]]}},{"type":"Feature","properties":{"zcta":"08757","d":745},"geometry":{"type":"MultiPolygon","coordinates":[[[[-74.23677,40.01373],[-74.2347,40.01083],[-74.23447,40.0082],[-74.23151,40.00153],[-74.23271,39.99875],[-74.26779,39.99067],[-74.27141,39.98772],[-74.29321,39.99782],[-74.28889,39.99868],[-74.28827,40.0006],[-74.2794,39.99641],[-74.27868,39.9973],[-74.27501,39.99626],[-74.27514,39.99437],[-74.27271,39.99752],[-74.27278,40.00227],[-74.27369,40.00213],[-74.27953,40.00964],[-74.27116,40.01079],[-74.26869,40.01042],[-74.2633,40.01093],[-74.25481,40.00897],[-74.25133,40.01275],[-74.25261,40.0135],[-74.25026,40.01495],[-74.24514,40.01194],[-74.23977,40.01555],[-74.23677,40.01373]]],[[[-74.25191,39.97867],[-74.24381,39.97167],[-74.21621,39.95375],[-74.20693,39.95218],[-74.20732,39.94996],[-74.20253,39.94788],[-74.20227,39.95014],[-74.19926,39.95078],[-74.19532,39.94876],[-74.18931,39.94806],[-74.19008,39.946],[-74.19067,39.94579],[-74.20487,39.93511],[-74.21755,39.93473],[-74.2211,39.93256],[-74.22464,39.93692],[-74.25944,39.92159],[-74.28702,39.93639],[-74.29687,39.94154],[-74.29867,39.94212],[-74.32248,39.94608],[-74.27141,39.98772],[-74.25191,39.97867]]]]}},{"type":"Feature","properties":{"zcta":"07310","d":15528},"geometry":{"type":"Polygon","coordinates":[[[-74.04282,40.73627],[-74.03871,40.73626],[-74.0325,40.7346],[-74.02951,40.73304],[-74.02064,40.73039],[-74.02302,40.72061],[-74.0316,40.72125],[-74.03138,40.72191],[-74.03723,40.72191],[-74.03693,40.72453],[-74.04046,40.72506],[-74.03976,40.72923],[-74.04429,40.72963],[-74.04465,40.73052],[-74.05162,40.73113],[-74.04825,40.73507],[-74.04624,40.73559],[-74.04282,40.73627]]]}},{"type":"Feature","properties":{"zcta":"07090","d":2099},"geometry":{"type":"Polygon","coordinates":[[[-74.32248,40.67685],[-74.32361,40.67502],[-74.32318,40.67219],[-74.32736,40.6626],[-74.32628,40.65746],[-74.32885,40.65715],[-74.33361,40.64951],[-74.32796,40.64726],[-74.31972,40.64233],[-74.31285,40.63831],[-74.3227,40.6277],[-74.32327,40.62801],[-74.3274,40.62506],[-74.3292,40.62514],[-74.33433,40.62721],[-74.33745,40.62424],[-74.34561,40.62895],[-74.35451,40.63586],[-74.36099,40.63931],[-74.36975,40.65521],[-74.37891,40.6677],[-74.37513,40.66863],[-74.37142,40.66578],[-74.36832,40.66851],[-74.36021,40.66969],[-74.35747,40.66812],[-74.35962,40.66622],[-74.35687,40.66483],[-74.35323,40.66761],[-74.34896,40.6663],[-74.34587,40.66847],[-74.34592,40.67128],[-74.34827,40.6725],[-74.34174,40.67527],[-74.33885,40.67762],[-74.33132,40.67874],[-74.33131,40.68234],[-74.32248,40.67685]]]}},{"type":"Feature","properties":{"zcta":"07026","d":7427},"geometry":{"type":"Polygon","coordinates":[[[-74.10418,40.89366],[-74.10402,40.89082],[-74.10251,40.88687],[-74.10072,40.88444],[-74.09191,40.88662],[-74.0946,40.8783],[-74.09864,40.87302],[-74.09383,40.86985],[-74.09646,40.86876],[-74.09724,40.86725],[-74.09778,40.86531],[-74.09992,40.86565],[-74.10158,40.86379],[-74.10236,40.86179],[-74.10748,40.86322],[-74.11107,40.86538],[-74.1124,40.86886],[-74.11381,40.87],[-74.11556,40.87486],[-74.11808,40.87677],[-74.1215,40.88095],[-74.13008,40.88512],[-74.12981,40.88705],[-74.10418,40.89366]]]}},{"type":"Feature","properties":{"zcta":"08559","d":62},"geometry":{"type":"Polygon","coordinates":[[[-75.06057,40.47719],[-75.06208,40.46972],[-75.06334,40.46639],[-75.06687,40.46111],[-75.06829,40.45739],[-75.06675,40.45139],[-75.05949,40.45268],[-75.0505,40.45221],[-75.03752,40.45593],[-75.03255,40.45638],[-75.02699,40.45842],[-75.02412,40.46086],[-75.02406,40.4645],[-75.02283,40.46912],[-75.02029,40.47047],[-75.02194,40.47245],[-75.01932,40.47492],[-75.01718,40.47559],[-75.01494,40.47928],[-75.01317,40.47745],[-75.01157,40.47823],[-75.00822,40.47599],[-75.00182,40.479],[-75.00371,40.4814],[-75.00021,40.48361],[-75.00113,40.48557],[-74.99552,40.48741],[-74.99149,40.48184],[-74.99063,40.47482],[-74.98836,40.47481],[-74.98086,40.47952],[-74.97868,40.47986],[-74.97457,40.47535],[-74.97445,40.46977],[-74.97196,40.47039],[-74.97247,40.47509],[-74.96777,40.47548],[-74.96943,40.47803],[-74.96982,40.48064],[-74.94918,40.47455],[-74.94722,40.47474],[-74.9438,40.47805],[-74.94172,40.47802],[-74.93742,40.45252],[-74.93563,40.45248],[-74.92335,40.46029],[-74.92164,40.46305],[-74.92024,40.46252],[-74.91594,40.46928],[-74.91317,40.46835],[-74.91193,40.47029],[-74.9112,40.46651],[-74.90639,40.46587],[-74.90665,40.46765],[-74.89735,40.4704],[-74.89241,40.46955],[-74.89308,40.46811],[-74.89021,40.46639],[-74.88905,40.46181],[-74.88532,40.46214],[-74.88507,40.4599],[-74.8826,40.46005],[-74.8821,40.45775],[-74.87807,40.45802],[-74.87708,40.45258],[-74.874,40.44676],[-74.87593,40.44447],[-74.88044,40.44132],[-74.88016,40.43807],[-74.89078,40.43425],[-74.88903,40.43284],[-74.88551,40.4338],[-74.88287,40.43569],[-74.87958,40.43132],[-74.87793,40.43138],[-74.88393,40.4284],[-74.89132,40.42567],[-74.89402,40.42517],[-74.89258,40.41485],[-74.90382,40.41136],[-74.90772,40.40876],[-74.91104,40.40805],[-74.91434,40.40376],[-74.91948,40.40595],[-74.92516,40.40088],[-74.92784,40.39777],[-74.93053,40.40024],[-74.93773,40.40377],[-74.94198,40.407],[-74.94461,40.40469],[-74.94612,40.40687],[-74.95159,40.40465],[-74.94977,40.39849],[-74.95167,40.39727],[-74.96308,40.39731],[-74.96628,40.40102],[-74.96678,40.39786],[-74.96813,40.39913],[-74.97687,40.40185],[-74.98547,40.40594],[-74.9889,40.40877],[-74.99638,40.41053],[-74.99865,40.41009],[-75.00378,40.40762],[-75.00674,40.40765],[-75.02478,40.40346],[-75.02832,40.40388],[-75.03443,40.40607],[-75.0355,40.40744],[-75.04307,40.4116],[-75.04616,40.41397],[-75.05571,40.4164],[-75.05885,40.41807],[-75.06149,40.42285],[-75.06292,40.43341],[-75.06651,40.44718],[-75.07057,40.45517],[-75.07042,40.45841],[-75.06702,40.46531],[-75.06772,40.47367],[-75.06427,40.47698],[-75.06057,40.47719]]]}},{"type":"Feature","properties":{"zcta":"07072","d":848},"geometry":{"type":"Polygon","coordinates":[[[-74.09897,40.8503],[-74.09154,40.84595],[-74.09302,40.84435],[-74.08849,40.84172],[-74.08682,40.84269],[-74.08426,40.84186],[-74.07628,40.83711],[-74.06098,40.83252],[-74.0588,40.83511],[-74.05307,40.83365],[-74.03553,40.82482],[-74.03471,40.82494],[-74.03387,40.82254],[-74.03053,40.81838],[-74.03165,40.81326],[-74.03338,40.81005],[-74.03783,40.80759],[-74.04492,40.80756],[-74.05918,40.80618],[-74.06069,40.80573],[-74.06604,40.81693],[-74.07078,40.82208],[-74.07875,40.82755],[-74.10277,40.84148],[-74.09897,40.8503]]]}},{"type":"Feature","properties":{"zcta":"10547","d":752},"geometry":{"type":"Polygon","coordinates":[[[-73.84583,41.33608],[-73.84587,41.33215],[-73.84299,41.33159],[-73.84276,41.32956],[-73.84614,41.32861],[-73.84199,41.32767],[-73.84181,41.3219],[-73.83496,41.32262],[-73.83493,41.32573],[-73.83288,41.32562],[-73.82705,41.31916],[-73.82656,41.31627],[-73.82406,41.31197],[-73.82468,41.30548],[-73.82376,41.29989],[-73.82664,41.29674],[-73.83088,41.29437],[-73.835,41.29072],[-73.84109,41.28934],[-73.84454,41.28947],[-73.85461,41.29239],[-73.857,41.30481],[-73.86506,41.30308],[-73.86832,41.30776],[-73.86538,41.30934],[-73.86637,41.31367],[-73.87027,41.31193],[-73.86956,41.32206],[-73.86067,41.32675],[-73.86193,41.33438],[-73.84583,41.33608]]]}},{"type":"Feature","properties":{"zcta":"11230","d":19685},"geometry":{"type":"Polygon","coordinates":[[[-73.96538,40.63628],[-73.9631,40.63407],[-73.9584,40.63633],[-73.95717,40.63541],[-73.95446,40.62106],[-73.9531,40.61142],[-73.9536,40.61095],[-73.96238,40.60999],[-73.97299,40.60881],[-73.97444,40.61087],[-73.97399,40.61403],[-73.9753,40.62091],[-73.97679,40.62325],[-73.97658,40.62757],[-73.9794,40.62917],[-73.97749,40.6306],[-73.96538,40.63628]]]}},{"type":"Feature","properties":{"zcta":"11223","d":16085},"geometry":{"type":"Polygon","coordinates":[[[-73.97299,40.60881],[-73.96238,40.60999],[-73.96179,40.60981],[-73.96036,40.6007],[-73.9603,40.59585],[-73.95906,40.59212],[-73.96513,40.59111],[-73.96564,40.58889],[-73.9677,40.58723],[-73.96679,40.58511],[-73.96906,40.584],[-73.97464,40.58311],[-73.98027,40.58313],[-73.98281,40.58379],[-73.98725,40.60725],[-73.97299,40.60881]]]}},{"type":"Feature","properties":{"zcta":"10560","d":105},"geometry":{"type":"Polygon","coordinates":[[[-73.66046,41.34359],[-73.66093,41.34602],[-73.65814,41.34643],[-73.65952,41.34746],[-73.65901,41.34925],[-73.66276,41.35012],[-73.66149,41.35408],[-73.65903,41.35518],[-73.64125,41.35697],[-73.64099,41.35523],[-73.6386,41.35725],[-73.59994,41.3608],[-73.57563,41.36336],[-73.57498,41.36168],[-73.57169,41.36237],[-73.57254,41.36368],[-73.54471,41.36654],[-73.54897,41.3263],[-73.54957,41.31593],[-73.54893,41.3076],[-73.5499,41.30177],[-73.57116,41.30487],[-73.57432,41.30398],[-73.58571,41.30245],[-73.58478,41.31103],[-73.61368,41.30826],[-73.61404,41.30788],[-73.61649,41.30681],[-73.61915,41.30781],[-73.64315,41.30541],[-73.64759,41.30521],[-73.65929,41.30385],[-73.6747,41.30236],[-73.67365,41.30738],[-73.67255,41.30898],[-73.66893,41.30953],[-73.66829,41.31228],[-73.66357,41.31747],[-73.65869,41.32154],[-73.65656,41.32597],[-73.65809,41.32651],[-73.65922,41.33072],[-73.657,41.33673],[-73.65581,41.34163],[-73.65431,41.34384],[-73.65044,41.34717],[-73.65206,41.34682],[-73.6559,41.34347],[-73.66046,41.34359]]]}},{"type":"Feature","properties":{"zcta":"11560","d":448},"geometry":{"type":"Polygon","coordinates":[[[-73.61757,40.8979],[-73.6142,40.90013],[-73.61305,40.90221],[-73.60867,40.90327],[-73.60579,40.90207],[-73.60187,40.9028],[-73.59454,40.90867],[-73.58398,40.90946],[-73.58158,40.90609],[-73.58134,40.90373],[-73.57782,40.90136],[-73.57356,40.89764],[-73.57437,40.89593],[-73.57199,40.8952],[-73.57142,40.89286],[-73.56757,40.88886],[-73.56807,40.88816],[-73.57282,40.88775],[-73.5752,40.88682],[-73.57503,40.88223],[-73.56897,40.883],[-73.56934,40.88432],[-73.56466,40.88382],[-73.5655,40.88177],[-73.56508,40.87926],[-73.56787,40.87853],[-73.5685,40.87519],[-73.57311,40.87541],[-73.5751,40.87444],[-73.57192,40.86981],[-73.56831,40.86719],[-73.56709,40.86131],[-73.57005,40.85481],[-73.57162,40.8526],[-73.57737,40.84967],[-73.58585,40.84479],[-73.58824,40.84826],[-73.59069,40.85698],[-73.5926,40.85685],[-73.59543,40.85847],[-73.59724,40.86581],[-73.60022,40.86574],[-73.59886,40.86799],[-73.6123,40.87378],[-73.61414,40.87432],[-73.61412,40.87673],[-73.61616,40.88026],[-73.61968,40.89056],[-73.61804,40.89022],[-73.61808,40.89609],[-73.62102,40.89845],[-73.61757,40.8979]]]}},{"type":"Feature","properties":{"zcta":"07522","d":13491},"geometry":{"type":"Polygon","coordinates":[[[-74.19178,40.93144],[-74.1867,40.92725],[-74.18445,40.92646],[-74.17897,40.93205],[-74.17679,40.93346],[-74.1726,40.92995],[-74.16969,40.93217],[-74.16682,40.93136],[-74.16525,40.92984],[-74.16603,40.92626],[-74.17006,40.9233],[-74.17273,40.92221],[-74.17688,40.92024],[-74.17932,40.91767],[-74.18194,40.91513],[-74.18379,40.9122],[-74.18717,40.91247],[-74.19329,40.91196],[-74.19379,40.9126],[-74.18296,40.91889],[-74.18277,40.91989],[-74.18967,40.92647],[-74.19072,40.9257],[-74.19326,40.92856],[-74.1933,40.93047],[-74.19178,40.93144]]]}},{"type":"Feature","properties":{"zcta":"10705","d":8450},"geometry":{"type":"Polygon","coordinates":[[[-73.90488,40.92423],[-73.90412,40.92712],[-73.89813,40.92661],[-73.89559,40.92759],[-73.89564,40.92612],[-73.89254,40.92619],[-73.89094,40.92772],[-73.88974,40.92643],[-73.88696,40.92759],[-73.88397,40.92753],[-73.87956,40.93124],[-73.87089,40.93261],[-73.87057,40.93149],[-73.87574,40.92374],[-73.87282,40.92432],[-73.8714,40.92347],[-73.8744,40.92034],[-73.87498,40.91211],[-73.87682,40.91014],[-73.87814,40.91042],[-73.87819,40.90598],[-73.88612,40.90802],[-73.89663,40.91132],[-73.91052,40.91528],[-73.91125,40.9161],[-73.90913,40.92273],[-73.90696,40.92468],[-73.90488,40.92423]]]}},{"type":"Feature","properties":{"zcta":"10302","d":7410},"geometry":{"type":"Polygon","coordinates":[[[-74.14546,40.62789],[-74.14561,40.63227],[-74.14324,40.63939],[-74.14107,40.64038],[-74.13441,40.64209],[-74.12985,40.64149],[-74.12698,40.63996],[-74.12844,40.63367],[-74.13016,40.63092],[-74.12919,40.62866],[-74.13114,40.6269],[-74.13206,40.62339],[-74.13055,40.6231],[-74.1318,40.62102],[-74.13639,40.62347],[-74.13756,40.62163],[-74.14168,40.62163],[-74.14234,40.61661],[-74.1469,40.61705],[-74.14509,40.62028],[-74.14823,40.6215],[-74.14614,40.62493],[-74.14546,40.62789]]]}},{"type":"Feature","properties":{"zcta":"10461","d":10209},"geometry":{"type":"Polygon","coordinates":[[[-73.84931,40.85872],[-73.84329,40.85829],[-73.83682,40.85728],[-73.83277,40.85599],[-73.82652,40.85651],[-73.82563,40.85394],[-73.82698,40.84944],[-73.82549,40.84584],[-73.82624,40.84299],[-73.82539,40.83552],[-73.82836,40.83328],[-73.83224,40.83527],[-73.83531,40.83389],[-73.83639,40.83584],[-73.83844,40.83513],[-73.83739,40.83012],[-73.84231,40.82908],[-73.84228,40.83127],[-73.84458,40.8313],[-73.83995,40.8349],[-73.84531,40.83572],[-73.85521,40.84298],[-73.85179,40.84417],[-73.85907,40.85377],[-73.86179,40.85798],[-73.84931,40.85872]]]}},{"type":"Feature","properties":{"zcta":"10965","d":1552},"geometry":{"type":"Polygon","coordinates":[[[-74.0321,41.07628],[-74.03284,41.0785],[-74.01472,41.08022],[-74.01461,41.07965],[-74.00927,41.08029],[-74.00805,41.07956],[-74.00269,41.07898],[-74.00042,41.07395],[-73.99669,41.07403],[-73.99537,41.0728],[-73.99505,41.06603],[-73.99573,41.06413],[-73.99365,41.06335],[-73.99443,41.06137],[-73.99249,41.05878],[-73.98724,41.05787],[-73.98548,41.0604],[-73.98198,41.0582],[-73.98199,41.05451],[-73.9815,41.05219],[-73.97991,41.05169],[-73.98202,41.04999],[-73.98594,41.04898],[-73.98692,41.04493],[-73.98549,41.04346],[-73.99414,41.04571],[-73.99658,41.04221],[-73.99982,41.04081],[-74.0127,41.04653],[-74.05082,41.06346],[-74.04503,41.06405],[-74.04372,41.06779],[-74.03962,41.06767],[-74.04072,41.06854],[-74.0372,41.06927],[-74.03761,41.07161],[-74.03642,41.07572],[-74.03451,41.0761],[-74.0321,41.07628]]]}},{"type":"Feature","properties":{"zcta":"11968","d":220},"geometry":{"type":"Polygon","coordinates":[[[-72.47288,40.9],[-72.46732,40.90468],[-72.46405,40.90682],[-72.45816,40.91189],[-72.45262,40.9176],[-72.45047,40.917],[-72.44928,40.92138],[-72.44791,40.92296],[-72.44851,40.9251],[-72.44577,40.93378],[-72.44474,40.93943],[-72.443,40.94551],[-72.43796,40.94722],[-72.43286,40.94799],[-72.41648,40.94791],[-72.41178,40.94824],[-72.40644,40.94989],[-72.40051,40.95573],[-72.40089,40.95804],[-72.39177,40.96626],[-72.38323,40.97689],[-72.37642,40.97524],[-72.37715,40.97268],[-72.37551,40.96984],[-72.36807,40.96108],[-72.36713,40.96145],[-72.36754,40.95909],[-72.37008,40.95774],[-72.3705,40.95625],[-72.37632,40.95602],[-72.37721,40.95411],[-72.3754,40.94402],[-72.37642,40.94288],[-72.37997,40.9418],[-72.37839,40.93989],[-72.37717,40.93332],[-72.37612,40.93228],[-72.37294,40.92443],[-72.37563,40.92299],[-72.37627,40.92135],[-72.37923,40.92027],[-72.37986,40.9181],[-72.37902,40.91324],[-72.38093,40.9096],[-72.37293,40.90874],[-72.37226,40.90743],[-72.3752,40.90291],[-72.37837,40.90044],[-72.37038,40.897],[-72.36531,40.89541],[-72.35949,40.89521],[-72.36013,40.89281],[-72.35727,40.89251],[-72.35259,40.89324],[-72.34998,40.89187],[-72.3439,40.89365],[-72.33898,40.88749],[-72.39585,40.86666],[-72.47,40.84274],[-72.47603,40.84043],[-72.49012,40.87565],[-72.48125,40.88685],[-72.48365,40.89214],[-72.4774,40.89362],[-72.46849,40.89487],[-72.47028,40.89626],[-72.47876,40.89816],[-72.47288,40.9]]]}},{"type":"Feature","properties":{"zcta":"10960","d":1814},"geometry":{"type":"Polygon","coordinates":[[[-73.94533,41.10207],[-73.93998,41.1042],[-73.93986,41.10312],[-73.93276,41.10193],[-73.9315,41.10083],[-73.93205,41.09851],[-73.93058,41.09872],[-73.92824,41.10605],[-73.92911,41.1082],[-73.92788,41.10919],[-73.92693,41.11606],[-73.92555,41.11838],[-73.92299,41.11821],[-73.91623,41.12108],[-73.91203,41.12362],[-73.90882,41.13532],[-73.90626,41.13556],[-73.90639,41.13001],[-73.90968,41.12254],[-73.91297,41.11896],[-73.91237,41.11655],[-73.91405,41.1109],[-73.91499,41.10217],[-73.91407,41.10014],[-73.91538,41.09643],[-73.91425,41.09334],[-73.91446,41.08901],[-73.91737,41.08654],[-73.91771,41.08463],[-73.91553,41.08181],[-73.91588,41.07794],[-73.91912,41.07516],[-73.9203,41.07135],[-73.92074,41.06393],[-73.91895,41.05188],[-73.9226,41.05093],[-73.92062,41.04106],[-73.92387,41.04091],[-73.92658,41.04453],[-73.93074,41.04714],[-73.93207,41.05719],[-73.92936,41.0589],[-73.92505,41.05904],[-73.92591,41.06125],[-73.92665,41.06998],[-73.9273,41.07044],[-73.93183,41.07198],[-73.93234,41.0735],[-73.92927,41.07517],[-73.93119,41.07803],[-73.93142,41.08122],[-73.93479,41.08325],[-73.93626,41.08294],[-73.94183,41.07978],[-73.94166,41.08685],[-73.94782,41.08546],[-73.95037,41.09061],[-73.95045,41.09378],[-73.9439,41.09548],[-73.94144,41.09693],[-73.94857,41.09886],[-73.94643,41.1006],[-73.94533,41.10207]]]}},{"type":"Feature","properties":{"zcta":"11552","d":3912},"geometry":{"type":"Polygon","coordinates":[[[-73.65752,40.70994],[-73.65784,40.70837],[-73.65567,40.70732],[-73.65204,40.71111],[-73.6432,40.71278],[-73.63731,40.7049],[-73.63934,40.7039],[-73.63852,40.70002],[-73.63647,40.6949],[-73.6318,40.69355],[-73.63277,40.69003],[-73.63324,40.68817],[-73.63652,40.68142],[-73.64073,40.67453],[-73.64358,40.67147],[-73.64573,40.67144],[-73.65293,40.67554],[-73.65351,40.67381],[-73.65875,40.67325],[-73.65831,40.67151],[-73.66014,40.6711],[-73.66246,40.67525],[-73.66264,40.68052],[-73.66179,40.68188],[-73.6676,40.68298],[-73.66809,40.68574],[-73.66767,40.6918],[-73.66598,40.69845],[-73.66103,40.70273],[-73.66124,40.70634],[-73.66303,40.70658],[-73.66344,40.71043],[-73.65752,40.70994]]]}},{"type":"Feature","properties":{"zcta":"10604","d":917},"geometry":{"type":"Polygon","coordinates":[[[-73.74687,41.09172],[-73.74429,41.08986],[-73.74703,41.0836],[-73.74701,41.07955],[-73.74425,41.07783],[-73.73852,41.07888],[-73.7343,41.0751],[-73.7318,41.07624],[-73.72794,41.07494],[-73.72628,41.07593],[-73.72505,41.07914],[-73.72082,41.079],[-73.72059,41.07492],[-73.72136,41.07205],[-73.71707,41.07233],[-73.71752,41.07527],[-73.71606,41.08512],[-73.71546,41.08582],[-73.69467,41.0598],[-73.70092,41.05663],[-73.6997,41.05486],[-73.70307,41.05472],[-73.70611,41.05786],[-73.70501,41.06064],[-73.70713,41.06165],[-73.71203,41.0613],[-73.71448,41.06219],[-73.71636,41.06081],[-73.71902,41.0605],[-73.71937,41.06642],[-73.72056,41.06648],[-73.72628,41.06165],[-73.72878,41.05672],[-73.72843,41.05337],[-73.73228,41.05421],[-73.73658,41.051],[-73.73889,41.04211],[-73.74054,41.03888],[-73.74493,41.03364],[-73.74412,41.03085],[-73.74157,41.03056],[-73.73007,41.02599],[-73.72422,41.03018],[-73.72436,41.02764],[-73.72213,41.02462],[-73.71672,41.0217],[-73.71542,41.01858],[-73.71725,41.01402],[-73.72188,41.01457],[-73.72634,41.01759],[-73.72771,41.01972],[-73.7292,41.01933],[-73.73125,41.02212],[-73.73778,41.0231],[-73.73863,41.02739],[-73.74144,41.02869],[-73.74408,41.02539],[-73.74956,41.02857],[-73.75488,41.03265],[-73.7528,41.03461],[-73.75356,41.03645],[-73.75805,41.03885],[-73.7615,41.04071],[-73.76526,41.04847],[-73.76611,41.05379],[-73.76305,41.05449],[-73.76252,41.05875],[-73.76551,41.06322],[-73.76403,41.065],[-73.76208,41.06492],[-73.76041,41.06817],[-73.76293,41.06848],[-73.76537,41.07014],[-73.76219,41.07281],[-73.76653,41.07383],[-73.7653,41.07642],[-73.76498,41.08221],[-73.76278,41.08724],[-73.75485,41.09325],[-73.75381,41.09486],[-73.74687,41.09172]]]}},{"type":"Feature","properties":{"zcta":"11782","d":1470},"geometry":{"type":"MultiPolygon","coordinates":[[[[-73.1039,40.65876],[-73.10168,40.6576],[-73.09624,40.65869],[-73.08324,40.6624],[-73.07393,40.6664],[-73.06662,40.66706],[-73.05216,40.66944],[-73.0435,40.67189],[-73.04151,40.67373],[-73.0401,40.67102],[-73.05496,40.66637],[-73.08546,40.65874],[-73.10278,40.65488],[-73.10322,40.65618],[-73.10511,40.65727],[-73.1039,40.65876]]],[[[-73.07384,40.76713],[-73.06217,40.76931],[-73.05936,40.76301],[-73.05963,40.75717],[-73.06116,40.75079],[-73.06432,40.74702],[-73.06618,40.74334],[-73.06806,40.74301],[-73.06893,40.73879],[-73.07267,40.73581],[-73.0718,40.73259],[-73.07387,40.7304],[-73.07204,40.72903],[-73.07166,40.72562],[-73.07006,40.7247],[-73.06984,40.72257],[-73.07479,40.7235],[-73.07776,40.7234],[-73.08596,40.72092],[-73.08967,40.72036],[-73.09125,40.72412],[-73.09221,40.73466],[-73.09158,40.73655],[-73.09277,40.74057],[-73.09182,40.74148],[-73.09362,40.74556],[-73.09565,40.74555],[-73.09872,40.74464],[-73.10526,40.74511],[-73.10621,40.75055],[-73.10377,40.75076],[-73.10605,40.75323],[-73.1071,40.7575],[-73.09801,40.76095],[-73.09036,40.76311],[-73.08285,40.76457],[-73.07384,40.76713]]]]}},{"type":"Feature","properties":{"zcta":"10952","d":1391},"geometry":{"type":"MultiPolygon","coordinates":[[[[-74.06463,41.07595],[-74.06634,41.0748],[-74.0682,41.07669],[-74.06463,41.07595]]],[[[-74.06803,41.15563],[-74.06442,41.15554],[-74.06411,41.15217],[-74.06742,41.14896],[-74.06957,41.14846],[-74.06767,41.14332],[-74.06652,41.13532],[-74.0654,41.13327],[-74.06078,41.1329],[-74.06121,41.12933],[-74.05918,41.12721],[-74.05831,41.12417],[-74.05657,41.12236],[-74.05908,41.12016],[-74.05894,41.11669],[-74.05768,41.11675],[-74.05699,41.11118],[-74.05857,41.11033],[-74.06495,41.10965],[-74.06458,41.10777],[-74.05809,41.10851],[-74.05774,41.10653],[-74.05939,41.10636],[-74.05919,41.10364],[-74.0604,41.104],[-74.06082,41.09963],[-74.06594,41.10084],[-74.06492,41.09727],[-74.06745,41.09714],[-74.06778,41.09346],[-74.06919,41.08834],[-74.06592,41.08118],[-74.06495,41.08156],[-74.06319,41.07912],[-74.06412,41.07727],[-74.06651,41.0793],[-74.07005,41.0771],[-74.07358,41.07358],[-74.10398,41.08705],[-74.11238,41.09075],[-74.11223,41.09835],[-74.10703,41.09959],[-74.10389,41.10092],[-74.10241,41.09871],[-74.09835,41.09941],[-74.10005,41.10229],[-74.09793,41.10393],[-74.09279,41.10399],[-74.09788,41.11126],[-74.09943,41.1122],[-74.09768,41.11309],[-74.09585,41.11841],[-74.09208,41.11606],[-74.09224,41.11858],[-74.09009,41.11837],[-74.09011,41.12252],[-74.08653,41.12368],[-74.08577,41.12953],[-74.08301,41.13359],[-74.08295,41.14044],[-74.08828,41.14059],[-74.08714,41.14341],[-74.08942,41.14478],[-74.08938,41.14987],[-74.0877,41.15905],[-74.08813,41.16257],[-74.08031,41.16139],[-74.08057,41.15864],[-74.07374,41.15884],[-74.06755,41.1615],[-74.06803,41.15563]]]]}},{"type":"Feature","properties":{"zcta":"08890","d":0},"geometry":{"type":"Polygon","coordinates":[[[-74.58047,40.53676],[-74.57858,40.54078],[-74.57613,40.54169],[-74.57135,40.54162],[-74.56648,40.54281],[-74.56557,40.54243],[-74.57812,40.53505],[-74.5794,40.53368],[-74.58222,40.53504],[-74.58047,40.53676]]]}},{"type":"Feature","properties":{"zcta":"11208","d":12277},"geometry":{"type":"Polygon","coordinates":[[[-73.88452,40.68669],[-73.87962,40.69111],[-73.87402,40.69419],[-73.86892,40.69515],[-73.86629,40.68319],[-73.8641,40.68237],[-73.86386,40.67947],[-73.86235,40.67916],[-73.86132,40.67502],[-73.86039,40.67127],[-73.85763,40.67166],[-73.85568,40.66387],[-73.85843,40.66345],[-73.85761,40.66012],[-73.86317,40.65828],[-73.86599,40.65886],[-73.86718,40.66045],[-73.86916,40.66012],[-73.87611,40.65713],[-73.87859,40.6612],[-73.88266,40.66601],[-73.88454,40.67489],[-73.88592,40.67923],[-73.8865,40.68335],[-73.88819,40.68256],[-73.88961,40.68421],[-73.88452,40.68669]]]}},{"type":"Feature","properties":{"zcta":"11232","d":10420},"geometry":{"type":"Polygon","coordinates":[[[-74.00017,40.6686],[-73.99862,40.67183],[-73.99484,40.6668],[-73.99608,40.66525],[-73.99167,40.66303],[-74.00214,40.65296],[-73.99782,40.65028],[-73.99828,40.64973],[-73.99398,40.6471],[-73.99773,40.64341],[-74.00034,40.64456],[-74.01343,40.65245],[-74.01926,40.64685],[-74.02401,40.65066],[-74.00757,40.6625],[-74.00425,40.66152],[-73.99999,40.66382],[-74.00219,40.66734],[-74.00017,40.6686]]]}},{"type":"Feature","properties":{"zcta":"11220","d":29834},"geometry":{"type":"Polygon","coordinates":[[[-74.03342,40.64392],[-74.0276,40.64473],[-74.02452,40.6474],[-74.02401,40.65066],[-74.01926,40.64685],[-74.01343,40.65245],[-74.00034,40.64456],[-73.99773,40.64341],[-74.0127,40.62902],[-74.01605,40.63103],[-74.02604,40.63574],[-74.03596,40.63882],[-74.03689,40.63844],[-74.03342,40.64392]]]}},{"type":"Feature","properties":{"zcta":"07088","d":4399},"geometry":{"type":"Polygon","coordinates":[[[-74.27365,40.71858],[-74.27607,40.71624],[-74.27468,40.71378],[-74.28171,40.71445],[-74.28423,40.71842],[-74.29328,40.71696],[-74.29724,40.71553],[-74.29462,40.71752],[-74.29275,40.72055],[-74.2875,40.72218],[-74.28519,40.72215],[-74.27365,40.71858]]]}},{"type":"Feature","properties":{"zcta":"10278","d":0},"geometry":{"type":"Polygon","coordinates":[[[-74.00211,40.71516],[-74.00309,40.71396],[-74.00542,40.71524],[-74.00453,40.71628],[-74.00211,40.71516]]]}},{"type":"Feature","properties":{"zcta":"07648","d":1005},"geometry":{"type":"Polygon","coordinates":[[[-73.96574,41.01153],[-73.95709,41.01011],[-73.95199,41.00489],[-73.954,41.0013],[-73.94495,40.99646],[-73.92542,40.9933],[-73.929,40.98178],[-73.93323,40.98233],[-73.93437,40.97679],[-73.93958,40.97875],[-73.94149,40.98203],[-73.94453,40.98383],[-73.94877,40.98424],[-73.9531,40.98273],[-73.95582,40.98421],[-73.96304,40.98274],[-73.96714,40.99167],[-73.96802,40.99116],[-73.97072,40.99497],[-73.96874,41.00681],[-73.96574,41.01153]]]}},{"type":"Feature","properties":{"zcta":"10464","d":620},"geometry":{"type":"MultiPolygon","coordinates":[[[[-73.78878,40.85843],[-73.7879,40.85408],[-73.78478,40.85123],[-73.78217,40.84672],[-73.78313,40.8445],[-73.78153,40.83895],[-73.78416,40.83711],[-73.78564,40.83802],[-73.79112,40.84719],[-73.7899,40.85036],[-73.79264,40.8548],[-73.79058,40.85854],[-73.78878,40.85843]]],[[[-73.81516,40.889],[-73.8044,40.88628],[-73.8053,40.886],[-73.79925,40.88463],[-73.79368,40.88235],[-73.79493,40.88056],[-73.7937,40.87873],[-73.79083,40.88024],[-73.78888,40.87899],[-73.7848,40.87853],[-73.78337,40.87182],[-73.78598,40.86948],[-73.79121,40.86895],[-73.79522,40.8575],[-73.79884,40.85422],[-73.79813,40.85131],[-73.79984,40.84867],[-73.80137,40.84876],[-73.80463,40.85462],[-73.80382,40.85811],[-73.80442,40.86162],[-73.80904,40.86047],[-73.81093,40.86276],[-73.8154,40.86459],[-73.81764,40.86376],[-73.81553,40.86822],[-73.81592,40.87062],[-73.81765,40.86927],[-73.81747,40.86731],[-73.82046,40.86931],[-73.81869,40.87194],[-73.8184,40.87666],[-73.81578,40.88434],[-73.81541,40.88665],[-73.81516,40.889]]]]}},{"type":"Feature","properties":{"zcta":"10309","d":2387},"geometry":{"type":"Polygon","coordinates":[[[-74.20514,40.55735],[-74.2114,40.55564],[-74.20613,40.54354],[-74.2031,40.54429],[-74.19858,40.53448],[-74.20309,40.53248],[-74.20289,40.53171],[-74.19748,40.53242],[-74.19323,40.526],[-74.19114,40.52686],[-74.18847,40.52313],[-74.19,40.52257],[-74.18767,40.51946],[-74.18382,40.52085],[-74.18318,40.51992],[-74.1845,40.51946],[-74.1948,40.51014],[-74.19648,40.50977],[-74.20078,40.51321],[-74.2089,40.51146],[-74.21145,40.50882],[-74.21979,40.5026],[-74.22829,40.50178],[-74.2283,40.50254],[-74.2326,40.51584],[-74.23482,40.51952],[-74.2407,40.52004],[-74.24286,40.52116],[-74.24173,40.53127],[-74.24781,40.5434],[-74.22826,40.55541],[-74.2189,40.55457],[-74.21224,40.55721],[-74.20639,40.5581],[-74.20514,40.55735]]]}},{"type":"Feature","properties":{"zcta":"11426","d":6901},"geometry":{"type":"Polygon","coordinates":[[[-73.72904,40.74723],[-73.72796,40.75003],[-73.72293,40.75413],[-73.72156,40.75275],[-73.71741,40.74351],[-73.7172,40.74151],[-73.71371,40.73618],[-73.71148,40.7325],[-73.71049,40.72723],[-73.71649,40.72645],[-73.72553,40.72408],[-73.7295,40.7226],[-73.73169,40.72905],[-73.73128,40.73271],[-73.72821,40.73306],[-73.72611,40.73638],[-73.72751,40.74069],[-73.73232,40.74365],[-73.72904,40.74723]]]}},{"type":"Feature","properties":{"zcta":"10541","d":533},"geometry":{"type":"Polygon","coordinates":[[[-73.75133,41.4311],[-73.72856,41.43303],[-73.72755,41.43043],[-73.72755,41.42501],[-73.73081,41.42352],[-73.72909,41.42299],[-73.72777,41.41604],[-73.72595,41.41425],[-73.7246,41.39909],[-73.71753,41.39987],[-73.71525,41.39842],[-73.71854,41.39623],[-73.71218,41.39626],[-73.70655,41.39688],[-73.69767,41.3876],[-73.70172,41.38597],[-73.70289,41.38321],[-73.70024,41.38431],[-73.70051,41.37835],[-73.69903,41.37799],[-73.69814,41.37216],[-73.69547,41.36887],[-73.69155,41.36852],[-73.69181,41.36645],[-73.69031,41.36457],[-73.69308,41.36196],[-73.69359,41.35927],[-73.69578,41.35799],[-73.69628,41.35568],[-73.69774,41.35532],[-73.69964,41.35092],[-73.71867,41.34898],[-73.71712,41.34666],[-73.7147,41.34702],[-73.71442,41.34534],[-73.71882,41.34487],[-73.71884,41.34349],[-73.72177,41.34287],[-73.72193,41.33725],[-73.71794,41.33806],[-73.71658,41.3327],[-73.72051,41.33081],[-73.7197,41.32614],[-73.72344,41.32722],[-73.72693,41.33022],[-73.72693,41.33237],[-73.72989,41.33212],[-73.73268,41.33341],[-73.73446,41.33527],[-73.73463,41.33719],[-73.73487,41.33762],[-73.73516,41.34088],[-73.73389,41.3428],[-73.73601,41.34585],[-73.73577,41.34719],[-73.76697,41.344],[-73.78818,41.34185],[-73.80103,41.34056],[-73.79969,41.34289],[-73.80497,41.34263],[-73.80675,41.33999],[-73.81572,41.33909],[-73.81252,41.34293],[-73.81211,41.34769],[-73.80997,41.35285],[-73.80542,41.35842],[-73.80269,41.36288],[-73.80147,41.36972],[-73.79972,41.37709],[-73.80015,41.38568],[-73.79722,41.39117],[-73.79712,41.39439],[-73.79314,41.39692],[-73.78972,41.39635],[-73.78044,41.40873],[-73.77754,41.409],[-73.77363,41.41258],[-73.77043,41.41294],[-73.76801,41.4181],[-73.7703,41.41733],[-73.77441,41.42023],[-73.77242,41.42087],[-73.76686,41.42551],[-73.76451,41.42948],[-73.76301,41.43026],[-73.75133,41.4311]],[[-73.76161,41.37164],[-73.76474,41.37252],[-73.76637,41.36945],[-73.76161,41.37164]]]}},{"type":"Feature","properties":{"zcta":"08823","d":1455},"geometry":{"type":"Polygon","coordinates":[[[-74.57587,40.45757],[-74.57599,40.45609],[-74.5671,40.45229],[-74.56872,40.45001],[-74.56164,40.44696],[-74.55994,40.44925],[-74.55557,40.44705],[-74.55273,40.44715],[-74.55136,40.44916],[-74.54992,40.44859],[-74.55166,40.44602],[-74.54842,40.44422],[-74.54521,40.44507],[-74.54386,40.44633],[-74.54529,40.45067],[-74.54432,40.45236],[-74.54347,40.45044],[-74.53166,40.44549],[-74.53336,40.44396],[-74.53057,40.44196],[-74.53152,40.44136],[-74.53619,40.43833],[-74.55411,40.43034],[-74.57163,40.42391],[-74.57273,40.42613],[-74.57328,40.43036],[-74.57052,40.43096],[-74.56736,40.42869],[-74.56659,40.42931],[-74.5685,40.43245],[-74.57143,40.43361],[-74.5761,40.43413],[-74.57809,40.43654],[-74.5799,40.44366],[-74.5816,40.44067],[-74.58237,40.44211],[-74.58135,40.44414],[-74.59301,40.44859],[-74.5879,40.45423],[-74.58142,40.4604],[-74.57587,40.45757]]]}},{"type":"Feature","properties":{"zcta":"07010","d":13435},"geometry":{"type":"Polygon","coordinates":[[[-73.98893,40.83445],[-73.97683,40.82783],[-73.97968,40.82279],[-73.98473,40.81572],[-73.99046,40.81205],[-73.99453,40.80653],[-73.9983,40.80848],[-73.99369,40.81404],[-73.99518,40.81483],[-73.99401,40.81753],[-73.9908,40.82144],[-73.99611,40.82441],[-73.98893,40.83445]]]}},{"type":"Feature","properties":{"zcta":"07018","d":8407},"geometry":{"type":"Polygon","coordinates":[[[-74.22063,40.76787],[-74.21703,40.76762],[-74.21688,40.76587],[-74.21081,40.76106],[-74.20082,40.75774],[-74.20088,40.75688],[-74.19758,40.7558],[-74.19933,40.75418],[-74.20106,40.75076],[-74.20217,40.75065],[-74.20446,40.74892],[-74.20731,40.74928],[-74.2187,40.74886],[-74.22032,40.7484],[-74.22172,40.74508],[-74.22892,40.74645],[-74.22637,40.75116],[-74.23344,40.75135],[-74.23467,40.75056],[-74.23815,40.75224],[-74.22063,40.76787]]]}},{"type":"Feature","properties":{"zcta":"07063","d":4059},"geometry":{"type":"Polygon","coordinates":[[[-74.46129,40.61162],[-74.45486,40.6155],[-74.44975,40.61946],[-74.44727,40.61665],[-74.44698,40.61461],[-74.44198,40.61293],[-74.43834,40.60967],[-74.43751,40.61028],[-74.43271,40.60631],[-74.42514,40.60172],[-74.42662,40.60038],[-74.4247,40.59851],[-74.43707,40.59747],[-74.45513,40.59595],[-74.45847,40.59481],[-74.46052,40.59667],[-74.45615,40.60065],[-74.46291,40.60889],[-74.46129,40.61162]]]}},{"type":"Feature","properties":{"zcta":"07407","d":4181},"geometry":{"type":"Polygon","coordinates":[[[-74.1323,40.90405],[-74.13164,40.90569],[-74.13348,40.91259],[-74.13026,40.91812],[-74.12941,40.92021],[-74.13234,40.92243],[-74.12338,40.92437],[-74.12156,40.92012],[-74.115,40.92188],[-74.11344,40.91772],[-74.10308,40.89768],[-74.10208,40.89421],[-74.10418,40.89366],[-74.12981,40.88705],[-74.12848,40.89413],[-74.13282,40.89707],[-74.1335,40.90195],[-74.1323,40.90405]]]}},{"type":"Feature","properties":{"zcta":"07095","d":2760},"geometry":{"type":"Polygon","coordinates":[[[-74.30731,40.55759],[-74.3061,40.55773],[-74.29704,40.56232],[-74.29348,40.56527],[-74.29692,40.56675],[-74.29271,40.57153],[-74.29193,40.5704],[-74.29005,40.57276],[-74.28375,40.57217],[-74.27434,40.57227],[-74.2669,40.57102],[-74.26958,40.5685],[-74.26887,40.56279],[-74.2599,40.56249],[-74.26433,40.55796],[-74.26758,40.55531],[-74.26638,40.55356],[-74.26798,40.54978],[-74.2702,40.55157],[-74.27089,40.55034],[-74.26789,40.54743],[-74.26891,40.5457],[-74.26602,40.5448],[-74.26459,40.54288],[-74.27102,40.54253],[-74.28205,40.53868],[-74.29114,40.53854],[-74.28953,40.53647],[-74.29215,40.53661],[-74.29444,40.5336],[-74.29706,40.53454],[-74.29808,40.53002],[-74.299,40.53217],[-74.30526,40.53753],[-74.30858,40.54128],[-74.30453,40.54186],[-74.30279,40.54408],[-74.30202,40.54864],[-74.30227,40.55153],[-74.30493,40.55112],[-74.30447,40.54777],[-74.30637,40.54762],[-74.30668,40.54475],[-74.31096,40.54441],[-74.31702,40.55269],[-74.30731,40.55759]]]}},{"type":"Feature","properties":{"zcta":"08872","d":1166},"geometry":{"type":"Polygon","coordinates":[[[-74.38133,40.46223],[-74.37916,40.46287],[-74.37909,40.4643],[-74.38228,40.46801],[-74.38214,40.46902],[-74.37817,40.47007],[-74.37904,40.47364],[-74.376,40.47431],[-74.37681,40.4778],[-74.37107,40.48139],[-74.36726,40.48074],[-74.36641,40.47795],[-74.36782,40.47258],[-74.36506,40.4708],[-74.35881,40.47272],[-74.35599,40.47581],[-74.35609,40.48101],[-74.35379,40.48281],[-74.33889,40.48251],[-74.33389,40.48451],[-74.32819,40.48789],[-74.32529,40.48971],[-74.32209,40.49371],[-74.31829,40.50061],[-74.31419,40.50381],[-74.30649,40.50751],[-74.30097,40.50898],[-74.30124,40.50138],[-74.30009,40.49529],[-74.30191,40.48896],[-74.30239,40.48568],[-74.30134,40.48147],[-74.29789,40.4816],[-74.29343,40.47711],[-74.29766,40.47428],[-74.29554,40.47187],[-74.29612,40.47115],[-74.29981,40.47656],[-74.31159,40.47825],[-74.31736,40.47172],[-74.32255,40.46829],[-74.33079,40.46557],[-74.33156,40.46905],[-74.33607,40.46894],[-74.33594,40.46721],[-74.34051,40.46625],[-74.33855,40.46348],[-74.33688,40.45654],[-74.33114,40.4556],[-74.32258,40.45351],[-74.3153,40.45134],[-74.32036,40.4471],[-74.32469,40.43917],[-74.32643,40.43913],[-74.32814,40.43678],[-74.34333,40.42761],[-74.34396,40.42808],[-74.35159,40.42334],[-74.35366,40.42142],[-74.35735,40.42151],[-74.35577,40.42311],[-74.35647,40.42491],[-74.35747,40.42834],[-74.35633,40.42959],[-74.35365,40.43179],[-74.35786,40.43457],[-74.35666,40.43739],[-74.35721,40.43864],[-74.36043,40.4399],[-74.35999,40.44341],[-74.36349,40.44641],[-74.36829,40.44751],[-74.36974,40.44853],[-74.37142,40.45194],[-74.37156,40.4562],[-74.37583,40.45528],[-74.375,40.45161],[-74.3765,40.45136],[-74.37849,40.45331],[-74.37565,40.4611],[-74.37854,40.46112],[-74.38121,40.45782],[-74.38609,40.45952],[-74.38436,40.46318],[-74.38133,40.46223]]]}},{"type":"Feature","properties":{"zcta":"07069","d":503},"geometry":{"type":"Polygon","coordinates":[[[-74.44308,40.65765],[-74.43592,40.66346],[-74.42954,40.66476],[-74.42622,40.66293],[-74.42239,40.65892],[-74.41978,40.65772],[-74.41672,40.66125],[-74.41302,40.66213],[-74.40949,40.66559],[-74.40531,40.66776],[-74.40349,40.66666],[-74.40175,40.66428],[-74.40275,40.66143],[-74.40274,40.65643],[-74.40674,40.64932],[-74.4065,40.64732],[-74.40853,40.64435],[-74.40863,40.64269],[-74.41473,40.64154],[-74.42496,40.63692],[-74.44168,40.62938],[-74.44563,40.62566],[-74.45327,40.61997],[-74.45573,40.62304],[-74.45904,40.61988],[-74.46864,40.61838],[-74.47947,40.61748],[-74.48232,40.62118],[-74.46428,40.63832],[-74.45354,40.64874],[-74.45465,40.65151],[-74.45081,40.65242],[-74.44841,40.65374],[-74.44869,40.65523],[-74.44308,40.65765]]]}},{"type":"Feature","properties":{"zcta":"07420","d":1036},"geometry":{"type":"Polygon","coordinates":[[[-74.29661,41.01333],[-74.30236,41.01308],[-74.30308,41.01205],[-74.30746,41.01919],[-74.3083,41.02365],[-74.30818,41.02739],[-74.30907,41.02958],[-74.31423,41.02918],[-74.31558,41.03125],[-74.31907,41.03025],[-74.321,41.02812],[-74.31947,41.02586],[-74.32412,41.02315],[-74.32867,41.04342],[-74.32352,41.04367],[-74.32445,41.0413],[-74.31791,41.0413],[-74.31845,41.04003],[-74.32283,41.03949],[-74.32197,41.03726],[-74.31939,41.03763],[-74.31634,41.0325],[-74.31023,41.03259],[-74.30923,41.03533],[-74.31245,41.03806],[-74.31136,41.03989],[-74.29919,41.03883],[-74.29506,41.04179],[-74.29291,41.04151],[-74.29261,41.04399],[-74.28946,41.04318],[-74.29222,41.04148],[-74.29211,41.03944],[-74.28819,41.03711],[-74.28389,41.03681],[-74.28342,41.03593],[-74.28453,41.02976],[-74.28609,41.02678],[-74.2882,41.02551],[-74.28773,41.02323],[-74.2887,41.02152],[-74.29012,41.01558],[-74.29661,41.01333]]]}},{"type":"Feature","properties":{"zcta":"07110","d":4475},"geometry":{"type":"Polygon","coordinates":[[[-74.15748,40.835],[-74.13002,40.81994],[-74.13597,40.8183],[-74.13847,40.81326],[-74.13865,40.80765],[-74.13957,40.80541],[-74.14639,40.80627],[-74.14901,40.80766],[-74.14965,40.80664],[-74.1754,40.80953],[-74.18376,40.81218],[-74.17962,40.81663],[-74.17874,40.81945],[-74.17632,40.82185],[-74.17494,40.82191],[-74.16267,40.83781],[-74.15748,40.835]]]}},{"type":"Feature","properties":{"zcta":"07624","d":1250},"geometry":{"type":"Polygon","coordinates":[[[-73.98786,40.97582],[-73.98768,40.97437],[-73.98231,40.97796],[-73.98135,40.97711],[-73.98046,40.97959],[-73.97671,40.98201],[-73.97446,40.98181],[-73.9725,40.983],[-73.96463,40.98402],[-73.96304,40.98274],[-73.95582,40.98421],[-73.9531,40.98273],[-73.94877,40.98424],[-73.94453,40.98383],[-73.94149,40.98203],[-73.93958,40.97875],[-73.93437,40.97679],[-73.9351,40.97239],[-73.93942,40.96379],[-73.94466,40.95763],[-73.94487,40.95742],[-73.96259,40.96799],[-73.96321,40.96544],[-73.96576,40.9672],[-73.97469,40.96768],[-73.98654,40.9682],[-73.98543,40.97033],[-74.00184,40.97079],[-74.00172,40.97241],[-73.99777,40.97278],[-73.99385,40.9753],[-73.98786,40.97582]]]}},{"type":"Feature","properties":{"zcta":"07108","d":8397},"geometry":{"type":"Polygon","coordinates":[[[-74.2061,40.72708],[-74.20377,40.73179],[-74.18434,40.7276],[-74.1852,40.72541],[-74.18389,40.72506],[-74.18386,40.72347],[-74.18679,40.72286],[-74.1883,40.72154],[-74.19347,40.71311],[-74.19889,40.71447],[-74.20895,40.71827],[-74.21149,40.71849],[-74.21785,40.72154],[-74.21508,40.72905],[-74.2061,40.72708]]]}},{"type":"Feature","properties":{"zcta":"07508","d":2467},"geometry":{"type":"Polygon","coordinates":[[[-74.1918,40.97856],[-74.17114,40.97707],[-74.16781,40.96232],[-74.16776,40.95646],[-74.16856,40.9524],[-74.16877,40.94771],[-74.17146,40.94195],[-74.16694,40.93399],[-74.16682,40.93136],[-74.16969,40.93217],[-74.1726,40.92995],[-74.17679,40.93346],[-74.17897,40.93205],[-74.18445,40.92646],[-74.1867,40.92725],[-74.19178,40.93144],[-74.1933,40.93047],[-74.19888,40.92475],[-74.20132,40.92334],[-74.20368,40.92495],[-74.20204,40.92647],[-74.2001,40.93155],[-74.1958,40.93551],[-74.1964,40.94647],[-74.19061,40.94576],[-74.19293,40.95062],[-74.19455,40.951],[-74.19406,40.95364],[-74.19688,40.95516],[-74.19801,40.96987],[-74.20194,40.9734],[-74.21193,40.98017],[-74.1918,40.97856]]]}},{"type":"Feature","properties":{"zcta":"11207","d":15797},"geometry":{"type":"Polygon","coordinates":[[[-73.90394,40.69006],[-73.90159,40.69163],[-73.90116,40.68788],[-73.89652,40.6824],[-73.8942,40.68531],[-73.89252,40.68342],[-73.88961,40.68421],[-73.88819,40.68256],[-73.8865,40.68335],[-73.88592,40.67923],[-73.88454,40.67489],[-73.88266,40.66601],[-73.87859,40.6612],[-73.87611,40.65713],[-73.87973,40.65556],[-73.87338,40.64682],[-73.87489,40.6451],[-73.8761,40.64622],[-73.88221,40.6545],[-73.88999,40.65114],[-73.89125,40.65003],[-73.89369,40.65074],[-73.89551,40.65326],[-73.898,40.6538],[-73.89904,40.65737],[-73.89965,40.66074],[-73.90066,40.66059],[-73.90145,40.66366],[-73.90042,40.66381],[-73.90347,40.67551],[-73.90469,40.67794],[-73.90347,40.6789],[-73.91605,40.68607],[-73.91288,40.6888],[-73.90885,40.69341],[-73.90394,40.69006]]]}},{"type":"Feature","properties":{"zcta":"10550","d":9673},"geometry":{"type":"MultiPolygon","coordinates":[[[[-73.82757,40.90563],[-73.82565,40.90593],[-73.82712,40.90399],[-73.82757,40.90563]]],[[[-73.85028,40.91374],[-73.84801,40.91483],[-73.84631,40.9177],[-73.84665,40.92052],[-73.84517,40.9213],[-73.84483,40.92422],[-73.84362,40.92352],[-73.84166,40.92482],[-73.84039,40.92743],[-73.83992,40.92659],[-73.84414,40.91955],[-73.83864,40.91868],[-73.83826,40.91744],[-73.83275,40.91787],[-73.83119,40.91734],[-73.82775,40.91832],[-73.82513,40.91776],[-73.8251,40.91581],[-73.82671,40.91504],[-73.82522,40.9121],[-73.82826,40.9107],[-73.82761,40.90731],[-73.82995,40.9068],[-73.82924,40.90295],[-73.82776,40.90051],[-73.81999,40.90155],[-73.81536,40.90256],[-73.81752,40.90026],[-73.81851,40.89664],[-73.82113,40.8953],[-73.82324,40.8912],[-73.82405,40.88987],[-73.83841,40.89406],[-73.83965,40.89725],[-73.83916,40.89923],[-73.84139,40.90417],[-73.84473,40.90473],[-73.84532,40.90558],[-73.85022,40.90737],[-73.85353,40.90747],[-73.85112,40.91001],[-73.85268,40.9099],[-73.85028,40.91374]]]]}},{"type":"Feature","properties":{"zcta":"11963","d":309},"geometry":{"type":"Polygon","coordinates":[[[-72.37452,40.98848],[-72.37098,40.99626],[-72.37054,41.00007],[-72.37118,41.00389],[-72.3745,41.01252],[-72.37673,41.01927],[-72.37551,41.01856],[-72.37128,41.01296],[-72.37035,41.009],[-72.36781,41.00283],[-72.3681,41.00009],[-72.36653,40.99575],[-72.36173,40.99616],[-72.34967,40.99801],[-72.34844,41.00071],[-72.34364,41.00149],[-72.34155,40.99975],[-72.33791,40.99861],[-72.33649,40.99669],[-72.33252,40.99504],[-72.32604,40.99687],[-72.32342,40.99863],[-72.31804,41.0046],[-72.31636,41.00944],[-72.31677,41.01077],[-72.32276,41.01611],[-72.32596,41.02154],[-72.3296,41.02424],[-72.33243,41.03031],[-72.37004,41.03858],[-72.38258,41.05572],[-72.37421,41.06089],[-72.37273,41.05684],[-72.37201,41.05713],[-72.37242,41.05191],[-72.37121,41.05288],[-72.37095,41.05069],[-72.36892,41.04936],[-72.36793,41.0503],[-72.36444,41.04841],[-72.36313,41.049],[-72.36047,41.04439],[-72.35565,41.04223],[-72.34628,41.04066],[-72.3435,41.04176],[-72.33919,41.04578],[-72.34002,41.04695],[-72.33695,41.04975],[-72.33125,41.04762],[-72.3294,41.04416],[-72.32752,41.04335],[-72.32559,41.03819],[-72.31023,41.04339],[-72.2818,41.01468],[-72.28761,41.01072],[-72.27101,41.00237],[-72.26679,40.99917],[-72.26523,40.9936],[-72.2686,40.99195],[-72.27262,40.993],[-72.27383,40.99237],[-72.26903,40.98617],[-72.27883,40.98023],[-72.27735,40.9784],[-72.2748,40.98004],[-72.27307,40.97691],[-72.27552,40.9737],[-72.27197,40.96867],[-72.28628,40.96881],[-72.2913,40.96941],[-72.30028,40.96947],[-72.29966,40.96557],[-72.30404,40.96377],[-72.30777,40.96333],[-72.31639,40.96137],[-72.31751,40.97117],[-72.31696,40.97297],[-72.3184,40.97479],[-72.3358,40.96538],[-72.33933,40.96788],[-72.3449,40.96976],[-72.36713,40.96145],[-72.36807,40.96108],[-72.37551,40.96984],[-72.37715,40.97268],[-72.37642,40.97524],[-72.38323,40.97689],[-72.37452,40.98848]]]}},{"type":"Feature","properties":{"zcta":"08501","d":125},"geometry":{"type":"Polygon","coordinates":[[[-74.53962,40.21619],[-74.53616,40.21689],[-74.53545,40.21794],[-74.53109,40.21887],[-74.52393,40.21945],[-74.5126,40.21809],[-74.50457,40.21803],[-74.49834,40.21497],[-74.49566,40.21452],[-74.48875,40.21632],[-74.48495,40.21589],[-74.48415,40.21401],[-74.47836,40.21138],[-74.47707,40.21171],[-74.47127,40.18879],[-74.48004,40.18842],[-74.48308,40.18975],[-74.49395,40.18518],[-74.49738,40.18259],[-74.49597,40.18008],[-74.50184,40.17563],[-74.50773,40.17331],[-74.51287,40.17022],[-74.51515,40.16706],[-74.51468,40.16392],[-74.51899,40.16318],[-74.52269,40.16136],[-74.52722,40.16046],[-74.53158,40.15871],[-74.53953,40.15784],[-74.53907,40.15515],[-74.54405,40.15535],[-74.54602,40.15456],[-74.54843,40.15144],[-74.54727,40.15074],[-74.54746,40.14571],[-74.55149,40.14416],[-74.55115,40.14249],[-74.55261,40.1394],[-74.55603,40.13593],[-74.56095,40.13508],[-74.5601,40.13323],[-74.55692,40.13471],[-74.5538,40.13192],[-74.55172,40.1318],[-74.55155,40.12965],[-74.54969,40.12854],[-74.54694,40.12348],[-74.54637,40.11976],[-74.54707,40.11825],[-74.54524,40.11595],[-74.54317,40.11146],[-74.54289,40.10875],[-74.54097,40.1087],[-74.54168,40.1069],[-74.54023,40.10452],[-74.54344,40.10325],[-74.54484,40.10116],[-74.54236,40.09706],[-74.54141,40.09332],[-74.54466,40.09242],[-74.55049,40.08944],[-74.55376,40.08542],[-74.55614,40.08426],[-74.56634,40.10157],[-74.56645,40.10123],[-74.57712,40.10349],[-74.57762,40.10722],[-74.57329,40.1041],[-74.57269,40.10593],[-74.5757,40.10827],[-74.57759,40.10776],[-74.58099,40.11545],[-74.58339,40.11278],[-74.59146,40.11054],[-74.59471,40.10764],[-74.59841,40.10683],[-74.60168,40.10471],[-74.60557,40.10522],[-74.61184,40.10345],[-74.6116,40.10716],[-74.6029,40.12531],[-74.60274,40.12624],[-74.59557,40.13779],[-74.60242,40.13698],[-74.6033,40.13862],[-74.60762,40.13925],[-74.60704,40.14071],[-74.6091,40.14128],[-74.60524,40.14388],[-74.60145,40.14763],[-74.60074,40.15099],[-74.5985,40.15114],[-74.59748,40.1542],[-74.60408,40.16547],[-74.61034,40.17406],[-74.61795,40.17275],[-74.6203,40.17782],[-74.61322,40.17973],[-74.61458,40.18238],[-74.61353,40.18267],[-74.60873,40.17433],[-74.60602,40.17461],[-74.60605,40.17723],[-74.59875,40.177],[-74.58948,40.18143],[-74.58606,40.18406],[-74.57429,40.18704],[-74.57043,40.18572],[-74.56504,40.18822],[-74.56176,40.19105],[-74.55717,40.19977],[-74.55522,40.20172],[-74.53741,40.19687],[-74.53766,40.1951],[-74.53342,40.194],[-74.53288,40.19279],[-74.52756,40.19056],[-74.51237,40.19148],[-74.51459,40.20252],[-74.51584,40.2105],[-74.52066,40.20888],[-74.52551,40.20887],[-74.5281,40.20969],[-74.52991,40.21167],[-74.53344,40.21143],[-74.53939,40.21321],[-74.54327,40.21669],[-74.53962,40.21619]]]}},{"type":"Feature","properties":{"zcta":"08723","d":1447},"geometry":{"type":"Polygon","coordinates":[[[-74.15005,40.07152],[-74.14716,40.073],[-74.14133,40.06657],[-74.13675,40.06343],[-74.1343,40.06517],[-74.1327,40.06439],[-74.12977,40.06476],[-74.12908,40.06251],[-74.12039,40.06034],[-74.11768,40.05799],[-74.11625,40.05545],[-74.10948,40.0522],[-74.106,40.05158],[-74.10221,40.05222],[-74.09093,40.05254],[-74.08624,40.05209],[-74.07444,40.05408],[-74.06451,40.05334],[-74.05908,40.05397],[-74.05887,40.05966],[-74.05157,40.05902],[-74.05242,40.0568],[-74.05142,40.05191],[-74.05337,40.0444],[-74.05516,40.04029],[-74.05506,40.0346],[-74.05568,40.03121],[-74.05777,40.02773],[-74.06288,40.02562],[-74.06497,40.02691],[-74.07012,40.02254],[-74.07707,40.01511],[-74.08596,40.0091],[-74.08673,40.00804],[-74.09049,40.00962],[-74.10409,40.01341],[-74.1091,40.01574],[-74.11043,40.01829],[-74.11572,40.02013],[-74.122,40.02054],[-74.12725,40.01876],[-74.1392,40.01879],[-74.14468,40.01852],[-74.15909,40.02392],[-74.16029,40.02962],[-74.15883,40.03238],[-74.15924,40.03862],[-74.15851,40.04491],[-74.15835,40.05318],[-74.16046,40.0586],[-74.1586,40.06351],[-74.1575,40.07176],[-74.15563,40.07784],[-74.15005,40.07152]]]}},{"type":"Feature","properties":{"zcta":"11378","d":7047},"geometry":{"type":"Polygon","coordinates":[[[-73.92225,40.73442],[-73.91904,40.73202],[-73.91173,40.72996],[-73.90847,40.72983],[-73.90568,40.72855],[-73.901,40.73401],[-73.89406,40.7336],[-73.88857,40.73459],[-73.8872,40.72787],[-73.88764,40.72379],[-73.88644,40.72165],[-73.89275,40.71915],[-73.89582,40.7239],[-73.90011,40.7233],[-73.89982,40.72124],[-73.89737,40.72048],[-73.90063,40.71976],[-73.90034,40.71802],[-73.89835,40.7192],[-73.89796,40.71656],[-73.90285,40.71379],[-73.90477,40.71287],[-73.91495,40.71394],[-73.91566,40.71347],[-73.92404,40.71401],[-73.92271,40.71648],[-73.92418,40.72002],[-73.92717,40.72523],[-73.92906,40.72769],[-73.92751,40.72912],[-73.93149,40.72918],[-73.93742,40.73376],[-73.93161,40.73683],[-73.92583,40.73571],[-73.92225,40.73442]]]}},{"type":"Feature","properties":{"zcta":"07418","d":231},"geometry":{"type":"Polygon","coordinates":[[[-74.46507,41.25163],[-74.46534,41.24937],[-74.46724,41.24923],[-74.46891,41.24628],[-74.46864,41.24277],[-74.47102,41.24158],[-74.4715,41.23882],[-74.47071,41.23573],[-74.47274,41.23449],[-74.47206,41.23183],[-74.47391,41.23147],[-74.47337,41.22951],[-74.47516,41.22874],[-74.47421,41.22669],[-74.47442,41.22394],[-74.47847,41.21948],[-74.48136,41.21478],[-74.48327,41.21361],[-74.48685,41.20952],[-74.48921,41.21105],[-74.50241,41.20016],[-74.50432,41.2019],[-74.50788,41.20302],[-74.50774,41.204],[-74.50151,41.20865],[-74.49808,41.21197],[-74.49654,41.21501],[-74.49779,41.21915],[-74.49704,41.22141],[-74.49253,41.22542],[-74.4891,41.22552],[-74.49116,41.22704],[-74.4901,41.22999],[-74.49073,41.23135],[-74.49377,41.23253],[-74.49072,41.25013],[-74.49526,41.24992],[-74.4984,41.24766],[-74.50358,41.24989],[-74.50605,41.25038],[-74.5083,41.25245],[-74.50857,41.25486],[-74.50604,41.26035],[-74.50369,41.26184],[-74.50374,41.26896],[-74.50332,41.26908],[-74.46507,41.25163]]]}},{"type":"Feature","properties":{"zcta":"11212","d":23808},"geometry":{"type":"Polygon","coordinates":[[[-73.92439,40.66639],[-73.92477,40.66749],[-73.92337,40.66683],[-73.90347,40.67551],[-73.90042,40.66381],[-73.90145,40.66366],[-73.90066,40.66059],[-73.89965,40.66074],[-73.89904,40.65737],[-73.90317,40.6553],[-73.90968,40.65414],[-73.9217,40.65437],[-73.92819,40.66018],[-73.93032,40.66066],[-73.93161,40.66356],[-73.92439,40.66639]]]}},{"type":"Feature","properties":{"zcta":"11233","d":23277},"geometry":{"type":"Polygon","coordinates":[[[-73.93789,40.68433],[-73.91793,40.68663],[-73.91605,40.68607],[-73.90347,40.6789],[-73.90469,40.67794],[-73.90347,40.67551],[-73.92337,40.66683],[-73.92477,40.66749],[-73.92554,40.66849],[-73.925,40.67474],[-73.93053,40.67504],[-73.9302,40.67803],[-73.92906,40.67928],[-73.93487,40.67959],[-73.93757,40.68059],[-73.93822,40.68389],[-73.93789,40.68433]]]}},{"type":"Feature","properties":{"zcta":"11714","d":2931},"geometry":{"type":"Polygon","coordinates":[[[-73.49677,40.7429],[-73.50178,40.74791],[-73.50174,40.75316],[-73.49963,40.75697],[-73.5009,40.76757],[-73.49738,40.76787],[-73.49679,40.76647],[-73.49427,40.76624],[-73.49298,40.76429],[-73.48876,40.76404],[-73.4859,40.76242],[-73.48678,40.76139],[-73.48292,40.75993],[-73.48028,40.76309],[-73.47631,40.76182],[-73.46875,40.7616],[-73.47159,40.75685],[-73.47386,40.75569],[-73.47295,40.74919],[-73.47369,40.74471],[-73.47274,40.74391],[-73.47039,40.73877],[-73.46859,40.73804],[-73.47004,40.73495],[-73.47415,40.73474],[-73.47532,40.72257],[-73.47387,40.71903],[-73.47087,40.71904],[-73.47101,40.71727],[-73.4835,40.71703],[-73.48271,40.71312],[-73.48566,40.71304],[-73.48729,40.71947],[-73.48459,40.72003],[-73.48695,40.72293],[-73.48873,40.72234],[-73.48937,40.72541],[-73.49275,40.72653],[-73.49738,40.72714],[-73.49635,40.7329],[-73.49994,40.73327],[-73.49951,40.73519],[-73.50166,40.73523],[-73.50168,40.73924],[-73.50325,40.73968],[-73.50387,40.74307],[-73.49677,40.7429]]]}},{"type":"Feature","properties":{"zcta":"07712","d":1742},"geometry":{"type":"Polygon","coordinates":[[[-74.10161,40.28024],[-74.09882,40.28123],[-74.08289,40.27411],[-74.0822,40.27035],[-74.07249,40.27558],[-74.07104,40.27435],[-74.07016,40.27083],[-74.06819,40.27072],[-74.06592,40.27259],[-74.06197,40.27356],[-74.05122,40.27265],[-74.05021,40.27205],[-74.04338,40.27341],[-74.0426,40.27128],[-74.04162,40.26242],[-74.04573,40.26346],[-74.04468,40.25943],[-74.04273,40.25769],[-74.04555,40.25769],[-74.04158,40.25467],[-74.03985,40.2547],[-74.03932,40.25183],[-74.0285,40.25257],[-74.02272,40.25356],[-74.01969,40.25349],[-74.01984,40.25141],[-74.01764,40.24961],[-74.01377,40.24949],[-74.01381,40.24341],[-74.01684,40.24375],[-74.01805,40.24812],[-74.0209,40.2469],[-74.02117,40.24436],[-74.02276,40.24087],[-74.01529,40.23911],[-74.01245,40.23603],[-74.00868,40.23536],[-74.00889,40.23341],[-74.0062,40.23117],[-73.99588,40.23036],[-74.00063,40.21695],[-74.00256,40.21709],[-74.00986,40.21499],[-74.01395,40.21434],[-74.01907,40.21331],[-74.02495,40.21315],[-74.02555,40.22328],[-74.05948,40.23044],[-74.07741,40.2344],[-74.08221,40.23696],[-74.08105,40.23918],[-74.08127,40.24289],[-74.0799,40.24424],[-74.08021,40.25052],[-74.08337,40.25229],[-74.08722,40.25316],[-74.08925,40.24995],[-74.09621,40.25059],[-74.09769,40.24547],[-74.10044,40.247],[-74.1105,40.25249],[-74.10323,40.25532],[-74.10771,40.26005],[-74.10728,40.26525],[-74.10427,40.26893],[-74.10437,40.27249],[-74.10602,40.27477],[-74.10161,40.28024]]]}},{"type":"Feature","properties":{"zcta":"07093","d":26268},"geometry":{"type":"Polygon","coordinates":[[[-74.00162,40.77455],[-74.00828,40.77828],[-74.01387,40.78069],[-74.0149,40.77963],[-74.02115,40.7825],[-74.02313,40.78288],[-74.0236,40.78772],[-74.02312,40.79029],[-74.02121,40.79248],[-74.01566,40.79658],[-74.01498,40.7985],[-74.00828,40.79616],[-74.00154,40.79297],[-74.00007,40.79137],[-73.99173,40.78816],[-74.00162,40.77455]]]}},{"type":"Feature","properties":{"zcta":"08861","d":5842},"geometry":{"type":"Polygon","coordinates":[[[-74.29809,40.52777],[-74.29808,40.53002],[-74.29706,40.53454],[-74.29444,40.5336],[-74.29215,40.53661],[-74.28953,40.53647],[-74.29114,40.53854],[-74.28205,40.53868],[-74.27102,40.54253],[-74.26459,40.54288],[-74.2622,40.53912],[-74.25859,40.53723],[-74.25647,40.54023],[-74.2529,40.54007],[-74.25274,40.53558],[-74.24917,40.5233],[-74.25012,40.52077],[-74.25416,40.51806],[-74.25933,40.51116],[-74.26224,40.5036],[-74.26676,40.4989],[-74.26906,40.49483],[-74.28047,40.497],[-74.28779,40.49841],[-74.28898,40.4994],[-74.28836,40.50319],[-74.28914,40.50558],[-74.2917,40.50783],[-74.29031,40.52055],[-74.30008,40.5228],[-74.29809,40.52777]]]}},{"type":"Feature","properties":{"zcta":"08902","d":1640},"geometry":{"type":"MultiPolygon","coordinates":[[[[-74.51969,40.4318],[-74.51831,40.43035],[-74.5207,40.43073],[-74.51969,40.4318]]],[[[-74.53057,40.44196],[-74.52657,40.44485],[-74.52064,40.451],[-74.51239,40.45662],[-74.50781,40.46099],[-74.49564,40.4687],[-74.48949,40.47445],[-74.47734,40.46724],[-74.47121,40.47324],[-74.46781,40.47118],[-74.46038,40.47763],[-74.45593,40.47683],[-74.45079,40.47791],[-74.44786,40.47615],[-74.44147,40.47662],[-74.44288,40.47603],[-74.43497,40.46931],[-74.42943,40.47364],[-74.42794,40.47764],[-74.42765,40.47481],[-74.43365,40.46965],[-74.43649,40.46785],[-74.44798,40.46471],[-74.44703,40.46382],[-74.44883,40.46418],[-74.45273,40.46308],[-74.45348,40.46151],[-74.44945,40.45848],[-74.44736,40.45093],[-74.44766,40.44896],[-74.45051,40.44996],[-74.4533,40.44962],[-74.45291,40.44433],[-74.45962,40.44115],[-74.46057,40.43988],[-74.4672,40.43993],[-74.4694,40.43461],[-74.4758,40.43121],[-74.4777,40.42921],[-74.47793,40.42428],[-74.47686,40.4239],[-74.47498,40.42053],[-74.47736,40.41741],[-74.47082,40.41529],[-74.46851,40.41358],[-74.46605,40.41014],[-74.46499,40.40987],[-74.46583,40.40473],[-74.46944,40.40823],[-74.47748,40.40373],[-74.47856,40.40434],[-74.48301,40.40325],[-74.48795,40.40357],[-74.49864,40.40112],[-74.50494,40.40374],[-74.50778,40.40602],[-74.50113,40.41046],[-74.50033,40.41244],[-74.50261,40.41508],[-74.50281,40.41346],[-74.50607,40.41125],[-74.50233,40.41613],[-74.50751,40.41586],[-74.5079,40.41482],[-74.51375,40.41268],[-74.51457,40.41345],[-74.51784,40.40945],[-74.51227,40.41803],[-74.52008,40.42836],[-74.51605,40.43165],[-74.53152,40.44136],[-74.53057,40.44196]]]]}},{"type":"Feature","properties":{"zcta":"10523","d":1444},"geometry":{"type":"MultiPolygon","coordinates":[[[[-73.79307,41.07153],[-73.78626,41.07023],[-73.78693,41.06898],[-73.79128,41.07016],[-73.79295,41.06941],[-73.79307,41.07153]]],[[[-73.83384,41.05757],[-73.82958,41.0589],[-73.82691,41.06046],[-73.82245,41.06051],[-73.82238,41.063],[-73.82503,41.0649],[-73.82818,41.06918],[-73.83294,41.07188],[-73.83409,41.0766],[-73.83188,41.07956],[-73.82881,41.08166],[-73.82777,41.08043],[-73.82035,41.07777],[-73.81779,41.07631],[-73.80547,41.07537],[-73.80531,41.0684],[-73.80716,41.06634],[-73.80751,41.06433],[-73.80573,41.06606],[-73.80158,41.07359],[-73.79984,41.07267],[-73.79954,41.06947],[-73.80007,41.06527],[-73.79811,41.0558],[-73.80372,41.05537],[-73.8016,41.05072],[-73.80391,41.04713],[-73.80673,41.04888],[-73.80881,41.05162],[-73.81021,41.04972],[-73.80758,41.04768],[-73.80771,41.04619],[-73.81716,41.04775],[-73.81735,41.04879],[-73.82237,41.04837],[-73.82245,41.0472],[-73.81929,41.04291],[-73.81899,41.04092],[-73.82636,41.03997],[-73.82677,41.0438],[-73.8328,41.04404],[-73.83492,41.04213],[-73.83647,41.03835],[-73.8383,41.0359],[-73.8393,41.03625],[-73.83617,41.0423],[-73.83672,41.04378],[-73.83839,41.04244],[-73.84269,41.04414],[-73.84081,41.04639],[-73.84179,41.0478],[-73.84006,41.04861],[-73.83368,41.05385],[-73.8367,41.05787],[-73.83384,41.05757]]]]}},{"type":"Feature","properties":{"zcta":"10024","d":34009},"geometry":{"type":"Polygon","coordinates":[[[-73.97709,40.79272],[-73.96701,40.78848],[-73.96433,40.78907],[-73.96256,40.79164],[-73.95675,40.7892],[-73.95578,40.78791],[-73.95992,40.78221],[-73.96316,40.77777],[-73.96373,40.77699],[-73.97153,40.78038],[-73.97172,40.78202],[-73.97407,40.77881],[-73.97756,40.78091],[-73.98445,40.78319],[-73.98568,40.78031],[-73.98654,40.78066],[-73.98731,40.78104],[-73.98814,40.78141],[-73.98011,40.79313],[-73.97709,40.79272]]]}},{"type":"Feature","properties":{"zcta":"10451","d":23994},"geometry":{"type":"Polygon","coordinates":[[[-73.92876,40.82919],[-73.9268,40.83104],[-73.9245,40.83028],[-73.92593,40.82781],[-73.92267,40.82685],[-73.92046,40.83091],[-73.9202,40.8281],[-73.91532,40.82655],[-73.91217,40.8279],[-73.90992,40.82585],[-73.91057,40.82465],[-73.90843,40.82399],[-73.91125,40.82012],[-73.91216,40.81979],[-73.91742,40.82128],[-73.92035,40.81463],[-73.92091,40.81433],[-73.92729,40.81108],[-73.9318,40.80788],[-73.93248,40.80886],[-73.93233,40.8195],[-73.93306,40.82816],[-73.92876,40.82919]]]}},{"type":"Feature","properties":{"zcta":"11042","d":680},"geometry":{"type":"Polygon","coordinates":[[[-73.70586,40.75951],[-73.69406,40.76221],[-73.69238,40.76616],[-73.69571,40.76717],[-73.69141,40.76832],[-73.69055,40.76679],[-73.68778,40.75479],[-73.69964,40.75324],[-73.70163,40.75249],[-73.70527,40.75477],[-73.70782,40.75622],[-73.71332,40.75973],[-73.71366,40.75994],[-73.70586,40.75951]]]}},{"type":"Feature","properties":{"zcta":"10704","d":6573},"geometry":{"type":"Polygon","coordinates":[[[-73.86826,40.93413],[-73.86666,40.93624],[-73.86249,40.93552],[-73.86048,40.93763],[-73.85799,40.93762],[-73.85637,40.93641],[-73.85574,40.93849],[-73.85336,40.94081],[-73.85035,40.94496],[-73.85314,40.94081],[-73.85493,40.93912],[-73.85645,40.93137],[-73.84619,40.92927],[-73.84564,40.92665],[-73.84722,40.92498],[-73.84483,40.92422],[-73.84517,40.9213],[-73.84665,40.92052],[-73.84631,40.9177],[-73.84801,40.91483],[-73.85028,40.91374],[-73.85268,40.9099],[-73.85553,40.90614],[-73.85634,40.90618],[-73.86077,40.90079],[-73.8636,40.90215],[-73.86788,40.90298],[-73.87801,40.90597],[-73.87819,40.90598],[-73.87814,40.91042],[-73.87682,40.91014],[-73.87498,40.91211],[-73.8744,40.92034],[-73.8714,40.92347],[-73.87282,40.92432],[-73.87574,40.92374],[-73.87057,40.93149],[-73.87089,40.93261],[-73.86826,40.93413]]]}},{"type":"Feature","properties":{"zcta":"11209","d":16136},"geometry":{"type":"Polygon","coordinates":[[[-74.03596,40.63882],[-74.02604,40.63574],[-74.01605,40.63103],[-74.01888,40.6243],[-74.0196,40.62429],[-74.02897,40.61352],[-74.02701,40.61269],[-74.02453,40.61545],[-74.02279,40.6146],[-74.02478,40.60968],[-74.0215,40.60783],[-74.0155,40.60684],[-74.01914,40.60285],[-74.02013,40.60341],[-74.03138,40.6052],[-74.04019,40.61484],[-74.04171,40.62638],[-74.03873,40.63553],[-74.03689,40.63844],[-74.03596,40.63882]]]}},{"type":"Feature","properties":{"zcta":"11234","d":5640},"geometry":{"type":"Polygon","coordinates":[[[-73.94242,40.61859],[-73.94266,40.61992],[-73.93561,40.62357],[-73.9369,40.62523],[-73.93389,40.62592],[-73.93439,40.63483],[-73.93224,40.63496],[-73.92608,40.63816],[-73.91973,40.64273],[-73.9186,40.6321],[-73.90848,40.62798],[-73.89826,40.62299],[-73.90016,40.62168],[-73.89702,40.62157],[-73.88733,40.60957],[-73.89153,40.60929],[-73.89855,40.60533],[-73.89874,40.60389],[-73.88493,40.6047],[-73.87856,40.58988],[-73.87854,40.58719],[-73.87669,40.58492],[-73.87971,40.58013],[-73.88348,40.57894],[-73.8941,40.57763],[-73.89554,40.57798],[-73.89651,40.58331],[-73.89868,40.58748],[-73.90626,40.58741],[-73.91151,40.58579],[-73.91766,40.58561],[-73.91771,40.58627],[-73.92957,40.59682],[-73.92813,40.59778],[-73.93355,40.60269],[-73.93426,40.60223],[-73.93973,40.60713],[-73.93828,40.60857],[-73.94147,40.61209],[-73.94443,40.61408],[-73.94483,40.61605],[-73.94242,40.61859]]]}},{"type":"Feature","properties":{"zcta":"07444","d":1189},"geometry":{"type":"Polygon","coordinates":[[[-74.3301,40.95732],[-74.3314,40.98826],[-74.32584,40.98624],[-74.32386,40.987],[-74.32321,40.9856],[-74.32102,40.98601],[-74.32061,40.98436],[-74.31357,40.98222],[-74.29745,40.98358],[-74.29742,40.97962],[-74.29491,40.97887],[-74.29309,40.97985],[-74.2852,40.97879],[-74.28169,40.97996],[-74.2815,40.97613],[-74.27883,40.9754],[-74.27787,40.97214],[-74.28069,40.97229],[-74.28203,40.96917],[-74.2811,40.96619],[-74.27936,40.96521],[-74.28055,40.95777],[-74.27752,40.95507],[-74.27773,40.95121],[-74.28013,40.95359],[-74.28169,40.9574],[-74.28987,40.95735],[-74.28859,40.95361],[-74.29315,40.95387],[-74.29286,40.95233],[-74.29922,40.95231],[-74.30256,40.95114],[-74.30579,40.951],[-74.31323,40.95192],[-74.3263,40.953],[-74.32989,40.95252],[-74.33,40.95506],[-74.33344,40.95473],[-74.33275,40.95708],[-74.3307,40.95727],[-74.3301,40.95732]]]}},{"type":"Feature","properties":{"zcta":"10506","d":170},"geometry":{"type":"Polygon","coordinates":[[[-73.67972,41.207],[-73.6757,41.20708],[-73.66887,41.20567],[-73.66634,41.20421],[-73.66143,41.20652],[-73.66228,41.21402],[-73.65626,41.21725],[-73.6574,41.21894],[-73.65636,41.22913],[-73.65397,41.22925],[-73.65398,41.22708],[-73.64638,41.23055],[-73.64338,41.23022],[-73.62991,41.2224],[-73.62928,41.22532],[-73.62146,41.22624],[-73.61973,41.22955],[-73.61772,41.23244],[-73.61596,41.23208],[-73.61337,41.22567],[-73.60648,41.22634],[-73.60365,41.22045],[-73.59481,41.20102],[-73.59163,41.19482],[-73.59998,41.19255],[-73.59715,41.19061],[-73.59708,41.184],[-73.60429,41.17318],[-73.60839,41.17472],[-73.61249,41.1788],[-73.61316,41.18152],[-73.61631,41.18515],[-73.61748,41.18798],[-73.62168,41.18683],[-73.61915,41.18683],[-73.62026,41.18375],[-73.61999,41.18148],[-73.61742,41.1771],[-73.61789,41.17548],[-73.61611,41.16887],[-73.61638,41.16351],[-73.61446,41.15288],[-73.64406,41.13946],[-73.64854,41.14116],[-73.64856,41.14358],[-73.6502,41.14977],[-73.65639,41.15028],[-73.65694,41.14903],[-73.6637,41.14966],[-73.6631,41.15157],[-73.66521,41.15262],[-73.66527,41.15428],[-73.66315,41.15531],[-73.66231,41.15863],[-73.66306,41.16093],[-73.66836,41.16139],[-73.66841,41.16309],[-73.66655,41.16342],[-73.66394,41.16627],[-73.66167,41.17114],[-73.66185,41.17295],[-73.65991,41.17582],[-73.66269,41.17626],[-73.66657,41.1766],[-73.66637,41.17978],[-73.66369,41.18629],[-73.66748,41.18785],[-73.66364,41.19712],[-73.66617,41.19769],[-73.66782,41.20164],[-73.6704,41.20158],[-73.6686,41.20385],[-73.67293,41.20434],[-73.68198,41.20655],[-73.68284,41.20843],[-73.67972,41.207]]]}},{"type":"Feature","properties":{"zcta":"10596","d":0},"geometry":{"type":"Polygon","coordinates":[[[-73.95696,41.26136],[-73.95488,41.26357],[-73.95103,41.26198],[-73.95419,41.25878],[-73.95106,41.25867],[-73.95188,41.25742],[-73.94924,41.25387],[-73.95004,41.25431],[-73.95369,41.2491],[-73.95821,41.24794],[-73.96365,41.24831],[-73.96599,41.25069],[-73.96636,41.2524],[-73.96471,41.2611],[-73.96263,41.26377],[-73.95696,41.26136]]]}},{"type":"Feature","properties":{"zcta":"11370","d":9322},"geometry":{"type":"MultiPolygon","coordinates":[[[[-73.89194,40.79671],[-73.88789,40.7984],[-73.88293,40.79529],[-73.87818,40.79441],[-73.87141,40.79028],[-73.87081,40.7879],[-73.87309,40.78586],[-73.87831,40.78536],[-73.88831,40.78701],[-73.89057,40.79011],[-73.89218,40.79039],[-73.89277,40.79284],[-73.89194,40.79671]]],[[[-73.89046,40.77755],[-73.88908,40.77357],[-73.88873,40.76892],[-73.88773,40.76691],[-73.88277,40.76731],[-73.88241,40.76536],[-73.88427,40.76517],[-73.88343,40.7634],[-73.88219,40.75631],[-73.88258,40.75585],[-73.89652,40.75439],[-73.89797,40.75963],[-73.89734,40.76198],[-73.89432,40.76615],[-73.90202,40.76742],[-73.8937,40.77423],[-73.89656,40.77625],[-73.89423,40.77815],[-73.89252,40.77741],[-73.89046,40.77755]]]]}},{"type":"Feature","properties":{"zcta":"11702","d":860},"geometry":{"type":"MultiPolygon","coordinates":[[[[-73.3064,40.62076],[-73.30775,40.62304],[-73.31226,40.62626],[-73.31411,40.62871],[-73.31051,40.62834],[-73.30891,40.62527],[-73.30795,40.62624],[-73.30734,40.62349],[-73.30217,40.62832],[-73.29591,40.62983],[-73.29406,40.62973],[-73.28596,40.62674],[-73.27675,40.62564],[-73.27157,40.62592],[-73.26922,40.62537],[-73.26189,40.62498],[-73.26205,40.62666],[-73.26185,40.62499],[-73.2559,40.62548],[-73.26176,40.62288],[-73.26438,40.62378],[-73.26448,40.6219],[-73.3064,40.62076]]],[[[-73.40627,40.6516],[-73.39172,40.65416],[-73.37617,40.6569],[-73.36446,40.6605],[-73.36607,40.6645],[-73.35456,40.6674],[-73.34866,40.6685],[-73.34597,40.668],[-73.33206,40.6732],[-73.33327,40.676],[-73.33592,40.67461],[-73.33947,40.67834],[-73.33784,40.67796],[-73.33713,40.68444],[-73.33898,40.68902],[-73.34283,40.69537],[-73.33697,40.69696],[-73.34074,40.70134],[-73.33733,40.70213],[-73.33854,40.70553],[-73.33662,40.70917],[-73.33468,40.70796],[-73.3355,40.71373],[-73.33115,40.71419],[-73.32817,40.71231],[-73.32816,40.71483],[-73.32355,40.71517],[-73.31434,40.71765],[-73.31415,40.71329],[-73.31496,40.7093],[-73.31416,40.7046],[-73.31304,40.70206],[-73.31703,40.697],[-73.3184,40.69388],[-73.31659,40.68779],[-73.31396,40.6858],[-73.3137,40.67202],[-73.28782,40.6716],[-73.26656,40.6595],[-73.26466,40.6567],[-73.26493,40.65967],[-73.26289,40.65642],[-73.26079,40.65642],[-73.26111,40.65344],[-73.25749,40.65521],[-73.25247,40.65986],[-73.24854,40.65952],[-73.24762,40.65701],[-73.24257,40.65378],[-73.24378,40.65051],[-73.24449,40.64466],[-73.25181,40.63904],[-73.25524,40.63696],[-73.26292,40.63652],[-73.26706,40.6355],[-73.28226,40.6389],[-73.28686,40.6391],[-73.29406,40.6376],[-73.30807,40.639],[-73.31026,40.6389],[-73.32626,40.6331],[-73.34177,40.6327],[-73.35146,40.6305],[-73.39212,40.61817],[-73.41731,40.61113],[-73.42402,40.60958],[-73.42437,40.62321],[-73.42427,40.62749],[-73.42535,40.65182],[-73.40627,40.6516]]]]}},{"type":"Feature","properties":{"zcta":"11363","d":4063},"geometry":{"type":"Polygon","coordinates":[[[-73.73396,40.77245],[-73.73707,40.76879],[-73.74126,40.76571],[-73.74877,40.76408],[-73.75072,40.76651],[-73.75347,40.76545],[-73.75492,40.76725],[-73.75526,40.77166],[-73.75339,40.77307],[-73.75511,40.77659],[-73.753,40.78129],[-73.75029,40.78248],[-73.73396,40.77245]]]}},{"type":"Feature","properties":{"zcta":"11375","d":17773},"geometry":{"type":"Polygon","coordinates":[[[-73.84756,40.73906],[-73.83963,40.74279],[-73.83769,40.74324],[-73.83634,40.73463],[-73.83193,40.72632],[-73.82813,40.72336],[-73.82658,40.72095],[-73.82625,40.71573],[-73.83098,40.71431],[-73.83598,40.71171],[-73.84568,40.70848],[-73.85053,40.70807],[-73.85475,40.70677],[-73.85668,40.70769],[-73.8573,40.71146],[-73.85852,40.72153],[-73.85711,40.72176],[-73.85359,40.72713],[-73.85178,40.7277],[-73.85288,40.73043],[-73.85216,40.73295],[-73.8547,40.73283],[-73.85615,40.73565],[-73.85418,40.73695],[-73.84756,40.73906]]]}},{"type":"Feature","properties":{"zcta":"11417","d":13780},"geometry":{"type":"Polygon","coordinates":[[[-73.85268,40.68008],[-73.83511,40.68509],[-73.83479,40.68558],[-73.83352,40.68381],[-73.83216,40.67942],[-73.83094,40.67812],[-73.83208,40.67526],[-73.8359,40.67575],[-73.83698,40.67468],[-73.83331,40.66676],[-73.83724,40.66736],[-73.86132,40.67502],[-73.86235,40.67916],[-73.85268,40.68008]]]}},{"type":"Feature","properties":{"zcta":"07041","d":2536},"geometry":{"type":"Polygon","coordinates":[[[-74.28519,40.72215],[-74.2875,40.72218],[-74.29275,40.72055],[-74.29462,40.71752],[-74.29724,40.71553],[-74.29721,40.71519],[-74.30328,40.71325],[-74.30872,40.71433],[-74.31525,40.71865],[-74.31601,40.72104],[-74.3188,40.72033],[-74.31949,40.72457],[-74.31233,40.72449],[-74.30839,40.72567],[-74.31101,40.72752],[-74.3082,40.72997],[-74.30712,40.72748],[-74.30181,40.72585],[-74.30059,40.7274],[-74.28891,40.73635],[-74.28519,40.72215]]]}},{"type":"Feature","properties":{"zcta":"07657","d":2289},"geometry":{"type":"Polygon","coordinates":[[[-74.03087,40.8316],[-74.02966,40.83328],[-74.03096,40.83823],[-74.02972,40.84266],[-74.03047,40.84648],[-74.02715,40.84636],[-74.02518,40.843],[-74.02162,40.83986],[-74.01315,40.83891],[-74.01148,40.84135],[-74.01094,40.84683],[-73.99139,40.83586],[-73.98893,40.83445],[-73.99611,40.82441],[-73.99748,40.82232],[-74.00534,40.82695],[-74.0105,40.82316],[-74.01377,40.82306],[-74.01782,40.82334],[-74.02041,40.81864],[-74.02282,40.81853],[-74.02298,40.81695],[-74.02816,40.81565],[-74.02857,40.81321],[-74.03165,40.81326],[-74.03053,40.81838],[-74.03387,40.82254],[-74.03471,40.82494],[-74.03536,40.82862],[-74.03087,40.8316]]]}},{"type":"Feature","properties":{"zcta":"07054","d":1084},"geometry":{"type":"Polygon","coordinates":[[[-74.43882,40.87078],[-74.44077,40.86903],[-74.4458,40.86798],[-74.45048,40.86901],[-74.44922,40.87419],[-74.45158,40.87351],[-74.45157,40.87652],[-74.4477,40.87687],[-74.4497,40.87968],[-74.43937,40.87592],[-74.43363,40.87426],[-74.43302,40.87809],[-74.43062,40.87948],[-74.43177,40.87995],[-74.43068,40.88171],[-74.42561,40.88229],[-74.42432,40.87735],[-74.42221,40.87624],[-74.41992,40.87925],[-74.42043,40.87464],[-74.41895,40.87049],[-74.41473,40.86874],[-74.41113,40.86862],[-74.40909,40.86947],[-74.40799,40.87146],[-74.40481,40.87421],[-74.40405,40.87874],[-74.40106,40.88184],[-74.39601,40.88195],[-74.39404,40.8778],[-74.39179,40.87395],[-74.39036,40.87567],[-74.38279,40.87577],[-74.37949,40.87679],[-74.37233,40.87579],[-74.37281,40.87329],[-74.36987,40.87111],[-74.36985,40.8698],[-74.36593,40.86972],[-74.36668,40.86491],[-74.36514,40.86611],[-74.3604,40.86365],[-74.35658,40.86458],[-74.35454,40.86411],[-74.35175,40.86522],[-74.34964,40.86394],[-74.34728,40.85883],[-74.34724,40.85634],[-74.34566,40.85744],[-74.34361,40.85605],[-74.34112,40.85208],[-74.34462,40.8506],[-74.34243,40.84957],[-74.34079,40.84589],[-74.34292,40.8464],[-74.35347,40.84348],[-74.35466,40.84146],[-74.3617,40.8405],[-74.3674,40.83606],[-74.37085,40.83574],[-74.38388,40.82497],[-74.38873,40.82599],[-74.39169,40.82914],[-74.40564,40.83893],[-74.42291,40.84431],[-74.45164,40.83841],[-74.45834,40.83706],[-74.46062,40.83797],[-74.46165,40.83984],[-74.4602,40.84202],[-74.46382,40.84382],[-74.46756,40.84653],[-74.46462,40.84876],[-74.46076,40.84677],[-74.45518,40.85127],[-74.45424,40.85264],[-74.45216,40.85224],[-74.44864,40.85321],[-74.4493,40.85694],[-74.44801,40.85795],[-74.45126,40.85927],[-74.44971,40.86054],[-74.45281,40.86117],[-74.46128,40.86634],[-74.46095,40.86784],[-74.457,40.86717],[-74.45266,40.86722],[-74.44923,40.8663],[-74.44335,40.86675],[-74.43973,40.86651],[-74.43882,40.87078]]]}},{"type":"Feature","properties":{"zcta":"10603","d":3037},"geometry":{"type":"Polygon","coordinates":[[[-73.79307,41.07153],[-73.79295,41.06941],[-73.79115,41.06155],[-73.78706,41.05765],[-73.78366,41.05952],[-73.78072,41.0625],[-73.77958,41.0661],[-73.7734,41.06174],[-73.77399,41.06459],[-73.77133,41.06734],[-73.77078,41.06925],[-73.7688,41.06923],[-73.76653,41.07383],[-73.76219,41.07281],[-73.76537,41.07014],[-73.76293,41.06848],[-73.76041,41.06817],[-73.76208,41.06492],[-73.76403,41.065],[-73.76551,41.06322],[-73.76252,41.05875],[-73.76305,41.05449],[-73.76611,41.05379],[-73.76526,41.04847],[-73.7615,41.04071],[-73.75805,41.03885],[-73.76443,41.03628],[-73.76626,41.03829],[-73.77331,41.03717],[-73.77515,41.03584],[-73.77408,41.03259],[-73.77583,41.0325],[-73.77799,41.0366],[-73.77607,41.04383],[-73.78232,41.04231],[-73.78531,41.04234],[-73.7924,41.04536],[-73.80179,41.04641],[-73.80391,41.04713],[-73.8016,41.05072],[-73.80372,41.05537],[-73.79811,41.0558],[-73.80007,41.06527],[-73.79954,41.06947],[-73.79984,41.07267],[-73.79307,41.07153]]]}},{"type":"Feature","properties":{"zcta":"07921","d":243},"geometry":{"type":"Polygon","coordinates":[[[-74.71444,40.68228],[-74.71113,40.68213],[-74.71061,40.68314],[-74.70598,40.68535],[-74.69836,40.68077],[-74.69413,40.67995],[-74.69078,40.67838],[-74.68465,40.67875],[-74.68098,40.67406],[-74.68069,40.67188],[-74.67683,40.67353],[-74.6753,40.67573],[-74.67589,40.67719],[-74.66784,40.67875],[-74.66873,40.67963],[-74.66636,40.68152],[-74.66333,40.68084],[-74.66364,40.68691],[-74.66966,40.68873],[-74.66798,40.69468],[-74.65852,40.69563],[-74.6506,40.69644],[-74.64816,40.6943],[-74.64697,40.69153],[-74.64712,40.68845],[-74.64429,40.68453],[-74.63901,40.68336],[-74.63671,40.68225],[-74.63131,40.66794],[-74.62498,40.65073],[-74.62399,40.64925],[-74.62711,40.64887],[-74.62967,40.64695],[-74.63193,40.64278],[-74.63477,40.64153],[-74.6377,40.64135],[-74.64055,40.63937],[-74.64342,40.63866],[-74.64816,40.63331],[-74.64687,40.62996],[-74.65061,40.6262],[-74.65433,40.6268],[-74.65498,40.62836],[-74.65918,40.62781],[-74.65959,40.62561],[-74.66254,40.62463],[-74.6661,40.61838],[-74.66518,40.61697],[-74.66721,40.61591],[-74.67071,40.6164],[-74.67513,40.61915],[-74.6796,40.62275],[-74.68153,40.62598],[-74.68051,40.62826],[-74.68306,40.63061],[-74.68278,40.63446],[-74.68448,40.63541],[-74.68648,40.63466],[-74.68813,40.63237],[-74.6943,40.63297],[-74.69829,40.632],[-74.70062,40.62925],[-74.69929,40.62574],[-74.69921,40.62287],[-74.7027,40.62112],[-74.7053,40.6216],[-74.70822,40.62412],[-74.71154,40.62504],[-74.71139,40.62748],[-74.71363,40.63082],[-74.71702,40.6317],[-74.7194,40.6309],[-74.72518,40.63158],[-74.72705,40.63406],[-74.7275,40.63644],[-74.72284,40.63905],[-74.72202,40.64143],[-74.72403,40.64434],[-74.72395,40.64686],[-74.71954,40.65216],[-74.7196,40.6544],[-74.72272,40.65659],[-74.72755,40.65861],[-74.729,40.66069],[-74.73078,40.66556],[-74.72493,40.66793],[-74.7227,40.67009],[-74.72084,40.67927],[-74.71444,40.68228]]]}},{"type":"Feature","properties":{"zcta":"07945","d":245},"geometry":{"type":"Polygon","coordinates":[[[-74.63732,40.77293],[-74.63679,40.77407],[-74.63869,40.7788],[-74.642,40.78036],[-74.64316,40.78185],[-74.64801,40.78331],[-74.64741,40.78671],[-74.64574,40.78969],[-74.64844,40.79132],[-74.64678,40.79274],[-74.6477,40.7944],[-74.64107,40.79914],[-74.63572,40.80042],[-74.63392,40.79963],[-74.63025,40.80211],[-74.63065,40.80471],[-74.62874,40.8069],[-74.6293,40.80876],[-74.62835,40.81164],[-74.62376,40.81665],[-74.6238,40.81849],[-74.62108,40.81526],[-74.61936,40.81894],[-74.62108,40.82105],[-74.61771,40.82169],[-74.61915,40.82554],[-74.61549,40.83018],[-74.61207,40.82905],[-74.61212,40.82666],[-74.60943,40.8266],[-74.60528,40.8279],[-74.59847,40.82166],[-74.59636,40.82355],[-74.59546,40.8159],[-74.59098,40.81188],[-74.57784,40.81447],[-74.57633,40.81133],[-74.57942,40.80915],[-74.57821,40.80516],[-74.58164,40.80405],[-74.5882,40.8043],[-74.58896,40.79989],[-74.58639,40.80013],[-74.58754,40.79881],[-74.58663,40.79241],[-74.58372,40.79256],[-74.58103,40.79375],[-74.57661,40.79366],[-74.56844,40.79428],[-74.56632,40.79294],[-74.56062,40.79462],[-74.55627,40.79338],[-74.54686,40.78937],[-74.54367,40.78958],[-74.54199,40.79065],[-74.55009,40.74733],[-74.55291,40.74968],[-74.55087,40.75101],[-74.55264,40.75591],[-74.55602,40.75829],[-74.62963,40.74152],[-74.63126,40.74114],[-74.6329,40.74261],[-74.63329,40.74664],[-74.63209,40.74935],[-74.63344,40.75085],[-74.63345,40.75351],[-74.63598,40.75456],[-74.6386,40.76072],[-74.64252,40.76473],[-74.64458,40.7649],[-74.64858,40.76309],[-74.63732,40.77293]]]}},{"type":"Feature","properties":{"zcta":"12563","d":166},"geometry":{"type":"Polygon","coordinates":[[[-73.53772,41.48609],[-73.54048,41.48156],[-73.53965,41.47855],[-73.53806,41.47716],[-73.53642,41.47897],[-73.53663,41.47507],[-73.53544,41.47175],[-73.53733,41.46379],[-73.53709,41.46011],[-73.54023,41.45778],[-73.54409,41.45769],[-73.54178,41.46091],[-73.54481,41.46119],[-73.54648,41.45908],[-73.54942,41.46055],[-73.55315,41.45858],[-73.55323,41.45729],[-73.55928,41.4552],[-73.56125,41.45624],[-73.56245,41.4631],[-73.56487,41.46272],[-73.56569,41.46522],[-73.56749,41.46495],[-73.56943,41.46713],[-73.56779,41.46866],[-73.56803,41.47024],[-73.57108,41.47177],[-73.57199,41.47354],[-73.5768,41.47501],[-73.57834,41.47802],[-73.58015,41.47619],[-73.58059,41.47366],[-73.5824,41.47414],[-73.58314,41.47627],[-73.58569,41.47804],[-73.59272,41.47923],[-73.59581,41.47863],[-73.59951,41.47648],[-73.60268,41.47733],[-73.60268,41.47258],[-73.60814,41.47316],[-73.61064,41.45787],[-73.61107,41.45197],[-73.61351,41.44872],[-73.61871,41.44806],[-73.62211,41.45165],[-73.62572,41.45077],[-73.62829,41.44828],[-73.63042,41.44903],[-73.63178,41.45387],[-73.63077,41.46066],[-73.63328,41.46087],[-73.63356,41.46374],[-73.63263,41.46755],[-73.63372,41.47057],[-73.63306,41.47318],[-73.63106,41.47567],[-73.63188,41.48067],[-73.63346,41.47733],[-73.63721,41.47548],[-73.63786,41.47319],[-73.64161,41.46715],[-73.64424,41.46555],[-73.64605,41.46988],[-73.64872,41.47418],[-73.6448,41.47475],[-73.65047,41.47876],[-73.64763,41.51829],[-73.64473,41.51872],[-73.63766,41.51416],[-73.63363,41.50941],[-73.631,41.50995],[-73.63379,41.51186],[-73.63477,41.51386],[-73.63259,41.51435],[-73.63335,41.51553],[-73.63213,41.51779],[-73.63332,41.52027],[-73.6228,41.52177],[-73.60434,41.52387],[-73.58015,41.52638],[-73.56081,41.52664],[-73.53007,41.52719],[-73.53357,41.48454],[-73.53772,41.48609]]]}},{"type":"Feature","properties":{"zcta":"10173","d":0},"geometry":{"type":"Polygon","coordinates":[[[-73.97994,40.75478],[-73.97929,40.7528],[-73.98089,40.75348],[-73.98039,40.75415],[-73.97994,40.75478]]]}},{"type":"Feature","properties":{"zcta":"11776","d":1901},"geometry":{"type":"Polygon","coordinates":[[[-73.06686,40.93303],[-73.06696,40.93442],[-73.06201,40.9337],[-73.05346,40.93445],[-73.04549,40.93354],[-73.03965,40.9347],[-73.03736,40.93614],[-73.03567,40.93314],[-73.03398,40.92833],[-73.03086,40.92701],[-73.02646,40.92414],[-73.02477,40.92434],[-73.02589,40.93002],[-73.02384,40.93063],[-73.02223,40.92799],[-73.02142,40.92147],[-73.02312,40.92115],[-73.02255,40.91878],[-73.01096,40.91529],[-73.00954,40.91244],[-73.00876,40.90737],[-73.00902,40.90456],[-73.01329,40.90381],[-73.01867,40.90254],[-73.02669,40.90163],[-73.02737,40.90502],[-73.03232,40.90476],[-73.03157,40.89648],[-73.03542,40.89599],[-73.03515,40.8885],[-73.04297,40.89472],[-73.04744,40.89345],[-73.04969,40.89392],[-73.05109,40.89244],[-73.05051,40.8905],[-73.05219,40.89045],[-73.05245,40.89439],[-73.05163,40.89641],[-73.05398,40.89649],[-73.05349,40.89272],[-73.06002,40.8923],[-73.06479,40.89113],[-73.06768,40.8898],[-73.06783,40.89492],[-73.06875,40.89753],[-73.06973,40.90621],[-73.06932,40.90647],[-73.06947,40.91344],[-73.07255,40.91647],[-73.07636,40.9191],[-73.07622,40.91987],[-73.0716,40.92349],[-73.06973,40.92809],[-73.07397,40.93102],[-73.07271,40.93154],[-73.06686,40.93303]]]}},{"type":"Feature","properties":{"zcta":"08724","d":1665},"geometry":{"type":"Polygon","coordinates":[[[-74.15032,40.09888],[-74.13231,40.11487],[-74.13031,40.11776],[-74.13557,40.11992],[-74.13585,40.11784],[-74.13752,40.12784],[-74.12909,40.12942],[-74.13185,40.1306],[-74.13758,40.12997],[-74.13651,40.1316],[-74.13751,40.13714],[-74.1321,40.13754],[-74.12384,40.13401],[-74.11679,40.13174],[-74.11227,40.13285],[-74.10767,40.13701],[-74.10692,40.13575],[-74.10334,40.13441],[-74.10333,40.13126],[-74.10094,40.13001],[-74.09904,40.12778],[-74.09592,40.12874],[-74.0962,40.12463],[-74.09697,40.12216],[-74.09591,40.118],[-74.09409,40.11541],[-74.09465,40.11375],[-74.09393,40.11025],[-74.09422,40.10751],[-74.08606,40.09817],[-74.08555,40.09757],[-74.09501,40.09365],[-74.09046,40.09228],[-74.08902,40.08829],[-74.09146,40.08631],[-74.09032,40.08362],[-74.09166,40.07857],[-74.0895,40.07367],[-74.08575,40.06672],[-74.08416,40.06542],[-74.08098,40.06489],[-74.07851,40.06314],[-74.07429,40.06148],[-74.07216,40.05964],[-74.0689,40.06116],[-74.05887,40.05966],[-74.05908,40.05397],[-74.06451,40.05334],[-74.07444,40.05408],[-74.08624,40.05209],[-74.09093,40.05254],[-74.10221,40.05222],[-74.106,40.05158],[-74.10948,40.0522],[-74.11625,40.05545],[-74.11768,40.05799],[-74.12039,40.06034],[-74.12908,40.06251],[-74.12977,40.06476],[-74.1327,40.06439],[-74.1343,40.06517],[-74.13675,40.06343],[-74.14133,40.06657],[-74.14716,40.073],[-74.15005,40.07152],[-74.15563,40.07784],[-74.15649,40.0788],[-74.15122,40.07896],[-74.15315,40.0839],[-74.15214,40.09167],[-74.15402,40.09399],[-74.1543,40.09962],[-74.15032,40.09888]]]}},{"type":"Feature","properties":{"zcta":"07107","d":10881},"geometry":{"type":"Polygon","coordinates":[[[-74.19337,40.76171],[-74.18976,40.76863],[-74.18626,40.77467],[-74.18453,40.7748],[-74.18061,40.77788],[-74.17775,40.77743],[-74.17688,40.78097],[-74.17831,40.78147],[-74.17476,40.78561],[-74.17392,40.78366],[-74.17498,40.78168],[-74.1752,40.7784],[-74.17221,40.77746],[-74.17141,40.77511],[-74.17794,40.76263],[-74.17981,40.76538],[-74.18369,40.76086],[-74.18521,40.75686],[-74.18398,40.75289],[-74.18432,40.75113],[-74.18614,40.74921],[-74.18605,40.74731],[-74.18823,40.74805],[-74.19123,40.74261],[-74.19692,40.74391],[-74.20028,40.74527],[-74.19814,40.74951],[-74.20217,40.75065],[-74.20106,40.75076],[-74.19933,40.75418],[-74.19758,40.7558],[-74.19337,40.76171]]]}},{"type":"Feature","properties":{"zcta":"07734","d":3472},"geometry":{"type":"Polygon","coordinates":[[[-74.14271,40.45042],[-74.13855,40.45519],[-74.13532,40.45545],[-74.11684,40.44625],[-74.119,40.44236],[-74.12757,40.44097],[-74.12607,40.43814],[-74.12802,40.43578],[-74.13127,40.43548],[-74.13316,40.42686],[-74.13584,40.42678],[-74.13948,40.42853],[-74.13931,40.43209],[-74.14362,40.43196],[-74.14753,40.43304],[-74.14571,40.43766],[-74.14354,40.43769],[-74.14246,40.44003],[-74.14465,40.44249],[-74.14882,40.4428],[-74.14691,40.44473],[-74.14764,40.44921],[-74.14271,40.45042]]]}},{"type":"Feature","properties":{"zcta":"07087","d":25355},"geometry":{"type":"Polygon","coordinates":[[[-74.02115,40.7825],[-74.0149,40.77963],[-74.01814,40.77756],[-74.02539,40.76758],[-74.02756,40.77013],[-74.03168,40.7637],[-74.02752,40.76167],[-74.03149,40.76028],[-74.0333,40.75767],[-74.03778,40.75032],[-74.04138,40.75194],[-74.04492,40.75246],[-74.0432,40.75494],[-74.04365,40.75659],[-74.04582,40.75738],[-74.04206,40.76293],[-74.04208,40.76654],[-74.04056,40.76867],[-74.03677,40.77079],[-74.03347,40.77485],[-74.03181,40.77511],[-74.0315,40.77902],[-74.02831,40.7776],[-74.02313,40.78288],[-74.02115,40.7825]]]}},{"type":"Feature","properties":{"zcta":"11962","d":0},"geometry":{"type":"Polygon","coordinates":[[[-72.28628,40.96881],[-72.27197,40.96867],[-72.25652,40.9461],[-72.26295,40.9448],[-72.25171,40.93014],[-72.24541,40.92359],[-72.2587,40.91806],[-72.29001,40.90614],[-72.29506,40.91359],[-72.29451,40.9148],[-72.28564,40.92432],[-72.28752,40.93031],[-72.28601,40.94065],[-72.28892,40.94071],[-72.29155,40.94768],[-72.28183,40.94941],[-72.28275,40.95062],[-72.28351,40.95593],[-72.28563,40.95475],[-72.29271,40.96521],[-72.2913,40.96941],[-72.28628,40.96881]]]}},{"type":"Feature","properties":{"zcta":"11231","d":11885},"geometry":{"type":"Polygon","coordinates":[[[-74.0045,40.6863],[-74.00236,40.68574],[-74.00129,40.68795],[-73.98999,40.68332],[-73.99087,40.68206],[-73.98808,40.68017],[-73.9908,40.67578],[-73.99528,40.67578],[-73.99862,40.67183],[-74.00017,40.6686],[-74.00219,40.66734],[-74.00985,40.66863],[-74.01166,40.66515],[-74.01602,40.66467],[-74.01782,40.66572],[-74.01887,40.6713],[-74.01883,40.6796],[-74.00838,40.68595],[-74.0045,40.6863]]]}},{"type":"Feature","properties":{"zcta":"11953","d":696},"geometry":{"type":"MultiPolygon","coordinates":[[[[-72.91705,40.86603],[-72.91699,40.8635],[-72.92,40.86309],[-72.92036,40.86578],[-72.91705,40.86603]]],[[[-72.98457,40.91071],[-72.98075,40.91066],[-72.98115,40.91354],[-72.97673,40.91288],[-72.96582,40.91369],[-72.96009,40.90596],[-72.95666,40.9049],[-72.95424,40.90793],[-72.95204,40.90829],[-72.94195,40.90782],[-72.93923,40.90678],[-72.93528,40.90669],[-72.93086,40.90736],[-72.92931,40.90845],[-72.92231,40.90821],[-72.91851,40.90644],[-72.91507,40.90695],[-72.91526,40.90256],[-72.91706,40.89665],[-72.91797,40.89139],[-72.91782,40.88725],[-72.91904,40.88289],[-72.92273,40.87472],[-72.92312,40.87286],[-72.92615,40.86834],[-72.9287,40.86589],[-72.93495,40.8651],[-72.93681,40.86533],[-72.93964,40.86364],[-72.94267,40.86328],[-72.94417,40.85991],[-72.94645,40.85776],[-72.94716,40.8556],[-72.94636,40.85203],[-72.94722,40.85104],[-72.94807,40.85424],[-72.95256,40.85469],[-72.95233,40.85112],[-72.95725,40.85117],[-72.96215,40.85193],[-72.96101,40.85638],[-72.96193,40.85883],[-72.96116,40.86118],[-72.96906,40.86053],[-72.97017,40.86956],[-72.97526,40.86895],[-72.97654,40.87059],[-72.97809,40.88],[-72.97932,40.88037],[-72.98051,40.8867],[-72.98215,40.88968],[-72.98434,40.88926],[-72.9882,40.89222],[-72.98615,40.89575],[-72.98307,40.8956],[-72.98278,40.89757],[-72.97718,40.89853],[-72.97598,40.90379],[-72.9752,40.9048],[-72.97887,40.90528],[-72.98457,40.91071]]]]}},{"type":"Feature","properties":{"zcta":"11576","d":1419},"geometry":{"type":"MultiPolygon","coordinates":[[[[-73.66657,40.80345],[-73.6575,40.80615],[-73.65423,40.80511],[-73.65164,40.80772],[-73.65042,40.81145],[-73.65001,40.81582],[-73.64654,40.81609],[-73.6471,40.82047],[-73.64454,40.82191],[-73.64337,40.82438],[-73.64088,40.82542],[-73.64126,40.82721],[-73.63927,40.82813],[-73.637,40.82834],[-73.63668,40.82623],[-73.6386,40.82554],[-73.63674,40.82198],[-73.63498,40.82324],[-73.62941,40.82418],[-73.62849,40.82026],[-73.62702,40.82011],[-73.62737,40.81716],[-73.62847,40.81291],[-73.63357,40.8092],[-73.63374,40.80767],[-73.63124,40.80845],[-73.62672,40.80696],[-73.62368,40.80788],[-73.62506,40.81071],[-73.62111,40.81165],[-73.61195,40.80592],[-73.60792,40.80317],[-73.60914,40.80258],[-73.61273,40.8033],[-73.61402,40.80203],[-73.61992,40.80011],[-73.62185,40.80029],[-73.62319,40.79835],[-73.62224,40.7955],[-73.62585,40.79451],[-73.6318,40.79506],[-73.64069,40.79431],[-73.64346,40.79251],[-73.64779,40.79498],[-73.64993,40.79479],[-73.64957,40.79283],[-73.65312,40.79256],[-73.65311,40.79093],[-73.6552,40.79209],[-73.65572,40.78854],[-73.65861,40.78759],[-73.66083,40.78966],[-73.66636,40.7894],[-73.66902,40.79716],[-73.66923,40.80003],[-73.66842,40.8048],[-73.66657,40.80345]]],[[[-73.68283,40.76761],[-73.6767,40.77214],[-73.67057,40.77354],[-73.66585,40.77638],[-73.66392,40.77587],[-73.66406,40.77391],[-73.66267,40.76886],[-73.6579,40.76543],[-73.65914,40.76359],[-73.65875,40.76086],[-73.66039,40.76061],[-73.66555,40.76005],[-73.66974,40.76314],[-73.67265,40.76261],[-73.68226,40.76331],[-73.68494,40.76296],[-73.68619,40.76683],[-73.68283,40.76761]]]]}},{"type":"Feature","properties":{"zcta":"08533","d":206},"geometry":{"type":"Polygon","coordinates":[[[-74.4452,40.10792],[-74.44962,40.10321],[-74.4538,40.09974],[-74.45226,40.0981],[-74.44936,40.09766],[-74.44726,40.09581],[-74.44666,40.09229],[-74.45559,40.09055],[-74.456,40.0883],[-74.45167,40.07405],[-74.44349,40.04639],[-74.43655,40.03445],[-74.43483,40.03228],[-74.4234,39.99922],[-74.41356,39.97084],[-74.41273,39.96922],[-74.40883,39.95763],[-74.40374,39.94172],[-74.40428,39.93092],[-74.40393,39.92898],[-74.40596,39.92982],[-74.41013,39.93009],[-74.42953,39.92494],[-74.42876,39.92148],[-74.43348,39.92041],[-74.43922,39.92241],[-74.44309,39.9217],[-74.44301,39.91976],[-74.44974,39.91461],[-74.4496,39.91233],[-74.45106,39.90908],[-74.45409,39.90478],[-74.45937,39.90218],[-74.47024,39.92253],[-74.50641,39.9913],[-74.52832,40.03668],[-74.53304,40.04525],[-74.5531,40.07913],[-74.54989,40.08047],[-74.54803,40.07893],[-74.545,40.08008],[-74.54638,40.08197],[-74.52896,40.08931],[-74.51995,40.09517],[-74.51957,40.09352],[-74.51571,40.09311],[-74.51571,40.08972],[-74.51289,40.08952],[-74.51259,40.08799],[-74.50653,40.0878],[-74.5018,40.08601],[-74.49725,40.0863],[-74.49336,40.08577],[-74.4897,40.08672],[-74.48214,40.08466],[-74.48617,40.08726],[-74.48324,40.08876],[-74.48073,40.08838],[-74.48133,40.09196],[-74.48532,40.0919],[-74.48645,40.10159],[-74.4843,40.10169],[-74.48498,40.10489],[-74.48145,40.1057],[-74.4637,40.11554],[-74.45849,40.11474],[-74.45333,40.1125],[-74.44496,40.10952],[-74.4452,40.10792]]]}},{"type":"Feature","properties":{"zcta":"11952","d":270},"geometry":{"type":"Polygon","coordinates":[[[-72.52789,41.01831],[-72.52874,41.0178],[-72.51796,41.00726],[-72.51311,41.01063],[-72.50946,41.00742],[-72.50521,41.0026],[-72.5061,41.00103],[-72.50469,40.99925],[-72.50818,40.99899],[-72.50787,40.99343],[-72.50398,40.99372],[-72.50196,40.99305],[-72.50038,40.98869],[-72.49953,40.98869],[-72.50388,40.98676],[-72.50441,40.98572],[-72.50831,40.98401],[-72.5231,40.98079],[-72.52641,40.97962],[-72.53185,40.97674],[-72.5358,40.97327],[-72.53721,40.97471],[-72.53657,40.97613],[-72.54074,40.97767],[-72.54624,40.97817],[-72.54913,40.97645],[-72.55531,40.97856],[-72.55498,40.97623],[-72.56064,40.97324],[-72.57159,40.9825],[-72.57237,40.98215],[-72.57595,40.98638],[-72.58242,40.9849],[-72.59168,40.99553],[-72.58533,40.99759],[-72.56541,41.00951],[-72.54477,41.0221],[-72.53578,41.02812],[-72.52789,41.01831]]]}},{"type":"Feature","properties":{"zcta":"11941","d":577},"geometry":{"type":"Polygon","coordinates":[[[-72.74021,40.84134],[-72.73565,40.84677],[-72.72339,40.84435],[-72.71376,40.84832],[-72.69683,40.85294],[-72.69668,40.8477],[-72.69827,40.84623],[-72.70546,40.83602],[-72.7081,40.83124],[-72.70658,40.8305],[-72.70708,40.82645],[-72.70533,40.82597],[-72.70403,40.82113],[-72.70647,40.82147],[-72.70765,40.81961],[-72.71316,40.82034],[-72.71392,40.82109],[-72.71663,40.81959],[-72.72138,40.819],[-72.72396,40.81591],[-72.7261,40.81388],[-72.72876,40.81499],[-72.73173,40.81406],[-72.73394,40.81522],[-72.74159,40.82228],[-72.74358,40.82464],[-72.74571,40.82565],[-72.74809,40.82891],[-72.75018,40.83053],[-72.74673,40.83437],[-72.74021,40.84134]]]}},{"type":"Feature","properties":{"zcta":"10709","d":3733},"geometry":{"type":"Polygon","coordinates":[[[-73.81261,40.9662],[-73.81281,40.96453],[-73.81099,40.9641],[-73.8088,40.97083],[-73.80708,40.96981],[-73.80905,40.9656],[-73.80461,40.96483],[-73.79653,40.96578],[-73.80036,40.96024],[-73.80062,40.95772],[-73.79833,40.95704],[-73.79933,40.95382],[-73.79812,40.95017],[-73.79962,40.94549],[-73.80197,40.94383],[-73.80656,40.9435],[-73.80673,40.94065],[-73.81516,40.93554],[-73.81405,40.94072],[-73.81613,40.94291],[-73.81535,40.94468],[-73.81837,40.94442],[-73.81722,40.94783],[-73.82122,40.94935],[-73.81738,40.95725],[-73.81565,40.95656],[-73.81351,40.96137],[-73.81826,40.96325],[-73.81598,40.96876],[-73.81261,40.9662]]]}},{"type":"Feature","properties":{"zcta":"11530","d":2084},"geometry":{"type":"Polygon","coordinates":[[[-73.68741,40.72522],[-73.68206,40.72514],[-73.68061,40.72582],[-73.67906,40.7294],[-73.67996,40.73098],[-73.66386,40.73487],[-73.66326,40.73525],[-73.6513,40.73713],[-73.651,40.73685],[-73.64117,40.73861],[-73.6405,40.73688],[-73.63767,40.73751],[-73.63765,40.73924],[-73.6345,40.7316],[-73.63021,40.73256],[-73.63311,40.74009],[-73.622,40.74208],[-73.61285,40.7434],[-73.60345,40.74527],[-73.6016,40.74047],[-73.60367,40.74001],[-73.60191,40.7366],[-73.59325,40.73749],[-73.58891,40.73662],[-73.58506,40.73452],[-73.58266,40.73223],[-73.5806,40.72836],[-73.58034,40.72224],[-73.58561,40.72075],[-73.58734,40.72564],[-73.59248,40.72577],[-73.59343,40.72867],[-73.59512,40.72952],[-73.60081,40.72825],[-73.6005,40.72737],[-73.60447,40.72711],[-73.60365,40.72351],[-73.60688,40.72272],[-73.60908,40.72072],[-73.61385,40.72107],[-73.63082,40.71702],[-73.63706,40.71399],[-73.6432,40.71278],[-73.65204,40.71111],[-73.65567,40.70732],[-73.65784,40.70837],[-73.65752,40.70994],[-73.66344,40.71043],[-73.66569,40.71078],[-73.66596,40.7172],[-73.67075,40.71765],[-73.6711,40.71661],[-73.68291,40.71655],[-73.68475,40.71498],[-73.68909,40.71799],[-73.6879,40.72332],[-73.68741,40.72522]]]}},{"type":"Feature","properties":{"zcta":"10032","d":41817},"geometry":{"type":"Polygon","coordinates":[[[-73.94319,40.84976],[-73.94308,40.84657],[-73.93915,40.84562],[-73.93752,40.84414],[-73.93445,40.84325],[-73.93557,40.84171],[-73.93524,40.83899],[-73.93804,40.83429],[-73.94037,40.83147],[-73.94017,40.83038],[-73.94023,40.83028],[-73.94108,40.82908],[-73.94971,40.8327],[-73.95028,40.83433],[-73.94772,40.84145],[-73.94605,40.84458],[-73.947,40.85046],[-73.94319,40.84976]]]}},{"type":"Feature","properties":{"zcta":"07645","d":1166},"geometry":{"type":"Polygon","coordinates":[[[-74.05082,41.06346],[-74.0127,41.04653],[-74.01242,41.0386],[-74.02164,41.0375],[-74.0289,41.03663],[-74.03077,41.03725],[-74.03474,41.04056],[-74.03779,41.044],[-74.05138,41.04928],[-74.06377,41.04466],[-74.06992,41.04117],[-74.07101,41.04661],[-74.07298,41.04673],[-74.07252,41.04895],[-74.07975,41.04855],[-74.07895,41.05515],[-74.07656,41.06371],[-74.07182,41.0728],[-74.05082,41.06346]]]}},{"type":"Feature","properties":{"zcta":"11772","d":1470},"geometry":{"type":"MultiPolygon","coordinates":[[[[-73.03936,40.67303],[-73.03344,40.67477],[-73.01973,40.68009],[-73.01067,40.68266],[-73.00735,40.6841],[-73.00573,40.68741],[-73.00517,40.68503],[-73.00247,40.68617],[-73.00262,40.68759],[-72.99438,40.68977],[-72.99127,40.693],[-72.98627,40.69525],[-72.98329,40.69482],[-72.98037,40.69687],[-72.97491,40.69712],[-72.97622,40.6957],[-72.97197,40.69717],[-72.97209,40.69896],[-72.97533,40.7005],[-72.97032,40.69954],[-72.97055,40.70205],[-72.96659,40.7],[-72.96229,40.70277],[-72.95536,40.70508],[-72.95146,40.70768],[-72.94811,40.70877],[-72.94981,40.70918],[-72.94856,40.71076],[-72.94549,40.71107],[-72.94748,40.71208],[-72.94092,40.71213],[-72.93958,40.71169],[-72.9387,40.7138],[-72.93555,40.71365],[-72.93285,40.71541],[-72.93037,40.71447],[-72.92768,40.7177],[-72.92554,40.71611],[-72.92249,40.71728],[-72.92094,40.72181],[-72.91818,40.7208],[-72.91664,40.72319],[-72.90865,40.72492],[-72.91017,40.7209],[-72.90618,40.72295],[-72.9039,40.72267],[-72.9007,40.72363],[-72.89777,40.72355],[-72.89413,40.72829],[-72.89397,40.73072],[-72.89248,40.73162],[-72.88894,40.73055],[-72.88526,40.73202],[-72.87871,40.73303],[-72.88225,40.73101],[-72.87401,40.7321],[-72.87287,40.72978],[-72.92321,40.71328],[-73.01254,40.67965],[-73.0401,40.67102],[-73.04151,40.67373],[-73.03936,40.67303]]],[[[-73.05046,40.77119],[-73.0424,40.77411],[-73.04247,40.7854],[-73.04144,40.78492],[-73.03202,40.78621],[-73.03188,40.79477],[-73.02685,40.79511],[-73.0221,40.79336],[-73.02097,40.79515],[-73.01733,40.79538],[-73.01339,40.79609],[-73.01048,40.79401],[-72.99345,40.79629],[-72.99328,40.79517],[-72.9595,40.7973],[-72.95973,40.79382],[-72.96109,40.79035],[-72.96408,40.7874],[-72.95824,40.78807],[-72.95676,40.7857],[-72.95625,40.78106],[-72.95724,40.78099],[-72.95645,40.77398],[-72.95558,40.77156],[-72.95427,40.77179],[-72.95331,40.76589],[-72.95492,40.76488],[-72.95342,40.756],[-72.95424,40.75444],[-72.95086,40.75405],[-72.9539,40.75063],[-72.95235,40.74771],[-72.95605,40.7428],[-72.96585,40.74398],[-72.96704,40.74328],[-72.98032,40.74879],[-72.98619,40.74896],[-72.98736,40.75008],[-72.99091,40.74839],[-72.99754,40.74861],[-72.99789,40.74737],[-73.00307,40.74758],[-73.00249,40.74561],[-73.01664,40.7481],[-73.01695,40.74716],[-73.02091,40.74669],[-73.02195,40.74841],[-73.02169,40.74888],[-73.02448,40.75207],[-73.02404,40.75369],[-73.02496,40.75858],[-73.02879,40.75621],[-73.03004,40.7588],[-73.03176,40.75966],[-73.03514,40.76611],[-73.04216,40.76855],[-73.04214,40.76269],[-73.04452,40.76267],[-73.04453,40.7657],[-73.04566,40.76593],[-73.04645,40.77172],[-73.05631,40.76959],[-73.05825,40.76967],[-73.05046,40.77119]]]]}},{"type":"Feature","properties":{"zcta":"07033","d":2036},"geometry":{"type":"Polygon","coordinates":[[[-74.31019,40.67974],[-74.3068,40.68061],[-74.30524,40.68139],[-74.30516,40.68439],[-74.29839,40.68474],[-74.29873,40.6875],[-74.29474,40.68797],[-74.29449,40.69005],[-74.29268,40.69023],[-74.29157,40.68582],[-74.28861,40.68637],[-74.28535,40.68803],[-74.28446,40.68596],[-74.27975,40.68659],[-74.27794,40.68841],[-74.27819,40.6904],[-74.2736,40.69061],[-74.2762,40.68898],[-74.27444,40.68663],[-74.27723,40.68598],[-74.27121,40.68028],[-74.27238,40.67937],[-74.26919,40.67812],[-74.27417,40.67332],[-74.27131,40.67088],[-74.27612,40.67021],[-74.27573,40.66763],[-74.28403,40.66519],[-74.28536,40.66527],[-74.28585,40.6673],[-74.2886,40.67085],[-74.29061,40.67037],[-74.29195,40.67167],[-74.29095,40.67324],[-74.30668,40.67206],[-74.30778,40.6744],[-74.31179,40.67421],[-74.3124,40.67613],[-74.3104,40.67848],[-74.31019,40.67974]]]}},{"type":"Feature","properties":{"zcta":"11563","d":4839},"geometry":{"type":"Polygon","coordinates":[[[-73.6887,40.6599],[-73.6884,40.66373],[-73.68368,40.66702],[-73.67428,40.67233],[-73.66987,40.6666],[-73.66438,40.66675],[-73.65939,40.6675],[-73.65933,40.66571],[-73.65742,40.66294],[-73.65868,40.66242],[-73.65689,40.65914],[-73.6576,40.65599],[-73.65569,40.65534],[-73.65613,40.65139],[-73.65738,40.65057],[-73.66112,40.65162],[-73.66515,40.65166],[-73.66994,40.6475],[-73.67307,40.64602],[-73.67434,40.64675],[-73.67628,40.64546],[-73.67687,40.64328],[-73.67935,40.64316],[-73.68505,40.646],[-73.684,40.64773],[-73.68624,40.647],[-73.68986,40.64998],[-73.68976,40.65208],[-73.6876,40.65628],[-73.6899,40.65796],[-73.6887,40.6599]]]}},{"type":"Feature","properties":{"zcta":"07822","d":79},"geometry":{"type":"Polygon","coordinates":[[[-74.65856,41.1619],[-74.6569,41.16009],[-74.69497,41.13146],[-74.69634,41.1326],[-74.69841,41.13001],[-74.69769,41.12939],[-74.70576,41.12336],[-74.70671,41.12409],[-74.70993,41.12295],[-74.71314,41.12033],[-74.71155,41.11898],[-74.72071,41.112],[-74.72195,41.11237],[-74.74682,41.11968],[-74.74578,41.12036],[-74.74521,41.12454],[-74.74206,41.12881],[-74.73605,41.13075],[-74.73564,41.13228],[-74.739,41.13734],[-74.73353,41.1388],[-74.73143,41.14214],[-74.73144,41.14355],[-74.72694,41.14609],[-74.72108,41.15026],[-74.7162,41.15146],[-74.71346,41.14858],[-74.7079,41.14751],[-74.70312,41.14735],[-74.69482,41.1576],[-74.68833,41.16103],[-74.68445,41.16438],[-74.68101,41.16497],[-74.67596,41.17165],[-74.67118,41.17379],[-74.66901,41.17177],[-74.66787,41.17214],[-74.65856,41.1619]]]}},{"type":"Feature","properties":{"zcta":"07723","d":280},"geometry":{"type":"Polygon","coordinates":[[[-74.01262,40.25314],[-74.0112,40.257],[-74.00315,40.25683],[-74.00305,40.25832],[-74.00028,40.25742],[-74.00017,40.26336],[-73.99572,40.26237],[-73.99188,40.26233],[-73.98706,40.26008],[-73.99339,40.23738],[-74.008,40.23985],[-74.00938,40.24417],[-74.01381,40.24341],[-74.01377,40.24949],[-74.01764,40.24961],[-74.01984,40.25141],[-74.01969,40.25349],[-74.01262,40.25314]]]}},{"type":"Feature","properties":{"zcta":"10022","d":46674},"geometry":{"type":"Polygon","coordinates":[[[-73.97674,40.75917],[-73.97629,40.75979],[-73.97583,40.76042],[-73.97346,40.76366],[-73.97141,40.76359],[-73.97301,40.76428],[-73.97255,40.7649],[-73.96143,40.76036],[-73.95848,40.75854],[-73.96471,40.75172],[-73.96865,40.7547],[-73.97282,40.75587],[-73.97444,40.75656],[-73.97765,40.75791],[-73.9772,40.75854],[-73.97674,40.75917]],[[-73.97352,40.75781],[-73.97145,40.75775],[-73.97053,40.759],[-73.97307,40.75843],[-73.97352,40.75781]]]}},{"type":"Feature","properties":{"zcta":"11561","d":4935},"geometry":{"type":"Polygon","coordinates":[[[-73.70107,40.5907],[-73.69012,40.59078],[-73.68673,40.59108],[-73.68469,40.59233],[-73.68108,40.5941],[-73.67067,40.5949],[-73.64657,40.5957],[-73.63755,40.59569],[-73.62089,40.59714],[-73.61157,40.59735],[-73.5873,40.5946],[-73.58719,40.59349],[-73.5869,40.59148],[-73.58449,40.59091],[-73.58437,40.58572],[-73.59257,40.58559],[-73.59899,40.58679],[-73.61087,40.5877],[-73.6409,40.58282],[-73.64667,40.5828],[-73.70515,40.58367],[-73.70701,40.58382],[-73.70611,40.58678],[-73.70613,40.59096],[-73.70107,40.5907]]]}},{"type":"Feature","properties":{"zcta":"10605","d":2040},"geometry":{"type":"Polygon","coordinates":[[[-73.76774,41.02633],[-73.76132,41.02918],[-73.75863,41.02958],[-73.7581,41.03144],[-73.75488,41.03265],[-73.74956,41.02857],[-73.74408,41.02539],[-73.74144,41.02869],[-73.73863,41.02739],[-73.73778,41.0231],[-73.73125,41.02212],[-73.7292,41.01933],[-73.72771,41.01972],[-73.72634,41.01759],[-73.72188,41.01457],[-73.71725,41.01402],[-73.71699,41.01402],[-73.72014,41.00553],[-73.72166,41.00325],[-73.72589,40.99961],[-73.72697,40.99873],[-73.73054,40.99266],[-73.73305,40.99168],[-73.73558,40.9893],[-73.73607,40.98715],[-73.74102,40.98361],[-73.74494,40.98262],[-73.74525,40.98289],[-73.74459,40.98495],[-73.74555,40.98809],[-73.74872,40.98945],[-73.75009,40.9922],[-73.75289,40.99225],[-73.75343,40.99378],[-73.7639,40.99862],[-73.76197,41.00739],[-73.76419,41.00704],[-73.76736,41.01342],[-73.76771,41.01699],[-73.77019,41.02087],[-73.77038,41.02457],[-73.76774,41.02633]]]}},{"type":"Feature","properties":{"zcta":"10023","d":69612},"geometry":{"type":"Polygon","coordinates":[[[-73.9892,40.77686],[-73.99154,40.77453],[-73.98919,40.77517],[-73.98654,40.78066],[-73.98568,40.78031],[-73.98445,40.78319],[-73.97756,40.78091],[-73.97407,40.77881],[-73.97172,40.78202],[-73.97153,40.78038],[-73.96373,40.77699],[-73.96515,40.77505],[-73.96844,40.77052],[-73.97028,40.76803],[-73.97292,40.76904],[-73.97454,40.76977],[-73.97697,40.76656],[-73.97623,40.76568],[-73.99395,40.77288],[-73.99032,40.77732],[-73.9892,40.77686]]]}},{"type":"Feature","properties":{"zcta":"08750","d":1121},"geometry":{"type":"Polygon","coordinates":[[[-74.0539,40.14465],[-74.0507,40.1418],[-74.04768,40.14014],[-74.04222,40.1407],[-74.03776,40.14058],[-74.02539,40.13816],[-74.03053,40.12267],[-74.03152,40.11745],[-74.03957,40.12204],[-74.04445,40.12554],[-74.04236,40.1298],[-74.04339,40.13045],[-74.05463,40.13336],[-74.05505,40.1312],[-74.05775,40.1321],[-74.06048,40.13438],[-74.06539,40.13339],[-74.06649,40.13485],[-74.06996,40.13574],[-74.06705,40.13883],[-74.06795,40.14213],[-74.06564,40.14114],[-74.06129,40.14071],[-74.05898,40.14564],[-74.0539,40.14465]]]}},{"type":"Feature","properties":{"zcta":"07751","d":644},"geometry":{"type":"Polygon","coordinates":[[[-74.26769,40.39101],[-74.26207,40.39537],[-74.24556,40.39313],[-74.23113,40.38989],[-74.22964,40.38654],[-74.22687,40.38575],[-74.21945,40.38583],[-74.20881,40.38183],[-74.20336,40.3798],[-74.20594,40.37591],[-74.20839,40.37095],[-74.2065,40.36779],[-74.20583,40.36495],[-74.20683,40.36262],[-74.20393,40.36054],[-74.20187,40.35578],[-74.19953,40.35423],[-74.19833,40.35181],[-74.19982,40.34837],[-74.20123,40.34949],[-74.20097,40.35155],[-74.20236,40.35328],[-74.20591,40.35544],[-74.20941,40.35125],[-74.21406,40.34941],[-74.21496,40.34708],[-74.21909,40.34725],[-74.22593,40.34412],[-74.22509,40.34643],[-74.22555,40.34996],[-74.23135,40.35267],[-74.2349,40.35708],[-74.23596,40.35643],[-74.23244,40.35136],[-74.23073,40.34739],[-74.22827,40.34375],[-74.23374,40.33973],[-74.2397,40.33788],[-74.24401,40.33791],[-74.24619,40.3345],[-74.24802,40.3409],[-74.24546,40.34181],[-74.24582,40.34599],[-74.24724,40.34684],[-74.24964,40.34602],[-74.25556,40.34264],[-74.26087,40.34934],[-74.26326,40.34578],[-74.26293,40.34245],[-74.26069,40.33986],[-74.26951,40.33744],[-74.29014,40.32636],[-74.2965,40.32232],[-74.30105,40.32562],[-74.2946,40.33591],[-74.29606,40.33535],[-74.30156,40.33536],[-74.30048,40.33891],[-74.29387,40.34157],[-74.29143,40.34096],[-74.28819,40.34602],[-74.29105,40.3497],[-74.30684,40.3531],[-74.30781,40.34655],[-74.31253,40.34683],[-74.31208,40.34476],[-74.30812,40.3441],[-74.30782,40.33914],[-74.30846,40.33806],[-74.31372,40.33463],[-74.31786,40.33745],[-74.31703,40.33808],[-74.3224,40.34081],[-74.32738,40.3446],[-74.32191,40.3489],[-74.26769,40.39101]]]}},{"type":"Feature","properties":{"zcta":"07670","d":1408},"geometry":{"type":"Polygon","coordinates":[[[-73.97049,40.93459],[-73.96257,40.93685],[-73.96242,40.93783],[-73.94223,40.92608],[-73.9275,40.91758],[-73.91994,40.91362],[-73.92712,40.8955],[-73.94648,40.90605],[-73.94939,40.90073],[-73.97197,40.91363],[-73.97298,40.91303],[-73.9844,40.91205],[-73.98205,40.9195],[-73.98247,40.9277],[-73.98105,40.93412],[-73.97997,40.93418],[-73.97049,40.93459]]]}},{"type":"Feature","properties":{"zcta":"07644","d":5732},"geometry":{"type":"Polygon","coordinates":[[[-74.08224,40.88893],[-74.08043,40.89054],[-74.07875,40.89507],[-74.07261,40.89183],[-74.06457,40.88706],[-74.06547,40.8826],[-74.0683,40.87605],[-74.07014,40.87148],[-74.07167,40.86967],[-74.07358,40.8708],[-74.07557,40.86886],[-74.08111,40.87167],[-74.08219,40.87059],[-74.07965,40.86913],[-74.08754,40.8614],[-74.09392,40.8651],[-74.09724,40.86725],[-74.09646,40.86876],[-74.09383,40.86985],[-74.09864,40.87302],[-74.0946,40.8783],[-74.09191,40.88662],[-74.08224,40.88893]]]}},{"type":"Feature","properties":{"zcta":"07722","d":137},"geometry":{"type":"Polygon","coordinates":[[[-74.1933,40.3445],[-74.19259,40.33962],[-74.18716,40.33813],[-74.1868,40.33685],[-74.17988,40.33349],[-74.1761,40.33453],[-74.1734,40.33204],[-74.17449,40.3312],[-74.17348,40.32865],[-74.16848,40.32695],[-74.16529,40.3276],[-74.15949,40.3263],[-74.15504,40.32644],[-74.14908,40.32466],[-74.145,40.32342],[-74.14129,40.32438],[-74.13702,40.32299],[-74.13464,40.32066],[-74.13212,40.32063],[-74.1297,40.31878],[-74.13128,40.31706],[-74.12643,40.31943],[-74.12456,40.31586],[-74.1223,40.31757],[-74.11873,40.31674],[-74.11724,40.32031],[-74.11364,40.32088],[-74.11292,40.32013],[-74.1127,40.31661],[-74.11025,40.3109],[-74.10656,40.30763],[-74.10733,40.30715],[-74.10261,40.30348],[-74.10356,40.29992],[-74.11019,40.29728],[-74.1123,40.29495],[-74.11035,40.29175],[-74.11163,40.28671],[-74.11024,40.27918],[-74.10602,40.27477],[-74.10437,40.27249],[-74.10427,40.26893],[-74.10728,40.26525],[-74.10771,40.26005],[-74.10323,40.25532],[-74.1105,40.25249],[-74.10044,40.247],[-74.10247,40.2443],[-74.10798,40.24726],[-74.11127,40.2476],[-74.1134,40.25144],[-74.11998,40.24903],[-74.13927,40.25107],[-74.13985,40.22762],[-74.14083,40.22907],[-74.14803,40.23207],[-74.15372,40.23155],[-74.15435,40.22888],[-74.16446,40.22826],[-74.16636,40.23089],[-74.16761,40.23749],[-74.17092,40.23742],[-74.17101,40.24374],[-74.18088,40.24117],[-74.18383,40.24207],[-74.18375,40.2451],[-74.18887,40.24973],[-74.19219,40.24926],[-74.19457,40.25204],[-74.19638,40.25702],[-74.20327,40.25599],[-74.21068,40.25332],[-74.21333,40.25326],[-74.21404,40.25659],[-74.21053,40.25926],[-74.22386,40.26119],[-74.22288,40.27807],[-74.22197,40.28274],[-74.223,40.28269],[-74.22126,40.30176],[-74.22407,40.32768],[-74.22103,40.33287],[-74.22529,40.33946],[-74.21343,40.34367],[-74.20233,40.34574],[-74.19747,40.34537],[-74.1933,40.3445]]]}},{"type":"Feature","properties":{"zcta":"07302","d":21388},"geometry":{"type":"Polygon","coordinates":[[[-74.06178,40.72642],[-74.05981,40.72739],[-74.05937,40.7247],[-74.05613,40.7236],[-74.05162,40.73113],[-74.04465,40.73052],[-74.04429,40.72963],[-74.03976,40.72923],[-74.04046,40.72506],[-74.03693,40.72453],[-74.03723,40.72191],[-74.03138,40.72191],[-74.0316,40.72125],[-74.03509,40.72011],[-74.03557,40.71734],[-74.0308,40.71659],[-74.03413,40.71033],[-74.03854,40.71074],[-74.0397,40.7096],[-74.05115,40.71112],[-74.05206,40.70993],[-74.05481,40.7106],[-74.05446,40.71354],[-74.0572,40.71748],[-74.06033,40.71862],[-74.05925,40.72061],[-74.06277,40.72186],[-74.06378,40.72363],[-74.06178,40.72642]]]}},{"type":"Feature","properties":{"zcta":"10305","d":5263},"geometry":{"type":"Polygon","coordinates":[[[-74.09793,40.58752],[-74.08715,40.59597],[-74.08548,40.60113],[-74.0807,40.60739],[-74.07455,40.61694],[-74.07131,40.61964],[-74.07159,40.62166],[-74.07524,40.62601],[-74.07251,40.62709],[-74.07186,40.62404],[-74.06408,40.61688],[-74.06034,40.612],[-74.05312,40.60368],[-74.05356,40.5995],[-74.06095,40.59305],[-74.07603,40.5783],[-74.09118,40.5667],[-74.09269,40.56806],[-74.08877,40.57238],[-74.0858,40.57414],[-74.09183,40.57773],[-74.0908,40.57875],[-74.09704,40.58235],[-74.09772,40.58182],[-74.10198,40.58458],[-74.09924,40.58728],[-74.09793,40.58752]]]}},{"type":"Feature","properties":{"zcta":"11040","d":4666},"geometry":{"type":"Polygon","coordinates":[[[-73.70163,40.75249],[-73.69964,40.75324],[-73.68778,40.75479],[-73.69055,40.76679],[-73.69141,40.76832],[-73.68643,40.77125],[-73.68619,40.76683],[-73.68494,40.76296],[-73.68226,40.76331],[-73.67265,40.76261],[-73.66974,40.76314],[-73.66555,40.76005],[-73.66039,40.76061],[-73.6579,40.75321],[-73.65741,40.74973],[-73.6579,40.74632],[-73.65712,40.74385],[-73.6513,40.73713],[-73.66326,40.73525],[-73.66386,40.73487],[-73.67996,40.73098],[-73.67906,40.7294],[-73.68061,40.72582],[-73.68206,40.72514],[-73.68741,40.72522],[-73.6879,40.72332],[-73.69235,40.72373],[-73.69482,40.73045],[-73.69393,40.73066],[-73.69888,40.73737],[-73.70098,40.7389],[-73.7045,40.75098],[-73.70786,40.74919],[-73.7101,40.75059],[-73.70527,40.75477],[-73.70163,40.75249]]]}},{"type":"Feature","properties":{"zcta":"08830","d":3106},"geometry":{"type":"Polygon","coordinates":[[[-74.32999,40.58588],[-74.32555,40.58486],[-74.32515,40.58007],[-74.31421,40.58051],[-74.31179,40.57933],[-74.31022,40.58034],[-74.30635,40.57739],[-74.30093,40.57416],[-74.2997,40.57532],[-74.29556,40.57405],[-74.29571,40.57298],[-74.29288,40.57173],[-74.29271,40.57153],[-74.29692,40.56675],[-74.29348,40.56527],[-74.29704,40.56232],[-74.3061,40.55773],[-74.30731,40.55759],[-74.31702,40.55269],[-74.31728,40.55257],[-74.32102,40.55916],[-74.32992,40.55672],[-74.33085,40.56578],[-74.33209,40.56628],[-74.33497,40.56838],[-74.33611,40.57303],[-74.33717,40.58578],[-74.32999,40.58588]]]}},{"type":"Feature","properties":{"zcta":"11957","d":71},"geometry":{"type":"MultiPolygon","coordinates":[[[[-72.20868,41.17943],[-72.18914,41.18831],[-72.18561,41.18861],[-72.18207,41.18747],[-72.17297,41.1873],[-72.16422,41.19038],[-72.16183,41.19032],[-72.16154,41.18878],[-72.16735,41.18598],[-72.17865,41.18407],[-72.18413,41.18501],[-72.18681,41.1831],[-72.19732,41.16547],[-72.20006,41.16563],[-72.2044,41.17179],[-72.212,41.17354],[-72.21139,41.17656],[-72.20868,41.17943]]],[[[-72.31669,41.14321],[-72.31277,41.148],[-72.30752,41.14701],[-72.29895,41.1528],[-72.29111,41.15587],[-72.27879,41.15872],[-72.273,41.15501],[-72.26695,41.15408],[-72.25268,41.15963],[-72.247,41.16094],[-72.23967,41.15946],[-72.23549,41.16038],[-72.23393,41.15891],[-72.24258,41.1533],[-72.25182,41.14196],[-72.25474,41.13399],[-72.2608,41.12979],[-72.26512,41.12848],[-72.26935,41.12815],[-72.27874,41.12222],[-72.28931,41.11779],[-72.29411,41.11412],[-72.29637,41.11556],[-72.29315,41.11786],[-72.28447,41.12627],[-72.28521,41.1273],[-72.30004,41.13206],[-72.3088,41.13979],[-72.31284,41.14033],[-72.31726,41.13912],[-72.31923,41.1409],[-72.31669,41.14321]]]]}},{"type":"Feature","properties":{"zcta":"07106","d":10542},"geometry":{"type":"Polygon","coordinates":[[[-74.24837,40.73965],[-74.24391,40.74174],[-74.24043,40.74085],[-74.23846,40.74472],[-74.23703,40.74555],[-74.23467,40.75056],[-74.23344,40.75135],[-74.22637,40.75116],[-74.22892,40.74645],[-74.22172,40.74508],[-74.22032,40.7484],[-74.2187,40.74886],[-74.20731,40.74928],[-74.21127,40.74266],[-74.2172,40.74119],[-74.22183,40.73874],[-74.22662,40.73795],[-74.23171,40.7349],[-74.23577,40.73511],[-74.23848,40.73287],[-74.24345,40.73075],[-74.24437,40.73331],[-74.24964,40.7348],[-74.25136,40.73753],[-74.24837,40.73965]]]}},{"type":"Feature","properties":{"zcta":"10010","d":43691},"geometry":{"type":"Polygon","coordinates":[[[-73.99142,40.7448],[-73.98775,40.74407],[-73.98498,40.74209],[-73.97439,40.73769],[-73.97223,40.74325],[-73.97157,40.74299],[-73.97294,40.7358],[-73.97443,40.73532],[-73.97365,40.73231],[-73.97986,40.73498],[-73.99094,40.73967],[-73.99403,40.74122],[-73.99206,40.74392],[-73.99142,40.7448]]]}},{"type":"Feature","properties":{"zcta":"10962","d":454},"geometry":{"type":"MultiPolygon","coordinates":[[[[-73.98826,41.06493],[-73.98169,41.06802],[-73.98051,41.0694],[-73.98304,41.07587],[-73.97767,41.07854],[-73.96704,41.07832],[-73.96968,41.07459],[-73.97264,41.07258],[-73.97198,41.07179],[-73.97554,41.07023],[-73.97826,41.06614],[-73.98533,41.06447],[-73.98647,41.0617],[-73.98548,41.0604],[-73.98724,41.05787],[-73.99249,41.05878],[-73.99443,41.06137],[-73.99365,41.06335],[-73.99573,41.06413],[-73.99505,41.06603],[-73.98826,41.06493]]],[[[-73.96499,41.05463],[-73.95816,41.05489],[-73.95788,41.05116],[-73.9523,41.05095],[-73.95237,41.05194],[-73.94938,41.05121],[-73.95062,41.06359],[-73.94915,41.06373],[-73.94822,41.0585],[-73.94381,41.05885],[-73.93981,41.06109],[-73.93778,41.06425],[-73.93314,41.06529],[-73.93234,41.06704],[-73.9273,41.07044],[-73.92665,41.06998],[-73.92591,41.06125],[-73.92505,41.05904],[-73.92936,41.0589],[-73.93207,41.05719],[-73.93074,41.04714],[-73.92658,41.04453],[-73.92387,41.04091],[-73.92358,41.03877],[-73.92574,41.03818],[-73.92534,41.03594],[-73.92767,41.03517],[-73.92785,41.03376],[-73.92918,41.0407],[-73.9339,41.04343],[-73.93879,41.04435],[-73.94033,41.04167],[-73.9373,41.03785],[-73.9373,41.0348],[-73.93825,41.03331],[-73.94293,41.0316],[-73.94414,41.02982],[-73.94592,41.03569],[-73.95089,41.03838],[-73.95137,41.03771],[-73.9647,41.0379],[-73.96429,41.03575],[-73.96707,41.03549],[-73.96644,41.03213],[-73.96706,41.02621],[-73.99982,41.04081],[-73.99658,41.04221],[-73.99414,41.04571],[-73.98549,41.04346],[-73.98692,41.04493],[-73.98594,41.04898],[-73.98202,41.04999],[-73.97991,41.05169],[-73.9815,41.05219],[-73.98199,41.05451],[-73.96499,41.05463]]]]}},{"type":"Feature","properties":{"zcta":"07740","d":2651},"geometry":{"type":"Polygon","coordinates":[[[-73.98915,40.32708],[-73.98616,40.32711],[-73.98438,40.32447],[-73.98254,40.3235],[-73.97823,40.32377],[-73.97735,40.32218],[-73.97511,40.32217],[-73.97744,40.29937],[-73.98168,40.27941],[-73.98706,40.26008],[-73.99188,40.26233],[-73.99572,40.26237],[-74.00017,40.26336],[-74.00219,40.2706],[-74.00912,40.26921],[-74.00981,40.27539],[-74.00505,40.27655],[-74.00289,40.27641],[-74.00336,40.28175],[-74.00164,40.28166],[-74.00262,40.28736],[-74.00156,40.29297],[-74.00352,40.29204],[-74.00745,40.2959],[-74.00873,40.30153],[-74.0125,40.30489],[-74.01058,40.30534],[-74.00784,40.30768],[-74.00809,40.31027],[-73.99935,40.31508],[-73.99728,40.31691],[-73.99601,40.32239],[-73.99751,40.32634],[-73.99723,40.32978],[-73.98915,40.32708]]]}},{"type":"Feature","properties":{"zcta":"07405","d":476},"geometry":{"type":"Polygon","coordinates":[[[-74.43017,41.02017],[-74.42815,41.02067],[-74.42588,41.02297],[-74.42359,41.02768],[-74.41906,41.02874],[-74.41517,41.02797],[-74.40685,41.02429],[-74.40408,41.02225],[-74.40261,41.01924],[-74.40001,41.01748],[-74.39153,41.016],[-74.38906,41.01218],[-74.38629,41.01169],[-74.38192,41.01406],[-74.37638,41.01362],[-74.37127,41.01132],[-74.36785,41.01194],[-74.36426,41.01094],[-74.36283,41.01313],[-74.36213,41.01383],[-74.3554,41.0139],[-74.35123,41.01063],[-74.35128,41.00691],[-74.35244,41.0057],[-74.34938,41.00405],[-74.3457,41.00492],[-74.34217,41.00689],[-74.34062,41.00579],[-74.33762,41.0074],[-74.33507,41.00656],[-74.33475,41.00367],[-74.33107,41.0028],[-74.32846,41.00126],[-74.33023,40.9988],[-74.33011,40.99418],[-74.32802,40.99248],[-74.33198,40.99065],[-74.3314,40.98826],[-74.3301,40.95732],[-74.3307,40.95727],[-74.33232,40.95873],[-74.33624,40.96006],[-74.34074,40.9533],[-74.33885,40.95176],[-74.33763,40.94833],[-74.34122,40.9464],[-74.34442,40.94816],[-74.3633,40.95744],[-74.36794,40.95822],[-74.40076,40.95957],[-74.4095,40.95861],[-74.43117,40.95937],[-74.43087,40.97772],[-74.43075,40.98461],[-74.4321,40.98401],[-74.43202,40.99254],[-74.4306,40.99334],[-74.43018,41.01813],[-74.43017,41.02017]]]}},{"type":"Feature","properties":{"zcta":"07006","d":1385},"geometry":{"type":"Polygon","coordinates":[[[-74.29319,40.8698],[-74.28402,40.86596],[-74.28422,40.86564],[-74.2772,40.86147],[-74.2701,40.85984],[-74.27356,40.87148],[-74.27233,40.87331],[-74.26804,40.87603],[-74.26626,40.876],[-74.25483,40.88307],[-74.25308,40.88156],[-74.24678,40.88099],[-74.24992,40.87725],[-74.24148,40.87457],[-74.24295,40.86362],[-74.24431,40.86064],[-74.24864,40.85652],[-74.24839,40.85479],[-74.24992,40.85353],[-74.2516,40.84962],[-74.25439,40.84418],[-74.25686,40.84049],[-74.25778,40.83713],[-74.2598,40.83488],[-74.26512,40.83531],[-74.26719,40.83236],[-74.26623,40.83126],[-74.26893,40.82974],[-74.27489,40.83248],[-74.27687,40.83116],[-74.28253,40.83518],[-74.28515,40.83357],[-74.28786,40.83441],[-74.29089,40.83363],[-74.29895,40.83308],[-74.29873,40.83136],[-74.29836,40.82958],[-74.30156,40.82683],[-74.3057,40.82992],[-74.31213,40.83309],[-74.31288,40.83238],[-74.31554,40.83373],[-74.32916,40.83856],[-74.32928,40.84175],[-74.3275,40.8413],[-74.32552,40.84362],[-74.32814,40.84414],[-74.329,40.84573],[-74.29319,40.8698]]]}},{"type":"Feature","properties":{"zcta":"07621","d":5036},"geometry":{"type":"MultiPolygon","coordinates":[[[[-74.00532,40.93841],[-74.00338,40.9384],[-74.00514,40.93717],[-74.00532,40.93841]]],[[[-74.01437,40.92082],[-74.01358,40.92146],[-74.01185,40.93124],[-74.01298,40.93252],[-74.01085,40.93635],[-74.00622,40.93633],[-74.00349,40.93709],[-74.00359,40.93594],[-73.9797,40.93701],[-73.97997,40.93418],[-73.98105,40.93412],[-73.98247,40.9277],[-73.98205,40.9195],[-73.9844,40.91205],[-73.98861,40.9117],[-73.99273,40.911],[-74.00038,40.91262],[-74.00511,40.9085],[-74.01038,40.90961],[-74.01748,40.91213],[-74.01641,40.9146],[-74.01437,40.92082]]]]}},{"type":"Feature","properties":{"zcta":"08822","d":261},"geometry":{"type":"MultiPolygon","coordinates":[[[[-74.79442,40.51853],[-74.7931,40.52089],[-74.79552,40.52189],[-74.79327,40.52262],[-74.79526,40.52495],[-74.79382,40.52488],[-74.78476,40.52712],[-74.77329,40.52774],[-74.77142,40.52884],[-74.7684,40.52766],[-74.77217,40.52136],[-74.77281,40.52535],[-74.78188,40.52478],[-74.78416,40.52267],[-74.79146,40.51897],[-74.79187,40.51793],[-74.79442,40.51853]]],[[[-74.9452,40.51368],[-74.9422,40.5146],[-74.94194,40.51572],[-74.93645,40.51939],[-74.93222,40.51386],[-74.92957,40.5172],[-74.92765,40.51826],[-74.92454,40.52326],[-74.92008,40.52357],[-74.92104,40.53052],[-74.92838,40.53022],[-74.92719,40.53306],[-74.92668,40.54139],[-74.93439,40.54544],[-74.93848,40.54553],[-74.93869,40.54681],[-74.94614,40.54614],[-74.94652,40.54836],[-74.94859,40.54819],[-74.95015,40.5578],[-74.95113,40.56634],[-74.94689,40.56493],[-74.94563,40.56687],[-74.94157,40.56556],[-74.93604,40.56485],[-74.93534,40.56773],[-74.93578,40.5721],[-74.9302,40.57493],[-74.92687,40.57248],[-74.92715,40.57004],[-74.92622,40.56292],[-74.92532,40.56233],[-74.90939,40.57093],[-74.91072,40.57428],[-74.91366,40.57691],[-74.91392,40.57994],[-74.91339,40.58063],[-74.90333,40.57971],[-74.90025,40.58033],[-74.89834,40.5778],[-74.88865,40.57666],[-74.88751,40.5742],[-74.88306,40.57436],[-74.88621,40.57827],[-74.88057,40.5795],[-74.87181,40.58006],[-74.86901,40.57823],[-74.8684,40.5753],[-74.86715,40.57543],[-74.86864,40.57868],[-74.8715,40.58053],[-74.86568,40.58261],[-74.8643,40.58227],[-74.86334,40.57582],[-74.86086,40.57608],[-74.86049,40.57443],[-74.85547,40.57338],[-74.85102,40.57503],[-74.84035,40.57492],[-74.83794,40.57518],[-74.83675,40.57687],[-74.83278,40.5751],[-74.82477,40.5775],[-74.8157,40.5711],[-74.81569,40.56994],[-74.8122,40.57062],[-74.81055,40.56963],[-74.79954,40.5799],[-74.79441,40.57685],[-74.79152,40.57376],[-74.79042,40.57404],[-74.78572,40.5707],[-74.78162,40.57461],[-74.77424,40.57637],[-74.77413,40.57827],[-74.76888,40.57441],[-74.76827,40.57176],[-74.76353,40.57038],[-74.7599,40.56803],[-74.75543,40.56699],[-74.7556,40.56635],[-74.74995,40.5629],[-74.7521,40.5598],[-74.75127,40.55644],[-74.75328,40.55314],[-74.75919,40.55612],[-74.76217,40.55404],[-74.76349,40.54963],[-74.76743,40.54702],[-74.76232,40.54506],[-74.75816,40.54087],[-74.77857,40.53272],[-74.77842,40.53261],[-74.79477,40.52616],[-74.80298,40.52483],[-74.80785,40.52293],[-74.81344,40.51911],[-74.8086,40.51793],[-74.80676,40.51813],[-74.80081,40.51609],[-74.79788,40.51567],[-74.78931,40.49995],[-74.78249,40.48779],[-74.77234,40.46899],[-74.77828,40.46476],[-74.78363,40.46277],[-74.78976,40.4659],[-74.7926,40.46535],[-74.79709,40.46573],[-74.80124,40.46363],[-74.80287,40.46367],[-74.80702,40.46862],[-74.81315,40.4678],[-74.81514,40.46973],[-74.8164,40.47847],[-74.82014,40.48068],[-74.82048,40.48269],[-74.83258,40.47955],[-74.84143,40.47598],[-74.84403,40.47824],[-74.84684,40.47953],[-74.85608,40.47927],[-74.85901,40.47983],[-74.8638,40.47969],[-74.86393,40.48312],[-74.86495,40.48341],[-74.86453,40.48824],[-74.8794,40.48703],[-74.87963,40.48239],[-74.88349,40.48185],[-74.88476,40.48299],[-74.89172,40.48282],[-74.89442,40.48386],[-74.89621,40.48664],[-74.90078,40.48447],[-74.89696,40.48308],[-74.89604,40.48186],[-74.90351,40.48126],[-74.90314,40.47863],[-74.90081,40.47877],[-74.89979,40.47732],[-74.90285,40.47639],[-74.90017,40.47597],[-74.89735,40.4704],[-74.90665,40.46765],[-74.90639,40.46587],[-74.9112,40.46651],[-74.91193,40.47029],[-74.91317,40.46835],[-74.91594,40.46928],[-74.92024,40.46252],[-74.92164,40.46305],[-74.92335,40.46029],[-74.93563,40.45248],[-74.93742,40.45252],[-74.94172,40.47802],[-74.9438,40.47805],[-74.94722,40.47474],[-74.94918,40.47455],[-74.96982,40.48064],[-74.96943,40.47803],[-74.96777,40.47548],[-74.97247,40.47509],[-74.97196,40.47039],[-74.97445,40.46977],[-74.97457,40.47535],[-74.97868,40.47986],[-74.98086,40.47952],[-74.98836,40.47481],[-74.99063,40.47482],[-74.99149,40.48184],[-74.99312,40.49196],[-74.98991,40.49362],[-74.99185,40.49889],[-74.9915,40.50088],[-74.97936,40.50538],[-74.97295,40.50043],[-74.96444,40.50587],[-74.95058,40.50786],[-74.94767,40.51122],[-74.9452,40.51368]]]]}},{"type":"Feature","properties":{"zcta":"11001","d":6498},"geometry":{"type":"Polygon","coordinates":[[[-73.72553,40.72408],[-73.71649,40.72645],[-73.71049,40.72723],[-73.71148,40.7325],[-73.71371,40.73618],[-73.70098,40.7389],[-73.69888,40.73737],[-73.69393,40.73066],[-73.69482,40.73045],[-73.69235,40.72373],[-73.6879,40.72332],[-73.68909,40.71799],[-73.68475,40.71498],[-73.68587,40.71338],[-73.68767,40.71343],[-73.68793,40.71155],[-73.68952,40.71274],[-73.69594,40.71377],[-73.7013,40.71093],[-73.70468,40.71285],[-73.70824,40.71357],[-73.70751,40.71613],[-73.71209,40.71802],[-73.71507,40.71606],[-73.71977,40.71631],[-73.71966,40.71859],[-73.72175,40.71911],[-73.72239,40.72087],[-73.72918,40.71917],[-73.72966,40.72048],[-73.7295,40.7226],[-73.72553,40.72408]]]}},{"type":"Feature","properties":{"zcta":"10306","d":3865},"geometry":{"type":"Polygon","coordinates":[[[-74.11302,40.60014],[-74.11131,40.59706],[-74.11473,40.5966],[-74.11648,40.5946],[-74.12311,40.5851],[-74.11915,40.58151],[-74.11829,40.57819],[-74.11482,40.57918],[-74.1139,40.58087],[-74.10994,40.58264],[-74.10208,40.58874],[-74.09924,40.58728],[-74.10198,40.58458],[-74.09772,40.58182],[-74.09704,40.58235],[-74.0908,40.57875],[-74.09183,40.57773],[-74.0858,40.57414],[-74.08877,40.57238],[-74.09269,40.56806],[-74.09118,40.5667],[-74.10499,40.55448],[-74.1082,40.55425],[-74.11298,40.54798],[-74.11711,40.55339],[-74.11744,40.55104],[-74.1273,40.5573],[-74.12969,40.55432],[-74.13583,40.55007],[-74.13701,40.54697],[-74.13864,40.54848],[-74.13456,40.55125],[-74.14025,40.55479],[-74.14324,40.55336],[-74.14554,40.55385],[-74.13966,40.55865],[-74.14313,40.56051],[-74.1517,40.56786],[-74.15263,40.57039],[-74.16256,40.56673],[-74.16444,40.56525],[-74.16594,40.567],[-74.16962,40.56624],[-74.16984,40.57088],[-74.15253,40.58062],[-74.14632,40.58607],[-74.14583,40.58856],[-74.13867,40.58902],[-74.13394,40.5863],[-74.13283,40.58379],[-74.1304,40.58276],[-74.12782,40.58944],[-74.12638,40.59073],[-74.12628,40.59346],[-74.12264,40.59942],[-74.11958,40.60182],[-74.11943,40.59836],[-74.11664,40.59906],[-74.11684,40.6019],[-74.11487,40.60214],[-74.11302,40.60014]]]}},{"type":"Feature","properties":{"zcta":"07733","d":460},"geometry":{"type":"Polygon","coordinates":[[[-74.202,40.40658],[-74.1966,40.41014],[-74.19249,40.41109],[-74.18578,40.4117],[-74.17845,40.4138],[-74.17424,40.41322],[-74.17343,40.41563],[-74.16793,40.41674],[-74.14681,40.4228],[-74.14379,40.42212],[-74.14362,40.42374],[-74.13603,40.42605],[-74.13584,40.42678],[-74.13316,40.42686],[-74.13394,40.42319],[-74.13611,40.41719],[-74.1368,40.41106],[-74.14291,40.40492],[-74.14527,40.39161],[-74.14613,40.39079],[-74.14452,40.38017],[-74.14345,40.37672],[-74.14738,40.37432],[-74.15041,40.37172],[-74.14894,40.36568],[-74.14703,40.35373],[-74.15094,40.35255],[-74.15054,40.3499],[-74.14635,40.34976],[-74.14659,40.34655],[-74.14794,40.34349],[-74.14883,40.33914],[-74.14908,40.32466],[-74.15504,40.32644],[-74.15949,40.3263],[-74.16529,40.3276],[-74.16848,40.32695],[-74.17348,40.32865],[-74.17449,40.3312],[-74.1734,40.33204],[-74.1761,40.33453],[-74.17988,40.33349],[-74.1868,40.33685],[-74.18716,40.33813],[-74.19259,40.33962],[-74.1933,40.3445],[-74.19747,40.34537],[-74.20057,40.34719],[-74.19982,40.34837],[-74.19833,40.35181],[-74.19953,40.35423],[-74.20187,40.35578],[-74.20393,40.36054],[-74.20683,40.36262],[-74.20583,40.36495],[-74.2065,40.36779],[-74.20839,40.37095],[-74.20594,40.37591],[-74.20336,40.3798],[-74.20881,40.38183],[-74.20777,40.38998],[-74.20856,40.39262],[-74.20787,40.39911],[-74.20905,40.40503],[-74.202,40.40658]]]}},{"type":"Feature","properties":{"zcta":"07514","d":11030},"geometry":{"type":"Polygon","coordinates":[[[-74.14378,40.94055],[-74.14047,40.93601],[-74.14007,40.93217],[-74.14246,40.92936],[-74.14154,40.92574],[-74.13887,40.9232],[-74.13234,40.92243],[-74.12941,40.92021],[-74.13026,40.91812],[-74.14662,40.91828],[-74.15287,40.91801],[-74.15432,40.91671],[-74.15484,40.92078],[-74.15645,40.92541],[-74.15535,40.9247],[-74.15129,40.92478],[-74.14696,40.93877],[-74.14596,40.94041],[-74.14807,40.94164],[-74.14378,40.94055]]]}},{"type":"Feature","properties":{"zcta":"07430","d":499},"geometry":{"type":"Polygon","coordinates":[[[-74.19536,41.12683],[-74.18236,41.12138],[-74.15833,41.1109],[-74.11238,41.09075],[-74.10398,41.08705],[-74.10704,41.07864],[-74.1128,41.07998],[-74.1148,41.07258],[-74.11573,41.07274],[-74.12447,41.07401],[-74.12426,41.07486],[-74.13219,41.07762],[-74.13605,41.07816],[-74.15641,41.07627],[-74.15874,41.07371],[-74.16106,41.06645],[-74.1692,41.06508],[-74.16925,41.0636],[-74.17126,41.06426],[-74.17162,41.05685],[-74.17268,41.05469],[-74.17616,41.05181],[-74.17602,41.05053],[-74.1723,41.04721],[-74.16728,41.04608],[-74.16524,41.04349],[-74.15022,41.0404],[-74.14966,41.03994],[-74.15069,41.03525],[-74.15257,41.03147],[-74.15164,41.02857],[-74.14987,41.02738],[-74.15309,41.0257],[-74.15544,41.02591],[-74.15842,41.02513],[-74.16324,41.02218],[-74.16758,41.02378],[-74.1693,41.02401],[-74.16986,41.02813],[-74.17481,41.03122],[-74.1761,41.03063],[-74.18268,41.03587],[-74.19215,41.04066],[-74.20051,41.04525],[-74.21848,41.05071],[-74.23136,41.05653],[-74.24895,41.06362],[-74.21133,41.13352],[-74.19536,41.12683]]]}},{"type":"Feature","properties":{"zcta":"10549","d":432},"geometry":{"type":"MultiPolygon","coordinates":[[[[-73.66972,41.17296],[-73.66641,41.17177],[-73.6659,41.16947],[-73.66687,41.16807],[-73.66968,41.16777],[-73.66972,41.17296]]],[[[-73.77062,41.22215],[-73.76625,41.2276],[-73.76612,41.22927],[-73.76328,41.23344],[-73.76048,41.23394],[-73.75743,41.23834],[-73.75365,41.24014],[-73.75181,41.242],[-73.74042,41.24476],[-73.73395,41.2483],[-73.7273,41.25053],[-73.72911,41.25303],[-73.72453,41.25463],[-73.72058,41.25272],[-73.71906,41.2507],[-73.7278,41.24636],[-73.72999,41.2428],[-73.72866,41.23967],[-73.72554,41.2399],[-73.72182,41.23815],[-73.72083,41.22908],[-73.71861,41.22867],[-73.7169,41.22998],[-73.71727,41.22766],[-73.72105,41.22456],[-73.72361,41.22146],[-73.72014,41.22221],[-73.71394,41.21993],[-73.71154,41.22047],[-73.70554,41.21892],[-73.70636,41.21213],[-73.70386,41.21173],[-73.70316,41.21346],[-73.69864,41.21272],[-73.69646,41.21324],[-73.69607,41.2159],[-73.69182,41.21567],[-73.68854,41.21423],[-73.68626,41.21421],[-73.68539,41.20829],[-73.68284,41.20843],[-73.68198,41.20655],[-73.67293,41.20434],[-73.6686,41.20385],[-73.6704,41.20158],[-73.66782,41.20164],[-73.66617,41.19769],[-73.66364,41.19712],[-73.66748,41.18785],[-73.66369,41.18629],[-73.66637,41.17978],[-73.66657,41.1766],[-73.66269,41.17626],[-73.68655,41.17015],[-73.70351,41.16565],[-73.70911,41.1627],[-73.72919,41.14968],[-73.72955,41.15241],[-73.73139,41.15273],[-73.73256,41.15726],[-73.73463,41.16235],[-73.73523,41.17231],[-73.73865,41.17261],[-73.74084,41.17803],[-73.74089,41.18285],[-73.74529,41.18188],[-73.74603,41.18752],[-73.75066,41.18811],[-73.75464,41.18417],[-73.75749,41.18026],[-73.75931,41.18069],[-73.75705,41.1838],[-73.75485,41.18883],[-73.75732,41.19704],[-73.75677,41.19932],[-73.75358,41.20279],[-73.75409,41.20572],[-73.75954,41.20483],[-73.76237,41.20559],[-73.76783,41.20505],[-73.7693,41.20609],[-73.76937,41.21037],[-73.77277,41.21839],[-73.77062,41.22215]]]]}},{"type":"Feature","properties":{"zcta":"10527","d":183},"geometry":{"type":"Polygon","coordinates":[[[-73.76806,41.30526],[-73.77362,41.30452],[-73.77891,41.33408],[-73.77266,41.3345],[-73.77279,41.33731],[-73.76852,41.33802],[-73.76634,41.33324],[-73.76221,41.33241],[-73.76261,41.33143],[-73.75834,41.32601],[-73.75806,41.32372],[-73.75394,41.32313],[-73.7528,41.32208],[-73.75197,41.31815],[-73.74834,41.31753],[-73.74868,41.31512],[-73.74751,41.31348],[-73.75197,41.31289],[-73.75158,41.31046],[-73.74708,41.31016],[-73.74668,41.30543],[-73.75078,41.30559],[-73.75289,41.30496],[-73.75318,41.3088],[-73.75902,41.30908],[-73.75937,41.30988],[-73.76651,41.30629],[-73.76806,41.30526]]]}},{"type":"Feature","properties":{"zcta":"11436","d":12749},"geometry":{"type":"Polygon","coordinates":[[[-73.79113,40.67777],[-73.78943,40.67452],[-73.79047,40.67339],[-73.78808,40.67301],[-73.78941,40.66684],[-73.80166,40.66676],[-73.80122,40.66911],[-73.80179,40.67439],[-73.80589,40.6829],[-73.79391,40.6863],[-73.79113,40.67777]]]}},{"type":"Feature","properties":{"zcta":"11727","d":1714},"geometry":{"type":"Polygon","coordinates":[[[-73.01154,40.89995],[-73.00989,40.90012],[-73.01005,40.90186],[-73.00479,40.90152],[-73.00679,40.9141],[-72.98637,40.90765],[-72.98652,40.90659],[-72.98003,40.90373],[-72.97887,40.90528],[-72.9752,40.9048],[-72.97598,40.90379],[-72.97718,40.89853],[-72.98278,40.89757],[-72.98307,40.8956],[-72.98615,40.89575],[-72.9882,40.89222],[-72.98434,40.88926],[-72.98215,40.88968],[-72.98051,40.8867],[-72.97932,40.88037],[-72.97809,40.88],[-72.97654,40.87059],[-72.97526,40.86895],[-72.97509,40.86241],[-72.97701,40.86188],[-72.978,40.85953],[-72.9802,40.85907],[-72.9797,40.85484],[-72.98415,40.86075],[-72.98906,40.86258],[-72.98889,40.86093],[-72.99374,40.86106],[-72.99378,40.85124],[-72.99594,40.85064],[-72.99579,40.84725],[-72.99719,40.84712],[-73.00115,40.84416],[-73.00604,40.84158],[-73.00786,40.84885],[-73.01332,40.8476],[-73.01369,40.85044],[-73.01708,40.8501],[-73.01663,40.84671],[-73.01835,40.84663],[-73.01858,40.84946],[-73.02037,40.85438],[-73.01554,40.85575],[-73.01613,40.86261],[-73.01307,40.8624],[-73.01299,40.86428],[-73.01988,40.86292],[-73.02064,40.86823],[-73.03196,40.86702],[-73.02776,40.8724],[-73.02386,40.87296],[-73.0247,40.87637],[-73.02828,40.88122],[-73.03168,40.8839],[-73.03515,40.8885],[-73.03542,40.89599],[-73.03157,40.89648],[-73.03232,40.90476],[-73.02737,40.90502],[-73.02669,40.90163],[-73.01867,40.90254],[-73.01329,40.90381],[-73.01154,40.89995]]]}},{"type":"Feature","properties":{"zcta":"11215","d":15191},"geometry":{"type":"Polygon","coordinates":[[[-73.99528,40.67578],[-73.9908,40.67578],[-73.98808,40.68017],[-73.98261,40.67805],[-73.98077,40.67653],[-73.97684,40.67541],[-73.97252,40.67332],[-73.97137,40.67345],[-73.97132,40.67125],[-73.98006,40.66079],[-73.97516,40.65872],[-73.9776,40.65587],[-73.97977,40.65723],[-73.9818,40.65525],[-73.98029,40.6473],[-73.9818,40.64713],[-73.98906,40.64412],[-73.99398,40.6471],[-73.99828,40.64973],[-73.99782,40.65028],[-74.00214,40.65296],[-73.99167,40.66303],[-73.99608,40.66525],[-73.99484,40.6668],[-73.99862,40.67183],[-73.99528,40.67578]]]}},{"type":"Feature","properties":{"zcta":"10543","d":2401},"geometry":{"type":"Polygon","coordinates":[[[-73.74494,40.98262],[-73.74349,40.97568],[-73.74402,40.9713],[-73.74341,40.96881],[-73.73925,40.96792],[-73.7363,40.9693],[-73.73105,40.96757],[-73.73024,40.96411],[-73.71581,40.95917],[-73.7142,40.9485],[-73.71768,40.94775],[-73.71706,40.94565],[-73.71861,40.94552],[-73.71873,40.94241],[-73.72592,40.94231],[-73.72592,40.94084],[-73.722,40.93854],[-73.72375,40.93512],[-73.72148,40.93407],[-73.72174,40.93204],[-73.72721,40.92737],[-73.73165,40.92837],[-73.73253,40.92712],[-73.73151,40.92386],[-73.73435,40.92154],[-73.73553,40.92329],[-73.73422,40.92877],[-73.73066,40.92874],[-73.73201,40.9315],[-73.73405,40.92954],[-73.73798,40.92802],[-73.73392,40.93296],[-73.73647,40.93163],[-73.73687,40.93265],[-73.73895,40.93405],[-73.74274,40.93441],[-73.74592,40.94018],[-73.74803,40.9417],[-73.74722,40.94253],[-73.74935,40.94764],[-73.75168,40.94855],[-73.7494,40.95101],[-73.74807,40.95018],[-73.74672,40.95224],[-73.75014,40.95403],[-73.75461,40.95747],[-73.75747,40.96161],[-73.75883,40.96299],[-73.75211,40.96892],[-73.75523,40.97135],[-73.75393,40.97232],[-73.75849,40.97683],[-73.75234,40.97693],[-73.7497,40.97806],[-73.74525,40.98289],[-73.74494,40.98262]]]}},{"type":"Feature","properties":{"zcta":"10601","d":9984},"geometry":{"type":"Polygon","coordinates":[[[-73.75356,41.03645],[-73.7528,41.03461],[-73.75488,41.03265],[-73.7581,41.03144],[-73.75863,41.02958],[-73.76132,41.02918],[-73.76774,41.02633],[-73.77038,41.02457],[-73.77095,41.02437],[-73.77246,41.03192],[-73.77408,41.03259],[-73.77515,41.03584],[-73.77331,41.03717],[-73.76626,41.03829],[-73.76443,41.03628],[-73.75805,41.03885],[-73.75356,41.03645]]]}},{"type":"Feature","properties":{"zcta":"10805","d":5458},"geometry":{"type":"MultiPolygon","coordinates":[[[[-73.77037,40.8878],[-73.76707,40.88603],[-73.76822,40.88262],[-73.76771,40.88104],[-73.7699,40.88002],[-73.77401,40.88264],[-73.77146,40.88745],[-73.77037,40.8878]]],[[[-73.79616,40.89994],[-73.79119,40.90218],[-73.78835,40.90413],[-73.78506,40.90152],[-73.7825,40.90412],[-73.78393,40.90735],[-73.78268,40.90818],[-73.77924,40.90794],[-73.77756,40.90606],[-73.77605,40.90821],[-73.77803,40.91032],[-73.77524,40.91199],[-73.77246,40.909],[-73.77385,40.90604],[-73.7684,40.90899],[-73.76725,40.90721],[-73.76941,40.90571],[-73.76465,40.90273],[-73.76656,40.89731],[-73.78134,40.88545],[-73.78308,40.88198],[-73.78605,40.88237],[-73.78708,40.88397],[-73.79306,40.88991],[-73.79193,40.89088],[-73.79323,40.89302],[-73.79473,40.89159],[-73.79824,40.89547],[-73.79616,40.89994]]]]}},{"type":"Feature","properties":{"zcta":"10920","d":1097},"geometry":{"type":"Polygon","coordinates":[[[-73.94381,41.17543],[-73.93973,41.1765],[-73.9287,41.16922],[-73.92603,41.16703],[-73.91589,41.1556],[-73.91197,41.15012],[-73.91049,41.14708],[-73.90709,41.14304],[-73.91139,41.14476],[-73.91422,41.14224],[-73.91651,41.14529],[-73.9201,41.14848],[-73.92327,41.14949],[-73.92753,41.14488],[-73.93003,41.13685],[-73.92905,41.13435],[-73.924,41.13056],[-73.92653,41.12976],[-73.92677,41.13158],[-73.92917,41.13185],[-73.93081,41.13381],[-73.9377,41.13426],[-73.94242,41.13537],[-73.94302,41.13399],[-73.94888,41.13427],[-73.94796,41.13711],[-73.94913,41.13858],[-73.96052,41.13792],[-73.95944,41.14202],[-73.95691,41.15527],[-73.95317,41.16944],[-73.95655,41.1686],[-73.96055,41.16613],[-73.95777,41.16928],[-73.95741,41.17191],[-73.95526,41.17336],[-73.95892,41.17743],[-73.95727,41.17956],[-73.94381,41.17543]]]}},{"type":"Feature","properties":{"zcta":"10968","d":2134},"geometry":{"type":"Polygon","coordinates":[[[-73.92767,41.03517],[-73.92534,41.03594],[-73.92574,41.03818],[-73.92358,41.03877],[-73.92387,41.04091],[-73.92062,41.04106],[-73.9226,41.05093],[-73.91895,41.05188],[-73.91831,41.04801],[-73.91674,41.04564],[-73.91679,41.0431],[-73.91532,41.04226],[-73.91044,41.04197],[-73.90443,41.04233],[-73.89846,41.04361],[-73.89636,41.0427],[-73.90432,41.04211],[-73.90789,41.0384],[-73.91383,41.03745],[-73.91575,41.03685],[-73.91719,41.0345],[-73.92244,41.03268],[-73.92545,41.02899],[-73.92849,41.03241],[-73.92785,41.03376],[-73.92767,41.03517]]]}},{"type":"Feature","properties":{"zcta":"08734","d":682},"geometry":{"type":"Polygon","coordinates":[[[-74.21098,39.88264],[-74.20817,39.88389],[-74.20303,39.88267],[-74.20286,39.88375],[-74.19903,39.88199],[-74.19569,39.88357],[-74.18877,39.87717],[-74.18705,39.87858],[-74.18452,39.87576],[-74.18052,39.87506],[-74.18028,39.8728],[-74.17158,39.87022],[-74.16876,39.8678],[-74.16643,39.86739],[-74.16568,39.86916],[-74.16292,39.86843],[-74.16245,39.87052],[-74.16012,39.8695],[-74.15312,39.8704],[-74.14244,39.86934],[-74.13396,39.87051],[-74.12593,39.87266],[-74.12457,39.86901],[-74.12313,39.86207],[-74.12513,39.85802],[-74.12938,39.85336],[-74.13302,39.85271],[-74.1369,39.85024],[-74.13981,39.84423],[-74.14333,39.84556],[-74.1486,39.84646],[-74.14939,39.84593],[-74.15487,39.84776],[-74.16677,39.85016],[-74.17022,39.85245],[-74.17547,39.85321],[-74.18018,39.85525],[-74.18192,39.85257],[-74.18471,39.85293],[-74.18273,39.85597],[-74.19045,39.85758],[-74.19672,39.85663],[-74.20076,39.85896],[-74.19451,39.86234],[-74.19609,39.86411],[-74.19853,39.86476],[-74.20154,39.86419],[-74.20173,39.86695],[-74.20686,39.86613],[-74.21043,39.86757],[-74.20504,39.87336],[-74.20447,39.87715],[-74.21264,39.87924],[-74.21191,39.88451],[-74.21098,39.88264]]]}},{"type":"Feature","properties":{"zcta":"07836","d":394},"geometry":{"type":"Polygon","coordinates":[[[-74.71092,40.8923],[-74.70746,40.89133],[-74.70161,40.89141],[-74.70245,40.89406],[-74.69894,40.89406],[-74.698,40.8904],[-74.69125,40.89012],[-74.69363,40.88991],[-74.69243,40.88861],[-74.6871,40.88872],[-74.68564,40.88661],[-74.68099,40.88691],[-74.6795,40.88579],[-74.68254,40.88146],[-74.67819,40.87745],[-74.67593,40.87214],[-74.67813,40.87152],[-74.67705,40.86985],[-74.67241,40.86964],[-74.66742,40.8675],[-74.66555,40.86937],[-74.66379,40.86747],[-74.66559,40.86535],[-74.6626,40.86463],[-74.68366,40.85271],[-74.68674,40.85518],[-74.68597,40.85658],[-74.69094,40.85455],[-74.68884,40.84993],[-74.68433,40.85237],[-74.68046,40.85017],[-74.68337,40.84781],[-74.68335,40.84656],[-74.68746,40.84559],[-74.68523,40.84017],[-74.68118,40.8262],[-74.65341,40.84112],[-74.65143,40.84009],[-74.6528,40.83698],[-74.65099,40.83585],[-74.6578,40.83433],[-74.65667,40.82968],[-74.6578,40.82724],[-74.65466,40.82402],[-74.65872,40.81869],[-74.66164,40.81767],[-74.65874,40.81624],[-74.67351,40.80942],[-74.6818,40.81905],[-74.68183,40.82071],[-74.68469,40.8202],[-74.6869,40.82312],[-74.69287,40.81992],[-74.71303,40.81269],[-74.71523,40.81749],[-74.71344,40.81854],[-74.71211,40.82268],[-74.7183,40.82219],[-74.72376,40.81846],[-74.73603,40.82574],[-74.73908,40.82561],[-74.74258,40.82713],[-74.74626,40.83739],[-74.7402,40.84138],[-74.73875,40.84406],[-74.74109,40.84894],[-74.74663,40.84698],[-74.75135,40.85186],[-74.74603,40.85164],[-74.73552,40.8608],[-74.72991,40.86096],[-74.72964,40.85829],[-74.72729,40.85832],[-74.72705,40.85701],[-74.71312,40.8631],[-74.71504,40.86317],[-74.715,40.88048],[-74.71004,40.88076],[-74.70874,40.88676],[-74.71201,40.88715],[-74.71165,40.88969],[-74.71453,40.89168],[-74.71092,40.8923]]]}},{"type":"Feature","properties":{"zcta":"08755","d":816},"geometry":{"type":"Polygon","coordinates":[[[-74.24248,40.02197],[-74.24438,40.0224],[-74.24499,40.02546],[-74.24754,40.02649],[-74.24964,40.02892],[-74.25028,40.03151],[-74.25342,40.03347],[-74.25315,40.03977],[-74.25379,40.04362],[-74.25523,40.04453],[-74.25811,40.04911],[-74.25799,40.05058],[-74.26261,40.0526],[-74.26542,40.05557],[-74.2541,40.0596],[-74.18202,40.03252],[-74.18321,40.02914],[-74.18468,40.01858],[-74.18744,40.01283],[-74.19067,40.00944],[-74.19899,40.0045],[-74.20352,40.00079],[-74.20549,39.99833],[-74.21016,39.98966],[-74.2128,39.98166],[-74.21283,39.98022],[-74.20751,39.96734],[-74.20655,39.96397],[-74.20606,39.95881],[-74.20693,39.95218],[-74.21621,39.95375],[-74.24381,39.97167],[-74.25191,39.97867],[-74.27141,39.98772],[-74.26779,39.99067],[-74.23271,39.99875],[-74.23151,40.00153],[-74.23447,40.0082],[-74.2347,40.01083],[-74.23677,40.01373],[-74.23977,40.01555],[-74.24248,40.02197]]]}},{"type":"Feature","properties":{"zcta":"08817","d":2114},"geometry":{"type":"Polygon","coordinates":[[[-74.40458,40.54979],[-74.39956,40.5483],[-74.38186,40.54968],[-74.377,40.5335],[-74.37212,40.53052],[-74.36812,40.52887],[-74.37003,40.52917],[-74.36892,40.5259],[-74.36408,40.52124],[-74.35885,40.51841],[-74.35754,40.5157],[-74.37135,40.50832],[-74.36869,40.49067],[-74.36823,40.48256],[-74.37107,40.48139],[-74.37681,40.4778],[-74.37969,40.47831],[-74.38219,40.47981],[-74.38349,40.48181],[-74.3839,40.48575],[-74.38508,40.48721],[-74.38786,40.48732],[-74.39247,40.48526],[-74.39852,40.49189],[-74.40173,40.49146],[-74.41216,40.49371],[-74.41571,40.49274],[-74.41344,40.50126],[-74.41089,40.5011],[-74.4119,40.5065],[-74.41624,40.50616],[-74.41915,40.5068],[-74.42536,40.50537],[-74.43294,40.51052],[-74.43225,40.51371],[-74.42914,40.51559],[-74.42882,40.51751],[-74.42996,40.51972],[-74.42808,40.52387],[-74.43063,40.52573],[-74.42839,40.52726],[-74.42159,40.52946],[-74.42035,40.528],[-74.41387,40.53005],[-74.4086,40.54382],[-74.40458,40.54979]]]}},{"type":"Feature","properties":{"zcta":"08835","d":2424},"geometry":{"type":"Polygon","coordinates":[[[-74.58731,40.55027],[-74.58642,40.55069],[-74.5848,40.55555],[-74.57769,40.55312],[-74.57245,40.55195],[-74.5689,40.54973],[-74.56783,40.54745],[-74.56838,40.54487],[-74.56648,40.54281],[-74.57135,40.54162],[-74.57613,40.54169],[-74.57858,40.54078],[-74.58047,40.53676],[-74.58222,40.53504],[-74.588,40.53013],[-74.5893,40.52798],[-74.59762,40.52744],[-74.59843,40.52692],[-74.6092,40.5276],[-74.6076,40.53026],[-74.60048,40.53245],[-74.60246,40.53722],[-74.60429,40.53677],[-74.60515,40.54217],[-74.60063,40.54302],[-74.60062,40.55194],[-74.59377,40.55121],[-74.58731,40.55027]]]}},{"type":"Feature","properties":{"zcta":"08527","d":319},"geometry":{"type":"Polygon","coordinates":[[[-74.44563,40.11186],[-74.44305,40.11405],[-74.44044,40.11932],[-74.44456,40.11958],[-74.44075,40.12128],[-74.43786,40.12102],[-74.43193,40.12547],[-74.42358,40.12852],[-74.42378,40.13025],[-74.42665,40.13091],[-74.4322,40.13327],[-74.42828,40.13289],[-74.42926,40.13477],[-74.42769,40.13625],[-74.4272,40.13953],[-74.42912,40.14143],[-74.4377,40.14318],[-74.44017,40.14493],[-74.44191,40.14389],[-74.44433,40.14608],[-74.40671,40.1724],[-74.26145,40.16703],[-74.2585,40.16037],[-74.26005,40.15608],[-74.25853,40.15222],[-74.25981,40.14905],[-74.25735,40.14904],[-74.25355,40.14768],[-74.249,40.1438],[-74.2494,40.14243],[-74.24672,40.13779],[-74.24643,40.13566],[-74.24409,40.13391],[-74.24183,40.13096],[-74.24263,40.12632],[-74.24189,40.12373],[-74.2434,40.1223],[-74.24458,40.11814],[-74.2429,40.11571],[-74.24478,40.11334],[-74.25199,40.11654],[-74.2586,40.12027],[-74.25681,40.09614],[-74.25896,40.09443],[-74.26158,40.09498],[-74.26239,40.0929],[-74.2566,40.09321],[-74.2541,40.0596],[-74.26542,40.05557],[-74.28769,40.04764],[-74.31778,40.03707],[-74.32066,40.03804],[-74.32239,40.04172],[-74.32439,40.04092],[-74.33089,40.04492],[-74.33846,40.04642],[-74.3457,40.04595],[-74.3484,40.04708],[-74.35299,40.04761],[-74.35469,40.04683],[-74.36153,40.04711],[-74.36284,40.04577],[-74.37463,40.04226],[-74.37872,40.04021],[-74.38208,40.03962],[-74.42954,40.03468],[-74.43493,40.03397],[-74.43655,40.03445],[-74.44349,40.04639],[-74.45167,40.07405],[-74.456,40.0883],[-74.45559,40.09055],[-74.44666,40.09229],[-74.44726,40.09581],[-74.44936,40.09766],[-74.45226,40.0981],[-74.4538,40.09974],[-74.44962,40.10321],[-74.4452,40.10792],[-74.44496,40.10952],[-74.44563,40.11186]]]}},{"type":"Feature","properties":{"zcta":"07111","d":9691},"geometry":{"type":"Polygon","coordinates":[[[-74.23848,40.73287],[-74.23577,40.73511],[-74.23171,40.7349],[-74.22662,40.73795],[-74.22183,40.73874],[-74.2172,40.74119],[-74.21127,40.74266],[-74.20958,40.74299],[-74.21146,40.73764],[-74.21339,40.73389],[-74.21508,40.72905],[-74.21785,40.72154],[-74.22347,40.71535],[-74.22685,40.71226],[-74.22671,40.71062],[-74.22855,40.70851],[-74.24439,40.71129],[-74.25602,40.71342],[-74.25281,40.71526],[-74.25021,40.72229],[-74.24781,40.72619],[-74.24345,40.73075],[-74.23848,40.73287]]]}},{"type":"Feature","properties":{"zcta":"07071","d":2561},"geometry":{"type":"Polygon","coordinates":[[[-74.13865,40.80765],[-74.13847,40.81326],[-74.13597,40.8183],[-74.13002,40.81994],[-74.12644,40.82078],[-74.12404,40.82251],[-74.09433,40.80495],[-74.09473,40.80298],[-74.09273,40.80137],[-74.09426,40.79832],[-74.09654,40.79614],[-74.09008,40.79236],[-74.09155,40.78804],[-74.08304,40.78623],[-74.08761,40.78161],[-74.09012,40.77748],[-74.08777,40.76619],[-74.08798,40.76444],[-74.09079,40.76198],[-74.09246,40.76339],[-74.09584,40.76286],[-74.09699,40.76609],[-74.0987,40.76774],[-74.09759,40.77008],[-74.09844,40.77252],[-74.10103,40.77382],[-74.10088,40.77581],[-74.10331,40.77574],[-74.10534,40.77716],[-74.10923,40.77783],[-74.11056,40.77713],[-74.11663,40.78222],[-74.11385,40.78684],[-74.11402,40.78876],[-74.10845,40.79043],[-74.1094,40.79197],[-74.10834,40.79346],[-74.11609,40.79594],[-74.11749,40.79719],[-74.12565,40.79892],[-74.1275,40.79858],[-74.13959,40.80532],[-74.13957,40.80541],[-74.13865,40.80765]]]}},{"type":"Feature","properties":{"zcta":"07462","d":210},"geometry":{"type":"Polygon","coordinates":[[[-74.54501,41.19783],[-74.54083,41.19433],[-74.53907,41.19448],[-74.53435,41.19652],[-74.53113,41.19461],[-74.52633,41.1985],[-74.52278,41.20416],[-74.52039,41.20394],[-74.52199,41.20125],[-74.52151,41.19865],[-74.51826,41.20331],[-74.51599,41.20494],[-74.50788,41.20302],[-74.50432,41.2019],[-74.50241,41.20016],[-74.48921,41.21105],[-74.48685,41.20952],[-74.48327,41.21361],[-74.48136,41.21478],[-74.47847,41.21948],[-74.47442,41.22394],[-74.47421,41.22669],[-74.47516,41.22874],[-74.47337,41.22951],[-74.47391,41.23147],[-74.47206,41.23183],[-74.47274,41.23449],[-74.47071,41.23573],[-74.4715,41.23882],[-74.47102,41.24158],[-74.46864,41.24277],[-74.46891,41.24628],[-74.46724,41.24923],[-74.46534,41.24937],[-74.46507,41.25163],[-74.45758,41.24823],[-74.42013,41.23],[-74.4229,41.2262],[-74.42285,41.22381],[-74.42526,41.22059],[-74.42891,41.21886],[-74.43171,41.21587],[-74.43602,41.21559],[-74.44561,41.21409],[-74.45136,41.21076],[-74.45179,41.20808],[-74.45334,41.20745],[-74.45297,41.205],[-74.46119,41.20353],[-74.46244,41.20122],[-74.47125,41.19546],[-74.46926,41.1939],[-74.46801,41.19577],[-74.46144,41.19258],[-74.46022,41.18793],[-74.47064,41.18739],[-74.47129,41.18573],[-74.47424,41.1849],[-74.47654,41.18027],[-74.47556,41.17859],[-74.47932,41.17704],[-74.4777,41.17424],[-74.47976,41.17282],[-74.47915,41.16964],[-74.47976,41.16641],[-74.47756,41.16622],[-74.47647,41.16444],[-74.47865,41.15826],[-74.48633,41.16105],[-74.49207,41.16666],[-74.49277,41.16281],[-74.49784,41.16449],[-74.49987,41.16345],[-74.50095,41.16528],[-74.50294,41.16457],[-74.50412,41.16216],[-74.51198,41.15772],[-74.51343,41.15859],[-74.51699,41.15579],[-74.51862,41.15645],[-74.52349,41.16388],[-74.53047,41.1781],[-74.52982,41.17969],[-74.53249,41.17856],[-74.53838,41.1702],[-74.54116,41.17187],[-74.54235,41.16824],[-74.54421,41.1675],[-74.5444,41.16535],[-74.54601,41.16364],[-74.56181,41.17953],[-74.55823,41.18087],[-74.55426,41.1867],[-74.5521,41.18795],[-74.54864,41.19258],[-74.5495,41.19512],[-74.54501,41.19783]]]}},{"type":"Feature","properties":{"zcta":"07974","d":1547},"geometry":{"type":"Polygon","coordinates":[[[-74.39138,40.71644],[-74.39332,40.71523],[-74.39127,40.71254],[-74.38808,40.71063],[-74.3867,40.7117],[-74.38858,40.7061],[-74.3843,40.70401],[-74.38386,40.70274],[-74.38663,40.70278],[-74.38563,40.70047],[-74.38949,40.70017],[-74.38809,40.69564],[-74.38672,40.69474],[-74.3862,40.68992],[-74.38528,40.68949],[-74.38174,40.69149],[-74.38147,40.68896],[-74.38594,40.68578],[-74.39966,40.67819],[-74.40251,40.6782],[-74.40215,40.68007],[-74.40448,40.6802],[-74.40547,40.68272],[-74.41059,40.67915],[-74.412,40.68104],[-74.41366,40.68072],[-74.41569,40.68475],[-74.42086,40.68921],[-74.42046,40.69313],[-74.4248,40.69484],[-74.42857,40.69912],[-74.42691,40.70172],[-74.42151,40.70319],[-74.41848,40.70514],[-74.41456,40.70635],[-74.41185,40.71036],[-74.40841,40.71021],[-74.40733,40.71342],[-74.40176,40.71814],[-74.39597,40.71722],[-74.39141,40.71811],[-74.39138,40.71644]]]}},{"type":"Feature","properties":{"zcta":"07849","d":607},"geometry":{"type":"Polygon","coordinates":[[[-74.64064,40.96534],[-74.63899,40.96727],[-74.63214,40.97324],[-74.63543,40.97181],[-74.63092,40.97688],[-74.62919,40.97657],[-74.6146,40.99068],[-74.58438,41.0167],[-74.58255,41.0117],[-74.58677,41.00801],[-74.58682,41.00438],[-74.589,41.00129],[-74.58483,40.99917],[-74.5831,40.99524],[-74.58055,40.99377],[-74.58377,40.98753],[-74.58575,40.98682],[-74.58829,40.98435],[-74.58888,40.98202],[-74.59061,40.98329],[-74.59298,40.98336],[-74.59471,40.98085],[-74.59733,40.98049],[-74.59819,40.97482],[-74.59715,40.97305],[-74.59872,40.96897],[-74.59577,40.96573],[-74.59582,40.96032],[-74.59488,40.95717],[-74.59537,40.95378],[-74.59561,40.9448],[-74.59122,40.93817],[-74.59205,40.93794],[-74.59493,40.94218],[-74.59607,40.94569],[-74.59917,40.94545],[-74.59944,40.93624],[-74.60671,40.93523],[-74.60702,40.93192],[-74.6118,40.93216],[-74.61344,40.93356],[-74.61566,40.93329],[-74.61539,40.93033],[-74.62228,40.93954],[-74.62423,40.94268],[-74.63616,40.94264],[-74.63473,40.94786],[-74.63484,40.9507],[-74.63665,40.95411],[-74.6409,40.9591],[-74.64142,40.96137],[-74.64064,40.96534]]]}},{"type":"Feature","properties":{"zcta":"07801","d":1396},"geometry":{"type":"MultiPolygon","coordinates":[[[[-74.56106,40.9142],[-74.55638,40.91449],[-74.5564,40.91619],[-74.55255,40.91994],[-74.55075,40.91677],[-74.54863,40.91777],[-74.54295,40.91887],[-74.54207,40.91773],[-74.54371,40.91528],[-74.54533,40.91562],[-74.54746,40.91076],[-74.56009,40.91052],[-74.56106,40.9142]]],[[[-74.56882,40.89207],[-74.56922,40.89609],[-74.56837,40.89877],[-74.5679,40.90431],[-74.55544,40.90322],[-74.55609,40.90044],[-74.55298,40.89956],[-74.55212,40.90144],[-74.54632,40.89973],[-74.54567,40.90153],[-74.54755,40.91057],[-74.53859,40.91074],[-74.53846,40.90805],[-74.54322,40.90736],[-74.54008,40.90576],[-74.53471,40.90573],[-74.53249,40.90184],[-74.52661,40.90074],[-74.5247,40.90113],[-74.529,40.89726],[-74.53103,40.89846],[-74.53316,40.89644],[-74.5315,40.89506],[-74.53641,40.89071],[-74.53127,40.88752],[-74.53254,40.88599],[-74.52988,40.88653],[-74.5226,40.88347],[-74.5227,40.88212],[-74.52507,40.88034],[-74.53128,40.87955],[-74.5354,40.88199],[-74.54016,40.88378],[-74.54184,40.88041],[-74.54498,40.87842],[-74.54265,40.8767],[-74.53889,40.87977],[-74.53945,40.88101],[-74.53635,40.87988],[-74.53662,40.87882],[-74.54651,40.87155],[-74.5497,40.87542],[-74.55178,40.8741],[-74.56416,40.87266],[-74.57907,40.8776],[-74.57782,40.88602],[-74.56882,40.89207]]],[[[-74.53223,40.97982],[-74.52042,40.98982],[-74.51838,40.98893],[-74.51594,40.98939],[-74.5094,40.9864],[-74.50707,40.98863],[-74.49773,40.99565],[-74.4947,40.9914],[-74.49664,40.99099],[-74.49767,40.98886],[-74.50484,40.98593],[-74.5051,40.98453],[-74.50156,40.98224],[-74.50336,40.97783],[-74.50578,40.97399],[-74.50514,40.97299],[-74.50683,40.97098],[-74.51096,40.96844],[-74.5089,40.9663],[-74.51081,40.96275],[-74.51214,40.95781],[-74.51713,40.95443],[-74.51597,40.95139],[-74.52459,40.95273],[-74.5286,40.94654],[-74.53282,40.94748],[-74.54139,40.93807],[-74.54018,40.93769],[-74.54965,40.93172],[-74.55198,40.9337],[-74.55159,40.92828],[-74.56144,40.9221],[-74.56366,40.9238],[-74.57775,40.91441],[-74.57927,40.91412],[-74.58572,40.91897],[-74.59085,40.927],[-74.58327,40.93479],[-74.54539,40.96822],[-74.53223,40.97982]]]]}},{"type":"Feature","properties":{"zcta":"10304","d":5512},"geometry":{"type":"Polygon","coordinates":[[[-74.10944,40.60126],[-74.1036,40.60201],[-74.09988,40.60449],[-74.09691,40.60439],[-74.0975,40.60588],[-74.09626,40.60887],[-74.09935,40.61242],[-74.09715,40.61529],[-74.09132,40.61166],[-74.0907,40.61382],[-74.09247,40.61492],[-74.09253,40.61814],[-74.08815,40.61701],[-74.08669,40.62181],[-74.0878,40.6249],[-74.08501,40.62589],[-74.08821,40.62743],[-74.08636,40.63003],[-74.08808,40.63108],[-74.08382,40.63518],[-74.08026,40.63235],[-74.07713,40.63324],[-74.07596,40.63197],[-74.07517,40.63417],[-74.07585,40.63594],[-74.07353,40.63661],[-74.0733,40.63081],[-74.07251,40.62709],[-74.07524,40.62601],[-74.07159,40.62166],[-74.07131,40.61964],[-74.07455,40.61694],[-74.0807,40.60739],[-74.08548,40.60113],[-74.08715,40.59597],[-74.09793,40.58752],[-74.09924,40.58728],[-74.10208,40.58874],[-74.10994,40.58264],[-74.1139,40.58087],[-74.11482,40.57918],[-74.11829,40.57819],[-74.11915,40.58151],[-74.12311,40.5851],[-74.11648,40.5946],[-74.11473,40.5966],[-74.11131,40.59706],[-74.11302,40.60014],[-74.10944,40.60126]]]}},{"type":"Feature","properties":{"zcta":"10314","d":3097},"geometry":{"type":"Polygon","coordinates":[[[-74.19231,40.63325],[-74.19527,40.63126],[-74.19284,40.63118],[-74.19204,40.62893],[-74.1898,40.63063],[-74.18845,40.62931],[-74.18642,40.63029],[-74.17884,40.62611],[-74.17739,40.62095],[-74.17906,40.61601],[-74.18101,40.61246],[-74.18356,40.61023],[-74.18016,40.60929],[-74.17889,40.61357],[-74.17616,40.6178],[-74.17423,40.61955],[-74.16848,40.62156],[-74.16534,40.62023],[-74.16407,40.62192],[-74.15154,40.6212],[-74.1495,40.62292],[-74.14877,40.6251],[-74.14614,40.62493],[-74.14823,40.6215],[-74.14509,40.62028],[-74.1469,40.61705],[-74.14234,40.61661],[-74.14168,40.62163],[-74.13756,40.62163],[-74.13639,40.62347],[-74.1318,40.62102],[-74.13055,40.6231],[-74.12204,40.62418],[-74.11967,40.62174],[-74.11793,40.61785],[-74.1147,40.61807],[-74.11415,40.61374],[-74.11276,40.61114],[-74.10543,40.60983],[-74.11032,40.60858],[-74.11119,40.60624],[-74.11487,40.60214],[-74.11684,40.6019],[-74.11664,40.59906],[-74.11943,40.59836],[-74.11958,40.60182],[-74.12264,40.59942],[-74.12628,40.59346],[-74.12638,40.59073],[-74.12782,40.58944],[-74.1304,40.58276],[-74.13283,40.58379],[-74.13394,40.5863],[-74.13867,40.58902],[-74.14583,40.58856],[-74.14632,40.58607],[-74.15253,40.58062],[-74.16984,40.57088],[-74.16962,40.56624],[-74.16983,40.56108],[-74.17762,40.5638],[-74.17957,40.57105],[-74.18429,40.57285],[-74.18939,40.57256],[-74.18956,40.57627],[-74.19053,40.57621],[-74.19081,40.57739],[-74.19502,40.57948],[-74.20356,40.58043],[-74.20514,40.58018],[-74.20371,40.58496],[-74.20405,40.58934],[-74.19682,40.59704],[-74.19541,40.60181],[-74.1961,40.61617],[-74.20099,40.61691],[-74.20181,40.61951],[-74.20058,40.63145],[-74.19619,40.63527],[-74.19231,40.63325]],[[-74.18246,40.60421],[-74.18041,40.60293],[-74.17696,40.60599],[-74.17917,40.60787],[-74.18246,40.60421]]]}},{"type":"Feature","properties":{"zcta":"10457","d":31643},"geometry":{"type":"Polygon","coordinates":[[[-73.90749,40.8478],[-73.89995,40.85742],[-73.89558,40.85625],[-73.88737,40.85222],[-73.88803,40.851],[-73.88382,40.8515],[-73.8848,40.84931],[-73.89217,40.84105],[-73.88869,40.83916],[-73.8906,40.8369],[-73.89395,40.83643],[-73.89697,40.83434],[-73.90121,40.8355],[-73.90057,40.83659],[-73.90598,40.83851],[-73.905,40.84254],[-73.90959,40.84275],[-73.90891,40.83838],[-73.91139,40.83787],[-73.91314,40.83981],[-73.91114,40.84506],[-73.90749,40.8478]]]}},{"type":"Feature","properties":{"zcta":"11978","d":171},"geometry":{"type":"Polygon","coordinates":[[[-72.65783,40.80925],[-72.65622,40.81377],[-72.65676,40.81501],[-72.65367,40.81933],[-72.65211,40.8205],[-72.6539,40.82127],[-72.65215,40.82307],[-72.65206,40.82645],[-72.65373,40.82696],[-72.65318,40.82873],[-72.65098,40.83028],[-72.6738,40.82797],[-72.67452,40.8594],[-72.6596,40.8646],[-72.65402,40.86623],[-72.64419,40.86808],[-72.63788,40.86871],[-72.6219,40.86968],[-72.61881,40.87019],[-72.61845,40.8617],[-72.61872,40.85792],[-72.62603,40.85181],[-72.63054,40.85046],[-72.63576,40.85145],[-72.64107,40.85354],[-72.64595,40.85839],[-72.64536,40.84592],[-72.64676,40.83208],[-72.64547,40.83095],[-72.6408,40.8315],[-72.61757,40.83347],[-72.61751,40.83108],[-72.61865,40.82278],[-72.62289,40.81636],[-72.62229,40.80839],[-72.61541,40.80413],[-72.61496,40.80321],[-72.60884,40.8053],[-72.59624,40.80833],[-72.59218,40.81032],[-72.58362,40.81307],[-72.57317,40.81538],[-72.5676,40.81705],[-72.56626,40.8153],[-72.57344,40.81325],[-72.66308,40.78855],[-72.72815,40.77155],[-72.72643,40.77621],[-72.72327,40.77546],[-72.72042,40.77613],[-72.71741,40.77787],[-72.71373,40.77846],[-72.71338,40.78025],[-72.71039,40.77879],[-72.70685,40.77943],[-72.70801,40.78287],[-72.70637,40.78537],[-72.70484,40.78362],[-72.70566,40.7796],[-72.70045,40.78042],[-72.69591,40.7822],[-72.68986,40.78328],[-72.68676,40.78583],[-72.68555,40.78805],[-72.68348,40.78863],[-72.68037,40.78586],[-72.67466,40.78804],[-72.67609,40.78863],[-72.67266,40.79047],[-72.66968,40.79087],[-72.66799,40.78984],[-72.66468,40.79053],[-72.66487,40.79332],[-72.66271,40.79149],[-72.6597,40.79322],[-72.6559,40.7925],[-72.64658,40.79532],[-72.6453,40.79696],[-72.64792,40.79793],[-72.6536,40.7977],[-72.66197,40.8033],[-72.66101,40.80499],[-72.65783,40.80925]]]}},{"type":"Feature","properties":{"zcta":"10460","d":19750},"geometry":{"type":"Polygon","coordinates":[[[-73.89395,40.83643],[-73.8906,40.8369],[-73.88869,40.83916],[-73.89217,40.84105],[-73.8848,40.84931],[-73.88382,40.8515],[-73.88167,40.85335],[-73.88071,40.8568],[-73.87677,40.85541],[-73.87234,40.85625],[-73.87119,40.84998],[-73.87163,40.84349],[-73.87041,40.84541],[-73.86828,40.84497],[-73.86517,40.84247],[-73.86294,40.8343],[-73.86637,40.83503],[-73.86999,40.83591],[-73.87762,40.83657],[-73.87998,40.83468],[-73.88202,40.8354],[-73.88545,40.8305],[-73.89174,40.83266],[-73.89416,40.83498],[-73.89419,40.83329],[-73.89637,40.83351],[-73.89697,40.83434],[-73.89395,40.83643]]]}},{"type":"Feature","properties":{"zcta":"11797","d":937},"geometry":{"type":"Polygon","coordinates":[[[-73.45468,40.83591],[-73.44876,40.805],[-73.44867,40.80442],[-73.45202,40.80393],[-73.45323,40.80237],[-73.45891,40.80163],[-73.46703,40.79904],[-73.47232,40.79868],[-73.48255,40.79502],[-73.48737,40.79509],[-73.49108,40.80613],[-73.49163,40.81178],[-73.49055,40.8141],[-73.48977,40.82054],[-73.47977,40.8226],[-73.48364,40.83693],[-73.48278,40.83787],[-73.4693,40.83928],[-73.46605,40.84083],[-73.46189,40.84107],[-73.45939,40.83981],[-73.45526,40.84087],[-73.45468,40.83591]]]}},{"type":"Feature","properties":{"zcta":"11901","d":269},"geometry":{"type":"Polygon","coordinates":[[[-72.72094,40.97392],[-72.70807,40.97785],[-72.68576,40.98029],[-72.67316,40.97867],[-72.64845,40.9813],[-72.63556,40.98196],[-72.61983,40.9864],[-72.59168,40.99553],[-72.58242,40.9849],[-72.56494,40.9652],[-72.57028,40.96098],[-72.57275,40.95765],[-72.56754,40.9523],[-72.56469,40.94769],[-72.56897,40.94608],[-72.56767,40.94417],[-72.56904,40.94342],[-72.5695,40.94588],[-72.57671,40.94202],[-72.57928,40.94304],[-72.57975,40.94447],[-72.58482,40.94366],[-72.58271,40.94125],[-72.58066,40.93763],[-72.58219,40.93509],[-72.58875,40.93146],[-72.59072,40.92935],[-72.59554,40.93238],[-72.60032,40.93431],[-72.60295,40.93389],[-72.60581,40.93213],[-72.60757,40.93226],[-72.60992,40.93444],[-72.61216,40.93012],[-72.61521,40.92882],[-72.61384,40.92778],[-72.61344,40.91989],[-72.61402,40.91843],[-72.61786,40.91875],[-72.62049,40.91618],[-72.6185,40.91567],[-72.62201,40.91424],[-72.62578,40.91157],[-72.62449,40.91066],[-72.62266,40.91175],[-72.62078,40.90947],[-72.61811,40.91015],[-72.61814,40.9073],[-72.61977,40.90469],[-72.61316,40.90715],[-72.61231,40.90541],[-72.61254,40.90979],[-72.61176,40.91189],[-72.60658,40.91464],[-72.60125,40.91556],[-72.59941,40.91706],[-72.59584,40.91045],[-72.59042,40.91106],[-72.58582,40.9109],[-72.58298,40.91005],[-72.58283,40.90877],[-72.57167,40.90721],[-72.57096,40.90541],[-72.56742,40.90586],[-72.56659,40.90352],[-72.56322,40.89921],[-72.56475,40.89703],[-72.56139,40.89521],[-72.56177,40.89426],[-72.56858,40.89285],[-72.55917,40.88889],[-72.55615,40.88819],[-72.55927,40.88147],[-72.56136,40.87834],[-72.56137,40.8759],[-72.57345,40.87525],[-72.59956,40.87452],[-72.60356,40.87388],[-72.61881,40.87019],[-72.6219,40.86968],[-72.63788,40.86871],[-72.64419,40.86808],[-72.65402,40.86623],[-72.6596,40.8646],[-72.67452,40.8594],[-72.68293,40.85661],[-72.69683,40.85294],[-72.71376,40.84832],[-72.72339,40.84435],[-72.71395,40.87396],[-72.70115,40.91403],[-72.7076,40.91248],[-72.71318,40.91257],[-72.71363,40.9145],[-72.71083,40.91454],[-72.70665,40.91593],[-72.71869,40.91769],[-72.72359,40.9204],[-72.71786,40.92219],[-72.70788,40.92375],[-72.69668,40.92521],[-72.69962,40.92801],[-72.70484,40.9344],[-72.70592,40.93441],[-72.71121,40.94074],[-72.71555,40.94516],[-72.72788,40.95903],[-72.72938,40.96001],[-72.72775,40.96198],[-72.73193,40.96671],[-72.73377,40.97108],[-72.72094,40.97392]],[[-72.61877,40.93914],[-72.62068,40.93841],[-72.63181,40.9321],[-72.62547,40.93095],[-72.62272,40.92985],[-72.6183,40.92979],[-72.61521,40.92882],[-72.61877,40.93914]]]}},{"type":"Feature","properties":{"zcta":"07401","d":1043},"geometry":{"type":"Polygon","coordinates":[[[-74.15309,41.0257],[-74.14987,41.02738],[-74.15164,41.02857],[-74.15257,41.03147],[-74.15069,41.03525],[-74.14966,41.03994],[-74.15022,41.0404],[-74.14847,41.04288],[-74.14261,41.04103],[-74.14092,41.04378],[-74.13937,41.04328],[-74.13805,41.04593],[-74.13452,41.04627],[-74.13232,41.04847],[-74.12825,41.04682],[-74.12733,41.04872],[-74.11461,41.04346],[-74.11494,41.03389],[-74.11563,41.02867],[-74.12002,41.0242],[-74.12075,41.02008],[-74.12614,41.02096],[-74.12646,41.02248],[-74.13178,41.02226],[-74.13144,41.01862],[-74.14777,41.02177],[-74.1547,41.02171],[-74.15544,41.02591],[-74.15309,41.0257]]]}},{"type":"Feature","properties":{"zcta":"11724","d":417},"geometry":{"type":"Polygon","coordinates":[[[-73.46901,40.88855],[-73.46648,40.88659],[-73.46243,40.88686],[-73.46133,40.88345],[-73.45738,40.88318],[-73.45608,40.88612],[-73.44378,40.88502],[-73.44222,40.8841],[-73.44368,40.88145],[-73.44172,40.87991],[-73.44316,40.87589],[-73.44071,40.87585],[-73.43866,40.87325],[-73.44511,40.87049],[-73.44344,40.86671],[-73.43781,40.86214],[-73.43804,40.85811],[-73.43668,40.85485],[-73.43477,40.85357],[-73.43709,40.849],[-73.43503,40.84613],[-73.44706,40.84218],[-73.45178,40.83774],[-73.45468,40.83591],[-73.45526,40.84087],[-73.45769,40.84908],[-73.46407,40.85955],[-73.46226,40.86671],[-73.46521,40.86801],[-73.46511,40.87092],[-73.47082,40.87506],[-73.47297,40.8813],[-73.4731,40.88825],[-73.46901,40.88855]]]}},{"type":"Feature","properties":{"zcta":"11451","d":0},"geometry":{"type":"Polygon","coordinates":[[[-73.79379,40.70403],[-73.79237,40.70212],[-73.79464,40.70124],[-73.79358,40.69976],[-73.79754,40.6982],[-73.79934,40.69929],[-73.79677,40.70051],[-73.79842,40.70274],[-73.79609,40.70329],[-73.79379,40.70403]]]}},{"type":"Feature","properties":{"zcta":"11415","d":16555},"geometry":{"type":"Polygon","coordinates":[[[-73.8257,40.71606],[-73.82395,40.71285],[-73.82066,40.70987],[-73.81831,40.70616],[-73.82226,40.70546],[-73.82154,40.70373],[-73.83322,40.70112],[-73.83371,40.70415],[-73.83524,40.70499],[-73.83513,40.70808],[-73.83405,40.71003],[-73.83598,40.71171],[-73.83098,40.71431],[-73.82625,40.71573],[-73.8257,40.71606]],[[-73.82712,40.71271],[-73.82721,40.71507],[-73.83073,40.71422],[-73.82712,40.71271]]]}},{"type":"Feature","properties":{"zcta":"11729","d":2557},"geometry":{"type":"Polygon","coordinates":[[[-73.34765,40.76984],[-73.34547,40.7725],[-73.34134,40.77107],[-73.33912,40.77519],[-73.33673,40.77472],[-73.31661,40.77922],[-73.31334,40.78027],[-73.29497,40.7843],[-73.2951,40.7711],[-73.2916,40.77189],[-73.29097,40.77018],[-73.292,40.76734],[-73.29506,40.76737],[-73.29505,40.76167],[-73.30386,40.7483],[-73.30476,40.7436],[-73.30648,40.74147],[-73.32427,40.75011],[-73.32758,40.74826],[-73.33691,40.74427],[-73.34493,40.74204],[-73.34519,40.74245],[-73.35023,40.75247],[-73.35143,40.75629],[-73.35023,40.7616],[-73.35205,40.7612],[-73.35295,40.76439],[-73.35434,40.76508],[-73.35213,40.76685],[-73.34765,40.76984]]]}},{"type":"Feature","properties":{"zcta":"10518","d":205},"geometry":{"type":"MultiPolygon","coordinates":[[[[-73.61544,41.29742],[-73.61268,41.29411],[-73.61153,41.29135],[-73.61308,41.29131],[-73.61604,41.29322],[-73.61651,41.30124],[-73.6145,41.30295],[-73.61544,41.29742]]],[[[-73.61226,41.28166],[-73.61038,41.28179],[-73.61001,41.27936],[-73.60368,41.27935],[-73.60081,41.27467],[-73.59831,41.27463],[-73.59544,41.27689],[-73.59213,41.2779],[-73.58882,41.27748],[-73.58845,41.27624],[-73.58328,41.27575],[-73.58018,41.27209],[-73.57484,41.27149],[-73.57394,41.26863],[-73.56996,41.26718],[-73.56889,41.26114],[-73.56587,41.26141],[-73.56509,41.26],[-73.6018,41.25648],[-73.61952,41.25502],[-73.62798,41.27211],[-73.6271,41.27435],[-73.61907,41.27567],[-73.61718,41.28286],[-73.61395,41.28491],[-73.61222,41.28459],[-73.61226,41.28166]]]]}},{"type":"Feature","properties":{"zcta":"11423","d":10537},"geometry":{"type":"MultiPolygon","coordinates":[[[[-73.78116,40.72921],[-73.77757,40.73019],[-73.77523,40.72524],[-73.77804,40.72328],[-73.7808,40.72843],[-73.78116,40.72921]]],[[[-73.77359,40.72474],[-73.76624,40.7264],[-73.7648,40.72468],[-73.76,40.72176],[-73.75764,40.71797],[-73.75371,40.71332],[-73.7529,40.71021],[-73.76409,40.70752],[-73.76725,40.70631],[-73.77563,40.70535],[-73.77678,40.70782],[-73.77873,40.70734],[-73.77968,40.7086],[-73.78178,40.71314],[-73.77357,40.71512],[-73.77584,40.71767],[-73.77738,40.72244],[-73.77359,40.72474]]]]}},{"type":"Feature","properties":{"zcta":"11545","d":532},"geometry":{"type":"Polygon","coordinates":[[[-73.63551,40.84233],[-73.63571,40.84608],[-73.63139,40.84643],[-73.62547,40.8481],[-73.62012,40.85191],[-73.60857,40.85319],[-73.60041,40.85347],[-73.60113,40.85603],[-73.59861,40.85504],[-73.5924,40.85594],[-73.5926,40.85685],[-73.59069,40.85698],[-73.58824,40.84826],[-73.58585,40.84479],[-73.57737,40.84967],[-73.57578,40.84688],[-73.57784,40.84606],[-73.57766,40.84466],[-73.5739,40.8406],[-73.57228,40.84043],[-73.57183,40.83656],[-73.569,40.83755],[-73.56866,40.83537],[-73.56994,40.8353],[-73.56984,40.8307],[-73.56814,40.82916],[-73.56578,40.83079],[-73.55509,40.83193],[-73.5507,40.82354],[-73.55297,40.82197],[-73.5515,40.82021],[-73.54995,40.82175],[-73.54323,40.81991],[-73.53696,40.82041],[-73.53929,40.8118],[-73.53576,40.8093],[-73.53669,40.80661],[-73.53737,40.8014],[-73.54086,40.80286],[-73.54375,40.80162],[-73.54656,40.79828],[-73.54952,40.7998],[-73.55297,40.79751],[-73.56276,40.79614],[-73.5634,40.7966],[-73.5657,40.79886],[-73.5665,40.79789],[-73.57303,40.80297],[-73.57194,40.80606],[-73.57697,40.8053],[-73.58079,40.80739],[-73.58557,40.80651],[-73.58448,40.80915],[-73.5852,40.81502],[-73.58782,40.81642],[-73.59149,40.82383],[-73.60006,40.81996],[-73.59823,40.81608],[-73.59657,40.81609],[-73.60287,40.81404],[-73.60364,40.81545],[-73.60655,40.81356],[-73.61059,40.8128],[-73.61094,40.81486],[-73.6155,40.81298],[-73.61708,40.81672],[-73.61647,40.81992],[-73.6207,40.81829],[-73.62526,40.81852],[-73.62479,40.82238],[-73.62594,40.82241],[-73.62646,40.81808],[-73.62737,40.81716],[-73.62702,40.82011],[-73.62849,40.82026],[-73.62941,40.82418],[-73.63498,40.82324],[-73.63674,40.82198],[-73.6386,40.82554],[-73.63668,40.82623],[-73.637,40.82834],[-73.63927,40.82813],[-73.6403,40.83227],[-73.6368,40.83445],[-73.63165,40.83624],[-73.6325,40.83717],[-73.63551,40.84233]]]}},{"type":"Feature","properties":{"zcta":"11559","d":889},"geometry":{"type":"Polygon","coordinates":[[[-73.74127,40.63726],[-73.74258,40.63565],[-73.73996,40.63514],[-73.73788,40.63272],[-73.7361,40.63015],[-73.73767,40.62948],[-73.73604,40.62547],[-73.73153,40.61832],[-73.72767,40.62106],[-73.72552,40.61717],[-73.72184,40.61896],[-73.7186,40.62163],[-73.71532,40.6181],[-73.71184,40.61881],[-73.70849,40.61869],[-73.70417,40.61464],[-73.70343,40.61398],[-73.69098,40.61021],[-73.69134,40.60708],[-73.68865,40.60463],[-73.68673,40.60138],[-73.68464,40.60051],[-73.68469,40.59233],[-73.68673,40.59108],[-73.69012,40.59078],[-73.70107,40.5907],[-73.70613,40.59096],[-73.71698,40.5915],[-73.72475,40.59246],[-73.73742,40.59346],[-73.73798,40.59454],[-73.73846,40.59587],[-73.73836,40.60266],[-73.74321,40.60721],[-73.74549,40.6118],[-73.74139,40.6142],[-73.73737,40.61492],[-73.73728,40.61836],[-73.73802,40.62342],[-73.74099,40.62302],[-73.74565,40.62875],[-73.74587,40.63145],[-73.74169,40.6309],[-73.74542,40.6336],[-73.74394,40.63754],[-73.74127,40.63726]]]}},{"type":"Feature","properties":{"zcta":"10522","d":2162},"geometry":{"type":"Polygon","coordinates":[[[-73.86786,41.02228],[-73.86112,41.02275],[-73.8504,41.02445],[-73.84833,41.02317],[-73.84527,41.02302],[-73.84613,41.02197],[-73.84813,41.01398],[-73.85209,41.0094],[-73.85352,41.0057],[-73.85831,40.99816],[-73.86359,40.99908],[-73.86539,40.99783],[-73.86547,40.99957],[-73.87352,41.00186],[-73.88352,41.00404],[-73.88088,41.00981],[-73.87926,41.01846],[-73.87792,41.01995],[-73.8774,41.0228],[-73.86786,41.02228]]]}},{"type":"Feature","properties":{"zcta":"11937","d":235},"geometry":{"type":"Polygon","coordinates":[[[-72.26952,41.02304],[-72.26652,41.02564],[-72.26583,41.03657],[-72.26051,41.04207],[-72.24125,41.04477],[-72.22936,41.04436],[-72.21748,41.04061],[-72.20921,41.03446],[-72.20186,41.03228],[-72.19056,41.03258],[-72.18327,41.03562],[-72.17949,41.03844],[-72.17488,41.04615],[-72.1629,41.05319],[-72.16037,41.05383],[-72.15386,41.05186],[-72.14577,41.04524],[-72.1373,41.03968],[-72.13514,41.03128],[-72.13741,41.02391],[-72.12674,41.01563],[-72.12167,41.00789],[-72.12434,41.0053],[-72.13077,41.00072],[-72.13315,40.9985],[-72.13299,40.99563],[-72.13467,40.99419],[-72.13477,40.98905],[-72.14011,40.98695],[-72.14382,40.99016],[-72.14617,40.99122],[-72.15608,40.99342],[-72.16097,40.99259],[-72.16275,40.9905],[-72.16244,40.9871],[-72.15793,40.9841],[-72.15764,40.97954],[-72.15088,40.97238],[-72.152,40.97193],[-72.15115,40.96826],[-72.14496,40.97103],[-72.14216,40.97097],[-72.13971,40.96695],[-72.13429,40.96871],[-72.12674,40.97256],[-72.12306,40.96893],[-72.2293,40.92996],[-72.22986,40.9308],[-72.22908,40.93614],[-72.2302,40.94268],[-72.23118,40.94439],[-72.23115,40.94799],[-72.22915,40.95315],[-72.23125,40.95314],[-72.23765,40.95095],[-72.24093,40.95044],[-72.24411,40.95581],[-72.24317,40.95942],[-72.24772,40.96281],[-72.25548,40.9641],[-72.25531,40.96922],[-72.25912,40.97203],[-72.26092,40.97638],[-72.26103,40.98057],[-72.25872,40.98545],[-72.26192,40.98698],[-72.26597,40.98512],[-72.2691,40.98247],[-72.27039,40.9796],[-72.27307,40.97691],[-72.2748,40.98004],[-72.27735,40.9784],[-72.27883,40.98023],[-72.26903,40.98617],[-72.27383,40.99237],[-72.27262,40.993],[-72.2686,40.99195],[-72.26523,40.9936],[-72.26679,40.99917],[-72.27101,41.00237],[-72.28761,41.01072],[-72.2818,41.01468],[-72.26952,41.02304]]]}},{"type":"Feature","properties":{"zcta":"11704","d":2687},"geometry":{"type":"Polygon","coordinates":[[[-73.37423,40.7413],[-73.37011,40.73679],[-73.36852,40.73891],[-73.35521,40.73899],[-73.35869,40.74261],[-73.34883,40.74305],[-73.34822,40.74194],[-73.34519,40.74245],[-73.34493,40.74204],[-73.34388,40.74089],[-73.34217,40.736],[-73.34022,40.72792],[-73.33415,40.72091],[-73.32832,40.71511],[-73.31436,40.71793],[-73.31434,40.71765],[-73.32355,40.71517],[-73.32816,40.71483],[-73.32817,40.71231],[-73.33115,40.71419],[-73.3355,40.71373],[-73.33468,40.70796],[-73.33662,40.70917],[-73.33854,40.70553],[-73.33733,40.70213],[-73.34074,40.70134],[-73.33697,40.69696],[-73.34283,40.69537],[-73.33898,40.68902],[-73.33713,40.68444],[-73.33784,40.67796],[-73.33947,40.67834],[-73.33592,40.67461],[-73.33327,40.676],[-73.33206,40.6732],[-73.34597,40.668],[-73.34809,40.67525],[-73.34937,40.6773],[-73.35087,40.6826],[-73.35366,40.68854],[-73.35297,40.6889],[-73.35526,40.69217],[-73.34386,40.69526],[-73.34368,40.69569],[-73.35145,40.69793],[-73.3605,40.70136],[-73.36072,40.7043],[-73.36455,40.71001],[-73.37449,40.71319],[-73.38151,40.71457],[-73.38543,40.71467],[-73.39251,40.71565],[-73.39444,40.72123],[-73.39591,40.72441],[-73.39865,40.73392],[-73.37423,40.7413]]]}},{"type":"Feature","properties":{"zcta":"11501","d":5576},"geometry":{"type":"Polygon","coordinates":[[[-73.65374,40.75396],[-73.65336,40.7524],[-73.64925,40.75341],[-73.64783,40.75256],[-73.64129,40.75411],[-73.63897,40.75337],[-73.63427,40.75479],[-73.63175,40.75482],[-73.62534,40.7569],[-73.6266,40.75964],[-73.62379,40.75999],[-73.62127,40.75661],[-73.62438,40.75499],[-73.6218,40.74894],[-73.62334,40.74566],[-73.622,40.74208],[-73.63311,40.74009],[-73.63021,40.73256],[-73.6345,40.7316],[-73.63765,40.73924],[-73.63767,40.73751],[-73.6405,40.73688],[-73.64117,40.73861],[-73.651,40.73685],[-73.6513,40.73713],[-73.65712,40.74385],[-73.6579,40.74632],[-73.65741,40.74973],[-73.6579,40.75321],[-73.65374,40.75396]]]}},{"type":"Feature","properties":{"zcta":"07055","d":9825},"geometry":{"type":"Polygon","coordinates":[[[-74.14338,40.8594],[-74.14036,40.86909],[-74.13534,40.87082],[-74.12947,40.87205],[-74.11808,40.87677],[-74.11556,40.87486],[-74.11381,40.87],[-74.1124,40.86886],[-74.11107,40.86538],[-74.10748,40.86322],[-74.10679,40.8593],[-74.10761,40.85673],[-74.10951,40.85532],[-74.11219,40.85587],[-74.11267,40.85869],[-74.11388,40.8597],[-74.11703,40.85989],[-74.12125,40.8576],[-74.11934,40.85332],[-74.11939,40.85103],[-74.12119,40.84683],[-74.12222,40.84243],[-74.12404,40.83872],[-74.12168,40.83406],[-74.143,40.8449],[-74.14217,40.84575],[-74.14667,40.84892],[-74.14589,40.85174],[-74.14338,40.8594]]]}},{"type":"Feature","properties":{"zcta":"07881","d":0},"geometry":{"type":"Polygon","coordinates":[[[-74.86848,41.1925],[-74.87565,41.18669],[-74.87814,41.18247],[-74.88173,41.17795],[-74.88573,41.17575],[-74.88926,41.17151],[-74.89186,41.16506],[-74.89534,41.16211],[-74.90264,41.1572],[-74.91372,41.14657],[-74.91538,41.14336],[-74.91544,41.14108],[-74.91278,41.1411],[-74.90515,41.14308],[-74.89798,41.14593],[-74.89503,41.14656],[-74.89096,41.14849],[-74.88636,41.14974],[-74.88442,41.15147],[-74.8833,41.15586],[-74.88045,41.15901],[-74.87746,41.15718],[-74.88086,41.15388],[-74.87856,41.14926],[-74.88023,41.14578],[-74.87844,41.14313],[-74.8839,41.13875],[-74.88966,41.13694],[-74.89642,41.13328],[-74.90197,41.12914],[-74.90552,41.12747],[-74.91017,41.1287],[-74.91126,41.12614],[-74.91356,41.12644],[-74.91586,41.12476],[-74.91189,41.12301],[-74.90974,41.11905],[-74.90616,41.11598],[-74.91034,41.11529],[-74.9136,41.11234],[-74.9159,41.11144],[-74.92069,41.10748],[-74.92428,41.1063],[-74.93344,41.10124],[-74.93465,41.09796],[-74.94033,41.09721],[-74.94706,41.0949],[-74.95297,41.0948],[-74.95546,41.09382],[-74.95904,41.0937],[-74.95978,41.09078],[-74.96125,41.08924],[-74.96943,41.09607],[-74.9753,41.09407],[-74.98131,41.08986],[-74.98478,41.08855],[-74.98826,41.08822],[-74.99181,41.08913],[-74.99172,41.09228],[-74.98221,41.10824],[-74.97987,41.11042],[-74.97292,41.11333],[-74.96429,41.11424],[-74.94791,41.12356],[-74.94771,41.12629],[-74.94507,41.12905],[-74.93114,41.13339],[-74.92317,41.13815],[-74.90526,41.15567],[-74.90178,41.16139],[-74.8997,41.16618],[-74.88942,41.1736],[-74.88214,41.18084],[-74.87849,41.1875],[-74.87827,41.19049],[-74.87403,41.19854],[-74.8722,41.20132],[-74.86848,41.1925]]]}},{"type":"Feature","properties":{"zcta":"07920","d":580},"geometry":{"type":"Polygon","coordinates":[[[-74.62378,40.66723],[-74.61991,40.66346],[-74.61765,40.66375],[-74.61256,40.65921],[-74.60904,40.66015],[-74.60844,40.66169],[-74.60311,40.65987],[-74.60115,40.66265],[-74.60221,40.66578],[-74.59856,40.66604],[-74.59853,40.6645],[-74.59669,40.66614],[-74.5898,40.6659],[-74.58948,40.6685],[-74.58768,40.66993],[-74.59142,40.67235],[-74.58969,40.68034],[-74.58831,40.68151],[-74.58991,40.68788],[-74.58686,40.68808],[-74.58424,40.6914],[-74.58791,40.69717],[-74.5903,40.69974],[-74.5677,40.70662],[-74.55608,40.71793],[-74.55447,40.71858],[-74.55525,40.72144],[-74.55303,40.72259],[-74.56377,40.72907],[-74.56301,40.73029],[-74.55655,40.73478],[-74.55805,40.73604],[-74.55164,40.74041],[-74.549,40.74094],[-74.54768,40.73699],[-74.54884,40.73372],[-74.5434,40.73448],[-74.53447,40.73031],[-74.53083,40.72963],[-74.52935,40.72652],[-74.53069,40.72323],[-74.52869,40.72436],[-74.52406,40.73354],[-74.52662,40.73827],[-74.52439,40.74123],[-74.51795,40.74559],[-74.51525,40.74077],[-74.51243,40.74155],[-74.51357,40.74332],[-74.50987,40.74457],[-74.50707,40.74144],[-74.50416,40.73936],[-74.50189,40.74102],[-74.50021,40.73754],[-74.49441,40.73834],[-74.49255,40.73714],[-74.48953,40.73349],[-74.48756,40.73311],[-74.48831,40.72989],[-74.49244,40.72657],[-74.4935,40.72389],[-74.48955,40.72009],[-74.48767,40.71667],[-74.48163,40.71049],[-74.47739,40.70835],[-74.49941,40.70189],[-74.4972,40.69753],[-74.50008,40.69686],[-74.50265,40.70096],[-74.51372,40.69775],[-74.51487,40.69484],[-74.51663,40.69301],[-74.51878,40.69376],[-74.51892,40.69167],[-74.5169,40.69085],[-74.5173,40.68873],[-74.52126,40.68826],[-74.52448,40.68914],[-74.52634,40.68508],[-74.52788,40.68434],[-74.52874,40.68008],[-74.52727,40.67552],[-74.52586,40.67332],[-74.52569,40.67057],[-74.53196,40.667],[-74.53417,40.66769],[-74.53388,40.66541],[-74.52971,40.66482],[-74.52855,40.66248],[-74.52559,40.66061],[-74.52726,40.65909],[-74.52582,40.65583],[-74.52598,40.65389],[-74.52412,40.65445],[-74.52608,40.65225],[-74.5226,40.65157],[-74.52323,40.64916],[-74.53055,40.64796],[-74.5324,40.64961],[-74.5377,40.65013],[-74.53997,40.65182],[-74.54866,40.65145],[-74.5503,40.65021],[-74.55477,40.64975],[-74.5569,40.65046],[-74.56205,40.64817],[-74.56608,40.64847],[-74.56927,40.64998],[-74.56899,40.65277],[-74.56994,40.65499],[-74.57443,40.656],[-74.57704,40.65303],[-74.57493,40.64942],[-74.57557,40.64466],[-74.57432,40.64211],[-74.57286,40.63445],[-74.57308,40.63165],[-74.57162,40.62834],[-74.56898,40.6251],[-74.56538,40.62268],[-74.56259,40.6187],[-74.56376,40.61529],[-74.56322,40.61051],[-74.58484,40.62172],[-74.60917,40.63972],[-74.61177,40.63714],[-74.61646,40.63654],[-74.62014,40.63532],[-74.62397,40.63855],[-74.62442,40.63658],[-74.62632,40.63953],[-74.62802,40.63761],[-74.62947,40.63873],[-74.62847,40.64125],[-74.63193,40.64278],[-74.62967,40.64695],[-74.62711,40.64887],[-74.62399,40.64925],[-74.62498,40.65073],[-74.63131,40.66794],[-74.62378,40.66723]],[[-74.55372,40.66322],[-74.54874,40.66417],[-74.55087,40.67115],[-74.55534,40.67081],[-74.55372,40.66322]]]}},{"type":"Feature","properties":{"zcta":"10013","d":26400},"geometry":{"type":"Polygon","coordinates":[[[-74.00909,40.72599],[-74.00962,40.72756],[-74.00743,40.7266],[-74.00312,40.72688],[-74.00457,40.72417],[-73.99438,40.71952],[-73.9975,40.71407],[-74.00075,40.71451],[-74.00211,40.71516],[-74.00453,40.71628],[-74.00625,40.71708],[-74.00774,40.71518],[-74.01273,40.71711],[-74.01305,40.71909],[-74.01315,40.72126],[-74.01184,40.72233],[-74.01109,40.72611],[-74.00909,40.72599]]]}},{"type":"Feature","properties":{"zcta":"11510","d":4555},"geometry":{"type":"Polygon","coordinates":[[[-73.62039,40.65992],[-73.6186,40.66037],[-73.61759,40.6624],[-73.61856,40.6649],[-73.61833,40.66815],[-73.62167,40.66849],[-73.62047,40.6744],[-73.61988,40.68036],[-73.61501,40.68123],[-73.61449,40.68745],[-73.61141,40.68701],[-73.61116,40.68504],[-73.60747,40.68449],[-73.60726,40.68402],[-73.60144,40.68607],[-73.60195,40.68428],[-73.60048,40.68074],[-73.59871,40.68038],[-73.60062,40.67635],[-73.60167,40.67239],[-73.60318,40.66136],[-73.60279,40.65671],[-73.60378,40.65494],[-73.60214,40.64706],[-73.60074,40.64376],[-73.59926,40.64248],[-73.59804,40.63944],[-73.59785,40.63559],[-73.59399,40.63346],[-73.58636,40.63139],[-73.58567,40.6259],[-73.59006,40.62322],[-73.59385,40.61981],[-73.60177,40.6194],[-73.60517,40.6197],[-73.61067,40.6213],[-73.61367,40.6247],[-73.61667,40.62899],[-73.61592,40.6333],[-73.61795,40.64379],[-73.62238,40.64322],[-73.62362,40.65344],[-73.62218,40.6534],[-73.62276,40.65743],[-73.62039,40.65992]]]}},{"type":"Feature","properties":{"zcta":"07946","d":380},"geometry":{"type":"MultiPolygon","coordinates":[[[[-74.48629,40.68156],[-74.48726,40.68335],[-74.48319,40.68401],[-74.48234,40.68239],[-74.48629,40.68156]]],[[[-74.4762,40.70756],[-74.47595,40.70244],[-74.48697,40.69991],[-74.48683,40.69732],[-74.49214,40.69585],[-74.49663,40.69561],[-74.4973,40.69671],[-74.50031,40.69681],[-74.50436,40.69596],[-74.50179,40.68701],[-74.50573,40.68711],[-74.50361,40.67832],[-74.51184,40.67652],[-74.51087,40.67239],[-74.50596,40.6729],[-74.50547,40.67031],[-74.50251,40.66871],[-74.50222,40.66719],[-74.49999,40.66734],[-74.49969,40.66531],[-74.50379,40.66401],[-74.50384,40.65954],[-74.506,40.65851],[-74.50495,40.65688],[-74.5077,40.65258],[-74.50993,40.65181],[-74.5107,40.65025],[-74.51309,40.64956],[-74.51526,40.65109],[-74.51943,40.64961],[-74.52323,40.64916],[-74.5226,40.65157],[-74.52608,40.65225],[-74.52412,40.65445],[-74.52598,40.65389],[-74.52582,40.65583],[-74.52726,40.65909],[-74.52559,40.66061],[-74.52855,40.66248],[-74.52971,40.66482],[-74.53388,40.66541],[-74.53417,40.66769],[-74.53196,40.667],[-74.52569,40.67057],[-74.52586,40.67332],[-74.52727,40.67552],[-74.52874,40.68008],[-74.52788,40.68434],[-74.52634,40.68508],[-74.52448,40.68914],[-74.52126,40.68826],[-74.5173,40.68873],[-74.5169,40.69085],[-74.51892,40.69167],[-74.51878,40.69376],[-74.51663,40.69301],[-74.51487,40.69484],[-74.51372,40.69775],[-74.50265,40.70096],[-74.50008,40.69686],[-74.4972,40.69753],[-74.49941,40.70189],[-74.47739,40.70835],[-74.4762,40.70756]]]]}},{"type":"Feature","properties":{"zcta":"07976","d":82},"geometry":{"type":"Polygon","coordinates":[[[-74.47079,40.74204],[-74.46818,40.74141],[-74.46286,40.73755],[-74.46282,40.73424],[-74.45842,40.7346],[-74.45941,40.73198],[-74.46161,40.73118],[-74.46205,40.72964],[-74.46619,40.72563],[-74.45938,40.72593],[-74.45777,40.72695],[-74.4566,40.72363],[-74.46054,40.71743],[-74.4596,40.71411],[-74.47739,40.70835],[-74.48163,40.71049],[-74.48767,40.71667],[-74.48955,40.72009],[-74.4935,40.72389],[-74.49244,40.72657],[-74.48831,40.72989],[-74.48756,40.73311],[-74.48953,40.73349],[-74.49255,40.73714],[-74.49441,40.73834],[-74.50021,40.73754],[-74.50189,40.74102],[-74.49712,40.74559],[-74.49457,40.74645],[-74.4937,40.74384],[-74.48856,40.74259],[-74.47689,40.74204],[-74.47079,40.74204]]]}},{"type":"Feature","properties":{"zcta":"10901","d":626},"geometry":{"type":"Polygon","coordinates":[[[-74.11462,41.19204],[-74.11675,41.18941],[-74.12467,41.18478],[-74.12611,41.18202],[-74.13032,41.17983],[-74.13175,41.17529],[-74.12441,41.17348],[-74.11167,41.1692],[-74.10217,41.16727],[-74.09435,41.16683],[-74.09073,41.16917],[-74.08653,41.17357],[-74.08359,41.17412],[-74.08249,41.17671],[-74.07977,41.17851],[-74.07251,41.18461],[-74.06994,41.18285],[-74.06188,41.18347],[-74.06447,41.17424],[-74.06328,41.17374],[-74.06273,41.16968],[-74.0562,41.16965],[-74.05406,41.17029],[-74.05074,41.16741],[-74.05589,41.16733],[-74.05616,41.1634],[-74.05735,41.1624],[-74.06065,41.16265],[-74.06278,41.16171],[-74.06755,41.1615],[-74.07374,41.15884],[-74.08057,41.15864],[-74.08031,41.16139],[-74.08813,41.16257],[-74.0877,41.15905],[-74.08938,41.14987],[-74.08942,41.14478],[-74.08714,41.14341],[-74.08828,41.14059],[-74.08295,41.14044],[-74.08301,41.13359],[-74.08577,41.12953],[-74.08653,41.12368],[-74.09011,41.12252],[-74.09009,41.11837],[-74.09224,41.11858],[-74.09208,41.11606],[-74.09585,41.11841],[-74.09768,41.11309],[-74.09943,41.1122],[-74.09788,41.11126],[-74.09279,41.10399],[-74.09793,41.10393],[-74.10005,41.10229],[-74.09835,41.09941],[-74.10241,41.09871],[-74.10389,41.10092],[-74.10703,41.09959],[-74.11223,41.09835],[-74.11238,41.09075],[-74.15833,41.1109],[-74.15775,41.11357],[-74.15996,41.11528],[-74.16104,41.12067],[-74.1525,41.12358],[-74.14581,41.13246],[-74.14981,41.1331],[-74.15855,41.13364],[-74.16363,41.13453],[-74.16247,41.13561],[-74.16146,41.14255],[-74.16635,41.14453],[-74.17309,41.1417],[-74.18326,41.14403],[-74.18753,41.14747],[-74.18857,41.14983],[-74.18315,41.15137],[-74.17724,41.15528],[-74.1737,41.16174],[-74.17362,41.16625],[-74.17518,41.17012],[-74.17177,41.17275],[-74.16723,41.17491],[-74.16409,41.17748],[-74.16173,41.18059],[-74.15717,41.18424],[-74.15347,41.18611],[-74.14484,41.18874],[-74.13984,41.1911],[-74.1361,41.19372],[-74.11462,41.19204]]]}},{"type":"Feature","properties":{"zcta":"11735","d":1694},"geometry":{"type":"Polygon","coordinates":[[[-73.46293,40.74467],[-73.45144,40.74365],[-73.44971,40.74761],[-73.4498,40.74958],[-73.44673,40.7516],[-73.44487,40.75483],[-73.4451,40.75894],[-73.4433,40.75851],[-73.44022,40.76042],[-73.43862,40.75129],[-73.43437,40.75226],[-73.42788,40.75762],[-73.42611,40.76009],[-73.42229,40.75887],[-73.42228,40.7551],[-73.40288,40.75947],[-73.40078,40.74504],[-73.39865,40.73392],[-73.39591,40.72441],[-73.39444,40.72123],[-73.40369,40.72015],[-73.40655,40.71913],[-73.40537,40.71645],[-73.40858,40.71727],[-73.41158,40.71268],[-73.41486,40.71018],[-73.4193,40.70836],[-73.43024,40.70639],[-73.4333,40.70606],[-73.44307,40.70528],[-73.44287,40.70453],[-73.45074,40.70561],[-73.4506,40.70663],[-73.45359,40.70808],[-73.45135,40.70898],[-73.4503,40.71451],[-73.45214,40.71735],[-73.45781,40.7173],[-73.45944,40.71828],[-73.46128,40.71735],[-73.47101,40.71727],[-73.47087,40.71904],[-73.47387,40.71903],[-73.47532,40.72257],[-73.47415,40.73474],[-73.47004,40.73495],[-73.46859,40.73804],[-73.46293,40.74467]]]}},{"type":"Feature","properties":{"zcta":"07424","d":2366},"geometry":{"type":"Polygon","coordinates":[[[-74.24954,40.88573],[-74.24148,40.89263],[-74.23937,40.89185],[-74.23915,40.88818],[-74.23667,40.88731],[-74.23497,40.88437],[-74.23119,40.8831],[-74.22651,40.88317],[-74.21994,40.8903],[-74.21468,40.8937],[-74.21237,40.89635],[-74.20958,40.89645],[-74.2041,40.89445],[-74.20122,40.89552],[-74.20022,40.90086],[-74.20044,40.90405],[-74.19568,40.90764],[-74.19555,40.90758],[-74.17416,40.90122],[-74.17455,40.89947],[-74.17904,40.8916],[-74.1793,40.88788],[-74.18061,40.88491],[-74.18241,40.88347],[-74.1865,40.87664],[-74.18928,40.8747],[-74.19375,40.86858],[-74.19402,40.86517],[-74.197,40.85946],[-74.20172,40.86037],[-74.20219,40.85945],[-74.2052,40.86104],[-74.21371,40.86557],[-74.21224,40.86718],[-74.21436,40.86782],[-74.21515,40.86639],[-74.24029,40.88044],[-74.24678,40.88099],[-74.25308,40.88156],[-74.25483,40.88307],[-74.24954,40.88573]]]}},{"type":"Feature","properties":{"zcta":"07716","d":913},"geometry":{"type":"Polygon","coordinates":[[[-74.07592,40.39785],[-74.0679,40.39859],[-74.06746,40.39782],[-74.06253,40.39783],[-74.06099,40.39664],[-74.05457,40.39469],[-74.05191,40.39491],[-74.05137,40.39679],[-74.05174,40.40153],[-74.0506,40.40894],[-74.04816,40.41262],[-74.05099,40.41325],[-74.04804,40.41896],[-74.00638,40.41111],[-74.00131,40.41151],[-74.00459,40.40625],[-74.00388,40.40504],[-74.00039,40.40389],[-73.99967,40.40045],[-73.99464,40.39874],[-73.99198,40.40018],[-73.99516,40.40013],[-73.99631,40.40258],[-73.99108,40.40121],[-73.99336,40.39798],[-73.98865,40.39665],[-73.98867,40.39436],[-74.00211,40.39663],[-74.00534,40.39854],[-74.01492,40.39843],[-74.01533,40.39974],[-74.01796,40.39708],[-74.02741,40.39959],[-74.02864,40.3959],[-74.03417,40.39705],[-74.03625,40.39601],[-74.03864,40.39683],[-74.03866,40.39524],[-74.04596,40.38805],[-74.04576,40.38722],[-74.04752,40.38723],[-74.05035,40.38889],[-74.05305,40.39252],[-74.06146,40.38573],[-74.0629,40.38652],[-74.06541,40.38525],[-74.07233,40.38555],[-74.07231,40.38578],[-74.07433,40.38623],[-74.07735,40.39632],[-74.07926,40.39644],[-74.07885,40.39898],[-74.07592,40.39785]],[[-74.06894,40.38623],[-74.06751,40.39101],[-74.07238,40.39105],[-74.07231,40.38578],[-74.06894,40.38623]]]}},{"type":"Feature","properties":{"zcta":"08833","d":138},"geometry":{"type":"Polygon","coordinates":[[[-74.84307,40.6927],[-74.84611,40.69608],[-74.84599,40.69896],[-74.84287,40.70294],[-74.83849,40.70676],[-74.83741,40.70629],[-74.8329,40.70858],[-74.83652,40.71196],[-74.83099,40.71361],[-74.82219,40.71497],[-74.82447,40.71758],[-74.81967,40.71965],[-74.8139,40.72093],[-74.81676,40.71582],[-74.81309,40.7165],[-74.80882,40.71224],[-74.80834,40.7091],[-74.80669,40.7073],[-74.80518,40.70754],[-74.80077,40.71128],[-74.79677,40.71024],[-74.7927,40.70672],[-74.78942,40.70286],[-74.78777,40.7029],[-74.78676,40.70577],[-74.77737,40.70675],[-74.7777,40.70479],[-74.77982,40.70335],[-74.78569,40.70152],[-74.79055,40.69648],[-74.78769,40.69582],[-74.79021,40.69399],[-74.79699,40.69194],[-74.79818,40.68929],[-74.79154,40.69017],[-74.79158,40.68883],[-74.78525,40.6888],[-74.78102,40.68677],[-74.77659,40.68856],[-74.77164,40.68894],[-74.76608,40.68643],[-74.75799,40.68712],[-74.75633,40.68894],[-74.7528,40.68371],[-74.74972,40.67854],[-74.74924,40.6727],[-74.75668,40.67166],[-74.76125,40.66972],[-74.76393,40.67029],[-74.76351,40.66424],[-74.76642,40.66312],[-74.76464,40.66036],[-74.76136,40.65826],[-74.76466,40.65281],[-74.76567,40.64799],[-74.76365,40.64727],[-74.76029,40.64437],[-74.76013,40.6432],[-74.7627,40.63942],[-74.76632,40.64183],[-74.76838,40.6409],[-74.76719,40.63959],[-74.77203,40.63706],[-74.77604,40.63748],[-74.78161,40.6316],[-74.78186,40.6281],[-74.78476,40.62792],[-74.78839,40.62419],[-74.78447,40.62261],[-74.78626,40.62002],[-74.78457,40.61862],[-74.77463,40.61629],[-74.77867,40.61425],[-74.77885,40.61287],[-74.78179,40.61057],[-74.77745,40.60873],[-74.77808,40.60787],[-74.78087,40.60906],[-74.78188,40.6077],[-74.79493,40.61419],[-74.79286,40.61712],[-74.80049,40.62255],[-74.80134,40.61837],[-74.79659,40.61114],[-74.79759,40.60559],[-74.80279,40.60155],[-74.80195,40.60023],[-74.79707,40.60048],[-74.80331,40.59671],[-74.80799,40.59455],[-74.81157,40.59179],[-74.8248,40.58496],[-74.82615,40.58358],[-74.82477,40.5775],[-74.83278,40.5751],[-74.83675,40.57687],[-74.83794,40.57518],[-74.84035,40.57492],[-74.85102,40.57503],[-74.85547,40.57338],[-74.86049,40.57443],[-74.86086,40.57608],[-74.86334,40.57582],[-74.8643,40.58227],[-74.86568,40.58261],[-74.8715,40.58053],[-74.87542,40.58289],[-74.87498,40.58575],[-74.87334,40.58571],[-74.87411,40.59166],[-74.87504,40.5935],[-74.88115,40.59292],[-74.88166,40.59479],[-74.88345,40.59466],[-74.88617,40.59655],[-74.8907,40.60259],[-74.88246,40.60772],[-74.88325,40.61066],[-74.87434,40.61144],[-74.8754,40.61378],[-74.8743,40.61538],[-74.87017,40.61574],[-74.87071,40.61918],[-74.85936,40.62024],[-74.85985,40.63064],[-74.85485,40.62945],[-74.85463,40.6284],[-74.85244,40.63238],[-74.84848,40.63607],[-74.85081,40.63994],[-74.85094,40.64317],[-74.84585,40.6433],[-74.84687,40.64722],[-74.85653,40.6464],[-74.86074,40.6456],[-74.86156,40.6527],[-74.85919,40.65714],[-74.85939,40.65988],[-74.85747,40.66356],[-74.85707,40.66585],[-74.85398,40.66895],[-74.85384,40.67221],[-74.85656,40.67581],[-74.85706,40.67762],[-74.8535,40.67916],[-74.85604,40.68024],[-74.85629,40.68153],[-74.85183,40.68131],[-74.85127,40.68254],[-74.84833,40.68273],[-74.84946,40.68795],[-74.85203,40.68716],[-74.85065,40.6889],[-74.85102,40.6907],[-74.84307,40.6927]]]}},{"type":"Feature","properties":{"zcta":"08816","d":1171},"geometry":{"type":"Polygon","coordinates":[[[-74.45951,40.43836],[-74.45942,40.43503],[-74.4533,40.43196],[-74.44827,40.43681],[-74.44339,40.44261],[-74.4416,40.44297],[-74.43975,40.44529],[-74.43758,40.44318],[-74.43383,40.43673],[-74.43325,40.43453],[-74.43058,40.43518],[-74.42813,40.43852],[-74.42317,40.44072],[-74.42414,40.44812],[-74.42023,40.45476],[-74.42438,40.45204],[-74.42513,40.45851],[-74.4312,40.4593],[-74.43258,40.46001],[-74.43239,40.46231],[-74.42979,40.46501],[-74.42653,40.46653],[-74.41949,40.46751],[-74.41821,40.46993],[-74.41968,40.47321],[-74.41569,40.47631],[-74.41373,40.48139],[-74.41143,40.484],[-74.40674,40.48059],[-74.4017,40.47977],[-74.39788,40.48116],[-74.39247,40.48526],[-74.38786,40.48732],[-74.38508,40.48721],[-74.3839,40.48575],[-74.38349,40.48181],[-74.38219,40.47981],[-74.37969,40.47831],[-74.37681,40.4778],[-74.376,40.47431],[-74.37904,40.47364],[-74.37817,40.47007],[-74.38214,40.46902],[-74.38228,40.46801],[-74.37909,40.4643],[-74.37916,40.46287],[-74.38133,40.46223],[-74.38436,40.46318],[-74.38627,40.46466],[-74.39901,40.46325],[-74.39986,40.46451],[-74.40409,40.46343],[-74.40242,40.46186],[-74.39589,40.45941],[-74.39392,40.45679],[-74.39338,40.45408],[-74.39525,40.44898],[-74.39459,40.44615],[-74.39047,40.44103],[-74.37925,40.42895],[-74.37595,40.43226],[-74.36533,40.43322],[-74.36597,40.42901],[-74.35633,40.42959],[-74.35747,40.42834],[-74.35647,40.42491],[-74.35595,40.42346],[-74.35847,40.42164],[-74.36227,40.42111],[-74.3632,40.41845],[-74.36154,40.4166],[-74.35777,40.41626],[-74.35723,40.41443],[-74.36466,40.41247],[-74.36782,40.41313],[-74.37298,40.4079],[-74.37599,40.40577],[-74.38112,40.40912],[-74.38929,40.40684],[-74.39863,40.40341],[-74.40939,40.40084],[-74.40569,40.39597],[-74.40131,40.3931],[-74.39889,40.39232],[-74.4123,40.38725],[-74.41229,40.38547],[-74.42005,40.38362],[-74.42388,40.38654],[-74.42564,40.38468],[-74.42791,40.38529],[-74.43688,40.3922],[-74.43929,40.38893],[-74.44185,40.38938],[-74.44838,40.39968],[-74.44548,40.40042],[-74.44702,40.40376],[-74.45157,40.40263],[-74.45057,40.40534],[-74.45351,40.40487],[-74.45996,40.4072],[-74.46302,40.40946],[-74.46499,40.40987],[-74.46605,40.41014],[-74.46851,40.41358],[-74.47082,40.41529],[-74.47736,40.41741],[-74.47498,40.42053],[-74.47686,40.4239],[-74.47793,40.42428],[-74.4777,40.42921],[-74.4758,40.43121],[-74.4694,40.43461],[-74.4672,40.43993],[-74.46057,40.43988],[-74.45951,40.43836]]]}},{"type":"Feature","properties":{"zcta":"07748","d":1067},"geometry":{"type":"MultiPolygon","coordinates":[[[[-74.07238,40.39105],[-74.06751,40.39101],[-74.06894,40.38623],[-74.07231,40.38578],[-74.07238,40.39105]]],[[[-74.13127,40.43548],[-74.12802,40.43578],[-74.12607,40.43814],[-74.12757,40.44097],[-74.119,40.44236],[-74.11684,40.44625],[-74.11123,40.44347],[-74.10933,40.44313],[-74.10866,40.4417],[-74.10558,40.44146],[-74.10376,40.44001],[-74.10624,40.43532],[-74.113,40.43091],[-74.11559,40.42982],[-74.11623,40.43125],[-74.11862,40.42969],[-74.1199,40.43029],[-74.12485,40.42441],[-74.12386,40.42269],[-74.12052,40.42046],[-74.12066,40.41695],[-74.11614,40.42257],[-74.11424,40.42228],[-74.11358,40.42455],[-74.1061,40.42168],[-74.10389,40.42495],[-74.10212,40.42516],[-74.09692,40.42237],[-74.09858,40.42216],[-74.10122,40.41704],[-74.10023,40.41465],[-74.09527,40.41218],[-74.09633,40.4092],[-74.09399,40.40655],[-74.09082,40.40722],[-74.0858,40.40438],[-74.0858,40.40663],[-74.08298,40.40651],[-74.08257,40.40356],[-74.07985,40.39937],[-74.07885,40.39898],[-74.07926,40.39644],[-74.07735,40.39632],[-74.07433,40.38623],[-74.07231,40.38578],[-74.07233,40.38555],[-74.07289,40.38353],[-74.07599,40.38029],[-74.08101,40.38241],[-74.08228,40.3847],[-74.08181,40.3835],[-74.08238,40.37712],[-74.08413,40.37608],[-74.08266,40.37516],[-74.08765,40.37319],[-74.09204,40.38028],[-74.09432,40.38013],[-74.09678,40.38163],[-74.09549,40.38392],[-74.10685,40.38322],[-74.10669,40.38033],[-74.10167,40.37529],[-74.10742,40.37308],[-74.11017,40.3715],[-74.11189,40.36909],[-74.11271,40.36311],[-74.11339,40.35376],[-74.11147,40.34431],[-74.11427,40.34599],[-74.11956,40.35232],[-74.1222,40.35396],[-74.13185,40.35784],[-74.13799,40.36185],[-74.1408,40.36468],[-74.14738,40.37432],[-74.14345,40.37672],[-74.14452,40.38017],[-74.14613,40.39079],[-74.14527,40.39161],[-74.14291,40.40492],[-74.1368,40.41106],[-74.13611,40.41719],[-74.13394,40.42319],[-74.13316,40.42686],[-74.13127,40.43548]],[[-74.08402,40.38896],[-74.08497,40.38452],[-74.08228,40.3847],[-74.08402,40.38896]]]]}},{"type":"Feature","properties":{"zcta":"10035","d":10428},"geometry":{"type":"MultiPolygon","coordinates":[[[[-73.93016,40.79131],[-73.92651,40.79087],[-73.92837,40.79285],[-73.92726,40.79488],[-73.9276,40.79803],[-73.92529,40.802],[-73.92259,40.80187],[-73.92037,40.79943],[-73.9152,40.7968],[-73.91385,40.79374],[-73.92216,40.7855],[-73.92306,40.78334],[-73.92771,40.78096],[-73.93062,40.78225],[-73.93543,40.78325],[-73.93624,40.78569],[-73.93016,40.79131]]],[[[-73.94613,40.80388],[-73.9443,40.80639],[-73.94275,40.80574],[-73.9404,40.80896],[-73.93364,40.80707],[-73.93066,40.80361],[-73.92907,40.79897],[-73.92945,40.79598],[-73.93124,40.79419],[-73.94297,40.79967],[-73.94646,40.80067],[-73.94467,40.80313],[-73.94613,40.80388]]]]}},{"type":"Feature","properties":{"zcta":"10567","d":466},"geometry":{"type":"Polygon","coordinates":[[[-73.9523,41.32492],[-73.89343,41.33115],[-73.89413,41.32831],[-73.89314,41.32515],[-73.88792,41.3253],[-73.88571,41.32804],[-73.87873,41.3327],[-73.87505,41.33302],[-73.86193,41.33438],[-73.86067,41.32675],[-73.86956,41.32206],[-73.87027,41.31193],[-73.86637,41.31367],[-73.86538,41.30934],[-73.86832,41.30776],[-73.86506,41.30308],[-73.86558,41.29441],[-73.86199,41.29509],[-73.86103,41.29275],[-73.85461,41.29239],[-73.84454,41.28947],[-73.83986,41.28853],[-73.84136,41.28618],[-73.83889,41.28326],[-73.83617,41.28394],[-73.83553,41.27869],[-73.83845,41.27667],[-73.84168,41.27644],[-73.8461,41.27268],[-73.84396,41.26859],[-73.84477,41.26635],[-73.84296,41.26239],[-73.84353,41.26095],[-73.8416,41.25963],[-73.8459,41.25731],[-73.84794,41.25735],[-73.8472,41.25337],[-73.85046,41.25344],[-73.85196,41.25167],[-73.85149,41.24682],[-73.85026,41.24108],[-73.86179,41.25142],[-73.86601,41.24822],[-73.86911,41.24937],[-73.87204,41.24647],[-73.87307,41.24723],[-73.87534,41.24485],[-73.87888,41.24456],[-73.88371,41.24247],[-73.885,41.24279],[-73.88756,41.24018],[-73.89565,41.23561],[-73.89722,41.23538],[-73.89938,41.23746],[-73.90283,41.23689],[-73.90797,41.24032],[-73.90783,41.24361],[-73.90969,41.24107],[-73.91267,41.24246],[-73.90938,41.24552],[-73.91164,41.24817],[-73.91413,41.24621],[-73.91771,41.24851],[-73.91733,41.24948],[-73.91366,41.24872],[-73.91177,41.25118],[-73.91233,41.25544],[-73.91589,41.25969],[-73.9193,41.26162],[-73.91992,41.25983],[-73.92812,41.26121],[-73.92898,41.26349],[-73.92589,41.26557],[-73.92881,41.26868],[-73.92596,41.26741],[-73.92254,41.27088],[-73.92201,41.27292],[-73.91802,41.27507],[-73.91093,41.27646],[-73.90669,41.27819],[-73.90594,41.2794],[-73.8999,41.28072],[-73.89983,41.28435],[-73.89698,41.29267],[-73.89555,41.29386],[-73.89143,41.29427],[-73.88971,41.29581],[-73.88986,41.29973],[-73.90357,41.30493],[-73.91251,41.3066],[-73.91417,41.30768],[-73.91798,41.30783],[-73.92031,41.30643],[-73.92791,41.30443],[-73.93363,41.30091],[-73.93488,41.29863],[-73.9342,41.29703],[-73.93605,41.29661],[-73.94503,41.29899],[-73.94571,41.29523],[-73.953,41.29733],[-73.958,41.30125],[-73.96312,41.3029],[-73.96731,41.30585],[-73.96928,41.30877],[-73.97416,41.31251],[-73.97849,41.31683],[-73.98053,41.3199],[-73.9795,41.32216],[-73.9523,41.32492]]]}},{"type":"Feature","properties":{"zcta":"07601","d":5917},"geometry":{"type":"Polygon","coordinates":[[[-74.05972,40.89205],[-74.05916,40.89581],[-74.05725,40.89994],[-74.05716,40.90223],[-74.05397,40.90743],[-74.05053,40.91052],[-74.04907,40.91302],[-74.04184,40.91167],[-74.03982,40.91108],[-74.039,40.90942],[-74.03586,40.90923],[-74.03483,40.9114],[-74.03163,40.91164],[-74.02989,40.91347],[-74.02731,40.91271],[-74.02538,40.91018],[-74.02483,40.90757],[-74.02645,40.90652],[-74.0279,40.90329],[-74.03125,40.90184],[-74.03195,40.89977],[-74.03134,40.89601],[-74.03613,40.89191],[-74.03683,40.88853],[-74.0335,40.88727],[-74.03445,40.88427],[-74.03979,40.87911],[-74.03878,40.87761],[-74.03504,40.87665],[-74.03585,40.86922],[-74.03535,40.86623],[-74.03308,40.86362],[-74.03238,40.85863],[-74.03827,40.85888],[-74.0486,40.87316],[-74.05095,40.87291],[-74.05563,40.87405],[-74.05828,40.87069],[-74.05957,40.86901],[-74.05961,40.87058],[-74.06203,40.8725],[-74.0683,40.87605],[-74.06547,40.8826],[-74.06457,40.88706],[-74.05972,40.89205]]]}},{"type":"Feature","properties":{"zcta":"10312","d":4000},"geometry":{"type":"Polygon","coordinates":[[[-74.20128,40.55976],[-74.19697,40.56354],[-74.19268,40.56806],[-74.19026,40.57156],[-74.19053,40.57621],[-74.18956,40.57627],[-74.18939,40.57256],[-74.18429,40.57285],[-74.17957,40.57105],[-74.17762,40.5638],[-74.16983,40.56108],[-74.16962,40.56624],[-74.16594,40.567],[-74.16444,40.56525],[-74.16499,40.56145],[-74.16339,40.55332],[-74.16207,40.55129],[-74.16113,40.54642],[-74.15929,40.54602],[-74.1507,40.53711],[-74.14619,40.53557],[-74.1487,40.53449],[-74.15697,40.52898],[-74.16963,40.52326],[-74.17201,40.52326],[-74.17799,40.5196],[-74.18106,40.52066],[-74.18318,40.51992],[-74.18382,40.52085],[-74.18767,40.51946],[-74.19,40.52257],[-74.18847,40.52313],[-74.19114,40.52686],[-74.19323,40.526],[-74.19748,40.53242],[-74.20289,40.53171],[-74.20309,40.53248],[-74.19858,40.53448],[-74.2031,40.54429],[-74.20613,40.54354],[-74.2114,40.55564],[-74.20514,40.55735],[-74.20639,40.5581],[-74.20128,40.55976]]]}},{"type":"Feature","properties":{"zcta":"10984","d":812},"geometry":{"type":"Polygon","coordinates":[[[-74.00616,41.21576],[-74.00724,41.20913],[-74.0089,41.20946],[-74.0107,41.20698],[-74.00781,41.20589],[-74.00033,41.20735],[-74.00097,41.2061],[-74.00672,41.20502],[-74.01055,41.20666],[-74.00971,41.20489],[-74.011,41.19821],[-74.01307,41.1991],[-74.0147,41.19633],[-74.01997,41.19742],[-74.02264,41.19705],[-74.02732,41.19636],[-74.02834,41.20169],[-74.02735,41.20416],[-74.03505,41.20218],[-74.03275,41.20804],[-74.03243,41.21409],[-74.03363,41.22028],[-74.02716,41.22028],[-74.02331,41.21898],[-74.01757,41.22043],[-74.00623,41.21822],[-74.00616,41.21576]]]}},{"type":"Feature","properties":{"zcta":"10458","d":34080},"geometry":{"type":"Polygon","coordinates":[[[-73.88147,40.86857],[-73.88037,40.86919],[-73.87845,40.86755],[-73.87509,40.86619],[-73.87393,40.86307],[-73.87664,40.8596],[-73.87771,40.85947],[-73.87788,40.85647],[-73.87677,40.85541],[-73.88071,40.8568],[-73.88167,40.85335],[-73.88382,40.8515],[-73.88803,40.851],[-73.88737,40.85222],[-73.89558,40.85625],[-73.89995,40.85742],[-73.89707,40.86253],[-73.89174,40.86951],[-73.88738,40.87272],[-73.88478,40.87842],[-73.88147,40.86857]]]}},{"type":"Feature","properties":{"zcta":"11367","d":8166},"geometry":{"type":"Polygon","coordinates":[[[-73.8359,40.74338],[-73.82527,40.74175],[-73.8246,40.74271],[-73.81414,40.73908],[-73.81084,40.73922],[-73.8105,40.7367],[-73.81242,40.73679],[-73.81253,40.73215],[-73.81105,40.7303],[-73.81186,40.72775],[-73.81089,40.72717],[-73.81063,40.72442],[-73.80904,40.71991],[-73.8086,40.71842],[-73.81177,40.71762],[-73.81212,40.71906],[-73.8193,40.71714],[-73.8257,40.71606],[-73.82625,40.71573],[-73.82658,40.72095],[-73.82813,40.72336],[-73.83193,40.72632],[-73.83634,40.73463],[-73.83769,40.74324],[-73.8359,40.74338]]]}},{"type":"Feature","properties":{"zcta":"11577","d":2029},"geometry":{"type":"Polygon","coordinates":[[[-73.66083,40.78966],[-73.65861,40.78759],[-73.65572,40.78854],[-73.6552,40.79209],[-73.65311,40.79093],[-73.65312,40.79256],[-73.64957,40.79283],[-73.64993,40.79479],[-73.64779,40.79498],[-73.64346,40.79251],[-73.64069,40.79431],[-73.6318,40.79506],[-73.62585,40.79451],[-73.62224,40.7955],[-73.61752,40.79171],[-73.61786,40.79019],[-73.62141,40.79022],[-73.62412,40.77805],[-73.62513,40.77685],[-73.62578,40.77218],[-73.62514,40.76354],[-73.62379,40.75999],[-73.6266,40.75964],[-73.62634,40.7616],[-73.62857,40.7661],[-73.63069,40.76741],[-73.63655,40.76698],[-73.63656,40.77163],[-73.64153,40.771],[-73.64239,40.77621],[-73.64568,40.77667],[-73.65432,40.77553],[-73.65495,40.77862],[-73.65731,40.77966],[-73.65741,40.78133],[-73.66195,40.78003],[-73.66341,40.78467],[-73.66636,40.7894],[-73.66083,40.78966]]]}},{"type":"Feature","properties":{"zcta":"11377","d":17883},"geometry":{"type":"Polygon","coordinates":[[[-73.92397,40.73578],[-73.92262,40.73779],[-73.92304,40.74044],[-73.91484,40.74345],[-73.91536,40.74456],[-73.91467,40.74903],[-73.91016,40.7485],[-73.90985,40.75164],[-73.9115,40.75456],[-73.91261,40.75597],[-73.90742,40.76034],[-73.90202,40.76742],[-73.89432,40.76615],[-73.89734,40.76198],[-73.89797,40.75963],[-73.89652,40.75439],[-73.8958,40.75062],[-73.89731,40.75046],[-73.89445,40.74654],[-73.89183,40.74655],[-73.89115,40.74543],[-73.89089,40.74069],[-73.8888,40.73653],[-73.89137,40.73606],[-73.88857,40.73459],[-73.89406,40.7336],[-73.901,40.73401],[-73.90568,40.72855],[-73.90847,40.72983],[-73.91173,40.72996],[-73.91904,40.73202],[-73.92225,40.73442],[-73.92583,40.73571],[-73.92577,40.73628],[-73.92397,40.73578]]]}},{"type":"Feature","properties":{"zcta":"07656","d":1768},"geometry":{"type":"Polygon","coordinates":[[[-74.02196,41.03524],[-74.02023,41.03541],[-74.01981,41.03345],[-74.02192,41.03129],[-74.02103,41.02749],[-74.02151,41.02483],[-74.01988,41.02504],[-74.0191,41.02308],[-74.01953,41.01996],[-74.02641,41.02059],[-74.02656,41.02138],[-74.03289,41.02348],[-74.03513,41.02375],[-74.03665,41.02522],[-74.04013,41.02588],[-74.04628,41.02795],[-74.04909,41.0299],[-74.05445,41.03118],[-74.05599,41.03234],[-74.0593,41.03251],[-74.06424,41.03489],[-74.06471,41.03605],[-74.0637,41.04002],[-74.06992,41.04117],[-74.06377,41.04466],[-74.05138,41.04928],[-74.03779,41.044],[-74.03474,41.04056],[-74.03077,41.03725],[-74.0289,41.03663],[-74.02164,41.0375],[-74.02196,41.03524]]]}},{"type":"Feature","properties":{"zcta":"11980","d":242},"geometry":{"type":"Polygon","coordinates":[[[-72.94636,40.85203],[-72.94716,40.8556],[-72.94645,40.85776],[-72.94417,40.85991],[-72.94267,40.86328],[-72.93964,40.86364],[-72.93681,40.86533],[-72.93495,40.8651],[-72.9287,40.86589],[-72.91375,40.86704],[-72.90411,40.86622],[-72.9011,40.86544],[-72.90139,40.8622],[-72.90063,40.85653],[-72.89979,40.85498],[-72.89057,40.84416],[-72.90582,40.83608],[-72.91153,40.83386],[-72.90836,40.83253],[-72.90646,40.8297],[-72.90454,40.82839],[-72.90374,40.82954],[-72.89964,40.8284],[-72.89348,40.82562],[-72.89303,40.82271],[-72.89157,40.81995],[-72.89273,40.81967],[-72.89004,40.81779],[-72.8888,40.81515],[-72.89104,40.81296],[-72.88858,40.8097],[-72.88823,40.80732],[-72.88617,40.80265],[-72.89709,40.80203],[-72.89897,40.80371],[-72.90384,40.80099],[-72.90429,40.80452],[-72.90523,40.80473],[-72.90457,40.79947],[-72.91184,40.79842],[-72.91385,40.79893],[-72.92728,40.80183],[-72.93291,40.80407],[-72.94431,40.807],[-72.95227,40.81184],[-72.9549,40.81327],[-72.95725,40.821],[-72.94245,40.82231],[-72.93786,40.82962],[-72.95247,40.82696],[-72.95321,40.83379],[-72.95217,40.83703],[-72.95445,40.84111],[-72.95579,40.84138],[-72.95192,40.84599],[-72.94657,40.84622],[-72.94722,40.85104],[-72.94636,40.85203]],[[-72.92,40.86309],[-72.91699,40.8635],[-72.91705,40.86603],[-72.92036,40.86578],[-72.92,40.86309]]]}},{"type":"Feature","properties":{"zcta":"07102","d":4838},"geometry":{"type":"Polygon","coordinates":[[[-74.18314,40.73068],[-74.18196,40.7304],[-74.18274,40.73578],[-74.17941,40.73701],[-74.18258,40.73798],[-74.18179,40.73963],[-74.17906,40.73771],[-74.17617,40.74286],[-74.17599,40.74742],[-74.17357,40.74795],[-74.17052,40.74737],[-74.16599,40.74797],[-74.16595,40.74511],[-74.16379,40.7392],[-74.16196,40.73601],[-74.16582,40.73317],[-74.17489,40.72392],[-74.1801,40.72505],[-74.1819,40.72653],[-74.18389,40.72506],[-74.1852,40.72541],[-74.18434,40.7276],[-74.18314,40.73068]]]}},{"type":"Feature","properties":{"zcta":"11356","d":8592},"geometry":{"type":"Polygon","coordinates":[[[-73.83102,40.78934],[-73.83014,40.78502],[-73.8269,40.78465],[-73.82678,40.78167],[-73.82528,40.7817],[-73.82853,40.77601],[-73.83016,40.77383],[-73.83343,40.77143],[-73.83633,40.77853],[-73.83886,40.77862],[-73.83849,40.77547],[-73.84073,40.775],[-73.84144,40.77655],[-73.84801,40.77696],[-73.84793,40.7786],[-73.84941,40.77821],[-73.84924,40.78217],[-73.85539,40.78208],[-73.85808,40.78372],[-73.85816,40.78704],[-73.85304,40.78802],[-73.85477,40.78906],[-73.85277,40.791],[-73.85374,40.79384],[-73.85266,40.79492],[-73.8489,40.79344],[-73.84871,40.79542],[-73.84624,40.79616],[-73.84371,40.79489],[-73.83843,40.79838],[-73.83843,40.79679],[-73.83663,40.79252],[-73.83723,40.7892],[-73.83383,40.78852],[-73.83198,40.78945],[-73.83102,40.78934]]]}},{"type":"Feature","properties":{"zcta":"11104","d":37526},"geometry":{"type":"Polygon","coordinates":[[[-73.92763,40.7366],[-73.92525,40.74854],[-73.91526,40.75085],[-73.90985,40.75164],[-73.91016,40.7485],[-73.91467,40.74903],[-73.91536,40.74456],[-73.91484,40.74345],[-73.92304,40.74044],[-73.92262,40.73779],[-73.92397,40.73578],[-73.92577,40.73628],[-73.92763,40.7366]]]}},{"type":"Feature","properties":{"zcta":"07436","d":749},"geometry":{"type":"Polygon","coordinates":[[[-74.25046,41.06082],[-74.24895,41.06362],[-74.23136,41.05653],[-74.21848,41.05071],[-74.20051,41.04525],[-74.22585,41.0192],[-74.22825,41.01779],[-74.22936,41.01563],[-74.24607,40.99839],[-74.24619,40.99526],[-74.24853,40.99209],[-74.26433,41.01199],[-74.26685,41.01388],[-74.27223,41.01794],[-74.27066,41.02103],[-74.25046,41.06082]]]}},{"type":"Feature","properties":{"zcta":"08821","d":0},"geometry":{"type":"Polygon","coordinates":[[[-74.69369,40.51939],[-74.69204,40.52342],[-74.6875,40.52598],[-74.68298,40.52078],[-74.68457,40.51719],[-74.6875,40.51652],[-74.69295,40.51787],[-74.69369,40.51939]]]}},{"type":"Feature","properties":{"zcta":"11226","d":40047},"geometry":{"type":"Polygon","coordinates":[[[-73.96465,40.65089],[-73.96621,40.65319],[-73.9619,40.65487],[-73.96167,40.65654],[-73.95934,40.65598],[-73.95309,40.65651],[-73.94726,40.65644],[-73.94727,40.65183],[-73.94645,40.64884],[-73.94706,40.64525],[-73.94607,40.64531],[-73.94552,40.64017],[-73.94841,40.63999],[-73.94829,40.63882],[-73.95374,40.63857],[-73.9584,40.63633],[-73.9631,40.63407],[-73.96538,40.63628],[-73.96535,40.63865],[-73.96755,40.64768],[-73.96703,40.64995],[-73.96465,40.65089]]]}},{"type":"Feature","properties":{"zcta":"07206","d":9318},"geometry":{"type":"Polygon","coordinates":[[[-74.19468,40.66173],[-74.19869,40.66338],[-74.19818,40.66412],[-74.19119,40.66185],[-74.18678,40.6586],[-74.18154,40.66511],[-74.18001,40.66424],[-74.17956,40.66153],[-74.17787,40.65953],[-74.16813,40.65536],[-74.16659,40.65512],[-74.16983,40.65258],[-74.18016,40.64779],[-74.18486,40.64705],[-74.18804,40.64478],[-74.19508,40.64307],[-74.19718,40.64173],[-74.19984,40.64236],[-74.20133,40.64468],[-74.20436,40.64611],[-74.20511,40.64748],[-74.20803,40.64668],[-74.20972,40.65003],[-74.20023,40.65387],[-74.20217,40.65763],[-74.19468,40.66173]]]}},{"type":"Feature","properties":{"zcta":"07421","d":137},"geometry":{"type":"Polygon","coordinates":[[[-74.42231,41.16038],[-74.39836,41.17907],[-74.39279,41.18854],[-74.39358,41.19484],[-74.39563,41.19924],[-74.39521,41.20358],[-74.39738,41.20792],[-74.39623,41.21026],[-74.39658,41.21204],[-74.39937,41.21398],[-74.40032,41.22026],[-74.34493,41.19205],[-74.30199,41.17259],[-74.28,41.16298],[-74.28231,41.16141],[-74.28011,41.1604],[-74.28169,41.15722],[-74.28435,41.15507],[-74.28578,41.15204],[-74.2878,41.15216],[-74.29099,41.15003],[-74.29196,41.14798],[-74.29531,41.14658],[-74.29948,41.14385],[-74.30112,41.14021],[-74.30317,41.13779],[-74.32337,41.10193],[-74.32785,41.10272],[-74.33157,41.10494],[-74.33404,41.10776],[-74.33617,41.10803],[-74.33415,41.11236],[-74.33962,41.114],[-74.33861,41.11527],[-74.32662,41.11273],[-74.3274,41.11519],[-74.32666,41.12018],[-74.32696,41.12332],[-74.32506,41.12887],[-74.32631,41.13322],[-74.32557,41.13469],[-74.33375,41.13582],[-74.3363,41.13582],[-74.3386,41.13743],[-74.34158,41.13713],[-74.34507,41.13822],[-74.34923,41.14224],[-74.3468,41.14568],[-74.34717,41.15091],[-74.34947,41.15275],[-74.35224,41.15072],[-74.35662,41.15263],[-74.35671,41.15465],[-74.359,41.15257],[-74.36169,41.15343],[-74.36317,41.15581],[-74.36197,41.15108],[-74.37718,41.15209],[-74.3793,41.1461],[-74.41296,41.11469],[-74.41256,41.11684],[-74.41439,41.11885],[-74.4128,41.12176],[-74.41401,41.12434],[-74.41765,41.12602],[-74.41124,41.13439],[-74.40771,41.13802],[-74.40737,41.14263],[-74.40569,41.14508],[-74.40249,41.14747],[-74.40987,41.1486],[-74.41774,41.1492],[-74.43121,41.15133],[-74.42231,41.16038]]]}}]}