{"type":"FeatureCollection","features":[{"type":"Feature","properties":{"zcta":"93285","d":18},"geometry":{"type":"Polygon","coordinates":[[[-118.44891,35.79236],[-118.44926,35.78789],[-118.44496,35.7832],[-118.44388,35.78068],[-118.44627,35.78297],[-118.45216,35.78054],[-118.45608,35.77703],[-118.45896,35.77659],[-118.46332,35.77293],[-118.46602,35.7668],[-118.4648,35.76293],[-118.46327,35.75412],[-118.45915,35.75234],[-118.45361,35.75707],[-118.45048,35.75738],[-118.4502,35.74335],[-118.44648,35.74421],[-118.43564,35.74574],[-118.43703,35.74071],[-118.44062,35.73504],[-118.44243,35.7338],[-118.45301,35.73023],[-118.45174,35.72925],[-118.45018,35.72517],[-118.44417,35.72184],[-118.443,35.71952],[-118.43857,35.71956],[-118.43425,35.7182],[-118.43543,35.7159],[-118.43874,35.71403],[-118.43965,35.71216],[-118.43861,35.70988],[-118.44233,35.70612],[-118.44245,35.70363],[-118.4452,35.6998],[-118.44696,35.70278],[-118.44716,35.70124],[-118.4497,35.70007],[-118.45279,35.69987],[-118.45724,35.69581],[-118.45821,35.69069],[-118.45512,35.6887],[-118.45565,35.68649],[-118.45526,35.68231],[-118.45734,35.67861],[-118.46136,35.67908],[-118.45969,35.67773],[-118.45981,35.67423],[-118.46283,35.67274],[-118.46277,35.67045],[-118.46453,35.67041],[-118.46437,35.67318],[-118.4662,35.67133],[-118.4663,35.66799],[-118.46896,35.66531],[-118.46863,35.66381],[-118.47452,35.65991],[-118.4734,35.65876],[-118.47594,35.65873],[-118.47802,35.65706],[-118.47859,35.65404],[-118.48007,35.65609],[-118.4856,35.65729],[-118.48623,35.65916],[-118.49002,35.65928],[-118.49776,35.66393],[-118.49756,35.66557],[-118.49899,35.67128],[-118.50675,35.66956],[-118.50661,35.66779],[-118.50813,35.66528],[-118.51424,35.66313],[-118.51682,35.66323],[-118.52386,35.66532],[-118.53049,35.66825],[-118.53782,35.66678],[-118.54521,35.66911],[-118.54935,35.67168],[-118.55448,35.67038],[-118.55453,35.66866],[-118.55634,35.66784],[-118.55702,35.66565],[-118.56014,35.66545],[-118.56181,35.66704],[-118.56393,35.66728],[-118.5655,35.66969],[-118.56795,35.66886],[-118.56893,35.66689],[-118.57223,35.66839],[-118.57243,35.66952],[-118.57587,35.66794],[-118.57549,35.66622],[-118.57728,35.66404],[-118.58204,35.66311],[-118.58252,35.65987],[-118.58674,35.65703],[-118.58858,35.65255],[-118.58977,35.65229],[-118.59002,35.65579],[-118.58884,35.65898],[-118.58837,35.66395],[-118.58667,35.66536],[-118.58749,35.66687],[-118.58507,35.66746],[-118.58417,35.67025],[-118.5789,35.67545],[-118.57673,35.67903],[-118.57537,35.67977],[-118.57587,35.68371],[-118.5746,35.6848],[-118.57642,35.68732],[-118.57901,35.68724],[-118.58338,35.68543],[-118.5861,35.68598],[-118.58685,35.68871],[-118.58867,35.69017],[-118.58399,35.68978],[-118.58266,35.68763],[-118.58114,35.69002],[-118.57889,35.69125],[-118.58203,35.69325],[-118.58626,35.69387],[-118.58893,35.69584],[-118.58897,35.71411],[-118.58733,35.71391],[-118.58446,35.71569],[-118.58075,35.71575],[-118.57559,35.71829],[-118.57244,35.71762],[-118.56794,35.71795],[-118.56504,35.72021],[-118.56551,35.71691],[-118.56692,35.71532],[-118.5636,35.71299],[-118.55845,35.7137],[-118.55748,35.70883],[-118.55672,35.71103],[-118.55259,35.71438],[-118.55488,35.71874],[-118.55534,35.72387],[-118.55789,35.72594],[-118.55746,35.72729],[-118.55979,35.73245],[-118.55759,35.73632],[-118.55756,35.73839],[-118.5594,35.73911],[-118.58719,35.74016],[-118.5842,35.74531],[-118.58451,35.74824],[-118.58263,35.7469],[-118.58042,35.74268],[-118.57755,35.74308],[-118.57638,35.74204],[-118.57283,35.74257],[-118.57206,35.74399],[-118.5657,35.74296],[-118.56204,35.74588],[-118.55965,35.75039],[-118.55842,35.75088],[-118.55747,35.74774],[-118.55543,35.74584],[-118.55669,35.74352],[-118.55358,35.74416],[-118.55448,35.74836],[-118.55606,35.74891],[-118.55625,35.75197],[-118.55217,35.75401],[-118.54856,35.75886],[-118.54629,35.76391],[-118.54252,35.76901],[-118.53745,35.77038],[-118.53152,35.77392],[-118.53175,35.77669],[-118.52783,35.77882],[-118.52877,35.78092],[-118.52829,35.78317],[-118.52988,35.78393],[-118.52618,35.79092],[-118.44891,35.79236]]]}},{"type":"Feature","properties":{"zcta":"93203","d":41},"geometry":{"type":"Polygon","coordinates":[[[-118.80752,35.32957],[-118.80214,35.32762],[-118.79921,35.32561],[-118.7829,35.31149],[-118.77116,35.31155],[-118.77008,35.31116],[-118.75561,35.31116],[-118.75253,35.31142],[-118.75273,35.31095],[-118.75259,35.2385],[-118.7383,35.23862],[-118.73825,35.23967],[-118.73451,35.23974],[-118.73469,35.22768],[-118.73509,35.22397],[-118.75256,35.22391],[-118.76888,35.22353],[-118.76928,35.21931],[-118.77174,35.21527],[-118.7767,35.21092],[-118.77691,35.20928],[-118.78817,35.20924],[-118.78828,35.20209],[-118.78326,35.1947],[-118.7883,35.19468],[-118.78841,35.18029],[-118.78367,35.17997],[-118.7813,35.18253],[-118.77697,35.18554],[-118.77556,35.18347],[-118.7787,35.18124],[-118.77867,35.17931],[-118.78557,35.17316],[-118.78747,35.17031],[-118.79299,35.16797],[-118.79385,35.16554],[-118.79787,35.16314],[-118.79813,35.15922],[-118.80086,35.1581],[-118.80356,35.15255],[-118.80342,35.14721],[-118.80485,35.14532],[-118.80789,35.14539],[-118.81445,35.1466],[-118.81415,35.14446],[-118.80905,35.14226],[-118.81189,35.13877],[-118.81167,35.1358],[-118.81275,35.13345],[-118.81371,35.12747],[-118.81325,35.12102],[-118.81102,35.11793],[-118.80663,35.11694],[-118.80557,35.11564],[-118.80221,35.11518],[-118.79715,35.11089],[-118.79619,35.10611],[-118.78934,35.1007],[-118.78637,35.09903],[-118.78474,35.0953],[-118.78747,35.09618],[-118.78822,35.09454],[-118.78978,35.09495],[-118.79365,35.09857],[-118.79942,35.10173],[-118.80156,35.09838],[-118.8055,35.09605],[-118.81336,35.09288],[-118.80885,35.09047],[-118.8098,35.08998],[-118.80669,35.08762],[-118.80237,35.08659],[-118.80089,35.08691],[-118.79906,35.08526],[-118.7961,35.08423],[-118.7929,35.08481],[-118.7892,35.08382],[-118.78794,35.08236],[-118.77984,35.0807],[-118.77759,35.07959],[-118.77391,35.08008],[-118.77216,35.07783],[-118.76521,35.07507],[-118.75668,35.0753],[-118.75174,35.07282],[-118.75177,35.07115],[-118.74624,35.06918],[-118.74641,35.06492],[-118.74462,35.06112],[-118.744,35.05376],[-118.74118,35.05102],[-118.73475,35.04761],[-118.73284,35.0475],[-118.73782,35.04548],[-118.73781,35.04276],[-118.73947,35.03312],[-118.74157,35.02814],[-118.74073,34.94239],[-118.74785,34.94773],[-118.7502,34.94832],[-118.7505,34.95075],[-118.75404,34.95044],[-118.75782,34.9492],[-118.76041,34.95244],[-118.76307,34.95256],[-118.76683,34.95463],[-118.76916,34.95476],[-118.77408,34.95864],[-118.77607,34.96316],[-118.7758,34.9655],[-118.77687,34.9697],[-118.77932,34.97035],[-118.78434,34.97393],[-118.7861,34.97821],[-118.7868,34.98351],[-118.78618,34.98646],[-118.78663,34.99542],[-118.7858,34.99784],[-118.78582,35.00189],[-118.78401,35.00641],[-118.77958,35.00623],[-118.78034,35.01268],[-118.77786,35.01616],[-118.77605,35.01669],[-118.77596,35.0192],[-118.7744,35.02179],[-118.77961,35.025],[-118.78404,35.02671],[-118.79255,35.02779],[-118.79394,35.03004],[-118.7964,35.02937],[-118.80238,35.03277],[-118.80239,35.04527],[-118.84657,35.04541],[-118.84662,34.99296],[-118.85973,34.99298],[-118.85274,34.96992],[-118.8544,34.96992],[-118.85585,34.96782],[-118.86494,34.96717],[-118.86465,34.98647],[-118.87339,34.98645],[-118.87278,34.99103],[-118.87793,34.99302],[-118.87793,34.98462],[-118.88216,34.9846],[-118.89518,34.97398],[-118.89443,34.97258],[-118.90122,34.96931],[-118.91318,34.96446],[-118.90598,34.96109],[-118.89919,34.95591],[-118.89211,34.94746],[-118.88855,34.94558],[-118.88276,34.94469],[-118.88273,34.94808],[-118.87333,34.94807],[-118.87338,34.94116],[-118.86433,34.94114],[-118.86433,34.93878],[-118.86799,34.93822],[-118.87971,34.94359],[-118.88874,34.9452],[-118.89091,34.94602],[-118.89355,34.94836],[-118.89861,34.95472],[-118.90281,34.95846],[-118.90943,34.96242],[-118.9176,34.96575],[-118.92346,34.96773],[-118.9359,34.97127],[-118.94041,34.97144],[-118.95519,35.01832],[-118.95581,35.01911],[-118.93609,35.01613],[-118.91856,35.04298],[-118.9176,35.04542],[-118.93537,35.04531],[-118.93534,35.06711],[-118.91742,35.06721],[-118.91736,35.0857],[-118.91469,35.09283],[-118.92372,35.09293],[-118.92365,35.10751],[-118.95016,35.10768],[-118.95023,35.12212],[-118.94132,35.1221],[-118.94126,35.13654],[-118.95009,35.13654],[-118.94991,35.19398],[-118.96761,35.19404],[-118.96759,35.20862],[-118.91451,35.20871],[-118.89614,35.2088],[-118.89614,35.1942],[-118.85105,35.19442],[-118.85135,35.209],[-118.86016,35.20896],[-118.86026,35.2235],[-118.86923,35.22345],[-118.86919,35.21616],[-118.87594,35.21614],[-118.87593,35.21811],[-118.87819,35.21982],[-118.87839,35.25257],[-118.86956,35.25274],[-118.86955,35.26719],[-118.84277,35.26732],[-118.84283,35.27894],[-118.83449,35.26966],[-118.83294,35.26735],[-118.83255,35.26003],[-118.82476,35.25543],[-118.82296,35.25276],[-118.80687,35.25295],[-118.80705,35.26746],[-118.80757,35.28157],[-118.7864,35.28182],[-118.78009,35.2822],[-118.77079,35.28208],[-118.77088,35.29668],[-118.80083,35.29677],[-118.80293,35.28919],[-118.80578,35.28583],[-118.8077,35.28679],[-118.80736,35.29636],[-118.8075,35.3257],[-118.80752,35.32957]]]}},{"type":"Feature","properties":{"zcta":"93306","d":352},"geometry":{"type":"Polygon","coordinates":[[[-118.96686,35.41402],[-118.95999,35.41583],[-118.9577,35.41748],[-118.94427,35.42414],[-118.93937,35.42613],[-118.93634,35.4266],[-118.93404,35.42814],[-118.93198,35.43347],[-118.93202,35.43815],[-118.93569,35.44369],[-118.93502,35.44651],[-118.93156,35.44798],[-118.92374,35.4453],[-118.92082,35.44534],[-118.9138,35.44643],[-118.90484,35.44486],[-118.90038,35.44036],[-118.89715,35.438],[-118.88445,35.4349],[-118.87963,35.43543],[-118.87297,35.43871],[-118.86786,35.44211],[-118.86395,35.44335],[-118.85314,35.444],[-118.85103,35.44036],[-118.85351,35.43633],[-118.85377,35.4332],[-118.84897,35.42815],[-118.84512,35.42701],[-118.83038,35.42661],[-118.83029,35.44212],[-118.82659,35.44217],[-118.82846,35.44447],[-118.82764,35.45224],[-118.82755,35.45916],[-118.82556,35.46308],[-118.82607,35.46514],[-118.82871,35.46762],[-118.82851,35.47248],[-118.8256,35.47542],[-118.82585,35.47756],[-118.82454,35.48065],[-118.82269,35.48197],[-118.81607,35.48468],[-118.81294,35.48821],[-118.81057,35.48871],[-118.80731,35.48803],[-118.80435,35.48865],[-118.79963,35.48815],[-118.79667,35.48989],[-118.79665,35.4911],[-118.79375,35.49485],[-118.79167,35.49516],[-118.78845,35.49726],[-118.78605,35.50003],[-118.7793,35.50191],[-118.77618,35.50481],[-118.77375,35.50477],[-118.76742,35.50675],[-118.7616,35.50618],[-118.75612,35.50411],[-118.75245,35.50577],[-118.75106,35.5084],[-118.74719,35.51033],[-118.74594,35.51473],[-118.74455,35.51465],[-118.74344,35.51728],[-118.73798,35.51504],[-118.73803,35.51587],[-118.72369,35.5195],[-118.71816,35.52004],[-118.71638,35.52271],[-118.71616,35.52702],[-118.71388,35.5359],[-118.70923,35.53786],[-118.70489,35.53813],[-118.70083,35.53979],[-118.69702,35.54216],[-118.69781,35.54374],[-118.69486,35.54338],[-118.69407,35.54597],[-118.69266,35.546],[-118.69056,35.54907],[-118.6917,35.5545],[-118.68912,35.56002],[-118.68503,35.56343],[-118.6816,35.56508],[-118.68123,35.56672],[-118.67927,35.56679],[-118.67531,35.57037],[-118.67665,35.57215],[-118.67648,35.5746],[-118.67327,35.57642],[-118.67308,35.58091],[-118.67091,35.58129],[-118.67259,35.58475],[-118.67176,35.58765],[-118.67316,35.58821],[-118.66663,35.59029],[-118.66498,35.5924],[-118.65926,35.59263],[-118.65617,35.59542],[-118.65042,35.59646],[-118.65069,35.5975],[-118.64801,35.59876],[-118.64984,35.59938],[-118.64768,35.60194],[-118.64942,35.60284],[-118.64592,35.60405],[-118.64365,35.6038],[-118.63942,35.60504],[-118.6378,35.60653],[-118.63252,35.61184],[-118.6303,35.61223],[-118.62915,35.61474],[-118.62557,35.61323],[-118.62672,35.60983],[-118.62468,35.60933],[-118.6254,35.6041],[-118.61911,35.60179],[-118.61456,35.60173],[-118.61224,35.60241],[-118.60914,35.60195],[-118.60542,35.59831],[-118.60254,35.59733],[-118.60193,35.60108],[-118.59916,35.60053],[-118.5947,35.60167],[-118.59635,35.60582],[-118.59554,35.60641],[-118.59048,35.60442],[-118.58829,35.60234],[-118.58798,35.57484],[-118.58778,35.57101],[-118.58545,35.5674],[-118.58651,35.56525],[-118.58637,35.55968],[-118.58886,35.55687],[-118.59436,35.55623],[-118.59693,35.55673],[-118.60139,35.55933],[-118.60373,35.5595],[-118.61232,35.55866],[-118.61498,35.55705],[-118.61569,35.55482],[-118.61537,35.5482],[-118.61635,35.54543],[-118.6187,35.5431],[-118.61591,35.54149],[-118.61525,35.53975],[-118.61673,35.53793],[-118.61541,35.53664],[-118.61868,35.53307],[-118.6234,35.53078],[-118.6272,35.53059],[-118.62874,35.53295],[-118.63539,35.53081],[-118.64131,35.53101],[-118.64215,35.53054],[-118.64744,35.53142],[-118.65076,35.53011],[-118.65433,35.52989],[-118.663,35.52668],[-118.66781,35.52381],[-118.66873,35.52628],[-118.67359,35.52402],[-118.67325,35.52312],[-118.67562,35.52078],[-118.6809,35.51796],[-118.68317,35.51537],[-118.68944,35.51304],[-118.69058,35.51099],[-118.69103,35.50534],[-118.69313,35.5013],[-118.69866,35.49337],[-118.70707,35.49301],[-118.71159,35.49015],[-118.71097,35.48589],[-118.71163,35.48298],[-118.70985,35.47919],[-118.71213,35.4743],[-118.7145,35.47236],[-118.71745,35.47319],[-118.72011,35.4755],[-118.72582,35.4757],[-118.72872,35.47421],[-118.73099,35.47472],[-118.73156,35.47807],[-118.73269,35.47908],[-118.73943,35.47861],[-118.74222,35.47946],[-118.74412,35.4817],[-118.74782,35.48086],[-118.75172,35.47761],[-118.75253,35.47449],[-118.75058,35.47194],[-118.75062,35.47018],[-118.75438,35.46786],[-118.75602,35.46574],[-118.75974,35.46478],[-118.76306,35.46146],[-118.76293,35.44229],[-118.75223,35.44195],[-118.75225,35.44514],[-118.74819,35.44249],[-118.71924,35.44266],[-118.71489,35.44185],[-118.7193,35.44183],[-118.7244,35.44051],[-118.72588,35.43907],[-118.72887,35.4382],[-118.73037,35.43943],[-118.72932,35.43659],[-118.72941,35.43366],[-118.72774,35.43026],[-118.73105,35.42441],[-118.73215,35.42576],[-118.73378,35.42324],[-118.73949,35.42108],[-118.74078,35.42288],[-118.74355,35.42052],[-118.74356,35.41916],[-118.74685,35.41677],[-118.74685,35.41205],[-118.75106,35.41146],[-118.75382,35.41399],[-118.76164,35.40822],[-118.7605,35.41206],[-118.76531,35.40933],[-118.76687,35.40754],[-118.77278,35.40494],[-118.77122,35.4027],[-118.77256,35.40033],[-118.77337,35.40202],[-118.77456,35.40035],[-118.77916,35.39911],[-118.78234,35.40099],[-118.78671,35.40238],[-118.79485,35.40258],[-118.79947,35.39991],[-118.8065,35.39403],[-118.80823,35.39425],[-118.81155,35.39862],[-118.82561,35.39838],[-118.82561,35.38444],[-118.82561,35.38385],[-118.85091,35.38377],[-118.85173,35.38669],[-118.85727,35.39431],[-118.85675,35.3997],[-118.85857,35.40245],[-118.8594,35.40541],[-118.86097,35.40541],[-118.86096,35.38386],[-118.86117,35.37718],[-118.86094,35.36926],[-118.87865,35.36902],[-118.89415,35.36902],[-118.89424,35.36174],[-118.89641,35.36174],[-118.89646,35.35433],[-118.9675,35.37135],[-118.96744,35.38662],[-118.97036,35.38663],[-118.96967,35.39027],[-118.96746,35.39028],[-118.96747,35.39209],[-118.96968,35.39207],[-118.96968,35.3938],[-118.96748,35.3944],[-118.96811,35.40158],[-118.96754,35.40361],[-118.96755,35.41276],[-118.96686,35.41402]]]}},{"type":"Feature","properties":{"zcta":"93283","d":3},"geometry":{"type":"MultiPolygon","coordinates":[[[[-118.22758,35.56219],[-118.22377,35.56399],[-118.22381,35.56559],[-118.21937,35.56519],[-118.2192,35.55741],[-118.22832,35.55743],[-118.22758,35.56219]]],[[[-118.38043,35.55769],[-118.38053,35.60891],[-118.37941,35.61617],[-118.3724,35.61637],[-118.34902,35.61629],[-118.34951,35.62195],[-118.35294,35.6282],[-118.35654,35.62958],[-118.3594,35.62955],[-118.3616,35.63068],[-118.36149,35.64514],[-118.37357,35.64546],[-118.37735,35.64588],[-118.378,35.64174],[-118.37911,35.64177],[-118.37897,35.66836],[-118.37845,35.66933],[-118.3739,35.67104],[-118.37032,35.67883],[-118.37078,35.68001],[-118.36483,35.67884],[-118.3656,35.68156],[-118.36559,35.68869],[-118.36111,35.68868],[-118.36099,35.71523],[-118.36122,35.72296],[-118.36122,35.74064],[-118.36099,35.79026],[-118.19521,35.79036],[-118.19315,35.78954],[-118.19394,35.78717],[-118.19397,35.78214],[-118.197,35.77765],[-118.19689,35.77592],[-118.20074,35.77448],[-118.20363,35.7747],[-118.20505,35.7736],[-118.20602,35.77059],[-118.20298,35.76836],[-118.19997,35.76822],[-118.19593,35.76545],[-118.19712,35.7627],[-118.1954,35.75917],[-118.19273,35.75647],[-118.18774,35.75377],[-118.18712,35.75095],[-118.18531,35.74867],[-118.18479,35.74614],[-118.17846,35.74376],[-118.17747,35.74177],[-118.17736,35.73808],[-118.17304,35.7364],[-118.17545,35.73407],[-118.17395,35.73247],[-118.17348,35.73002],[-118.17866,35.72554],[-118.1786,35.72108],[-118.18103,35.71802],[-118.18411,35.71689],[-118.18919,35.7125],[-118.19127,35.70892],[-118.19408,35.70645],[-118.202,35.70431],[-118.20507,35.7043],[-118.20794,35.70311],[-118.2137,35.70306],[-118.21696,35.70012],[-118.22189,35.69661],[-118.22793,35.69515],[-118.23124,35.69228],[-118.23501,35.69084],[-118.23351,35.68951],[-118.23671,35.68722],[-118.24613,35.68374],[-118.25301,35.6781],[-118.25402,35.67601],[-118.25833,35.67097],[-118.26261,35.66983],[-118.26343,35.667],[-118.26112,35.66673],[-118.25768,35.66356],[-118.2563,35.65959],[-118.25355,35.65614],[-118.25394,35.65406],[-118.24957,35.64356],[-118.24277,35.64119],[-118.23765,35.64021],[-118.2334,35.64121],[-118.23031,35.64457],[-118.22815,35.64351],[-118.22465,35.64555],[-118.21917,35.64277],[-118.2179,35.6404],[-118.21917,35.63545],[-118.22748,35.63553],[-118.23316,35.63763],[-118.23605,35.6375],[-118.24102,35.63608],[-118.2452,35.63562],[-118.24408,35.6341],[-118.24322,35.62933],[-118.24377,35.62426],[-118.23743,35.61761],[-118.23072,35.61496],[-118.22993,35.61509],[-118.23212,35.60967],[-118.2354,35.60766],[-118.23777,35.6072],[-118.24224,35.60872],[-118.24325,35.61021],[-118.24419,35.60731],[-118.24246,35.6041],[-118.24054,35.59791],[-118.24031,35.59046],[-118.24452,35.58453],[-118.24879,35.58073],[-118.25128,35.57565],[-118.25026,35.57035],[-118.24602,35.56566],[-118.24201,35.56423],[-118.23706,35.56159],[-118.23713,35.55849],[-118.23601,35.55763],[-118.22832,35.55743],[-118.21659,35.55499],[-118.21118,35.5506],[-118.20727,35.54944],[-118.19899,35.5531],[-118.19749,35.55449],[-118.19068,35.55876],[-118.18045,35.55958],[-118.17641,35.5605],[-118.17192,35.55816],[-118.16551,35.5569],[-118.16663,35.52813],[-118.15705,35.52816],[-118.15699,35.44904],[-118.20115,35.44953],[-118.20428,35.45169],[-118.20452,35.45313],[-118.2073,35.45447],[-118.21095,35.4605],[-118.21198,35.46108],[-118.21483,35.45905],[-118.21899,35.45156],[-118.22415,35.45074],[-118.22457,35.44792],[-118.22743,35.44595],[-118.23085,35.44024],[-118.23179,35.4347],[-118.23129,35.43099],[-118.23465,35.43229],[-118.23803,35.43071],[-118.24249,35.42757],[-118.24767,35.42821],[-118.24828,35.42959],[-118.25069,35.43001],[-118.24886,35.42811],[-118.24864,35.42497],[-118.25193,35.41926],[-118.25557,35.41878],[-118.25615,35.41783],[-118.24286,35.4134],[-118.23672,35.41307],[-118.23282,35.41209],[-118.22919,35.40929],[-118.22161,35.40499],[-118.21957,35.39732],[-118.21591,35.39297],[-118.2171,35.38902],[-118.21709,35.37782],[-118.22314,35.37777],[-118.22592,35.3743],[-118.22687,35.37019],[-118.22802,35.36852],[-118.22892,35.36117],[-118.22982,35.36018],[-118.23363,35.35947],[-118.23682,35.35989],[-118.24361,35.35729],[-118.25007,35.36052],[-118.25362,35.3635],[-118.26408,35.36647],[-118.26504,35.36841],[-118.26764,35.37053],[-118.27259,35.37148],[-118.27534,35.37347],[-118.27895,35.37445],[-118.28068,35.37385],[-118.28244,35.37607],[-118.28494,35.37716],[-118.28649,35.38067],[-118.29042,35.38007],[-118.2926,35.37761],[-118.29391,35.38333],[-118.2986,35.38615],[-118.29858,35.38999],[-118.30406,35.39134],[-118.30315,35.394],[-118.30647,35.3936],[-118.30814,35.39534],[-118.30839,35.39782],[-118.30733,35.3998],[-118.30867,35.40063],[-118.30813,35.40537],[-118.30661,35.40668],[-118.30785,35.40891],[-118.30956,35.41539],[-118.31243,35.41982],[-118.31313,35.42343],[-118.3145,35.42518],[-118.3164,35.43048],[-118.31859,35.43244],[-118.3211,35.43699],[-118.3245,35.43909],[-118.32415,35.4406],[-118.32617,35.44405],[-118.33229,35.44323],[-118.33469,35.44616],[-118.33791,35.44807],[-118.33881,35.45071],[-118.34262,35.45328],[-118.34237,35.45579],[-118.34566,35.45939],[-118.35185,35.45963],[-118.35847,35.45821],[-118.3567,35.4569],[-118.35777,35.4553],[-118.36155,35.45555],[-118.36359,35.45353],[-118.36464,35.45442],[-118.36794,35.45397],[-118.37127,35.45233],[-118.37416,35.45319],[-118.37678,35.45134],[-118.37716,35.44817],[-118.3791,35.44709],[-118.38121,35.44411],[-118.37945,35.44837],[-118.38385,35.45833],[-118.38732,35.46094],[-118.39005,35.4646],[-118.39113,35.46623],[-118.38897,35.4708],[-118.3921,35.47691],[-118.39252,35.47979],[-118.39436,35.48125],[-118.39396,35.48969],[-118.39496,35.49243],[-118.39885,35.49407],[-118.39982,35.49534],[-118.39857,35.49994],[-118.40136,35.50324],[-118.40598,35.50686],[-118.40998,35.51924],[-118.41304,35.52229],[-118.4162,35.5234],[-118.41849,35.52199],[-118.42035,35.52251],[-118.42277,35.52107],[-118.42475,35.52487],[-118.4263,35.52441],[-118.42878,35.52609],[-118.43099,35.52595],[-118.43324,35.52829],[-118.43701,35.52938],[-118.43843,35.53094],[-118.44264,35.53192],[-118.44265,35.53469],[-118.44546,35.53468],[-118.44921,35.53759],[-118.45232,35.53555],[-118.45467,35.5351],[-118.45583,35.53756],[-118.45976,35.5429],[-118.46094,35.54738],[-118.46396,35.55106],[-118.46397,35.55276],[-118.46579,35.55395],[-118.46514,35.55595],[-118.46632,35.55801],[-118.44056,35.55785],[-118.38043,35.55769]]]]}},{"type":"Feature","properties":{"zcta":"93561","d":50},"geometry":{"type":"Polygon","coordinates":[[[-118.68104,35.23812],[-118.66621,35.23844],[-118.66616,35.23574],[-118.65388,35.23215],[-118.64747,35.22947],[-118.64547,35.22933],[-118.64337,35.23098],[-118.6419,35.22969],[-118.64239,35.22764],[-118.64001,35.22565],[-118.63923,35.22238],[-118.64306,35.21618],[-118.64386,35.21149],[-118.6428,35.20966],[-118.63126,35.2097],[-118.62701,35.20876],[-118.62687,35.20623],[-118.62234,35.20472],[-118.62234,35.19844],[-118.61651,35.19847],[-118.61714,35.20014],[-118.61061,35.19905],[-118.60721,35.19923],[-118.59255,35.18846],[-118.58754,35.18995],[-118.58121,35.19269],[-118.5765,35.194],[-118.57571,35.19595],[-118.57298,35.1974],[-118.5727,35.19911],[-118.57096,35.19906],[-118.56922,35.20157],[-118.56555,35.20318],[-118.5653,35.20523],[-118.56201,35.20821],[-118.56118,35.21219],[-118.55797,35.21478],[-118.55455,35.21473],[-118.55727,35.2182],[-118.55792,35.22036],[-118.55637,35.22008],[-118.55359,35.21804],[-118.55113,35.21514],[-118.54115,35.20998],[-118.53485,35.2074],[-118.53001,35.20367],[-118.51897,35.19867],[-118.50645,35.19015],[-118.50337,35.18649],[-118.49588,35.18232],[-118.48903,35.18122],[-118.48131,35.17688],[-118.47907,35.17365],[-118.47421,35.16894],[-118.47323,35.16415],[-118.47385,35.16064],[-118.4737,35.15662],[-118.46938,35.14937],[-118.4695,35.14377],[-118.46733,35.14145],[-118.46602,35.14264],[-118.46845,35.14393],[-118.46638,35.14838],[-118.46347,35.14976],[-118.46132,35.15212],[-118.4574,35.151],[-118.45364,35.15068],[-118.45244,35.15288],[-118.45269,35.15879],[-118.45177,35.15973],[-118.45425,35.16373],[-118.44957,35.16905],[-118.44642,35.17051],[-118.44533,35.16998],[-118.44162,35.1715],[-118.43984,35.17065],[-118.43356,35.17175],[-118.43209,35.17342],[-118.42958,35.17397],[-118.42949,35.17699],[-118.43125,35.17921],[-118.42902,35.1793],[-118.42857,35.18144],[-118.42576,35.17888],[-118.42386,35.17894],[-118.42559,35.18265],[-118.42251,35.18043],[-118.41826,35.17943],[-118.41474,35.1775],[-118.41362,35.17303],[-118.4094,35.16878],[-118.40268,35.16793],[-118.39165,35.16492],[-118.38569,35.1616],[-118.38394,35.15966],[-118.38099,35.14933],[-118.37951,35.14128],[-118.37866,35.14114],[-118.37809,35.15503],[-118.37778,35.16996],[-118.39642,35.1912],[-118.39566,35.19326],[-118.39036,35.19556],[-118.3899,35.19762],[-118.39162,35.20088],[-118.39098,35.20675],[-118.38594,35.20604],[-118.38468,35.2075],[-118.38108,35.20789],[-118.3783,35.20485],[-118.37604,35.20587],[-118.37465,35.20921],[-118.37076,35.20716],[-118.36685,35.20925],[-118.36453,35.21143],[-118.36525,35.21491],[-118.36738,35.21937],[-118.36399,35.21657],[-118.36318,35.21886],[-118.35993,35.21892],[-118.35747,35.22013],[-118.35456,35.21763],[-118.34967,35.21695],[-118.34645,35.21734],[-118.34315,35.21962],[-118.34198,35.2217],[-118.3382,35.22235],[-118.32645,35.22251],[-118.31721,35.22014],[-118.3045,35.2192],[-118.29507,35.21731],[-118.29064,35.21747],[-118.28871,35.21841],[-118.28448,35.22219],[-118.28217,35.22266],[-118.27408,35.22235],[-118.26854,35.22352],[-118.26849,35.18269],[-118.27301,35.18243],[-118.27264,35.17769],[-118.27286,35.1476],[-118.27611,35.14825],[-118.28062,35.14603],[-118.27859,35.1431],[-118.28124,35.14287],[-118.28452,35.14028],[-118.28833,35.13591],[-118.2874,35.13494],[-118.28843,35.13279],[-118.29278,35.12985],[-118.29465,35.12624],[-118.29488,35.12326],[-118.29354,35.12102],[-118.29318,35.11749],[-118.29549,35.11598],[-118.29803,35.11122],[-118.29959,35.11087],[-118.30071,35.1068],[-118.30239,35.10668],[-118.30391,35.10956],[-118.30586,35.10771],[-118.31252,35.10677],[-118.31716,35.10988],[-118.32251,35.11111],[-118.32279,35.11],[-118.3265,35.11027],[-118.35005,35.11034],[-118.35303,35.11088],[-118.36767,35.11491],[-118.3791,35.11552],[-118.39655,35.12014],[-118.39657,35.1187],[-118.39424,35.11932],[-118.37903,35.1153],[-118.37302,35.11326],[-118.36869,35.11253],[-118.36795,35.11126],[-118.36112,35.10943],[-118.36149,35.10793],[-118.35757,35.10307],[-118.35425,35.10258],[-118.34623,35.0876],[-118.34238,35.07929],[-118.34297,35.07168],[-118.3504,35.06772],[-118.35234,35.06746],[-118.35353,35.06339],[-118.35917,35.06318],[-118.36065,35.06848],[-118.36286,35.07401],[-118.36328,35.07969],[-118.36537,35.07704],[-118.36949,35.07431],[-118.3721,35.0741],[-118.36462,35.05509],[-118.36384,35.05375],[-118.35959,35.05244],[-118.35799,35.0501],[-118.36312,35.04874],[-118.36671,35.04617],[-118.37135,35.0454],[-118.37566,35.04392],[-118.37751,35.04209],[-118.38091,35.04177],[-118.38427,35.03974],[-118.38811,35.03599],[-118.39248,35.03362],[-118.40144,35.02979],[-118.40655,35.02814],[-118.40834,35.02681],[-118.41607,35.02401],[-118.41861,35.02249],[-118.42257,35.02276],[-118.42623,35.02143],[-118.42742,35.01924],[-118.43266,35.01729],[-118.43649,35.01446],[-118.441,35.01356],[-118.44695,35.01035],[-118.45312,35.00352],[-118.45847,35.00175],[-118.46261,35.00153],[-118.463,34.99971],[-118.46989,34.99846],[-118.47813,34.99786],[-118.4793,34.99871],[-118.48031,34.99649],[-118.4836,34.99631],[-118.48826,34.99889],[-118.48944,34.99775],[-118.48962,34.99181],[-118.49501,34.99144],[-118.4954,34.98994],[-118.49816,34.98984],[-118.50164,34.9872],[-118.50853,34.98761],[-118.51287,34.98714],[-118.51638,34.985],[-118.52215,34.98362],[-118.52301,34.98458],[-118.52737,34.98441],[-118.52966,34.98523],[-118.53096,34.98771],[-118.53282,34.98492],[-118.53658,34.98545],[-118.53891,34.98471],[-118.53266,34.97709],[-118.5365,34.97705],[-118.53843,34.97619],[-118.53768,34.97888],[-118.54681,34.97488],[-118.55392,34.96563],[-118.55914,34.96289],[-118.56325,34.96302],[-118.56664,34.96013],[-118.5678,34.9578],[-118.57127,34.95803],[-118.57451,34.95557],[-118.58581,34.95508],[-118.58671,34.95422],[-118.59273,34.95451],[-118.59431,34.95572],[-118.59892,34.95532],[-118.60363,34.95576],[-118.60814,34.95414],[-118.61164,34.95444],[-118.60907,34.95272],[-118.63632,34.95212],[-118.63674,35.0063],[-118.63643,35.03453],[-118.64358,35.03912],[-118.6684,35.05048],[-118.67865,35.05602],[-118.68747,35.06631],[-118.69107,35.07008],[-118.69236,35.07028],[-118.69511,35.07476],[-118.70716,35.08864],[-118.71864,35.10155],[-118.72175,35.1054],[-118.73277,35.12168],[-118.73037,35.12213],[-118.72756,35.12535],[-118.72675,35.12335],[-118.72099,35.12305],[-118.71977,35.12621],[-118.72097,35.12826],[-118.72392,35.12854],[-118.72263,35.12973],[-118.72288,35.1329],[-118.72451,35.13347],[-118.72286,35.13512],[-118.72367,35.13745],[-118.72044,35.13775],[-118.71944,35.1391],[-118.71699,35.1389],[-118.71542,35.14138],[-118.7107,35.14263],[-118.70922,35.1443],[-118.70567,35.1444],[-118.7043,35.14179],[-118.69644,35.1396],[-118.69466,35.14005],[-118.69503,35.14212],[-118.69238,35.1427],[-118.69131,35.14638],[-118.69426,35.14924],[-118.69043,35.15174],[-118.68788,35.15064],[-118.68751,35.15245],[-118.68277,35.1531],[-118.68447,35.15505],[-118.68797,35.15658],[-118.68456,35.15846],[-118.68207,35.1622],[-118.68108,35.16566],[-118.75289,35.1653],[-118.75258,35.17206],[-118.74434,35.18748],[-118.74261,35.19005],[-118.72623,35.20179],[-118.72563,35.20678],[-118.72275,35.20905],[-118.72816,35.20907],[-118.72863,35.21003],[-118.7224,35.21037],[-118.71765,35.21296],[-118.71417,35.21399],[-118.71136,35.2159],[-118.71513,35.22015],[-118.71034,35.22202],[-118.70302,35.23178],[-118.69961,35.23465],[-118.69639,35.2364],[-118.69174,35.23723],[-118.69052,35.23818],[-118.68104,35.23812]],[[-118.58373,35.11657],[-118.58386,35.10897],[-118.57513,35.10902],[-118.57513,35.09836],[-118.55747,35.09828],[-118.55745,35.10913],[-118.55305,35.10921],[-118.55315,35.11647],[-118.55729,35.11647],[-118.55727,35.1236],[-118.59278,35.12349],[-118.59307,35.11624],[-118.58373,35.11657]]]}},{"type":"Feature","properties":{"zcta":"93527","d":2},"geometry":{"type":"Polygon","coordinates":[[[-117.80064,35.65142],[-117.80021,35.65079],[-117.71368,35.55101],[-117.71607,35.54993],[-117.77254,35.56177],[-117.77709,35.56425],[-117.78406,35.57474],[-117.77914,35.5669],[-117.78558,35.56139],[-117.78465,35.55698],[-117.78231,35.55303],[-117.78181,35.55069],[-117.77871,35.5435],[-117.77827,35.54118],[-117.77427,35.53602],[-117.77826,35.53831],[-117.79063,35.54469],[-117.79566,35.54366],[-117.80108,35.5442],[-117.80278,35.5428],[-117.80183,35.5388],[-117.80374,35.53781],[-117.80521,35.53922],[-117.80914,35.53831],[-117.80914,35.53604],[-117.81253,35.53099],[-117.81325,35.52711],[-117.8151,35.52466],[-117.81173,35.52471],[-117.80617,35.52353],[-117.80541,35.52119],[-117.80589,35.51567],[-117.80526,35.51308],[-117.80278,35.50928],[-117.80256,35.50401],[-117.80574,35.49229],[-117.80699,35.49007],[-117.80676,35.48704],[-117.80823,35.48533],[-117.80778,35.48379],[-117.8052,35.48274],[-117.80767,35.47975],[-117.81325,35.47754],[-117.81789,35.47883],[-117.82207,35.47811],[-117.82617,35.47583],[-117.82347,35.47472],[-117.82374,35.47233],[-117.82566,35.47127],[-117.83041,35.46897],[-117.83364,35.47033],[-117.83598,35.46952],[-117.84174,35.46939],[-117.84734,35.46774],[-117.85388,35.46403],[-117.85377,35.46221],[-117.85591,35.45958],[-117.85934,35.45875],[-117.86254,35.45588],[-117.86546,35.45478],[-117.86678,35.45615],[-117.87179,35.45537],[-117.8765,35.4524],[-117.87853,35.45313],[-117.88167,35.45029],[-117.88832,35.4521],[-117.89191,35.45258],[-117.89462,35.45531],[-117.89753,35.45134],[-117.89996,35.45144],[-117.9052,35.45527],[-117.91139,35.45816],[-117.915,35.46142],[-117.91353,35.47045],[-117.91135,35.48111],[-117.92954,35.48267],[-117.89268,35.53341],[-117.89061,35.53583],[-117.88996,35.54323],[-117.88822,35.54706],[-117.87151,35.56148],[-117.86372,35.55751],[-117.86247,35.55595],[-117.85687,35.55581],[-117.85486,35.55455],[-117.85129,35.55011],[-117.85138,35.55248],[-117.85034,35.55708],[-117.8516,35.55931],[-117.85287,35.56991],[-117.85322,35.57613],[-117.84665,35.58293],[-117.84499,35.5866],[-117.8295,35.5863],[-117.8215,35.58653],[-117.82038,35.59032],[-117.81615,35.59602],[-117.81448,35.59366],[-117.8033,35.59363],[-117.80319,35.60765],[-117.8052,35.60734],[-117.90049,35.60658],[-117.9056,35.59664],[-117.95777,35.4812],[-117.95666,35.48437],[-117.958,35.48563],[-117.96533,35.48907],[-117.96785,35.49125],[-117.97366,35.49478],[-117.98692,35.50102],[-117.97,35.52823],[-117.96781,35.53127],[-117.96809,35.53304],[-117.96592,35.53485],[-117.95092,35.5589],[-117.95329,35.56124],[-117.95031,35.56353],[-117.94779,35.56441],[-117.94449,35.56728],[-117.9427,35.56785],[-117.93253,35.57769],[-117.92931,35.58452],[-117.92149,35.59336],[-117.9226,35.59551],[-117.91867,35.59595],[-117.91664,35.59753],[-117.91337,35.60894],[-117.91045,35.61201],[-117.90537,35.6223],[-117.90434,35.62635],[-117.90041,35.63092],[-117.89897,35.63373],[-117.89643,35.63634],[-117.89632,35.63882],[-117.8947,35.64417],[-117.89456,35.64602],[-117.89445,35.64784],[-117.89099,35.65044],[-117.89016,35.65289],[-117.88766,35.65468],[-117.88639,35.65982],[-117.8885,35.66302],[-117.88517,35.6798],[-117.88239,35.68402],[-117.88313,35.68631],[-117.88716,35.68821],[-117.88915,35.69067],[-117.89201,35.69217],[-117.8952,35.69663],[-117.8921,35.70089],[-117.88547,35.71564],[-117.88609,35.71907],[-117.89096,35.72776],[-117.88529,35.72642],[-117.88379,35.72547],[-117.87814,35.72524],[-117.88013,35.74565],[-117.87121,35.75359],[-117.87066,35.75443],[-117.87292,35.79836],[-117.88593,35.79837],[-117.88973,35.83268],[-117.88771,35.83236],[-117.88342,35.82973],[-117.88377,35.83176],[-117.88981,35.83336],[-117.89068,35.83978],[-117.90091,35.83675],[-117.90439,35.83693],[-117.90256,35.84325],[-117.89994,35.85979],[-117.8963,35.87252],[-117.89564,35.87364],[-117.89669,35.87762],[-117.89675,35.88085],[-117.89874,35.88439],[-117.89896,35.88694],[-117.90117,35.89228],[-117.90035,35.89468],[-117.90149,35.89835],[-117.9052,35.89695],[-117.90601,35.9035],[-117.90789,35.90461],[-117.90735,35.90599],[-117.91107,35.90741],[-117.91538,35.9074],[-117.92052,35.881],[-117.92065,35.87495],[-117.92004,35.86545],[-117.92214,35.86259],[-117.92593,35.84671],[-117.93241,35.84748],[-117.93472,35.84889],[-117.93709,35.84834],[-117.93934,35.8505],[-117.94132,35.84774],[-117.94497,35.84558],[-117.94966,35.84529],[-117.95478,35.84753],[-117.96013,35.85343],[-117.96564,35.85363],[-117.96686,35.85122],[-117.96645,35.84896],[-117.96914,35.84672],[-117.96925,35.84528],[-117.97146,35.8452],[-117.97432,35.84683],[-117.97757,35.85271],[-117.97792,35.85462],[-117.9804,35.8542],[-117.98298,35.85586],[-117.98411,35.85794],[-117.98644,35.85742],[-117.98629,35.85498],[-117.98779,35.85344],[-117.99001,35.85334],[-117.9933,35.85563],[-117.99589,35.8544],[-117.99944,35.85466],[-118.00094,35.85671],[-118.00384,35.85778],[-118.00609,35.8599],[-118.00742,35.85818],[-118.00478,35.85127],[-118.00543,35.84327],[-118.00291,35.84129],[-118.00505,35.83908],[-118.00446,35.83609],[-118.00633,35.83119],[-118.00619,35.82904],[-118.00265,35.82539],[-117.99889,35.82376],[-118.00046,35.82028],[-118.00372,35.81828],[-118.00773,35.81708],[-118.00887,35.8122],[-118.00748,35.81],[-118.00878,35.8066],[-118.01048,35.80439],[-118.00738,35.79884],[-118.00938,35.79531],[-118.00809,35.78894],[-118.05892,35.79147],[-118.19521,35.79036],[-118.19575,35.79616],[-118.19786,35.80339],[-118.20209,35.8077],[-118.20142,35.81093],[-118.20278,35.81257],[-118.2019,35.81573],[-118.19719,35.81717],[-118.19579,35.81859],[-118.19208,35.81936],[-118.19231,35.8223],[-118.196,35.82414],[-118.19544,35.82528],[-118.19011,35.82789],[-118.18932,35.82899],[-118.19004,35.8319],[-118.19414,35.83422],[-118.19718,35.83712],[-118.20858,35.83662],[-118.21195,35.83495],[-118.21609,35.83445],[-118.21733,35.8391],[-118.21716,35.84348],[-118.21268,35.84615],[-118.21064,35.84556],[-118.20777,35.84615],[-118.20598,35.84906],[-118.20528,35.85203],[-118.20239,35.85453],[-118.20042,35.85946],[-118.20018,35.8626],[-118.20181,35.86358],[-118.20218,35.86788],[-118.20146,35.87042],[-118.19641,35.87619],[-118.19633,35.87812],[-118.19437,35.87918],[-118.19371,35.88475],[-118.19142,35.88653],[-118.18905,35.89023],[-118.18899,35.89282],[-118.18692,35.89362],[-118.18797,35.89631],[-118.19167,35.8969],[-118.1912,35.89948],[-118.18622,35.90368],[-118.18529,35.90578],[-118.18242,35.90657],[-118.17938,35.90636],[-118.17775,35.91008],[-118.17194,35.90977],[-118.16953,35.91069],[-118.1669,35.91313],[-118.16644,35.91557],[-118.16469,35.9174],[-118.16831,35.92086],[-118.16716,35.92533],[-118.16745,35.93179],[-118.16357,35.93259],[-118.16429,35.93393],[-118.16266,35.93523],[-118.16313,35.93837],[-118.16189,35.9401],[-118.16331,35.9411],[-118.1673,35.9417],[-118.16904,35.94409],[-118.16614,35.9444],[-118.16574,35.94582],[-118.16873,35.9499],[-118.16751,35.9521],[-118.16508,35.95293],[-118.16045,35.95578],[-118.16313,35.95948],[-118.16074,35.96116],[-118.15972,35.9645],[-118.15767,35.96677],[-118.15994,35.96966],[-118.15804,35.97366],[-118.15569,35.97588],[-118.15497,35.97941],[-118.15338,35.98188],[-118.15514,35.98367],[-118.153,35.98445],[-118.1521,35.98658],[-118.14955,35.98552],[-118.14709,35.98584],[-118.14653,35.98763],[-118.14775,35.98957],[-118.1498,35.99036],[-118.1508,35.99457],[-118.15012,35.99576],[-118.14688,35.99684],[-118.14579,35.99863],[-118.14398,35.99897],[-118.14435,36.00114],[-118.14599,36.00263],[-118.14246,36.00519],[-118.13969,36.00492],[-118.13809,36.00744],[-118.13775,36.01187],[-118.13603,36.01414],[-118.1326,36.01396],[-118.13183,36.01558],[-118.13484,36.01689],[-118.13413,36.02123],[-118.13674,36.02532],[-118.13634,36.02886],[-118.13388,36.03247],[-118.12975,36.03245],[-118.1325,36.03806],[-118.13214,36.04473],[-118.13047,36.04797],[-118.13077,36.05069],[-118.1329,36.05206],[-118.1309,36.05616],[-118.13103,36.06011],[-118.13203,36.06094],[-118.12964,36.06481],[-118.13004,36.06718],[-118.12903,36.07241],[-118.12729,36.07728],[-118.12221,36.08029],[-118.1174,36.08096],[-118.11382,36.08343],[-118.11282,36.08724],[-118.11598,36.094],[-118.11645,36.09693],[-118.11439,36.09889],[-118.11136,36.09906],[-118.10901,36.10025],[-118.10884,36.10181],[-118.10524,36.10221],[-118.10479,36.10399],[-118.10216,36.10623],[-118.10277,36.10855],[-118.09985,36.11081],[-118.09938,36.11388],[-118.10106,36.11509],[-118.0999,36.11657],[-118.09944,36.12187],[-118.09456,36.12292],[-118.09503,36.12589],[-118.07177,36.09589],[-118.06459,36.07612],[-118.06118,36.06299],[-118.06177,36.06098],[-118.06069,36.05721],[-118.06223,36.05248],[-118.06108,36.04971],[-118.06186,36.04364],[-118.06278,36.04178],[-118.06405,36.03486],[-118.06573,36.03238],[-118.0402,36.03239],[-118.04141,36.02984],[-118.03761,36.02974],[-118.03581,36.02334],[-118.03621,36.02024],[-118.03461,36.01434],[-118.03541,36.01304],[-118.03361,36.00894],[-118.03081,36.00704],[-118.02531,36.00484],[-118.01901,36.00334],[-118.01451,35.99994],[-118.01427,35.99851],[-118.01208,35.99831],[-118.01067,35.99174],[-118.00623,35.98976],[-118.00638,35.98676],[-118.00358,35.98372],[-118.0053,35.98051],[-118.00392,35.97884],[-118.00524,35.97697],[-118.00961,35.97818],[-118.01143,35.97423],[-118.0147,35.97245],[-118.01243,35.96972],[-118.00835,35.96884],[-118.00724,35.96693],[-118.00088,35.96463],[-118.00077,35.9623],[-117.99784,35.96044],[-117.99355,35.96134],[-117.98945,35.96035],[-117.9884,35.9617],[-117.98585,35.95999],[-117.98168,35.9617],[-117.97834,35.96151],[-117.97774,35.95853],[-117.97337,35.95726],[-117.9698,35.95926],[-117.96862,35.96252],[-117.9674,35.95987],[-117.96577,35.95934],[-117.96196,35.95398],[-117.95766,35.95605],[-117.95871,35.9579],[-117.95853,35.96294],[-117.96157,35.96535],[-117.95757,35.96676],[-117.95728,35.96891],[-117.95491,35.96639],[-117.95664,35.97081],[-117.96324,35.97082],[-117.9568,35.97351],[-117.95292,35.97376],[-117.95003,35.97507],[-117.94502,35.97062],[-117.94456,35.96841],[-117.94203,35.96314],[-117.94141,35.96066],[-117.93691,35.95702],[-117.92733,35.95256],[-117.91914,35.95612],[-117.91635,35.95789],[-117.91241,35.95834],[-117.91808,35.9649],[-117.91923,35.96675],[-117.92404,35.97754],[-117.9204,35.97703],[-117.91289,35.97774],[-117.90938,35.98387],[-117.90542,35.98513],[-117.90322,35.98396],[-117.9013,35.98473],[-117.89995,35.98346],[-117.89949,35.97812],[-117.89504,35.97415],[-117.89406,35.98841],[-117.88919,35.9898],[-117.88874,35.9835],[-117.88912,35.9382],[-117.88749,35.88417],[-117.88601,35.8841],[-117.88608,35.87756],[-117.87531,35.87732],[-117.87576,35.86292],[-117.87322,35.86275],[-117.87343,35.85479],[-117.87056,35.8551],[-117.87066,35.85138],[-117.8641,35.83458],[-117.86041,35.83475],[-117.8605,35.82499],[-117.85998,35.81877],[-117.85815,35.81864],[-117.85547,35.81134],[-117.85566,35.80553],[-117.85317,35.80511],[-117.85125,35.7999],[-117.84875,35.79569],[-117.84878,35.79268],[-117.81487,35.70321],[-117.81257,35.69565],[-117.80715,35.68123],[-117.79596,35.65207],[-117.80064,35.65142]]]}},{"type":"Feature","properties":{"zcta":"93581","d":0},"geometry":{"type":"Polygon","coordinates":[[[-118.59278,35.12349],[-118.55727,35.1236],[-118.55729,35.11647],[-118.55315,35.11647],[-118.55305,35.10921],[-118.55745,35.10913],[-118.55747,35.09828],[-118.57513,35.09836],[-118.57513,35.10902],[-118.58386,35.10897],[-118.58373,35.11657],[-118.59307,35.11624],[-118.59278,35.12349]]]}},{"type":"Feature","properties":{"zcta":"93241","d":1549},"geometry":{"type":"Polygon","coordinates":[[[-118.92337,35.25973],[-118.92333,35.26697],[-118.91439,35.26698],[-118.91436,35.28155],[-118.9053,35.2816],[-118.90527,35.26703],[-118.9015,35.26704],[-118.90179,35.26493],[-118.90386,35.26076],[-118.9026,35.25762],[-118.89963,35.25517],[-118.89867,35.25248],[-118.89645,35.25249],[-118.89614,35.22351],[-118.91446,35.22338],[-118.91443,35.23784],[-118.93218,35.23783],[-118.93213,35.25975],[-118.92337,35.25973]]]}},{"type":"Feature","properties":{"zcta":"93251","d":0},"geometry":{"type":"Polygon","coordinates":[[[-119.71252,35.45473],[-119.70972,35.45494],[-119.70731,35.45917],[-119.71505,35.46704],[-119.72842,35.48451],[-119.72476,35.48455],[-119.72508,35.49906],[-119.71616,35.49908],[-119.71636,35.50647],[-119.70746,35.5065],[-119.70752,35.52096],[-119.68973,35.52101],[-119.68967,35.50653],[-119.65426,35.50665],[-119.65427,35.49931],[-119.67196,35.49922],[-119.67173,35.47735],[-119.67517,35.47732],[-119.67204,35.47227],[-119.67126,35.46785],[-119.67352,35.46677],[-119.67705,35.46638],[-119.67537,35.46522],[-119.67481,35.46284],[-119.67764,35.46153],[-119.67887,35.45993],[-119.68745,35.45636],[-119.68566,35.45512],[-119.65211,35.41214],[-119.59379,35.412],[-119.58951,35.40912],[-119.58936,35.39909],[-119.59061,35.39782],[-119.64103,35.39783],[-119.61852,35.36879],[-119.60714,35.36882],[-119.6067,35.36816],[-119.60692,35.31299],[-119.60711,35.30014],[-119.60721,35.2963],[-119.62465,35.29578],[-119.62464,35.29016],[-119.62228,35.28174],[-119.63006,35.28147],[-119.62728,35.28038],[-119.62489,35.28062],[-119.62483,35.27802],[-119.62302,35.27719],[-119.62008,35.27087],[-119.61822,35.27585],[-119.61038,35.26586],[-119.63722,35.264],[-119.644,35.27115],[-119.65133,35.27814],[-119.65668,35.27693],[-119.65981,35.27899],[-119.67168,35.28836],[-119.67509,35.29139],[-119.68107,35.28521],[-119.68616,35.28407],[-119.69064,35.28135],[-119.69735,35.2788],[-119.70701,35.27926],[-119.70298,35.28617],[-119.70799,35.28783],[-119.70998,35.2868],[-119.71334,35.28756],[-119.71813,35.28645],[-119.72211,35.28271],[-119.72563,35.28165],[-119.73131,35.27516],[-119.73758,35.27148],[-119.74328,35.27761],[-119.74782,35.27772],[-119.74342,35.28124],[-119.74407,35.28369],[-119.74574,35.28446],[-119.75064,35.28273],[-119.75515,35.28225],[-119.757,35.28105],[-119.76031,35.28131],[-119.75601,35.28651],[-119.75797,35.28805],[-119.75827,35.29128],[-119.76242,35.29485],[-119.76503,35.29545],[-119.76917,35.2935],[-119.77596,35.29228],[-119.77597,35.29574],[-119.77785,35.29699],[-119.77621,35.30182],[-119.77458,35.30382],[-119.77703,35.30431],[-119.77853,35.30638],[-119.78193,35.30643],[-119.78192,35.30874],[-119.78778,35.30957],[-119.78712,35.31258],[-119.78893,35.31204],[-119.79161,35.31376],[-119.79204,35.31732],[-119.79606,35.31668],[-119.79662,35.31852],[-119.795,35.32025],[-119.791,35.32259],[-119.78489,35.32416],[-119.78282,35.32747],[-119.7831,35.32951],[-119.78204,35.33336],[-119.78251,35.3344],[-119.78535,35.33435],[-119.7922,35.33706],[-119.79203,35.33978],[-119.78993,35.34125],[-119.78975,35.34387],[-119.79124,35.34641],[-119.79107,35.34981],[-119.78535,35.35207],[-119.78441,35.35503],[-119.78672,35.35879],[-119.7887,35.36332],[-119.79065,35.36414],[-119.79279,35.36847],[-119.79214,35.37035],[-119.78799,35.37506],[-119.78627,35.3785],[-119.78601,35.38079],[-119.78738,35.38408],[-119.78869,35.38415],[-119.78815,35.38818],[-119.7866,35.3872],[-119.78263,35.38805],[-119.77592,35.38765],[-119.77413,35.39039],[-119.76719,35.39494],[-119.76682,35.40473],[-119.76251,35.40122],[-119.76068,35.401],[-119.75671,35.40248],[-119.75723,35.40534],[-119.75635,35.40679],[-119.75557,35.40391],[-119.75634,35.40264],[-119.75154,35.40267],[-119.74981,35.40185],[-119.74971,35.39754],[-119.74835,35.39749],[-119.74838,35.39195],[-119.74387,35.39205],[-119.7493,35.38831],[-119.74713,35.38814],[-119.74846,35.38547],[-119.75544,35.37932],[-119.75824,35.37555],[-119.75809,35.37405],[-119.75171,35.37149],[-119.74434,35.37046],[-119.73831,35.36914],[-119.73287,35.36647],[-119.71988,35.36243],[-119.71596,35.36009],[-119.71311,35.35936],[-119.69678,35.37367],[-119.69275,35.37814],[-119.69641,35.38294],[-119.71159,35.38304],[-119.7132,35.38515],[-119.71695,35.38755],[-119.71848,35.38996],[-119.72028,35.39006],[-119.72379,35.39314],[-119.73061,35.39748],[-119.73335,35.39875],[-119.7362,35.4019],[-119.73162,35.40474],[-119.73011,35.40392],[-119.7227,35.40392],[-119.73031,35.41253],[-119.7286,35.41282],[-119.73039,35.41552],[-119.73325,35.41541],[-119.74027,35.42305],[-119.74312,35.42351],[-119.74952,35.41851],[-119.75302,35.41687],[-119.75397,35.41346],[-119.7561,35.41401],[-119.75617,35.41654],[-119.75755,35.41756],[-119.7561,35.41877],[-119.75531,35.42223],[-119.75855,35.4233],[-119.76118,35.42294],[-119.76459,35.42527],[-119.7673,35.42562],[-119.76735,35.43129],[-119.77021,35.42861],[-119.77809,35.43221],[-119.78394,35.43352],[-119.78226,35.43482],[-119.77625,35.43734],[-119.77623,35.44107],[-119.79654,35.44112],[-119.79632,35.45473],[-119.79608,35.45521],[-119.79705,35.48408],[-119.77711,35.46416],[-119.76869,35.45477],[-119.76981,35.44846],[-119.76332,35.44823],[-119.76328,35.44106],[-119.71902,35.4409],[-119.7181,35.44313],[-119.71964,35.4431],[-119.71976,35.44958],[-119.71581,35.45146],[-119.71478,35.45274],[-119.71252,35.45473]]]}},{"type":"Feature","properties":{"zcta":"93252","d":1},"geometry":{"type":"Polygon","coordinates":[[[-119.37603,35.09387],[-119.37621,35.10108],[-119.33793,35.10131],[-119.31404,35.10121],[-119.31391,35.08737],[-119.30412,35.08667],[-119.29611,35.08524],[-119.29617,35.07727],[-119.27713,35.0583],[-119.27318,35.05439],[-119.26929,35.04953],[-119.26399,35.04519],[-119.26014,35.04134],[-119.25155,35.03277],[-119.25992,35.03263],[-119.25975,35.02539],[-119.26855,35.0253],[-119.26848,35.01813],[-119.25085,35.01829],[-119.25088,35.02],[-119.24705,35.01897],[-119.24232,35.01902],[-119.2424,35.01794],[-119.24616,35.01202],[-119.24693,35.00894],[-119.24423,35.0037],[-119.27758,35.00344],[-119.27755,35.01755],[-119.29528,35.01729],[-119.29438,35.01058],[-119.29027,34.99985],[-119.29138,34.9971],[-119.29352,34.99547],[-119.29591,34.99536],[-119.29764,34.99403],[-119.30096,34.99362],[-119.3059,34.9921],[-119.30778,34.99498],[-119.31152,34.9991],[-119.31383,34.99848],[-119.31601,35.00109],[-119.32508,35.00509],[-119.33048,35.00686],[-119.33399,35.01033],[-119.34048,35.01291],[-119.33918,35.0167],[-119.34781,35.0175],[-119.35137,35.01657],[-119.35652,35.014],[-119.3606,35.01435],[-119.36329,35.01119],[-119.36084,35.01033],[-119.36373,35.00546],[-119.36757,35.00171],[-119.3694,34.9971],[-119.37478,34.99392],[-119.37815,34.99138],[-119.38167,34.98961],[-119.38178,34.98762],[-119.3851,34.98628],[-119.38359,34.98384],[-119.38423,34.98114],[-119.38322,34.97969],[-119.38028,34.98028],[-119.38135,34.97877],[-119.3793,34.97497],[-119.37963,34.97006],[-119.38155,34.97159],[-119.38682,34.97193],[-119.39051,34.96884],[-119.3923,34.96864],[-119.39395,34.97456],[-119.3966,34.97383],[-119.39926,34.97573],[-119.40157,34.97517],[-119.40235,34.97725],[-119.40409,34.97735],[-119.40884,34.97561],[-119.41433,34.96914],[-119.41339,34.96367],[-119.4073,34.95548],[-119.40648,34.95357],[-119.39796,34.95222],[-119.39224,34.95304],[-119.38955,34.9503],[-119.38738,34.94612],[-119.38309,34.94422],[-119.38179,34.94116],[-119.38127,34.93459],[-119.38232,34.93004],[-119.38684,34.93098],[-119.38826,34.92834],[-119.39301,34.92817],[-119.39139,34.92376],[-119.3928,34.92111],[-119.3908,34.91783],[-119.39232,34.91524],[-119.39814,34.9154],[-119.40116,34.91421],[-119.3951,34.91104],[-119.39281,34.90776],[-119.3895,34.9078],[-119.37863,34.90463],[-119.38199,34.90075],[-119.3834,34.89474],[-119.38298,34.87965],[-119.38185,34.87399],[-119.35553,34.87368],[-119.35553,34.87254],[-119.27643,34.87248],[-119.27724,34.85728],[-119.24258,34.8576],[-119.24253,34.81432],[-119.17193,34.81359],[-119.15571,34.81347],[-119.15604,34.75355],[-119.15487,34.75327],[-119.15472,34.72713],[-119.1545,34.70812],[-119.15714,34.56135],[-119.26421,34.56086],[-119.26272,34.56613],[-119.2603,34.56873],[-119.25876,34.5725],[-119.25896,34.57509],[-119.25727,34.57697],[-119.2606,34.5822],[-119.26293,34.58466],[-119.26602,34.58416],[-119.2689,34.58489],[-119.27061,34.5833],[-119.27351,34.58395],[-119.27509,34.58654],[-119.27756,34.58653],[-119.28195,34.58773],[-119.28342,34.58982],[-119.28801,34.59136],[-119.29161,34.5903],[-119.29541,34.59217],[-119.29983,34.59236],[-119.30184,34.59515],[-119.30482,34.59426],[-119.30929,34.59546],[-119.31126,34.59433],[-119.31455,34.59403],[-119.31651,34.59507],[-119.32258,34.5964],[-119.32763,34.59585],[-119.33569,34.59915],[-119.33858,34.60216],[-119.34151,34.6028],[-119.34538,34.60043],[-119.34884,34.6012],[-119.35241,34.60532],[-119.35564,34.60666],[-119.36037,34.60613],[-119.3648,34.60807],[-119.37221,34.616],[-119.37246,34.6205],[-119.37151,34.62316],[-119.37207,34.62758],[-119.3713,34.63026],[-119.37236,34.63254],[-119.37344,34.63958],[-119.37712,34.64468],[-119.37651,34.6464],[-119.37328,34.64739],[-119.37541,34.64905],[-119.38381,34.64832],[-119.38572,34.64904],[-119.38601,34.64501],[-119.38805,34.64146],[-119.39216,34.64145],[-119.39919,34.64026],[-119.40308,34.63861],[-119.40552,34.63876],[-119.40802,34.63747],[-119.41057,34.63753],[-119.41391,34.6405],[-119.41741,34.6418],[-119.41923,34.6397],[-119.42059,34.64056],[-119.4239,34.63738],[-119.42682,34.63773],[-119.42932,34.63639],[-119.43035,34.63712],[-119.434,34.63454],[-119.43653,34.63668],[-119.43912,34.63608],[-119.43911,34.63333],[-119.44244,34.62998],[-119.44308,34.73326],[-119.44382,34.7785],[-119.44215,34.77852],[-119.44215,34.78035],[-119.44717,34.78384],[-119.44884,34.78673],[-119.45156,34.78925],[-119.45517,34.79044],[-119.46263,34.79735],[-119.46606,34.80485],[-119.48043,34.81963],[-119.53774,34.82017],[-119.53457,34.8163],[-119.53682,34.8118],[-119.54866,34.81199],[-119.56232,34.81175],[-119.56369,34.81546],[-119.56144,34.81776],[-119.55706,34.81877],[-119.55636,34.82015],[-119.55031,34.82608],[-119.55071,34.8272],[-119.54881,34.82962],[-119.54585,34.83602],[-119.54237,34.8399],[-119.54962,34.83981],[-119.54964,34.85455],[-119.56722,34.85467],[-119.56721,34.85974],[-119.56918,34.86277],[-119.56708,34.86413],[-119.56691,34.86897],[-119.57982,34.869],[-119.57895,34.87122],[-119.58171,34.87432],[-119.58173,34.87947],[-119.57981,34.88362],[-119.57985,34.88521],[-119.57798,34.88898],[-119.57791,34.89799],[-119.59547,34.89805],[-119.59535,34.9054],[-119.58674,34.90542],[-119.58662,34.91275],[-119.59535,34.9127],[-119.59525,34.92744],[-119.59076,34.92743],[-119.59056,34.92451],[-119.58616,34.92409],[-119.58225,34.92146],[-119.58181,34.92003],[-119.57767,34.91913],[-119.57766,34.92113],[-119.5729,34.91819],[-119.56414,34.91394],[-119.55514,34.90855],[-119.55545,34.90779],[-119.54993,34.90522],[-119.54513,34.90128],[-119.54183,34.90012],[-119.53871,34.89772],[-119.52195,34.8977],[-119.52145,34.91272],[-119.51239,34.91298],[-119.51257,34.91431],[-119.51272,34.9354],[-119.5134,34.93615],[-119.53525,34.93416],[-119.56726,34.93431],[-119.56719,34.95691],[-119.56118,34.95561],[-119.55776,34.95433],[-119.55947,34.96021],[-119.55876,34.96263],[-119.55534,34.96301],[-119.55365,34.96547],[-119.5548,34.97207],[-119.55651,34.97465],[-119.55532,34.97691],[-119.5529,34.97728],[-119.5511,34.98135],[-119.54826,34.98321],[-119.54734,34.9861],[-119.54882,34.98804],[-119.55212,34.98891],[-119.55225,34.99046],[-119.54183,34.99052],[-119.54194,34.9954],[-119.54314,34.99787],[-119.53668,34.99656],[-119.53248,34.99762],[-119.53141,34.99912],[-119.53355,35.00544],[-119.53261,35.0085],[-119.53073,35.01115],[-119.52839,35.01167],[-119.52776,35.01314],[-119.5248,35.01339],[-119.52297,35.0152],[-119.51752,35.01111],[-119.50856,35.00603],[-119.50037,34.99966],[-119.48934,34.99494],[-119.48375,34.99016],[-119.48202,34.99004],[-119.4785,34.98749],[-119.4732,34.98463],[-119.47357,34.93789],[-119.46855,34.9386],[-119.46598,34.93993],[-119.45607,34.94697],[-119.45134,34.95214],[-119.44912,34.95847],[-119.44614,34.96316],[-119.44404,34.96504],[-119.43891,34.9677],[-119.43555,34.97498],[-119.43502,34.98252],[-119.4309,34.9891],[-119.43082,34.99168],[-119.42893,34.99344],[-119.42586,34.99369],[-119.42134,34.99513],[-119.41978,34.99818],[-119.42137,35.0021],[-119.42026,35.0044],[-119.41791,35.00506],[-119.41576,35.00401],[-119.41391,35.00064],[-119.41112,35.00004],[-119.40921,35.00136],[-119.40914,35.00501],[-119.3952,34.99508],[-119.39424,35.00011],[-119.39136,35.00349],[-119.38978,35.00397],[-119.38825,35.01055],[-119.39012,35.01262],[-119.39333,35.011],[-119.3954,35.01087],[-119.39786,35.01389],[-119.40095,35.014],[-119.40254,35.01246],[-119.40655,35.01632],[-119.41081,35.01532],[-119.41278,35.01361],[-119.4158,35.01851],[-119.41904,35.03051],[-119.41935,35.0341],[-119.42055,35.03821],[-119.42026,35.04253],[-119.42371,35.03972],[-119.42704,35.03998],[-119.42818,35.04098],[-119.43089,35.03963],[-119.43154,35.04132],[-119.42954,35.045],[-119.43027,35.04879],[-119.43002,35.05925],[-119.42853,35.0598],[-119.42818,35.06237],[-119.42459,35.06416],[-119.42606,35.06565],[-119.42059,35.0671],[-119.41737,35.06697],[-119.41356,35.06905],[-119.41341,35.07258],[-119.40932,35.07339],[-119.41027,35.07678],[-119.41276,35.07675],[-119.41634,35.08001],[-119.41903,35.08119],[-119.4194,35.07814],[-119.42113,35.07656],[-119.46124,35.07666],[-119.45927,35.07967],[-119.45935,35.08175],[-119.45649,35.08342],[-119.45517,35.08793],[-119.45746,35.09112],[-119.45991,35.09123],[-119.46156,35.09285],[-119.46206,35.09518],[-119.4604,35.09779],[-119.4617,35.09947],[-119.46094,35.10384],[-119.46391,35.10453],[-119.46737,35.10839],[-119.46339,35.10788],[-119.46042,35.10623],[-119.4575,35.1075],[-119.45256,35.10685],[-119.45009,35.10887],[-119.44491,35.1077],[-119.4381,35.11082],[-119.43877,35.11212],[-119.4363,35.11493],[-119.42952,35.11511],[-119.42957,35.10752],[-119.42256,35.10796],[-119.42073,35.10607],[-119.42026,35.09362],[-119.39461,35.09346],[-119.37603,35.09387]]]}},{"type":"Feature","properties":{"zcta":"93308","d":66},"geometry":{"type":"Polygon","coordinates":[[[-119.26874,35.55824],[-119.26859,35.57247],[-119.2461,35.57253],[-119.24589,35.59096],[-119.24117,35.59861],[-119.24117,35.60188],[-119.2114,35.602],[-119.20954,35.59476],[-119.20565,35.59002],[-119.19964,35.56407],[-119.19753,35.55848],[-119.18662,35.5586],[-119.18663,35.57309],[-119.17778,35.57311],[-119.17771,35.57847],[-119.17687,35.57923],[-119.17777,35.58202],[-119.18134,35.58608],[-119.18342,35.5875],[-119.16887,35.58764],[-119.16885,35.60206],[-119.08758,35.6025],[-119.08695,35.60789],[-119.08695,35.61319],[-119.08527,35.62446],[-119.08522,35.63225],[-119.07644,35.63135],[-119.05886,35.63156],[-119.05917,35.62708],[-119.05604,35.62774],[-119.05334,35.62451],[-119.05002,35.6244],[-119.05005,35.62294],[-119.05208,35.62005],[-119.05165,35.61792],[-119.05363,35.61399],[-119.04637,35.61849],[-119.04398,35.61932],[-119.03024,35.62139],[-119.0227,35.62017],[-119.0214,35.61761],[-119.02329,35.61267],[-119.02086,35.605],[-119.02234,35.60196],[-119.02635,35.60254],[-119.03192,35.60072],[-119.03575,35.60042],[-119.02742,35.55302],[-119.02523,35.53999],[-119.02844,35.53994],[-119.02859,35.53011],[-119.03613,35.53012],[-119.0375,35.5245],[-119.03765,35.50656],[-119.04203,35.50666],[-119.04199,35.50312],[-119.03785,35.50305],[-119.03826,35.4989],[-119.04679,35.49894],[-119.0471,35.47035],[-119.03829,35.47034],[-119.03847,35.4593],[-119.02791,35.45965],[-119.02194,35.45731],[-119.02085,35.45967],[-119.01871,35.46136],[-119.01624,35.46112],[-119.0158,35.45788],[-119.01197,35.45551],[-119.0116,35.45365],[-119.00743,35.4584],[-119.00276,35.46162],[-119.00154,35.46152],[-118.99914,35.45855],[-118.99564,35.45608],[-118.99309,35.45518],[-118.99165,35.45335],[-118.99055,35.44882],[-118.99079,35.44555],[-118.98914,35.44311],[-118.98861,35.43918],[-118.99053,35.43836],[-118.98955,35.43536],[-118.98994,35.43058],[-118.98958,35.42687],[-118.97954,35.42691],[-118.97477,35.42793],[-118.95768,35.42767],[-118.95547,35.42831],[-118.95357,35.43214],[-118.94979,35.43465],[-118.9497,35.44145],[-118.95776,35.44146],[-118.95755,35.45585],[-118.93836,35.45591],[-118.94088,35.46421],[-118.94426,35.4693],[-118.94519,35.47229],[-118.94322,35.476],[-118.93903,35.47996],[-118.93967,35.48527],[-118.93776,35.48684],[-118.9369,35.48971],[-118.9327,35.49148],[-118.93463,35.49168],[-118.93526,35.49546],[-118.93751,35.49588],[-118.93576,35.49786],[-118.93675,35.49919],[-118.90513,35.49944],[-118.89973,35.49937],[-118.90135,35.50135],[-118.90147,35.50678],[-118.90358,35.50982],[-118.90098,35.51197],[-118.90082,35.51499],[-118.9056,35.51414],[-118.91092,35.51562],[-118.91534,35.51796],[-118.91865,35.51876],[-118.92386,35.5166],[-118.9272,35.51709],[-118.92974,35.52182],[-118.93249,35.52461],[-118.93697,35.52634],[-118.93543,35.52803],[-118.93244,35.52734],[-118.9289,35.53191],[-118.92915,35.53601],[-118.93033,35.53817],[-118.92917,35.53869],[-118.9305,35.5412],[-118.93156,35.54594],[-118.93268,35.54385],[-118.93706,35.53887],[-118.94362,35.5321],[-118.9445,35.52926],[-118.95219,35.5295],[-118.95342,35.52997],[-118.95915,35.52911],[-118.95924,35.5144],[-118.95816,35.47751],[-118.95945,35.47891],[-118.96247,35.47401],[-118.96566,35.475],[-118.96951,35.4813],[-118.9729,35.48498],[-118.97563,35.48487],[-118.97701,35.48328],[-118.97674,35.48024],[-118.97874,35.4746],[-118.98013,35.47368],[-118.98061,35.47072],[-118.98398,35.47032],[-118.98634,35.46865],[-118.98958,35.46771],[-118.98951,35.46946],[-118.98711,35.47196],[-118.99124,35.47456],[-118.9893,35.47602],[-118.99128,35.47796],[-118.99088,35.48048],[-118.99349,35.47874],[-118.99498,35.48477],[-118.99637,35.48482],[-118.9996,35.4809],[-119.00336,35.48101],[-119.00607,35.47898],[-119.01055,35.47861],[-119.01406,35.48059],[-119.02026,35.47549],[-119.0217,35.47369],[-119.02512,35.47264],[-119.02647,35.4754],[-119.02671,35.48063],[-119.02746,35.48461],[-119.00937,35.48475],[-119.00519,35.48769],[-119.00674,35.49284],[-119.00788,35.49295],[-119.01021,35.49578],[-119.00901,35.49724],[-119.00836,35.50177],[-119.01051,35.50307],[-119.01149,35.50606],[-119.01817,35.50806],[-119.01589,35.50875],[-119.01407,35.51217],[-119.01102,35.51194],[-119.00914,35.51386],[-119.00611,35.51472],[-119.01483,35.52305],[-119.01778,35.52434],[-119.01963,35.52768],[-119.02222,35.53011],[-118.97805,35.52994],[-118.97389,35.52983],[-118.97195,35.52838],[-118.96584,35.52976],[-118.96258,35.52969],[-118.95982,35.53545],[-118.95853,35.55271],[-118.95862,35.55611],[-118.95528,35.56239],[-118.95861,35.5709],[-118.95871,35.58054],[-118.95949,35.58633],[-118.96054,35.58827],[-118.96738,35.5918],[-118.9712,35.59243],[-118.97078,35.59442],[-118.96804,35.59745],[-118.97083,35.60425],[-118.9716,35.61163],[-118.95523,35.60615],[-118.95122,35.60576],[-118.9461,35.60875],[-118.9384,35.61147],[-118.93253,35.61141],[-118.92368,35.6093],[-118.91998,35.61054],[-118.91968,35.61653],[-118.94022,35.61684],[-118.94031,35.64114],[-118.94098,35.64464],[-118.93711,35.65104],[-118.93458,35.65334],[-118.93067,35.65476],[-118.92746,35.65826],[-118.92326,35.65898],[-118.91956,35.66278],[-118.91518,35.66521],[-118.91506,35.66743],[-118.91293,35.6704],[-118.91015,35.67183],[-118.90384,35.66985],[-118.9019,35.67049],[-118.90141,35.67273],[-118.89693,35.67532],[-118.89374,35.67926],[-118.89174,35.68021],[-118.88885,35.68],[-118.88722,35.67848],[-118.88729,35.67615],[-118.88263,35.67422],[-118.88054,35.67433],[-118.87787,35.67171],[-118.87513,35.67167],[-118.87312,35.67357],[-118.8708,35.67392],[-118.86642,35.67145],[-118.86038,35.67125],[-118.85677,35.67372],[-118.85211,35.67223],[-118.8494,35.66856],[-118.84413,35.66907],[-118.84097,35.66863],[-118.8403,35.67018],[-118.83804,35.67031],[-118.83728,35.67186],[-118.8338,35.67416],[-118.82987,35.6754],[-118.82714,35.6776],[-118.82237,35.67761],[-118.82035,35.67963],[-118.81782,35.6796],[-118.81601,35.68152],[-118.81594,35.68421],[-118.81026,35.68683],[-118.80416,35.68789],[-118.80273,35.68955],[-118.80309,35.69152],[-118.80577,35.69237],[-118.80938,35.69544],[-118.80402,35.69461],[-118.8008,35.69554],[-118.80005,35.69742],[-118.7979,35.69754],[-118.79447,35.69956],[-118.79578,35.69699],[-118.78837,35.69761],[-118.78603,35.69503],[-118.78242,35.69513],[-118.78069,35.69619],[-118.77678,35.69265],[-118.77605,35.69078],[-118.77265,35.68938],[-118.77298,35.68789],[-118.76408,35.68781],[-118.76515,35.67585],[-118.76568,35.65925],[-118.76935,35.6572],[-118.7693,35.65274],[-118.76471,35.65351],[-118.75937,35.65525],[-118.75484,35.65915],[-118.74997,35.66097],[-118.74713,35.66091],[-118.74524,35.66263],[-118.74638,35.66565],[-118.74583,35.66746],[-118.74014,35.6728],[-118.73698,35.67419],[-118.7295,35.67324],[-118.72692,35.67411],[-118.72363,35.67256],[-118.7221,35.67363],[-118.72121,35.67706],[-118.71883,35.67805],[-118.71805,35.68031],[-118.71566,35.68065],[-118.71424,35.68286],[-118.71029,35.68271],[-118.70799,35.68368],[-118.70737,35.68203],[-118.70498,35.68222],[-118.70073,35.68495],[-118.6986,35.68489],[-118.69631,35.68657],[-118.69303,35.68745],[-118.68981,35.68739],[-118.68781,35.68884],[-118.68401,35.68767],[-118.68374,35.68434],[-118.68148,35.68355],[-118.68016,35.6844],[-118.67738,35.68277],[-118.6749,35.68354],[-118.67097,35.68276],[-118.67341,35.68095],[-118.67307,35.67704],[-118.67369,35.67456],[-118.6752,35.67481],[-118.67473,35.67098],[-118.6761,35.67044],[-118.67622,35.66801],[-118.67139,35.66453],[-118.67145,35.66192],[-118.67279,35.65944],[-118.67654,35.65881],[-118.68574,35.65583],[-118.69013,35.65271],[-118.69544,35.65072],[-118.69521,35.64558],[-118.69906,35.64391],[-118.69702,35.6425],[-118.69713,35.64011],[-118.70064,35.63849],[-118.70517,35.63285],[-118.70249,35.63123],[-118.7028,35.62868],[-118.69883,35.62748],[-118.69658,35.62448],[-118.6933,35.62166],[-118.69386,35.62422],[-118.69062,35.62652],[-118.68788,35.62623],[-118.6891,35.62782],[-118.68731,35.62985],[-118.68283,35.63114],[-118.68051,35.63099],[-118.67473,35.63204],[-118.67133,35.63208],[-118.66704,35.63301],[-118.66668,35.63226],[-118.65837,35.63249],[-118.65957,35.63199],[-118.65949,35.61308],[-118.65905,35.61004],[-118.64882,35.60882],[-118.64742,35.60753],[-118.64292,35.60602],[-118.6378,35.60653],[-118.63942,35.60504],[-118.64365,35.6038],[-118.64592,35.60405],[-118.64942,35.60284],[-118.64768,35.60194],[-118.64984,35.59938],[-118.64801,35.59876],[-118.65069,35.5975],[-118.65042,35.59646],[-118.65617,35.59542],[-118.65926,35.59263],[-118.66498,35.5924],[-118.66663,35.59029],[-118.67316,35.58821],[-118.67176,35.58765],[-118.67259,35.58475],[-118.67091,35.58129],[-118.67308,35.58091],[-118.67327,35.57642],[-118.67648,35.5746],[-118.67665,35.57215],[-118.67531,35.57037],[-118.67927,35.56679],[-118.68123,35.56672],[-118.6816,35.56508],[-118.68503,35.56343],[-118.68912,35.56002],[-118.6917,35.5545],[-118.69056,35.54907],[-118.69266,35.546],[-118.69407,35.54597],[-118.69486,35.54338],[-118.69781,35.54374],[-118.69702,35.54216],[-118.70083,35.53979],[-118.70489,35.53813],[-118.70923,35.53786],[-118.71388,35.5359],[-118.71616,35.52702],[-118.71638,35.52271],[-118.71816,35.52004],[-118.72369,35.5195],[-118.73803,35.51587],[-118.73798,35.51504],[-118.74344,35.51728],[-118.74455,35.51465],[-118.74594,35.51473],[-118.74719,35.51033],[-118.75106,35.5084],[-118.75245,35.50577],[-118.75612,35.50411],[-118.7616,35.50618],[-118.76742,35.50675],[-118.77375,35.50477],[-118.77618,35.50481],[-118.7793,35.50191],[-118.78605,35.50003],[-118.78845,35.49726],[-118.79167,35.49516],[-118.79375,35.49485],[-118.79665,35.4911],[-118.79667,35.48989],[-118.79963,35.48815],[-118.80435,35.48865],[-118.80731,35.48803],[-118.81057,35.48871],[-118.81294,35.48821],[-118.81607,35.48468],[-118.82269,35.48197],[-118.82454,35.48065],[-118.82585,35.47756],[-118.8256,35.47542],[-118.82851,35.47248],[-118.82871,35.46762],[-118.82607,35.46514],[-118.82556,35.46308],[-118.82755,35.45916],[-118.82764,35.45224],[-118.82846,35.44447],[-118.82659,35.44217],[-118.83029,35.44212],[-118.83038,35.42661],[-118.84512,35.42701],[-118.84897,35.42815],[-118.85377,35.4332],[-118.85351,35.43633],[-118.85103,35.44036],[-118.85314,35.444],[-118.86395,35.44335],[-118.86786,35.44211],[-118.87297,35.43871],[-118.87963,35.43543],[-118.88445,35.4349],[-118.89715,35.438],[-118.90038,35.44036],[-118.90484,35.44486],[-118.9138,35.44643],[-118.92082,35.44534],[-118.92374,35.4453],[-118.93156,35.44798],[-118.93502,35.44651],[-118.93569,35.44369],[-118.93202,35.43815],[-118.93198,35.43347],[-118.93404,35.42814],[-118.93634,35.4266],[-118.93937,35.42613],[-118.94427,35.42414],[-118.9577,35.41748],[-118.95999,35.41583],[-118.96686,35.41402],[-118.96755,35.41276],[-118.97494,35.41089],[-118.9751,35.42199],[-118.97133,35.42571],[-118.9749,35.42348],[-118.97665,35.41924],[-118.97571,35.41809],[-118.97581,35.41428],[-118.97866,35.41141],[-118.98414,35.4115],[-118.99323,35.41097],[-118.99588,35.40943],[-118.999,35.40554],[-119.00528,35.40187],[-119.00968,35.40748],[-119.01665,35.40492],[-119.01975,35.4025],[-119.02677,35.39975],[-119.03072,35.39547],[-119.03318,35.39022],[-119.03761,35.38435],[-119.0446,35.37901],[-119.04953,35.37557],[-119.05424,35.37325],[-119.05603,35.37312],[-119.06172,35.37006],[-119.06523,35.36747],[-119.06868,35.36709],[-119.07287,35.36472],[-119.07825,35.36341],[-119.08745,35.36407],[-119.09176,35.36387],[-119.09224,35.37119],[-119.0941,35.37668],[-119.09224,35.38032],[-119.09228,35.38868],[-119.0942,35.38996],[-119.10163,35.39754],[-119.10189,35.39841],[-119.09725,35.40038],[-119.09577,35.3954],[-119.09221,35.39422],[-119.09222,35.40956],[-119.09518,35.41055],[-119.09423,35.41249],[-119.09222,35.41243],[-119.09224,35.42698],[-119.09219,35.43875],[-119.08906,35.43672],[-119.08409,35.4311],[-119.08136,35.42898],[-119.07705,35.42696],[-119.07453,35.42696],[-119.07454,35.43132],[-119.08738,35.44112],[-119.09517,35.44142],[-119.09881,35.4436],[-119.10281,35.44726],[-119.1089,35.4558],[-119.11132,35.45855],[-119.12711,35.47052],[-119.1316,35.47412],[-119.15271,35.48986],[-119.15764,35.49408],[-119.17189,35.50494],[-119.17881,35.51151],[-119.18337,35.51699],[-119.18811,35.52423],[-119.19086,35.52976],[-119.19406,35.52951],[-119.2562,35.52926],[-119.26366,35.53433],[-119.26494,35.53606],[-119.26785,35.5377],[-119.26773,35.53975],[-119.27061,35.54266],[-119.27335,35.54703],[-119.27694,35.54997],[-119.27668,35.55207],[-119.27751,35.55814],[-119.26874,35.55824]]]}},{"type":"Feature","properties":{"zcta":"93238","d":5},"geometry":{"type":"Polygon","coordinates":[[[-118.36122,35.74064],[-118.36122,35.72296],[-118.36099,35.71523],[-118.36111,35.68868],[-118.36559,35.68869],[-118.3656,35.68156],[-118.36483,35.67884],[-118.37078,35.68001],[-118.37032,35.67883],[-118.3739,35.67104],[-118.37845,35.66933],[-118.37897,35.66836],[-118.38495,35.66147],[-118.38663,35.66181],[-118.38983,35.66424],[-118.39061,35.66587],[-118.39441,35.66734],[-118.4,35.66675],[-118.40583,35.6668],[-118.40874,35.66787],[-118.41181,35.66717],[-118.41436,35.66286],[-118.4181,35.66491],[-118.42158,35.66552],[-118.42394,35.66459],[-118.42598,35.66202],[-118.42958,35.66087],[-118.43583,35.66363],[-118.43816,35.66409],[-118.44869,35.65997],[-118.45918,35.65867],[-118.46164,35.65873],[-118.45357,35.6755],[-118.46136,35.67908],[-118.45734,35.67861],[-118.45526,35.68231],[-118.45565,35.68649],[-118.45512,35.6887],[-118.45821,35.69069],[-118.45724,35.69581],[-118.45279,35.69987],[-118.4497,35.70007],[-118.44716,35.70124],[-118.44696,35.70278],[-118.4452,35.6998],[-118.44245,35.70363],[-118.44233,35.70612],[-118.43861,35.70988],[-118.43965,35.71216],[-118.43874,35.71403],[-118.43543,35.7159],[-118.43425,35.7182],[-118.43857,35.71956],[-118.443,35.71952],[-118.44417,35.72184],[-118.45018,35.72517],[-118.45174,35.72925],[-118.45301,35.73023],[-118.44243,35.7338],[-118.44062,35.73504],[-118.43703,35.74071],[-118.43564,35.74574],[-118.44648,35.74421],[-118.4502,35.74335],[-118.45048,35.75738],[-118.45361,35.75707],[-118.45915,35.75234],[-118.46327,35.75412],[-118.4648,35.76293],[-118.46602,35.7668],[-118.46332,35.77293],[-118.45896,35.77659],[-118.45608,35.77703],[-118.45216,35.78054],[-118.44627,35.78297],[-118.44388,35.78068],[-118.44496,35.7832],[-118.44926,35.78789],[-118.44891,35.79236],[-118.52618,35.79092],[-118.55793,35.79008],[-118.56013,35.79256],[-118.5637,35.79304],[-118.56355,35.79475],[-118.56559,35.7969],[-118.56357,35.79779],[-118.56293,35.80008],[-118.56017,35.80116],[-118.56416,35.80575],[-118.56167,35.80805],[-118.56187,35.81223],[-118.56317,35.81406],[-118.56344,35.81851],[-118.56609,35.82008],[-118.56716,35.82464],[-118.56502,35.82515],[-118.56252,35.82414],[-118.562,35.82599],[-118.55972,35.8275],[-118.55499,35.82852],[-118.5572,35.83068],[-118.55567,35.8331],[-118.55372,35.83362],[-118.55323,35.83748],[-118.55091,35.84043],[-118.54999,35.8491],[-118.54789,35.85555],[-118.54624,35.85921],[-118.54544,35.86513],[-118.5456,35.86873],[-118.54324,35.87023],[-118.54171,35.87555],[-118.54261,35.87805],[-118.54462,35.87993],[-118.5444,35.88663],[-118.54677,35.88628],[-118.54754,35.88753],[-118.54377,35.88852],[-118.54435,35.89313],[-118.54644,35.89709],[-118.54878,35.89822],[-118.55165,35.90143],[-118.55238,35.90364],[-118.54965,35.90643],[-118.55083,35.90849],[-118.54868,35.90945],[-118.54148,35.91087],[-118.5446,35.91307],[-118.54342,35.9157],[-118.54776,35.91829],[-118.55101,35.91481],[-118.55327,35.91542],[-118.55199,35.91797],[-118.55759,35.92404],[-118.55838,35.92969],[-118.55528,35.93534],[-118.55977,35.93181],[-118.56122,35.93322],[-118.56541,35.93396],[-118.56695,35.93172],[-118.57258,35.92934],[-118.57181,35.93361],[-118.57043,35.93413],[-118.57332,35.93556],[-118.56868,35.93725],[-118.56552,35.94197],[-118.57013,35.94166],[-118.57076,35.94376],[-118.5688,35.94629],[-118.56648,35.94615],[-118.57058,35.9502],[-118.57374,35.95119],[-118.57489,35.95416],[-118.57267,35.95663],[-118.57342,35.95759],[-118.57619,35.95513],[-118.57593,35.95776],[-118.57372,35.95953],[-118.57212,35.95917],[-118.56855,35.96256],[-118.56621,35.9639],[-118.56115,35.96498],[-118.55805,35.96728],[-118.55454,35.96745],[-118.54802,35.96974],[-118.54776,35.97062],[-118.55046,35.97351],[-118.55507,35.97285],[-118.555,35.97449],[-118.55184,35.97799],[-118.54624,35.97726],[-118.54564,35.97872],[-118.54738,35.98022],[-118.54085,35.98026],[-118.54277,35.98288],[-118.54222,35.98906],[-118.54266,35.98997],[-118.54725,35.99201],[-118.54846,35.99322],[-118.54662,35.99524],[-118.54664,35.99837],[-118.5477,36.00036],[-118.54368,35.9998],[-118.54203,36.00035],[-118.54215,36.00384],[-118.53947,36.00636],[-118.53728,36.00553],[-118.53402,36.00576],[-118.53199,36.00393],[-118.5305,36.00492],[-118.52338,36.00623],[-118.51802,36.00416],[-118.51514,36.00428],[-118.51257,36.00584],[-118.50596,36.00515],[-118.50502,36.00587],[-118.4976,36.00121],[-118.49357,35.99976],[-118.49433,35.99743],[-118.49214,35.99536],[-118.4892,35.99492],[-118.48871,35.99354],[-118.48532,35.99408],[-118.48239,35.99303],[-118.48077,35.98987],[-118.48096,35.98502],[-118.48351,35.98054],[-118.4873,35.97535],[-118.48706,35.97164],[-118.48584,35.97067],[-118.48663,35.9683],[-118.48499,35.96701],[-118.48202,35.96832],[-118.48008,35.9679],[-118.47851,35.96553],[-118.48028,35.96499],[-118.47653,35.96193],[-118.47767,35.95726],[-118.48099,35.95825],[-118.4826,35.95394],[-118.48155,35.95021],[-118.47794,35.94776],[-118.47667,35.94594],[-118.47971,35.94276],[-118.48408,35.93306],[-118.48354,35.91609],[-118.47308,35.90814],[-118.4681,35.90506],[-118.46468,35.9014],[-118.45902,35.89648],[-118.45501,35.88873],[-118.45033,35.88226],[-118.44555,35.87933],[-118.44485,35.87119],[-118.44276,35.86681],[-118.44249,35.86428],[-118.43604,35.85562],[-118.43474,35.85288],[-118.4368,35.85168],[-118.4457,35.85153],[-118.45066,35.8491],[-118.44908,35.84423],[-118.45232,35.83545],[-118.45727,35.8284],[-118.46195,35.8272],[-118.46249,35.82537],[-118.4581,35.8197],[-118.45737,35.8162],[-118.45309,35.80847],[-118.45268,35.80547],[-118.45089,35.80059],[-118.45105,35.79796],[-118.44779,35.79236],[-118.40767,35.79177],[-118.36099,35.79026],[-118.36122,35.74064]]]}},{"type":"Feature","properties":{"zcta":"93243","d":4},"geometry":{"type":"Polygon","coordinates":[[[-118.97592,35.0318],[-118.97721,35.03472],[-118.97649,35.03665],[-118.97193,35.0321],[-118.95806,35.02068],[-118.95817,35.02656],[-118.95581,35.01911],[-118.95519,35.01832],[-118.94041,34.97144],[-118.9359,34.97127],[-118.92346,34.96773],[-118.9176,34.96575],[-118.90943,34.96242],[-118.90281,34.95846],[-118.89861,34.95472],[-118.89355,34.94836],[-118.89091,34.94602],[-118.88874,34.9452],[-118.87971,34.94359],[-118.86799,34.93822],[-118.87103,34.9368],[-118.86921,34.9349],[-118.86668,34.93445],[-118.86579,34.9327],[-118.8628,34.93152],[-118.86003,34.92865],[-118.86104,34.92521],[-118.86537,34.92116],[-118.86176,34.92128],[-118.86183,34.91993],[-118.85834,34.91584],[-118.85674,34.91267],[-118.84991,34.90816],[-118.84733,34.90824],[-118.84579,34.90583],[-118.84276,34.90557],[-118.83835,34.90085],[-118.83454,34.89754],[-118.82986,34.89639],[-118.8295,34.8926],[-118.8277,34.89076],[-118.82389,34.88483],[-118.82386,34.88107],[-118.81757,34.87137],[-118.81804,34.86815],[-118.81656,34.86614],[-118.81761,34.85937],[-118.8145,34.85836],[-118.81342,34.85683],[-118.81009,34.85676],[-118.80921,34.85406],[-118.80657,34.85708],[-118.80513,34.86122],[-118.79967,34.86481],[-118.79663,34.8659],[-118.79408,34.86806],[-118.78581,34.87227],[-118.7794,34.87782],[-118.77443,34.88009],[-118.77458,34.88401],[-118.77885,34.88376],[-118.78192,34.88584],[-118.7824,34.88838],[-118.78468,34.88955],[-118.78562,34.89459],[-118.78356,34.8952],[-118.78169,34.8935],[-118.77855,34.8934],[-118.77977,34.89619],[-118.77855,34.89728],[-118.77945,34.89917],[-118.77769,34.89941],[-118.76906,34.88582],[-118.76661,34.88559],[-118.75959,34.88835],[-118.75611,34.88826],[-118.74672,34.89115],[-118.74149,34.89403],[-118.73732,34.89541],[-118.72754,34.89985],[-118.7223,34.90183],[-118.71647,34.90524],[-118.65299,34.90514],[-118.65249,34.89699],[-118.65325,34.89473],[-118.65167,34.89334],[-118.65181,34.88959],[-118.65326,34.88859],[-118.6575,34.88801],[-118.66059,34.88569],[-118.66003,34.88438],[-118.66399,34.87825],[-118.664,34.87249],[-118.66689,34.86699],[-118.66976,34.8641],[-118.67163,34.85896],[-118.67342,34.8582],[-118.67461,34.85518],[-118.67182,34.85383],[-118.67834,34.8504],[-118.68281,34.84437],[-118.68532,34.84344],[-118.68752,34.84026],[-118.69657,34.83551],[-118.70222,34.83551],[-118.71006,34.83853],[-118.71418,34.8405],[-118.71426,34.83711],[-118.71043,34.83175],[-118.70767,34.8261],[-118.70602,34.82446],[-118.70323,34.82412],[-118.69956,34.82537],[-118.69456,34.82492],[-118.69303,34.82343],[-118.69119,34.81608],[-118.69066,34.78157],[-118.67741,34.78165],[-118.67737,34.7749],[-118.69451,34.77178],[-118.70017,34.77023],[-118.71365,34.76548],[-118.71353,34.7631],[-118.71526,34.76025],[-118.71448,34.75749],[-118.71705,34.75541],[-118.71443,34.75488],[-118.71651,34.75304],[-118.71343,34.75012],[-118.7133,34.74598],[-118.71517,34.74132],[-118.71762,34.73864],[-118.71996,34.733],[-118.72213,34.73071],[-118.72939,34.73164],[-118.74714,34.73157],[-118.74747,34.73917],[-118.75709,34.73968],[-118.75699,34.74728],[-118.76591,34.74726],[-118.7659,34.75362],[-118.77966,34.75823],[-118.77891,34.75737],[-118.78608,34.75118],[-118.79028,34.75378],[-118.79173,34.75267],[-118.79303,34.72266],[-118.79213,34.69935],[-118.79537,34.69934],[-118.79647,34.70119],[-118.79979,34.7022],[-118.80726,34.70265],[-118.81408,34.70383],[-118.81765,34.70537],[-118.82381,34.70506],[-118.82509,34.70634],[-118.82836,34.70493],[-118.83605,34.70252],[-118.83812,34.70141],[-118.8804,34.78866],[-118.89306,34.81472],[-118.88967,34.80694],[-118.89244,34.8081],[-118.8971,34.8077],[-118.90058,34.80595],[-118.90306,34.80824],[-118.90337,34.81075],[-118.90552,34.81158],[-118.90683,34.81395],[-118.91322,34.81565],[-118.91213,34.81755],[-118.92179,34.82112],[-118.92726,34.82152],[-118.9275,34.82257],[-118.93109,34.82361],[-118.93264,34.829],[-118.93092,34.83373],[-118.92762,34.83059],[-118.92705,34.82836],[-118.92622,34.83427],[-118.9208,34.83431],[-118.91967,34.83279],[-118.91743,34.83415],[-118.9226,34.83992],[-118.92194,34.84071],[-118.91556,34.84132],[-118.91301,34.84096],[-118.90903,34.84293],[-118.91173,34.84474],[-118.91581,34.84531],[-118.91804,34.84466],[-118.91815,34.8473],[-118.91913,34.8516],[-118.92189,34.85092],[-118.9271,34.85412],[-118.92592,34.85769],[-118.92373,34.86014],[-118.92676,34.86027],[-118.92692,34.86432],[-118.9296,34.86512],[-118.93042,34.86711],[-118.93439,34.8685],[-118.93393,34.87117],[-118.93639,34.87437],[-118.93865,34.87485],[-118.94461,34.88682],[-118.94427,34.89254],[-118.94522,34.89528],[-118.95458,34.89945],[-118.97831,34.92619],[-118.95914,34.92628],[-118.95806,34.92762],[-118.95606,34.93643],[-118.95576,34.94854],[-118.95345,34.95498],[-118.95365,34.96274],[-118.95312,34.97486],[-118.95254,34.97632],[-118.95237,34.98375],[-118.94862,34.98401],[-118.94685,34.98635],[-118.94834,34.98655],[-118.95146,34.99083],[-118.95786,34.99184],[-118.95819,34.99703],[-118.957,34.99997],[-118.95752,35.00263],[-118.96036,35.00371],[-118.96047,35.00639],[-118.96298,35.00675],[-118.95727,35.00781],[-118.95708,35.00868],[-118.96506,35.01417],[-118.97004,35.00968],[-118.96793,35.00769],[-118.9674,35.00426],[-118.96865,35.00091],[-118.96998,34.99968],[-118.96965,34.99616],[-118.96698,34.99621],[-118.96625,34.9918],[-118.97778,34.99392],[-118.97644,34.99795],[-118.97973,34.99801],[-118.97984,35.00096],[-118.98398,35.00215],[-118.98646,35.00185],[-118.98627,34.99947],[-118.9908,34.99542],[-118.99311,34.99466],[-118.98908,34.99956],[-118.98835,35.00294],[-118.97989,35.01523],[-118.97867,35.01511],[-118.97765,35.0174],[-118.97806,35.01991],[-118.97573,35.01981],[-118.97588,35.02693],[-118.97592,35.0318]]]}},{"type":"Feature","properties":{"zcta":"93518","d":1},"geometry":{"type":"Polygon","coordinates":[[[-118.5184,35.58904],[-118.51089,35.58236],[-118.50797,35.57288],[-118.5065,35.57288],[-118.50704,35.56952],[-118.50556,35.56727],[-118.50274,35.56738],[-118.50191,35.56965],[-118.49912,35.56961],[-118.49578,35.56084],[-118.49341,35.56442],[-118.49055,35.56347],[-118.48264,35.56358],[-118.4812,35.5581],[-118.48411,35.55812],[-118.48277,35.51643],[-118.48239,35.51387],[-118.44785,35.51401],[-118.44806,35.48213],[-118.44648,35.48163],[-118.44074,35.48245],[-118.43617,35.48177],[-118.43785,35.4838],[-118.43647,35.48439],[-118.42884,35.47879],[-118.42557,35.47883],[-118.42392,35.47693],[-118.42228,35.47866],[-118.42218,35.48073],[-118.42064,35.47874],[-118.41577,35.47777],[-118.41228,35.47464],[-118.40816,35.47419],[-118.40574,35.47526],[-118.40097,35.47157],[-118.39569,35.46604],[-118.39305,35.46596],[-118.39005,35.4646],[-118.38732,35.46094],[-118.38385,35.45833],[-118.37945,35.44837],[-118.38121,35.44411],[-118.3791,35.44709],[-118.37716,35.44817],[-118.37678,35.45134],[-118.37416,35.45319],[-118.37127,35.45233],[-118.36794,35.45397],[-118.36464,35.45442],[-118.36359,35.45353],[-118.36155,35.45555],[-118.35777,35.4553],[-118.3567,35.4569],[-118.35847,35.45821],[-118.35185,35.45963],[-118.34566,35.45939],[-118.34237,35.45579],[-118.34262,35.45328],[-118.33881,35.45071],[-118.33791,35.44807],[-118.33469,35.44616],[-118.33229,35.44323],[-118.32617,35.44405],[-118.32415,35.4406],[-118.3245,35.43909],[-118.3211,35.43699],[-118.31859,35.43244],[-118.3164,35.43048],[-118.3145,35.42518],[-118.31313,35.42343],[-118.31243,35.41982],[-118.30956,35.41539],[-118.30785,35.40891],[-118.30661,35.40668],[-118.30813,35.40537],[-118.30867,35.40063],[-118.30733,35.3998],[-118.30839,35.39782],[-118.30814,35.39534],[-118.30647,35.3936],[-118.30315,35.394],[-118.30406,35.39134],[-118.29858,35.38999],[-118.2986,35.38615],[-118.29391,35.38333],[-118.2926,35.37761],[-118.29042,35.38007],[-118.28649,35.38067],[-118.28494,35.37716],[-118.28244,35.37607],[-118.28068,35.37385],[-118.27895,35.37445],[-118.27534,35.37347],[-118.27259,35.37148],[-118.26764,35.37053],[-118.26504,35.36841],[-118.26408,35.36647],[-118.25362,35.3635],[-118.25007,35.36052],[-118.24361,35.35729],[-118.23682,35.35989],[-118.23363,35.35947],[-118.22982,35.36018],[-118.22892,35.36117],[-118.22802,35.36852],[-118.22687,35.37019],[-118.22592,35.3743],[-118.22314,35.37777],[-118.21709,35.37782],[-118.21687,35.36291],[-118.21861,35.35923],[-118.21826,35.35306],[-118.22113,35.35142],[-118.22237,35.34898],[-118.22207,35.34279],[-118.22362,35.33871],[-118.22507,35.33698],[-118.22359,35.3336],[-118.22601,35.32824],[-118.22727,35.32168],[-118.23166,35.32094],[-118.2345,35.31876],[-118.23576,35.31573],[-118.24132,35.30894],[-118.24528,35.30472],[-118.2494,35.30345],[-118.25796,35.30374],[-118.26124,35.30082],[-118.26579,35.30088],[-118.26926,35.30254],[-118.26931,35.29707],[-118.26864,35.27533],[-118.33734,35.27542],[-118.33622,35.27301],[-118.33643,35.27026],[-118.34449,35.27195],[-118.3463,35.27116],[-118.3512,35.27184],[-118.35257,35.27022],[-118.35946,35.27216],[-118.36162,35.2716],[-118.3619,35.27331],[-118.36427,35.27351],[-118.36653,35.27199],[-118.36769,35.27268],[-118.37185,35.27145],[-118.3756,35.27121],[-118.37772,35.27232],[-118.37776,35.26856],[-118.42671,35.26889],[-118.4284,35.26594],[-118.43239,35.26423],[-118.43629,35.26466],[-118.43808,35.26624],[-118.44168,35.26686],[-118.44252,35.26572],[-118.44614,35.26649],[-118.44573,35.2649],[-118.44968,35.2642],[-118.4516,35.26463],[-118.45122,35.26261],[-118.45614,35.26387],[-118.45706,35.26754],[-118.45876,35.269],[-118.59082,35.26762],[-118.59923,35.26776],[-118.60677,35.26732],[-118.61074,35.27098],[-118.61699,35.27268],[-118.61802,35.27064],[-118.61535,35.26624],[-118.61828,35.26462],[-118.62288,35.26676],[-118.62333,35.26761],[-118.62734,35.26759],[-118.62761,35.25361],[-118.6279,35.2532],[-118.64517,35.25316],[-118.64875,35.25198],[-118.64998,35.25361],[-118.65255,35.25391],[-118.65956,35.25193],[-118.66666,35.2471],[-118.6639,35.24225],[-118.66579,35.24145],[-118.66621,35.23844],[-118.68104,35.23812],[-118.69052,35.23818],[-118.688,35.24042],[-118.68363,35.24179],[-118.67754,35.24523],[-118.67282,35.24852],[-118.6727,35.2533],[-118.6757,35.25617],[-118.6827,35.25697],[-118.68401,35.26068],[-118.69242,35.26494],[-118.69437,35.26705],[-118.69314,35.26845],[-118.68847,35.26981],[-118.68241,35.26991],[-118.68385,35.27126],[-118.68786,35.27273],[-118.6893,35.27472],[-118.68954,35.27779],[-118.69208,35.27846],[-118.6948,35.27674],[-118.69569,35.28135],[-118.69502,35.28808],[-118.6962,35.29257],[-118.69512,35.29681],[-118.69202,35.30286],[-118.69253,35.30597],[-118.69706,35.30917],[-118.70364,35.30941],[-118.7049,35.31119],[-118.7043,35.31643],[-118.70514,35.31846],[-118.70849,35.32082],[-118.71507,35.32348],[-118.7169,35.32373],[-118.71722,35.32394],[-118.73349,35.32567],[-118.74136,35.32688],[-118.74127,35.33013],[-118.73561,35.33025],[-118.73377,35.32675],[-118.73227,35.32648],[-118.72623,35.33014],[-118.72286,35.33002],[-118.71886,35.3327],[-118.71726,35.33295],[-118.71118,35.3313],[-118.70876,35.33326],[-118.70905,35.33511],[-118.70512,35.33516],[-118.69916,35.33425],[-118.69528,35.33509],[-118.69505,35.33709],[-118.69748,35.33936],[-118.6898,35.34249],[-118.68756,35.34391],[-118.68551,35.34261],[-118.6841,35.34327],[-118.67503,35.33905],[-118.66935,35.33897],[-118.66574,35.33731],[-118.66364,35.33478],[-118.66053,35.3346],[-118.65694,35.33721],[-118.65549,35.33668],[-118.65103,35.33783],[-118.64918,35.33959],[-118.64625,35.33782],[-118.64296,35.337],[-118.6414,35.33556],[-118.63722,35.33368],[-118.63267,35.33416],[-118.62621,35.3314],[-118.62068,35.33657],[-118.61304,35.34003],[-118.6108,35.34375],[-118.60688,35.34426],[-118.60485,35.34554],[-118.60279,35.34475],[-118.59923,35.34544],[-118.59811,35.34863],[-118.59482,35.3495],[-118.59235,35.35201],[-118.59123,35.35448],[-118.5866,35.35414],[-118.58045,35.35542],[-118.5766,35.35555],[-118.57479,35.35743],[-118.57051,35.35642],[-118.56931,35.35875],[-118.57012,35.36028],[-118.56627,35.36108],[-118.5575,35.36658],[-118.55861,35.36934],[-118.55788,35.37304],[-118.55942,35.37514],[-118.55778,35.37749],[-118.55506,35.38319],[-118.55489,35.38567],[-118.55875,35.38761],[-118.5618,35.38631],[-118.56228,35.38344],[-118.56679,35.382],[-118.5673,35.37818],[-118.57035,35.38028],[-118.57118,35.37867],[-118.57438,35.37802],[-118.57666,35.37629],[-118.57885,35.37708],[-118.58484,35.37578],[-118.58644,35.374],[-118.59111,35.37278],[-118.59184,35.37468],[-118.59459,35.3757],[-118.59714,35.37435],[-118.59627,35.41432],[-118.60006,35.41445],[-118.6023,35.41129],[-118.60749,35.41095],[-118.6085,35.4075],[-118.61154,35.40839],[-118.61281,35.40751],[-118.61897,35.40934],[-118.6224,35.41166],[-118.62308,35.41518],[-118.62508,35.41742],[-118.62392,35.42033],[-118.62819,35.42372],[-118.63352,35.42327],[-118.63772,35.42228],[-118.64338,35.42431],[-118.64527,35.42607],[-118.64474,35.42734],[-118.65071,35.42768],[-118.65491,35.43444],[-118.65998,35.4378],[-118.66284,35.44207],[-118.66944,35.44489],[-118.66524,35.45179],[-118.66226,35.44886],[-118.65805,35.45098],[-118.65696,35.45014],[-118.65691,35.45289],[-118.65487,35.45758],[-118.65604,35.45967],[-118.65393,35.46169],[-118.6476,35.46423],[-118.64943,35.46736],[-118.64778,35.46946],[-118.64797,35.47266],[-118.64664,35.47671],[-118.64039,35.47779],[-118.63695,35.47568],[-118.63129,35.47456],[-118.63092,35.47692],[-118.62455,35.4766],[-118.62409,35.47535],[-118.62088,35.4757],[-118.61917,35.47257],[-118.61814,35.47337],[-118.61347,35.47235],[-118.61015,35.46932],[-118.60752,35.47141],[-118.60586,35.47121],[-118.59961,35.47299],[-118.599,35.47569],[-118.59239,35.47898],[-118.58976,35.47733],[-118.58393,35.47494],[-118.58114,35.4723],[-118.5815,35.47435],[-118.57768,35.4746],[-118.57837,35.47702],[-118.57392,35.47778],[-118.56951,35.48325],[-118.5707,35.48474],[-118.56861,35.48558],[-118.56664,35.48963],[-118.56857,35.49197],[-118.5682,35.49303],[-118.56406,35.49608],[-118.56136,35.50121],[-118.56113,35.5039],[-118.56219,35.50566],[-118.55819,35.51253],[-118.55802,35.51452],[-118.55388,35.51541],[-118.55394,35.55817],[-118.52451,35.55809],[-118.52404,35.56326],[-118.52621,35.56276],[-118.52948,35.56615],[-118.52799,35.56741],[-118.52813,35.57076],[-118.53002,35.57421],[-118.52849,35.57341],[-118.52463,35.57541],[-118.52593,35.57717],[-118.52409,35.58034],[-118.52253,35.58119],[-118.52151,35.58425],[-118.52247,35.58728],[-118.52131,35.58841],[-118.5184,35.58904]]]}},{"type":"Feature","properties":{"zcta":"93501","d":12},"geometry":{"type":"Polygon","coordinates":[[[-118.49816,34.98984],[-118.4954,34.98994],[-118.49501,34.99144],[-118.48962,34.99181],[-118.48944,34.99775],[-118.48826,34.99889],[-118.4836,34.99631],[-118.48031,34.99649],[-118.4793,34.99871],[-118.47813,34.99786],[-118.46989,34.99846],[-118.463,34.99971],[-118.46261,35.00153],[-118.45847,35.00175],[-118.45312,35.00352],[-118.44695,35.01035],[-118.441,35.01356],[-118.43649,35.01446],[-118.43266,35.01729],[-118.42742,35.01924],[-118.42623,35.02143],[-118.42257,35.02276],[-118.41861,35.02249],[-118.41607,35.02401],[-118.40834,35.02681],[-118.40655,35.02814],[-118.40144,35.02979],[-118.39248,35.03362],[-118.38811,35.03599],[-118.38427,35.03974],[-118.38091,35.04177],[-118.37751,35.04209],[-118.37566,35.04392],[-118.37135,35.0454],[-118.36671,35.04617],[-118.36312,35.04874],[-118.35799,35.0501],[-118.35959,35.05244],[-118.36384,35.05375],[-118.36462,35.05509],[-118.3721,35.0741],[-118.36949,35.07431],[-118.36537,35.07704],[-118.36328,35.07969],[-118.36286,35.07401],[-118.36065,35.06848],[-118.35917,35.06318],[-118.35353,35.06339],[-118.35234,35.06746],[-118.3504,35.06772],[-118.34297,35.07168],[-118.34238,35.07929],[-118.34623,35.0876],[-118.35425,35.10258],[-118.35757,35.10307],[-118.36149,35.10793],[-118.36112,35.10943],[-118.36795,35.11126],[-118.36869,35.11253],[-118.37302,35.11326],[-118.37903,35.1153],[-118.39424,35.11932],[-118.39657,35.1187],[-118.39655,35.12014],[-118.3791,35.11552],[-118.36767,35.11491],[-118.35303,35.11088],[-118.35005,35.11034],[-118.3265,35.11027],[-118.32279,35.11],[-118.32251,35.11111],[-118.31716,35.10988],[-118.31252,35.10677],[-118.30586,35.10771],[-118.30391,35.10956],[-118.30239,35.10668],[-118.30071,35.1068],[-118.29959,35.11087],[-118.29803,35.11122],[-118.29549,35.11598],[-118.29318,35.11749],[-118.29354,35.12102],[-118.29488,35.12326],[-118.29465,35.12624],[-118.29278,35.12985],[-118.28843,35.13279],[-118.2874,35.13494],[-118.28833,35.13591],[-118.28452,35.14028],[-118.28124,35.14287],[-118.27859,35.1431],[-118.28062,35.14603],[-118.27611,35.14825],[-118.27286,35.1476],[-118.27264,35.17769],[-118.27301,35.18243],[-118.26849,35.18269],[-118.26854,35.22352],[-118.26214,35.22392],[-118.25309,35.22219],[-118.24481,35.22235],[-118.24192,35.22203],[-118.23865,35.21936],[-118.23807,35.21448],[-118.24077,35.20582],[-118.24231,35.19952],[-118.24346,35.19007],[-118.24809,35.17323],[-118.25251,35.16709],[-118.25521,35.15449],[-118.25308,35.15331],[-118.24976,35.1529],[-118.24669,35.15352],[-118.23469,35.15832],[-118.22907,35.15958],[-118.22217,35.16187],[-118.21068,35.16793],[-118.207,35.16507],[-118.20302,35.16354],[-118.20274,35.15881],[-118.1999,35.15744],[-118.19886,35.15467],[-118.20183,35.15155],[-118.19647,35.1494],[-118.19369,35.15004],[-118.19648,35.14752],[-118.19842,35.14332],[-118.19897,35.13956],[-118.20127,35.13855],[-118.20198,35.13659],[-118.20192,35.11792],[-118.20423,35.11695],[-118.19516,35.11623],[-118.19243,35.11514],[-118.19049,35.11316],[-118.18873,35.10811],[-118.18389,35.11243],[-118.18365,35.11467],[-118.17935,35.11359],[-118.1816,35.10894],[-118.18558,35.10574],[-118.18667,35.1018],[-118.18273,35.08974],[-118.18187,35.08369],[-118.15866,35.08375],[-118.14844,35.09315],[-118.13406,35.11183],[-118.10015,35.15563],[-118.07745,35.18429],[-118.06634,35.19859],[-118.03906,35.19858],[-118.03911,35.21896],[-118.03867,35.22009],[-118.02149,35.22054],[-118.0215,35.21321],[-118.01259,35.21328],[-118.00349,35.21385],[-118.00346,35.22064],[-117.99482,35.2206],[-117.99478,35.22792],[-117.98591,35.22785],[-117.98587,35.19876],[-118.00357,35.19871],[-118.00355,35.18416],[-118.03908,35.18412],[-118.03911,35.15834],[-118.05272,35.15832],[-118.05275,35.15464],[-118.05712,35.15447],[-118.05705,35.14004],[-118.05486,35.14005],[-118.05481,35.12545],[-118.08981,35.12551],[-118.09282,35.1232],[-118.09277,35.09648],[-118.09604,35.09638],[-118.09597,35.09178],[-118.11395,35.0916],[-118.11384,35.0964],[-118.11058,35.09638],[-118.11057,35.11079],[-118.14982,35.0822],[-118.14981,35.07657],[-118.13172,35.07709],[-118.13162,35.05402],[-118.12747,35.0541],[-118.12743,35.0403],[-118.13079,35.04018],[-118.13104,35.03864],[-118.11581,35.03522],[-118.11153,35.03593],[-118.11129,35.0342],[-118.10498,35.03268],[-118.10519,35.01883],[-118.13392,35.01815],[-118.1138,35.00356],[-118.09307,34.98877],[-118.08978,34.98709],[-118.06831,34.97911],[-118.04167,34.97105],[-118.03857,34.97056],[-118.03015,34.97055],[-118.02466,34.97102],[-118.01929,34.97232],[-118.01285,34.97227],[-118.01143,34.97348],[-118.00619,34.97411],[-118.00525,34.97526],[-118.00454,34.97965],[-117.99854,34.98082],[-117.99712,34.9836],[-117.9908,34.99291],[-117.98553,34.99408],[-117.96978,34.99933],[-117.95314,34.99898],[-117.95347,34.98866],[-117.9533,34.98344],[-117.95404,34.97896],[-117.9536,34.97599],[-117.9499,34.96929],[-117.94802,34.9682],[-117.9473,34.96403],[-117.94431,34.9596],[-117.94455,34.95532],[-117.94738,34.95145],[-117.95042,34.94566],[-117.95227,34.9469],[-117.97075,34.95947],[-117.98322,34.96563],[-117.98676,34.96677],[-117.99621,34.96862],[-118.00194,34.97046],[-118.02389,34.96846],[-118.03335,34.96835],[-118.0523,34.96878],[-118.09159,34.96801],[-118.09142,34.96427],[-118.08699,34.96066],[-118.08681,34.9542],[-118.08818,34.95327],[-118.09603,34.95308],[-118.09604,34.93868],[-118.11392,34.93855],[-118.11412,34.95625],[-118.11235,34.96751],[-118.14086,34.9668],[-118.14052,34.92307],[-118.14546,34.90844],[-118.18493,34.9077],[-118.18541,34.93675],[-118.18987,34.93665],[-118.1896,34.92213],[-118.20317,34.92178],[-118.20316,34.90738],[-118.2143,34.90736],[-118.21484,34.91057],[-118.22191,34.91107],[-118.22666,34.90806],[-118.22809,34.90642],[-118.23291,34.90673],[-118.23494,34.90503],[-118.24086,34.90283],[-118.24576,34.90651],[-118.24628,34.90758],[-118.25361,34.9127],[-118.25643,34.90955],[-118.25651,34.90731],[-118.26218,34.90732],[-118.26242,34.91254],[-118.26508,34.91475],[-118.26505,34.92916],[-118.27251,34.92914],[-118.27407,34.92775],[-118.27394,34.9365],[-118.28279,34.93652],[-118.28284,34.94889],[-118.29174,34.9509],[-118.29197,34.9576],[-118.2931,34.9595],[-118.29902,34.96548],[-118.29183,34.96546],[-118.29186,34.96744],[-118.28539,34.96744],[-118.2805,34.96842],[-118.27655,34.97074],[-118.27886,34.97241],[-118.27985,34.97602],[-118.2778,34.97987],[-118.26818,34.97993],[-118.26656,34.97862],[-118.26549,34.97575],[-118.26715,34.96991],[-118.26665,34.96544],[-118.25646,34.96545],[-118.25649,34.97997],[-118.26283,34.98505],[-118.26093,34.98546],[-118.25065,34.9823],[-118.24167,34.97995],[-118.23884,34.97995],[-118.23881,34.97274],[-118.22563,34.97279],[-118.22562,34.97997],[-118.2093,34.97991],[-118.20846,34.98602],[-118.204,34.99285],[-118.20387,34.99816],[-118.20151,34.99821],[-118.20149,34.99999],[-118.1858,35.00041],[-118.18572,35.00775],[-118.20362,35.00738],[-118.20357,35.00924],[-118.19474,35.0094],[-118.19469,35.02405],[-118.20354,35.02386],[-118.20352,35.03135],[-118.19468,35.03152],[-118.19454,35.05356],[-118.201,35.05109],[-118.23596,35.0412],[-118.24692,35.03978],[-118.25316,35.03291],[-118.25364,35.02905],[-118.27129,35.02033],[-118.2742,35.02125],[-118.27413,35.02508],[-118.29212,35.03785],[-118.29232,35.00917],[-118.30294,35.009],[-118.3278,35.00913],[-118.32783,34.99459],[-118.33092,34.99773],[-118.33686,35.00199],[-118.3455,35.00265],[-118.34549,34.99803],[-118.34851,34.99545],[-118.34944,34.9917],[-118.35083,34.98242],[-118.35235,34.9784],[-118.34791,34.9763],[-118.34095,34.97202],[-118.34148,34.96535],[-118.34553,34.96537],[-118.34511,34.95072],[-118.3803,34.95053],[-118.3981,34.95035],[-118.40679,34.95031],[-118.41649,34.95085],[-118.42626,34.95194],[-118.42567,34.95304],[-118.42762,34.95519],[-118.4306,34.95696],[-118.43399,34.96152],[-118.43528,34.96421],[-118.43964,34.96647],[-118.44229,34.96634],[-118.44542,34.9682],[-118.44823,34.96627],[-118.45275,34.96767],[-118.45603,34.96763],[-118.45921,34.9695],[-118.46376,34.9705],[-118.46692,34.97047],[-118.46941,34.96837],[-118.46894,34.9663],[-118.46701,34.9653],[-118.46649,34.96116],[-118.46308,34.95311],[-118.46769,34.95327],[-118.48617,34.95324],[-118.48721,34.95346],[-118.48956,34.95686],[-118.48963,34.97092],[-118.49254,34.97508],[-118.49799,34.98104],[-118.49868,34.98584],[-118.50164,34.9872],[-118.49816,34.98984]]]}},{"type":"Feature","properties":{"zcta":"93311","d":138},"geometry":{"type":"Polygon","coordinates":[[[-119.29635,35.10131],[-119.29602,35.09395],[-119.26125,35.09376],[-119.26119,35.10091],[-119.2525,35.10104],[-119.25227,35.11551],[-119.26999,35.1155],[-119.26986,35.11952],[-119.2412,35.14025],[-119.23699,35.14489],[-119.23517,35.15085],[-119.23494,35.1748],[-119.2345,35.17818],[-119.23459,35.19432],[-119.23283,35.1944],[-119.23279,35.23635],[-119.23496,35.23806],[-119.25269,35.2382],[-119.2527,35.23359],[-119.25404,35.23047],[-119.25983,35.23163],[-119.26812,35.23164],[-119.27175,35.23222],[-119.27883,35.2347],[-119.28874,35.23478],[-119.28936,35.2426],[-119.29437,35.24916],[-119.28911,35.24919],[-119.28838,35.26757],[-119.25272,35.26735],[-119.25243,35.30331],[-119.24809,35.30343],[-119.24608,35.3052],[-119.24642,35.3065],[-119.24185,35.30905],[-119.23852,35.31247],[-119.23539,35.31168],[-119.23257,35.31193],[-119.22526,35.31578],[-119.22183,35.31698],[-119.22057,35.31853],[-119.2167,35.3194],[-119.21591,35.32191],[-119.21164,35.32397],[-119.20933,35.32413],[-119.20714,35.32614],[-119.19973,35.3268],[-119.19775,35.32844],[-119.1937,35.32882],[-119.19325,35.33017],[-119.18951,35.3312],[-119.1852,35.33147],[-119.18273,35.33274],[-119.18211,35.33507],[-119.17651,35.3369],[-119.17483,35.3398],[-119.17224,35.33978],[-119.16988,35.3433],[-119.16504,35.34489],[-119.16,35.3436],[-119.15558,35.34361],[-119.15257,35.34482],[-119.14665,35.3451],[-119.14515,35.34645],[-119.14537,35.34851],[-119.13382,35.3526],[-119.13021,35.35421],[-119.12946,35.35339],[-119.11574,35.35612],[-119.11523,35.35693],[-119.10841,35.35932],[-119.1051,35.35985],[-119.10287,35.359],[-119.09642,35.3605],[-119.09176,35.36387],[-119.09224,35.35437],[-119.09215,35.31824],[-119.09216,35.31077],[-119.0964,35.31078],[-119.09643,35.30341],[-119.09867,35.30342],[-119.09869,35.29615],[-119.10074,35.29616],[-119.10111,35.28894],[-119.10123,35.238],[-119.09217,35.23801],[-119.09222,35.22343],[-119.10106,35.22343],[-119.10129,35.18491],[-119.10298,35.18187],[-119.10476,35.18071],[-119.10992,35.18013],[-119.10992,35.17945],[-119.09224,35.17946],[-119.09206,35.15157],[-119.09957,35.15171],[-119.07481,35.12933],[-119.07433,35.12567],[-119.07439,35.10936],[-119.07416,35.0948],[-119.10992,35.09453],[-119.11094,35.09288],[-119.12531,35.07764],[-119.13334,35.06669],[-119.12862,35.06591],[-119.125,35.0662],[-119.11276,35.06449],[-119.09823,35.06037],[-119.09408,35.05899],[-119.13602,35.05882],[-119.1359,35.05154],[-119.14479,35.05151],[-119.14473,35.04771],[-119.16695,35.04772],[-119.16703,35.05133],[-119.17151,35.05143],[-119.17155,35.05861],[-119.18092,35.05856],[-119.18209,35.04786],[-119.18545,35.04667],[-119.18928,35.04623],[-119.19093,35.04363],[-119.18934,35.02043],[-119.18878,35.018],[-119.18825,35.00882],[-119.18779,35.00765],[-119.18401,35.00513],[-119.18002,35.00561],[-119.1707,35.00445],[-119.16538,35.00999],[-119.16298,35.01324],[-119.15386,35.01103],[-119.14993,35.01226],[-119.14859,35.01165],[-119.14032,35.01203],[-119.14024,35.01921],[-119.13574,35.01931],[-119.1355,35.012],[-119.13329,35.01192],[-119.13315,35.00856],[-119.12903,35.00818],[-119.12594,35.00976],[-119.12067,35.00975],[-119.11769,35.01041],[-119.11737,35.016],[-119.114,35.01612],[-119.11038,35.01968],[-119.10833,35.01357],[-119.10848,35.01098],[-119.11081,35.0099],[-119.10925,35.00924],[-119.11,35.00619],[-119.10752,35.00605],[-119.10896,35.00459],[-119.10636,35.00242],[-119.10147,35.00193],[-119.09811,35.00222],[-119.09681,34.99934],[-119.09248,34.99664],[-119.0926,34.99507],[-119.09061,34.99321],[-119.08832,34.99509],[-119.08433,34.99516],[-119.0852,34.99383],[-119.08263,34.99364],[-119.0821,34.99806],[-119.08027,34.99784],[-119.07911,34.9945],[-119.07962,34.99042],[-119.07928,34.98637],[-119.08531,34.98754],[-119.08812,34.98573],[-119.08913,34.98174],[-119.08558,34.98261],[-119.08597,34.98032],[-119.08271,34.97981],[-119.08266,34.97823],[-119.07748,34.97743],[-119.07506,34.97317],[-119.07097,34.97499],[-119.06785,34.97517],[-119.06487,34.9744],[-119.06462,34.92023],[-119.06535,34.90516],[-119.12369,34.90526],[-119.12183,34.90758],[-119.12413,34.91023],[-119.12657,34.911],[-119.12917,34.91327],[-119.13044,34.91906],[-119.13215,34.92156],[-119.13307,34.92956],[-119.13249,34.93447],[-119.13287,34.93978],[-119.13741,34.9427],[-119.1382,34.94151],[-119.14333,34.93942],[-119.14275,34.94131],[-119.14502,34.94064],[-119.14442,34.94218],[-119.14751,34.9437],[-119.14714,34.9452],[-119.15093,34.94517],[-119.15496,34.94116],[-119.16004,34.94754],[-119.16305,34.94922],[-119.16599,34.95325],[-119.16145,34.9604],[-119.16218,34.96784],[-119.16456,34.97293],[-119.16301,34.97636],[-119.16228,34.98011],[-119.16443,34.98328],[-119.16244,34.9869],[-119.16375,34.98748],[-119.16043,34.98874],[-119.16477,34.99074],[-119.16566,34.99246],[-119.16441,34.99412],[-119.16947,34.99373],[-119.1718,34.99486],[-119.1751,34.99371],[-119.17619,34.99469],[-119.18002,34.99206],[-119.18157,34.9891],[-119.18657,34.98284],[-119.19193,34.98954],[-119.19649,34.99118],[-119.19738,35.00052],[-119.19894,35.0055],[-119.20435,35.01936],[-119.20866,35.02463],[-119.21466,35.03413],[-119.21693,35.0392],[-119.22074,35.03818],[-119.22454,35.03576],[-119.22453,35.03302],[-119.2333,35.03294],[-119.23344,35.03008],[-119.2423,35.02425],[-119.2422,35.03323],[-119.24238,35.04742],[-119.26017,35.04713],[-119.26014,35.04134],[-119.26399,35.04519],[-119.26929,35.04953],[-119.27318,35.05439],[-119.27713,35.0583],[-119.21141,35.05841],[-119.21155,35.0694],[-119.23352,35.06905],[-119.23357,35.07478],[-119.2481,35.07257],[-119.251,35.07269],[-119.26154,35.07524],[-119.27483,35.08061],[-119.28239,35.08266],[-119.29611,35.08524],[-119.30412,35.08667],[-119.31391,35.08737],[-119.31404,35.10121],[-119.29635,35.10131]]]}},{"type":"Feature","properties":{"zcta":"93224","d":5},"geometry":{"type":"Polygon","coordinates":[[[-119.61038,35.26586],[-119.61822,35.27585],[-119.62008,35.27087],[-119.62302,35.27719],[-119.62483,35.27802],[-119.62489,35.28062],[-119.62728,35.28038],[-119.63006,35.28147],[-119.62228,35.28174],[-119.62464,35.29016],[-119.62465,35.29578],[-119.60721,35.2963],[-119.60711,35.30014],[-119.60354,35.29853],[-119.60347,35.29578],[-119.605,35.29424],[-119.60346,35.29218],[-119.60661,35.28821],[-119.60854,35.2876],[-119.60876,35.28404],[-119.59594,35.27567],[-119.59507,35.27251],[-119.59337,35.27066],[-119.5903,35.27064],[-119.58759,35.27286],[-119.58528,35.27224],[-119.58009,35.27268],[-119.57291,35.27181],[-119.57356,35.26742],[-119.58965,35.26743],[-119.58742,35.26503],[-119.58106,35.26256],[-119.58142,35.25979],[-119.57738,35.25812],[-119.57486,35.25622],[-119.57166,35.24889],[-119.57163,35.24596],[-119.56544,35.24734],[-119.56413,35.2483],[-119.55991,35.24809],[-119.57174,35.23813],[-119.57191,35.23003],[-119.56803,35.22891],[-119.56309,35.2293],[-119.55378,35.23246],[-119.55004,35.23296],[-119.54047,35.23193],[-119.53643,35.23225],[-119.52881,35.23211],[-119.52184,35.22824],[-119.51779,35.22813],[-119.51774,35.22716],[-119.52321,35.22467],[-119.52415,35.22135],[-119.52056,35.21767],[-119.51905,35.21529],[-119.51939,35.21242],[-119.51203,35.2094],[-119.51267,35.20572],[-119.51881,35.20592],[-119.5202,35.20439],[-119.51931,35.2021],[-119.52494,35.20185],[-119.52812,35.2008],[-119.51934,35.19464],[-119.51268,35.18997],[-119.51352,35.1888],[-119.51631,35.18958],[-119.51784,35.18839],[-119.51734,35.18045],[-119.50095,35.1805],[-119.50073,35.1512],[-119.50943,35.1512],[-119.50881,35.14409],[-119.50881,35.13711],[-119.50041,35.13676],[-119.49967,35.12738],[-119.50403,35.12796],[-119.50532,35.12894],[-119.50535,35.12527],[-119.50782,35.12338],[-119.51118,35.12217],[-119.51254,35.12053],[-119.51406,35.12116],[-119.51541,35.12415],[-119.51419,35.12584],[-119.51789,35.12825],[-119.52021,35.12853],[-119.52303,35.13119],[-119.52338,35.13325],[-119.52548,35.13309],[-119.52644,35.1344],[-119.52605,35.13754],[-119.52052,35.14388],[-119.52177,35.14642],[-119.51974,35.14799],[-119.51758,35.1513],[-119.52006,35.15415],[-119.52102,35.15666],[-119.52342,35.15927],[-119.52556,35.15919],[-119.52819,35.15654],[-119.53033,35.1578],[-119.53748,35.15772],[-119.53868,35.15687],[-119.54569,35.15595],[-119.55145,35.15597],[-119.55378,35.1518],[-119.55615,35.15041],[-119.55383,35.18],[-119.55777,35.18106],[-119.55237,35.18587],[-119.55024,35.18379],[-119.5476,35.18517],[-119.54535,35.18285],[-119.53703,35.17761],[-119.53245,35.18008],[-119.5274,35.18013],[-119.52836,35.18078],[-119.54365,35.19503],[-119.54486,35.19456],[-119.57134,35.19449],[-119.57272,35.19315],[-119.57271,35.1893],[-119.58934,35.19789],[-119.58928,35.20605],[-119.58452,35.20578],[-119.585,35.20764],[-119.58137,35.2092],[-119.58093,35.20507],[-119.57405,35.20483],[-119.57313,35.20035],[-119.57143,35.20014],[-119.56805,35.19747],[-119.56918,35.20374],[-119.56973,35.20966],[-119.56977,35.22157],[-119.57188,35.22372],[-119.57368,35.22323],[-119.58223,35.22361],[-119.58942,35.22751],[-119.58952,35.22402],[-119.59057,35.22315],[-119.58979,35.22077],[-119.59325,35.21871],[-119.59547,35.21655],[-119.59828,35.21654],[-119.59859,35.21974],[-119.59717,35.22232],[-119.59832,35.22339],[-119.59836,35.23057],[-119.61141,35.22805],[-119.62078,35.22896],[-119.62737,35.22802],[-119.62633,35.22582],[-119.62139,35.22351],[-119.61596,35.2231],[-119.616,35.22105],[-119.61866,35.22096],[-119.62153,35.2195],[-119.62036,35.21641],[-119.62203,35.2091],[-119.61982,35.2077],[-119.6237,35.20662],[-119.62378,35.20552],[-119.62769,35.20127],[-119.62996,35.20073],[-119.63422,35.20223],[-119.63417,35.19809],[-119.63772,35.19762],[-119.63882,35.199],[-119.64193,35.19996],[-119.64501,35.199],[-119.64819,35.20146],[-119.65605,35.20029],[-119.6585,35.20182],[-119.66162,35.20215],[-119.66708,35.20694],[-119.66686,35.22977],[-119.65983,35.23367],[-119.66,35.23626],[-119.65731,35.2409],[-119.65152,35.24731],[-119.64948,35.24776],[-119.64866,35.25186],[-119.63788,35.25784],[-119.63561,35.26094],[-119.63722,35.264],[-119.61038,35.26586]]]}},{"type":"Feature","properties":{"zcta":"93524","d":0},"geometry":{"type":"Polygon","coordinates":[[[-117.9091,34.91277],[-117.91192,34.9165],[-117.90188,34.92163],[-117.90183,34.92343],[-117.90724,34.92306],[-117.90596,34.92552],[-117.90096,34.92555],[-117.90064,34.92636],[-117.90807,34.92801],[-117.91683,34.92877],[-117.91598,34.93494],[-117.91595,34.93952],[-117.89926,34.9395],[-117.89968,34.94354],[-117.88953,34.98458],[-117.88872,34.98444],[-117.88067,34.98438],[-117.88067,34.98845],[-117.87412,34.99399],[-117.87236,34.99133],[-117.8627,34.99383],[-117.86146,34.99774],[-117.86008,34.99894],[-117.84866,34.99903],[-117.84391,34.99753],[-117.83508,34.99551],[-117.83158,34.99432],[-117.8055,34.97799],[-117.79898,34.97298],[-117.78534,34.9588],[-117.78215,34.95438],[-117.78167,34.95268],[-117.77922,34.95273],[-117.77389,34.95041],[-117.77044,34.94784],[-117.76892,34.94448],[-117.76872,34.93838],[-117.76291,34.93461],[-117.76254,34.9326],[-117.76008,34.93292],[-117.75872,34.93028],[-117.75943,34.92849],[-117.75871,34.92603],[-117.76029,34.92121],[-117.76315,34.91984],[-117.76146,34.91746],[-117.76213,34.91563],[-117.77211,34.91617],[-117.77797,34.91533],[-117.78234,34.91401],[-117.78927,34.91027],[-117.79294,34.90708],[-117.79626,34.90263],[-117.79769,34.89961],[-117.82378,34.82297],[-117.87334,34.82258],[-117.8829,34.8292],[-117.9079,34.83847],[-117.91521,34.83946],[-117.91691,34.84081],[-117.91703,34.86089],[-117.91683,34.90885],[-117.9091,34.91277]]]}},{"type":"Feature","properties":{"zcta":"93314","d":151},"geometry":{"type":"Polygon","coordinates":[[[-119.26121,35.4417],[-119.26106,35.45334],[-119.25802,35.45332],[-119.2549,35.44883],[-119.24338,35.44893],[-119.24348,35.44165],[-119.21617,35.44164],[-119.10949,35.44145],[-119.10947,35.4461],[-119.10512,35.44608],[-119.10513,35.44371],[-119.10073,35.4437],[-119.10073,35.44142],[-119.09929,35.44142],[-119.09881,35.4436],[-119.09517,35.44142],[-119.08738,35.44112],[-119.07454,35.43132],[-119.07453,35.42696],[-119.07705,35.42696],[-119.08136,35.42898],[-119.08409,35.4311],[-119.08906,35.43672],[-119.09219,35.43875],[-119.09224,35.42698],[-119.10998,35.4271],[-119.14546,35.42699],[-119.1455,35.40522],[-119.14332,35.40522],[-119.14333,35.39951],[-119.14551,35.39941],[-119.14551,35.39796],[-119.13853,35.39222],[-119.14551,35.39226],[-119.14554,35.3543],[-119.13686,35.35382],[-119.13561,35.35576],[-119.13251,35.35757],[-119.13021,35.35421],[-119.13382,35.3526],[-119.14537,35.34851],[-119.14515,35.34645],[-119.14665,35.3451],[-119.15257,35.34482],[-119.15558,35.34361],[-119.16,35.3436],[-119.16504,35.34489],[-119.16988,35.3433],[-119.17224,35.33978],[-119.17483,35.3398],[-119.17651,35.3369],[-119.18211,35.33507],[-119.18273,35.33274],[-119.1852,35.33147],[-119.18951,35.3312],[-119.19325,35.33017],[-119.1937,35.32882],[-119.19775,35.32844],[-119.19973,35.3268],[-119.20714,35.32614],[-119.20933,35.32413],[-119.21164,35.32397],[-119.21591,35.32191],[-119.2167,35.3194],[-119.22057,35.31853],[-119.22183,35.31698],[-119.22526,35.31578],[-119.23257,35.31193],[-119.23539,35.31168],[-119.23852,35.31247],[-119.24185,35.30905],[-119.24642,35.3065],[-119.24608,35.3052],[-119.24809,35.30343],[-119.25243,35.30331],[-119.25232,35.33173],[-119.25578,35.33145],[-119.25894,35.3302],[-119.26201,35.32754],[-119.26518,35.32847],[-119.27292,35.32757],[-119.27561,35.32837],[-119.27781,35.32653],[-119.284,35.32527],[-119.28669,35.32321],[-119.28761,35.32119],[-119.29196,35.32095],[-119.29658,35.3184],[-119.29726,35.3209],[-119.31008,35.32058],[-119.31581,35.32532],[-119.34123,35.3254],[-119.34123,35.3621],[-119.34108,35.38783],[-119.3233,35.38775],[-119.32299,35.41291],[-119.32304,35.42735],[-119.33179,35.42729],[-119.33171,35.43473],[-119.34046,35.43475],[-119.34048,35.44198],[-119.26121,35.4417]]]}},{"type":"Feature","properties":{"zcta":"93312","d":1645},"geometry":{"type":"Polygon","coordinates":[[[-119.09222,35.41243],[-119.09423,35.41249],[-119.09518,35.41055],[-119.09222,35.40956],[-119.09221,35.39422],[-119.09577,35.3954],[-119.09725,35.40038],[-119.10189,35.39841],[-119.10163,35.39754],[-119.0942,35.38996],[-119.09228,35.38868],[-119.09224,35.38032],[-119.0941,35.37668],[-119.09224,35.37119],[-119.09176,35.36387],[-119.09642,35.3605],[-119.10287,35.359],[-119.1051,35.35985],[-119.10841,35.35932],[-119.11523,35.35693],[-119.11574,35.35612],[-119.12946,35.35339],[-119.13021,35.35421],[-119.13251,35.35757],[-119.13561,35.35576],[-119.13686,35.35382],[-119.14554,35.3543],[-119.14551,35.39226],[-119.13853,35.39222],[-119.14551,35.39796],[-119.14551,35.39941],[-119.14333,35.39951],[-119.14332,35.40522],[-119.1455,35.40522],[-119.14546,35.42699],[-119.10998,35.4271],[-119.09224,35.42698],[-119.09222,35.41243]]]}},{"type":"Feature","properties":{"zcta":"93226","d":0},"geometry":{"type":"Polygon","coordinates":[[[-118.73484,35.6764],[-118.73155,35.68358],[-118.73099,35.68864],[-118.73167,35.69176],[-118.73034,35.6942],[-118.73052,35.70318],[-118.72626,35.70636],[-118.72754,35.71115],[-118.70897,35.71698],[-118.70836,35.71929],[-118.70561,35.72407],[-118.71656,35.72464],[-118.72316,35.72389],[-118.72439,35.72031],[-118.72694,35.71797],[-118.72877,35.71435],[-118.73248,35.71201],[-118.7358,35.71123],[-118.73875,35.7119],[-118.74281,35.70968],[-118.74468,35.70712],[-118.74737,35.70668],[-118.74771,35.70524],[-118.75515,35.70553],[-118.7567,35.70497],[-118.76235,35.70571],[-118.7643,35.70666],[-118.7669,35.70601],[-118.77159,35.70789],[-118.77476,35.70716],[-118.77729,35.7091],[-118.77833,35.71133],[-118.78849,35.71331],[-118.79119,35.71551],[-118.79183,35.71808],[-118.79668,35.72022],[-118.79858,35.71963],[-118.80099,35.72103],[-118.80464,35.7191],[-118.80712,35.71916],[-118.81112,35.71734],[-118.8118,35.7156],[-118.81879,35.71458],[-118.81949,35.71757],[-118.81701,35.72219],[-118.82185,35.72352],[-118.82399,35.723],[-118.82375,35.72126],[-118.82662,35.72126],[-118.82965,35.71983],[-118.83092,35.71665],[-118.83216,35.71647],[-118.83357,35.7134],[-118.83824,35.71118],[-118.83914,35.70985],[-118.84407,35.71116],[-118.84692,35.71356],[-118.84939,35.71359],[-118.8462,35.71684],[-118.84264,35.72179],[-118.84394,35.72517],[-118.84283,35.72673],[-118.84258,35.73017],[-118.83892,35.73254],[-118.83472,35.73395],[-118.83445,35.73479],[-118.85331,35.74206],[-118.84886,35.7486],[-118.85139,35.75006],[-118.86527,35.75601],[-118.86316,35.75805],[-118.86072,35.76198],[-118.86125,35.76375],[-118.86515,35.76493],[-118.86694,35.76789],[-118.86584,35.77055],[-118.86753,35.77805],[-118.86578,35.77972],[-118.86655,35.78205],[-118.86512,35.78457],[-118.86234,35.78615],[-118.8617,35.79048],[-118.80244,35.79017],[-118.74531,35.79017],[-118.68114,35.78995],[-118.62272,35.78988],[-118.6284,35.78555],[-118.62664,35.7832],[-118.62243,35.78407],[-118.62558,35.7784],[-118.62227,35.77892],[-118.62168,35.77739],[-118.61877,35.77657],[-118.62226,35.77375],[-118.62617,35.77329],[-118.63109,35.77172],[-118.6293,35.77021],[-118.62927,35.76628],[-118.62635,35.76499],[-118.62308,35.76245],[-118.62094,35.76218],[-118.62132,35.76077],[-118.61848,35.75986],[-118.61821,35.75797],[-118.61569,35.75839],[-118.61461,35.76046],[-118.61187,35.7625],[-118.61036,35.7584],[-118.60617,35.7584],[-118.60909,35.75505],[-118.6071,35.7548],[-118.60939,35.7514],[-118.60867,35.75055],[-118.61164,35.74463],[-118.61393,35.74427],[-118.61666,35.7421],[-118.61654,35.74097],[-118.62029,35.74105],[-118.62326,35.7393],[-118.6259,35.73959],[-118.62868,35.73839],[-118.63064,35.73573],[-118.63134,35.7332],[-118.62785,35.72839],[-118.6264,35.7233],[-118.62664,35.72044],[-118.6243,35.71632],[-118.62756,35.71349],[-118.62975,35.71357],[-118.63329,35.7106],[-118.6358,35.70932],[-118.6382,35.71001],[-118.64235,35.70554],[-118.64402,35.70798],[-118.64555,35.70623],[-118.64851,35.70758],[-118.65092,35.70519],[-118.65383,35.70641],[-118.65807,35.70429],[-118.66239,35.70422],[-118.66251,35.70573],[-118.66758,35.70325],[-118.67066,35.70337],[-118.67178,35.7007],[-118.67405,35.7005],[-118.6753,35.70172],[-118.67803,35.70106],[-118.68035,35.69775],[-118.68183,35.69693],[-118.68266,35.69363],[-118.68515,35.69348],[-118.68728,35.692],[-118.68781,35.68884],[-118.68981,35.68739],[-118.69303,35.68745],[-118.69631,35.68657],[-118.6986,35.68489],[-118.70073,35.68495],[-118.70498,35.68222],[-118.70737,35.68203],[-118.70799,35.68368],[-118.71029,35.68271],[-118.71424,35.68286],[-118.71566,35.68065],[-118.71805,35.68031],[-118.71883,35.67805],[-118.72121,35.67706],[-118.7221,35.67363],[-118.72363,35.67256],[-118.72692,35.67411],[-118.7295,35.67324],[-118.73698,35.67419],[-118.73484,35.6764]]]}},{"type":"Feature","properties":{"zcta":"93558","d":0},"geometry":{"type":"Polygon","coordinates":[[[-117.63122,35.35244],[-117.63205,35.39498],[-117.62842,35.39839],[-117.62144,35.40084],[-117.61637,35.40488],[-117.61315,35.40561],[-117.59556,35.40546],[-117.5986,35.3911],[-117.59921,35.38972],[-117.60829,35.38244],[-117.60232,35.3851],[-117.5979,35.38541],[-117.59131,35.38726],[-117.57954,35.38857],[-117.56882,35.38646],[-117.56032,35.38737],[-117.55568,35.38642],[-117.54557,35.38203],[-117.54292,35.38156],[-117.53737,35.37858],[-117.53478,35.37615],[-117.53027,35.3672],[-117.52918,35.36279],[-117.52278,35.35896],[-117.52289,35.32],[-117.52667,35.32113],[-117.52737,35.31896],[-117.53017,35.31852],[-117.53377,35.32136],[-117.54062,35.31871],[-117.54652,35.31204],[-117.55247,35.30937],[-117.56916,35.3083],[-117.57393,35.309],[-117.58489,35.3091],[-117.59382,35.30883],[-117.55636,35.29532],[-117.55013,35.28972],[-117.55375,35.29003],[-117.5601,35.28814],[-117.56203,35.28684],[-117.57795,35.27415],[-117.59598,35.27418],[-117.59695,35.27435],[-117.62062,35.2743],[-117.6313,35.31199],[-117.63131,35.34414],[-117.63122,35.35244]]]}},{"type":"Feature","properties":{"zcta":"93304","d":2581},"geometry":{"type":"Polygon","coordinates":[[[-119.00293,35.37015],[-119.00423,35.36843],[-119.00492,35.35504],[-119.00299,35.35503],[-119.00301,35.34756],[-119.01075,35.34844],[-119.01186,35.34671],[-119.01187,35.33945],[-119.01438,35.33945],[-119.01413,35.33652],[-119.01188,35.33448],[-119.01188,35.33219],[-119.00958,35.33219],[-119.0036,35.32502],[-119.00535,35.32494],[-119.00525,35.31908],[-119.00849,35.31977],[-119.00849,35.31767],[-119.01455,35.31767],[-119.02096,35.31814],[-119.02121,35.31766],[-119.02123,35.29756],[-119.02296,35.29756],[-119.02297,35.29587],[-119.03065,35.29582],[-119.03637,35.31768],[-119.03968,35.3306],[-119.03967,35.35414],[-119.03987,35.36278],[-119.04201,35.36831],[-119.04284,35.37108],[-119.03866,35.37102],[-119.03867,35.36862],[-119.02005,35.36849],[-119.01946,35.36747],[-119.01963,35.35581],[-119.01891,35.35506],[-119.01767,35.35887],[-119.01827,35.36079],[-119.01825,35.36746],[-119.01883,35.36849],[-119.01413,35.36907],[-119.01295,35.37042],[-119.01183,35.36846],[-119.00948,35.36845],[-119.00829,35.37142],[-119.00292,35.37231],[-119.00293,35.37015]]]}},{"type":"Feature","properties":{"zcta":"93240","d":27},"geometry":{"type":"Polygon","coordinates":[[[-118.58674,35.65703],[-118.58252,35.65987],[-118.58204,35.66311],[-118.57728,35.66404],[-118.57549,35.66622],[-118.57587,35.66794],[-118.57243,35.66952],[-118.57223,35.66839],[-118.56893,35.66689],[-118.56795,35.66886],[-118.5655,35.66969],[-118.56393,35.66728],[-118.56181,35.66704],[-118.56014,35.66545],[-118.55702,35.66565],[-118.55634,35.66784],[-118.55453,35.66866],[-118.55448,35.67038],[-118.54935,35.67168],[-118.54521,35.66911],[-118.53782,35.66678],[-118.53049,35.66825],[-118.52386,35.66532],[-118.51682,35.66323],[-118.51424,35.66313],[-118.50813,35.66528],[-118.50661,35.66779],[-118.50675,35.66956],[-118.49899,35.67128],[-118.49756,35.66557],[-118.49776,35.66393],[-118.49002,35.65928],[-118.48623,35.65916],[-118.4856,35.65729],[-118.48007,35.65609],[-118.47859,35.65404],[-118.47802,35.65706],[-118.47594,35.65873],[-118.4734,35.65876],[-118.47452,35.65991],[-118.46863,35.66381],[-118.46896,35.66531],[-118.4663,35.66799],[-118.4662,35.67133],[-118.46437,35.67318],[-118.46453,35.67041],[-118.46277,35.67045],[-118.46283,35.67274],[-118.45981,35.67423],[-118.45969,35.67773],[-118.46136,35.67908],[-118.45357,35.6755],[-118.46164,35.65873],[-118.45918,35.65867],[-118.44869,35.65997],[-118.43816,35.66409],[-118.43583,35.66363],[-118.42958,35.66087],[-118.42598,35.66202],[-118.42394,35.66459],[-118.42158,35.66552],[-118.4181,35.66491],[-118.41436,35.66286],[-118.41181,35.66717],[-118.40874,35.66787],[-118.40583,35.6668],[-118.4,35.66675],[-118.39441,35.66734],[-118.39061,35.66587],[-118.38983,35.66424],[-118.38663,35.66181],[-118.38495,35.66147],[-118.37897,35.66836],[-118.37911,35.64177],[-118.378,35.64174],[-118.37735,35.64588],[-118.37357,35.64546],[-118.36149,35.64514],[-118.3616,35.63068],[-118.3594,35.62955],[-118.35654,35.62958],[-118.35294,35.6282],[-118.34951,35.62195],[-118.34902,35.61629],[-118.3724,35.61637],[-118.37941,35.61617],[-118.38053,35.60891],[-118.38043,35.55769],[-118.44056,35.55785],[-118.44637,35.56286],[-118.44515,35.56604],[-118.44723,35.56938],[-118.45044,35.57114],[-118.45153,35.5737],[-118.44413,35.57499],[-118.44067,35.57617],[-118.44617,35.58296],[-118.44937,35.58528],[-118.45051,35.58862],[-118.45268,35.59104],[-118.46045,35.59376],[-118.46564,35.59783],[-118.47205,35.59812],[-118.47215,35.60027],[-118.47471,35.60294],[-118.47784,35.6029],[-118.47961,35.60172],[-118.49494,35.60182],[-118.49604,35.60144],[-118.49649,35.60521],[-118.49523,35.60759],[-118.499,35.60551],[-118.50191,35.60171],[-118.5038,35.60117],[-118.51138,35.59883],[-118.51035,35.60058],[-118.5128,35.60233],[-118.5226,35.60186],[-118.52175,35.61216],[-118.5225,35.61353],[-118.52134,35.61632],[-118.5218,35.61878],[-118.52983,35.61388],[-118.53149,35.61221],[-118.53614,35.61312],[-118.53924,35.61472],[-118.54581,35.61451],[-118.54584,35.61269],[-118.54757,35.61273],[-118.54936,35.60602],[-118.54853,35.60192],[-118.54651,35.60073],[-118.54571,35.5988],[-118.5485,35.59598],[-118.54859,35.59325],[-118.55062,35.59394],[-118.55147,35.59644],[-118.55341,35.59793],[-118.55769,35.59898],[-118.56068,35.60066],[-118.56378,35.60016],[-118.56734,35.60125],[-118.57094,35.60661],[-118.56985,35.60882],[-118.57344,35.61808],[-118.57504,35.62022],[-118.5764,35.62013],[-118.57804,35.62292],[-118.5773,35.61776],[-118.57997,35.61797],[-118.57971,35.61644],[-118.58317,35.6164],[-118.5873,35.61911],[-118.58836,35.61767],[-118.58858,35.65255],[-118.58674,35.65703]]]}},{"type":"Feature","properties":{"zcta":"93505","d":61},"geometry":{"type":"Polygon","coordinates":[[[-118.03908,35.18412],[-118.00355,35.18416],[-117.98581,35.18428],[-117.98578,35.16957],[-117.97691,35.16946],[-117.97689,35.16228],[-117.96798,35.16236],[-117.96744,35.16959],[-117.94459,35.16959],[-117.92386,35.16973],[-117.91504,35.16965],[-117.9147,35.14866],[-117.89478,35.16443],[-117.87696,35.18466],[-117.87113,35.18734],[-117.86832,35.19408],[-117.86699,35.19558],[-117.85282,35.19977],[-117.82205,35.2181],[-117.82394,35.22399],[-117.82109,35.22642],[-117.81782,35.22498],[-117.81782,35.22062],[-117.79142,35.23651],[-117.79154,35.24321],[-117.78251,35.24296],[-117.78252,35.24185],[-117.75464,35.25858],[-117.73708,35.26912],[-117.73404,35.26634],[-117.71898,35.25721],[-117.72929,35.24551],[-117.73044,35.24298],[-117.7312,35.23719],[-117.73393,35.23313],[-117.73694,35.23145],[-117.74875,35.2286],[-117.74698,35.22063],[-117.74421,35.22116],[-117.71136,35.22142],[-117.71061,35.21959],[-117.73921,35.20866],[-117.73832,35.20421],[-117.74283,35.20417],[-117.74649,35.20317],[-117.75428,35.20251],[-117.75879,35.20168],[-117.7662,35.19847],[-117.76942,35.20259],[-117.77008,35.20617],[-117.77248,35.20544],[-117.77766,35.20235],[-117.78101,35.20248],[-117.78664,35.20487],[-117.78922,35.20913],[-117.78909,35.21135],[-117.78724,35.21523],[-117.79756,35.21647],[-117.80337,35.21579],[-117.80899,35.21379],[-117.80929,35.21261],[-117.81337,35.20782],[-117.81283,35.2116],[-117.81707,35.21192],[-117.81806,35.21014],[-117.81922,35.21336],[-117.8214,35.21322],[-117.82141,35.20921],[-117.81957,35.20817],[-117.82052,35.20641],[-117.81782,35.20391],[-117.81808,35.20177],[-117.82148,35.19731],[-117.82368,35.19577],[-117.82647,35.19522],[-117.82648,35.19733],[-117.83377,35.19731],[-117.83372,35.19527],[-117.8366,35.19412],[-117.83963,35.19016],[-117.8369,35.18762],[-117.83796,35.18536],[-117.84479,35.18476],[-117.85037,35.1847],[-117.85495,35.18299],[-117.85714,35.18296],[-117.86206,35.18462],[-117.86214,35.16983],[-117.87978,35.16978],[-117.87948,35.15657],[-117.87008,35.15926],[-117.864,35.16165],[-117.85444,35.16477],[-117.84426,35.16857],[-117.84333,35.16399],[-117.84112,35.16241],[-117.8355,35.1597],[-117.83187,35.15939],[-117.82998,35.15556],[-117.83386,35.15553],[-117.83343,35.14446],[-117.83426,35.14089],[-117.87967,35.14075],[-117.91454,35.14071],[-117.91479,35.12632],[-117.92712,35.126],[-117.92862,35.12248],[-117.92839,35.11828],[-117.93241,35.11396],[-117.93132,35.11307],[-117.93403,35.11098],[-117.93437,35.10851],[-117.94152,35.10735],[-117.94516,35.10206],[-117.94671,35.10168],[-117.94848,35.09928],[-117.94823,35.09681],[-117.94093,35.09684],[-117.94169,35.09138],[-117.94535,35.08758],[-117.93481,35.08781],[-117.91747,35.08767],[-117.91746,35.05806],[-117.95297,35.05831],[-117.97101,35.05824],[-117.97089,35.08027],[-117.9679,35.08027],[-117.96789,35.08315],[-117.96463,35.0875],[-117.97022,35.08769],[-117.98607,35.08771],[-118.00372,35.08733],[-118.00325,35.09267],[-118.00344,35.10388],[-117.99457,35.10389],[-117.99459,35.11847],[-118.0213,35.11832],[-118.02135,35.12562],[-118.03912,35.12553],[-118.03911,35.15834],[-118.03908,35.18412]]]}},{"type":"Feature","properties":{"zcta":"93555","d":173},"geometry":{"type":"Polygon","coordinates":[[[-117.74582,35.65196],[-117.74587,35.64454],[-117.74407,35.64086],[-117.74404,35.63724],[-117.74287,35.63721],[-117.74255,35.62999],[-117.74185,35.62997],[-117.74202,35.62257],[-117.72296,35.62255],[-117.72304,35.65189],[-117.67005,35.6518],[-117.66997,35.65677],[-117.66763,35.65833],[-117.66586,35.66081],[-117.65663,35.66498],[-117.64882,35.66816],[-117.64,35.68073],[-117.61652,35.68069],[-117.61652,35.65161],[-117.62837,35.65156],[-117.62857,35.65085],[-117.61645,35.64973],[-117.61647,35.60826],[-117.61175,35.60896],[-117.59493,35.61568],[-117.59495,35.59936],[-117.61507,35.59321],[-117.62565,35.59323],[-117.62556,35.58798],[-117.62123,35.58084],[-117.61732,35.57047],[-117.61555,35.56754],[-117.62027,35.56684],[-117.62309,35.57075],[-117.63451,35.5758],[-117.63461,35.56426],[-117.63008,35.56425],[-117.63006,35.54151],[-117.63462,35.54209],[-117.63941,35.54004],[-117.64342,35.53748],[-117.65003,35.53596],[-117.65224,35.53473],[-117.65261,35.53272],[-117.64876,35.53266],[-117.64414,35.53086],[-117.64106,35.53093],[-117.63946,35.52845],[-117.63085,35.52772],[-117.6332,35.52603],[-117.63479,35.52333],[-117.63753,35.51557],[-117.63331,35.50969],[-117.63015,35.50894],[-117.63032,35.49172],[-117.63399,35.48759],[-117.63738,35.4854],[-117.65403,35.50645],[-117.65708,35.50934],[-117.6733,35.52029],[-117.65412,35.47881],[-117.65397,35.47334],[-117.66074,35.47033],[-117.66686,35.46916],[-117.6738,35.46936],[-117.67628,35.47011],[-117.68649,35.47449],[-117.68944,35.47837],[-117.6943,35.48065],[-117.69668,35.48285],[-117.69952,35.48341],[-117.70385,35.48613],[-117.70383,35.48864],[-117.70156,35.49129],[-117.68813,35.49124],[-117.68532,35.49455],[-117.68302,35.49201],[-117.67979,35.49018],[-117.67809,35.49133],[-117.67895,35.49407],[-117.67775,35.50085],[-117.67461,35.5031],[-117.67716,35.50403],[-117.68123,35.5072],[-117.68537,35.50612],[-117.6887,35.50253],[-117.69145,35.49857],[-117.69859,35.50095],[-117.70149,35.50061],[-117.70704,35.49884],[-117.70551,35.50448],[-117.7051,35.50822],[-117.70354,35.51077],[-117.70564,35.51232],[-117.70489,35.5165],[-117.70181,35.52345],[-117.69859,35.52748],[-117.70135,35.52751],[-117.70521,35.52966],[-117.70494,35.53254],[-117.70211,35.53231],[-117.69898,35.53455],[-117.69568,35.53401],[-117.6941,35.53659],[-117.69534,35.54086],[-117.69781,35.54284],[-117.69753,35.54393],[-117.70219,35.54436],[-117.70554,35.54394],[-117.70757,35.54269],[-117.71945,35.53219],[-117.72438,35.52987],[-117.72565,35.52864],[-117.72859,35.52315],[-117.73083,35.52164],[-117.73543,35.51995],[-117.73831,35.51971],[-117.74076,35.52076],[-117.74817,35.5264],[-117.75162,35.52957],[-117.75746,35.53693],[-117.76333,35.549],[-117.76688,35.55423],[-117.76921,35.55661],[-117.77323,35.55894],[-117.77563,35.56125],[-117.77914,35.5669],[-117.78406,35.57474],[-117.77709,35.56425],[-117.77254,35.56177],[-117.71607,35.54993],[-117.71368,35.55101],[-117.80021,35.65079],[-117.80064,35.65142],[-117.79596,35.65207],[-117.74582,35.65196]]]}},{"type":"Feature","properties":{"zcta":"93516","d":38},"geometry":{"type":"Polygon","coordinates":[[[-117.77833,35.00276],[-117.77353,35.00262],[-117.73918,35.00667],[-117.73917,35.00704],[-117.6734,35.00689],[-117.67723,35.01192],[-117.67751,35.00998],[-117.6836,35.01502],[-117.6866,35.02092],[-117.70335,35.02091],[-117.70335,35.0284],[-117.70234,35.03029],[-117.69346,35.03447],[-117.67985,35.03726],[-117.67301,35.0373],[-117.6722,35.03623],[-117.67064,35.03904],[-117.672,35.03932],[-117.66878,35.04199],[-117.66756,35.04511],[-117.66399,35.04544],[-117.65804,35.05041],[-117.65045,35.0502],[-117.6504,35.04279],[-117.64624,35.04278],[-117.64757,35.0395],[-117.64887,35.02959],[-117.6525,35.0207],[-117.6505,35.01733],[-117.64982,35.01007],[-117.6325,35.00998],[-117.63255,35.01333],[-117.57095,35.01289],[-117.57094,35.02772],[-117.56741,35.02772],[-117.56979,35.03042],[-117.56906,35.03558],[-117.57056,35.03951],[-117.56847,35.04147],[-117.56816,35.04623],[-117.57203,35.04583],[-117.57385,35.04912],[-117.57044,35.05411],[-117.57136,35.05733],[-117.56879,35.05727],[-117.56837,35.05295],[-117.56632,35.05289],[-117.56554,35.05056],[-117.56296,35.05057],[-117.56203,35.04242],[-117.55668,35.04659],[-117.5473,35.01281],[-117.53149,35.01299],[-117.52227,35.01276],[-117.52495,35.00919],[-117.52651,35.0047],[-117.52654,35.0011],[-117.52271,34.99176],[-117.54171,34.99279],[-117.54159,34.99236],[-117.52401,34.99065],[-117.51479,34.99009],[-117.51283,34.98313],[-117.52323,34.98318],[-117.52385,34.97868],[-117.52649,34.98028],[-117.52655,34.98662],[-117.537,34.98669],[-117.54061,34.98884],[-117.54001,34.98671],[-117.54384,34.98674],[-117.54394,34.99049],[-117.5528,34.99034],[-117.5526,34.98333],[-117.58283,34.98351],[-117.58613,34.98336],[-117.5937,34.98394],[-117.58901,34.99051],[-117.63225,34.99086],[-117.63223,34.99342],[-117.65774,34.99344],[-117.65849,34.99892],[-117.64975,34.99874],[-117.67145,34.99991],[-117.68136,34.99917],[-117.68729,34.99765],[-117.69205,34.9957],[-117.70076,34.9911],[-117.70347,34.99111],[-117.70352,34.98966],[-117.71113,34.98566],[-117.73998,34.99165],[-117.7557,34.99863],[-117.77274,34.99876],[-117.77465,34.99729],[-117.79304,34.99893],[-117.82298,34.99932],[-117.82193,34.99825],[-117.83878,34.99998],[-117.84076,35.00292],[-117.84296,35.00372],[-117.87364,35.00522],[-117.88109,34.99976],[-117.88113,35.00424],[-117.88111,35.00991],[-117.80971,35.00492],[-117.77833,35.00276]]]}},{"type":"Feature","properties":{"zcta":"93523","d":12},"geometry":{"type":"Polygon","coordinates":[[[-117.95042,34.94566],[-117.94738,34.95145],[-117.94455,34.95532],[-117.94431,34.9596],[-117.9473,34.96403],[-117.94802,34.9682],[-117.9499,34.96929],[-117.9536,34.97599],[-117.95404,34.97896],[-117.9533,34.98344],[-117.95347,34.98866],[-117.95314,34.99898],[-117.93981,34.99909],[-117.93236,34.99998],[-117.90713,34.9992],[-117.89913,34.99937],[-117.89867,35.01394],[-117.89007,35.01421],[-117.88112,35.01383],[-117.88107,35.04282],[-117.89916,35.04342],[-117.89928,35.05801],[-117.86355,35.05791],[-117.86349,35.04324],[-117.84559,35.04311],[-117.83384,35.0433],[-117.82773,35.04398],[-117.82496,35.04063],[-117.82274,35.04369],[-117.80941,35.05799],[-117.81191,35.06084],[-117.8141,35.06529],[-117.81919,35.06525],[-117.81882,35.07266],[-117.81029,35.07273],[-117.81041,35.07555],[-117.80697,35.07278],[-117.80195,35.07279],[-117.80149,35.07357],[-117.80149,35.08021],[-117.81066,35.08764],[-117.81055,35.09728],[-117.80796,35.09726],[-117.80796,35.11182],[-117.79034,35.11177],[-117.79032,35.09732],[-117.79264,35.09729],[-117.79264,35.09486],[-117.78606,35.09488],[-117.78609,35.0878],[-117.79267,35.0878],[-117.79266,35.07285],[-117.79233,35.05623],[-117.80123,35.0562],[-117.80096,35.04724],[-117.79224,35.04727],[-117.79251,35.04397],[-117.79833,35.04019],[-117.80176,35.03713],[-117.80453,35.03281],[-117.80893,35.0303],[-117.80876,35.0272],[-117.80992,35.0143],[-117.80971,35.00492],[-117.88111,35.00991],[-117.88113,35.00424],[-117.88122,34.99728],[-117.88205,34.99559],[-117.88778,34.98825],[-117.88872,34.98444],[-117.88953,34.98458],[-117.89968,34.94354],[-117.89926,34.9395],[-117.91595,34.93952],[-117.91598,34.93494],[-117.91683,34.92877],[-117.90807,34.92801],[-117.90064,34.92636],[-117.90096,34.92555],[-117.90596,34.92552],[-117.90724,34.92306],[-117.90183,34.92343],[-117.90188,34.92163],[-117.91192,34.9165],[-117.9091,34.91277],[-117.91683,34.90885],[-117.91685,34.91398],[-117.92086,34.91165],[-117.93676,34.90057],[-117.94382,34.89671],[-117.94632,34.89989],[-117.94744,34.9027],[-117.94712,34.90466],[-117.94487,34.90775],[-117.95091,34.91202],[-117.95389,34.91355],[-117.95785,34.9124],[-117.95851,34.91774],[-117.95459,34.93224],[-117.95258,34.93299],[-117.95276,34.94048],[-117.95332,34.94486],[-117.95469,34.94589],[-117.95227,34.9469],[-117.95042,34.94566]]]}},{"type":"Feature","properties":{"zcta":"93554","d":0},"geometry":{"type":"Polygon","coordinates":[[[-117.89462,35.45531],[-117.89191,35.45258],[-117.88832,35.4521],[-117.88167,35.45029],[-117.87853,35.45313],[-117.8765,35.4524],[-117.87179,35.45537],[-117.86678,35.45615],[-117.86546,35.45478],[-117.86254,35.45588],[-117.85934,35.45875],[-117.85591,35.45958],[-117.85377,35.46221],[-117.85388,35.46403],[-117.84734,35.46774],[-117.84174,35.46939],[-117.83598,35.46952],[-117.83364,35.47033],[-117.83041,35.46897],[-117.82566,35.47127],[-117.82309,35.47137],[-117.81959,35.4695],[-117.81818,35.47065],[-117.81331,35.46992],[-117.80598,35.4708],[-117.80147,35.46916],[-117.7986,35.46639],[-117.7922,35.46699],[-117.78955,35.46527],[-117.78616,35.46531],[-117.78386,35.46433],[-117.78289,35.4622],[-117.77876,35.46167],[-117.7775,35.46338],[-117.77461,35.4636],[-117.77216,35.46059],[-117.76772,35.45757],[-117.77012,35.46142],[-117.76846,35.464],[-117.76802,35.46744],[-117.76516,35.47056],[-117.76843,35.47235],[-117.76821,35.47348],[-117.76558,35.47148],[-117.76245,35.47153],[-117.76175,35.47321],[-117.76224,35.4766],[-117.75897,35.47612],[-117.75554,35.47692],[-117.74971,35.47953],[-117.75171,35.47454],[-117.7471,35.46849],[-117.74337,35.46622],[-117.73958,35.46484],[-117.73248,35.46712],[-117.72946,35.46902],[-117.73014,35.47084],[-117.72905,35.47314],[-117.72734,35.47372],[-117.72471,35.47275],[-117.72239,35.4707],[-117.71657,35.46954],[-117.71416,35.46829],[-117.70719,35.46747],[-117.70359,35.46753],[-117.6999,35.46407],[-117.69163,35.45945],[-117.68835,35.45798],[-117.68165,35.44898],[-117.68121,35.44664],[-117.67954,35.44477],[-117.67659,35.44356],[-117.67985,35.43928],[-117.67991,35.43743],[-117.68168,35.43523],[-117.67927,35.43023],[-117.68111,35.42829],[-117.68714,35.42586],[-117.69004,35.42574],[-117.69288,35.42246],[-117.69288,35.42116],[-117.68983,35.41634],[-117.68722,35.41471],[-117.68565,35.41212],[-117.66147,35.38255],[-117.66299,35.38288],[-117.64555,35.36244],[-117.64416,35.35606],[-117.63689,35.35274],[-117.63122,35.35244],[-117.63131,35.34414],[-117.6321,35.34271],[-117.63197,35.33926],[-117.63309,35.33554],[-117.6351,35.33329],[-117.63699,35.32919],[-117.67025,35.30837],[-117.68511,35.3002],[-117.73708,35.26912],[-117.75464,35.25858],[-117.75533,35.25961],[-117.75643,35.26594],[-117.75649,35.27082],[-117.76088,35.27015],[-117.77067,35.27022],[-117.77352,35.2708],[-117.7803,35.2708],[-117.78564,35.26867],[-117.78891,35.27072],[-117.79368,35.27152],[-117.80599,35.27144],[-117.81143,35.26933],[-117.81709,35.2646],[-117.81984,35.26133],[-117.82199,35.25405],[-117.825,35.25101],[-117.82822,35.25067],[-117.83264,35.25222],[-117.83663,35.25226],[-117.83893,35.25152],[-117.84149,35.25271],[-117.8448,35.25278],[-117.84473,35.26502],[-117.84016,35.26524],[-117.83779,35.27225],[-117.84437,35.27218],[-117.84323,35.28393],[-117.84442,35.2902],[-117.84329,35.3823],[-117.8169,35.3885],[-117.8166,35.39385],[-117.81875,35.39687],[-117.81853,35.40006],[-117.81648,35.40198],[-117.81571,35.40456],[-117.81697,35.40746],[-117.82181,35.41121],[-117.82507,35.41286],[-117.82548,35.41615],[-117.83258,35.422],[-117.83517,35.42479],[-117.83722,35.42536],[-117.83981,35.42851],[-117.84004,35.4322],[-117.83857,35.43435],[-117.84121,35.43665],[-117.84683,35.4365],[-117.8505,35.43442],[-117.85826,35.43592],[-117.86409,35.43594],[-117.86949,35.43488],[-117.87399,35.43536],[-117.8802,35.4352],[-117.88407,35.43591],[-117.88696,35.43542],[-117.89012,35.43387],[-117.89593,35.4342],[-117.90009,35.43376],[-117.90363,35.43693],[-117.90146,35.43719],[-117.89822,35.43603],[-117.89499,35.43785],[-117.89263,35.44168],[-117.89228,35.44448],[-117.89753,35.45134],[-117.89462,35.45531]]]}},{"type":"Feature","properties":{"zcta":"93560","d":58},"geometry":{"type":"Polygon","coordinates":[[[-118.3803,34.95053],[-118.34511,34.95072],[-118.34553,34.96537],[-118.34148,34.96535],[-118.34095,34.97202],[-118.34791,34.9763],[-118.35235,34.9784],[-118.35083,34.98242],[-118.34944,34.9917],[-118.34851,34.99545],[-118.34549,34.99803],[-118.3455,35.00265],[-118.33686,35.00199],[-118.33092,34.99773],[-118.32783,34.99459],[-118.29902,34.96548],[-118.2931,34.9595],[-118.29197,34.9576],[-118.29174,34.9509],[-118.28284,34.94889],[-118.28279,34.93652],[-118.27394,34.9365],[-118.27407,34.92775],[-118.27251,34.92914],[-118.26505,34.92916],[-118.26508,34.91475],[-118.26242,34.91254],[-118.26218,34.90732],[-118.25651,34.90731],[-118.25643,34.90955],[-118.25361,34.9127],[-118.24628,34.90758],[-118.24576,34.90651],[-118.24086,34.90283],[-118.23494,34.90503],[-118.23291,34.90673],[-118.22809,34.90642],[-118.22666,34.90806],[-118.22191,34.91107],[-118.21484,34.91057],[-118.2143,34.90736],[-118.20316,34.90738],[-118.20317,34.92178],[-118.1896,34.92213],[-118.18987,34.93665],[-118.18541,34.93675],[-118.18493,34.9077],[-118.14546,34.90844],[-118.14052,34.92307],[-118.14067,34.88313],[-118.14037,34.83557],[-118.14007,34.82085],[-118.13986,34.79336],[-118.1402,34.79179],[-118.171,34.79144],[-118.18441,34.79141],[-118.18529,34.80594],[-118.23759,34.80568],[-118.23767,34.82015],[-118.29046,34.8201],[-118.32628,34.81973],[-118.54692,34.8184],[-118.6079,34.81823],[-118.60824,34.83237],[-118.60809,34.83993],[-118.60154,34.83992],[-118.60147,34.84718],[-118.59543,34.84712],[-118.59355,34.84613],[-118.59015,34.84709],[-118.5742,34.84737],[-118.55533,34.84717],[-118.55345,34.84956],[-118.54478,34.85085],[-118.54041,34.85076],[-118.53743,34.84971],[-118.52877,34.85383],[-118.51806,34.85447],[-118.51793,34.85661],[-118.51421,34.85766],[-118.50967,34.85615],[-118.50488,34.85708],[-118.50138,34.85696],[-118.49867,34.85576],[-118.49291,34.85525],[-118.48982,34.85618],[-118.4739,34.86726],[-118.46622,34.87103],[-118.46206,34.87474],[-118.44719,34.88456],[-118.44741,34.89061],[-118.4506,34.89358],[-118.45125,34.89579],[-118.45562,34.8977],[-118.4547,34.90019],[-118.44716,34.90309],[-118.44375,34.90214],[-118.43744,34.90329],[-118.43101,34.90493],[-118.4225,34.90814],[-118.41822,34.90927],[-118.41859,34.91335],[-118.42268,34.91309],[-118.42342,34.92163],[-118.41623,34.92191],[-118.41447,34.92282],[-118.4135,34.92113],[-118.40002,34.92102],[-118.40003,34.92282],[-118.39754,34.92288],[-118.39774,34.92828],[-118.38962,34.92855],[-118.39247,34.93143],[-118.39364,34.93153],[-118.39632,34.93743],[-118.39804,34.93863],[-118.39791,34.94279],[-118.39967,34.94509],[-118.3967,34.94602],[-118.3981,34.95035],[-118.3803,34.95053]]]}},{"type":"Feature","properties":{"zcta":"93249","d":4},"geometry":{"type":"Polygon","coordinates":[[[-119.64683,35.60729],[-119.63985,35.59971],[-119.63994,35.59577],[-119.63902,35.59168],[-119.63802,35.58321],[-119.63516,35.57253],[-119.65443,35.57257],[-119.65455,35.60884],[-119.67226,35.60882],[-119.67229,35.60157],[-119.68499,35.60152],[-119.68989,35.60688],[-119.69241,35.60808],[-119.68989,35.60559],[-119.6899,35.59418],[-119.69591,35.5942],[-119.70799,35.59635],[-119.7136,35.60003],[-119.71478,35.60545],[-119.71691,35.60836],[-119.71693,35.61581],[-119.70784,35.61586],[-119.70791,35.62971],[-119.71377,35.63758],[-119.71692,35.64355],[-119.71959,35.64477],[-119.71605,35.64475],[-119.72379,35.64973],[-119.72749,35.65524],[-119.7387,35.66665],[-119.7402,35.66778],[-119.75132,35.67307],[-119.75394,35.67588],[-119.75887,35.6851],[-119.7642,35.6895],[-119.76572,35.68795],[-119.77786,35.68771],[-119.7782,35.69077],[-119.78731,35.69529],[-119.78754,35.7023],[-119.79624,35.7026],[-119.79632,35.70935],[-119.80516,35.70967],[-119.80538,35.70235],[-119.81972,35.70234],[-119.85278,35.73108],[-119.86774,35.73003],[-119.86779,35.68762],[-119.88072,35.68733],[-119.88104,35.70179],[-119.92133,35.70159],[-119.92127,35.71606],[-119.93547,35.71629],[-119.943,35.72834],[-119.94546,35.73094],[-119.94789,35.73095],[-119.94788,35.72358],[-119.95663,35.72367],[-119.95683,35.731],[-119.9699,35.73097],[-119.97267,35.73169],[-119.97435,35.73364],[-119.97736,35.73127],[-119.98763,35.73096],[-119.9894,35.72852],[-119.99359,35.72655],[-120.00094,35.71871],[-120.00164,35.71687],[-120.00541,35.71531],[-120.00861,35.71039],[-120.00908,35.70784],[-120.00138,35.70258],[-119.99818,35.70141],[-119.99719,35.69874],[-119.99071,35.69495],[-119.98815,35.69472],[-119.98798,35.68737],[-119.97449,35.68732],[-119.97454,35.65811],[-119.93883,35.65816],[-119.93877,35.6654],[-119.92095,35.66552],[-119.92098,35.65828],[-119.90329,35.65833],[-119.90324,35.66187],[-119.90004,35.66189],[-119.90319,35.66658],[-119.90308,35.66912],[-119.8853,35.669],[-119.88491,35.66346],[-119.88082,35.6568],[-119.87659,35.65836],[-119.83202,35.6583],[-119.83205,35.6299],[-119.83682,35.6219],[-119.84016,35.61547],[-119.7608,35.61592],[-119.75699,35.61567],[-119.77876,35.61563],[-119.77876,35.60844],[-119.7745,35.60419],[-119.77476,35.59998],[-119.77466,35.58705],[-119.77367,35.58556],[-119.78686,35.57178],[-119.77868,35.57151],[-119.76341,35.57163],[-119.76348,35.55723],[-119.73439,35.5575],[-119.73444,35.55029],[-119.72556,35.55032],[-119.72541,35.52858],[-119.7075,35.52872],[-119.70752,35.52096],[-119.70746,35.5065],[-119.71636,35.50647],[-119.71616,35.49908],[-119.72508,35.49906],[-119.72476,35.48455],[-119.72842,35.48451],[-119.71505,35.46704],[-119.70731,35.45917],[-119.70972,35.45494],[-119.71252,35.45473],[-119.71478,35.45274],[-119.71596,35.45615],[-119.72175,35.46075],[-119.7427,35.46092],[-119.74232,35.48452],[-119.74482,35.4831],[-119.74646,35.4845],[-119.75532,35.48452],[-119.75633,35.48537],[-119.761,35.48536],[-119.76104,35.49639],[-119.7632,35.49785],[-119.76266,35.49913],[-119.75323,35.49909],[-119.77304,35.52061],[-119.77718,35.52283],[-119.77701,35.52505],[-119.77917,35.52745],[-119.78687,35.52814],[-119.78494,35.53329],[-119.78877,35.53963],[-119.79098,35.54482],[-119.79302,35.54559],[-119.79638,35.54377],[-119.79983,35.54633],[-119.79968,35.5481],[-119.80185,35.54788],[-119.8119,35.55505],[-119.81472,35.55574],[-119.82502,35.57139],[-119.86802,35.57106],[-119.86809,35.56617],[-119.87414,35.56422],[-119.87588,35.56571],[-119.91378,35.60439],[-119.92207,35.60007],[-119.92285,35.61356],[-119.92133,35.6144],[-119.96069,35.61417],[-119.96595,35.615],[-119.99522,35.62902],[-120.01903,35.62918],[-120.01916,35.64008],[-120.08191,35.67083],[-120.13458,35.69632],[-120.13462,35.70615],[-120.13527,35.7081],[-120.10546,35.70791],[-120.09702,35.70954],[-120.02937,35.73285],[-120.00795,35.74002],[-120.00087,35.74276],[-119.99248,35.7451],[-119.99124,35.75375],[-119.98655,35.75396],[-119.98428,35.75336],[-119.98431,35.76133],[-119.98709,35.76735],[-119.98911,35.77449],[-119.97471,35.77456],[-119.97452,35.78916],[-119.86884,35.78898],[-119.86689,35.78728],[-119.8417,35.77326],[-119.83877,35.7706],[-119.82597,35.75203],[-119.81647,35.74393],[-119.81178,35.73742],[-119.80279,35.73139],[-119.7391,35.73195],[-119.78212,35.78961],[-119.75476,35.78943],[-119.73381,35.78895],[-119.68925,35.78924],[-119.68996,35.70299],[-119.71744,35.70288],[-119.65453,35.61833],[-119.6535,35.61625],[-119.64683,35.60729]]]}},{"type":"Feature","properties":{"zcta":"93313","d":255},"geometry":{"type":"Polygon","coordinates":[[[-119.088,35.31823],[-119.08206,35.31314],[-119.0811,35.31314],[-119.08304,35.31661],[-119.06979,35.31656],[-119.06907,35.31817],[-119.05476,35.31794],[-119.05238,35.31379],[-119.05208,35.31167],[-119.05359,35.31064],[-119.04779,35.31062],[-119.04781,35.3141],[-119.05226,35.31413],[-119.05225,35.31777],[-119.05091,35.31721],[-119.04386,35.3173],[-119.04386,35.31771],[-119.03637,35.31768],[-119.03065,35.29582],[-119.01541,35.23752],[-119.01437,35.23308],[-119.00511,35.17489],[-119.00365,35.17013],[-118.95817,35.02656],[-118.95806,35.02068],[-118.97193,35.0321],[-118.97649,35.03665],[-118.97721,35.03472],[-118.97592,35.0318],[-118.97588,35.02693],[-118.99387,35.027],[-118.99408,35.03767],[-118.98951,35.03742],[-118.98952,35.04853],[-118.99384,35.04857],[-118.99395,35.05333],[-118.99771,35.05697],[-119.00379,35.05933],[-119.02002,35.05927],[-119.02012,35.04128],[-119.04634,35.04137],[-119.04635,35.03689],[-119.0543,35.0395],[-119.05299,35.03952],[-119.0617,35.04255],[-119.06886,35.04624],[-119.07292,35.04767],[-119.07865,35.05295],[-119.08308,35.0557],[-119.09267,35.05899],[-119.09408,35.05899],[-119.09823,35.06037],[-119.11276,35.06449],[-119.125,35.0662],[-119.12862,35.06591],[-119.13334,35.06669],[-119.12531,35.07764],[-119.11094,35.09288],[-119.10992,35.09453],[-119.07416,35.0948],[-119.07439,35.10936],[-119.07433,35.12567],[-119.07481,35.12933],[-119.09957,35.15171],[-119.09206,35.15157],[-119.09224,35.17946],[-119.10992,35.17945],[-119.10992,35.18013],[-119.10476,35.18071],[-119.10298,35.18187],[-119.10129,35.18491],[-119.10106,35.22343],[-119.09222,35.22343],[-119.09217,35.23801],[-119.10123,35.238],[-119.10111,35.28894],[-119.10074,35.29616],[-119.09869,35.29615],[-119.09867,35.30342],[-119.09643,35.30341],[-119.0964,35.31078],[-119.09216,35.31077],[-119.09215,35.31824],[-119.088,35.31823]]]}},{"type":"Feature","properties":{"zcta":"93250","d":71},"geometry":{"type":"Polygon","coordinates":[[[-119.31185,35.74675],[-119.3119,35.76129],[-119.27628,35.76136],[-119.27624,35.73228],[-119.24058,35.73235],[-119.2407,35.7251],[-119.23765,35.72508],[-119.23605,35.71806],[-119.2231,35.71796],[-119.18722,35.7179],[-119.18707,35.70346],[-119.16932,35.70346],[-119.16921,35.69618],[-119.1514,35.69623],[-119.15127,35.68907],[-119.13353,35.68907],[-119.13372,35.70355],[-119.11595,35.7036],[-119.1158,35.68927],[-119.09866,35.68938],[-119.09885,35.67442],[-119.11435,35.67422],[-119.11434,35.66682],[-119.11089,35.66632],[-119.10502,35.66317],[-119.09914,35.66089],[-119.09099,35.6618],[-119.08758,35.66179],[-119.0827,35.6599],[-119.07761,35.65926],[-119.0795,35.65336],[-119.08075,35.64439],[-119.08367,35.63805],[-119.08522,35.63225],[-119.08527,35.62446],[-119.08695,35.61319],[-119.08695,35.60789],[-119.08758,35.6025],[-119.16885,35.60206],[-119.16887,35.58764],[-119.18342,35.5875],[-119.18134,35.58608],[-119.17777,35.58202],[-119.17687,35.57923],[-119.17771,35.57847],[-119.17778,35.57311],[-119.18663,35.57309],[-119.18662,35.5586],[-119.19753,35.55848],[-119.19964,35.56407],[-119.20565,35.59002],[-119.20954,35.59476],[-119.2114,35.602],[-119.24117,35.60188],[-119.24102,35.63087],[-119.24936,35.63086],[-119.24929,35.63812],[-119.27646,35.63805],[-119.27638,35.64528],[-119.2591,35.64528],[-119.2588,35.6598],[-119.25871,35.67433],[-119.31162,35.67421],[-119.31196,35.68869],[-119.33056,35.68865],[-119.33043,35.70317],[-119.3208,35.70318],[-119.32077,35.7177],[-119.31189,35.71771],[-119.31188,35.7322],[-119.33018,35.73219],[-119.32995,35.74673],[-119.31185,35.74675]]]}},{"type":"Feature","properties":{"zcta":"93263","d":109},"geometry":{"type":"Polygon","coordinates":[[[-119.4391,35.51501],[-119.43922,35.52874],[-119.42097,35.52879],[-119.42106,35.51489],[-119.40338,35.51475],[-119.40317,35.52883],[-119.33207,35.529],[-119.33201,35.53624],[-119.31497,35.53628],[-119.30594,35.52903],[-119.29563,35.52905],[-119.29526,35.55813],[-119.27751,35.55814],[-119.27668,35.55207],[-119.27694,35.54997],[-119.27335,35.54703],[-119.27061,35.54266],[-119.26773,35.53975],[-119.26785,35.5377],[-119.26494,35.53606],[-119.26366,35.53433],[-119.2562,35.52926],[-119.19406,35.52951],[-119.19086,35.52976],[-119.18811,35.52423],[-119.18337,35.51699],[-119.17881,35.51151],[-119.17189,35.50494],[-119.15764,35.49408],[-119.15271,35.48986],[-119.1316,35.47412],[-119.12711,35.47052],[-119.11132,35.45855],[-119.1089,35.4558],[-119.10281,35.44726],[-119.09881,35.4436],[-119.09929,35.44142],[-119.10073,35.44142],[-119.10073,35.4437],[-119.10513,35.44371],[-119.10512,35.44608],[-119.10947,35.4461],[-119.10949,35.44145],[-119.21617,35.44164],[-119.24348,35.44165],[-119.24338,35.44893],[-119.2549,35.44883],[-119.25802,35.45332],[-119.26106,35.45334],[-119.26121,35.4417],[-119.34048,35.44198],[-119.35022,35.44201],[-119.35026,35.45633],[-119.40357,35.45666],[-119.40349,35.48579],[-119.43937,35.48604],[-119.43929,35.50056],[-119.4391,35.51501]]]}},{"type":"Feature","properties":{"zcta":"93276","d":0},"geometry":{"type":"Polygon","coordinates":[[[-119.44398,35.33854],[-119.43404,35.33589],[-119.42122,35.33011],[-119.41903,35.32617],[-119.41715,35.32453],[-119.41511,35.32417],[-119.41114,35.32549],[-119.40831,35.32522],[-119.40144,35.32215],[-119.39468,35.32132],[-119.39228,35.31994],[-119.38726,35.31512],[-119.37873,35.31193],[-119.37536,35.3082],[-119.37149,35.30574],[-119.36768,35.30552],[-119.35698,35.30111],[-119.34929,35.29984],[-119.34458,35.29635],[-119.34132,35.29479],[-119.33949,35.2914],[-119.335,35.28949],[-119.33266,35.28521],[-119.3361,35.28727],[-119.34072,35.28896],[-119.34658,35.29324],[-119.35153,35.29441],[-119.35507,35.29606],[-119.35834,35.29663],[-119.36873,35.29676],[-119.36782,35.29876],[-119.36854,35.30543],[-119.37595,35.30416],[-119.37743,35.30635],[-119.37729,35.30894],[-119.37894,35.31116],[-119.38402,35.31162],[-119.39676,35.31167],[-119.39776,35.31094],[-119.40254,35.31167],[-119.42362,35.3117],[-119.43096,35.31186],[-119.4349,35.31664],[-119.43675,35.31726],[-119.44021,35.32134],[-119.44258,35.32287],[-119.44683,35.32438],[-119.44739,35.32078],[-119.44775,35.32846],[-119.44744,35.33906],[-119.44398,35.33854]]]}},{"type":"Feature","properties":{"zcta":"93280","d":30},"geometry":{"type":"Polygon","coordinates":[[[-119.64717,35.6163],[-119.64847,35.61893],[-119.64816,35.62099],[-119.65056,35.62801],[-119.65019,35.63097],[-119.63102,35.63043],[-119.62936,35.63489],[-119.62936,35.6375],[-119.63274,35.64712],[-119.6349,35.65174],[-119.63442,35.65407],[-119.63461,35.66478],[-119.63671,35.67266],[-119.64088,35.68527],[-119.63976,35.68612],[-119.6406,35.68854],[-119.63468,35.68854],[-119.63482,35.70271],[-119.6228,35.70265],[-119.6182,35.70302],[-119.57963,35.70272],[-119.57944,35.78544],[-119.57904,35.78711],[-119.57633,35.78982],[-119.42782,35.79007],[-119.35552,35.79028],[-119.33519,35.73219],[-119.34136,35.75011],[-119.34183,35.75362],[-119.34445,35.76121],[-119.33383,35.76124],[-119.33375,35.75404],[-119.32983,35.75407],[-119.32995,35.74673],[-119.33018,35.73219],[-119.31188,35.7322],[-119.31189,35.71771],[-119.32077,35.7177],[-119.3208,35.70318],[-119.33043,35.70317],[-119.33056,35.68865],[-119.31196,35.68869],[-119.31162,35.67421],[-119.25871,35.67433],[-119.2588,35.6598],[-119.2591,35.64528],[-119.27638,35.64528],[-119.27646,35.63805],[-119.24929,35.63812],[-119.24936,35.63086],[-119.24102,35.63087],[-119.24117,35.60188],[-119.24117,35.59861],[-119.24589,35.59096],[-119.2461,35.57253],[-119.26859,35.57247],[-119.26874,35.55824],[-119.27751,35.55814],[-119.29526,35.55813],[-119.29563,35.52905],[-119.30594,35.52903],[-119.31497,35.53628],[-119.33201,35.53624],[-119.33207,35.529],[-119.40317,35.52883],[-119.40338,35.51475],[-119.42106,35.51489],[-119.42097,35.52879],[-119.43922,35.52874],[-119.4391,35.51501],[-119.43929,35.50056],[-119.4747,35.50043],[-119.47455,35.53418],[-119.4787,35.53267],[-119.48292,35.53253],[-119.4816,35.53541],[-119.48233,35.53832],[-119.48524,35.5401],[-119.49233,35.54296],[-119.50095,35.54302],[-119.50141,35.55054],[-119.51004,35.55059],[-119.50999,35.55762],[-119.50086,35.55758],[-119.51001,35.56496],[-119.51871,35.56484],[-119.5187,35.57205],[-119.54584,35.572],[-119.54634,35.54288],[-119.55001,35.54483],[-119.55099,35.54659],[-119.55614,35.54954],[-119.56638,35.54144],[-119.59114,35.57192],[-119.63516,35.57253],[-119.63802,35.58321],[-119.63902,35.59168],[-119.63994,35.59577],[-119.63985,35.59971],[-119.64683,35.60729],[-119.6535,35.61625],[-119.64717,35.6163]]]}},{"type":"Feature","properties":{"zcta":"93301","d":1253},"geometry":{"type":"Polygon","coordinates":[[[-119.03761,35.38435],[-119.03318,35.39022],[-119.03072,35.39547],[-119.02677,35.39975],[-119.01975,35.4025],[-119.01665,35.40492],[-119.00968,35.40748],[-119.00528,35.40187],[-119.00286,35.39746],[-119.00577,35.39641],[-119.00382,35.39267],[-119.00423,35.38932],[-119.00324,35.38804],[-119.00287,35.3834],[-119.00833,35.38275],[-119.00255,35.38022],[-119.00292,35.37231],[-119.00829,35.37142],[-119.00948,35.36845],[-119.01183,35.36846],[-119.01295,35.37042],[-119.01413,35.36907],[-119.01883,35.36849],[-119.01825,35.36746],[-119.01827,35.36079],[-119.01767,35.35887],[-119.01891,35.35506],[-119.01963,35.35581],[-119.01946,35.36747],[-119.02005,35.36849],[-119.03867,35.36862],[-119.03866,35.37102],[-119.04284,35.37108],[-119.04201,35.36831],[-119.04417,35.37359],[-119.0446,35.37901],[-119.03761,35.38435]]]}},{"type":"Feature","properties":{"zcta":"93305","d":2233},"geometry":{"type":"Polygon","coordinates":[[[-118.999,35.40554],[-118.99588,35.40943],[-118.99323,35.41097],[-118.98414,35.4115],[-118.97866,35.41141],[-118.97581,35.41428],[-118.97571,35.41809],[-118.97665,35.41924],[-118.9749,35.42348],[-118.97133,35.42571],[-118.9751,35.42199],[-118.97494,35.41089],[-118.96755,35.41276],[-118.96754,35.40361],[-118.96811,35.40158],[-118.96748,35.3944],[-118.96968,35.3938],[-118.96968,35.39207],[-118.96747,35.39209],[-118.96746,35.39028],[-118.96967,35.39027],[-118.97036,35.38663],[-118.96744,35.38662],[-118.9675,35.37135],[-118.96752,35.3686],[-118.97032,35.36858],[-118.97304,35.37038],[-118.97412,35.36856],[-118.99254,35.36846],[-118.99551,35.36952],[-118.99591,35.36845],[-119.00094,35.36843],[-119.00015,35.37063],[-119.00293,35.37015],[-119.00292,35.37231],[-119.00255,35.38022],[-119.00833,35.38275],[-119.00287,35.3834],[-119.00324,35.38804],[-119.00423,35.38932],[-119.00382,35.39267],[-119.00577,35.39641],[-119.00286,35.39746],[-119.00528,35.40187],[-118.999,35.40554]]]}},{"type":"Feature","properties":{"zcta":"93225","d":11},"geometry":{"type":"MultiPolygon","coordinates":[[[[-119.12682,34.86036],[-119.12428,34.85797],[-119.12201,34.8534],[-119.11583,34.8533],[-119.11508,34.85137],[-119.12031,34.85221],[-119.12209,34.85017],[-119.12565,34.85106],[-119.12889,34.8498],[-119.13281,34.84969],[-119.13396,34.84724],[-119.13548,34.85163],[-119.13764,34.84881],[-119.13891,34.85023],[-119.13691,34.85266],[-119.13997,34.85118],[-119.14379,34.8511],[-119.14907,34.8533],[-119.13774,34.85616],[-119.13452,34.86086],[-119.12899,34.86465],[-119.12682,34.86036]]],[[[-119.13887,34.81331],[-119.1363,34.81504],[-119.13423,34.81494],[-119.12755,34.81828],[-119.12166,34.8229],[-119.11512,34.82378],[-119.11635,34.83396],[-119.11382,34.84404],[-119.11553,34.84856],[-119.11508,34.85137],[-119.11246,34.85146],[-119.10883,34.85022],[-119.09887,34.84914],[-119.0934,34.84778],[-119.09103,34.84813],[-119.0842,34.8467],[-119.08576,34.84381],[-119.08419,34.84133],[-119.08008,34.84231],[-119.07641,34.84469],[-119.0669,34.84337],[-119.06899,34.84527],[-119.0696,34.84795],[-119.06406,34.84674],[-119.06098,34.84694],[-119.05968,34.84842],[-119.05614,34.8492],[-119.05304,34.84885],[-119.05005,34.84586],[-119.04926,34.84738],[-119.04534,34.8477],[-119.03533,34.85545],[-119.03379,34.8584],[-119.03412,34.86044],[-119.03576,34.86083],[-119.03505,34.86243],[-119.0324,34.8638],[-119.03223,34.86536],[-119.03436,34.87161],[-119.0283,34.87474],[-119.02755,34.87239],[-119.02743,34.86659],[-119.02639,34.86552],[-119.02646,34.86089],[-119.02472,34.8585],[-119.02105,34.8582],[-119.01718,34.85876],[-119.00805,34.86495],[-119.00486,34.86626],[-119.00098,34.86682],[-118.99551,34.86682],[-118.99255,34.8657],[-118.98684,34.85933],[-118.98297,34.85595],[-118.97498,34.85183],[-118.96769,34.85033],[-118.9597,34.84939],[-118.95195,34.85014],[-118.94625,34.85146],[-118.93608,34.85183],[-118.92949,34.85097],[-118.92492,34.84874],[-118.91815,34.8473],[-118.91804,34.84466],[-118.91581,34.84531],[-118.91173,34.84474],[-118.90903,34.84293],[-118.91301,34.84096],[-118.91556,34.84132],[-118.92194,34.84071],[-118.9226,34.83992],[-118.91743,34.83415],[-118.91967,34.83279],[-118.9208,34.83431],[-118.92622,34.83427],[-118.92705,34.82836],[-118.92762,34.83059],[-118.93092,34.83373],[-118.93264,34.829],[-118.93109,34.82361],[-118.9275,34.82257],[-118.92726,34.82152],[-118.92179,34.82112],[-118.91213,34.81755],[-118.91322,34.81565],[-118.90683,34.81395],[-118.90552,34.81158],[-118.90337,34.81075],[-118.90306,34.80824],[-118.90058,34.80595],[-118.8971,34.8077],[-118.89244,34.8081],[-118.88967,34.80694],[-118.89306,34.81472],[-118.8804,34.78866],[-118.94278,34.78974],[-118.96381,34.78981],[-118.96366,34.78797],[-118.96068,34.784],[-118.95993,34.7803],[-118.9637,34.77807],[-118.96614,34.77977],[-118.96862,34.77828],[-118.97451,34.77859],[-118.96959,34.77544],[-118.97096,34.77378],[-118.97598,34.77361],[-118.97784,34.77513],[-118.97903,34.70749],[-119.12107,34.70831],[-119.12034,34.70968],[-119.11644,34.711],[-119.11643,34.71406],[-119.11532,34.71746],[-119.12194,34.71777],[-119.12529,34.71692],[-119.12698,34.71556],[-119.13062,34.71549],[-119.13307,34.71732],[-119.13378,34.72023],[-119.13807,34.72156],[-119.14007,34.72133],[-119.15093,34.72416],[-119.15472,34.72713],[-119.15487,34.75327],[-119.15604,34.75355],[-119.15571,34.81347],[-119.13887,34.81331]]]]}},{"type":"Feature","properties":{"zcta":"93205","d":11},"geometry":{"type":"Polygon","coordinates":[[[-118.50191,35.60171],[-118.499,35.60551],[-118.49523,35.60759],[-118.49649,35.60521],[-118.49604,35.60144],[-118.49494,35.60182],[-118.47961,35.60172],[-118.47784,35.6029],[-118.47471,35.60294],[-118.47215,35.60027],[-118.47205,35.59812],[-118.46564,35.59783],[-118.46045,35.59376],[-118.45268,35.59104],[-118.45051,35.58862],[-118.44937,35.58528],[-118.44617,35.58296],[-118.44067,35.57617],[-118.44413,35.57499],[-118.45153,35.5737],[-118.45044,35.57114],[-118.44723,35.56938],[-118.44515,35.56604],[-118.44637,35.56286],[-118.44056,35.55785],[-118.46632,35.55801],[-118.46514,35.55595],[-118.46579,35.55395],[-118.46397,35.55276],[-118.46396,35.55106],[-118.46094,35.54738],[-118.45976,35.5429],[-118.45583,35.53756],[-118.45467,35.5351],[-118.45232,35.53555],[-118.44921,35.53759],[-118.44546,35.53468],[-118.44265,35.53469],[-118.44264,35.53192],[-118.43843,35.53094],[-118.43701,35.52938],[-118.43324,35.52829],[-118.43099,35.52595],[-118.42878,35.52609],[-118.4263,35.52441],[-118.42475,35.52487],[-118.42277,35.52107],[-118.42035,35.52251],[-118.41849,35.52199],[-118.4162,35.5234],[-118.41304,35.52229],[-118.40998,35.51924],[-118.40598,35.50686],[-118.40136,35.50324],[-118.39857,35.49994],[-118.39982,35.49534],[-118.39885,35.49407],[-118.39496,35.49243],[-118.39396,35.48969],[-118.39436,35.48125],[-118.39252,35.47979],[-118.3921,35.47691],[-118.38897,35.4708],[-118.39113,35.46623],[-118.39005,35.4646],[-118.39305,35.46596],[-118.39569,35.46604],[-118.40097,35.47157],[-118.40574,35.47526],[-118.40816,35.47419],[-118.41228,35.47464],[-118.41577,35.47777],[-118.42064,35.47874],[-118.42218,35.48073],[-118.42228,35.47866],[-118.42392,35.47693],[-118.42557,35.47883],[-118.42884,35.47879],[-118.43647,35.48439],[-118.43785,35.4838],[-118.43617,35.48177],[-118.44074,35.48245],[-118.44648,35.48163],[-118.44806,35.48213],[-118.44785,35.51401],[-118.48239,35.51387],[-118.48277,35.51643],[-118.48411,35.55812],[-118.4812,35.5581],[-118.48264,35.56358],[-118.49055,35.56347],[-118.49341,35.56442],[-118.49578,35.56084],[-118.49912,35.56961],[-118.50191,35.56965],[-118.50274,35.56738],[-118.50556,35.56727],[-118.50704,35.56952],[-118.5065,35.57288],[-118.50797,35.57288],[-118.51089,35.58236],[-118.5184,35.58904],[-118.52131,35.58841],[-118.51992,35.59043],[-118.51834,35.59034],[-118.51198,35.59458],[-118.50896,35.59377],[-118.50764,35.59475],[-118.50405,35.59142],[-118.50269,35.59432],[-118.5038,35.60117],[-118.50191,35.60171]]]}},{"type":"Feature","properties":{"zcta":"93206","d":6},"geometry":{"type":"Polygon","coordinates":[[[-119.59114,35.57192],[-119.56638,35.54144],[-119.55614,35.54954],[-119.55099,35.54659],[-119.55001,35.54483],[-119.54634,35.54288],[-119.54584,35.572],[-119.5187,35.57205],[-119.51871,35.56484],[-119.51001,35.56496],[-119.50086,35.55758],[-119.50999,35.55762],[-119.51004,35.55059],[-119.50141,35.55054],[-119.50095,35.54302],[-119.49233,35.54296],[-119.48524,35.5401],[-119.48233,35.53832],[-119.4816,35.53541],[-119.48292,35.53253],[-119.4787,35.53267],[-119.47455,35.53418],[-119.4747,35.50043],[-119.43929,35.50056],[-119.43937,35.48604],[-119.40349,35.48579],[-119.40357,35.45666],[-119.35026,35.45633],[-119.35022,35.44201],[-119.34048,35.44198],[-119.34046,35.43475],[-119.33171,35.43473],[-119.33179,35.42729],[-119.32304,35.42735],[-119.32299,35.41291],[-119.3233,35.38775],[-119.34108,35.38783],[-119.34123,35.3621],[-119.34123,35.3254],[-119.34115,35.31151],[-119.34141,35.29865],[-119.34122,35.29685],[-119.33904,35.29683],[-119.33529,35.29001],[-119.33904,35.29163],[-119.34046,35.29471],[-119.34517,35.29731],[-119.34896,35.30019],[-119.35674,35.3015],[-119.36745,35.30592],[-119.3709,35.30608],[-119.37408,35.30778],[-119.37899,35.31256],[-119.38636,35.31509],[-119.39241,35.32072],[-119.39452,35.32174],[-119.40047,35.32237],[-119.40808,35.32562],[-119.41203,35.32573],[-119.41512,35.32461],[-119.41854,35.32635],[-119.42087,35.33045],[-119.43384,35.3363],[-119.44382,35.33896],[-119.44732,35.33949],[-119.44723,35.34723],[-119.4573,35.35228],[-119.46278,35.35581],[-119.47092,35.3623],[-119.47419,35.36349],[-119.4742,35.36837],[-119.48011,35.37172],[-119.48282,35.38285],[-119.48389,35.38364],[-119.50071,35.38337],[-119.50058,35.39026],[-119.51988,35.39023],[-119.52592,35.39661],[-119.5298,35.39887],[-119.56077,35.42072],[-119.56247,35.42207],[-119.56247,35.4261],[-119.56686,35.42619],[-119.56835,35.42713],[-119.57467,35.43457],[-119.57945,35.43704],[-119.58357,35.44129],[-119.61539,35.44104],[-119.61953,35.44185],[-119.62018,35.44575],[-119.61952,35.46101],[-119.61141,35.46587],[-119.61505,35.46964],[-119.61292,35.47079],[-119.61283,35.47813],[-119.61642,35.49089],[-119.61828,35.50018],[-119.62552,35.52924],[-119.62642,35.53353],[-119.62956,35.5588],[-119.63473,35.57096],[-119.63516,35.57253],[-119.59114,35.57192]]]}},{"type":"Feature","properties":{"zcta":"93220","d":0},"geometry":{"type":"Polygon","coordinates":[[[-118.82561,35.39838],[-118.81155,35.39862],[-118.80823,35.39425],[-118.8065,35.39403],[-118.79947,35.39991],[-118.79485,35.40258],[-118.78671,35.40238],[-118.78234,35.40099],[-118.77916,35.39911],[-118.77456,35.40035],[-118.77337,35.40202],[-118.77256,35.40033],[-118.77122,35.4027],[-118.77278,35.40494],[-118.76687,35.40754],[-118.76531,35.40933],[-118.7605,35.41206],[-118.76164,35.40822],[-118.75382,35.41399],[-118.75106,35.41146],[-118.74685,35.41205],[-118.74685,35.41677],[-118.74356,35.41916],[-118.74355,35.42052],[-118.74078,35.42288],[-118.73949,35.42108],[-118.73378,35.42324],[-118.73215,35.42576],[-118.73105,35.42441],[-118.72774,35.43026],[-118.72941,35.43366],[-118.72932,35.43659],[-118.73037,35.43943],[-118.72887,35.4382],[-118.72588,35.43907],[-118.7244,35.44051],[-118.7193,35.44183],[-118.71489,35.44185],[-118.71214,35.44137],[-118.70803,35.44221],[-118.70593,35.4405],[-118.70707,35.43997],[-118.70209,35.43738],[-118.70138,35.41115],[-118.70592,35.40827],[-118.70902,35.40729],[-118.71487,35.40659],[-118.71795,35.40494],[-118.71997,35.40153],[-118.72241,35.40232],[-118.72584,35.4006],[-118.72712,35.39823],[-118.7258,35.39589],[-118.73034,35.39472],[-118.73161,35.39352],[-118.73109,35.38908],[-118.73433,35.38979],[-118.73738,35.38946],[-118.73889,35.39128],[-118.74275,35.39394],[-118.74505,35.39143],[-118.74446,35.38975],[-118.74727,35.38866],[-118.74841,35.39016],[-118.75468,35.38911],[-118.75847,35.39032],[-118.76198,35.38986],[-118.76344,35.3881],[-118.76275,35.38643],[-118.76557,35.3866],[-118.76945,35.38441],[-118.77291,35.38685],[-118.77666,35.38597],[-118.77457,35.38514],[-118.77163,35.38559],[-118.77295,35.3818],[-118.76896,35.37467],[-118.77457,35.37305],[-118.77846,35.3737],[-118.78279,35.37065],[-118.78232,35.36852],[-118.7845,35.36852],[-118.79255,35.36699],[-118.79808,35.36871],[-118.80258,35.36862],[-118.80689,35.36678],[-118.80893,35.36502],[-118.80804,35.36193],[-118.81114,35.35879],[-118.81357,35.35813],[-118.81589,35.3544],[-118.82134,35.35472],[-118.81675,35.34739],[-118.81659,35.34027],[-118.82556,35.34022],[-118.82567,35.33771],[-118.80755,35.33287],[-118.776,35.32527],[-118.77197,35.32593],[-118.76751,35.3286],[-118.76353,35.32953],[-118.75821,35.32954],[-118.74136,35.32688],[-118.73349,35.32567],[-118.71722,35.32394],[-118.7169,35.32373],[-118.71718,35.31138],[-118.7175,35.31121],[-118.74541,35.31119],[-118.75253,35.31142],[-118.75561,35.31116],[-118.77008,35.31116],[-118.77116,35.31155],[-118.7829,35.31149],[-118.79921,35.32561],[-118.80214,35.32762],[-118.80752,35.32957],[-118.8075,35.3257],[-118.86082,35.32547],[-118.86089,35.34243],[-118.87867,35.34542],[-118.87867,35.34724],[-118.87199,35.34727],[-118.87198,35.34542],[-118.86979,35.34546],[-118.86975,35.3469],[-118.8609,35.34512],[-118.86094,35.36187],[-118.84322,35.36193],[-118.84337,35.3731],[-118.84392,35.37439],[-118.84058,35.37545],[-118.83748,35.37776],[-118.8284,35.38061],[-118.82538,35.38325],[-118.82561,35.38444],[-118.82561,35.39838]]]}},{"type":"Feature","properties":{"zcta":"93222","d":0},"geometry":{"type":"Polygon","coordinates":[[[-119.37891,34.98795],[-119.37264,34.98714],[-119.37246,34.98527],[-119.37042,34.98403],[-119.35632,34.98243],[-119.35226,34.98336],[-119.34826,34.9858],[-119.34377,34.987],[-119.34174,34.98387],[-119.33753,34.98155],[-119.33413,34.98079],[-119.33135,34.97912],[-119.32976,34.97963],[-119.32644,34.97859],[-119.31889,34.9792],[-119.31378,34.97466],[-119.31117,34.97379],[-119.30613,34.97388],[-119.29618,34.96998],[-119.2842,34.96584],[-119.28226,34.96461],[-119.27839,34.97237],[-119.27709,34.97361],[-119.27552,34.9711],[-119.2766,34.97046],[-119.27942,34.96476],[-119.28093,34.96069],[-119.28308,34.95804],[-119.28694,34.95486],[-119.29166,34.9519],[-119.29588,34.94844],[-119.2978,34.94603],[-119.29723,34.94155],[-119.29397,34.93978],[-119.28623,34.94074],[-119.27834,34.94091],[-119.27299,34.93896],[-119.27064,34.93921],[-119.26909,34.93813],[-119.26075,34.94107],[-119.24831,34.94317],[-119.24112,34.94391],[-119.23922,34.94261],[-119.23514,34.94766],[-119.23089,34.94815],[-119.22767,34.94971],[-119.22324,34.95008],[-119.21706,34.94951],[-119.21541,34.94839],[-119.20993,34.94796],[-119.20545,34.94602],[-119.20113,34.94732],[-119.18751,34.94439],[-119.18345,34.94757],[-119.18321,34.95602],[-119.18198,34.95438],[-119.18132,34.94964],[-119.17991,34.94592],[-119.17538,34.94064],[-119.17384,34.93759],[-119.17383,34.93541],[-119.17614,34.9328],[-119.17767,34.92407],[-119.17569,34.91995],[-119.17236,34.91928],[-119.16761,34.91591],[-119.16365,34.91427],[-119.16079,34.91226],[-119.1586,34.90837],[-119.1525,34.90101],[-119.15167,34.89708],[-119.14189,34.89093],[-119.14131,34.88887],[-119.13877,34.88671],[-119.13664,34.88262],[-119.1363,34.8797],[-119.13447,34.87842],[-119.13278,34.8739],[-119.13382,34.87282],[-119.1322,34.86847],[-119.12882,34.86542],[-119.12899,34.86465],[-119.13452,34.86086],[-119.13774,34.85616],[-119.14907,34.8533],[-119.14379,34.8511],[-119.13997,34.85118],[-119.13691,34.85266],[-119.13891,34.85023],[-119.13764,34.84881],[-119.13548,34.85163],[-119.13396,34.84724],[-119.13281,34.84969],[-119.12889,34.8498],[-119.12565,34.85106],[-119.12209,34.85017],[-119.12031,34.85221],[-119.11508,34.85137],[-119.11553,34.84856],[-119.11382,34.84404],[-119.11635,34.83396],[-119.11512,34.82378],[-119.12166,34.8229],[-119.12755,34.81828],[-119.13423,34.81494],[-119.1363,34.81504],[-119.13887,34.81331],[-119.15571,34.81347],[-119.17193,34.81359],[-119.24253,34.81432],[-119.24258,34.8576],[-119.27724,34.85728],[-119.27643,34.87248],[-119.35553,34.87254],[-119.35553,34.87368],[-119.38185,34.87399],[-119.38298,34.87965],[-119.3834,34.89474],[-119.38199,34.90075],[-119.37863,34.90463],[-119.3895,34.9078],[-119.39281,34.90776],[-119.3951,34.91104],[-119.40116,34.91421],[-119.39814,34.9154],[-119.39232,34.91524],[-119.3908,34.91783],[-119.3928,34.92111],[-119.39139,34.92376],[-119.39301,34.92817],[-119.38826,34.92834],[-119.38684,34.93098],[-119.38232,34.93004],[-119.38127,34.93459],[-119.38179,34.94116],[-119.38309,34.94422],[-119.38738,34.94612],[-119.38955,34.9503],[-119.39224,34.95304],[-119.39796,34.95222],[-119.40648,34.95357],[-119.4073,34.95548],[-119.41339,34.96367],[-119.41433,34.96914],[-119.40884,34.97561],[-119.40409,34.97735],[-119.40235,34.97725],[-119.40157,34.97517],[-119.39926,34.97573],[-119.3966,34.97383],[-119.39395,34.97456],[-119.3923,34.96864],[-119.39051,34.96884],[-119.38682,34.97193],[-119.38155,34.97159],[-119.37963,34.97006],[-119.3793,34.97497],[-119.38135,34.97877],[-119.38028,34.98028],[-119.38322,34.97969],[-119.38423,34.98114],[-119.38359,34.98384],[-119.3851,34.98628],[-119.38178,34.98762],[-119.37891,34.98795]]]}},{"type":"Feature","properties":{"zcta":"93307","d":245},"geometry":{"type":"Polygon","coordinates":[[[-119.02297,35.29587],[-119.02296,35.29756],[-119.02123,35.29756],[-119.02121,35.31766],[-119.02096,35.31814],[-119.01455,35.31767],[-119.00849,35.31767],[-119.00849,35.31977],[-119.00525,35.31908],[-119.00535,35.32494],[-119.0036,35.32502],[-119.00958,35.33219],[-119.01188,35.33219],[-119.01188,35.33448],[-119.01413,35.33652],[-119.01438,35.33945],[-119.01187,35.33945],[-119.01186,35.34671],[-119.01075,35.34844],[-119.00301,35.34756],[-119.00299,35.35503],[-119.00492,35.35504],[-119.00423,35.36843],[-119.00293,35.37015],[-119.00015,35.37063],[-119.00094,35.36843],[-118.99591,35.36845],[-118.99551,35.36952],[-118.99254,35.36846],[-118.97412,35.36856],[-118.97304,35.37038],[-118.97032,35.36858],[-118.96752,35.3686],[-118.9675,35.37135],[-118.89646,35.35433],[-118.89641,35.36174],[-118.89424,35.36174],[-118.89415,35.36902],[-118.87865,35.36902],[-118.86094,35.36926],[-118.86117,35.37718],[-118.86096,35.38386],[-118.86097,35.40541],[-118.8594,35.40541],[-118.85857,35.40245],[-118.85675,35.3997],[-118.85727,35.39431],[-118.85173,35.38669],[-118.85091,35.38377],[-118.82561,35.38385],[-118.82561,35.38444],[-118.82538,35.38325],[-118.8284,35.38061],[-118.83748,35.37776],[-118.84058,35.37545],[-118.84392,35.37439],[-118.84337,35.3731],[-118.84322,35.36193],[-118.86094,35.36187],[-118.8609,35.34512],[-118.86975,35.3469],[-118.86979,35.34546],[-118.87198,35.34542],[-118.87199,35.34727],[-118.87867,35.34724],[-118.87867,35.34542],[-118.86089,35.34243],[-118.86082,35.32547],[-118.8075,35.3257],[-118.80736,35.29636],[-118.8077,35.28679],[-118.80578,35.28583],[-118.80293,35.28919],[-118.80083,35.29677],[-118.77088,35.29668],[-118.77079,35.28208],[-118.78009,35.2822],[-118.7864,35.28182],[-118.80757,35.28157],[-118.80705,35.26746],[-118.80687,35.25295],[-118.82296,35.25276],[-118.82476,35.25543],[-118.83255,35.26003],[-118.83294,35.26735],[-118.83449,35.26966],[-118.84283,35.27894],[-118.84277,35.26732],[-118.86955,35.26719],[-118.86956,35.25274],[-118.87839,35.25257],[-118.87819,35.21982],[-118.87593,35.21811],[-118.87594,35.21614],[-118.86919,35.21616],[-118.86923,35.22345],[-118.86026,35.2235],[-118.86016,35.20896],[-118.85135,35.209],[-118.85105,35.19442],[-118.89614,35.1942],[-118.89614,35.2088],[-118.91451,35.20871],[-118.96759,35.20862],[-118.96761,35.19404],[-118.94991,35.19398],[-118.95009,35.13654],[-118.94126,35.13654],[-118.94132,35.1221],[-118.95023,35.12212],[-118.95016,35.10768],[-118.92365,35.10751],[-118.92372,35.09293],[-118.91469,35.09283],[-118.91736,35.0857],[-118.91742,35.06721],[-118.93534,35.06711],[-118.93537,35.04531],[-118.9176,35.04542],[-118.91856,35.04298],[-118.93609,35.01613],[-118.95581,35.01911],[-118.95817,35.02656],[-119.00365,35.17013],[-119.00511,35.17489],[-119.01437,35.23308],[-119.01541,35.23752],[-119.03065,35.29582],[-119.02297,35.29587]],[[-118.93218,35.23783],[-118.91443,35.23784],[-118.91446,35.22338],[-118.89614,35.22351],[-118.89645,35.25249],[-118.89867,35.25248],[-118.89963,35.25517],[-118.9026,35.25762],[-118.90386,35.26076],[-118.90179,35.26493],[-118.9015,35.26704],[-118.90527,35.26703],[-118.9053,35.2816],[-118.91436,35.28155],[-118.91439,35.26698],[-118.92333,35.26697],[-118.92337,35.25973],[-118.93213,35.25975],[-118.93218,35.23783]]]}},{"type":"Feature","properties":{"zcta":"93215","d":134},"geometry":{"type":"Polygon","coordinates":[[[-119.0827,35.6599],[-119.08758,35.66179],[-119.09099,35.6618],[-119.09914,35.66089],[-119.10502,35.66317],[-119.11089,35.66632],[-119.11434,35.66682],[-119.11435,35.67422],[-119.09885,35.67442],[-119.09866,35.68938],[-119.1158,35.68927],[-119.11595,35.7036],[-119.13372,35.70355],[-119.13353,35.68907],[-119.15127,35.68907],[-119.1514,35.69623],[-119.16921,35.69618],[-119.16932,35.70346],[-119.18707,35.70346],[-119.18722,35.7179],[-119.2231,35.71796],[-119.23605,35.71806],[-119.23765,35.72508],[-119.2407,35.7251],[-119.24058,35.73235],[-119.27624,35.73228],[-119.27628,35.76136],[-119.3119,35.76129],[-119.31185,35.74675],[-119.32995,35.74673],[-119.32983,35.75407],[-119.33375,35.75404],[-119.33383,35.76124],[-119.34445,35.76121],[-119.34183,35.75362],[-119.34136,35.75011],[-119.33519,35.73219],[-119.35552,35.79028],[-119.35519,35.79028],[-119.37016,35.83367],[-119.35827,35.83371],[-119.28599,35.83375],[-119.28591,35.85568],[-119.27126,35.8555],[-119.26778,35.85474],[-119.27135,35.86998],[-119.25036,35.87003],[-119.25033,35.85546],[-119.24199,35.85553],[-119.24145,35.85268],[-119.24016,35.85192],[-119.21472,35.85221],[-119.21475,35.863],[-119.1791,35.86308],[-119.17899,35.84488],[-119.17328,35.84316],[-119.16184,35.84349],[-119.1526,35.84316],[-119.14071,35.84709],[-119.1222,35.84933],[-119.11966,35.85231],[-119.10782,35.85859],[-119.10763,35.83422],[-119.12556,35.83424],[-119.12535,35.80518],[-119.13434,35.80516],[-119.13441,35.81282],[-119.1433,35.81281],[-119.14307,35.7907],[-119.10237,35.79075],[-119.10256,35.80525],[-119.1051,35.80614],[-119.0878,35.83413],[-119.08381,35.84034],[-119.07132,35.80516],[-119.07012,35.80202],[-119.06871,35.79445],[-119.02779,35.79444],[-119.02123,35.79945],[-119.01859,35.80051],[-119.01221,35.8017],[-119.00737,35.80087],[-119.00003,35.79796],[-118.99693,35.79796],[-118.99358,35.79558],[-118.98469,35.79075],[-119.05344,35.79077],[-119.05324,35.76201],[-119.03562,35.76208],[-119.03393,35.76188],[-119.03569,35.75422],[-119.03392,35.75333],[-119.03358,35.74745],[-119.0362,35.74745],[-119.03622,35.74387],[-119.04067,35.74386],[-119.0407,35.74029],[-119.04585,35.74295],[-119.05281,35.74387],[-119.05555,35.74366],[-119.05899,35.7365],[-119.05098,35.68945],[-119.06656,35.68941],[-119.06903,35.68098],[-119.07371,35.67144],[-119.07566,35.66673],[-119.07761,35.65926],[-119.0827,35.6599]]]}},{"type":"Feature","properties":{"zcta":"93519","d":0},"geometry":{"type":"Polygon","coordinates":[[[-117.84442,35.2902],[-117.84323,35.28393],[-117.84437,35.27218],[-117.83779,35.27225],[-117.84016,35.26524],[-117.84473,35.26502],[-117.8448,35.25278],[-117.84149,35.25271],[-117.83893,35.25152],[-117.84207,35.24889],[-117.84305,35.24631],[-117.84308,35.24314],[-117.86273,35.24274],[-117.87904,35.24308],[-117.87927,35.22878],[-117.93291,35.22795],[-117.94199,35.22853],[-117.95003,35.22799],[-117.95205,35.22832],[-117.968,35.22819],[-117.98591,35.22785],[-117.99478,35.22792],[-117.99482,35.2206],[-118.00346,35.22064],[-118.00349,35.21385],[-118.01259,35.21328],[-118.0215,35.21321],[-118.02149,35.22054],[-118.03867,35.22009],[-118.03911,35.21896],[-118.03906,35.19858],[-118.06634,35.19859],[-118.05396,35.21472],[-118.05287,35.21729],[-118.0346,35.26711],[-118.03283,35.27047],[-118.02087,35.28334],[-118.00071,35.30004],[-118.00904,35.30481],[-118.01,35.3073],[-118.01282,35.3077],[-118.01447,35.30916],[-118.02941,35.31261],[-118.03469,35.31329],[-118.03829,35.31438],[-118.04046,35.31388],[-118.04328,35.31534],[-118.04969,35.31575],[-118.05425,35.31549],[-118.05945,35.31413],[-118.06978,35.31521],[-118.07588,35.31673],[-118.07672,35.32644],[-118.07651,35.33],[-118.07876,35.33431],[-118.07943,35.34008],[-118.08094,35.3464],[-118.08209,35.34813],[-118.0825,35.35522],[-118.08055,35.36017],[-118.08047,35.36186],[-118.07859,35.36402],[-118.07924,35.36648],[-118.07793,35.36789],[-118.07732,35.3714],[-118.07506,35.37268],[-118.07199,35.37595],[-118.07243,35.3816],[-118.07335,35.38313],[-118.07361,35.38821],[-118.07456,35.39028],[-118.07938,35.39479],[-118.08548,35.3988],[-118.08656,35.40006],[-118.08396,35.40139],[-118.07961,35.40201],[-118.07633,35.40125],[-118.07094,35.4011],[-118.06229,35.40328],[-118.06085,35.40017],[-118.05708,35.39838],[-118.05846,35.39735],[-118.05947,35.39378],[-118.06238,35.38933],[-118.06599,35.38529],[-118.05341,35.3785],[-118.05306,35.37723],[-118.05576,35.37233],[-118.05977,35.36166],[-118.05939,35.35921],[-118.0578,35.35779],[-118.05775,35.3553],[-118.0599,35.35362],[-118.05654,35.3533],[-118.0492,35.35526],[-118.04427,35.3542],[-118.04143,35.35095],[-118.0407,35.34897],[-118.03785,35.34633],[-118.04349,35.35867],[-118.03905,35.36273],[-118.03794,35.36712],[-118.02842,35.37678],[-118.02665,35.3824],[-118.0273,35.38578],[-118.02389,35.39317],[-118.0198,35.39405],[-118.01564,35.39647],[-118.01507,35.40167],[-118.01412,35.40405],[-118.00362,35.41542],[-117.99933,35.421],[-117.99567,35.42747],[-117.99537,35.43167],[-117.99867,35.43627],[-117.99759,35.44365],[-117.99207,35.44475],[-117.98808,35.44435],[-117.98371,35.44589],[-117.97827,35.4465],[-117.97422,35.44805],[-117.95696,35.448],[-117.95066,35.44434],[-117.95042,35.42398],[-117.95045,35.38942],[-117.91732,35.38977],[-117.91987,35.38863],[-117.91841,35.38691],[-117.91599,35.38625],[-117.91369,35.38438],[-117.91349,35.38237],[-117.91156,35.38179],[-117.91186,35.37885],[-117.91105,35.37639],[-117.90881,35.37443],[-117.90665,35.36969],[-117.90141,35.36497],[-117.89845,35.36164],[-117.87431,35.37422],[-117.86914,35.37621],[-117.84329,35.3823],[-117.84442,35.2902]]]}},{"type":"Feature","properties":{"zcta":"93531","d":8},"geometry":{"type":"Polygon","coordinates":[[[-118.66579,35.24145],[-118.6639,35.24225],[-118.66666,35.2471],[-118.65956,35.25193],[-118.65255,35.25391],[-118.64998,35.25361],[-118.64875,35.25198],[-118.64517,35.25316],[-118.6279,35.2532],[-118.62761,35.25361],[-118.62734,35.26759],[-118.62333,35.26761],[-118.62288,35.26676],[-118.61828,35.26462],[-118.61535,35.26624],[-118.61802,35.27064],[-118.61699,35.27268],[-118.61074,35.27098],[-118.60677,35.26732],[-118.59923,35.26776],[-118.59697,35.26625],[-118.59373,35.26179],[-118.59504,35.25843],[-118.59237,35.25529],[-118.59287,35.25345],[-118.58964,35.25335],[-118.58629,35.25106],[-118.58269,35.25079],[-118.57991,35.24348],[-118.57689,35.24129],[-118.57415,35.23693],[-118.57388,35.23382],[-118.56949,35.23174],[-118.56399,35.22997],[-118.55842,35.23175],[-118.55698,35.2308],[-118.55872,35.22733],[-118.55832,35.22404],[-118.55645,35.22215],[-118.55637,35.22008],[-118.55792,35.22036],[-118.55727,35.2182],[-118.55455,35.21473],[-118.55797,35.21478],[-118.56118,35.21219],[-118.56201,35.20821],[-118.5653,35.20523],[-118.56555,35.20318],[-118.56922,35.20157],[-118.57096,35.19906],[-118.5727,35.19911],[-118.57298,35.1974],[-118.57571,35.19595],[-118.5765,35.194],[-118.58121,35.19269],[-118.58754,35.18995],[-118.59255,35.18846],[-118.60721,35.19923],[-118.61061,35.19905],[-118.61714,35.20014],[-118.61651,35.19847],[-118.62234,35.19844],[-118.62234,35.20472],[-118.62687,35.20623],[-118.62701,35.20876],[-118.63126,35.2097],[-118.6428,35.20966],[-118.64386,35.21149],[-118.64306,35.21618],[-118.63923,35.22238],[-118.64001,35.22565],[-118.64239,35.22764],[-118.6419,35.22969],[-118.64337,35.23098],[-118.64547,35.22933],[-118.64747,35.22947],[-118.65388,35.23215],[-118.66616,35.23574],[-118.66621,35.23844],[-118.66579,35.24145]]]}},{"type":"Feature","properties":{"zcta":"93528","d":0},"geometry":{"type":"Polygon","coordinates":[[[-117.65534,35.38461],[-117.65133,35.38422],[-117.65024,35.38495],[-117.64753,35.38193],[-117.64374,35.3797],[-117.63785,35.38256],[-117.63779,35.38586],[-117.63682,35.3887],[-117.63205,35.39498],[-117.63122,35.35244],[-117.63689,35.35274],[-117.64416,35.35606],[-117.64555,35.36244],[-117.66299,35.38288],[-117.66147,35.38255],[-117.65534,35.38461]]]}},{"type":"Feature","properties":{"zcta":"93255","d":1},"geometry":{"type":"Polygon","coordinates":[[[-118.05892,35.79147],[-118.00809,35.78894],[-117.94831,35.78692],[-117.94765,35.78385],[-117.94484,35.78303],[-117.94039,35.78315],[-117.93665,35.78202],[-117.93495,35.77897],[-117.92994,35.77643],[-117.92462,35.77819],[-117.92147,35.77756],[-117.91473,35.77526],[-117.91398,35.77275],[-117.91367,35.76381],[-117.90785,35.75909],[-117.9067,35.7557],[-117.90868,35.75372],[-117.9138,35.75091],[-117.91496,35.74955],[-117.90965,35.74784],[-117.90789,35.74571],[-117.90858,35.7426],[-117.9051,35.74005],[-117.9072,35.73659],[-117.90971,35.73568],[-117.91004,35.72912],[-117.90778,35.72581],[-117.9099,35.71132],[-117.91062,35.70832],[-117.90941,35.70649],[-117.90634,35.70425],[-117.90367,35.70337],[-117.90193,35.70139],[-117.90805,35.6768],[-117.90859,35.67598],[-117.90301,35.67159],[-117.89449,35.66797],[-117.88888,35.66319],[-117.88771,35.65975],[-117.88931,35.65561],[-117.89243,35.65356],[-117.8928,35.65098],[-117.89456,35.64983],[-117.89536,35.64749],[-117.89456,35.64602],[-117.8947,35.64417],[-117.89659,35.64242],[-117.89916,35.63777],[-117.89857,35.63587],[-117.90119,35.63498],[-117.9002,35.63416],[-117.90232,35.63052],[-117.90468,35.62901],[-117.90762,35.61925],[-117.91116,35.6127],[-117.91707,35.60898],[-117.91722,35.60684],[-117.91958,35.60289],[-117.92208,35.60345],[-117.92964,35.60674],[-117.94836,35.61808],[-117.95366,35.6232],[-117.97206,35.63475],[-117.98431,35.64161],[-117.99515,35.64855],[-118.00106,35.64995],[-118.00843,35.65267],[-118.01072,35.65498],[-118.0136,35.65645],[-118.01544,35.6587],[-118.02236,35.66109],[-118.02221,35.65559],[-118.02321,35.61849],[-118.05813,35.61902],[-118.06401,35.61926],[-118.06367,35.57901],[-118.10304,35.57755],[-118.10235,35.57182],[-118.10279,35.5631],[-118.14289,35.5604],[-118.14641,35.56136],[-118.15044,35.56078],[-118.15323,35.55867],[-118.15718,35.55972],[-118.16173,35.55743],[-118.16551,35.5569],[-118.17192,35.55816],[-118.17641,35.5605],[-118.18045,35.55958],[-118.19068,35.55876],[-118.19749,35.55449],[-118.19899,35.5531],[-118.20727,35.54944],[-118.21118,35.5506],[-118.21659,35.55499],[-118.22832,35.55743],[-118.23601,35.55763],[-118.23713,35.55849],[-118.23706,35.56159],[-118.24201,35.56423],[-118.24602,35.56566],[-118.25026,35.57035],[-118.25128,35.57565],[-118.24879,35.58073],[-118.24452,35.58453],[-118.24031,35.59046],[-118.24054,35.59791],[-118.24246,35.6041],[-118.24419,35.60731],[-118.24325,35.61021],[-118.24224,35.60872],[-118.23777,35.6072],[-118.2354,35.60766],[-118.23212,35.60967],[-118.22993,35.61509],[-118.23072,35.61496],[-118.23743,35.61761],[-118.24377,35.62426],[-118.24322,35.62933],[-118.24408,35.6341],[-118.2452,35.63562],[-118.24102,35.63608],[-118.23605,35.6375],[-118.23316,35.63763],[-118.22748,35.63553],[-118.21917,35.63545],[-118.2179,35.6404],[-118.21917,35.64277],[-118.22465,35.64555],[-118.22815,35.64351],[-118.23031,35.64457],[-118.2334,35.64121],[-118.23765,35.64021],[-118.24277,35.64119],[-118.24957,35.64356],[-118.25394,35.65406],[-118.25355,35.65614],[-118.2563,35.65959],[-118.25768,35.66356],[-118.26112,35.66673],[-118.26343,35.667],[-118.26261,35.66983],[-118.25833,35.67097],[-118.25402,35.67601],[-118.25301,35.6781],[-118.24613,35.68374],[-118.23671,35.68722],[-118.23351,35.68951],[-118.23501,35.69084],[-118.23124,35.69228],[-118.22793,35.69515],[-118.22189,35.69661],[-118.21696,35.70012],[-118.2137,35.70306],[-118.20794,35.70311],[-118.20507,35.7043],[-118.202,35.70431],[-118.19408,35.70645],[-118.19127,35.70892],[-118.18919,35.7125],[-118.18411,35.71689],[-118.18103,35.71802],[-118.1786,35.72108],[-118.17866,35.72554],[-118.17348,35.73002],[-118.17395,35.73247],[-118.17545,35.73407],[-118.17304,35.7364],[-118.17736,35.73808],[-118.17747,35.74177],[-118.17846,35.74376],[-118.18479,35.74614],[-118.18531,35.74867],[-118.18712,35.75095],[-118.18774,35.75377],[-118.19273,35.75647],[-118.1954,35.75917],[-118.19712,35.7627],[-118.19593,35.76545],[-118.19997,35.76822],[-118.20298,35.76836],[-118.20602,35.77059],[-118.20505,35.7736],[-118.20363,35.7747],[-118.20074,35.77448],[-118.19689,35.77592],[-118.197,35.77765],[-118.19397,35.78214],[-118.19394,35.78717],[-118.19315,35.78954],[-118.19521,35.79036],[-118.05892,35.79147]],[[-118.2192,35.55741],[-118.21937,35.56519],[-118.22381,35.56559],[-118.22377,35.56399],[-118.22758,35.56219],[-118.22832,35.55743],[-118.2192,35.55741]]]}},{"type":"Feature","properties":{"zcta":"93268","d":145},"geometry":{"type":"Polygon","coordinates":[[[-119.51081,35.19466],[-119.50423,35.19429],[-119.50245,35.19484],[-119.49717,35.19465],[-119.4868,35.19173],[-119.48203,35.18766],[-119.48139,35.18866],[-119.47726,35.18901],[-119.47429,35.18703],[-119.47427,35.18057],[-119.45391,35.18064],[-119.45138,35.18447],[-119.44565,35.18662],[-119.44554,35.20954],[-119.44558,35.2337],[-119.44599,35.2351],[-119.43798,35.23399],[-119.4298,35.23228],[-119.42964,35.23587],[-119.42768,35.23754],[-119.42699,35.23635],[-119.42252,35.23349],[-119.41348,35.23152],[-119.40802,35.23152],[-119.40676,35.2306],[-119.39627,35.23017],[-119.39393,35.22968],[-119.39392,35.22435],[-119.38287,35.22454],[-119.37129,35.23223],[-119.3142,35.26463],[-119.3098,35.26627],[-119.30812,35.26179],[-119.30201,35.25197],[-119.30192,35.2449],[-119.30319,35.24287],[-119.31147,35.23905],[-119.32285,35.23582],[-119.32768,35.23237],[-119.33313,35.23254],[-119.33748,35.2311],[-119.34347,35.23034],[-119.35379,35.22569],[-119.35638,35.22169],[-119.35726,35.19963],[-119.35978,35.19281],[-119.35982,35.19061],[-119.35789,35.18549],[-119.35349,35.1814],[-119.36073,35.17928],[-119.36374,35.17944],[-119.36538,35.17499],[-119.37045,35.16996],[-119.36928,35.16913],[-119.369,35.16494],[-119.37045,35.16414],[-119.37477,35.1651],[-119.37527,35.16145],[-119.37133,35.15324],[-119.37067,35.15025],[-119.3718,35.14511],[-119.37309,35.14208],[-119.37301,35.13373],[-119.37583,35.1301],[-119.36893,35.12985],[-119.36618,35.13125],[-119.36191,35.13185],[-119.35852,35.13334],[-119.35173,35.13811],[-119.35029,35.14213],[-119.34761,35.14462],[-119.34737,35.14637],[-119.3493,35.15474],[-119.34831,35.15827],[-119.34402,35.15932],[-119.3432,35.16345],[-119.346,35.16289],[-119.3452,35.1662],[-119.34535,35.16999],[-119.34318,35.17423],[-119.33693,35.16889],[-119.2979,35.1229],[-119.34107,35.12301],[-119.34078,35.10856],[-119.34089,35.1033],[-119.33793,35.10131],[-119.37621,35.10108],[-119.37603,35.09387],[-119.39461,35.09346],[-119.39635,35.10032],[-119.4024,35.09876],[-119.40364,35.11052],[-119.40709,35.1153],[-119.41173,35.11756],[-119.4128,35.11623],[-119.41812,35.11598],[-119.4228,35.11376],[-119.43155,35.11719],[-119.43648,35.12225],[-119.44758,35.12245],[-119.45972,35.12296],[-119.47231,35.12285],[-119.47402,35.12049],[-119.4761,35.1207],[-119.47837,35.11849],[-119.47815,35.11705],[-119.47388,35.11379],[-119.47125,35.11369],[-119.47365,35.11104],[-119.47478,35.10854],[-119.4776,35.10641],[-119.47892,35.10349],[-119.48198,35.0992],[-119.48303,35.09542],[-119.48622,35.09759],[-119.48569,35.09922],[-119.48607,35.10385],[-119.48139,35.10977],[-119.4823,35.11642],[-119.48508,35.11563],[-119.48822,35.11591],[-119.48992,35.11933],[-119.49156,35.11647],[-119.49338,35.11565],[-119.49731,35.11642],[-119.49912,35.11538],[-119.49922,35.12296],[-119.49967,35.12738],[-119.50041,35.13676],[-119.50881,35.13711],[-119.50881,35.14409],[-119.50943,35.1512],[-119.50073,35.1512],[-119.50095,35.1805],[-119.51734,35.18045],[-119.51784,35.18839],[-119.51631,35.18958],[-119.51352,35.1888],[-119.51268,35.18997],[-119.51934,35.19464],[-119.51081,35.19466]]]}},{"type":"Feature","properties":{"zcta":"93309","d":2380},"geometry":{"type":"Polygon","coordinates":[[[-119.08745,35.36407],[-119.07825,35.36341],[-119.07287,35.36472],[-119.06868,35.36709],[-119.06523,35.36747],[-119.06172,35.37006],[-119.05603,35.37312],[-119.05424,35.37325],[-119.04953,35.37557],[-119.0446,35.37901],[-119.04417,35.37359],[-119.04201,35.36831],[-119.03987,35.36278],[-119.03967,35.35414],[-119.03968,35.3306],[-119.03637,35.31768],[-119.04386,35.31771],[-119.04386,35.3173],[-119.05091,35.31721],[-119.05225,35.31777],[-119.05226,35.31413],[-119.04781,35.3141],[-119.04779,35.31062],[-119.05359,35.31064],[-119.05208,35.31167],[-119.05238,35.31379],[-119.05476,35.31794],[-119.06907,35.31817],[-119.06979,35.31656],[-119.08304,35.31661],[-119.0811,35.31314],[-119.08206,35.31314],[-119.088,35.31823],[-119.09215,35.31824],[-119.09224,35.35437],[-119.09176,35.36387],[-119.08745,35.36407]]]}}]}