{"type":"FeatureCollection","features":[{"type":"Feature","properties":{"zcta":"80293","d":0},"geometry":{"type":"Polygon","coordinates":[[[-104.98933,39.74672],[-104.99009,39.74545],[-104.99054,39.74579],[-104.98933,39.74672]]]}},{"type":"Feature","properties":{"zcta":"80433","d":52},"geometry":{"type":"Polygon","coordinates":[[[-105.38899,39.56615],[-105.3857,39.56493],[-105.38485,39.5681],[-105.37778,39.56358],[-105.37574,39.56128],[-105.37666,39.56424],[-105.37822,39.5657],[-105.37713,39.56886],[-105.37281,39.57191],[-105.37161,39.57512],[-105.36923,39.57676],[-105.36548,39.57675],[-105.36535,39.5803],[-105.35149,39.58039],[-105.35178,39.57326],[-105.35648,39.57325],[-105.3565,39.56963],[-105.35187,39.56955],[-105.35196,39.56605],[-105.34911,39.566],[-105.34865,39.55853],[-105.34317,39.55878],[-105.34316,39.55163],[-105.33441,39.55191],[-105.33457,39.54474],[-105.32998,39.5448],[-105.33001,39.54122],[-105.32536,39.54127],[-105.32541,39.53766],[-105.3162,39.53769],[-105.31617,39.54346],[-105.31375,39.53715],[-105.31549,39.54311],[-105.31702,39.54552],[-105.3163,39.54847],[-105.29684,39.54849],[-105.29689,39.55231],[-105.28829,39.55329],[-105.28829,39.55607],[-105.29247,39.55602],[-105.29247,39.56307],[-105.28653,39.56355],[-105.27829,39.56317],[-105.27743,39.56238],[-105.26858,39.56198],[-105.2683,39.54694],[-105.27215,39.54633],[-105.26501,39.54557],[-105.25861,39.54303],[-105.25883,39.54163],[-105.25598,39.54127],[-105.25592,39.54268],[-105.24998,39.54204],[-105.24915,39.54089],[-105.24279,39.53977],[-105.24458,39.53913],[-105.24747,39.53486],[-105.24529,39.5274],[-105.24612,39.52704],[-105.24441,39.52277],[-105.24302,39.52182],[-105.2499,39.52177],[-105.25021,39.51936],[-105.24529,39.51569],[-105.24455,39.51377],[-105.24019,39.51328],[-105.23871,39.51062],[-105.23272,39.50678],[-105.23169,39.50329],[-105.22929,39.50214],[-105.22672,39.49806],[-105.22162,39.49603],[-105.21993,39.49597],[-105.21085,39.49303],[-105.20609,39.4948],[-105.20493,39.4918],[-105.20709,39.48637],[-105.20956,39.48481],[-105.21612,39.48378],[-105.22013,39.48564],[-105.22182,39.48382],[-105.22023,39.47997],[-105.22387,39.47825],[-105.22461,39.4819],[-105.22832,39.48189],[-105.2281,39.4744],[-105.22703,39.46625],[-105.22236,39.46642],[-105.22224,39.46256],[-105.21262,39.46301],[-105.21265,39.45515],[-105.20788,39.4553],[-105.20812,39.44816],[-105.20346,39.44848],[-105.20297,39.43306],[-105.18518,39.43445],[-105.18471,39.43104],[-105.17989,39.4311],[-105.17936,39.42774],[-105.17449,39.42783],[-105.16613,39.42731],[-105.16109,39.42752],[-105.16108,39.43112],[-105.12915,39.43116],[-105.13307,39.42744],[-105.13542,39.42678],[-105.13821,39.42307],[-105.14532,39.41881],[-105.14942,39.4176],[-105.15177,39.41568],[-105.15598,39.4138],[-105.15994,39.41432],[-105.16667,39.40851],[-105.17066,39.40802],[-105.1736,39.40934],[-105.17749,39.40851],[-105.18099,39.40977],[-105.18107,39.41142],[-105.18542,39.41034],[-105.18642,39.41331],[-105.18815,39.41505],[-105.18981,39.41844],[-105.19405,39.41703],[-105.19617,39.42041],[-105.19971,39.42188],[-105.20096,39.42552],[-105.2042,39.42862],[-105.20624,39.42901],[-105.20923,39.42511],[-105.21196,39.42541],[-105.21496,39.427],[-105.21899,39.42745],[-105.22052,39.42618],[-105.22163,39.42804],[-105.22356,39.42783],[-105.22688,39.42947],[-105.22532,39.43171],[-105.22739,39.43269],[-105.22983,39.43135],[-105.23135,39.4324],[-105.23111,39.43468],[-105.23472,39.43636],[-105.23657,39.43571],[-105.23911,39.43582],[-105.23988,39.4371],[-105.24248,39.43639],[-105.24424,39.43766],[-105.25087,39.43782],[-105.25164,39.43903],[-105.25805,39.44066],[-105.26237,39.44063],[-105.26453,39.44362],[-105.26781,39.44223],[-105.27232,39.44257],[-105.27721,39.44403],[-105.27917,39.44568],[-105.28124,39.44596],[-105.28453,39.44493],[-105.28785,39.44477],[-105.29017,39.44362],[-105.29691,39.44306],[-105.29964,39.44495],[-105.30139,39.44416],[-105.30167,39.44065],[-105.30371,39.43934],[-105.31091,39.438],[-105.31365,39.43794],[-105.31499,39.43657],[-105.31299,39.43603],[-105.31582,39.43496],[-105.31551,39.43955],[-105.31606,39.44661],[-105.33451,39.4464],[-105.33455,39.44829],[-105.34389,39.44808],[-105.34408,39.4539],[-105.33957,39.45449],[-105.33967,39.46126],[-105.34438,39.46138],[-105.34415,39.46491],[-105.33463,39.46483],[-105.33433,39.47025],[-105.33669,39.4702],[-105.33656,39.47206],[-105.33894,39.47204],[-105.33862,39.4758],[-105.33393,39.47575],[-105.33437,39.48034],[-105.33911,39.48031],[-105.33948,39.48397],[-105.34853,39.4834],[-105.34838,39.47964],[-105.35303,39.47951],[-105.35306,39.47592],[-105.35777,39.47597],[-105.35971,39.47668],[-105.35922,39.47967],[-105.36256,39.48108],[-105.36259,39.48443],[-105.36464,39.48325],[-105.36623,39.48047],[-105.36805,39.47966],[-105.3734,39.48411],[-105.37565,39.4886],[-105.38304,39.49389],[-105.38248,39.49708],[-105.37914,39.5004],[-105.38076,39.50123],[-105.38248,39.50001],[-105.3829,39.5046],[-105.38871,39.50478],[-105.39113,39.50746],[-105.39179,39.5107],[-105.3971,39.5138],[-105.39835,39.5138],[-105.39881,39.53728],[-105.39895,39.56606],[-105.38899,39.56615]]]}},{"type":"Feature","properties":{"zcta":"80241","d":2581},"geometry":{"type":"Polygon","coordinates":[[[-104.97819,39.94294],[-104.96148,39.9428],[-104.94024,39.94283],[-104.92198,39.94301],[-104.9219,39.91403],[-104.94032,39.91382],[-104.94033,39.91689],[-104.94514,39.9169],[-104.94694,39.91574],[-104.94997,39.91694],[-104.9532,39.91578],[-104.9533,39.91391],[-104.9722,39.91407],[-104.97135,39.91649],[-104.9742,39.91752],[-104.97779,39.91694],[-104.97628,39.91409],[-104.98961,39.91407],[-104.98792,39.91938],[-104.98781,39.92854],[-104.98798,39.94307],[-104.97819,39.94294]]]}},{"type":"Feature","properties":{"zcta":"80127","d":452},"geometry":{"type":"Polygon","coordinates":[[[-105.23438,39.51383],[-105.2311,39.51687],[-105.22844,39.51814],[-105.22552,39.51669],[-105.22255,39.51682],[-105.22082,39.51878],[-105.21915,39.51892],[-105.21554,39.52283],[-105.21429,39.52506],[-105.21582,39.52516],[-105.21751,39.52812],[-105.21657,39.53351],[-105.21186,39.53703],[-105.21146,39.53871],[-105.21317,39.53972],[-105.20944,39.53991],[-105.20826,39.55134],[-105.20838,39.55493],[-105.21528,39.55475],[-105.21535,39.56227],[-105.21432,39.56229],[-105.21404,39.56618],[-105.21011,39.56306],[-105.20428,39.56132],[-105.20419,39.56459],[-105.20174,39.56509],[-105.19893,39.56091],[-105.19749,39.56309],[-105.19984,39.56585],[-105.19968,39.56846],[-105.19752,39.56666],[-105.19237,39.56436],[-105.18897,39.56462],[-105.18401,39.56744],[-105.17968,39.5706],[-105.17742,39.57084],[-105.17574,39.57462],[-105.17674,39.575],[-105.1769,39.57887],[-105.17916,39.5797],[-105.17849,39.58112],[-105.17966,39.58305],[-105.17991,39.58871],[-105.17443,39.58973],[-105.17442,39.59241],[-105.17963,39.59363],[-105.18196,39.59535],[-105.18076,39.59588],[-105.18016,39.59948],[-105.17841,39.60075],[-105.17689,39.59985],[-105.17536,39.60187],[-105.16427,39.60225],[-105.16408,39.60069],[-105.16149,39.59955],[-105.15632,39.60032],[-105.15846,39.60211],[-105.16076,39.60575],[-105.16008,39.60965],[-105.1605,39.6158],[-105.164,39.62349],[-105.15858,39.62414],[-105.15559,39.61902],[-105.15567,39.62227],[-105.15302,39.62088],[-105.15121,39.62145],[-105.15346,39.62409],[-105.13768,39.62413],[-105.13769,39.62521],[-105.12866,39.62503],[-105.12861,39.63867],[-105.12046,39.63922],[-105.10985,39.63864],[-105.10995,39.61196],[-105.10755,39.61139],[-105.10794,39.60639],[-105.10999,39.60615],[-105.11017,39.59384],[-105.11013,39.58503],[-105.10587,39.58133],[-105.10506,39.57937],[-105.10567,39.57715],[-105.10949,39.57325],[-105.11022,39.56958],[-105.10774,39.56958],[-105.10725,39.56626],[-105.10994,39.56625],[-105.10997,39.55803],[-105.1083,39.55408],[-105.11015,39.55348],[-105.12124,39.55444],[-105.12411,39.5525],[-105.1178,39.55308],[-105.11343,39.55117],[-105.10689,39.54716],[-105.10283,39.54716],[-105.10107,39.54261],[-105.09462,39.54127],[-105.09284,39.5399],[-105.09429,39.53645],[-105.09346,39.5363],[-105.09541,39.53042],[-105.09507,39.52681],[-105.09758,39.51084],[-105.09503,39.49999],[-105.09524,39.49651],[-105.09359,39.49405],[-105.09402,39.49227],[-105.09664,39.49036],[-105.09859,39.48737],[-105.10317,39.48635],[-105.11055,39.4838],[-105.1133,39.48434],[-105.1147,39.48603],[-105.11738,39.48572],[-105.11824,39.48271],[-105.11673,39.4815],[-105.1188,39.48057],[-105.12137,39.4818],[-105.12842,39.47766],[-105.13114,39.47334],[-105.13521,39.47096],[-105.13286,39.46731],[-105.13294,39.46191],[-105.1304,39.45953],[-105.12747,39.45847],[-105.12418,39.45499],[-105.12306,39.45085],[-105.12321,39.44783],[-105.12614,39.44019],[-105.12467,39.43588],[-105.12352,39.43456],[-105.12915,39.43116],[-105.16108,39.43112],[-105.16109,39.42752],[-105.16613,39.42731],[-105.17449,39.42783],[-105.17936,39.42774],[-105.17989,39.4311],[-105.18471,39.43104],[-105.18518,39.43445],[-105.20297,39.43306],[-105.20346,39.44848],[-105.20812,39.44816],[-105.20788,39.4553],[-105.21265,39.45515],[-105.21262,39.46301],[-105.22224,39.46256],[-105.22236,39.46642],[-105.22703,39.46625],[-105.2281,39.4744],[-105.22832,39.48189],[-105.22461,39.4819],[-105.22387,39.47825],[-105.22023,39.47997],[-105.22182,39.48382],[-105.22013,39.48564],[-105.21612,39.48378],[-105.20956,39.48481],[-105.20709,39.48637],[-105.20493,39.4918],[-105.20609,39.4948],[-105.21085,39.49303],[-105.21993,39.49597],[-105.22162,39.49603],[-105.22672,39.49806],[-105.22929,39.50214],[-105.23169,39.50329],[-105.23272,39.50678],[-105.23871,39.51062],[-105.24019,39.51328],[-105.23438,39.51383]]]}},{"type":"Feature","properties":{"zcta":"80439","d":66},"geometry":{"type":"Polygon","coordinates":[[[-105.3963,39.74366],[-105.39042,39.74169],[-105.38942,39.73777],[-105.38599,39.73553],[-105.38426,39.73535],[-105.38135,39.7373],[-105.3786,39.7357],[-105.37553,39.73651],[-105.37136,39.73648],[-105.36894,39.73368],[-105.36457,39.73472],[-105.36053,39.7346],[-105.35792,39.73667],[-105.35665,39.73912],[-105.35121,39.74068],[-105.34873,39.742],[-105.34407,39.74059],[-105.33601,39.74116],[-105.32958,39.74121],[-105.32769,39.73878],[-105.32607,39.74049],[-105.32304,39.73971],[-105.32371,39.73648],[-105.32707,39.73017],[-105.33037,39.72953],[-105.33303,39.72581],[-105.33179,39.72404],[-105.33172,39.70931],[-105.33223,39.70777],[-105.33015,39.70591],[-105.32893,39.70191],[-105.32234,39.70213],[-105.3223,39.69498],[-105.31812,39.695],[-105.31836,39.69362],[-105.31593,39.69332],[-105.31557,39.69507],[-105.31308,39.69513],[-105.31264,39.68785],[-105.3127,39.68236],[-105.30879,39.68237],[-105.29916,39.68151],[-105.29379,39.67747],[-105.29201,39.67719],[-105.29234,39.67497],[-105.29018,39.67347],[-105.28786,39.67434],[-105.28639,39.67254],[-105.28637,39.67048],[-105.28259,39.66755],[-105.27639,39.66724],[-105.27171,39.66549],[-105.26928,39.66235],[-105.27015,39.66059],[-105.27366,39.65892],[-105.27415,39.65649],[-105.27925,39.65618],[-105.27678,39.65302],[-105.28025,39.65315],[-105.28024,39.65143],[-105.27794,39.65007],[-105.27697,39.64658],[-105.27736,39.64417],[-105.27933,39.64336],[-105.28522,39.64544],[-105.28792,39.64741],[-105.29083,39.64761],[-105.28977,39.64316],[-105.28158,39.63832],[-105.27764,39.63511],[-105.27753,39.62448],[-105.25976,39.62387],[-105.25957,39.61535],[-105.26147,39.61426],[-105.26628,39.61346],[-105.26886,39.60875],[-105.26724,39.6057],[-105.26913,39.60569],[-105.26911,39.60409],[-105.2728,39.60327],[-105.27382,39.60182],[-105.26874,39.59183],[-105.26809,39.58889],[-105.27394,39.58937],[-105.27998,39.58747],[-105.27782,39.58705],[-105.27775,39.58061],[-105.27251,39.58036],[-105.27338,39.57667],[-105.27321,39.57335],[-105.26846,39.57332],[-105.26858,39.56198],[-105.27743,39.56238],[-105.27829,39.56317],[-105.28653,39.56355],[-105.29247,39.56307],[-105.29247,39.55602],[-105.28829,39.55607],[-105.28829,39.55329],[-105.29689,39.55231],[-105.29684,39.54849],[-105.3163,39.54847],[-105.31702,39.54552],[-105.31549,39.54311],[-105.31375,39.53715],[-105.31617,39.54346],[-105.3162,39.53769],[-105.32541,39.53766],[-105.32536,39.54127],[-105.33001,39.54122],[-105.32998,39.5448],[-105.33457,39.54474],[-105.33441,39.55191],[-105.34316,39.55163],[-105.34317,39.55878],[-105.34865,39.55853],[-105.34911,39.566],[-105.35196,39.56605],[-105.35187,39.56955],[-105.3565,39.56963],[-105.35648,39.57325],[-105.35178,39.57326],[-105.35149,39.58039],[-105.36535,39.5803],[-105.36548,39.57675],[-105.36923,39.57676],[-105.37161,39.57512],[-105.37281,39.57191],[-105.37713,39.56886],[-105.37822,39.5657],[-105.37666,39.56424],[-105.37574,39.56128],[-105.37778,39.56358],[-105.38485,39.5681],[-105.3857,39.56493],[-105.38899,39.56615],[-105.39895,39.56606],[-105.44492,39.56599],[-105.58799,39.5682],[-105.62387,39.56704],[-105.62556,39.56941],[-105.63232,39.57069],[-105.63035,39.57375],[-105.63247,39.57797],[-105.63241,39.57941],[-105.62675,39.58203],[-105.63479,39.59277],[-105.63807,39.59584],[-105.64074,39.59701],[-105.63932,39.59857],[-105.63519,39.59954],[-105.63226,39.60174],[-105.62757,39.60234],[-105.62716,39.6056],[-105.62389,39.61026],[-105.62071,39.61136],[-105.61566,39.61204],[-105.61139,39.61428],[-105.6079,39.6143],[-105.60748,39.61756],[-105.60907,39.61959],[-105.60777,39.62155],[-105.60438,39.62181],[-105.59958,39.62101],[-105.5986,39.62219],[-105.60366,39.62607],[-105.60379,39.6321],[-105.60657,39.63617],[-105.60448,39.63765],[-105.60214,39.64077],[-105.60103,39.64452],[-105.59569,39.64589],[-105.59052,39.64578],[-105.58968,39.64431],[-105.58448,39.64778],[-105.58487,39.64853],[-105.59649,39.65009],[-105.60036,39.65181],[-105.60634,39.65206],[-105.59889,39.65465],[-105.59333,39.65396],[-105.5963,39.65676],[-105.59124,39.65895],[-105.58885,39.66073],[-105.58212,39.66101],[-105.58137,39.66247],[-105.58283,39.66533],[-105.58175,39.66838],[-105.5777,39.67028],[-105.57493,39.67075],[-105.57176,39.67023],[-105.56892,39.67226],[-105.56531,39.67287],[-105.56274,39.67573],[-105.56055,39.67557],[-105.5564,39.67667],[-105.55349,39.6749],[-105.5499,39.67404],[-105.54553,39.67444],[-105.54273,39.67359],[-105.54007,39.67453],[-105.53453,39.67507],[-105.53005,39.677],[-105.52846,39.67837],[-105.52737,39.6833],[-105.52518,39.68435],[-105.52003,39.68235],[-105.51549,39.68425],[-105.51233,39.68374],[-105.50546,39.68104],[-105.50029,39.6803],[-105.50051,39.66708],[-105.48019,39.66389],[-105.46153,39.66438],[-105.46119,39.6907],[-105.46108,39.70778],[-105.44795,39.70764],[-105.44783,39.71906],[-105.45186,39.71848],[-105.46098,39.71841],[-105.46054,39.73744],[-105.461,39.73973],[-105.44892,39.7401],[-105.44849,39.74416],[-105.44322,39.74276],[-105.43879,39.74558],[-105.43579,39.7463],[-105.43302,39.74434],[-105.43124,39.74172],[-105.42801,39.74122],[-105.42658,39.7384],[-105.4233,39.73876],[-105.4193,39.73657],[-105.41616,39.73785],[-105.41378,39.74189],[-105.40999,39.74082],[-105.40665,39.74337],[-105.40433,39.74232],[-105.40187,39.74265],[-105.40232,39.74381],[-105.40528,39.74501],[-105.4038,39.74685],[-105.39973,39.74785],[-105.39795,39.74604],[-105.3963,39.74366]],[[-105.30741,39.64377],[-105.30189,39.6431],[-105.3023,39.6472],[-105.29846,39.64744],[-105.2992,39.6441],[-105.29449,39.64415],[-105.29408,39.65232],[-105.29222,39.65233],[-105.29256,39.65632],[-105.28933,39.65749],[-105.2916,39.65843],[-105.29322,39.65732],[-105.2954,39.65931],[-105.30083,39.65838],[-105.30128,39.656],[-105.29847,39.65678],[-105.29713,39.65497],[-105.30056,39.65568],[-105.30228,39.65471],[-105.30706,39.6538],[-105.30635,39.65298],[-105.30704,39.64908],[-105.30874,39.64556],[-105.30741,39.64377]]]}},{"type":"Feature","properties":{"zcta":"80820","d":1},"geometry":{"type":"Polygon","coordinates":[[[-105.52034,38.91725],[-105.51808,38.91577],[-105.50725,38.90337],[-105.50452,38.90238],[-105.4975,38.90269],[-105.49472,38.90212],[-105.49002,38.89845],[-105.49025,38.89668],[-105.48838,38.89552],[-105.48836,38.89343],[-105.4869,38.88718],[-105.48676,38.88278],[-105.48746,38.87471],[-105.48677,38.87122],[-105.48713,38.86419],[-105.4879,38.86131],[-105.48449,38.8603],[-105.48272,38.86109],[-105.47338,38.86737],[-105.46675,38.87047],[-105.46062,38.87095],[-105.45544,38.87012],[-105.4532,38.87076],[-105.44963,38.87412],[-105.44578,38.87508],[-105.44003,38.87021],[-105.43906,38.86666],[-105.44122,38.86583],[-105.44118,38.86306],[-105.44294,38.8587],[-105.44213,38.85002],[-105.44074,38.8457],[-105.43559,38.84484],[-105.43059,38.84213],[-105.42759,38.83203],[-105.42002,38.82644],[-105.42178,38.82546],[-105.41549,38.82379],[-105.41395,38.82412],[-105.40885,38.8221],[-105.40384,38.82094],[-105.40233,38.8139],[-105.3964,38.81192],[-105.39592,38.81772],[-105.39151,38.81764],[-105.39128,38.82134],[-105.38621,38.82136],[-105.38468,38.83506],[-105.37561,38.83512],[-105.37518,38.84005],[-105.38132,38.84421],[-105.3765,38.84538],[-105.37473,38.84462],[-105.36663,38.8449],[-105.36614,38.84602],[-105.36297,38.84505],[-105.36136,38.8478],[-105.35857,38.85052],[-105.35658,38.84701],[-105.35461,38.84583],[-105.35185,38.84245],[-105.34841,38.84141],[-105.34588,38.83951],[-105.33879,38.832],[-105.33369,38.82781],[-105.33171,38.82528],[-105.33468,38.82286],[-105.33803,38.8234],[-105.33636,38.82086],[-105.33551,38.81622],[-105.33243,38.81386],[-105.32908,38.80987],[-105.32894,38.76225],[-105.33517,38.76047],[-105.33833,38.75889],[-105.34215,38.75798],[-105.34494,38.76244],[-105.35184,38.76233],[-105.35186,38.75706],[-105.35977,38.7519],[-105.36247,38.75274],[-105.36676,38.7554],[-105.36847,38.75216],[-105.36778,38.75114],[-105.3709,38.75044],[-105.3709,38.74839],[-105.37512,38.74842],[-105.37597,38.747],[-105.37554,38.74298],[-105.37618,38.73934],[-105.37825,38.73861],[-105.38302,38.73398],[-105.38542,38.72915],[-105.38658,38.72478],[-105.38934,38.71719],[-105.38968,38.70996],[-105.38853,38.70776],[-105.39251,38.70344],[-105.39382,38.6994],[-105.3922,38.69753],[-105.49825,38.69712],[-105.50055,38.69664],[-105.51446,38.69659],[-105.53155,38.69594],[-105.61359,38.69535],[-105.65032,38.69503],[-105.7154,38.69466],[-105.75058,38.69469],[-105.81432,38.6945],[-105.82794,38.69429],[-105.82683,38.69618],[-105.83094,38.69823],[-105.83361,38.69866],[-105.83685,38.70223],[-105.83894,38.70298],[-105.84274,38.70226],[-105.8462,38.70503],[-105.8461,38.70717],[-105.84413,38.71032],[-105.84604,38.7137],[-105.84323,38.71499],[-105.83947,38.7189],[-105.83844,38.72104],[-105.84094,38.72397],[-105.84174,38.72716],[-105.84434,38.72753],[-105.84416,38.73186],[-105.8388,38.73944],[-105.8344,38.74271],[-105.83065,38.74455],[-105.82724,38.74768],[-105.81838,38.75349],[-105.81439,38.7579],[-105.81253,38.75897],[-105.80734,38.76365],[-105.80175,38.7659],[-105.7952,38.77122],[-105.78774,38.7731],[-105.78546,38.77415],[-105.77815,38.77398],[-105.77796,38.77578],[-105.77128,38.7758],[-105.77136,38.77937],[-105.75808,38.77931],[-105.75213,38.7754],[-105.75171,38.77746],[-105.75553,38.78126],[-105.75713,38.78145],[-105.75337,38.78391],[-105.75326,38.7868],[-105.75136,38.78967],[-105.75127,38.79631],[-105.74896,38.79447],[-105.74805,38.79069],[-105.74604,38.7907],[-105.74391,38.79303],[-105.74435,38.79571],[-105.74258,38.79838],[-105.74134,38.80299],[-105.7384,38.80196],[-105.73885,38.80613],[-105.73826,38.80753],[-105.73026,38.80589],[-105.72702,38.80431],[-105.72331,38.80113],[-105.72032,38.79726],[-105.71865,38.79639],[-105.71406,38.79608],[-105.70985,38.79643],[-105.70693,38.79537],[-105.7015,38.79544],[-105.69572,38.79408],[-105.69282,38.79645],[-105.69208,38.79826],[-105.6871,38.80208],[-105.68605,38.8039],[-105.679,38.80671],[-105.67766,38.8081],[-105.67978,38.81334],[-105.67795,38.81441],[-105.67676,38.8174],[-105.67126,38.82132],[-105.67037,38.82294],[-105.6622,38.82496],[-105.6574,38.82878],[-105.65889,38.83451],[-105.65643,38.83924],[-105.64835,38.84629],[-105.64256,38.84922],[-105.6386,38.84894],[-105.63356,38.85292],[-105.63022,38.85858],[-105.62318,38.86817],[-105.62097,38.8706],[-105.61685,38.87248],[-105.60462,38.87237],[-105.59923,38.87786],[-105.5976,38.88048],[-105.59408,38.88221],[-105.5895,38.8877],[-105.58754,38.88818],[-105.58531,38.89022],[-105.58262,38.89686],[-105.57732,38.90134],[-105.56912,38.90434],[-105.56543,38.90734],[-105.56094,38.91008],[-105.54686,38.91501],[-105.53837,38.91685],[-105.53414,38.91857],[-105.53039,38.92129],[-105.52034,38.91725]]]}},{"type":"Feature","properties":{"zcta":"80239","d":2162},"geometry":{"type":"Polygon","coordinates":[[[-104.86607,39.81299],[-104.82805,39.81271],[-104.82809,39.7982],[-104.80969,39.79832],[-104.79089,39.79825],[-104.78391,39.79837],[-104.78772,39.78545],[-104.78774,39.78364],[-104.79048,39.78364],[-104.79059,39.77282],[-104.80988,39.77282],[-104.81,39.77101],[-104.82816,39.77258],[-104.82832,39.76916],[-104.83301,39.76918],[-104.83297,39.76639],[-104.83761,39.76717],[-104.85639,39.76858],[-104.85638,39.76424],[-104.86585,39.76431],[-104.86585,39.76359],[-104.86995,39.76455],[-104.87393,39.76747],[-104.88363,39.76843],[-104.88606,39.77003],[-104.86579,39.7685],[-104.8661,39.7979],[-104.86607,39.81285],[-104.86607,39.81299]]]}},{"type":"Feature","properties":{"zcta":"80452","d":14},"geometry":{"type":"Polygon","coordinates":[[[-105.65703,39.75225],[-105.65554,39.75529],[-105.65101,39.75964],[-105.64261,39.76209],[-105.64327,39.76288],[-105.64224,39.76393],[-105.63034,39.76443],[-105.62642,39.76593],[-105.62748,39.76465],[-105.63144,39.76313],[-105.62551,39.76348],[-105.62588,39.75847],[-105.62138,39.7601],[-105.61914,39.76006],[-105.6182,39.76153],[-105.61456,39.76312],[-105.6089,39.76302],[-105.6087,39.76067],[-105.60656,39.76328],[-105.6022,39.76326],[-105.60205,39.76242],[-105.59517,39.76235],[-105.59477,39.76162],[-105.58668,39.76034],[-105.59109,39.75618],[-105.59132,39.75405],[-105.58703,39.75296],[-105.5911,39.74987],[-105.58894,39.74719],[-105.58722,39.7478],[-105.57952,39.74671],[-105.57635,39.74931],[-105.57092,39.75211],[-105.56638,39.75202],[-105.56301,39.75417],[-105.56389,39.75558],[-105.55933,39.75569],[-105.5594,39.75692],[-105.56291,39.76024],[-105.56868,39.76313],[-105.57276,39.76884],[-105.57366,39.77311],[-105.57809,39.7778],[-105.58388,39.78165],[-105.58956,39.78597],[-105.59443,39.78906],[-105.5949,39.7905],[-105.59944,39.79231],[-105.60835,39.79233],[-105.61499,39.79277],[-105.6221,39.79122],[-105.62556,39.7911],[-105.63203,39.79453],[-105.64326,39.79781],[-105.64606,39.80062],[-105.66356,39.80392],[-105.67203,39.80858],[-105.68051,39.81133],[-105.68631,39.81227],[-105.69052,39.81228],[-105.70082,39.81079],[-105.70828,39.8119],[-105.71611,39.8143],[-105.72203,39.81711],[-105.72412,39.81902],[-105.72456,39.82199],[-105.72328,39.82535],[-105.71924,39.82754],[-105.71934,39.83105],[-105.71698,39.83547],[-105.71337,39.83821],[-105.70814,39.83672],[-105.70327,39.83671],[-105.69634,39.83892],[-105.69379,39.84548],[-105.69354,39.84785],[-105.69035,39.852],[-105.68668,39.84958],[-105.68109,39.84729],[-105.67792,39.84728],[-105.67623,39.84922],[-105.66775,39.84753],[-105.66266,39.85002],[-105.65978,39.85045],[-105.65187,39.84829],[-105.64969,39.84651],[-105.64387,39.8461],[-105.64065,39.84495],[-105.63328,39.8437],[-105.63086,39.83926],[-105.63133,39.83732],[-105.62854,39.83436],[-105.62895,39.83274],[-105.62553,39.83138],[-105.61617,39.82544],[-105.61362,39.82303],[-105.6119,39.82463],[-105.60581,39.82264],[-105.60308,39.82051],[-105.60262,39.81811],[-105.59794,39.81836],[-105.59564,39.81611],[-105.58338,39.82212],[-105.57795,39.82249],[-105.57436,39.81888],[-105.57455,39.81663],[-105.57695,39.81465],[-105.57611,39.81119],[-105.57397,39.80997],[-105.5728,39.80652],[-105.57289,39.80366],[-105.57033,39.80053],[-105.5656,39.79937],[-105.56418,39.79974],[-105.56052,39.79507],[-105.5557,39.79442],[-105.55409,39.79186],[-105.54968,39.78893],[-105.54672,39.78797],[-105.54818,39.78178],[-105.54442,39.77776],[-105.54341,39.77452],[-105.53412,39.77027],[-105.52999,39.76906],[-105.5262,39.76878],[-105.51765,39.76492],[-105.51147,39.76601],[-105.50789,39.76337],[-105.50007,39.76306],[-105.49437,39.76385],[-105.49397,39.76292],[-105.49658,39.76111],[-105.49674,39.75955],[-105.49348,39.75817],[-105.48513,39.76006],[-105.48078,39.76203],[-105.48036,39.76371],[-105.47854,39.7641],[-105.47622,39.7626],[-105.46961,39.76348],[-105.46645,39.76167],[-105.46351,39.76245],[-105.4646,39.7664],[-105.46928,39.76913],[-105.47337,39.7762],[-105.47537,39.77819],[-105.48088,39.78062],[-105.48242,39.782],[-105.47995,39.78039],[-105.4745,39.77841],[-105.47061,39.77384],[-105.47056,39.7718],[-105.46807,39.76895],[-105.46607,39.77003],[-105.46262,39.76621],[-105.46277,39.76502],[-105.4562,39.76168],[-105.4533,39.76315],[-105.44886,39.76273],[-105.44674,39.76433],[-105.44202,39.76314],[-105.4388,39.76109],[-105.43386,39.762],[-105.43069,39.76334],[-105.42713,39.76355],[-105.42523,39.76281],[-105.42113,39.76071],[-105.41641,39.76021],[-105.41225,39.75833],[-105.41013,39.75551],[-105.40425,39.75424],[-105.39956,39.75142],[-105.39795,39.74604],[-105.39973,39.74785],[-105.4038,39.74685],[-105.40528,39.74501],[-105.40232,39.74381],[-105.40187,39.74265],[-105.40433,39.74232],[-105.40665,39.74337],[-105.40999,39.74082],[-105.41378,39.74189],[-105.41616,39.73785],[-105.4193,39.73657],[-105.4233,39.73876],[-105.42658,39.7384],[-105.42801,39.74122],[-105.43124,39.74172],[-105.43302,39.74434],[-105.43579,39.7463],[-105.43879,39.74558],[-105.44322,39.74276],[-105.44849,39.74416],[-105.44892,39.7401],[-105.461,39.73973],[-105.46054,39.73744],[-105.46098,39.71841],[-105.45186,39.71848],[-105.44783,39.71906],[-105.44795,39.70764],[-105.46108,39.70778],[-105.46119,39.6907],[-105.46153,39.66438],[-105.48019,39.66389],[-105.50051,39.66708],[-105.50029,39.6803],[-105.50546,39.68104],[-105.51233,39.68374],[-105.51549,39.68425],[-105.52003,39.68235],[-105.52518,39.68435],[-105.52737,39.6833],[-105.52846,39.67837],[-105.53005,39.677],[-105.53453,39.67507],[-105.54007,39.67453],[-105.54273,39.67359],[-105.54553,39.67444],[-105.5499,39.67404],[-105.55349,39.6749],[-105.5564,39.67667],[-105.56055,39.67557],[-105.56274,39.67573],[-105.56531,39.67287],[-105.56892,39.67226],[-105.57176,39.67023],[-105.57493,39.67075],[-105.5777,39.67028],[-105.58175,39.66838],[-105.58283,39.66533],[-105.58137,39.66247],[-105.58212,39.66101],[-105.58885,39.66073],[-105.59124,39.65895],[-105.5963,39.65676],[-105.59333,39.65396],[-105.59889,39.65465],[-105.60634,39.65206],[-105.60036,39.65181],[-105.59649,39.65009],[-105.58487,39.64853],[-105.58448,39.64778],[-105.58968,39.64431],[-105.59052,39.64578],[-105.59569,39.64589],[-105.60103,39.64452],[-105.60214,39.64077],[-105.60448,39.63765],[-105.60657,39.63617],[-105.60379,39.6321],[-105.60366,39.62607],[-105.5986,39.62219],[-105.59958,39.62101],[-105.60438,39.62181],[-105.60777,39.62155],[-105.60907,39.61959],[-105.60748,39.61756],[-105.6079,39.6143],[-105.61139,39.61428],[-105.61566,39.61204],[-105.62071,39.61136],[-105.62389,39.61026],[-105.62716,39.6056],[-105.62757,39.60234],[-105.63226,39.60174],[-105.63519,39.59954],[-105.63932,39.59857],[-105.64074,39.59701],[-105.63807,39.59584],[-105.63479,39.59277],[-105.62675,39.58203],[-105.63241,39.57941],[-105.63247,39.57797],[-105.63035,39.57375],[-105.63232,39.57069],[-105.62556,39.56941],[-105.62387,39.56704],[-105.6428,39.56658],[-105.7216,39.56527],[-105.72399,39.5671],[-105.72461,39.57316],[-105.72663,39.57552],[-105.72191,39.57767],[-105.72175,39.57972],[-105.71933,39.58219],[-105.71869,39.58519],[-105.71903,39.58845],[-105.71711,39.59147],[-105.71379,39.59281],[-105.71069,39.59572],[-105.7077,39.59478],[-105.70142,39.59501],[-105.69902,39.59672],[-105.69594,39.59706],[-105.69377,39.59935],[-105.68954,39.60037],[-105.6868,39.60346],[-105.68337,39.60951],[-105.6816,39.61524],[-105.68263,39.61601],[-105.69163,39.61889],[-105.6923,39.62028],[-105.69246,39.62499],[-105.6904,39.63103],[-105.68937,39.63869],[-105.6899,39.64426],[-105.69141,39.64948],[-105.6912,39.65404],[-105.69157,39.66392],[-105.69248,39.66787],[-105.69199,39.6732],[-105.68339,39.68013],[-105.68249,39.68695],[-105.67692,39.69403],[-105.6745,39.6998],[-105.67136,39.70419],[-105.67149,39.70954],[-105.67502,39.70949],[-105.67162,39.71127],[-105.67402,39.71561],[-105.66867,39.7223],[-105.66562,39.72249],[-105.66187,39.72693],[-105.6567,39.72779],[-105.65767,39.72991],[-105.66159,39.73281],[-105.65893,39.73846],[-105.65771,39.74712],[-105.65894,39.75047],[-105.66054,39.75216],[-105.65703,39.75225]]]}},{"type":"Feature","properties":{"zcta":"80135","d":6},"geometry":{"type":"Polygon","coordinates":[[[-105.39583,39.33605],[-105.39027,39.33252],[-105.39139,39.3311],[-105.38707,39.33095],[-105.37582,39.32936],[-105.37203,39.32742],[-105.37361,39.32502],[-105.3796,39.32148],[-105.37166,39.32121],[-105.36566,39.31887],[-105.36447,39.31679],[-105.36032,39.3134],[-105.35877,39.31103],[-105.35484,39.30999],[-105.35205,39.30811],[-105.34783,39.30732],[-105.34341,39.30435],[-105.33992,39.30354],[-105.33803,39.30225],[-105.33293,39.29601],[-105.33045,39.29445],[-105.32423,39.28908],[-105.32277,39.28575],[-105.32145,39.2849],[-105.31969,39.2806],[-105.32064,39.27765],[-105.31984,39.27614],[-105.32109,39.27414],[-105.3211,39.2715],[-105.31974,39.26732],[-105.31671,39.26369],[-105.31807,39.25977],[-105.32194,39.25871],[-105.31364,39.25809],[-105.31064,39.25476],[-105.31042,39.24826],[-105.30988,39.24606],[-105.30266,39.24387],[-105.30335,39.2421],[-105.30184,39.23942],[-105.30333,39.23668],[-105.30193,39.23353],[-105.30183,39.23112],[-105.29829,39.23099],[-105.29748,39.23308],[-105.29483,39.2353],[-105.29029,39.23684],[-105.28399,39.23996],[-105.28286,39.2398],[-105.2777,39.24184],[-105.2749,39.24202],[-105.27103,39.24344],[-105.26824,39.24326],[-105.26494,39.24085],[-105.26105,39.24186],[-105.25571,39.24157],[-105.25391,39.24365],[-105.25028,39.24405],[-105.24703,39.24264],[-105.24563,39.24419],[-105.24245,39.24484],[-105.24076,39.24735],[-105.24082,39.2519],[-105.23595,39.25348],[-105.23518,39.25569],[-105.2313,39.25412],[-105.2274,39.25418],[-105.22697,39.25635],[-105.2244,39.25589],[-105.22371,39.25813],[-105.22566,39.26044],[-105.22019,39.26106],[-105.21848,39.26438],[-105.2187,39.26704],[-105.22078,39.26806],[-105.21918,39.2705],[-105.21558,39.27223],[-105.21751,39.2746],[-105.21553,39.27679],[-105.21639,39.27762],[-105.2139,39.27869],[-105.21132,39.28097],[-105.21247,39.28448],[-105.20804,39.28961],[-105.20791,39.29153],[-105.20553,39.29168],[-105.20698,39.2932],[-105.20553,39.29399],[-105.20258,39.29332],[-105.20289,39.29475],[-105.20717,39.29623],[-105.20768,39.29819],[-105.20498,39.2998],[-105.20137,39.29927],[-105.20021,39.30203],[-105.196,39.30208],[-105.19782,39.30499],[-105.19668,39.30854],[-105.19816,39.31043],[-105.19349,39.31258],[-105.18859,39.31738],[-105.18912,39.31911],[-105.1878,39.32285],[-105.18549,39.32441],[-105.18588,39.32616],[-105.18818,39.32796],[-105.1823,39.3298],[-105.18227,39.33137],[-105.18784,39.33419],[-105.18396,39.33549],[-105.18214,39.33859],[-105.17873,39.34079],[-105.17917,39.34346],[-105.17716,39.34471],[-105.17653,39.34752],[-105.17719,39.34958],[-105.17516,39.35049],[-105.17185,39.35345],[-105.17236,39.35582],[-105.16913,39.35893],[-105.16786,39.35902],[-105.16642,39.36232],[-105.16689,39.36468],[-105.16892,39.36727],[-105.16911,39.3691],[-105.1671,39.3722],[-105.168,39.37415],[-105.17016,39.37452],[-105.17283,39.37814],[-105.16978,39.38034],[-105.17086,39.38226],[-105.17328,39.38232],[-105.17298,39.38575],[-105.16997,39.3891],[-105.16566,39.39118],[-105.16434,39.39114],[-105.16549,39.39401],[-105.16726,39.39431],[-105.16719,39.39975],[-105.16941,39.40159],[-105.16944,39.40333],[-105.17128,39.40685],[-105.17066,39.40802],[-105.16667,39.40851],[-105.15994,39.41432],[-105.15598,39.4138],[-105.15177,39.41568],[-105.14942,39.4176],[-105.14532,39.41881],[-105.13821,39.42307],[-105.13542,39.42678],[-105.13307,39.42744],[-105.12915,39.43116],[-105.12352,39.43456],[-105.12064,39.43369],[-105.11859,39.43049],[-105.11846,39.42642],[-105.11441,39.42586],[-105.11125,39.42646],[-105.10987,39.4248],[-105.10661,39.42435],[-105.10674,39.42227],[-105.10534,39.42183],[-105.1033,39.41662],[-105.10219,39.41572],[-105.09941,39.41037],[-105.0961,39.40847],[-105.0901,39.42009],[-105.07299,39.42011],[-105.07281,39.41166],[-105.0697,39.4095],[-105.06455,39.40877],[-105.06226,39.40971],[-105.05942,39.40957],[-105.05763,39.41268],[-105.06544,39.41989],[-105.0667,39.42262],[-105.06504,39.42376],[-105.06384,39.42646],[-105.06413,39.42857],[-105.05988,39.43314],[-105.05717,39.4338],[-105.05526,39.43723],[-105.05543,39.4395],[-105.05394,39.43965],[-105.05291,39.44375],[-105.05475,39.44679],[-105.05265,39.45363],[-105.05483,39.45758],[-105.05474,39.46051],[-105.05317,39.4614],[-105.05231,39.47102],[-105.04565,39.47093],[-105.04569,39.46721],[-105.03901,39.46709],[-105.03904,39.46179],[-105.03806,39.45568],[-105.03478,39.46099],[-105.03182,39.46302],[-105.03055,39.46545],[-105.02305,39.47301],[-105.02655,39.47508],[-105.02657,39.48178],[-105.02586,39.48283],[-105.02577,39.48785],[-105.02491,39.48976],[-105.0257,39.49168],[-105.02372,39.49506],[-105.02667,39.49614],[-105.01886,39.49618],[-105.01595,39.49102],[-105.00692,39.48756],[-105.01152,39.48084],[-105.01507,39.4771],[-105.01414,39.47493],[-105.01468,39.47219],[-105.01227,39.47283],[-105.0136,39.469],[-105.01403,39.46456],[-105.01241,39.46537],[-105.0092,39.46877],[-105.00474,39.4689],[-105.00507,39.47169],[-104.99805,39.47095],[-104.9886,39.47106],[-104.99393,39.48181],[-104.99324,39.48138],[-104.98448,39.48286],[-104.97981,39.48288],[-104.97979,39.48829],[-104.98446,39.48938],[-104.98459,39.49588],[-104.97922,39.49571],[-104.9618,39.49219],[-104.96316,39.49341],[-104.96095,39.49772],[-104.96238,39.5018],[-104.95658,39.50393],[-104.95459,39.50604],[-104.95178,39.50673],[-104.94991,39.50613],[-104.94657,39.50554],[-104.94284,39.50335],[-104.93828,39.50234],[-104.93455,39.49894],[-104.93235,39.49605],[-104.92682,39.49416],[-104.92697,39.49274],[-104.9277,39.48653],[-104.92434,39.48251],[-104.92459,39.48084],[-104.92171,39.4731],[-104.91458,39.47036],[-104.91388,39.46692],[-104.91379,39.45882],[-104.91453,39.45296],[-104.91604,39.45089],[-104.91454,39.44649],[-104.91488,39.43833],[-104.91478,39.42974],[-104.90493,39.42712],[-104.90537,39.4231],[-104.90754,39.42419],[-104.91164,39.42469],[-104.91371,39.42784],[-104.92105,39.42705],[-104.9239,39.42754],[-104.9239,39.41288],[-104.93317,39.41293],[-104.93322,39.4058],[-104.92909,39.40578],[-104.92851,39.37686],[-104.93551,39.37685],[-104.93537,39.37027],[-104.93415,39.36934],[-104.93437,39.36525],[-104.93558,39.36459],[-104.934,39.36108],[-104.93065,39.36182],[-104.9282,39.35991],[-104.92438,39.35891],[-104.92061,39.36021],[-104.92001,39.35934],[-104.91687,39.36014],[-104.91535,39.36207],[-104.91406,39.36159],[-104.91408,39.35538],[-104.92336,39.35558],[-104.92391,39.33302],[-104.93057,39.3331],[-104.92937,39.33139],[-104.93102,39.33046],[-104.93539,39.3305],[-104.93716,39.32778],[-104.94224,39.32853],[-104.94233,39.32124],[-104.94128,39.31985],[-104.93728,39.31901],[-104.93617,39.3198],[-104.93409,39.31781],[-104.93345,39.31507],[-104.93071,39.31219],[-104.92959,39.30995],[-104.92564,39.31053],[-104.92367,39.30883],[-104.92365,39.30046],[-104.91891,39.30102],[-104.9189,39.29706],[-104.91781,39.29694],[-104.91878,39.29606],[-104.91891,39.29285],[-104.92086,39.29093],[-104.93246,39.28264],[-104.94348,39.28243],[-104.94703,39.281],[-104.95597,39.27896],[-104.95604,39.27217],[-104.9623,39.27314],[-104.96301,39.27513],[-104.98868,39.27494],[-104.98876,39.28248],[-104.99758,39.28224],[-104.9979,39.29687],[-105.00132,39.29689],[-105.00417,39.29484],[-105.0065,39.29537],[-105.01113,39.29227],[-105.01302,39.28985],[-105.0161,39.28776],[-105.01757,39.28772],[-105.02104,39.28514],[-105.02412,39.28531],[-105.02517,39.28371],[-105.02706,39.25654],[-105.01937,39.25736],[-105.01884,39.25141],[-105.00347,39.25142],[-105.00347,39.24638],[-105.00661,39.24641],[-105.00683,39.239],[-104.98827,39.23845],[-104.98829,39.21869],[-104.99148,39.21705],[-104.9951,39.21745],[-104.99677,39.21648],[-105.00054,39.21608],[-105.00054,39.21302],[-105.00276,39.21107],[-105.00298,39.20903],[-105.01182,39.20524],[-105.01371,39.20355],[-105.01334,39.20011],[-105.01154,39.19603],[-105.01236,39.1936],[-105.00809,39.18838],[-105.00801,39.18558],[-105.00936,39.18375],[-105.00914,39.17881],[-105.01374,39.17759],[-105.01939,39.17418],[-105.0266,39.17232],[-105.02397,39.17144],[-105.02305,39.16897],[-105.02381,39.16746],[-105.02074,39.16518],[-105.02235,39.16382],[-105.02104,39.15908],[-105.02221,39.1575],[-105.02629,39.15551],[-105.02403,39.14969],[-105.02512,39.1459],[-105.02648,39.14448],[-105.0274,39.13755],[-105.02675,39.13548],[-105.02955,39.12983],[-105.03357,39.12971],[-105.16265,39.12958],[-105.25728,39.12955],[-105.32944,39.12949],[-105.33038,39.12969],[-105.39787,39.12956],[-105.39776,39.15862],[-105.39788,39.20328],[-105.3979,39.24999],[-105.39671,39.26488],[-105.39811,39.31578],[-105.39865,39.32619],[-105.39825,39.32719],[-105.39865,39.33693],[-105.39583,39.33605]]]}},{"type":"Feature","properties":{"zcta":"80290","d":0},"geometry":{"type":"Polygon","coordinates":[[[-104.98611,39.74328],[-104.98742,39.74488],[-104.98612,39.74489],[-104.98611,39.74328]]]}},{"type":"Feature","properties":{"zcta":"80237","d":3729},"geometry":{"type":"Polygon","coordinates":[[[-104.92899,39.65094],[-104.92767,39.65305],[-104.91826,39.65308],[-104.91728,39.65117],[-104.91306,39.65114],[-104.91285,39.65237],[-104.90909,39.65238],[-104.90703,39.64971],[-104.90437,39.65137],[-104.90347,39.65311],[-104.90364,39.65095],[-104.89959,39.6509],[-104.9008,39.65311],[-104.89187,39.65309],[-104.89121,39.65106],[-104.88163,39.65132],[-104.88009,39.65077],[-104.88034,39.64199],[-104.88033,39.64131],[-104.88512,39.63895],[-104.88526,39.62413],[-104.91341,39.62408],[-104.91323,39.63867],[-104.92246,39.64585],[-104.93187,39.64583],[-104.9317,39.65304],[-104.92899,39.65094]]]}},{"type":"Feature","properties":{"zcta":"80401","d":394},"geometry":{"type":"Polygon","coordinates":[[[-105.31863,39.73748],[-105.31613,39.73669],[-105.31142,39.73815],[-105.31076,39.74133],[-105.30853,39.74344],[-105.30948,39.74572],[-105.30727,39.74729],[-105.30306,39.74661],[-105.30036,39.74392],[-105.2969,39.74331],[-105.29392,39.74194],[-105.28949,39.74335],[-105.28658,39.74144],[-105.28336,39.74136],[-105.28004,39.74033],[-105.27477,39.7419],[-105.27289,39.74329],[-105.26995,39.74267],[-105.27,39.73969],[-105.26659,39.73853],[-105.26005,39.73838],[-105.25565,39.74225],[-105.25282,39.74227],[-105.2511,39.74463],[-105.24843,39.74488],[-105.24852,39.74666],[-105.25064,39.74753],[-105.25007,39.75007],[-105.24499,39.75218],[-105.23702,39.75143],[-105.23549,39.75276],[-105.23531,39.75486],[-105.22424,39.76111],[-105.21983,39.76172],[-105.21223,39.76529],[-105.21229,39.7625],[-105.20623,39.76495],[-105.20238,39.76754],[-105.19567,39.76862],[-105.19379,39.76824],[-105.19337,39.76597],[-105.1883,39.76699],[-105.18399,39.76675],[-105.18095,39.76461],[-105.17479,39.76249],[-105.17476,39.77146],[-105.15525,39.77249],[-105.14877,39.77266],[-105.14337,39.7735],[-105.14321,39.76187],[-105.14249,39.76187],[-105.14233,39.74168],[-105.14509,39.73964],[-105.14151,39.73973],[-105.1415,39.73742],[-105.13767,39.73875],[-105.13289,39.73815],[-105.13289,39.74014],[-105.12826,39.74008],[-105.12839,39.73481],[-105.12369,39.73305],[-105.1237,39.72937],[-105.12526,39.72546],[-105.13057,39.72528],[-105.15121,39.72527],[-105.15404,39.72493],[-105.15437,39.71107],[-105.16551,39.71121],[-105.1655,39.71296],[-105.17482,39.71294],[-105.17503,39.71097],[-105.18376,39.71137],[-105.19324,39.71112],[-105.19422,39.71191],[-105.20163,39.70226],[-105.19908,39.70019],[-105.19242,39.67577],[-105.19717,39.68003],[-105.19448,39.67615],[-105.19386,39.6715],[-105.19661,39.66982],[-105.20068,39.66573],[-105.19911,39.66365],[-105.20298,39.66462],[-105.20488,39.66358],[-105.20551,39.66041],[-105.20275,39.65711],[-105.20369,39.65583],[-105.20178,39.65336],[-105.2061,39.65357],[-105.2078,39.65243],[-105.20962,39.65378],[-105.21298,39.65318],[-105.21745,39.65382],[-105.21931,39.65705],[-105.22474,39.65757],[-105.22815,39.65859],[-105.2278,39.66037],[-105.23049,39.66026],[-105.23283,39.65901],[-105.23316,39.66085],[-105.23527,39.66176],[-105.23587,39.66283],[-105.24002,39.66179],[-105.24182,39.66498],[-105.23914,39.66567],[-105.24022,39.66713],[-105.23734,39.66894],[-105.23965,39.6691],[-105.2412,39.6747],[-105.24331,39.67691],[-105.24475,39.67593],[-105.24431,39.67342],[-105.24743,39.66787],[-105.2465,39.66581],[-105.24978,39.66303],[-105.25168,39.66317],[-105.25183,39.66591],[-105.25634,39.66845],[-105.26361,39.66859],[-105.26772,39.6658],[-105.27091,39.66679],[-105.27171,39.66549],[-105.27639,39.66724],[-105.28259,39.66755],[-105.28637,39.67048],[-105.28639,39.67254],[-105.28786,39.67434],[-105.29018,39.67347],[-105.29234,39.67497],[-105.29201,39.67719],[-105.29379,39.67747],[-105.29916,39.68151],[-105.30879,39.68237],[-105.3127,39.68236],[-105.31264,39.68785],[-105.31308,39.69513],[-105.31557,39.69507],[-105.31593,39.69332],[-105.31836,39.69362],[-105.31812,39.695],[-105.3223,39.69498],[-105.32234,39.70213],[-105.32893,39.70191],[-105.33015,39.70591],[-105.33223,39.70777],[-105.33172,39.70931],[-105.33179,39.72404],[-105.33303,39.72581],[-105.33037,39.72953],[-105.32707,39.73017],[-105.32371,39.73648],[-105.31863,39.73748]],[[-105.20492,39.72876],[-105.20068,39.72536],[-105.19853,39.72514],[-105.19844,39.7298],[-105.20302,39.72973],[-105.20665,39.73137],[-105.20929,39.72998],[-105.20492,39.72876]]]}},{"type":"Feature","properties":{"zcta":"80419","d":0},"geometry":{"type":"Polygon","coordinates":[[[-105.20665,39.73137],[-105.20302,39.72973],[-105.19844,39.7298],[-105.19853,39.72514],[-105.20068,39.72536],[-105.20492,39.72876],[-105.20929,39.72998],[-105.20665,39.73137]]]}},{"type":"Feature","properties":{"zcta":"80432","d":0},"geometry":{"type":"Polygon","coordinates":[[[-106.01762,39.3655],[-106.01747,39.37338],[-106.01679,39.37499],[-106.01838,39.3814],[-106.01385,39.3869],[-106.0084,39.38736],[-106.005,39.38929],[-106.00334,39.39177],[-105.99953,39.39383],[-105.99593,39.395],[-105.99322,39.39987],[-105.99302,39.40156],[-105.99053,39.4022],[-105.98693,39.40151],[-105.98362,39.40244],[-105.98192,39.40597],[-105.97797,39.40727],[-105.97687,39.40857],[-105.96863,39.41069],[-105.96757,39.40933],[-105.96297,39.40692],[-105.96192,39.40326],[-105.958,39.395],[-105.95906,39.39156],[-105.95428,39.39188],[-105.95023,39.38807],[-105.94238,39.38388],[-105.94535,39.38168],[-105.94827,39.37686],[-105.94933,39.37256],[-105.9493,39.36956],[-105.9421,39.36401],[-105.93622,39.35712],[-105.93681,39.35095],[-105.93782,39.34956],[-105.93583,39.34566],[-105.9296,39.34459],[-105.9237,39.34134],[-105.9208,39.34047],[-105.91586,39.34049],[-105.91039,39.33934],[-105.90787,39.34027],[-105.89396,39.33644],[-105.89315,39.33413],[-105.88534,39.33313],[-105.88229,39.33451],[-105.87979,39.33392],[-105.87158,39.33426],[-105.8695,39.33505],[-105.86585,39.33465],[-105.86292,39.33626],[-105.85222,39.34065],[-105.8448,39.33722],[-105.83095,39.33708],[-105.82092,39.33452],[-105.81487,39.33419],[-105.80266,39.32883],[-105.79418,39.31751],[-105.79251,39.31586],[-105.78544,39.31178],[-105.7801,39.30971],[-105.77799,39.30943],[-105.77022,39.30989],[-105.76367,39.30912],[-105.75758,39.307],[-105.74736,39.30548],[-105.74544,39.30459],[-105.74312,39.29857],[-105.73851,39.29675],[-105.73407,39.29882],[-105.73459,39.29754],[-105.73022,39.29545],[-105.72813,39.29608],[-105.73042,39.294],[-105.73066,39.28924],[-105.73526,39.28698],[-105.7359,39.28499],[-105.73773,39.28426],[-105.7404,39.28585],[-105.74283,39.28402],[-105.74768,39.28488],[-105.7529,39.28672],[-105.75448,39.28799],[-105.75659,39.28726],[-105.75678,39.28335],[-105.75754,39.28284],[-105.76117,39.28451],[-105.76626,39.2842],[-105.76835,39.28517],[-105.77193,39.28333],[-105.77587,39.28345],[-105.78136,39.28144],[-105.78367,39.28291],[-105.78655,39.28192],[-105.79141,39.27877],[-105.78988,39.27608],[-105.78599,39.27416],[-105.78429,39.27239],[-105.77565,39.26888],[-105.76692,39.26424],[-105.76437,39.26385],[-105.76198,39.26214],[-105.75953,39.25652],[-105.75929,39.25274],[-105.76076,39.25031],[-105.76698,39.24551],[-105.767,39.24112],[-105.76307,39.24064],[-105.75956,39.23911],[-105.76006,39.23775],[-105.75712,39.2359],[-105.75711,39.23476],[-105.75405,39.23131],[-105.75736,39.22943],[-105.75195,39.22635],[-105.75534,39.22699],[-105.7575,39.2254],[-105.75172,39.21849],[-105.74726,39.21835],[-105.74287,39.21701],[-105.7424,39.21951],[-105.73818,39.21794],[-105.73653,39.21936],[-105.73865,39.21408],[-105.7406,39.20714],[-105.73856,39.20536],[-105.73734,39.20151],[-105.73195,39.20205],[-105.72899,39.20158],[-105.72516,39.19955],[-105.71713,39.19783],[-105.71895,39.20238],[-105.71517,39.20263],[-105.71394,39.20015],[-105.71181,39.19884],[-105.70474,39.19627],[-105.69114,39.19504],[-105.68769,39.19756],[-105.68777,39.20122],[-105.68565,39.20506],[-105.68256,39.20535],[-105.67969,39.20444],[-105.67264,39.20565],[-105.66538,39.2114],[-105.66304,39.2146],[-105.65804,39.21793],[-105.65589,39.22069],[-105.65003,39.21983],[-105.64431,39.21413],[-105.64754,39.21019],[-105.64645,39.2043],[-105.64337,39.19712],[-105.6426,39.18902],[-105.64161,39.18265],[-105.64001,39.17953],[-105.63747,39.17155],[-105.63351,39.16326],[-105.63076,39.16013],[-105.62961,39.15725],[-105.62389,39.14952],[-105.62444,39.14836],[-105.62916,39.14578],[-105.63295,39.14291],[-105.63716,39.14419],[-105.64429,39.14391],[-105.6443,39.13947],[-105.64716,39.13866],[-105.64818,39.14069],[-105.65212,39.14089],[-105.66512,39.14039],[-105.66527,39.1355],[-105.66122,39.12919],[-105.65932,39.13166],[-105.65571,39.13035],[-105.65361,39.12874],[-105.65276,39.12656],[-105.65694,39.1248],[-105.66518,39.12543],[-105.66586,39.12293],[-105.66812,39.12312],[-105.67116,39.12524],[-105.67497,39.124],[-105.67643,39.12243],[-105.67671,39.11777],[-105.67756,39.11605],[-105.68,39.11585],[-105.67921,39.119],[-105.68245,39.11995],[-105.68365,39.12214],[-105.68264,39.12591],[-105.68756,39.12779],[-105.68929,39.12638],[-105.68899,39.1227],[-105.69482,39.12245],[-105.69983,39.12548],[-105.70235,39.12873],[-105.69904,39.12917],[-105.7015,39.13298],[-105.70573,39.13509],[-105.70972,39.13417],[-105.71113,39.13532],[-105.71405,39.12999],[-105.71629,39.12831],[-105.71614,39.1267],[-105.71906,39.12672],[-105.71751,39.12468],[-105.72707,39.12345],[-105.72734,39.12658],[-105.72891,39.12736],[-105.73044,39.12445],[-105.73342,39.12533],[-105.73385,39.12295],[-105.73183,39.11928],[-105.73174,39.11652],[-105.71637,39.11644],[-105.71332,39.112],[-105.71193,39.10671],[-105.71287,39.10252],[-105.71569,39.099],[-105.71884,39.09286],[-105.71866,39.0899],[-105.72642,39.09043],[-105.72945,39.09307],[-105.7348,39.09567],[-105.73641,39.09264],[-105.74235,39.09385],[-105.74367,39.09309],[-105.75069,39.09877],[-105.75505,39.10337],[-105.75778,39.10825],[-105.76121,39.11253],[-105.76284,39.11286],[-105.76715,39.11157],[-105.7698,39.10633],[-105.77144,39.10491],[-105.77225,39.10756],[-105.77816,39.11429],[-105.7851,39.12695],[-105.78627,39.12866],[-105.78807,39.12385],[-105.79136,39.1232],[-105.79229,39.12177],[-105.79703,39.11934],[-105.7986,39.11523],[-105.80095,39.11494],[-105.80412,39.112],[-105.80871,39.11017],[-105.81431,39.10269],[-105.8147,39.09712],[-105.81421,39.09445],[-105.81684,39.09129],[-105.8183,39.08833],[-105.82135,39.09107],[-105.8192,39.08596],[-105.8205,39.07803],[-105.8218,39.07681],[-105.82282,39.07324],[-105.82507,39.07153],[-105.8257,39.06717],[-105.82263,39.06294],[-105.82876,39.06605],[-105.82991,39.06797],[-105.83441,39.0672],[-105.83724,39.06955],[-105.83919,39.06886],[-105.8407,39.0711],[-105.84563,39.07107],[-105.8469,39.07278],[-105.84996,39.07394],[-105.85291,39.07368],[-105.85421,39.07608],[-105.85728,39.07767],[-105.8583,39.08014],[-105.8605,39.0823],[-105.86282,39.08226],[-105.86579,39.08624],[-105.86505,39.08814],[-105.86753,39.08978],[-105.86547,39.09265],[-105.86796,39.09767],[-105.87127,39.1019],[-105.87443,39.10849],[-105.88037,39.11691],[-105.88655,39.12103],[-105.89515,39.12312],[-105.89841,39.12687],[-105.89867,39.13146],[-105.89628,39.13411],[-105.8965,39.13544],[-105.89978,39.13849],[-105.90049,39.14453],[-105.90195,39.14648],[-105.90292,39.1503],[-105.9075,39.15236],[-105.90849,39.1554],[-105.91146,39.15922],[-105.91478,39.16528],[-105.91854,39.1669],[-105.91983,39.17096],[-105.92177,39.17174],[-105.92262,39.17579],[-105.92475,39.17721],[-105.92735,39.1822],[-105.9308,39.18506],[-105.9329,39.18838],[-105.93396,39.19348],[-105.93327,39.19848],[-105.93405,39.20094],[-105.93265,39.20467],[-105.93117,39.20572],[-105.93212,39.20734],[-105.9312,39.21028],[-105.9329,39.21554],[-105.93355,39.2198],[-105.93261,39.22097],[-105.93295,39.22363],[-105.93562,39.22693],[-105.93578,39.22893],[-105.93434,39.23057],[-105.93485,39.23263],[-105.93224,39.24029],[-105.93311,39.24381],[-105.93277,39.24727],[-105.93453,39.25037],[-105.93449,39.25322],[-105.93576,39.25407],[-105.93659,39.25871],[-105.93835,39.26208],[-105.93758,39.26496],[-105.93562,39.26631],[-105.93611,39.26937],[-105.93312,39.27134],[-105.93036,39.27416],[-105.92673,39.2756],[-105.92395,39.27893],[-105.9259,39.28699],[-105.9294,39.29395],[-105.93425,39.29702],[-105.93543,39.29983],[-105.93902,39.30181],[-105.94797,39.30239],[-105.9511,39.30454],[-105.95715,39.30726],[-105.96169,39.30827],[-105.96996,39.31362],[-105.97135,39.31731],[-105.97043,39.32155],[-105.96895,39.32333],[-105.96852,39.32759],[-105.97492,39.33426],[-105.97966,39.33717],[-105.98408,39.33874],[-105.99546,39.34163],[-106.0033,39.34101],[-106.0062,39.33918],[-106.00963,39.33988],[-106.01336,39.34538],[-106.01478,39.34832],[-106.02032,39.35296],[-106.02109,39.35733],[-106.02113,39.36238],[-106.01762,39.3655]]]}},{"type":"Feature","properties":{"zcta":"80440","d":5},"geometry":{"type":"Polygon","coordinates":[[[-106.18416,39.28044],[-106.1801,39.28637],[-106.17848,39.28738],[-106.17229,39.28813],[-106.17058,39.2861],[-106.17258,39.28168],[-106.16943,39.27621],[-106.16098,39.27615],[-106.15814,39.27379],[-106.15349,39.2724],[-106.14885,39.27197],[-106.14326,39.27458],[-106.13549,39.27714],[-106.13109,39.27738],[-106.12571,39.27639],[-106.12355,39.27532],[-106.11617,39.27372],[-106.11321,39.27458],[-106.10959,39.2695],[-106.10456,39.26825],[-106.10264,39.27054],[-106.09856,39.27067],[-106.09716,39.26987],[-106.09463,39.2744],[-106.09206,39.27535],[-106.08762,39.27525],[-106.09035,39.27374],[-106.09011,39.27169],[-106.08825,39.27243],[-106.08282,39.27271],[-106.08308,39.27071],[-106.07868,39.2681],[-106.08403,39.26877],[-106.08159,39.26574],[-106.07905,39.26521],[-106.07728,39.26211],[-106.07436,39.25916],[-106.07047,39.259],[-106.07034,39.26164],[-106.06838,39.26101],[-106.06404,39.25714],[-106.06207,39.25649],[-106.06291,39.25529],[-106.06175,39.25263],[-106.05658,39.24988],[-106.05039,39.24972],[-106.04608,39.25035],[-106.04286,39.24833],[-106.03832,39.24842],[-106.03744,39.24533],[-106.03595,39.24346],[-106.03009,39.23869],[-106.02397,39.2353],[-106.02559,39.23779],[-106.02796,39.24421],[-106.02708,39.25088],[-106.02611,39.25385],[-106.03108,39.2618],[-106.0319,39.26448],[-106.03125,39.26699],[-106.03263,39.26719],[-106.03917,39.27358],[-106.04581,39.27876],[-106.04588,39.27463],[-106.05046,39.27417],[-106.05889,39.28006],[-106.05965,39.28222],[-106.05873,39.28352],[-106.06177,39.28658],[-106.06293,39.29166],[-106.06461,39.29255],[-106.06558,39.29479],[-106.06183,39.30735],[-106.0605,39.31052],[-106.05475,39.32027],[-106.05329,39.32366],[-106.05191,39.32966],[-106.05169,39.33562],[-106.05353,39.33888],[-106.05216,39.34398],[-106.05439,39.34721],[-106.05486,39.35043],[-106.05702,39.35362],[-106.05952,39.35594],[-106.06262,39.36182],[-106.05833,39.36005],[-106.0561,39.35843],[-106.04393,39.35738],[-106.03747,39.35847],[-106.03472,39.35838],[-106.02965,39.35986],[-106.02672,39.36133],[-106.02113,39.36238],[-106.02109,39.35733],[-106.02032,39.35296],[-106.01478,39.34832],[-106.01336,39.34538],[-106.00963,39.33988],[-106.0062,39.33918],[-106.0033,39.34101],[-105.99546,39.34163],[-105.98408,39.33874],[-105.97966,39.33717],[-105.97492,39.33426],[-105.96852,39.32759],[-105.96895,39.32333],[-105.97043,39.32155],[-105.97135,39.31731],[-105.96996,39.31362],[-105.96169,39.30827],[-105.95715,39.30726],[-105.9511,39.30454],[-105.94797,39.30239],[-105.93902,39.30181],[-105.93543,39.29983],[-105.93425,39.29702],[-105.9294,39.29395],[-105.9259,39.28699],[-105.92395,39.27893],[-105.92673,39.2756],[-105.93036,39.27416],[-105.93312,39.27134],[-105.93611,39.26937],[-105.93562,39.26631],[-105.93758,39.26496],[-105.93835,39.26208],[-105.93659,39.25871],[-105.93576,39.25407],[-105.93449,39.25322],[-105.93453,39.25037],[-105.93277,39.24727],[-105.93311,39.24381],[-105.93224,39.24029],[-105.93485,39.23263],[-105.93434,39.23057],[-105.93578,39.22893],[-105.93562,39.22693],[-105.93295,39.22363],[-105.93261,39.22097],[-105.93355,39.2198],[-105.9329,39.21554],[-105.9312,39.21028],[-105.93212,39.20734],[-105.93117,39.20572],[-105.93265,39.20467],[-105.93405,39.20094],[-105.93327,39.19848],[-105.93396,39.19348],[-105.9329,39.18838],[-105.9308,39.18506],[-105.92735,39.1822],[-105.92475,39.17721],[-105.92262,39.17579],[-105.92177,39.17174],[-105.91983,39.17096],[-105.91854,39.1669],[-105.91478,39.16528],[-105.91146,39.15922],[-105.90849,39.1554],[-105.9075,39.15236],[-105.90292,39.1503],[-105.90195,39.14648],[-105.90049,39.14453],[-105.89978,39.13849],[-105.8965,39.13544],[-105.89628,39.13411],[-105.89867,39.13146],[-105.89841,39.12687],[-105.89515,39.12312],[-105.88655,39.12103],[-105.88037,39.11691],[-105.87443,39.10849],[-105.87127,39.1019],[-105.86796,39.09767],[-105.86547,39.09265],[-105.86753,39.08978],[-105.86505,39.08814],[-105.86579,39.08624],[-105.86282,39.08226],[-105.8605,39.0823],[-105.8583,39.08014],[-105.85728,39.07767],[-105.85421,39.07608],[-105.85291,39.07368],[-105.84996,39.07394],[-105.8469,39.07278],[-105.84563,39.07107],[-105.8407,39.0711],[-105.83919,39.06886],[-105.83724,39.06955],[-105.83441,39.0672],[-105.82991,39.06797],[-105.82876,39.06605],[-105.82263,39.06294],[-105.81789,39.06051],[-105.81652,39.05837],[-105.8144,39.05839],[-105.81444,39.05598],[-105.80918,39.05387],[-105.8077,39.0542],[-105.80008,39.04739],[-105.79655,39.04646],[-105.79676,39.04429],[-105.79342,39.04009],[-105.79184,39.03611],[-105.78872,39.03681],[-105.78645,39.03398],[-105.78521,39.03401],[-105.78226,39.03123],[-105.7802,39.03164],[-105.77989,39.02984],[-105.77391,39.02862],[-105.79197,39.02207],[-105.79193,39.02436],[-105.7988,39.02398],[-105.80331,39.02474],[-105.79753,39.02292],[-105.79756,39.02119],[-105.8028,39.02133],[-105.81394,39.02339],[-105.81509,39.02591],[-105.82704,39.03796],[-105.82923,39.03987],[-105.84944,39.05427],[-105.85264,39.05864],[-105.85542,39.05876],[-105.85967,39.06151],[-105.86272,39.06584],[-105.86498,39.06682],[-105.87163,39.06682],[-105.87423,39.06947],[-105.87836,39.07188],[-105.88021,39.07409],[-105.88281,39.07436],[-105.88484,39.07665],[-105.88757,39.07449],[-105.88757,39.07162],[-105.88646,39.06946],[-105.88888,39.06879],[-105.89511,39.06883],[-105.89581,39.06716],[-105.8911,39.06505],[-105.88039,39.06501],[-105.88039,39.05252],[-105.89651,39.05254],[-105.89648,39.0476],[-105.89763,39.04658],[-105.90385,39.04711],[-105.90467,39.0444],[-105.91174,39.04343],[-105.91349,39.04228],[-105.91608,39.04249],[-105.91879,39.04648],[-105.92003,39.04707],[-105.92008,39.05213],[-105.91787,39.0543],[-105.92158,39.05702],[-105.92134,39.06613],[-105.91743,39.07075],[-105.91876,39.07229],[-105.92338,39.07279],[-105.92873,39.07242],[-105.93023,39.07287],[-105.93145,39.0709],[-105.94798,39.07089],[-105.94799,39.0645],[-105.96455,39.06459],[-105.965,39.06986],[-105.9658,39.07011],[-105.9658,39.08246],[-105.96859,39.08252],[-105.96913,39.08485],[-105.97566,39.08549],[-105.97887,39.08522],[-105.97511,39.08074],[-105.97379,39.0752],[-105.97642,39.05307],[-105.97609,39.04987],[-105.97465,39.04626],[-105.9741,39.04195],[-105.97509,39.02622],[-105.97458,39.02151],[-105.97325,39.01709],[-105.96819,39.00546],[-105.9599,38.99666],[-105.95953,38.99482],[-105.95842,38.9745],[-105.95859,38.9721],[-105.96223,38.95298],[-105.96559,38.95547],[-105.97184,38.95758],[-105.97617,38.95726],[-105.98201,38.95938],[-105.98878,38.95862],[-105.99479,38.95881],[-106.00057,38.96047],[-106.00664,38.95803],[-106.0099,38.95792],[-106.01433,38.95661],[-106.01717,38.95655],[-106.02396,38.95508],[-106.03141,38.9527],[-106.03565,38.95036],[-106.03737,38.94817],[-106.03795,38.94561],[-106.04088,38.94497],[-106.04692,38.94529],[-106.04419,38.94184],[-106.04549,38.94161],[-106.0517,38.94345],[-106.05825,38.94181],[-106.05845,38.93915],[-106.06015,38.93715],[-106.06353,38.93568],[-106.06591,38.9319],[-106.06782,38.93287],[-106.07048,38.93211],[-106.07148,38.93378],[-106.07396,38.93476],[-106.07863,38.93526],[-106.08359,38.93794],[-106.08532,38.93946],[-106.09065,38.93654],[-106.09355,38.93796],[-106.09486,38.93677],[-106.09646,38.93824],[-106.10097,38.9387],[-106.10576,38.94036],[-106.11099,38.9401],[-106.11266,38.94137],[-106.11311,38.94502],[-106.11204,38.95091],[-106.11344,38.95279],[-106.11376,38.95533],[-106.11106,38.95767],[-106.11219,38.96019],[-106.10828,38.96346],[-106.10497,38.97003],[-106.10438,38.97414],[-106.10649,38.97649],[-106.10761,38.97975],[-106.10948,38.98163],[-106.10895,38.98738],[-106.11187,38.98695],[-106.11677,38.98808],[-106.12247,38.99082],[-106.12752,38.99402],[-106.13257,38.99552],[-106.13778,38.99464],[-106.14266,38.99543],[-106.14541,38.9979],[-106.15408,38.99617],[-106.1578,38.99426],[-106.16051,38.99481],[-106.16342,38.99391],[-106.16853,38.99125],[-106.17007,38.99464],[-106.17696,39.00195],[-106.17701,39.00534],[-106.17885,39.01076],[-106.18495,39.01258],[-106.18608,39.01559],[-106.18825,39.01538],[-106.19142,39.01655],[-106.1931,39.01968],[-106.18947,39.02128],[-106.19208,39.02929],[-106.18872,39.03324],[-106.18691,39.0332],[-106.18497,39.03624],[-106.1825,39.03855],[-106.18278,39.04012],[-106.18535,39.04402],[-106.1857,39.04676],[-106.18481,39.05084],[-106.19009,39.05452],[-106.19173,39.05922],[-106.19048,39.06398],[-106.19158,39.06798],[-106.18652,39.07164],[-106.18611,39.07499],[-106.18359,39.07648],[-106.18033,39.07725],[-106.17569,39.08294],[-106.17279,39.08397],[-106.16941,39.0868],[-106.16987,39.09073],[-106.172,39.09604],[-106.17539,39.09881],[-106.17856,39.10329],[-106.18786,39.10374],[-106.19042,39.10275],[-106.19577,39.10447],[-106.19989,39.10437],[-106.2034,39.10273],[-106.21017,39.10392],[-106.2063,39.11044],[-106.20389,39.11129],[-106.20348,39.11409],[-106.19949,39.11551],[-106.19147,39.12087],[-106.18826,39.12143],[-106.18763,39.1246],[-106.18584,39.12684],[-106.1858,39.12925],[-106.1823,39.13029],[-106.17842,39.13477],[-106.17385,39.13708],[-106.17295,39.13877],[-106.17482,39.14142],[-106.17346,39.1448],[-106.17481,39.14802],[-106.1743,39.14936],[-106.17554,39.15292],[-106.17535,39.1563],[-106.17685,39.16032],[-106.17945,39.16504],[-106.17813,39.16888],[-106.17841,39.17458],[-106.18282,39.1804],[-106.18553,39.18659],[-106.18222,39.18967],[-106.17932,39.19349],[-106.17951,39.2],[-106.18132,39.20475],[-106.18349,39.20671],[-106.18474,39.20931],[-106.18205,39.20994],[-106.17841,39.21298],[-106.17718,39.21815],[-106.17822,39.21913],[-106.17016,39.22299],[-106.16992,39.2281],[-106.1683,39.23072],[-106.1695,39.23376],[-106.17293,39.2368],[-106.17993,39.23945],[-106.18279,39.23961],[-106.18512,39.24269],[-106.18107,39.24816],[-106.18175,39.25064],[-106.18095,39.25245],[-106.18159,39.25701],[-106.18048,39.2611],[-106.18145,39.26537],[-106.18414,39.26886],[-106.18566,39.27329],[-106.18676,39.27985],[-106.18629,39.28067],[-106.18416,39.28044]]]}},{"type":"Feature","properties":{"zcta":"80448","d":0},"geometry":{"type":"Polygon","coordinates":[[[-105.77172,39.56489],[-105.72354,39.56535],[-105.7216,39.56527],[-105.6428,39.56658],[-105.64341,39.56359],[-105.64319,39.55964],[-105.64315,39.54003],[-105.64266,39.53694],[-105.63916,39.53272],[-105.6331,39.52782],[-105.63018,39.52384],[-105.6295,39.52132],[-105.62905,39.51525],[-105.62768,39.50817],[-105.62555,39.5065],[-105.62483,39.50375],[-105.62564,39.5021],[-105.63179,39.49635],[-105.63168,39.49431],[-105.6275,39.49175],[-105.62465,39.4911],[-105.62659,39.4852],[-105.62764,39.48377],[-105.62711,39.47721],[-105.63156,39.4726],[-105.63263,39.46904],[-105.63153,39.46675],[-105.61881,39.46654],[-105.61878,39.46299],[-105.62348,39.46306],[-105.62366,39.45233],[-105.6284,39.45246],[-105.62693,39.45075],[-105.62099,39.45014],[-105.61957,39.44818],[-105.61582,39.44812],[-105.61317,39.44695],[-105.61294,39.44557],[-105.61923,39.44719],[-105.6227,39.44878],[-105.62367,39.44628],[-105.6275,39.4445],[-105.63066,39.43988],[-105.63573,39.43712],[-105.63851,39.43204],[-105.64313,39.43044],[-105.64691,39.42729],[-105.64845,39.42483],[-105.64963,39.41957],[-105.64986,39.3827],[-105.63706,39.38285],[-105.60569,39.38258],[-105.60575,39.35886],[-105.58999,39.3589],[-105.5776,39.37898],[-105.57524,39.38963],[-105.56914,39.39558],[-105.56786,39.39964],[-105.55925,39.40559],[-105.55641,39.40692],[-105.55331,39.4067],[-105.5533,39.41216],[-105.54857,39.41209],[-105.54855,39.4156],[-105.53973,39.41584],[-105.53477,39.41262],[-105.52719,39.41069],[-105.5257,39.4085],[-105.52229,39.40834],[-105.52135,39.40613],[-105.51759,39.40475],[-105.5167,39.40706],[-105.51501,39.40798],[-105.50934,39.40756],[-105.50316,39.40558],[-105.50409,39.40428],[-105.50049,39.40494],[-105.49399,39.40297],[-105.49141,39.40133],[-105.48778,39.40278],[-105.48532,39.40066],[-105.48584,39.39893],[-105.47926,39.39779],[-105.47811,39.39633],[-105.4734,39.39748],[-105.46567,39.395],[-105.45743,39.39071],[-105.45722,39.38963],[-105.45357,39.38483],[-105.44671,39.38309],[-105.44343,39.38313],[-105.44204,39.38461],[-105.43907,39.38549],[-105.43687,39.38411],[-105.43056,39.3828],[-105.42812,39.38127],[-105.42762,39.37723],[-105.42436,39.37265],[-105.42834,39.37144],[-105.42815,39.36947],[-105.43024,39.36698],[-105.42755,39.36109],[-105.42168,39.35676],[-105.41831,39.35495],[-105.41361,39.3506],[-105.41146,39.34953],[-105.40829,39.35127],[-105.40363,39.35051],[-105.39815,39.3507],[-105.39865,39.33693],[-105.39825,39.32719],[-105.39865,39.32619],[-105.39811,39.31578],[-105.39671,39.26488],[-105.3979,39.24999],[-105.39788,39.20328],[-105.40185,39.206],[-105.40245,39.20842],[-105.40685,39.21098],[-105.40695,39.21298],[-105.41,39.21368],[-105.41124,39.21717],[-105.408,39.2183],[-105.40977,39.2201],[-105.4108,39.22308],[-105.41443,39.22255],[-105.4152,39.22364],[-105.41419,39.22708],[-105.41709,39.22727],[-105.42091,39.23017],[-105.4202,39.23237],[-105.42511,39.23497],[-105.42961,39.23414],[-105.43215,39.23812],[-105.43806,39.24113],[-105.43827,39.24354],[-105.44073,39.24468],[-105.44919,39.24519],[-105.45165,39.24651],[-105.45365,39.24922],[-105.45385,39.25499],[-105.45552,39.25809],[-105.45721,39.25888],[-105.45919,39.26346],[-105.45913,39.26493],[-105.46254,39.26462],[-105.46484,39.26818],[-105.46491,39.27056],[-105.47089,39.27108],[-105.47851,39.27006],[-105.48971,39.27049],[-105.49294,39.27165],[-105.49581,39.27571],[-105.49908,39.27836],[-105.50002,39.28218],[-105.50371,39.28293],[-105.50718,39.28471],[-105.51554,39.28223],[-105.51807,39.2839],[-105.51944,39.2862],[-105.5224,39.28745],[-105.52516,39.28726],[-105.52699,39.28824],[-105.53649,39.29101],[-105.5392,39.29538],[-105.54276,39.29786],[-105.54524,39.29867],[-105.54981,39.30207],[-105.55127,39.30544],[-105.55608,39.31102],[-105.56008,39.31354],[-105.56556,39.31425],[-105.57143,39.31603],[-105.57865,39.3191],[-105.58195,39.32166],[-105.59476,39.32606],[-105.59698,39.32843],[-105.59696,39.33044],[-105.59893,39.33195],[-105.60681,39.33968],[-105.60631,39.3375],[-105.60892,39.33975],[-105.61218,39.34414],[-105.61917,39.3473],[-105.62227,39.34626],[-105.62995,39.34624],[-105.63995,39.34911],[-105.64266,39.34939],[-105.65307,39.35298],[-105.66093,39.35519],[-105.66931,39.35671],[-105.67788,39.35553],[-105.681,39.35209],[-105.68316,39.35121],[-105.68364,39.34954],[-105.68644,39.34796],[-105.68844,39.34839],[-105.69196,39.35127],[-105.69734,39.35327],[-105.70087,39.35537],[-105.71088,39.35661],[-105.71473,39.3584],[-105.71776,39.36259],[-105.72258,39.36583],[-105.72364,39.36978],[-105.72765,39.3716],[-105.72904,39.37418],[-105.73583,39.37836],[-105.73741,39.38169],[-105.74228,39.38446],[-105.7472,39.38504],[-105.74799,39.38694],[-105.75168,39.39071],[-105.75468,39.391],[-105.78692,39.39154],[-105.77958,39.40377],[-105.77738,39.40568],[-105.77306,39.40638],[-105.76739,39.40461],[-105.76216,39.40214],[-105.75779,39.40196],[-105.75478,39.40381],[-105.75644,39.40989],[-105.75777,39.412],[-105.76248,39.41712],[-105.76488,39.42039],[-105.76493,39.42608],[-105.76193,39.43131],[-105.76007,39.43252],[-105.76782,39.4333],[-105.77766,39.43638],[-105.78551,39.43786],[-105.78889,39.44154],[-105.78902,39.44603],[-105.84943,39.4462],[-105.84923,39.44015],[-105.85213,39.434],[-105.85619,39.4351],[-105.86064,39.43792],[-105.86337,39.44388],[-105.86312,39.44862],[-105.86233,39.45162],[-105.85919,39.45169],[-105.85966,39.456],[-105.85858,39.46022],[-105.85567,39.46531],[-105.85576,39.46766],[-105.858,39.47238],[-105.89889,39.4723],[-105.89673,39.47566],[-105.89733,39.47714],[-105.89472,39.47752],[-105.8922,39.48104],[-105.89197,39.48417],[-105.88918,39.48335],[-105.88468,39.48414],[-105.87909,39.48377],[-105.87835,39.48962],[-105.87471,39.49352],[-105.87241,39.49481],[-105.86658,39.49435],[-105.86656,39.49666],[-105.86421,39.49999],[-105.86358,39.50231],[-105.86039,39.50471],[-105.85639,39.50513],[-105.85412,39.50452],[-105.85477,39.5064],[-105.85702,39.50706],[-105.85946,39.50923],[-105.85995,39.51215],[-105.86689,39.5167],[-105.86805,39.51986],[-105.8647,39.52212],[-105.86297,39.52694],[-105.85951,39.53154],[-105.85773,39.53206],[-105.85456,39.52787],[-105.84538,39.52375],[-105.84433,39.52599],[-105.83857,39.52782],[-105.83002,39.53204],[-105.82321,39.52995],[-105.82123,39.53247],[-105.81927,39.53757],[-105.81763,39.53831],[-105.81907,39.54406],[-105.81893,39.54581],[-105.81631,39.54815],[-105.81581,39.55198],[-105.82234,39.55301],[-105.82577,39.55568],[-105.82606,39.55744],[-105.82891,39.56155],[-105.82966,39.56486],[-105.77172,39.56489]]]}},{"type":"Feature","properties":{"zcta":"80449","d":1},"geometry":{"type":"Polygon","coordinates":[[[-105.8257,39.06717],[-105.82507,39.07153],[-105.82282,39.07324],[-105.8218,39.07681],[-105.8205,39.07803],[-105.8192,39.08596],[-105.82135,39.09107],[-105.8183,39.08833],[-105.81684,39.09129],[-105.81421,39.09445],[-105.8147,39.09712],[-105.81431,39.10269],[-105.80871,39.11017],[-105.80412,39.112],[-105.80095,39.11494],[-105.7986,39.11523],[-105.79703,39.11934],[-105.79229,39.12177],[-105.79136,39.1232],[-105.78807,39.12385],[-105.78627,39.12866],[-105.7851,39.12695],[-105.77816,39.11429],[-105.77225,39.10756],[-105.77144,39.10491],[-105.7698,39.10633],[-105.76715,39.11157],[-105.76284,39.11286],[-105.76121,39.11253],[-105.75778,39.10825],[-105.75505,39.10337],[-105.75069,39.09877],[-105.74367,39.09309],[-105.74235,39.09385],[-105.73641,39.09264],[-105.7348,39.09567],[-105.72945,39.09307],[-105.72642,39.09043],[-105.71866,39.0899],[-105.71884,39.09286],[-105.71569,39.099],[-105.71287,39.10252],[-105.71193,39.10671],[-105.71332,39.112],[-105.71637,39.11644],[-105.73174,39.11652],[-105.73183,39.11928],[-105.73385,39.12295],[-105.73342,39.12533],[-105.73044,39.12445],[-105.72891,39.12736],[-105.72734,39.12658],[-105.72707,39.12345],[-105.71751,39.12468],[-105.71906,39.12672],[-105.71614,39.1267],[-105.71629,39.12831],[-105.71405,39.12999],[-105.71113,39.13532],[-105.70972,39.13417],[-105.70573,39.13509],[-105.7015,39.13298],[-105.69904,39.12917],[-105.70235,39.12873],[-105.69983,39.12548],[-105.69482,39.12245],[-105.68899,39.1227],[-105.68929,39.12638],[-105.68756,39.12779],[-105.68264,39.12591],[-105.68365,39.12214],[-105.68245,39.11995],[-105.67921,39.119],[-105.68,39.11585],[-105.67756,39.11605],[-105.67671,39.11777],[-105.67643,39.12243],[-105.67497,39.124],[-105.67116,39.12524],[-105.66812,39.12312],[-105.66586,39.12293],[-105.66518,39.12543],[-105.65694,39.1248],[-105.65276,39.12656],[-105.65361,39.12874],[-105.65571,39.13035],[-105.65932,39.13166],[-105.66122,39.12919],[-105.66527,39.1355],[-105.66512,39.14039],[-105.65212,39.14089],[-105.64818,39.14069],[-105.64716,39.13866],[-105.6443,39.13947],[-105.64429,39.14391],[-105.63716,39.14419],[-105.63295,39.14291],[-105.62916,39.14578],[-105.62444,39.14836],[-105.62389,39.14952],[-105.62222,39.14714],[-105.62112,39.14267],[-105.62062,39.13552],[-105.62082,39.13165],[-105.62252,39.12881],[-105.62136,39.1238],[-105.62064,39.11821],[-105.62105,39.11423],[-105.62281,39.11231],[-105.62714,39.10972],[-105.63238,39.11012],[-105.63542,39.10909],[-105.63942,39.10546],[-105.63923,39.10098],[-105.63824,39.09776],[-105.63689,39.09638],[-105.62438,39.09058],[-105.61164,39.0904],[-105.60632,39.0891],[-105.60429,39.08684],[-105.60428,39.08306],[-105.59024,39.08305],[-105.59045,39.078],[-105.58852,39.07546],[-105.60428,39.07546],[-105.60428,39.07168],[-105.62632,39.07166],[-105.60428,39.06069],[-105.60405,39.0406],[-105.59396,39.0406],[-105.59396,39.03732],[-105.59294,39.03512],[-105.59279,39.03079],[-105.57451,39.03486],[-105.57474,39.02014],[-105.57454,39.01683],[-105.57475,38.9831],[-105.57864,38.97502],[-105.58311,38.97499],[-105.58439,38.9773],[-105.58855,38.97693],[-105.59176,38.97366],[-105.60184,38.97169],[-105.60395,38.96991],[-105.60623,38.9697],[-105.60847,38.97139],[-105.61148,38.97111],[-105.61757,38.97302],[-105.61732,38.97099],[-105.61471,38.97176],[-105.60601,38.96787],[-105.60672,38.96579],[-105.60869,38.96409],[-105.60961,38.96043],[-105.61617,38.9548],[-105.61963,38.95047],[-105.62027,38.94722],[-105.61874,38.94436],[-105.61827,38.93541],[-105.61636,38.93536],[-105.61463,38.93301],[-105.61151,38.93244],[-105.60923,38.93338],[-105.60192,38.93447],[-105.598,38.93592],[-105.58562,38.93333],[-105.57312,38.9375],[-105.56856,38.94055],[-105.56242,38.93654],[-105.56244,38.93463],[-105.55928,38.92829],[-105.55341,38.92793],[-105.54896,38.92603],[-105.54495,38.92557],[-105.53039,38.92129],[-105.53414,38.91857],[-105.53837,38.91685],[-105.54686,38.91501],[-105.56094,38.91008],[-105.56543,38.90734],[-105.56912,38.90434],[-105.57732,38.90134],[-105.58262,38.89686],[-105.58531,38.89022],[-105.58754,38.88818],[-105.5895,38.8877],[-105.59408,38.88221],[-105.5976,38.88048],[-105.59923,38.87786],[-105.60462,38.87237],[-105.61685,38.87248],[-105.62097,38.8706],[-105.62318,38.86817],[-105.63022,38.85858],[-105.63356,38.85292],[-105.6386,38.84894],[-105.64256,38.84922],[-105.64835,38.84629],[-105.65643,38.83924],[-105.65889,38.83451],[-105.6574,38.82878],[-105.6622,38.82496],[-105.67037,38.82294],[-105.67126,38.82132],[-105.67676,38.8174],[-105.67795,38.81441],[-105.67978,38.81334],[-105.67766,38.8081],[-105.679,38.80671],[-105.68605,38.8039],[-105.6871,38.80208],[-105.69208,38.79826],[-105.69282,38.79645],[-105.69572,38.79408],[-105.7015,38.79544],[-105.70693,38.79537],[-105.70985,38.79643],[-105.71406,38.79608],[-105.71865,38.79639],[-105.72032,38.79726],[-105.72331,38.80113],[-105.72702,38.80431],[-105.73026,38.80589],[-105.73826,38.80753],[-105.73885,38.80613],[-105.7384,38.80196],[-105.74134,38.80299],[-105.74258,38.79838],[-105.74435,38.79571],[-105.74391,38.79303],[-105.74604,38.7907],[-105.74805,38.79069],[-105.74896,38.79447],[-105.75127,38.79631],[-105.75136,38.78967],[-105.75326,38.7868],[-105.75337,38.78391],[-105.75713,38.78145],[-105.75553,38.78126],[-105.75171,38.77746],[-105.75213,38.7754],[-105.75808,38.77931],[-105.77136,38.77937],[-105.77128,38.7758],[-105.77796,38.77578],[-105.77815,38.77398],[-105.78546,38.77415],[-105.78774,38.7731],[-105.7952,38.77122],[-105.80175,38.7659],[-105.80734,38.76365],[-105.81253,38.75897],[-105.81439,38.7579],[-105.81838,38.75349],[-105.82724,38.74768],[-105.83065,38.74455],[-105.8344,38.74271],[-105.8388,38.73944],[-105.84416,38.73186],[-105.84434,38.72753],[-105.84174,38.72716],[-105.84094,38.72397],[-105.83844,38.72104],[-105.83947,38.7189],[-105.84323,38.71499],[-105.84604,38.7137],[-105.84413,38.71032],[-105.8461,38.70717],[-105.8462,38.70503],[-105.84274,38.70226],[-105.83894,38.70298],[-105.83685,38.70223],[-105.83361,38.69866],[-105.83094,38.69823],[-105.82683,38.69618],[-105.82794,38.69429],[-105.87557,38.69431],[-105.88157,38.69412],[-105.88891,38.69515],[-105.89839,38.69377],[-105.94449,38.69309],[-105.96975,38.69355],[-105.969,38.69719],[-105.96772,38.69714],[-105.96365,38.70133],[-105.96182,38.70606],[-105.95728,38.70898],[-105.95304,38.71366],[-105.95016,38.71437],[-105.94618,38.71672],[-105.94756,38.72019],[-105.94347,38.72314],[-105.94611,38.72744],[-105.94349,38.73082],[-105.94302,38.73453],[-105.94427,38.73707],[-105.94795,38.74169],[-105.94786,38.74382],[-105.94211,38.74479],[-105.94143,38.74869],[-105.93831,38.75368],[-105.93806,38.75521],[-105.93876,38.76302],[-105.9397,38.76476],[-105.94454,38.76811],[-105.94251,38.76851],[-105.93989,38.77067],[-105.93975,38.77191],[-105.93421,38.77184],[-105.93143,38.77275],[-105.92929,38.77455],[-105.93055,38.77854],[-105.92956,38.78139],[-105.92516,38.78267],[-105.92671,38.78551],[-105.92369,38.78625],[-105.92112,38.78936],[-105.91514,38.79044],[-105.9137,38.79246],[-105.91446,38.79373],[-105.91291,38.79551],[-105.91179,38.79988],[-105.91055,38.80197],[-105.91045,38.80488],[-105.90659,38.80696],[-105.91069,38.81048],[-105.91073,38.81237],[-105.914,38.81606],[-105.91723,38.81753],[-105.92067,38.82163],[-105.92425,38.82419],[-105.93225,38.83273],[-105.93505,38.8343],[-105.9364,38.83657],[-105.94184,38.84039],[-105.93915,38.84605],[-105.94057,38.84923],[-105.94289,38.8505],[-105.9428,38.8528],[-105.93951,38.85659],[-105.93501,38.8591],[-105.93301,38.86105],[-105.93145,38.86653],[-105.92844,38.86634],[-105.92841,38.86975],[-105.92512,38.87218],[-105.92685,38.87424],[-105.93116,38.87471],[-105.93297,38.87822],[-105.93603,38.88145],[-105.94124,38.88559],[-105.94667,38.88381],[-105.94229,38.87935],[-105.9411,38.87633],[-105.94096,38.87338],[-105.94237,38.87121],[-105.94557,38.86979],[-105.94811,38.8653],[-105.95228,38.86319],[-105.954,38.86325],[-105.95764,38.86148],[-105.95913,38.8596],[-105.96163,38.85873],[-105.96286,38.85655],[-105.96655,38.85491],[-105.97165,38.8512],[-105.98222,38.8493],[-105.98186,38.8528],[-105.98523,38.85652],[-105.98519,38.85813],[-105.98696,38.85983],[-105.98633,38.86413],[-105.99047,38.86966],[-105.99191,38.87572],[-105.99533,38.8805],[-106.00071,38.88444],[-106.00088,38.88577],[-106.00727,38.89482],[-106.00897,38.89857],[-106.01465,38.90619],[-106.02011,38.91195],[-106.02073,38.91397],[-106.02922,38.92242],[-106.03075,38.92327],[-106.04411,38.93843],[-106.04549,38.94161],[-106.04419,38.94184],[-106.04692,38.94529],[-106.04088,38.94497],[-106.03795,38.94561],[-106.03737,38.94817],[-106.03565,38.95036],[-106.03141,38.9527],[-106.02396,38.95508],[-106.01717,38.95655],[-106.01433,38.95661],[-106.0099,38.95792],[-106.00664,38.95803],[-106.00057,38.96047],[-105.99479,38.95881],[-105.98878,38.95862],[-105.98201,38.95938],[-105.97617,38.95726],[-105.97184,38.95758],[-105.96559,38.95547],[-105.96223,38.95298],[-105.95859,38.9721],[-105.95842,38.9745],[-105.95953,38.99482],[-105.9599,38.99666],[-105.96819,39.00546],[-105.97325,39.01709],[-105.97458,39.02151],[-105.97509,39.02622],[-105.9741,39.04195],[-105.97465,39.04626],[-105.97609,39.04987],[-105.97642,39.05307],[-105.97379,39.0752],[-105.97511,39.08074],[-105.97887,39.08522],[-105.97566,39.08549],[-105.96913,39.08485],[-105.96859,39.08252],[-105.9658,39.08246],[-105.9658,39.07011],[-105.965,39.06986],[-105.96455,39.06459],[-105.94799,39.0645],[-105.94798,39.07089],[-105.93145,39.0709],[-105.93023,39.07287],[-105.92873,39.07242],[-105.92338,39.07279],[-105.91876,39.07229],[-105.91743,39.07075],[-105.92134,39.06613],[-105.92158,39.05702],[-105.91787,39.0543],[-105.92008,39.05213],[-105.92003,39.04707],[-105.91879,39.04648],[-105.91608,39.04249],[-105.91349,39.04228],[-105.91174,39.04343],[-105.90467,39.0444],[-105.90385,39.04711],[-105.89763,39.04658],[-105.89648,39.0476],[-105.89651,39.05254],[-105.88039,39.05252],[-105.88039,39.06501],[-105.8911,39.06505],[-105.89581,39.06716],[-105.89511,39.06883],[-105.88888,39.06879],[-105.88646,39.06946],[-105.88757,39.07162],[-105.88757,39.07449],[-105.88484,39.07665],[-105.88281,39.07436],[-105.88021,39.07409],[-105.87836,39.07188],[-105.87423,39.06947],[-105.87163,39.06682],[-105.86498,39.06682],[-105.86272,39.06584],[-105.85967,39.06151],[-105.85542,39.05876],[-105.85264,39.05864],[-105.84944,39.05427],[-105.82923,39.03987],[-105.82704,39.03796],[-105.81509,39.02591],[-105.81394,39.02339],[-105.8028,39.02133],[-105.79756,39.02119],[-105.79753,39.02292],[-105.80331,39.02474],[-105.7988,39.02398],[-105.79193,39.02436],[-105.79197,39.02207],[-105.77391,39.02862],[-105.77989,39.02984],[-105.7802,39.03164],[-105.78226,39.03123],[-105.78521,39.03401],[-105.78645,39.03398],[-105.78872,39.03681],[-105.79184,39.03611],[-105.79342,39.04009],[-105.79676,39.04429],[-105.79655,39.04646],[-105.80008,39.04739],[-105.8077,39.0542],[-105.80918,39.05387],[-105.81444,39.05598],[-105.8144,39.05839],[-105.81652,39.05837],[-105.81789,39.06051],[-105.82263,39.06294],[-105.8257,39.06717]]]}},{"type":"Feature","properties":{"zcta":"80454","d":0},"geometry":{"type":"Polygon","coordinates":[[[-105.27685,39.64216],[-105.26756,39.64197],[-105.26616,39.64242],[-105.26672,39.64472],[-105.2636,39.64446],[-105.26346,39.64588],[-105.25961,39.64584],[-105.25849,39.64672],[-105.25808,39.65291],[-105.23816,39.65277],[-105.24022,39.64535],[-105.23209,39.64535],[-105.23214,39.63783],[-105.24121,39.63778],[-105.24102,39.62415],[-105.22227,39.6241],[-105.22233,39.62051],[-105.22393,39.61803],[-105.22725,39.61977],[-105.22978,39.61702],[-105.23244,39.61593],[-105.23408,39.61299],[-105.24177,39.61327],[-105.24163,39.6093],[-105.25958,39.60926],[-105.25957,39.61535],[-105.25976,39.62387],[-105.27753,39.62448],[-105.27764,39.63511],[-105.27685,39.64216]]]}},{"type":"Feature","properties":{"zcta":"80456","d":1},"geometry":{"type":"Polygon","coordinates":[[[-105.95924,39.41247],[-105.9517,39.41462],[-105.95539,39.42285],[-105.95484,39.42622],[-105.95631,39.42784],[-105.96073,39.42902],[-105.96501,39.43344],[-105.96679,39.43804],[-105.96175,39.44009],[-105.95819,39.43968],[-105.95644,39.4384],[-105.95362,39.43854],[-105.94732,39.44052],[-105.94415,39.44091],[-105.9437,39.44618],[-105.94185,39.44825],[-105.94217,39.45277],[-105.94061,39.45652],[-105.93878,39.45842],[-105.9352,39.45798],[-105.92754,39.45945],[-105.92195,39.45846],[-105.91432,39.4582],[-105.91164,39.45674],[-105.91051,39.45838],[-105.90596,39.45966],[-105.90183,39.46425],[-105.90161,39.46962],[-105.89889,39.4723],[-105.858,39.47238],[-105.85576,39.46766],[-105.85567,39.46531],[-105.85858,39.46022],[-105.85966,39.456],[-105.85919,39.45169],[-105.86233,39.45162],[-105.86312,39.44862],[-105.86337,39.44388],[-105.86064,39.43792],[-105.85619,39.4351],[-105.85213,39.434],[-105.84923,39.44015],[-105.84943,39.4462],[-105.78902,39.44603],[-105.78889,39.44154],[-105.78551,39.43786],[-105.77766,39.43638],[-105.76782,39.4333],[-105.76007,39.43252],[-105.76193,39.43131],[-105.76493,39.42608],[-105.76488,39.42039],[-105.76248,39.41712],[-105.75777,39.412],[-105.75644,39.40989],[-105.75478,39.40381],[-105.75779,39.40196],[-105.76216,39.40214],[-105.76739,39.40461],[-105.77306,39.40638],[-105.77738,39.40568],[-105.77958,39.40377],[-105.78692,39.39154],[-105.75468,39.391],[-105.75168,39.39071],[-105.74799,39.38694],[-105.7472,39.38504],[-105.74228,39.38446],[-105.73741,39.38169],[-105.73583,39.37836],[-105.72904,39.37418],[-105.72765,39.3716],[-105.72364,39.36978],[-105.72258,39.36583],[-105.71776,39.36259],[-105.71473,39.3584],[-105.71088,39.35661],[-105.70087,39.35537],[-105.69734,39.35327],[-105.69196,39.35127],[-105.68844,39.34839],[-105.68644,39.34796],[-105.68364,39.34954],[-105.68316,39.35121],[-105.681,39.35209],[-105.67788,39.35553],[-105.66931,39.35671],[-105.66093,39.35519],[-105.65307,39.35298],[-105.64266,39.34939],[-105.63995,39.34911],[-105.62995,39.34624],[-105.62227,39.34626],[-105.61917,39.3473],[-105.61218,39.34414],[-105.60892,39.33975],[-105.60631,39.3375],[-105.60681,39.33968],[-105.59893,39.33195],[-105.59696,39.33044],[-105.59698,39.32843],[-105.59476,39.32606],[-105.58195,39.32166],[-105.57865,39.3191],[-105.57143,39.31603],[-105.56556,39.31425],[-105.56008,39.31354],[-105.55608,39.31102],[-105.55127,39.30544],[-105.54981,39.30207],[-105.54524,39.29867],[-105.54276,39.29786],[-105.5392,39.29538],[-105.53649,39.29101],[-105.52699,39.28824],[-105.52516,39.28726],[-105.5224,39.28745],[-105.51944,39.2862],[-105.51807,39.2839],[-105.51554,39.28223],[-105.50718,39.28471],[-105.50371,39.28293],[-105.50002,39.28218],[-105.49908,39.27836],[-105.49581,39.27571],[-105.49294,39.27165],[-105.48971,39.27049],[-105.47851,39.27006],[-105.47089,39.27108],[-105.46491,39.27056],[-105.46484,39.26818],[-105.46254,39.26462],[-105.45913,39.26493],[-105.45919,39.26346],[-105.45721,39.25888],[-105.45552,39.25809],[-105.45385,39.25499],[-105.45365,39.24922],[-105.45165,39.24651],[-105.44919,39.24519],[-105.44073,39.24468],[-105.43827,39.24354],[-105.43806,39.24113],[-105.43215,39.23812],[-105.42961,39.23414],[-105.42511,39.23497],[-105.4202,39.23237],[-105.42091,39.23017],[-105.41709,39.22727],[-105.41419,39.22708],[-105.4152,39.22364],[-105.41443,39.22255],[-105.4108,39.22308],[-105.40977,39.2201],[-105.408,39.2183],[-105.41124,39.21717],[-105.41,39.21368],[-105.40695,39.21298],[-105.40685,39.21098],[-105.40245,39.20842],[-105.40185,39.206],[-105.39788,39.20328],[-105.39776,39.15862],[-105.40431,39.15877],[-105.40779,39.15981],[-105.41011,39.15921],[-105.41304,39.15974],[-105.41428,39.1587],[-105.42246,39.16196],[-105.42362,39.16286],[-105.42964,39.16399],[-105.43724,39.16363],[-105.44385,39.16494],[-105.44625,39.16803],[-105.45519,39.16899],[-105.45682,39.16841],[-105.46505,39.16937],[-105.46755,39.16684],[-105.46865,39.16855],[-105.46583,39.17048],[-105.46425,39.17396],[-105.46909,39.17411],[-105.47222,39.17658],[-105.47396,39.17449],[-105.47742,39.17263],[-105.47839,39.17094],[-105.48059,39.17016],[-105.48542,39.16543],[-105.48488,39.16316],[-105.48698,39.16099],[-105.48802,39.1625],[-105.48982,39.16185],[-105.49319,39.16294],[-105.49346,39.16514],[-105.49577,39.16583],[-105.49995,39.16923],[-105.50234,39.16899],[-105.50703,39.16647],[-105.51182,39.16629],[-105.51724,39.17197],[-105.52328,39.17607],[-105.52471,39.17645],[-105.52842,39.18158],[-105.5314,39.18369],[-105.53599,39.18422],[-105.54187,39.18615],[-105.54626,39.19105],[-105.54934,39.19178],[-105.55038,39.19383],[-105.54946,39.19575],[-105.55056,39.19693],[-105.55904,39.1996],[-105.56423,39.20291],[-105.56658,39.20625],[-105.57095,39.20953],[-105.57694,39.21199],[-105.58473,39.21351],[-105.58769,39.21497],[-105.59704,39.21712],[-105.60056,39.21867],[-105.60236,39.22146],[-105.60426,39.22026],[-105.61213,39.22251],[-105.61595,39.22272],[-105.62138,39.2251],[-105.62545,39.224],[-105.62907,39.22375],[-105.63266,39.22646],[-105.63475,39.22361],[-105.63757,39.22145],[-105.6376,39.2197],[-105.64431,39.21413],[-105.65003,39.21983],[-105.65589,39.22069],[-105.65804,39.21793],[-105.66304,39.2146],[-105.66538,39.2114],[-105.67264,39.20565],[-105.67969,39.20444],[-105.68256,39.20535],[-105.68565,39.20506],[-105.68777,39.20122],[-105.68769,39.19756],[-105.69114,39.19504],[-105.70474,39.19627],[-105.71181,39.19884],[-105.71394,39.20015],[-105.71517,39.20263],[-105.71895,39.20238],[-105.71713,39.19783],[-105.72516,39.19955],[-105.72899,39.20158],[-105.73195,39.20205],[-105.73734,39.20151],[-105.73856,39.20536],[-105.7406,39.20714],[-105.73865,39.21408],[-105.73653,39.21936],[-105.73818,39.21794],[-105.7424,39.21951],[-105.74287,39.21701],[-105.74726,39.21835],[-105.75172,39.21849],[-105.7575,39.2254],[-105.75534,39.22699],[-105.75195,39.22635],[-105.75736,39.22943],[-105.75405,39.23131],[-105.75711,39.23476],[-105.75712,39.2359],[-105.76006,39.23775],[-105.75956,39.23911],[-105.76307,39.24064],[-105.767,39.24112],[-105.76698,39.24551],[-105.76076,39.25031],[-105.75929,39.25274],[-105.75953,39.25652],[-105.76198,39.26214],[-105.76437,39.26385],[-105.76692,39.26424],[-105.77565,39.26888],[-105.78429,39.27239],[-105.78599,39.27416],[-105.78988,39.27608],[-105.79141,39.27877],[-105.78655,39.28192],[-105.78367,39.28291],[-105.78136,39.28144],[-105.77587,39.28345],[-105.77193,39.28333],[-105.76835,39.28517],[-105.76626,39.2842],[-105.76117,39.28451],[-105.75754,39.28284],[-105.75678,39.28335],[-105.75659,39.28726],[-105.75448,39.28799],[-105.7529,39.28672],[-105.74768,39.28488],[-105.74283,39.28402],[-105.7404,39.28585],[-105.73773,39.28426],[-105.7359,39.28499],[-105.73526,39.28698],[-105.73066,39.28924],[-105.73042,39.294],[-105.72813,39.29608],[-105.73022,39.29545],[-105.73459,39.29754],[-105.73407,39.29882],[-105.73851,39.29675],[-105.74312,39.29857],[-105.74544,39.30459],[-105.74736,39.30548],[-105.75758,39.307],[-105.76367,39.30912],[-105.77022,39.30989],[-105.77799,39.30943],[-105.7801,39.30971],[-105.78544,39.31178],[-105.79251,39.31586],[-105.79418,39.31751],[-105.80266,39.32883],[-105.81487,39.33419],[-105.82092,39.33452],[-105.83095,39.33708],[-105.8448,39.33722],[-105.85222,39.34065],[-105.86292,39.33626],[-105.86585,39.33465],[-105.8695,39.33505],[-105.87158,39.33426],[-105.87979,39.33392],[-105.88229,39.33451],[-105.88534,39.33313],[-105.89315,39.33413],[-105.89396,39.33644],[-105.90787,39.34027],[-105.91039,39.33934],[-105.91586,39.34049],[-105.9208,39.34047],[-105.9237,39.34134],[-105.9296,39.34459],[-105.93583,39.34566],[-105.93782,39.34956],[-105.93681,39.35095],[-105.93622,39.35712],[-105.9421,39.36401],[-105.9493,39.36956],[-105.94933,39.37256],[-105.94827,39.37686],[-105.94535,39.38168],[-105.94238,39.38388],[-105.95023,39.38807],[-105.95428,39.39188],[-105.95906,39.39156],[-105.958,39.395],[-105.96192,39.40326],[-105.96297,39.40692],[-105.96757,39.40933],[-105.96863,39.41069],[-105.95924,39.41247]]]}},{"type":"Feature","properties":{"zcta":"80470","d":14},"geometry":{"type":"Polygon","coordinates":[[[-105.39895,39.56606],[-105.39881,39.53728],[-105.39835,39.5138],[-105.3971,39.5138],[-105.39179,39.5107],[-105.39113,39.50746],[-105.38871,39.50478],[-105.3829,39.5046],[-105.38248,39.50001],[-105.38076,39.50123],[-105.37914,39.5004],[-105.38248,39.49708],[-105.38304,39.49389],[-105.37565,39.4886],[-105.3734,39.48411],[-105.36805,39.47966],[-105.36623,39.48047],[-105.36464,39.48325],[-105.36259,39.48443],[-105.36256,39.48108],[-105.35922,39.47967],[-105.35971,39.47668],[-105.35777,39.47597],[-105.35306,39.47592],[-105.35303,39.47951],[-105.34838,39.47964],[-105.34853,39.4834],[-105.33948,39.48397],[-105.33911,39.48031],[-105.33437,39.48034],[-105.33393,39.47575],[-105.33862,39.4758],[-105.33894,39.47204],[-105.33656,39.47206],[-105.33669,39.4702],[-105.33433,39.47025],[-105.33463,39.46483],[-105.34415,39.46491],[-105.34438,39.46138],[-105.33967,39.46126],[-105.33957,39.45449],[-105.34408,39.4539],[-105.34389,39.44808],[-105.33455,39.44829],[-105.33451,39.4464],[-105.31606,39.44661],[-105.31551,39.43955],[-105.31582,39.43496],[-105.31299,39.43603],[-105.31499,39.43657],[-105.31365,39.43794],[-105.31091,39.438],[-105.30371,39.43934],[-105.30167,39.44065],[-105.30139,39.44416],[-105.29964,39.44495],[-105.29691,39.44306],[-105.29017,39.44362],[-105.28785,39.44477],[-105.28453,39.44493],[-105.28124,39.44596],[-105.27917,39.44568],[-105.27721,39.44403],[-105.27232,39.44257],[-105.26781,39.44223],[-105.26453,39.44362],[-105.26237,39.44063],[-105.25805,39.44066],[-105.25164,39.43903],[-105.25087,39.43782],[-105.24424,39.43766],[-105.24248,39.43639],[-105.23988,39.4371],[-105.23911,39.43582],[-105.23657,39.43571],[-105.23512,39.4333],[-105.23544,39.43118],[-105.23256,39.42942],[-105.2333,39.42701],[-105.23939,39.42059],[-105.24243,39.41926],[-105.24568,39.41521],[-105.25094,39.41435],[-105.25458,39.41243],[-105.25493,39.40704],[-105.25618,39.40621],[-105.25965,39.40673],[-105.26176,39.40102],[-105.26718,39.39638],[-105.27643,39.39445],[-105.27664,39.39137],[-105.27454,39.38924],[-105.27544,39.38794],[-105.27476,39.38426],[-105.2792,39.3818],[-105.28033,39.37972],[-105.27985,39.37718],[-105.28235,39.37416],[-105.2853,39.37666],[-105.28982,39.37566],[-105.29252,39.3721],[-105.29301,39.36995],[-105.29947,39.3676],[-105.30501,39.36715],[-105.30863,39.36545],[-105.30976,39.36312],[-105.31452,39.3618],[-105.31342,39.35962],[-105.31538,39.35757],[-105.31899,39.35558],[-105.31763,39.35256],[-105.3196,39.3507],[-105.31847,39.34977],[-105.31743,39.34473],[-105.315,39.34312],[-105.31475,39.3442],[-105.31035,39.34449],[-105.30451,39.34315],[-105.29794,39.34257],[-105.2959,39.33912],[-105.29324,39.3396],[-105.29081,39.33859],[-105.28684,39.33911],[-105.28554,39.3401],[-105.28616,39.34222],[-105.28488,39.34369],[-105.28154,39.34426],[-105.27936,39.34339],[-105.27339,39.34474],[-105.26536,39.3427],[-105.25599,39.34367],[-105.255,39.34074],[-105.25186,39.33846],[-105.24855,39.33346],[-105.24959,39.32844],[-105.25165,39.32589],[-105.25168,39.32247],[-105.25311,39.32103],[-105.25319,39.31524],[-105.25563,39.31173],[-105.26144,39.30607],[-105.26318,39.30505],[-105.26646,39.30488],[-105.27103,39.30258],[-105.27329,39.29924],[-105.27607,39.29715],[-105.2759,39.29115],[-105.27633,39.28604],[-105.27354,39.28311],[-105.27032,39.27803],[-105.26977,39.27297],[-105.26872,39.27066],[-105.26817,39.26419],[-105.26521,39.25612],[-105.26408,39.25429],[-105.26314,39.24864],[-105.26591,39.24299],[-105.26444,39.24121],[-105.26105,39.24186],[-105.26494,39.24085],[-105.26824,39.24326],[-105.27103,39.24344],[-105.2749,39.24202],[-105.2777,39.24184],[-105.28286,39.2398],[-105.28399,39.23996],[-105.29029,39.23684],[-105.29483,39.2353],[-105.29748,39.23308],[-105.29829,39.23099],[-105.30183,39.23112],[-105.30193,39.23353],[-105.30333,39.23668],[-105.30184,39.23942],[-105.30335,39.2421],[-105.30266,39.24387],[-105.30988,39.24606],[-105.31042,39.24826],[-105.31064,39.25476],[-105.31364,39.25809],[-105.32194,39.25871],[-105.31807,39.25977],[-105.31671,39.26369],[-105.31974,39.26732],[-105.3211,39.2715],[-105.32109,39.27414],[-105.31984,39.27614],[-105.32064,39.27765],[-105.31969,39.2806],[-105.32145,39.2849],[-105.32277,39.28575],[-105.32423,39.28908],[-105.33045,39.29445],[-105.33293,39.29601],[-105.33803,39.30225],[-105.33992,39.30354],[-105.34341,39.30435],[-105.34783,39.30732],[-105.35205,39.30811],[-105.35484,39.30999],[-105.35877,39.31103],[-105.36032,39.3134],[-105.36447,39.31679],[-105.36566,39.31887],[-105.37166,39.32121],[-105.3796,39.32148],[-105.37361,39.32502],[-105.37203,39.32742],[-105.37582,39.32936],[-105.38707,39.33095],[-105.39139,39.3311],[-105.39027,39.33252],[-105.39583,39.33605],[-105.39865,39.33693],[-105.39815,39.3507],[-105.39427,39.35128],[-105.38927,39.35109],[-105.38479,39.35206],[-105.37428,39.35109],[-105.38013,39.35472],[-105.38056,39.35592],[-105.38429,39.35878],[-105.38388,39.36183],[-105.38854,39.36115],[-105.39845,39.36352],[-105.39855,39.37809],[-105.39795,39.38879],[-105.39815,39.39941],[-105.39352,39.40154],[-105.39094,39.39975],[-105.38862,39.40035],[-105.38444,39.39948],[-105.38404,39.39772],[-105.38113,39.39953],[-105.38111,39.40164],[-105.37868,39.40229],[-105.3788,39.40404],[-105.37602,39.40276],[-105.37363,39.4031],[-105.37281,39.40533],[-105.37464,39.40689],[-105.37423,39.41169],[-105.37694,39.41303],[-105.38066,39.41618],[-105.38378,39.4156],[-105.38565,39.41682],[-105.38766,39.41646],[-105.38991,39.42021],[-105.39233,39.42179],[-105.39805,39.42416],[-105.40323,39.42918],[-105.40254,39.43111],[-105.40645,39.43682],[-105.40515,39.4374],[-105.40491,39.45306],[-105.40517,39.4588],[-105.40055,39.46139],[-105.40051,39.46289],[-105.40704,39.46205],[-105.40562,39.46407],[-105.41423,39.464],[-105.41413,39.46789],[-105.41872,39.4682],[-105.41867,39.47194],[-105.42837,39.47207],[-105.42796,39.49159],[-105.4337,39.49179],[-105.43667,39.49271],[-105.43877,39.49496],[-105.44477,39.49586],[-105.44698,39.49538],[-105.45131,39.49615],[-105.45323,39.4981],[-105.45884,39.49981],[-105.45995,39.49925],[-105.4677,39.50131],[-105.47216,39.50078],[-105.47644,39.5044],[-105.47571,39.5096],[-105.45563,39.50966],[-105.45482,39.53397],[-105.44734,39.53387],[-105.44679,39.53646],[-105.44824,39.54136],[-105.45031,39.54633],[-105.4543,39.54951],[-105.45891,39.55421],[-105.46089,39.55801],[-105.45278,39.56094],[-105.44983,39.56079],[-105.44509,39.5626],[-105.44492,39.56599],[-105.39895,39.56606]]]}},{"type":"Feature","properties":{"zcta":"80024","d":0},"geometry":{"type":"Polygon","coordinates":[[[-104.91796,39.84724],[-104.91785,39.84174],[-104.91914,39.84175],[-104.9191,39.84504],[-104.91796,39.84724]]]}},{"type":"Feature","properties":{"zcta":"80045","d":996},"geometry":{"type":"Polygon","coordinates":[[[-104.82999,39.75012],[-104.82837,39.74337],[-104.82827,39.7403],[-104.84709,39.74021],[-104.84694,39.7546],[-104.83544,39.75459],[-104.83289,39.75283],[-104.82999,39.75012]]]}},{"type":"Feature","properties":{"zcta":"80403","d":80},"geometry":{"type":"Polygon","coordinates":[[[-105.42206,39.93163],[-105.41911,39.92882],[-105.41551,39.93157],[-105.41317,39.9345],[-105.41152,39.93269],[-105.40604,39.93174],[-105.40069,39.93507],[-105.39797,39.93487],[-105.39558,39.93658],[-105.39203,39.93554],[-105.38963,39.93707],[-105.38531,39.93769],[-105.38644,39.93979],[-105.38179,39.93936],[-105.382,39.93757],[-105.38055,39.93499],[-105.37556,39.93704],[-105.3753,39.93479],[-105.37241,39.93717],[-105.36965,39.9364],[-105.37251,39.94054],[-105.37024,39.94291],[-105.37078,39.94414],[-105.36639,39.94398],[-105.36067,39.94788],[-105.35789,39.94796],[-105.35479,39.9424],[-105.35075,39.93952],[-105.346,39.93776],[-105.34481,39.93941],[-105.34268,39.93801],[-105.34091,39.93881],[-105.34084,39.94071],[-105.3388,39.94225],[-105.33599,39.94292],[-105.33426,39.9408],[-105.33558,39.94005],[-105.33247,39.93748],[-105.32981,39.93997],[-105.32792,39.94066],[-105.32627,39.93737],[-105.32324,39.93821],[-105.32087,39.94037],[-105.31653,39.9405],[-105.31489,39.94151],[-105.31362,39.93698],[-105.31538,39.93595],[-105.3129,39.93534],[-105.31916,39.93019],[-105.31906,39.92819],[-105.32255,39.92588],[-105.32268,39.92183],[-105.32182,39.92009],[-105.3147,39.91388],[-105.30684,39.91399],[-105.28266,39.91369],[-105.26494,39.91419],[-105.26394,39.91399],[-105.24527,39.91408],[-105.23893,39.91437],[-105.24091,39.90873],[-105.24111,39.90641],[-105.24108,39.87044],[-105.2399,39.86534],[-105.23476,39.85925],[-105.2302,39.86114],[-105.22677,39.86151],[-105.22672,39.85598],[-105.22199,39.85601],[-105.22197,39.84879],[-105.2138,39.84875],[-105.21382,39.84675],[-105.21683,39.84679],[-105.22669,39.84485],[-105.23016,39.84315],[-105.23483,39.84425],[-105.2346,39.84139],[-105.23068,39.83753],[-105.22878,39.83396],[-105.22707,39.8281],[-105.2224,39.82437],[-105.22169,39.82239],[-105.22164,39.81805],[-105.21857,39.81811],[-105.2152,39.81629],[-105.20325,39.81616],[-105.19819,39.81272],[-105.16517,39.81246],[-105.16348,39.80805],[-105.16369,39.80673],[-105.16909,39.80597],[-105.16838,39.80273],[-105.16503,39.80304],[-105.16517,39.80207],[-105.16286,39.80166],[-105.16293,39.79931],[-105.16524,39.79929],[-105.16453,39.79584],[-105.16513,39.79071],[-105.1568,39.79078],[-105.15671,39.77625],[-105.14531,39.77824],[-105.14144,39.77836],[-105.14323,39.77601],[-105.14337,39.7735],[-105.14877,39.77266],[-105.15525,39.77249],[-105.17476,39.77146],[-105.17479,39.76249],[-105.18095,39.76461],[-105.18399,39.76675],[-105.1883,39.76699],[-105.19337,39.76597],[-105.19379,39.76824],[-105.19567,39.76862],[-105.20238,39.76754],[-105.20623,39.76495],[-105.21229,39.7625],[-105.21223,39.76529],[-105.21983,39.76172],[-105.22424,39.76111],[-105.23531,39.75486],[-105.23549,39.75276],[-105.23702,39.75143],[-105.24499,39.75218],[-105.25007,39.75007],[-105.25064,39.74753],[-105.24852,39.74666],[-105.24843,39.74488],[-105.2511,39.74463],[-105.25282,39.74227],[-105.25565,39.74225],[-105.26005,39.73838],[-105.26659,39.73853],[-105.27,39.73969],[-105.26995,39.74267],[-105.27289,39.74329],[-105.27477,39.7419],[-105.28004,39.74033],[-105.28336,39.74136],[-105.28658,39.74144],[-105.28949,39.74335],[-105.29392,39.74194],[-105.2969,39.74331],[-105.30036,39.74392],[-105.30306,39.74661],[-105.30727,39.74729],[-105.30948,39.74572],[-105.30853,39.74344],[-105.31076,39.74133],[-105.31142,39.73815],[-105.31613,39.73669],[-105.31863,39.73748],[-105.32371,39.73648],[-105.32304,39.73971],[-105.32607,39.74049],[-105.32769,39.73878],[-105.32958,39.74121],[-105.33601,39.74116],[-105.34407,39.74059],[-105.34873,39.742],[-105.35121,39.74068],[-105.35665,39.73912],[-105.35792,39.73667],[-105.36053,39.7346],[-105.36457,39.73472],[-105.36894,39.73368],[-105.37136,39.73648],[-105.37553,39.73651],[-105.3786,39.7357],[-105.38135,39.7373],[-105.38426,39.73535],[-105.38599,39.73553],[-105.38942,39.73777],[-105.39042,39.74169],[-105.3963,39.74366],[-105.39795,39.74604],[-105.39956,39.75142],[-105.40425,39.75424],[-105.41013,39.75551],[-105.41225,39.75833],[-105.41641,39.76021],[-105.42113,39.76071],[-105.42523,39.76281],[-105.4231,39.76697],[-105.4217,39.76797],[-105.42007,39.77267],[-105.42076,39.77383],[-105.41939,39.78035],[-105.41699,39.78277],[-105.41655,39.78486],[-105.41748,39.78757],[-105.41253,39.79242],[-105.41225,39.7966],[-105.40945,39.79691],[-105.40846,39.80134],[-105.40524,39.79967],[-105.40269,39.80149],[-105.39889,39.79993],[-105.39795,39.79877],[-105.39804,39.81603],[-105.39963,39.81757],[-105.40575,39.82116],[-105.41085,39.82513],[-105.40986,39.82741],[-105.41063,39.83027],[-105.41561,39.82982],[-105.43085,39.83383],[-105.43407,39.83656],[-105.4389,39.83788],[-105.43834,39.83876],[-105.44337,39.84281],[-105.44282,39.84792],[-105.44438,39.84863],[-105.44529,39.85168],[-105.44395,39.85383],[-105.44513,39.85642],[-105.44747,39.85688],[-105.44771,39.86135],[-105.44608,39.86155],[-105.44472,39.86545],[-105.44564,39.87096],[-105.4433,39.87284],[-105.44472,39.87454],[-105.44442,39.88067],[-105.44563,39.8844],[-105.44615,39.88908],[-105.44832,39.89154],[-105.44876,39.89386],[-105.44435,39.89384],[-105.44429,39.89744],[-105.435,39.89755],[-105.43505,39.89393],[-105.42572,39.89398],[-105.42567,39.89757],[-105.4188,39.89774],[-105.41827,39.90486],[-105.41616,39.90493],[-105.4158,39.91234],[-105.4199,39.91211],[-105.41995,39.91926],[-105.42403,39.91907],[-105.42403,39.92079],[-105.42641,39.92074],[-105.42943,39.91824],[-105.42734,39.92288],[-105.42283,39.92697],[-105.42263,39.93067],[-105.4282,39.93109],[-105.42206,39.93163]]]}},{"type":"Feature","properties":{"zcta":"80264","d":0},"geometry":{"type":"Polygon","coordinates":[[[-104.98485,39.74328],[-104.98612,39.74168],[-104.98611,39.74328],[-104.98485,39.74328]]]}},{"type":"Feature","properties":{"zcta":"80425","d":0},"geometry":{"type":"Polygon","coordinates":[[[-105.23472,39.43636],[-105.23111,39.43468],[-105.23135,39.4324],[-105.22983,39.43135],[-105.22739,39.43269],[-105.22532,39.43171],[-105.22688,39.42947],[-105.22356,39.42783],[-105.22163,39.42804],[-105.22052,39.42618],[-105.21899,39.42745],[-105.21496,39.427],[-105.21196,39.42541],[-105.20923,39.42511],[-105.20624,39.42901],[-105.2042,39.42862],[-105.20096,39.42552],[-105.19971,39.42188],[-105.19617,39.42041],[-105.19405,39.41703],[-105.18981,39.41844],[-105.18815,39.41505],[-105.18642,39.41331],[-105.18542,39.41034],[-105.18107,39.41142],[-105.18099,39.40977],[-105.17749,39.40851],[-105.1736,39.40934],[-105.17066,39.40802],[-105.17128,39.40685],[-105.16944,39.40333],[-105.16941,39.40159],[-105.16719,39.39975],[-105.16726,39.39431],[-105.16549,39.39401],[-105.16434,39.39114],[-105.16566,39.39118],[-105.16997,39.3891],[-105.17298,39.38575],[-105.17328,39.38232],[-105.17086,39.38226],[-105.16978,39.38034],[-105.17283,39.37814],[-105.17016,39.37452],[-105.168,39.37415],[-105.1671,39.3722],[-105.16911,39.3691],[-105.16892,39.36727],[-105.16689,39.36468],[-105.16642,39.36232],[-105.16786,39.35902],[-105.16913,39.35893],[-105.17236,39.35582],[-105.17185,39.35345],[-105.17516,39.35049],[-105.17719,39.34958],[-105.17653,39.34752],[-105.17716,39.34471],[-105.17917,39.34346],[-105.17873,39.34079],[-105.18214,39.33859],[-105.18396,39.33549],[-105.18784,39.33419],[-105.18227,39.33137],[-105.1823,39.3298],[-105.18818,39.32796],[-105.18588,39.32616],[-105.18549,39.32441],[-105.1878,39.32285],[-105.18912,39.31911],[-105.18859,39.31738],[-105.19349,39.31258],[-105.19816,39.31043],[-105.19668,39.30854],[-105.19782,39.30499],[-105.196,39.30208],[-105.20021,39.30203],[-105.20137,39.29927],[-105.20498,39.2998],[-105.20768,39.29819],[-105.20717,39.29623],[-105.20289,39.29475],[-105.20258,39.29332],[-105.20553,39.29399],[-105.20698,39.2932],[-105.20553,39.29168],[-105.20791,39.29153],[-105.20804,39.28961],[-105.21247,39.28448],[-105.21132,39.28097],[-105.2139,39.27869],[-105.21639,39.27762],[-105.21553,39.27679],[-105.21751,39.2746],[-105.21558,39.27223],[-105.21918,39.2705],[-105.22078,39.26806],[-105.2187,39.26704],[-105.21848,39.26438],[-105.22019,39.26106],[-105.22566,39.26044],[-105.22371,39.25813],[-105.2244,39.25589],[-105.22697,39.25635],[-105.2274,39.25418],[-105.2313,39.25412],[-105.23518,39.25569],[-105.23595,39.25348],[-105.24082,39.2519],[-105.24076,39.24735],[-105.24245,39.24484],[-105.24563,39.24419],[-105.24703,39.24264],[-105.25028,39.24405],[-105.25391,39.24365],[-105.25571,39.24157],[-105.26105,39.24186],[-105.26444,39.24121],[-105.26591,39.24299],[-105.26314,39.24864],[-105.26408,39.25429],[-105.26521,39.25612],[-105.26817,39.26419],[-105.26872,39.27066],[-105.26977,39.27297],[-105.27032,39.27803],[-105.27354,39.28311],[-105.27633,39.28604],[-105.2759,39.29115],[-105.27607,39.29715],[-105.27329,39.29924],[-105.27103,39.30258],[-105.26646,39.30488],[-105.26318,39.30505],[-105.26144,39.30607],[-105.25563,39.31173],[-105.25319,39.31524],[-105.25311,39.32103],[-105.25168,39.32247],[-105.25165,39.32589],[-105.24959,39.32844],[-105.24855,39.33346],[-105.25186,39.33846],[-105.255,39.34074],[-105.25599,39.34367],[-105.26536,39.3427],[-105.27339,39.34474],[-105.27936,39.34339],[-105.28154,39.34426],[-105.28488,39.34369],[-105.28616,39.34222],[-105.28554,39.3401],[-105.28684,39.33911],[-105.29081,39.33859],[-105.29324,39.3396],[-105.2959,39.33912],[-105.29794,39.34257],[-105.30451,39.34315],[-105.31035,39.34449],[-105.31475,39.3442],[-105.315,39.34312],[-105.31743,39.34473],[-105.31847,39.34977],[-105.3196,39.3507],[-105.31763,39.35256],[-105.31899,39.35558],[-105.31538,39.35757],[-105.31342,39.35962],[-105.31452,39.3618],[-105.30976,39.36312],[-105.30863,39.36545],[-105.30501,39.36715],[-105.29947,39.3676],[-105.29301,39.36995],[-105.29252,39.3721],[-105.28982,39.37566],[-105.2853,39.37666],[-105.28235,39.37416],[-105.27985,39.37718],[-105.28033,39.37972],[-105.2792,39.3818],[-105.27476,39.38426],[-105.27544,39.38794],[-105.27454,39.38924],[-105.27664,39.39137],[-105.27643,39.39445],[-105.26718,39.39638],[-105.26176,39.40102],[-105.25965,39.40673],[-105.25618,39.40621],[-105.25493,39.40704],[-105.25458,39.41243],[-105.25094,39.41435],[-105.24568,39.41521],[-105.24243,39.41926],[-105.23939,39.42059],[-105.2333,39.42701],[-105.23256,39.42942],[-105.23544,39.43118],[-105.23512,39.4333],[-105.23657,39.43571],[-105.23472,39.43636]]]}},{"type":"Feature","properties":{"zcta":"80016","d":717},"geometry":{"type":"Polygon","coordinates":[[[-104.82346,39.60518],[-104.81993,39.60574],[-104.81991,39.60948],[-104.81291,39.60945],[-104.80725,39.6111],[-104.80248,39.61027],[-104.79579,39.61176],[-104.79172,39.61064],[-104.77987,39.61027],[-104.77686,39.60955],[-104.77144,39.60937],[-104.76626,39.60707],[-104.76077,39.60709],[-104.75628,39.60838],[-104.75551,39.61201],[-104.75361,39.611],[-104.7447,39.60779],[-104.74122,39.60719],[-104.73612,39.60531],[-104.7315,39.60606],[-104.72758,39.60428],[-104.72593,39.60234],[-104.72279,39.60113],[-104.71675,39.60223],[-104.71662,39.61318],[-104.71853,39.61747],[-104.71884,39.62394],[-104.71888,39.63855],[-104.69898,39.63835],[-104.67995,39.63833],[-104.66026,39.63842],[-104.66034,39.62391],[-104.65475,39.62396],[-104.65477,39.62083],[-104.65112,39.61666],[-104.65178,39.61305],[-104.65461,39.61388],[-104.65378,39.61163],[-104.65096,39.60872],[-104.6555,39.60493],[-104.65344,39.6022],[-104.65657,39.5991],[-104.65656,39.59799],[-104.65952,39.59493],[-104.66076,39.59493],[-104.66078,39.57439],[-104.64201,39.57431],[-104.64212,39.56589],[-104.70778,39.56599],[-104.71769,39.5659],[-104.71771,39.56396],[-104.70802,39.5641],[-104.70723,39.55117],[-104.73673,39.55126],[-104.73663,39.56589],[-104.73983,39.56599],[-104.78531,39.56609],[-104.79137,39.56609],[-104.79039,39.56818],[-104.79387,39.56849],[-104.79526,39.57103],[-104.7999,39.57239],[-104.80017,39.5736],[-104.79748,39.57493],[-104.79771,39.57742],[-104.80091,39.57799],[-104.80147,39.58227],[-104.8046,39.5825],[-104.80445,39.58524],[-104.8059,39.58813],[-104.81167,39.5907],[-104.81534,39.59091],[-104.81334,39.59495],[-104.821,39.59499],[-104.82335,39.59765],[-104.82685,39.60219],[-104.82459,39.60219],[-104.82346,39.60518]]]}},{"type":"Feature","properties":{"zcta":"80111","d":1544},"geometry":{"type":"Polygon","coordinates":[[[-104.92509,39.6313],[-104.92379,39.6313],[-104.92567,39.63425],[-104.92589,39.63635],[-104.92408,39.63862],[-104.92264,39.63862],[-104.92303,39.64461],[-104.92246,39.64585],[-104.91323,39.63867],[-104.91341,39.62408],[-104.88526,39.62413],[-104.88512,39.63895],[-104.88033,39.64131],[-104.88034,39.64199],[-104.87732,39.64345],[-104.87697,39.64209],[-104.87498,39.64316],[-104.87391,39.64222],[-104.8776,39.63217],[-104.87569,39.63137],[-104.87577,39.62686],[-104.8712,39.62686],[-104.87125,39.62426],[-104.84473,39.62409],[-104.84167,39.62208],[-104.83985,39.6193],[-104.83137,39.6107],[-104.82867,39.6059],[-104.82457,39.60589],[-104.82459,39.60219],[-104.82685,39.60219],[-104.82335,39.59765],[-104.82454,39.59516],[-104.83505,39.59503],[-104.83577,39.59809],[-104.84043,39.597],[-104.84147,39.59533],[-104.84585,39.59683],[-104.84807,39.59672],[-104.84809,39.59507],[-104.85745,39.59506],[-104.85753,39.59711],[-104.86059,39.59831],[-104.86023,39.59504],[-104.87623,39.59503],[-104.87778,39.59622],[-104.87763,39.59868],[-104.88086,39.59867],[-104.88088,39.59504],[-104.88889,39.59489],[-104.8889,39.59689],[-104.89347,39.59687],[-104.895,39.59867],[-104.8972,39.59866],[-104.89721,39.59688],[-104.90416,39.59681],[-104.90418,39.59503],[-104.92289,39.59506],[-104.92278,39.62408],[-104.92515,39.62407],[-104.92512,39.62827],[-104.92599,39.62894],[-104.92509,39.6313]]]}},{"type":"Feature","properties":{"zcta":"80011","d":1034},"geometry":{"type":"Polygon","coordinates":[[[-104.82827,39.7403],[-104.82837,39.74337],[-104.82999,39.75012],[-104.83289,39.75283],[-104.83285,39.75471],[-104.83889,39.75666],[-104.84693,39.75667],[-104.84696,39.75919],[-104.84574,39.75998],[-104.84576,39.76246],[-104.84448,39.76691],[-104.83685,39.76634],[-104.82793,39.7642],[-104.82832,39.76916],[-104.82816,39.77258],[-104.81,39.77101],[-104.80988,39.77282],[-104.79059,39.77282],[-104.78158,39.7728],[-104.78156,39.77648],[-104.77216,39.77641],[-104.77217,39.7715],[-104.76456,39.77157],[-104.76457,39.76919],[-104.75344,39.7693],[-104.7346,39.76918],[-104.73467,39.75675],[-104.73918,39.75674],[-104.74004,39.75553],[-104.74319,39.75641],[-104.74208,39.75773],[-104.74504,39.75889],[-104.74512,39.75353],[-104.74932,39.75172],[-104.73478,39.75032],[-104.73483,39.74032],[-104.73507,39.73276],[-104.74428,39.73278],[-104.74426,39.71848],[-104.74728,39.72059],[-104.75367,39.7237],[-104.75361,39.71834],[-104.74409,39.71834],[-104.73989,39.71506],[-104.7421,39.71502],[-104.74207,39.71227],[-104.75239,39.71225],[-104.75553,39.7144],[-104.76449,39.72186],[-104.77252,39.72213],[-104.77234,39.71202],[-104.78143,39.71189],[-104.78145,39.71375],[-104.78365,39.71439],[-104.78351,39.71619],[-104.78153,39.71718],[-104.7818,39.72562],[-104.78536,39.72563],[-104.78531,39.71573],[-104.79116,39.71573],[-104.79117,39.71127],[-104.79948,39.7137],[-104.79994,39.7158],[-104.80573,39.71863],[-104.8098,39.71836],[-104.80978,39.7148],[-104.81248,39.72095],[-104.81532,39.72067],[-104.8149,39.72245],[-104.81731,39.72315],[-104.8182,39.72562],[-104.81938,39.72562],[-104.81937,39.71975],[-104.81557,39.71974],[-104.81369,39.71844],[-104.81879,39.71813],[-104.81936,39.71657],[-104.82626,39.71658],[-104.82641,39.7188],[-104.82829,39.71739],[-104.83324,39.71911],[-104.83579,39.71781],[-104.84726,39.71843],[-104.85375,39.71797],[-104.84723,39.72254],[-104.84963,39.72347],[-104.85031,39.72565],[-104.85226,39.72563],[-104.84992,39.7286],[-104.84718,39.72885],[-104.84709,39.73613],[-104.84852,39.73647],[-104.84709,39.74021],[-104.82827,39.7403]]]}},{"type":"Feature","properties":{"zcta":"80005","d":1302},"geometry":{"type":"Polygon","coordinates":[[[-105.16442,39.89141],[-105.14744,39.88945],[-105.13455,39.8893],[-105.13407,39.88752],[-105.1286,39.88537],[-105.12866,39.87832],[-105.14742,39.87826],[-105.14762,39.87243],[-105.14826,39.87151],[-105.14493,39.87059],[-105.14007,39.8666],[-105.14582,39.86467],[-105.14157,39.86288],[-105.14352,39.86138],[-105.13732,39.86178],[-105.13927,39.85829],[-105.13556,39.85659],[-105.1262,39.85599],[-105.11599,39.85342],[-105.11195,39.85443],[-105.11037,39.85354],[-105.10888,39.85611],[-105.10759,39.8564],[-105.08321,39.85642],[-105.08368,39.85407],[-105.08185,39.85339],[-105.08182,39.8418],[-105.08145,39.82724],[-105.09787,39.827],[-105.10474,39.82758],[-105.11557,39.82715],[-105.14104,39.82706],[-105.14105,39.81995],[-105.14719,39.81997],[-105.14845,39.82317],[-105.1484,39.82709],[-105.16514,39.82701],[-105.1633,39.82792],[-105.16332,39.83063],[-105.15679,39.83064],[-105.1567,39.83426],[-105.15871,39.83627],[-105.15657,39.83627],[-105.15648,39.84028],[-105.15253,39.84056],[-105.14757,39.83933],[-105.14761,39.84163],[-105.16093,39.84184],[-105.16524,39.84343],[-105.1653,39.85735],[-105.15839,39.85746],[-105.15879,39.85842],[-105.1653,39.8584],[-105.16543,39.8707],[-105.16407,39.87072],[-105.16409,39.87288],[-105.16545,39.87287],[-105.16555,39.8909],[-105.16442,39.89141]]]}},{"type":"Feature","properties":{"zcta":"80137","d":7},"geometry":{"type":"Polygon","coordinates":[[[-104.65994,39.74124],[-104.65943,39.75449],[-104.65921,39.79807],[-104.6266,39.7978],[-104.62877,39.79833],[-104.62992,39.80228],[-104.62902,39.80369],[-104.63095,39.80447],[-104.62977,39.80681],[-104.62946,39.8103],[-104.62546,39.81539],[-104.62502,39.82061],[-104.62557,39.82249],[-104.6198,39.82242],[-104.61974,39.82664],[-104.60391,39.8265],[-104.60271,39.82667],[-104.58334,39.82639],[-104.58339,39.88446],[-104.54633,39.88405],[-104.52669,39.88379],[-104.52678,39.8547],[-104.56453,39.85524],[-104.56463,39.84132],[-104.56452,39.82613],[-104.52696,39.8256],[-104.52709,39.79657],[-104.50822,39.79637],[-104.50815,39.78186],[-104.55522,39.78261],[-104.5552,39.76814],[-104.54578,39.76796],[-104.54579,39.7545],[-104.53561,39.75554],[-104.52696,39.7559],[-104.52697,39.75522],[-104.53519,39.75489],[-104.54579,39.75325],[-104.54578,39.74066],[-104.54817,39.73994],[-104.56451,39.73996],[-104.56451,39.73966],[-104.52695,39.73892],[-104.52717,39.72425],[-104.5458,39.72454],[-104.54566,39.71012],[-104.55315,39.71015],[-104.55043,39.70853],[-104.5497,39.70524],[-104.5502,39.7014],[-104.5476,39.69838],[-104.54902,39.69413],[-104.54817,39.69052],[-104.55041,39.68769],[-104.54818,39.68411],[-104.54593,39.68231],[-104.54522,39.67958],[-104.54647,39.67734],[-104.54496,39.67454],[-104.54687,39.67223],[-104.5478,39.66793],[-104.54725,39.66264],[-104.55101,39.65618],[-104.55143,39.65008],[-104.55087,39.64713],[-104.54921,39.64429],[-104.55255,39.64099],[-104.55162,39.63401],[-104.54928,39.62992],[-104.54968,39.62637],[-104.54832,39.62272],[-104.54181,39.61654],[-104.53935,39.60736],[-104.5375,39.60336],[-104.53656,39.59778],[-104.53709,39.59502],[-104.54051,39.5896],[-104.54099,39.58565],[-104.53829,39.57796],[-104.53401,39.57174],[-104.53358,39.56963],[-104.53877,39.5648],[-104.58766,39.56562],[-104.60484,39.56591],[-104.64212,39.56589],[-104.64201,39.57431],[-104.66078,39.57439],[-104.66076,39.59493],[-104.65952,39.59493],[-104.65656,39.59799],[-104.65657,39.5991],[-104.65344,39.6022],[-104.6555,39.60493],[-104.65096,39.60872],[-104.65378,39.61163],[-104.65461,39.61388],[-104.65178,39.61305],[-104.65112,39.61666],[-104.65477,39.62083],[-104.65475,39.62396],[-104.66034,39.62391],[-104.66026,39.63842],[-104.67995,39.63833],[-104.67902,39.63854],[-104.6788,39.65287],[-104.67754,39.65375],[-104.67676,39.65902],[-104.67902,39.66081],[-104.67523,39.6635],[-104.6741,39.66287],[-104.66999,39.66742],[-104.66265,39.66743],[-104.66141,39.66617],[-104.66167,39.66224],[-104.65901,39.65876],[-104.65681,39.65441],[-104.65388,39.65164],[-104.65248,39.65241],[-104.64983,39.64988],[-104.64461,39.64959],[-104.6429,39.64764],[-104.63928,39.64673],[-104.6354,39.64402],[-104.62761,39.64056],[-104.62533,39.63835],[-104.60377,39.63823],[-104.60352,39.66725],[-104.64097,39.66739],[-104.64072,39.69659],[-104.64102,39.71144],[-104.62206,39.71079],[-104.62205,39.72547],[-104.6287,39.72566],[-104.64075,39.72553],[-104.64065,39.73769],[-104.65008,39.73892],[-104.65013,39.72553],[-104.66028,39.72553],[-104.66,39.73947],[-104.66139,39.74045],[-104.65994,39.74124]]]}},{"type":"Feature","properties":{"zcta":"80022","d":655},"geometry":{"type":"MultiPolygon","coordinates":[[[[-104.58339,39.88446],[-104.58334,39.82639],[-104.60271,39.82667],[-104.60391,39.8265],[-104.61974,39.82664],[-104.61915,39.87322],[-104.60526,39.87311],[-104.60515,39.88135],[-104.59981,39.88131],[-104.59978,39.88459],[-104.58339,39.88446]]],[[[-104.64047,39.93384],[-104.63102,39.93377],[-104.63099,39.92832],[-104.64044,39.9284],[-104.64047,39.93384]]],[[[-104.95235,39.81338],[-104.95077,39.81524],[-104.95084,39.81719],[-104.94886,39.82424],[-104.94816,39.83075],[-104.94147,39.83086],[-104.9301,39.84017],[-104.91279,39.85753],[-104.91192,39.8522],[-104.90952,39.8515],[-104.90812,39.85257],[-104.90738,39.85615],[-104.9054,39.8556],[-104.90787,39.85193],[-104.9033,39.8544],[-104.90318,39.85622],[-104.88243,39.85623],[-104.84878,39.88521],[-104.8319,39.89974],[-104.82273,39.89985],[-104.82046,39.89811],[-104.8164,39.8999],[-104.80923,39.90001],[-104.80891,39.91432],[-104.79011,39.91433],[-104.79005,39.91797],[-104.78844,39.91735],[-104.78274,39.91789],[-104.78365,39.92158],[-104.78288,39.92542],[-104.78165,39.92602],[-104.77656,39.92518],[-104.77503,39.92596],[-104.77571,39.92887],[-104.77146,39.92892],[-104.76752,39.93203],[-104.7629,39.9311],[-104.75919,39.93273],[-104.75656,39.93193],[-104.7539,39.93285],[-104.75159,39.93523],[-104.75246,39.94],[-104.75159,39.94118],[-104.74587,39.94172],[-104.7442,39.94353],[-104.74795,39.94734],[-104.74189,39.94852],[-104.74086,39.95023],[-104.738,39.95172],[-104.73386,39.95258],[-104.73342,39.94341],[-104.6783,39.94321],[-104.67814,39.92865],[-104.64044,39.9284],[-104.64036,39.90671],[-104.67966,39.90701],[-104.67958,39.91402],[-104.69205,39.91418],[-104.69214,39.90685],[-104.70318,39.90693],[-104.70331,39.89595],[-104.73039,39.89613],[-104.73095,39.84519],[-104.76228,39.84539],[-104.76232,39.84179],[-104.79086,39.8418],[-104.79089,39.79825],[-104.80969,39.79832],[-104.82809,39.7982],[-104.82805,39.81271],[-104.86607,39.81299],[-104.86607,39.81285],[-104.8844,39.81282],[-104.88447,39.79832],[-104.88938,39.79832],[-104.89907,39.79837],[-104.89907,39.8002],[-104.90142,39.8002],[-104.9014,39.79838],[-104.90356,39.79839],[-104.90344,39.78389],[-104.92002,39.78377],[-104.9199,39.79109],[-104.93988,39.79099],[-104.94048,39.7946],[-104.95544,39.79463],[-104.96019,39.79102],[-104.96886,39.79104],[-104.9655,39.79545],[-104.96253,39.79768],[-104.95724,39.80388],[-104.95945,39.8084],[-104.95885,39.81191],[-104.95477,39.81288],[-104.95235,39.81338]],[[-104.91914,39.84175],[-104.91785,39.84174],[-104.91796,39.84724],[-104.9191,39.84504],[-104.91914,39.84175]]]]}},{"type":"Feature","properties":{"zcta":"80226","d":2128},"geometry":{"type":"Polygon","coordinates":[[[-105.10024,39.72543],[-105.10023,39.72403],[-105.09726,39.72404],[-105.09739,39.72527],[-105.09087,39.72531],[-105.09088,39.72557],[-105.07552,39.72554],[-105.07485,39.72455],[-105.06537,39.72502],[-105.06268,39.72571],[-105.05325,39.7258],[-105.05261,39.72222],[-105.05256,39.71195],[-105.05325,39.71193],[-105.05324,39.70044],[-105.05207,39.69991],[-105.05322,39.69677],[-105.06926,39.6967],[-105.07215,39.69593],[-105.07779,39.69663],[-105.08156,39.69578],[-105.0815,39.69662],[-105.11233,39.69655],[-105.11378,39.69361],[-105.11694,39.69032],[-105.11903,39.6913],[-105.12015,39.69447],[-105.11797,39.6965],[-105.12798,39.69647],[-105.12851,39.69992],[-105.12846,39.71091],[-105.13084,39.71109],[-105.13057,39.72528],[-105.10024,39.72543]],[[-105.08579,39.72475],[-105.08463,39.72534],[-105.09087,39.72531],[-105.08579,39.72475]],[[-105.05571,39.72448],[-105.05675,39.72536],[-105.05679,39.72448],[-105.05571,39.72448]]]}},{"type":"Feature","properties":{"zcta":"80229","d":2069},"geometry":{"type":"Polygon","coordinates":[[[-104.97285,39.88522],[-104.97051,39.88425],[-104.97043,39.88144],[-104.96722,39.88092],[-104.96463,39.88148],[-104.96206,39.88517],[-104.94659,39.88503],[-104.9411,39.88086],[-104.94016,39.87738],[-104.94017,39.88198],[-104.93588,39.88185],[-104.93365,39.88314],[-104.93337,39.88506],[-104.90309,39.88524],[-104.90306,39.88108],[-104.91007,39.8818],[-104.91422,39.88154],[-104.91728,39.88264],[-104.91701,39.87939],[-104.91351,39.87424],[-104.91922,39.87045],[-104.922,39.86605],[-104.92775,39.86494],[-104.92881,39.86339],[-104.9279,39.86018],[-104.93021,39.85765],[-104.93467,39.85811],[-104.93716,39.85748],[-104.93827,39.85533],[-104.9379,39.8516],[-104.93881,39.84631],[-104.94303,39.84373],[-104.94694,39.83918],[-104.94953,39.83785],[-104.94848,39.83595],[-104.94816,39.83075],[-104.94886,39.82424],[-104.95084,39.81719],[-104.95077,39.81524],[-104.95235,39.81338],[-104.95477,39.81288],[-104.95569,39.81392],[-104.95931,39.81271],[-104.96921,39.81274],[-104.97217,39.81158],[-104.97336,39.81273],[-104.97805,39.81275],[-104.97806,39.80916],[-104.98329,39.80915],[-104.98316,39.82742],[-104.98413,39.84174],[-104.98571,39.84908],[-104.98765,39.85859],[-104.98767,39.8749],[-104.98742,39.88534],[-104.97285,39.88522]]]}},{"type":"Feature","properties":{"zcta":"80202","d":10911},"geometry":{"type":"Polygon","coordinates":[[[-104.99835,39.76209],[-104.9948,39.76349],[-104.9936,39.75933],[-104.99723,39.75663],[-104.98997,39.75094],[-104.9912,39.75001],[-104.98945,39.74865],[-104.98823,39.74959],[-104.9861,39.74753],[-104.98612,39.74489],[-104.98742,39.74488],[-104.98611,39.74328],[-104.98612,39.74168],[-104.98741,39.73843],[-104.99165,39.73844],[-104.99199,39.74131],[-104.99318,39.74039],[-104.99494,39.74171],[-104.99857,39.74019],[-104.9996,39.74213],[-104.99635,39.74467],[-104.99896,39.74667],[-105.00042,39.74552],[-105.00393,39.74957],[-105.00949,39.75393],[-105.01249,39.75529],[-105.00371,39.76138],[-104.99964,39.76598],[-104.99822,39.76667],[-104.99835,39.76209]],[[-104.99009,39.74545],[-104.98933,39.74672],[-104.99054,39.74579],[-104.99009,39.74545]]]}},{"type":"Feature","properties":{"zcta":"80210","d":3117},"geometry":{"type":"Polygon","coordinates":[[[-104.97339,39.6966],[-104.97341,39.69297],[-104.96753,39.69295],[-104.96871,39.69659],[-104.94061,39.69657],[-104.94056,39.69294],[-104.94302,39.69294],[-104.94302,39.68569],[-104.94082,39.68569],[-104.94042,39.6829],[-104.94072,39.67481],[-104.94302,39.67482],[-104.94301,39.66828],[-104.94125,39.66756],[-104.94191,39.66249],[-104.94069,39.66248],[-104.94068,39.65301],[-104.95498,39.65299],[-104.95379,39.65668],[-104.95948,39.65669],[-104.95944,39.66153],[-104.96307,39.66156],[-104.96308,39.66037],[-104.96878,39.66042],[-104.9688,39.66584],[-104.97349,39.66587],[-104.97349,39.66768],[-104.98826,39.66768],[-104.98814,39.69298],[-104.98874,39.68758],[-104.99046,39.68757],[-104.98944,39.69263],[-104.98971,39.69664],[-104.97339,39.6966]]]}},{"type":"Feature","properties":{"zcta":"80224","d":2956},"geometry":{"type":"Polygon","coordinates":[[[-104.92225,39.6959],[-104.9211,39.69875],[-104.92063,39.7069],[-104.92226,39.7073],[-104.92227,39.71472],[-104.9215,39.71594],[-104.91752,39.71589],[-104.9154,39.71742],[-104.9127,39.71729],[-104.9127,39.71479],[-104.90728,39.71433],[-104.91009,39.71138],[-104.90349,39.71128],[-104.90351,39.70273],[-104.9045,39.70014],[-104.90353,39.69971],[-104.90353,39.67336],[-104.9073,39.6733],[-104.90722,39.67193],[-104.90433,39.66657],[-104.90279,39.66495],[-104.90283,39.66048],[-104.90411,39.65997],[-104.9008,39.65311],[-104.90347,39.65311],[-104.90437,39.65137],[-104.90703,39.64971],[-104.90909,39.65238],[-104.91285,39.65237],[-104.91297,39.66313],[-104.91279,39.67485],[-104.91115,39.67485],[-104.9129,39.67914],[-104.91799,39.67944],[-104.92081,39.68033],[-104.92223,39.68209],[-104.92232,39.69299],[-104.92225,39.6959]]]}},{"type":"Feature","properties":{"zcta":"80123","d":2087},"geometry":{"type":"Polygon","coordinates":[[[-105.10932,39.63879],[-105.10935,39.64571],[-105.10052,39.64555],[-105.1005,39.64237],[-105.09027,39.64234],[-105.08963,39.64117],[-105.08637,39.64082],[-105.08635,39.6387],[-105.05334,39.63877],[-105.05341,39.6315],[-105.03632,39.63141],[-105.03477,39.63241],[-105.03495,39.62416],[-105.02311,39.62416],[-105.02311,39.62774],[-105.01632,39.62773],[-105.01898,39.62587],[-105.01687,39.62226],[-105.01722,39.62094],[-105.02083,39.61573],[-105.02518,39.61316],[-105.02355,39.60965],[-105.02463,39.60296],[-105.02489,39.59818],[-105.02894,39.59515],[-105.02985,39.59159],[-105.03755,39.59148],[-105.03756,39.5879],[-105.04177,39.5879],[-105.04168,39.58948],[-105.04675,39.59066],[-105.04428,39.5952],[-105.0537,39.59522],[-105.05377,39.59336],[-105.05788,39.59523],[-105.0795,39.59521],[-105.07981,39.59297],[-105.08188,39.59282],[-105.08029,39.5952],[-105.08468,39.5952],[-105.08467,39.59287],[-105.0902,39.59267],[-105.08795,39.59105],[-105.08827,39.58867],[-105.09107,39.58849],[-105.09152,39.59525],[-105.10545,39.5952],[-105.10599,39.59369],[-105.11017,39.59384],[-105.10999,39.60615],[-105.10794,39.60639],[-105.10755,39.61139],[-105.10995,39.61196],[-105.10985,39.63864],[-105.10932,39.63879]]]}},{"type":"Feature","properties":{"zcta":"80018","d":386},"geometry":{"type":"Polygon","coordinates":[[[-104.73195,39.74082],[-104.72564,39.74027],[-104.6783,39.74],[-104.67824,39.74019],[-104.66139,39.74045],[-104.66,39.73947],[-104.66028,39.72553],[-104.65013,39.72553],[-104.65008,39.73892],[-104.64065,39.73769],[-104.64075,39.72553],[-104.6287,39.72566],[-104.62205,39.72547],[-104.62206,39.71079],[-104.64102,39.71144],[-104.64072,39.69659],[-104.64097,39.66739],[-104.60352,39.66725],[-104.60377,39.63823],[-104.62533,39.63835],[-104.62761,39.64056],[-104.6354,39.64402],[-104.63928,39.64673],[-104.6429,39.64764],[-104.64461,39.64959],[-104.64983,39.64988],[-104.65248,39.65241],[-104.65388,39.65164],[-104.65681,39.65441],[-104.65901,39.65876],[-104.66167,39.66224],[-104.66141,39.66617],[-104.66265,39.66743],[-104.66999,39.66742],[-104.6741,39.66287],[-104.67523,39.6635],[-104.67902,39.66081],[-104.67676,39.65902],[-104.67754,39.65375],[-104.6788,39.65287],[-104.67902,39.63854],[-104.67995,39.63833],[-104.69898,39.63835],[-104.71888,39.63855],[-104.73506,39.63845],[-104.735,39.64083],[-104.7349,39.65298],[-104.71617,39.65301],[-104.71615,39.68205],[-104.73489,39.68219],[-104.73493,39.69651],[-104.73966,39.69651],[-104.7396,39.70372],[-104.73494,39.70379],[-104.7349,39.71103],[-104.73989,39.71506],[-104.74409,39.71834],[-104.75361,39.71834],[-104.75367,39.7237],[-104.74728,39.72059],[-104.74426,39.71848],[-104.74428,39.73278],[-104.73507,39.73276],[-104.73483,39.74032],[-104.73195,39.74082]]]}},{"type":"Feature","properties":{"zcta":"80108","d":504},"geometry":{"type":"Polygon","coordinates":[[[-104.9115,39.49274],[-104.90422,39.4927],[-104.90512,39.49395],[-104.90486,39.5074],[-104.89767,39.50705],[-104.8865,39.50737],[-104.87252,39.50745],[-104.87447,39.50287],[-104.87457,39.50054],[-104.87256,39.48534],[-104.87275,39.4721],[-104.87502,39.45815],[-104.87158,39.45419],[-104.86783,39.45707],[-104.86628,39.45988],[-104.86138,39.46334],[-104.86162,39.46401],[-104.85778,39.46546],[-104.8527,39.47263],[-104.85256,39.47408],[-104.84913,39.4761],[-104.84802,39.47778],[-104.84493,39.47745],[-104.84342,39.48125],[-104.84151,39.48141],[-104.8397,39.47969],[-104.83792,39.4806],[-104.83457,39.48025],[-104.83367,39.48175],[-104.83023,39.4836],[-104.8283,39.48699],[-104.82106,39.49379],[-104.82056,39.49692],[-104.81897,39.49856],[-104.81273,39.49265],[-104.81306,39.48563],[-104.81666,39.48177],[-104.81625,39.47919],[-104.81219,39.4783],[-104.8215,39.47827],[-104.82179,39.46388],[-104.79359,39.46408],[-104.78915,39.46397],[-104.79608,39.45673],[-104.80493,39.4507],[-104.80942,39.4482],[-104.81136,39.44455],[-104.81598,39.44041],[-104.81132,39.44115],[-104.80899,39.44009],[-104.80893,39.43817],[-104.81421,39.43455],[-104.81982,39.42634],[-104.80848,39.42344],[-104.79835,39.42392],[-104.79834,39.4275],[-104.7765,39.42766],[-104.77685,39.43035],[-104.77257,39.43206],[-104.76738,39.43131],[-104.76446,39.43248],[-104.7632,39.43192],[-104.7637,39.42985],[-104.7698,39.42563],[-104.77088,39.42022],[-104.76888,39.41683],[-104.78442,39.41669],[-104.78443,39.40212],[-104.78907,39.40212],[-104.78912,39.3964],[-104.7936,39.39621],[-104.80314,39.39205],[-104.80416,39.3897],[-104.80345,39.38566],[-104.80525,39.38267],[-104.81062,39.37778],[-104.81301,39.3766],[-104.81769,39.37575],[-104.82208,39.37592],[-104.82978,39.37706],[-104.82832,39.383],[-104.83034,39.38746],[-104.83036,39.4033],[-104.83234,39.40542],[-104.83713,39.40605],[-104.84143,39.41004],[-104.84644,39.40988],[-104.8529,39.40676],[-104.85756,39.40722],[-104.86002,39.40871],[-104.86385,39.41254],[-104.86622,39.41327],[-104.8682,39.41264],[-104.87441,39.40924],[-104.8795,39.41322],[-104.88537,39.41901],[-104.88838,39.42037],[-104.90152,39.42534],[-104.90493,39.42712],[-104.91478,39.42974],[-104.91488,39.43833],[-104.91454,39.44649],[-104.91604,39.45089],[-104.91453,39.45296],[-104.91379,39.45882],[-104.91388,39.46692],[-104.91458,39.47036],[-104.92171,39.4731],[-104.92459,39.48084],[-104.92434,39.48251],[-104.9277,39.48653],[-104.92697,39.49274],[-104.9115,39.49274]]]}},{"type":"Feature","properties":{"zcta":"80134","d":706},"geometry":{"type":"Polygon","coordinates":[[[-104.86769,39.51706],[-104.86749,39.5231],[-104.8685,39.53625],[-104.83,39.53639],[-104.83012,39.55492],[-104.82351,39.5569],[-104.82301,39.55792],[-104.81986,39.55698],[-104.8187,39.56115],[-104.81573,39.56345],[-104.81569,39.56599],[-104.80137,39.56589],[-104.79137,39.56609],[-104.78531,39.56609],[-104.78021,39.55853],[-104.76865,39.5382],[-104.76754,39.53501],[-104.76389,39.51026],[-104.75773,39.5095],[-104.7566,39.50767],[-104.75571,39.49998],[-104.7499,39.49441],[-104.7495,39.49319],[-104.74496,39.4929],[-104.73727,39.49157],[-104.73261,39.48993],[-104.72863,39.48916],[-104.72477,39.48729],[-104.71987,39.48206],[-104.71732,39.47852],[-104.71053,39.47598],[-104.70308,39.47071],[-104.69354,39.4658],[-104.69037,39.46373],[-104.68122,39.45391],[-104.68127,39.45141],[-104.67746,39.44754],[-104.67056,39.44297],[-104.66929,39.44069],[-104.66894,39.43702],[-104.66659,39.43451],[-104.66267,39.4344],[-104.66273,39.42749],[-104.66727,39.42723],[-104.66756,39.42445],[-104.67062,39.42119],[-104.67341,39.42012],[-104.68154,39.42013],[-104.68163,39.41296],[-104.6996,39.41292],[-104.70509,39.41483],[-104.71275,39.41906],[-104.73298,39.42545],[-104.74544,39.43074],[-104.74918,39.43209],[-104.76007,39.43511],[-104.7611,39.41684],[-104.76888,39.41683],[-104.77088,39.42022],[-104.7698,39.42563],[-104.7637,39.42985],[-104.7632,39.43192],[-104.76446,39.43248],[-104.76738,39.43131],[-104.77257,39.43206],[-104.77685,39.43035],[-104.7765,39.42766],[-104.79834,39.4275],[-104.79835,39.42392],[-104.80848,39.42344],[-104.81982,39.42634],[-104.81421,39.43455],[-104.80893,39.43817],[-104.80899,39.44009],[-104.81132,39.44115],[-104.81598,39.44041],[-104.81136,39.44455],[-104.80942,39.4482],[-104.80493,39.4507],[-104.79608,39.45673],[-104.78915,39.46397],[-104.79359,39.46408],[-104.82179,39.46388],[-104.8215,39.47827],[-104.81219,39.4783],[-104.81625,39.47919],[-104.81666,39.48177],[-104.81306,39.48563],[-104.81273,39.49265],[-104.81897,39.49856],[-104.82056,39.49692],[-104.82106,39.49379],[-104.8283,39.48699],[-104.83023,39.4836],[-104.83367,39.48175],[-104.83457,39.48025],[-104.83792,39.4806],[-104.8397,39.47969],[-104.84151,39.48141],[-104.84342,39.48125],[-104.84493,39.47745],[-104.84802,39.47778],[-104.84913,39.4761],[-104.85256,39.47408],[-104.8527,39.47263],[-104.85778,39.46546],[-104.86162,39.46401],[-104.86138,39.46334],[-104.86628,39.45988],[-104.86783,39.45707],[-104.87158,39.45419],[-104.87502,39.45815],[-104.87275,39.4721],[-104.87256,39.48534],[-104.87457,39.50054],[-104.87447,39.50287],[-104.87252,39.50745],[-104.86769,39.51706]],[[-104.80868,39.56108],[-104.80792,39.56478],[-104.81054,39.56228],[-104.80868,39.56108]]]}},{"type":"Feature","properties":{"zcta":"80427","d":0},"geometry":{"type":"Polygon","coordinates":[[[-105.58444,39.82347],[-105.57835,39.82388],[-105.57418,39.82322],[-105.56815,39.82572],[-105.56611,39.82476],[-105.56072,39.82588],[-105.55399,39.82483],[-105.54963,39.82671],[-105.54787,39.82863],[-105.54516,39.82842],[-105.54156,39.82683],[-105.54218,39.82506],[-105.54075,39.8199],[-105.5311,39.81869],[-105.52807,39.81775],[-105.50814,39.81788],[-105.50502,39.81749],[-105.5,39.81565],[-105.49702,39.81164],[-105.49784,39.80937],[-105.49718,39.80745],[-105.49798,39.80505],[-105.494,39.80249],[-105.49481,39.80152],[-105.50089,39.79977],[-105.50467,39.79696],[-105.50467,39.79232],[-105.50793,39.79084],[-105.5037,39.78988],[-105.49238,39.79115],[-105.48862,39.7888],[-105.48655,39.78653],[-105.48335,39.7849],[-105.48242,39.782],[-105.48088,39.78062],[-105.47537,39.77819],[-105.47337,39.7762],[-105.46928,39.76913],[-105.4646,39.7664],[-105.46351,39.76245],[-105.46645,39.76167],[-105.46961,39.76348],[-105.47622,39.7626],[-105.47854,39.7641],[-105.48036,39.76371],[-105.48078,39.76203],[-105.48513,39.76006],[-105.49348,39.75817],[-105.49674,39.75955],[-105.49658,39.76111],[-105.49397,39.76292],[-105.49437,39.76385],[-105.50007,39.76306],[-105.50789,39.76337],[-105.51147,39.76601],[-105.51765,39.76492],[-105.5262,39.76878],[-105.52999,39.76906],[-105.53412,39.77027],[-105.54341,39.77452],[-105.54442,39.77776],[-105.54818,39.78178],[-105.54672,39.78797],[-105.54968,39.78893],[-105.55409,39.79186],[-105.5557,39.79442],[-105.56052,39.79507],[-105.56418,39.79974],[-105.5656,39.79937],[-105.57033,39.80053],[-105.57289,39.80366],[-105.5728,39.80652],[-105.57397,39.80997],[-105.57611,39.81119],[-105.57695,39.81465],[-105.57455,39.81663],[-105.57436,39.81888],[-105.57795,39.82249],[-105.58338,39.82212],[-105.58444,39.82347]]]}},{"type":"Feature","properties":{"zcta":"80236","d":2439},"geometry":{"type":"Polygon","coordinates":[[[-105.05318,39.65166],[-105.05308,39.65335],[-105.04689,39.65363],[-105.04833,39.65726],[-105.05322,39.65616],[-105.0526,39.65964],[-105.05274,39.66778],[-105.02604,39.66773],[-105.02164,39.66614],[-105.01572,39.66695],[-105.0158,39.66051],[-105.02241,39.66025],[-105.02268,39.65724],[-105.02979,39.65745],[-105.03259,39.65669],[-105.0328,39.65255],[-105.02996,39.65129],[-105.02994,39.64933],[-105.03161,39.64941],[-105.02996,39.64683],[-105.03465,39.64598],[-105.03466,39.64371],[-105.0328,39.64281],[-105.02832,39.64226],[-105.02838,39.64011],[-105.03,39.63858],[-105.03471,39.63859],[-105.03477,39.63241],[-105.03632,39.63141],[-105.05341,39.6315],[-105.05334,39.63877],[-105.05318,39.65166]]]}},{"type":"Feature","properties":{"zcta":"80214","d":3072},"geometry":{"type":"MultiPolygon","coordinates":[[[[-105.05675,39.72536],[-105.05571,39.72448],[-105.05679,39.72448],[-105.05675,39.72536]]],[[[-105.08463,39.72534],[-105.08579,39.72475],[-105.09087,39.72531],[-105.08463,39.72534]]],[[[-105.07201,39.7548],[-105.07257,39.75497],[-105.07204,39.76208],[-105.06264,39.76209],[-105.05262,39.76209],[-105.05324,39.75847],[-105.05321,39.74398],[-105.05267,39.74398],[-105.05321,39.73929],[-105.05325,39.7258],[-105.06268,39.72571],[-105.06537,39.72502],[-105.07485,39.72455],[-105.07552,39.72554],[-105.09088,39.72557],[-105.09205,39.72878],[-105.09129,39.73293],[-105.09258,39.73293],[-105.09257,39.73652],[-105.09077,39.73654],[-105.09076,39.74031],[-105.09187,39.74031],[-105.09137,39.7436],[-105.09138,39.75115],[-105.0908,39.7548],[-105.07201,39.7548]]]]}},{"type":"Feature","properties":{"zcta":"80223","d":2123},"geometry":{"type":"Polygon","coordinates":[[[-104.98829,39.71658],[-104.9875,39.71658],[-104.98757,39.71116],[-104.9924,39.71026],[-104.99241,39.70846],[-104.99001,39.70847],[-104.98997,39.70579],[-104.98756,39.70573],[-104.98754,39.70159],[-104.99096,39.70349],[-104.98971,39.69664],[-104.98944,39.69263],[-104.99046,39.68757],[-104.98874,39.68758],[-104.98814,39.69298],[-104.98826,39.66768],[-105.00035,39.66773],[-105.00394,39.66649],[-105.00489,39.66369],[-105.00439,39.66048],[-105.01094,39.66051],[-105.00819,39.66409],[-105.00636,39.6677],[-105.00636,39.67676],[-105.00864,39.67678],[-105.00866,39.67863],[-105.0157,39.67868],[-105.01629,39.68233],[-105.01607,39.69598],[-105.01633,39.7002],[-105.01408,39.69997],[-105.01382,39.70256],[-105.01623,39.70272],[-105.01624,39.71455],[-105.01758,39.71828],[-105.01705,39.72205],[-105.01866,39.72204],[-105.01866,39.72388],[-105.01867,39.72519],[-105.00966,39.72578],[-105.009,39.72279],[-105.00702,39.72093],[-105.00018,39.72093],[-105.00018,39.72253],[-104.98833,39.72254],[-104.98829,39.71658]]]}},{"type":"Feature","properties":{"zcta":"80102","d":12},"geometry":{"type":"Polygon","coordinates":[[[-104.5458,39.91304],[-104.48931,39.91237],[-104.48964,39.95569],[-104.41434,39.95564],[-104.41463,40.00074],[-104.34003,40.00073],[-104.34017,39.99898],[-104.33815,39.91242],[-104.3477,39.91234],[-104.34764,39.8979],[-104.3763,39.89767],[-104.37617,39.8806],[-104.37705,39.87455],[-104.37611,39.85426],[-104.37609,39.83903],[-104.35765,39.83891],[-104.35793,39.82536],[-104.37654,39.82525],[-104.37736,39.73812],[-104.39763,39.73804],[-104.39318,39.73556],[-104.37697,39.73304],[-104.37733,39.73282],[-104.37724,39.72383],[-104.37791,39.69223],[-104.37805,39.6803],[-104.39694,39.68032],[-104.39743,39.63663],[-104.36032,39.63687],[-104.36193,39.56431],[-104.32827,39.56439],[-104.29606,39.56466],[-104.29592,39.55311],[-104.30123,39.55311],[-104.30125,39.51291],[-104.29639,39.51308],[-104.29642,39.50577],[-104.30125,39.50581],[-104.30151,39.49578],[-104.29701,39.49614],[-104.29703,39.46962],[-104.30072,39.47391],[-104.30657,39.47522],[-104.31072,39.47686],[-104.31565,39.47808],[-104.31154,39.47961],[-104.30744,39.48218],[-104.3023,39.48451],[-104.29987,39.48874],[-104.29943,39.49096],[-104.30832,39.48861],[-104.31251,39.48952],[-104.31624,39.4879],[-104.31801,39.48586],[-104.32164,39.48401],[-104.32489,39.48332],[-104.33239,39.48378],[-104.33348,39.483],[-104.33493,39.4768],[-104.33945,39.4767],[-104.34042,39.48007],[-104.34211,39.48158],[-104.34509,39.48178],[-104.34672,39.47908],[-104.35104,39.4776],[-104.35383,39.47954],[-104.36767,39.47849],[-104.36741,39.49149],[-104.42261,39.49155],[-104.4226,39.50603],[-104.4388,39.50604],[-104.44139,39.50426],[-104.44131,39.49146],[-104.45779,39.49146],[-104.45737,39.56398],[-104.53168,39.56468],[-104.53877,39.5648],[-104.53358,39.56963],[-104.53401,39.57174],[-104.53829,39.57796],[-104.54099,39.58565],[-104.54051,39.5896],[-104.53709,39.59502],[-104.53656,39.59778],[-104.5375,39.60336],[-104.53935,39.60736],[-104.54181,39.61654],[-104.54832,39.62272],[-104.54968,39.62637],[-104.54928,39.62992],[-104.55162,39.63401],[-104.55255,39.64099],[-104.54921,39.64429],[-104.55087,39.64713],[-104.55143,39.65008],[-104.55101,39.65618],[-104.54725,39.66264],[-104.5478,39.66793],[-104.54687,39.67223],[-104.54496,39.67454],[-104.54647,39.67734],[-104.54522,39.67958],[-104.54593,39.68231],[-104.54818,39.68411],[-104.55041,39.68769],[-104.54817,39.69052],[-104.54902,39.69413],[-104.5476,39.69838],[-104.5502,39.7014],[-104.5497,39.70524],[-104.55043,39.70853],[-104.55315,39.71015],[-104.54566,39.71012],[-104.5458,39.72454],[-104.52717,39.72425],[-104.52695,39.73892],[-104.56451,39.73966],[-104.56451,39.73996],[-104.54817,39.73994],[-104.54578,39.74066],[-104.54579,39.75325],[-104.53519,39.75489],[-104.52697,39.75522],[-104.52696,39.7559],[-104.53561,39.75554],[-104.54579,39.7545],[-104.54578,39.76796],[-104.5552,39.76814],[-104.55522,39.78261],[-104.50815,39.78186],[-104.50822,39.79637],[-104.52709,39.79657],[-104.52696,39.8256],[-104.56452,39.82613],[-104.56463,39.84132],[-104.56453,39.85524],[-104.52678,39.8547],[-104.52669,39.88379],[-104.54633,39.88405],[-104.5458,39.91304]]]}},{"type":"Feature","properties":{"zcta":"80422","d":15},"geometry":{"type":"Polygon","coordinates":[[[-105.42263,39.93067],[-105.42283,39.92697],[-105.42734,39.92288],[-105.42943,39.91824],[-105.42641,39.92074],[-105.42403,39.92079],[-105.42403,39.91907],[-105.41995,39.91926],[-105.4199,39.91211],[-105.4158,39.91234],[-105.41616,39.90493],[-105.41827,39.90486],[-105.4188,39.89774],[-105.42567,39.89757],[-105.42572,39.89398],[-105.43505,39.89393],[-105.435,39.89755],[-105.44429,39.89744],[-105.44435,39.89384],[-105.44876,39.89386],[-105.44832,39.89154],[-105.44615,39.88908],[-105.44563,39.8844],[-105.44442,39.88067],[-105.44472,39.87454],[-105.4433,39.87284],[-105.44564,39.87096],[-105.44472,39.86545],[-105.44608,39.86155],[-105.44771,39.86135],[-105.44747,39.85688],[-105.44513,39.85642],[-105.44395,39.85383],[-105.44529,39.85168],[-105.44438,39.84863],[-105.44282,39.84792],[-105.44337,39.84281],[-105.43834,39.83876],[-105.4389,39.83788],[-105.43407,39.83656],[-105.43085,39.83383],[-105.41561,39.82982],[-105.41063,39.83027],[-105.40986,39.82741],[-105.41085,39.82513],[-105.40575,39.82116],[-105.39963,39.81757],[-105.39804,39.81603],[-105.39795,39.79877],[-105.39889,39.79993],[-105.40269,39.80149],[-105.40524,39.79967],[-105.40846,39.80134],[-105.40945,39.79691],[-105.41225,39.7966],[-105.41253,39.79242],[-105.41748,39.78757],[-105.41655,39.78486],[-105.41699,39.78277],[-105.41939,39.78035],[-105.42076,39.77383],[-105.42007,39.77267],[-105.4217,39.76797],[-105.4231,39.76697],[-105.42523,39.76281],[-105.42713,39.76355],[-105.43069,39.76334],[-105.43386,39.762],[-105.4388,39.76109],[-105.44202,39.76314],[-105.44674,39.76433],[-105.44886,39.76273],[-105.4533,39.76315],[-105.4562,39.76168],[-105.46277,39.76502],[-105.46262,39.76621],[-105.46607,39.77003],[-105.46807,39.76895],[-105.47056,39.7718],[-105.47061,39.77384],[-105.4745,39.77841],[-105.47995,39.78039],[-105.48242,39.782],[-105.48335,39.7849],[-105.48655,39.78653],[-105.48862,39.7888],[-105.49238,39.79115],[-105.5037,39.78988],[-105.50793,39.79084],[-105.50467,39.79232],[-105.50467,39.79696],[-105.50089,39.79977],[-105.49481,39.80152],[-105.494,39.80249],[-105.49798,39.80505],[-105.49718,39.80745],[-105.49784,39.80937],[-105.49702,39.81164],[-105.5,39.81565],[-105.50502,39.81749],[-105.50814,39.81788],[-105.52807,39.81775],[-105.5311,39.81869],[-105.54075,39.8199],[-105.54218,39.82506],[-105.54156,39.82683],[-105.54516,39.82842],[-105.54787,39.82863],[-105.54963,39.82671],[-105.55399,39.82483],[-105.56072,39.82588],[-105.56611,39.82476],[-105.56815,39.82572],[-105.57418,39.82322],[-105.57835,39.82388],[-105.58444,39.82347],[-105.58338,39.82212],[-105.59564,39.81611],[-105.59794,39.81836],[-105.60262,39.81811],[-105.60308,39.82051],[-105.60581,39.82264],[-105.6119,39.82463],[-105.61362,39.82303],[-105.61617,39.82544],[-105.62553,39.83138],[-105.62895,39.83274],[-105.62854,39.83436],[-105.63133,39.83732],[-105.63086,39.83926],[-105.63328,39.8437],[-105.64065,39.84495],[-105.64387,39.8461],[-105.64969,39.84651],[-105.65187,39.84829],[-105.65978,39.85045],[-105.66266,39.85002],[-105.66775,39.84753],[-105.67623,39.84922],[-105.67792,39.84728],[-105.68109,39.84729],[-105.68668,39.84958],[-105.69035,39.852],[-105.6927,39.85499],[-105.69358,39.85823],[-105.69612,39.86152],[-105.69777,39.86799],[-105.69685,39.8717],[-105.69915,39.87414],[-105.70077,39.87894],[-105.69838,39.88096],[-105.69779,39.88446],[-105.69942,39.88587],[-105.69972,39.8915],[-105.69791,39.894],[-105.69118,39.89722],[-105.6918,39.89839],[-105.69031,39.9019],[-105.68723,39.90419],[-105.68853,39.90715],[-105.68786,39.9117],[-105.68651,39.91284],[-105.68573,39.91583],[-105.683,39.91725],[-105.68227,39.92191],[-105.67888,39.92765],[-105.67661,39.92857],[-105.67788,39.93072],[-105.6758,39.93245],[-105.65644,39.93239],[-105.65642,39.93119],[-105.65356,39.9293],[-105.64945,39.9278],[-105.64716,39.92784],[-105.64526,39.92541],[-105.6478,39.92431],[-105.64808,39.92286],[-105.64281,39.92222],[-105.63856,39.92296],[-105.63332,39.92285],[-105.62587,39.92584],[-105.62024,39.92612],[-105.61542,39.92523],[-105.61359,39.92569],[-105.61226,39.92412],[-105.61545,39.92244],[-105.61319,39.92171],[-105.60907,39.92414],[-105.60396,39.9248],[-105.5991,39.92352],[-105.59295,39.92386],[-105.59019,39.92158],[-105.59138,39.91942],[-105.59071,39.91664],[-105.58409,39.91511],[-105.58268,39.90955],[-105.57923,39.90822],[-105.57428,39.90797],[-105.56118,39.90806],[-105.55693,39.90903],[-105.55455,39.91133],[-105.5516,39.91295],[-105.54211,39.91392],[-105.53775,39.91502],[-105.53231,39.91353],[-105.52567,39.91503],[-105.52243,39.91476],[-105.51755,39.91752],[-105.51434,39.91781],[-105.50254,39.9172],[-105.50183,39.91462],[-105.4991,39.914],[-105.49278,39.91392],[-105.49165,39.91796],[-105.4943,39.91787],[-105.49856,39.91927],[-105.49835,39.92178],[-105.50274,39.92197],[-105.50288,39.92514],[-105.50193,39.92898],[-105.49971,39.93127],[-105.50115,39.93239],[-105.45748,39.93219],[-105.45565,39.93229],[-105.45321,39.93423],[-105.44948,39.93521],[-105.448,39.93649],[-105.44023,39.93839],[-105.42972,39.93137],[-105.4282,39.93109],[-105.42263,39.93067]]]}},{"type":"Feature","properties":{"zcta":"80117","d":6},"geometry":{"type":"Polygon","coordinates":[[[-104.44131,39.49146],[-104.44139,39.50426],[-104.4388,39.50604],[-104.4226,39.50603],[-104.42261,39.49155],[-104.36741,39.49149],[-104.36767,39.47849],[-104.35383,39.47954],[-104.35104,39.4776],[-104.34672,39.47908],[-104.34509,39.48178],[-104.34211,39.48158],[-104.34042,39.48007],[-104.33945,39.4767],[-104.33493,39.4768],[-104.33348,39.483],[-104.33239,39.48378],[-104.32489,39.48332],[-104.32164,39.48401],[-104.31801,39.48586],[-104.31624,39.4879],[-104.31251,39.48952],[-104.30832,39.48861],[-104.29943,39.49096],[-104.29987,39.48874],[-104.3023,39.48451],[-104.30744,39.48218],[-104.31154,39.47961],[-104.31565,39.47808],[-104.31072,39.47686],[-104.30657,39.47522],[-104.30072,39.47391],[-104.29703,39.46962],[-104.29705,39.4331],[-104.27412,39.43304],[-104.2739,39.40426],[-104.28292,39.40421],[-104.28671,39.40523],[-104.28668,39.40411],[-104.28317,39.40131],[-104.2861,39.39898],[-104.28608,39.39532],[-104.28957,39.39294],[-104.28827,39.39193],[-104.28462,39.39241],[-104.28255,39.39171],[-104.28228,39.3898],[-104.28586,39.38743],[-104.28166,39.38334],[-104.28154,39.38236],[-104.28464,39.38101],[-104.28498,39.37744],[-104.28327,39.37673],[-104.28087,39.3791],[-104.27866,39.37825],[-104.27844,39.37499],[-104.27943,39.36963],[-104.2813,39.36559],[-104.28116,39.3618],[-104.27987,39.36006],[-104.27991,39.35677],[-104.27433,39.35531],[-104.27473,39.35387],[-104.27211,39.35401],[-104.27202,39.35232],[-104.26932,39.35088],[-104.2641,39.35221],[-104.26264,39.35085],[-104.2606,39.35165],[-104.25527,39.34937],[-104.25468,39.34755],[-104.25188,39.34645],[-104.25338,39.34597],[-104.25333,39.33117],[-104.25482,39.30249],[-104.25489,39.28818],[-104.24414,39.28808],[-104.24414,39.27363],[-104.24929,39.2738],[-104.25353,39.27465],[-104.27561,39.28007],[-104.30583,39.29045],[-104.31004,39.29257],[-104.31021,39.27375],[-104.32807,39.27381],[-104.32849,39.26518],[-104.33299,39.2652],[-104.33354,39.26658],[-104.34718,39.26664],[-104.35076,39.27563],[-104.35279,39.27977],[-104.35304,39.28579],[-104.35476,39.29217],[-104.35369,39.29406],[-104.35349,39.30148],[-104.35652,39.30585],[-104.35662,39.30855],[-104.37762,39.31908],[-104.39447,39.32524],[-104.39455,39.3179],[-104.38979,39.31047],[-104.39023,39.30621],[-104.39451,39.29935],[-104.40089,39.29349],[-104.40439,39.28519],[-104.40744,39.28227],[-104.4074,39.27893],[-104.4082,39.27301],[-104.41037,39.26855],[-104.41335,39.26812],[-104.41863,39.26624],[-104.42216,39.26359],[-104.42714,39.262],[-104.43038,39.25945],[-104.45154,39.25961],[-104.45222,39.25611],[-104.45466,39.25126],[-104.45845,39.24834],[-104.45606,39.24715],[-104.45983,39.24575],[-104.46154,39.23777],[-104.46395,39.2343],[-104.46406,39.2326],[-104.47787,39.23055],[-104.47787,39.25945],[-104.478,39.28171],[-104.49708,39.2817],[-104.4971,39.27815],[-104.51572,39.27804],[-104.51568,39.28907],[-104.53421,39.28895],[-104.53415,39.29265],[-104.54357,39.29268],[-104.54355,39.28865],[-104.55215,39.28889],[-104.55338,39.30327],[-104.55336,39.30827],[-104.5264,39.30843],[-104.52625,39.31361],[-104.53542,39.3136],[-104.5354,39.32103],[-104.54141,39.32104],[-104.54117,39.32507],[-104.53824,39.32514],[-104.53809,39.33057],[-104.53594,39.33053],[-104.53593,39.33238],[-104.53337,39.33239],[-104.53324,39.33979],[-104.53145,39.33977],[-104.53144,39.3438],[-104.52867,39.34383],[-104.52896,39.35424],[-104.53318,39.35424],[-104.53321,39.35775],[-104.5378,39.35777],[-104.53779,39.35964],[-104.5425,39.36056],[-104.54274,39.37208],[-104.54685,39.37263],[-104.5433,39.37741],[-104.53823,39.37805],[-104.53829,39.38295],[-104.53349,39.38291],[-104.5334,39.41206],[-104.53231,39.41205],[-104.5285,39.40532],[-104.52761,39.40493],[-104.51453,39.40493],[-104.51447,39.41926],[-104.49609,39.41911],[-104.49595,39.43737],[-104.49153,39.4371],[-104.49162,39.43918],[-104.49587,39.4393],[-104.49585,39.45506],[-104.47813,39.45512],[-104.47802,39.46267],[-104.458,39.46238],[-104.45779,39.49146],[-104.44131,39.49146]]]}},{"type":"Feature","properties":{"zcta":"80234","d":2110},"geometry":{"type":"Polygon","coordinates":[[[-105.02304,39.91713],[-105.01499,39.91922],[-105.01359,39.92169],[-105.01554,39.92486],[-105.01549,39.92854],[-105.02419,39.92854],[-105.02403,39.93147],[-105.02183,39.93372],[-105.01552,39.93342],[-105.01566,39.94309],[-104.98798,39.94307],[-104.98781,39.92854],[-104.98792,39.91938],[-104.98961,39.91407],[-104.99058,39.90943],[-104.99024,39.90616],[-104.98751,39.89793],[-104.98742,39.88534],[-104.9966,39.88527],[-104.99659,39.88303],[-104.99997,39.88336],[-104.99996,39.8845],[-105.00558,39.88449],[-105.0061,39.88506],[-105.01552,39.88506],[-105.01551,39.88287],[-105.02201,39.88287],[-105.02201,39.88503],[-105.02502,39.88505],[-105.02486,39.90948],[-105.02498,39.91412],[-105.02304,39.91713]]]}},{"type":"Feature","properties":{"zcta":"80109","d":493},"geometry":{"type":"Polygon","coordinates":[[[-104.90152,39.42534],[-104.88838,39.42037],[-104.88537,39.41901],[-104.8795,39.41322],[-104.87441,39.40924],[-104.8682,39.41264],[-104.8654,39.40832],[-104.86054,39.39734],[-104.8598,39.39148],[-104.86073,39.3802],[-104.86312,39.37443],[-104.8684,39.35774],[-104.87201,39.35024],[-104.89071,39.29846],[-104.89147,39.29702],[-104.89628,39.29779],[-104.907,39.29841],[-104.90993,39.29757],[-104.91781,39.29694],[-104.9189,39.29706],[-104.91891,39.30102],[-104.92365,39.30046],[-104.92367,39.30883],[-104.92564,39.31053],[-104.92959,39.30995],[-104.93071,39.31219],[-104.93345,39.31507],[-104.93409,39.31781],[-104.93617,39.3198],[-104.93728,39.31901],[-104.94128,39.31985],[-104.94233,39.32124],[-104.94224,39.32853],[-104.93716,39.32778],[-104.93539,39.3305],[-104.93102,39.33046],[-104.92937,39.33139],[-104.93057,39.3331],[-104.92391,39.33302],[-104.92336,39.35558],[-104.91408,39.35538],[-104.91406,39.36159],[-104.91535,39.36207],[-104.91687,39.36014],[-104.92001,39.35934],[-104.92061,39.36021],[-104.92438,39.35891],[-104.9282,39.35991],[-104.93065,39.36182],[-104.934,39.36108],[-104.93558,39.36459],[-104.93437,39.36525],[-104.93415,39.36934],[-104.93537,39.37027],[-104.93551,39.37685],[-104.92851,39.37686],[-104.92909,39.40578],[-104.93322,39.4058],[-104.93317,39.41293],[-104.9239,39.41288],[-104.9239,39.42754],[-104.92105,39.42705],[-104.91371,39.42784],[-104.91164,39.42469],[-104.90754,39.42419],[-104.90537,39.4231],[-104.90493,39.42712],[-104.90152,39.42534]]]}},{"type":"Feature","properties":{"zcta":"80103","d":5},"geometry":{"type":"Polygon","coordinates":[[[-104.15088,39.95703],[-104.15024,39.94273],[-104.13972,39.94278],[-104.13166,39.9425],[-104.08151,39.9427],[-104.07725,39.94739],[-104.07345,39.95576],[-104.07214,39.96173],[-104.07185,39.97035],[-104.07364,39.97447],[-104.07469,39.97918],[-104.07424,39.98165],[-104.07192,39.98556],[-104.06708,39.98553],[-104.06694,40.00104],[-104.058,40.00104],[-104.05725,39.97141],[-104.0384,39.97138],[-104.03905,40.00107],[-104.0005,40.00117],[-103.94653,40.00117],[-103.94569,39.97191],[-103.97813,39.97177],[-103.98054,39.89845],[-103.99938,39.89847],[-103.99913,39.8694],[-103.89166,39.86975],[-103.89139,39.85242],[-103.88846,39.84878],[-103.88555,39.84846],[-103.87943,39.85184],[-103.87277,39.85397],[-103.8721,39.8388],[-103.86528,39.83617],[-103.86347,39.83693],[-103.86035,39.83439],[-103.85746,39.8297],[-103.84871,39.82554],[-103.84016,39.82477],[-103.83767,39.82357],[-103.83405,39.82026],[-103.8339,39.81258],[-103.83096,39.81015],[-103.86842,39.78398],[-103.91897,39.75353],[-103.92073,39.75158],[-103.92223,39.74768],[-103.92188,39.74423],[-103.91929,39.74067],[-103.9723,39.7404],[-103.98753,39.74022],[-103.98604,39.73127],[-103.98437,39.72603],[-103.98463,39.71716],[-103.98411,39.70816],[-103.98487,39.68249],[-103.98836,39.68379],[-103.99168,39.68359],[-103.99437,39.68199],[-103.99576,39.68288],[-103.99969,39.68218],[-104.04138,39.68197],[-104.04042,39.73998],[-104.09625,39.73985],[-104.09655,39.68181],[-104.09839,39.67807],[-104.09878,39.67269],[-104.10123,39.66839],[-104.10156,39.6646],[-104.10029,39.66148],[-104.09463,39.6575],[-104.09292,39.65241],[-104.09479,39.64971],[-104.09617,39.6442],[-104.09492,39.64265],[-104.09563,39.64052],[-104.09728,39.64261],[-104.0986,39.64167],[-104.09805,39.63978],[-104.09521,39.63808],[-104.09621,39.63334],[-104.09536,39.62705],[-104.0958,39.6238],[-104.09479,39.61934],[-104.09283,39.61801],[-104.09144,39.61397],[-104.09197,39.60793],[-104.09431,39.60264],[-104.09491,39.59749],[-104.09356,39.59356],[-104.09395,39.58891],[-104.09258,39.58761],[-104.08843,39.58609],[-104.0859,39.58259],[-104.08101,39.57958],[-104.07995,39.57822],[-104.07735,39.57093],[-104.07905,39.56781],[-104.07808,39.56579],[-104.17426,39.56528],[-104.19381,39.56523],[-104.28847,39.56471],[-104.28501,39.56963],[-104.28151,39.57304],[-104.2773,39.57503],[-104.27145,39.57591],[-104.27073,39.57834],[-104.27291,39.58139],[-104.27232,39.58349],[-104.26514,39.58948],[-104.266,39.59374],[-104.26299,39.60055],[-104.26305,39.60694],[-104.2585,39.6119],[-104.2589,39.61332],[-104.26183,39.6146],[-104.26304,39.61621],[-104.26084,39.61882],[-104.25254,39.62257],[-104.25107,39.62605],[-104.24554,39.62921],[-104.24344,39.63425],[-104.23933,39.63742],[-104.24867,39.63747],[-104.25533,39.63603],[-104.26318,39.63741],[-104.2846,39.63729],[-104.28428,39.6952],[-104.2841,39.70576],[-104.28362,39.71337],[-104.28195,39.71553],[-104.27742,39.71633],[-104.27244,39.71562],[-104.26511,39.71683],[-104.26509,39.72632],[-104.24697,39.72176],[-104.24705,39.73891],[-104.24677,39.75528],[-104.24497,39.84049],[-104.22618,39.84058],[-104.2259,39.85508],[-104.1884,39.8553],[-104.18796,39.94236],[-104.18828,39.95685],[-104.16951,39.95695],[-104.15088,39.95703]]]}},{"type":"Feature","properties":{"zcta":"80033","d":1713},"geometry":{"type":"Polygon","coordinates":[[[-105.14323,39.77601],[-105.14144,39.77836],[-105.13788,39.77991],[-105.13798,39.79094],[-105.13009,39.791],[-105.12855,39.79381],[-105.12853,39.78913],[-105.12375,39.79012],[-105.12379,39.79462],[-105.12212,39.79463],[-105.12212,39.79101],[-105.11737,39.7915],[-105.1179,39.79465],[-105.11431,39.79466],[-105.11434,39.79208],[-105.10927,39.7931],[-105.10956,39.78723],[-105.10018,39.78899],[-105.1002,39.78385],[-105.09053,39.784],[-105.08143,39.78614],[-105.08132,39.78444],[-105.0757,39.78518],[-105.07252,39.78645],[-105.06895,39.78695],[-105.06499,39.78836],[-105.06265,39.78834],[-105.06259,39.77662],[-105.06146,39.77661],[-105.06263,39.76853],[-105.06193,39.7648],[-105.06264,39.76209],[-105.07204,39.76208],[-105.07257,39.75497],[-105.07201,39.7548],[-105.0908,39.7548],[-105.10957,39.75471],[-105.10963,39.76203],[-105.14249,39.76187],[-105.14321,39.76187],[-105.14337,39.7735],[-105.14323,39.77601]]]}},{"type":"Feature","properties":{"zcta":"80227","d":2604},"geometry":{"type":"Polygon","coordinates":[[[-105.1631,39.65874],[-105.15035,39.66563],[-105.14404,39.66755],[-105.13984,39.6677],[-105.13525,39.66703],[-105.13419,39.6677],[-105.13082,39.6669],[-105.1243,39.67263],[-105.12593,39.67456],[-105.13089,39.67513],[-105.13337,39.67728],[-105.12851,39.67656],[-105.12837,39.68015],[-105.13029,39.68078],[-105.1293,39.6821],[-105.11798,39.68214],[-105.11735,39.68129],[-105.11034,39.6816],[-105.10971,39.68082],[-105.10564,39.68086],[-105.10564,39.68215],[-105.10023,39.68216],[-105.10021,39.68139],[-105.09623,39.68139],[-105.09634,39.68218],[-105.08142,39.68223],[-105.08146,39.67895],[-105.07771,39.67844],[-105.07776,39.6822],[-105.0697,39.68221],[-105.06987,39.67695],[-105.0675,39.6771],[-105.06835,39.67957],[-105.06671,39.68055],[-105.06697,39.68222],[-105.05262,39.68229],[-105.05326,39.67916],[-105.05326,39.67328],[-105.05248,39.67226],[-105.05274,39.66778],[-105.0526,39.65964],[-105.05322,39.65616],[-105.04833,39.65726],[-105.04689,39.65363],[-105.05308,39.65335],[-105.05318,39.65166],[-105.05716,39.65199],[-105.05712,39.65335],[-105.06748,39.65332],[-105.0811,39.65285],[-105.0814,39.64987],[-105.08302,39.64999],[-105.08443,39.65236],[-105.09128,39.65322],[-105.09312,39.65138],[-105.09726,39.6519],[-105.09797,39.6532],[-105.10931,39.65319],[-105.10931,39.65389],[-105.11679,39.65342],[-105.11897,39.65259],[-105.13172,39.64379],[-105.13691,39.64016],[-105.13921,39.6394],[-105.15106,39.63913],[-105.16537,39.63742],[-105.16051,39.63954],[-105.15558,39.64341],[-105.15459,39.64598],[-105.14927,39.64685],[-105.14749,39.64838],[-105.15227,39.65033],[-105.15686,39.6508],[-105.16243,39.65058],[-105.16639,39.65151],[-105.17408,39.65186],[-105.17679,39.65295],[-105.16959,39.65313],[-105.1674,39.654],[-105.16458,39.65742],[-105.1631,39.65874]]]}},{"type":"Feature","properties":{"zcta":"80232","d":2922},"geometry":{"type":"Polygon","coordinates":[[[-105.11797,39.6965],[-105.12015,39.69447],[-105.11903,39.6913],[-105.11694,39.69032],[-105.11378,39.69361],[-105.11233,39.69655],[-105.0815,39.69662],[-105.08156,39.69578],[-105.07779,39.69663],[-105.07215,39.69593],[-105.06926,39.6967],[-105.05322,39.69677],[-105.05248,39.69676],[-105.05262,39.68229],[-105.06697,39.68222],[-105.06671,39.68055],[-105.06835,39.67957],[-105.0675,39.6771],[-105.06987,39.67695],[-105.0697,39.68221],[-105.07776,39.6822],[-105.07771,39.67844],[-105.08146,39.67895],[-105.08142,39.68223],[-105.09634,39.68218],[-105.09623,39.68139],[-105.10021,39.68139],[-105.10023,39.68216],[-105.10564,39.68215],[-105.10564,39.68086],[-105.10971,39.68082],[-105.11034,39.6816],[-105.11735,39.68129],[-105.11798,39.68214],[-105.1293,39.6821],[-105.12861,39.6844],[-105.12862,39.69447],[-105.12798,39.69647],[-105.11797,39.6965]]]}},{"type":"Feature","properties":{"zcta":"80475","d":0},"geometry":{"type":"Polygon","coordinates":[[[-105.62155,39.48956],[-105.61895,39.48612],[-105.61365,39.48461],[-105.6006,39.48423],[-105.593,39.48447],[-105.57151,39.48424],[-105.56845,39.48314],[-105.56762,39.4793],[-105.56574,39.47697],[-105.5469,39.47737],[-105.54211,39.47497],[-105.5422,39.47167],[-105.53825,39.47038],[-105.53699,39.47194],[-105.53408,39.47169],[-105.53108,39.46937],[-105.52966,39.46694],[-105.53136,39.46593],[-105.5287,39.464],[-105.53211,39.44109],[-105.53445,39.4409],[-105.53878,39.43918],[-105.54147,39.43325],[-105.54103,39.43203],[-105.5436,39.42894],[-105.54294,39.42651],[-105.54384,39.42398],[-105.54305,39.41968],[-105.53801,39.4184],[-105.53973,39.41584],[-105.54855,39.4156],[-105.54857,39.41209],[-105.5533,39.41216],[-105.55331,39.4067],[-105.55641,39.40692],[-105.55925,39.40559],[-105.56786,39.39964],[-105.56914,39.39558],[-105.57524,39.38963],[-105.5776,39.37898],[-105.58999,39.3589],[-105.60575,39.35886],[-105.60569,39.38258],[-105.63706,39.38285],[-105.64986,39.3827],[-105.64963,39.41957],[-105.64845,39.42483],[-105.64691,39.42729],[-105.64313,39.43044],[-105.63851,39.43204],[-105.63573,39.43712],[-105.63066,39.43988],[-105.6275,39.4445],[-105.62367,39.44628],[-105.6227,39.44878],[-105.61923,39.44719],[-105.61294,39.44557],[-105.61317,39.44695],[-105.61582,39.44812],[-105.61957,39.44818],[-105.62099,39.45014],[-105.62693,39.45075],[-105.6284,39.45246],[-105.62366,39.45233],[-105.62348,39.46306],[-105.61878,39.46299],[-105.61881,39.46654],[-105.63153,39.46675],[-105.63263,39.46904],[-105.63156,39.4726],[-105.62711,39.47721],[-105.62764,39.48377],[-105.62659,39.4852],[-105.62465,39.4911],[-105.62155,39.48956]]]}},{"type":"Feature","properties":{"zcta":"80601","d":777},"geometry":{"type":"MultiPolygon","coordinates":[[[[-104.82787,39.9143],[-104.83165,39.91433],[-104.83128,39.91707],[-104.82784,39.91704],[-104.82787,39.9143]]],[[[-104.86734,39.89974],[-104.86533,39.89974],[-104.86533,39.88706],[-104.86872,39.88521],[-104.87874,39.88524],[-104.86734,39.89974]]],[[[-104.78442,40.00042],[-104.71475,40.00051],[-104.72261,39.996],[-104.73573,39.98692],[-104.75111,39.97242],[-104.75376,39.96953],[-104.7689,39.95545],[-104.77115,39.9566],[-104.78161,39.94669],[-104.78913,39.93694],[-104.80321,39.92484],[-104.80341,39.92492],[-104.81624,39.91435],[-104.81895,39.9143],[-104.81831,39.92154],[-104.82785,39.92156],[-104.83258,39.9217],[-104.83259,39.9284],[-104.83789,39.92947],[-104.84217,39.93132],[-104.8452,39.93333],[-104.85111,39.92303],[-104.85286,39.92158],[-104.85706,39.91435],[-104.86028,39.91552],[-104.85965,39.91906],[-104.85725,39.92146],[-104.86418,39.92138],[-104.86742,39.92278],[-104.87231,39.92475],[-104.88273,39.92505],[-104.87895,39.92901],[-104.87791,39.93393],[-104.87448,39.93597],[-104.87204,39.93921],[-104.87226,39.94146],[-104.86833,39.94691],[-104.86585,39.95127],[-104.85935,39.94732],[-104.85832,39.9488],[-104.85621,39.95511],[-104.85254,39.96188],[-104.84835,39.96549],[-104.84886,39.96725],[-104.85231,39.97011],[-104.85097,39.97375],[-104.84879,39.97552],[-104.84202,39.97789],[-104.84314,39.98107],[-104.84239,39.9819],[-104.83848,39.98151],[-104.83285,39.98465],[-104.8325,39.98701],[-104.83738,39.98692],[-104.83731,40.00041],[-104.78442,40.00042]]]]}},{"type":"Feature","properties":{"zcta":"80221","d":2316},"geometry":{"type":"Polygon","coordinates":[[[-105.0347,39.80431],[-105.0345,39.82017],[-105.03439,39.82405],[-105.03178,39.82409],[-105.02515,39.82081],[-105.02497,39.82356],[-105.02166,39.82248],[-105.0158,39.82204],[-105.0155,39.8333],[-105.02478,39.836],[-105.02477,39.84179],[-105.0183,39.84176],[-105.01817,39.84449],[-105.01541,39.84449],[-105.01534,39.84904],[-104.99654,39.84906],[-104.99671,39.84709],[-104.99441,39.84676],[-104.99399,39.84894],[-104.98571,39.84908],[-104.98413,39.84174],[-104.98316,39.82742],[-104.98329,39.80915],[-104.98748,39.80909],[-104.98748,39.81483],[-104.99323,39.8121],[-104.99753,39.81067],[-104.99684,39.80966],[-104.99687,39.80549],[-105.00396,39.80492],[-105.00049,39.80259],[-104.99846,39.79946],[-104.99844,39.79103],[-105.00169,39.79102],[-105.00055,39.78837],[-105.00034,39.78379],[-105.00644,39.78384],[-105.00642,39.78314],[-105.01976,39.78372],[-105.02514,39.78439],[-105.0346,39.78349],[-105.03755,39.78388],[-105.03757,39.79552],[-105.03585,39.79575],[-105.03472,39.79928],[-105.04055,39.79912],[-105.04386,39.79826],[-105.04402,39.80435],[-105.0347,39.80431]]]}},{"type":"Feature","properties":{"zcta":"80476","d":0},"geometry":{"type":"Polygon","coordinates":[[[-105.90384,39.72842],[-105.88849,39.72665],[-105.86507,39.72208],[-105.8577,39.72105],[-105.85329,39.72244],[-105.84918,39.72483],[-105.84412,39.72883],[-105.83984,39.73037],[-105.82969,39.72307],[-105.82525,39.72048],[-105.82283,39.71981],[-105.81156,39.71933],[-105.80279,39.72027],[-105.78505,39.72078],[-105.77828,39.71931],[-105.76889,39.71421],[-105.76591,39.71382],[-105.75687,39.71893],[-105.75203,39.72026],[-105.74829,39.71982],[-105.74076,39.71689],[-105.73545,39.71443],[-105.73172,39.71851],[-105.72563,39.72302],[-105.72054,39.72536],[-105.71332,39.7313],[-105.7102,39.73318],[-105.70136,39.73655],[-105.69086,39.73894],[-105.68736,39.74038],[-105.68363,39.74374],[-105.6795,39.74999],[-105.67612,39.75185],[-105.66603,39.75356],[-105.66191,39.7533],[-105.66547,39.75077],[-105.67922,39.74522],[-105.68325,39.74296],[-105.6868,39.73754],[-105.6917,39.73238],[-105.69342,39.73271],[-105.70293,39.70685],[-105.70413,39.70402],[-105.70911,39.70046],[-105.71446,39.69876],[-105.71938,39.69791],[-105.71747,39.69459],[-105.71444,39.69452],[-105.71138,39.6959],[-105.7167,39.69702],[-105.71648,39.69797],[-105.71324,39.69782],[-105.70919,39.69889],[-105.70301,39.70294],[-105.69862,39.70197],[-105.69483,39.6995],[-105.69717,39.69293],[-105.69841,39.69159],[-105.7013,39.68582],[-105.70238,39.68222],[-105.70829,39.68291],[-105.71437,39.68148],[-105.71716,39.68177],[-105.72196,39.68122],[-105.72726,39.67918],[-105.73142,39.67437],[-105.73534,39.66881],[-105.74328,39.6549],[-105.75061,39.64555],[-105.75668,39.64043],[-105.76946,39.61055],[-105.77612,39.60775],[-105.77614,39.61108],[-105.78271,39.61796],[-105.78284,39.62266],[-105.78223,39.62433],[-105.78267,39.62902],[-105.7846,39.63115],[-105.79119,39.63424],[-105.79306,39.63633],[-105.79827,39.63635],[-105.80623,39.63495],[-105.81094,39.63535],[-105.81724,39.63356],[-105.81864,39.63491],[-105.81916,39.63966],[-105.82118,39.64269],[-105.82626,39.64093],[-105.82874,39.64195],[-105.83395,39.64222],[-105.83669,39.64295],[-105.83947,39.6456],[-105.84155,39.64618],[-105.8461,39.64409],[-105.84866,39.64416],[-105.85434,39.64908],[-105.85678,39.65589],[-105.85677,39.65783],[-105.85947,39.6587],[-105.86477,39.66722],[-105.87364,39.66586],[-105.87961,39.66364],[-105.88486,39.65708],[-105.88821,39.65843],[-105.89394,39.65942],[-105.89681,39.66466],[-105.90369,39.66443],[-105.91075,39.66229],[-105.91995,39.66943],[-105.92228,39.67012],[-105.92629,39.67298],[-105.92703,39.6767],[-105.92133,39.68431],[-105.91958,39.69029],[-105.92004,39.69389],[-105.92462,39.69897],[-105.92455,39.70342],[-105.92141,39.70994],[-105.91676,39.71358],[-105.91177,39.71529],[-105.9105,39.72071],[-105.90746,39.72404],[-105.90828,39.72625],[-105.90386,39.72881],[-105.90384,39.72842]]]}},{"type":"Feature","properties":{"zcta":"80138","d":268},"geometry":{"type":"Polygon","coordinates":[[[-104.73983,39.56599],[-104.73663,39.56589],[-104.73673,39.55126],[-104.70723,39.55117],[-104.70802,39.5641],[-104.71771,39.56396],[-104.71769,39.5659],[-104.70778,39.56599],[-104.64212,39.56589],[-104.60484,39.56591],[-104.58766,39.56562],[-104.58888,39.49201],[-104.58915,39.46297],[-104.60616,39.46298],[-104.66231,39.46352],[-104.66281,39.449],[-104.66267,39.4344],[-104.66659,39.43451],[-104.66894,39.43702],[-104.66929,39.44069],[-104.67056,39.44297],[-104.67746,39.44754],[-104.68127,39.45141],[-104.68122,39.45391],[-104.69037,39.46373],[-104.69354,39.4658],[-104.70308,39.47071],[-104.71053,39.47598],[-104.71732,39.47852],[-104.71987,39.48206],[-104.72477,39.48729],[-104.72863,39.48916],[-104.73261,39.48993],[-104.73727,39.49157],[-104.74496,39.4929],[-104.7495,39.49319],[-104.7499,39.49441],[-104.75571,39.49998],[-104.7566,39.50767],[-104.75773,39.5095],[-104.76389,39.51026],[-104.76754,39.53501],[-104.76865,39.5382],[-104.78021,39.55853],[-104.78531,39.56609],[-104.73983,39.56599]]]}},{"type":"Feature","properties":{"zcta":"80203","d":13774},"geometry":{"type":"Polygon","coordinates":[[[-104.98612,39.74168],[-104.98485,39.74328],[-104.98611,39.74328],[-104.98612,39.74489],[-104.9861,39.74753],[-104.97818,39.7475],[-104.97754,39.74696],[-104.97759,39.73204],[-104.97815,39.72726],[-104.97753,39.71944],[-104.97853,39.71652],[-104.9875,39.71658],[-104.98829,39.71658],[-104.98833,39.72254],[-104.98833,39.72564],[-104.98979,39.72843],[-104.98742,39.72694],[-104.98813,39.72909],[-104.9881,39.73525],[-104.98741,39.73843],[-104.98612,39.74168]]]}},{"type":"Feature","properties":{"zcta":"80204","d":3559},"geometry":{"type":"Polygon","coordinates":[[[-105.05321,39.73929],[-105.05267,39.74398],[-105.03576,39.74395],[-105.03696,39.74758],[-105.02744,39.74683],[-105.02523,39.74758],[-105.01897,39.74757],[-105.01862,39.74596],[-105.01626,39.74339],[-105.01513,39.74985],[-105.00949,39.75393],[-105.00393,39.74957],[-105.00042,39.74552],[-104.99896,39.74667],[-104.99635,39.74467],[-104.9996,39.74213],[-104.99857,39.74019],[-104.99494,39.74171],[-104.99318,39.74039],[-104.99199,39.74131],[-104.99165,39.73844],[-104.98741,39.73843],[-104.9881,39.73525],[-104.98813,39.72909],[-104.98742,39.72694],[-104.98979,39.72843],[-104.98833,39.72564],[-104.98833,39.72254],[-105.00018,39.72253],[-105.00018,39.72093],[-105.00702,39.72093],[-105.009,39.72279],[-105.00966,39.72578],[-105.01867,39.72519],[-105.01866,39.72388],[-105.02098,39.72388],[-105.02511,39.72206],[-105.02514,39.72543],[-105.02713,39.72542],[-105.02691,39.72186],[-105.0288,39.7214],[-105.0288,39.72293],[-105.04394,39.72297],[-105.04393,39.72213],[-105.05261,39.72222],[-105.05325,39.7258],[-105.05321,39.73929]]]}},{"type":"Feature","properties":{"zcta":"80207","d":2346},"geometry":{"type":"Polygon","coordinates":[[[-104.93315,39.76565],[-104.93329,39.76886],[-104.93174,39.7674],[-104.93174,39.77174],[-104.927,39.77142],[-104.927,39.77528],[-104.92461,39.77495],[-104.92461,39.773],[-104.92231,39.77283],[-104.92231,39.77105],[-104.91761,39.77107],[-104.91761,39.77382],[-104.91275,39.77356],[-104.90349,39.77228],[-104.90357,39.7783],[-104.89635,39.77825],[-104.88286,39.77713],[-104.88343,39.77245],[-104.88782,39.77016],[-104.90232,39.7716],[-104.9026,39.7654],[-104.89886,39.76521],[-104.90026,39.76342],[-104.89893,39.76024],[-104.90346,39.76142],[-104.90343,39.75102],[-104.89873,39.75102],[-104.89876,39.74795],[-104.90345,39.74744],[-104.93206,39.7474],[-104.93206,39.74688],[-104.94061,39.74688],[-104.94063,39.76567],[-104.93315,39.76565]]]}},{"type":"Feature","properties":{"zcta":"80211","d":5081},"geometry":{"type":"Polygon","coordinates":[[[-105.02514,39.78439],[-105.01976,39.78372],[-105.00642,39.78314],[-105.00258,39.7835],[-104.99833,39.7824],[-104.99822,39.76667],[-104.99964,39.76598],[-105.00371,39.76138],[-105.01249,39.75529],[-105.00949,39.75393],[-105.01513,39.74985],[-105.01626,39.74339],[-105.01862,39.74596],[-105.01897,39.74757],[-105.02523,39.74758],[-105.02744,39.74683],[-105.03696,39.74758],[-105.03815,39.75486],[-105.03656,39.75606],[-105.03636,39.7585],[-105.03761,39.7585],[-105.03815,39.76244],[-105.03759,39.76396],[-105.03752,39.78326],[-105.04394,39.78318],[-105.04394,39.78364],[-105.0346,39.78349],[-105.02514,39.78439]]]}},{"type":"Feature","properties":{"zcta":"80209","d":4424},"geometry":{"type":"Polygon","coordinates":[[[-104.97853,39.71652],[-104.97339,39.71653],[-104.97325,39.7184],[-104.97059,39.7177],[-104.96525,39.71413],[-104.95931,39.71607],[-104.95323,39.71592],[-104.94977,39.71466],[-104.94977,39.71625],[-104.94134,39.71623],[-104.94136,39.70931],[-104.94073,39.7093],[-104.94069,39.70381],[-104.94272,39.70383],[-104.94151,39.70019],[-104.94069,39.70019],[-104.94061,39.69657],[-104.96871,39.69659],[-104.96753,39.69295],[-104.97341,39.69297],[-104.97339,39.6966],[-104.98971,39.69664],[-104.99096,39.70349],[-104.98754,39.70159],[-104.98756,39.70573],[-104.98997,39.70579],[-104.99001,39.70847],[-104.99241,39.70846],[-104.9924,39.71026],[-104.98757,39.71116],[-104.9875,39.71658],[-104.97853,39.71652]]]}},{"type":"Feature","properties":{"zcta":"80136","d":16},"geometry":{"type":"Polygon","coordinates":[[[-104.20795,40.00083],[-104.16933,40.00078],[-104.17128,39.99942],[-104.17034,39.9859],[-104.16951,39.95695],[-104.18828,39.95685],[-104.18796,39.94236],[-104.1884,39.8553],[-104.2259,39.85508],[-104.22618,39.84058],[-104.24497,39.84049],[-104.24677,39.75528],[-104.24705,39.73891],[-104.24697,39.72176],[-104.26509,39.72632],[-104.26511,39.71683],[-104.27244,39.71562],[-104.27742,39.71633],[-104.28195,39.71553],[-104.28362,39.71337],[-104.2841,39.70576],[-104.28428,39.6952],[-104.2846,39.63729],[-104.26318,39.63741],[-104.25533,39.63603],[-104.24867,39.63747],[-104.23933,39.63742],[-104.24344,39.63425],[-104.24554,39.62921],[-104.25107,39.62605],[-104.25254,39.62257],[-104.26084,39.61882],[-104.26304,39.61621],[-104.26183,39.6146],[-104.2589,39.61332],[-104.2585,39.6119],[-104.26305,39.60694],[-104.26299,39.60055],[-104.266,39.59374],[-104.26514,39.58948],[-104.27232,39.58349],[-104.27291,39.58139],[-104.27073,39.57834],[-104.27145,39.57591],[-104.2773,39.57503],[-104.28151,39.57304],[-104.28501,39.56963],[-104.28847,39.56471],[-104.29606,39.56466],[-104.32827,39.56439],[-104.36193,39.56431],[-104.36032,39.63687],[-104.39743,39.63663],[-104.39694,39.68032],[-104.37805,39.6803],[-104.37791,39.69223],[-104.37724,39.72383],[-104.37733,39.73282],[-104.37697,39.73304],[-104.39318,39.73556],[-104.39763,39.73804],[-104.37736,39.73812],[-104.37654,39.82525],[-104.35793,39.82536],[-104.35765,39.83891],[-104.37609,39.83903],[-104.37611,39.85426],[-104.37705,39.87455],[-104.37617,39.8806],[-104.3763,39.89767],[-104.34764,39.8979],[-104.3477,39.91234],[-104.33815,39.91242],[-104.34017,39.99898],[-104.34003,40.00073],[-104.20795,40.00083]]]}},{"type":"Feature","properties":{"zcta":"80128","d":1562},"geometry":{"type":"Polygon","coordinates":[[[-105.10599,39.59369],[-105.10545,39.5952],[-105.09152,39.59525],[-105.09107,39.58849],[-105.08827,39.58867],[-105.08795,39.59105],[-105.0902,39.59267],[-105.08467,39.59287],[-105.08468,39.5952],[-105.08029,39.5952],[-105.08188,39.59282],[-105.07981,39.59297],[-105.0795,39.59521],[-105.05788,39.59523],[-105.05377,39.59336],[-105.0537,39.59522],[-105.04428,39.5952],[-105.04675,39.59066],[-105.04168,39.58948],[-105.04177,39.5879],[-105.03756,39.5879],[-105.03755,39.59148],[-105.02985,39.59159],[-105.02894,39.59515],[-105.02773,39.59223],[-105.03009,39.5913],[-105.03122,39.58556],[-105.03027,39.58365],[-105.03415,39.57833],[-105.03759,39.57644],[-105.04066,39.57213],[-105.03916,39.56853],[-105.04085,39.56615],[-105.04874,39.56609],[-105.05137,39.56326],[-105.05725,39.56231],[-105.05826,39.56038],[-105.06071,39.55994],[-105.06113,39.55691],[-105.06567,39.55335],[-105.06673,39.5505],[-105.07411,39.54427],[-105.07459,39.54165],[-105.07642,39.54006],[-105.07774,39.53671],[-105.07657,39.53497],[-105.07643,39.53162],[-105.07946,39.52589],[-105.08003,39.52261],[-105.07794,39.51749],[-105.0787,39.51084],[-105.08113,39.50967],[-105.08523,39.50543],[-105.08484,39.50121],[-105.08649,39.49913],[-105.08718,39.49606],[-105.08611,39.49492],[-105.09135,39.48928],[-105.09333,39.48805],[-105.09402,39.49227],[-105.09359,39.49405],[-105.09524,39.49651],[-105.09503,39.49999],[-105.09758,39.51084],[-105.09507,39.52681],[-105.09541,39.53042],[-105.09346,39.5363],[-105.09429,39.53645],[-105.09284,39.5399],[-105.09462,39.54127],[-105.10107,39.54261],[-105.10283,39.54716],[-105.10689,39.54716],[-105.11343,39.55117],[-105.1178,39.55308],[-105.12411,39.5525],[-105.12124,39.55444],[-105.11015,39.55348],[-105.1083,39.55408],[-105.10997,39.55803],[-105.10994,39.56625],[-105.10725,39.56626],[-105.10774,39.56958],[-105.11022,39.56958],[-105.10949,39.57325],[-105.10567,39.57715],[-105.10506,39.57937],[-105.10587,39.58133],[-105.11013,39.58503],[-105.11017,39.59384],[-105.10599,39.59369]]]}},{"type":"Feature","properties":{"zcta":"80640","d":535},"geometry":{"type":"Polygon","coordinates":[[[-104.90202,39.88621],[-104.90407,39.88869],[-104.90375,39.89081],[-104.90224,39.89179],[-104.89954,39.89343],[-104.89841,39.89773],[-104.89907,39.89909],[-104.89714,39.90175],[-104.8972,39.90501],[-104.89529,39.9065],[-104.89035,39.90737],[-104.88915,39.90911],[-104.89141,39.91139],[-104.88985,39.91205],[-104.88588,39.91095],[-104.88244,39.91245],[-104.87507,39.91373],[-104.87594,39.91759],[-104.87141,39.91967],[-104.86992,39.92179],[-104.86742,39.92278],[-104.86418,39.92138],[-104.85725,39.92146],[-104.85965,39.91906],[-104.86028,39.91552],[-104.85706,39.91435],[-104.85286,39.92158],[-104.85111,39.92303],[-104.8452,39.93333],[-104.84217,39.93132],[-104.83789,39.92947],[-104.83259,39.9284],[-104.83258,39.9217],[-104.82785,39.92156],[-104.82784,39.91704],[-104.83128,39.91707],[-104.83165,39.91433],[-104.82787,39.9143],[-104.82785,39.90766],[-104.83725,39.90261],[-104.83856,39.89969],[-104.83868,39.8972],[-104.84328,39.89687],[-104.8459,39.89501],[-104.84461,39.89338],[-104.84665,39.89244],[-104.84665,39.89097],[-104.84954,39.89062],[-104.85206,39.88857],[-104.85252,39.88521],[-104.84878,39.88521],[-104.88243,39.85623],[-104.90318,39.85622],[-104.9033,39.8544],[-104.90787,39.85193],[-104.9054,39.8556],[-104.90738,39.85615],[-104.90812,39.85257],[-104.90952,39.8515],[-104.91192,39.8522],[-104.91279,39.85753],[-104.9301,39.84017],[-104.94147,39.83086],[-104.94816,39.83075],[-104.94848,39.83595],[-104.94953,39.83785],[-104.94694,39.83918],[-104.94303,39.84373],[-104.93881,39.84631],[-104.9379,39.8516],[-104.93827,39.85533],[-104.93716,39.85748],[-104.93467,39.85811],[-104.93021,39.85765],[-104.9279,39.86018],[-104.92881,39.86339],[-104.92775,39.86494],[-104.922,39.86605],[-104.91922,39.87045],[-104.91351,39.87424],[-104.91701,39.87939],[-104.91728,39.88264],[-104.91422,39.88154],[-104.91007,39.8818],[-104.90306,39.88108],[-104.90309,39.88524],[-104.90202,39.88621]],[[-104.86872,39.88521],[-104.86533,39.88706],[-104.86533,39.89974],[-104.86734,39.89974],[-104.87874,39.88524],[-104.86872,39.88521]]]}},{"type":"Feature","properties":{"zcta":"80129","d":2176},"geometry":{"type":"Polygon","coordinates":[[[-105.03232,39.56618],[-105.01562,39.5661],[-105.00754,39.56468],[-104.99997,39.56449],[-104.99279,39.56614],[-104.99399,39.56851],[-104.99009,39.568],[-104.98853,39.56799],[-104.98853,39.56612],[-104.98671,39.56184],[-104.98778,39.5585],[-104.99012,39.55613],[-104.9919,39.54825],[-104.99142,39.54214],[-104.98903,39.53891],[-104.98559,39.53661],[-104.98528,39.53432],[-104.98732,39.52982],[-104.98749,39.52764],[-104.99738,39.52779],[-104.99689,39.52571],[-104.99888,39.52473],[-104.99906,39.52177],[-105.01173,39.52177],[-105.0117,39.52303],[-105.02666,39.52362],[-105.02658,39.52943],[-105.03151,39.52954],[-105.03552,39.5348],[-105.03626,39.53649],[-105.03646,39.55896],[-105.03594,39.5614],[-105.03325,39.56456],[-105.03232,39.56618]]]}},{"type":"Feature","properties":{"zcta":"80125","d":200},"geometry":{"type":"Polygon","coordinates":[[[-105.09333,39.48805],[-105.09135,39.48928],[-105.08611,39.49492],[-105.08718,39.49606],[-105.08649,39.49913],[-105.08484,39.50121],[-105.08523,39.50543],[-105.08113,39.50967],[-105.0787,39.51084],[-105.07794,39.51749],[-105.08003,39.52261],[-105.07946,39.52589],[-105.07643,39.53162],[-105.07657,39.53497],[-105.07774,39.53671],[-105.07642,39.54006],[-105.07459,39.54165],[-105.07411,39.54427],[-105.06673,39.5505],[-105.06567,39.55335],[-105.06113,39.55691],[-105.06071,39.55994],[-105.05826,39.56038],[-105.05725,39.56231],[-105.05137,39.56326],[-105.04874,39.56609],[-105.04085,39.56615],[-105.03866,39.56528],[-105.03325,39.56456],[-105.03594,39.5614],[-105.03646,39.55896],[-105.03626,39.53649],[-105.03552,39.5348],[-105.03151,39.52954],[-105.02658,39.52943],[-105.02666,39.52362],[-105.0117,39.52303],[-105.01173,39.52177],[-104.99906,39.52177],[-104.99885,39.51332],[-104.99496,39.51055],[-104.99219,39.51136],[-104.98904,39.51386],[-104.98772,39.51602],[-104.98168,39.51701],[-104.98029,39.51787],[-104.9734,39.516],[-104.96817,39.51609],[-104.9646,39.51475],[-104.96092,39.51535],[-104.95807,39.51341],[-104.95646,39.51328],[-104.9556,39.51091],[-104.95297,39.51019],[-104.94928,39.50699],[-104.94991,39.50613],[-104.95178,39.50673],[-104.95459,39.50604],[-104.95658,39.50393],[-104.96238,39.5018],[-104.96095,39.49772],[-104.96316,39.49341],[-104.9618,39.49219],[-104.97922,39.49571],[-104.98459,39.49588],[-104.98446,39.48938],[-104.97979,39.48829],[-104.97981,39.48288],[-104.98448,39.48286],[-104.99324,39.48138],[-104.99393,39.48181],[-104.9886,39.47106],[-104.99805,39.47095],[-105.00507,39.47169],[-105.00441,39.4746],[-105.00566,39.47719],[-105.00493,39.48278],[-105.00211,39.48445],[-105.00692,39.48756],[-105.01595,39.49102],[-105.01886,39.49618],[-105.02667,39.49614],[-105.02372,39.49506],[-105.0257,39.49168],[-105.02491,39.48976],[-105.02577,39.48785],[-105.02586,39.48283],[-105.02657,39.48178],[-105.02655,39.47508],[-105.02305,39.47301],[-105.03055,39.46545],[-105.03182,39.46302],[-105.03478,39.46099],[-105.03806,39.45568],[-105.03904,39.46179],[-105.03901,39.46709],[-105.04569,39.46721],[-105.04565,39.47093],[-105.05231,39.47102],[-105.05317,39.4614],[-105.05474,39.46051],[-105.05483,39.45758],[-105.05265,39.45363],[-105.05475,39.44679],[-105.05291,39.44375],[-105.05394,39.43965],[-105.05543,39.4395],[-105.05526,39.43723],[-105.05717,39.4338],[-105.05988,39.43314],[-105.06413,39.42857],[-105.06384,39.42646],[-105.06504,39.42376],[-105.0667,39.42262],[-105.06544,39.41989],[-105.05763,39.41268],[-105.05942,39.40957],[-105.06226,39.40971],[-105.06455,39.40877],[-105.0697,39.4095],[-105.07281,39.41166],[-105.07299,39.42011],[-105.0901,39.42009],[-105.0961,39.40847],[-105.09941,39.41037],[-105.10219,39.41572],[-105.1033,39.41662],[-105.10534,39.42183],[-105.10674,39.42227],[-105.10661,39.42435],[-105.10987,39.4248],[-105.11125,39.42646],[-105.11441,39.42586],[-105.11846,39.42642],[-105.11859,39.43049],[-105.12064,39.43369],[-105.12352,39.43456],[-105.12467,39.43588],[-105.12614,39.44019],[-105.12321,39.44783],[-105.12306,39.45085],[-105.12418,39.45499],[-105.12747,39.45847],[-105.1304,39.45953],[-105.13294,39.46191],[-105.13286,39.46731],[-105.13521,39.47096],[-105.13114,39.47334],[-105.12842,39.47766],[-105.12137,39.4818],[-105.1188,39.48057],[-105.11673,39.4815],[-105.11824,39.48271],[-105.11738,39.48572],[-105.1147,39.48603],[-105.1133,39.48434],[-105.11055,39.4838],[-105.10317,39.48635],[-105.09859,39.48737],[-105.09664,39.49036],[-105.09402,39.49227],[-105.09333,39.48805]]]}},{"type":"Feature","properties":{"zcta":"80126","d":2003},"geometry":{"type":"Polygon","coordinates":[[[-104.92296,39.56605],[-104.90441,39.56598],[-104.90444,39.56363],[-104.91451,39.56441],[-104.91987,39.56396],[-104.93252,39.56044],[-104.93224,39.55086],[-104.92775,39.55098],[-104.92705,39.5496],[-104.93038,39.54628],[-104.93097,39.5426],[-104.93538,39.54269],[-104.93553,39.54081],[-104.93865,39.53297],[-104.93973,39.529],[-104.94102,39.52746],[-104.93855,39.52582],[-104.94135,39.52272],[-104.94146,39.51872],[-104.94685,39.51375],[-104.95807,39.51341],[-104.96092,39.51535],[-104.9646,39.51475],[-104.96817,39.51609],[-104.9734,39.516],[-104.98029,39.51787],[-104.98168,39.51701],[-104.98772,39.51602],[-104.98904,39.51386],[-104.99219,39.51136],[-104.99496,39.51055],[-104.99885,39.51332],[-104.99906,39.52177],[-104.99888,39.52473],[-104.99689,39.52571],[-104.99738,39.52779],[-104.98749,39.52764],[-104.98732,39.52982],[-104.98528,39.53432],[-104.98559,39.53661],[-104.98903,39.53891],[-104.99142,39.54214],[-104.9919,39.54825],[-104.99012,39.55613],[-104.98778,39.5585],[-104.98671,39.56184],[-104.98853,39.56612],[-104.92296,39.56605]]]}},{"type":"Feature","properties":{"zcta":"80249","d":418},"geometry":{"type":"Polygon","coordinates":[[[-104.63094,39.90664],[-104.63094,39.89929],[-104.59958,39.89904],[-104.59978,39.88459],[-104.59981,39.88131],[-104.60515,39.88135],[-104.60526,39.87311],[-104.61915,39.87322],[-104.61974,39.82664],[-104.6198,39.82242],[-104.62557,39.82249],[-104.65539,39.82261],[-104.65544,39.813],[-104.66618,39.81308],[-104.66606,39.82279],[-104.71608,39.82321],[-104.76246,39.82344],[-104.76261,39.79843],[-104.7344,39.79844],[-104.7346,39.76918],[-104.75344,39.7693],[-104.76457,39.76919],[-104.76456,39.77157],[-104.77217,39.7715],[-104.77216,39.77641],[-104.78156,39.77648],[-104.78158,39.7728],[-104.79059,39.77282],[-104.79048,39.78364],[-104.78774,39.78364],[-104.78772,39.78545],[-104.78391,39.79837],[-104.79089,39.79825],[-104.79086,39.8418],[-104.76232,39.84179],[-104.76228,39.84539],[-104.73095,39.84519],[-104.73039,39.89613],[-104.70331,39.89595],[-104.70318,39.90693],[-104.69214,39.90685],[-104.69205,39.91418],[-104.67958,39.91402],[-104.67966,39.90701],[-104.64036,39.90671],[-104.63094,39.90664]]]}},{"type":"Feature","properties":{"zcta":"80233","d":2689},"geometry":{"type":"Polygon","coordinates":[[[-104.97628,39.91409],[-104.97779,39.91694],[-104.9742,39.91752],[-104.97135,39.91649],[-104.9722,39.91407],[-104.9533,39.91391],[-104.9532,39.91578],[-104.94997,39.91694],[-104.94694,39.91574],[-104.94514,39.9169],[-104.94033,39.91689],[-104.94032,39.91382],[-104.9219,39.91403],[-104.91723,39.91278],[-104.91725,39.90601],[-104.91337,39.90601],[-104.91245,39.90716],[-104.91248,39.91067],[-104.91051,39.91101],[-104.91027,39.91413],[-104.90305,39.91428],[-104.90302,39.90799],[-104.90453,39.90801],[-104.90781,39.90393],[-104.90303,39.90389],[-104.90303,39.89258],[-104.90224,39.89179],[-104.90375,39.89081],[-104.90407,39.88869],[-104.90202,39.88621],[-104.90309,39.88524],[-104.93337,39.88506],[-104.93365,39.88314],[-104.93588,39.88185],[-104.94017,39.88198],[-104.94016,39.87738],[-104.9411,39.88086],[-104.94659,39.88503],[-104.96206,39.88517],[-104.96463,39.88148],[-104.96722,39.88092],[-104.97043,39.88144],[-104.97051,39.88425],[-104.97285,39.88522],[-104.98742,39.88534],[-104.98751,39.89793],[-104.99024,39.90616],[-104.99058,39.90943],[-104.98961,39.91407],[-104.97628,39.91409]]]}},{"type":"Feature","properties":{"zcta":"80235","d":1250},"geometry":{"type":"Polygon","coordinates":[[[-105.11897,39.65259],[-105.11679,39.65342],[-105.10931,39.65389],[-105.10931,39.65319],[-105.09797,39.6532],[-105.09726,39.6519],[-105.09312,39.65138],[-105.09128,39.65322],[-105.08443,39.65236],[-105.08302,39.64999],[-105.0814,39.64987],[-105.0811,39.65285],[-105.06748,39.65332],[-105.05712,39.65335],[-105.05716,39.65199],[-105.05318,39.65166],[-105.05334,39.63877],[-105.08635,39.6387],[-105.08637,39.64082],[-105.08963,39.64117],[-105.09027,39.64234],[-105.1005,39.64237],[-105.10052,39.64555],[-105.10935,39.64571],[-105.10932,39.63879],[-105.10985,39.63864],[-105.12046,39.63922],[-105.12861,39.63867],[-105.12896,39.64139],[-105.13172,39.64379],[-105.11897,39.65259]]]}},{"type":"Feature","properties":{"zcta":"80219","d":3935},"geometry":{"type":"Polygon","coordinates":[[[-105.04393,39.72213],[-105.04394,39.72297],[-105.0288,39.72293],[-105.0288,39.7214],[-105.02691,39.72186],[-105.02713,39.72542],[-105.02514,39.72543],[-105.02511,39.72206],[-105.02098,39.72388],[-105.01866,39.72388],[-105.01866,39.72204],[-105.01705,39.72205],[-105.01758,39.71828],[-105.01624,39.71455],[-105.01623,39.70272],[-105.01382,39.70256],[-105.01408,39.69997],[-105.01633,39.7002],[-105.01607,39.69598],[-105.01629,39.68233],[-105.0157,39.67868],[-105.01572,39.66695],[-105.02164,39.66614],[-105.02604,39.66773],[-105.05274,39.66778],[-105.05248,39.67226],[-105.05326,39.67328],[-105.05326,39.67916],[-105.05262,39.68229],[-105.05248,39.69676],[-105.05322,39.69677],[-105.05207,39.69991],[-105.05324,39.70044],[-105.05325,39.71193],[-105.05256,39.71195],[-105.05261,39.72222],[-105.04393,39.72213]]]}},{"type":"Feature","properties":{"zcta":"80238","d":2781},"geometry":{"type":"Polygon","coordinates":[[[-104.8978,39.78557],[-104.89735,39.79338],[-104.89732,39.79536],[-104.88938,39.79832],[-104.88447,39.79832],[-104.8844,39.81282],[-104.86607,39.81285],[-104.8661,39.7979],[-104.86579,39.7685],[-104.88606,39.77003],[-104.88363,39.76843],[-104.87393,39.76747],[-104.86995,39.76455],[-104.86585,39.76359],[-104.86585,39.76431],[-104.85638,39.76424],[-104.85634,39.75813],[-104.84821,39.75642],[-104.84694,39.75469],[-104.8799,39.75465],[-104.88014,39.74743],[-104.88399,39.74745],[-104.89877,39.74744],[-104.89876,39.74795],[-104.89873,39.75102],[-104.90343,39.75102],[-104.90346,39.76142],[-104.89893,39.76024],[-104.90026,39.76342],[-104.89886,39.76521],[-104.9026,39.7654],[-104.90232,39.7716],[-104.88782,39.77016],[-104.88343,39.77245],[-104.88286,39.77713],[-104.89635,39.77825],[-104.90357,39.7783],[-104.90013,39.77847],[-104.90211,39.7815],[-104.89963,39.78559],[-104.8978,39.78557]]]}},{"type":"Feature","properties":{"zcta":"80246","d":4525},"geometry":{"type":"Polygon","coordinates":[[[-104.94009,39.71622],[-104.92226,39.71625],[-104.9215,39.71594],[-104.92227,39.71472],[-104.92226,39.7073],[-104.92063,39.7069],[-104.9211,39.69875],[-104.92225,39.6959],[-104.92232,39.69299],[-104.94056,39.69294],[-104.94061,39.69657],[-104.94069,39.70019],[-104.94151,39.70019],[-104.94272,39.70383],[-104.94069,39.70381],[-104.94073,39.7093],[-104.94136,39.70931],[-104.94134,39.71623],[-104.94009,39.71622]]]}},{"type":"Feature","properties":{"zcta":"80835","d":3},"geometry":{"type":"Polygon","coordinates":[[[-104.10203,39.38254],[-104.09782,39.38818],[-104.09348,39.39126],[-104.08502,39.39088],[-104.08512,39.43296],[-104.06655,39.43294],[-104.06661,39.41873],[-104.06215,39.40749],[-104.06179,39.40369],[-104.06246,39.40026],[-104.06199,39.39489],[-104.0632,39.39372],[-104.06263,39.3903],[-104.06915,39.3876],[-104.07319,39.38153],[-104.07819,39.38174],[-104.08498,39.38028],[-104.08491,39.36427],[-104.08422,39.35988],[-104.08482,39.35676],[-104.08478,39.34539],[-104.06949,39.34559],[-104.06938,39.30285],[-104.02973,39.3029],[-104.02962,39.24487],[-103.97558,39.24534],[-103.97623,39.17858],[-103.97951,39.17807],[-103.97992,39.17562],[-103.9829,39.17424],[-103.98789,39.17309],[-103.99016,39.17023],[-103.9905,39.16812],[-103.99666,39.16688],[-104.03159,39.15607],[-104.03417,39.15483],[-104.03648,39.1526],[-104.04164,39.14528],[-104.04464,39.14295],[-104.04086,39.14258],[-104.03847,39.13993],[-104.03509,39.1333],[-104.03531,39.13206],[-104.03319,39.12952],[-104.03354,39.12786],[-104.0438,39.12858],[-104.05159,39.12837],[-104.05201,39.11418],[-104.04808,39.11417],[-104.04685,39.11154],[-104.04475,39.11002],[-104.04022,39.10241],[-104.0377,39.09986],[-103.97777,39.09999],[-103.97875,39.04254],[-103.99735,39.04247],[-103.99722,39.02782],[-104.0243,39.02755],[-104.02046,39.02439],[-104.01911,39.02117],[-104.0156,39.01909],[-104.01558,39.01317],[-104.02984,39.01294],[-104.034,39.0125],[-104.03446,39.04228],[-104.05347,39.04226],[-104.05286,39.07113],[-104.08969,39.07108],[-104.08857,39.12832],[-104.12538,39.12871],[-104.12486,39.13338],[-104.09482,39.14209],[-104.09299,39.14245],[-104.0929,39.14559],[-104.08534,39.14533],[-104.08769,39.15049],[-104.08756,39.1717],[-104.1066,39.17235],[-104.12433,39.17246],[-104.12437,39.18703],[-104.17983,39.18671],[-104.17925,39.24113],[-104.17947,39.24535],[-104.17881,39.24865],[-104.17899,39.25878],[-104.17881,39.27354],[-104.1439,39.27365],[-104.14206,39.27472],[-104.14417,39.34526],[-104.08784,39.34537],[-104.08783,39.36028],[-104.10636,39.36015],[-104.10653,39.37998],[-104.10203,39.38254]]]}},{"type":"Feature","properties":{"zcta":"80222","d":3019},"geometry":{"type":"Polygon","coordinates":[[[-104.92232,39.69299],[-104.92223,39.68209],[-104.92081,39.68033],[-104.91799,39.67944],[-104.9129,39.67914],[-104.91115,39.67485],[-104.91279,39.67485],[-104.91297,39.66313],[-104.91285,39.65237],[-104.91306,39.65114],[-104.91728,39.65117],[-104.91826,39.65308],[-104.92767,39.65305],[-104.92899,39.65094],[-104.9317,39.65304],[-104.94068,39.65301],[-104.94069,39.66248],[-104.94191,39.66249],[-104.94125,39.66756],[-104.94301,39.66828],[-104.94302,39.67482],[-104.94072,39.67481],[-104.94042,39.6829],[-104.94082,39.68569],[-104.94302,39.68569],[-104.94302,39.69294],[-104.94056,39.69294],[-104.92232,39.69299]]]}},{"type":"Feature","properties":{"zcta":"80228","d":1739},"geometry":{"type":"Polygon","coordinates":[[[-105.18376,39.71137],[-105.17503,39.71097],[-105.17482,39.71294],[-105.1655,39.71296],[-105.16551,39.71121],[-105.15437,39.71107],[-105.15404,39.72493],[-105.15121,39.72527],[-105.13057,39.72528],[-105.13084,39.71109],[-105.12846,39.71091],[-105.12851,39.69992],[-105.12798,39.69647],[-105.12862,39.69447],[-105.12861,39.6844],[-105.1293,39.6821],[-105.13029,39.68078],[-105.12837,39.68015],[-105.12851,39.67656],[-105.13337,39.67728],[-105.13089,39.67513],[-105.12593,39.67456],[-105.1243,39.67263],[-105.13082,39.6669],[-105.13419,39.6677],[-105.13525,39.66703],[-105.13984,39.6677],[-105.14404,39.66755],[-105.15035,39.66563],[-105.1631,39.65874],[-105.16458,39.65742],[-105.16592,39.65681],[-105.16947,39.65975],[-105.16993,39.66283],[-105.17243,39.6639],[-105.17235,39.66743],[-105.17682,39.66752],[-105.18094,39.67164],[-105.18231,39.66944],[-105.18555,39.6737],[-105.18613,39.67582],[-105.18782,39.67466],[-105.18773,39.68189],[-105.18852,39.68188],[-105.18785,39.69029],[-105.18869,39.69274],[-105.1927,39.69862],[-105.19366,39.70178],[-105.19237,39.7089],[-105.19324,39.71112],[-105.18376,39.71137]]]}},{"type":"Feature","properties":{"zcta":"80212","d":3063},"geometry":{"type":"Polygon","coordinates":[[[-105.04055,39.79912],[-105.03472,39.79928],[-105.03585,39.79575],[-105.03757,39.79552],[-105.03755,39.78388],[-105.0346,39.78349],[-105.04394,39.78364],[-105.04394,39.78318],[-105.03752,39.78326],[-105.03759,39.76396],[-105.03815,39.76244],[-105.03761,39.7585],[-105.03636,39.7585],[-105.03656,39.75606],[-105.03815,39.75486],[-105.03696,39.74758],[-105.03576,39.74395],[-105.05267,39.74398],[-105.05321,39.74398],[-105.05324,39.75847],[-105.05262,39.76209],[-105.06264,39.76209],[-105.06193,39.7648],[-105.06263,39.76853],[-105.06146,39.77661],[-105.06259,39.77662],[-105.06265,39.78834],[-105.06499,39.78836],[-105.0644,39.79108],[-105.05325,39.79106],[-105.05321,39.79201],[-105.04775,39.79299],[-105.04675,39.79478],[-105.04382,39.79479],[-105.04386,39.79826],[-105.04055,39.79912]]]}},{"type":"Feature","properties":{"zcta":"80231","d":3786},"geometry":{"type":"MultiPolygon","coordinates":[[[[-104.89959,39.6509],[-104.90364,39.65095],[-104.90347,39.65311],[-104.9008,39.65311],[-104.89959,39.6509]]],[[[-104.90263,39.70014],[-104.89989,39.6972],[-104.89915,39.70116],[-104.89679,39.70366],[-104.89006,39.70463],[-104.89172,39.7025],[-104.89406,39.70235],[-104.89402,39.69984],[-104.89862,39.69986],[-104.89873,39.69753],[-104.8974,39.69627],[-104.89178,39.69658],[-104.89197,39.69134],[-104.88953,39.68931],[-104.88804,39.68931],[-104.88502,39.68704],[-104.88567,39.68638],[-104.88012,39.68224],[-104.8754,39.68204],[-104.87539,39.67846],[-104.87331,39.67673],[-104.87033,39.67687],[-104.87028,39.67477],[-104.8678,39.67477],[-104.86822,39.67262],[-104.86605,39.67085],[-104.8667,39.65511],[-104.86916,39.65323],[-104.87566,39.65305],[-104.87743,39.65075],[-104.88009,39.65077],[-104.88163,39.65132],[-104.89121,39.65106],[-104.89187,39.65309],[-104.9008,39.65311],[-104.90411,39.65997],[-104.90283,39.66048],[-104.90279,39.66495],[-104.90433,39.66657],[-104.90722,39.67193],[-104.9073,39.6733],[-104.90353,39.67336],[-104.90353,39.69971],[-104.90263,39.70014]]]]}},{"type":"Feature","properties":{"zcta":"80215","d":1932},"geometry":{"type":"Polygon","coordinates":[[[-105.10963,39.76203],[-105.10957,39.75471],[-105.0908,39.7548],[-105.09138,39.75115],[-105.09137,39.7436],[-105.09187,39.74031],[-105.09076,39.74031],[-105.09077,39.73654],[-105.09257,39.73652],[-105.09258,39.73293],[-105.09129,39.73293],[-105.09205,39.72878],[-105.09088,39.72557],[-105.09087,39.72531],[-105.09739,39.72527],[-105.09726,39.72404],[-105.10023,39.72403],[-105.10024,39.72543],[-105.13057,39.72528],[-105.12526,39.72546],[-105.1237,39.72937],[-105.12369,39.73305],[-105.12839,39.73481],[-105.12826,39.74008],[-105.13289,39.74014],[-105.13289,39.73815],[-105.13767,39.73875],[-105.1415,39.73742],[-105.14151,39.73973],[-105.14509,39.73964],[-105.14233,39.74168],[-105.14249,39.76187],[-105.10963,39.76203]]]}},{"type":"Feature","properties":{"zcta":"80444","d":0},"geometry":{"type":"Polygon","coordinates":[[[-105.76946,39.61055],[-105.75668,39.64043],[-105.75061,39.64555],[-105.74328,39.6549],[-105.73534,39.66881],[-105.73142,39.67437],[-105.72726,39.67918],[-105.72196,39.68122],[-105.71716,39.68177],[-105.71437,39.68148],[-105.70829,39.68291],[-105.70238,39.68222],[-105.7013,39.68582],[-105.69841,39.69159],[-105.69717,39.69293],[-105.69483,39.6995],[-105.69862,39.70197],[-105.70301,39.70294],[-105.70919,39.69889],[-105.71324,39.69782],[-105.71648,39.69797],[-105.7167,39.69702],[-105.71138,39.6959],[-105.71444,39.69452],[-105.71747,39.69459],[-105.71938,39.69791],[-105.71446,39.69876],[-105.70911,39.70046],[-105.70413,39.70402],[-105.70293,39.70685],[-105.69342,39.73271],[-105.6917,39.73238],[-105.6868,39.73754],[-105.68325,39.74296],[-105.67922,39.74522],[-105.66547,39.75077],[-105.66191,39.7533],[-105.66054,39.75216],[-105.65894,39.75047],[-105.65771,39.74712],[-105.65893,39.73846],[-105.66159,39.73281],[-105.65767,39.72991],[-105.6567,39.72779],[-105.66187,39.72693],[-105.66562,39.72249],[-105.66867,39.7223],[-105.67402,39.71561],[-105.67162,39.71127],[-105.67502,39.70949],[-105.67149,39.70954],[-105.67136,39.70419],[-105.6745,39.6998],[-105.67692,39.69403],[-105.68249,39.68695],[-105.68339,39.68013],[-105.69199,39.6732],[-105.69248,39.66787],[-105.69157,39.66392],[-105.6912,39.65404],[-105.69141,39.64948],[-105.6899,39.64426],[-105.68937,39.63869],[-105.6904,39.63103],[-105.69246,39.62499],[-105.6923,39.62028],[-105.69163,39.61889],[-105.68263,39.61601],[-105.6816,39.61524],[-105.68337,39.60951],[-105.6868,39.60346],[-105.68954,39.60037],[-105.69377,39.59935],[-105.69594,39.59706],[-105.69902,39.59672],[-105.70142,39.59501],[-105.7077,39.59478],[-105.71069,39.59572],[-105.71379,39.59281],[-105.71711,39.59147],[-105.71903,39.58845],[-105.71869,39.58519],[-105.71933,39.58219],[-105.72175,39.57972],[-105.72191,39.57767],[-105.72663,39.57552],[-105.72461,39.57316],[-105.72399,39.5671],[-105.7216,39.56527],[-105.72354,39.56535],[-105.77172,39.56489],[-105.82966,39.56486],[-105.83061,39.56646],[-105.8366,39.56879],[-105.83837,39.57295],[-105.83154,39.57808],[-105.82783,39.57907],[-105.82654,39.5802],[-105.82272,39.58009],[-105.8199,39.58223],[-105.81809,39.58084],[-105.81379,39.58241],[-105.80808,39.5834],[-105.80043,39.59321],[-105.79437,39.59483],[-105.79166,39.59789],[-105.78274,39.60015],[-105.77627,39.60496],[-105.77612,39.60775],[-105.76946,39.61055]]]}},{"type":"Feature","properties":{"zcta":"80436","d":0},"geometry":{"type":"Polygon","coordinates":[[[-105.72203,39.81711],[-105.71611,39.8143],[-105.70828,39.8119],[-105.70082,39.81079],[-105.69052,39.81228],[-105.68631,39.81227],[-105.68051,39.81133],[-105.67203,39.80858],[-105.66356,39.80392],[-105.64606,39.80062],[-105.64326,39.79781],[-105.63203,39.79453],[-105.62556,39.7911],[-105.6221,39.79122],[-105.61499,39.79277],[-105.60835,39.79233],[-105.59944,39.79231],[-105.5949,39.7905],[-105.59443,39.78906],[-105.58956,39.78597],[-105.58388,39.78165],[-105.57809,39.7778],[-105.57366,39.77311],[-105.57276,39.76884],[-105.56868,39.76313],[-105.56291,39.76024],[-105.5594,39.75692],[-105.55933,39.75569],[-105.56389,39.75558],[-105.56301,39.75417],[-105.56638,39.75202],[-105.57092,39.75211],[-105.57635,39.74931],[-105.57952,39.74671],[-105.58722,39.7478],[-105.58894,39.74719],[-105.5911,39.74987],[-105.58703,39.75296],[-105.59132,39.75405],[-105.59109,39.75618],[-105.58668,39.76034],[-105.59477,39.76162],[-105.59517,39.76235],[-105.60205,39.76242],[-105.6022,39.76326],[-105.60656,39.76328],[-105.6087,39.76067],[-105.6089,39.76302],[-105.61456,39.76312],[-105.6182,39.76153],[-105.61914,39.76006],[-105.62138,39.7601],[-105.62588,39.75847],[-105.62551,39.76348],[-105.63144,39.76313],[-105.62748,39.76465],[-105.62642,39.76593],[-105.63034,39.76443],[-105.64224,39.76393],[-105.64327,39.76288],[-105.64657,39.76229],[-105.6542,39.76184],[-105.6628,39.75828],[-105.66394,39.7594],[-105.67738,39.76067],[-105.67797,39.76227],[-105.68045,39.76149],[-105.68448,39.76747],[-105.68594,39.77203],[-105.68289,39.7721],[-105.68187,39.77058],[-105.67942,39.78096],[-105.68228,39.7845],[-105.68564,39.78245],[-105.68725,39.78536],[-105.69201,39.78733],[-105.69394,39.78739],[-105.69965,39.78944],[-105.70098,39.79342],[-105.70062,39.79585],[-105.70325,39.79956],[-105.70599,39.80147],[-105.71257,39.80405],[-105.71265,39.80597],[-105.7148,39.8067],[-105.718,39.80457],[-105.72506,39.80437],[-105.73592,39.80499],[-105.73498,39.81023],[-105.73143,39.81432],[-105.72518,39.81733],[-105.72412,39.81902],[-105.72203,39.81711]]]}},{"type":"Feature","properties":{"zcta":"80420","d":0},"geometry":{"type":"Polygon","coordinates":[[[-106.18494,39.28339],[-106.18546,39.28575],[-106.18189,39.28997],[-106.18258,39.29306],[-106.18091,39.2988],[-106.18305,39.30111],[-106.18397,39.30935],[-106.18184,39.31123],[-106.17643,39.31208],[-106.17505,39.31442],[-106.17418,39.31828],[-106.16947,39.32223],[-106.1678,39.32164],[-106.16233,39.32163],[-106.15357,39.32042],[-106.15125,39.32069],[-106.15048,39.32435],[-106.14715,39.32761],[-106.14655,39.32994],[-106.13993,39.33955],[-106.14342,39.34313],[-106.14458,39.34685],[-106.14721,39.3499],[-106.14718,39.35363],[-106.14845,39.35861],[-106.15067,39.35973],[-106.15291,39.36248],[-106.14879,39.36835],[-106.14436,39.36812],[-106.14129,39.37091],[-106.1385,39.37224],[-106.13844,39.37499],[-106.13553,39.37955],[-106.13143,39.37951],[-106.12396,39.37802],[-106.12031,39.37659],[-106.11481,39.3765],[-106.10604,39.37793],[-106.09721,39.37799],[-106.09431,39.37651],[-106.08563,39.36972],[-106.08121,39.3692],[-106.08024,39.37044],[-106.07419,39.36863],[-106.06847,39.36443],[-106.06262,39.36182],[-106.05952,39.35594],[-106.05702,39.35362],[-106.05486,39.35043],[-106.05439,39.34721],[-106.05216,39.34398],[-106.05353,39.33888],[-106.05169,39.33562],[-106.05191,39.32966],[-106.05329,39.32366],[-106.05475,39.32027],[-106.0605,39.31052],[-106.06183,39.30735],[-106.06558,39.29479],[-106.06461,39.29255],[-106.06293,39.29166],[-106.06177,39.28658],[-106.05873,39.28352],[-106.05965,39.28222],[-106.05889,39.28006],[-106.05046,39.27417],[-106.04588,39.27463],[-106.04581,39.27876],[-106.03917,39.27358],[-106.03263,39.26719],[-106.03125,39.26699],[-106.0319,39.26448],[-106.03108,39.2618],[-106.02611,39.25385],[-106.02708,39.25088],[-106.02796,39.24421],[-106.02559,39.23779],[-106.02397,39.2353],[-106.03009,39.23869],[-106.03595,39.24346],[-106.03744,39.24533],[-106.03832,39.24842],[-106.04286,39.24833],[-106.04608,39.25035],[-106.05039,39.24972],[-106.05658,39.24988],[-106.06175,39.25263],[-106.06291,39.25529],[-106.06207,39.25649],[-106.06404,39.25714],[-106.06838,39.26101],[-106.07034,39.26164],[-106.07047,39.259],[-106.07436,39.25916],[-106.07728,39.26211],[-106.07905,39.26521],[-106.08159,39.26574],[-106.08403,39.26877],[-106.07868,39.2681],[-106.08308,39.27071],[-106.08282,39.27271],[-106.08825,39.27243],[-106.09011,39.27169],[-106.09035,39.27374],[-106.08762,39.27525],[-106.09206,39.27535],[-106.09463,39.2744],[-106.09716,39.26987],[-106.09856,39.27067],[-106.10264,39.27054],[-106.10456,39.26825],[-106.10959,39.2695],[-106.11321,39.27458],[-106.11617,39.27372],[-106.12355,39.27532],[-106.12571,39.27639],[-106.13109,39.27738],[-106.13549,39.27714],[-106.14326,39.27458],[-106.14885,39.27197],[-106.15349,39.2724],[-106.15814,39.27379],[-106.16098,39.27615],[-106.16943,39.27621],[-106.17258,39.28168],[-106.17058,39.2861],[-106.17229,39.28813],[-106.17848,39.28738],[-106.1801,39.28637],[-106.18416,39.28044],[-106.18629,39.28067],[-106.18494,39.28339]]]}},{"type":"Feature","properties":{"zcta":"80421","d":29},"geometry":{"type":"Polygon","coordinates":[[[-105.62387,39.56704],[-105.58799,39.5682],[-105.44492,39.56599],[-105.44509,39.5626],[-105.44983,39.56079],[-105.45278,39.56094],[-105.46089,39.55801],[-105.45891,39.55421],[-105.4543,39.54951],[-105.45031,39.54633],[-105.44824,39.54136],[-105.44679,39.53646],[-105.44734,39.53387],[-105.45482,39.53397],[-105.45563,39.50966],[-105.47571,39.5096],[-105.47644,39.5044],[-105.47216,39.50078],[-105.4677,39.50131],[-105.45995,39.49925],[-105.45884,39.49981],[-105.45323,39.4981],[-105.45131,39.49615],[-105.44698,39.49538],[-105.44477,39.49586],[-105.43877,39.49496],[-105.43667,39.49271],[-105.4337,39.49179],[-105.42796,39.49159],[-105.42837,39.47207],[-105.41867,39.47194],[-105.41872,39.4682],[-105.41413,39.46789],[-105.41423,39.464],[-105.40562,39.46407],[-105.40704,39.46205],[-105.40051,39.46289],[-105.40055,39.46139],[-105.40517,39.4588],[-105.40491,39.45306],[-105.40515,39.4374],[-105.40645,39.43682],[-105.40254,39.43111],[-105.40323,39.42918],[-105.39805,39.42416],[-105.39233,39.42179],[-105.38991,39.42021],[-105.38766,39.41646],[-105.38565,39.41682],[-105.38378,39.4156],[-105.38066,39.41618],[-105.37694,39.41303],[-105.37423,39.41169],[-105.37464,39.40689],[-105.37281,39.40533],[-105.37363,39.4031],[-105.37602,39.40276],[-105.3788,39.40404],[-105.37868,39.40229],[-105.38111,39.40164],[-105.38113,39.39953],[-105.38404,39.39772],[-105.38444,39.39948],[-105.38862,39.40035],[-105.39094,39.39975],[-105.39352,39.40154],[-105.39815,39.39941],[-105.39795,39.38879],[-105.39855,39.37809],[-105.39845,39.36352],[-105.38854,39.36115],[-105.38388,39.36183],[-105.38429,39.35878],[-105.38056,39.35592],[-105.38013,39.35472],[-105.37428,39.35109],[-105.38479,39.35206],[-105.38927,39.35109],[-105.39427,39.35128],[-105.39815,39.3507],[-105.40363,39.35051],[-105.40829,39.35127],[-105.41146,39.34953],[-105.41361,39.3506],[-105.41831,39.35495],[-105.42168,39.35676],[-105.42755,39.36109],[-105.43024,39.36698],[-105.42815,39.36947],[-105.42834,39.37144],[-105.42436,39.37265],[-105.42762,39.37723],[-105.42812,39.38127],[-105.43056,39.3828],[-105.43687,39.38411],[-105.43907,39.38549],[-105.44204,39.38461],[-105.44343,39.38313],[-105.44671,39.38309],[-105.45357,39.38483],[-105.45722,39.38963],[-105.45743,39.39071],[-105.46567,39.395],[-105.4734,39.39748],[-105.47811,39.39633],[-105.47926,39.39779],[-105.48584,39.39893],[-105.48532,39.40066],[-105.48778,39.40278],[-105.49141,39.40133],[-105.49399,39.40297],[-105.50049,39.40494],[-105.50409,39.40428],[-105.50316,39.40558],[-105.50934,39.40756],[-105.51501,39.40798],[-105.5167,39.40706],[-105.51759,39.40475],[-105.52135,39.40613],[-105.52229,39.40834],[-105.5257,39.4085],[-105.52719,39.41069],[-105.53477,39.41262],[-105.53973,39.41584],[-105.53801,39.4184],[-105.54305,39.41968],[-105.54384,39.42398],[-105.54294,39.42651],[-105.5436,39.42894],[-105.54103,39.43203],[-105.54147,39.43325],[-105.53878,39.43918],[-105.53445,39.4409],[-105.53211,39.44109],[-105.5287,39.464],[-105.53136,39.46593],[-105.52966,39.46694],[-105.53108,39.46937],[-105.53408,39.47169],[-105.53699,39.47194],[-105.53825,39.47038],[-105.5422,39.47167],[-105.54211,39.47497],[-105.5469,39.47737],[-105.56574,39.47697],[-105.56762,39.4793],[-105.56845,39.48314],[-105.57151,39.48424],[-105.593,39.48447],[-105.6006,39.48423],[-105.61365,39.48461],[-105.61895,39.48612],[-105.62155,39.48956],[-105.62465,39.4911],[-105.6275,39.49175],[-105.63168,39.49431],[-105.63179,39.49635],[-105.62564,39.5021],[-105.62483,39.50375],[-105.62555,39.5065],[-105.62768,39.50817],[-105.62905,39.51525],[-105.6295,39.52132],[-105.63018,39.52384],[-105.6331,39.52782],[-105.63916,39.53272],[-105.64266,39.53694],[-105.64315,39.54003],[-105.64319,39.55964],[-105.64341,39.56359],[-105.6428,39.56658],[-105.62387,39.56704]]]}},{"type":"Feature","properties":{"zcta":"80294","d":0},"geometry":{"type":"Polygon","coordinates":[[[-104.98823,39.74959],[-104.98945,39.74865],[-104.9912,39.75001],[-104.98997,39.75094],[-104.98823,39.74959]]]}},{"type":"Feature","properties":{"zcta":"80004","d":2499},"geometry":{"type":"Polygon","coordinates":[[[-105.16515,39.81719],[-105.16191,39.81775],[-105.16187,39.81978],[-105.15874,39.82045],[-105.15905,39.82212],[-105.16522,39.8213],[-105.16514,39.82701],[-105.1484,39.82709],[-105.14845,39.82317],[-105.14719,39.81997],[-105.14105,39.81995],[-105.14104,39.82706],[-105.11557,39.82715],[-105.10474,39.82758],[-105.09787,39.827],[-105.08145,39.82724],[-105.08142,39.82368],[-105.08375,39.82246],[-105.08384,39.82013],[-105.08149,39.82012],[-105.08143,39.80928],[-105.08381,39.80859],[-105.08142,39.80743],[-105.08144,39.80278],[-105.08611,39.8028],[-105.08878,39.80386],[-105.08877,39.80203],[-105.09082,39.80203],[-105.09082,39.8049],[-105.09857,39.80361],[-105.10021,39.80407],[-105.10021,39.80206],[-105.1095,39.8019],[-105.13555,39.80184],[-105.13569,39.80502],[-105.13788,39.80483],[-105.13789,39.8018],[-105.14741,39.80172],[-105.14738,39.80542],[-105.1509,39.80537],[-105.1521,39.80172],[-105.16146,39.80166],[-105.16517,39.80207],[-105.16503,39.80304],[-105.16838,39.80273],[-105.16909,39.80597],[-105.16369,39.80673],[-105.16348,39.80805],[-105.16517,39.81246],[-105.16515,39.81719]]]}},{"type":"Feature","properties":{"zcta":"80002","d":1788},"geometry":{"type":"Polygon","coordinates":[[[-105.16146,39.80166],[-105.1521,39.80172],[-105.1509,39.80537],[-105.14738,39.80542],[-105.14741,39.80172],[-105.13789,39.8018],[-105.13788,39.80483],[-105.13569,39.80502],[-105.13555,39.80184],[-105.1095,39.8019],[-105.10021,39.80206],[-105.10021,39.80407],[-105.09857,39.80361],[-105.09082,39.8049],[-105.09082,39.80203],[-105.08877,39.80203],[-105.08878,39.80386],[-105.08611,39.8028],[-105.08144,39.80278],[-105.08143,39.80199],[-105.06818,39.80221],[-105.06254,39.80173],[-105.06044,39.80096],[-105.04402,39.80435],[-105.04386,39.79826],[-105.04382,39.79479],[-105.04675,39.79478],[-105.04775,39.79299],[-105.05321,39.79201],[-105.05325,39.79106],[-105.0644,39.79108],[-105.06499,39.78836],[-105.06895,39.78695],[-105.07252,39.78645],[-105.0757,39.78518],[-105.08132,39.78444],[-105.08143,39.78614],[-105.09053,39.784],[-105.1002,39.78385],[-105.10018,39.78899],[-105.10956,39.78723],[-105.10927,39.7931],[-105.11434,39.79208],[-105.11431,39.79466],[-105.1179,39.79465],[-105.11737,39.7915],[-105.12212,39.79101],[-105.12212,39.79463],[-105.12379,39.79462],[-105.12375,39.79012],[-105.12853,39.78913],[-105.12855,39.79381],[-105.13009,39.791],[-105.13798,39.79094],[-105.13788,39.77991],[-105.14144,39.77836],[-105.14531,39.77824],[-105.15671,39.77625],[-105.1568,39.79078],[-105.16513,39.79071],[-105.16453,39.79584],[-105.16524,39.79929],[-105.16293,39.79931],[-105.16286,39.80166],[-105.16517,39.80207],[-105.16146,39.80166]]]}},{"type":"Feature","properties":{"zcta":"80007","d":337},"geometry":{"type":"Polygon","coordinates":[[[-105.23134,39.91409],[-105.21495,39.91422],[-105.2008,39.91399],[-105.19189,39.9141],[-105.16615,39.91405],[-105.14714,39.91389],[-105.15331,39.91304],[-105.15846,39.9116],[-105.16569,39.91051],[-105.16555,39.8909],[-105.16545,39.87287],[-105.16409,39.87288],[-105.16407,39.87072],[-105.16543,39.8707],[-105.1653,39.8584],[-105.15879,39.85842],[-105.15839,39.85746],[-105.1653,39.85735],[-105.16524,39.84343],[-105.16093,39.84184],[-105.14761,39.84163],[-105.14757,39.83933],[-105.15253,39.84056],[-105.15648,39.84028],[-105.15657,39.83627],[-105.15871,39.83627],[-105.1567,39.83426],[-105.15679,39.83064],[-105.16332,39.83063],[-105.1633,39.82792],[-105.16514,39.82701],[-105.16522,39.8213],[-105.15905,39.82212],[-105.15874,39.82045],[-105.16187,39.81978],[-105.16191,39.81775],[-105.16515,39.81719],[-105.16517,39.81246],[-105.19819,39.81272],[-105.20325,39.81616],[-105.2152,39.81629],[-105.21857,39.81811],[-105.22164,39.81805],[-105.22169,39.82239],[-105.2224,39.82437],[-105.22707,39.8281],[-105.22878,39.83396],[-105.23068,39.83753],[-105.2346,39.84139],[-105.23483,39.84425],[-105.23016,39.84315],[-105.22669,39.84485],[-105.21683,39.84679],[-105.21382,39.84675],[-105.2138,39.84875],[-105.22197,39.84879],[-105.22199,39.85601],[-105.22672,39.85598],[-105.22677,39.86151],[-105.2302,39.86114],[-105.23476,39.85925],[-105.2399,39.86534],[-105.24108,39.87044],[-105.24111,39.90641],[-105.24091,39.90873],[-105.23893,39.91437],[-105.23134,39.91409]]]}},{"type":"Feature","properties":{"zcta":"80453","d":0},"geometry":{"type":"Polygon","coordinates":[[[-105.23714,39.6601],[-105.23698,39.65823],[-105.24187,39.65498],[-105.24464,39.65622],[-105.24566,39.65951],[-105.24835,39.6612],[-105.2481,39.66334],[-105.24978,39.66303],[-105.2465,39.66581],[-105.24743,39.66787],[-105.24431,39.67342],[-105.24475,39.67593],[-105.24331,39.67691],[-105.2412,39.6747],[-105.23965,39.6691],[-105.23734,39.66894],[-105.24022,39.66713],[-105.23914,39.66567],[-105.24182,39.66498],[-105.24002,39.66179],[-105.23587,39.66283],[-105.23527,39.66176],[-105.23714,39.6601]]]}},{"type":"Feature","properties":{"zcta":"80031","d":2370},"geometry":{"type":"MultiPolygon","coordinates":[[[[-105.05324,39.84181],[-105.05324,39.84405],[-105.05072,39.84405],[-105.04907,39.84534],[-105.04824,39.84179],[-105.05324,39.84181]]],[[[-105.05952,39.87021],[-105.05469,39.86904],[-105.05323,39.86939],[-105.05288,39.91168],[-105.0462,39.91163],[-105.04622,39.91406],[-105.02498,39.91412],[-105.02486,39.90948],[-105.02502,39.88505],[-105.02501,39.86349],[-105.02695,39.86348],[-105.02635,39.85628],[-105.02015,39.85632],[-105.01946,39.85178],[-105.01534,39.84904],[-105.01541,39.84449],[-105.01817,39.84449],[-105.0183,39.84176],[-105.02477,39.84179],[-105.03651,39.84185],[-105.03969,39.8422],[-105.04793,39.8418],[-105.04996,39.8493],[-105.0529,39.85204],[-105.05466,39.85639],[-105.07412,39.85655],[-105.07405,39.85777],[-105.07066,39.86036],[-105.07046,39.86438],[-105.06903,39.86865],[-105.06543,39.86884],[-105.06391,39.87035],[-105.0597,39.87023],[-105.0601,39.87095],[-105.05952,39.87021]]]]}},{"type":"Feature","properties":{"zcta":"80023","d":800},"geometry":{"type":"Polygon","coordinates":[[[-105.0528,39.97767],[-105.05282,40.00026],[-105.00801,40.00029],[-105.00844,40.00628],[-105.00799,40.00758],[-104.98965,40.00768],[-104.98961,40.01489],[-104.9809,40.01493],[-104.98105,40.00033],[-104.97571,40.00032],[-104.9763,39.99996],[-104.96937,39.99305],[-104.96881,39.98721],[-104.97013,39.98667],[-104.96295,39.98701],[-104.9594,39.98655],[-104.95942,39.9745],[-104.96143,39.97255],[-104.96576,39.9725],[-104.96466,39.97125],[-104.96761,39.96887],[-104.9656,39.96683],[-104.96736,39.96515],[-104.96621,39.96268],[-104.96801,39.96078],[-104.96923,39.9611],[-104.97177,39.95779],[-104.97833,39.95752],[-104.97819,39.94294],[-104.98798,39.94307],[-105.01566,39.94309],[-105.0529,39.94319],[-105.05283,39.96589],[-105.0542,39.96587],[-105.05775,39.96864],[-105.05855,39.97526],[-105.0528,39.97767]]]}},{"type":"Feature","properties":{"zcta":"80101","d":1},"geometry":{"type":"Polygon","coordinates":[[[-104.20143,39.4336],[-104.20136,39.41927],[-104.19815,39.42091],[-104.19777,39.4402],[-104.19606,39.441],[-104.18765,39.44116],[-104.17933,39.44507],[-104.1772,39.44755],[-104.17405,39.44859],[-104.17156,39.45035],[-104.16107,39.45321],[-104.14678,39.45598],[-104.12447,39.45626],[-104.11945,39.45668],[-104.11535,39.45599],[-104.11334,39.45636],[-104.11336,39.46173],[-104.11256,39.46193],[-104.06729,39.46199],[-104.0667,39.46188],[-104.06562,39.46808],[-104.05997,39.4725],[-104.05728,39.49076],[-104.05709,39.49601],[-104.05426,39.49777],[-104.05405,39.50521],[-104.04754,39.50531],[-104.04691,39.54859],[-104.0455,39.5485],[-104.0383,39.5417],[-104.03644,39.54247],[-104.02995,39.54037],[-104.02417,39.54002],[-104.01651,39.54243],[-104.01413,39.54237],[-104.01324,39.54889],[-104.00978,39.54928],[-104.00518,39.55096],[-104.0024,39.5494],[-104.0135,39.56601],[-103.98698,39.56615],[-103.97864,39.56636],[-103.71435,39.56633],[-103.71504,39.43368],[-103.82567,39.43423],[-103.82505,39.41589],[-103.82582,39.30333],[-103.84481,39.30318],[-103.85564,39.29664],[-103.86206,39.29577],[-103.89962,39.29456],[-103.8994,39.25736],[-103.89966,39.2463],[-103.90366,39.24613],[-103.97558,39.24534],[-104.02962,39.24487],[-104.02973,39.3029],[-104.06938,39.30285],[-104.06949,39.34559],[-104.08478,39.34539],[-104.08482,39.35676],[-104.08422,39.35988],[-104.08491,39.36427],[-104.08498,39.38028],[-104.07819,39.38174],[-104.07319,39.38153],[-104.06915,39.3876],[-104.06263,39.3903],[-104.0632,39.39372],[-104.06199,39.39489],[-104.06246,39.40026],[-104.06179,39.40369],[-104.06215,39.40749],[-104.06661,39.41873],[-104.06655,39.43294],[-104.08512,39.43296],[-104.08502,39.39088],[-104.09348,39.39126],[-104.09782,39.38818],[-104.10203,39.38254],[-104.10653,39.37998],[-104.10664,39.38933],[-104.14544,39.38938],[-104.14554,39.37417],[-104.18328,39.37386],[-104.18329,39.37762],[-104.19023,39.3774],[-104.19547,39.37578],[-104.19788,39.37442],[-104.20586,39.37461],[-104.20677,39.37083],[-104.20642,39.3643],[-104.21475,39.35597],[-104.21449,39.35491],[-104.22037,39.35604],[-104.22545,39.35651],[-104.22778,39.35843],[-104.23153,39.35671],[-104.23586,39.3582],[-104.24129,39.35916],[-104.24851,39.35892],[-104.25055,39.35937],[-104.25902,39.35842],[-104.26162,39.35737],[-104.27114,39.35797],[-104.27991,39.35677],[-104.27987,39.36006],[-104.28116,39.3618],[-104.2813,39.36559],[-104.27943,39.36963],[-104.27844,39.37499],[-104.27866,39.37825],[-104.28087,39.3791],[-104.28327,39.37673],[-104.28498,39.37744],[-104.28464,39.38101],[-104.28154,39.38236],[-104.28166,39.38334],[-104.28586,39.38743],[-104.28228,39.3898],[-104.28255,39.39171],[-104.28462,39.39241],[-104.28827,39.39193],[-104.28957,39.39294],[-104.28608,39.39532],[-104.2861,39.39898],[-104.28317,39.40131],[-104.28668,39.40411],[-104.28671,39.40523],[-104.28292,39.40421],[-104.2739,39.40426],[-104.27412,39.43304],[-104.20143,39.4336]]]}},{"type":"Feature","properties":{"zcta":"80030","d":2908},"geometry":{"type":"Polygon","coordinates":[[[-105.04824,39.84179],[-105.04793,39.8418],[-105.03969,39.8422],[-105.03651,39.84185],[-105.02477,39.84179],[-105.02478,39.836],[-105.0155,39.8333],[-105.0158,39.82204],[-105.02166,39.82248],[-105.02497,39.82356],[-105.02515,39.82081],[-105.03178,39.82409],[-105.03439,39.82405],[-105.0345,39.82017],[-105.03689,39.81763],[-105.04411,39.81749],[-105.04408,39.81647],[-105.05327,39.81641],[-105.05326,39.83271],[-105.05142,39.83271],[-105.05142,39.83452],[-105.05327,39.83453],[-105.05324,39.84181],[-105.04824,39.84179]]]}},{"type":"Feature","properties":{"zcta":"80012","d":3112},"geometry":{"type":"Polygon","coordinates":[[[-104.86594,39.71675],[-104.86129,39.71679],[-104.86069,39.71434],[-104.85565,39.71493],[-104.85375,39.71797],[-104.84726,39.71843],[-104.83579,39.71781],[-104.83324,39.71911],[-104.82829,39.71739],[-104.82641,39.7188],[-104.82626,39.71658],[-104.81936,39.71657],[-104.81879,39.71813],[-104.81369,39.71844],[-104.81557,39.71974],[-104.81937,39.71975],[-104.81938,39.72562],[-104.8182,39.72562],[-104.81731,39.72315],[-104.8149,39.72245],[-104.81532,39.72067],[-104.81248,39.72095],[-104.80978,39.7148],[-104.81,39.71158],[-104.80988,39.69293],[-104.81131,39.69227],[-104.81099,39.68933],[-104.80989,39.68933],[-104.8099,39.68206],[-104.81929,39.68209],[-104.81929,39.67923],[-104.82119,39.67982],[-104.8246,39.67881],[-104.82832,39.67917],[-104.82825,39.68204],[-104.83192,39.6814],[-104.83629,39.68209],[-104.86594,39.68202],[-104.86596,39.68947],[-104.86953,39.68929],[-104.86977,39.69171],[-104.86789,39.6927],[-104.86913,39.69408],[-104.86832,39.69657],[-104.86831,39.70019],[-104.86597,39.70109],[-104.86597,39.71105],[-104.86594,39.71675]]]}},{"type":"Feature","properties":{"zcta":"80017","d":3166},"geometry":{"type":"Polygon","coordinates":[[[-104.8098,39.71836],[-104.80573,39.71863],[-104.79994,39.7158],[-104.79948,39.7137],[-104.79117,39.71127],[-104.79116,39.71573],[-104.78531,39.71573],[-104.78536,39.72563],[-104.7818,39.72562],[-104.78153,39.71718],[-104.78351,39.71619],[-104.78365,39.71439],[-104.78145,39.71375],[-104.78143,39.71189],[-104.77234,39.71202],[-104.77252,39.72213],[-104.76449,39.72186],[-104.75553,39.7144],[-104.75239,39.71225],[-104.74207,39.71227],[-104.7421,39.71502],[-104.73989,39.71506],[-104.7349,39.71103],[-104.73494,39.70379],[-104.7396,39.70372],[-104.73966,39.69651],[-104.73493,39.69651],[-104.73489,39.68219],[-104.74693,39.68199],[-104.79099,39.6821],[-104.8099,39.68206],[-104.80989,39.68933],[-104.81099,39.68933],[-104.81131,39.69227],[-104.80988,39.69293],[-104.81,39.71158],[-104.80978,39.7148],[-104.8098,39.71836]]]}},{"type":"Feature","properties":{"zcta":"80015","d":2423},"geometry":{"type":"Polygon","coordinates":[[[-104.87324,39.64525],[-104.86811,39.64665],[-104.85442,39.65461],[-104.84716,39.6567],[-104.84359,39.65845],[-104.83786,39.65738],[-104.8356,39.65641],[-104.83048,39.65159],[-104.82898,39.64808],[-104.82894,39.63857],[-104.80803,39.63849],[-104.79147,39.6385],[-104.79143,39.64069],[-104.78926,39.64066],[-104.78874,39.6385],[-104.76726,39.63851],[-104.76701,39.63949],[-104.76349,39.64029],[-104.76322,39.63851],[-104.74214,39.63847],[-104.73908,39.63931],[-104.73835,39.64074],[-104.735,39.64083],[-104.73506,39.63845],[-104.71888,39.63855],[-104.71884,39.62394],[-104.71853,39.61747],[-104.71662,39.61318],[-104.71675,39.60223],[-104.72279,39.60113],[-104.72593,39.60234],[-104.72758,39.60428],[-104.7315,39.60606],[-104.73612,39.60531],[-104.74122,39.60719],[-104.7447,39.60779],[-104.75361,39.611],[-104.75551,39.61201],[-104.75628,39.60838],[-104.76077,39.60709],[-104.76626,39.60707],[-104.77144,39.60937],[-104.77686,39.60955],[-104.77987,39.61027],[-104.79172,39.61064],[-104.79579,39.61176],[-104.80248,39.61027],[-104.80725,39.6111],[-104.81291,39.60945],[-104.81991,39.60948],[-104.81993,39.60574],[-104.82346,39.60518],[-104.82459,39.60219],[-104.82457,39.60589],[-104.82867,39.6059],[-104.83137,39.6107],[-104.83985,39.6193],[-104.84167,39.62208],[-104.84473,39.62409],[-104.87125,39.62426],[-104.8712,39.62686],[-104.87577,39.62686],[-104.87569,39.63137],[-104.8776,39.63217],[-104.87391,39.64222],[-104.87498,39.64316],[-104.87697,39.64209],[-104.87732,39.64345],[-104.87324,39.64525]]]}},{"type":"Feature","properties":{"zcta":"80013","d":2675},"geometry":{"type":"Polygon","coordinates":[[[-104.79099,39.6821],[-104.74693,39.68199],[-104.73489,39.68219],[-104.71615,39.68205],[-104.71617,39.65301],[-104.7349,39.65298],[-104.735,39.64083],[-104.73835,39.64074],[-104.73908,39.63931],[-104.74214,39.63847],[-104.76322,39.63851],[-104.76349,39.64029],[-104.76701,39.63949],[-104.76726,39.63851],[-104.78874,39.6385],[-104.78926,39.64066],[-104.79143,39.64069],[-104.79147,39.6385],[-104.80803,39.63849],[-104.81023,39.64023],[-104.80995,39.65315],[-104.8099,39.68206],[-104.79099,39.6821]]]}},{"type":"Feature","properties":{"zcta":"80021","d":1239},"geometry":{"type":"Polygon","coordinates":[[[-105.14704,39.92894],[-105.1376,39.92893],[-105.13758,39.93969],[-105.12062,39.93181],[-105.11015,39.92401],[-105.09373,39.91615],[-105.08914,39.9124],[-105.08025,39.89982],[-105.0756,39.89214],[-105.0601,39.87095],[-105.0597,39.87023],[-105.06391,39.87035],[-105.06543,39.86884],[-105.06903,39.86865],[-105.07046,39.86438],[-105.07066,39.86036],[-105.07405,39.85777],[-105.07412,39.85655],[-105.08321,39.85642],[-105.10759,39.8564],[-105.10888,39.85611],[-105.11037,39.85354],[-105.11195,39.85443],[-105.11599,39.85342],[-105.1262,39.85599],[-105.13556,39.85659],[-105.13927,39.85829],[-105.13732,39.86178],[-105.14352,39.86138],[-105.14157,39.86288],[-105.14582,39.86467],[-105.14007,39.8666],[-105.14493,39.87059],[-105.14826,39.87151],[-105.14762,39.87243],[-105.14742,39.87826],[-105.12866,39.87832],[-105.1286,39.88537],[-105.13407,39.88752],[-105.13455,39.8893],[-105.14744,39.88945],[-105.16442,39.89141],[-105.16555,39.8909],[-105.16569,39.91051],[-105.15846,39.9116],[-105.15331,39.91304],[-105.14714,39.91389],[-105.14704,39.92894]]]}},{"type":"Feature","properties":{"zcta":"80602","d":754},"geometry":{"type":"Polygon","coordinates":[[[-104.90335,40.00033],[-104.83731,40.00041],[-104.83738,39.98692],[-104.8325,39.98701],[-104.83285,39.98465],[-104.83848,39.98151],[-104.84239,39.9819],[-104.84314,39.98107],[-104.84202,39.97789],[-104.84879,39.97552],[-104.85097,39.97375],[-104.85231,39.97011],[-104.84886,39.96725],[-104.84835,39.96549],[-104.85254,39.96188],[-104.85621,39.95511],[-104.85832,39.9488],[-104.85935,39.94732],[-104.86585,39.95127],[-104.86833,39.94691],[-104.87226,39.94146],[-104.87204,39.93921],[-104.87448,39.93597],[-104.87791,39.93393],[-104.87895,39.92901],[-104.88273,39.92505],[-104.87231,39.92475],[-104.86742,39.92278],[-104.86992,39.92179],[-104.87141,39.91967],[-104.87594,39.91759],[-104.87507,39.91373],[-104.88244,39.91245],[-104.88588,39.91095],[-104.88985,39.91205],[-104.89141,39.91139],[-104.88915,39.90911],[-104.89035,39.90737],[-104.89529,39.9065],[-104.8972,39.90501],[-104.89714,39.90175],[-104.89907,39.89909],[-104.89841,39.89773],[-104.89954,39.89343],[-104.90224,39.89179],[-104.90303,39.89258],[-104.90303,39.90389],[-104.90781,39.90393],[-104.90453,39.90801],[-104.90302,39.90799],[-104.90305,39.91428],[-104.91027,39.91413],[-104.91051,39.91101],[-104.91248,39.91067],[-104.91245,39.90716],[-104.91337,39.90601],[-104.91725,39.90601],[-104.91723,39.91278],[-104.9219,39.91403],[-104.92198,39.94301],[-104.94024,39.94283],[-104.96148,39.9428],[-104.97819,39.94294],[-104.97833,39.95752],[-104.97177,39.95779],[-104.96923,39.9611],[-104.96801,39.96078],[-104.96621,39.96268],[-104.96736,39.96515],[-104.9656,39.96683],[-104.96761,39.96887],[-104.96466,39.97125],[-104.96576,39.9725],[-104.96143,39.97255],[-104.95942,39.9745],[-104.9594,39.98655],[-104.96295,39.98701],[-104.97013,39.98667],[-104.96881,39.98721],[-104.96937,39.99305],[-104.9763,39.99996],[-104.97571,40.00032],[-104.90335,40.00033]]]}},{"type":"Feature","properties":{"zcta":"80116","d":29},"geometry":{"type":"Polygon","coordinates":[[[-104.80345,39.38566],[-104.80416,39.3897],[-104.80314,39.39205],[-104.7936,39.39621],[-104.78912,39.3964],[-104.78907,39.40212],[-104.78443,39.40212],[-104.78442,39.41669],[-104.76888,39.41683],[-104.7611,39.41684],[-104.76007,39.43511],[-104.74918,39.43209],[-104.74544,39.43074],[-104.73298,39.42545],[-104.71275,39.41906],[-104.70509,39.41483],[-104.6996,39.41292],[-104.68163,39.41296],[-104.68154,39.42013],[-104.67341,39.42012],[-104.67062,39.42119],[-104.66756,39.42445],[-104.66727,39.42723],[-104.66273,39.42749],[-104.6627,39.40867],[-104.6632,39.36205],[-104.6632,39.28938],[-104.66289,39.24582],[-104.66296,39.21671],[-104.68177,39.21684],[-104.68182,39.22408],[-104.69581,39.22406],[-104.69562,39.20941],[-104.69101,39.20941],[-104.69079,39.18764],[-104.70007,39.18768],[-104.7001,39.17307],[-104.68149,39.17317],[-104.68148,39.16589],[-104.69704,39.16584],[-104.7008,39.16602],[-104.70251,39.16907],[-104.71084,39.16979],[-104.71997,39.17226],[-104.72817,39.1733],[-104.74951,39.17327],[-104.75355,39.17045],[-104.75595,39.16974],[-104.76947,39.16957],[-104.77013,39.17335],[-104.77424,39.17331],[-104.77416,39.17907],[-104.76874,39.1812],[-104.76341,39.18026],[-104.7556,39.18193],[-104.75336,39.18546],[-104.75383,39.18625],[-104.7599,39.18647],[-104.76144,39.18738],[-104.76768,39.18699],[-104.76943,39.18489],[-104.77411,39.18466],[-104.77423,39.2054],[-104.77455,39.22721],[-104.76457,39.23322],[-104.763,39.23555],[-104.75783,39.23715],[-104.75584,39.23883],[-104.75584,39.24266],[-104.7548,39.24371],[-104.7444,39.24589],[-104.73719,39.25091],[-104.73723,39.26076],[-104.74216,39.26107],[-104.7466,39.26076],[-104.74848,39.26323],[-104.74105,39.26661],[-104.73676,39.27011],[-104.74054,39.27037],[-104.74475,39.2721],[-104.74586,39.27802],[-104.74778,39.27958],[-104.75223,39.27993],[-104.76014,39.28345],[-104.76354,39.28588],[-104.76587,39.28893],[-104.76896,39.29028],[-104.77406,39.29033],[-104.77127,39.29525],[-104.76888,39.2974],[-104.7681,39.30109],[-104.76892,39.30494],[-104.76405,39.31298],[-104.75666,39.31882],[-104.75315,39.32882],[-104.75629,39.33371],[-104.76032,39.33632],[-104.76355,39.3369],[-104.76114,39.33971],[-104.75873,39.34068],[-104.75751,39.34338],[-104.76026,39.34596],[-104.76444,39.3484],[-104.76694,39.35384],[-104.76662,39.35468],[-104.76893,39.35777],[-104.7687,39.36274],[-104.76658,39.36603],[-104.77029,39.36606],[-104.77501,39.36495],[-104.77564,39.3658],[-104.77859,39.36385],[-104.78029,39.35738],[-104.78537,39.355],[-104.78809,39.35141],[-104.79225,39.35075],[-104.79388,39.35307],[-104.79386,39.36224],[-104.77988,39.36235],[-104.77989,39.36957],[-104.78454,39.3696],[-104.78456,39.38052],[-104.79854,39.38048],[-104.79853,39.38227],[-104.80553,39.38221],[-104.80525,39.38267],[-104.80345,39.38566]]]}},{"type":"Feature","properties":{"zcta":"80118","d":23},"geometry":{"type":"Polygon","coordinates":[[[-104.90993,39.29757],[-104.907,39.29841],[-104.89628,39.29779],[-104.89147,39.29702],[-104.89582,39.28904],[-104.89777,39.27727],[-104.89718,39.27124],[-104.89494,39.26427],[-104.89185,39.25915],[-104.88389,39.24845],[-104.87854,39.24331],[-104.87492,39.24324],[-104.87122,39.24225],[-104.8608,39.24221],[-104.85031,39.24173],[-104.84658,39.24215],[-104.84598,39.24584],[-104.83789,39.24656],[-104.83656,39.24757],[-104.83306,39.24593],[-104.82666,39.24575],[-104.81217,39.24581],[-104.81131,39.22653],[-104.81,39.21329],[-104.80391,39.19584],[-104.7947,39.20178],[-104.78423,39.20571],[-104.77423,39.2054],[-104.77411,39.18466],[-104.76943,39.18489],[-104.76768,39.18699],[-104.76144,39.18738],[-104.7599,39.18647],[-104.75383,39.18625],[-104.75336,39.18546],[-104.7556,39.18193],[-104.76341,39.18026],[-104.76874,39.1812],[-104.77416,39.17907],[-104.77424,39.17331],[-104.77013,39.17335],[-104.76947,39.16957],[-104.75595,39.16974],[-104.75355,39.17045],[-104.74951,39.17327],[-104.72817,39.1733],[-104.71997,39.17226],[-104.71084,39.16979],[-104.70251,39.16907],[-104.7008,39.16602],[-104.69704,39.16584],[-104.68148,39.16589],[-104.68149,39.17317],[-104.67421,39.17316],[-104.67621,39.16929],[-104.6776,39.16015],[-104.67254,39.1573],[-104.67161,39.15856],[-104.66285,39.15863],[-104.6629,39.12953],[-104.6925,39.12954],[-104.76657,39.12967],[-104.80293,39.12969],[-104.84346,39.12987],[-104.86392,39.12979],[-104.89503,39.12986],[-104.92379,39.12982],[-105.02955,39.12983],[-105.02675,39.13548],[-105.0274,39.13755],[-105.02648,39.14448],[-105.02512,39.1459],[-105.02403,39.14969],[-105.02629,39.15551],[-105.02221,39.1575],[-105.02104,39.15908],[-105.02235,39.16382],[-105.02074,39.16518],[-105.02381,39.16746],[-105.02305,39.16897],[-105.02397,39.17144],[-105.0266,39.17232],[-105.01939,39.17418],[-105.01374,39.17759],[-105.00914,39.17881],[-105.00936,39.18375],[-105.00801,39.18558],[-105.00809,39.18838],[-105.01236,39.1936],[-105.01154,39.19603],[-105.01334,39.20011],[-105.01371,39.20355],[-105.01182,39.20524],[-105.00298,39.20903],[-105.00276,39.21107],[-105.00054,39.21302],[-105.00054,39.21608],[-104.99677,39.21648],[-104.9951,39.21745],[-104.99148,39.21705],[-104.98829,39.21869],[-104.98827,39.23845],[-105.00683,39.239],[-105.00661,39.24641],[-105.00347,39.24638],[-105.00347,39.25142],[-105.01884,39.25141],[-105.01937,39.25736],[-105.02706,39.25654],[-105.02517,39.28371],[-105.02412,39.28531],[-105.02104,39.28514],[-105.01757,39.28772],[-105.0161,39.28776],[-105.01302,39.28985],[-105.01113,39.29227],[-105.0065,39.29537],[-105.00417,39.29484],[-105.00132,39.29689],[-104.9979,39.29687],[-104.99758,39.28224],[-104.98876,39.28248],[-104.98868,39.27494],[-104.96301,39.27513],[-104.9623,39.27314],[-104.95604,39.27217],[-104.95597,39.27896],[-104.94703,39.281],[-104.94348,39.28243],[-104.93246,39.28264],[-104.92086,39.29093],[-104.91891,39.29285],[-104.91878,39.29606],[-104.91781,39.29694],[-104.90993,39.29757]]]}},{"type":"Feature","properties":{"zcta":"80122","d":2385},"geometry":{"type":"Polygon","coordinates":[[[-104.98829,39.59511],[-104.96371,39.59518],[-104.96373,39.59606],[-104.96011,39.59682],[-104.96016,39.59517],[-104.94909,39.59509],[-104.94871,39.59665],[-104.94605,39.59594],[-104.94137,39.59678],[-104.94141,39.59517],[-104.92289,39.59506],[-104.92301,39.57325],[-104.92071,39.57326],[-104.92149,39.57023],[-104.92079,39.56892],[-104.92304,39.56858],[-104.92296,39.56605],[-104.98853,39.56612],[-104.98853,39.56799],[-104.99009,39.568],[-104.99065,39.57135],[-104.99193,39.57349],[-104.98848,39.57347],[-104.98827,39.59455],[-104.98829,39.59511]]]}},{"type":"Feature","properties":{"zcta":"80105","d":2},"geometry":{"type":"Polygon","coordinates":[[[-104.28847,39.56471],[-104.19381,39.56523],[-104.17426,39.56528],[-104.07808,39.56579],[-104.07905,39.56781],[-104.07735,39.57093],[-104.07995,39.57822],[-104.08101,39.57958],[-104.0859,39.58259],[-104.08843,39.58609],[-104.09258,39.58761],[-104.09395,39.58891],[-104.09356,39.59356],[-104.09491,39.59749],[-104.09431,39.60264],[-104.09197,39.60793],[-104.09144,39.61397],[-104.09283,39.61801],[-104.09479,39.61934],[-104.0958,39.6238],[-104.09536,39.62705],[-104.09621,39.63334],[-104.09521,39.63808],[-104.09805,39.63978],[-104.0986,39.64167],[-104.09728,39.64261],[-104.09563,39.64052],[-104.09492,39.64265],[-104.09617,39.6442],[-104.09479,39.64971],[-104.09292,39.65241],[-104.09463,39.6575],[-104.10029,39.66148],[-104.10156,39.6646],[-104.10123,39.66839],[-104.09878,39.67269],[-104.09839,39.67807],[-104.09655,39.68181],[-104.09625,39.73985],[-104.04042,39.73998],[-104.04138,39.68197],[-103.99969,39.68218],[-103.99576,39.68288],[-103.99437,39.68199],[-103.99168,39.68359],[-103.98836,39.68379],[-103.98487,39.68249],[-103.98411,39.70816],[-103.98463,39.71716],[-103.98437,39.72603],[-103.98604,39.73127],[-103.98753,39.74022],[-103.9723,39.7404],[-103.91929,39.74067],[-103.92188,39.74423],[-103.92223,39.74768],[-103.92073,39.75158],[-103.91897,39.75353],[-103.86842,39.78398],[-103.83096,39.81015],[-103.82359,39.81423],[-103.81544,39.82186],[-103.81257,39.82404],[-103.80321,39.82211],[-103.79761,39.82179],[-103.7923,39.81273],[-103.78897,39.81264],[-103.78381,39.81762],[-103.77962,39.81856],[-103.779,39.82021],[-103.74261,39.82022],[-103.74236,39.82805],[-103.70626,39.82855],[-103.70655,39.76905],[-103.70655,39.73989],[-103.70707,39.56629],[-103.71435,39.56633],[-103.97864,39.56636],[-103.98698,39.56615],[-104.0135,39.56601],[-104.0024,39.5494],[-104.00518,39.55096],[-104.00978,39.54928],[-104.01324,39.54889],[-104.01413,39.54237],[-104.01651,39.54243],[-104.02417,39.54002],[-104.02995,39.54037],[-104.03644,39.54247],[-104.0383,39.5417],[-104.0455,39.5485],[-104.04691,39.54859],[-104.04754,39.50531],[-104.05405,39.50521],[-104.05426,39.49777],[-104.05709,39.49601],[-104.05728,39.49076],[-104.05997,39.4725],[-104.06562,39.46808],[-104.0667,39.46188],[-104.06729,39.46199],[-104.11256,39.46193],[-104.11336,39.46173],[-104.11334,39.45636],[-104.11535,39.45599],[-104.11945,39.45668],[-104.12447,39.45626],[-104.14678,39.45598],[-104.16107,39.45321],[-104.17156,39.45035],[-104.17405,39.44859],[-104.1772,39.44755],[-104.17933,39.44507],[-104.18765,39.44116],[-104.19606,39.441],[-104.19777,39.4402],[-104.19815,39.42091],[-104.20136,39.41927],[-104.20143,39.4336],[-104.27412,39.43304],[-104.29705,39.4331],[-104.29703,39.46962],[-104.29701,39.49614],[-104.30151,39.49578],[-104.30125,39.50581],[-104.29642,39.50577],[-104.29639,39.51308],[-104.30125,39.51291],[-104.30123,39.55311],[-104.29592,39.55311],[-104.29606,39.56466],[-104.28847,39.56471]]]}},{"type":"Feature","properties":{"zcta":"80121","d":1227},"geometry":{"type":"Polygon","coordinates":[[[-104.98044,39.61684],[-104.98378,39.61897],[-104.98626,39.62159],[-104.98591,39.62405],[-104.97765,39.62408],[-104.97766,39.625],[-104.97046,39.62506],[-104.97046,39.62414],[-104.95979,39.62423],[-104.94107,39.62407],[-104.94104,39.6293],[-104.9358,39.62922],[-104.93085,39.63146],[-104.92747,39.63126],[-104.92599,39.62894],[-104.92512,39.62827],[-104.92515,39.62407],[-104.92278,39.62408],[-104.92289,39.59506],[-104.94141,39.59517],[-104.94137,39.59678],[-104.94605,39.59594],[-104.94871,39.59665],[-104.94909,39.59509],[-104.96016,39.59517],[-104.96011,39.59682],[-104.96373,39.59606],[-104.96371,39.59518],[-104.98829,39.59511],[-104.98827,39.59455],[-104.98946,39.59867],[-104.98818,39.6023],[-104.98873,39.60937],[-104.98808,39.60939],[-104.98803,39.61684],[-104.98044,39.61684]]]}},{"type":"Feature","properties":{"zcta":"80124","d":1273},"geometry":{"type":"Polygon","coordinates":[[[-104.90441,39.56598],[-104.87237,39.566],[-104.86981,39.55075],[-104.8685,39.53625],[-104.86749,39.5231],[-104.86769,39.51706],[-104.87252,39.50745],[-104.8865,39.50737],[-104.89767,39.50705],[-104.90486,39.5074],[-104.90512,39.49395],[-104.90422,39.4927],[-104.9115,39.49274],[-104.91174,39.50072],[-104.91279,39.50228],[-104.91841,39.50404],[-104.92178,39.50946],[-104.92193,39.51169],[-104.91948,39.51447],[-104.91908,39.51948],[-104.91759,39.52123],[-104.92338,39.5217],[-104.9231,39.52913],[-104.91992,39.52912],[-104.91634,39.52562],[-104.91723,39.52919],[-104.90433,39.52921],[-104.90423,39.55095],[-104.90476,39.55824],[-104.90444,39.56363],[-104.90441,39.56598]]]}},{"type":"Feature","properties":{"zcta":"80110","d":1940},"geometry":{"type":"Polygon","coordinates":[[[-105.03471,39.63859],[-105.03,39.63858],[-105.02838,39.64011],[-105.02832,39.64226],[-105.0328,39.64281],[-105.03466,39.64371],[-105.03465,39.64598],[-105.02996,39.64683],[-105.03161,39.64941],[-105.02994,39.64933],[-105.02996,39.65129],[-105.0328,39.65255],[-105.03259,39.65669],[-105.02979,39.65745],[-105.02268,39.65724],[-105.02241,39.66025],[-105.0158,39.66051],[-105.01572,39.66695],[-105.0157,39.67868],[-105.00866,39.67863],[-105.00864,39.67678],[-105.00636,39.67676],[-105.00636,39.6677],[-105.00819,39.66409],[-105.01094,39.66051],[-105.00439,39.66048],[-105.00489,39.66369],[-105.00394,39.66649],[-105.00035,39.66773],[-104.98826,39.66768],[-104.98884,39.66405],[-104.98826,39.66047],[-104.98881,39.65497],[-104.98764,39.65317],[-104.98831,39.64943],[-104.98856,39.62951],[-104.98921,39.62407],[-104.98799,39.6228],[-104.99262,39.62107],[-104.99813,39.62404],[-105.00035,39.6241],[-105.00354,39.62663],[-105.00251,39.62944],[-105.00668,39.62907],[-105.01382,39.62939],[-105.01405,39.62574],[-105.0161,39.62576],[-105.01632,39.62773],[-105.02311,39.62774],[-105.02311,39.62416],[-105.03495,39.62416],[-105.03477,39.63241],[-105.03471,39.63859]]]}},{"type":"Feature","properties":{"zcta":"80112","d":1019},"geometry":{"type":"MultiPolygon","coordinates":[[[[-104.80792,39.56478],[-104.80868,39.56108],[-104.81054,39.56228],[-104.80792,39.56478]]],[[[-104.90418,39.59503],[-104.90416,39.59681],[-104.89721,39.59688],[-104.8972,39.59866],[-104.895,39.59867],[-104.89347,39.59687],[-104.8889,39.59689],[-104.88889,39.59489],[-104.88088,39.59504],[-104.88086,39.59867],[-104.87763,39.59868],[-104.87778,39.59622],[-104.87623,39.59503],[-104.86023,39.59504],[-104.86059,39.59831],[-104.85753,39.59711],[-104.85745,39.59506],[-104.84809,39.59507],[-104.84807,39.59672],[-104.84585,39.59683],[-104.84147,39.59533],[-104.84043,39.597],[-104.83577,39.59809],[-104.83505,39.59503],[-104.82454,39.59516],[-104.82335,39.59765],[-104.821,39.59499],[-104.81334,39.59495],[-104.81534,39.59091],[-104.81167,39.5907],[-104.8059,39.58813],[-104.80445,39.58524],[-104.8046,39.5825],[-104.80147,39.58227],[-104.80091,39.57799],[-104.79771,39.57742],[-104.79748,39.57493],[-104.80017,39.5736],[-104.7999,39.57239],[-104.79526,39.57103],[-104.79387,39.56849],[-104.79039,39.56818],[-104.79137,39.56609],[-104.80137,39.56589],[-104.81569,39.56599],[-104.81573,39.56345],[-104.8187,39.56115],[-104.81986,39.55698],[-104.82301,39.55792],[-104.82351,39.5569],[-104.83012,39.55492],[-104.83,39.53639],[-104.8685,39.53625],[-104.86981,39.55075],[-104.87237,39.566],[-104.90441,39.56598],[-104.92296,39.56605],[-104.92304,39.56858],[-104.92079,39.56892],[-104.92149,39.57023],[-104.92071,39.57326],[-104.92301,39.57325],[-104.92289,39.59506],[-104.90418,39.59503]]]]}},{"type":"Feature","properties":{"zcta":"80218","d":7541},"geometry":{"type":"Polygon","coordinates":[[[-104.97476,39.74616],[-104.97334,39.74698],[-104.96843,39.7471],[-104.96843,39.74821],[-104.96475,39.74815],[-104.96476,39.74694],[-104.96417,39.74133],[-104.96409,39.73505],[-104.96462,39.73048],[-104.96587,39.7273],[-104.96419,39.7256],[-104.96458,39.71844],[-104.95931,39.71834],[-104.95931,39.71607],[-104.96525,39.71413],[-104.97059,39.7177],[-104.97325,39.7184],[-104.97339,39.71653],[-104.97853,39.71652],[-104.97753,39.71944],[-104.97815,39.72726],[-104.97759,39.73204],[-104.97754,39.74696],[-104.97818,39.7475],[-104.97476,39.74616]]]}},{"type":"Feature","properties":{"zcta":"80120","d":1795},"geometry":{"type":"Polygon","coordinates":[[[-105.02489,39.59818],[-105.02463,39.60296],[-105.02355,39.60965],[-105.02518,39.61316],[-105.02083,39.61573],[-105.01722,39.62094],[-105.01687,39.62226],[-105.01898,39.62587],[-105.01632,39.62773],[-105.0161,39.62576],[-105.01405,39.62574],[-105.01382,39.62939],[-105.00668,39.62907],[-105.00251,39.62944],[-105.00354,39.62663],[-105.00035,39.6241],[-104.99813,39.62404],[-104.99262,39.62107],[-104.98802,39.61985],[-104.98803,39.61684],[-104.98808,39.60939],[-104.98873,39.60937],[-104.98818,39.6023],[-104.98946,39.59867],[-104.98827,39.59455],[-104.98848,39.57347],[-104.99193,39.57349],[-104.99065,39.57135],[-104.99009,39.568],[-104.99399,39.56851],[-104.99279,39.56614],[-104.99997,39.56449],[-105.00754,39.56468],[-105.01562,39.5661],[-105.03232,39.56618],[-105.03325,39.56456],[-105.03866,39.56528],[-105.04085,39.56615],[-105.03916,39.56853],[-105.04066,39.57213],[-105.03759,39.57644],[-105.03415,39.57833],[-105.03027,39.58365],[-105.03122,39.58556],[-105.03009,39.5913],[-105.02773,39.59223],[-105.02894,39.59515],[-105.02489,39.59818]]]}},{"type":"Feature","properties":{"zcta":"80104","d":250},"geometry":{"type":"Polygon","coordinates":[[[-104.89071,39.29846],[-104.87201,39.35024],[-104.8684,39.35774],[-104.86312,39.37443],[-104.86073,39.3802],[-104.8598,39.39148],[-104.86054,39.39734],[-104.8654,39.40832],[-104.8682,39.41264],[-104.86622,39.41327],[-104.86385,39.41254],[-104.86002,39.40871],[-104.85756,39.40722],[-104.8529,39.40676],[-104.84644,39.40988],[-104.84143,39.41004],[-104.83713,39.40605],[-104.83234,39.40542],[-104.83036,39.4033],[-104.83034,39.38746],[-104.82832,39.383],[-104.82978,39.37706],[-104.82208,39.37592],[-104.81769,39.37575],[-104.81301,39.3766],[-104.81062,39.37778],[-104.80525,39.38267],[-104.80553,39.38221],[-104.79853,39.38227],[-104.79854,39.38048],[-104.78456,39.38052],[-104.78454,39.3696],[-104.77989,39.36957],[-104.77988,39.36235],[-104.79386,39.36224],[-104.79388,39.35307],[-104.79225,39.35075],[-104.78809,39.35141],[-104.78537,39.355],[-104.78029,39.35738],[-104.77859,39.36385],[-104.77564,39.3658],[-104.77501,39.36495],[-104.77029,39.36606],[-104.76658,39.36603],[-104.7687,39.36274],[-104.76893,39.35777],[-104.76662,39.35468],[-104.76694,39.35384],[-104.76444,39.3484],[-104.76026,39.34596],[-104.75751,39.34338],[-104.75873,39.34068],[-104.76114,39.33971],[-104.76355,39.3369],[-104.76032,39.33632],[-104.75629,39.33371],[-104.75315,39.32882],[-104.75666,39.31882],[-104.76405,39.31298],[-104.76892,39.30494],[-104.7681,39.30109],[-104.76888,39.2974],[-104.77127,39.29525],[-104.77406,39.29033],[-104.76896,39.29028],[-104.76587,39.28893],[-104.76354,39.28588],[-104.76014,39.28345],[-104.75223,39.27993],[-104.74778,39.27958],[-104.74586,39.27802],[-104.74475,39.2721],[-104.74054,39.27037],[-104.73676,39.27011],[-104.74105,39.26661],[-104.74848,39.26323],[-104.7466,39.26076],[-104.74216,39.26107],[-104.73723,39.26076],[-104.73719,39.25091],[-104.7444,39.24589],[-104.7548,39.24371],[-104.75584,39.24266],[-104.75584,39.23883],[-104.75783,39.23715],[-104.763,39.23555],[-104.76457,39.23322],[-104.77455,39.22721],[-104.77423,39.2054],[-104.78423,39.20571],[-104.7947,39.20178],[-104.80391,39.19584],[-104.81,39.21329],[-104.81131,39.22653],[-104.81217,39.24581],[-104.82666,39.24575],[-104.83306,39.24593],[-104.83656,39.24757],[-104.83789,39.24656],[-104.84598,39.24584],[-104.84658,39.24215],[-104.85031,39.24173],[-104.8608,39.24221],[-104.87122,39.24225],[-104.87492,39.24324],[-104.87854,39.24331],[-104.88389,39.24845],[-104.89185,39.25915],[-104.89494,39.26427],[-104.89718,39.27124],[-104.89777,39.27727],[-104.89582,39.28904],[-104.89147,39.29702],[-104.89071,39.29846]]]}},{"type":"Feature","properties":{"zcta":"80107","d":50},"geometry":{"type":"Polygon","coordinates":[[[-104.66267,39.4344],[-104.66281,39.449],[-104.66231,39.46352],[-104.60616,39.46298],[-104.58915,39.46297],[-104.58888,39.49201],[-104.58766,39.56562],[-104.53877,39.5648],[-104.53168,39.56468],[-104.45737,39.56398],[-104.45779,39.49146],[-104.458,39.46238],[-104.47802,39.46267],[-104.47813,39.45512],[-104.49585,39.45506],[-104.49587,39.4393],[-104.49162,39.43918],[-104.49153,39.4371],[-104.49595,39.43737],[-104.49609,39.41911],[-104.51447,39.41926],[-104.51453,39.40493],[-104.52761,39.40493],[-104.5285,39.40532],[-104.53231,39.41205],[-104.5334,39.41206],[-104.53349,39.38291],[-104.53829,39.38295],[-104.53823,39.37805],[-104.5433,39.37741],[-104.54685,39.37263],[-104.54274,39.37208],[-104.5425,39.36056],[-104.53779,39.35964],[-104.5378,39.35777],[-104.53321,39.35775],[-104.53318,39.35424],[-104.52896,39.35424],[-104.52867,39.34383],[-104.53144,39.3438],[-104.53145,39.33977],[-104.53324,39.33979],[-104.53337,39.33239],[-104.53593,39.33238],[-104.53594,39.33053],[-104.53809,39.33057],[-104.53824,39.32514],[-104.54117,39.32507],[-104.54141,39.32104],[-104.5354,39.32103],[-104.53542,39.3136],[-104.52625,39.31361],[-104.5264,39.30843],[-104.55336,39.30827],[-104.55338,39.30327],[-104.55215,39.28889],[-104.54355,39.28865],[-104.54352,39.28207],[-104.54994,39.28202],[-104.54999,39.27437],[-104.55327,39.27434],[-104.55331,39.25592],[-104.57072,39.25607],[-104.57079,39.25232],[-104.59075,39.25211],[-104.59058,39.24554],[-104.66289,39.24582],[-104.6632,39.28938],[-104.6632,39.36205],[-104.6627,39.40867],[-104.66273,39.42749],[-104.66267,39.4344]]]}},{"type":"Feature","properties":{"zcta":"80220","d":3680},"geometry":{"type":"Polygon","coordinates":[[[-104.94065,39.74375],[-104.94061,39.74688],[-104.93206,39.74688],[-104.93206,39.7474],[-104.90345,39.74744],[-104.89876,39.74795],[-104.89877,39.74744],[-104.88399,39.74745],[-104.88417,39.73285],[-104.90346,39.73289],[-104.90369,39.71836],[-104.91278,39.71836],[-104.9127,39.71729],[-104.9154,39.71742],[-104.91752,39.71589],[-104.9215,39.71594],[-104.92226,39.71625],[-104.94009,39.71622],[-104.94063,39.72122],[-104.94,39.7253],[-104.9406,39.72738],[-104.94074,39.74194],[-104.94189,39.74376],[-104.94065,39.74375]]]}},{"type":"Feature","properties":{"zcta":"80216","d":887},"geometry":{"type":"Polygon","coordinates":[[[-104.97806,39.80916],[-104.97805,39.81275],[-104.97336,39.81273],[-104.97217,39.81158],[-104.96921,39.81274],[-104.95931,39.81271],[-104.95569,39.81392],[-104.95477,39.81288],[-104.95885,39.81191],[-104.95945,39.8084],[-104.95724,39.80388],[-104.96253,39.79768],[-104.9655,39.79545],[-104.96886,39.79104],[-104.96019,39.79102],[-104.95544,39.79463],[-104.94048,39.7946],[-104.93988,39.79099],[-104.9199,39.79109],[-104.92002,39.78377],[-104.90344,39.78389],[-104.90356,39.79839],[-104.9014,39.79838],[-104.90142,39.8002],[-104.89907,39.8002],[-104.89907,39.79837],[-104.88938,39.79832],[-104.89732,39.79536],[-104.89735,39.79338],[-104.90334,39.79353],[-104.9032,39.78833],[-104.89963,39.78559],[-104.90211,39.7815],[-104.90013,39.77847],[-104.90357,39.7783],[-104.90349,39.77228],[-104.91275,39.77356],[-104.91761,39.77382],[-104.91761,39.77107],[-104.92231,39.77105],[-104.92231,39.77283],[-104.92461,39.773],[-104.92461,39.77495],[-104.927,39.77528],[-104.927,39.77142],[-104.93174,39.77174],[-104.93174,39.7674],[-104.93329,39.76886],[-104.93315,39.76565],[-104.94063,39.76567],[-104.94049,39.77289],[-104.9594,39.77289],[-104.95941,39.77532],[-104.96366,39.77557],[-104.96366,39.77884],[-104.97342,39.77142],[-104.9825,39.76594],[-104.98811,39.76175],[-104.9912,39.76106],[-104.9936,39.75933],[-104.9948,39.76349],[-104.99835,39.76209],[-104.99822,39.76667],[-104.99833,39.7824],[-105.00258,39.7835],[-105.00642,39.78314],[-105.00644,39.78384],[-105.00034,39.78379],[-105.00055,39.78837],[-105.00169,39.79102],[-104.99844,39.79103],[-104.99846,39.79946],[-105.00049,39.80259],[-105.00396,39.80492],[-104.99687,39.80549],[-104.99684,39.80966],[-104.99753,39.81067],[-104.99323,39.8121],[-104.98748,39.81483],[-104.98748,39.80909],[-104.98329,39.80915],[-104.97806,39.80916]]]}},{"type":"Feature","properties":{"zcta":"80830","d":0},"geometry":{"type":"Polygon","coordinates":[[[-103.90366,39.24613],[-103.89966,39.2463],[-103.8994,39.25736],[-103.89962,39.29456],[-103.86206,39.29577],[-103.86213,39.28546],[-103.84715,39.28624],[-103.83879,39.28396],[-103.83476,39.28576],[-103.83507,39.27603],[-103.83887,39.27326],[-103.84395,39.26773],[-103.84371,39.26645],[-103.87695,39.22955],[-103.87737,39.22689],[-103.8821,39.21753],[-103.88251,39.18817],[-103.88598,39.18665],[-103.90093,39.18665],[-103.9012,39.17254],[-103.89433,39.17343],[-103.87639,39.18058],[-103.85957,39.18896],[-103.82663,39.2107],[-103.82657,39.21051],[-103.82746,39.12855],[-103.82896,39.12856],[-103.82914,39.1171],[-103.82958,39.06952],[-103.81348,39.0693],[-103.8135,39.04016],[-103.81365,39.01138],[-103.83014,39.01149],[-103.8311,38.99683],[-103.83099,38.98257],[-103.82319,38.98236],[-103.82315,38.9781],[-103.82049,38.97514],[-103.82049,38.97388],[-103.8257,38.9719],[-103.83004,38.9737],[-103.83775,38.97231],[-103.83882,38.97068],[-103.83878,38.96716],[-103.84037,38.96798],[-103.92326,38.96968],[-103.92308,38.98415],[-103.95956,38.98465],[-103.96011,38.99555],[-103.96394,38.99881],[-103.97861,38.99893],[-103.97865,39.02728],[-103.98606,39.02728],[-103.98858,39.02789],[-103.99722,39.02782],[-103.99735,39.04247],[-103.97875,39.04254],[-103.97777,39.09999],[-104.0377,39.09986],[-104.04022,39.10241],[-104.04475,39.11002],[-104.04685,39.11154],[-104.04808,39.11417],[-104.05201,39.11418],[-104.05159,39.12837],[-104.0438,39.12858],[-104.03354,39.12786],[-104.03319,39.12952],[-104.03531,39.13206],[-104.03509,39.1333],[-104.03847,39.13993],[-104.04086,39.14258],[-104.04464,39.14295],[-104.04164,39.14528],[-104.03648,39.1526],[-104.03417,39.15483],[-104.03159,39.15607],[-103.99666,39.16688],[-103.9905,39.16812],[-103.99016,39.17023],[-103.98789,39.17309],[-103.9829,39.17424],[-103.97992,39.17562],[-103.97951,39.17807],[-103.97623,39.17858],[-103.97558,39.24534],[-103.90366,39.24613]]]}},{"type":"Feature","properties":{"zcta":"80247","d":5061},"geometry":{"type":"Polygon","coordinates":[[[-104.89291,39.71119],[-104.88582,39.70722],[-104.88402,39.70703],[-104.87062,39.71017],[-104.86597,39.71105],[-104.86597,39.70109],[-104.86831,39.70019],[-104.86832,39.69657],[-104.86913,39.69408],[-104.86789,39.6927],[-104.86977,39.69171],[-104.86953,39.68929],[-104.86596,39.68947],[-104.86594,39.68202],[-104.86596,39.67839],[-104.86942,39.6784],[-104.86943,39.67687],[-104.86597,39.67686],[-104.86599,39.67477],[-104.8678,39.67477],[-104.87028,39.67477],[-104.87033,39.67687],[-104.87331,39.67673],[-104.87539,39.67846],[-104.8754,39.68204],[-104.88012,39.68224],[-104.88567,39.68638],[-104.88502,39.68704],[-104.88804,39.68931],[-104.88953,39.68931],[-104.89197,39.69134],[-104.89178,39.69658],[-104.8974,39.69627],[-104.89873,39.69753],[-104.89862,39.69986],[-104.89402,39.69984],[-104.89406,39.70235],[-104.89172,39.7025],[-104.89006,39.70463],[-104.89679,39.70366],[-104.89915,39.70116],[-104.89989,39.6972],[-104.90263,39.70014],[-104.90353,39.69971],[-104.9045,39.70014],[-104.90351,39.70273],[-104.90349,39.71128],[-104.89291,39.71119]]]}},{"type":"Feature","properties":{"zcta":"80131","d":0},"geometry":{"type":"Polygon","coordinates":[[[-105.00474,39.4689],[-105.0092,39.46877],[-105.01241,39.46537],[-105.01403,39.46456],[-105.0136,39.469],[-105.01227,39.47283],[-105.01468,39.47219],[-105.01414,39.47493],[-105.01507,39.4771],[-105.01152,39.48084],[-105.00692,39.48756],[-105.00211,39.48445],[-105.00493,39.48278],[-105.00566,39.47719],[-105.00441,39.4746],[-105.00507,39.47169],[-105.00474,39.4689]]]}},{"type":"Feature","properties":{"zcta":"80010","d":3229},"geometry":{"type":"Polygon","coordinates":[[[-104.88014,39.74743],[-104.8799,39.75465],[-104.84694,39.75469],[-104.84821,39.75642],[-104.85634,39.75813],[-104.85638,39.76424],[-104.85639,39.76858],[-104.83761,39.76717],[-104.83297,39.76639],[-104.83301,39.76918],[-104.82832,39.76916],[-104.82793,39.7642],[-104.83685,39.76634],[-104.84448,39.76691],[-104.84576,39.76246],[-104.84574,39.75998],[-104.84696,39.75919],[-104.84693,39.75667],[-104.83889,39.75666],[-104.83285,39.75471],[-104.83289,39.75283],[-104.83544,39.75459],[-104.84694,39.7546],[-104.84709,39.74021],[-104.84852,39.73647],[-104.84709,39.73613],[-104.84718,39.72885],[-104.84992,39.7286],[-104.85226,39.72563],[-104.85031,39.72565],[-104.84963,39.72347],[-104.84723,39.72254],[-104.85375,39.71797],[-104.85565,39.71493],[-104.86069,39.71434],[-104.86129,39.71679],[-104.86594,39.71675],[-104.86597,39.71105],[-104.87062,39.71017],[-104.8706,39.71818],[-104.87495,39.71845],[-104.87534,39.71971],[-104.87528,39.73285],[-104.88417,39.73285],[-104.88399,39.74745],[-104.88014,39.74743]]]}},{"type":"Feature","properties":{"zcta":"80003","d":2691},"geometry":{"type":"Polygon","coordinates":[[[-105.08182,39.8418],[-105.08185,39.85339],[-105.08368,39.85407],[-105.08321,39.85642],[-105.07412,39.85655],[-105.05466,39.85639],[-105.0529,39.85204],[-105.04996,39.8493],[-105.04793,39.8418],[-105.04824,39.84179],[-105.04907,39.84534],[-105.05072,39.84405],[-105.05324,39.84405],[-105.05324,39.84181],[-105.05327,39.83453],[-105.05142,39.83452],[-105.05142,39.83271],[-105.05326,39.83271],[-105.05327,39.81641],[-105.04408,39.81647],[-105.04411,39.81749],[-105.03689,39.81763],[-105.0345,39.82017],[-105.0347,39.80431],[-105.04402,39.80435],[-105.06044,39.80096],[-105.06254,39.80173],[-105.06818,39.80221],[-105.08143,39.80199],[-105.08144,39.80278],[-105.08142,39.80743],[-105.08381,39.80859],[-105.08143,39.80928],[-105.08149,39.82012],[-105.08384,39.82013],[-105.08375,39.82246],[-105.08142,39.82368],[-105.08145,39.82724],[-105.08182,39.8418]]]}},{"type":"Feature","properties":{"zcta":"80205","d":4278},"geometry":{"type":"Polygon","coordinates":[[[-104.9912,39.76106],[-104.98811,39.76175],[-104.9825,39.76594],[-104.97342,39.77142],[-104.96366,39.77884],[-104.96366,39.77557],[-104.95941,39.77532],[-104.9594,39.77289],[-104.94049,39.77289],[-104.94063,39.76567],[-104.94061,39.74688],[-104.94065,39.74375],[-104.94189,39.74376],[-104.95874,39.74395],[-104.95978,39.74694],[-104.96476,39.74694],[-104.96475,39.74815],[-104.96843,39.74821],[-104.96843,39.7471],[-104.97334,39.74698],[-104.97476,39.74616],[-104.97818,39.7475],[-104.9861,39.74753],[-104.98823,39.74959],[-104.98997,39.75094],[-104.99723,39.75663],[-104.9936,39.75933],[-104.9912,39.76106]]]}},{"type":"Feature","properties":{"zcta":"80457","d":0},"geometry":{"type":"Polygon","coordinates":[[[-105.30704,39.64908],[-105.30635,39.65298],[-105.30706,39.6538],[-105.30228,39.65471],[-105.30056,39.65568],[-105.29713,39.65497],[-105.29847,39.65678],[-105.30128,39.656],[-105.30083,39.65838],[-105.2954,39.65931],[-105.29322,39.65732],[-105.2916,39.65843],[-105.28933,39.65749],[-105.29256,39.65632],[-105.29222,39.65233],[-105.29408,39.65232],[-105.29449,39.64415],[-105.2992,39.6441],[-105.29846,39.64744],[-105.3023,39.6472],[-105.30189,39.6431],[-105.30741,39.64377],[-105.30874,39.64556],[-105.30704,39.64908]]]}},{"type":"Feature","properties":{"zcta":"80019","d":177},"geometry":{"type":"Polygon","coordinates":[[[-104.62502,39.82061],[-104.62546,39.81539],[-104.62946,39.8103],[-104.62977,39.80681],[-104.63095,39.80447],[-104.62902,39.80369],[-104.62992,39.80228],[-104.62877,39.79833],[-104.6266,39.7978],[-104.65921,39.79807],[-104.65943,39.75449],[-104.65994,39.74124],[-104.66139,39.74045],[-104.67824,39.74019],[-104.6783,39.74],[-104.72564,39.74027],[-104.73195,39.74082],[-104.73483,39.74032],[-104.73478,39.75032],[-104.74932,39.75172],[-104.74512,39.75353],[-104.74504,39.75889],[-104.74208,39.75773],[-104.74319,39.75641],[-104.74004,39.75553],[-104.73918,39.75674],[-104.73467,39.75675],[-104.7346,39.76918],[-104.7344,39.79844],[-104.76261,39.79843],[-104.76246,39.82344],[-104.71608,39.82321],[-104.66606,39.82279],[-104.66618,39.81308],[-104.65544,39.813],[-104.65539,39.82261],[-104.62557,39.82249],[-104.62502,39.82061]]]}},{"type":"Feature","properties":{"zcta":"80130","d":2034},"geometry":{"type":"Polygon","coordinates":[[[-104.94685,39.51375],[-104.94146,39.51872],[-104.94135,39.52272],[-104.93855,39.52582],[-104.94102,39.52746],[-104.93973,39.529],[-104.93865,39.53297],[-104.93553,39.54081],[-104.93538,39.54269],[-104.93097,39.5426],[-104.93038,39.54628],[-104.92705,39.5496],[-104.92775,39.55098],[-104.93224,39.55086],[-104.93252,39.56044],[-104.91987,39.56396],[-104.91451,39.56441],[-104.90444,39.56363],[-104.90476,39.55824],[-104.90423,39.55095],[-104.90433,39.52921],[-104.91723,39.52919],[-104.91634,39.52562],[-104.91992,39.52912],[-104.9231,39.52913],[-104.92338,39.5217],[-104.91759,39.52123],[-104.91908,39.51948],[-104.91948,39.51447],[-104.92193,39.51169],[-104.92178,39.50946],[-104.91841,39.50404],[-104.91279,39.50228],[-104.91174,39.50072],[-104.9115,39.49274],[-104.92697,39.49274],[-104.92682,39.49416],[-104.93235,39.49605],[-104.93455,39.49894],[-104.93828,39.50234],[-104.94284,39.50335],[-104.94657,39.50554],[-104.94991,39.50613],[-104.94928,39.50699],[-104.95297,39.51019],[-104.9556,39.51091],[-104.95646,39.51328],[-104.95807,39.51341],[-104.94685,39.51375]]]}},{"type":"Feature","properties":{"zcta":"80020","d":1361},"geometry":{"type":"Polygon","coordinates":[[[-105.05775,39.96864],[-105.0542,39.96587],[-105.05283,39.96589],[-105.0529,39.94319],[-105.01566,39.94309],[-105.01552,39.93342],[-105.02183,39.93372],[-105.02403,39.93147],[-105.02419,39.92854],[-105.01549,39.92854],[-105.01554,39.92486],[-105.01359,39.92169],[-105.01499,39.91922],[-105.02304,39.91713],[-105.02498,39.91412],[-105.04622,39.91406],[-105.0462,39.91163],[-105.05288,39.91168],[-105.05323,39.86939],[-105.05469,39.86904],[-105.05952,39.87021],[-105.0601,39.87095],[-105.0756,39.89214],[-105.08025,39.89982],[-105.08914,39.9124],[-105.09373,39.91615],[-105.11015,39.92401],[-105.12062,39.93181],[-105.13758,39.93969],[-105.12816,39.93962],[-105.12816,39.9408],[-105.13264,39.94338],[-105.13888,39.94343],[-105.14132,39.94556],[-105.1409,39.94688],[-105.12963,39.94684],[-105.1281,39.94649],[-105.12803,39.95054],[-105.13756,39.95061],[-105.13751,39.95788],[-105.10937,39.9579],[-105.10926,39.97241],[-105.09988,39.97241],[-105.09989,39.9616],[-105.09035,39.96162],[-105.09025,39.95772],[-105.08782,39.95792],[-105.072,39.95767],[-105.07189,39.96785],[-105.06806,39.97093],[-105.05855,39.97526],[-105.05775,39.96864]]]}},{"type":"Feature","properties":{"zcta":"80113","d":1543},"geometry":{"type":"Polygon","coordinates":[[[-104.98799,39.6228],[-104.98921,39.62407],[-104.98856,39.62951],[-104.98831,39.64943],[-104.98764,39.65317],[-104.98881,39.65497],[-104.98826,39.66047],[-104.98884,39.66405],[-104.98826,39.66768],[-104.97349,39.66768],[-104.97349,39.66587],[-104.9688,39.66584],[-104.96878,39.66042],[-104.96308,39.66037],[-104.96307,39.66156],[-104.95944,39.66153],[-104.95948,39.65669],[-104.95379,39.65668],[-104.95498,39.65299],[-104.94068,39.65301],[-104.9317,39.65304],[-104.93187,39.64583],[-104.92246,39.64585],[-104.92303,39.64461],[-104.92264,39.63862],[-104.92408,39.63862],[-104.92589,39.63635],[-104.92567,39.63425],[-104.92379,39.6313],[-104.92509,39.6313],[-104.92599,39.62894],[-104.92747,39.63126],[-104.93085,39.63146],[-104.9358,39.62922],[-104.94104,39.6293],[-104.94107,39.62407],[-104.95979,39.62423],[-104.97046,39.62414],[-104.97046,39.62506],[-104.97766,39.625],[-104.97765,39.62408],[-104.98591,39.62405],[-104.98626,39.62159],[-104.98378,39.61897],[-104.98044,39.61684],[-104.98803,39.61684],[-104.98802,39.61985],[-104.99262,39.62107],[-104.98799,39.6228]]]}},{"type":"Feature","properties":{"zcta":"80230","d":2091},"geometry":{"type":"Polygon","coordinates":[[[-104.87528,39.73285],[-104.87534,39.71971],[-104.87495,39.71845],[-104.8706,39.71818],[-104.87062,39.71017],[-104.88402,39.70703],[-104.88582,39.70722],[-104.89291,39.71119],[-104.90349,39.71128],[-104.91009,39.71138],[-104.90728,39.71433],[-104.9127,39.71479],[-104.9127,39.71729],[-104.91278,39.71836],[-104.90369,39.71836],[-104.90346,39.73289],[-104.88417,39.73285],[-104.87528,39.73285]]]}},{"type":"Feature","properties":{"zcta":"80465","d":185},"geometry":{"type":"Polygon","coordinates":[[[-105.27091,39.66679],[-105.26772,39.6658],[-105.26361,39.66859],[-105.25634,39.66845],[-105.25183,39.66591],[-105.25168,39.66317],[-105.24978,39.66303],[-105.2481,39.66334],[-105.24835,39.6612],[-105.24566,39.65951],[-105.24464,39.65622],[-105.24187,39.65498],[-105.23698,39.65823],[-105.23714,39.6601],[-105.23527,39.66176],[-105.23316,39.66085],[-105.23283,39.65901],[-105.23049,39.66026],[-105.2278,39.66037],[-105.22815,39.65859],[-105.22474,39.65757],[-105.21931,39.65705],[-105.21745,39.65382],[-105.21298,39.65318],[-105.20962,39.65378],[-105.2078,39.65243],[-105.2061,39.65357],[-105.20178,39.65336],[-105.20369,39.65583],[-105.20275,39.65711],[-105.20551,39.66041],[-105.20488,39.66358],[-105.20298,39.66462],[-105.19911,39.66365],[-105.20068,39.66573],[-105.19661,39.66982],[-105.19386,39.6715],[-105.19448,39.67615],[-105.19717,39.68003],[-105.19242,39.67577],[-105.19908,39.70019],[-105.20163,39.70226],[-105.19422,39.71191],[-105.19324,39.71112],[-105.19237,39.7089],[-105.19366,39.70178],[-105.1927,39.69862],[-105.18869,39.69274],[-105.18785,39.69029],[-105.18852,39.68188],[-105.18773,39.68189],[-105.18782,39.67466],[-105.18613,39.67582],[-105.18555,39.6737],[-105.18231,39.66944],[-105.18094,39.67164],[-105.17682,39.66752],[-105.17235,39.66743],[-105.17243,39.6639],[-105.16993,39.66283],[-105.16947,39.65975],[-105.16592,39.65681],[-105.16458,39.65742],[-105.1674,39.654],[-105.16959,39.65313],[-105.17679,39.65295],[-105.17408,39.65186],[-105.16639,39.65151],[-105.16243,39.65058],[-105.15686,39.6508],[-105.15227,39.65033],[-105.14749,39.64838],[-105.14927,39.64685],[-105.15459,39.64598],[-105.15558,39.64341],[-105.16051,39.63954],[-105.16537,39.63742],[-105.15106,39.63913],[-105.13921,39.6394],[-105.13691,39.64016],[-105.13172,39.64379],[-105.12896,39.64139],[-105.12861,39.63867],[-105.12866,39.62503],[-105.13769,39.62521],[-105.13768,39.62413],[-105.15346,39.62409],[-105.15121,39.62145],[-105.15302,39.62088],[-105.15567,39.62227],[-105.15559,39.61902],[-105.15858,39.62414],[-105.164,39.62349],[-105.1605,39.6158],[-105.16008,39.60965],[-105.16076,39.60575],[-105.15846,39.60211],[-105.15632,39.60032],[-105.16149,39.59955],[-105.16408,39.60069],[-105.16427,39.60225],[-105.17536,39.60187],[-105.17689,39.59985],[-105.17841,39.60075],[-105.18016,39.59948],[-105.18076,39.59588],[-105.18196,39.59535],[-105.17963,39.59363],[-105.17442,39.59241],[-105.17443,39.58973],[-105.17991,39.58871],[-105.17966,39.58305],[-105.17849,39.58112],[-105.17916,39.5797],[-105.1769,39.57887],[-105.17674,39.575],[-105.17574,39.57462],[-105.17742,39.57084],[-105.17968,39.5706],[-105.18401,39.56744],[-105.18897,39.56462],[-105.19237,39.56436],[-105.19752,39.56666],[-105.19968,39.56846],[-105.19984,39.56585],[-105.19749,39.56309],[-105.19893,39.56091],[-105.20174,39.56509],[-105.20419,39.56459],[-105.20428,39.56132],[-105.21011,39.56306],[-105.21404,39.56618],[-105.21432,39.56229],[-105.21535,39.56227],[-105.21528,39.55475],[-105.20838,39.55493],[-105.20826,39.55134],[-105.20944,39.53991],[-105.21317,39.53972],[-105.21146,39.53871],[-105.21186,39.53703],[-105.21657,39.53351],[-105.21751,39.52812],[-105.21582,39.52516],[-105.21429,39.52506],[-105.21554,39.52283],[-105.21915,39.51892],[-105.22082,39.51878],[-105.22255,39.51682],[-105.22552,39.51669],[-105.22844,39.51814],[-105.2311,39.51687],[-105.23438,39.51383],[-105.24019,39.51328],[-105.24455,39.51377],[-105.24529,39.51569],[-105.25021,39.51936],[-105.2499,39.52177],[-105.24302,39.52182],[-105.24441,39.52277],[-105.24612,39.52704],[-105.24529,39.5274],[-105.24747,39.53486],[-105.24458,39.53913],[-105.24279,39.53977],[-105.24915,39.54089],[-105.24998,39.54204],[-105.25592,39.54268],[-105.25598,39.54127],[-105.25883,39.54163],[-105.25861,39.54303],[-105.26501,39.54557],[-105.27215,39.54633],[-105.2683,39.54694],[-105.26858,39.56198],[-105.26846,39.57332],[-105.27321,39.57335],[-105.27338,39.57667],[-105.27251,39.58036],[-105.27775,39.58061],[-105.27782,39.58705],[-105.27998,39.58747],[-105.27394,39.58937],[-105.26809,39.58889],[-105.26874,39.59183],[-105.27382,39.60182],[-105.2728,39.60327],[-105.26911,39.60409],[-105.26913,39.60569],[-105.26724,39.6057],[-105.26886,39.60875],[-105.26628,39.61346],[-105.26147,39.61426],[-105.25957,39.61535],[-105.25958,39.60926],[-105.24163,39.6093],[-105.24177,39.61327],[-105.23408,39.61299],[-105.23244,39.61593],[-105.22978,39.61702],[-105.22725,39.61977],[-105.22393,39.61803],[-105.22233,39.62051],[-105.22227,39.6241],[-105.24102,39.62415],[-105.24121,39.63778],[-105.23214,39.63783],[-105.23209,39.64535],[-105.24022,39.64535],[-105.23816,39.65277],[-105.25808,39.65291],[-105.25849,39.64672],[-105.25961,39.64584],[-105.26346,39.64588],[-105.2636,39.64446],[-105.26672,39.64472],[-105.26616,39.64242],[-105.26756,39.64197],[-105.27685,39.64216],[-105.27764,39.63511],[-105.28158,39.63832],[-105.28977,39.64316],[-105.29083,39.64761],[-105.28792,39.64741],[-105.28522,39.64544],[-105.27933,39.64336],[-105.27736,39.64417],[-105.27697,39.64658],[-105.27794,39.65007],[-105.28024,39.65143],[-105.28025,39.65315],[-105.27678,39.65302],[-105.27925,39.65618],[-105.27415,39.65649],[-105.27366,39.65892],[-105.27015,39.66059],[-105.26928,39.66235],[-105.27171,39.66549],[-105.27091,39.66679]]]}},{"type":"Feature","properties":{"zcta":"80206","d":6101},"geometry":{"type":"Polygon","coordinates":[[[-104.95978,39.74694],[-104.95874,39.74395],[-104.94189,39.74376],[-104.94074,39.74194],[-104.9406,39.72738],[-104.94,39.7253],[-104.94063,39.72122],[-104.94009,39.71622],[-104.94134,39.71623],[-104.94977,39.71625],[-104.94977,39.71466],[-104.95323,39.71592],[-104.95931,39.71607],[-104.95931,39.71834],[-104.96458,39.71844],[-104.96419,39.7256],[-104.96587,39.7273],[-104.96462,39.73048],[-104.96409,39.73505],[-104.96417,39.74133],[-104.96476,39.74694],[-104.95978,39.74694]]]}},{"type":"Feature","properties":{"zcta":"80438","d":0},"geometry":{"type":"Polygon","coordinates":[[[-105.89996,39.72878],[-105.89175,39.73039],[-105.88944,39.73155],[-105.88371,39.73701],[-105.88237,39.74033],[-105.88327,39.74381],[-105.88234,39.74558],[-105.885,39.74999],[-105.88459,39.75286],[-105.88212,39.75577],[-105.88048,39.7593],[-105.88285,39.76338],[-105.88511,39.76416],[-105.88672,39.766],[-105.88754,39.77048],[-105.88964,39.77366],[-105.89003,39.77864],[-105.89209,39.7808],[-105.89235,39.78411],[-105.88769,39.78902],[-105.88762,39.7966],[-105.88336,39.79801],[-105.87557,39.79926],[-105.87231,39.79669],[-105.86011,39.79694],[-105.85576,39.79551],[-105.85494,39.79615],[-105.85336,39.79227],[-105.8509,39.78909],[-105.85136,39.78803],[-105.84782,39.78919],[-105.84409,39.78952],[-105.83861,39.78813],[-105.83,39.78822],[-105.82295,39.7856],[-105.82142,39.78806],[-105.81841,39.79001],[-105.81418,39.7903],[-105.81051,39.79148],[-105.80972,39.79496],[-105.80752,39.79805],[-105.80194,39.79934],[-105.79955,39.80328],[-105.7958,39.80292],[-105.79373,39.80194],[-105.79094,39.8031],[-105.78466,39.80243],[-105.77971,39.79905],[-105.76596,39.79486],[-105.76281,39.79562],[-105.76096,39.7971],[-105.75678,39.79822],[-105.75056,39.8013],[-105.74707,39.80133],[-105.74449,39.80338],[-105.74142,39.80449],[-105.73592,39.80499],[-105.72506,39.80437],[-105.718,39.80457],[-105.7148,39.8067],[-105.71265,39.80597],[-105.71257,39.80405],[-105.70599,39.80147],[-105.70325,39.79956],[-105.70062,39.79585],[-105.70098,39.79342],[-105.69965,39.78944],[-105.69394,39.78739],[-105.69201,39.78733],[-105.68725,39.78536],[-105.68564,39.78245],[-105.68228,39.7845],[-105.67942,39.78096],[-105.68187,39.77058],[-105.68289,39.7721],[-105.68594,39.77203],[-105.68448,39.76747],[-105.68045,39.76149],[-105.67797,39.76227],[-105.67738,39.76067],[-105.66394,39.7594],[-105.6628,39.75828],[-105.6542,39.76184],[-105.64657,39.76229],[-105.64327,39.76288],[-105.64261,39.76209],[-105.65101,39.75964],[-105.65554,39.75529],[-105.65703,39.75225],[-105.66054,39.75216],[-105.66191,39.7533],[-105.66603,39.75356],[-105.67612,39.75185],[-105.6795,39.74999],[-105.68363,39.74374],[-105.68736,39.74038],[-105.69086,39.73894],[-105.70136,39.73655],[-105.7102,39.73318],[-105.71332,39.7313],[-105.72054,39.72536],[-105.72563,39.72302],[-105.73172,39.71851],[-105.73545,39.71443],[-105.74076,39.71689],[-105.74829,39.71982],[-105.75203,39.72026],[-105.75687,39.71893],[-105.76591,39.71382],[-105.76889,39.71421],[-105.77828,39.71931],[-105.78505,39.72078],[-105.80279,39.72027],[-105.81156,39.71933],[-105.82283,39.71981],[-105.82525,39.72048],[-105.82969,39.72307],[-105.83984,39.73037],[-105.84412,39.72883],[-105.84918,39.72483],[-105.85329,39.72244],[-105.8577,39.72105],[-105.86507,39.72208],[-105.88849,39.72665],[-105.90384,39.72842],[-105.90386,39.72881],[-105.89996,39.72878]]]}},{"type":"Feature","properties":{"zcta":"80260","d":3418},"geometry":{"type":"Polygon","coordinates":[[[-105.02201,39.88503],[-105.02201,39.88287],[-105.01551,39.88287],[-105.01552,39.88506],[-105.0061,39.88506],[-105.00558,39.88449],[-104.99996,39.8845],[-104.99997,39.88336],[-104.99659,39.88303],[-104.9966,39.88527],[-104.98742,39.88534],[-104.98767,39.8749],[-104.98765,39.85859],[-104.98571,39.84908],[-104.99399,39.84894],[-104.99441,39.84676],[-104.99671,39.84709],[-104.99654,39.84906],[-105.01534,39.84904],[-105.01946,39.85178],[-105.02015,39.85632],[-105.02635,39.85628],[-105.02695,39.86348],[-105.02501,39.86349],[-105.02502,39.88505],[-105.02201,39.88503]]]}},{"type":"Feature","properties":{"zcta":"80014","d":3118},"geometry":{"type":"Polygon","coordinates":[[[-104.87743,39.65075],[-104.87566,39.65305],[-104.86916,39.65323],[-104.8667,39.65511],[-104.86605,39.67085],[-104.86822,39.67262],[-104.8678,39.67477],[-104.86599,39.67477],[-104.86597,39.67686],[-104.86943,39.67687],[-104.86942,39.6784],[-104.86596,39.67839],[-104.86594,39.68202],[-104.83629,39.68209],[-104.83192,39.6814],[-104.82825,39.68204],[-104.82832,39.67917],[-104.8246,39.67881],[-104.82119,39.67982],[-104.81929,39.67923],[-104.81929,39.68209],[-104.8099,39.68206],[-104.80995,39.65315],[-104.81023,39.64023],[-104.80803,39.63849],[-104.82894,39.63857],[-104.82898,39.64808],[-104.83048,39.65159],[-104.8356,39.65641],[-104.83786,39.65738],[-104.84359,39.65845],[-104.84716,39.6567],[-104.85442,39.65461],[-104.86811,39.64665],[-104.87324,39.64525],[-104.87732,39.64345],[-104.88034,39.64199],[-104.88009,39.65077],[-104.87743,39.65075]]]}}]}