{"type":"FeatureCollection","features":[{"type":"Feature","properties":{"zcta":"53203","d":3192},"geometry":{"type":"Polygon","coordinates":[[[-87.91884,43.04711],[-87.91439,43.04668],[-87.91338,43.0457],[-87.91314,43.04301],[-87.91046,43.03936],[-87.90995,43.03685],[-87.91081,43.03206],[-87.91499,43.03294],[-87.9159,43.03],[-87.91819,43.02953],[-87.91869,43.03322],[-87.92243,43.03217],[-87.92299,43.03471],[-87.91876,43.03469],[-87.92051,43.03558],[-87.92023,43.04434],[-87.91898,43.04571],[-87.91884,43.04711]]]}},{"type":"Feature","properties":{"zcta":"53066","d":188},"geometry":{"type":"Polygon","coordinates":[[[-88.43557,43.21719],[-88.4247,43.21668],[-88.41828,43.21715],[-88.41819,43.20948],[-88.4142,43.20917],[-88.41411,43.20556],[-88.40999,43.20544],[-88.41003,43.20342],[-88.41394,43.20337],[-88.41401,43.19441],[-88.40337,43.19409],[-88.40545,43.18931],[-88.40613,43.18322],[-88.40527,43.17737],[-88.40265,43.17591],[-88.40021,43.17597],[-88.40027,43.17155],[-88.40523,43.17151],[-88.40537,43.16422],[-88.4004,43.16426],[-88.40045,43.16167],[-88.39907,43.15923],[-88.39908,43.15666],[-88.40068,43.1534],[-88.40263,43.15291],[-88.40802,43.14802],[-88.40833,43.14429],[-88.40629,43.14057],[-88.40833,43.13554],[-88.41637,43.1261],[-88.42095,43.12516],[-88.42123,43.12067],[-88.42382,43.12082],[-88.42418,43.11945],[-88.43948,43.11653],[-88.44258,43.11659],[-88.44301,43.11434],[-88.43977,43.11237],[-88.44172,43.11167],[-88.44177,43.10856],[-88.43288,43.10773],[-88.42735,43.10578],[-88.42851,43.10579],[-88.42188,43.10321],[-88.42217,43.09047],[-88.42648,43.09044],[-88.4248,43.08759],[-88.42575,43.08452],[-88.4271,43.08338],[-88.42537,43.07917],[-88.42655,43.07766],[-88.42304,43.07604],[-88.42243,43.07603],[-88.42277,43.06073],[-88.42781,43.06077],[-88.4283,43.05915],[-88.42552,43.05859],[-88.42274,43.05938],[-88.42287,43.03509],[-88.4179,43.03608],[-88.41826,43.03758],[-88.41429,43.03789],[-88.4138,43.01798],[-88.40376,43.01469],[-88.40724,43.00683],[-88.41119,43.00615],[-88.41467,43.00474],[-88.41597,43.00599],[-88.41835,43.00556],[-88.41815,43.00407],[-88.42078,43.00318],[-88.41444,43.00313],[-88.41366,43.00032],[-88.41519,43.00035],[-88.41497,42.99824],[-88.41877,42.99828],[-88.41886,42.98862],[-88.42169,42.98863],[-88.4226,42.98568],[-88.43138,42.98368],[-88.43529,42.98373],[-88.44158,42.98221],[-88.44395,42.98296],[-88.44407,42.97868],[-88.44648,42.97871],[-88.45087,42.98076],[-88.44886,42.9823],[-88.44884,42.98462],[-88.45381,42.98473],[-88.45372,42.98834],[-88.45867,42.98846],[-88.45862,42.99227],[-88.45998,42.99387],[-88.46014,42.99622],[-88.45851,42.99586],[-88.45921,43.00017],[-88.45588,43.00152],[-88.45753,43.00383],[-88.4585,43.00941],[-88.45803,43.01146],[-88.45437,43.01045],[-88.45,43.01065],[-88.44254,43.01815],[-88.46239,43.01826],[-88.46227,43.03282],[-88.47191,43.03296],[-88.47222,43.02516],[-88.47348,43.02449],[-88.47364,43.01984],[-88.48081,43.02084],[-88.4813,43.01844],[-88.49008,43.01852],[-88.49013,43.02132],[-88.4946,43.02081],[-88.49537,43.01857],[-88.49804,43.01745],[-88.49635,43.01601],[-88.49806,43.01537],[-88.49867,43.01302],[-88.50588,43.01253],[-88.50727,43.01202],[-88.5406,43.01069],[-88.54171,43.0072],[-88.54137,43.02414],[-88.54636,43.02287],[-88.54627,43.02661],[-88.5512,43.02673],[-88.5511,43.03027],[-88.56105,43.03033],[-88.56047,43.03234],[-88.56048,43.03867],[-88.55549,43.03868],[-88.5555,43.04146],[-88.56052,43.04145],[-88.56049,43.04306],[-88.55534,43.04307],[-88.55536,43.05337],[-88.55374,43.05337],[-88.55377,43.06292],[-88.55529,43.06282],[-88.55522,43.07006],[-88.57755,43.06995],[-88.58225,43.07062],[-88.58909,43.07319],[-88.5918,43.07506],[-88.595,43.07336],[-88.59529,43.07044],[-88.5999,43.07049],[-88.60069,43.06919],[-88.61036,43.06802],[-88.61056,43.07486],[-88.61498,43.07473],[-88.61518,43.07857],[-88.62034,43.07854],[-88.6204,43.08508],[-88.61334,43.08497],[-88.62221,43.1015],[-88.62271,43.10589],[-88.62488,43.10786],[-88.61804,43.10792],[-88.61647,43.1089],[-88.61868,43.10946],[-88.61686,43.11151],[-88.61785,43.11364],[-88.62049,43.1152],[-88.62106,43.11822],[-88.61779,43.12091],[-88.61546,43.11948],[-88.61156,43.11349],[-88.60968,43.11367],[-88.60823,43.11686],[-88.60593,43.1172],[-88.60239,43.11451],[-88.60162,43.11308],[-88.60244,43.11045],[-88.59983,43.109],[-88.59797,43.11051],[-88.59436,43.115],[-88.59606,43.11741],[-88.59549,43.11871],[-88.5932,43.11892],[-88.59306,43.12284],[-88.57907,43.12279],[-88.58069,43.12589],[-88.57957,43.13042],[-88.57676,43.12924],[-88.57353,43.12967],[-88.57202,43.13589],[-88.57378,43.13876],[-88.54864,43.13267],[-88.5485,43.13559],[-88.54364,43.13545],[-88.54357,43.13764],[-88.53877,43.13755],[-88.53846,43.14736],[-88.542,43.14831],[-88.54632,43.14583],[-88.54817,43.14586],[-88.54783,43.15067],[-88.54512,43.15008],[-88.54074,43.1512],[-88.53829,43.15114],[-88.5369,43.17818],[-88.53332,43.17743],[-88.52852,43.17898],[-88.51875,43.17972],[-88.51658,43.18161],[-88.51459,43.181],[-88.51491,43.18831],[-88.51116,43.18951],[-88.51014,43.19115],[-88.50782,43.19129],[-88.50785,43.19701],[-88.51384,43.20702],[-88.51237,43.20653],[-88.51247,43.21012],[-88.5168,43.21265],[-88.51832,43.21564],[-88.51986,43.22472],[-88.53645,43.22521],[-88.53649,43.23164],[-88.54239,43.23151],[-88.54243,43.22908],[-88.54702,43.22881],[-88.5445,43.23092],[-88.54486,43.2327],[-88.54935,43.23631],[-88.54946,43.23945],[-88.54345,43.23632],[-88.53653,43.23604],[-88.53442,43.23793],[-88.53448,43.23931],[-88.53033,43.23953],[-88.52939,43.23799],[-88.52302,43.23601],[-88.5225,43.23891],[-88.51824,43.2386],[-88.51792,43.24774],[-88.49815,43.24767],[-88.49819,43.25348],[-88.49267,43.25362],[-88.49269,43.25681],[-88.48828,43.25683],[-88.4883,43.26102],[-88.48417,43.26114],[-88.48416,43.25729],[-88.47813,43.25721],[-88.47809,43.25107],[-88.48836,43.25147],[-88.48804,43.25048],[-88.47835,43.24648],[-88.47029,43.24104],[-88.47005,43.23925],[-88.47845,43.23941],[-88.4782,43.2249],[-88.46583,43.22482],[-88.46395,43.22783],[-88.45914,43.22914],[-88.4584,43.23174],[-88.45975,43.23349],[-88.45827,43.23609],[-88.45833,43.22463],[-88.43519,43.22437],[-88.43557,43.21719]]]}},{"type":"Feature","properties":{"zcta":"53127","d":0},"geometry":{"type":"Polygon","coordinates":[[[-88.36998,42.96353],[-88.37037,42.96124],[-88.36871,42.95967],[-88.37048,42.95782],[-88.37519,42.95756],[-88.37675,42.9543],[-88.37986,42.95032],[-88.38563,42.94582],[-88.38536,42.96061],[-88.38776,42.96179],[-88.38357,42.96668],[-88.37387,42.96657],[-88.37076,42.9674],[-88.36648,42.97006],[-88.36387,42.96418],[-88.36998,42.96353]]]}},{"type":"Feature","properties":{"zcta":"53295","d":0},"geometry":{"type":"Polygon","coordinates":[[[-87.97679,43.02544],[-87.96989,43.02471],[-87.97013,43.0206],[-87.98239,43.01838],[-87.98246,43.02428],[-87.97679,43.02544]]]}},{"type":"Feature","properties":{"zcta":"53150","d":408},"geometry":{"type":"Polygon","coordinates":[[[-88.1889,42.92444],[-88.18889,42.92286],[-88.17383,42.92328],[-88.17081,42.92468],[-88.16903,42.92348],[-88.16153,42.92336],[-88.16138,42.92698],[-88.15891,42.92802],[-88.15889,42.93001],[-88.13235,42.93002],[-88.13232,42.93182],[-88.12893,42.93182],[-88.12645,42.93271],[-88.12646,42.93146],[-88.12409,42.93145],[-88.12401,42.93638],[-88.12294,42.93723],[-88.11901,42.93722],[-88.11904,42.93083],[-88.11679,42.93233],[-88.11294,42.93716],[-88.10859,42.93705],[-88.10292,42.934],[-88.09788,42.93348],[-88.09903,42.9299],[-88.07781,42.92992],[-88.06944,42.93318],[-88.0695,42.92996],[-88.06959,42.92382],[-88.06959,42.86726],[-88.06992,42.84332],[-88.07304,42.84332],[-88.07305,42.84106],[-88.07967,42.84106],[-88.07991,42.83673],[-88.08976,42.83697],[-88.08968,42.84016],[-88.09462,42.84005],[-88.09469,42.83695],[-88.10452,42.83689],[-88.10475,42.82541],[-88.11455,42.82511],[-88.11457,42.82222],[-88.12069,42.82214],[-88.12062,42.83083],[-88.12217,42.83609],[-88.12429,42.8366],[-88.12438,42.83977],[-88.12888,42.83877],[-88.12912,42.84321],[-88.16103,42.84286],[-88.1881,42.84284],[-88.18901,42.88762],[-88.19575,42.88628],[-88.1959,42.89374],[-88.199,42.89371],[-88.19903,42.8987],[-88.19556,42.90099],[-88.18882,42.90104],[-88.18903,42.90282],[-88.19473,42.9028],[-88.19486,42.90461],[-88.19262,42.91077],[-88.19161,42.91194],[-88.19156,42.91559],[-88.18896,42.91563],[-88.18893,42.91925],[-88.19401,42.91922],[-88.19399,42.92157],[-88.1889,42.92444]]]}},{"type":"Feature","properties":{"zcta":"53172","d":2129},"geometry":{"type":"Polygon","coordinates":[[[-87.84559,42.9302],[-87.84398,42.92184],[-87.83966,42.9146],[-87.84274,42.90689],[-87.84512,42.90483],[-87.84668,42.90104],[-87.84783,42.89635],[-87.8472,42.89313],[-87.8723,42.89355],[-87.8821,42.89358],[-87.88121,42.9154],[-87.88139,42.93003],[-87.84559,42.9302]]]}},{"type":"Feature","properties":{"zcta":"53205","d":2397},"geometry":{"type":"Polygon","coordinates":[[[-87.94501,43.06239],[-87.94135,43.06251],[-87.93886,43.0605],[-87.92768,43.06039],[-87.92411,43.06084],[-87.92088,43.06027],[-87.91987,43.06394],[-87.91989,43.05852],[-87.91853,43.05651],[-87.92002,43.05651],[-87.92019,43.04848],[-87.91884,43.04711],[-87.91898,43.04571],[-87.92203,43.04666],[-87.92299,43.04574],[-87.94153,43.04586],[-87.94689,43.0463],[-87.94776,43.05005],[-87.94751,43.0606],[-87.94501,43.06239]]]}},{"type":"Feature","properties":{"zcta":"53007","d":1218},"geometry":{"type":"Polygon","coordinates":[[[-88.06612,43.09892],[-88.06614,43.09829],[-88.07123,43.0984],[-88.07125,43.09643],[-88.07629,43.09663],[-88.0761,43.10464],[-88.07746,43.10471],[-88.07584,43.10834],[-88.07581,43.1156],[-88.07682,43.11743],[-88.07394,43.11917],[-88.06558,43.1191],[-88.06612,43.09892]]]}},{"type":"Feature","properties":{"zcta":"53122","d":979},"geometry":{"type":"Polygon","coordinates":[[[-88.06694,43.03644],[-88.07707,43.03581],[-88.08419,43.03589],[-88.09481,43.03676],[-88.10154,43.03592],[-88.10682,43.03593],[-88.10627,43.03874],[-88.10588,43.0553],[-88.10876,43.05841],[-88.10946,43.06049],[-88.10621,43.05957],[-88.098,43.05985],[-88.09576,43.06041],[-88.08861,43.06047],[-88.08643,43.05996],[-88.07732,43.06005],[-88.06684,43.05929],[-88.06694,43.03644]]]}},{"type":"Feature","properties":{"zcta":"53214","d":2427},"geometry":{"type":"Polygon","coordinates":[[[-88.06699,43.02958],[-88.05913,43.03094],[-88.04587,43.03101],[-88.0453,43.0284],[-88.04103,43.02711],[-88.03659,43.02717],[-88.02735,43.02818],[-88.02962,43.02899],[-88.02736,43.02989],[-88.02736,43.03149],[-88.01623,43.03133],[-88.01388,43.03422],[-88.01232,43.03392],[-88.01228,43.03142],[-87.99979,43.03145],[-87.99739,43.0303],[-87.98658,43.0305],[-87.98472,43.03316],[-87.98382,43.03662],[-87.97876,43.03668],[-87.97872,43.03122],[-87.97023,43.03356],[-87.96759,43.0331],[-87.96569,43.02503],[-87.95965,43.02454],[-87.9577,43.02525],[-87.95769,43.02422],[-87.96444,43.02398],[-87.96688,43.02206],[-87.96682,43.01685],[-87.96751,43.01431],[-87.96655,43.01323],[-87.96269,43.01325],[-87.96272,43.01231],[-87.96641,43.01226],[-87.96633,43.01016],[-87.97806,43.01021],[-87.98384,43.01088],[-87.98502,43.0101],[-87.99141,43.00997],[-87.99281,43.0088],[-87.99748,43.01002],[-88.0169,43.01007],[-88.06746,43.01001],[-88.06725,43.0164],[-88.06699,43.02958]],[[-87.98239,43.01838],[-87.97013,43.0206],[-87.96989,43.02471],[-87.97679,43.02544],[-87.98246,43.02428],[-87.98239,43.01838]]]}},{"type":"Feature","properties":{"zcta":"53211","d":4040},"geometry":{"type":"Polygon","coordinates":[[[-87.87608,43.09901],[-87.87087,43.08705],[-87.86991,43.08429],[-87.87022,43.08056],[-87.86648,43.07441],[-87.86406,43.07433],[-87.86381,43.07062],[-87.87477,43.06033],[-87.87688,43.05739],[-87.87937,43.05941],[-87.88219,43.06011],[-87.89049,43.06014],[-87.89283,43.06153],[-87.89364,43.06017],[-87.89293,43.06332],[-87.89505,43.06792],[-87.89282,43.07285],[-87.89327,43.07802],[-87.89218,43.08191],[-87.89388,43.08541],[-87.89997,43.08987],[-87.90125,43.09214],[-87.90122,43.09538],[-87.9065,43.09764],[-87.90994,43.10085],[-87.9128,43.10137],[-87.91687,43.10335],[-87.91696,43.10413],[-87.88498,43.10384],[-87.88288,43.10497],[-87.87608,43.09901]]]}},{"type":"Feature","properties":{"zcta":"53149","d":175},"geometry":{"type":"Polygon","coordinates":[[[-88.40059,42.9242],[-88.40079,42.93043],[-88.39584,42.93043],[-88.39574,42.92747],[-88.38772,42.92743],[-88.38771,42.92531],[-88.38309,42.92763],[-88.3838,42.93041],[-88.38097,42.93121],[-88.376,42.93119],[-88.37598,42.93299],[-88.38094,42.93301],[-88.38083,42.93411],[-88.37595,42.93409],[-88.37532,42.93613],[-88.3808,42.93601],[-88.38077,42.93757],[-88.37859,42.9386],[-88.37363,42.93947],[-88.3709,42.94097],[-88.3707,42.94638],[-88.37466,42.94494],[-88.37252,42.94267],[-88.37854,42.94263],[-88.37853,42.94333],[-88.37363,42.9461],[-88.36208,42.95668],[-88.36007,42.95794],[-88.35841,42.95465],[-88.35604,42.95659],[-88.34783,42.95727],[-88.33939,42.95696],[-88.33629,42.9565],[-88.33399,42.95497],[-88.33416,42.95219],[-88.34088,42.95217],[-88.34284,42.94622],[-88.34853,42.94344],[-88.34632,42.93769],[-88.34646,42.9283],[-88.34577,42.92253],[-88.32107,42.92213],[-88.32128,42.91657],[-88.32268,42.91501],[-88.30657,42.91455],[-88.30628,42.89226],[-88.29557,42.89819],[-88.29049,42.89833],[-88.28739,42.89679],[-88.28724,42.90045],[-88.27762,42.90045],[-88.26483,42.90097],[-88.25802,42.90283],[-88.25802,42.89829],[-88.25269,42.90099],[-88.24817,42.90235],[-88.24818,42.90442],[-88.22882,42.91083],[-88.22879,42.90827],[-88.23603,42.90558],[-88.23593,42.89177],[-88.23838,42.89176],[-88.23838,42.88995],[-88.24097,42.88991],[-88.24097,42.88767],[-88.24327,42.88771],[-88.24333,42.88631],[-88.24821,42.88631],[-88.24895,42.88402],[-88.2531,42.88344],[-88.25288,42.8768],[-88.25126,42.87749],[-88.24818,42.87657],[-88.25013,42.87378],[-88.25014,42.8691],[-88.24819,42.86666],[-88.24819,42.86393],[-88.25023,42.85992],[-88.24172,42.85884],[-88.24275,42.85662],[-88.23422,42.85657],[-88.22659,42.85708],[-88.22666,42.84955],[-88.2176,42.84957],[-88.21659,42.84673],[-88.21814,42.84594],[-88.2199,42.84692],[-88.22601,42.84434],[-88.2295,42.84486],[-88.22996,42.84216],[-88.25196,42.84198],[-88.25162,42.83852],[-88.25696,42.83578],[-88.26418,42.83133],[-88.26813,42.8321],[-88.27699,42.83196],[-88.27721,42.81061],[-88.27431,42.80733],[-88.27527,42.80564],[-88.27688,42.8098],[-88.28714,42.81004],[-88.28711,42.81366],[-88.29064,42.81297],[-88.3003,42.81265],[-88.30044,42.80621],[-88.30708,42.80606],[-88.30693,42.82157],[-88.30638,42.8421],[-88.32694,42.84251],[-88.32624,42.83425],[-88.32513,42.82563],[-88.3241,42.8241],[-88.32469,42.82156],[-88.32279,42.82101],[-88.33157,42.81684],[-88.33638,42.81513],[-88.33614,42.82809],[-88.35292,42.82829],[-88.3532,42.83119],[-88.35194,42.83313],[-88.35576,42.83398],[-88.35575,42.83573],[-88.3656,42.83567],[-88.36571,42.83029],[-88.36768,42.83029],[-88.36861,42.82845],[-88.37021,42.83217],[-88.37299,42.83129],[-88.37112,42.82996],[-88.37037,42.82727],[-88.36816,42.82667],[-88.37115,42.82608],[-88.37447,42.82672],[-88.38285,42.82946],[-88.38487,42.82761],[-88.38835,42.82237],[-88.39349,42.81946],[-88.3941,42.81668],[-88.39865,42.81316],[-88.39908,42.8122],[-88.4107,42.81032],[-88.4074,42.81239],[-88.40721,42.81371],[-88.40379,42.81356],[-88.39879,42.81462],[-88.39616,42.81702],[-88.39825,42.82105],[-88.39565,42.82049],[-88.39517,42.82241],[-88.39275,42.82191],[-88.39527,42.82455],[-88.3987,42.82428],[-88.40079,42.8211],[-88.40511,42.82159],[-88.40513,42.82827],[-88.41486,42.82827],[-88.41484,42.82982],[-88.42434,42.82747],[-88.42407,42.84259],[-88.44909,42.84262],[-88.44835,42.8446],[-88.44634,42.84408],[-88.44481,42.84583],[-88.44298,42.84336],[-88.44139,42.84351],[-88.4442,42.8456],[-88.44133,42.84582],[-88.44256,42.84946],[-88.43669,42.84702],[-88.43521,42.84733],[-88.43505,42.85607],[-88.43143,42.85841],[-88.42825,42.86664],[-88.42414,42.86731],[-88.42423,42.87527],[-88.42272,42.87842],[-88.42427,42.87876],[-88.42457,42.88676],[-88.42795,42.89265],[-88.42894,42.90123],[-88.42432,42.90117],[-88.42443,42.91513],[-88.4074,42.9151],[-88.40543,42.91984],[-88.40555,42.9242],[-88.40059,42.9242]]]}},{"type":"Feature","properties":{"zcta":"53233","d":1693},"geometry":{"type":"Polygon","coordinates":[[[-87.94153,43.04586],[-87.92299,43.04574],[-87.92203,43.04666],[-87.91898,43.04571],[-87.92023,43.04434],[-87.92051,43.03558],[-87.91876,43.03469],[-87.92299,43.03471],[-87.92243,43.03217],[-87.91869,43.03322],[-87.91819,43.02953],[-87.92254,43.02841],[-87.92246,43.02735],[-87.93301,43.02712],[-87.94341,43.02886],[-87.94777,43.03],[-87.94778,43.04453],[-87.94689,43.0463],[-87.94153,43.04586]]]}},{"type":"Feature","properties":{"zcta":"53227","d":2381},"geometry":{"type":"Polygon","coordinates":[[[-88.0169,43.01007],[-88.0173,43.00274],[-88.0168,42.99466],[-88.01746,42.99468],[-88.01678,42.98643],[-88.01702,42.98137],[-88.01769,42.98101],[-88.03255,42.98092],[-88.03562,42.98159],[-88.03749,42.98092],[-88.04251,42.98088],[-88.04232,42.98447],[-88.04724,42.98444],[-88.04739,42.98083],[-88.06862,42.98096],[-88.06817,42.99037],[-88.06956,42.99041],[-88.06939,42.99489],[-88.06806,42.99488],[-88.06746,43.01001],[-88.0169,43.01007]]]}},{"type":"Feature","properties":{"zcta":"53037","d":236},"geometry":{"type":"Polygon","coordinates":[[[-88.20141,43.33871],[-88.20149,43.34726],[-88.18461,43.34712],[-88.18442,43.3487],[-88.18168,43.34866],[-88.18169,43.3535],[-88.16163,43.35281],[-88.14924,43.35254],[-88.14681,43.35189],[-88.14682,43.34889],[-88.15177,43.34901],[-88.15185,43.34539],[-88.14688,43.34522],[-88.14702,43.33806],[-88.14212,43.33791],[-88.14219,43.33433],[-88.13728,43.33236],[-88.13109,43.3314],[-88.12732,43.3326],[-88.12389,43.33506],[-88.11887,43.33572],[-88.11667,43.33409],[-88.11195,43.33401],[-88.11244,43.32315],[-88.11503,43.32318],[-88.11498,43.3124],[-88.11741,43.31236],[-88.11742,43.3088],[-88.1149,43.30876],[-88.11493,43.30017],[-88.11408,43.29429],[-88.1027,43.29411],[-88.10109,43.29327],[-88.10113,43.29046],[-88.09281,43.29025],[-88.09281,43.29201],[-88.08781,43.29229],[-88.0879,43.29022],[-88.08296,43.29013],[-88.08329,43.27925],[-88.09421,43.27943],[-88.09518,43.27853],[-88.10271,43.27708],[-88.11233,43.2747],[-88.11806,43.27586],[-88.11814,43.27214],[-88.12309,43.27216],[-88.12281,43.27996],[-88.16203,43.28062],[-88.16203,43.2834],[-88.16694,43.28342],[-88.17682,43.28435],[-88.17682,43.28255],[-88.18162,43.28376],[-88.18578,43.28377],[-88.18672,43.29145],[-88.19773,43.29141],[-88.19749,43.29534],[-88.21028,43.29536],[-88.22117,43.30321],[-88.22128,43.33162],[-88.2222,43.33393],[-88.22392,43.33445],[-88.22367,43.33684],[-88.2251,43.33754],[-88.22309,43.33884],[-88.20141,43.33871]]]}},{"type":"Feature","properties":{"zcta":"53080","d":101},"geometry":{"type":"Polygon","coordinates":[[[-87.93876,43.40605],[-87.93734,43.40196],[-87.94021,43.3917],[-87.93651,43.39239],[-87.93071,43.39249],[-87.9308,43.39638],[-87.92967,43.39174],[-87.92796,43.39179],[-87.92669,43.3973],[-87.92262,43.39735],[-87.92071,43.39629],[-87.92045,43.37886],[-87.92545,43.37882],[-87.9259,43.37546],[-87.92506,43.36816],[-87.92694,43.36812],[-87.9303,43.37214],[-87.93039,43.37537],[-87.9354,43.37529],[-87.93535,43.37255],[-87.94035,43.37158],[-87.94435,43.37151],[-87.94398,43.3706],[-87.94652,43.36792],[-87.96634,43.36768],[-87.98567,43.36761],[-87.98529,43.36255],[-87.99554,43.36246],[-87.99547,43.35898],[-87.99967,43.35885],[-87.99952,43.35159],[-88.00024,43.35059],[-88.00269,43.35056],[-88.00406,43.34848],[-88.00379,43.34452],[-88.00523,43.34629],[-88.00488,43.34789],[-88.0034,43.34961],[-88.00417,43.35067],[-88.00787,43.35086],[-88.01426,43.34856],[-88.01948,43.349],[-88.02015,43.35142],[-88.02515,43.35138],[-88.02526,43.35674],[-88.03014,43.35677],[-88.02981,43.36135],[-88.03529,43.3612],[-88.03523,43.35944],[-88.04018,43.35935],[-88.03998,43.36788],[-88.04032,43.38176],[-88.02204,43.38224],[-88.02018,43.3842],[-88.02181,43.38928],[-88.02048,43.39262],[-88.02077,43.41741],[-88.01815,43.41651],[-88.01822,43.43293],[-88.03223,43.43365],[-88.03731,43.43246],[-88.03704,43.43402],[-88.03056,43.43694],[-88.03008,43.44116],[-88.0278,43.4411],[-88.02098,43.44238],[-88.02168,43.44588],[-88.02093,43.44676],[-88.02269,43.45023],[-88.02161,43.45158],[-88.02389,43.4529],[-88.02757,43.4515],[-88.03007,43.45317],[-88.0345,43.45451],[-88.0407,43.45448],[-88.04086,43.45953],[-88.04076,43.46906],[-88.03046,43.46906],[-88.03042,43.46724],[-88.02794,43.46725],[-88.0279,43.46181],[-88.00734,43.46189],[-88.00728,43.46361],[-88.00136,43.46379],[-88.00157,43.46921],[-87.98042,43.46967],[-87.97515,43.46964],[-87.97319,43.468],[-87.96732,43.46662],[-87.96795,43.46169],[-87.9674,43.4555],[-87.96935,43.45392],[-87.97182,43.44992],[-87.97205,43.44489],[-87.97137,43.44259],[-87.97122,43.43749],[-87.96834,43.43299],[-87.96386,43.43031],[-87.95822,43.4299],[-87.95569,43.42919],[-87.95236,43.42555],[-87.94929,43.42467],[-87.94544,43.4225],[-87.94252,43.41925],[-87.94223,43.41493],[-87.94307,43.41116],[-87.94045,43.4068],[-87.93977,43.40683],[-87.93876,43.40605]]]}},{"type":"Feature","properties":{"zcta":"53024","d":365},"geometry":{"type":"Polygon","coordinates":[[[-87.92035,43.37564],[-87.91044,43.37572],[-87.91034,43.37207],[-87.9047,43.37234],[-87.90039,43.37475],[-87.90025,43.37223],[-87.89892,43.37062],[-87.901,43.36816],[-87.8993,43.3684],[-87.88157,43.36859],[-87.87947,43.37269],[-87.87586,43.37274],[-87.87745,43.36924],[-87.88239,43.3521],[-87.88427,43.33982],[-87.88616,43.32082],[-87.88828,43.31397],[-87.88921,43.30765],[-87.89179,43.30179],[-87.90185,43.28412],[-87.90297,43.28031],[-87.94237,43.28003],[-87.94053,43.28179],[-87.94173,43.28393],[-87.94546,43.28463],[-87.95023,43.284],[-87.95209,43.28502],[-87.95209,43.28679],[-87.95031,43.28776],[-87.95052,43.29085],[-87.94679,43.29238],[-87.94053,43.2988],[-87.94164,43.30018],[-87.94499,43.30074],[-87.95122,43.30003],[-87.95841,43.30125],[-87.95725,43.3028],[-87.96136,43.30377],[-87.96478,43.30209],[-87.97077,43.30187],[-87.96964,43.30408],[-87.96969,43.31046],[-87.97354,43.31039],[-87.97472,43.31204],[-87.97478,43.31583],[-87.97924,43.31602],[-87.97753,43.3194],[-87.97984,43.31936],[-87.98057,43.32299],[-87.98486,43.32287],[-87.98511,43.33632],[-87.98566,43.33873],[-87.98513,43.343],[-87.99107,43.34171],[-87.99262,43.34087],[-87.99272,43.34446],[-87.99516,43.34441],[-87.99522,43.34804],[-87.99769,43.34796],[-88.00014,43.34914],[-88.00024,43.35059],[-87.99952,43.35159],[-87.99967,43.35885],[-87.99547,43.35898],[-87.99554,43.36246],[-87.98529,43.36255],[-87.98567,43.36761],[-87.96634,43.36768],[-87.94652,43.36792],[-87.94398,43.3706],[-87.94435,43.37151],[-87.94035,43.37158],[-87.93535,43.37255],[-87.9354,43.37529],[-87.93039,43.37537],[-87.9303,43.37214],[-87.92694,43.36812],[-87.92506,43.36816],[-87.9259,43.37546],[-87.92545,43.37882],[-87.92045,43.37886],[-87.92035,43.37564]]]}},{"type":"Feature","properties":{"zcta":"53072","d":492},"geometry":{"type":"Polygon","coordinates":[[[-88.36397,43.06513],[-88.36077,43.06884],[-88.3603,43.07246],[-88.36291,43.07252],[-88.35954,43.07453],[-88.35664,43.07497],[-88.3565,43.07601],[-88.35347,43.07594],[-88.35335,43.07957],[-88.34842,43.07946],[-88.34839,43.081],[-88.34358,43.08149],[-88.34354,43.08301],[-88.33342,43.08279],[-88.33318,43.09011],[-88.32821,43.09],[-88.3276,43.09342],[-88.32808,43.09836],[-88.31348,43.09336],[-88.31338,43.11142],[-88.30846,43.11111],[-88.30798,43.11047],[-88.30354,43.11083],[-88.30201,43.11223],[-88.2943,43.11226],[-88.29438,43.10981],[-88.28934,43.10989],[-88.28904,43.11952],[-88.27416,43.11962],[-88.27422,43.11797],[-88.27023,43.11458],[-88.26443,43.11246],[-88.23479,43.11203],[-88.20457,43.11196],[-88.20097,43.1047],[-88.19242,43.10466],[-88.19235,43.10653],[-88.18953,43.1065],[-88.18691,43.10646],[-88.18694,43.10464],[-88.16518,43.10463],[-88.1654,43.09771],[-88.15586,43.09777],[-88.15593,43.09413],[-88.16072,43.09411],[-88.1604,43.08993],[-88.16408,43.08855],[-88.17093,43.08509],[-88.17095,43.08363],[-88.16587,43.08481],[-88.16591,43.08319],[-88.17847,43.08266],[-88.17848,43.08326],[-88.18585,43.08239],[-88.18588,43.07514],[-88.1974,43.07527],[-88.19872,43.07364],[-88.20562,43.0739],[-88.20585,43.06424],[-88.21277,43.06422],[-88.2128,43.06223],[-88.22495,43.06849],[-88.22541,43.05719],[-88.22926,43.05694],[-88.23186,43.05765],[-88.23321,43.05614],[-88.23009,43.05386],[-88.22567,43.05398],[-88.22571,43.04923],[-88.23126,43.04891],[-88.23664,43.04799],[-88.23564,43.0468],[-88.23571,43.0427],[-88.24255,43.04335],[-88.24369,43.04457],[-88.24904,43.04543],[-88.25177,43.04485],[-88.25357,43.04291],[-88.25601,43.04241],[-88.25595,43.03951],[-88.26047,43.03938],[-88.26332,43.04056],[-88.27001,43.04576],[-88.25612,43.04672],[-88.25635,43.04962],[-88.25799,43.04937],[-88.26204,43.04691],[-88.2709,43.04645],[-88.2856,43.04914],[-88.28565,43.04667],[-88.29007,43.04655],[-88.29163,43.04573],[-88.29378,43.04728],[-88.2983,43.04727],[-88.30053,43.04791],[-88.29974,43.05028],[-88.30431,43.04977],[-88.30448,43.04132],[-88.31052,43.04358],[-88.31139,43.0465],[-88.31786,43.04661],[-88.31869,43.048],[-88.32314,43.0481],[-88.32318,43.04975],[-88.32725,43.04837],[-88.32962,43.04678],[-88.34038,43.04834],[-88.34054,43.04938],[-88.34948,43.04838],[-88.34961,43.05226],[-88.35442,43.05685],[-88.3561,43.05608],[-88.36417,43.05615],[-88.3641,43.06169],[-88.36397,43.06513]]]}},{"type":"Feature","properties":{"zcta":"53212","d":3059},"geometry":{"type":"Polygon","coordinates":[[[-87.91687,43.10335],[-87.9128,43.10137],[-87.90994,43.10085],[-87.9065,43.09764],[-87.90122,43.09538],[-87.90125,43.09214],[-87.89997,43.08987],[-87.89388,43.08541],[-87.89218,43.08191],[-87.89327,43.07802],[-87.89282,43.07285],[-87.89505,43.06792],[-87.89293,43.06332],[-87.89364,43.06017],[-87.89471,43.05796],[-87.90117,43.05669],[-87.90667,43.05276],[-87.91272,43.04756],[-87.91338,43.0457],[-87.91439,43.04668],[-87.91884,43.04711],[-87.92019,43.04848],[-87.92002,43.05651],[-87.91853,43.05651],[-87.91989,43.05852],[-87.91987,43.06394],[-87.91979,43.07118],[-87.9208,43.07118],[-87.92086,43.08017],[-87.91985,43.08162],[-87.91973,43.08554],[-87.921,43.08829],[-87.9196,43.08933],[-87.91896,43.09221],[-87.92198,43.09341],[-87.92207,43.09455],[-87.91858,43.09947],[-87.91821,43.10304],[-87.91687,43.10335]]]}},{"type":"Feature","properties":{"zcta":"53069","d":1189},"geometry":{"type":"Polygon","coordinates":[[[-88.42147,43.11314],[-88.42238,43.107],[-88.4248,43.10672],[-88.42556,43.10918],[-88.42798,43.10948],[-88.4266,43.1061],[-88.42735,43.10578],[-88.43288,43.10773],[-88.44177,43.10856],[-88.44172,43.11167],[-88.43977,43.11237],[-88.44301,43.11434],[-88.44258,43.11659],[-88.43948,43.11653],[-88.42418,43.11945],[-88.42382,43.12082],[-88.42123,43.12067],[-88.42147,43.11314]]]}},{"type":"Feature","properties":{"zcta":"53219","d":3562},"geometry":{"type":"Polygon","coordinates":[[[-87.99748,43.01002],[-87.99281,43.0088],[-87.99141,43.00997],[-87.98502,43.0101],[-87.98384,43.01088],[-87.97806,43.01021],[-87.96633,43.01016],[-87.96648,43.00292],[-87.96586,43.00049],[-87.95865,42.9975],[-87.95837,42.99472],[-87.95939,42.99417],[-87.96102,42.99622],[-87.96395,42.99746],[-87.96781,42.99566],[-87.96794,42.98573],[-87.96304,42.98572],[-87.96312,42.98119],[-87.96726,42.98118],[-87.99931,42.98107],[-88.00337,42.98147],[-88.00935,42.98102],[-88.01702,42.98137],[-88.01678,42.98643],[-88.01746,42.99468],[-88.0168,42.99466],[-88.0173,43.00274],[-88.0169,43.01007],[-87.99748,43.01002]],[[-87.97477,43.0029],[-87.96771,43.00291],[-87.96791,43.0078],[-87.97344,43.00837],[-87.975,43.0052],[-87.97757,43.00385],[-87.97477,43.0029]]]}},{"type":"Feature","properties":{"zcta":"53222","d":2342},"geometry":{"type":"Polygon","coordinates":[[[-88.06612,43.09892],[-88.06474,43.09792],[-88.06422,43.09171],[-88.06283,43.0891],[-88.0527,43.08944],[-88.05424,43.09169],[-88.05455,43.09652],[-88.05115,43.09684],[-88.04775,43.09236],[-88.0477,43.09021],[-88.0427,43.09067],[-88.04119,43.09806],[-88.04094,43.09678],[-88.03764,43.098],[-88.031,43.09765],[-88.02764,43.09652],[-88.01741,43.09709],[-88.0161,43.09665],[-88.00637,43.09721],[-88.00635,43.09673],[-88.0072,43.09188],[-88.00736,43.0773],[-88.00666,43.07576],[-88.00667,43.07189],[-88.00744,43.06805],[-88.00744,43.06762],[-88.01745,43.06744],[-88.03509,43.06715],[-88.03688,43.06883],[-88.03532,43.0715],[-88.03561,43.07479],[-88.03838,43.07499],[-88.04999,43.07471],[-88.04952,43.06743],[-88.06672,43.06724],[-88.06614,43.09829],[-88.06612,43.09892]]]}},{"type":"Feature","properties":{"zcta":"53018","d":337},"geometry":{"type":"Polygon","coordinates":[[[-88.42098,43.07883],[-88.42223,43.08172],[-88.41876,43.08312],[-88.41337,43.08355],[-88.41345,43.07984],[-88.4032,43.08006],[-88.39823,43.08136],[-88.3995,43.08373],[-88.39749,43.08913],[-88.39458,43.08942],[-88.39236,43.09093],[-88.39209,43.09554],[-88.38933,43.0968],[-88.39026,43.09451],[-88.38526,43.07785],[-88.38651,43.06471],[-88.38484,43.06195],[-88.3641,43.06169],[-88.36417,43.05615],[-88.3561,43.05608],[-88.35442,43.05685],[-88.34961,43.05226],[-88.34948,43.04838],[-88.34954,43.04561],[-88.35265,43.0456],[-88.35265,43.04364],[-88.34955,43.04316],[-88.35934,43.04319],[-88.35933,43.04172],[-88.35622,43.04108],[-88.35808,43.03863],[-88.35635,43.0385],[-88.35778,43.03654],[-88.36342,43.03436],[-88.36538,43.02835],[-88.3642,43.02557],[-88.36534,43.02465],[-88.36921,43.02462],[-88.37407,43.02411],[-88.37387,43.01738],[-88.37894,43.01741],[-88.37896,43.01469],[-88.38394,43.01256],[-88.38393,43.01342],[-88.38803,43.01208],[-88.3888,43.01071],[-88.39851,43.01281],[-88.40376,43.01469],[-88.4138,43.01798],[-88.41429,43.03789],[-88.41826,43.03758],[-88.4179,43.03608],[-88.42287,43.03509],[-88.42274,43.05938],[-88.42552,43.05859],[-88.4283,43.05915],[-88.42781,43.06077],[-88.42277,43.06073],[-88.42243,43.07603],[-88.42304,43.07604],[-88.42098,43.07883]]]}},{"type":"Feature","properties":{"zcta":"53089","d":385},"geometry":{"type":"Polygon","coordinates":[[[-88.25983,43.18106],[-88.26002,43.18422],[-88.25252,43.18895],[-88.24717,43.1899],[-88.24123,43.19006],[-88.23689,43.18938],[-88.23263,43.18733],[-88.22713,43.18912],[-88.22318,43.18666],[-88.22209,43.18812],[-88.21719,43.18808],[-88.21733,43.18443],[-88.21247,43.18443],[-88.21224,43.18711],[-88.20734,43.18706],[-88.20716,43.19229],[-88.20415,43.19292],[-88.18966,43.19265],[-88.19221,43.19165],[-88.19243,43.18803],[-88.19735,43.18803],[-88.19753,43.1844],[-88.18422,43.18441],[-88.18429,43.17795],[-88.18283,43.17792],[-88.18369,43.15543],[-88.18414,43.13923],[-88.1844,43.13862],[-88.18545,43.11025],[-88.1876,43.11068],[-88.18769,43.1083],[-88.18947,43.10829],[-88.18953,43.1065],[-88.19235,43.10653],[-88.19242,43.10466],[-88.20097,43.1047],[-88.20457,43.11196],[-88.23479,43.11203],[-88.26443,43.11246],[-88.27023,43.11458],[-88.27422,43.11797],[-88.27416,43.11962],[-88.28904,43.11952],[-88.28934,43.10989],[-88.29438,43.10981],[-88.2943,43.11226],[-88.30201,43.11223],[-88.30354,43.11083],[-88.30318,43.11952],[-88.30805,43.11955],[-88.30718,43.14132],[-88.29351,43.14131],[-88.29319,43.15046],[-88.29174,43.15241],[-88.28335,43.15285],[-88.2816,43.15469],[-88.2782,43.15477],[-88.2777,43.15788],[-88.2814,43.15916],[-88.28519,43.15922],[-88.29296,43.15647],[-88.29116,43.15876],[-88.28783,43.1587],[-88.28726,43.16232],[-88.28614,43.16303],[-88.26254,43.16321],[-88.26219,43.18006],[-88.25983,43.18106]]]}},{"type":"Feature","properties":{"zcta":"53223","d":1276},"geometry":{"type":"Polygon","coordinates":[[[-87.96467,43.19243],[-87.96423,43.17845],[-87.96749,43.17797],[-87.96432,43.17072],[-87.9656,43.17041],[-87.96597,43.16798],[-87.96501,43.15956],[-87.96599,43.15635],[-87.9652,43.15587],[-87.96549,43.14825],[-87.96637,43.14807],[-87.9666,43.1424],[-87.96572,43.14128],[-87.96598,43.13393],[-88.01072,43.13412],[-88.01561,43.13516],[-88.01602,43.1391],[-88.01522,43.14011],[-88.01725,43.14207],[-88.01547,43.14336],[-88.01542,43.14573],[-88.01794,43.14572],[-88.01787,43.14867],[-88.00895,43.14872],[-88.01708,43.15594],[-88.01493,43.15597],[-88.01464,43.16324],[-88.01842,43.16321],[-88.01838,43.165],[-88.01444,43.16512],[-88.01439,43.16808],[-88.00942,43.16811],[-88.00958,43.16515],[-88.00476,43.16518],[-88.00475,43.16707],[-88.02254,43.1758],[-88.02434,43.17781],[-88.01579,43.1779],[-88.0143,43.17911],[-88.01415,43.18425],[-88.01477,43.18599],[-88.01058,43.18705],[-88.00735,43.18919],[-88.00429,43.18922],[-88.00381,43.19258],[-87.96467,43.19243]]]}},{"type":"Feature","properties":{"zcta":"53224","d":942},"geometry":{"type":"Polygon","coordinates":[[[-88.02372,43.19249],[-88.00381,43.19258],[-88.00429,43.18922],[-88.00735,43.18919],[-88.01058,43.18705],[-88.01477,43.18599],[-88.01415,43.18425],[-88.0143,43.17911],[-88.01579,43.1779],[-88.02434,43.17781],[-88.02254,43.1758],[-88.00475,43.16707],[-88.00476,43.16518],[-88.00958,43.16515],[-88.00942,43.16811],[-88.01439,43.16808],[-88.01444,43.16512],[-88.01838,43.165],[-88.01842,43.16321],[-88.01464,43.16324],[-88.01493,43.15597],[-88.01708,43.15594],[-88.00895,43.14872],[-88.01787,43.14867],[-88.01794,43.14572],[-88.01542,43.14573],[-88.01547,43.14336],[-88.01725,43.14207],[-88.01522,43.14011],[-88.01602,43.1391],[-88.01561,43.13516],[-88.01565,43.13411],[-88.0489,43.1338],[-88.0537,43.13418],[-88.0589,43.13362],[-88.05703,43.13438],[-88.06038,43.1356],[-88.06313,43.13562],[-88.0631,43.13357],[-88.06508,43.13354],[-88.0645,43.14868],[-88.06409,43.17368],[-88.06367,43.17704],[-88.06335,43.19212],[-88.02372,43.19249]]]}},{"type":"Feature","properties":{"zcta":"53225","d":1639},"geometry":{"type":"Polygon","coordinates":[[[-88.0631,43.13357],[-88.06313,43.13562],[-88.06038,43.1356],[-88.05703,43.13438],[-88.0589,43.13362],[-88.0537,43.13418],[-88.0489,43.1338],[-88.01565,43.13411],[-88.01567,43.12274],[-88.01206,43.11957],[-88.01592,43.11957],[-88.01595,43.11458],[-88.01507,43.11224],[-88.01601,43.1069],[-88.01765,43.1062],[-88.01669,43.0976],[-88.01741,43.09709],[-88.02764,43.09652],[-88.031,43.09765],[-88.03764,43.098],[-88.04094,43.09678],[-88.04119,43.09806],[-88.0427,43.09067],[-88.0477,43.09021],[-88.04775,43.09236],[-88.05115,43.09684],[-88.05455,43.09652],[-88.05424,43.09169],[-88.0527,43.08944],[-88.06283,43.0891],[-88.06422,43.09171],[-88.06474,43.09792],[-88.06612,43.09892],[-88.06558,43.1191],[-88.06559,43.12068],[-88.07101,43.12154],[-88.07006,43.12547],[-88.06648,43.12824],[-88.06508,43.13354],[-88.0631,43.13357]]]}},{"type":"Feature","properties":{"zcta":"53228","d":1610},"geometry":{"type":"Polygon","coordinates":[[[-88.04739,42.98083],[-88.04724,42.98444],[-88.04232,42.98447],[-88.04251,42.98088],[-88.03749,42.98092],[-88.03562,42.98159],[-88.03255,42.98092],[-88.01769,42.98101],[-88.01685,42.97442],[-88.01784,42.97442],[-88.01821,42.95784],[-88.01699,42.95853],[-88.01826,42.95415],[-88.02427,42.95359],[-88.02897,42.94993],[-88.03161,42.94819],[-88.03372,42.94956],[-88.03319,42.95127],[-88.03812,42.95345],[-88.03814,42.95249],[-88.04385,42.95206],[-88.04675,42.95243],[-88.06929,42.95237],[-88.0691,42.96639],[-88.06862,42.98096],[-88.04739,42.98083]]]}},{"type":"Feature","properties":{"zcta":"53235","d":2070},"geometry":{"type":"Polygon","coordinates":[[[-87.86456,42.98411],[-87.85718,42.97802],[-87.84997,42.97065],[-87.84767,42.96623],[-87.8501,42.96644],[-87.86993,42.96635],[-87.86996,42.95913],[-87.88325,42.95913],[-87.88968,42.95924],[-87.88961,42.9643],[-87.89406,42.96619],[-87.894,42.97319],[-87.89181,42.97328],[-87.89291,42.97082],[-87.88955,42.97075],[-87.89073,42.97179],[-87.88652,42.9719],[-87.88708,42.9783],[-87.88883,42.97874],[-87.88881,42.98058],[-87.8747,42.98051],[-87.87452,42.98448],[-87.87144,42.98673],[-87.86934,42.98692],[-87.86456,42.98411]]]}},{"type":"Feature","properties":{"zcta":"53220","d":2520},"geometry":{"type":"Polygon","coordinates":[[[-88.01702,42.98137],[-88.00935,42.98102],[-88.00337,42.98147],[-87.99931,42.98107],[-87.96726,42.98118],[-87.96671,42.97444],[-87.96821,42.97441],[-87.96838,42.96628],[-87.9667,42.96606],[-87.96739,42.96344],[-87.96965,42.9594],[-87.96856,42.9594],[-87.96864,42.95516],[-87.96717,42.95395],[-87.96809,42.95214],[-87.96775,42.94542],[-87.96882,42.94552],[-87.96834,42.93813],[-87.96901,42.93814],[-87.96895,42.9402],[-87.9728,42.94021],[-87.97268,42.94489],[-87.9763,42.94489],[-87.97628,42.94613],[-87.97877,42.94615],[-87.97893,42.9509],[-87.98301,42.94746],[-87.9852,42.94932],[-87.98868,42.94928],[-87.98864,42.95213],[-87.99854,42.95207],[-87.99856,42.95088],[-88.00844,42.95081],[-88.00841,42.95201],[-88.01103,42.95291],[-88.01704,42.9529],[-88.01826,42.95415],[-88.01699,42.95853],[-88.01821,42.95784],[-88.01784,42.97442],[-88.01685,42.97442],[-88.01769,42.98101],[-88.01702,42.98137]]]}},{"type":"Feature","properties":{"zcta":"53221","d":2080},"geometry":{"type":"Polygon","coordinates":[[[-87.96312,42.98119],[-87.94427,42.98121],[-87.94173,42.98169],[-87.94048,42.98383],[-87.94051,42.98117],[-87.92411,42.98105],[-87.91923,42.98161],[-87.91955,42.94481],[-87.92227,42.94229],[-87.92392,42.93809],[-87.9232,42.93672],[-87.91914,42.93686],[-87.91789,42.93018],[-87.92995,42.93028],[-87.9306,42.92082],[-87.9405,42.9209],[-87.94027,42.92701],[-87.9395,42.93031],[-87.94938,42.93037],[-87.94942,42.92925],[-87.95569,42.92926],[-87.95842,42.92841],[-87.95808,42.93039],[-87.96059,42.9304],[-87.96103,42.92843],[-87.96919,42.92841],[-87.96913,42.93403],[-87.96668,42.934],[-87.96657,42.93764],[-87.96901,42.93814],[-87.96834,42.93813],[-87.96882,42.94552],[-87.96775,42.94542],[-87.96809,42.95214],[-87.96717,42.95395],[-87.96864,42.95516],[-87.96856,42.9594],[-87.96965,42.9594],[-87.96739,42.96344],[-87.9667,42.96606],[-87.96838,42.96628],[-87.96821,42.97441],[-87.96671,42.97444],[-87.96726,42.98118],[-87.96312,42.98119]]]}},{"type":"Feature","properties":{"zcta":"53132","d":527},"geometry":{"type":"Polygon","coordinates":[[[-88.0468,42.93017],[-88.04547,42.92838],[-88.03879,42.92844],[-88.03852,42.93024],[-88.02856,42.93055],[-88.02044,42.93088],[-88.02091,42.92733],[-88.01846,42.92522],[-88.01638,42.92478],[-88.00897,42.92479],[-88.00904,42.92192],[-88.00655,42.92132],[-88.003,42.92329],[-87.98911,42.92314],[-87.98905,42.9255],[-87.97922,42.92562],[-87.97918,42.92688],[-87.96926,42.92698],[-87.96919,42.92841],[-87.96103,42.92843],[-87.96059,42.9304],[-87.95808,42.93039],[-87.95842,42.92841],[-87.95569,42.92926],[-87.94942,42.92925],[-87.95086,42.88724],[-87.95171,42.85483],[-87.9519,42.84355],[-87.98125,42.84361],[-88.01711,42.84356],[-88.01708,42.84541],[-88.02067,42.84536],[-88.0206,42.8483],[-88.02607,42.84828],[-88.02611,42.84625],[-88.03048,42.84604],[-88.03054,42.8435],[-88.06992,42.84332],[-88.06959,42.86726],[-88.06959,42.92382],[-88.0695,42.92996],[-88.0468,42.93017]]]}},{"type":"Feature","properties":{"zcta":"53086","d":227},"geometry":{"type":"Polygon","coordinates":[[[-88.26398,43.36934],[-88.26409,43.36808],[-88.26098,43.36724],[-88.26115,43.35463],[-88.26088,43.35335],[-88.25102,43.35331],[-88.25104,43.35673],[-88.23932,43.35681],[-88.23389,43.3533],[-88.23457,43.35146],[-88.23337,43.34687],[-88.23448,43.34575],[-88.2337,43.3434],[-88.23479,43.34009],[-88.22741,43.33996],[-88.22309,43.33884],[-88.2251,43.33754],[-88.22367,43.33684],[-88.22392,43.33445],[-88.2222,43.33393],[-88.22128,43.33162],[-88.22117,43.30321],[-88.21028,43.29536],[-88.22113,43.29542],[-88.22896,43.30111],[-88.23252,43.30232],[-88.24094,43.30387],[-88.24133,43.28104],[-88.24994,43.28111],[-88.25099,43.28345],[-88.25122,43.28989],[-88.2544,43.2915],[-88.25915,43.2924],[-88.26319,43.28974],[-88.26958,43.29108],[-88.27288,43.29569],[-88.28064,43.29575],[-88.28079,43.29055],[-88.28576,43.29059],[-88.28576,43.28857],[-88.29076,43.28857],[-88.29071,43.28501],[-88.30034,43.28491],[-88.30043,43.28135],[-88.31026,43.28158],[-88.31009,43.2936],[-88.31072,43.29684],[-88.30998,43.29953],[-88.30929,43.32823],[-88.31427,43.32817],[-88.31421,43.32976],[-88.31923,43.32875],[-88.31888,43.34188],[-88.32235,43.34201],[-88.32243,43.34637],[-88.32622,43.3464],[-88.3261,43.35365],[-88.31872,43.35358],[-88.29877,43.35381],[-88.29858,43.36953],[-88.29762,43.36952],[-88.29049,43.35809],[-88.27894,43.36936],[-88.27796,43.36934],[-88.26398,43.36934]]]}},{"type":"Feature","properties":{"zcta":"53129","d":1443},"geometry":{"type":"Polygon","coordinates":[[[-88.02427,42.95359],[-88.01826,42.95415],[-88.01704,42.9529],[-88.01103,42.95291],[-88.00841,42.95201],[-88.00844,42.95081],[-87.99856,42.95088],[-87.99854,42.95207],[-87.98864,42.95213],[-87.98868,42.94928],[-87.9852,42.94932],[-87.98301,42.94746],[-87.97893,42.9509],[-87.97877,42.94615],[-87.97628,42.94613],[-87.9763,42.94489],[-87.97268,42.94489],[-87.9728,42.94021],[-87.96895,42.9402],[-87.96901,42.93814],[-87.96657,42.93764],[-87.96668,42.934],[-87.96913,42.93403],[-87.96919,42.92841],[-87.96926,42.92698],[-87.97918,42.92688],[-87.97922,42.92562],[-87.98905,42.9255],[-87.98911,42.92314],[-88.003,42.92329],[-88.00655,42.92132],[-88.00904,42.92192],[-88.00897,42.92479],[-88.01638,42.92478],[-88.01846,42.92522],[-88.02091,42.92733],[-88.02044,42.93088],[-88.02856,42.93055],[-88.0284,42.94239],[-88.02585,42.9424],[-88.02581,42.94414],[-88.02836,42.94475],[-88.02897,42.94993],[-88.02427,42.95359]]]}},{"type":"Feature","properties":{"zcta":"53130","d":1284},"geometry":{"type":"Polygon","coordinates":[[[-88.06929,42.95237],[-88.04675,42.95243],[-88.04385,42.95206],[-88.03814,42.95249],[-88.03812,42.95345],[-88.03319,42.95127],[-88.03372,42.94956],[-88.03161,42.94819],[-88.02897,42.94993],[-88.02836,42.94475],[-88.02581,42.94414],[-88.02585,42.9424],[-88.0284,42.94239],[-88.02856,42.93055],[-88.03852,42.93024],[-88.03879,42.92844],[-88.04547,42.92838],[-88.0468,42.93017],[-88.0695,42.92996],[-88.06944,42.93318],[-88.06929,42.95237]]]}},{"type":"Feature","properties":{"zcta":"53074","d":224},"geometry":{"type":"Polygon","coordinates":[[[-87.87324,43.45584],[-87.87248,43.45889],[-87.87039,43.46092],[-87.87,43.46582],[-87.87054,43.46682],[-87.86944,43.47021],[-87.86288,43.47037],[-87.85884,43.4849],[-87.84035,43.48492],[-87.84076,43.4815],[-87.84043,43.47035],[-87.81807,43.47043],[-87.81795,43.46321],[-87.80702,43.46324],[-87.80379,43.46417],[-87.80401,43.46337],[-87.81194,43.45464],[-87.81255,43.45042],[-87.8167,43.44826],[-87.82732,43.43485],[-87.85561,43.40544],[-87.86505,43.39357],[-87.86564,43.39038],[-87.8696,43.38719],[-87.86842,43.38489],[-87.8725,43.38018],[-87.87586,43.37274],[-87.87947,43.37269],[-87.88157,43.36859],[-87.8993,43.3684],[-87.901,43.36816],[-87.89892,43.37062],[-87.90025,43.37223],[-87.90039,43.37475],[-87.9047,43.37234],[-87.91034,43.37207],[-87.91044,43.37572],[-87.92035,43.37564],[-87.92045,43.37886],[-87.92071,43.39629],[-87.92262,43.39735],[-87.92669,43.3973],[-87.92796,43.39179],[-87.92967,43.39174],[-87.9308,43.39638],[-87.93071,43.39249],[-87.93651,43.39239],[-87.94021,43.3917],[-87.93734,43.40196],[-87.93876,43.40605],[-87.93977,43.40683],[-87.9391,43.40683],[-87.94116,43.41153],[-87.94167,43.41683],[-87.94025,43.41982],[-87.94116,43.42199],[-87.94111,43.44062],[-87.94046,43.4556],[-87.92053,43.45584],[-87.87324,43.45584]]]}},{"type":"Feature","properties":{"zcta":"53076","d":90},"geometry":{"type":"Polygon","coordinates":[[[-88.19749,43.29534],[-88.19773,43.29141],[-88.18672,43.29145],[-88.18578,43.28377],[-88.18162,43.28376],[-88.17682,43.28255],[-88.17682,43.28435],[-88.16694,43.28342],[-88.16203,43.2834],[-88.16203,43.28062],[-88.12281,43.27996],[-88.12309,43.27216],[-88.12316,43.26851],[-88.13285,43.26821],[-88.13271,43.266],[-88.12407,43.25745],[-88.14301,43.25727],[-88.14298,43.25367],[-88.14051,43.25369],[-88.1405,43.25006],[-88.14295,43.25005],[-88.1429,43.23558],[-88.1625,43.23585],[-88.16249,43.24291],[-88.17067,43.24454],[-88.18213,43.2479],[-88.18596,43.25036],[-88.18583,43.24712],[-88.18804,43.24714],[-88.18802,43.24913],[-88.18974,43.25076],[-88.21514,43.25093],[-88.21587,43.24368],[-88.22796,43.2438],[-88.22984,43.24656],[-88.23046,43.2511],[-88.24873,43.25127],[-88.24863,43.25488],[-88.25174,43.25486],[-88.25171,43.25735],[-88.25502,43.25606],[-88.25911,43.25565],[-88.26504,43.25575],[-88.26973,43.2541],[-88.27105,43.25286],[-88.2724,43.25762],[-88.2747,43.25785],[-88.27556,43.26034],[-88.27841,43.26204],[-88.29142,43.26209],[-88.29082,43.26703],[-88.28996,43.26692],[-88.29014,43.28133],[-88.30043,43.28135],[-88.30034,43.28491],[-88.29071,43.28501],[-88.29076,43.28857],[-88.28576,43.28857],[-88.28576,43.29059],[-88.28079,43.29055],[-88.28064,43.29575],[-88.27288,43.29569],[-88.26958,43.29108],[-88.26319,43.28974],[-88.25915,43.2924],[-88.2544,43.2915],[-88.25122,43.28989],[-88.25099,43.28345],[-88.24994,43.28111],[-88.24133,43.28104],[-88.24094,43.30387],[-88.23252,43.30232],[-88.22896,43.30111],[-88.22113,43.29542],[-88.21028,43.29536],[-88.19749,43.29534]]]}},{"type":"Feature","properties":{"zcta":"53202","d":7273},"geometry":{"type":"Polygon","coordinates":[[[-87.91272,43.04756],[-87.90667,43.05276],[-87.90117,43.05669],[-87.89471,43.05796],[-87.89364,43.06017],[-87.89283,43.06153],[-87.89049,43.06014],[-87.88219,43.06011],[-87.87937,43.05941],[-87.87688,43.05739],[-87.88234,43.0531],[-87.88641,43.05209],[-87.89063,43.04842],[-87.895,43.04254],[-87.8967,43.03782],[-87.89829,43.02994],[-87.89853,43.02513],[-87.90238,43.02513],[-87.90499,43.02797],[-87.91081,43.03206],[-87.90995,43.03685],[-87.91046,43.03936],[-87.91314,43.04301],[-87.91338,43.0457],[-87.91272,43.04756]]]}},{"type":"Feature","properties":{"zcta":"53188","d":660},"geometry":{"type":"Polygon","coordinates":[[[-88.36534,43.02465],[-88.3642,43.02557],[-88.36538,43.02835],[-88.36342,43.03436],[-88.35778,43.03654],[-88.35635,43.0385],[-88.35808,43.03863],[-88.35622,43.04108],[-88.35933,43.04172],[-88.35934,43.04319],[-88.34955,43.04316],[-88.35265,43.04364],[-88.35265,43.0456],[-88.34954,43.04561],[-88.34948,43.04838],[-88.34054,43.04938],[-88.34038,43.04834],[-88.32962,43.04678],[-88.32725,43.04837],[-88.32318,43.04975],[-88.32314,43.0481],[-88.31869,43.048],[-88.31786,43.04661],[-88.31139,43.0465],[-88.31052,43.04358],[-88.30448,43.04132],[-88.30431,43.04977],[-88.29974,43.05028],[-88.30053,43.04791],[-88.2983,43.04727],[-88.29378,43.04728],[-88.29163,43.04573],[-88.29007,43.04655],[-88.28565,43.04667],[-88.2856,43.04914],[-88.2709,43.04645],[-88.26204,43.04691],[-88.25799,43.04937],[-88.25635,43.04962],[-88.25612,43.04672],[-88.27001,43.04576],[-88.26332,43.04056],[-88.26047,43.03938],[-88.25595,43.03951],[-88.25601,43.04241],[-88.25357,43.04291],[-88.25177,43.04485],[-88.24904,43.04543],[-88.24369,43.04457],[-88.24255,43.04335],[-88.23571,43.0427],[-88.23564,43.0468],[-88.23664,43.04799],[-88.23126,43.04891],[-88.22571,43.04923],[-88.22567,43.05398],[-88.23009,43.05386],[-88.23321,43.05614],[-88.23186,43.05765],[-88.22926,43.05694],[-88.22541,43.05719],[-88.22495,43.06849],[-88.2128,43.06223],[-88.21277,43.06422],[-88.20585,43.06424],[-88.20607,43.05578],[-88.20788,43.04793],[-88.21109,43.04867],[-88.2255,43.04904],[-88.22564,43.04618],[-88.22361,43.04838],[-88.21907,43.04806],[-88.21576,43.04659],[-88.21589,43.0385],[-88.21267,43.03808],[-88.21045,43.04205],[-88.20922,43.04121],[-88.21202,43.03844],[-88.2128,43.03583],[-88.21656,43.03194],[-88.22017,43.02633],[-88.22133,43.02247],[-88.22289,43.02002],[-88.23017,43.01301],[-88.23193,43.01273],[-88.2369,43.01019],[-88.24284,43.00522],[-88.24929,43.00308],[-88.25353,43.00092],[-88.25511,42.99896],[-88.25201,42.99751],[-88.25457,42.99432],[-88.261,42.99318],[-88.26469,42.98973],[-88.26496,42.98846],[-88.26896,42.98848],[-88.2701,42.99046],[-88.27202,42.99049],[-88.27334,42.98851],[-88.28887,42.98858],[-88.3055,42.98817],[-88.30548,42.98941],[-88.31633,42.98803],[-88.34038,42.98804],[-88.36123,42.98826],[-88.36704,42.99155],[-88.37333,42.99204],[-88.38,42.98854],[-88.38393,42.99187],[-88.37914,42.9919],[-88.37551,42.99626],[-88.37357,42.99566],[-88.37047,42.99694],[-88.36637,42.99697],[-88.36604,42.99916],[-88.35966,42.99911],[-88.35974,42.99548],[-88.35485,42.99541],[-88.35472,42.99899],[-88.3585,43.00272],[-88.34966,43.00261],[-88.34472,43.00304],[-88.34468,43.00436],[-88.34223,43.00435],[-88.34218,43.00616],[-88.33971,43.00616],[-88.33963,43.00979],[-88.35446,43.01045],[-88.35418,43.01457],[-88.35933,43.01475],[-88.35927,43.01737],[-88.36923,43.01737],[-88.36921,43.02462],[-88.36534,43.02465]]]}},{"type":"Feature","properties":{"zcta":"53146","d":216},"geometry":{"type":"Polygon","coordinates":[[[-88.18869,42.93745],[-88.18726,42.98777],[-88.18698,42.99979],[-88.18625,43.0173],[-88.16641,43.01716],[-88.14677,43.01717],[-88.1282,43.01695],[-88.12703,43.01692],[-88.12747,43.00539],[-88.1301,43.00409],[-88.12758,43.00331],[-88.12779,42.99884],[-88.13085,42.99885],[-88.13101,42.99548],[-88.12801,42.99404],[-88.13315,42.99302],[-88.12899,42.98947],[-88.1294,42.98691],[-88.12823,42.98663],[-88.12861,42.96988],[-88.12887,42.94042],[-88.13133,42.93903],[-88.13133,42.9358],[-88.12888,42.93536],[-88.12893,42.93182],[-88.13232,42.93182],[-88.13235,42.93002],[-88.15889,42.93001],[-88.15891,42.92802],[-88.16138,42.92698],[-88.16153,42.92336],[-88.16903,42.92348],[-88.17081,42.92468],[-88.17383,42.92328],[-88.18889,42.92286],[-88.1889,42.92444],[-88.18869,42.93745]]]}},{"type":"Feature","properties":{"zcta":"53204","d":4691},"geometry":{"type":"Polygon","coordinates":[[[-87.94777,43.03],[-87.94341,43.02886],[-87.93301,43.02712],[-87.92246,43.02735],[-87.92254,43.02841],[-87.91819,43.02953],[-87.9159,43.03],[-87.91499,43.03294],[-87.91081,43.03206],[-87.90499,43.02797],[-87.90238,43.02513],[-87.90473,43.02296],[-87.90239,43.01755],[-87.90591,43.01007],[-87.90887,43.00782],[-87.91361,43.00755],[-87.91427,43.00649],[-87.9187,43.00647],[-87.93437,43.00657],[-87.93537,43.00816],[-87.93678,43.00661],[-87.94138,43.00718],[-87.94654,43.00674],[-87.94787,43.00858],[-87.9473,43.01415],[-87.9471,43.02111],[-87.94778,43.0222],[-87.94778,43.02836],[-87.94777,43.03]]]}},{"type":"Feature","properties":{"zcta":"53206","d":2862},"geometry":{"type":"Polygon","coordinates":[[[-87.94609,43.06473],[-87.94742,43.06581],[-87.94676,43.06854],[-87.94687,43.07522],[-87.9464,43.08979],[-87.9196,43.08933],[-87.921,43.08829],[-87.91973,43.08554],[-87.91985,43.08162],[-87.92086,43.08017],[-87.9208,43.07118],[-87.91979,43.07118],[-87.91987,43.06394],[-87.92088,43.06027],[-87.92411,43.06084],[-87.92768,43.06039],[-87.93886,43.0605],[-87.94135,43.06251],[-87.94501,43.06239],[-87.94751,43.0606],[-87.94748,43.06242],[-87.94609,43.06473]]]}},{"type":"Feature","properties":{"zcta":"53207","d":1875},"geometry":{"type":"Polygon","coordinates":[[[-87.91884,42.99954],[-87.91819,43.00607],[-87.9187,43.00647],[-87.91427,43.00649],[-87.91361,43.00755],[-87.90887,43.00782],[-87.90591,43.01007],[-87.90239,43.01755],[-87.90473,43.02296],[-87.90238,43.02513],[-87.89853,43.02513],[-87.89748,43.02009],[-87.89161,43.00704],[-87.88801,43.00221],[-87.87868,42.99242],[-87.86934,42.98692],[-87.87144,42.98673],[-87.87452,42.98448],[-87.8747,42.98051],[-87.88881,42.98058],[-87.88883,42.97874],[-87.88708,42.9783],[-87.88652,42.9719],[-87.89073,42.97179],[-87.88955,42.97075],[-87.89291,42.97082],[-87.89181,42.97328],[-87.894,42.97319],[-87.89406,42.96619],[-87.88961,42.9643],[-87.88968,42.95924],[-87.88325,42.95913],[-87.88327,42.95683],[-87.88512,42.94458],[-87.88768,42.93003],[-87.88913,42.92269],[-87.89068,42.9227],[-87.89033,42.93004],[-87.91789,42.93018],[-87.91914,42.93686],[-87.9232,42.93672],[-87.92392,42.93809],[-87.92227,42.94229],[-87.91955,42.94481],[-87.91923,42.98161],[-87.91884,42.99954]]]}},{"type":"Feature","properties":{"zcta":"53208","d":3104},"geometry":{"type":"Polygon","coordinates":[[[-87.96111,43.06062],[-87.95989,43.06244],[-87.95749,43.06245],[-87.95752,43.06062],[-87.95529,43.06061],[-87.95526,43.06245],[-87.953,43.06245],[-87.95308,43.06061],[-87.95108,43.06061],[-87.95119,43.06245],[-87.94748,43.06242],[-87.94751,43.0606],[-87.94776,43.05005],[-87.94689,43.0463],[-87.94778,43.04453],[-87.94777,43.03],[-87.94778,43.02836],[-87.9577,43.02525],[-87.95965,43.02454],[-87.96569,43.02503],[-87.96759,43.0331],[-87.97023,43.03356],[-87.97872,43.03122],[-87.97876,43.03668],[-87.98382,43.03662],[-87.98398,43.03879],[-87.98109,43.04101],[-87.98114,43.04262],[-87.98752,43.04219],[-87.98756,43.05341],[-87.98837,43.05691],[-87.98754,43.0607],[-87.96111,43.06062]]]}},{"type":"Feature","properties":{"zcta":"53153","d":330},"geometry":{"type":"Polygon","coordinates":[[[-88.40543,42.94495],[-88.38564,42.94485],[-88.38563,42.94582],[-88.37986,42.95032],[-88.37675,42.9543],[-88.37519,42.95756],[-88.37048,42.95782],[-88.36871,42.95967],[-88.37037,42.96124],[-88.36998,42.96353],[-88.36387,42.96418],[-88.36007,42.95794],[-88.36208,42.95668],[-88.37363,42.9461],[-88.37853,42.94333],[-88.37854,42.94263],[-88.37252,42.94267],[-88.37466,42.94494],[-88.3707,42.94638],[-88.3709,42.94097],[-88.37363,42.93947],[-88.37859,42.9386],[-88.38077,42.93757],[-88.3808,42.93601],[-88.37532,42.93613],[-88.37595,42.93409],[-88.38083,42.93411],[-88.38094,42.93301],[-88.37598,42.93299],[-88.376,42.93119],[-88.38097,42.93121],[-88.3838,42.93041],[-88.38309,42.92763],[-88.38771,42.92531],[-88.38772,42.92743],[-88.39574,42.92747],[-88.39584,42.93043],[-88.40079,42.93043],[-88.40059,42.9242],[-88.40555,42.9242],[-88.41048,42.92526],[-88.41059,42.93032],[-88.41293,42.9304],[-88.42449,42.92366],[-88.42454,42.93043],[-88.4345,42.93032],[-88.43461,42.93368],[-88.4358,42.93541],[-88.43469,42.93764],[-88.43217,42.93765],[-88.43146,42.94218],[-88.43964,42.94217],[-88.43897,42.94833],[-88.43021,42.94865],[-88.42645,42.94951],[-88.42034,42.95007],[-88.41997,42.95164],[-88.41682,42.95232],[-88.40524,42.95219],[-88.40543,42.94495]]]}},{"type":"Feature","properties":{"zcta":"53213","d":3290},"geometry":{"type":"Polygon","coordinates":[[[-88.00744,43.06762],[-88.00744,43.06805],[-87.99587,43.06803],[-87.9921,43.06618],[-87.99087,43.06804],[-87.98861,43.06804],[-87.98754,43.0607],[-87.98837,43.05691],[-87.98756,43.05341],[-87.98752,43.04219],[-87.98114,43.04262],[-87.98109,43.04101],[-87.98398,43.03879],[-87.98382,43.03662],[-87.98472,43.03316],[-87.98658,43.0305],[-87.99739,43.0303],[-87.99979,43.03145],[-88.01228,43.03142],[-88.01232,43.03392],[-88.01388,43.03422],[-88.01623,43.03133],[-88.01827,43.03363],[-88.0174,43.03601],[-88.01749,43.04321],[-88.01916,43.04291],[-88.0206,43.04455],[-88.02038,43.04837],[-88.01658,43.04934],[-88.01014,43.04921],[-88.00991,43.0503],[-88.01843,43.05144],[-88.01676,43.05282],[-88.01677,43.06262],[-88.01745,43.06744],[-88.00744,43.06762]]]}},{"type":"Feature","properties":{"zcta":"53017","d":169},"geometry":{"type":"Polygon","coordinates":[[[-88.3158,43.21565],[-88.31321,43.21721],[-88.31375,43.21887],[-88.31094,43.21997],[-88.30865,43.2227],[-88.30229,43.21932],[-88.30072,43.2193],[-88.30105,43.23432],[-88.29971,43.23311],[-88.29429,43.23157],[-88.2908,43.23198],[-88.28778,43.23077],[-88.28584,43.23128],[-88.28937,43.22257],[-88.27671,43.22231],[-88.27655,43.21504],[-88.27444,43.21507],[-88.27336,43.21679],[-88.26791,43.2166],[-88.2664,43.2189],[-88.2617,43.21882],[-88.26177,43.22535],[-88.25467,43.22543],[-88.2546,43.22228],[-88.25078,43.22226],[-88.25066,43.22355],[-88.24404,43.22387],[-88.24253,43.22219],[-88.23619,43.22157],[-88.23295,43.22207],[-88.22176,43.22195],[-88.22178,43.21476],[-88.21785,43.21472],[-88.21684,43.21128],[-88.21186,43.21171],[-88.21166,43.21727],[-88.20406,43.21714],[-88.20341,43.21515],[-88.19637,43.21924],[-88.19093,43.21419],[-88.18217,43.21444],[-88.18219,43.21987],[-88.18019,43.21993],[-88.18019,43.218],[-88.1772,43.21795],[-88.17733,43.20703],[-88.17373,43.20702],[-88.1737,43.2088],[-88.1649,43.20827],[-88.16488,43.2091],[-88.15718,43.20622],[-88.16107,43.20251],[-88.16221,43.20042],[-88.16252,43.19488],[-88.16202,43.19227],[-88.18424,43.19261],[-88.18429,43.19086],[-88.18942,43.19147],[-88.18966,43.19265],[-88.20415,43.19292],[-88.20716,43.19229],[-88.20734,43.18706],[-88.21224,43.18711],[-88.21247,43.18443],[-88.21733,43.18443],[-88.21719,43.18808],[-88.22209,43.18812],[-88.22318,43.18666],[-88.22713,43.18912],[-88.23263,43.18733],[-88.23689,43.18938],[-88.24123,43.19006],[-88.24717,43.1899],[-88.25252,43.18895],[-88.26002,43.18422],[-88.25983,43.18106],[-88.26219,43.18006],[-88.26196,43.18499],[-88.29185,43.18482],[-88.29146,43.1932],[-88.31989,43.19298],[-88.32,43.18871],[-88.32268,43.18873],[-88.32274,43.18612],[-88.32432,43.18611],[-88.32433,43.1887],[-88.33492,43.18858],[-88.33334,43.19293],[-88.33811,43.19293],[-88.33986,43.19571],[-88.33865,43.19812],[-88.33765,43.19715],[-88.33388,43.19854],[-88.32695,43.20528],[-88.32951,43.20687],[-88.32824,43.20783],[-88.32635,43.21315],[-88.32089,43.21554],[-88.3158,43.21565]]]}},{"type":"Feature","properties":{"zcta":"53021","d":72},"geometry":{"type":"Polygon","coordinates":[[[-88.06396,43.52913],[-88.06271,43.53041],[-88.06054,43.52997],[-88.0536,43.53684],[-88.05354,43.5387],[-88.05549,43.54077],[-88.05553,43.54236],[-88.05094,43.54237],[-88.05091,43.54891],[-88.04499,43.54986],[-88.0407,43.55286],[-88.04053,43.54236],[-87.98088,43.5427],[-87.98086,43.52779],[-87.95349,43.52821],[-87.95199,43.52377],[-87.95322,43.48455],[-87.94091,43.48473],[-87.94058,43.47017],[-87.93812,43.46997],[-87.93407,43.46763],[-87.92052,43.46237],[-87.92053,43.45584],[-87.94046,43.4556],[-87.94111,43.44062],[-87.94116,43.42199],[-87.94025,43.41982],[-87.94167,43.41683],[-87.94116,43.41153],[-87.9391,43.40683],[-87.93977,43.40683],[-87.94045,43.4068],[-87.94307,43.41116],[-87.94223,43.41493],[-87.94252,43.41925],[-87.94544,43.4225],[-87.94929,43.42467],[-87.95236,43.42555],[-87.95569,43.42919],[-87.95822,43.4299],[-87.96386,43.43031],[-87.96834,43.43299],[-87.97122,43.43749],[-87.97137,43.44259],[-87.97205,43.44489],[-87.97182,43.44992],[-87.96935,43.45392],[-87.9674,43.4555],[-87.96795,43.46169],[-87.96732,43.46662],[-87.97319,43.468],[-87.97515,43.46964],[-87.98042,43.46967],[-88.00157,43.46921],[-88.00136,43.46379],[-88.00728,43.46361],[-88.00734,43.46189],[-88.0279,43.46181],[-88.02794,43.46725],[-88.03042,43.46724],[-88.03046,43.46906],[-88.04076,43.46906],[-88.04086,43.45953],[-88.04435,43.45735],[-88.04711,43.45778],[-88.04844,43.46033],[-88.0509,43.46047],[-88.05288,43.46304],[-88.05153,43.46531],[-88.05397,43.46911],[-88.06082,43.46914],[-88.06082,43.48285],[-88.06372,43.48319],[-88.06501,43.48563],[-88.0671,43.48635],[-88.07072,43.4858],[-88.07635,43.48797],[-88.07735,43.48947],[-88.07059,43.49827],[-88.06814,43.49931],[-88.0681,43.50188],[-88.0656,43.50188],[-88.06549,43.51033],[-88.06053,43.5092],[-88.0604,43.52725],[-88.06349,43.52729],[-88.06396,43.52913]]]}},{"type":"Feature","properties":{"zcta":"53186","d":1320},"geometry":{"type":"Polygon","coordinates":[[[-88.24284,43.00522],[-88.2369,43.01019],[-88.23193,43.01273],[-88.23017,43.01301],[-88.22289,43.02002],[-88.22133,43.02247],[-88.22017,43.02633],[-88.21656,43.03194],[-88.2128,43.03583],[-88.21202,43.03844],[-88.20922,43.04121],[-88.21045,43.04205],[-88.21267,43.03808],[-88.21589,43.0385],[-88.21576,43.04659],[-88.21907,43.04806],[-88.22361,43.04838],[-88.22564,43.04618],[-88.2255,43.04904],[-88.21109,43.04867],[-88.20788,43.04793],[-88.20607,43.05578],[-88.20585,43.06424],[-88.20562,43.0739],[-88.19872,43.07364],[-88.1974,43.07527],[-88.18588,43.07514],[-88.18583,43.0536],[-88.17671,43.05363],[-88.17651,43.05114],[-88.18509,43.05056],[-88.18582,43.04915],[-88.17957,43.04553],[-88.17306,43.03928],[-88.16685,43.03853],[-88.16696,43.03323],[-88.16662,43.01789],[-88.16641,43.01716],[-88.18625,43.0173],[-88.18698,42.99979],[-88.18726,42.98777],[-88.19092,42.98774],[-88.19246,42.98687],[-88.19472,42.98904],[-88.19497,42.98767],[-88.20636,42.98626],[-88.20882,42.98648],[-88.21426,42.9885],[-88.22108,42.98837],[-88.22111,42.99391],[-88.22704,42.99342],[-88.22718,42.9884],[-88.23902,42.98826],[-88.23853,42.99008],[-88.24593,42.9901],[-88.24976,42.99127],[-88.24903,42.99627],[-88.24929,43.00308],[-88.24284,43.00522]]]}},{"type":"Feature","properties":{"zcta":"53004","d":52},"geometry":{"type":"Polygon","coordinates":[[[-87.9209,43.52878],[-87.92105,43.54338],[-87.9166,43.5434],[-87.9137,43.54053],[-87.91309,43.53846],[-87.91525,43.53146],[-87.91674,43.52879],[-87.9007,43.52875],[-87.901,43.54341],[-87.84088,43.54308],[-87.8407,43.5342],[-87.84321,43.52857],[-87.84067,43.52854],[-87.8407,43.51402],[-87.80097,43.5139],[-87.80105,43.48477],[-87.79553,43.48483],[-87.80093,43.47439],[-87.80379,43.46417],[-87.80702,43.46324],[-87.81795,43.46321],[-87.81807,43.47043],[-87.84043,43.47035],[-87.84076,43.4815],[-87.84035,43.48492],[-87.85884,43.4849],[-87.86288,43.47037],[-87.86944,43.47021],[-87.87054,43.46682],[-87.87,43.46582],[-87.87039,43.46092],[-87.87248,43.45889],[-87.87324,43.45584],[-87.92053,43.45584],[-87.92052,43.46237],[-87.93407,43.46763],[-87.93812,43.46997],[-87.94058,43.47017],[-87.94091,43.48473],[-87.95322,43.48455],[-87.95199,43.52377],[-87.95349,43.52821],[-87.9209,43.52878]]]}},{"type":"Feature","properties":{"zcta":"53215","d":4259},"geometry":{"type":"MultiPolygon","coordinates":[[[[-87.96641,43.01226],[-87.96272,43.01231],[-87.96269,43.01325],[-87.96655,43.01323],[-87.96751,43.01431],[-87.96682,43.01685],[-87.96688,43.02206],[-87.96444,43.02398],[-87.95769,43.02422],[-87.9577,43.02525],[-87.94778,43.02836],[-87.94778,43.0222],[-87.9471,43.02111],[-87.9473,43.01415],[-87.94787,43.00858],[-87.94654,43.00674],[-87.94138,43.00718],[-87.93678,43.00661],[-87.93537,43.00816],[-87.93437,43.00657],[-87.9187,43.00647],[-87.91819,43.00607],[-87.91884,42.99954],[-87.91923,42.98161],[-87.92411,42.98105],[-87.94051,42.98117],[-87.94048,42.98383],[-87.94173,42.98169],[-87.94427,42.98121],[-87.96312,42.98119],[-87.96304,42.98572],[-87.96794,42.98573],[-87.96781,42.99566],[-87.96395,42.99746],[-87.96102,42.99622],[-87.95939,42.99417],[-87.95837,42.99472],[-87.95865,42.9975],[-87.96586,43.00049],[-87.96648,43.00292],[-87.96633,43.01016],[-87.96641,43.01226]]],[[[-87.975,43.0052],[-87.97344,43.00837],[-87.96791,43.0078],[-87.96771,43.00291],[-87.97477,43.0029],[-87.97757,43.00385],[-87.975,43.0052]]]]}},{"type":"Feature","properties":{"zcta":"53217","d":1046},"geometry":{"type":"Polygon","coordinates":[[[-87.91411,43.19208],[-87.89893,43.1922],[-87.89858,43.19413],[-87.90034,43.19666],[-87.89976,43.19752],[-87.89625,43.19706],[-87.88759,43.18661],[-87.88108,43.17061],[-87.8851,43.16198],[-87.89228,43.14871],[-87.90028,43.13731],[-87.90138,43.13321],[-87.90048,43.12591],[-87.89848,43.12108],[-87.89318,43.11401],[-87.88288,43.10497],[-87.88498,43.10384],[-87.91696,43.10413],[-87.91687,43.10335],[-87.91821,43.10304],[-87.92501,43.10209],[-87.92728,43.10621],[-87.93085,43.10735],[-87.92758,43.11052],[-87.92386,43.11153],[-87.92343,43.11554],[-87.92001,43.1187],[-87.91508,43.12478],[-87.91929,43.1257],[-87.923,43.12535],[-87.92799,43.13192],[-87.92746,43.13773],[-87.92467,43.13606],[-87.92106,43.13989],[-87.92199,43.14176],[-87.92674,43.14375],[-87.92817,43.14551],[-87.9281,43.14792],[-87.92961,43.14993],[-87.92986,43.15222],[-87.93492,43.1581],[-87.93513,43.15903],[-87.94067,43.1592],[-87.94646,43.16024],[-87.94648,43.15972],[-87.95702,43.16835],[-87.96098,43.17017],[-87.96293,43.17259],[-87.96271,43.17433],[-87.95961,43.17431],[-87.95871,43.17649],[-87.95578,43.17822],[-87.95538,43.18121],[-87.95862,43.18585],[-87.96083,43.18804],[-87.96093,43.18987],[-87.95925,43.19241],[-87.91411,43.19208]]]}},{"type":"Feature","properties":{"zcta":"53218","d":2763},"geometry":{"type":"Polygon","coordinates":[[[-88.01561,43.13516],[-88.01072,43.13412],[-87.96598,43.13393],[-87.96601,43.13224],[-87.98354,43.13199],[-87.96764,43.1178],[-87.96642,43.11151],[-87.97018,43.1109],[-87.97022,43.1083],[-87.96703,43.1083],[-87.9675,43.10331],[-87.96699,43.09685],[-87.97185,43.09635],[-87.9734,43.0972],[-87.98303,43.09724],[-87.98425,43.09606],[-87.98677,43.09726],[-87.99691,43.09726],[-87.99762,43.0968],[-88.00635,43.09673],[-88.00637,43.09721],[-88.0161,43.09665],[-88.01741,43.09709],[-88.01669,43.0976],[-88.01765,43.1062],[-88.01601,43.1069],[-88.01507,43.11224],[-88.01595,43.11458],[-88.01592,43.11957],[-88.01206,43.11957],[-88.01567,43.12274],[-88.01565,43.13411],[-88.01561,43.13516]]]}},{"type":"Feature","properties":{"zcta":"53118","d":97},"geometry":{"type":"Polygon","coordinates":[[[-88.5406,43.01069],[-88.50727,43.01202],[-88.50588,43.01253],[-88.49867,43.01302],[-88.49806,43.01537],[-88.49635,43.01601],[-88.49804,43.01745],[-88.49537,43.01857],[-88.4946,43.02081],[-88.49013,43.02132],[-88.49008,43.01852],[-88.4813,43.01844],[-88.48081,43.02084],[-88.47364,43.01984],[-88.47348,43.02449],[-88.47222,43.02516],[-88.47191,43.03296],[-88.46227,43.03282],[-88.46239,43.01826],[-88.44254,43.01815],[-88.45,43.01065],[-88.45437,43.01045],[-88.45803,43.01146],[-88.4585,43.00941],[-88.45753,43.00383],[-88.45588,43.00152],[-88.45921,43.00017],[-88.45851,42.99586],[-88.46014,42.99622],[-88.45998,42.99387],[-88.45862,42.99227],[-88.45867,42.98846],[-88.45372,42.98834],[-88.45381,42.98473],[-88.44884,42.98462],[-88.44886,42.9823],[-88.45087,42.98076],[-88.44648,42.97871],[-88.44407,42.97868],[-88.44395,42.98296],[-88.44158,42.98221],[-88.43529,42.98373],[-88.43138,42.98368],[-88.4226,42.98568],[-88.42169,42.98863],[-88.41886,42.98862],[-88.41877,42.99828],[-88.41497,42.99824],[-88.41519,43.00035],[-88.41366,43.00032],[-88.41444,43.00313],[-88.42078,43.00318],[-88.41815,43.00407],[-88.41835,43.00556],[-88.41597,43.00599],[-88.41467,43.00474],[-88.41119,43.00615],[-88.40724,43.00683],[-88.40376,43.01469],[-88.39851,43.01281],[-88.3888,43.01071],[-88.38769,43.01001],[-88.39385,43.01061],[-88.39154,43.00913],[-88.39159,43.00642],[-88.39885,43.00651],[-88.39962,43.00106],[-88.40277,43.00113],[-88.40281,42.99954],[-88.39404,42.99919],[-88.39413,42.99199],[-88.38912,42.99192],[-88.38917,42.98829],[-88.399,42.98837],[-88.39913,42.98476],[-88.39151,42.98469],[-88.39432,42.97812],[-88.40465,42.96693],[-88.40524,42.95219],[-88.41682,42.95232],[-88.41997,42.95164],[-88.42034,42.95007],[-88.42645,42.94951],[-88.43021,42.94865],[-88.43897,42.94833],[-88.43964,42.94217],[-88.44324,42.94265],[-88.45606,42.94285],[-88.45829,42.94219],[-88.46466,42.93618],[-88.46649,42.93565],[-88.46451,42.93232],[-88.4662,42.93039],[-88.48952,42.93049],[-88.49836,42.92929],[-88.5017,42.92569],[-88.50505,42.92327],[-88.50884,42.92241],[-88.50934,42.92526],[-88.51239,42.92455],[-88.51242,42.92635],[-88.52993,42.92642],[-88.53586,42.92819],[-88.54206,42.92704],[-88.54203,42.93094],[-88.56176,42.93084],[-88.56179,42.94979],[-88.56142,42.95099],[-88.55625,42.95974],[-88.56911,42.95985],[-88.56896,42.9671],[-88.57001,42.96711],[-88.56966,42.97445],[-88.56133,42.97452],[-88.56122,42.99159],[-88.55652,42.99297],[-88.55627,42.99788],[-88.55558,42.99955],[-88.55042,43.00253],[-88.54405,43.00382],[-88.54335,43.00617],[-88.54171,43.0072],[-88.5406,43.01069]]]}},{"type":"Feature","properties":{"zcta":"53119","d":78},"geometry":{"type":"Polygon","coordinates":[[[-88.53586,42.92819],[-88.52993,42.92642],[-88.51242,42.92635],[-88.51239,42.92455],[-88.50934,42.92526],[-88.50884,42.92241],[-88.50505,42.92327],[-88.5017,42.92569],[-88.49836,42.92929],[-88.48952,42.93049],[-88.4662,42.93039],[-88.46451,42.93232],[-88.46649,42.93565],[-88.46466,42.93618],[-88.45829,42.94219],[-88.45606,42.94285],[-88.44324,42.94265],[-88.43964,42.94217],[-88.43146,42.94218],[-88.43217,42.93765],[-88.43469,42.93764],[-88.4358,42.93541],[-88.43461,42.93368],[-88.4345,42.93032],[-88.42454,42.93043],[-88.42449,42.92366],[-88.41293,42.9304],[-88.41059,42.93032],[-88.41048,42.92526],[-88.40555,42.9242],[-88.40543,42.91984],[-88.4074,42.9151],[-88.42443,42.91513],[-88.42432,42.90117],[-88.42894,42.90123],[-88.42795,42.89265],[-88.42457,42.88676],[-88.42427,42.87876],[-88.42272,42.87842],[-88.42423,42.87527],[-88.42414,42.86731],[-88.42825,42.86664],[-88.43143,42.85841],[-88.43505,42.85607],[-88.43521,42.84733],[-88.43669,42.84702],[-88.44256,42.84946],[-88.44133,42.84582],[-88.4442,42.8456],[-88.44139,42.84351],[-88.44298,42.84336],[-88.44481,42.84583],[-88.44634,42.84408],[-88.44835,42.8446],[-88.44909,42.84262],[-88.45031,42.84003],[-88.45055,42.83558],[-88.45368,42.83418],[-88.45418,42.83112],[-88.46279,42.83003],[-88.46476,42.83045],[-88.46978,42.83321],[-88.47249,42.82808],[-88.47248,42.82398],[-88.47819,42.82582],[-88.47952,42.82986],[-88.48011,42.8358],[-88.48329,42.83655],[-88.49831,42.83664],[-88.49779,42.84274],[-88.53076,42.84294],[-88.53961,42.83864],[-88.53736,42.8363],[-88.54218,42.83619],[-88.5571,42.82218],[-88.56689,42.82217],[-88.56663,42.82877],[-88.57163,42.82866],[-88.57139,42.83502],[-88.57634,42.83484],[-88.57605,42.8427],[-88.56621,42.84277],[-88.5664,42.85512],[-88.56606,42.85799],[-88.56526,42.85601],[-88.56004,42.85244],[-88.5417,42.85221],[-88.54205,42.86609],[-88.54217,42.87932],[-88.54206,42.92704],[-88.53586,42.92819]]]}},{"type":"Feature","properties":{"zcta":"53027","d":133},"geometry":{"type":"MultiPolygon","coordinates":[[[[-88.3067,43.24437],[-88.31098,43.24436],[-88.31095,43.24753],[-88.3041,43.24765],[-88.30393,43.24979],[-88.29725,43.2499],[-88.29725,43.24214],[-88.30019,43.23868],[-88.30107,43.24034],[-88.30685,43.24023],[-88.3067,43.24437]]],[[[-88.41064,43.4221],[-88.40718,43.42138],[-88.39583,43.42266],[-88.39568,43.41369],[-88.37599,43.41355],[-88.37268,43.41389],[-88.36421,43.4009],[-88.36112,43.40074],[-88.36056,43.39914],[-88.35705,43.39804],[-88.3528,43.39475],[-88.35145,43.3953],[-88.34594,43.39461],[-88.34355,43.39343],[-88.33703,43.39337],[-88.33563,43.39599],[-88.33339,43.39696],[-88.33103,43.3993],[-88.33045,43.40337],[-88.32909,43.40418],[-88.33212,43.4051],[-88.33325,43.40904],[-88.33661,43.41125],[-88.33898,43.41058],[-88.33939,43.41235],[-88.33589,43.41311],[-88.32113,43.39468],[-88.32096,43.40054],[-88.31602,43.40041],[-88.31602,43.40217],[-88.31112,43.40212],[-88.311,43.40031],[-88.30605,43.40022],[-88.30619,43.3984],[-88.30106,43.39834],[-88.30099,43.39167],[-88.30625,43.38611],[-88.30424,43.38392],[-88.28114,43.38391],[-88.2811,43.37853],[-88.27958,43.37694],[-88.27478,43.37662],[-88.27575,43.37341],[-88.27796,43.36934],[-88.27894,43.36936],[-88.29049,43.35809],[-88.29762,43.36952],[-88.29858,43.36953],[-88.29877,43.35381],[-88.31872,43.35358],[-88.3261,43.35365],[-88.32622,43.3464],[-88.32243,43.34637],[-88.32235,43.34201],[-88.31888,43.34188],[-88.31923,43.32875],[-88.31421,43.32976],[-88.31427,43.32817],[-88.30929,43.32823],[-88.30998,43.29953],[-88.31072,43.29684],[-88.31009,43.2936],[-88.31026,43.28158],[-88.30043,43.28135],[-88.29014,43.28133],[-88.28996,43.26692],[-88.29082,43.26703],[-88.29142,43.26209],[-88.30095,43.26212],[-88.30119,43.25127],[-88.31284,43.25116],[-88.31844,43.25009],[-88.32115,43.25101],[-88.3249,43.25103],[-88.32755,43.24976],[-88.33129,43.25106],[-88.33838,43.25109],[-88.34066,43.25008],[-88.34061,43.22928],[-88.31578,43.2292],[-88.31582,43.23116],[-88.31089,43.23685],[-88.31044,43.23834],[-88.30685,43.24023],[-88.30677,43.23196],[-88.31175,43.23194],[-88.31163,43.22039],[-88.31517,43.22046],[-88.31516,43.21782],[-88.3209,43.21788],[-88.32089,43.21554],[-88.32635,43.21315],[-88.32824,43.20783],[-88.32951,43.20687],[-88.32695,43.20528],[-88.33388,43.19854],[-88.33765,43.19715],[-88.33865,43.19812],[-88.33986,43.19571],[-88.33811,43.19293],[-88.34597,43.19303],[-88.34601,43.19487],[-88.34426,43.19851],[-88.34923,43.20763],[-88.36751,43.21322],[-88.3672,43.20712],[-88.36505,43.20514],[-88.36443,43.19907],[-88.36765,43.19801],[-88.36891,43.19474],[-88.36845,43.19325],[-88.40337,43.19409],[-88.41401,43.19441],[-88.41394,43.20337],[-88.41003,43.20342],[-88.40999,43.20544],[-88.41411,43.20556],[-88.4142,43.20917],[-88.41819,43.20948],[-88.41828,43.21715],[-88.4247,43.21668],[-88.43557,43.21719],[-88.43519,43.22437],[-88.43129,43.22426],[-88.42835,43.22618],[-88.42864,43.24599],[-88.43179,43.24682],[-88.4338,43.24986],[-88.43842,43.24928],[-88.43819,43.2503],[-88.44362,43.25047],[-88.44365,43.25349],[-88.42895,43.2532],[-88.42857,43.25181],[-88.42566,43.25317],[-88.41866,43.25293],[-88.41918,43.28428],[-88.42137,43.28426],[-88.4227,43.28596],[-88.42705,43.2874],[-88.4304,43.29022],[-88.42735,43.29488],[-88.42393,43.29648],[-88.41906,43.29643],[-88.41871,43.32544],[-88.41877,43.34703],[-88.42869,43.34704],[-88.42866,43.35422],[-88.43353,43.35448],[-88.43537,43.35709],[-88.4375,43.35741],[-88.43721,43.3589],[-88.43406,43.36072],[-88.43266,43.36255],[-88.43612,43.3663],[-88.43593,43.3704],[-88.45957,43.37056],[-88.46109,43.37307],[-88.46022,43.39942],[-88.4504,43.39929],[-88.45019,43.41838],[-88.45042,43.44258],[-88.4193,43.44219],[-88.41094,43.44233],[-88.41064,43.4221]]]]}},{"type":"Feature","properties":{"zcta":"53029","d":296},"geometry":{"type":"Polygon","coordinates":[[[-88.36845,43.19325],[-88.36891,43.19474],[-88.36765,43.19801],[-88.36443,43.19907],[-88.36505,43.20514],[-88.3672,43.20712],[-88.36751,43.21322],[-88.34923,43.20763],[-88.34426,43.19851],[-88.34601,43.19487],[-88.34597,43.19303],[-88.33811,43.19293],[-88.33334,43.19293],[-88.33492,43.18858],[-88.32433,43.1887],[-88.32432,43.18611],[-88.32274,43.18612],[-88.32268,43.18873],[-88.32,43.18871],[-88.31989,43.19298],[-88.29146,43.1932],[-88.29185,43.18482],[-88.26196,43.18499],[-88.26219,43.18006],[-88.26254,43.16321],[-88.28614,43.16303],[-88.28726,43.16232],[-88.28783,43.1587],[-88.29116,43.15876],[-88.29296,43.15647],[-88.28519,43.15922],[-88.2814,43.15916],[-88.2777,43.15788],[-88.2782,43.15477],[-88.2816,43.15469],[-88.28335,43.15285],[-88.29174,43.15241],[-88.29319,43.15046],[-88.29351,43.14131],[-88.30718,43.14132],[-88.30805,43.11955],[-88.30318,43.11952],[-88.30354,43.11083],[-88.30798,43.11047],[-88.30846,43.11111],[-88.31338,43.11142],[-88.31348,43.09336],[-88.32808,43.09836],[-88.3276,43.09342],[-88.32821,43.09],[-88.33318,43.09011],[-88.33342,43.08279],[-88.34354,43.08301],[-88.34358,43.08149],[-88.34839,43.081],[-88.34842,43.07946],[-88.35335,43.07957],[-88.35347,43.07594],[-88.3565,43.07601],[-88.35664,43.07497],[-88.35954,43.07453],[-88.36291,43.07252],[-88.3603,43.07246],[-88.36077,43.06884],[-88.36397,43.06513],[-88.3641,43.06169],[-88.38484,43.06195],[-88.38651,43.06471],[-88.38526,43.07785],[-88.39026,43.09451],[-88.38933,43.0968],[-88.38645,43.10144],[-88.39287,43.10024],[-88.39284,43.10215],[-88.38638,43.10236],[-88.38803,43.10526],[-88.38819,43.10772],[-88.39027,43.10873],[-88.39283,43.11337],[-88.39156,43.11421],[-88.39531,43.11617],[-88.39263,43.11711],[-88.39038,43.12097],[-88.39204,43.12423],[-88.39138,43.12563],[-88.3871,43.1257],[-88.38524,43.12734],[-88.38785,43.12826],[-88.38833,43.13501],[-88.39496,43.13498],[-88.39434,43.13943],[-88.40091,43.14213],[-88.40068,43.1534],[-88.39908,43.15666],[-88.39907,43.15923],[-88.40045,43.16167],[-88.4004,43.16426],[-88.40537,43.16422],[-88.40523,43.17151],[-88.40027,43.17155],[-88.40021,43.17597],[-88.40265,43.17591],[-88.40527,43.17737],[-88.40613,43.18322],[-88.40545,43.18931],[-88.40337,43.19409],[-88.36845,43.19325]]]}},{"type":"Feature","properties":{"zcta":"53097","d":109},"geometry":{"type":"Polygon","coordinates":[[[-88.02379,43.27882],[-87.99191,43.27926],[-87.99025,43.27829],[-87.99039,43.27615],[-87.98388,43.2761],[-87.98419,43.27429],[-87.97919,43.27429],[-87.97823,43.2795],[-87.94237,43.28003],[-87.90297,43.28031],[-87.91179,43.25039],[-87.94876,43.25081],[-87.95222,43.25364],[-87.95631,43.25409],[-87.95868,43.25824],[-87.96401,43.25816],[-87.96401,43.25677],[-87.9667,43.25637],[-87.96976,43.25707],[-87.96894,43.25536],[-87.97062,43.25064],[-87.99102,43.25074],[-87.9926,43.25341],[-87.99708,43.2549],[-88.00185,43.25365],[-88.00365,43.25242],[-88.00361,43.22163],[-88.00198,43.22159],[-88.00218,43.21209],[-88.00368,43.21214],[-88.00381,43.19258],[-88.02372,43.19249],[-88.06335,43.19212],[-88.06379,43.22112],[-88.06386,43.25014],[-88.06329,43.27888],[-88.02379,43.27882]]]}},{"type":"Feature","properties":{"zcta":"53110","d":1951},"geometry":{"type":"Polygon","coordinates":[[[-87.86996,42.95913],[-87.86993,42.96635],[-87.8501,42.96644],[-87.84767,42.96623],[-87.84502,42.96113],[-87.84555,42.9547],[-87.84347,42.95096],[-87.84331,42.94404],[-87.84594,42.93208],[-87.84559,42.9302],[-87.88139,42.93003],[-87.88768,42.93003],[-87.88512,42.94458],[-87.88327,42.95683],[-87.88325,42.95913],[-87.86996,42.95913]]]}},{"type":"Feature","properties":{"zcta":"53092","d":542},"geometry":{"type":"Polygon","coordinates":[[[-87.91009,43.23591],[-87.90386,43.22403],[-87.89674,43.2143],[-87.89579,43.20878],[-87.8974,43.20425],[-87.89625,43.19706],[-87.89976,43.19752],[-87.90034,43.19666],[-87.89858,43.19413],[-87.89893,43.1922],[-87.91411,43.19208],[-87.95925,43.19241],[-87.96467,43.19243],[-88.00381,43.19258],[-88.00368,43.21214],[-88.00218,43.21209],[-88.00198,43.22159],[-88.00361,43.22163],[-88.00365,43.25242],[-88.00185,43.25365],[-87.99708,43.2549],[-87.9926,43.25341],[-87.99102,43.25074],[-87.97062,43.25064],[-87.96894,43.25536],[-87.96976,43.25707],[-87.9667,43.25637],[-87.96401,43.25677],[-87.96401,43.25816],[-87.95868,43.25824],[-87.95631,43.25409],[-87.95222,43.25364],[-87.94876,43.25081],[-87.91179,43.25039],[-87.91009,43.23591]]]}},{"type":"Feature","properties":{"zcta":"53045","d":825},"geometry":{"type":"Polygon","coordinates":[[[-88.18585,43.08239],[-88.17848,43.08326],[-88.17847,43.08266],[-88.16591,43.08319],[-88.16587,43.08481],[-88.17095,43.08363],[-88.17093,43.08509],[-88.16408,43.08855],[-88.1604,43.08993],[-88.16072,43.09411],[-88.15593,43.09413],[-88.15586,43.09777],[-88.1654,43.09771],[-88.16518,43.10463],[-88.16028,43.10514],[-88.15826,43.10469],[-88.15037,43.10457],[-88.1256,43.10466],[-88.12557,43.09113],[-88.12604,43.06217],[-88.12618,43.06087],[-88.12981,43.06101],[-88.12992,43.05768],[-88.1263,43.05765],[-88.12644,43.05363],[-88.12734,43.05366],[-88.12764,43.0496],[-88.12647,43.04953],[-88.12701,43.03635],[-88.12699,43.02427],[-88.12828,43.02428],[-88.1282,43.01695],[-88.14677,43.01717],[-88.16641,43.01716],[-88.16662,43.01789],[-88.16696,43.03323],[-88.16685,43.03853],[-88.17306,43.03928],[-88.17957,43.04553],[-88.18582,43.04915],[-88.18509,43.05056],[-88.17651,43.05114],[-88.17671,43.05363],[-88.18583,43.0536],[-88.18588,43.07514],[-88.18585,43.08239]]]}},{"type":"Feature","properties":{"zcta":"53058","d":303},"geometry":{"type":"Polygon","coordinates":[[[-88.4266,43.1061],[-88.42798,43.10948],[-88.42556,43.10918],[-88.4248,43.10672],[-88.42238,43.107],[-88.42147,43.11314],[-88.42123,43.12067],[-88.42095,43.12516],[-88.41637,43.1261],[-88.40833,43.13554],[-88.40629,43.14057],[-88.40833,43.14429],[-88.40802,43.14802],[-88.40263,43.15291],[-88.40068,43.1534],[-88.40091,43.14213],[-88.39434,43.13943],[-88.39496,43.13498],[-88.38833,43.13501],[-88.38785,43.12826],[-88.38524,43.12734],[-88.3871,43.1257],[-88.39138,43.12563],[-88.39204,43.12423],[-88.39038,43.12097],[-88.39263,43.11711],[-88.39531,43.11617],[-88.39156,43.11421],[-88.39283,43.11337],[-88.39027,43.10873],[-88.38819,43.10772],[-88.38803,43.10526],[-88.38638,43.10236],[-88.39284,43.10215],[-88.39287,43.10024],[-88.38645,43.10144],[-88.38933,43.0968],[-88.39209,43.09554],[-88.39236,43.09093],[-88.39458,43.08942],[-88.39749,43.08913],[-88.3995,43.08373],[-88.39823,43.08136],[-88.4032,43.08006],[-88.41345,43.07984],[-88.41337,43.08355],[-88.41876,43.08312],[-88.42223,43.08172],[-88.42098,43.07883],[-88.42304,43.07604],[-88.42655,43.07766],[-88.42537,43.07917],[-88.4271,43.08338],[-88.42575,43.08452],[-88.4248,43.08759],[-88.42648,43.09044],[-88.42217,43.09047],[-88.42188,43.10321],[-88.42851,43.10579],[-88.42735,43.10578],[-88.4266,43.1061]]]}},{"type":"Feature","properties":{"zcta":"53151","d":986},"geometry":{"type":"Polygon","coordinates":[[[-88.10944,43.01667],[-88.06725,43.0164],[-88.06746,43.01001],[-88.06806,42.99488],[-88.06939,42.99489],[-88.06956,42.99041],[-88.06817,42.99037],[-88.06862,42.98096],[-88.0691,42.96639],[-88.06929,42.95237],[-88.06944,42.93318],[-88.07781,42.92992],[-88.09903,42.9299],[-88.09788,42.93348],[-88.10292,42.934],[-88.10859,42.93705],[-88.11294,42.93716],[-88.11679,42.93233],[-88.11904,42.93083],[-88.11901,42.93722],[-88.12294,42.93723],[-88.12401,42.93638],[-88.12409,42.93145],[-88.12646,42.93146],[-88.12645,42.93271],[-88.12893,42.93182],[-88.12888,42.93536],[-88.13133,42.9358],[-88.13133,42.93903],[-88.12887,42.94042],[-88.12861,42.96988],[-88.12823,42.98663],[-88.1294,42.98691],[-88.12899,42.98947],[-88.13315,42.99302],[-88.12801,42.99404],[-88.13101,42.99548],[-88.13085,42.99885],[-88.12779,42.99884],[-88.12758,43.00331],[-88.1301,43.00409],[-88.12747,43.00539],[-88.12703,43.01692],[-88.10944,43.01667]]]}},{"type":"Feature","properties":{"zcta":"53189","d":287},"geometry":{"type":"Polygon","coordinates":[[[-88.40465,42.96693],[-88.39432,42.97812],[-88.39151,42.98469],[-88.38637,42.98809],[-88.38,42.98854],[-88.37333,42.99204],[-88.36704,42.99155],[-88.36123,42.98826],[-88.34038,42.98804],[-88.31633,42.98803],[-88.30548,42.98941],[-88.3055,42.98817],[-88.28887,42.98858],[-88.27334,42.98851],[-88.27202,42.99049],[-88.2701,42.99046],[-88.26896,42.98848],[-88.26496,42.98846],[-88.26469,42.98973],[-88.261,42.99318],[-88.25457,42.99432],[-88.25201,42.99751],[-88.25511,42.99896],[-88.25353,43.00092],[-88.24929,43.00308],[-88.24903,42.99627],[-88.24976,42.99127],[-88.24593,42.9901],[-88.23853,42.99008],[-88.23902,42.98826],[-88.22718,42.9884],[-88.22704,42.99342],[-88.22111,42.99391],[-88.22108,42.98837],[-88.21426,42.9885],[-88.20882,42.98648],[-88.20636,42.98626],[-88.19497,42.98767],[-88.19472,42.98904],[-88.19246,42.98687],[-88.19092,42.98774],[-88.18726,42.98777],[-88.18869,42.93745],[-88.1889,42.92444],[-88.19399,42.92157],[-88.19903,42.91874],[-88.19898,42.92271],[-88.20164,42.92144],[-88.2017,42.92284],[-88.20899,42.92279],[-88.20904,42.92352],[-88.21444,42.92318],[-88.21607,42.92902],[-88.21712,42.92902],[-88.21678,42.92358],[-88.21896,42.92359],[-88.21921,42.92156],[-88.22172,42.92083],[-88.22419,42.91885],[-88.22364,42.91732],[-88.22884,42.91726],[-88.22882,42.91083],[-88.24818,42.90442],[-88.24817,42.90235],[-88.25269,42.90099],[-88.25802,42.89829],[-88.25802,42.90283],[-88.26483,42.90097],[-88.27762,42.90045],[-88.28724,42.90045],[-88.28739,42.89679],[-88.29049,42.89833],[-88.29557,42.89819],[-88.30628,42.89226],[-88.30657,42.91455],[-88.32268,42.91501],[-88.32128,42.91657],[-88.32107,42.92213],[-88.34577,42.92253],[-88.34646,42.9283],[-88.34632,42.93769],[-88.34853,42.94344],[-88.34284,42.94622],[-88.34088,42.95217],[-88.33416,42.95219],[-88.33399,42.95497],[-88.33629,42.9565],[-88.33939,42.95696],[-88.34783,42.95727],[-88.35604,42.95659],[-88.35841,42.95465],[-88.36007,42.95794],[-88.36387,42.96418],[-88.36648,42.97006],[-88.37076,42.9674],[-88.37387,42.96657],[-88.38357,42.96668],[-88.38776,42.96179],[-88.38536,42.96061],[-88.38563,42.94582],[-88.38564,42.94485],[-88.40543,42.94495],[-88.40524,42.95219],[-88.40465,42.96693]]]}},{"type":"Feature","properties":{"zcta":"53209","d":1783},"geometry":{"type":"Polygon","coordinates":[[[-87.96572,43.14128],[-87.9666,43.1424],[-87.96637,43.14807],[-87.96549,43.14825],[-87.9652,43.15587],[-87.96599,43.15635],[-87.96501,43.15956],[-87.96597,43.16798],[-87.9656,43.17041],[-87.96432,43.17072],[-87.96749,43.17797],[-87.96423,43.17845],[-87.96467,43.19243],[-87.95925,43.19241],[-87.96093,43.18987],[-87.96083,43.18804],[-87.95862,43.18585],[-87.95538,43.18121],[-87.95578,43.17822],[-87.95871,43.17649],[-87.95961,43.17431],[-87.96271,43.17433],[-87.96293,43.17259],[-87.96098,43.17017],[-87.95702,43.16835],[-87.94648,43.15972],[-87.94646,43.16024],[-87.94067,43.1592],[-87.93513,43.15903],[-87.93492,43.1581],[-87.92986,43.15222],[-87.92961,43.14993],[-87.9281,43.14792],[-87.92817,43.14551],[-87.92674,43.14375],[-87.92199,43.14176],[-87.92106,43.13989],[-87.92467,43.13606],[-87.92746,43.13773],[-87.92799,43.13192],[-87.923,43.12535],[-87.91929,43.1257],[-87.91508,43.12478],[-87.92001,43.1187],[-87.92343,43.11554],[-87.92386,43.11153],[-87.92758,43.11052],[-87.93085,43.10735],[-87.92728,43.10621],[-87.92501,43.10209],[-87.91821,43.10304],[-87.91858,43.09947],[-87.92207,43.09455],[-87.92198,43.09341],[-87.91896,43.09221],[-87.9196,43.08933],[-87.9464,43.08979],[-87.94619,43.09602],[-87.94681,43.09762],[-87.95047,43.09716],[-87.95045,43.0994],[-87.95301,43.10085],[-87.95656,43.10076],[-87.95544,43.09943],[-87.95685,43.09654],[-87.96699,43.09685],[-87.9675,43.10331],[-87.96703,43.1083],[-87.97022,43.1083],[-87.97018,43.1109],[-87.96642,43.11151],[-87.96764,43.1178],[-87.98354,43.13199],[-87.96601,43.13224],[-87.96598,43.13393],[-87.96572,43.14128]]]}},{"type":"Feature","properties":{"zcta":"53033","d":193},"geometry":{"type":"Polygon","coordinates":[[[-88.27841,43.26204],[-88.27556,43.26034],[-88.2747,43.25785],[-88.2724,43.25762],[-88.27105,43.25286],[-88.26973,43.2541],[-88.26504,43.25575],[-88.25911,43.25565],[-88.25502,43.25606],[-88.25171,43.25735],[-88.25174,43.25486],[-88.24863,43.25488],[-88.24873,43.25127],[-88.23046,43.2511],[-88.22984,43.24656],[-88.22796,43.2438],[-88.21587,43.24368],[-88.21514,43.25093],[-88.18974,43.25076],[-88.18802,43.24913],[-88.18804,43.24714],[-88.18583,43.24712],[-88.18596,43.25036],[-88.18213,43.2479],[-88.18214,43.23984],[-88.18692,43.23986],[-88.18494,43.23619],[-88.18217,43.23618],[-88.18219,43.21987],[-88.18217,43.21444],[-88.19093,43.21419],[-88.19637,43.21924],[-88.20341,43.21515],[-88.20406,43.21714],[-88.21166,43.21727],[-88.21186,43.21171],[-88.21684,43.21128],[-88.21785,43.21472],[-88.22178,43.21476],[-88.22176,43.22195],[-88.23295,43.22207],[-88.23619,43.22157],[-88.24253,43.22219],[-88.24404,43.22387],[-88.25066,43.22355],[-88.25078,43.22226],[-88.2546,43.22228],[-88.25467,43.22543],[-88.26177,43.22535],[-88.2617,43.21882],[-88.2664,43.2189],[-88.26791,43.2166],[-88.27336,43.21679],[-88.27444,43.21507],[-88.27655,43.21504],[-88.27671,43.22231],[-88.28937,43.22257],[-88.28584,43.23128],[-88.28778,43.23077],[-88.2908,43.23198],[-88.29429,43.23157],[-88.29971,43.23311],[-88.30105,43.23432],[-88.30072,43.2193],[-88.30229,43.21932],[-88.30865,43.2227],[-88.31094,43.21997],[-88.31375,43.21887],[-88.31321,43.21721],[-88.3158,43.21565],[-88.32089,43.21554],[-88.3209,43.21788],[-88.31516,43.21782],[-88.31517,43.22046],[-88.31163,43.22039],[-88.31175,43.23194],[-88.30677,43.23196],[-88.30685,43.24023],[-88.31044,43.23834],[-88.31089,43.23685],[-88.31582,43.23116],[-88.31578,43.2292],[-88.34061,43.22928],[-88.34066,43.25008],[-88.33838,43.25109],[-88.33129,43.25106],[-88.32755,43.24976],[-88.3249,43.25103],[-88.32115,43.25101],[-88.31844,43.25009],[-88.31284,43.25116],[-88.30119,43.25127],[-88.30095,43.26212],[-88.29142,43.26209],[-88.27841,43.26204]],[[-88.30107,43.24034],[-88.30019,43.23868],[-88.29725,43.24214],[-88.29725,43.2499],[-88.30393,43.24979],[-88.3041,43.24765],[-88.31095,43.24753],[-88.31098,43.24436],[-88.3067,43.24437],[-88.30685,43.24023],[-88.30107,43.24034]]]}},{"type":"Feature","properties":{"zcta":"53022","d":374},"geometry":{"type":"Polygon","coordinates":[[[-88.17067,43.24454],[-88.16249,43.24291],[-88.1625,43.23585],[-88.1429,43.23558],[-88.14295,43.25005],[-88.1405,43.25006],[-88.14051,43.25369],[-88.14298,43.25367],[-88.14301,43.25727],[-88.12407,43.25745],[-88.13271,43.266],[-88.13285,43.26821],[-88.12316,43.26851],[-88.12309,43.27216],[-88.11814,43.27214],[-88.11806,43.27586],[-88.11233,43.2747],[-88.10271,43.27708],[-88.09518,43.27853],[-88.09421,43.27943],[-88.08329,43.27925],[-88.06329,43.27888],[-88.06386,43.25014],[-88.06379,43.22112],[-88.06335,43.19212],[-88.09011,43.19194],[-88.11322,43.1919],[-88.13641,43.192],[-88.16202,43.19227],[-88.16252,43.19488],[-88.16221,43.20042],[-88.16107,43.20251],[-88.15718,43.20622],[-88.16488,43.2091],[-88.1649,43.20827],[-88.1737,43.2088],[-88.17373,43.20702],[-88.17733,43.20703],[-88.1772,43.21795],[-88.18019,43.218],[-88.18019,43.21993],[-88.18219,43.21987],[-88.18217,43.23618],[-88.18494,43.23619],[-88.18692,43.23986],[-88.18214,43.23984],[-88.18213,43.2479],[-88.17067,43.24454]]]}},{"type":"Feature","properties":{"zcta":"53210","d":4024},"geometry":{"type":"Polygon","coordinates":[[[-88.00129,43.07535],[-87.97479,43.07524],[-87.97103,43.07564],[-87.96737,43.07519],[-87.94687,43.07522],[-87.94676,43.06854],[-87.94742,43.06581],[-87.94609,43.06473],[-87.94748,43.06242],[-87.95119,43.06245],[-87.95108,43.06061],[-87.95308,43.06061],[-87.953,43.06245],[-87.95526,43.06245],[-87.95529,43.06061],[-87.95752,43.06062],[-87.95749,43.06245],[-87.95989,43.06244],[-87.96111,43.06062],[-87.98754,43.0607],[-87.98861,43.06804],[-87.99087,43.06804],[-87.9921,43.06618],[-87.99587,43.06803],[-88.00744,43.06805],[-88.00667,43.07189],[-88.00666,43.07576],[-88.00129,43.07535]]]}},{"type":"Feature","properties":{"zcta":"53154","d":678},"geometry":{"type":"Polygon","coordinates":[[[-87.94938,42.93037],[-87.9395,42.93031],[-87.94027,42.92701],[-87.9405,42.9209],[-87.9306,42.92082],[-87.92995,42.93028],[-87.91789,42.93018],[-87.89033,42.93004],[-87.89068,42.9227],[-87.88913,42.92269],[-87.88768,42.93003],[-87.88139,42.93003],[-87.88121,42.9154],[-87.8821,42.89358],[-87.8723,42.89355],[-87.8472,42.89313],[-87.84667,42.89045],[-87.84347,42.89031],[-87.8437,42.88528],[-87.84649,42.88414],[-87.84316,42.87452],[-87.84348,42.87329],[-87.83893,42.86519],[-87.83555,42.8565],[-87.82845,42.84592],[-87.82713,42.84222],[-87.84046,42.84212],[-87.89381,42.84277],[-87.91407,42.84272],[-87.93301,42.84302],[-87.9519,42.84355],[-87.95171,42.85483],[-87.95086,42.88724],[-87.94942,42.92925],[-87.94938,42.93037]]]}},{"type":"Feature","properties":{"zcta":"53046","d":443},"geometry":{"type":"Polygon","coordinates":[[[-88.15872,43.15552],[-88.15824,43.16824],[-88.14365,43.16817],[-88.14466,43.14094],[-88.16239,43.14099],[-88.16231,43.14274],[-88.16411,43.14462],[-88.16909,43.1446],[-88.17164,43.14537],[-88.18414,43.13923],[-88.18369,43.15543],[-88.15872,43.15552]]]}},{"type":"Feature","properties":{"zcta":"53002","d":39},"geometry":{"type":"MultiPolygon","coordinates":[[[[-88.35164,43.52953],[-88.35141,43.54332],[-88.32104,43.54314],[-88.32124,43.52907],[-88.35164,43.52953]]],[[[-88.40081,43.44285],[-88.40057,43.47861],[-88.3924,43.47869],[-88.3836,43.4765],[-88.38861,43.49087],[-88.39202,43.49643],[-88.39505,43.49894],[-88.40051,43.50231],[-88.40061,43.53691],[-88.40043,43.54353],[-88.38147,43.54338],[-88.38162,43.53881],[-88.3766,43.53878],[-88.37681,43.53422],[-88.37168,43.53418],[-88.3721,43.5151],[-88.36206,43.51505],[-88.36212,43.50777],[-88.34208,43.50757],[-88.34159,43.51111],[-88.32421,43.51087],[-88.32414,43.51441],[-88.32159,43.51448],[-88.32124,43.52907],[-88.311,43.52912],[-88.2985,43.52898],[-88.29869,43.52746],[-88.2962,43.52739],[-88.29635,43.52169],[-88.28875,43.52169],[-88.28878,43.51699],[-88.2927,43.51623],[-88.29275,43.51434],[-88.2814,43.51439],[-88.28157,43.49247],[-88.32203,43.49259],[-88.32203,43.48933],[-88.33697,43.4892],[-88.33697,43.48559],[-88.34154,43.48568],[-88.34142,43.48213],[-88.34803,43.48299],[-88.35107,43.48393],[-88.35293,43.48225],[-88.35685,43.48227],[-88.36219,43.48313],[-88.36206,43.47136],[-88.34187,43.47114],[-88.34213,43.45768],[-88.3419,43.45663],[-88.36381,43.45672],[-88.34976,43.44242],[-88.34175,43.44234],[-88.34077,43.44174],[-88.34088,43.43691],[-88.33667,43.43691],[-88.33672,43.43867],[-88.33174,43.43857],[-88.33155,43.43136],[-88.32159,43.43147],[-88.32148,43.42749],[-88.31167,43.42736],[-88.3017,43.42755],[-88.30106,43.39834],[-88.30619,43.3984],[-88.30605,43.40022],[-88.311,43.40031],[-88.31112,43.40212],[-88.31602,43.40217],[-88.31602,43.40041],[-88.32096,43.40054],[-88.32113,43.39468],[-88.33589,43.41311],[-88.33939,43.41235],[-88.33898,43.41058],[-88.33661,43.41125],[-88.33325,43.40904],[-88.33212,43.4051],[-88.32909,43.40418],[-88.33045,43.40337],[-88.33103,43.3993],[-88.33339,43.39696],[-88.33563,43.39599],[-88.33703,43.39337],[-88.34355,43.39343],[-88.34594,43.39461],[-88.35145,43.3953],[-88.3528,43.39475],[-88.35705,43.39804],[-88.36056,43.39914],[-88.36112,43.40074],[-88.36421,43.4009],[-88.37268,43.41389],[-88.37599,43.41355],[-88.39568,43.41369],[-88.39583,43.42266],[-88.40718,43.42138],[-88.41064,43.4221],[-88.41094,43.44233],[-88.40081,43.44285]]]]}},{"type":"Feature","properties":{"zcta":"53012","d":285},"geometry":{"type":"MultiPolygon","coordinates":[[[[-88.08072,43.36763],[-88.05536,43.36724],[-88.05494,43.35527],[-88.06255,43.3588],[-88.06266,43.35129],[-88.08244,43.35162],[-88.08225,43.36584],[-88.08072,43.36763]]],[[[-88.10955,43.33399],[-88.10178,43.33732],[-88.09836,43.33752],[-88.09368,43.34355],[-88.09113,43.34453],[-88.0885,43.34363],[-88.08368,43.34526],[-88.07928,43.34252],[-88.07469,43.34641],[-88.07421,43.34482],[-88.06692,43.34043],[-88.06159,43.33931],[-88.06044,43.34058],[-88.05322,43.34017],[-88.0504,43.33787],[-88.0501,43.33955],[-88.05141,43.3434],[-88.05085,43.34803],[-88.05132,43.34998],[-88.04967,43.35118],[-88.04492,43.35066],[-88.04373,43.35218],[-88.04366,43.35845],[-88.04016,43.35849],[-88.04018,43.35935],[-88.03523,43.35944],[-88.03529,43.3612],[-88.02981,43.36135],[-88.03014,43.35677],[-88.02526,43.35674],[-88.02515,43.35138],[-88.02015,43.35142],[-88.01948,43.349],[-88.01426,43.34856],[-88.00787,43.35086],[-88.00417,43.35067],[-88.0034,43.34961],[-88.00488,43.34789],[-88.00523,43.34629],[-88.00379,43.34452],[-88.00406,43.34848],[-88.00269,43.35056],[-88.00024,43.35059],[-88.00014,43.34914],[-87.99769,43.34796],[-87.99522,43.34804],[-87.99516,43.34441],[-87.99272,43.34446],[-87.99262,43.34087],[-87.99107,43.34171],[-87.98513,43.343],[-87.98566,43.33873],[-87.98511,43.33632],[-87.98486,43.32287],[-87.98057,43.32299],[-87.97984,43.31936],[-87.97753,43.3194],[-87.97924,43.31602],[-87.97478,43.31583],[-87.97472,43.31204],[-87.97354,43.31039],[-87.96969,43.31046],[-87.96964,43.30408],[-87.97077,43.30187],[-87.96478,43.30209],[-87.96136,43.30377],[-87.95725,43.3028],[-87.95841,43.30125],[-87.95122,43.30003],[-87.94499,43.30074],[-87.94164,43.30018],[-87.94053,43.2988],[-87.94679,43.29238],[-87.95052,43.29085],[-87.95031,43.28776],[-87.95209,43.28679],[-87.95209,43.28502],[-87.95023,43.284],[-87.94546,43.28463],[-87.94173,43.28393],[-87.94053,43.28179],[-87.94237,43.28003],[-87.97823,43.2795],[-87.97919,43.27429],[-87.98419,43.27429],[-87.98388,43.2761],[-87.99039,43.27615],[-87.99025,43.27829],[-87.99191,43.27926],[-88.02379,43.27882],[-88.06329,43.27888],[-88.08329,43.27925],[-88.08296,43.29013],[-88.0879,43.29022],[-88.08781,43.29229],[-88.09281,43.29201],[-88.09281,43.29025],[-88.10113,43.29046],[-88.10109,43.29327],[-88.1027,43.29411],[-88.11408,43.29429],[-88.11493,43.30017],[-88.1149,43.30876],[-88.11742,43.3088],[-88.11741,43.31236],[-88.11498,43.3124],[-88.11503,43.32318],[-88.11244,43.32315],[-88.11195,43.33401],[-88.10955,43.33399]]]]}},{"type":"Feature","properties":{"zcta":"53051","d":622},"geometry":{"type":"Polygon","coordinates":[[[-88.18942,43.19147],[-88.18429,43.19086],[-88.18424,43.19261],[-88.16202,43.19227],[-88.13641,43.192],[-88.11322,43.1919],[-88.09011,43.19194],[-88.06335,43.19212],[-88.06367,43.17704],[-88.06409,43.17368],[-88.0645,43.14868],[-88.06508,43.13354],[-88.06648,43.12824],[-88.07006,43.12547],[-88.07101,43.12154],[-88.06559,43.12068],[-88.06558,43.1191],[-88.07394,43.11917],[-88.07682,43.11743],[-88.07581,43.1156],[-88.07584,43.10834],[-88.07746,43.10471],[-88.1256,43.10466],[-88.15037,43.10457],[-88.15826,43.10469],[-88.16028,43.10514],[-88.16518,43.10463],[-88.18694,43.10464],[-88.18691,43.10646],[-88.18953,43.1065],[-88.18947,43.10829],[-88.18769,43.1083],[-88.1876,43.11068],[-88.18545,43.11025],[-88.1844,43.13862],[-88.18414,43.13923],[-88.17164,43.14537],[-88.16909,43.1446],[-88.16411,43.14462],[-88.16231,43.14274],[-88.16239,43.14099],[-88.14466,43.14094],[-88.14365,43.16817],[-88.15824,43.16824],[-88.15872,43.15552],[-88.18369,43.15543],[-88.18283,43.17792],[-88.18429,43.17795],[-88.18422,43.18441],[-88.19753,43.1844],[-88.19735,43.18803],[-88.19243,43.18803],[-88.19221,43.19165],[-88.18966,43.19265],[-88.18942,43.19147]]]}},{"type":"Feature","properties":{"zcta":"53040","d":68},"geometry":{"type":"Polygon","coordinates":[[[-88.31118,43.53965],[-88.30773,43.53884],[-88.30106,43.53896],[-88.30101,43.54302],[-88.29088,43.54291],[-88.29088,43.54722],[-88.287,43.54693],[-88.28096,43.54797],[-88.28085,43.55153],[-88.27642,43.55096],[-88.27025,43.5529],[-88.26675,43.55179],[-88.26691,43.54856],[-88.2638,43.5493],[-88.26029,43.54894],[-88.2607,43.54761],[-88.25725,43.54719],[-88.25319,43.5477],[-88.25139,43.54485],[-88.24866,43.54674],[-88.24603,43.54471],[-88.25137,43.55235],[-88.24561,43.55238],[-88.24559,43.55382],[-88.24066,43.55313],[-88.2406,43.55748],[-88.23616,43.55749],[-88.23733,43.5567],[-88.23801,43.55348],[-88.2371,43.55101],[-88.23432,43.54908],[-88.23144,43.54988],[-88.22936,43.54799],[-88.22058,43.55204],[-88.22052,43.55758],[-88.21366,43.5576],[-88.21303,43.55501],[-88.21407,43.55052],[-88.21116,43.5506],[-88.21044,43.55219],[-88.20545,43.55375],[-88.20538,43.55761],[-88.20292,43.55768],[-88.20315,43.56009],[-88.20532,43.56112],[-88.20482,43.56486],[-88.18312,43.56474],[-88.18019,43.56758],[-88.18008,43.5733],[-88.17911,43.57481],[-88.17326,43.57906],[-88.16907,43.58065],[-88.16381,43.58116],[-88.16079,43.58319],[-88.16038,43.58671],[-88.15671,43.58721],[-88.15044,43.58908],[-88.14299,43.59046],[-88.12035,43.59357],[-88.11152,43.59772],[-88.10936,43.59552],[-88.10967,43.58618],[-88.11054,43.58621],[-88.10591,43.5795],[-88.10406,43.57568],[-88.10494,43.57317],[-88.10426,43.57168],[-88.12047,43.57176],[-88.12046,43.56801],[-88.12546,43.56803],[-88.12549,43.56088],[-88.12146,43.56005],[-88.12051,43.55815],[-88.12053,43.54958],[-88.1184,43.54938],[-88.1127,43.55044],[-88.11012,43.54974],[-88.10775,43.54709],[-88.10411,43.54665],[-88.10281,43.54416],[-88.10042,43.54241],[-88.08047,43.5424],[-88.08028,43.52747],[-88.09032,43.52732],[-88.09043,43.51282],[-88.10045,43.51263],[-88.10065,43.49807],[-88.09064,43.4982],[-88.09073,43.48359],[-88.10079,43.48348],[-88.12224,43.48356],[-88.12344,43.48448],[-88.12347,43.48725],[-88.13338,43.48647],[-88.14075,43.48706],[-88.14083,43.4794],[-88.14153,43.4768],[-88.14352,43.47397],[-88.1484,43.46928],[-88.16163,43.46955],[-88.16146,43.48412],[-88.17517,43.48427],[-88.17685,43.48065],[-88.18159,43.48068],[-88.18159,43.48432],[-88.20157,43.48448],[-88.20184,43.47915],[-88.20536,43.47882],[-88.20297,43.47484],[-88.20525,43.47377],[-88.20221,43.46947],[-88.20678,43.46943],[-88.20714,43.4685],[-88.2049,43.45927],[-88.20529,43.45563],[-88.20883,43.45568],[-88.20766,43.45765],[-88.21159,43.4576],[-88.21167,43.45947],[-88.2167,43.45949],[-88.21799,43.46282],[-88.22177,43.46277],[-88.22178,43.46752],[-88.22361,43.46889],[-88.2394,43.46892],[-88.23931,43.46611],[-88.24173,43.4661],[-88.24217,43.4688],[-88.24545,43.47035],[-88.28193,43.47061],[-88.2817,43.48152],[-88.29143,43.48156],[-88.29212,43.4779],[-88.32187,43.47797],[-88.32202,43.48527],[-88.32298,43.48525],[-88.32293,43.48173],[-88.33183,43.48187],[-88.33197,43.48549],[-88.33697,43.48559],[-88.33697,43.4892],[-88.32203,43.48933],[-88.32203,43.49259],[-88.28157,43.49247],[-88.2814,43.51439],[-88.29275,43.51434],[-88.2927,43.51623],[-88.28878,43.51699],[-88.28875,43.52169],[-88.29635,43.52169],[-88.2962,43.52739],[-88.29869,43.52746],[-88.2985,43.52898],[-88.311,43.52912],[-88.31118,43.53965]]]}},{"type":"Feature","properties":{"zcta":"53183","d":461},"geometry":{"type":"Polygon","coordinates":[[[-88.38803,43.01208],[-88.38393,43.01342],[-88.38394,43.01256],[-88.37896,43.01469],[-88.37894,43.01741],[-88.37387,43.01738],[-88.37407,43.02411],[-88.36921,43.02462],[-88.36923,43.01737],[-88.35927,43.01737],[-88.35933,43.01475],[-88.35418,43.01457],[-88.35446,43.01045],[-88.33963,43.00979],[-88.33971,43.00616],[-88.34218,43.00616],[-88.34223,43.00435],[-88.34468,43.00436],[-88.34472,43.00304],[-88.34966,43.00261],[-88.3585,43.00272],[-88.35472,42.99899],[-88.35485,42.99541],[-88.35974,42.99548],[-88.35966,42.99911],[-88.36604,42.99916],[-88.36637,42.99697],[-88.37047,42.99694],[-88.37357,42.99566],[-88.37551,42.99626],[-88.37914,42.9919],[-88.38393,42.99187],[-88.38,42.98854],[-88.38637,42.98809],[-88.39151,42.98469],[-88.39913,42.98476],[-88.399,42.98837],[-88.38917,42.98829],[-88.38912,42.99192],[-88.39413,42.99199],[-88.39404,42.99919],[-88.40281,42.99954],[-88.40277,43.00113],[-88.39962,43.00106],[-88.39885,43.00651],[-88.39159,43.00642],[-88.39154,43.00913],[-88.39385,43.01061],[-88.38769,43.01001],[-88.3888,43.01071],[-88.38803,43.01208]]]}},{"type":"Feature","properties":{"zcta":"53090","d":197},"geometry":{"type":"Polygon","coordinates":[[[-88.33197,43.48549],[-88.33183,43.48187],[-88.32293,43.48173],[-88.32298,43.48525],[-88.32202,43.48527],[-88.32187,43.47797],[-88.29212,43.4779],[-88.29143,43.48156],[-88.2817,43.48152],[-88.28193,43.47061],[-88.24545,43.47035],[-88.24217,43.4688],[-88.24173,43.4661],[-88.23931,43.46611],[-88.2394,43.46892],[-88.22361,43.46889],[-88.22178,43.46752],[-88.22177,43.46277],[-88.21799,43.46282],[-88.2167,43.45949],[-88.21167,43.45947],[-88.21159,43.4576],[-88.20766,43.45765],[-88.20883,43.45568],[-88.20529,43.45563],[-88.2049,43.45927],[-88.20714,43.4685],[-88.20678,43.46943],[-88.20221,43.46947],[-88.20525,43.47377],[-88.20297,43.47484],[-88.20536,43.47882],[-88.20184,43.47915],[-88.20157,43.48448],[-88.18159,43.48432],[-88.18159,43.48068],[-88.17685,43.48065],[-88.17517,43.48427],[-88.16146,43.48412],[-88.16163,43.46955],[-88.1484,43.46928],[-88.14352,43.47397],[-88.14153,43.4768],[-88.14083,43.4794],[-88.14075,43.48706],[-88.13338,43.48647],[-88.12347,43.48725],[-88.12344,43.48448],[-88.12224,43.48356],[-88.10079,43.48348],[-88.09073,43.48359],[-88.09064,43.4982],[-88.10065,43.49807],[-88.10045,43.51263],[-88.09043,43.51282],[-88.09032,43.52732],[-88.08028,43.52747],[-88.06349,43.52729],[-88.0604,43.52725],[-88.06053,43.5092],[-88.06549,43.51033],[-88.0656,43.50188],[-88.0681,43.50188],[-88.06814,43.49931],[-88.07059,43.49827],[-88.07735,43.48947],[-88.07635,43.48797],[-88.07072,43.4858],[-88.0671,43.48635],[-88.06501,43.48563],[-88.06372,43.48319],[-88.06082,43.48285],[-88.06082,43.46914],[-88.05397,43.46911],[-88.05153,43.46531],[-88.05288,43.46304],[-88.0509,43.46047],[-88.04844,43.46033],[-88.04711,43.45778],[-88.04435,43.45735],[-88.04086,43.45953],[-88.0407,43.45448],[-88.0345,43.45451],[-88.03007,43.45317],[-88.02757,43.4515],[-88.02389,43.4529],[-88.02161,43.45158],[-88.02269,43.45023],[-88.02093,43.44676],[-88.02168,43.44588],[-88.02098,43.44238],[-88.0278,43.4411],[-88.03008,43.44116],[-88.03056,43.43694],[-88.03704,43.43402],[-88.03731,43.43246],[-88.03223,43.43365],[-88.01822,43.43293],[-88.01815,43.41651],[-88.02077,43.41741],[-88.02391,43.41845],[-88.0239,43.42049],[-88.02588,43.42046],[-88.02586,43.42549],[-88.03087,43.42535],[-88.03108,43.42387],[-88.03887,43.42778],[-88.04308,43.43112],[-88.05598,43.42735],[-88.05598,43.42862],[-88.0595,43.42855],[-88.05943,43.42593],[-88.06149,43.4242],[-88.06366,43.42415],[-88.06788,43.42713],[-88.07143,43.42691],[-88.07386,43.43166],[-88.07787,43.43216],[-88.07878,43.42874],[-88.07683,43.42735],[-88.07733,43.42483],[-88.08103,43.42572],[-88.11125,43.42628],[-88.14616,43.42673],[-88.1614,43.42676],[-88.16143,43.4295],[-88.16873,43.4295],[-88.16871,43.42676],[-88.17609,43.42675],[-88.17611,43.42776],[-88.18125,43.42675],[-88.18878,43.42687],[-88.19396,43.42755],[-88.19402,43.42696],[-88.20112,43.42709],[-88.20113,43.42795],[-88.20717,43.42817],[-88.20822,43.42718],[-88.21604,43.42726],[-88.21608,43.4293],[-88.22643,43.42925],[-88.22604,43.42735],[-88.26123,43.42745],[-88.28185,43.43606],[-88.28171,43.42746],[-88.3017,43.42755],[-88.31167,43.42736],[-88.32148,43.42749],[-88.32159,43.43147],[-88.33155,43.43136],[-88.33174,43.43857],[-88.33672,43.43867],[-88.33667,43.43691],[-88.34088,43.43691],[-88.34077,43.44174],[-88.34175,43.44234],[-88.34976,43.44242],[-88.36381,43.45672],[-88.3419,43.45663],[-88.34213,43.45768],[-88.34187,43.47114],[-88.36206,43.47136],[-88.36219,43.48313],[-88.35685,43.48227],[-88.35293,43.48225],[-88.35107,43.48393],[-88.34803,43.48299],[-88.34142,43.48213],[-88.34154,43.48568],[-88.33697,43.48559],[-88.33197,43.48549]]]}},{"type":"Feature","properties":{"zcta":"53095","d":200},"geometry":{"type":"Polygon","coordinates":[[[-88.3017,43.42755],[-88.28171,43.42746],[-88.28185,43.43606],[-88.26123,43.42745],[-88.22604,43.42735],[-88.22643,43.42925],[-88.21608,43.4293],[-88.21604,43.42726],[-88.20822,43.42718],[-88.20717,43.42817],[-88.20113,43.42795],[-88.20112,43.42709],[-88.19402,43.42696],[-88.19396,43.42755],[-88.18878,43.42687],[-88.18125,43.42675],[-88.17611,43.42776],[-88.17609,43.42675],[-88.16871,43.42676],[-88.16873,43.4295],[-88.16143,43.4295],[-88.1614,43.42676],[-88.14616,43.42673],[-88.11125,43.42628],[-88.08103,43.42572],[-88.07733,43.42483],[-88.07683,43.42735],[-88.07878,43.42874],[-88.07787,43.43216],[-88.07386,43.43166],[-88.07143,43.42691],[-88.06788,43.42713],[-88.06366,43.42415],[-88.06149,43.4242],[-88.05943,43.42593],[-88.0595,43.42855],[-88.05598,43.42862],[-88.05598,43.42735],[-88.04308,43.43112],[-88.03887,43.42778],[-88.03108,43.42387],[-88.03087,43.42535],[-88.02586,43.42549],[-88.02588,43.42046],[-88.0239,43.42049],[-88.02391,43.41845],[-88.02077,43.41741],[-88.02048,43.39262],[-88.02181,43.38928],[-88.02018,43.3842],[-88.02204,43.38224],[-88.04032,43.38176],[-88.03998,43.36788],[-88.04018,43.35935],[-88.04016,43.35849],[-88.04366,43.35845],[-88.04373,43.35218],[-88.04492,43.35066],[-88.04967,43.35118],[-88.05132,43.34998],[-88.05085,43.34803],[-88.05141,43.3434],[-88.0501,43.33955],[-88.0504,43.33787],[-88.05322,43.34017],[-88.06044,43.34058],[-88.06159,43.33931],[-88.06692,43.34043],[-88.07421,43.34482],[-88.07469,43.34641],[-88.07928,43.34252],[-88.08368,43.34526],[-88.0885,43.34363],[-88.09113,43.34453],[-88.09368,43.34355],[-88.09836,43.33752],[-88.10178,43.33732],[-88.10955,43.33399],[-88.11195,43.33401],[-88.11667,43.33409],[-88.11887,43.33572],[-88.12389,43.33506],[-88.12732,43.3326],[-88.13109,43.3314],[-88.13728,43.33236],[-88.14219,43.33433],[-88.14212,43.33791],[-88.14702,43.33806],[-88.14688,43.34522],[-88.15185,43.34539],[-88.15177,43.34901],[-88.14682,43.34889],[-88.14681,43.35189],[-88.14924,43.35254],[-88.16163,43.35281],[-88.18169,43.3535],[-88.18168,43.34866],[-88.18442,43.3487],[-88.18461,43.34712],[-88.20149,43.34726],[-88.20141,43.33871],[-88.22309,43.33884],[-88.22741,43.33996],[-88.23479,43.34009],[-88.2337,43.3434],[-88.23448,43.34575],[-88.23337,43.34687],[-88.23457,43.35146],[-88.23389,43.3533],[-88.23932,43.35681],[-88.25104,43.35673],[-88.25102,43.35331],[-88.26088,43.35335],[-88.26115,43.35463],[-88.26098,43.36724],[-88.26409,43.36808],[-88.26398,43.36934],[-88.27796,43.36934],[-88.27575,43.37341],[-88.27478,43.37662],[-88.27958,43.37694],[-88.2811,43.37853],[-88.28114,43.38391],[-88.30424,43.38392],[-88.30625,43.38611],[-88.30099,43.39167],[-88.30106,43.39834],[-88.3017,43.42755]],[[-88.08244,43.35162],[-88.06266,43.35129],[-88.06255,43.3588],[-88.05494,43.35527],[-88.05536,43.36724],[-88.08072,43.36763],[-88.08225,43.36584],[-88.08244,43.35162]]]}},{"type":"Feature","properties":{"zcta":"53216","d":2770},"geometry":{"type":"Polygon","coordinates":[[[-87.99762,43.0968],[-87.99691,43.09726],[-87.98677,43.09726],[-87.98425,43.09606],[-87.98303,43.09724],[-87.9734,43.0972],[-87.97185,43.09635],[-87.96699,43.09685],[-87.95685,43.09654],[-87.95544,43.09943],[-87.95656,43.10076],[-87.95301,43.10085],[-87.95045,43.0994],[-87.95047,43.09716],[-87.94681,43.09762],[-87.94619,43.09602],[-87.9464,43.08979],[-87.94687,43.07522],[-87.96737,43.07519],[-87.97103,43.07564],[-87.97479,43.07524],[-88.00129,43.07535],[-88.00666,43.07576],[-88.00736,43.0773],[-88.0072,43.09188],[-88.00635,43.09673],[-87.99762,43.0968]]]}},{"type":"Feature","properties":{"zcta":"53103","d":153},"geometry":{"type":"Polygon","coordinates":[[[-88.22884,42.91726],[-88.22364,42.91732],[-88.22419,42.91885],[-88.22172,42.92083],[-88.21921,42.92156],[-88.21896,42.92359],[-88.21678,42.92358],[-88.21712,42.92902],[-88.21607,42.92902],[-88.21444,42.92318],[-88.20904,42.92352],[-88.20899,42.92279],[-88.2017,42.92284],[-88.20164,42.92144],[-88.19898,42.92271],[-88.19903,42.91874],[-88.19399,42.92157],[-88.19401,42.91922],[-88.18893,42.91925],[-88.18896,42.91563],[-88.19156,42.91559],[-88.19161,42.91194],[-88.19262,42.91077],[-88.19486,42.90461],[-88.19473,42.9028],[-88.18903,42.90282],[-88.18882,42.90104],[-88.19556,42.90099],[-88.19903,42.8987],[-88.199,42.89371],[-88.1959,42.89374],[-88.19575,42.88628],[-88.18901,42.88762],[-88.1881,42.84284],[-88.19795,42.84271],[-88.2032,42.84513],[-88.20806,42.8457],[-88.21004,42.84797],[-88.21299,42.84954],[-88.21659,42.84673],[-88.2176,42.84957],[-88.22666,42.84955],[-88.22659,42.85708],[-88.23422,42.85657],[-88.24275,42.85662],[-88.24172,42.85884],[-88.25023,42.85992],[-88.24819,42.86393],[-88.24819,42.86666],[-88.25014,42.8691],[-88.25013,42.87378],[-88.24818,42.87657],[-88.25126,42.87749],[-88.25288,42.8768],[-88.2531,42.88344],[-88.24895,42.88402],[-88.24821,42.88631],[-88.24333,42.88631],[-88.24327,42.88771],[-88.24097,42.88767],[-88.24097,42.88991],[-88.23838,42.88995],[-88.23838,42.89176],[-88.23593,42.89177],[-88.23603,42.90558],[-88.22879,42.90827],[-88.22882,42.91083],[-88.22884,42.91726]]]}},{"type":"Feature","properties":{"zcta":"53005","d":763},"geometry":{"type":"Polygon","coordinates":[[[-88.07746,43.10471],[-88.0761,43.10464],[-88.07629,43.09663],[-88.07125,43.09643],[-88.07123,43.0984],[-88.06614,43.09829],[-88.06672,43.06724],[-88.06684,43.05929],[-88.07732,43.06005],[-88.08643,43.05996],[-88.08861,43.06047],[-88.09576,43.06041],[-88.098,43.05985],[-88.10621,43.05957],[-88.10946,43.06049],[-88.10876,43.05841],[-88.10588,43.0553],[-88.10627,43.03874],[-88.10682,43.03593],[-88.10154,43.03592],[-88.09481,43.03676],[-88.08419,43.03589],[-88.07707,43.03581],[-88.06694,43.03644],[-88.06699,43.02958],[-88.06725,43.0164],[-88.10944,43.01667],[-88.12703,43.01692],[-88.1282,43.01695],[-88.12828,43.02428],[-88.12699,43.02427],[-88.12701,43.03635],[-88.12647,43.04953],[-88.12764,43.0496],[-88.12734,43.05366],[-88.12644,43.05363],[-88.1263,43.05765],[-88.12992,43.05768],[-88.12981,43.06101],[-88.12618,43.06087],[-88.12604,43.06217],[-88.12557,43.09113],[-88.1256,43.10466],[-88.07746,43.10471]]]}},{"type":"Feature","properties":{"zcta":"53226","d":1483},"geometry":{"type":"Polygon","coordinates":[[[-88.06684,43.05929],[-88.06672,43.06724],[-88.04952,43.06743],[-88.04999,43.07471],[-88.03838,43.07499],[-88.03561,43.07479],[-88.03532,43.0715],[-88.03688,43.06883],[-88.03509,43.06715],[-88.01745,43.06744],[-88.01677,43.06262],[-88.01676,43.05282],[-88.01843,43.05144],[-88.00991,43.0503],[-88.01014,43.04921],[-88.01658,43.04934],[-88.02038,43.04837],[-88.0206,43.04455],[-88.01916,43.04291],[-88.01749,43.04321],[-88.0174,43.03601],[-88.01827,43.03363],[-88.01623,43.03133],[-88.02736,43.03149],[-88.02736,43.02989],[-88.02962,43.02899],[-88.02735,43.02818],[-88.03659,43.02717],[-88.04103,43.02711],[-88.0453,43.0284],[-88.04587,43.03101],[-88.05913,43.03094],[-88.06699,43.02958],[-88.06694,43.03644],[-88.06684,43.05929]]]}}]}