{"type":"FeatureCollection","features":[{"type":"Feature","properties":{"zcta":"38611","d":42},"geometry":{"type":"Polygon","coordinates":[[[-89.82294,34.84608],[-89.82485,34.84716],[-89.82337,34.84986],[-89.81535,34.85386],[-89.81493,34.85538],[-89.81282,34.85413],[-89.81072,34.85589],[-89.8113,34.85691],[-89.80689,34.85793],[-89.8068,34.86066],[-89.80472,34.86206],[-89.80456,34.86388],[-89.80258,34.8626],[-89.8017,34.86429],[-89.79802,34.86593],[-89.79918,34.86716],[-89.79649,34.87018],[-89.79789,34.87103],[-89.79162,34.8721],[-89.78951,34.87473],[-89.79024,34.87564],[-89.78677,34.87822],[-89.78443,34.8785],[-89.78473,34.88002],[-89.78668,34.88008],[-89.78501,34.88402],[-89.78695,34.88495],[-89.78688,34.88713],[-89.78508,34.88823],[-89.78145,34.88864],[-89.7798,34.88699],[-89.77825,34.88802],[-89.77722,34.88661],[-89.77663,34.88919],[-89.77417,34.89141],[-89.77423,34.89253],[-89.77144,34.89322],[-89.76769,34.89231],[-89.76463,34.89322],[-89.76321,34.89673],[-89.76468,34.89663],[-89.76141,34.89907],[-89.75967,34.8972],[-89.75732,34.89863],[-89.75662,34.90052],[-89.75494,34.90003],[-89.75391,34.90179],[-89.75523,34.90467],[-89.75321,34.90807],[-89.75062,34.90897],[-89.74895,34.90819],[-89.7443,34.91068],[-89.74548,34.91338],[-89.74338,34.91464],[-89.74205,34.91341],[-89.74015,34.91607],[-89.73701,34.91826],[-89.73555,34.92082],[-89.73324,34.92169],[-89.73175,34.92382],[-89.72822,34.92379],[-89.72979,34.92546],[-89.72723,34.92513],[-89.72402,34.92763],[-89.72401,34.9295],[-89.72049,34.93031],[-89.7161,34.93238],[-89.71576,34.93449],[-89.71158,34.93411],[-89.70307,34.93861],[-89.70282,34.93727],[-89.69803,34.93813],[-89.69728,34.9552],[-89.69333,34.95529],[-89.6932,34.95951],[-89.6909,34.95946],[-89.69118,34.96278],[-89.72119,34.96273],[-89.72419,34.96246],[-89.72432,34.99521],[-89.64428,34.99529],[-89.58259,34.99504],[-89.52875,34.99483],[-89.52914,34.96223],[-89.52939,34.95619],[-89.53266,34.95687],[-89.54269,34.96237],[-89.54285,34.9465],[-89.54517,34.94519],[-89.54829,34.94534],[-89.55176,34.94352],[-89.55221,34.94133],[-89.55581,34.93713],[-89.55857,34.93628],[-89.56515,34.938],[-89.57011,34.93848],[-89.57649,34.93748],[-89.5784,34.93632],[-89.58035,34.93299],[-89.58012,34.93164],[-89.58211,34.93058],[-89.5801,34.92641],[-89.58155,34.92569],[-89.58529,34.92638],[-89.59375,34.92431],[-89.59177,34.92106],[-89.58945,34.91956],[-89.58037,34.91586],[-89.58475,34.91265],[-89.58281,34.91002],[-89.58295,34.90479],[-89.59216,34.90456],[-89.59173,34.87736],[-89.6036,34.87728],[-89.60529,34.87623],[-89.60532,34.87869],[-89.61296,34.87859],[-89.61326,34.87706],[-89.61825,34.87723],[-89.61826,34.87267],[-89.6148,34.87256],[-89.61461,34.87171],[-89.61012,34.87538],[-89.60675,34.87437],[-89.60658,34.87165],[-89.60032,34.87185],[-89.60035,34.86416],[-89.61672,34.86424],[-89.61602,34.86667],[-89.61828,34.86794],[-89.61782,34.84618],[-89.61697,34.84589],[-89.61735,34.84001],[-89.60523,34.83752],[-89.59114,34.83365],[-89.59098,34.83092],[-89.59668,34.8311],[-89.59659,34.82521],[-89.6008,34.8227],[-89.60248,34.82099],[-89.60406,34.81566],[-89.60802,34.81353],[-89.60908,34.81167],[-89.61381,34.81097],[-89.61453,34.80885],[-89.61758,34.80907],[-89.61756,34.80261],[-89.61298,34.80216],[-89.61211,34.80003],[-89.60787,34.79424],[-89.60807,34.78763],[-89.60795,34.77711],[-89.59954,34.77737],[-89.59617,34.77645],[-89.59449,34.77375],[-89.58988,34.77377],[-89.58963,34.77243],[-89.58376,34.76637],[-89.58135,34.76627],[-89.57965,34.76494],[-89.5817,34.75995],[-89.58173,34.75293],[-89.56375,34.74903],[-89.56624,34.74518],[-89.56866,34.74421],[-89.57168,34.73955],[-89.57285,34.73638],[-89.57292,34.73023],[-89.57623,34.72631],[-89.57832,34.7255],[-89.58207,34.72078],[-89.58591,34.71953],[-89.59567,34.71937],[-89.59936,34.7171],[-89.60348,34.71715],[-89.60348,34.72314],[-89.62559,34.72275],[-89.62537,34.71539],[-89.63434,34.71538],[-89.64242,34.71389],[-89.64781,34.71524],[-89.6552,34.71529],[-89.65503,34.70144],[-89.66975,34.70114],[-89.66958,34.68578],[-89.68897,34.68566],[-89.70669,34.68557],[-89.70648,34.69181],[-89.70196,34.69226],[-89.70225,34.69767],[-89.69846,34.69759],[-89.6985,34.7004],[-89.70493,34.70032],[-89.70514,34.70334],[-89.72119,34.70391],[-89.72115,34.71356],[-89.72299,34.71317],[-89.72324,34.7298],[-89.72176,34.73145],[-89.72104,34.73479],[-89.72316,34.73519],[-89.72339,34.74301],[-89.72344,34.77231],[-89.73091,34.77216],[-89.75311,34.77237],[-89.76115,34.77647],[-89.79568,34.82077],[-89.80023,34.82475],[-89.80478,34.82724],[-89.81039,34.82949],[-89.81444,34.83038],[-89.81928,34.83066],[-89.82237,34.83023],[-89.82697,34.8425],[-89.82999,34.84618],[-89.82294,34.84608]]]}},{"type":"Feature","properties":{"zcta":"38618","d":27},"geometry":{"type":"Polygon","coordinates":[[[-90.20793,34.72472],[-90.20534,34.72449],[-90.20644,34.7226],[-90.2021,34.7201],[-90.2002,34.72442],[-90.19868,34.72164],[-90.19676,34.72074],[-90.19582,34.72193],[-90.19864,34.72449],[-90.19541,34.72748],[-90.19558,34.72541],[-90.19246,34.72489],[-90.19283,34.7287],[-90.19164,34.72747],[-90.18813,34.72935],[-90.19006,34.73068],[-90.18724,34.73133],[-90.18719,34.73316],[-90.18521,34.73289],[-90.18382,34.73438],[-90.18711,34.73478],[-90.18887,34.73791],[-90.18794,34.73881],[-90.18607,34.73669],[-90.18269,34.73984],[-90.18127,34.74368],[-90.17936,34.74283],[-90.17663,34.74551],[-90.17585,34.74392],[-90.17283,34.74779],[-90.17448,34.74819],[-90.17373,34.75098],[-90.17521,34.75133],[-90.17498,34.75349],[-90.17144,34.75475],[-90.17251,34.75806],[-90.16999,34.75874],[-90.17047,34.756],[-90.16824,34.75648],[-90.16813,34.75841],[-90.16553,34.75912],[-90.16392,34.75822],[-90.16085,34.7602],[-90.1618,34.75825],[-90.15861,34.75704],[-90.15749,34.75472],[-90.15319,34.75675],[-90.15417,34.75928],[-90.15101,34.75917],[-90.14991,34.75711],[-90.14933,34.75903],[-90.14545,34.7586],[-90.14467,34.75668],[-90.14344,34.75797],[-90.14026,34.75813],[-90.13989,34.76193],[-90.13898,34.76203],[-90.13512,34.75883],[-90.13581,34.76046],[-90.13294,34.75991],[-90.12891,34.76054],[-90.12714,34.75741],[-90.12567,34.75857],[-90.12367,34.75606],[-90.12142,34.75643],[-90.1211,34.75264],[-90.11724,34.75396],[-90.11588,34.75165],[-90.11483,34.74656],[-90.11302,34.74481],[-90.10992,34.74377],[-90.11148,34.74263],[-90.10706,34.74144],[-90.1104,34.73792],[-90.10625,34.73667],[-90.10732,34.73366],[-90.10521,34.73311],[-90.10532,34.73518],[-90.10273,34.7337],[-90.10163,34.73152],[-90.10031,34.73252],[-90.09399,34.73137],[-90.09329,34.73274],[-90.09102,34.73203],[-90.09062,34.73585],[-90.08387,34.73279],[-90.08402,34.73142],[-90.08088,34.73145],[-90.08298,34.72971],[-90.08119,34.72963],[-90.0811,34.72689],[-90.07752,34.72512],[-90.07466,34.72531],[-90.07529,34.72213],[-90.07366,34.72097],[-90.0722,34.72288],[-90.06931,34.72345],[-90.07082,34.72501],[-90.06979,34.72651],[-90.06664,34.72684],[-90.06505,34.72837],[-90.06057,34.72818],[-90.06123,34.72612],[-90.05796,34.72557],[-90.05838,34.72342],[-90.05993,34.72443],[-90.06031,34.72281],[-90.05802,34.72268],[-90.0599,34.72087],[-90.05495,34.7164],[-90.05349,34.71235],[-90.05267,34.71453],[-90.05159,34.7125],[-90.04936,34.71244],[-90.05009,34.71388],[-90.04818,34.7151],[-90.04819,34.71182],[-90.04508,34.71464],[-90.0448,34.71266],[-90.04319,34.71407],[-90.0405,34.71271],[-90.03732,34.71299],[-90.03748,34.71132],[-90.03935,34.71175],[-90.03826,34.70926],[-90.03599,34.71042],[-90.03299,34.71007],[-90.03288,34.70862],[-90.03005,34.70795],[-90.02736,34.71021],[-90.0239,34.71013],[-90.02387,34.71299],[-90.02179,34.71372],[-90.01958,34.71205],[-90.0157,34.71392],[-90.0114,34.71395],[-90.00739,34.7171],[-90.00598,34.71646],[-89.99997,34.71658],[-90.00055,34.71963],[-89.99733,34.71744],[-89.99689,34.71917],[-89.99536,34.71682],[-89.99263,34.71952],[-89.98876,34.72117],[-89.98664,34.71897],[-89.98566,34.72128],[-89.98281,34.7203],[-89.98235,34.72221],[-89.9843,34.72324],[-89.97981,34.72561],[-89.97716,34.72425],[-89.97412,34.72388],[-89.97298,34.72514],[-89.96996,34.72493],[-89.96885,34.72584],[-89.96707,34.72422],[-89.96255,34.72399],[-89.95412,34.72692],[-89.95357,34.72857],[-89.95513,34.7304],[-89.95453,34.73406],[-89.9559,34.73625],[-89.95483,34.73824],[-89.95176,34.73908],[-89.95123,34.7407],[-89.94858,34.73895],[-89.9471,34.73997],[-89.9476,34.74204],[-89.94637,34.74405],[-89.94392,34.74329],[-89.94413,34.74503],[-89.93896,34.74614],[-89.93482,34.74622],[-89.92989,34.75176],[-89.92552,34.75158],[-89.92263,34.75421],[-89.92229,34.75569],[-89.91891,34.7601],[-89.91548,34.75817],[-89.91582,34.7604],[-89.9145,34.7618],[-89.91607,34.76359],[-89.91301,34.76414],[-89.91286,34.76541],[-89.91621,34.76673],[-89.91402,34.76797],[-89.91067,34.77135],[-89.90743,34.77744],[-89.90408,34.78493],[-89.8992,34.78725],[-89.89561,34.78741],[-89.88963,34.79031],[-89.88685,34.79429],[-89.88361,34.79422],[-89.88353,34.78792],[-89.87416,34.78792],[-89.87412,34.7898],[-89.8709,34.78971],[-89.87073,34.79099],[-89.86267,34.79073],[-89.86267,34.79513],[-89.85558,34.79532],[-89.85446,34.79394],[-89.84801,34.79392],[-89.84772,34.78792],[-89.83746,34.78783],[-89.83717,34.78067],[-89.83873,34.78056],[-89.83813,34.77349],[-89.83396,34.77326],[-89.83265,34.77532],[-89.83221,34.77316],[-89.82963,34.77287],[-89.75311,34.77237],[-89.73091,34.77216],[-89.72344,34.77231],[-89.72339,34.74301],[-89.72316,34.73519],[-89.72104,34.73479],[-89.72176,34.73145],[-89.72324,34.7298],[-89.72299,34.71317],[-89.72115,34.71356],[-89.72119,34.70391],[-89.70514,34.70334],[-89.70493,34.70032],[-89.6985,34.7004],[-89.69846,34.69759],[-89.70225,34.69767],[-89.70196,34.69226],[-89.70648,34.69181],[-89.70669,34.68557],[-89.68897,34.68566],[-89.69075,34.67876],[-89.6925,34.68005],[-89.69623,34.6802],[-89.70076,34.68141],[-89.70445,34.68113],[-89.70446,34.67845],[-89.71091,34.67633],[-89.71394,34.67644],[-89.71337,34.66004],[-89.7046,34.65995],[-89.70446,34.65609],[-89.70256,34.65628],[-89.70275,34.65213],[-89.70027,34.65204],[-89.70013,34.64775],[-89.69302,34.64758],[-89.69149,34.64506],[-89.6917,34.64231],[-89.69395,34.64274],[-89.69596,34.64181],[-89.70139,34.64181],[-89.7177,34.64016],[-89.71783,34.64352],[-89.71959,34.64327],[-89.71962,34.64623],[-89.73988,34.64514],[-89.7503,34.64517],[-89.75158,34.64422],[-89.75309,34.6392],[-89.75826,34.63829],[-89.76325,34.63428],[-89.7659,34.63367],[-89.77009,34.62951],[-89.77529,34.62684],[-89.78386,34.62525],[-89.7863,34.62811],[-89.79824,34.63421],[-89.81073,34.63425],[-89.81039,34.64142],[-89.81755,34.64147],[-89.82821,34.64289],[-89.832,34.64401],[-89.83657,34.64274],[-89.84157,34.6434],[-89.85807,34.6447],[-89.86174,34.64434],[-89.87003,34.64117],[-89.87678,34.64126],[-89.92464,34.64131],[-89.93187,34.64117],[-89.93467,34.63694],[-89.93853,34.63365],[-89.93966,34.63361],[-89.95295,34.63642],[-89.95751,34.63859],[-89.95958,34.64131],[-89.97308,34.65428],[-89.97587,34.65499],[-89.97769,34.65818],[-89.98171,34.65743],[-89.98534,34.65989],[-89.99049,34.66747],[-89.99842,34.66334],[-90.00193,34.66314],[-90.00414,34.66195],[-90.0064,34.6593],[-90.02018,34.65653],[-90.02312,34.65871],[-90.02509,34.65867],[-90.03062,34.6605],[-90.03964,34.66016],[-90.04014,34.6663],[-90.03956,34.67028],[-90.07517,34.67016],[-90.07496,34.65587],[-90.08311,34.65889],[-90.09231,34.66027],[-90.10974,34.6668],[-90.12469,34.66868],[-90.14845,34.65902],[-90.17119,34.64761],[-90.18565,34.64285],[-90.18883,34.64616],[-90.18969,34.64366],[-90.19168,34.64164],[-90.20546,34.64176],[-90.22234,34.64341],[-90.21632,34.64687],[-90.21539,34.6534],[-90.21746,34.65547],[-90.21529,34.65586],[-90.21448,34.65913],[-90.21514,34.66039],[-90.22519,34.66158],[-90.22329,34.66397],[-90.22013,34.66176],[-90.21922,34.66221],[-90.21858,34.6657],[-90.2208,34.66805],[-90.22111,34.67039],[-90.22493,34.67295],[-90.22524,34.67651],[-90.22141,34.6813],[-90.22019,34.6843],[-90.22184,34.68625],[-90.22021,34.68936],[-90.22357,34.6921],[-90.22762,34.69674],[-90.23111,34.69813],[-90.23141,34.70199],[-90.22973,34.70357],[-90.22763,34.70224],[-90.22507,34.70244],[-90.22536,34.70405],[-90.22921,34.70523],[-90.22647,34.70688],[-90.22514,34.71151],[-90.22064,34.71191],[-90.21973,34.7134],[-90.2223,34.71576],[-90.21616,34.71957],[-90.21252,34.72298],[-90.20793,34.72472]]]}},{"type":"Feature","properties":{"zcta":"38632","d":83},"geometry":{"type":"Polygon","coordinates":[[[-90.17524,34.86025],[-90.17519,34.85595],[-90.17101,34.8559],[-90.171,34.85293],[-90.16681,34.85306],[-90.16682,34.8459],[-90.16621,34.84585],[-90.16628,34.8385],[-90.15643,34.8384],[-90.15643,34.83427],[-90.14895,34.83372],[-90.14898,34.83114],[-90.11389,34.83088],[-90.10454,34.82943],[-90.09355,34.82998],[-90.08993,34.8327],[-90.0781,34.84076],[-90.07809,34.86137],[-90.07085,34.86144],[-90.06304,34.86213],[-90.05593,34.86335],[-90.03849,34.86797],[-90.03294,34.86865],[-90.02481,34.8685],[-90.01822,34.8673],[-90.01661,34.86896],[-90.01632,34.88193],[-90.00893,34.88216],[-90.00568,34.87094],[-90.00277,34.86283],[-89.99534,34.86155],[-89.99552,34.87192],[-89.99136,34.87103],[-89.99126,34.86156],[-89.97753,34.86154],[-89.97443,34.86198],[-89.96868,34.864],[-89.96003,34.86838],[-89.95419,34.86975],[-89.95076,34.87],[-89.93087,34.86961],[-89.93093,34.87491],[-89.92502,34.87492],[-89.92509,34.87912],[-89.91917,34.87912],[-89.91909,34.87037],[-89.90161,34.8731],[-89.89507,34.8731],[-89.88619,34.87083],[-89.88583,34.8703],[-89.8718,34.86582],[-89.86583,34.86559],[-89.86584,34.86076],[-89.85842,34.86074],[-89.85822,34.85548],[-89.85713,34.85709],[-89.84855,34.85697],[-89.84855,34.85605],[-89.8359,34.85585],[-89.838,34.85334],[-89.83586,34.85324],[-89.8359,34.84735],[-89.83028,34.84731],[-89.82999,34.84618],[-89.82697,34.8425],[-89.82237,34.83023],[-89.81928,34.83066],[-89.81444,34.83038],[-89.81039,34.82949],[-89.80478,34.82724],[-89.80023,34.82475],[-89.79568,34.82077],[-89.76115,34.77647],[-89.75311,34.77237],[-89.82963,34.77287],[-89.83221,34.77316],[-89.83265,34.77532],[-89.83396,34.77326],[-89.83813,34.77349],[-89.83873,34.78056],[-89.83717,34.78067],[-89.83746,34.78783],[-89.84772,34.78792],[-89.84801,34.79392],[-89.85446,34.79394],[-89.85558,34.79532],[-89.86267,34.79513],[-89.86267,34.79073],[-89.87073,34.79099],[-89.8709,34.78971],[-89.87412,34.7898],[-89.87416,34.78792],[-89.88353,34.78792],[-89.88361,34.79422],[-89.88685,34.79429],[-89.88963,34.79031],[-89.89561,34.78741],[-89.8992,34.78725],[-89.90408,34.78493],[-89.90743,34.77744],[-89.91067,34.77135],[-89.91402,34.76797],[-89.91621,34.76673],[-89.91286,34.76541],[-89.91301,34.76414],[-89.91607,34.76359],[-89.9145,34.7618],[-89.91582,34.7604],[-89.91548,34.75817],[-89.91891,34.7601],[-89.92229,34.75569],[-89.92263,34.75421],[-89.92552,34.75158],[-89.92989,34.75176],[-89.93482,34.74622],[-89.93896,34.74614],[-89.94413,34.74503],[-89.94392,34.74329],[-89.94637,34.74405],[-89.9476,34.74204],[-89.9471,34.73997],[-89.94858,34.73895],[-89.95123,34.7407],[-89.95176,34.73908],[-89.95483,34.73824],[-89.9559,34.73625],[-89.95453,34.73406],[-89.95513,34.7304],[-89.95357,34.72857],[-89.95412,34.72692],[-89.96255,34.72399],[-89.96707,34.72422],[-89.96885,34.72584],[-89.96996,34.72493],[-89.97298,34.72514],[-89.97412,34.72388],[-89.97716,34.72425],[-89.97981,34.72561],[-89.9843,34.72324],[-89.98235,34.72221],[-89.98281,34.7203],[-89.98566,34.72128],[-89.98664,34.71897],[-89.98876,34.72117],[-89.99263,34.71952],[-89.99536,34.71682],[-89.99689,34.71917],[-89.99733,34.71744],[-90.00055,34.71963],[-89.99997,34.71658],[-90.00598,34.71646],[-90.00739,34.7171],[-90.0114,34.71395],[-90.0157,34.71392],[-90.01958,34.71205],[-90.02179,34.71372],[-90.02387,34.71299],[-90.0239,34.71013],[-90.02736,34.71021],[-90.03005,34.70795],[-90.03288,34.70862],[-90.03299,34.71007],[-90.03599,34.71042],[-90.03826,34.70926],[-90.03935,34.71175],[-90.03748,34.71132],[-90.03732,34.71299],[-90.0405,34.71271],[-90.04319,34.71407],[-90.0448,34.71266],[-90.04508,34.71464],[-90.04819,34.71182],[-90.04818,34.7151],[-90.05009,34.71388],[-90.04936,34.71244],[-90.05159,34.7125],[-90.05267,34.71453],[-90.05349,34.71235],[-90.05495,34.7164],[-90.0599,34.72087],[-90.05802,34.72268],[-90.06031,34.72281],[-90.05993,34.72443],[-90.05838,34.72342],[-90.05796,34.72557],[-90.06123,34.72612],[-90.06057,34.72818],[-90.06505,34.72837],[-90.06664,34.72684],[-90.06979,34.72651],[-90.07082,34.72501],[-90.06931,34.72345],[-90.0722,34.72288],[-90.07366,34.72097],[-90.07529,34.72213],[-90.07466,34.72531],[-90.07752,34.72512],[-90.0811,34.72689],[-90.08119,34.72963],[-90.08298,34.72971],[-90.08088,34.73145],[-90.08402,34.73142],[-90.08387,34.73279],[-90.09062,34.73585],[-90.09102,34.73203],[-90.09329,34.73274],[-90.09399,34.73137],[-90.10031,34.73252],[-90.10163,34.73152],[-90.10273,34.7337],[-90.10532,34.73518],[-90.10521,34.73311],[-90.10732,34.73366],[-90.10625,34.73667],[-90.1104,34.73792],[-90.10706,34.74144],[-90.11148,34.74263],[-90.10992,34.74377],[-90.11302,34.74481],[-90.11483,34.74656],[-90.11588,34.75165],[-90.11724,34.75396],[-90.1211,34.75264],[-90.12142,34.75643],[-90.12367,34.75606],[-90.12567,34.75857],[-90.12714,34.75741],[-90.12891,34.76054],[-90.13294,34.75991],[-90.13581,34.76046],[-90.13512,34.75883],[-90.13898,34.76203],[-90.13989,34.76193],[-90.14026,34.75813],[-90.14344,34.75797],[-90.14467,34.75668],[-90.14545,34.7586],[-90.14933,34.75903],[-90.14991,34.75711],[-90.15101,34.75917],[-90.15417,34.75928],[-90.15319,34.75675],[-90.15749,34.75472],[-90.15861,34.75704],[-90.1618,34.75825],[-90.16085,34.7602],[-90.16392,34.75822],[-90.16553,34.75912],[-90.16813,34.75841],[-90.16824,34.75648],[-90.17047,34.756],[-90.16999,34.75874],[-90.17251,34.75806],[-90.17144,34.75475],[-90.17498,34.75349],[-90.17521,34.75133],[-90.17373,34.75098],[-90.17448,34.74819],[-90.17283,34.74779],[-90.17585,34.74392],[-90.17663,34.74551],[-90.17936,34.74283],[-90.18127,34.74368],[-90.18269,34.73984],[-90.18607,34.73669],[-90.18794,34.73881],[-90.18887,34.73791],[-90.18711,34.73478],[-90.18382,34.73438],[-90.18521,34.73289],[-90.18719,34.73316],[-90.18724,34.73133],[-90.19006,34.73068],[-90.18813,34.72935],[-90.19164,34.72747],[-90.19283,34.7287],[-90.19246,34.72489],[-90.19558,34.72541],[-90.19541,34.72748],[-90.19864,34.72449],[-90.19582,34.72193],[-90.19676,34.72074],[-90.19868,34.72164],[-90.2002,34.72442],[-90.20097,34.72921],[-90.20246,34.77297],[-90.20201,34.8011],[-90.20226,34.83009],[-90.20213,34.86037],[-90.17524,34.86025]]]}},{"type":"Feature","properties":{"zcta":"38002","d":176},"geometry":{"type":"MultiPolygon","coordinates":[[[[-89.83123,35.29962],[-89.8366,35.29992],[-89.83343,35.3227],[-89.83067,35.32584],[-89.80709,35.32383],[-89.79393,35.32249],[-89.7905,35.32324],[-89.76749,35.32936],[-89.76524,35.33166],[-89.76056,35.33817],[-89.75658,35.33412],[-89.75111,35.336],[-89.74347,35.33528],[-89.74342,35.33688],[-89.73847,35.33684],[-89.73846,35.33575],[-89.73466,35.33561],[-89.73465,35.33926],[-89.73695,35.33947],[-89.73492,35.3406],[-89.73629,35.34443],[-89.7321,35.3448],[-89.73201,35.3487],[-89.72774,35.3486],[-89.72714,35.3502],[-89.72064,35.35017],[-89.71872,35.35118],[-89.71814,35.35869],[-89.71506,35.35875],[-89.715,35.36085],[-89.70837,35.36055],[-89.70826,35.36449],[-89.69991,35.3642],[-89.70618,35.37132],[-89.70648,35.37263],[-89.70436,35.37398],[-89.70481,35.37551],[-89.70251,35.37708],[-89.69653,35.37689],[-89.69422,35.37579],[-89.69398,35.38175],[-89.69052,35.38198],[-89.69778,35.38457],[-89.69724,35.38751],[-89.69567,35.38888],[-89.6428,35.38798],[-89.6438,35.38673],[-89.64174,35.38634],[-89.64461,35.38301],[-89.64505,35.37682],[-89.64429,35.37489],[-89.646,35.37227],[-89.64049,35.3754],[-89.63674,35.37489],[-89.63653,35.37686],[-89.63278,35.37582],[-89.63428,35.34543],[-89.63258,35.3471],[-89.62939,35.34824],[-89.62402,35.34364],[-89.61337,35.34185],[-89.6105,35.34011],[-89.60465,35.34615],[-89.60233,35.34377],[-89.60188,35.34113],[-89.60828,35.33533],[-89.61539,35.32623],[-89.61591,35.32736],[-89.61592,35.3345],[-89.62403,35.32613],[-89.62613,35.32433],[-89.62364,35.32429],[-89.6209,35.32239],[-89.61821,35.3229],[-89.6217,35.31852],[-89.6323,35.31044],[-89.62987,35.30827],[-89.61686,35.30593],[-89.60277,35.29941],[-89.58252,35.29326],[-89.5734,35.29291],[-89.56936,35.28797],[-89.56596,35.28619],[-89.563,35.27802],[-89.56128,35.27652],[-89.56237,35.27505],[-89.56146,35.27296],[-89.56261,35.27227],[-89.56416,35.26875],[-89.56721,35.26886],[-89.57044,35.26778],[-89.57379,35.26404],[-89.57371,35.25838],[-89.57109,35.25927],[-89.57135,35.25256],[-89.5783,35.2525],[-89.57856,35.2478],[-89.58524,35.24805],[-89.58522,35.24963],[-89.58744,35.25022],[-89.59382,35.25048],[-89.59828,35.25358],[-89.60622,35.25676],[-89.61841,35.2509],[-89.62114,35.25125],[-89.6212,35.25496],[-89.6264,35.25499],[-89.62642,35.25366],[-89.63774,35.25381],[-89.63788,35.24741],[-89.64131,35.24799],[-89.64739,35.24759],[-89.64973,35.24624],[-89.65494,35.24734],[-89.65781,35.24629],[-89.66239,35.24609],[-89.66631,35.24816],[-89.66747,35.25028],[-89.67066,35.24829],[-89.66895,35.24626],[-89.66534,35.23977],[-89.6594,35.23295],[-89.65852,35.23125],[-89.65547,35.21941],[-89.66392,35.21521],[-89.66876,35.21062],[-89.67602,35.21135],[-89.68118,35.2107],[-89.68156,35.20043],[-89.68749,35.19938],[-89.70179,35.19587],[-89.7094,35.19448],[-89.71949,35.18929],[-89.72088,35.18894],[-89.72028,35.20506],[-89.72399,35.20573],[-89.73277,35.20566],[-89.73483,35.20422],[-89.73479,35.19969],[-89.73996,35.19923],[-89.7394,35.20494],[-89.74402,35.20455],[-89.77249,35.2044],[-89.74743,35.21721],[-89.74802,35.21835],[-89.74271,35.22057],[-89.74424,35.22061],[-89.74407,35.22609],[-89.74624,35.22704],[-89.74623,35.23281],[-89.74734,35.23499],[-89.75405,35.23631],[-89.76158,35.23639],[-89.76167,35.23976],[-89.76404,35.2404],[-89.77107,35.24065],[-89.77218,35.24331],[-89.77415,35.24296],[-89.78471,35.23885],[-89.78592,35.24042],[-89.79346,35.23745],[-89.79323,35.24513],[-89.79868,35.24795],[-89.79327,35.24792],[-89.7933,35.25056],[-89.80149,35.25111],[-89.80181,35.25183],[-89.81916,35.23654],[-89.81905,35.23916],[-89.82324,35.23875],[-89.82237,35.24115],[-89.8222,35.24681],[-89.82609,35.24687],[-89.82971,35.24713],[-89.82996,35.25338],[-89.83727,35.25347],[-89.83718,35.25492],[-89.84271,35.25546],[-89.84099,35.25717],[-89.84294,35.25976],[-89.84276,35.26262],[-89.8476,35.26306],[-89.84781,35.26481],[-89.84617,35.27159],[-89.84645,35.27431],[-89.84892,35.27401],[-89.84853,35.2767],[-89.85442,35.27637],[-89.83123,35.29962]]],[[[-89.87149,35.27476],[-89.86818,35.27604],[-89.86423,35.27565],[-89.85453,35.27626],[-89.8717,35.2589],[-89.88223,35.25992],[-89.88775,35.26044],[-89.88927,35.26115],[-89.88735,35.27501],[-89.87149,35.27476]]]]}},{"type":"Feature","properties":{"zcta":"38680","d":144},"geometry":{"type":"Polygon","coordinates":[[[-90.09634,34.99501],[-90.09633,34.99161],[-90.07838,34.99168],[-90.07838,34.97712],[-90.09626,34.97701],[-90.09609,34.96248],[-90.0961,34.93331],[-90.09606,34.92925],[-90.09819,34.92841],[-90.104,34.91875],[-90.10497,34.91877],[-90.10477,34.92615],[-90.1134,34.92626],[-90.11388,34.92967],[-90.12148,34.93004],[-90.1214,34.93329],[-90.1436,34.93318],[-90.16731,34.93339],[-90.168,34.93357],[-90.1816,34.91887],[-90.18856,34.91889],[-90.20212,34.90666],[-90.20211,34.91757],[-90.19744,34.92231],[-90.19316,34.92533],[-90.19316,34.93349],[-90.20215,34.93342],[-90.20218,34.95059],[-90.20181,34.95289],[-90.19841,34.95509],[-90.19085,34.9616],[-90.18565,34.96258],[-90.17581,34.96246],[-90.17562,34.9769],[-90.18663,34.98214],[-90.19223,34.98419],[-90.21217,34.99276],[-90.21619,34.9954],[-90.09634,34.99501]]]}},{"type":"Feature","properties":{"zcta":"38676","d":11},"geometry":{"type":"Polygon","coordinates":[[[-90.44239,34.73735],[-90.44186,34.73475],[-90.4404,34.73588],[-90.43349,34.73515],[-90.42705,34.73501],[-90.41672,34.73802],[-90.41255,34.74017],[-90.40854,34.74304],[-90.40153,34.74982],[-90.39919,34.75307],[-90.39775,34.7577],[-90.3957,34.75778],[-90.39581,34.76103],[-90.37238,34.76118],[-90.3708,34.76475],[-90.36947,34.77244],[-90.34524,34.77255],[-90.34365,34.77623],[-90.32127,34.77627],[-90.31124,34.77371],[-90.31141,34.77247],[-90.30525,34.76888],[-90.30012,34.76505],[-90.29166,34.76084],[-90.28331,34.75733],[-90.27527,34.75191],[-90.27172,34.74746],[-90.27192,34.74548],[-90.27037,34.74382],[-90.24556,34.74327],[-90.24395,34.74285],[-90.24369,34.72887],[-90.24198,34.72145],[-90.23238,34.72148],[-90.23261,34.73566],[-90.21388,34.73586],[-90.2136,34.73387],[-90.2149,34.73023],[-90.21133,34.72522],[-90.21252,34.72298],[-90.21616,34.71957],[-90.2223,34.71576],[-90.21973,34.7134],[-90.22064,34.71191],[-90.22514,34.71151],[-90.22647,34.70688],[-90.22921,34.70523],[-90.22536,34.70405],[-90.22507,34.70244],[-90.22763,34.70224],[-90.22973,34.70357],[-90.23141,34.70199],[-90.23111,34.69813],[-90.22762,34.69674],[-90.22357,34.6921],[-90.22021,34.68936],[-90.22184,34.68625],[-90.22019,34.6843],[-90.22141,34.6813],[-90.22524,34.67651],[-90.22493,34.67295],[-90.22111,34.67039],[-90.2208,34.66805],[-90.21858,34.6657],[-90.21922,34.66221],[-90.22013,34.66176],[-90.22329,34.66397],[-90.22519,34.66158],[-90.21514,34.66039],[-90.21448,34.65913],[-90.21529,34.65586],[-90.21746,34.65547],[-90.21539,34.6534],[-90.21632,34.64687],[-90.22234,34.64341],[-90.22442,34.64144],[-90.22636,34.63626],[-90.22976,34.63377],[-90.23027,34.63071],[-90.2323,34.62932],[-90.23686,34.6283],[-90.23997,34.62624],[-90.23839,34.62115],[-90.24063,34.61715],[-90.24107,34.61492],[-90.23651,34.61107],[-90.23659,34.60764],[-90.24138,34.60561],[-90.24392,34.60215],[-90.24385,34.5996],[-90.24137,34.59909],[-90.23798,34.60092],[-90.23835,34.60363],[-90.23629,34.60502],[-90.23403,34.60101],[-90.23449,34.59845],[-90.23808,34.59761],[-90.23991,34.5932],[-90.23914,34.5924],[-90.23597,34.59289],[-90.23425,34.59513],[-90.2313,34.59186],[-90.23174,34.58821],[-90.22903,34.58661],[-90.2267,34.58634],[-90.2247,34.58332],[-90.22149,34.58246],[-90.22066,34.57911],[-90.22443,34.57638],[-90.22746,34.57652],[-90.23326,34.58364],[-90.23447,34.58436],[-90.24464,34.58492],[-90.25244,34.58579],[-90.25727,34.58402],[-90.26612,34.58369],[-90.27204,34.58037],[-90.26868,34.578],[-90.2658,34.57229],[-90.26572,34.56833],[-90.26658,34.56579],[-90.26969,34.56093],[-90.2706,34.56241],[-90.29136,34.58346],[-90.35165,34.58327],[-90.35461,34.58344],[-90.35543,34.59765],[-90.39957,34.59741],[-90.39785,34.60207],[-90.40102,34.60407],[-90.39841,34.6107],[-90.39974,34.61146],[-90.4074,34.61169],[-90.41102,34.60741],[-90.4108,34.62518],[-90.41102,34.62593],[-90.43451,34.62573],[-90.43445,34.62033],[-90.44591,34.62009],[-90.44652,34.62354],[-90.44908,34.62936],[-90.45391,34.62903],[-90.45947,34.62997],[-90.4654,34.63033],[-90.46876,34.62685],[-90.47003,34.62284],[-90.47197,34.62151],[-90.47468,34.61233],[-90.47844,34.60574],[-90.48161,34.60243],[-90.48427,34.60107],[-90.49228,34.5989],[-90.49622,34.59837],[-90.4983,34.59544],[-90.50444,34.59093],[-90.52158,34.59089],[-90.52339,34.59029],[-90.52539,34.59179],[-90.52549,34.59451],[-90.52999,34.59438],[-90.53272,34.59328],[-90.53611,34.5901],[-90.53811,34.58951],[-90.54329,34.58977],[-90.54785,34.59302],[-90.54954,34.59304],[-90.55173,34.591],[-90.55319,34.59111],[-90.56031,34.59878],[-90.56454,34.60415],[-90.56797,34.61126],[-90.56731,34.61466],[-90.57027,34.62176],[-90.56963,34.625],[-90.5667,34.62864],[-90.56693,34.63214],[-90.56499,34.63697],[-90.56154,34.63888],[-90.5606,34.64075],[-90.56057,34.64388],[-90.55849,34.64298],[-90.55892,34.6447],[-90.55791,34.6516],[-90.55612,34.66073],[-90.55342,34.6666],[-90.55308,34.66929],[-90.55099,34.67255],[-90.54618,34.67513],[-90.54354,34.67795],[-90.54016,34.67848],[-90.53997,34.67684],[-90.54373,34.67203],[-90.55264,34.65971],[-90.55396,34.65502],[-90.5551,34.64624],[-90.55413,34.64087],[-90.55176,34.63648],[-90.54761,34.63166],[-90.54161,34.62861],[-90.53211,34.62733],[-90.52448,34.6285],[-90.51717,34.63093],[-90.5081,34.63668],[-90.50341,34.64072],[-90.49989,34.64498],[-90.49363,34.64909],[-90.4815,34.65802],[-90.46882,34.67003],[-90.46604,34.67431],[-90.46282,34.68407],[-90.46368,34.69264],[-90.46667,34.7],[-90.46885,34.7022],[-90.47417,34.70528],[-90.48333,34.70417],[-90.51667,34.69556],[-90.53244,34.69624],[-90.5425,34.7],[-90.55322,34.70603],[-90.55944,34.71083],[-90.57194,34.71278],[-90.56861,34.72139],[-90.56778,34.73333],[-90.56361,34.73778],[-90.55833,34.73917],[-90.55,34.73972],[-90.54556,34.73889],[-90.54243,34.74726],[-90.53699,34.74501],[-90.53216,34.74398],[-90.52812,34.74157],[-90.52949,34.74161],[-90.5243,34.73881],[-90.52431,34.73986],[-90.5187,34.73758],[-90.52417,34.73139],[-90.50833,34.72361],[-90.5,34.72167],[-90.49167,34.72139],[-90.475,34.72389],[-90.465,34.72731],[-90.45538,34.73264],[-90.44842,34.73912],[-90.44825,34.74012],[-90.44239,34.73735]]]}},{"type":"Feature","properties":{"zcta":"38131","d":0},"geometry":{"type":"Polygon","coordinates":[[[-89.991,35.0721],[-89.99002,35.06875],[-89.98759,35.06866],[-89.99077,35.06396],[-89.99162,35.06058],[-89.99596,35.0607],[-89.99573,35.06806],[-89.99303,35.06834],[-89.99467,35.0705],[-89.991,35.0721]]]}},{"type":"Feature","properties":{"zcta":"38132","d":0},"geometry":{"type":"Polygon","coordinates":[[[-89.99022,35.07626],[-89.98548,35.07617],[-89.9862,35.07237],[-89.98605,35.06499],[-89.9895,35.0605],[-89.99162,35.06058],[-89.99077,35.06396],[-89.98759,35.06866],[-89.99002,35.06875],[-89.991,35.0721],[-89.99467,35.0705],[-90.00164,35.06931],[-90.0068,35.06938],[-90.00742,35.07098],[-90.01021,35.06774],[-90.01812,35.06839],[-90.02091,35.06563],[-90.02257,35.06561],[-90.02117,35.07133],[-90.01921,35.0713],[-89.99932,35.07477],[-89.99022,35.07626]]]}},{"type":"Feature","properties":{"zcta":"38152","d":0},"geometry":{"type":"Polygon","coordinates":[[[-89.93377,35.11965],[-89.93388,35.11658],[-89.94077,35.11648],[-89.94061,35.12064],[-89.93377,35.11965]]]}},{"type":"Feature","properties":{"zcta":"38029","d":0},"geometry":{"type":"Polygon","coordinates":[[[-89.82552,35.23871],[-89.82614,35.24183],[-89.82609,35.24687],[-89.8222,35.24681],[-89.82237,35.24115],[-89.82324,35.23875],[-89.81905,35.23916],[-89.81916,35.23654],[-89.82552,35.23871]]]}},{"type":"Feature","properties":{"zcta":"38053","d":71},"geometry":{"type":"Polygon","coordinates":[[[-90.1485,35.30289],[-90.1395,35.29883],[-90.12985,35.30117],[-90.12371,35.30453],[-90.11717,35.30336],[-90.10997,35.30499],[-90.10855,35.31197],[-90.10378,35.32426],[-90.10058,35.33383],[-90.09618,35.34885],[-90.09338,35.35409],[-90.08386,35.3656],[-90.07826,35.37493],[-90.07861,35.38062],[-90.08067,35.38566],[-90.08355,35.38815],[-90.083,35.39083],[-90.07949,35.39591],[-90.0803,35.39796],[-90.07842,35.39786],[-90.07222,35.40198],[-90.06833,35.40346],[-90.06695,35.40493],[-90.05432,35.38928],[-90.04486,35.39296],[-90.04156,35.39662],[-89.99212,35.39462],[-89.99058,35.40002],[-89.98764,35.40679],[-89.98624,35.40873],[-89.98163,35.41197],[-89.97978,35.41421],[-89.97425,35.41901],[-89.97322,35.42285],[-89.97012,35.42737],[-89.96699,35.43097],[-89.96423,35.43707],[-89.96094,35.43643],[-89.96015,35.43811],[-89.95791,35.43823],[-89.95803,35.43501],[-89.95529,35.43481],[-89.95544,35.43139],[-89.94908,35.43113],[-89.94929,35.42908],[-89.93354,35.42731],[-89.93422,35.42257],[-89.91429,35.42061],[-89.91478,35.41844],[-89.91451,35.41227],[-89.91619,35.41252],[-89.91831,35.40426],[-89.91701,35.40052],[-89.91784,35.39792],[-89.91719,35.39621],[-89.91789,35.39302],[-89.90929,35.39278],[-89.90516,35.3977],[-89.9021,35.39739],[-89.90138,35.40252],[-89.89838,35.40226],[-89.89691,35.40321],[-89.89051,35.40257],[-89.89069,35.39806],[-89.89191,35.3967],[-89.89018,35.39586],[-89.88831,35.39223],[-89.88932,35.39091],[-89.88399,35.39119],[-89.86017,35.39064],[-89.85878,35.39416],[-89.85716,35.39402],[-89.85705,35.39614],[-89.85268,35.39688],[-89.85231,35.39879],[-89.84872,35.39747],[-89.84508,35.40074],[-89.84654,35.39907],[-89.84494,35.39821],[-89.84032,35.40208],[-89.82887,35.4088],[-89.82819,35.40608],[-89.82462,35.4053],[-89.82032,35.40327],[-89.81632,35.40236],[-89.81585,35.39981],[-89.81657,35.39685],[-89.8141,35.39561],[-89.81165,35.39032],[-89.80947,35.39008],[-89.8102,35.38814],[-89.80864,35.38702],[-89.80923,35.38462],[-89.8069,35.37911],[-89.80317,35.37973],[-89.78271,35.37774],[-89.78081,35.37617],[-89.78108,35.37388],[-89.77326,35.37319],[-89.77298,35.37523],[-89.77048,35.37657],[-89.76961,35.3835],[-89.75419,35.38223],[-89.75264,35.38905],[-89.7372,35.38766],[-89.73407,35.39118],[-89.73155,35.39498],[-89.72782,35.39642],[-89.72339,35.39633],[-89.72334,35.39497],[-89.71084,35.37659],[-89.70618,35.37132],[-89.69991,35.3642],[-89.70826,35.36449],[-89.70837,35.36055],[-89.715,35.36085],[-89.71506,35.35875],[-89.71814,35.35869],[-89.71872,35.35118],[-89.72064,35.35017],[-89.72714,35.3502],[-89.72774,35.3486],[-89.73201,35.3487],[-89.7321,35.3448],[-89.73629,35.34443],[-89.73492,35.3406],[-89.73695,35.33947],[-89.73465,35.33926],[-89.73466,35.33561],[-89.73846,35.33575],[-89.73847,35.33684],[-89.74342,35.33688],[-89.74347,35.33528],[-89.75111,35.336],[-89.75658,35.33412],[-89.76056,35.33817],[-89.76524,35.33166],[-89.76749,35.32936],[-89.7905,35.32324],[-89.79393,35.32249],[-89.80709,35.32383],[-89.83067,35.32584],[-89.83343,35.3227],[-89.8366,35.29992],[-89.83123,35.29962],[-89.85442,35.27637],[-89.85453,35.27626],[-89.86423,35.27565],[-89.86818,35.27604],[-89.87149,35.27476],[-89.88735,35.27501],[-89.89627,35.27516],[-89.91978,35.26661],[-89.92943,35.26294],[-89.96491,35.2582],[-89.96876,35.25447],[-89.97076,35.26355],[-89.96988,35.26711],[-89.96551,35.27159],[-89.97209,35.27151],[-89.98152,35.27238],[-89.98199,35.2737],[-89.97913,35.27678],[-89.97055,35.28488],[-89.97642,35.2855],[-89.97826,35.28664],[-89.97971,35.29035],[-89.98496,35.29078],[-89.98798,35.28844],[-89.98852,35.28498],[-90.00789,35.28619],[-90.01895,35.28729],[-90.02108,35.28697],[-90.02152,35.28544],[-90.02401,35.28582],[-90.02614,35.28491],[-90.027,35.28071],[-90.03416,35.28134],[-90.03299,35.29111],[-90.02979,35.2912],[-90.0288,35.29802],[-90.03197,35.29848],[-90.03171,35.30041],[-90.03823,35.30109],[-90.03983,35.29771],[-90.05168,35.29873],[-90.05231,35.29679],[-90.05771,35.29626],[-90.05828,35.29306],[-90.05537,35.29236],[-90.05529,35.28545],[-90.05763,35.28278],[-90.05988,35.28439],[-90.06351,35.28044],[-90.06793,35.28063],[-90.07169,35.27775],[-90.0705,35.27539],[-90.06423,35.26603],[-90.06322,35.25966],[-90.06378,35.25428],[-90.06932,35.25295],[-90.06921,35.24861],[-90.0714,35.24425],[-90.06936,35.24299],[-90.06705,35.23927],[-90.06623,35.23464],[-90.0666,35.2303],[-90.06391,35.22209],[-90.0621,35.21402],[-90.06123,35.2122],[-90.06326,35.21077],[-90.0773,35.21112],[-90.07547,35.21405],[-90.07486,35.21811],[-90.07616,35.22148],[-90.08454,35.23104],[-90.08635,35.23818],[-90.09434,35.24879],[-90.09767,35.25012],[-90.10514,35.25442],[-90.11205,35.25568],[-90.11735,35.2558],[-90.12783,35.25393],[-90.13972,35.2523],[-90.14632,35.25356],[-90.15209,35.25599],[-90.15882,35.26289],[-90.16659,35.27459],[-90.16879,35.27909],[-90.16887,35.282],[-90.16519,35.29319],[-90.16381,35.29612],[-90.16122,35.29895],[-90.15732,35.30149],[-90.15386,35.30238],[-90.1485,35.30289]],[[-89.87617,35.3316],[-89.87597,35.33309],[-89.86832,35.33242],[-89.86765,35.3374],[-89.87181,35.33777],[-89.87151,35.33998],[-89.87735,35.3405],[-89.87771,35.3383],[-89.87966,35.33815],[-89.88048,35.33198],[-89.87617,35.3316]]]}},{"type":"Feature","properties":{"zcta":"38054","d":0},"geometry":{"type":"Polygon","coordinates":[[[-89.87966,35.33815],[-89.87771,35.3383],[-89.87735,35.3405],[-89.87151,35.33998],[-89.87181,35.33777],[-89.86765,35.3374],[-89.86832,35.33242],[-89.87597,35.33309],[-89.87617,35.3316],[-89.88048,35.33198],[-89.87966,35.33815]]]}},{"type":"Feature","properties":{"zcta":"38068","d":18},"geometry":{"type":"Polygon","coordinates":[[[-89.37081,35.38905],[-89.37496,35.39016],[-89.37446,35.39263],[-89.37528,35.39482],[-89.37401,35.39717],[-89.36987,35.39823],[-89.3685,35.39983],[-89.35662,35.39957],[-89.35679,35.38785],[-89.35426,35.38168],[-89.3503,35.38427],[-89.34666,35.38204],[-89.3389,35.38223],[-89.33812,35.39689],[-89.33879,35.40016],[-89.28029,35.39894],[-89.25006,35.39854],[-89.24753,35.39825],[-89.22041,35.39778],[-89.22104,35.39193],[-89.2206,35.38559],[-89.2186,35.37453],[-89.21611,35.36775],[-89.21142,35.36719],[-89.20948,35.36606],[-89.21121,35.36411],[-89.22147,35.35535],[-89.22283,35.35146],[-89.22249,35.34821],[-89.22406,35.34795],[-89.2266,35.34385],[-89.22658,35.3462],[-89.22932,35.34659],[-89.22924,35.34256],[-89.23297,35.3397],[-89.22672,35.33979],[-89.22287,35.3389],[-89.2191,35.33702],[-89.21913,35.33357],[-89.22094,35.33026],[-89.22228,35.3302],[-89.2223,35.32696],[-89.22361,35.32638],[-89.22355,35.31824],[-89.21673,35.31794],[-89.21393,35.31364],[-89.21333,35.30622],[-89.21351,35.2983],[-89.2317,35.29066],[-89.23117,35.28641],[-89.22982,35.28567],[-89.22836,35.28081],[-89.22934,35.27762],[-89.22701,35.27827],[-89.22222,35.2813],[-89.21965,35.28168],[-89.21743,35.28079],[-89.20207,35.2727],[-89.19789,35.27108],[-89.19424,35.27143],[-89.19234,35.27004],[-89.18853,35.27098],[-89.19033,35.21532],[-89.19421,35.21579],[-89.19626,35.21467],[-89.19738,35.21195],[-89.19243,35.21221],[-89.19293,35.20739],[-89.1906,35.20659],[-89.19156,35.17751],[-89.19432,35.17599],[-89.19746,35.17757],[-89.20045,35.17764],[-89.2051,35.17191],[-89.20975,35.17054],[-89.2127,35.16796],[-89.21616,35.1623],[-89.21906,35.1585],[-89.2245,35.15677],[-89.22665,35.15408],[-89.22451,35.15255],[-89.22563,35.14592],[-89.2244,35.14409],[-89.22015,35.14184],[-89.21886,35.14007],[-89.24833,35.14025],[-89.24777,35.13841],[-89.24497,35.13548],[-89.24319,35.13115],[-89.24324,35.12751],[-89.24466,35.12613],[-89.24535,35.12176],[-89.24469,35.11807],[-89.24228,35.11448],[-89.23926,35.1143],[-89.23613,35.11116],[-89.23452,35.11079],[-89.24276,35.1057],[-89.24932,35.10208],[-89.25033,35.10464],[-89.2522,35.10642],[-89.27726,35.1173],[-89.28241,35.12142],[-89.28599,35.12064],[-89.28692,35.11808],[-89.28974,35.11601],[-89.29362,35.11641],[-89.29594,35.11493],[-89.29766,35.11606],[-89.29833,35.11462],[-89.30248,35.11314],[-89.30145,35.11199],[-89.3049,35.1106],[-89.31233,35.10496],[-89.31732,35.10406],[-89.31955,35.10276],[-89.321,35.10393],[-89.32269,35.1033],[-89.32711,35.09687],[-89.32611,35.09511],[-89.32912,35.09429],[-89.33111,35.09144],[-89.33426,35.09125],[-89.33603,35.08975],[-89.33632,35.08783],[-89.33824,35.08666],[-89.34164,35.08703],[-89.34257,35.09233],[-89.34771,35.09515],[-89.34782,35.09738],[-89.35378,35.10229],[-89.36139,35.10666],[-89.36875,35.1145],[-89.36956,35.11701],[-89.36937,35.12572],[-89.37147,35.12804],[-89.37431,35.13441],[-89.37437,35.13814],[-89.37182,35.14619],[-89.37341,35.14719],[-89.37317,35.1557],[-89.37216,35.15755],[-89.37413,35.15875],[-89.37343,35.16006],[-89.36878,35.15973],[-89.36793,35.16314],[-89.37206,35.16323],[-89.37134,35.1651],[-89.3681,35.16774],[-89.36733,35.16942],[-89.36791,35.17233],[-89.36434,35.17227],[-89.36796,35.1742],[-89.36874,35.176],[-89.36502,35.18244],[-89.36391,35.1866],[-89.38045,35.18371],[-89.38534,35.18385],[-89.383,35.19053],[-89.38327,35.19181],[-89.38722,35.19172],[-89.38698,35.18724],[-89.38773,35.18392],[-89.41376,35.1847],[-89.41343,35.18327],[-89.41364,35.17444],[-89.41144,35.17442],[-89.41136,35.17009],[-89.42263,35.17009],[-89.42344,35.16508],[-89.42334,35.16188],[-89.421,35.16127],[-89.41868,35.15755],[-89.42394,35.15508],[-89.43924,35.15528],[-89.44704,35.15593],[-89.44063,35.16388],[-89.44815,35.16392],[-89.44785,35.17098],[-89.43746,35.17083],[-89.4372,35.17897],[-89.43573,35.17886],[-89.43577,35.18534],[-89.42232,35.18493],[-89.42222,35.19003],[-89.43095,35.19005],[-89.43089,35.2017],[-89.42865,35.20689],[-89.42689,35.20845],[-89.42696,35.21023],[-89.42943,35.21815],[-89.43433,35.22015],[-89.44058,35.22422],[-89.44306,35.22769],[-89.44633,35.22871],[-89.44995,35.22869],[-89.45026,35.22717],[-89.45494,35.22688],[-89.46139,35.22871],[-89.46587,35.231],[-89.46617,35.22916],[-89.46877,35.22764],[-89.4779,35.22603],[-89.48008,35.22467],[-89.48352,35.22415],[-89.48582,35.22074],[-89.49038,35.21969],[-89.49457,35.2177],[-89.49556,35.21922],[-89.49523,35.22873],[-89.49237,35.23026],[-89.49213,35.24072],[-89.49442,35.24086],[-89.49446,35.2486],[-89.49604,35.24895],[-89.49595,35.25718],[-89.50143,35.25745],[-89.50502,35.2548],[-89.50499,35.25764],[-89.50705,35.25769],[-89.50706,35.26284],[-89.50547,35.26277],[-89.50521,35.27388],[-89.51627,35.27408],[-89.51702,35.27694],[-89.52807,35.27724],[-89.52842,35.28064],[-89.53097,35.28501],[-89.53288,35.28527],[-89.53686,35.28744],[-89.52828,35.29128],[-89.54738,35.29223],[-89.53825,35.30181],[-89.53691,35.30232],[-89.51567,35.30624],[-89.49523,35.31332],[-89.49815,35.31681],[-89.50412,35.31653],[-89.51306,35.31768],[-89.51318,35.32105],[-89.51613,35.32181],[-89.516,35.3235],[-89.50501,35.32537],[-89.48939,35.33643],[-89.47272,35.34852],[-89.45252,35.35572],[-89.44808,35.35616],[-89.44519,35.35572],[-89.44148,35.35833],[-89.43847,35.35824],[-89.43646,35.36026],[-89.43228,35.35231],[-89.4278,35.34933],[-89.42589,35.34735],[-89.42491,35.34313],[-89.42234,35.33896],[-89.42004,35.33677],[-89.41686,35.33509],[-89.41273,35.33097],[-89.39924,35.33058],[-89.40091,35.33701],[-89.39159,35.3433],[-89.39006,35.3466],[-89.38756,35.34828],[-89.38537,35.35177],[-89.38693,35.35367],[-89.39228,35.35529],[-89.41196,35.35504],[-89.41423,35.35598],[-89.38942,35.37431],[-89.37081,35.38905]]]}},{"type":"Feature","properties":{"zcta":"38108","d":892},"geometry":{"type":"Polygon","coordinates":[[[-90.01326,35.18636],[-90.00809,35.18772],[-89.99696,35.18944],[-89.99319,35.19056],[-89.98891,35.19008],[-89.98572,35.19158],[-89.98397,35.18844],[-89.98159,35.18801],[-89.97794,35.18887],[-89.97277,35.18806],[-89.97053,35.18715],[-89.96649,35.18344],[-89.96439,35.18296],[-89.96299,35.18297],[-89.95761,35.18515],[-89.9496,35.18619],[-89.9461,35.18604],[-89.93963,35.18942],[-89.93716,35.18934],[-89.93902,35.18724],[-89.93773,35.18528],[-89.93213,35.18393],[-89.92982,35.18599],[-89.92574,35.18583],[-89.92369,35.1803],[-89.90908,35.18479],[-89.90576,35.18117],[-89.90319,35.17749],[-89.89856,35.17291],[-89.89847,35.17281],[-89.90481,35.16695],[-89.91715,35.16689],[-89.92224,35.16659],[-89.9243,35.16953],[-89.92869,35.16966],[-89.92881,35.17281],[-89.93048,35.17201],[-89.93357,35.17241],[-89.93841,35.17581],[-89.95687,35.16999],[-89.95642,35.16737],[-89.95387,35.16419],[-89.95723,35.16214],[-89.96269,35.16014],[-89.96243,35.16842],[-89.96612,35.16731],[-89.96703,35.15903],[-89.97165,35.15796],[-89.97745,35.15789],[-89.98155,35.15839],[-89.98195,35.16021],[-89.98565,35.16131],[-89.98701,35.16326],[-89.987,35.16618],[-89.99084,35.16624],[-89.99082,35.1676],[-89.99659,35.16868],[-90.0056,35.16884],[-90.00898,35.17073],[-90.00845,35.17305],[-90.01038,35.17298],[-90.01265,35.1763],[-90.01804,35.18066],[-90.01795,35.18676],[-90.01326,35.18636]],[[-89.93564,35.17977],[-89.93306,35.17913],[-89.93542,35.17672],[-89.92996,35.17841],[-89.93133,35.17963],[-89.93213,35.18393],[-89.93564,35.17977]]]}},{"type":"Feature","properties":{"zcta":"72332","d":0},"geometry":{"type":"Polygon","coordinates":[[[-90.29771,35.10379],[-90.29595,35.10122],[-90.29348,35.10122],[-90.29351,35.09829],[-90.30583,35.09852],[-90.30683,35.10116],[-90.31129,35.1003],[-90.31123,35.10395],[-90.29771,35.10379]]]}},{"type":"Feature","properties":{"zcta":"38019","d":47},"geometry":{"type":"Polygon","coordinates":[[[-89.52988,35.4754],[-89.53857,35.47538],[-89.54626,35.47586],[-89.54755,35.47638],[-89.56535,35.47751],[-89.56519,35.49152],[-89.577,35.49205],[-89.57892,35.49387],[-89.58188,35.4939],[-89.5817,35.49874],[-89.5847,35.49872],[-89.58464,35.50328],[-89.58626,35.50334],[-89.58792,35.50097],[-89.58798,35.49834],[-89.58455,35.49798],[-89.58474,35.49398],[-89.59474,35.49419],[-89.59883,35.49577],[-89.61004,35.48044],[-89.61188,35.47639],[-89.61578,35.47265],[-89.62264,35.4479],[-89.63791,35.42717],[-89.64484,35.42968],[-89.6544,35.43262],[-89.6537,35.4372],[-89.65344,35.44871],[-89.65515,35.44794],[-89.65592,35.45019],[-89.65637,35.4558],[-89.65321,35.45705],[-89.65289,35.46501],[-89.65602,35.46894],[-89.65585,35.47182],[-89.6501,35.47946],[-89.64951,35.48306],[-89.65986,35.48325],[-89.66218,35.48101],[-89.66701,35.48099],[-89.66526,35.48633],[-89.66023,35.48619],[-89.66017,35.48477],[-89.65409,35.48453],[-89.65401,35.48597],[-89.65688,35.48615],[-89.65674,35.49093],[-89.65217,35.49078],[-89.65111,35.49517],[-89.65342,35.49504],[-89.65344,35.49776],[-89.65953,35.49785],[-89.67025,35.49867],[-89.67022,35.49993],[-89.67693,35.5003],[-89.67766,35.49276],[-89.6739,35.49596],[-89.66903,35.49546],[-89.66906,35.49251],[-89.67563,35.49271],[-89.67648,35.49183],[-89.6824,35.49043],[-89.68263,35.48877],[-89.68478,35.48875],[-89.68068,35.50045],[-89.67546,35.50473],[-89.68258,35.50541],[-89.68679,35.50499],[-89.68797,35.50946],[-89.6907,35.51018],[-89.69059,35.51893],[-89.69337,35.51958],[-89.69336,35.52291],[-89.68555,35.52852],[-89.68749,35.52859],[-89.68735,35.53466],[-89.68934,35.53518],[-89.69209,35.53417],[-89.69913,35.53025],[-89.7092,35.53051],[-89.70917,35.53143],[-89.71431,35.5315],[-89.71442,35.5266],[-89.72129,35.52697],[-89.7306,35.52699],[-89.73062,35.52573],[-89.73608,35.52594],[-89.73742,35.52917],[-89.73959,35.52969],[-89.74095,35.53352],[-89.74691,35.53403],[-89.74667,35.53879],[-89.74929,35.53891],[-89.74841,35.54845],[-89.74625,35.54836],[-89.74639,35.54522],[-89.74249,35.54525],[-89.74299,35.55023],[-89.7414,35.55014],[-89.7391,35.55267],[-89.74324,35.55752],[-89.74554,35.56238],[-89.74717,35.56331],[-89.75737,35.5646],[-89.75812,35.57122],[-89.75487,35.58209],[-89.75894,35.58294],[-89.75872,35.58395],[-89.75479,35.58349],[-89.75479,35.58959],[-89.75919,35.58997],[-89.75816,35.59154],[-89.75407,35.59122],[-89.7524,35.59503],[-89.76279,35.5964],[-89.76453,35.59851],[-89.76757,35.59915],[-89.77209,35.60158],[-89.77329,35.59856],[-89.776,35.59846],[-89.77642,35.59631],[-89.78026,35.59436],[-89.78832,35.59426],[-89.79021,35.59739],[-89.79129,35.6019],[-89.79118,35.60505],[-89.79241,35.60745],[-89.79223,35.61356],[-89.79011,35.61732],[-89.78964,35.62248],[-89.79576,35.62239],[-89.7964,35.62123],[-89.80074,35.61996],[-89.80123,35.62107],[-89.80634,35.62145],[-89.8045,35.62252],[-89.8044,35.6242],[-89.80679,35.62472],[-89.80679,35.62725],[-89.80112,35.62929],[-89.79666,35.6329],[-89.79289,35.63321],[-89.7952,35.63529],[-89.79357,35.63995],[-89.79193,35.6397],[-89.79314,35.63736],[-89.79069,35.63728],[-89.78846,35.63472],[-89.78655,35.63768],[-89.78202,35.63474],[-89.78151,35.63678],[-89.7797,35.63542],[-89.77621,35.638],[-89.76952,35.63859],[-89.77146,35.64082],[-89.77115,35.643],[-89.76843,35.6407],[-89.76566,35.64022],[-89.76425,35.64555],[-89.76294,35.64585],[-89.76012,35.6424],[-89.75911,35.64256],[-89.75774,35.64673],[-89.75812,35.65036],[-89.75248,35.64932],[-89.75058,35.64788],[-89.7515,35.64669],[-89.7406,35.64529],[-89.74114,35.64155],[-89.73973,35.63932],[-89.73856,35.64305],[-89.73598,35.64439],[-89.73183,35.64775],[-89.72879,35.64708],[-89.72708,35.64117],[-89.72894,35.64108],[-89.73017,35.63906],[-89.72741,35.63655],[-89.72681,35.63935],[-89.725,35.63999],[-89.72436,35.63798],[-89.72269,35.63811],[-89.72331,35.64076],[-89.72014,35.6389],[-89.71754,35.63863],[-89.71319,35.63935],[-89.71071,35.64086],[-89.70605,35.63967],[-89.70226,35.64242],[-89.69935,35.64098],[-89.69978,35.6429],[-89.69576,35.64205],[-89.69595,35.64425],[-89.69278,35.64431],[-89.69137,35.6419],[-89.69257,35.63891],[-89.68999,35.63836],[-89.6889,35.63616],[-89.68563,35.6381],[-89.68333,35.63796],[-89.68299,35.63991],[-89.67987,35.63621],[-89.67791,35.63767],[-89.67518,35.63794],[-89.67689,35.63933],[-89.67588,35.64041],[-89.67163,35.63876],[-89.67041,35.63501],[-89.66837,35.63183],[-89.66547,35.6319],[-89.66721,35.63572],[-89.66497,35.63568],[-89.66226,35.63206],[-89.66113,35.63179],[-89.65899,35.63565],[-89.65825,35.6334],[-89.65442,35.63583],[-89.653,35.63844],[-89.65071,35.63947],[-89.65327,35.64213],[-89.65379,35.64484],[-89.65209,35.6446],[-89.65014,35.64645],[-89.65049,35.64855],[-89.64766,35.64706],[-89.64049,35.64508],[-89.63981,35.64656],[-89.6374,35.64562],[-89.631,35.64505],[-89.63282,35.64797],[-89.63265,35.65033],[-89.63096,35.65072],[-89.6269,35.64872],[-89.62543,35.651],[-89.62301,35.65234],[-89.62299,35.64999],[-89.61915,35.64815],[-89.6216,35.64709],[-89.61824,35.6458],[-89.61574,35.64351],[-89.61298,35.64324],[-89.61422,35.64095],[-89.61609,35.64063],[-89.61478,35.63908],[-89.61569,35.63687],[-89.61334,35.63665],[-89.61368,35.63802],[-89.6095,35.63705],[-89.60786,35.63559],[-89.60881,35.63296],[-89.60486,35.63076],[-89.60679,35.62799],[-89.60215,35.62378],[-89.60197,35.62564],[-89.60395,35.62622],[-89.6027,35.62887],[-89.59988,35.62874],[-89.59791,35.63011],[-89.58791,35.62538],[-89.58512,35.62563],[-89.58644,35.6227],[-89.5831,35.61791],[-89.58153,35.62141],[-89.57895,35.61921],[-89.57992,35.61672],[-89.57664,35.61484],[-89.57611,35.61744],[-89.57427,35.61878],[-89.57446,35.61671],[-89.57209,35.61386],[-89.56697,35.61403],[-89.565,35.61276],[-89.56285,35.61365],[-89.56016,35.61307],[-89.56167,35.6107],[-89.55662,35.61094],[-89.5555,35.61019],[-89.55569,35.60537],[-89.55369,35.60439],[-89.55398,35.6071],[-89.55212,35.60863],[-89.55223,35.60624],[-89.55063,35.60595],[-89.54794,35.60777],[-89.54759,35.61004],[-89.54472,35.6093],[-89.54411,35.60762],[-89.54548,35.60593],[-89.54525,35.60408],[-89.54225,35.60287],[-89.54121,35.60429],[-89.53779,35.60455],[-89.53553,35.60289],[-89.53211,35.6026],[-89.53197,35.60102],[-89.53549,35.5964],[-89.52959,35.5975],[-89.52861,35.59875],[-89.52611,35.59817],[-89.52738,35.59232],[-89.52613,35.58994],[-89.52601,35.5948],[-89.52449,35.59507],[-89.52208,35.59335],[-89.5214,35.59581],[-89.51904,35.59312],[-89.52124,35.59011],[-89.51696,35.58834],[-89.51437,35.58908],[-89.51149,35.588],[-89.51098,35.58507],[-89.51209,35.58253],[-89.51032,35.58078],[-89.50758,35.58308],[-89.50622,35.58225],[-89.50728,35.58045],[-89.50212,35.58062],[-89.49811,35.57559],[-89.49377,35.57675],[-89.48416,35.57436],[-89.48892,35.57144],[-89.48878,35.56819],[-89.48791,35.56965],[-89.4848,35.56854],[-89.48242,35.56523],[-89.479,35.56422],[-89.4774,35.56075],[-89.48029,35.55666],[-89.48201,35.55549],[-89.48045,35.55449],[-89.48059,35.55064],[-89.4828,35.54912],[-89.4827,35.54664],[-89.47727,35.54632],[-89.47665,35.54883],[-89.47481,35.54603],[-89.47155,35.54424],[-89.47266,35.54742],[-89.46986,35.54657],[-89.4699,35.54547],[-89.49393,35.51603],[-89.49686,35.51181],[-89.50462,35.51221],[-89.50478,35.51757],[-89.50883,35.51773],[-89.51329,35.51707],[-89.51284,35.5127],[-89.5151,35.51279],[-89.51512,35.51135],[-89.51822,35.5112],[-89.51898,35.50541],[-89.52031,35.48795],[-89.51849,35.47494],[-89.52988,35.4754]],[[-89.71683,35.53823],[-89.71576,35.53615],[-89.71441,35.53706],[-89.70318,35.53655],[-89.70177,35.53395],[-89.69744,35.53389],[-89.69736,35.53599],[-89.69207,35.53573],[-89.69173,35.54346],[-89.68985,35.54341],[-89.69063,35.54585],[-89.6905,35.55074],[-89.70064,35.55116],[-89.70058,35.55195],[-89.70508,35.55212],[-89.7038,35.55778],[-89.71149,35.55693],[-89.71159,35.55554],[-89.7181,35.55557],[-89.71829,35.55167],[-89.72523,35.55183],[-89.72557,35.54966],[-89.72578,35.53902],[-89.71683,35.53823]]]}},{"type":"Feature","properties":{"zcta":"72325","d":0},"geometry":{"type":"Polygon","coordinates":[[[-90.24225,35.3069],[-90.25133,35.30695],[-90.26683,35.33606],[-90.27469,35.35085],[-90.24987,35.35062],[-90.243,35.32658],[-90.23612,35.30924],[-90.24225,35.3069]]]}},{"type":"Feature","properties":{"zcta":"38635","d":18},"geometry":{"type":"Polygon","coordinates":[[[-89.66958,34.68578],[-89.66975,34.70114],[-89.65503,34.70144],[-89.6552,34.71529],[-89.64781,34.71524],[-89.64242,34.71389],[-89.63434,34.71538],[-89.62537,34.71539],[-89.62559,34.72275],[-89.60348,34.72314],[-89.60348,34.71715],[-89.59936,34.7171],[-89.59567,34.71937],[-89.58591,34.71953],[-89.58207,34.72078],[-89.57832,34.7255],[-89.57623,34.72631],[-89.57292,34.73023],[-89.57285,34.73638],[-89.57168,34.73955],[-89.56866,34.74421],[-89.56624,34.74518],[-89.56375,34.74903],[-89.58173,34.75293],[-89.5817,34.75995],[-89.57965,34.76494],[-89.58135,34.76627],[-89.58376,34.76637],[-89.58963,34.77243],[-89.58988,34.77377],[-89.59449,34.77375],[-89.59617,34.77645],[-89.59954,34.77737],[-89.60795,34.77711],[-89.60807,34.78763],[-89.60787,34.79424],[-89.61211,34.80003],[-89.61298,34.80216],[-89.61756,34.80261],[-89.61758,34.80907],[-89.61453,34.80885],[-89.61381,34.81097],[-89.60908,34.81167],[-89.60802,34.81353],[-89.60406,34.81566],[-89.60248,34.82099],[-89.6008,34.8227],[-89.59659,34.82521],[-89.59199,34.82672],[-89.58321,34.82794],[-89.58145,34.82855],[-89.57343,34.82829],[-89.56969,34.82708],[-89.56458,34.82311],[-89.56518,34.87511],[-89.55487,34.87499],[-89.54993,34.87033],[-89.5467,34.8701],[-89.54516,34.86851],[-89.54226,34.86765],[-89.53572,34.86721],[-89.53424,34.86318],[-89.53079,34.86055],[-89.52993,34.8608],[-89.51311,34.86063],[-89.494,34.8607],[-89.49399,34.86611],[-89.49929,34.87047],[-89.52026,34.8803],[-89.52078,34.8821],[-89.52318,34.88239],[-89.52327,34.88914],[-89.52045,34.88938],[-89.52064,34.89459],[-89.52002,34.91167],[-89.51193,34.91133],[-89.50839,34.91224],[-89.50838,34.91846],[-89.51036,34.91844],[-89.51011,34.92586],[-89.50903,34.9258],[-89.51082,34.92976],[-89.51465,34.92923],[-89.51465,34.93515],[-89.52961,34.9341],[-89.52968,34.94449],[-89.522,34.9455],[-89.51387,34.9454],[-89.51615,34.95037],[-89.51609,34.95358],[-89.52059,34.95293],[-89.52157,34.94777],[-89.5243,34.94768],[-89.52449,34.95022],[-89.52577,34.95035],[-89.52562,34.95297],[-89.52428,34.95501],[-89.51683,34.95515],[-89.51676,34.95579],[-89.52939,34.95619],[-89.52914,34.96223],[-89.52875,34.99483],[-89.51115,34.99476],[-89.49374,34.99436],[-89.48446,34.99396],[-89.46631,34.99389],[-89.46691,34.99133],[-89.46859,34.99078],[-89.4699,34.98789],[-89.47164,34.98632],[-89.47208,34.98266],[-89.46912,34.98119],[-89.46724,34.9764],[-89.44098,34.97625],[-89.44097,34.97456],[-89.4438,34.97445],[-89.44405,34.9686],[-89.44983,34.96878],[-89.44994,34.95459],[-89.45344,34.95445],[-89.4535,34.95059],[-89.44903,34.94987],[-89.44121,34.94994],[-89.44187,34.94558],[-89.44557,34.94572],[-89.44543,34.93983],[-89.4498,34.93918],[-89.44975,34.93257],[-89.44497,34.93229],[-89.44515,34.92532],[-89.44437,34.91679],[-89.44131,34.91656],[-89.44097,34.91383],[-89.43842,34.91194],[-89.4324,34.90503],[-89.43181,34.90346],[-89.42294,34.90357],[-89.42334,34.918],[-89.42235,34.91791],[-89.42309,34.94607],[-89.42289,34.9465],[-89.40608,34.94626],[-89.40638,34.9413],[-89.40581,34.93893],[-89.40589,34.91775],[-89.41181,34.91781],[-89.41196,34.90909],[-89.41041,34.87223],[-89.4125,34.87149],[-89.41075,34.86737],[-89.41139,34.86666],[-89.39723,34.86653],[-89.39726,34.87386],[-89.40204,34.87398],[-89.39924,34.88087],[-89.39562,34.88537],[-89.39402,34.88634],[-89.38578,34.88917],[-89.38227,34.88835],[-89.38076,34.8933],[-89.37621,34.89814],[-89.37197,34.90579],[-89.37078,34.90956],[-89.37062,34.91742],[-89.35286,34.91725],[-89.3529,34.86096],[-89.35225,34.85898],[-89.34227,34.85884],[-89.33593,34.85913],[-89.32771,34.85898],[-89.32684,34.85741],[-89.31949,34.85862],[-89.31025,34.85893],[-89.30811,34.86065],[-89.30614,34.85929],[-89.29915,34.859],[-89.27999,34.85911],[-89.27693,34.85775],[-89.27702,34.85548],[-89.27357,34.85729],[-89.27323,34.85163],[-89.26945,34.85168],[-89.26929,34.84517],[-89.26368,34.84481],[-89.26279,34.83886],[-89.26044,34.83876],[-89.25588,34.83407],[-89.25385,34.82708],[-89.25041,34.82474],[-89.24913,34.82269],[-89.24647,34.82113],[-89.24524,34.81545],[-89.26388,34.81548],[-89.26375,34.81394],[-89.25738,34.80847],[-89.25169,34.80795],[-89.25073,34.80446],[-89.25147,34.79519],[-89.25216,34.79058],[-89.25376,34.78451],[-89.25097,34.78291],[-89.24907,34.78063],[-89.24858,34.77757],[-89.2451,34.77601],[-89.25042,34.77457],[-89.25238,34.77259],[-89.2535,34.77166],[-89.26067,34.77022],[-89.26286,34.76868],[-89.26485,34.76232],[-89.26645,34.75997],[-89.26645,34.7575],[-89.27405,34.75371],[-89.27788,34.75271],[-89.28576,34.74873],[-89.28359,34.74677],[-89.28403,34.74449],[-89.28676,34.74185],[-89.29061,34.73976],[-89.29151,34.73836],[-89.29032,34.73558],[-89.29624,34.7357],[-89.29888,34.73481],[-89.2989,34.73103],[-89.33343,34.7312],[-89.33446,34.72751],[-89.33714,34.72368],[-89.34192,34.72497],[-89.34204,34.72346],[-89.33367,34.71728],[-89.33255,34.71551],[-89.33274,34.71186],[-89.33074,34.70991],[-89.33075,34.70771],[-89.32931,34.70661],[-89.3454,34.71517],[-89.34729,34.71513],[-89.34938,34.71252],[-89.35369,34.71279],[-89.358,34.71582],[-89.36262,34.71468],[-89.36719,34.71707],[-89.3693,34.7153],[-89.36921,34.7076],[-89.3701,34.70038],[-89.36817,34.69979],[-89.36287,34.69622],[-89.35897,34.69581],[-89.35917,34.69442],[-89.36188,34.69458],[-89.37006,34.69343],[-89.3741,34.68978],[-89.37523,34.6875],[-89.37856,34.68502],[-89.38172,34.68662],[-89.39001,34.69269],[-89.39048,34.68976],[-89.39202,34.68712],[-89.39265,34.68385],[-89.39014,34.67801],[-89.38976,34.67066],[-89.38881,34.66269],[-89.38597,34.65841],[-89.38633,34.65655],[-89.38907,34.65387],[-89.3906,34.64597],[-89.39328,34.64322],[-89.39327,34.64082],[-89.39479,34.63884],[-89.39535,34.63505],[-89.39694,34.63406],[-89.40435,34.63401],[-89.40449,34.66255],[-89.40603,34.66413],[-89.40536,34.66853],[-89.40793,34.66868],[-89.40882,34.6718],[-89.40743,34.67463],[-89.41001,34.67917],[-89.41236,34.68067],[-89.41664,34.68473],[-89.42221,34.68495],[-89.45725,34.68572],[-89.45448,34.68049],[-89.45364,34.67563],[-89.45506,34.65404],[-89.4572,34.64762],[-89.46458,34.65024],[-89.47469,34.64883],[-89.47834,34.64958],[-89.47931,34.65113],[-89.48201,34.65219],[-89.48743,34.65625],[-89.49391,34.65528],[-89.49609,34.65625],[-89.5101,34.65655],[-89.51433,34.65703],[-89.51585,34.65985],[-89.5208,34.66053],[-89.52446,34.6584],[-89.5281,34.659],[-89.52803,34.63899],[-89.54538,34.6296],[-89.54583,34.62203],[-89.54527,34.61356],[-89.54883,34.60901],[-89.54975,34.60871],[-89.55012,34.60412],[-89.5571,34.60032],[-89.56114,34.59959],[-89.56566,34.60104],[-89.57178,34.59216],[-89.57351,34.58175],[-89.57946,34.58169],[-89.5803,34.5809],[-89.58027,34.57689],[-89.58645,34.57686],[-89.58747,34.57523],[-89.596,34.57516],[-89.59654,34.56945],[-89.60572,34.57001],[-89.6069,34.56945],[-89.61279,34.56963],[-89.61772,34.57725],[-89.61964,34.57761],[-89.62712,34.58072],[-89.66845,34.55437],[-89.66892,34.58723],[-89.669,34.6128],[-89.69736,34.61252],[-89.69723,34.6143],[-89.69873,34.61689],[-89.69791,34.61885],[-89.69207,34.62104],[-89.69153,34.62468],[-89.69001,34.62897],[-89.68692,34.6303],[-89.68693,34.64189],[-89.6917,34.64231],[-89.69149,34.64506],[-89.69302,34.64758],[-89.70013,34.64775],[-89.70027,34.65204],[-89.70275,34.65213],[-89.70256,34.65628],[-89.70446,34.65609],[-89.7046,34.65995],[-89.71337,34.66004],[-89.71394,34.67644],[-89.71091,34.67633],[-89.70446,34.67845],[-89.70445,34.68113],[-89.70076,34.68141],[-89.69623,34.6802],[-89.6925,34.68005],[-89.69075,34.67876],[-89.68897,34.68566],[-89.66958,34.68578]],[[-89.3717,34.71019],[-89.37281,34.7137],[-89.378,34.71362],[-89.37796,34.71029],[-89.3717,34.71019]]]}},{"type":"Feature","properties":{"zcta":"38659","d":10},"geometry":{"type":"MultiPolygon","coordinates":[[[[-89.378,34.71362],[-89.37281,34.7137],[-89.3717,34.71019],[-89.37796,34.71029],[-89.378,34.71362]]],[[[-89.39535,34.63505],[-89.39479,34.63884],[-89.39327,34.64082],[-89.39328,34.64322],[-89.3906,34.64597],[-89.38907,34.65387],[-89.38633,34.65655],[-89.38597,34.65841],[-89.38881,34.66269],[-89.38976,34.67066],[-89.39014,34.67801],[-89.39265,34.68385],[-89.39202,34.68712],[-89.39048,34.68976],[-89.39001,34.69269],[-89.38172,34.68662],[-89.37856,34.68502],[-89.37523,34.6875],[-89.3741,34.68978],[-89.37006,34.69343],[-89.36188,34.69458],[-89.35917,34.69442],[-89.35897,34.69581],[-89.36287,34.69622],[-89.36817,34.69979],[-89.3701,34.70038],[-89.36921,34.7076],[-89.3693,34.7153],[-89.36719,34.71707],[-89.36262,34.71468],[-89.358,34.71582],[-89.35369,34.71279],[-89.34938,34.71252],[-89.34729,34.71513],[-89.3454,34.71517],[-89.32931,34.70661],[-89.33075,34.70771],[-89.33074,34.70991],[-89.33274,34.71186],[-89.33255,34.71551],[-89.33367,34.71728],[-89.34204,34.72346],[-89.34192,34.72497],[-89.33714,34.72368],[-89.33446,34.72751],[-89.33343,34.7312],[-89.2989,34.73103],[-89.29888,34.73481],[-89.29624,34.7357],[-89.29032,34.73558],[-89.29151,34.73836],[-89.29061,34.73976],[-89.28676,34.74185],[-89.28403,34.74449],[-89.28359,34.74677],[-89.28576,34.74873],[-89.27788,34.75271],[-89.27405,34.75371],[-89.26645,34.7575],[-89.26645,34.75997],[-89.26485,34.76232],[-89.26286,34.76868],[-89.26067,34.77022],[-89.2535,34.77166],[-89.25238,34.77259],[-89.25323,34.77087],[-89.25158,34.76914],[-89.25257,34.76466],[-89.25176,34.76259],[-89.24977,34.76133],[-89.25007,34.75813],[-89.24793,34.75692],[-89.24829,34.75364],[-89.24591,34.75112],[-89.24611,34.74844],[-89.24063,34.74779],[-89.2398,34.74571],[-89.23645,34.743],[-89.23265,34.74245],[-89.23157,34.74037],[-89.23498,34.73952],[-89.2358,34.73364],[-89.23471,34.73154],[-89.23668,34.73106],[-89.23389,34.72857],[-89.2346,34.7247],[-89.23597,34.72385],[-89.2345,34.72162],[-89.23443,34.71908],[-89.23817,34.71793],[-89.2461,34.7129],[-89.24856,34.71029],[-89.25953,34.69707],[-89.26754,34.68014],[-89.2701,34.67687],[-89.28157,34.6678],[-89.28158,34.65576],[-89.29104,34.65549],[-89.29844,34.65569],[-89.29835,34.6454],[-89.29531,34.64548],[-89.28785,34.6405],[-89.28163,34.63841],[-89.27697,34.63767],[-89.2633,34.63646],[-89.2648,34.63145],[-89.2715,34.63055],[-89.27431,34.62942],[-89.27611,34.62169],[-89.27807,34.61793],[-89.27448,34.61268],[-89.27389,34.61004],[-89.27454,34.60662],[-89.27653,34.60652],[-89.27811,34.60382],[-89.28349,34.60224],[-89.28166,34.59599],[-89.28172,34.59319],[-89.28062,34.58899],[-89.2793,34.58733],[-89.27768,34.58306],[-89.24564,34.58323],[-89.24572,34.55042],[-89.24592,34.53977],[-89.24611,34.49586],[-89.24882,34.49493],[-89.24959,34.49692],[-89.24667,34.49752],[-89.24892,34.49961],[-89.25041,34.49964],[-89.25125,34.49649],[-89.25318,34.49604],[-89.25628,34.49779],[-89.25802,34.49686],[-89.25799,34.50042],[-89.26122,34.50147],[-89.26322,34.50073],[-89.26199,34.50378],[-89.26431,34.50543],[-89.2697,34.50518],[-89.26943,34.5069],[-89.27262,34.50646],[-89.27475,34.50775],[-89.2742,34.50557],[-89.2761,34.50517],[-89.27779,34.50651],[-89.28003,34.50635],[-89.28248,34.50898],[-89.28451,34.50689],[-89.28657,34.5084],[-89.28726,34.50614],[-89.2891,34.5064],[-89.28832,34.50977],[-89.29011,34.51109],[-89.28939,34.513],[-89.29101,34.51328],[-89.2929,34.51715],[-89.29466,34.51474],[-89.29631,34.51625],[-89.29509,34.51839],[-89.2976,34.51933],[-89.29719,34.51725],[-89.3005,34.5135],[-89.30335,34.51664],[-89.31048,34.51757],[-89.31112,34.51999],[-89.31286,34.51952],[-89.31522,34.52146],[-89.31334,34.52314],[-89.31509,34.52436],[-89.31731,34.52295],[-89.31887,34.52022],[-89.32258,34.52141],[-89.32311,34.52282],[-89.32644,34.52313],[-89.32575,34.52597],[-89.32897,34.52529],[-89.33075,34.52312],[-89.33006,34.52624],[-89.33189,34.5269],[-89.3327,34.52455],[-89.33516,34.52394],[-89.33445,34.52267],[-89.33642,34.52215],[-89.33734,34.52481],[-89.33931,34.52336],[-89.34261,34.52442],[-89.34321,34.52115],[-89.34451,34.52231],[-89.34335,34.52401],[-89.34494,34.52594],[-89.34617,34.52546],[-89.34732,34.522],[-89.35368,34.52225],[-89.35438,34.52552],[-89.35357,34.52722],[-89.35672,34.52518],[-89.35918,34.52486],[-89.35896,34.52358],[-89.36277,34.52241],[-89.3622,34.52515],[-89.36441,34.52391],[-89.36585,34.5263],[-89.3667,34.5238],[-89.36424,34.52174],[-89.3638,34.51956],[-89.36786,34.51955],[-89.369,34.52056],[-89.36983,34.51862],[-89.37612,34.52047],[-89.37945,34.51687],[-89.37885,34.51897],[-89.38155,34.52066],[-89.38492,34.5202],[-89.38597,34.51902],[-89.3866,34.52109],[-89.38916,34.52223],[-89.38903,34.52424],[-89.39201,34.52531],[-89.394,34.52396],[-89.39621,34.52563],[-89.39766,34.52474],[-89.40147,34.52561],[-89.40198,34.52807],[-89.40435,34.52711],[-89.40408,34.53003],[-89.40407,34.56271],[-89.40305,34.56631],[-89.40536,34.56982],[-89.40441,34.57304],[-89.4029,34.57386],[-89.40361,34.57875],[-89.40282,34.57954],[-89.40265,34.58371],[-89.39871,34.58596],[-89.39629,34.58827],[-89.3948,34.59125],[-89.39265,34.59313],[-89.40392,34.60072],[-89.40434,34.60835],[-89.40489,34.60915],[-89.39903,34.61259],[-89.39407,34.61325],[-89.39156,34.61216],[-89.38838,34.6135],[-89.38624,34.61324],[-89.38311,34.61575],[-89.38177,34.62048],[-89.37874,34.62285],[-89.37724,34.62501],[-89.37986,34.62829],[-89.38449,34.62853],[-89.38756,34.63016],[-89.39139,34.63378],[-89.39694,34.63406],[-89.39535,34.63505]]]]}},{"type":"Feature","properties":{"zcta":"72331","d":6},"geometry":{"type":"Polygon","coordinates":[[[-90.3596,35.36672],[-90.33379,35.36629],[-90.33737,35.3601],[-90.33897,35.35413],[-90.33858,35.35184],[-90.31155,35.35144],[-90.30193,35.33649],[-90.29767,35.32927],[-90.32446,35.32955],[-90.32495,35.32924],[-90.33159,35.31834],[-90.33159,35.30778],[-90.34187,35.30807],[-90.34568,35.30974],[-90.35417,35.31478],[-90.36496,35.31577],[-90.37857,35.31596],[-90.37896,35.30188],[-90.37876,35.2972],[-90.371,35.29389],[-90.36124,35.29385],[-90.36165,35.2792],[-90.36722,35.27699],[-90.38278,35.26491],[-90.38985,35.26507],[-90.39361,35.26885],[-90.39741,35.27122],[-90.39799,35.25583],[-90.40249,35.25446],[-90.40902,35.2518],[-90.41816,35.24967],[-90.43526,35.25378],[-90.43928,35.2571],[-90.44036,35.25657],[-90.43888,35.25423],[-90.43639,35.25307],[-90.43342,35.25023],[-90.43342,35.24904],[-90.39843,35.23678],[-90.39971,35.18415],[-90.41753,35.17975],[-90.41767,35.17791],[-90.42998,35.17821],[-90.43068,35.18283],[-90.43263,35.18623],[-90.43579,35.18932],[-90.43733,35.19239],[-90.43735,35.195],[-90.4386,35.19606],[-90.43778,35.19962],[-90.43802,35.20244],[-90.43469,35.20541],[-90.4346,35.20693],[-90.45236,35.20727],[-90.45354,35.18097],[-90.45379,35.17899],[-90.46242,35.17475],[-90.463,35.16982],[-90.47079,35.17003],[-90.47499,35.1669],[-90.48893,35.17725],[-90.50628,35.19302],[-90.50653,35.17875],[-90.50221,35.17882],[-90.50232,35.17337],[-90.48926,35.17313],[-90.48863,35.16692],[-90.48861,35.15952],[-90.48917,35.14401],[-90.50303,35.14422],[-90.50302,35.14329],[-90.55609,35.14399],[-90.55893,35.14806],[-90.56147,35.14895],[-90.56698,35.14871],[-90.57584,35.14743],[-90.58295,35.14774],[-90.58935,35.14999],[-90.5942,35.15294],[-90.59924,35.15887],[-90.60038,35.16168],[-90.60193,35.17147],[-90.60068,35.17701],[-90.59877,35.17966],[-90.56011,35.17928],[-90.5599,35.19152],[-90.55821,35.19162],[-90.55607,35.1939],[-90.54787,35.19385],[-90.54221,35.19063],[-90.54201,35.18656],[-90.52427,35.18629],[-90.52353,35.20454],[-90.52265,35.24934],[-90.5243,35.25305],[-90.52244,35.26117],[-90.50777,35.25831],[-90.5049,35.25844],[-90.50468,35.26642],[-90.51253,35.26459],[-90.51665,35.26438],[-90.52334,35.26702],[-90.52537,35.26888],[-90.52595,35.27093],[-90.52387,35.274],[-90.52388,35.27605],[-90.52602,35.28004],[-90.52786,35.28191],[-90.53124,35.28312],[-90.55382,35.2721],[-90.55474,35.27231],[-90.55445,35.27814],[-90.55844,35.28089],[-90.55908,35.28469],[-90.56304,35.28773],[-90.56566,35.28693],[-90.57714,35.29193],[-90.58184,35.29573],[-90.5859,35.29601],[-90.59096,35.29795],[-90.5907,35.30128],[-90.5875,35.30204],[-90.58134,35.29963],[-90.57739,35.2991],[-90.57371,35.30067],[-90.57268,35.30252],[-90.57344,35.30498],[-90.57828,35.30861],[-90.57889,35.31218],[-90.57736,35.31377],[-90.57145,35.31546],[-90.56932,35.31528],[-90.56738,35.31372],[-90.56314,35.30558],[-90.5598,35.30456],[-90.55765,35.30553],[-90.55663,35.30911],[-90.55801,35.31357],[-90.55689,35.31552],[-90.55285,35.31804],[-90.54936,35.32104],[-90.54849,35.32347],[-90.54828,35.32873],[-90.54897,35.33075],[-90.55156,35.3323],[-90.55526,35.33218],[-90.55621,35.33365],[-90.55547,35.33651],[-90.55182,35.33798],[-90.54889,35.33776],[-90.54576,35.33564],[-90.54208,35.33465],[-90.5402,35.33324],[-90.53989,35.32941],[-90.53844,35.32772],[-90.5364,35.32748],[-90.53306,35.329],[-90.53055,35.33378],[-90.53097,35.33658],[-90.53407,35.33924],[-90.5391,35.34175],[-90.54252,35.34891],[-90.5427,35.35096],[-90.54097,35.35261],[-90.53687,35.35428],[-90.53245,35.35516],[-90.52461,35.35505],[-90.52042,35.35659],[-90.51719,35.35919],[-90.5161,35.36117],[-90.51591,35.36571],[-90.51678,35.36794],[-90.52013,35.37139],[-90.52295,35.37225],[-90.53203,35.37232],[-90.54151,35.37151],[-90.54867,35.36682],[-90.5534,35.36282],[-90.55623,35.3615],[-90.5614,35.36025],[-90.5652,35.35806],[-90.56806,35.35784],[-90.57219,35.35872],[-90.57399,35.35993],[-90.57723,35.36446],[-90.57704,35.36864],[-90.5742,35.37288],[-90.57137,35.3742],[-90.56271,35.37456],[-90.55422,35.37649],[-90.54927,35.37989],[-90.54417,35.38444],[-90.54323,35.38602],[-90.5435,35.38868],[-90.54718,35.39169],[-90.55592,35.39611],[-90.55778,35.39739],[-90.55837,35.39977],[-90.556,35.40163],[-90.54664,35.40269],[-90.54447,35.4034],[-90.54284,35.40589],[-90.54358,35.4113],[-90.54889,35.41267],[-90.55195,35.41535],[-90.54999,35.41667],[-90.54185,35.41624],[-90.53783,35.41739],[-90.53571,35.42022],[-90.53972,35.42939],[-90.53979,35.43339],[-90.53599,35.43659],[-90.53114,35.43721],[-90.5193,35.43739],[-90.51426,35.44002],[-90.51048,35.44037],[-90.50677,35.43866],[-90.5024,35.43879],[-90.50303,35.37597],[-90.48406,35.37581],[-90.48411,35.39064],[-90.47678,35.39058],[-90.47694,35.38763],[-90.47256,35.38394],[-90.46664,35.38064],[-90.46644,35.38296],[-90.4346,35.38252],[-90.43237,35.38222],[-90.44764,35.37697],[-90.45312,35.37683],[-90.45192,35.37351],[-90.45246,35.37011],[-90.45229,35.36537],[-90.45465,35.36408],[-90.45707,35.36152],[-90.45968,35.35528],[-90.45862,35.34953],[-90.45757,35.3472],[-90.45126,35.3426],[-90.44751,35.34247],[-90.4469,35.34008],[-90.44348,35.33988],[-90.44014,35.34181],[-90.44048,35.34431],[-90.43992,35.35205],[-90.43552,35.35796],[-90.43216,35.36033],[-90.42129,35.36417],[-90.41796,35.36648],[-90.41765,35.36763],[-90.40164,35.36747],[-90.38694,35.36685],[-90.3864,35.36832],[-90.38624,35.38152],[-90.38151,35.38162],[-90.35934,35.3813],[-90.3596,35.36672]]]}},{"type":"Feature","properties":{"zcta":"38011","d":72},"geometry":{"type":"MultiPolygon","coordinates":[[[[-89.72557,35.54966],[-89.72523,35.55183],[-89.71829,35.55167],[-89.7181,35.55557],[-89.71159,35.55554],[-89.71149,35.55693],[-89.7038,35.55778],[-89.70508,35.55212],[-89.70058,35.55195],[-89.70064,35.55116],[-89.6905,35.55074],[-89.69063,35.54585],[-89.68985,35.54341],[-89.69173,35.54346],[-89.69207,35.53573],[-89.69736,35.53599],[-89.69744,35.53389],[-89.70177,35.53395],[-89.70318,35.53655],[-89.71441,35.53706],[-89.71576,35.53615],[-89.71683,35.53823],[-89.72578,35.53902],[-89.72557,35.54966]]],[[[-89.74717,35.56331],[-89.74554,35.56238],[-89.74324,35.55752],[-89.7391,35.55267],[-89.7414,35.55014],[-89.74299,35.55023],[-89.74249,35.54525],[-89.74639,35.54522],[-89.74625,35.54836],[-89.74841,35.54845],[-89.74929,35.53891],[-89.74667,35.53879],[-89.74691,35.53403],[-89.74095,35.53352],[-89.73959,35.52969],[-89.73742,35.52917],[-89.73608,35.52594],[-89.73062,35.52573],[-89.7306,35.52699],[-89.72129,35.52697],[-89.71442,35.5266],[-89.71431,35.5315],[-89.70917,35.53143],[-89.7092,35.53051],[-89.69913,35.53025],[-89.69209,35.53417],[-89.68934,35.53518],[-89.68735,35.53466],[-89.68749,35.52859],[-89.68555,35.52852],[-89.69336,35.52291],[-89.69337,35.51958],[-89.69059,35.51893],[-89.6907,35.51018],[-89.68797,35.50946],[-89.68679,35.50499],[-89.68258,35.50541],[-89.67546,35.50473],[-89.68068,35.50045],[-89.68478,35.48875],[-89.68263,35.48877],[-89.6824,35.49043],[-89.67648,35.49183],[-89.67563,35.49271],[-89.66906,35.49251],[-89.66903,35.49546],[-89.6739,35.49596],[-89.67766,35.49276],[-89.67693,35.5003],[-89.67022,35.49993],[-89.67025,35.49867],[-89.65953,35.49785],[-89.65344,35.49776],[-89.65342,35.49504],[-89.65111,35.49517],[-89.65217,35.49078],[-89.65674,35.49093],[-89.65688,35.48615],[-89.65401,35.48597],[-89.65409,35.48453],[-89.66017,35.48477],[-89.66023,35.48619],[-89.66526,35.48633],[-89.66701,35.48099],[-89.66218,35.48101],[-89.65986,35.48325],[-89.64951,35.48306],[-89.6501,35.47946],[-89.65585,35.47182],[-89.65602,35.46894],[-89.65289,35.46501],[-89.65321,35.45705],[-89.65637,35.4558],[-89.65592,35.45019],[-89.65515,35.44794],[-89.65344,35.44871],[-89.6537,35.4372],[-89.6544,35.43262],[-89.64484,35.42968],[-89.63791,35.42717],[-89.63897,35.42565],[-89.64106,35.40254],[-89.64063,35.39858],[-89.6428,35.38798],[-89.69567,35.38888],[-89.69724,35.38751],[-89.69778,35.38457],[-89.69052,35.38198],[-89.69398,35.38175],[-89.69422,35.37579],[-89.69653,35.37689],[-89.70251,35.37708],[-89.70481,35.37551],[-89.70436,35.37398],[-89.70648,35.37263],[-89.70618,35.37132],[-89.71084,35.37659],[-89.72334,35.39497],[-89.72339,35.39633],[-89.72097,35.39608],[-89.71365,35.39782],[-89.70717,35.39784],[-89.70695,35.4031],[-89.70414,35.40878],[-89.70928,35.40948],[-89.71018,35.40438],[-89.72033,35.40651],[-89.72106,35.41372],[-89.7195,35.41705],[-89.7155,35.4196],[-89.71107,35.4288],[-89.71101,35.43138],[-89.70917,35.43317],[-89.70926,35.4369],[-89.71159,35.43814],[-89.71669,35.43826],[-89.71676,35.44283],[-89.72069,35.44288],[-89.72083,35.43601],[-89.73158,35.43617],[-89.7306,35.44369],[-89.7297,35.44516],[-89.72975,35.44964],[-89.73374,35.44701],[-89.73422,35.45263],[-89.73914,35.45324],[-89.73869,35.45562],[-89.73735,35.45552],[-89.73661,35.46136],[-89.73539,35.46126],[-89.73424,35.46978],[-89.7305,35.47252],[-89.72774,35.47574],[-89.73052,35.47653],[-89.73316,35.47848],[-89.74475,35.46914],[-89.75008,35.47234],[-89.75754,35.46667],[-89.7635,35.46657],[-89.76254,35.4759],[-89.7599,35.47612],[-89.75999,35.48191],[-89.75883,35.48185],[-89.75868,35.48604],[-89.76043,35.4863],[-89.76888,35.48567],[-89.77248,35.48872],[-89.7717,35.49811],[-89.7771,35.49836],[-89.77593,35.50249],[-89.77388,35.50606],[-89.76977,35.5108],[-89.76968,35.51455],[-89.78283,35.50777],[-89.78986,35.50663],[-89.78997,35.50464],[-89.79529,35.49627],[-89.80064,35.50038],[-89.80256,35.50014],[-89.8067,35.5015],[-89.80883,35.50069],[-89.8124,35.49664],[-89.81414,35.49762],[-89.81498,35.49438],[-89.81786,35.49421],[-89.81981,35.49149],[-89.82259,35.49173],[-89.82276,35.49328],[-89.82818,35.49363],[-89.82827,35.49107],[-89.82995,35.4912],[-89.83434,35.49353],[-89.83867,35.49433],[-89.83872,35.49269],[-89.841,35.4924],[-89.84562,35.49795],[-89.8463,35.50434],[-89.84928,35.50551],[-89.84907,35.5073],[-89.84614,35.50779],[-89.8407,35.50764],[-89.83943,35.51249],[-89.83948,35.51485],[-89.83818,35.51469],[-89.83783,35.51197],[-89.83477,35.51319],[-89.83425,35.50715],[-89.83095,35.50441],[-89.82154,35.5072],[-89.81336,35.50706],[-89.81272,35.50458],[-89.81059,35.50402],[-89.80927,35.5096],[-89.80666,35.51492],[-89.80561,35.52112],[-89.80413,35.52608],[-89.79859,35.53323],[-89.79738,35.54055],[-89.7888,35.53975],[-89.78528,35.53852],[-89.78499,35.53728],[-89.782,35.53501],[-89.78307,35.52644],[-89.78182,35.52549],[-89.77624,35.52493],[-89.76978,35.52372],[-89.76833,35.52956],[-89.76978,35.5296],[-89.76999,35.53212],[-89.76124,35.532],[-89.76047,35.53036],[-89.75549,35.52966],[-89.75934,35.53481],[-89.75835,35.5419],[-89.75619,35.54298],[-89.758,35.5485],[-89.76047,35.55091],[-89.76116,35.55348],[-89.75997,35.55349],[-89.76229,35.55645],[-89.76415,35.55695],[-89.7668,35.56046],[-89.75737,35.5646],[-89.74717,35.56331]]]]}},{"type":"Feature","properties":{"zcta":"38120","d":724},"geometry":{"type":"Polygon","coordinates":[[[-89.87942,35.15628],[-89.87828,35.14925],[-89.87272,35.14388],[-89.86124,35.13767],[-89.85509,35.13281],[-89.85017,35.13512],[-89.80194,35.13266],[-89.79697,35.13197],[-89.80097,35.11691],[-89.80294,35.11731],[-89.80836,35.11616],[-89.82088,35.11832],[-89.83462,35.12113],[-89.8355,35.11798],[-89.83407,35.11683],[-89.83438,35.10618],[-89.83599,35.10479],[-89.83603,35.10142],[-89.84184,35.10012],[-89.84261,35.10215],[-89.8455,35.10233],[-89.84557,35.09932],[-89.85567,35.1012],[-89.85414,35.10489],[-89.85646,35.10654],[-89.86414,35.1065],[-89.86365,35.10273],[-89.87723,35.10573],[-89.87957,35.1072],[-89.88182,35.10688],[-89.88116,35.10894],[-89.88325,35.10899],[-89.8836,35.10732],[-89.88669,35.1083],[-89.88745,35.11024],[-89.88688,35.11523],[-89.88796,35.11564],[-89.88763,35.12393],[-89.88444,35.12401],[-89.88437,35.12501],[-89.88756,35.12549],[-89.88715,35.13554],[-89.88556,35.13553],[-89.88574,35.14039],[-89.88839,35.14215],[-89.88768,35.14619],[-89.88817,35.14854],[-89.87942,35.15628]]]}},{"type":"Feature","properties":{"zcta":"38111","d":1677},"geometry":{"type":"Polygon","coordinates":[[[-89.97005,35.13482],[-89.96259,35.13751],[-89.95174,35.13921],[-89.92821,35.1428],[-89.92862,35.13157],[-89.92679,35.13032],[-89.93023,35.1301],[-89.93043,35.12467],[-89.92577,35.1237],[-89.92623,35.10739],[-89.92412,35.10734],[-89.92415,35.10496],[-89.92111,35.10443],[-89.92103,35.10278],[-89.92333,35.10224],[-89.92338,35.09992],[-89.92177,35.09989],[-89.92021,35.10261],[-89.91584,35.10206],[-89.91599,35.09679],[-89.91667,35.09242],[-89.91688,35.08252],[-89.91765,35.0789],[-89.92077,35.07838],[-89.94717,35.08213],[-89.95595,35.08059],[-89.96236,35.08599],[-89.96163,35.08675],[-89.95749,35.08662],[-89.95691,35.09057],[-89.95686,35.09603],[-89.95882,35.09483],[-89.96124,35.09488],[-89.96111,35.10054],[-89.96173,35.1013],[-89.96146,35.10783],[-89.96575,35.10795],[-89.96548,35.11081],[-89.96919,35.11197],[-89.9691,35.1156],[-89.98035,35.11587],[-89.97822,35.11794],[-89.9713,35.12763],[-89.97011,35.13435],[-89.97005,35.13482]],[[-89.94077,35.11648],[-89.93388,35.11658],[-89.93377,35.11965],[-89.94061,35.12064],[-89.94077,35.11648]]]}},{"type":"Feature","properties":{"zcta":"72301","d":497},"geometry":{"type":"Polygon","coordinates":[[[-90.07536,35.1273],[-90.08262,35.12133],[-90.08663,35.11947],[-90.08967,35.11805],[-90.09501,35.11753],[-90.10684,35.11945],[-90.1291,35.12847],[-90.1418,35.13304],[-90.15068,35.13248],[-90.1547,35.13092],[-90.16736,35.12359],[-90.17233,35.11891],[-90.17684,35.11209],[-90.18137,35.09401],[-90.18099,35.08499],[-90.17851,35.07981],[-90.17599,35.07712],[-90.175,35.07606],[-90.17676,35.06974],[-90.17761,35.06384],[-90.18116,35.05394],[-90.18655,35.04542],[-90.19122,35.04021],[-90.20073,35.03168],[-90.20168,35.08916],[-90.20152,35.09574],[-90.20214,35.12049],[-90.20203,35.12283],[-90.20789,35.12078],[-90.21109,35.1206],[-90.21258,35.11758],[-90.22059,35.11772],[-90.22052,35.12431],[-90.23735,35.12124],[-90.23716,35.13941],[-90.23555,35.13941],[-90.23577,35.14675],[-90.24664,35.14688],[-90.24634,35.16138],[-90.25527,35.16149],[-90.25504,35.1747],[-90.25528,35.18956],[-90.25182,35.18951],[-90.2518,35.19055],[-90.23889,35.19052],[-90.23712,35.18711],[-90.23726,35.17591],[-90.23453,35.17019],[-90.23014,35.1664],[-90.22779,35.16243],[-90.22433,35.16485],[-90.22432,35.16079],[-90.20207,35.16759],[-90.19407,35.17102],[-90.19222,35.17105],[-90.19358,35.1726],[-90.19439,35.17566],[-90.17989,35.17567],[-90.14969,35.16412],[-90.14679,35.16793],[-90.14522,35.16886],[-90.14349,35.17202],[-90.14025,35.17518],[-90.13326,35.17549],[-90.13322,35.18969],[-90.12719,35.18015],[-90.12723,35.16727],[-90.13128,35.16712],[-90.13172,35.1615],[-90.13327,35.16075],[-90.13184,35.15785],[-90.13166,35.15349],[-90.1273,35.15348],[-90.12732,35.15549],[-90.09386,35.14256],[-90.07503,35.12758],[-90.07536,35.1273]]]}},{"type":"Feature","properties":{"zcta":"38112","d":1452},"geometry":{"type":"Polygon","coordinates":[[[-90.00347,35.15566],[-90.00355,35.15506],[-89.9977,35.15447],[-89.99171,35.15447],[-89.99101,35.15969],[-89.98565,35.16131],[-89.98195,35.16021],[-89.98155,35.15839],[-89.97745,35.15789],[-89.97165,35.15796],[-89.96703,35.15903],[-89.96612,35.16731],[-89.96243,35.16842],[-89.96269,35.16014],[-89.95723,35.16214],[-89.95387,35.16419],[-89.95101,35.16183],[-89.95118,35.15563],[-89.95172,35.15564],[-89.95194,35.1499],[-89.95137,35.14987],[-89.95174,35.13921],[-89.96259,35.13751],[-89.97005,35.13482],[-89.97011,35.13435],[-89.97131,35.13381],[-89.97159,35.12754],[-89.97608,35.1276],[-89.97658,35.12892],[-89.98017,35.12742],[-89.97897,35.12578],[-89.98426,35.12593],[-89.98316,35.13605],[-89.97987,35.13599],[-89.9796,35.13929],[-89.98471,35.14118],[-89.99159,35.14189],[-89.99383,35.14672],[-89.99537,35.1454],[-89.99702,35.14789],[-89.99766,35.14244],[-90.01183,35.14361],[-90.01236,35.14401],[-90.01121,35.15174],[-90.01253,35.1536],[-90.00885,35.1542],[-90.00347,35.15566]]]}},{"type":"Feature","properties":{"zcta":"38017","d":311},"geometry":{"type":"Polygon","coordinates":[[[-89.73983,35.04998],[-89.73836,35.05469],[-89.7376,35.05424],[-89.73249,35.05187],[-89.73197,35.06544],[-89.73061,35.06833],[-89.73012,35.07419],[-89.72954,35.09184],[-89.73154,35.10563],[-89.73073,35.10513],[-89.72773,35.10689],[-89.72651,35.10542],[-89.72407,35.10559],[-89.72298,35.10341],[-89.71818,35.10339],[-89.71517,35.10185],[-89.71295,35.10208],[-89.71279,35.09884],[-89.71126,35.09658],[-89.7094,35.09646],[-89.70989,35.09856],[-89.70767,35.09768],[-89.70645,35.09587],[-89.70488,35.09687],[-89.70344,35.09435],[-89.70296,35.09584],[-89.70129,35.09425],[-89.6994,35.09492],[-89.69406,35.09359],[-89.69337,35.09089],[-89.69199,35.09402],[-89.68997,35.09179],[-89.68783,35.09355],[-89.68918,35.09435],[-89.6824,35.09523],[-89.68505,35.09632],[-89.68169,35.09649],[-89.67944,35.09443],[-89.67672,35.09596],[-89.67684,35.09796],[-89.67323,35.10216],[-89.66946,35.10205],[-89.66083,35.10842],[-89.65772,35.10958],[-89.65767,35.11119],[-89.66121,35.11125],[-89.66114,35.11892],[-89.65957,35.11978],[-89.65955,35.12181],[-89.6574,35.12164],[-89.6574,35.13169],[-89.65988,35.13385],[-89.66001,35.13826],[-89.66337,35.1381],[-89.66333,35.14071],[-89.66508,35.14069],[-89.66539,35.1518],[-89.66932,35.15131],[-89.66929,35.15549],[-89.66725,35.15545],[-89.66725,35.15929],[-89.66357,35.15919],[-89.66289,35.17879],[-89.64957,35.17908],[-89.6484,35.17702],[-89.63926,35.16676],[-89.6382,35.16444],[-89.63848,35.15589],[-89.63122,35.15322],[-89.62408,35.15306],[-89.62467,35.15701],[-89.62626,35.15903],[-89.62273,35.15928],[-89.62129,35.16315],[-89.61971,35.16412],[-89.61946,35.16205],[-89.61402,35.16197],[-89.61461,35.15871],[-89.61303,35.15595],[-89.61337,35.1527],[-89.59368,35.15249],[-89.59354,35.15547],[-89.57594,35.15487],[-89.57588,35.15842],[-89.57294,35.15824],[-89.57285,35.15572],[-89.56419,35.15567],[-89.56433,35.15287],[-89.55931,35.15272],[-89.5608,35.14772],[-89.55727,35.14777],[-89.55732,35.14638],[-89.55496,35.14634],[-89.55435,35.14424],[-89.55678,35.14172],[-89.55987,35.14121],[-89.56151,35.13787],[-89.5634,35.13679],[-89.56597,35.1314],[-89.56505,35.13003],[-89.56692,35.12579],[-89.56714,35.12286],[-89.56903,35.12569],[-89.57577,35.12369],[-89.58053,35.12301],[-89.58691,35.12286],[-89.58736,35.10869],[-89.59097,35.10715],[-89.5989,35.10082],[-89.59784,35.09221],[-89.59743,35.08581],[-89.59682,35.08351],[-89.59728,35.07798],[-89.60592,35.07325],[-89.6116,35.07225],[-89.61136,35.06543],[-89.60655,35.06486],[-89.60452,35.06659],[-89.60379,35.06455],[-89.60181,35.06614],[-89.59741,35.06481],[-89.59579,35.06579],[-89.59295,35.06428],[-89.59084,35.06613],[-89.58713,35.06318],[-89.58494,35.06439],[-89.58097,35.06396],[-89.58223,35.06229],[-89.58052,35.06117],[-89.5803,35.05848],[-89.58394,35.05057],[-89.58432,35.04759],[-89.58735,35.04622],[-89.58751,35.04268],[-89.58497,35.03812],[-89.58479,35.03513],[-89.58749,35.0328],[-89.58655,35.03117],[-89.58743,35.02908],[-89.58635,35.02795],[-89.58367,35.02189],[-89.58288,35.01905],[-89.58223,35.01145],[-89.5801,35.00941],[-89.58007,35.00637],[-89.58281,35.00345],[-89.58227,34.99902],[-89.58259,34.99504],[-89.64428,34.99529],[-89.72432,34.99521],[-89.75153,34.99503],[-89.75146,34.99673],[-89.74963,34.99705],[-89.74864,35.00023],[-89.74371,35.00533],[-89.7436,35.00612],[-89.75961,35.00603],[-89.75963,35.00956],[-89.75522,35.0096],[-89.75526,35.0112],[-89.75267,35.0112],[-89.75267,35.01803],[-89.75133,35.01802],[-89.75135,35.02058],[-89.75964,35.02058],[-89.75966,35.02759],[-89.7468,35.02715],[-89.74207,35.02616],[-89.7418,35.0287],[-89.74182,35.04024],[-89.74374,35.04454],[-89.74217,35.04709],[-89.7399,35.04721],[-89.73983,35.04998]]]}},{"type":"Feature","properties":{"zcta":"38671","d":762},"geometry":{"type":"Polygon","coordinates":[[[-90.04304,34.99484],[-89.9722,34.99461],[-89.95603,34.99456],[-89.95487,34.99168],[-89.95445,34.97702],[-89.95445,34.94578],[-89.9573,34.94068],[-89.95118,34.94067],[-89.95121,34.94191],[-89.93676,34.94172],[-89.93683,34.92429],[-89.94149,34.92387],[-89.94144,34.92549],[-89.94341,34.92641],[-89.94482,34.92421],[-89.94563,34.9278],[-89.94897,34.92797],[-89.95362,34.92508],[-89.95361,34.91882],[-89.9599,34.91879],[-89.95877,34.91685],[-89.95937,34.91329],[-89.96231,34.91485],[-89.96432,34.91358],[-89.96607,34.91399],[-89.97057,34.91304],[-89.97067,34.92372],[-89.97665,34.92433],[-89.97665,34.92243],[-89.98088,34.92243],[-89.98105,34.9245],[-89.98309,34.92624],[-89.98625,34.92629],[-89.98616,34.91895],[-89.99215,34.91898],[-89.99457,34.93357],[-89.99773,34.93356],[-89.99735,34.93087],[-89.99411,34.92791],[-89.99401,34.92546],[-89.99963,34.9259],[-90.00456,34.92855],[-90.01122,34.92828],[-90.01667,34.94189],[-90.01675,34.94412],[-90.0077,34.94411],[-90.00764,34.94817],[-89.99699,34.94812],[-89.99939,34.9625],[-90.00102,34.96253],[-90.00066,34.96744],[-90.00701,34.96622],[-90.00698,34.96823],[-90.00887,34.9683],[-90.01256,34.96683],[-90.01371,34.96471],[-90.01885,34.96564],[-90.0211,34.96537],[-90.02926,34.96637],[-90.0313,34.97095],[-90.03227,34.96908],[-90.03562,34.97042],[-90.03574,34.97307],[-90.0377,34.97454],[-90.04541,34.97689],[-90.0607,34.97733],[-90.07838,34.97712],[-90.07838,34.99168],[-90.09633,34.99161],[-90.09634,34.99501],[-90.04304,34.99484]]]}},{"type":"Feature","properties":{"zcta":"38135","d":1127},"geometry":{"type":"Polygon","coordinates":[[[-89.8717,35.2589],[-89.85453,35.27626],[-89.85442,35.27637],[-89.84853,35.2767],[-89.84892,35.27401],[-89.84645,35.27431],[-89.84617,35.27159],[-89.84781,35.26481],[-89.8476,35.26306],[-89.84276,35.26262],[-89.84294,35.25976],[-89.84099,35.25717],[-89.84271,35.25546],[-89.83718,35.25492],[-89.83727,35.25347],[-89.82996,35.25338],[-89.82971,35.24713],[-89.82609,35.24687],[-89.82614,35.24183],[-89.82552,35.23871],[-89.81916,35.23654],[-89.80181,35.25183],[-89.80149,35.25111],[-89.7933,35.25056],[-89.79327,35.24792],[-89.79868,35.24795],[-89.79323,35.24513],[-89.79346,35.23745],[-89.80242,35.23389],[-89.80803,35.23335],[-89.81069,35.23032],[-89.81146,35.22802],[-89.81617,35.22809],[-89.81626,35.22543],[-89.81936,35.22545],[-89.81916,35.22047],[-89.82295,35.21945],[-89.8257,35.21491],[-89.82517,35.21456],[-89.83441,35.20548],[-89.83729,35.20623],[-89.83852,35.20823],[-89.84058,35.20841],[-89.83947,35.21125],[-89.83613,35.21698],[-89.85462,35.21726],[-89.85724,35.21814],[-89.86797,35.21887],[-89.87259,35.21845],[-89.87819,35.22022],[-89.88294,35.22085],[-89.89344,35.22129],[-89.89397,35.22477],[-89.89307,35.22693],[-89.89768,35.22693],[-89.89494,35.22966],[-89.89267,35.22857],[-89.88795,35.23441],[-89.89335,35.23718],[-89.87761,35.25299],[-89.88281,35.25318],[-89.88223,35.25992],[-89.8717,35.2589]]]}},{"type":"Feature","properties":{"zcta":"38122","d":1322},"geometry":{"type":"Polygon","coordinates":[[[-89.89298,35.16627],[-89.8872,35.16196],[-89.88223,35.15886],[-89.87942,35.15628],[-89.88817,35.14854],[-89.90797,35.145],[-89.91598,35.14468],[-89.92821,35.1428],[-89.95174,35.13921],[-89.95137,35.14987],[-89.95194,35.1499],[-89.95172,35.15564],[-89.95118,35.15563],[-89.95101,35.16183],[-89.95387,35.16419],[-89.95642,35.16737],[-89.95687,35.16999],[-89.93841,35.17581],[-89.93357,35.17241],[-89.93048,35.17201],[-89.92881,35.17281],[-89.92869,35.16966],[-89.9243,35.16953],[-89.92224,35.16659],[-89.91715,35.16689],[-89.90481,35.16695],[-89.89847,35.17281],[-89.89298,35.16627]]]}},{"type":"Feature","properties":{"zcta":"38028","d":64},"geometry":{"type":"Polygon","coordinates":[[[-89.71092,35.16108],[-89.71079,35.16539],[-89.71219,35.16801],[-89.70956,35.16798],[-89.7048,35.17306],[-89.69898,35.18025],[-89.69814,35.178],[-89.69575,35.17795],[-89.69612,35.19185],[-89.70182,35.19267],[-89.70179,35.19587],[-89.68749,35.19938],[-89.68156,35.20043],[-89.68118,35.2107],[-89.67602,35.21135],[-89.66876,35.21062],[-89.66392,35.21521],[-89.65547,35.21941],[-89.65852,35.23125],[-89.6594,35.23295],[-89.66534,35.23977],[-89.66895,35.24626],[-89.67066,35.24829],[-89.66747,35.25028],[-89.66631,35.24816],[-89.66239,35.24609],[-89.65781,35.24629],[-89.65494,35.24734],[-89.64973,35.24624],[-89.64739,35.24759],[-89.64131,35.24799],[-89.63788,35.24741],[-89.63774,35.25381],[-89.62642,35.25366],[-89.6264,35.25499],[-89.6212,35.25496],[-89.62114,35.25125],[-89.61841,35.2509],[-89.60622,35.25676],[-89.59828,35.25358],[-89.59382,35.25048],[-89.58744,35.25022],[-89.58522,35.24963],[-89.58524,35.24805],[-89.57856,35.2478],[-89.5783,35.2525],[-89.57135,35.25256],[-89.57109,35.25927],[-89.55451,35.26516],[-89.55377,35.26101],[-89.55429,35.258],[-89.56034,35.25806],[-89.56037,35.25307],[-89.56278,35.25316],[-89.56302,35.24549],[-89.56181,35.23928],[-89.54796,35.23878],[-89.54849,35.22857],[-89.54566,35.22858],[-89.54569,35.22653],[-89.54849,35.2266],[-89.54852,35.22434],[-89.55084,35.22445],[-89.55115,35.22012],[-89.56546,35.21979],[-89.56548,35.21879],[-89.56885,35.21887],[-89.56888,35.21975],[-89.57707,35.21965],[-89.58445,35.21803],[-89.58511,35.21352],[-89.57064,35.21806],[-89.55051,35.21772],[-89.53835,35.21549],[-89.53571,35.21446],[-89.53565,35.20855],[-89.53979,35.20864],[-89.54174,35.20956],[-89.54545,35.20925],[-89.5461,35.19681],[-89.54829,35.19137],[-89.5484,35.1877],[-89.562,35.18796],[-89.56225,35.18165],[-89.56624,35.1806],[-89.56629,35.17709],[-89.56876,35.17701],[-89.56901,35.17331],[-89.56739,35.17266],[-89.56242,35.17289],[-89.56086,35.1729],[-89.56184,35.17043],[-89.55945,35.17043],[-89.55946,35.16875],[-89.56167,35.1675],[-89.5674,35.16756],[-89.56765,35.16279],[-89.56951,35.16276],[-89.56967,35.15836],[-89.57294,35.15824],[-89.57588,35.15842],[-89.57594,35.15487],[-89.59354,35.15547],[-89.59368,35.15249],[-89.61337,35.1527],[-89.61303,35.15595],[-89.61461,35.15871],[-89.61402,35.16197],[-89.61946,35.16205],[-89.61971,35.16412],[-89.62129,35.16315],[-89.62273,35.15928],[-89.62626,35.15903],[-89.62467,35.15701],[-89.62408,35.15306],[-89.63122,35.15322],[-89.63848,35.15589],[-89.6382,35.16444],[-89.63926,35.16676],[-89.6484,35.17702],[-89.64957,35.17908],[-89.66289,35.17879],[-89.66357,35.15919],[-89.66725,35.15929],[-89.66725,35.15545],[-89.66929,35.15549],[-89.66932,35.15131],[-89.66539,35.1518],[-89.66508,35.14069],[-89.66333,35.14071],[-89.66337,35.1381],[-89.66001,35.13826],[-89.65988,35.13385],[-89.6574,35.13169],[-89.6574,35.12164],[-89.65955,35.12181],[-89.65957,35.11978],[-89.66114,35.11892],[-89.66121,35.11125],[-89.65767,35.11119],[-89.65772,35.10958],[-89.66083,35.10842],[-89.66946,35.10205],[-89.67323,35.10216],[-89.67684,35.09796],[-89.67672,35.09596],[-89.67944,35.09443],[-89.68169,35.09649],[-89.68505,35.09632],[-89.6824,35.09523],[-89.68918,35.09435],[-89.68783,35.09355],[-89.68997,35.09179],[-89.69199,35.09402],[-89.69337,35.09089],[-89.69406,35.09359],[-89.6994,35.09492],[-89.70129,35.09425],[-89.70296,35.09584],[-89.70344,35.09435],[-89.70488,35.09687],[-89.70645,35.09587],[-89.70767,35.09768],[-89.70989,35.09856],[-89.7094,35.09646],[-89.71126,35.09658],[-89.71279,35.09884],[-89.71295,35.10208],[-89.71517,35.10185],[-89.71818,35.10339],[-89.72298,35.10341],[-89.72407,35.10559],[-89.72651,35.10542],[-89.72773,35.10689],[-89.73073,35.10513],[-89.73154,35.10563],[-89.73168,35.11061],[-89.73632,35.11548],[-89.73457,35.12166],[-89.73386,35.1223],[-89.71049,35.12735],[-89.71037,35.13231],[-89.71903,35.13228],[-89.71901,35.13756],[-89.71777,35.13755],[-89.71728,35.14127],[-89.71892,35.14317],[-89.71637,35.1431],[-89.71555,35.14425],[-89.71306,35.14368],[-89.71312,35.14563],[-89.71128,35.14556],[-89.70828,35.1509],[-89.71027,35.15449],[-89.70974,35.15884],[-89.71092,35.16108]]]}},{"type":"Feature","properties":{"zcta":"38066","d":28},"geometry":{"type":"Polygon","coordinates":[[[-89.56967,35.15836],[-89.56951,35.16276],[-89.56765,35.16279],[-89.5674,35.16756],[-89.56167,35.1675],[-89.55946,35.16875],[-89.55945,35.17043],[-89.56184,35.17043],[-89.56086,35.1729],[-89.56242,35.17289],[-89.56239,35.17349],[-89.54464,35.17241],[-89.54495,35.16692],[-89.54223,35.16596],[-89.52365,35.16576],[-89.52389,35.15953],[-89.51461,35.15956],[-89.51441,35.15681],[-89.50804,35.15664],[-89.50782,35.1492],[-89.5004,35.14977],[-89.50191,35.14799],[-89.502,35.14468],[-89.5005,35.1437],[-89.49404,35.14356],[-89.4979,35.14165],[-89.50141,35.13895],[-89.50823,35.1375],[-89.5099,35.12751],[-89.51123,35.12468],[-89.51122,35.11933],[-89.51233,35.11693],[-89.51171,35.11448],[-89.50475,35.11449],[-89.49708,35.11747],[-89.49066,35.11827],[-89.4889,35.11676],[-89.48589,35.11755],[-89.48203,35.11599],[-89.48108,35.11301],[-89.48128,35.10619],[-89.47951,35.09864],[-89.48137,35.08867],[-89.49115,35.08909],[-89.49149,35.08449],[-89.49313,35.07435],[-89.53224,35.07082],[-89.53261,35.06597],[-89.53952,35.06633],[-89.54056,35.05423],[-89.53589,35.05528],[-89.5342,35.05076],[-89.53249,35.05014],[-89.51057,35.05304],[-89.50316,35.05368],[-89.48955,35.05535],[-89.48398,35.05665],[-89.48128,35.05736],[-89.47475,35.05399],[-89.46915,35.0527],[-89.4681,35.0503],[-89.46801,35.04693],[-89.48019,35.04423],[-89.48537,35.0426],[-89.4872,35.04041],[-89.4851,35.03883],[-89.48576,35.03289],[-89.48516,35.02942],[-89.48861,35.02545],[-89.49191,35.01884],[-89.49011,35.01067],[-89.48657,35.00739],[-89.48653,35.00547],[-89.48446,34.99396],[-89.49374,34.99436],[-89.51115,34.99476],[-89.52875,34.99483],[-89.58259,34.99504],[-89.58227,34.99902],[-89.58281,35.00345],[-89.58007,35.00637],[-89.5801,35.00941],[-89.58223,35.01145],[-89.58288,35.01905],[-89.58367,35.02189],[-89.58635,35.02795],[-89.58743,35.02908],[-89.58655,35.03117],[-89.58749,35.0328],[-89.58479,35.03513],[-89.58497,35.03812],[-89.58751,35.04268],[-89.58735,35.04622],[-89.58432,35.04759],[-89.58394,35.05057],[-89.5803,35.05848],[-89.58052,35.06117],[-89.58223,35.06229],[-89.58097,35.06396],[-89.58494,35.06439],[-89.58713,35.06318],[-89.59084,35.06613],[-89.59295,35.06428],[-89.59579,35.06579],[-89.59741,35.06481],[-89.60181,35.06614],[-89.60379,35.06455],[-89.60452,35.06659],[-89.60655,35.06486],[-89.61136,35.06543],[-89.6116,35.07225],[-89.60592,35.07325],[-89.59728,35.07798],[-89.59682,35.08351],[-89.59743,35.08581],[-89.59784,35.09221],[-89.5989,35.10082],[-89.59097,35.10715],[-89.58736,35.10869],[-89.58691,35.12286],[-89.58053,35.12301],[-89.57577,35.12369],[-89.56903,35.12569],[-89.56714,35.12286],[-89.56692,35.12579],[-89.56505,35.13003],[-89.56597,35.1314],[-89.5634,35.13679],[-89.56151,35.13787],[-89.55987,35.14121],[-89.55678,35.14172],[-89.55435,35.14424],[-89.55496,35.14634],[-89.55732,35.14638],[-89.55727,35.14777],[-89.5608,35.14772],[-89.55931,35.15272],[-89.56433,35.15287],[-89.56419,35.15567],[-89.57285,35.15572],[-89.57294,35.15824],[-89.56967,35.15836]]]}},{"type":"Feature","properties":{"zcta":"38141","d":1378},"geometry":{"type":"Polygon","coordinates":[[[-89.86675,35.0348],[-89.85597,35.03498],[-89.83125,35.03498],[-89.83116,35.02039],[-89.82226,35.02039],[-89.82275,35.01872],[-89.8293,35.01484],[-89.82946,35.00583],[-89.8309,35.00586],[-89.83069,34.99423],[-89.86515,34.99423],[-89.88073,35.01218],[-89.883,35.01851],[-89.88443,35.0204],[-89.88201,35.02049],[-89.88601,35.03099],[-89.88616,35.035],[-89.86675,35.0348]]]}},{"type":"Feature","properties":{"zcta":"38127","d":471},"geometry":{"type":"Polygon","coordinates":[[[-89.96825,35.25158],[-89.96795,35.24243],[-89.96306,35.23174],[-89.96296,35.22853],[-89.9667,35.21661],[-89.96653,35.21256],[-89.96387,35.18722],[-89.96439,35.18296],[-89.96649,35.18344],[-89.97053,35.18715],[-89.97277,35.18806],[-89.97794,35.18887],[-89.98159,35.18801],[-89.98397,35.18844],[-89.98572,35.19158],[-89.98891,35.19008],[-89.99319,35.19056],[-89.99696,35.18944],[-90.00809,35.18772],[-90.01326,35.18636],[-90.01795,35.18676],[-90.025,35.18803],[-90.02748,35.18799],[-90.03105,35.1915],[-90.03248,35.19185],[-90.03517,35.18971],[-90.03735,35.18966],[-90.04303,35.1934],[-90.04583,35.19331],[-90.04569,35.19098],[-90.04412,35.18955],[-90.05092,35.18551],[-90.0572,35.1829],[-90.05745,35.18322],[-90.06441,35.17895],[-90.06341,35.19135],[-90.06413,35.20109],[-90.06689,35.20679],[-90.06326,35.21077],[-90.06123,35.2122],[-90.0621,35.21402],[-90.06391,35.22209],[-90.0666,35.2303],[-90.06623,35.23464],[-90.06705,35.23927],[-90.06936,35.24299],[-90.0714,35.24425],[-90.06921,35.24861],[-90.06932,35.25295],[-90.06378,35.25428],[-90.06322,35.25966],[-90.06423,35.26603],[-90.0705,35.27539],[-90.07169,35.27775],[-90.06793,35.28063],[-90.06351,35.28044],[-90.05988,35.28439],[-90.05763,35.28278],[-90.05529,35.28545],[-90.05537,35.29236],[-90.05828,35.29306],[-90.05771,35.29626],[-90.05231,35.29679],[-90.05168,35.29873],[-90.03983,35.29771],[-90.03823,35.30109],[-90.03171,35.30041],[-90.03197,35.29848],[-90.0288,35.29802],[-90.02979,35.2912],[-90.03299,35.29111],[-90.03416,35.28134],[-90.027,35.28071],[-90.02614,35.28491],[-90.02401,35.28582],[-90.02152,35.28544],[-90.02108,35.28697],[-90.01895,35.28729],[-90.00789,35.28619],[-89.98852,35.28498],[-89.98798,35.28844],[-89.98496,35.29078],[-89.97971,35.29035],[-89.97826,35.28664],[-89.97642,35.2855],[-89.97055,35.28488],[-89.97913,35.27678],[-89.98199,35.2737],[-89.98152,35.27238],[-89.97209,35.27151],[-89.96551,35.27159],[-89.96988,35.26711],[-89.97076,35.26355],[-89.96876,35.25447],[-89.96825,35.25158]]]}},{"type":"Feature","properties":{"zcta":"38665","d":17},"geometry":{"type":"Polygon","coordinates":[[[-90.20546,34.64176],[-90.19168,34.64164],[-90.18969,34.64366],[-90.18883,34.64616],[-90.18565,34.64285],[-90.17119,34.64761],[-90.14845,34.65902],[-90.12469,34.66868],[-90.10974,34.6668],[-90.10989,34.65581],[-90.13384,34.65587],[-90.13384,34.65226],[-90.1363,34.65217],[-90.13611,34.64138],[-90.11859,34.64131],[-90.11853,34.63999],[-90.11609,34.63823],[-90.11064,34.63788],[-90.10974,34.63575],[-90.10951,34.61925],[-90.11489,34.61966],[-90.11823,34.61588],[-90.12273,34.61572],[-90.12705,34.61445],[-90.12752,34.60902],[-90.12696,34.60649],[-90.12689,34.59958],[-90.12735,34.59722],[-90.12607,34.59311],[-90.12688,34.59068],[-90.127,34.58137],[-90.1241,34.57867],[-90.12695,34.5766],[-90.12699,34.56964],[-90.12209,34.56949],[-90.1218,34.56139],[-90.11456,34.56112],[-90.11483,34.5634],[-90.10939,34.56327],[-90.10943,34.56443],[-90.1064,34.56409],[-90.10923,34.56017],[-90.10926,34.55424],[-90.09186,34.55412],[-90.05656,34.55418],[-90.05696,34.52494],[-90.09205,34.52506],[-90.09204,34.52168],[-90.09659,34.52098],[-90.09664,34.51789],[-90.09203,34.51767],[-90.09225,34.51164],[-90.09667,34.51178],[-90.10103,34.51266],[-90.10085,34.51788],[-90.11471,34.518],[-90.11547,34.51326],[-90.11908,34.51329],[-90.11908,34.51424],[-90.1231,34.5144],[-90.12386,34.51068],[-90.14504,34.51107],[-90.16238,34.51116],[-90.16225,34.53382],[-90.16969,34.53411],[-90.17079,34.53327],[-90.17331,34.53495],[-90.17397,34.53765],[-90.17946,34.53892],[-90.18214,34.53746],[-90.1837,34.53769],[-90.18657,34.54197],[-90.19152,34.54332],[-90.19621,34.54174],[-90.19859,34.54841],[-90.20202,34.55443],[-90.20489,34.55444],[-90.20411,34.55918],[-90.20688,34.55791],[-90.21133,34.56075],[-90.21829,34.55949],[-90.22119,34.55852],[-90.22454,34.56029],[-90.2293,34.55931],[-90.23349,34.55561],[-90.23451,34.55332],[-90.2344,34.54858],[-90.24144,34.53148],[-90.24315,34.52972],[-90.24393,34.52606],[-90.243,34.52368],[-90.24709,34.52471],[-90.26969,34.56093],[-90.26658,34.56579],[-90.26572,34.56833],[-90.2658,34.57229],[-90.26868,34.578],[-90.27204,34.58037],[-90.26612,34.58369],[-90.25727,34.58402],[-90.25244,34.58579],[-90.24464,34.58492],[-90.23447,34.58436],[-90.23326,34.58364],[-90.22746,34.57652],[-90.22443,34.57638],[-90.22066,34.57911],[-90.22149,34.58246],[-90.2247,34.58332],[-90.2267,34.58634],[-90.22903,34.58661],[-90.23174,34.58821],[-90.2313,34.59186],[-90.23425,34.59513],[-90.23597,34.59289],[-90.23914,34.5924],[-90.23991,34.5932],[-90.23808,34.59761],[-90.23449,34.59845],[-90.23403,34.60101],[-90.23629,34.60502],[-90.23835,34.60363],[-90.23798,34.60092],[-90.24137,34.59909],[-90.24385,34.5996],[-90.24392,34.60215],[-90.24138,34.60561],[-90.23659,34.60764],[-90.23651,34.61107],[-90.24107,34.61492],[-90.24063,34.61715],[-90.23839,34.62115],[-90.23997,34.62624],[-90.23686,34.6283],[-90.2323,34.62932],[-90.23027,34.63071],[-90.22976,34.63377],[-90.22636,34.63626],[-90.22442,34.64144],[-90.22234,34.64341],[-90.20546,34.64176]]]}},{"type":"Feature","properties":{"zcta":"38117","d":1411},"geometry":{"type":"Polygon","coordinates":[[[-89.91598,35.14468],[-89.90797,35.145],[-89.88817,35.14854],[-89.88768,35.14619],[-89.88839,35.14215],[-89.88574,35.14039],[-89.88556,35.13553],[-89.88715,35.13554],[-89.88756,35.12549],[-89.88437,35.12501],[-89.88444,35.12401],[-89.88763,35.12393],[-89.88796,35.11564],[-89.88688,35.11523],[-89.88745,35.11024],[-89.89045,35.10583],[-89.88899,35.10364],[-89.88437,35.10304],[-89.88486,35.0899],[-89.88568,35.08729],[-89.88545,35.08453],[-89.89297,35.08335],[-89.90698,35.07825],[-89.90993,35.07782],[-89.92077,35.07838],[-89.91765,35.0789],[-89.91688,35.08252],[-89.91667,35.09242],[-89.91599,35.09679],[-89.91584,35.10206],[-89.92021,35.10261],[-89.92177,35.09989],[-89.92338,35.09992],[-89.92333,35.10224],[-89.92103,35.10278],[-89.92111,35.10443],[-89.92415,35.10496],[-89.92412,35.10734],[-89.92623,35.10739],[-89.92577,35.1237],[-89.93043,35.12467],[-89.93023,35.1301],[-89.92679,35.13032],[-89.92862,35.13157],[-89.92821,35.1428],[-89.91598,35.14468]]]}},{"type":"Feature","properties":{"zcta":"38113","d":0},"geometry":{"type":"Polygon","coordinates":[[[-90.08408,35.11132],[-90.0836,35.10811],[-90.08487,35.09603],[-90.09169,35.08469],[-90.09548,35.0807],[-90.10076,35.07601],[-90.10744,35.07243],[-90.12379,35.07446],[-90.13428,35.07731],[-90.14653,35.0829],[-90.14957,35.08391],[-90.1565,35.08502],[-90.16448,35.08393],[-90.17599,35.07712],[-90.17851,35.07981],[-90.18099,35.08499],[-90.18137,35.09401],[-90.17684,35.11209],[-90.17233,35.11891],[-90.16736,35.12359],[-90.1547,35.13092],[-90.15068,35.13248],[-90.1418,35.13304],[-90.1291,35.12847],[-90.10684,35.11945],[-90.09501,35.11753],[-90.08967,35.11805],[-90.08663,35.11947],[-90.08408,35.11132]]]}},{"type":"Feature","properties":{"zcta":"38661","d":27},"geometry":{"type":"Polygon","coordinates":[[[-89.59668,34.8311],[-89.59098,34.83092],[-89.59114,34.83365],[-89.60523,34.83752],[-89.61735,34.84001],[-89.61697,34.84589],[-89.61782,34.84618],[-89.61828,34.86794],[-89.61602,34.86667],[-89.61672,34.86424],[-89.60035,34.86416],[-89.60032,34.87185],[-89.60658,34.87165],[-89.60675,34.87437],[-89.61012,34.87538],[-89.61461,34.87171],[-89.6148,34.87256],[-89.61826,34.87267],[-89.61825,34.87723],[-89.61326,34.87706],[-89.61296,34.87859],[-89.60532,34.87869],[-89.60529,34.87623],[-89.6036,34.87728],[-89.59173,34.87736],[-89.59216,34.90456],[-89.58295,34.90479],[-89.58281,34.91002],[-89.58475,34.91265],[-89.58037,34.91586],[-89.58945,34.91956],[-89.59177,34.92106],[-89.59375,34.92431],[-89.58529,34.92638],[-89.58155,34.92569],[-89.5801,34.92641],[-89.58211,34.93058],[-89.58012,34.93164],[-89.58035,34.93299],[-89.5784,34.93632],[-89.57649,34.93748],[-89.57011,34.93848],[-89.56515,34.938],[-89.55857,34.93628],[-89.55581,34.93713],[-89.55221,34.94133],[-89.55176,34.94352],[-89.54829,34.94534],[-89.54517,34.94519],[-89.54285,34.9465],[-89.54269,34.96237],[-89.53266,34.95687],[-89.52939,34.95619],[-89.51676,34.95579],[-89.51683,34.95515],[-89.52428,34.95501],[-89.52562,34.95297],[-89.52577,34.95035],[-89.52449,34.95022],[-89.5243,34.94768],[-89.52157,34.94777],[-89.52059,34.95293],[-89.51609,34.95358],[-89.51615,34.95037],[-89.51387,34.9454],[-89.522,34.9455],[-89.52968,34.94449],[-89.52961,34.9341],[-89.51465,34.93515],[-89.51465,34.92923],[-89.51082,34.92976],[-89.50903,34.9258],[-89.51011,34.92586],[-89.51036,34.91844],[-89.50838,34.91846],[-89.50839,34.91224],[-89.51193,34.91133],[-89.52002,34.91167],[-89.52064,34.89459],[-89.52045,34.88938],[-89.52327,34.88914],[-89.52318,34.88239],[-89.52078,34.8821],[-89.52026,34.8803],[-89.49929,34.87047],[-89.49399,34.86611],[-89.494,34.8607],[-89.51311,34.86063],[-89.52993,34.8608],[-89.53079,34.86055],[-89.53424,34.86318],[-89.53572,34.86721],[-89.54226,34.86765],[-89.54516,34.86851],[-89.5467,34.8701],[-89.54993,34.87033],[-89.55487,34.87499],[-89.56518,34.87511],[-89.56458,34.82311],[-89.56969,34.82708],[-89.57343,34.82829],[-89.58145,34.82855],[-89.58321,34.82794],[-89.59199,34.82672],[-89.59659,34.82521],[-89.59668,34.8311]]]}},{"type":"Feature","properties":{"zcta":"38116","d":951},"geometry":{"type":"Polygon","coordinates":[[[-90.04825,35.07762],[-90.04001,35.07533],[-90.02804,35.0727],[-90.02698,35.06713],[-90.02317,35.06325],[-90.02257,35.06561],[-90.02091,35.06563],[-90.01812,35.06839],[-90.01021,35.06774],[-90.00742,35.07098],[-90.0068,35.06938],[-90.00164,35.06931],[-89.99467,35.0705],[-89.99303,35.06834],[-89.99573,35.06806],[-89.99596,35.0607],[-89.99162,35.06058],[-89.9895,35.0605],[-89.99059,35.05845],[-89.99037,35.05612],[-89.988,35.05345],[-89.98208,35.05209],[-89.97261,35.05288],[-89.97259,35.04499],[-89.9699,35.04501],[-89.97146,35.04285],[-89.97138,35.03756],[-89.9674,35.03762],[-89.96812,35.03569],[-89.96799,35.02883],[-89.9698,35.0209],[-89.97183,35.01845],[-89.97355,35.01347],[-89.9771,35.01006],[-89.97789,35.00636],[-89.97605,35.00352],[-89.97218,35.00233],[-89.9722,34.99461],[-90.04304,34.99484],[-90.04305,35.00636],[-90.03523,35.00637],[-90.03715,35.01202],[-90.04376,35.04458],[-90.04898,35.05975],[-90.05244,35.07812],[-90.04825,35.07762]]]}},{"type":"Feature","properties":{"zcta":"38642","d":13},"geometry":{"type":"Polygon","coordinates":[[[-89.43495,34.99375],[-89.35268,34.99412],[-89.35279,34.97202],[-89.34962,34.96918],[-89.34722,34.96579],[-89.34519,34.96443],[-89.34444,34.96217],[-89.33993,34.95907],[-89.33979,34.9554],[-89.34141,34.95337],[-89.34374,34.94638],[-89.3316,34.94604],[-89.32293,34.94645],[-89.28234,34.94655],[-89.282,34.93599],[-89.28213,34.91963],[-89.28194,34.91755],[-89.2846,34.91201],[-89.27891,34.91192],[-89.27339,34.91376],[-89.26675,34.91492],[-89.26299,34.91486],[-89.25923,34.91395],[-89.25547,34.91219],[-89.24864,34.91196],[-89.24663,34.91255],[-89.24657,34.89215],[-89.22875,34.89197],[-89.229,34.89562],[-89.22328,34.89562],[-89.22349,34.88846],[-89.20833,34.8883],[-89.21001,34.89099],[-89.2113,34.89552],[-89.2115,34.89846],[-89.20171,34.89727],[-89.19504,34.89745],[-89.19174,34.89582],[-89.1882,34.89559],[-89.19055,34.89211],[-89.18965,34.88864],[-89.18792,34.88708],[-89.18784,34.88338],[-89.18453,34.8833],[-89.18463,34.87835],[-89.19338,34.87854],[-89.19314,34.86792],[-89.18915,34.86763],[-89.18876,34.86619],[-89.18438,34.86605],[-89.18452,34.85918],[-89.24213,34.85925],[-89.24142,34.85715],[-89.24189,34.85332],[-89.24761,34.85241],[-89.25574,34.85284],[-89.26307,34.85285],[-89.26318,34.85024],[-89.26196,34.84848],[-89.25564,34.84833],[-89.25515,34.84246],[-89.26044,34.83876],[-89.26279,34.83886],[-89.26368,34.84481],[-89.26929,34.84517],[-89.26945,34.85168],[-89.27323,34.85163],[-89.27357,34.85729],[-89.27702,34.85548],[-89.27693,34.85775],[-89.27999,34.85911],[-89.29915,34.859],[-89.30614,34.85929],[-89.30811,34.86065],[-89.31025,34.85893],[-89.31949,34.85862],[-89.32684,34.85741],[-89.32771,34.85898],[-89.33593,34.85913],[-89.34227,34.85884],[-89.35225,34.85898],[-89.3529,34.86096],[-89.35286,34.91725],[-89.37062,34.91742],[-89.37078,34.90956],[-89.37197,34.90579],[-89.37621,34.89814],[-89.38076,34.8933],[-89.38227,34.88835],[-89.38578,34.88917],[-89.39402,34.88634],[-89.39562,34.88537],[-89.39924,34.88087],[-89.40204,34.87398],[-89.39726,34.87386],[-89.39723,34.86653],[-89.41139,34.86666],[-89.41075,34.86737],[-89.4125,34.87149],[-89.41041,34.87223],[-89.41196,34.90909],[-89.41181,34.91781],[-89.40589,34.91775],[-89.40581,34.93893],[-89.40638,34.9413],[-89.40608,34.94626],[-89.42289,34.9465],[-89.42309,34.94607],[-89.42235,34.91791],[-89.42334,34.918],[-89.42294,34.90357],[-89.43181,34.90346],[-89.4324,34.90503],[-89.43842,34.91194],[-89.44097,34.91383],[-89.44131,34.91656],[-89.44437,34.91679],[-89.44515,34.92532],[-89.44497,34.93229],[-89.44975,34.93257],[-89.4498,34.93918],[-89.44543,34.93983],[-89.44557,34.94572],[-89.44187,34.94558],[-89.44121,34.94994],[-89.44903,34.94987],[-89.4535,34.95059],[-89.45344,34.95445],[-89.44994,34.95459],[-89.44983,34.96878],[-89.44405,34.9686],[-89.4438,34.97445],[-89.44097,34.97456],[-89.44098,34.97625],[-89.46724,34.9764],[-89.46912,34.98119],[-89.47208,34.98266],[-89.47164,34.98632],[-89.4699,34.98789],[-89.46859,34.99078],[-89.46691,34.99133],[-89.46631,34.99389],[-89.43495,34.99375]]]}},{"type":"Feature","properties":{"zcta":"38651","d":136},"geometry":{"type":"Polygon","coordinates":[[[-90.06057,34.93359],[-90.04289,34.93355],[-90.04286,34.919],[-90.00639,34.91899],[-90.00231,34.91203],[-89.99867,34.90771],[-89.99737,34.90438],[-89.95582,34.90422],[-89.9536,34.90329],[-89.93677,34.90323],[-89.93668,34.90412],[-89.92029,34.90409],[-89.91902,34.9039],[-89.91915,34.90652],[-89.91601,34.90663],[-89.91248,34.90431],[-89.90482,34.90406],[-89.90242,34.90233],[-89.89959,34.89824],[-89.89541,34.89491],[-89.89541,34.89245],[-89.8927,34.88888],[-89.89258,34.88076],[-89.88794,34.87403],[-89.88619,34.87083],[-89.89507,34.8731],[-89.90161,34.8731],[-89.91909,34.87037],[-89.91917,34.87912],[-89.92509,34.87912],[-89.92502,34.87492],[-89.93093,34.87491],[-89.93087,34.86961],[-89.95076,34.87],[-89.95419,34.86975],[-89.96003,34.86838],[-89.96868,34.864],[-89.97443,34.86198],[-89.97753,34.86154],[-89.99126,34.86156],[-89.99136,34.87103],[-89.99552,34.87192],[-89.99534,34.86155],[-90.00277,34.86283],[-90.00568,34.87094],[-90.00893,34.88216],[-90.01632,34.88193],[-90.01661,34.86896],[-90.01822,34.8673],[-90.02481,34.8685],[-90.03294,34.86865],[-90.03849,34.86797],[-90.05593,34.86335],[-90.06304,34.86213],[-90.07085,34.86144],[-90.07809,34.86137],[-90.0781,34.87512],[-90.07963,34.87685],[-90.08193,34.87684],[-90.08243,34.88791],[-90.08695,34.88789],[-90.08697,34.89414],[-90.0915,34.89394],[-90.09156,34.89692],[-90.09354,34.89689],[-90.09337,34.90064],[-90.08698,34.90076],[-90.08705,34.90431],[-90.07816,34.90438],[-90.0783,34.93327],[-90.06057,34.93359]]]}},{"type":"Feature","properties":{"zcta":"38664","d":14},"geometry":{"type":"Polygon","coordinates":[[[-90.27048,34.86068],[-90.26759,34.8605],[-90.24672,34.86065],[-90.20213,34.86037],[-90.20226,34.83009],[-90.20201,34.8011],[-90.20246,34.77297],[-90.20097,34.72921],[-90.2002,34.72442],[-90.2021,34.7201],[-90.20644,34.7226],[-90.20534,34.72449],[-90.20793,34.72472],[-90.21252,34.72298],[-90.21133,34.72522],[-90.2149,34.73023],[-90.2136,34.73387],[-90.21388,34.73586],[-90.23261,34.73566],[-90.23238,34.72148],[-90.24198,34.72145],[-90.24369,34.72887],[-90.24395,34.74285],[-90.24556,34.74327],[-90.27037,34.74382],[-90.27192,34.74548],[-90.27172,34.74746],[-90.27527,34.75191],[-90.28331,34.75733],[-90.29166,34.76084],[-90.30012,34.76505],[-90.30525,34.76888],[-90.31141,34.77247],[-90.31124,34.77371],[-90.32127,34.77627],[-90.34365,34.77623],[-90.34524,34.77255],[-90.36947,34.77244],[-90.3708,34.76475],[-90.37238,34.76118],[-90.39581,34.76103],[-90.3957,34.75778],[-90.39775,34.7577],[-90.39919,34.75307],[-90.40153,34.74982],[-90.40854,34.74304],[-90.41255,34.74017],[-90.41672,34.73802],[-90.42705,34.73501],[-90.43349,34.73515],[-90.4404,34.73588],[-90.44186,34.73475],[-90.44239,34.73735],[-90.44825,34.74012],[-90.44905,34.74746],[-90.45267,34.75567],[-90.45786,34.76262],[-90.47041,34.78088],[-90.47477,34.78896],[-90.47645,34.79359],[-90.47617,34.80048],[-90.47466,34.80421],[-90.46937,34.8126],[-90.46338,34.81701],[-90.45538,34.82079],[-90.4616,34.83172],[-90.47488,34.85036],[-90.48195,34.85781],[-90.48437,34.86358],[-90.48504,34.86925],[-90.48435,34.87492],[-90.48126,34.88107],[-90.47604,34.88584],[-90.46706,34.89041],[-90.46227,34.89174],[-90.45395,34.89093],[-90.44686,34.88854],[-90.44006,34.88545],[-90.43656,34.88273],[-90.4301,34.87121],[-90.42937,34.86661],[-90.43558,34.85625],[-90.44969,34.83992],[-90.43873,34.82525],[-90.43017,34.82622],[-90.41753,34.82581],[-90.39976,34.8277],[-90.38939,34.83067],[-90.36226,34.84277],[-90.33845,34.85852],[-90.32856,34.84973],[-90.3192,34.84485],[-90.31131,34.84422],[-90.30738,34.8462],[-90.30394,34.85052],[-90.30267,34.85437],[-90.30329,34.85857],[-90.30478,34.86041],[-90.27048,34.86068]]]}},{"type":"Feature","properties":{"zcta":"38633","d":10},"geometry":{"type":"Polygon","coordinates":[[[-89.22819,34.72092],[-89.2018,34.73411],[-89.1826,34.74046],[-89.18148,34.7414],[-89.1802,34.74739],[-89.17667,34.7505],[-89.17077,34.75023],[-89.15804,34.7504],[-89.15771,34.74067],[-89.15817,34.73826],[-89.15661,34.73734],[-89.15018,34.73888],[-89.14585,34.73479],[-89.14184,34.72884],[-89.13915,34.7263],[-89.1383,34.72395],[-89.13657,34.72312],[-89.13719,34.72015],[-89.14005,34.71786],[-89.14113,34.71436],[-89.14093,34.70966],[-89.14279,34.70887],[-89.14603,34.70464],[-89.15008,34.70225],[-89.15152,34.70016],[-89.14946,34.69929],[-89.14918,34.697],[-89.14457,34.69585],[-89.14005,34.69676],[-89.13568,34.69602],[-89.13286,34.69881],[-89.12907,34.69963],[-89.12621,34.69731],[-89.1235,34.69821],[-89.12203,34.69442],[-89.12264,34.69132],[-89.1201,34.68989],[-89.11961,34.68847],[-89.11712,34.68758],[-89.1171,34.68164],[-89.11515,34.68218],[-89.11175,34.67697],[-89.11146,34.67266],[-89.11585,34.66684],[-89.11429,34.66222],[-89.111,34.66297],[-89.10951,34.6618],[-89.10332,34.65924],[-89.09764,34.65758],[-89.09555,34.65569],[-89.09989,34.65329],[-89.11107,34.64941],[-89.11174,34.64846],[-89.11078,34.64446],[-89.11244,34.64147],[-89.11616,34.63847],[-89.1145,34.63451],[-89.11535,34.63296],[-89.11502,34.63006],[-89.11362,34.62911],[-89.11217,34.62572],[-89.11155,34.62178],[-89.10961,34.62177],[-89.10905,34.6193],[-89.11177,34.61565],[-89.11677,34.61579],[-89.11814,34.61492],[-89.11682,34.61166],[-89.11515,34.61057],[-89.11631,34.60572],[-89.11501,34.60232],[-89.11345,34.60152],[-89.1151,34.59802],[-89.13232,34.6077],[-89.13587,34.61041],[-89.13659,34.61313],[-89.14061,34.61473],[-89.14316,34.61271],[-89.14545,34.61229],[-89.14731,34.61028],[-89.14726,34.60803],[-89.1377,34.59778],[-89.14105,34.59789],[-89.14086,34.55502],[-89.14648,34.55844],[-89.14872,34.55762],[-89.15638,34.5574],[-89.16349,34.55432],[-89.18559,34.55419],[-89.18917,34.55615],[-89.19154,34.55645],[-89.19566,34.55466],[-89.1964,34.55288],[-89.20287,34.54951],[-89.20356,34.54626],[-89.20251,34.54309],[-89.19986,34.54133],[-89.20022,34.53984],[-89.24572,34.53964],[-89.24592,34.53977],[-89.24572,34.55042],[-89.24564,34.58323],[-89.27768,34.58306],[-89.2793,34.58733],[-89.28062,34.58899],[-89.28172,34.59319],[-89.28166,34.59599],[-89.28349,34.60224],[-89.27811,34.60382],[-89.27653,34.60652],[-89.27454,34.60662],[-89.27389,34.61004],[-89.27448,34.61268],[-89.27807,34.61793],[-89.27611,34.62169],[-89.27431,34.62942],[-89.2715,34.63055],[-89.2648,34.63145],[-89.2633,34.63646],[-89.27697,34.63767],[-89.28163,34.63841],[-89.28785,34.6405],[-89.29531,34.64548],[-89.29835,34.6454],[-89.29844,34.65569],[-89.29104,34.65549],[-89.28158,34.65576],[-89.28157,34.6678],[-89.2701,34.67687],[-89.26754,34.68014],[-89.25953,34.69707],[-89.24856,34.71029],[-89.2461,34.7129],[-89.23817,34.71793],[-89.23443,34.71908],[-89.22819,34.72092]]]}},{"type":"Feature","properties":{"zcta":"38603","d":8},"geometry":{"type":"Polygon","coordinates":[[[-89.25515,34.84246],[-89.25564,34.84833],[-89.26196,34.84848],[-89.26318,34.85024],[-89.26307,34.85285],[-89.25574,34.85284],[-89.24761,34.85241],[-89.24189,34.85332],[-89.24142,34.85715],[-89.24213,34.85925],[-89.18452,34.85918],[-89.18438,34.86605],[-89.18876,34.86619],[-89.18915,34.86763],[-89.19314,34.86792],[-89.19338,34.87854],[-89.18463,34.87835],[-89.18453,34.8833],[-89.18784,34.88338],[-89.18792,34.88708],[-89.18965,34.88864],[-89.19055,34.89211],[-89.1882,34.89559],[-89.18396,34.90016],[-89.18102,34.90741],[-89.1799,34.90835],[-89.18127,34.9098],[-89.18092,34.91433],[-89.17979,34.91775],[-89.18376,34.92166],[-89.18461,34.92462],[-89.18777,34.92675],[-89.18775,34.92824],[-89.1898,34.92767],[-89.19194,34.93022],[-89.19102,34.93065],[-89.19164,34.93549],[-89.19322,34.9366],[-89.19201,34.93828],[-89.19567,34.9428],[-89.19695,34.94632],[-89.18302,34.94618],[-89.18027,34.95013],[-89.17638,34.95026],[-89.17636,34.95379],[-89.14286,34.95399],[-89.14083,34.95129],[-89.14079,34.94607],[-89.0662,34.95185],[-89.05896,34.95241],[-89.06177,34.94373],[-89.06048,34.93501],[-89.06573,34.93411],[-89.07863,34.92864],[-89.07943,34.92294],[-89.07915,34.91626],[-89.07804,34.91387],[-89.0793,34.9126],[-89.07933,34.90405],[-89.0734,34.90738],[-89.0625,34.90646],[-89.04384,34.90537],[-89.04326,34.90423],[-89.03931,34.9031],[-89.0358,34.90306],[-89.03314,34.9003],[-89.03054,34.89571],[-89.03091,34.89217],[-89.02995,34.8886],[-89.03261,34.88593],[-89.0295,34.88437],[-89.02739,34.88043],[-89.02962,34.87873],[-89.03021,34.87555],[-89.03257,34.8718],[-89.03184,34.86906],[-89.0301,34.86699],[-89.02949,34.86202],[-89.02651,34.8605],[-89.02614,34.85872],[-89.03501,34.85876],[-89.03526,34.84465],[-89.03538,34.82129],[-89.03096,34.82216],[-89.0253,34.82055],[-89.02695,34.81968],[-89.02756,34.81707],[-89.02737,34.80913],[-89.0302,34.8062],[-89.02948,34.80487],[-89.0254,34.80352],[-89.02607,34.79873],[-89.02476,34.79653],[-89.02616,34.7946],[-89.02845,34.79482],[-89.03204,34.79769],[-89.03867,34.79594],[-89.0405,34.79606],[-89.04522,34.79813],[-89.04675,34.7979],[-89.0501,34.80086],[-89.05346,34.80226],[-89.05535,34.79917],[-89.06034,34.79835],[-89.06276,34.79281],[-89.06492,34.78949],[-89.06917,34.78692],[-89.06945,34.78601],[-89.0884,34.78596],[-89.0886,34.76422],[-89.0896,34.76236],[-89.09316,34.759],[-89.09339,34.75726],[-89.09774,34.75603],[-89.09882,34.75369],[-89.10614,34.74829],[-89.10745,34.74926],[-89.11526,34.75016],[-89.12276,34.75012],[-89.12689,34.75327],[-89.13043,34.75312],[-89.1432,34.74682],[-89.1473,34.74691],[-89.15804,34.7504],[-89.17077,34.75023],[-89.17667,34.7505],[-89.1802,34.74739],[-89.18148,34.7414],[-89.1826,34.74046],[-89.2018,34.73411],[-89.22819,34.72092],[-89.23443,34.71908],[-89.2345,34.72162],[-89.23597,34.72385],[-89.2346,34.7247],[-89.23389,34.72857],[-89.23668,34.73106],[-89.23471,34.73154],[-89.2358,34.73364],[-89.23498,34.73952],[-89.23157,34.74037],[-89.23265,34.74245],[-89.23645,34.743],[-89.2398,34.74571],[-89.24063,34.74779],[-89.24611,34.74844],[-89.24591,34.75112],[-89.24829,34.75364],[-89.24793,34.75692],[-89.25007,34.75813],[-89.24977,34.76133],[-89.25176,34.76259],[-89.25257,34.76466],[-89.25158,34.76914],[-89.25323,34.77087],[-89.25238,34.77259],[-89.25042,34.77457],[-89.2451,34.77601],[-89.24858,34.77757],[-89.24907,34.78063],[-89.25097,34.78291],[-89.25376,34.78451],[-89.25216,34.79058],[-89.25147,34.79519],[-89.25073,34.80446],[-89.25169,34.80795],[-89.25738,34.80847],[-89.26375,34.81394],[-89.26388,34.81548],[-89.24524,34.81545],[-89.24647,34.82113],[-89.24913,34.82269],[-89.25041,34.82474],[-89.25385,34.82708],[-89.25588,34.83407],[-89.26044,34.83876],[-89.25515,34.84246]]]}},{"type":"Feature","properties":{"zcta":"38668","d":38},"geometry":{"type":"Polygon","coordinates":[[[-90.09231,34.66027],[-90.08311,34.65889],[-90.07496,34.65587],[-90.07517,34.67016],[-90.03956,34.67028],[-90.04014,34.6663],[-90.03964,34.66016],[-90.03062,34.6605],[-90.02509,34.65867],[-90.02312,34.65871],[-90.02018,34.65653],[-90.0064,34.6593],[-90.00414,34.66195],[-90.00193,34.66314],[-89.99842,34.66334],[-89.99049,34.66747],[-89.98534,34.65989],[-89.98171,34.65743],[-89.97769,34.65818],[-89.97587,34.65499],[-89.97308,34.65428],[-89.95958,34.64131],[-89.95751,34.63859],[-89.95295,34.63642],[-89.93966,34.63361],[-89.93853,34.63365],[-89.93467,34.63694],[-89.93187,34.64117],[-89.92464,34.64131],[-89.87678,34.64126],[-89.87003,34.64117],[-89.86174,34.64434],[-89.85807,34.6447],[-89.84157,34.6434],[-89.83657,34.64274],[-89.832,34.64401],[-89.82821,34.64289],[-89.81755,34.64147],[-89.81039,34.64142],[-89.81073,34.63425],[-89.79824,34.63421],[-89.7863,34.62811],[-89.78386,34.62525],[-89.77529,34.62684],[-89.77009,34.62951],[-89.7659,34.63367],[-89.76325,34.63428],[-89.75826,34.63829],[-89.75309,34.6392],[-89.75158,34.64422],[-89.7503,34.64517],[-89.73988,34.64514],[-89.71962,34.64623],[-89.71959,34.64327],[-89.71783,34.64352],[-89.7177,34.64016],[-89.70139,34.64181],[-89.69596,34.64181],[-89.69395,34.64274],[-89.6917,34.64231],[-89.68693,34.64189],[-89.68692,34.6303],[-89.69001,34.62897],[-89.69153,34.62468],[-89.69207,34.62104],[-89.69791,34.61885],[-89.69873,34.61689],[-89.69723,34.6143],[-89.69736,34.61252],[-89.669,34.6128],[-89.66892,34.58723],[-89.69988,34.58714],[-89.70007,34.58589],[-89.70336,34.58552],[-89.70448,34.58342],[-89.70651,34.58367],[-89.70657,34.58125],[-89.70795,34.58147],[-89.70813,34.57604],[-89.72064,34.57601],[-89.73077,34.57628],[-89.73106,34.56785],[-89.73768,34.56777],[-89.73772,34.56532],[-89.74083,34.5652],[-89.74083,34.56286],[-89.73911,34.56291],[-89.73903,34.55414],[-89.75753,34.554],[-89.75859,34.55629],[-89.75618,34.55857],[-89.75566,34.56077],[-89.77451,34.56119],[-89.77442,34.55386],[-89.80863,34.5539],[-89.80972,34.55376],[-89.86271,34.55381],[-89.88047,34.55369],[-89.93723,34.55366],[-89.95095,34.55407],[-90.01185,34.55399],[-90.01268,34.55026],[-90.01385,34.549],[-90.01476,34.54033],[-90.02453,34.52495],[-90.05696,34.52494],[-90.05656,34.55418],[-90.09186,34.55412],[-90.10926,34.55424],[-90.10923,34.56017],[-90.1064,34.56409],[-90.10943,34.56443],[-90.10939,34.56327],[-90.11483,34.5634],[-90.11456,34.56112],[-90.1218,34.56139],[-90.12209,34.56949],[-90.12699,34.56964],[-90.12695,34.5766],[-90.1241,34.57867],[-90.127,34.58137],[-90.12688,34.59068],[-90.12607,34.59311],[-90.12735,34.59722],[-90.12689,34.59958],[-90.12696,34.60649],[-90.12752,34.60902],[-90.12705,34.61445],[-90.12273,34.61572],[-90.11823,34.61588],[-90.11489,34.61966],[-90.10951,34.61925],[-90.10974,34.63575],[-90.11064,34.63788],[-90.11609,34.63823],[-90.11853,34.63999],[-90.11859,34.64131],[-90.13611,34.64138],[-90.1363,34.65217],[-90.13384,34.65226],[-90.13384,34.65587],[-90.10989,34.65581],[-90.10974,34.6668],[-90.09231,34.66027]]]}},{"type":"Feature","properties":{"zcta":"38672","d":641},"geometry":{"type":"Polygon","coordinates":[[[-89.93675,34.9945],[-89.93678,34.97169],[-89.93364,34.97219],[-89.93177,34.97003],[-89.92853,34.96854],[-89.9191,34.96839],[-89.91894,34.96236],[-89.91901,34.94782],[-89.92133,34.94783],[-89.9213,34.93319],[-89.91909,34.93318],[-89.91915,34.90652],[-89.91902,34.9039],[-89.92029,34.90409],[-89.93668,34.90412],[-89.93677,34.90323],[-89.9536,34.90329],[-89.95582,34.90422],[-89.99737,34.90438],[-89.99867,34.90771],[-90.00231,34.91203],[-90.00639,34.91899],[-90.00982,34.92492],[-90.01122,34.92828],[-90.00456,34.92855],[-89.99963,34.9259],[-89.99401,34.92546],[-89.99411,34.92791],[-89.99735,34.93087],[-89.99773,34.93356],[-89.99457,34.93357],[-89.99215,34.91898],[-89.98616,34.91895],[-89.98625,34.92629],[-89.98309,34.92624],[-89.98105,34.9245],[-89.98088,34.92243],[-89.97665,34.92243],[-89.97665,34.92433],[-89.97067,34.92372],[-89.97057,34.91304],[-89.96607,34.91399],[-89.96432,34.91358],[-89.96231,34.91485],[-89.95937,34.91329],[-89.95877,34.91685],[-89.9599,34.91879],[-89.95361,34.91882],[-89.95362,34.92508],[-89.94897,34.92797],[-89.94563,34.9278],[-89.94482,34.92421],[-89.94341,34.92641],[-89.94144,34.92549],[-89.94149,34.92387],[-89.93683,34.92429],[-89.93676,34.94172],[-89.95121,34.94191],[-89.95118,34.94067],[-89.9573,34.94068],[-89.95445,34.94578],[-89.95445,34.97702],[-89.95487,34.99168],[-89.95603,34.99456],[-89.93675,34.9945]]]}},{"type":"Feature","properties":{"zcta":"38685","d":6},"geometry":{"type":"Polygon","coordinates":[[[-89.39139,34.63378],[-89.38756,34.63016],[-89.38449,34.62853],[-89.37986,34.62829],[-89.37724,34.62501],[-89.37874,34.62285],[-89.38177,34.62048],[-89.38311,34.61575],[-89.38624,34.61324],[-89.38838,34.6135],[-89.39156,34.61216],[-89.39407,34.61325],[-89.39903,34.61259],[-89.40489,34.60915],[-89.40434,34.60835],[-89.40392,34.60072],[-89.39265,34.59313],[-89.3948,34.59125],[-89.39629,34.58827],[-89.39871,34.58596],[-89.40265,34.58371],[-89.40282,34.57954],[-89.40361,34.57875],[-89.4029,34.57386],[-89.40441,34.57304],[-89.40536,34.56982],[-89.40305,34.56631],[-89.40407,34.56271],[-89.40408,34.53003],[-89.40435,34.52711],[-89.40646,34.52601],[-89.40561,34.52444],[-89.40718,34.52242],[-89.41042,34.52279],[-89.41083,34.52473],[-89.41268,34.52587],[-89.41488,34.52219],[-89.42295,34.52007],[-89.42446,34.51913],[-89.4305,34.52017],[-89.434,34.51991],[-89.4387,34.52198],[-89.44019,34.52345],[-89.4431,34.5312],[-89.44818,34.53048],[-89.45058,34.53173],[-89.45566,34.53251],[-89.46052,34.53857],[-89.46502,34.54073],[-89.46836,34.54627],[-89.47356,34.5467],[-89.47666,34.54899],[-89.475,34.55157],[-89.47665,34.55402],[-89.48576,34.55425],[-89.51101,34.5545],[-89.54366,34.55503],[-89.54839,34.55091],[-89.5498,34.55394],[-89.55033,34.55058],[-89.55578,34.54931],[-89.55883,34.54666],[-89.561,34.54629],[-89.56936,34.5465],[-89.57359,34.54544],[-89.57399,34.54309],[-89.57958,34.54051],[-89.5839,34.54005],[-89.58762,34.53782],[-89.59016,34.53911],[-89.59072,34.54121],[-89.59301,34.54197],[-89.59798,34.54598],[-89.59941,34.54096],[-89.62922,34.54027],[-89.62932,34.538],[-89.6328,34.53792],[-89.63274,34.53498],[-89.64151,34.53481],[-89.64164,34.53895],[-89.64303,34.54006],[-89.65022,34.53701],[-89.64524,34.5443],[-89.64355,34.55026],[-89.64286,34.55468],[-89.66845,34.55437],[-89.62712,34.58072],[-89.61964,34.57761],[-89.61772,34.57725],[-89.61279,34.56963],[-89.6069,34.56945],[-89.60572,34.57001],[-89.59654,34.56945],[-89.596,34.57516],[-89.58747,34.57523],[-89.58645,34.57686],[-89.58027,34.57689],[-89.5803,34.5809],[-89.57946,34.58169],[-89.57351,34.58175],[-89.57178,34.59216],[-89.56566,34.60104],[-89.56114,34.59959],[-89.5571,34.60032],[-89.55012,34.60412],[-89.54975,34.60871],[-89.54883,34.60901],[-89.54527,34.61356],[-89.54583,34.62203],[-89.54538,34.6296],[-89.52803,34.63899],[-89.5281,34.659],[-89.52446,34.6584],[-89.5208,34.66053],[-89.51585,34.65985],[-89.51433,34.65703],[-89.5101,34.65655],[-89.49609,34.65625],[-89.49391,34.65528],[-89.48743,34.65625],[-89.48201,34.65219],[-89.47931,34.65113],[-89.47834,34.64958],[-89.47469,34.64883],[-89.46458,34.65024],[-89.4572,34.64762],[-89.45506,34.65404],[-89.45364,34.67563],[-89.45448,34.68049],[-89.45725,34.68572],[-89.42221,34.68495],[-89.41664,34.68473],[-89.41236,34.68067],[-89.41001,34.67917],[-89.40743,34.67463],[-89.40882,34.6718],[-89.40793,34.66868],[-89.40536,34.66853],[-89.40603,34.66413],[-89.40449,34.66255],[-89.40435,34.63401],[-89.39694,34.63406],[-89.39139,34.63378]]]}},{"type":"Feature","properties":{"zcta":"38114","d":1332},"geometry":{"type":"Polygon","coordinates":[[[-89.9691,35.1156],[-89.96919,35.11197],[-89.96548,35.11081],[-89.96575,35.10795],[-89.96146,35.10783],[-89.96173,35.1013],[-89.96111,35.10054],[-89.96124,35.09488],[-89.95882,35.09483],[-89.95686,35.09603],[-89.95691,35.09057],[-89.95749,35.08662],[-89.96163,35.08675],[-89.96236,35.08599],[-89.95595,35.08059],[-89.96368,35.07786],[-89.97828,35.07653],[-89.98529,35.07702],[-89.98548,35.07617],[-89.99022,35.07626],[-89.99932,35.07477],[-90.00832,35.07376],[-90.00854,35.07782],[-90.01073,35.08129],[-90.01025,35.09216],[-90.00444,35.09199],[-90.00423,35.09873],[-90.00639,35.10023],[-90.00616,35.10591],[-90.0037,35.10451],[-90.00509,35.10896],[-90.00483,35.11612],[-90.01038,35.11588],[-90.01545,35.11753],[-90.01488,35.12098],[-90.01565,35.12198],[-90.01197,35.12345],[-89.99835,35.12412],[-89.99866,35.11749],[-89.9955,35.1174],[-89.99554,35.11623],[-89.98035,35.11587],[-89.9691,35.1156]]]}},{"type":"Feature","properties":{"zcta":"38115","d":1880},"geometry":{"type":"Polygon","coordinates":[[[-89.89297,35.08335],[-89.89104,35.08212],[-89.88514,35.08333],[-89.88138,35.08254],[-89.86538,35.07421],[-89.85798,35.07177],[-89.85607,35.07031],[-89.84248,35.06501],[-89.82847,35.05634],[-89.82915,35.05488],[-89.83116,35.04125],[-89.83125,35.03498],[-89.85597,35.03498],[-89.86675,35.0348],[-89.88616,35.035],[-89.8862,35.03589],[-89.89037,35.04456],[-89.88944,35.0506],[-89.88621,35.05054],[-89.88934,35.05221],[-89.88808,35.05478],[-89.88665,35.05474],[-89.88592,35.05964],[-89.88787,35.05975],[-89.88628,35.06399],[-89.88552,35.06888],[-89.88777,35.06894],[-89.88726,35.07231],[-89.89053,35.07664],[-89.89414,35.07672],[-89.89987,35.07899],[-89.90654,35.07657],[-89.90698,35.07825],[-89.89297,35.08335]]]}},{"type":"Feature","properties":{"zcta":"38134","d":926},"geometry":{"type":"Polygon","coordinates":[[[-89.89697,35.17574],[-89.89638,35.18261],[-89.89343,35.18317],[-89.8932,35.18538],[-89.8963,35.18573],[-89.89555,35.19331],[-89.8946,35.20702],[-89.89426,35.21927],[-89.89344,35.22129],[-89.88294,35.22085],[-89.87819,35.22022],[-89.87259,35.21845],[-89.86797,35.21887],[-89.85724,35.21814],[-89.85462,35.21726],[-89.83613,35.21698],[-89.83947,35.21125],[-89.84058,35.20841],[-89.83852,35.20823],[-89.83729,35.20623],[-89.83441,35.20548],[-89.83348,35.20535],[-89.84488,35.19417],[-89.83978,35.19408],[-89.83641,35.19522],[-89.83601,35.18784],[-89.8391,35.18484],[-89.84119,35.17764],[-89.83627,35.17858],[-89.83644,35.17512],[-89.82808,35.17887],[-89.82816,35.17435],[-89.83531,35.1715],[-89.83457,35.16895],[-89.83246,35.16662],[-89.83684,35.16638],[-89.83703,35.161],[-89.83624,35.16029],[-89.83711,35.15657],[-89.83711,35.15144],[-89.81783,35.14782],[-89.81562,35.14513],[-89.811,35.14208],[-89.80352,35.13825],[-89.80258,35.13642],[-89.79604,35.13536],[-89.79697,35.13197],[-89.80194,35.13266],[-89.85017,35.13512],[-89.85509,35.13281],[-89.86124,35.13767],[-89.87272,35.14388],[-89.87828,35.14925],[-89.87942,35.15628],[-89.88223,35.15886],[-89.8872,35.16196],[-89.89298,35.16627],[-89.89847,35.17281],[-89.89856,35.17291],[-89.89697,35.17574]]]}},{"type":"Feature","properties":{"zcta":"38138","d":1038},"geometry":{"type":"Polygon","coordinates":[[[-89.79644,35.11594],[-89.79211,35.11195],[-89.78666,35.10962],[-89.78532,35.1067],[-89.79075,35.10194],[-89.78886,35.09877],[-89.79054,35.09538],[-89.78779,35.093],[-89.7905,35.09287],[-89.79093,35.08392],[-89.74634,35.06166],[-89.7376,35.05424],[-89.73836,35.05469],[-89.73983,35.04998],[-89.7399,35.04721],[-89.76287,35.04774],[-89.76283,35.05174],[-89.76394,35.05176],[-89.76443,35.05682],[-89.77062,35.05683],[-89.77059,35.06191],[-89.77823,35.06178],[-89.78528,35.06355],[-89.79319,35.06375],[-89.7952,35.06349],[-89.80313,35.06417],[-89.80308,35.0665],[-89.81251,35.0666],[-89.81244,35.06809],[-89.82204,35.06737],[-89.82489,35.06622],[-89.82549,35.0672],[-89.82844,35.06674],[-89.82813,35.07767],[-89.82964,35.0777],[-89.82951,35.0828],[-89.8307,35.08284],[-89.83027,35.09471],[-89.84313,35.09656],[-89.84544,35.09718],[-89.84557,35.09932],[-89.8455,35.10233],[-89.84261,35.10215],[-89.84184,35.10012],[-89.83603,35.10142],[-89.83599,35.10479],[-89.83438,35.10618],[-89.83407,35.11683],[-89.8355,35.11798],[-89.83462,35.12113],[-89.82088,35.11832],[-89.80836,35.11616],[-89.80294,35.11731],[-89.80097,35.11691],[-89.79644,35.11594]]]}},{"type":"Feature","properties":{"zcta":"38128","d":790},"geometry":{"type":"MultiPolygon","coordinates":[[[[-89.93133,35.17963],[-89.92996,35.17841],[-89.93542,35.17672],[-89.93306,35.17913],[-89.93564,35.17977],[-89.93213,35.18393],[-89.93133,35.17963]]],[[[-89.96491,35.2582],[-89.92943,35.26294],[-89.91978,35.26661],[-89.89627,35.27516],[-89.88735,35.27501],[-89.88927,35.26115],[-89.88775,35.26044],[-89.88223,35.25992],[-89.88281,35.25318],[-89.87761,35.25299],[-89.89335,35.23718],[-89.88795,35.23441],[-89.89267,35.22857],[-89.89494,35.22966],[-89.89768,35.22693],[-89.89307,35.22693],[-89.89397,35.22477],[-89.89344,35.22129],[-89.89426,35.21927],[-89.8946,35.20702],[-89.89555,35.19331],[-89.8963,35.18573],[-89.8932,35.18538],[-89.89343,35.18317],[-89.89638,35.18261],[-89.89697,35.17574],[-89.89856,35.17291],[-89.90319,35.17749],[-89.90576,35.18117],[-89.90908,35.18479],[-89.92369,35.1803],[-89.92574,35.18583],[-89.92982,35.18599],[-89.93213,35.18393],[-89.93773,35.18528],[-89.93902,35.18724],[-89.93716,35.18934],[-89.93963,35.18942],[-89.9461,35.18604],[-89.9496,35.18619],[-89.95761,35.18515],[-89.96299,35.18297],[-89.96439,35.18296],[-89.96387,35.18722],[-89.96653,35.21256],[-89.9667,35.21661],[-89.96296,35.22853],[-89.96306,35.23174],[-89.96795,35.24243],[-89.96825,35.25158],[-89.96876,35.25447],[-89.96491,35.2582]]]]}},{"type":"Feature","properties":{"zcta":"38133","d":807},"geometry":{"type":"Polygon","coordinates":[[[-89.82517,35.21456],[-89.8257,35.21491],[-89.82295,35.21945],[-89.81916,35.22047],[-89.81936,35.22545],[-89.81626,35.22543],[-89.81617,35.22809],[-89.81146,35.22802],[-89.81069,35.23032],[-89.80803,35.23335],[-89.80242,35.23389],[-89.79346,35.23745],[-89.78592,35.24042],[-89.78471,35.23885],[-89.77415,35.24296],[-89.77218,35.24331],[-89.77107,35.24065],[-89.76404,35.2404],[-89.76167,35.23976],[-89.76158,35.23639],[-89.75405,35.23631],[-89.74734,35.23499],[-89.74623,35.23281],[-89.74624,35.22704],[-89.74407,35.22609],[-89.74424,35.22061],[-89.74271,35.22057],[-89.74802,35.21835],[-89.74743,35.21721],[-89.77249,35.2044],[-89.77757,35.20183],[-89.79229,35.19511],[-89.79235,35.19346],[-89.7978,35.19251],[-89.82808,35.17887],[-89.83644,35.17512],[-89.83627,35.17858],[-89.84119,35.17764],[-89.8391,35.18484],[-89.83601,35.18784],[-89.83641,35.19522],[-89.83978,35.19408],[-89.84488,35.19417],[-89.83348,35.20535],[-89.83441,35.20548],[-89.82517,35.21456]]]}},{"type":"Feature","properties":{"zcta":"38125","d":1093},"geometry":{"type":"Polygon","coordinates":[[[-89.82252,35.05253],[-89.81354,35.05256],[-89.81072,35.05158],[-89.80933,35.04991],[-89.79939,35.04864],[-89.79925,35.05062],[-89.79515,35.05049],[-89.79342,35.05615],[-89.79319,35.06039],[-89.79558,35.06044],[-89.79556,35.06191],[-89.79316,35.06193],[-89.79319,35.06375],[-89.78528,35.06355],[-89.77823,35.06178],[-89.77059,35.06191],[-89.77062,35.05683],[-89.76443,35.05682],[-89.76394,35.05176],[-89.76283,35.05174],[-89.76287,35.04774],[-89.7399,35.04721],[-89.74217,35.04709],[-89.74374,35.04454],[-89.74182,35.04024],[-89.7418,35.0287],[-89.74207,35.02616],[-89.7468,35.02715],[-89.75966,35.02759],[-89.75964,35.02058],[-89.75135,35.02058],[-89.75133,35.01802],[-89.75267,35.01803],[-89.75267,35.0112],[-89.75526,35.0112],[-89.75522,35.0096],[-89.75963,35.00956],[-89.75961,35.00603],[-89.7436,35.00612],[-89.74371,35.00533],[-89.74864,35.00023],[-89.74963,34.99705],[-89.75146,34.99673],[-89.75153,34.99503],[-89.79519,34.99429],[-89.83069,34.99423],[-89.8309,35.00586],[-89.82946,35.00583],[-89.8293,35.01484],[-89.82275,35.01872],[-89.82226,35.02039],[-89.83116,35.02039],[-89.83125,35.03498],[-89.83116,35.04125],[-89.82915,35.05488],[-89.82847,35.05634],[-89.82252,35.05253]]]}},{"type":"Feature","properties":{"zcta":"38126","d":1266},"geometry":{"type":"Polygon","coordinates":[[[-90.03257,35.13143],[-90.03074,35.12985],[-90.03226,35.12902],[-90.03307,35.12597],[-90.03239,35.12452],[-90.03288,35.11854],[-90.03135,35.11735],[-90.03296,35.11611],[-90.03726,35.11596],[-90.04327,35.11674],[-90.04707,35.11587],[-90.05147,35.11597],[-90.0517,35.11927],[-90.05508,35.11983],[-90.05484,35.12678],[-90.05707,35.1268],[-90.05661,35.12921],[-90.05908,35.12931],[-90.05833,35.13211],[-90.05462,35.13274],[-90.05499,35.13467],[-90.05306,35.13753],[-90.04453,35.13669],[-90.0432,35.13767],[-90.03998,35.13734],[-90.04001,35.13629],[-90.03489,35.13579],[-90.03586,35.13718],[-90.03324,35.13747],[-90.0333,35.13557],[-90.03101,35.1352],[-90.03257,35.13143]]]}},{"type":"Feature","properties":{"zcta":"38016","d":1185},"geometry":{"type":"Polygon","coordinates":[[[-89.7978,35.19251],[-89.79235,35.19346],[-89.79229,35.19511],[-89.77757,35.20183],[-89.77249,35.2044],[-89.74402,35.20455],[-89.7394,35.20494],[-89.73996,35.19923],[-89.73479,35.19969],[-89.73483,35.20422],[-89.73277,35.20566],[-89.72399,35.20573],[-89.72028,35.20506],[-89.72088,35.18894],[-89.71949,35.18929],[-89.7094,35.19448],[-89.70179,35.19587],[-89.70182,35.19267],[-89.69612,35.19185],[-89.69575,35.17795],[-89.69814,35.178],[-89.69898,35.18025],[-89.7048,35.17306],[-89.70956,35.16798],[-89.71219,35.16801],[-89.71079,35.16539],[-89.71092,35.16108],[-89.70974,35.15884],[-89.7109,35.15936],[-89.7183,35.15984],[-89.73327,35.16031],[-89.73861,35.16251],[-89.74297,35.16345],[-89.74451,35.15982],[-89.75173,35.15982],[-89.75129,35.16367],[-89.75485,35.16184],[-89.77137,35.157],[-89.777,35.15704],[-89.77745,35.15589],[-89.78028,35.15595],[-89.78021,35.15796],[-89.78465,35.1585],[-89.78828,35.15666],[-89.79184,35.15742],[-89.79204,35.15389],[-89.79518,35.15397],[-89.7955,35.15636],[-89.80094,35.1556],[-89.8034,35.15746],[-89.80292,35.15886],[-89.80772,35.16042],[-89.81455,35.1585],[-89.81688,35.15918],[-89.81662,35.17234],[-89.81948,35.17232],[-89.82841,35.1675],[-89.83246,35.16662],[-89.83457,35.16895],[-89.83531,35.1715],[-89.82816,35.17435],[-89.82808,35.17887],[-89.7978,35.19251]]]}},{"type":"Feature","properties":{"zcta":"38018","d":966},"geometry":{"type":"Polygon","coordinates":[[[-89.82841,35.1675],[-89.81948,35.17232],[-89.81662,35.17234],[-89.81688,35.15918],[-89.81455,35.1585],[-89.80772,35.16042],[-89.80292,35.15886],[-89.8034,35.15746],[-89.80094,35.1556],[-89.7955,35.15636],[-89.79518,35.15397],[-89.79204,35.15389],[-89.79184,35.15742],[-89.78828,35.15666],[-89.78465,35.1585],[-89.78021,35.15796],[-89.78028,35.15595],[-89.77745,35.15589],[-89.777,35.15704],[-89.77137,35.157],[-89.75485,35.16184],[-89.75129,35.16367],[-89.75173,35.15982],[-89.74451,35.15982],[-89.74297,35.16345],[-89.73861,35.16251],[-89.73327,35.16031],[-89.7183,35.15984],[-89.7109,35.15936],[-89.70974,35.15884],[-89.71027,35.15449],[-89.70828,35.1509],[-89.71128,35.14556],[-89.71312,35.14563],[-89.71306,35.14368],[-89.71555,35.14425],[-89.71637,35.1431],[-89.71892,35.14317],[-89.71728,35.14127],[-89.71777,35.13755],[-89.71901,35.13756],[-89.71903,35.13228],[-89.71037,35.13231],[-89.71049,35.12735],[-89.73386,35.1223],[-89.73457,35.12166],[-89.73632,35.11548],[-89.73168,35.11061],[-89.73154,35.10563],[-89.73429,35.11058],[-89.73639,35.11087],[-89.73737,35.10883],[-89.74013,35.10929],[-89.74175,35.10739],[-89.76273,35.10304],[-89.77646,35.10545],[-89.78666,35.10962],[-89.79211,35.11195],[-89.79644,35.11594],[-89.80097,35.11691],[-89.79697,35.13197],[-89.79604,35.13536],[-89.80258,35.13642],[-89.80352,35.13825],[-89.811,35.14208],[-89.81562,35.14513],[-89.81783,35.14782],[-89.83711,35.15144],[-89.83711,35.15657],[-89.83624,35.16029],[-89.83703,35.161],[-89.83684,35.16638],[-89.83246,35.16662],[-89.82841,35.1675]]]}},{"type":"Feature","properties":{"zcta":"38058","d":193},"geometry":{"type":"Polygon","coordinates":[[[-89.83872,35.49269],[-89.83867,35.49433],[-89.83434,35.49353],[-89.82995,35.4912],[-89.82827,35.49107],[-89.82818,35.49363],[-89.82276,35.49328],[-89.82259,35.49173],[-89.81981,35.49149],[-89.81786,35.49421],[-89.81498,35.49438],[-89.81414,35.49762],[-89.8124,35.49664],[-89.80883,35.50069],[-89.8067,35.5015],[-89.80256,35.50014],[-89.80064,35.50038],[-89.79529,35.49627],[-89.78997,35.50464],[-89.78986,35.50663],[-89.78283,35.50777],[-89.76968,35.51455],[-89.76977,35.5108],[-89.77388,35.50606],[-89.77593,35.50249],[-89.7771,35.49836],[-89.7717,35.49811],[-89.77248,35.48872],[-89.76888,35.48567],[-89.76043,35.4863],[-89.75868,35.48604],[-89.75883,35.48185],[-89.75999,35.48191],[-89.7599,35.47612],[-89.76254,35.4759],[-89.7635,35.46657],[-89.76943,35.46638],[-89.76995,35.46502],[-89.76106,35.46465],[-89.76569,35.4623],[-89.7888,35.44447],[-89.79407,35.44149],[-89.8066,35.43187],[-89.81086,35.42761],[-89.83242,35.41106],[-89.8342,35.41483],[-89.83773,35.41026],[-89.84233,35.41046],[-89.84256,35.40846],[-89.84902,35.40953],[-89.84857,35.40802],[-89.84364,35.40738],[-89.84359,35.40535],[-89.84566,35.40496],[-89.84292,35.40279],[-89.84545,35.40304],[-89.84508,35.40074],[-89.84872,35.39747],[-89.85231,35.39879],[-89.85602,35.39917],[-89.8556,35.40325],[-89.85685,35.40346],[-89.85577,35.41144],[-89.86244,35.40742],[-89.86279,35.40825],[-89.85883,35.4134],[-89.86054,35.41356],[-89.85832,35.41553],[-89.85825,35.42062],[-89.85734,35.42151],[-89.85839,35.42597],[-89.86539,35.42926],[-89.86804,35.43007],[-89.8708,35.43222],[-89.87399,35.43691],[-89.86928,35.44252],[-89.86944,35.4438],[-89.87226,35.44617],[-89.87228,35.45105],[-89.87159,35.45825],[-89.86939,35.45899],[-89.86852,35.46423],[-89.86284,35.46449],[-89.86057,35.47221],[-89.85649,35.47248],[-89.85658,35.47068],[-89.85458,35.47271],[-89.85065,35.47181],[-89.85001,35.47615],[-89.848,35.47905],[-89.8432,35.48254],[-89.83998,35.48983],[-89.841,35.4924],[-89.83872,35.49269]]]}},{"type":"Feature","properties":{"zcta":"72338","d":0},"geometry":{"type":"Polygon","coordinates":[[[-90.06833,35.40346],[-90.07222,35.40198],[-90.07842,35.39786],[-90.0803,35.39796],[-90.07949,35.39591],[-90.083,35.39083],[-90.08355,35.38815],[-90.09359,35.39333],[-90.10234,35.39969],[-90.10735,35.40421],[-90.11162,35.40959],[-90.11509,35.41141],[-90.12934,35.41383],[-90.13429,35.41325],[-90.13929,35.41052],[-90.14324,35.407],[-90.14508,35.40376],[-90.14619,35.39947],[-90.14587,35.39508],[-90.14347,35.3876],[-90.13551,35.37667],[-90.14654,35.37399],[-90.15602,35.37463],[-90.16528,35.37398],[-90.17214,35.37749],[-90.17834,35.38209],[-90.17926,35.38519],[-90.1707,35.41007],[-90.1706,35.41835],[-90.16888,35.42188],[-90.14006,35.43667],[-90.22344,35.43767],[-90.21551,35.45117],[-90.21549,35.4517],[-90.20685,35.46639],[-90.24179,35.46692],[-90.24151,35.48151],[-90.20073,35.48106],[-90.19957,35.47959],[-90.20278,35.47405],[-90.20086,35.47464],[-90.19216,35.48105],[-90.18435,35.48101],[-90.18388,35.4736],[-90.18258,35.46762],[-90.18124,35.46616],[-90.14416,35.46604],[-90.14443,35.4554],[-90.1351,35.45469],[-90.12928,35.45328],[-90.12921,35.45049],[-90.13193,35.44439],[-90.13547,35.4414],[-90.13878,35.43977],[-90.13592,35.43879],[-90.12943,35.44212],[-90.12314,35.45985],[-90.12002,35.4666],[-90.11441,35.47247],[-90.10772,35.47693],[-90.10052,35.47809],[-90.08803,35.47858],[-90.07901,35.47687],[-90.07215,35.47075],[-90.0678,35.46622],[-90.06721,35.46096],[-90.07133,35.45034],[-90.07406,35.43961],[-90.07408,35.43398],[-90.07055,35.42329],[-90.06202,35.41518],[-90.06953,35.40813],[-90.06695,35.40493],[-90.06833,35.40346]]]}},{"type":"Feature","properties":{"zcta":"38046","d":0},"geometry":{"type":"Polygon","coordinates":[[[-89.24159,35.04831],[-89.24232,35.04542],[-89.24108,35.04336],[-89.24389,35.04335],[-89.24364,35.0444],[-89.24948,35.04658],[-89.24615,35.04658],[-89.24606,35.04831],[-89.24363,35.04829],[-89.24159,35.04831]]]}},{"type":"Feature","properties":{"zcta":"38049","d":16},"geometry":{"type":"Polygon","coordinates":[[[-89.64063,35.39858],[-89.64106,35.40254],[-89.63897,35.42565],[-89.63791,35.42717],[-89.62264,35.4479],[-89.61578,35.47265],[-89.61188,35.47639],[-89.61004,35.48044],[-89.59883,35.49577],[-89.59474,35.49419],[-89.58474,35.49398],[-89.58455,35.49798],[-89.58798,35.49834],[-89.58792,35.50097],[-89.58626,35.50334],[-89.58464,35.50328],[-89.5847,35.49872],[-89.5817,35.49874],[-89.58188,35.4939],[-89.57892,35.49387],[-89.577,35.49205],[-89.56519,35.49152],[-89.56535,35.47751],[-89.54755,35.47638],[-89.54626,35.47586],[-89.53857,35.47538],[-89.52988,35.4754],[-89.51849,35.47494],[-89.51768,35.45888],[-89.51337,35.46213],[-89.51005,35.46318],[-89.50142,35.46256],[-89.49674,35.46338],[-89.49665,35.44737],[-89.49457,35.44719],[-89.49475,35.43593],[-89.49399,35.43106],[-89.49838,35.4301],[-89.49982,35.42878],[-89.49967,35.4224],[-89.50246,35.4204],[-89.50707,35.41835],[-89.51192,35.41841],[-89.51557,35.41753],[-89.52393,35.41435],[-89.52389,35.41237],[-89.52934,35.41011],[-89.52947,35.4081],[-89.52725,35.40452],[-89.50007,35.40414],[-89.49718,35.40352],[-89.47417,35.40304],[-89.43853,35.40211],[-89.43864,35.40105],[-89.41144,35.40059],[-89.41171,35.38948],[-89.41298,35.3855],[-89.41327,35.38213],[-89.40816,35.38305],[-89.40453,35.38523],[-89.40072,35.38428],[-89.39698,35.37896],[-89.39431,35.37847],[-89.39294,35.37601],[-89.38942,35.37431],[-89.41423,35.35598],[-89.41196,35.35504],[-89.39228,35.35529],[-89.38693,35.35367],[-89.38537,35.35177],[-89.38756,35.34828],[-89.39006,35.3466],[-89.39159,35.3433],[-89.40091,35.33701],[-89.39924,35.33058],[-89.41273,35.33097],[-89.41686,35.33509],[-89.42004,35.33677],[-89.42234,35.33896],[-89.42491,35.34313],[-89.42589,35.34735],[-89.4278,35.34933],[-89.43228,35.35231],[-89.43646,35.36026],[-89.43847,35.35824],[-89.44148,35.35833],[-89.44519,35.35572],[-89.44808,35.35616],[-89.45252,35.35572],[-89.47272,35.34852],[-89.48939,35.33643],[-89.50501,35.32537],[-89.516,35.3235],[-89.51613,35.32181],[-89.51318,35.32105],[-89.51306,35.31768],[-89.50412,35.31653],[-89.49815,35.31681],[-89.49523,35.31332],[-89.51567,35.30624],[-89.53691,35.30232],[-89.53825,35.30181],[-89.54738,35.29223],[-89.5734,35.29291],[-89.58252,35.29326],[-89.60277,35.29941],[-89.61686,35.30593],[-89.62987,35.30827],[-89.6323,35.31044],[-89.6217,35.31852],[-89.61821,35.3229],[-89.61539,35.32623],[-89.60828,35.33533],[-89.60188,35.34113],[-89.60233,35.34377],[-89.60465,35.34615],[-89.6105,35.34011],[-89.61337,35.34185],[-89.62402,35.34364],[-89.62939,35.34824],[-89.63258,35.3471],[-89.63428,35.34543],[-89.63278,35.37582],[-89.63653,35.37686],[-89.63674,35.37489],[-89.64049,35.3754],[-89.646,35.37227],[-89.64429,35.37489],[-89.64505,35.37682],[-89.64461,35.38301],[-89.64174,35.38634],[-89.6438,35.38673],[-89.6428,35.38798],[-89.64063,35.39858]]]}},{"type":"Feature","properties":{"zcta":"38023","d":37},"geometry":{"type":"Polygon","coordinates":[[[-89.89312,35.55163],[-89.89292,35.54598],[-89.89147,35.53404],[-89.89205,35.52982],[-89.89154,35.52535],[-89.89221,35.52171],[-89.88788,35.52597],[-89.88777,35.52366],[-89.89108,35.51944],[-89.88947,35.51729],[-89.88687,35.52137],[-89.88525,35.52263],[-89.88079,35.52167],[-89.8802,35.51801],[-89.88255,35.51825],[-89.88317,35.51579],[-89.87979,35.51508],[-89.87991,35.51365],[-89.87673,35.5143],[-89.86887,35.5137],[-89.86575,35.51122],[-89.86675,35.50982],[-89.8595,35.50916],[-89.8598,35.50578],[-89.84928,35.50551],[-89.8463,35.50434],[-89.84562,35.49795],[-89.841,35.4924],[-89.83998,35.48983],[-89.8432,35.48254],[-89.848,35.47905],[-89.85001,35.47615],[-89.85065,35.47181],[-89.85458,35.47271],[-89.85658,35.47068],[-89.85649,35.47248],[-89.86057,35.47221],[-89.86284,35.46449],[-89.86852,35.46423],[-89.86939,35.45899],[-89.87159,35.45825],[-89.87228,35.45105],[-89.87226,35.44617],[-89.86944,35.4438],[-89.86928,35.44252],[-89.87399,35.43691],[-89.8708,35.43222],[-89.86804,35.43007],[-89.86539,35.42926],[-89.85839,35.42597],[-89.85734,35.42151],[-89.85825,35.42062],[-89.85832,35.41553],[-89.86054,35.41356],[-89.85883,35.4134],[-89.86279,35.40825],[-89.86244,35.40742],[-89.85577,35.41144],[-89.85685,35.40346],[-89.8556,35.40325],[-89.85602,35.39917],[-89.85231,35.39879],[-89.85268,35.39688],[-89.85705,35.39614],[-89.85716,35.39402],[-89.85878,35.39416],[-89.86017,35.39064],[-89.88399,35.39119],[-89.88932,35.39091],[-89.88831,35.39223],[-89.89018,35.39586],[-89.89191,35.3967],[-89.89069,35.39806],[-89.89051,35.40257],[-89.89691,35.40321],[-89.89838,35.40226],[-89.90138,35.40252],[-89.9021,35.39739],[-89.90516,35.3977],[-89.90929,35.39278],[-89.91789,35.39302],[-89.91719,35.39621],[-89.91784,35.39792],[-89.91701,35.40052],[-89.91831,35.40426],[-89.91619,35.41252],[-89.91451,35.41227],[-89.91478,35.41844],[-89.91429,35.42061],[-89.93422,35.42257],[-89.93354,35.42731],[-89.94929,35.42908],[-89.94908,35.43113],[-89.95544,35.43139],[-89.95529,35.43481],[-89.95803,35.43501],[-89.95791,35.43823],[-89.96015,35.43811],[-89.96094,35.43643],[-89.96423,35.43707],[-89.96699,35.43097],[-89.97012,35.42737],[-89.97322,35.42285],[-89.97425,35.41901],[-89.97978,35.41421],[-89.98163,35.41197],[-89.98624,35.40873],[-89.98764,35.40679],[-89.99058,35.40002],[-89.99212,35.39462],[-90.04156,35.39662],[-90.04404,35.39672],[-90.05678,35.40386],[-90.04809,35.41174],[-90.02119,35.42023],[-90.01382,35.42343],[-90.00332,35.42963],[-90.00267,35.43053],[-90.00403,35.44325],[-90.0068,35.45325],[-90.01192,35.4626],[-90.01965,35.47312],[-90.02773,35.47729],[-90.03511,35.48271],[-90.04398,35.49438],[-90.04768,35.50261],[-90.05015,35.51564],[-90.04909,35.52226],[-90.04613,35.5296],[-90.04215,35.53656],[-90.03985,35.54706],[-90.03811,35.54973],[-90.0345,35.55263],[-90.02829,35.55526],[-90.0239,35.55634],[-90.0179,35.55603],[-90.00829,35.56007],[-89.99893,35.56114],[-89.99164,35.56065],[-89.98936,35.56004],[-89.97631,35.55387],[-89.9585,35.5417],[-89.95671,35.53937],[-89.95564,35.53452],[-89.95701,35.53164],[-89.95875,35.52384],[-89.95264,35.52154],[-89.9351,35.51547],[-89.92889,35.51237],[-89.92437,35.5113],[-89.9185,35.51138],[-89.91192,35.51284],[-89.90893,35.51424],[-89.90464,35.51935],[-89.90237,35.52504],[-89.90231,35.53023],[-89.9044,35.53589],[-89.90679,35.53747],[-89.9097,35.53795],[-89.90189,35.54173],[-89.8983,35.54465],[-89.89439,35.55016],[-89.89383,35.55183],[-89.89312,35.55163]]]}},{"type":"Feature","properties":{"zcta":"38105","d":1240},"geometry":{"type":"Polygon","coordinates":[[[-90.04688,35.16347],[-90.0477,35.16145],[-90.0392,35.15917],[-90.03979,35.15711],[-90.03732,35.15662],[-90.03094,35.15701],[-90.02693,35.15637],[-90.0218,35.15674],[-90.01946,35.15531],[-90.01894,35.15408],[-90.02037,35.14539],[-90.02291,35.14224],[-90.02761,35.1427],[-90.03529,35.14271],[-90.03561,35.1407],[-90.04391,35.1431],[-90.04374,35.14504],[-90.04039,35.1441],[-90.04004,35.14509],[-90.04387,35.14722],[-90.04515,35.14974],[-90.04792,35.15049],[-90.04956,35.14983],[-90.04802,35.15377],[-90.04804,35.15712],[-90.04952,35.15697],[-90.05106,35.15313],[-90.05489,35.1531],[-90.05323,35.15769],[-90.05005,35.16042],[-90.04929,35.16382],[-90.04688,35.16347]]]}},{"type":"Feature","properties":{"zcta":"38106","d":361},"geometry":{"type":"Polygon","coordinates":[[[-90.08262,35.12133],[-90.07536,35.1273],[-90.0725,35.12505],[-90.06709,35.12481],[-90.06701,35.12642],[-90.06436,35.12704],[-90.05707,35.1268],[-90.05484,35.12678],[-90.05508,35.11983],[-90.0517,35.11927],[-90.05147,35.11597],[-90.04707,35.11587],[-90.04327,35.11674],[-90.03726,35.11596],[-90.03296,35.11611],[-90.03135,35.11735],[-90.03288,35.11854],[-90.03239,35.12452],[-90.02669,35.12428],[-90.02131,35.12291],[-90.02137,35.12155],[-90.01704,35.11714],[-90.01545,35.11753],[-90.01038,35.11588],[-90.00483,35.11612],[-90.00509,35.10896],[-90.0037,35.10451],[-90.00616,35.10591],[-90.00639,35.10023],[-90.00423,35.09873],[-90.00444,35.09199],[-90.01025,35.09216],[-90.01073,35.08129],[-90.00854,35.07782],[-90.00832,35.07376],[-89.99932,35.07477],[-90.01921,35.0713],[-90.02117,35.07133],[-90.02257,35.06561],[-90.02317,35.06325],[-90.02698,35.06713],[-90.02804,35.0727],[-90.04001,35.07533],[-90.04825,35.07762],[-90.05244,35.07812],[-90.053,35.08141],[-90.05146,35.08297],[-90.04697,35.08373],[-90.05207,35.08397],[-90.04848,35.08923],[-90.04591,35.09158],[-90.05208,35.0916],[-90.05199,35.09512],[-90.05575,35.09618],[-90.05863,35.09622],[-90.06279,35.09519],[-90.06273,35.09757],[-90.06018,35.10103],[-90.05779,35.10765],[-90.06751,35.10785],[-90.0691,35.11056],[-90.07515,35.1107],[-90.07566,35.10804],[-90.0836,35.10811],[-90.08408,35.11132],[-90.08663,35.11947],[-90.08262,35.12133]]]}},{"type":"Feature","properties":{"zcta":"38104","d":1952},"geometry":{"type":"Polygon","coordinates":[[[-90.03089,35.13826],[-90.02832,35.13902],[-90.02761,35.1427],[-90.02291,35.14224],[-90.02037,35.14539],[-90.01894,35.15408],[-90.01946,35.15531],[-90.01935,35.1561],[-90.00871,35.15516],[-90.00885,35.1542],[-90.01253,35.1536],[-90.01121,35.15174],[-90.01236,35.14401],[-90.01183,35.14361],[-89.99766,35.14244],[-89.99702,35.14789],[-89.99537,35.1454],[-89.99383,35.14672],[-89.99159,35.14189],[-89.98471,35.14118],[-89.9796,35.13929],[-89.97987,35.13599],[-89.98316,35.13605],[-89.98426,35.12593],[-89.97897,35.12578],[-89.98017,35.12742],[-89.97658,35.12892],[-89.97608,35.1276],[-89.97159,35.12754],[-89.97131,35.13381],[-89.97011,35.13435],[-89.9713,35.12763],[-89.97822,35.11794],[-89.98035,35.11587],[-89.99554,35.11623],[-89.9955,35.1174],[-89.99866,35.11749],[-89.99835,35.12412],[-90.01197,35.12345],[-90.01565,35.12198],[-90.01488,35.12098],[-90.01545,35.11753],[-90.01704,35.11714],[-90.02137,35.12155],[-90.02131,35.12291],[-90.02669,35.12428],[-90.03239,35.12452],[-90.03307,35.12597],[-90.03226,35.12902],[-90.03074,35.12985],[-90.03257,35.13143],[-90.03101,35.1352],[-90.03089,35.13826]]]}},{"type":"Feature","properties":{"zcta":"38076","d":18},"geometry":{"type":"Polygon","coordinates":[[[-89.49167,35.14524],[-89.48666,35.14606],[-89.48644,35.1576],[-89.48305,35.15732],[-89.4828,35.15882],[-89.47597,35.15872],[-89.47563,35.16227],[-89.45661,35.16191],[-89.45677,35.15524],[-89.45062,35.15511],[-89.44704,35.15593],[-89.43924,35.15528],[-89.42394,35.15508],[-89.41868,35.15755],[-89.421,35.16127],[-89.42334,35.16188],[-89.42344,35.16508],[-89.42263,35.17009],[-89.41136,35.17009],[-89.41144,35.17442],[-89.41364,35.17444],[-89.41343,35.18327],[-89.41376,35.1847],[-89.38773,35.18392],[-89.38698,35.18724],[-89.38722,35.19172],[-89.38327,35.19181],[-89.383,35.19053],[-89.38534,35.18385],[-89.38045,35.18371],[-89.36391,35.1866],[-89.36502,35.18244],[-89.36874,35.176],[-89.36796,35.1742],[-89.36434,35.17227],[-89.36791,35.17233],[-89.36733,35.16942],[-89.3681,35.16774],[-89.37134,35.1651],[-89.37206,35.16323],[-89.36793,35.16314],[-89.36878,35.15973],[-89.37343,35.16006],[-89.37413,35.15875],[-89.37216,35.15755],[-89.37317,35.1557],[-89.37341,35.14719],[-89.3793,35.14731],[-89.37995,35.14425],[-89.38261,35.14728],[-89.37911,35.15354],[-89.38661,35.15438],[-89.38702,35.15299],[-89.39978,35.1535],[-89.39993,35.15793],[-89.40389,35.15795],[-89.40387,35.15933],[-89.40598,35.15939],[-89.40607,35.15701],[-89.40796,35.15699],[-89.40701,35.15486],[-89.40828,35.15397],[-89.41126,35.15456],[-89.41142,35.14796],[-89.40974,35.14681],[-89.41378,35.14356],[-89.41454,35.1445],[-89.41716,35.14392],[-89.41725,35.14256],[-89.43758,35.14296],[-89.43799,35.12172],[-89.43694,35.11684],[-89.43756,35.11223],[-89.43883,35.1087],[-89.44036,35.10882],[-89.44029,35.10651],[-89.44321,35.10629],[-89.44176,35.10258],[-89.44646,35.10254],[-89.4471,35.08075],[-89.44611,35.08077],[-89.44644,35.07352],[-89.44875,35.07254],[-89.45136,35.07381],[-89.45068,35.07233],[-89.45428,35.07119],[-89.45845,35.07394],[-89.46094,35.07194],[-89.46248,35.0738],[-89.46308,35.07182],[-89.46816,35.07105],[-89.46901,35.06987],[-89.47559,35.07012],[-89.47882,35.06919],[-89.48037,35.07167],[-89.48781,35.07115],[-89.49092,35.07038],[-89.48998,35.06762],[-89.4933,35.06742],[-89.49429,35.06605],[-89.48511,35.06126],[-89.48354,35.05979],[-89.48398,35.05665],[-89.48955,35.05535],[-89.50316,35.05368],[-89.51057,35.05304],[-89.53249,35.05014],[-89.5342,35.05076],[-89.53589,35.05528],[-89.54056,35.05423],[-89.53952,35.06633],[-89.53261,35.06597],[-89.53224,35.07082],[-89.49313,35.07435],[-89.49149,35.08449],[-89.49115,35.08909],[-89.48137,35.08867],[-89.47951,35.09864],[-89.48128,35.10619],[-89.48108,35.11301],[-89.48203,35.11599],[-89.48589,35.11755],[-89.4889,35.11676],[-89.49066,35.11827],[-89.49708,35.11747],[-89.50475,35.11449],[-89.51171,35.11448],[-89.51233,35.11693],[-89.51122,35.11933],[-89.51123,35.12468],[-89.5099,35.12751],[-89.50823,35.1375],[-89.50141,35.13895],[-89.4979,35.14165],[-89.49404,35.14356],[-89.49167,35.14524]]]}},{"type":"Feature","properties":{"zcta":"38103","d":2401},"geometry":{"type":"Polygon","coordinates":[[[-90.07302,35.12923],[-90.06655,35.13684],[-90.06518,35.1394],[-90.06401,35.14463],[-90.06538,35.15138],[-90.06653,35.15299],[-90.06392,35.15468],[-90.06446,35.1609],[-90.06468,35.1702],[-90.06441,35.17895],[-90.05745,35.18322],[-90.0572,35.1829],[-90.05598,35.1812],[-90.05296,35.18167],[-90.04652,35.18503],[-90.04488,35.18227],[-90.0444,35.17726],[-90.04657,35.17742],[-90.04715,35.17524],[-90.04669,35.17099],[-90.04905,35.16613],[-90.04929,35.16382],[-90.05005,35.16042],[-90.05323,35.15769],[-90.05489,35.1531],[-90.05106,35.15313],[-90.04952,35.15697],[-90.04804,35.15712],[-90.04802,35.15377],[-90.04956,35.14983],[-90.04792,35.15049],[-90.04515,35.14974],[-90.04387,35.14722],[-90.04004,35.14509],[-90.04039,35.1441],[-90.04374,35.14504],[-90.04391,35.1431],[-90.03561,35.1407],[-90.03529,35.14271],[-90.02761,35.1427],[-90.02832,35.13902],[-90.03089,35.13826],[-90.03101,35.1352],[-90.0333,35.13557],[-90.03324,35.13747],[-90.03586,35.13718],[-90.03489,35.13579],[-90.04001,35.13629],[-90.03998,35.13734],[-90.0432,35.13767],[-90.04453,35.13669],[-90.05306,35.13753],[-90.05499,35.13467],[-90.05462,35.13274],[-90.05833,35.13211],[-90.05908,35.12931],[-90.05661,35.12921],[-90.05707,35.1268],[-90.06436,35.12704],[-90.06701,35.12642],[-90.06709,35.12481],[-90.0725,35.12505],[-90.07536,35.1273],[-90.07503,35.12758],[-90.07302,35.12923]]]}},{"type":"Feature","properties":{"zcta":"38139","d":854},"geometry":{"type":"Polygon","coordinates":[[[-89.77646,35.10545],[-89.76273,35.10304],[-89.74175,35.10739],[-89.74013,35.10929],[-89.73737,35.10883],[-89.73639,35.11087],[-89.73429,35.11058],[-89.73154,35.10563],[-89.72954,35.09184],[-89.73012,35.07419],[-89.73061,35.06833],[-89.73197,35.06544],[-89.73249,35.05187],[-89.7376,35.05424],[-89.74634,35.06166],[-89.79093,35.08392],[-89.7905,35.09287],[-89.78779,35.093],[-89.79054,35.09538],[-89.78886,35.09877],[-89.79075,35.10194],[-89.78532,35.1067],[-89.78666,35.10962],[-89.77646,35.10545]]]}},{"type":"Feature","properties":{"zcta":"38015","d":26},"geometry":{"type":"Polygon","coordinates":[[[-89.88793,35.56618],[-89.88914,35.57065],[-89.88844,35.57238],[-89.88543,35.57509],[-89.88191,35.57646],[-89.88119,35.57785],[-89.8827,35.58059],[-89.88584,35.58234],[-89.8845,35.58498],[-89.87889,35.58653],[-89.87394,35.58558],[-89.87317,35.58296],[-89.8714,35.58131],[-89.86997,35.58252],[-89.8699,35.58584],[-89.8677,35.58849],[-89.86604,35.58847],[-89.86225,35.58511],[-89.85924,35.58513],[-89.85994,35.58755],[-89.85725,35.59173],[-89.85284,35.59091],[-89.85102,35.59503],[-89.84664,35.59485],[-89.84239,35.59757],[-89.84488,35.60119],[-89.84469,35.60477],[-89.8421,35.60353],[-89.83978,35.60409],[-89.83776,35.60136],[-89.83621,35.60342],[-89.83338,35.60284],[-89.83113,35.60508],[-89.8278,35.60243],[-89.82348,35.60376],[-89.82548,35.60819],[-89.82478,35.6096],[-89.8264,35.612],[-89.82649,35.61438],[-89.82364,35.61316],[-89.82324,35.61503],[-89.82093,35.61677],[-89.81696,35.61689],[-89.81484,35.61795],[-89.81791,35.61895],[-89.81833,35.62278],[-89.81547,35.62511],[-89.81397,35.62408],[-89.8158,35.62019],[-89.81214,35.61968],[-89.81271,35.62247],[-89.81096,35.62351],[-89.80841,35.62042],[-89.80634,35.62145],[-89.80123,35.62107],[-89.80074,35.61996],[-89.7964,35.62123],[-89.79576,35.62239],[-89.78964,35.62248],[-89.79011,35.61732],[-89.79223,35.61356],[-89.79241,35.60745],[-89.79118,35.60505],[-89.79129,35.6019],[-89.79021,35.59739],[-89.78832,35.59426],[-89.78026,35.59436],[-89.77642,35.59631],[-89.776,35.59846],[-89.77329,35.59856],[-89.77209,35.60158],[-89.76757,35.59915],[-89.76453,35.59851],[-89.76279,35.5964],[-89.7524,35.59503],[-89.75407,35.59122],[-89.75816,35.59154],[-89.75919,35.58997],[-89.75479,35.58959],[-89.75479,35.58349],[-89.75872,35.58395],[-89.75894,35.58294],[-89.75487,35.58209],[-89.75812,35.57122],[-89.75737,35.5646],[-89.7668,35.56046],[-89.76415,35.55695],[-89.76229,35.55645],[-89.75997,35.55349],[-89.76116,35.55348],[-89.76047,35.55091],[-89.758,35.5485],[-89.75619,35.54298],[-89.75835,35.5419],[-89.75934,35.53481],[-89.75549,35.52966],[-89.76047,35.53036],[-89.76124,35.532],[-89.76999,35.53212],[-89.76978,35.5296],[-89.76833,35.52956],[-89.76978,35.52372],[-89.77624,35.52493],[-89.78182,35.52549],[-89.78307,35.52644],[-89.782,35.53501],[-89.78499,35.53728],[-89.78528,35.53852],[-89.7888,35.53975],[-89.79738,35.54055],[-89.79859,35.53323],[-89.80413,35.52608],[-89.80561,35.52112],[-89.80666,35.51492],[-89.80927,35.5096],[-89.81059,35.50402],[-89.81272,35.50458],[-89.81336,35.50706],[-89.82154,35.5072],[-89.83095,35.50441],[-89.83425,35.50715],[-89.83477,35.51319],[-89.83783,35.51197],[-89.83818,35.51469],[-89.83948,35.51485],[-89.83943,35.51249],[-89.8407,35.50764],[-89.84614,35.50779],[-89.84907,35.5073],[-89.84928,35.50551],[-89.8598,35.50578],[-89.8595,35.50916],[-89.86675,35.50982],[-89.86575,35.51122],[-89.86887,35.5137],[-89.87673,35.5143],[-89.87991,35.51365],[-89.87979,35.51508],[-89.88317,35.51579],[-89.88255,35.51825],[-89.8802,35.51801],[-89.88079,35.52167],[-89.88525,35.52263],[-89.88687,35.52137],[-89.88947,35.51729],[-89.89108,35.51944],[-89.88777,35.52366],[-89.88788,35.52597],[-89.89221,35.52171],[-89.89154,35.52535],[-89.89205,35.52982],[-89.89147,35.53404],[-89.89292,35.54598],[-89.89312,35.55163],[-89.89383,35.55183],[-89.88793,35.56618]]]}},{"type":"Feature","properties":{"zcta":"38647","d":9},"geometry":{"type":"Polygon","coordinates":[[[-89.25178,34.99458],[-89.21743,34.99473],[-89.15683,34.99393],[-89.139,34.99433],[-89.10426,34.99452],[-89.1048,34.99052],[-89.10316,34.99034],[-89.0724,34.99015],[-89.07226,34.9759],[-89.0749,34.9757],[-89.07439,34.96838],[-89.06677,34.96848],[-89.0662,34.95185],[-89.14079,34.94607],[-89.14083,34.95129],[-89.14286,34.95399],[-89.17636,34.95379],[-89.17638,34.95026],[-89.18027,34.95013],[-89.18302,34.94618],[-89.19695,34.94632],[-89.19567,34.9428],[-89.19201,34.93828],[-89.19322,34.9366],[-89.19164,34.93549],[-89.19102,34.93065],[-89.19194,34.93022],[-89.1898,34.92767],[-89.18775,34.92824],[-89.18777,34.92675],[-89.18461,34.92462],[-89.18376,34.92166],[-89.17979,34.91775],[-89.18092,34.91433],[-89.18127,34.9098],[-89.1799,34.90835],[-89.18102,34.90741],[-89.18396,34.90016],[-89.1882,34.89559],[-89.19174,34.89582],[-89.19504,34.89745],[-89.20171,34.89727],[-89.2115,34.89846],[-89.2113,34.89552],[-89.21001,34.89099],[-89.20833,34.8883],[-89.22349,34.88846],[-89.22328,34.89562],[-89.229,34.89562],[-89.22875,34.89197],[-89.24657,34.89215],[-89.24663,34.91255],[-89.24864,34.91196],[-89.25547,34.91219],[-89.25923,34.91395],[-89.26299,34.91486],[-89.26675,34.91492],[-89.27339,34.91376],[-89.27891,34.91192],[-89.2846,34.91201],[-89.28194,34.91755],[-89.28213,34.91963],[-89.282,34.93599],[-89.28234,34.94655],[-89.32293,34.94645],[-89.3316,34.94604],[-89.34374,34.94638],[-89.34141,34.95337],[-89.33979,34.9554],[-89.33993,34.95907],[-89.34444,34.96217],[-89.34519,34.96443],[-89.34722,34.96579],[-89.34962,34.96918],[-89.35279,34.97202],[-89.35268,34.99412],[-89.25178,34.99458]]]}},{"type":"Feature","properties":{"zcta":"38057","d":17},"geometry":{"type":"Polygon","coordinates":[[[-89.37182,35.14619],[-89.37437,35.13814],[-89.37431,35.13441],[-89.37147,35.12804],[-89.36937,35.12572],[-89.36956,35.11701],[-89.36875,35.1145],[-89.36139,35.10666],[-89.35378,35.10229],[-89.34782,35.09738],[-89.34771,35.09515],[-89.34257,35.09233],[-89.34164,35.08703],[-89.33824,35.08666],[-89.33632,35.08783],[-89.33603,35.08975],[-89.33426,35.09125],[-89.33111,35.09144],[-89.32912,35.09429],[-89.32611,35.09511],[-89.32711,35.09687],[-89.32269,35.1033],[-89.321,35.10393],[-89.31955,35.10276],[-89.31732,35.10406],[-89.31233,35.10496],[-89.3049,35.1106],[-89.30145,35.11199],[-89.30248,35.11314],[-89.29833,35.11462],[-89.2949,35.11285],[-89.29121,35.10784],[-89.29165,35.10439],[-89.28821,35.10129],[-89.28805,35.09943],[-89.28545,35.09583],[-89.27973,35.09514],[-89.27322,35.08542],[-89.26783,35.08013],[-89.26473,35.07448],[-89.26185,35.0742],[-89.2601,35.07145],[-89.25519,35.07052],[-89.25308,35.06922],[-89.2515,35.06671],[-89.24701,35.06584],[-89.24334,35.06062],[-89.24363,35.04829],[-89.24606,35.04831],[-89.24615,35.04658],[-89.24948,35.04658],[-89.24364,35.0444],[-89.24389,35.04335],[-89.24655,35.03632],[-89.24697,35.03261],[-89.24316,35.03184],[-89.23926,35.02684],[-89.23885,35.02353],[-89.23617,35.02067],[-89.23726,35.02043],[-89.23547,35.0179],[-89.23453,35.01148],[-89.23268,35.01006],[-89.2346,35.00876],[-89.23599,35.00394],[-89.23746,35.00357],[-89.23891,35.00528],[-89.24038,35.00384],[-89.24002,35.00195],[-89.24203,35.00066],[-89.2449,35.00056],[-89.24896,34.99842],[-89.24992,34.9952],[-89.25178,34.99458],[-89.35268,34.99412],[-89.43495,34.99375],[-89.46631,34.99389],[-89.48446,34.99396],[-89.48653,35.00547],[-89.48657,35.00739],[-89.49011,35.01067],[-89.49191,35.01884],[-89.48861,35.02545],[-89.48516,35.02942],[-89.48576,35.03289],[-89.4851,35.03883],[-89.4872,35.04041],[-89.48537,35.0426],[-89.48019,35.04423],[-89.46801,35.04693],[-89.4681,35.0503],[-89.46915,35.0527],[-89.47475,35.05399],[-89.48128,35.05736],[-89.48398,35.05665],[-89.48354,35.05979],[-89.48511,35.06126],[-89.49429,35.06605],[-89.4933,35.06742],[-89.48998,35.06762],[-89.49092,35.07038],[-89.48781,35.07115],[-89.48037,35.07167],[-89.47882,35.06919],[-89.47559,35.07012],[-89.46901,35.06987],[-89.46816,35.07105],[-89.46308,35.07182],[-89.46248,35.0738],[-89.46094,35.07194],[-89.45845,35.07394],[-89.45428,35.07119],[-89.45068,35.07233],[-89.45136,35.07381],[-89.44875,35.07254],[-89.44644,35.07352],[-89.44611,35.08077],[-89.4471,35.08075],[-89.44646,35.10254],[-89.44176,35.10258],[-89.44321,35.10629],[-89.44029,35.10651],[-89.44036,35.10882],[-89.43883,35.1087],[-89.43756,35.11223],[-89.43694,35.11684],[-89.43799,35.12172],[-89.43758,35.14296],[-89.41725,35.14256],[-89.41716,35.14392],[-89.41454,35.1445],[-89.41378,35.14356],[-89.40974,35.14681],[-89.41142,35.14796],[-89.41126,35.15456],[-89.40828,35.15397],[-89.40701,35.15486],[-89.40796,35.15699],[-89.40607,35.15701],[-89.40598,35.15939],[-89.40387,35.15933],[-89.40389,35.15795],[-89.39993,35.15793],[-89.39978,35.1535],[-89.38702,35.15299],[-89.38661,35.15438],[-89.37911,35.15354],[-89.38261,35.14728],[-89.37995,35.14425],[-89.3793,35.14731],[-89.37341,35.14719],[-89.37182,35.14619]]]}},{"type":"Feature","properties":{"zcta":"72339","d":0},"geometry":{"type":"Polygon","coordinates":[[[-90.26954,35.41994],[-90.26952,35.42363],[-90.2386,35.42315],[-90.254,35.41365],[-90.26296,35.41126],[-90.26893,35.40544],[-90.27326,35.40319],[-90.28292,35.41575],[-90.28269,35.42006],[-90.26954,35.41994]]]}},{"type":"Feature","properties":{"zcta":"72364","d":96},"geometry":{"type":"Polygon","coordinates":[[[-90.22563,35.31561],[-90.2244,35.31549],[-90.216,35.31206],[-90.21059,35.31032],[-90.20508,35.30932],[-90.19727,35.30893],[-90.19112,35.30949],[-90.18839,35.30904],[-90.18741,35.30562],[-90.18485,35.30543],[-90.18487,35.30847],[-90.18322,35.30848],[-90.16879,35.31086],[-90.16336,35.31063],[-90.16166,35.30835],[-90.15947,35.30814],[-90.15796,35.30664],[-90.15895,35.30503],[-90.15386,35.30238],[-90.15732,35.30149],[-90.16122,35.29895],[-90.16381,35.29612],[-90.16519,35.29319],[-90.16887,35.282],[-90.16879,35.27909],[-90.16659,35.27459],[-90.15882,35.26289],[-90.15209,35.25599],[-90.14632,35.25356],[-90.13972,35.2523],[-90.12783,35.25393],[-90.11735,35.2558],[-90.11205,35.25568],[-90.10514,35.25442],[-90.09767,35.25012],[-90.09434,35.24879],[-90.08635,35.23818],[-90.08454,35.23104],[-90.07616,35.22148],[-90.07486,35.21811],[-90.07547,35.21405],[-90.0773,35.21112],[-90.08068,35.20854],[-90.08856,35.21232],[-90.09328,35.20328],[-90.09647,35.19485],[-90.09741,35.19479],[-90.10871,35.19926],[-90.11606,35.19859],[-90.11738,35.19006],[-90.11674,35.18691],[-90.11365,35.18329],[-90.10814,35.18157],[-90.10666,35.17603],[-90.10143,35.17109],[-90.07887,35.15941],[-90.06867,35.156],[-90.06653,35.15299],[-90.06538,35.15138],[-90.06401,35.14463],[-90.06518,35.1394],[-90.06655,35.13684],[-90.07302,35.12923],[-90.07503,35.12758],[-90.09386,35.14256],[-90.12732,35.15549],[-90.1273,35.15348],[-90.13166,35.15349],[-90.13184,35.15785],[-90.13327,35.16075],[-90.13172,35.1615],[-90.13128,35.16712],[-90.12723,35.16727],[-90.12719,35.18015],[-90.13322,35.18969],[-90.13326,35.17549],[-90.14025,35.17518],[-90.14349,35.17202],[-90.14522,35.16886],[-90.14679,35.16793],[-90.14969,35.16412],[-90.17989,35.17567],[-90.19439,35.17566],[-90.19358,35.1726],[-90.19222,35.17105],[-90.19407,35.17102],[-90.20207,35.16759],[-90.22432,35.16079],[-90.22433,35.16485],[-90.22779,35.16243],[-90.23014,35.1664],[-90.23453,35.17019],[-90.23726,35.17591],[-90.23712,35.18711],[-90.23889,35.19052],[-90.2518,35.19055],[-90.25182,35.18951],[-90.25528,35.18956],[-90.25504,35.1747],[-90.25527,35.16149],[-90.24634,35.16138],[-90.24664,35.14688],[-90.23577,35.14675],[-90.23555,35.13941],[-90.23716,35.13941],[-90.23735,35.12124],[-90.25531,35.11778],[-90.25543,35.13216],[-90.28199,35.13244],[-90.29146,35.13208],[-90.28967,35.13391],[-90.28841,35.1373],[-90.28396,35.13806],[-90.28211,35.13953],[-90.28205,35.14732],[-90.29278,35.14741],[-90.29269,35.14801],[-90.2925,35.16542],[-90.29372,35.16547],[-90.29356,35.16926],[-90.29242,35.16925],[-90.29168,35.21018],[-90.29051,35.20852],[-90.28305,35.20529],[-90.28595,35.20777],[-90.28931,35.21279],[-90.28313,35.2127],[-90.28141,35.21099],[-90.28005,35.21195],[-90.27865,35.20944],[-90.27198,35.20385],[-90.26497,35.20021],[-90.25498,35.19923],[-90.25481,35.20507],[-90.26065,35.20813],[-90.2615,35.20963],[-90.26732,35.21284],[-90.26723,35.21985],[-90.27235,35.21989],[-90.27222,35.22601],[-90.26714,35.2243],[-90.2626,35.22459],[-90.25916,35.22791],[-90.25686,35.2366],[-90.25535,35.24009],[-90.25109,35.24152],[-90.24604,35.24044],[-90.24023,35.24114],[-90.2409,35.24915],[-90.24134,35.26322],[-90.21039,35.26295],[-90.20984,35.29562],[-90.23078,35.2959],[-90.23612,35.30924],[-90.22563,35.31561]]]}},{"type":"Feature","properties":{"zcta":"72376","d":8},"geometry":{"type":"Polygon","coordinates":[[[-90.39796,35.15191],[-90.39332,35.15183],[-90.38124,35.1576],[-90.38079,35.17711],[-90.38274,35.18202],[-90.38241,35.18418],[-90.38503,35.18599],[-90.38287,35.18849],[-90.38617,35.19173],[-90.38822,35.19626],[-90.38752,35.19932],[-90.38518,35.19942],[-90.38495,35.20647],[-90.3804,35.20638],[-90.38111,35.18097],[-90.3766,35.17772],[-90.37628,35.17474],[-90.37202,35.17167],[-90.37256,35.16192],[-90.36354,35.16638],[-90.36378,35.14997],[-90.35532,35.14957],[-90.35499,35.1583],[-90.35518,35.16219],[-90.33716,35.16221],[-90.33688,35.17689],[-90.32782,35.17688],[-90.3282,35.15489],[-90.31954,35.15487],[-90.31971,35.1481],[-90.29269,35.14801],[-90.29278,35.14741],[-90.28205,35.14732],[-90.28211,35.13953],[-90.28396,35.13806],[-90.28841,35.1373],[-90.28967,35.13391],[-90.29146,35.13208],[-90.28199,35.13244],[-90.25543,35.13216],[-90.25531,35.11778],[-90.23735,35.12124],[-90.22052,35.12431],[-90.22059,35.11772],[-90.21258,35.11758],[-90.21109,35.1206],[-90.20789,35.12078],[-90.20203,35.12283],[-90.20214,35.12049],[-90.20152,35.09574],[-90.20168,35.08916],[-90.20073,35.03168],[-90.20731,35.02577],[-90.20985,35.02566],[-90.21323,35.0255],[-90.23235,35.03124],[-90.24298,35.03268],[-90.2518,35.03161],[-90.25622,35.03474],[-90.2617,35.03623],[-90.26482,35.04045],[-90.29235,35.04136],[-90.29697,35.03818],[-90.29947,35.03029],[-90.30574,35.01908],[-90.30528,35.0136],[-90.30926,35.00959],[-90.31045,35.0027],[-90.30836,34.99569],[-90.30734,34.99193],[-90.30132,34.98196],[-90.29606,34.97647],[-90.27517,34.96187],[-90.27974,34.95725],[-90.28161,34.95932],[-90.2845,34.96057],[-90.30877,34.98105],[-90.31871,35.00029],[-90.31882,35.00117],[-90.33043,35.00144],[-90.33814,35.00189],[-90.33871,35.004],[-90.33842,35.01797],[-90.34021,35.01758],[-90.34353,35.01864],[-90.34914,35.02388],[-90.36832,35.024],[-90.3737,35.02548],[-90.36048,35.03611],[-90.36031,35.04616],[-90.36206,35.04899],[-90.36235,35.0551],[-90.3603,35.06334],[-90.3645,35.06465],[-90.36411,35.08976],[-90.37362,35.08986],[-90.37356,35.09477],[-90.38742,35.09207],[-90.38724,35.08996],[-90.39668,35.09001],[-90.40144,35.08933],[-90.42176,35.08555],[-90.41147,35.08763],[-90.4102,35.08847],[-90.40985,35.13307],[-90.42727,35.13243],[-90.42726,35.13672],[-90.40304,35.14751],[-90.403,35.15034],[-90.40046,35.15094],[-90.39796,35.15191]],[[-90.31129,35.1003],[-90.30683,35.10116],[-90.30583,35.09852],[-90.29351,35.09829],[-90.29348,35.10122],[-90.29595,35.10122],[-90.29771,35.10379],[-90.31123,35.10395],[-90.31129,35.1003]]]}},{"type":"Feature","properties":{"zcta":"72384","d":3},"geometry":{"type":"Polygon","coordinates":[[[-90.35907,35.40326],[-90.35478,35.40346],[-90.35449,35.41023],[-90.35012,35.41014],[-90.34998,35.41755],[-90.34111,35.41747],[-90.34109,35.43175],[-90.32318,35.43157],[-90.32318,35.43878],[-90.28693,35.43844],[-90.22344,35.43767],[-90.14006,35.43667],[-90.16888,35.42188],[-90.1706,35.41835],[-90.1707,35.41007],[-90.17926,35.38519],[-90.17834,35.38209],[-90.17214,35.37749],[-90.16528,35.37398],[-90.15602,35.37463],[-90.14654,35.37399],[-90.13551,35.37667],[-90.14347,35.3876],[-90.14587,35.39508],[-90.14619,35.39947],[-90.14508,35.40376],[-90.14324,35.407],[-90.13929,35.41052],[-90.13429,35.41325],[-90.12934,35.41383],[-90.11509,35.41141],[-90.11162,35.40959],[-90.10735,35.40421],[-90.10234,35.39969],[-90.09359,35.39333],[-90.08355,35.38815],[-90.08067,35.38566],[-90.07861,35.38062],[-90.07826,35.37493],[-90.08386,35.3656],[-90.09338,35.35409],[-90.09618,35.34885],[-90.10058,35.33383],[-90.10378,35.32426],[-90.10855,35.31197],[-90.10997,35.30499],[-90.11717,35.30336],[-90.12371,35.30453],[-90.12985,35.30117],[-90.1395,35.29883],[-90.1485,35.30289],[-90.15386,35.30238],[-90.15895,35.30503],[-90.15796,35.30664],[-90.15947,35.30814],[-90.16166,35.30835],[-90.16336,35.31063],[-90.16879,35.31086],[-90.18322,35.30848],[-90.18487,35.30847],[-90.18485,35.30543],[-90.18741,35.30562],[-90.18839,35.30904],[-90.19112,35.30949],[-90.19727,35.30893],[-90.20508,35.30932],[-90.21059,35.31032],[-90.216,35.31206],[-90.2244,35.31549],[-90.22563,35.31561],[-90.23612,35.30924],[-90.243,35.32658],[-90.24987,35.35062],[-90.27469,35.35085],[-90.26683,35.33606],[-90.28899,35.3361],[-90.28925,35.32928],[-90.29767,35.32927],[-90.30193,35.33649],[-90.31155,35.35144],[-90.33858,35.35184],[-90.33897,35.35413],[-90.33737,35.3601],[-90.33379,35.36629],[-90.3596,35.36672],[-90.35934,35.3813],[-90.35907,35.40326]],[[-90.28292,35.41575],[-90.27326,35.40319],[-90.26893,35.40544],[-90.26296,35.41126],[-90.254,35.41365],[-90.2386,35.42315],[-90.26952,35.42363],[-90.26954,35.41994],[-90.28269,35.42006],[-90.28292,35.41575]]]}},{"type":"Feature","properties":{"zcta":"38641","d":15},"geometry":{"type":"Polygon","coordinates":[[[-90.29606,34.97647],[-90.30132,34.98196],[-90.30734,34.99193],[-90.30836,34.99569],[-90.30265,34.99568],[-90.21619,34.9954],[-90.21217,34.99276],[-90.19223,34.98419],[-90.18663,34.98214],[-90.17562,34.9769],[-90.17581,34.96246],[-90.18565,34.96258],[-90.19085,34.9616],[-90.19841,34.95509],[-90.20181,34.95289],[-90.20218,34.95059],[-90.20215,34.93342],[-90.19316,34.93349],[-90.19316,34.92533],[-90.19744,34.92231],[-90.20211,34.91757],[-90.20212,34.90666],[-90.18856,34.91889],[-90.1816,34.91887],[-90.168,34.93357],[-90.16731,34.93339],[-90.1436,34.93318],[-90.1214,34.93329],[-90.12148,34.93004],[-90.11388,34.92967],[-90.1134,34.92626],[-90.10477,34.92615],[-90.10497,34.91877],[-90.104,34.91875],[-90.09819,34.92841],[-90.09606,34.92925],[-90.0961,34.93331],[-90.0783,34.93327],[-90.07816,34.90438],[-90.08705,34.90431],[-90.08698,34.90076],[-90.09337,34.90064],[-90.09354,34.89689],[-90.09156,34.89692],[-90.0915,34.89394],[-90.08697,34.89414],[-90.08695,34.88789],[-90.08243,34.88791],[-90.08193,34.87684],[-90.07963,34.87685],[-90.0781,34.87512],[-90.07809,34.86137],[-90.0781,34.84076],[-90.08993,34.8327],[-90.09355,34.82998],[-90.10454,34.82943],[-90.11389,34.83088],[-90.14898,34.83114],[-90.14895,34.83372],[-90.15643,34.83427],[-90.15643,34.8384],[-90.16628,34.8385],[-90.16621,34.84585],[-90.16682,34.8459],[-90.16681,34.85306],[-90.171,34.85293],[-90.17101,34.8559],[-90.17519,34.85595],[-90.17524,34.86025],[-90.20213,34.86037],[-90.24672,34.86065],[-90.26759,34.8605],[-90.27048,34.86068],[-90.30478,34.86041],[-90.30578,34.86167],[-90.31489,34.86395],[-90.31774,34.87106],[-90.30448,34.87779],[-90.28971,34.88332],[-90.27687,34.88523],[-90.25786,34.89339],[-90.24907,34.90014],[-90.24321,34.9091],[-90.24133,34.91903],[-90.24202,34.93152],[-90.24376,34.94527],[-90.24593,34.94872],[-90.24823,34.95018],[-90.25277,34.9516],[-90.27071,34.95876],[-90.27517,34.96187],[-90.29606,34.97647]]]}},{"type":"Feature","properties":{"zcta":"38036","d":0},"geometry":{"type":"Polygon","coordinates":[[[-89.6209,35.32239],[-89.62364,35.32429],[-89.62613,35.32433],[-89.62403,35.32613],[-89.61592,35.3345],[-89.61591,35.32736],[-89.61539,35.32623],[-89.61821,35.3229],[-89.6209,35.32239]]]}},{"type":"Feature","properties":{"zcta":"38118","d":533},"geometry":{"type":"Polygon","coordinates":[[[-89.98605,35.06499],[-89.9862,35.07237],[-89.98548,35.07617],[-89.98529,35.07702],[-89.97828,35.07653],[-89.96368,35.07786],[-89.95595,35.08059],[-89.94717,35.08213],[-89.92077,35.07838],[-89.90993,35.07782],[-89.90698,35.07825],[-89.90654,35.07657],[-89.89987,35.07899],[-89.89414,35.07672],[-89.89053,35.07664],[-89.88726,35.07231],[-89.88777,35.06894],[-89.88552,35.06888],[-89.88628,35.06399],[-89.88787,35.05975],[-89.88592,35.05964],[-89.88665,35.05474],[-89.88808,35.05478],[-89.88934,35.05221],[-89.88621,35.05054],[-89.88944,35.0506],[-89.89037,35.04456],[-89.8862,35.03589],[-89.88616,35.035],[-89.88601,35.03099],[-89.88201,35.02049],[-89.88443,35.0204],[-89.883,35.01851],[-89.88073,35.01218],[-89.86515,34.99423],[-89.93675,34.9945],[-89.95603,34.99456],[-89.9722,34.99461],[-89.97218,35.00233],[-89.97605,35.00352],[-89.97789,35.00636],[-89.9771,35.01006],[-89.97355,35.01347],[-89.97183,35.01845],[-89.9698,35.0209],[-89.96799,35.02883],[-89.96812,35.03569],[-89.9674,35.03762],[-89.97138,35.03756],[-89.97146,35.04285],[-89.9699,35.04501],[-89.97259,35.04499],[-89.97261,35.05288],[-89.98208,35.05209],[-89.988,35.05345],[-89.99037,35.05612],[-89.99059,35.05845],[-89.9895,35.0605],[-89.98605,35.06499]]]}},{"type":"Feature","properties":{"zcta":"38119","d":1316},"geometry":{"type":"Polygon","coordinates":[[[-89.88669,35.1083],[-89.8836,35.10732],[-89.88325,35.10899],[-89.88116,35.10894],[-89.88182,35.10688],[-89.87957,35.1072],[-89.87723,35.10573],[-89.86365,35.10273],[-89.86414,35.1065],[-89.85646,35.10654],[-89.85414,35.10489],[-89.85567,35.1012],[-89.84557,35.09932],[-89.84544,35.09718],[-89.84313,35.09656],[-89.83027,35.09471],[-89.8307,35.08284],[-89.82951,35.0828],[-89.82964,35.0777],[-89.82813,35.07767],[-89.82844,35.06674],[-89.82549,35.0672],[-89.82489,35.06622],[-89.82204,35.06737],[-89.81244,35.06809],[-89.81251,35.0666],[-89.80308,35.0665],[-89.80313,35.06417],[-89.7952,35.06349],[-89.79319,35.06375],[-89.79316,35.06193],[-89.79556,35.06191],[-89.79558,35.06044],[-89.79319,35.06039],[-89.79342,35.05615],[-89.79515,35.05049],[-89.79925,35.05062],[-89.79939,35.04864],[-89.80933,35.04991],[-89.81072,35.05158],[-89.81354,35.05256],[-89.82252,35.05253],[-89.82847,35.05634],[-89.84248,35.06501],[-89.85607,35.07031],[-89.85798,35.07177],[-89.86538,35.07421],[-89.88138,35.08254],[-89.88514,35.08333],[-89.89104,35.08212],[-89.89297,35.08335],[-89.88545,35.08453],[-89.88568,35.08729],[-89.88486,35.0899],[-89.88437,35.10304],[-89.88899,35.10364],[-89.89045,35.10583],[-89.88745,35.11024],[-89.88669,35.1083]]]}},{"type":"Feature","properties":{"zcta":"38654","d":286},"geometry":{"type":"Polygon","coordinates":[[[-89.86515,34.99423],[-89.83069,34.99423],[-89.79519,34.99429],[-89.75153,34.99503],[-89.72432,34.99521],[-89.72419,34.96246],[-89.72119,34.96273],[-89.69118,34.96278],[-89.6909,34.95946],[-89.6932,34.95951],[-89.69333,34.95529],[-89.69728,34.9552],[-89.69803,34.93813],[-89.70282,34.93727],[-89.70307,34.93861],[-89.71158,34.93411],[-89.71576,34.93449],[-89.7161,34.93238],[-89.72049,34.93031],[-89.72401,34.9295],[-89.72402,34.92763],[-89.72723,34.92513],[-89.72979,34.92546],[-89.72822,34.92379],[-89.73175,34.92382],[-89.73324,34.92169],[-89.73555,34.92082],[-89.73701,34.91826],[-89.74015,34.91607],[-89.74205,34.91341],[-89.74338,34.91464],[-89.74548,34.91338],[-89.7443,34.91068],[-89.74895,34.90819],[-89.75062,34.90897],[-89.75321,34.90807],[-89.75523,34.90467],[-89.75391,34.90179],[-89.75494,34.90003],[-89.75662,34.90052],[-89.75732,34.89863],[-89.75967,34.8972],[-89.76141,34.89907],[-89.76468,34.89663],[-89.76321,34.89673],[-89.76463,34.89322],[-89.76769,34.89231],[-89.77144,34.89322],[-89.77423,34.89253],[-89.77417,34.89141],[-89.77663,34.88919],[-89.77722,34.88661],[-89.77825,34.88802],[-89.7798,34.88699],[-89.78145,34.88864],[-89.78508,34.88823],[-89.78688,34.88713],[-89.78695,34.88495],[-89.78501,34.88402],[-89.78668,34.88008],[-89.78473,34.88002],[-89.78443,34.8785],[-89.78677,34.87822],[-89.79024,34.87564],[-89.78951,34.87473],[-89.79162,34.8721],[-89.79789,34.87103],[-89.79649,34.87018],[-89.79918,34.86716],[-89.79802,34.86593],[-89.8017,34.86429],[-89.80258,34.8626],[-89.80456,34.86388],[-89.80472,34.86206],[-89.8068,34.86066],[-89.80689,34.85793],[-89.8113,34.85691],[-89.81072,34.85589],[-89.81282,34.85413],[-89.81493,34.85538],[-89.81535,34.85386],[-89.82337,34.84986],[-89.82485,34.84716],[-89.82294,34.84608],[-89.82999,34.84618],[-89.83028,34.84731],[-89.8359,34.84735],[-89.83586,34.85324],[-89.838,34.85334],[-89.8359,34.85585],[-89.84855,34.85605],[-89.84855,34.85697],[-89.85713,34.85709],[-89.85822,34.85548],[-89.85842,34.86074],[-89.86584,34.86076],[-89.86583,34.86559],[-89.8718,34.86582],[-89.88583,34.8703],[-89.88619,34.87083],[-89.88794,34.87403],[-89.89258,34.88076],[-89.8927,34.88888],[-89.89541,34.89245],[-89.89541,34.89491],[-89.89959,34.89824],[-89.90242,34.90233],[-89.90482,34.90406],[-89.91248,34.90431],[-89.91601,34.90663],[-89.91915,34.90652],[-89.91909,34.93318],[-89.9213,34.93319],[-89.92133,34.94783],[-89.91901,34.94782],[-89.91894,34.96236],[-89.9191,34.96839],[-89.92853,34.96854],[-89.93177,34.97003],[-89.93364,34.97219],[-89.93678,34.97169],[-89.93675,34.9945],[-89.86515,34.99423]]]}},{"type":"Feature","properties":{"zcta":"38107","d":1257},"geometry":{"type":"Polygon","coordinates":[[[-90.05092,35.18551],[-90.04412,35.18955],[-90.04569,35.19098],[-90.04583,35.19331],[-90.04303,35.1934],[-90.03735,35.18966],[-90.03517,35.18971],[-90.03248,35.19185],[-90.03105,35.1915],[-90.02748,35.18799],[-90.025,35.18803],[-90.01795,35.18676],[-90.01804,35.18066],[-90.01265,35.1763],[-90.01038,35.17298],[-90.00845,35.17305],[-90.00898,35.17073],[-90.0056,35.16884],[-89.99659,35.16868],[-89.99082,35.1676],[-89.99084,35.16624],[-89.987,35.16618],[-89.98701,35.16326],[-89.98565,35.16131],[-89.99101,35.15969],[-89.99171,35.15447],[-89.9977,35.15447],[-90.00355,35.15506],[-90.00347,35.15566],[-90.00885,35.1542],[-90.00871,35.15516],[-90.01935,35.1561],[-90.01946,35.15531],[-90.0218,35.15674],[-90.02693,35.15637],[-90.03094,35.15701],[-90.03732,35.15662],[-90.03979,35.15711],[-90.0392,35.15917],[-90.0477,35.16145],[-90.04688,35.16347],[-90.04929,35.16382],[-90.04905,35.16613],[-90.04669,35.17099],[-90.04715,35.17524],[-90.04657,35.17742],[-90.0444,35.17726],[-90.04488,35.18227],[-90.04652,35.18503],[-90.05296,35.18167],[-90.05598,35.1812],[-90.0572,35.1829],[-90.05092,35.18551]]]}},{"type":"Feature","properties":{"zcta":"38109","d":294},"geometry":{"type":"Polygon","coordinates":[[[-90.20731,35.02577],[-90.20073,35.03168],[-90.19122,35.04021],[-90.18655,35.04542],[-90.18116,35.05394],[-90.17761,35.06384],[-90.17676,35.06974],[-90.175,35.07606],[-90.17599,35.07712],[-90.16448,35.08393],[-90.1565,35.08502],[-90.14957,35.08391],[-90.14653,35.0829],[-90.13428,35.07731],[-90.12379,35.07446],[-90.10744,35.07243],[-90.10076,35.07601],[-90.09548,35.0807],[-90.09169,35.08469],[-90.08487,35.09603],[-90.0836,35.10811],[-90.07566,35.10804],[-90.07515,35.1107],[-90.0691,35.11056],[-90.06751,35.10785],[-90.05779,35.10765],[-90.06018,35.10103],[-90.06273,35.09757],[-90.06279,35.09519],[-90.05863,35.09622],[-90.05575,35.09618],[-90.05199,35.09512],[-90.05208,35.0916],[-90.04591,35.09158],[-90.04848,35.08923],[-90.05207,35.08397],[-90.04697,35.08373],[-90.05146,35.08297],[-90.053,35.08141],[-90.05244,35.07812],[-90.04898,35.05975],[-90.04376,35.04458],[-90.03715,35.01202],[-90.03523,35.00637],[-90.04305,35.00636],[-90.04304,34.99484],[-90.09634,34.99501],[-90.21619,34.9954],[-90.30265,34.99568],[-90.30305,34.99934],[-90.30244,35.00179],[-90.30008,35.00599],[-90.29712,35.00908],[-90.29288,35.0109],[-90.28316,35.01343],[-90.28028,35.01483],[-90.27446,35.01907],[-90.26884,35.02079],[-90.25568,35.0225],[-90.24623,35.02317],[-90.23652,35.02218],[-90.22889,35.02229],[-90.21578,35.02411],[-90.20985,35.02566],[-90.20731,35.02577]]]}},{"type":"Feature","properties":{"zcta":"38060","d":149},"geometry":{"type":"Polygon","coordinates":[[[-89.57371,35.25838],[-89.57379,35.26404],[-89.57044,35.26778],[-89.56721,35.26886],[-89.56416,35.26875],[-89.56261,35.27227],[-89.56146,35.27296],[-89.56237,35.27505],[-89.56128,35.27652],[-89.563,35.27802],[-89.56596,35.28619],[-89.56936,35.28797],[-89.5734,35.29291],[-89.54738,35.29223],[-89.52828,35.29128],[-89.53686,35.28744],[-89.53288,35.28527],[-89.53097,35.28501],[-89.52842,35.28064],[-89.52807,35.27724],[-89.51702,35.27694],[-89.51627,35.27408],[-89.50521,35.27388],[-89.50547,35.26277],[-89.50706,35.26284],[-89.50705,35.25769],[-89.50499,35.25764],[-89.50502,35.2548],[-89.50143,35.25745],[-89.49595,35.25718],[-89.49604,35.24895],[-89.49446,35.2486],[-89.49442,35.24086],[-89.49213,35.24072],[-89.49237,35.23026],[-89.49523,35.22873],[-89.49556,35.21922],[-89.49457,35.2177],[-89.49038,35.21969],[-89.48582,35.22074],[-89.48352,35.22415],[-89.48008,35.22467],[-89.4779,35.22603],[-89.46877,35.22764],[-89.46617,35.22916],[-89.46587,35.231],[-89.46139,35.22871],[-89.45494,35.22688],[-89.45026,35.22717],[-89.44995,35.22869],[-89.44633,35.22871],[-89.44306,35.22769],[-89.44058,35.22422],[-89.43433,35.22015],[-89.42943,35.21815],[-89.42696,35.21023],[-89.42689,35.20845],[-89.42865,35.20689],[-89.43089,35.2017],[-89.43095,35.19005],[-89.42222,35.19003],[-89.42232,35.18493],[-89.43577,35.18534],[-89.43573,35.17886],[-89.4372,35.17897],[-89.43746,35.17083],[-89.44785,35.17098],[-89.44815,35.16392],[-89.44063,35.16388],[-89.44704,35.15593],[-89.45062,35.15511],[-89.45677,35.15524],[-89.45661,35.16191],[-89.47563,35.16227],[-89.47597,35.15872],[-89.4828,35.15882],[-89.48305,35.15732],[-89.48644,35.1576],[-89.48666,35.14606],[-89.49167,35.14524],[-89.49404,35.14356],[-89.5005,35.1437],[-89.502,35.14468],[-89.50191,35.14799],[-89.5004,35.14977],[-89.50782,35.1492],[-89.50804,35.15664],[-89.51441,35.15681],[-89.51461,35.15956],[-89.52389,35.15953],[-89.52365,35.16576],[-89.54223,35.16596],[-89.54495,35.16692],[-89.54464,35.17241],[-89.56239,35.17349],[-89.56242,35.17289],[-89.56739,35.17266],[-89.56901,35.17331],[-89.56876,35.17701],[-89.56629,35.17709],[-89.56624,35.1806],[-89.56225,35.18165],[-89.562,35.18796],[-89.5484,35.1877],[-89.54829,35.19137],[-89.5461,35.19681],[-89.54545,35.20925],[-89.54174,35.20956],[-89.53979,35.20864],[-89.53565,35.20855],[-89.53571,35.21446],[-89.53835,35.21549],[-89.55051,35.21772],[-89.57064,35.21806],[-89.58511,35.21352],[-89.58445,35.21803],[-89.57707,35.21965],[-89.56888,35.21975],[-89.56885,35.21887],[-89.56548,35.21879],[-89.56546,35.21979],[-89.55115,35.22012],[-89.55084,35.22445],[-89.54852,35.22434],[-89.54849,35.2266],[-89.54569,35.22653],[-89.54566,35.22858],[-89.54849,35.22857],[-89.54796,35.23878],[-89.56181,35.23928],[-89.56302,35.24549],[-89.56278,35.25316],[-89.56037,35.25307],[-89.56034,35.25806],[-89.55429,35.258],[-89.55377,35.26101],[-89.55451,35.26516],[-89.57109,35.25927],[-89.57371,35.25838]]]}},{"type":"Feature","properties":{"zcta":"38637","d":741},"geometry":{"type":"Polygon","coordinates":[[[-90.0607,34.97733],[-90.04541,34.97689],[-90.0377,34.97454],[-90.03574,34.97307],[-90.03562,34.97042],[-90.03227,34.96908],[-90.0313,34.97095],[-90.02926,34.96637],[-90.0211,34.96537],[-90.01885,34.96564],[-90.01371,34.96471],[-90.01256,34.96683],[-90.00887,34.9683],[-90.00698,34.96823],[-90.00701,34.96622],[-90.00066,34.96744],[-90.00102,34.96253],[-89.99939,34.9625],[-89.99699,34.94812],[-90.00764,34.94817],[-90.0077,34.94411],[-90.01675,34.94412],[-90.01667,34.94189],[-90.01122,34.92828],[-90.00982,34.92492],[-90.00639,34.91899],[-90.04286,34.919],[-90.04289,34.93355],[-90.06057,34.93359],[-90.0783,34.93327],[-90.0961,34.93331],[-90.09609,34.96248],[-90.09626,34.97701],[-90.07838,34.97712],[-90.0607,34.97733]]]}},{"type":"Feature","properties":{"zcta":"38004","d":212},"geometry":{"type":"Polygon","coordinates":[[[-89.75754,35.46667],[-89.75008,35.47234],[-89.74475,35.46914],[-89.73316,35.47848],[-89.73052,35.47653],[-89.72774,35.47574],[-89.7305,35.47252],[-89.73424,35.46978],[-89.73539,35.46126],[-89.73661,35.46136],[-89.73735,35.45552],[-89.73869,35.45562],[-89.73914,35.45324],[-89.73422,35.45263],[-89.73374,35.44701],[-89.72975,35.44964],[-89.7297,35.44516],[-89.7306,35.44369],[-89.73158,35.43617],[-89.72083,35.43601],[-89.72069,35.44288],[-89.71676,35.44283],[-89.71669,35.43826],[-89.71159,35.43814],[-89.70926,35.4369],[-89.70917,35.43317],[-89.71101,35.43138],[-89.71107,35.4288],[-89.7155,35.4196],[-89.7195,35.41705],[-89.72106,35.41372],[-89.72033,35.40651],[-89.71018,35.40438],[-89.70928,35.40948],[-89.70414,35.40878],[-89.70695,35.4031],[-89.70717,35.39784],[-89.71365,35.39782],[-89.72097,35.39608],[-89.72339,35.39633],[-89.72782,35.39642],[-89.73155,35.39498],[-89.73407,35.39118],[-89.7372,35.38766],[-89.75264,35.38905],[-89.75419,35.38223],[-89.76961,35.3835],[-89.77048,35.37657],[-89.77298,35.37523],[-89.77326,35.37319],[-89.78108,35.37388],[-89.78081,35.37617],[-89.78271,35.37774],[-89.80317,35.37973],[-89.8069,35.37911],[-89.80923,35.38462],[-89.80864,35.38702],[-89.8102,35.38814],[-89.80947,35.39008],[-89.81165,35.39032],[-89.8141,35.39561],[-89.81657,35.39685],[-89.81585,35.39981],[-89.81632,35.40236],[-89.82032,35.40327],[-89.82462,35.4053],[-89.82819,35.40608],[-89.82887,35.4088],[-89.84032,35.40208],[-89.84494,35.39821],[-89.84654,35.39907],[-89.84508,35.40074],[-89.84545,35.40304],[-89.84292,35.40279],[-89.84566,35.40496],[-89.84359,35.40535],[-89.84364,35.40738],[-89.84857,35.40802],[-89.84902,35.40953],[-89.84256,35.40846],[-89.84233,35.41046],[-89.83773,35.41026],[-89.8342,35.41483],[-89.83242,35.41106],[-89.81086,35.42761],[-89.8066,35.43187],[-89.79407,35.44149],[-89.7888,35.44447],[-89.76569,35.4623],[-89.76106,35.46465],[-89.76995,35.46502],[-89.76943,35.46638],[-89.7635,35.46657],[-89.75754,35.46667]]]}},{"type":"Feature","properties":{"zcta":"72327","d":6},"geometry":{"type":"Polygon","coordinates":[[[-90.28925,35.32928],[-90.28899,35.3361],[-90.26683,35.33606],[-90.25133,35.30695],[-90.24225,35.3069],[-90.23612,35.30924],[-90.23078,35.2959],[-90.20984,35.29562],[-90.21039,35.26295],[-90.24134,35.26322],[-90.2409,35.24915],[-90.24023,35.24114],[-90.24604,35.24044],[-90.25109,35.24152],[-90.25535,35.24009],[-90.25686,35.2366],[-90.25916,35.22791],[-90.2626,35.22459],[-90.26714,35.2243],[-90.27222,35.22601],[-90.27235,35.21989],[-90.26723,35.21985],[-90.26732,35.21284],[-90.2615,35.20963],[-90.26065,35.20813],[-90.25481,35.20507],[-90.25498,35.19923],[-90.26497,35.20021],[-90.27198,35.20385],[-90.27865,35.20944],[-90.28005,35.21195],[-90.28141,35.21099],[-90.28313,35.2127],[-90.28931,35.21279],[-90.28595,35.20777],[-90.28305,35.20529],[-90.29051,35.20852],[-90.29168,35.21018],[-90.29242,35.16925],[-90.29356,35.16926],[-90.29372,35.16547],[-90.2925,35.16542],[-90.29269,35.14801],[-90.31971,35.1481],[-90.31954,35.15487],[-90.3282,35.15489],[-90.32782,35.17688],[-90.33688,35.17689],[-90.33716,35.16221],[-90.35518,35.16219],[-90.35499,35.1583],[-90.35532,35.14957],[-90.36378,35.14997],[-90.36354,35.16638],[-90.37256,35.16192],[-90.37202,35.17167],[-90.37628,35.17474],[-90.3766,35.17772],[-90.38111,35.18097],[-90.3804,35.20638],[-90.38495,35.20647],[-90.38518,35.19942],[-90.38752,35.19932],[-90.38822,35.19626],[-90.38617,35.19173],[-90.38287,35.18849],[-90.38503,35.18599],[-90.38241,35.18418],[-90.38274,35.18202],[-90.38079,35.17711],[-90.38124,35.1576],[-90.39332,35.15183],[-90.39796,35.15191],[-90.40046,35.15094],[-90.40032,35.15937],[-90.40912,35.15896],[-90.40927,35.15521],[-90.41805,35.15476],[-90.41822,35.14751],[-90.4447,35.14614],[-90.44422,35.16925],[-90.463,35.16982],[-90.46242,35.17475],[-90.45379,35.17899],[-90.45354,35.18097],[-90.45236,35.20727],[-90.4346,35.20693],[-90.43469,35.20541],[-90.43802,35.20244],[-90.43778,35.19962],[-90.4386,35.19606],[-90.43735,35.195],[-90.43733,35.19239],[-90.43579,35.18932],[-90.43263,35.18623],[-90.43068,35.18283],[-90.42998,35.17821],[-90.41767,35.17791],[-90.41753,35.17975],[-90.39971,35.18415],[-90.39843,35.23678],[-90.43342,35.24904],[-90.43342,35.25023],[-90.43639,35.25307],[-90.43888,35.25423],[-90.44036,35.25657],[-90.43928,35.2571],[-90.43526,35.25378],[-90.41816,35.24967],[-90.40902,35.2518],[-90.40249,35.25446],[-90.39799,35.25583],[-90.39741,35.27122],[-90.39361,35.26885],[-90.38985,35.26507],[-90.38278,35.26491],[-90.36722,35.27699],[-90.36165,35.2792],[-90.36124,35.29385],[-90.371,35.29389],[-90.37876,35.2972],[-90.37896,35.30188],[-90.37857,35.31596],[-90.36496,35.31577],[-90.35417,35.31478],[-90.34568,35.30974],[-90.34187,35.30807],[-90.33159,35.30778],[-90.33159,35.31834],[-90.32495,35.32924],[-90.32446,35.32955],[-90.29767,35.32927],[-90.28925,35.32928]]]}}]}