{"type":"FeatureCollection","features":[{"type":"Feature","properties":{"zcta":"44107","d":4882},"geometry":{"type":"Polygon","coordinates":[[[-81.76875,41.48362],[-81.76807,41.48344],[-81.76809,41.47786],[-81.76881,41.47555],[-81.7774,41.47228],[-81.78141,41.46968],[-81.78341,41.47049],[-81.78856,41.46998],[-81.78974,41.46927],[-81.80474,41.47015],[-81.81036,41.46994],[-81.8104,41.468],[-81.81243,41.46746],[-81.81806,41.46815],[-81.82456,41.46815],[-81.82356,41.47485],[-81.8219,41.47714],[-81.82764,41.47771],[-81.83323,41.47705],[-81.83395,41.47871],[-81.83188,41.48237],[-81.8323,41.4864],[-81.83688,41.48988],[-81.83513,41.48959],[-81.83128,41.49096],[-81.82012,41.49373],[-81.81228,41.49532],[-81.80027,41.4957],[-81.79811,41.49728],[-81.79508,41.49734],[-81.79485,41.49628],[-81.79041,41.49521],[-81.78202,41.4957],[-81.77754,41.49341],[-81.76857,41.49139],[-81.76875,41.48362]]]}},{"type":"Feature","properties":{"zcta":"44119","d":2900},"geometry":{"type":"Polygon","coordinates":[[[-81.56377,41.58685],[-81.55483,41.59505],[-81.55052,41.59841],[-81.54314,41.60497],[-81.54034,41.60121],[-81.54022,41.59184],[-81.53522,41.59138],[-81.52881,41.59172],[-81.52737,41.59048],[-81.52674,41.58786],[-81.52673,41.58634],[-81.54873,41.57486],[-81.55925,41.57278],[-81.56665,41.57056],[-81.57552,41.56716],[-81.57541,41.56789],[-81.5607,41.5731],[-81.56155,41.58072],[-81.55918,41.58073],[-81.561,41.58406],[-81.56365,41.58435],[-81.56536,41.5864],[-81.56377,41.58685]]]}},{"type":"Feature","properties":{"zcta":"44149","d":973},"geometry":{"type":"Polygon","coordinates":[[[-81.86651,41.35067],[-81.85761,41.34695],[-81.84861,41.34383],[-81.84856,41.35045],[-81.83891,41.35062],[-81.82452,41.35072],[-81.82872,41.34749],[-81.82412,41.34614],[-81.82815,41.34129],[-81.8307,41.34216],[-81.83236,41.34108],[-81.83572,41.34192],[-81.83457,41.33742],[-81.83252,41.33627],[-81.83615,41.33346],[-81.83797,41.33299],[-81.84016,41.33064],[-81.83748,41.33019],[-81.83825,41.32684],[-81.84015,41.3268],[-81.83987,41.31692],[-81.83644,41.31643],[-81.83515,41.31428],[-81.8365,41.31392],[-81.83641,41.30783],[-81.83763,41.30591],[-81.83604,41.30534],[-81.83751,41.30357],[-81.83749,41.29721],[-81.83838,41.29364],[-81.83627,41.29303],[-81.83634,41.29032],[-81.83795,41.28761],[-81.83516,41.28687],[-81.83508,41.27724],[-81.83592,41.2756],[-81.83911,41.27556],[-81.83691,41.27396],[-81.83867,41.27105],[-81.8412,41.27157],[-81.84846,41.27134],[-81.84832,41.27545],[-81.85026,41.27542],[-81.85034,41.27278],[-81.85679,41.27293],[-81.85675,41.27534],[-81.87805,41.27504],[-81.87764,41.31244],[-81.87696,41.35069],[-81.86651,41.35067]]]}},{"type":"Feature","properties":{"zcta":"44026","d":208},"geometry":{"type":"Polygon","coordinates":[[[-81.34884,41.57014],[-81.29588,41.56995],[-81.2961,41.55646],[-81.28654,41.55627],[-81.29033,41.55394],[-81.29249,41.54963],[-81.29243,41.54818],[-81.29632,41.54719],[-81.29644,41.54576],[-81.28631,41.54582],[-81.28603,41.53874],[-81.28038,41.53618],[-81.28015,41.5343],[-81.27593,41.53425],[-81.27498,41.52766],[-81.2601,41.52764],[-81.259,41.52691],[-81.26079,41.52545],[-81.26146,41.52212],[-81.26457,41.5212],[-81.25238,41.52148],[-81.25233,41.50609],[-81.24464,41.50322],[-81.24307,41.50207],[-81.24374,41.49996],[-81.24591,41.49994],[-81.24543,41.49814],[-81.25263,41.4979],[-81.25269,41.49495],[-81.25944,41.49468],[-81.26292,41.49753],[-81.26994,41.49791],[-81.27293,41.49972],[-81.28729,41.49961],[-81.28844,41.5021],[-81.28674,41.50386],[-81.28723,41.50601],[-81.29707,41.50593],[-81.29707,41.49992],[-81.30325,41.4997],[-81.32376,41.50038],[-81.32691,41.50019],[-81.36216,41.50045],[-81.37789,41.50041],[-81.39085,41.50075],[-81.39073,41.53474],[-81.39101,41.56972],[-81.34884,41.57014]]]}},{"type":"Feature","properties":{"zcta":"44274","d":0},"geometry":{"type":"Polygon","coordinates":[[[-81.73549,41.09962],[-81.7353,41.11462],[-81.73013,41.11218],[-81.72829,41.10996],[-81.7286,41.10865],[-81.72678,41.10688],[-81.72321,41.10536],[-81.72166,41.10387],[-81.72049,41.10036],[-81.71761,41.09779],[-81.71997,41.08941],[-81.72457,41.08905],[-81.72916,41.08985],[-81.73559,41.09193],[-81.73556,41.09546],[-81.73715,41.09548],[-81.74116,41.09922],[-81.73549,41.09962]]]}},{"type":"Feature","properties":{"zcta":"44127","d":752},"geometry":{"type":"Polygon","coordinates":[[[-81.66146,41.47696],[-81.6617,41.47978],[-81.65147,41.47977],[-81.65148,41.48053],[-81.64723,41.48145],[-81.64251,41.47989],[-81.64245,41.4765],[-81.64116,41.47428],[-81.63868,41.47315],[-81.63275,41.47299],[-81.63273,41.46908],[-81.62903,41.46825],[-81.6271,41.47399],[-81.62555,41.47322],[-81.62655,41.46593],[-81.6261,41.46347],[-81.63306,41.46604],[-81.63266,41.46342],[-81.64687,41.46305],[-81.6499,41.46389],[-81.65343,41.46304],[-81.65715,41.4633],[-81.66413,41.46773],[-81.66783,41.46938],[-81.66805,41.47341],[-81.66723,41.47601],[-81.66146,41.47696]]]}},{"type":"Feature","properties":{"zcta":"44045","d":0},"geometry":{"type":"Polygon","coordinates":[[[-81.28635,41.75966],[-81.28382,41.76205],[-81.28143,41.76125],[-81.28032,41.75896],[-81.28066,41.75018],[-81.28476,41.75021],[-81.28544,41.74494],[-81.28182,41.74272],[-81.27924,41.73963],[-81.27571,41.73799],[-81.27322,41.73574],[-81.27736,41.73405],[-81.27945,41.73568],[-81.28188,41.73412],[-81.2827,41.73481],[-81.2857,41.73269],[-81.28852,41.73494],[-81.29123,41.73594],[-81.29133,41.73894],[-81.29078,41.75668],[-81.28635,41.75966]]]}},{"type":"Feature","properties":{"zcta":"44012","d":1193},"geometry":{"type":"Polygon","coordinates":[[[-82.04486,41.50704],[-82.02713,41.51227],[-82.01782,41.51402],[-82.0124,41.51551],[-82.00555,41.51498],[-81.99842,41.51377],[-81.99519,41.51452],[-81.99372,41.51295],[-81.99096,41.51299],[-81.98178,41.50967],[-81.96975,41.50572],[-81.96833,41.50495],[-81.96918,41.49268],[-81.96946,41.47802],[-81.99909,41.47814],[-82.04751,41.47861],[-82.06697,41.47866],[-82.06686,41.49351],[-82.06657,41.50157],[-82.04486,41.50704]]]}},{"type":"Feature","properties":{"zcta":"44101","d":0},"geometry":{"type":"Polygon","coordinates":[[[-81.66869,41.49033],[-81.66598,41.48933],[-81.66672,41.48713],[-81.66944,41.48831],[-81.67448,41.48935],[-81.67831,41.49148],[-81.67799,41.49228],[-81.66869,41.49033]]]}},{"type":"Feature","properties":{"zcta":"44132","d":2188},"geometry":{"type":"Polygon","coordinates":[[[-81.52022,41.59149],[-81.51032,41.59748],[-81.50973,41.59953],[-81.51,41.60539],[-81.51111,41.60695],[-81.50915,41.60703],[-81.50918,41.61275],[-81.5098,41.61275],[-81.50955,41.62003],[-81.49802,41.62567],[-81.48864,41.63135],[-81.48874,41.62405],[-81.48854,41.60585],[-81.48807,41.59628],[-81.48794,41.58625],[-81.49532,41.58636],[-81.4953,41.58359],[-81.49896,41.58359],[-81.49893,41.58554],[-81.50187,41.58801],[-81.50285,41.58732],[-81.50515,41.58575],[-81.51041,41.5914],[-81.51467,41.58833],[-81.51631,41.59028],[-81.51851,41.59049],[-81.52673,41.58634],[-81.52674,41.58786],[-81.52022,41.59149]]]}},{"type":"Feature","properties":{"zcta":"44147","d":813},"geometry":{"type":"Polygon","coordinates":[[[-81.68458,41.35097],[-81.64101,41.35113],[-81.64084,41.34135],[-81.64116,41.31347],[-81.64898,41.31386],[-81.649,41.31637],[-81.65845,41.3139],[-81.66989,41.31388],[-81.6702,41.27726],[-81.68176,41.27715],[-81.68495,41.27715],[-81.70465,41.27723],[-81.70467,41.32944],[-81.70447,41.34301],[-81.70504,41.34944],[-81.70367,41.35091],[-81.68458,41.35097]]]}},{"type":"Feature","properties":{"zcta":"44233","d":165},"geometry":{"type":"Polygon","coordinates":[[[-81.74482,41.2768],[-81.71765,41.27695],[-81.70465,41.27723],[-81.68495,41.27715],[-81.68565,41.21007],[-81.68565,41.20213],[-81.745,41.20185],[-81.7849,41.20151],[-81.78493,41.24446],[-81.7851,41.27645],[-81.74482,41.2768]]]}},{"type":"Feature","properties":{"zcta":"44093","d":19},"geometry":{"type":"Polygon","coordinates":[[[-80.68495,41.57122],[-80.66635,41.57119],[-80.66579,41.54991],[-80.64724,41.54598],[-80.6473,41.53431],[-80.64355,41.53473],[-80.64062,41.57118],[-80.58678,41.57111],[-80.58688,41.56481],[-80.58532,41.56476],[-80.58544,41.56151],[-80.57529,41.56182],[-80.5753,41.55891],[-80.58021,41.55884],[-80.5802,41.55172],[-80.5808,41.55038],[-80.57702,41.55038],[-80.57703,41.54841],[-80.57091,41.54841],[-80.57028,41.54506],[-80.53463,41.54413],[-80.53355,41.54629],[-80.53317,41.54],[-80.52952,41.53962],[-80.52895,41.54117],[-80.52608,41.54321],[-80.52371,41.54607],[-80.52085,41.54378],[-80.51934,41.54414],[-80.51916,41.52877],[-80.51923,41.49992],[-80.59919,41.4996],[-80.59931,41.50651],[-80.61159,41.507],[-80.61748,41.50985],[-80.62633,41.50997],[-80.63361,41.51059],[-80.63802,41.50926],[-80.64323,41.50866],[-80.64773,41.50871],[-80.64768,41.51056],[-80.66623,41.51058],[-80.66631,41.52108],[-80.71322,41.52127],[-80.71322,41.57126],[-80.68495,41.57122]]]}},{"type":"Feature","properties":{"zcta":"44011","d":592},"geometry":{"type":"Polygon","coordinates":[[[-82.06751,41.44009],[-82.06752,41.45386],[-82.06707,41.45915],[-82.06697,41.47866],[-82.04751,41.47861],[-81.99909,41.47814],[-81.96946,41.47802],[-81.96986,41.4375],[-81.96996,41.41891],[-82.04209,41.41879],[-82.06776,41.41865],[-82.06787,41.43003],[-82.06751,41.44009]]]}},{"type":"Feature","properties":{"zcta":"44256","d":255},"geometry":{"type":"Polygon","coordinates":[[[-82.00392,41.14333],[-81.9878,41.14327],[-81.98764,41.15063],[-81.99006,41.15282],[-81.98951,41.15433],[-81.99418,41.15688],[-81.99336,41.15924],[-81.98841,41.15914],[-81.98657,41.16291],[-81.98446,41.16051],[-81.9787,41.16028],[-81.97851,41.16475],[-81.97474,41.16535],[-81.97466,41.1689],[-81.9727,41.16888],[-81.97289,41.1769],[-81.97005,41.17687],[-81.96825,41.18919],[-81.96641,41.18917],[-81.96636,41.19201],[-81.97087,41.19205],[-81.97666,41.19286],[-81.97994,41.19197],[-81.97985,41.19007],[-81.98644,41.18998],[-81.98636,41.19092],[-81.99105,41.19098],[-81.99105,41.19986],[-81.97414,41.19983],[-81.98388,41.20729],[-81.98355,41.22233],[-81.974,41.22228],[-81.97423,41.20892],[-81.97144,41.20925],[-81.97128,41.2113],[-81.96469,41.21246],[-81.9638,41.21367],[-81.96359,41.2098],[-81.95467,41.2087],[-81.95078,41.20445],[-81.94069,41.20477],[-81.93918,41.20684],[-81.93578,41.20682],[-81.93435,41.20892],[-81.92603,41.20919],[-81.92607,41.20777],[-81.92298,41.20684],[-81.92264,41.20514],[-81.92,41.20486],[-81.92023,41.20316],[-81.92294,41.20153],[-81.92381,41.19968],[-81.88745,41.20016],[-81.8866,41.1971],[-81.88398,41.19836],[-81.88132,41.1984],[-81.87827,41.19685],[-81.87828,41.20029],[-81.86639,41.20053],[-81.86902,41.20134],[-81.8691,41.21049],[-81.86593,41.21056],[-81.86591,41.21326],[-81.86988,41.21359],[-81.86947,41.21596],[-81.86041,41.21598],[-81.85973,41.21755],[-81.85743,41.2176],[-81.85738,41.22084],[-81.8464,41.22058],[-81.8456,41.21742],[-81.84152,41.21618],[-81.84154,41.21458],[-81.83134,41.2147],[-81.83113,41.21027],[-81.81311,41.21033],[-81.81317,41.21105],[-81.80737,41.21107],[-81.80697,41.20136],[-81.7849,41.20151],[-81.745,41.20185],[-81.68565,41.20213],[-81.68606,41.18732],[-81.68825,41.1873],[-81.68845,41.18358],[-81.68932,41.18172],[-81.68936,41.17021],[-81.68758,41.17005],[-81.68812,41.16443],[-81.6948,41.1645],[-81.696,41.16055],[-81.69988,41.16066],[-81.6999,41.15841],[-81.69067,41.15892],[-81.69078,41.15656],[-81.68657,41.15568],[-81.68699,41.13596],[-81.68879,41.13596],[-81.73503,41.13614],[-81.73506,41.13382],[-81.74043,41.13384],[-81.74045,41.13293],[-81.74361,41.13294],[-81.74374,41.12672],[-81.74627,41.12672],[-81.74627,41.12342],[-81.75065,41.1234],[-81.75324,41.12249],[-81.7537,41.11915],[-81.75517,41.11787],[-81.76464,41.11788],[-81.76235,41.11627],[-81.76041,41.11327],[-81.77085,41.11332],[-81.77102,41.10442],[-81.76821,41.10512],[-81.76898,41.10765],[-81.75917,41.10742],[-81.7562,41.10354],[-81.75635,41.09285],[-81.74751,41.09061],[-81.74751,41.08702],[-81.75137,41.08665],[-81.75144,41.08455],[-81.7552,41.0846],[-81.75522,41.08209],[-81.75652,41.0811],[-81.7761,41.08116],[-81.77766,41.08337],[-81.78178,41.08347],[-81.78516,41.08123],[-81.79305,41.08295],[-81.79542,41.08293],[-81.79539,41.08031],[-81.7982,41.07873],[-81.7956,41.06932],[-81.79539,41.06567],[-81.79705,41.05988],[-81.7947,41.05712],[-81.80349,41.05593],[-81.80351,41.05344],[-81.80495,41.05344],[-81.80494,41.05715],[-81.81428,41.06046],[-81.81549,41.06365],[-81.81924,41.06429],[-81.81923,41.06593],[-81.82208,41.06674],[-81.82651,41.06674],[-81.82655,41.06919],[-81.82833,41.0692],[-81.8283,41.07687],[-81.83117,41.07677],[-81.83116,41.07808],[-81.83966,41.07811],[-81.83711,41.08128],[-81.83821,41.08183],[-81.83823,41.08449],[-81.8553,41.08462],[-81.85537,41.08289],[-81.86019,41.08284],[-81.86112,41.07814],[-81.86426,41.07816],[-81.86427,41.07461],[-81.86801,41.07545],[-81.87206,41.07544],[-81.87634,41.07163],[-81.87936,41.07086],[-81.87954,41.06254],[-81.88386,41.06243],[-81.88418,41.06364],[-81.88492,41.07731],[-81.88906,41.07736],[-81.89053,41.07905],[-81.89057,41.08598],[-81.89252,41.08473],[-81.89355,41.08042],[-81.8973,41.0786],[-81.90135,41.08592],[-81.91532,41.08568],[-81.91402,41.08098],[-81.91778,41.08102],[-81.91784,41.07849],[-81.92356,41.07846],[-81.92338,41.07561],[-81.91835,41.07671],[-81.91249,41.07681],[-81.91128,41.07352],[-81.90654,41.07232],[-81.90384,41.0661],[-81.90441,41.05751],[-81.90311,41.05532],[-81.90108,41.05424],[-81.89967,41.05141],[-81.9131,41.05151],[-81.91329,41.04684],[-81.91702,41.04688],[-81.91699,41.04795],[-81.92908,41.04847],[-81.92916,41.0476],[-81.93595,41.04763],[-81.93582,41.05012],[-81.93773,41.05013],[-81.93766,41.05178],[-81.93952,41.05261],[-81.94474,41.05269],[-81.94449,41.06262],[-81.94983,41.06262],[-81.9497,41.07502],[-81.95921,41.07504],[-81.95921,41.07725],[-81.96421,41.07728],[-81.96421,41.08093],[-81.97245,41.08191],[-81.97297,41.08307],[-81.97244,41.08781],[-81.97588,41.08784],[-81.97598,41.08021],[-81.97911,41.08031],[-81.97898,41.0834],[-82.00441,41.08372],[-82.00431,41.08597],[-82.01234,41.08608],[-82.01214,41.08899],[-82.01576,41.08837],[-82.01703,41.08682],[-82.01633,41.08427],[-82.0179,41.08059],[-82.02255,41.07776],[-82.02358,41.08039],[-82.02303,41.08474],[-82.02357,41.08741],[-82.02268,41.09068],[-82.0244,41.09089],[-82.02431,41.09931],[-82.02113,41.10122],[-82.01803,41.10483],[-82.01776,41.10654],[-82.01436,41.10981],[-82.0137,41.1124],[-82.00296,41.11225],[-82.00448,41.11338],[-82.00428,41.11695],[-82.00663,41.11707],[-82.00651,41.12084],[-82.00909,41.12085],[-82.00912,41.12298],[-82.01087,41.12299],[-82.00954,41.12512],[-82.00945,41.13015],[-82.00426,41.13012],[-82.00402,41.13595],[-82.00392,41.14333]],[[-81.7412,41.14035],[-81.73993,41.13868],[-81.73513,41.13829],[-81.73502,41.13688],[-81.73251,41.13813],[-81.7324,41.14019],[-81.72998,41.14018],[-81.72984,41.14504],[-81.72804,41.14502],[-81.72811,41.14927],[-81.73316,41.1493],[-81.73323,41.15419],[-81.73741,41.15444],[-81.73857,41.1511],[-81.74558,41.15113],[-81.7456,41.14036],[-81.7412,41.14035]]]}},{"type":"Feature","properties":{"zcta":"44121","d":2552},"geometry":{"type":"Polygon","coordinates":[[[-81.5558,41.52821],[-81.55569,41.53641],[-81.55597,41.54321],[-81.55306,41.54676],[-81.54989,41.54805],[-81.54982,41.55082],[-81.55501,41.55351],[-81.55272,41.55514],[-81.5505,41.55278],[-81.5486,41.55268],[-81.54857,41.55613],[-81.55012,41.55698],[-81.54779,41.55855],[-81.54413,41.55604],[-81.54386,41.5526],[-81.5405,41.55106],[-81.53274,41.54535],[-81.5276,41.54533],[-81.52692,41.54258],[-81.52044,41.53688],[-81.51681,41.53842],[-81.51032,41.53825],[-81.51024,41.53513],[-81.50786,41.53419],[-81.50722,41.53076],[-81.50721,41.52322],[-81.50904,41.52323],[-81.50906,41.51977],[-81.51136,41.51948],[-81.51153,41.51073],[-81.51269,41.51072],[-81.51274,41.50193],[-81.51804,41.50196],[-81.51702,41.49801],[-81.51945,41.50136],[-81.52149,41.50136],[-81.52149,41.49974],[-81.5233,41.50136],[-81.53135,41.4991],[-81.53134,41.5024],[-81.53631,41.5024],[-81.53635,41.50601],[-81.54612,41.50601],[-81.54611,41.50838],[-81.54152,41.50843],[-81.54147,41.51243],[-81.54625,41.51312],[-81.54643,41.52064],[-81.55282,41.52043],[-81.55319,41.52318],[-81.55676,41.52452],[-81.55786,41.52603],[-81.5558,41.52821]]]}},{"type":"Feature","properties":{"zcta":"44070","d":1458},"geometry":{"type":"Polygon","coordinates":[[[-81.95996,41.41105],[-81.9596,41.41404],[-81.94624,41.41398],[-81.94577,41.41855],[-81.94267,41.41864],[-81.94278,41.42654],[-81.93913,41.42652],[-81.9361,41.429],[-81.93292,41.42948],[-81.93261,41.43376],[-81.90318,41.43347],[-81.90291,41.44085],[-81.89338,41.44073],[-81.89306,41.44797],[-81.8835,41.44826],[-81.87467,41.44811],[-81.87445,41.44625],[-81.87511,41.43709],[-81.87536,41.41765],[-81.87528,41.41415],[-81.87913,41.41186],[-81.88143,41.40778],[-81.88327,41.40728],[-81.88346,41.40565],[-81.88106,41.40455],[-81.89955,41.40451],[-81.90027,41.40495],[-81.90165,41.39932],[-81.90775,41.39916],[-81.90715,41.39324],[-81.91139,41.39318],[-81.91117,41.39929],[-81.92116,41.39961],[-81.93067,41.39953],[-81.93083,41.39204],[-81.94413,41.39208],[-81.94411,41.38946],[-81.94577,41.38914],[-81.94656,41.38655],[-81.96266,41.38663],[-81.96395,41.38564],[-81.96326,41.38334],[-81.96336,41.37903],[-81.96491,41.37829],[-81.96479,41.38447],[-81.96701,41.38459],[-81.96698,41.3867],[-81.97046,41.38675],[-81.97026,41.41105],[-81.95996,41.41105]]]}},{"type":"Feature","properties":{"zcta":"44109","d":2388},"geometry":{"type":"Polygon","coordinates":[[[-81.71608,41.4529],[-81.71776,41.45345],[-81.7164,41.45532],[-81.71735,41.45814],[-81.71705,41.46496],[-81.71779,41.46551],[-81.7165,41.47011],[-81.71333,41.4697],[-81.66924,41.47042],[-81.66902,41.46988],[-81.67068,41.46765],[-81.67403,41.46499],[-81.67935,41.46412],[-81.68265,41.46094],[-81.68412,41.45516],[-81.68123,41.4491],[-81.68328,41.44891],[-81.68463,41.44735],[-81.68436,41.44586],[-81.68139,41.44372],[-81.67739,41.44408],[-81.67776,41.44141],[-81.67189,41.43829],[-81.66869,41.44],[-81.66748,41.43792],[-81.6636,41.43699],[-81.66346,41.4346],[-81.66612,41.43285],[-81.6778,41.4327],[-81.67736,41.42271],[-81.6762,41.42056],[-81.67823,41.42121],[-81.67985,41.41895],[-81.68079,41.41968],[-81.68546,41.41942],[-81.69512,41.41918],[-81.69566,41.42091],[-81.70977,41.42127],[-81.70976,41.4215],[-81.72444,41.42184],[-81.7232,41.42435],[-81.72098,41.42486],[-81.71506,41.42992],[-81.71617,41.42994],[-81.7163,41.43475],[-81.71791,41.43475],[-81.71794,41.4394],[-81.71582,41.43987],[-81.71657,41.44292],[-81.71786,41.44286],[-81.71788,41.44704],[-81.71697,41.44997],[-81.71608,41.4529]]]}},{"type":"Feature","properties":{"zcta":"44057","d":189},"geometry":{"type":"Polygon","coordinates":[[[-81.13922,41.7203],[-81.13523,41.72759],[-81.13745,41.72805],[-81.13754,41.73021],[-81.13576,41.73174],[-81.13203,41.73126],[-81.12948,41.72888],[-81.12406,41.7285],[-81.12191,41.7312],[-81.12534,41.73533],[-81.12343,41.73753],[-81.11875,41.73852],[-81.11165,41.73797],[-81.11171,41.74083],[-81.11655,41.74115],[-81.11667,41.74269],[-81.12064,41.74268],[-81.12074,41.75397],[-81.11743,41.75516],[-81.11289,41.75518],[-81.11212,41.75736],[-81.10307,41.75921],[-81.10332,41.76419],[-81.10681,41.7635],[-81.10741,41.76545],[-81.1122,41.76551],[-81.11227,41.77088],[-81.11127,41.77198],[-81.10827,41.77201],[-81.10838,41.77909],[-81.10394,41.78224],[-81.10472,41.80539],[-81.11079,41.80792],[-81.10701,41.80796],[-81.10571,41.81094],[-81.10764,41.81185],[-81.10785,41.81759],[-81.10561,41.81785],[-81.0993,41.82082],[-81.08937,41.82291],[-81.06951,41.83091],[-81.05887,41.83275],[-81.05231,41.83646],[-81.04665,41.83882],[-81.0428,41.83877],[-81.03412,41.84229],[-81.02815,41.84286],[-81.01865,41.84542],[-81.01027,41.84898],[-81.00623,41.85122],[-81.00536,41.84909],[-81.00751,41.84552],[-81.00615,41.8439],[-81.0083,41.83657],[-81.01174,41.83325],[-81.01268,41.82836],[-81.01425,41.82551],[-81.005,41.82555],[-81.00524,41.80852],[-81.00239,41.80849],[-81.00248,41.79804],[-81.00091,41.79682],[-80.99724,41.7968],[-80.9972,41.79561],[-80.99342,41.79615],[-80.99342,41.79146],[-80.99279,41.79022],[-81.00259,41.78674],[-81.00267,41.77888],[-81.00629,41.77873],[-81.00633,41.77717],[-81.01172,41.77689],[-81.01195,41.77568],[-81.01639,41.77559],[-81.01645,41.76924],[-81.00947,41.76922],[-81.00943,41.76336],[-81.00281,41.76387],[-81.00295,41.74983],[-81.00382,41.74464],[-81.00447,41.72486],[-81.00349,41.71111],[-81.01306,41.71095],[-81.01311,41.71375],[-81.01697,41.71366],[-81.017,41.71466],[-81.0227,41.71461],[-81.0225,41.70651],[-81.0385,41.7066],[-81.03853,41.71451],[-81.05093,41.71449],[-81.05112,41.71307],[-81.05414,41.71334],[-81.05588,41.71184],[-81.0572,41.70776],[-81.05843,41.70676],[-81.05844,41.70423],[-81.06293,41.70475],[-81.06452,41.70069],[-81.07738,41.70086],[-81.0774,41.7024],[-81.08053,41.70231],[-81.08117,41.7055],[-81.08249,41.7055],[-81.08285,41.70103],[-81.08548,41.70315],[-81.0875,41.70213],[-81.10009,41.70224],[-81.10018,41.69993],[-81.10218,41.69986],[-81.10213,41.69645],[-81.10714,41.69779],[-81.11301,41.70146],[-81.1135,41.70562],[-81.11503,41.70687],[-81.1278,41.70705],[-81.12995,41.70769],[-81.1333,41.70658],[-81.13659,41.71328],[-81.13861,41.71247],[-81.14021,41.71337],[-81.13913,41.71585],[-81.14322,41.71699],[-81.14346,41.72022],[-81.13922,41.7203]]]}},{"type":"Feature","properties":{"zcta":"44035","d":650},"geometry":{"type":"Polygon","coordinates":[[[-82.17725,41.40033],[-82.15249,41.40775],[-82.15845,41.41036],[-82.16416,41.4111],[-82.16433,41.41353],[-82.16166,41.41606],[-82.15716,41.41607],[-82.16017,41.4168],[-82.16071,41.41817],[-82.12751,41.41822],[-82.11754,41.41882],[-82.10389,41.42043],[-82.09746,41.42086],[-82.08887,41.42261],[-82.07696,41.42629],[-82.06787,41.43003],[-82.06776,41.41865],[-82.06867,41.38191],[-82.06838,41.37741],[-82.06897,41.35166],[-82.06284,41.35185],[-82.0567,41.35154],[-82.04312,41.35166],[-82.04401,41.34904],[-82.04099,41.34968],[-82.03627,41.35165],[-82.02859,41.35156],[-82.03954,41.34652],[-82.05051,41.34241],[-82.05501,41.34012],[-82.06644,41.33281],[-82.06648,41.32977],[-82.06873,41.32677],[-82.07014,41.32793],[-82.0734,41.32731],[-82.07864,41.32469],[-82.08228,41.32561],[-82.08319,41.32339],[-82.08903,41.3223],[-82.09001,41.32345],[-82.09171,41.32095],[-82.09718,41.32095],[-82.09902,41.31862],[-82.09849,41.31698],[-82.09494,41.31697],[-82.09494,41.31589],[-82.09932,41.31595],[-82.09944,41.31403],[-82.0939,41.30328],[-82.09581,41.30029],[-82.10584,41.3003],[-82.107,41.30285],[-82.10833,41.30288],[-82.10815,41.31819],[-82.11981,41.31421],[-82.121,41.31518],[-82.12433,41.31528],[-82.13295,41.3116],[-82.14473,41.30677],[-82.15285,41.30249],[-82.15328,41.30418],[-82.14961,41.3047],[-82.15022,41.30656],[-82.14686,41.30873],[-82.14326,41.31338],[-82.16657,41.31345],[-82.16624,41.33015],[-82.18623,41.33028],[-82.18617,41.33449],[-82.19113,41.33461],[-82.19087,41.33765],[-82.22272,41.33797],[-82.22305,41.34096],[-82.22531,41.34704],[-82.22348,41.35265],[-82.21671,41.35251],[-82.22128,41.3534],[-82.21943,41.35865],[-82.2148,41.35865],[-82.21352,41.36319],[-82.21184,41.3632],[-82.21036,41.36671],[-82.20507,41.36689],[-82.20373,41.37032],[-82.20546,41.37194],[-82.20533,41.37595],[-82.20373,41.37647],[-82.20286,41.38144],[-82.18188,41.39783],[-82.17935,41.39938],[-82.17725,41.40033]]]}},{"type":"Feature","properties":{"zcta":"44131","d":736},"geometry":{"type":"Polygon","coordinates":[[[-81.68079,41.41968],[-81.67985,41.41895],[-81.67823,41.42121],[-81.6762,41.42056],[-81.67736,41.42271],[-81.6778,41.4327],[-81.66612,41.43285],[-81.66918,41.42992],[-81.66844,41.42754],[-81.66567,41.42692],[-81.66358,41.42528],[-81.66342,41.42238],[-81.66069,41.42202],[-81.65569,41.41938],[-81.65419,41.42113],[-81.64799,41.41971],[-81.6481,41.41837],[-81.64608,41.41688],[-81.64447,41.41788],[-81.64043,41.41684],[-81.6406,41.41315],[-81.63494,41.40848],[-81.6339,41.40866],[-81.63177,41.40194],[-81.6296,41.39659],[-81.62967,41.39375],[-81.6282,41.3923],[-81.62945,41.38985],[-81.62772,41.38658],[-81.62311,41.38267],[-81.62016,41.38376],[-81.6197,41.38051],[-81.61448,41.38081],[-81.6118,41.37853],[-81.61274,41.37725],[-81.61265,41.37413],[-81.61558,41.37266],[-81.61208,41.36484],[-81.60671,41.36294],[-81.60621,41.36174],[-81.60293,41.362],[-81.60064,41.36115],[-81.59771,41.35693],[-81.60061,41.35439],[-81.60205,41.35661],[-81.60581,41.35958],[-81.60895,41.35981],[-81.61085,41.35844],[-81.61006,41.35678],[-81.61489,41.35113],[-81.64101,41.35113],[-81.68458,41.35097],[-81.68459,41.36604],[-81.68546,41.41942],[-81.68079,41.41968]]]}},{"type":"Feature","properties":{"zcta":"44041","d":102},"geometry":{"type":"Polygon","coordinates":[[[-81.00333,41.85283],[-80.9968,41.85414],[-80.99467,41.85393],[-80.98794,41.85548],[-80.97474,41.8577],[-80.95749,41.85973],[-80.95207,41.86194],[-80.93933,41.86187],[-80.93099,41.8633],[-80.92799,41.86472],[-80.92072,41.86576],[-80.91829,41.86552],[-80.91212,41.86617],[-80.90343,41.86796],[-80.90344,41.85954],[-80.91654,41.85473],[-80.91654,41.85435],[-80.90344,41.85433],[-80.90345,41.82624],[-80.88305,41.83532],[-80.88149,41.83434],[-80.88125,41.82318],[-80.88,41.82366],[-80.88004,41.8191],[-80.89462,41.81219],[-80.90343,41.80977],[-80.90344,41.80798],[-80.8957,41.80849],[-80.88237,41.81267],[-80.88014,41.8136],[-80.88017,41.80859],[-80.88675,41.80671],[-80.88987,41.8064],[-80.89426,41.8019],[-80.89705,41.8008],[-80.89914,41.80198],[-80.89851,41.78917],[-80.88046,41.78917],[-80.88058,41.78201],[-80.8998,41.78205],[-80.90348,41.7818],[-80.90349,41.76724],[-80.89989,41.76745],[-80.89991,41.76233],[-80.89727,41.76223],[-80.89713,41.76057],[-80.88912,41.7605],[-80.89049,41.75865],[-80.88681,41.75656],[-80.88263,41.75519],[-80.88308,41.75412],[-80.87429,41.75326],[-80.87439,41.74194],[-80.8782,41.74237],[-80.87713,41.74724],[-80.87579,41.74823],[-80.87746,41.75018],[-80.88137,41.75175],[-80.88299,41.74938],[-80.87902,41.74828],[-80.88098,41.74608],[-80.88044,41.74157],[-80.88402,41.7402],[-80.88077,41.7383],[-80.88063,41.73572],[-80.88395,41.73397],[-80.88403,41.7308],[-80.90276,41.73085],[-80.90694,41.72998],[-80.90686,41.7264],[-80.90962,41.72636],[-80.90972,41.72268],[-80.91565,41.72271],[-80.91609,41.72184],[-80.9229,41.72129],[-80.9295,41.72285],[-80.93402,41.72282],[-80.93407,41.7221],[-80.94653,41.72259],[-80.94652,41.71486],[-80.95253,41.71495],[-80.95305,41.70923],[-80.9518,41.70738],[-80.94938,41.70627],[-80.94526,41.70623],[-80.94532,41.70379],[-80.94366,41.70379],[-80.9434,41.69931],[-80.93946,41.69921],[-80.93762,41.69742],[-80.93883,41.69697],[-80.938,41.69419],[-80.94415,41.69411],[-80.94409,41.68668],[-80.94484,41.68524],[-80.94725,41.68522],[-80.94726,41.68263],[-80.94524,41.68256],[-80.94535,41.67833],[-80.95394,41.67814],[-80.95393,41.66859],[-80.9594,41.66844],[-80.96124,41.67036],[-80.96545,41.67155],[-80.96719,41.66975],[-80.97115,41.6691],[-80.97689,41.66974],[-80.97837,41.66842],[-80.97852,41.67752],[-80.9801,41.67611],[-80.9832,41.67578],[-80.98325,41.67119],[-80.99993,41.67053],[-80.99994,41.66636],[-81.00309,41.66642],[-81.00306,41.6713],[-80.99923,41.67143],[-80.9978,41.67669],[-80.99604,41.67821],[-81.00316,41.67831],[-81.00319,41.69044],[-81.00272,41.69063],[-81.00349,41.71111],[-81.00447,41.72486],[-81.00382,41.74464],[-81.00295,41.74983],[-81.00281,41.76387],[-81.00943,41.76336],[-81.00947,41.76922],[-81.01645,41.76924],[-81.01639,41.77559],[-81.01195,41.77568],[-81.01172,41.77689],[-81.00633,41.77717],[-81.00629,41.77873],[-81.00267,41.77888],[-81.00259,41.78674],[-80.99279,41.79022],[-80.99342,41.79146],[-80.99342,41.79615],[-80.9972,41.79561],[-80.99724,41.7968],[-81.00091,41.79682],[-81.00248,41.79804],[-81.00239,41.80849],[-81.00524,41.80852],[-81.005,41.82555],[-81.01425,41.82551],[-81.01268,41.82836],[-81.01174,41.83325],[-81.0083,41.83657],[-81.00615,41.8439],[-81.00751,41.84552],[-81.00536,41.84909],[-81.00623,41.85122],[-81.00333,41.85283]]]}},{"type":"Feature","properties":{"zcta":"44092","d":1216},"geometry":{"type":"MultiPolygon","coordinates":[[[[-81.445,41.56992],[-81.44497,41.57307],[-81.44093,41.57328],[-81.44089,41.56988],[-81.445,41.56992]]],[[[-81.47727,41.62388],[-81.45859,41.62401],[-81.45347,41.62698],[-81.45269,41.62386],[-81.45133,41.62122],[-81.44893,41.62072],[-81.44904,41.61491],[-81.44604,41.61493],[-81.44608,41.60589],[-81.44484,41.60425],[-81.44466,41.59747],[-81.44763,41.59356],[-81.44921,41.59249],[-81.45545,41.59088],[-81.45899,41.59068],[-81.459,41.57904],[-81.45306,41.57917],[-81.45302,41.57534],[-81.4502,41.57528],[-81.44816,41.57263],[-81.44765,41.56996],[-81.48784,41.57005],[-81.48794,41.58625],[-81.48807,41.59628],[-81.48854,41.60585],[-81.48874,41.62405],[-81.47727,41.62388]]]]}},{"type":"Feature","properties":{"zcta":"44076","d":32},"geometry":{"type":"Polygon","coordinates":[[[-80.92368,41.58331],[-80.9188,41.58331],[-80.91881,41.58464],[-80.914,41.58461],[-80.91398,41.57625],[-80.90356,41.57614],[-80.86512,41.57622],[-80.86519,41.57133],[-80.83003,41.5713],[-80.82985,41.56143],[-80.82637,41.56152],[-80.82636,41.56333],[-80.82314,41.56325],[-80.82312,41.55843],[-80.8199,41.55843],[-80.81992,41.55685],[-80.81399,41.55685],[-80.81018,41.55751],[-80.81009,41.57123],[-80.80371,41.5712],[-80.8039,41.55752],[-80.79034,41.55751],[-80.79044,41.54841],[-80.78081,41.55684],[-80.77024,41.5574],[-80.77277,41.56441],[-80.77034,41.56446],[-80.76467,41.57115],[-80.71926,41.57114],[-80.71322,41.57126],[-80.71322,41.52127],[-80.66631,41.52108],[-80.66623,41.51058],[-80.64768,41.51056],[-80.64773,41.50871],[-80.64776,41.4994],[-80.71347,41.49976],[-80.7134,41.4916],[-80.73796,41.49122],[-80.73994,41.49029],[-80.7418,41.49142],[-80.73831,41.49447],[-80.7392,41.49715],[-80.73384,41.49788],[-80.73348,41.49886],[-80.7362,41.49997],[-80.76234,41.5002],[-80.76239,41.49113],[-80.79124,41.49088],[-80.79102,41.50042],[-80.79858,41.50064],[-80.82056,41.50063],[-80.82043,41.49707],[-80.81889,41.49242],[-80.82,41.49017],[-80.82283,41.48791],[-80.82304,41.48414],[-80.8259,41.47327],[-80.82605,41.46975],[-80.82851,41.46165],[-80.83941,41.46168],[-80.83939,41.46622],[-80.85863,41.46633],[-80.86134,41.46766],[-80.87088,41.46747],[-80.87335,41.46861],[-80.87335,41.47093],[-80.87496,41.47106],[-80.87507,41.48228],[-80.87419,41.48335],[-80.87783,41.48319],[-80.8778,41.48904],[-80.89684,41.48911],[-80.88621,41.47546],[-80.9047,41.47545],[-80.90461,41.49343],[-80.90424,41.50096],[-80.92021,41.5011],[-80.92143,41.50345],[-80.92432,41.50318],[-80.92322,41.50469],[-80.92523,41.50485],[-80.9256,41.50677],[-80.92748,41.50846],[-80.92148,41.50843],[-80.92682,41.51205],[-80.92559,41.5121],[-80.92477,41.53381],[-80.93195,41.53388],[-80.93293,41.53728],[-80.92474,41.53734],[-80.92461,41.54606],[-80.93162,41.54608],[-80.93155,41.54798],[-80.93405,41.54814],[-80.93384,41.57128],[-80.95325,41.57131],[-80.95324,41.57847],[-80.92369,41.57914],[-80.92368,41.58331]]]}},{"type":"Feature","properties":{"zcta":"44215","d":815},"geometry":{"type":"Polygon","coordinates":[[[-81.89278,41.06243],[-81.88961,41.05591],[-81.89521,41.0553],[-81.90285,41.05544],[-81.90441,41.05751],[-81.90384,41.0661],[-81.90654,41.07232],[-81.91128,41.07352],[-81.91249,41.07681],[-81.91835,41.07671],[-81.92338,41.07561],[-81.92356,41.07846],[-81.91784,41.07849],[-81.91778,41.08102],[-81.91402,41.08098],[-81.91532,41.08568],[-81.90135,41.08592],[-81.8973,41.0786],[-81.89355,41.08042],[-81.89252,41.08473],[-81.89057,41.08598],[-81.89053,41.07905],[-81.88906,41.07736],[-81.88492,41.07731],[-81.88418,41.06364],[-81.88386,41.06243],[-81.89278,41.06243]]]}},{"type":"Feature","properties":{"zcta":"44077","d":500},"geometry":{"type":"Polygon","coordinates":[[[-81.28852,41.73494],[-81.2857,41.73269],[-81.2827,41.73481],[-81.28188,41.73412],[-81.27945,41.73568],[-81.27736,41.73405],[-81.27322,41.73574],[-81.27571,41.73799],[-81.27924,41.73963],[-81.28182,41.74272],[-81.28544,41.74494],[-81.28476,41.75021],[-81.28066,41.75018],[-81.28032,41.75896],[-81.26778,41.75802],[-81.26266,41.75814],[-81.24854,41.76065],[-81.24113,41.76239],[-81.23134,41.76738],[-81.22854,41.76689],[-81.22512,41.76852],[-81.22322,41.76827],[-81.20185,41.77939],[-81.19971,41.77925],[-81.19107,41.78337],[-81.19104,41.77233],[-81.18267,41.77206],[-81.18082,41.77282],[-81.18103,41.7663],[-81.18112,41.75007],[-81.18938,41.74845],[-81.19112,41.74735],[-81.19122,41.74495],[-81.18839,41.74524],[-81.18345,41.74414],[-81.18112,41.74494],[-81.18108,41.72917],[-81.18678,41.72651],[-81.18434,41.7258],[-81.17956,41.72591],[-81.17737,41.72447],[-81.17602,41.72058],[-81.17066,41.71723],[-81.16686,41.71952],[-81.14567,41.71963],[-81.14346,41.72022],[-81.14322,41.71699],[-81.13913,41.71585],[-81.14021,41.71337],[-81.13861,41.71247],[-81.13659,41.71328],[-81.1333,41.70658],[-81.12995,41.70769],[-81.1278,41.70705],[-81.12844,41.70648],[-81.12817,41.70212],[-81.1245,41.69888],[-81.12404,41.69543],[-81.12181,41.69365],[-81.12211,41.69207],[-81.11978,41.69099],[-81.11955,41.68749],[-81.11645,41.68205],[-81.11359,41.68274],[-81.1143,41.67939],[-81.11194,41.67741],[-81.11582,41.6755],[-81.11395,41.67196],[-81.11509,41.67069],[-81.11736,41.67097],[-81.11592,41.66852],[-81.11761,41.6675],[-81.11831,41.66342],[-81.11804,41.66074],[-81.12138,41.65889],[-81.12005,41.65851],[-81.11975,41.65604],[-81.1216,41.65541],[-81.12065,41.65134],[-81.12118,41.64897],[-81.1227,41.64814],[-81.12313,41.64426],[-81.12457,41.64297],[-81.12063,41.64142],[-81.13263,41.64142],[-81.13271,41.64366],[-81.13408,41.64366],[-81.13393,41.64655],[-81.135,41.6504],[-81.14081,41.65038],[-81.142,41.64948],[-81.14206,41.64269],[-81.14625,41.64236],[-81.14625,41.6414],[-81.17491,41.64135],[-81.17471,41.65851],[-81.17808,41.65977],[-81.18012,41.66163],[-81.18279,41.66217],[-81.18454,41.65841],[-81.18484,41.65409],[-81.18755,41.65261],[-81.18495,41.65195],[-81.18752,41.64988],[-81.19304,41.64957],[-81.19818,41.64126],[-81.21745,41.64114],[-81.26236,41.64107],[-81.27327,41.64097],[-81.27219,41.64406],[-81.27684,41.64251],[-81.28536,41.64255],[-81.28552,41.64534],[-81.2827,41.64703],[-81.2752,41.6471],[-81.27502,41.65405],[-81.26854,41.65396],[-81.26893,41.65565],[-81.27496,41.6559],[-81.27488,41.65834],[-81.27019,41.66328],[-81.26742,41.66929],[-81.27551,41.66646],[-81.27766,41.66641],[-81.27814,41.6691],[-81.27452,41.67025],[-81.2746,41.67534],[-81.27591,41.67639],[-81.2824,41.67628],[-81.28377,41.68014],[-81.28336,41.68144],[-81.27807,41.68276],[-81.27766,41.68386],[-81.2852,41.68376],[-81.28626,41.68115],[-81.29082,41.68381],[-81.29313,41.68385],[-81.29222,41.70565],[-81.29123,41.73594],[-81.28852,41.73494]]]}},{"type":"Feature","properties":{"zcta":"44110","d":1573},"geometry":{"type":"Polygon","coordinates":[[[-81.58895,41.57064],[-81.58421,41.57425],[-81.58157,41.57375],[-81.57249,41.58056],[-81.56619,41.58617],[-81.56536,41.5864],[-81.56365,41.58435],[-81.561,41.58406],[-81.55918,41.58073],[-81.56155,41.58072],[-81.5607,41.5731],[-81.57541,41.56789],[-81.57552,41.56716],[-81.56665,41.57056],[-81.55925,41.57278],[-81.54873,41.57486],[-81.54532,41.5731],[-81.54371,41.57341],[-81.53848,41.57131],[-81.55366,41.56167],[-81.55678,41.55965],[-81.57295,41.54318],[-81.57534,41.54521],[-81.59115,41.54498],[-81.59094,41.55546],[-81.59149,41.55575],[-81.59196,41.56172],[-81.58877,41.56395],[-81.59178,41.5663],[-81.58895,41.57064]]]}},{"type":"Feature","properties":{"zcta":"44060","d":832},"geometry":{"type":"Polygon","coordinates":[[[-81.38311,41.70937],[-81.3655,41.71978],[-81.35794,41.72265],[-81.35359,41.72672],[-81.34703,41.72832],[-81.34264,41.73037],[-81.33797,41.73383],[-81.33519,41.7346],[-81.32564,41.74069],[-81.30139,41.75006],[-81.29484,41.7545],[-81.29078,41.75668],[-81.29133,41.73894],[-81.29123,41.73594],[-81.29222,41.70565],[-81.29313,41.68385],[-81.29082,41.68381],[-81.28626,41.68115],[-81.2852,41.68376],[-81.27766,41.68386],[-81.27807,41.68276],[-81.28336,41.68144],[-81.28377,41.68014],[-81.2824,41.67628],[-81.27591,41.67639],[-81.2746,41.67534],[-81.27452,41.67025],[-81.27814,41.6691],[-81.27766,41.66641],[-81.27551,41.66646],[-81.26742,41.66929],[-81.27019,41.66328],[-81.27488,41.65834],[-81.27496,41.6559],[-81.26893,41.65565],[-81.26854,41.65396],[-81.27502,41.65405],[-81.2752,41.6471],[-81.2827,41.64703],[-81.28552,41.64534],[-81.28536,41.64255],[-81.27684,41.64251],[-81.27219,41.64406],[-81.27327,41.64097],[-81.26236,41.64107],[-81.26258,41.63131],[-81.26204,41.62933],[-81.26727,41.62797],[-81.27363,41.62102],[-81.27507,41.62244],[-81.27687,41.62058],[-81.27936,41.62159],[-81.28033,41.61805],[-81.28247,41.61689],[-81.28466,41.61464],[-81.29063,41.61542],[-81.30868,41.61545],[-81.30913,41.61989],[-81.31492,41.61982],[-81.32097,41.62049],[-81.3226,41.61826],[-81.32454,41.61858],[-81.32495,41.62817],[-81.34655,41.62818],[-81.34903,41.62975],[-81.34953,41.63289],[-81.3542,41.6323],[-81.35948,41.63044],[-81.35997,41.63173],[-81.35681,41.63363],[-81.35568,41.63806],[-81.35393,41.64042],[-81.36227,41.64081],[-81.37213,41.64037],[-81.37487,41.64134],[-81.38094,41.64153],[-81.38062,41.65096],[-81.38876,41.64684],[-81.38893,41.6493],[-81.39095,41.64882],[-81.39067,41.66597],[-81.38997,41.66948],[-81.389,41.69891],[-81.38863,41.70717],[-81.38311,41.70937]]]}},{"type":"Feature","properties":{"zcta":"44082","d":18},"geometry":{"type":"Polygon","coordinates":[[[-80.59491,41.78178],[-80.59503,41.79026],[-80.59211,41.79028],[-80.59258,41.79488],[-80.59532,41.80035],[-80.59471,41.80172],[-80.59654,41.80298],[-80.5955,41.80488],[-80.59752,41.80717],[-80.59762,41.81936],[-80.59413,41.81932],[-80.59409,41.82588],[-80.59298,41.82925],[-80.58799,41.8293],[-80.5879,41.82593],[-80.58081,41.82599],[-80.58069,41.82138],[-80.57828,41.82141],[-80.57821,41.81886],[-80.57217,41.81891],[-80.57216,41.81685],[-80.57036,41.81688],[-80.57029,41.81454],[-80.56806,41.81453],[-80.56779,41.81265],[-80.5641,41.81164],[-80.56406,41.80854],[-80.56179,41.80861],[-80.56174,41.80586],[-80.55829,41.80446],[-80.55872,41.8189],[-80.53853,41.81897],[-80.53856,41.8211],[-80.53244,41.82135],[-80.53249,41.82396],[-80.51928,41.8241],[-80.51924,41.76514],[-80.51941,41.73936],[-80.51938,41.69678],[-80.52824,41.69692],[-80.52825,41.70562],[-80.53311,41.70573],[-80.53372,41.70884],[-80.538,41.71466],[-80.53902,41.71225],[-80.54068,41.71223],[-80.5407,41.70564],[-80.56321,41.70562],[-80.56324,41.70849],[-80.56873,41.70853],[-80.5688,41.71349],[-80.57044,41.71449],[-80.57519,41.71445],[-80.57744,41.71354],[-80.57738,41.71006],[-80.58024,41.71004],[-80.58026,41.70567],[-80.59512,41.70541],[-80.60153,41.70587],[-80.60546,41.70747],[-80.60858,41.71074],[-80.61307,41.71071],[-80.61476,41.71414],[-80.61868,41.71407],[-80.62185,41.71625],[-80.62254,41.74851],[-80.62262,41.75221],[-80.61949,41.75333],[-80.61986,41.7588],[-80.61879,41.75992],[-80.61873,41.76312],[-80.61592,41.76369],[-80.61636,41.76482],[-80.60839,41.76484],[-80.61137,41.76573],[-80.61006,41.7669],[-80.61223,41.76955],[-80.61064,41.77024],[-80.61468,41.7712],[-80.61462,41.77385],[-80.61728,41.77476],[-80.61731,41.77756],[-80.6189,41.78005],[-80.61782,41.78171],[-80.59491,41.78178]]]}},{"type":"Feature","properties":{"zcta":"44140","d":1743},"geometry":{"type":"Polygon","coordinates":[[[-81.96347,41.50235],[-81.95812,41.4984],[-81.95226,41.49528],[-81.94445,41.49236],[-81.92746,41.48983],[-81.91725,41.48935],[-81.90565,41.48763],[-81.90133,41.48627],[-81.89691,41.48642],[-81.87699,41.48318],[-81.87356,41.48305],[-81.87365,41.47687],[-81.96946,41.47802],[-81.96918,41.49268],[-81.96833,41.50495],[-81.96347,41.50235]]]}},{"type":"Feature","properties":{"zcta":"44106","d":2046},"geometry":{"type":"Polygon","coordinates":[[[-81.61665,41.52159],[-81.61548,41.5222],[-81.60935,41.52286],[-81.60935,41.52234],[-81.59812,41.52364],[-81.59854,41.52015],[-81.60097,41.51994],[-81.60026,41.51767],[-81.59869,41.51794],[-81.5967,41.51613],[-81.5989,41.514],[-81.59536,41.51279],[-81.59324,41.51386],[-81.59123,41.5135],[-81.59127,41.50871],[-81.58802,41.50872],[-81.57998,41.51172],[-81.57996,41.50093],[-81.58125,41.49594],[-81.58048,41.4956],[-81.58259,41.49113],[-81.58237,41.49003],[-81.58302,41.49061],[-81.60162,41.49464],[-81.60299,41.49497],[-81.60518,41.49778],[-81.60973,41.49292],[-81.61625,41.49346],[-81.62161,41.49074],[-81.62163,41.49343],[-81.62733,41.49245],[-81.62819,41.49635],[-81.62779,41.49988],[-81.62962,41.49995],[-81.62895,41.50736],[-81.63071,41.50591],[-81.63072,41.5086],[-81.62776,41.50867],[-81.62881,41.51161],[-81.62903,41.52034],[-81.62845,41.52041],[-81.61665,41.52159]]]}},{"type":"Feature","properties":{"zcta":"44023","d":186},"geometry":{"type":"Polygon","coordinates":[[[-81.23105,41.42543],[-81.19057,41.42564],[-81.19048,41.40823],[-81.19088,41.40754],[-81.19087,41.3838],[-81.19117,41.35081],[-81.19142,41.34757],[-81.2624,41.34748],[-81.29857,41.34732],[-81.29851,41.35595],[-81.30063,41.35467],[-81.30905,41.35241],[-81.3091,41.34739],[-81.35414,41.34781],[-81.35294,41.34866],[-81.35483,41.35098],[-81.3574,41.35215],[-81.35893,41.35647],[-81.36744,41.35993],[-81.36794,41.36198],[-81.37344,41.36198],[-81.37408,41.35885],[-81.3734,41.35464],[-81.38892,41.36197],[-81.39176,41.36196],[-81.39191,41.39126],[-81.39178,41.42155],[-81.38781,41.42156],[-81.38635,41.42309],[-81.38717,41.42427],[-81.36168,41.42447],[-81.36185,41.42176],[-81.36052,41.4212],[-81.35826,41.42454],[-81.32335,41.42501],[-81.29773,41.42509],[-81.23105,41.42543]]]}},{"type":"Feature","properties":{"zcta":"44044","d":121},"geometry":{"type":"Polygon","coordinates":[[[-82.09581,41.30029],[-82.0939,41.30328],[-82.09944,41.31403],[-82.09932,41.31595],[-82.09494,41.31589],[-82.09494,41.31697],[-82.09849,41.31698],[-82.09902,41.31862],[-82.09718,41.32095],[-82.09171,41.32095],[-82.09001,41.32345],[-82.08903,41.3223],[-82.08319,41.32339],[-82.08228,41.32561],[-82.07864,41.32469],[-82.0734,41.32731],[-82.07014,41.32793],[-82.06873,41.32677],[-82.06592,41.32909],[-82.06585,41.33056],[-82.0636,41.32949],[-82.06236,41.33065],[-82.06389,41.332],[-82.06317,41.3338],[-82.06171,41.33302],[-82.05567,41.33572],[-82.05437,41.33763],[-82.04849,41.33815],[-82.04721,41.33944],[-82.04521,41.33914],[-82.04192,41.3413],[-82.03762,41.34263],[-82.03281,41.34596],[-82.02464,41.34866],[-82.02053,41.35168],[-81.99049,41.35137],[-81.99087,41.34336],[-81.99209,41.34217],[-81.99734,41.33953],[-82.00115,41.33884],[-82.00126,41.32774],[-81.98811,41.32751],[-81.98844,41.32283],[-81.98425,41.32267],[-81.98414,41.31358],[-81.98701,41.3118],[-81.98706,41.30696],[-81.9855,41.30691],[-81.98552,41.30461],[-81.9868,41.30457],[-81.98682,41.3011],[-81.98847,41.30034],[-81.98815,41.29456],[-81.99103,41.29427],[-81.99102,41.29538],[-81.99464,41.29593],[-81.99468,41.29703],[-82.00101,41.2974],[-82.00152,41.2965],[-82.0016,41.28542],[-82.00247,41.28301],[-82.00788,41.28292],[-82.00797,41.27474],[-82.01195,41.27469],[-82.0121,41.26751],[-82.0078,41.2675],[-82.00787,41.26128],[-82.00523,41.26125],[-82.00258,41.26248],[-82.00264,41.26011],[-81.9811,41.25989],[-81.98108,41.25801],[-81.97562,41.25792],[-81.97634,41.25233],[-81.97793,41.25234],[-81.97796,41.25011],[-81.9764,41.2501],[-81.97657,41.24482],[-81.9801,41.24484],[-81.98032,41.23733],[-81.97331,41.23773],[-81.974,41.22228],[-81.98355,41.22233],[-81.98388,41.20729],[-81.97414,41.19983],[-81.99105,41.19986],[-82.00343,41.20008],[-82.00547,41.20081],[-82.0102,41.20107],[-82.01211,41.20194],[-82.01082,41.20528],[-82.01316,41.20457],[-82.01598,41.20565],[-82.02281,41.20484],[-82.02532,41.20541],[-82.02766,41.20459],[-82.03151,41.20501],[-82.03538,41.20371],[-82.0369,41.20203],[-82.03837,41.20406],[-82.04567,41.20379],[-82.04705,41.20272],[-82.05052,41.20583],[-82.05316,41.20508],[-82.05357,41.19988],[-82.07246,41.19985],[-82.07266,41.19553],[-82.07511,41.19404],[-82.07772,41.19467],[-82.07895,41.19655],[-82.07843,41.19827],[-82.08067,41.19858],[-82.08149,41.19714],[-82.08187,41.18645],[-82.0843,41.18738],[-82.08665,41.18692],[-82.09346,41.18951],[-82.0951,41.18908],[-82.09571,41.1918],[-82.09458,41.19267],[-82.10086,41.19299],[-82.09806,41.19982],[-82.09872,41.19982],[-82.10013,41.20152],[-82.10073,41.20709],[-82.10079,41.21701],[-82.0975,41.21668],[-82.09739,41.22013],[-82.09236,41.22026],[-82.09178,41.2222],[-82.09394,41.22221],[-82.0941,41.22458],[-82.10075,41.22459],[-82.10071,41.23562],[-82.09836,41.23558],[-82.09835,41.23357],[-82.09066,41.23364],[-82.09062,41.23733],[-82.08836,41.23733],[-82.0884,41.24481],[-82.09111,41.24482],[-82.09102,41.26169],[-82.09263,41.26167],[-82.09263,41.26389],[-82.09647,41.26385],[-82.09946,41.26733],[-82.09937,41.27474],[-82.10064,41.27684],[-82.1102,41.27682],[-82.10998,41.28509],[-82.10853,41.28508],[-82.10835,41.3003],[-82.10584,41.3003],[-82.09581,41.30029]]]}},{"type":"Feature","properties":{"zcta":"44003","d":29},"geometry":{"type":"Polygon","coordinates":[[[-80.67917,41.6161],[-80.67815,41.62327],[-80.66665,41.62333],[-80.66647,41.60693],[-80.63752,41.60692],[-80.63651,41.61841],[-80.63648,41.62197],[-80.63789,41.62902],[-80.63947,41.63243],[-80.64713,41.64378],[-80.62443,41.64375],[-80.62437,41.65212],[-80.61608,41.64775],[-80.61575,41.64426],[-80.60651,41.64623],[-80.61404,41.65419],[-80.61164,41.65414],[-80.61165,41.66278],[-80.60043,41.6629],[-80.60192,41.6649],[-80.60181,41.66869],[-80.60712,41.66872],[-80.60726,41.67156],[-80.61055,41.67155],[-80.61189,41.67326],[-80.61209,41.68035],[-80.61483,41.68038],[-80.61301,41.69272],[-80.61343,41.697],[-80.586,41.6971],[-80.59105,41.70068],[-80.59512,41.70541],[-80.58026,41.70567],[-80.58024,41.71004],[-80.57738,41.71006],[-80.57744,41.71354],[-80.57519,41.71445],[-80.57044,41.71449],[-80.5688,41.71349],[-80.56873,41.70853],[-80.56324,41.70849],[-80.56321,41.70562],[-80.5407,41.70564],[-80.54068,41.71223],[-80.53902,41.71225],[-80.538,41.71466],[-80.53372,41.70884],[-80.53311,41.70573],[-80.52825,41.70562],[-80.52824,41.69692],[-80.51938,41.69678],[-80.51934,41.54414],[-80.52085,41.54378],[-80.52371,41.54607],[-80.52608,41.54321],[-80.52895,41.54117],[-80.52952,41.53962],[-80.53317,41.54],[-80.53355,41.54629],[-80.53463,41.54413],[-80.57028,41.54506],[-80.57091,41.54841],[-80.57703,41.54841],[-80.57702,41.55038],[-80.5808,41.55038],[-80.5802,41.55172],[-80.58021,41.55884],[-80.5753,41.55891],[-80.57529,41.56182],[-80.58544,41.56151],[-80.58532,41.56476],[-80.58688,41.56481],[-80.58678,41.57111],[-80.64062,41.57118],[-80.64355,41.53473],[-80.6473,41.53431],[-80.64724,41.54598],[-80.66579,41.54991],[-80.66635,41.57119],[-80.68495,41.57122],[-80.68515,41.60691],[-80.69538,41.60689],[-80.67917,41.6161]]]}},{"type":"Feature","properties":{"zcta":"44139","d":530},"geometry":{"type":"Polygon","coordinates":[[[-81.45253,41.42449],[-81.43573,41.42448],[-81.42834,41.42475],[-81.42911,41.40524],[-81.42492,41.40522],[-81.42359,41.40408],[-81.42542,41.40212],[-81.40229,41.40196],[-81.39965,41.39854],[-81.3967,41.39708],[-81.39639,41.39482],[-81.39422,41.39416],[-81.39191,41.39126],[-81.39176,41.36196],[-81.39169,41.34827],[-81.39958,41.34857],[-81.45033,41.34915],[-81.4731,41.34963],[-81.48899,41.34975],[-81.48883,41.41075],[-81.48832,41.42427],[-81.45253,41.42449]]]}},{"type":"Feature","properties":{"zcta":"44128","d":1512},"geometry":{"type":"Polygon","coordinates":[[[-81.5509,41.4572],[-81.55252,41.45635],[-81.55206,41.45026],[-81.55064,41.44984],[-81.55064,41.44584],[-81.55182,41.4429],[-81.54567,41.44241],[-81.54566,41.44586],[-81.54002,41.44553],[-81.53848,41.44437],[-81.53609,41.44472],[-81.53551,41.44606],[-81.53156,41.44577],[-81.52825,41.44704],[-81.52753,41.44866],[-81.5215,41.44906],[-81.51701,41.44868],[-81.51699,41.45092],[-81.50366,41.44977],[-81.50397,41.44477],[-81.50187,41.44197],[-81.4979,41.44333],[-81.49784,41.43741],[-81.49421,41.4427],[-81.48853,41.44272],[-81.48841,41.43158],[-81.4887,41.42427],[-81.50886,41.42423],[-81.50879,41.4182],[-81.53632,41.42857],[-81.53732,41.42429],[-81.56488,41.42431],[-81.56732,41.42259],[-81.57126,41.42426],[-81.58009,41.42427],[-81.58096,41.42739],[-81.58449,41.42852],[-81.58447,41.43015],[-81.5826,41.43086],[-81.58176,41.43505],[-81.58177,41.43821],[-81.58451,41.43811],[-81.58502,41.4423],[-81.58422,41.44394],[-81.57977,41.443],[-81.57977,41.4442],[-81.5845,41.44545],[-81.58403,41.45071],[-81.58461,41.45345],[-81.58464,41.4575],[-81.57251,41.45755],[-81.56853,41.45715],[-81.5555,41.45721],[-81.5509,41.4572]]]}},{"type":"Feature","properties":{"zcta":"44062","d":77},"geometry":{"type":"Polygon","coordinates":[[[-81.09441,41.50117],[-81.09033,41.49694],[-81.08817,41.49786],[-81.08698,41.49422],[-81.08503,41.49539],[-81.08361,41.49377],[-81.08021,41.49377],[-81.08001,41.50017],[-81.07376,41.50025],[-81.07253,41.50375],[-81.07534,41.50326],[-81.07535,41.50488],[-81.07849,41.50487],[-81.07847,41.50749],[-81.08107,41.50757],[-81.08107,41.51689],[-81.07782,41.5169],[-81.07783,41.51919],[-81.08036,41.51918],[-81.08034,41.52151],[-81.07863,41.52151],[-81.0786,41.52583],[-81.07362,41.52573],[-81.07465,41.52729],[-81.07361,41.52905],[-81.07362,41.53344],[-81.0724,41.5348],[-81.06647,41.53482],[-81.06779,41.53152],[-81.06684,41.53028],[-81.06768,41.52803],[-81.06163,41.52788],[-81.06163,41.53117],[-81.05867,41.53116],[-81.05863,41.53334],[-81.05176,41.53274],[-81.05138,41.53489],[-81.0482,41.53251],[-81.04815,41.53046],[-81.04186,41.53045],[-81.0418,41.52921],[-81.03183,41.52923],[-81.03097,41.52789],[-81.01925,41.52799],[-81.01916,41.52642],[-81.0153,41.52641],[-81.01433,41.52795],[-81.00308,41.52811],[-81.00314,41.52111],[-80.99935,41.52008],[-80.99713,41.52086],[-80.99571,41.51999],[-80.99209,41.51999],[-80.99206,41.51598],[-80.98378,41.51591],[-80.98376,41.51265],[-80.98247,41.51118],[-80.98251,41.50868],[-80.96898,41.50863],[-80.96917,41.51283],[-80.96551,41.51282],[-80.96546,41.51584],[-80.96324,41.51585],[-80.96312,41.52302],[-80.96515,41.52312],[-80.96546,41.53035],[-80.96472,41.53095],[-80.96258,41.52873],[-80.96289,41.5274],[-80.96073,41.52681],[-80.96444,41.52594],[-80.96413,41.52463],[-80.95984,41.52322],[-80.95808,41.5242],[-80.95107,41.52235],[-80.94788,41.52262],[-80.94395,41.52194],[-80.94109,41.52047],[-80.94075,41.51796],[-80.93513,41.51534],[-80.93911,41.50853],[-80.92748,41.50846],[-80.9256,41.50677],[-80.92523,41.50485],[-80.92322,41.50469],[-80.92432,41.50318],[-80.92143,41.50345],[-80.92021,41.5011],[-80.90424,41.50096],[-80.90461,41.49343],[-80.9047,41.47545],[-80.91578,41.47562],[-80.91756,41.47712],[-80.92237,41.47651],[-80.92276,41.47495],[-80.92672,41.47087],[-80.93063,41.46958],[-80.93465,41.46719],[-80.95319,41.46735],[-80.9598,41.4667],[-80.96049,41.46733],[-80.97472,41.46744],[-80.97528,41.44768],[-80.97012,41.44798],[-80.95497,41.44801],[-80.95554,41.4296],[-80.97285,41.42991],[-80.97389,41.42431],[-80.99188,41.42371],[-80.99176,41.41869],[-80.9907,41.4187],[-80.99143,41.40869],[-80.99004,41.40538],[-80.99004,41.39155],[-80.99924,41.39154],[-80.99926,41.39023],[-81.00318,41.38885],[-81.00803,41.38878],[-81.00719,41.38753],[-81.01288,41.3864],[-81.01288,41.37827],[-81.02277,41.37824],[-81.02275,41.38],[-81.02936,41.3799],[-81.02943,41.3742],[-81.03576,41.37417],[-81.03573,41.37055],[-81.04981,41.37053],[-81.04848,41.37171],[-81.04838,41.37477],[-81.0545,41.37475],[-81.05455,41.37295],[-81.06152,41.3729],[-81.06416,41.37205],[-81.06672,41.37205],[-81.06808,41.37354],[-81.06977,41.37353],[-81.07429,41.38093],[-81.0762,41.38227],[-81.07393,41.38631],[-81.08762,41.38639],[-81.08703,41.38987],[-81.08956,41.39005],[-81.08955,41.39121],[-81.09947,41.39124],[-81.09961,41.40999],[-81.09665,41.41024],[-81.08985,41.41285],[-81.08983,41.41595],[-81.09278,41.41595],[-81.09286,41.42015],[-81.09952,41.42019],[-81.09958,41.43354],[-81.10219,41.43348],[-81.10254,41.43578],[-81.10507,41.43568],[-81.10345,41.43715],[-81.10347,41.44046],[-81.10873,41.44082],[-81.10892,41.44397],[-81.11446,41.44403],[-81.1144,41.44847],[-81.11628,41.44858],[-81.11634,41.45026],[-81.12187,41.4502],[-81.12184,41.45223],[-81.12842,41.45348],[-81.13084,41.45621],[-81.13305,41.4571],[-81.12685,41.45968],[-81.12692,41.46214],[-81.12574,41.46356],[-81.12727,41.46472],[-81.12553,41.46555],[-81.12162,41.46987],[-81.11766,41.47091],[-81.10935,41.47656],[-81.10921,41.47894],[-81.10604,41.48012],[-81.10735,41.48251],[-81.10569,41.48484],[-81.10497,41.48863],[-81.10354,41.49141],[-81.10119,41.49296],[-81.09983,41.4954],[-81.09993,41.50132],[-81.09441,41.50117]]]}},{"type":"Feature","properties":{"zcta":"44108","d":1928},"geometry":{"type":"Polygon","coordinates":[[[-81.63811,41.54054],[-81.63696,41.53978],[-81.63295,41.542],[-81.63415,41.54296],[-81.63779,41.54316],[-81.63487,41.54715],[-81.63145,41.54806],[-81.6273,41.54408],[-81.59975,41.56065],[-81.59178,41.5663],[-81.58877,41.56395],[-81.59196,41.56172],[-81.59149,41.55575],[-81.59094,41.55546],[-81.59115,41.54498],[-81.59148,41.54481],[-81.59143,41.53044],[-81.5912,41.52805],[-81.5941,41.52856],[-81.59607,41.53047],[-81.59824,41.53064],[-81.59812,41.52364],[-81.60935,41.52234],[-81.60935,41.52286],[-81.61548,41.5222],[-81.61665,41.52159],[-81.62845,41.52041],[-81.62877,41.52338],[-81.62608,41.52566],[-81.62826,41.52841],[-81.62985,41.53226],[-81.62993,41.5365],[-81.63154,41.53907],[-81.63817,41.5386],[-81.64238,41.53736],[-81.63811,41.54054]]]}},{"type":"Feature","properties":{"zcta":"44212","d":1106},"geometry":{"type":"Polygon","coordinates":[[[-81.87805,41.27504],[-81.85675,41.27534],[-81.85679,41.27293],[-81.85034,41.27278],[-81.85026,41.27542],[-81.84832,41.27545],[-81.84846,41.27134],[-81.8412,41.27157],[-81.83867,41.27105],[-81.83691,41.27396],[-81.83911,41.27556],[-81.83592,41.2756],[-81.7851,41.27645],[-81.78493,41.24446],[-81.7849,41.20151],[-81.80697,41.20136],[-81.80737,41.21107],[-81.81317,41.21105],[-81.81311,41.21033],[-81.83113,41.21027],[-81.83134,41.2147],[-81.84154,41.21458],[-81.84152,41.21618],[-81.8456,41.21742],[-81.8464,41.22058],[-81.85738,41.22084],[-81.85743,41.2176],[-81.85973,41.21755],[-81.86041,41.21598],[-81.86212,41.21888],[-81.86913,41.21897],[-81.86931,41.23041],[-81.87177,41.23037],[-81.87254,41.22798],[-81.87832,41.22511],[-81.87815,41.26072],[-81.88184,41.26151],[-81.88182,41.2639],[-81.88423,41.26388],[-81.8842,41.27135],[-81.88607,41.2714],[-81.88352,41.27501],[-81.87805,41.27504]]]}},{"type":"Feature","properties":{"zcta":"44113","d":2557},"geometry":{"type":"Polygon","coordinates":[[[-81.70925,41.50114],[-81.70855,41.50023],[-81.69974,41.50367],[-81.69837,41.50207],[-81.69532,41.50361],[-81.6939,41.502],[-81.69516,41.50133],[-81.69216,41.4979],[-81.6933,41.49672],[-81.69025,41.49654],[-81.68531,41.4936],[-81.67799,41.49228],[-81.67831,41.49148],[-81.67448,41.48935],[-81.67454,41.48816],[-81.68103,41.4906],[-81.68552,41.48966],[-81.6856,41.48808],[-81.68174,41.48957],[-81.67741,41.48497],[-81.67565,41.4803],[-81.67323,41.47819],[-81.67153,41.47683],[-81.66896,41.47196],[-81.66902,41.46988],[-81.66924,41.47042],[-81.71333,41.4697],[-81.7165,41.47011],[-81.7165,41.4769],[-81.71771,41.47882],[-81.7177,41.48732],[-81.71164,41.49059],[-81.71376,41.49337],[-81.71191,41.49731],[-81.70913,41.4978],[-81.70807,41.49908],[-81.70945,41.50106],[-81.70925,41.50114]]]}},{"type":"Feature","properties":{"zcta":"44103","d":1231},"geometry":{"type":"Polygon","coordinates":[[[-81.64629,41.53492],[-81.64238,41.53736],[-81.63817,41.5386],[-81.63154,41.53907],[-81.62993,41.5365],[-81.62985,41.53226],[-81.62826,41.52841],[-81.62608,41.52566],[-81.62877,41.52338],[-81.62845,41.52041],[-81.62903,41.52034],[-81.62881,41.51161],[-81.62776,41.50867],[-81.63072,41.5086],[-81.63071,41.50591],[-81.62895,41.50736],[-81.62962,41.49995],[-81.62779,41.49988],[-81.62819,41.49635],[-81.62961,41.49724],[-81.63348,41.49722],[-81.63346,41.49624],[-81.6493,41.49623],[-81.65635,41.49645],[-81.65739,41.49649],[-81.65805,41.49975],[-81.65714,41.49987],[-81.65833,41.50535],[-81.65854,41.50655],[-81.66102,41.50629],[-81.66141,41.50824],[-81.65989,41.51039],[-81.66395,41.51315],[-81.66329,41.51413],[-81.66467,41.51688],[-81.65194,41.52296],[-81.65209,41.53244],[-81.64629,41.53492]]]}},{"type":"Feature","properties":{"zcta":"44085","d":29},"geometry":{"type":"Polygon","coordinates":[[[-80.9923,41.63321],[-80.99258,41.64203],[-80.99182,41.64619],[-80.9924,41.64711],[-80.98856,41.64867],[-80.98871,41.65029],[-80.98497,41.65203],[-80.97832,41.65205],[-80.97828,41.64209],[-80.97377,41.64208],[-80.97129,41.643],[-80.96516,41.64305],[-80.95974,41.64463],[-80.95633,41.6465],[-80.95099,41.64751],[-80.95015,41.6511],[-80.94816,41.6533],[-80.94505,41.65492],[-80.94406,41.65719],[-80.93808,41.65682],[-80.93551,41.65728],[-80.93468,41.65614],[-80.93533,41.64222],[-80.914,41.6423],[-80.91403,41.63306],[-80.92624,41.63308],[-80.92624,41.63086],[-80.92358,41.6308],[-80.92349,41.62124],[-80.91715,41.62043],[-80.91408,41.6211],[-80.9083,41.62095],[-80.90645,41.61942],[-80.90579,41.62256],[-80.90234,41.62411],[-80.90228,41.62539],[-80.89904,41.62746],[-80.89728,41.62434],[-80.89417,41.62084],[-80.89093,41.6203],[-80.88472,41.62035],[-80.88482,41.63023],[-80.86953,41.63027],[-80.8695,41.63246],[-80.86514,41.63508],[-80.83592,41.63513],[-80.83459,41.63656],[-80.8346,41.6396],[-80.83214,41.64087],[-80.83325,41.6428],[-80.83019,41.64278],[-80.8281,41.63802],[-80.82621,41.63786],[-80.82721,41.63617],[-80.82315,41.62574],[-80.82003,41.6257],[-80.82042,41.62268],[-80.81793,41.61959],[-80.82028,41.62067],[-80.81956,41.61809],[-80.81563,41.61704],[-80.8098,41.61703],[-80.80974,41.63519],[-80.8127,41.63519],[-80.81747,41.63641],[-80.8189,41.63994],[-80.81036,41.64002],[-80.81607,41.64972],[-80.81633,41.65456],[-80.81465,41.65458],[-80.81472,41.65636],[-80.81296,41.65749],[-80.80978,41.65752],[-80.80974,41.65463],[-80.79895,41.65477],[-80.79866,41.64308],[-80.78634,41.64321],[-80.78596,41.63684],[-80.79643,41.63677],[-80.79627,41.61692],[-80.78032,41.61684],[-80.7803,41.59581],[-80.76301,41.59601],[-80.76306,41.5867],[-80.75495,41.58784],[-80.75521,41.58733],[-80.7697,41.58308],[-80.75801,41.5787],[-80.75011,41.57973],[-80.74274,41.58382],[-80.74027,41.58659],[-80.73749,41.58556],[-80.73353,41.58663],[-80.72838,41.58698],[-80.72134,41.58584],[-80.71932,41.58661],[-80.71926,41.57114],[-80.76467,41.57115],[-80.77034,41.56446],[-80.77277,41.56441],[-80.77024,41.5574],[-80.78081,41.55684],[-80.79044,41.54841],[-80.79034,41.55751],[-80.8039,41.55752],[-80.80371,41.5712],[-80.81009,41.57123],[-80.81018,41.55751],[-80.81399,41.55685],[-80.81992,41.55685],[-80.8199,41.55843],[-80.82312,41.55843],[-80.82314,41.56325],[-80.82636,41.56333],[-80.82637,41.56152],[-80.82985,41.56143],[-80.83003,41.5713],[-80.86519,41.57133],[-80.86512,41.57622],[-80.90356,41.57614],[-80.91398,41.57625],[-80.914,41.58461],[-80.91881,41.58464],[-80.9188,41.58331],[-80.92368,41.58331],[-80.92369,41.57914],[-80.92707,41.58047],[-80.931,41.57955],[-80.93399,41.58106],[-80.9339,41.58307],[-80.93731,41.58389],[-80.93573,41.58605],[-80.93783,41.58868],[-80.94158,41.58815],[-80.94636,41.58868],[-80.94725,41.59204],[-80.94582,41.59572],[-80.94642,41.59767],[-80.95321,41.60014],[-80.95322,41.5921],[-80.97285,41.5921],[-80.97284,41.59669],[-80.98829,41.59647],[-80.98984,41.59659],[-80.98991,41.60126],[-80.9923,41.60126],[-80.99228,41.60571],[-81.00292,41.60715],[-81.00278,41.6332],[-80.9923,41.63321]]]}},{"type":"Feature","properties":{"zcta":"44017","d":1484},"geometry":{"type":"Polygon","coordinates":[[[-81.8762,41.39003],[-81.84285,41.38943],[-81.84286,41.38934],[-81.84906,41.38495],[-81.84904,41.37952],[-81.84337,41.37937],[-81.84344,41.37801],[-81.83997,41.37785],[-81.84071,41.37525],[-81.84046,41.36921],[-81.83766,41.36768],[-81.83869,41.36098],[-81.84164,41.3609],[-81.84364,41.35759],[-81.83965,41.35776],[-81.83451,41.35582],[-81.8326,41.3557],[-81.83891,41.35062],[-81.84856,41.35045],[-81.84861,41.34383],[-81.85761,41.34695],[-81.86651,41.35067],[-81.87696,41.35069],[-81.87687,41.35472],[-81.88693,41.35663],[-81.88685,41.3616],[-81.88213,41.36155],[-81.87671,41.3646],[-81.87663,41.36844],[-81.8955,41.36852],[-81.89674,41.37514],[-81.89502,41.37764],[-81.89002,41.37726],[-81.89317,41.37924],[-81.87821,41.37888],[-81.87861,41.38193],[-81.89088,41.38199],[-81.8885,41.38325],[-81.8887,41.38558],[-81.87988,41.38389],[-81.87641,41.38203],[-81.87621,41.38938],[-81.8762,41.39003]]]}},{"type":"Feature","properties":{"zcta":"44022","d":290},"geometry":{"type":"Polygon","coordinates":[[[-81.44965,41.45546],[-81.44957,41.4597],[-81.43812,41.4597],[-81.43841,41.50084],[-81.43374,41.50081],[-81.43474,41.49862],[-81.42618,41.49816],[-81.41852,41.49847],[-81.41574,41.49729],[-81.41183,41.49779],[-81.40938,41.49696],[-81.40833,41.49942],[-81.40377,41.49851],[-81.40423,41.50085],[-81.39085,41.50075],[-81.37789,41.50041],[-81.3817,41.4977],[-81.38107,41.49452],[-81.38247,41.49244],[-81.3826,41.47858],[-81.37764,41.47851],[-81.37746,41.47645],[-81.38213,41.4704],[-81.37987,41.46755],[-81.3913,41.46075],[-81.39133,41.45926],[-81.38307,41.45814],[-81.37281,41.45824],[-81.36848,41.45944],[-81.3669,41.45517],[-81.36386,41.45756],[-81.35982,41.45676],[-81.35756,41.45846],[-81.35259,41.46002],[-81.34963,41.45675],[-81.34983,41.45335],[-81.34811,41.45223],[-81.33871,41.45229],[-81.33825,41.44096],[-81.33568,41.44098],[-81.3358,41.43865],[-81.30384,41.43915],[-81.29782,41.43967],[-81.29773,41.42509],[-81.32335,41.42501],[-81.35826,41.42454],[-81.36052,41.4212],[-81.36185,41.42176],[-81.36168,41.42447],[-81.38717,41.42427],[-81.38635,41.42309],[-81.38781,41.42156],[-81.39178,41.42155],[-81.39191,41.39126],[-81.39422,41.39416],[-81.39639,41.39482],[-81.3967,41.39708],[-81.39965,41.39854],[-81.40229,41.40196],[-81.42542,41.40212],[-81.42359,41.40408],[-81.42492,41.40522],[-81.42911,41.40524],[-81.42834,41.42475],[-81.43573,41.42448],[-81.45253,41.42449],[-81.48832,41.42427],[-81.4887,41.42427],[-81.48841,41.43158],[-81.48853,41.44272],[-81.49421,41.4427],[-81.49149,41.44971],[-81.47307,41.44901],[-81.47304,41.44662],[-81.46576,41.44656],[-81.46523,41.44896],[-81.46344,41.44894],[-81.46336,41.4559],[-81.44965,41.45546]]]}},{"type":"Feature","properties":{"zcta":"44064","d":36},"geometry":{"type":"Polygon","coordinates":[[[-81.06523,41.64166],[-81.06468,41.64054],[-81.06189,41.6404],[-81.06155,41.63897],[-81.04905,41.63908],[-81.04865,41.64109],[-81.0448,41.64126],[-81.04505,41.64025],[-81.0375,41.64023],[-81.03744,41.63852],[-81.03378,41.63857],[-81.03298,41.63996],[-81.02658,41.64005],[-81.02587,41.64131],[-81.02432,41.63744],[-81.02102,41.63612],[-81.01835,41.63659],[-81.01518,41.64047],[-81.01018,41.63989],[-81.00656,41.63847],[-81.0069,41.637],[-81.0028,41.63539],[-81.00278,41.6332],[-81.00292,41.60715],[-80.99228,41.60571],[-80.9923,41.60126],[-80.98991,41.60126],[-80.98984,41.59659],[-80.98829,41.59647],[-80.98835,41.59412],[-80.99229,41.59411],[-80.99229,41.59211],[-81.00289,41.59209],[-81.00284,41.57134],[-81.01748,41.5715],[-81.08247,41.57129],[-81.092,41.57159],[-81.09347,41.5738],[-81.09234,41.57773],[-81.09258,41.58023],[-81.09405,41.58099],[-81.09241,41.58517],[-81.08976,41.58943],[-81.09064,41.59212],[-81.09073,41.60054],[-81.09584,41.60053],[-81.0961,41.60645],[-81.1009,41.60638],[-81.10094,41.60889],[-81.09874,41.60865],[-81.09691,41.6122],[-81.09856,41.61447],[-81.09915,41.61765],[-81.09747,41.61984],[-81.09278,41.62154],[-81.09334,41.624],[-81.10113,41.62414],[-81.10132,41.63421],[-81.09172,41.63425],[-81.09167,41.63531],[-81.08361,41.63518],[-81.0837,41.6415],[-81.07881,41.64156],[-81.06523,41.64166]]]}},{"type":"Feature","properties":{"zcta":"44081","d":186},"geometry":{"type":"Polygon","coordinates":[[[-81.18403,41.78672],[-81.1809,41.78722],[-81.16964,41.79228],[-81.16313,41.79636],[-81.16066,41.79653],[-81.15069,41.80096],[-81.14784,41.80312],[-81.13962,41.80546],[-81.13321,41.80804],[-81.12846,41.81109],[-81.11773,41.81427],[-81.11203,41.8171],[-81.10785,41.81759],[-81.10764,41.81185],[-81.10571,41.81094],[-81.10701,41.80796],[-81.11079,41.80792],[-81.10472,41.80539],[-81.10394,41.78224],[-81.10838,41.77909],[-81.10827,41.77201],[-81.11127,41.77198],[-81.11227,41.77088],[-81.1122,41.76551],[-81.10741,41.76545],[-81.10681,41.7635],[-81.10332,41.76419],[-81.10307,41.75921],[-81.11212,41.75736],[-81.11289,41.75518],[-81.11743,41.75516],[-81.12074,41.75397],[-81.12064,41.74268],[-81.11667,41.74269],[-81.11655,41.74115],[-81.11171,41.74083],[-81.11165,41.73797],[-81.11875,41.73852],[-81.12343,41.73753],[-81.12534,41.73533],[-81.12191,41.7312],[-81.12406,41.7285],[-81.12948,41.72888],[-81.13203,41.73126],[-81.13576,41.73174],[-81.13754,41.73021],[-81.13745,41.72805],[-81.13523,41.72759],[-81.13922,41.7203],[-81.14346,41.72022],[-81.14567,41.71963],[-81.16686,41.71952],[-81.17066,41.71723],[-81.17602,41.72058],[-81.17737,41.72447],[-81.17956,41.72591],[-81.18434,41.7258],[-81.18678,41.72651],[-81.18108,41.72917],[-81.18112,41.74494],[-81.18345,41.74414],[-81.18839,41.74524],[-81.19122,41.74495],[-81.19112,41.74735],[-81.18938,41.74845],[-81.18112,41.75007],[-81.18103,41.7663],[-81.18082,41.77282],[-81.18267,41.77206],[-81.19104,41.77233],[-81.19107,41.78337],[-81.18403,41.78672]]]}},{"type":"Feature","properties":{"zcta":"44084","d":44},"geometry":{"type":"Polygon","coordinates":[[[-80.99994,41.66636],[-80.99993,41.67053],[-80.98325,41.67119],[-80.9832,41.67578],[-80.9801,41.67611],[-80.97852,41.67752],[-80.97837,41.66842],[-80.97689,41.66974],[-80.97115,41.6691],[-80.96719,41.66975],[-80.96545,41.67155],[-80.96124,41.67036],[-80.9594,41.66844],[-80.95393,41.66859],[-80.95394,41.67814],[-80.94535,41.67833],[-80.94524,41.68256],[-80.94726,41.68263],[-80.94725,41.68522],[-80.94484,41.68524],[-80.94409,41.68668],[-80.94415,41.69411],[-80.938,41.69419],[-80.93883,41.69697],[-80.93762,41.69742],[-80.93946,41.69921],[-80.9434,41.69931],[-80.94366,41.70379],[-80.94532,41.70379],[-80.94526,41.70623],[-80.94938,41.70627],[-80.9518,41.70738],[-80.95305,41.70923],[-80.95253,41.71495],[-80.94652,41.71486],[-80.94653,41.72259],[-80.93407,41.7221],[-80.93402,41.72282],[-80.9295,41.72285],[-80.9229,41.72129],[-80.91609,41.72184],[-80.91565,41.72271],[-80.90972,41.72268],[-80.90962,41.72636],[-80.90686,41.7264],[-80.90694,41.72998],[-80.90276,41.73085],[-80.88403,41.7308],[-80.86873,41.73073],[-80.86954,41.73007],[-80.87162,41.72483],[-80.86987,41.72295],[-80.8663,41.72593],[-80.86462,41.72542],[-80.86438,41.72343],[-80.86828,41.71808],[-80.86809,41.7143],[-80.85276,41.71417],[-80.85189,41.71187],[-80.85361,41.69927],[-80.84631,41.69625],[-80.84032,41.69525],[-80.83586,41.69681],[-80.83586,41.67757],[-80.82838,41.6775],[-80.82732,41.67634],[-80.82732,41.67297],[-80.81631,41.67286],[-80.81633,41.66567],[-80.80982,41.66572],[-80.80978,41.65752],[-80.81296,41.65749],[-80.81472,41.65636],[-80.81465,41.65458],[-80.81633,41.65456],[-80.81607,41.64972],[-80.81036,41.64002],[-80.8189,41.63994],[-80.81747,41.63641],[-80.8127,41.63519],[-80.80974,41.63519],[-80.8098,41.61703],[-80.81563,41.61704],[-80.81956,41.61809],[-80.82028,41.62067],[-80.81793,41.61959],[-80.82042,41.62268],[-80.82003,41.6257],[-80.82315,41.62574],[-80.82721,41.63617],[-80.82621,41.63786],[-80.8281,41.63802],[-80.83019,41.64278],[-80.83325,41.6428],[-80.83214,41.64087],[-80.8346,41.6396],[-80.83459,41.63656],[-80.83592,41.63513],[-80.86514,41.63508],[-80.8695,41.63246],[-80.86953,41.63027],[-80.88482,41.63023],[-80.88472,41.62035],[-80.89093,41.6203],[-80.89417,41.62084],[-80.89728,41.62434],[-80.89904,41.62746],[-80.90228,41.62539],[-80.90234,41.62411],[-80.90579,41.62256],[-80.90645,41.61942],[-80.9083,41.62095],[-80.91408,41.6211],[-80.91715,41.62043],[-80.92349,41.62124],[-80.92358,41.6308],[-80.92624,41.63086],[-80.92624,41.63308],[-80.91403,41.63306],[-80.914,41.6423],[-80.93533,41.64222],[-80.93468,41.65614],[-80.93551,41.65728],[-80.93808,41.65682],[-80.94406,41.65719],[-80.94505,41.65492],[-80.94816,41.6533],[-80.95015,41.6511],[-80.95099,41.64751],[-80.95633,41.6465],[-80.95974,41.64463],[-80.96516,41.64305],[-80.97129,41.643],[-80.97377,41.64208],[-80.97828,41.64209],[-80.97832,41.65205],[-80.98497,41.65203],[-80.98871,41.65029],[-80.98856,41.64867],[-80.9924,41.64711],[-80.99182,41.64619],[-80.99258,41.64203],[-81.00278,41.642],[-81.00309,41.66642],[-80.99994,41.66636]]]}},{"type":"Feature","properties":{"zcta":"44090","d":54},"geometry":{"type":"Polygon","coordinates":[[[-82.30423,41.23755],[-82.30311,41.23873],[-82.29856,41.23873],[-82.29839,41.24253],[-82.29398,41.24247],[-82.29403,41.24031],[-82.29223,41.2403],[-82.29229,41.23826],[-82.28938,41.23825],[-82.28952,41.23513],[-82.28666,41.23606],[-82.28491,41.23466],[-82.28202,41.23574],[-82.28139,41.23752],[-82.27483,41.23751],[-82.27484,41.23637],[-82.27215,41.23633],[-82.27228,41.23138],[-82.26823,41.23137],[-82.26816,41.23987],[-82.25795,41.23817],[-82.2562,41.23725],[-82.25611,41.25719],[-82.24722,41.2573],[-82.24448,41.2505],[-82.21782,41.25083],[-82.2185,41.23543],[-82.21378,41.23494],[-82.21385,41.23695],[-82.18033,41.2375],[-82.18051,41.23274],[-82.16932,41.23279],[-82.1686,41.23249],[-82.16891,41.20541],[-82.16869,41.20248],[-82.16225,41.20646],[-82.16091,41.20367],[-82.1621,41.2024],[-82.15994,41.1998],[-82.15684,41.19979],[-82.15515,41.19785],[-82.14921,41.19783],[-82.14919,41.19622],[-82.14235,41.19643],[-82.14233,41.19977],[-82.13959,41.19977],[-82.13966,41.1913],[-82.13477,41.19327],[-82.12437,41.19276],[-82.12087,41.19419],[-82.12034,41.19978],[-82.09872,41.19982],[-82.09806,41.19982],[-82.10086,41.19299],[-82.09458,41.19267],[-82.09571,41.1918],[-82.0951,41.18908],[-82.0928,41.18799],[-82.09305,41.18341],[-82.09495,41.18127],[-82.09378,41.17939],[-82.09431,41.17659],[-82.08918,41.17519],[-82.08514,41.17508],[-82.08522,41.16952],[-82.0835,41.16824],[-82.07335,41.16812],[-82.07337,41.16472],[-82.07614,41.16363],[-82.07768,41.16192],[-82.07768,41.15851],[-82.07995,41.15631],[-82.0823,41.1554],[-82.08538,41.15687],[-82.08948,41.15712],[-82.08964,41.15192],[-82.09773,41.15198],[-82.09779,41.14876],[-82.10037,41.15056],[-82.10493,41.15118],[-82.10885,41.15414],[-82.11947,41.15422],[-82.11778,41.15276],[-82.11574,41.14754],[-82.11434,41.14681],[-82.11666,41.14561],[-82.11646,41.14419],[-82.11276,41.14396],[-82.1136,41.14271],[-82.11534,41.14362],[-82.11578,41.14216],[-82.11353,41.1414],[-82.11246,41.14078],[-82.11633,41.1402],[-82.11657,41.13669],[-82.12277,41.13674],[-82.12275,41.13222],[-82.12683,41.13183],[-82.12798,41.13285],[-82.13011,41.13159],[-82.13626,41.13145],[-82.13949,41.12982],[-82.14468,41.12955],[-82.16083,41.13],[-82.16111,41.13226],[-82.16483,41.13086],[-82.1675,41.12833],[-82.17005,41.12978],[-82.17069,41.10017],[-82.18078,41.10022],[-82.18085,41.09787],[-82.20087,41.09297],[-82.21181,41.09029],[-82.22066,41.08897],[-82.22079,41.08477],[-82.24218,41.08522],[-82.24413,41.0866],[-82.24489,41.09258],[-82.24886,41.09268],[-82.24904,41.08861],[-82.25769,41.08876],[-82.2588,41.08561],[-82.26222,41.08914],[-82.26408,41.08928],[-82.26458,41.08568],[-82.27004,41.08576],[-82.27005,41.08513],[-82.2793,41.0857],[-82.27942,41.07928],[-82.28723,41.07907],[-82.28701,41.08618],[-82.2969,41.08679],[-82.29704,41.10316],[-82.30379,41.10324],[-82.30352,41.1156],[-82.32839,41.11579],[-82.32545,41.11701],[-82.3259,41.11911],[-82.32444,41.12241],[-82.3258,41.12453],[-82.32343,41.1259],[-82.32296,41.12957],[-82.33036,41.12963],[-82.32832,41.13063],[-82.32473,41.12997],[-82.32006,41.13093],[-82.32067,41.13249],[-82.31744,41.13397],[-82.31949,41.13806],[-82.31793,41.13808],[-82.31934,41.14032],[-82.32219,41.14216],[-82.32499,41.1418],[-82.324,41.14395],[-82.32505,41.14491],[-82.32078,41.14392],[-82.32132,41.1456],[-82.32342,41.1453],[-82.32457,41.14817],[-82.32324,41.14861],[-82.32327,41.15391],[-82.32631,41.15398],[-82.32605,41.16105],[-82.32975,41.16112],[-82.32919,41.16871],[-82.33093,41.16876],[-82.33249,41.17203],[-82.33625,41.17238],[-82.34109,41.17383],[-82.34128,41.18795],[-82.34063,41.19723],[-82.33486,41.19733],[-82.33444,41.19048],[-82.32951,41.1905],[-82.3291,41.2099],[-82.33321,41.2099],[-82.33357,41.21469],[-82.33584,41.21468],[-82.33606,41.21924],[-82.33087,41.2198],[-82.32636,41.22176],[-82.3258,41.22586],[-82.3289,41.22879],[-82.32712,41.23174],[-82.32177,41.23532],[-82.32071,41.23761],[-82.30423,41.23755]]]}},{"type":"Feature","properties":{"zcta":"44054","d":538},"geometry":{"type":"Polygon","coordinates":[[[-82.11954,41.48853],[-82.06657,41.50157],[-82.06686,41.49351],[-82.06697,41.47866],[-82.06707,41.45915],[-82.06752,41.45386],[-82.06751,41.44009],[-82.06787,41.43003],[-82.07696,41.42629],[-82.08887,41.42261],[-82.09746,41.42086],[-82.09702,41.42206],[-82.10105,41.42755],[-82.10145,41.43001],[-82.10047,41.43328],[-82.09899,41.43388],[-82.09854,41.43612],[-82.10145,41.43757],[-82.10576,41.43802],[-82.10266,41.44072],[-82.1032,41.44261],[-82.10772,41.44378],[-82.10812,41.44715],[-82.10896,41.44961],[-82.11293,41.45383],[-82.11362,41.45789],[-82.12001,41.45861],[-82.12316,41.46098],[-82.12651,41.46106],[-82.129,41.45812],[-82.13162,41.45744],[-82.13065,41.47758],[-82.13108,41.47861],[-82.1307,41.48525],[-82.11954,41.48853]]]}},{"type":"Feature","properties":{"zcta":"44055","d":1269},"geometry":{"type":"Polygon","coordinates":[[[-82.10772,41.44378],[-82.1032,41.44261],[-82.10266,41.44072],[-82.10576,41.43802],[-82.10145,41.43757],[-82.09854,41.43612],[-82.09899,41.43388],[-82.10047,41.43328],[-82.10145,41.43001],[-82.10105,41.42755],[-82.09702,41.42206],[-82.09746,41.42086],[-82.10389,41.42043],[-82.11754,41.41882],[-82.12751,41.41822],[-82.16071,41.41817],[-82.16134,41.41817],[-82.16199,41.42467],[-82.15954,41.42484],[-82.15888,41.42197],[-82.15781,41.42483],[-82.15888,41.43173],[-82.16175,41.43259],[-82.16068,41.43733],[-82.16909,41.43719],[-82.17147,41.4375],[-82.17203,41.44628],[-82.16806,41.44672],[-82.16426,41.44505],[-82.164,41.45018],[-82.16167,41.44948],[-82.16163,41.45155],[-82.15599,41.44651],[-82.15432,41.44625],[-82.13478,41.44643],[-82.1324,41.44678],[-82.10812,41.44715],[-82.10772,41.44378]]]}},{"type":"Feature","properties":{"zcta":"44030","d":109},"geometry":{"type":"Polygon","coordinates":[[[-80.71134,41.92187],[-80.70149,41.92597],[-80.69843,41.9257],[-80.68829,41.92875],[-80.6831,41.93095],[-80.67727,41.93168],[-80.66791,41.93462],[-80.65397,41.94055],[-80.64982,41.94052],[-80.64661,41.94207],[-80.64042,41.94263],[-80.63864,41.9423],[-80.6306,41.94362],[-80.61253,41.94873],[-80.59511,41.95443],[-80.58148,41.9573],[-80.57307,41.96051],[-80.55945,41.96529],[-80.55189,41.96926],[-80.5514,41.97152],[-80.5458,41.97083],[-80.53477,41.97281],[-80.52595,41.97521],[-80.52363,41.97527],[-80.51941,41.97716],[-80.5193,41.94399],[-80.51934,41.92917],[-80.51928,41.8241],[-80.53249,41.82396],[-80.53244,41.82135],[-80.53856,41.8211],[-80.53853,41.81897],[-80.55872,41.8189],[-80.55829,41.80446],[-80.56174,41.80586],[-80.56179,41.80861],[-80.56406,41.80854],[-80.5641,41.81164],[-80.56779,41.81265],[-80.56806,41.81453],[-80.57029,41.81454],[-80.57036,41.81688],[-80.57216,41.81685],[-80.57217,41.81891],[-80.57821,41.81886],[-80.57828,41.82141],[-80.58069,41.82138],[-80.58081,41.82599],[-80.5879,41.82593],[-80.58799,41.8293],[-80.59298,41.82925],[-80.59409,41.82588],[-80.59541,41.82899],[-80.59791,41.82902],[-80.59798,41.83107],[-80.60353,41.83112],[-80.60354,41.82728],[-80.61426,41.82714],[-80.61432,41.82926],[-80.61968,41.82953],[-80.62017,41.83338],[-80.6199,41.84095],[-80.61373,41.84347],[-80.61553,41.8447],[-80.61307,41.85058],[-80.61526,41.85076],[-80.61421,41.85232],[-80.61868,41.8522],[-80.6219,41.85127],[-80.62169,41.85262],[-80.62414,41.85273],[-80.62537,41.85401],[-80.62558,41.86312],[-80.61759,41.86306],[-80.61764,41.86679],[-80.60702,41.8666],[-80.60707,41.87797],[-80.6111,41.87804],[-80.61166,41.88449],[-80.61741,41.88475],[-80.61883,41.88429],[-80.62146,41.8872],[-80.61963,41.89795],[-80.62317,41.9],[-80.62621,41.89877],[-80.62629,41.90443],[-80.62985,41.9045],[-80.63111,41.90628],[-80.63337,41.90686],[-80.635,41.90462],[-80.63904,41.90125],[-80.64164,41.90633],[-80.64406,41.90823],[-80.64804,41.90915],[-80.64807,41.90995],[-80.65319,41.9081],[-80.66655,41.90057],[-80.66657,41.90306],[-80.66654,41.90696],[-80.6742,41.90686],[-80.67565,41.90756],[-80.67678,41.91297],[-80.69055,41.90597],[-80.69208,41.90957],[-80.69447,41.90918],[-80.7028,41.9093],[-80.70574,41.90899],[-80.70559,41.91098],[-80.70847,41.91316],[-80.70832,41.91616],[-80.71095,41.91817],[-80.71294,41.92202],[-80.71134,41.92187]]]}},{"type":"Feature","properties":{"zcta":"44032","d":17},"geometry":{"type":"Polygon","coordinates":[[[-80.62185,41.71625],[-80.61868,41.71407],[-80.61476,41.71414],[-80.61307,41.71071],[-80.60858,41.71074],[-80.60546,41.70747],[-80.60153,41.70587],[-80.59512,41.70541],[-80.59105,41.70068],[-80.586,41.6971],[-80.61343,41.697],[-80.61301,41.69272],[-80.61483,41.68038],[-80.61209,41.68035],[-80.61189,41.67326],[-80.61055,41.67155],[-80.60726,41.67156],[-80.60712,41.66872],[-80.60181,41.66869],[-80.60192,41.6649],[-80.60043,41.6629],[-80.61165,41.66278],[-80.61164,41.65414],[-80.61404,41.65419],[-80.60651,41.64623],[-80.61575,41.64426],[-80.61608,41.64775],[-80.62437,41.65212],[-80.62443,41.64375],[-80.64713,41.64378],[-80.63947,41.63243],[-80.63789,41.62902],[-80.63648,41.62197],[-80.63651,41.61841],[-80.63752,41.60692],[-80.66647,41.60693],[-80.66665,41.62333],[-80.67815,41.62327],[-80.67917,41.6161],[-80.69538,41.60689],[-80.71484,41.60685],[-80.72187,41.60596],[-80.72181,41.62393],[-80.7321,41.62391],[-80.73237,41.62479],[-80.7489,41.62551],[-80.74908,41.64341],[-80.75659,41.64339],[-80.75659,41.64795],[-80.75142,41.648],[-80.75152,41.67027],[-80.74196,41.6705],[-80.74192,41.66816],[-80.73188,41.66818],[-80.73182,41.66318],[-80.72197,41.66318],[-80.7218,41.65078],[-80.71331,41.6508],[-80.71342,41.6805],[-80.68376,41.68043],[-80.68069,41.6786],[-80.68048,41.68077],[-80.67854,41.68324],[-80.68321,41.68718],[-80.68468,41.69004],[-80.68617,41.69034],[-80.68996,41.68734],[-80.69022,41.69142],[-80.69156,41.69642],[-80.69267,41.69733],[-80.69133,41.7002],[-80.69313,41.70384],[-80.69228,41.70647],[-80.68993,41.70835],[-80.69237,41.71203],[-80.68993,41.71288],[-80.6862,41.71226],[-80.68521,41.71385],[-80.68495,41.72043],[-80.67818,41.7177],[-80.67561,41.7175],[-80.66828,41.72015],[-80.66574,41.72219],[-80.65585,41.72571],[-80.65114,41.72813],[-80.64824,41.73028],[-80.64431,41.73031],[-80.64535,41.734],[-80.64212,41.73792],[-80.63672,41.74127],[-80.62817,41.74492],[-80.62254,41.74851],[-80.62185,41.71625]]]}},{"type":"Feature","properties":{"zcta":"44039","d":829},"geometry":{"type":"Polygon","coordinates":[[[-82.04209,41.41879],[-81.96996,41.41891],[-81.97026,41.41105],[-81.97046,41.38675],[-81.97096,41.37252],[-81.97126,41.35127],[-81.9833,41.35154],[-81.99049,41.35137],[-82.02053,41.35168],[-82.02464,41.34866],[-82.03281,41.34596],[-82.03762,41.34263],[-82.04192,41.3413],[-82.04521,41.33914],[-82.04721,41.33944],[-82.04849,41.33815],[-82.05437,41.33763],[-82.05567,41.33572],[-82.06171,41.33302],[-82.06317,41.3338],[-82.06389,41.332],[-82.06236,41.33065],[-82.0636,41.32949],[-82.06585,41.33056],[-82.06592,41.32909],[-82.06873,41.32677],[-82.06648,41.32977],[-82.06644,41.33281],[-82.05501,41.34012],[-82.05051,41.34241],[-82.03954,41.34652],[-82.02859,41.35156],[-82.03627,41.35165],[-82.04099,41.34968],[-82.04401,41.34904],[-82.04312,41.35166],[-82.0567,41.35154],[-82.06284,41.35185],[-82.06897,41.35166],[-82.06838,41.37741],[-82.06867,41.38191],[-82.06776,41.41865],[-82.04209,41.41879]]]}},{"type":"Feature","properties":{"zcta":"44048","d":36},"geometry":{"type":"Polygon","coordinates":[[[-80.66657,41.90306],[-80.66655,41.90057],[-80.65319,41.9081],[-80.64807,41.90995],[-80.64804,41.90915],[-80.64406,41.90823],[-80.64164,41.90633],[-80.63904,41.90125],[-80.635,41.90462],[-80.63337,41.90686],[-80.63111,41.90628],[-80.62985,41.9045],[-80.62629,41.90443],[-80.62621,41.89877],[-80.62317,41.9],[-80.61963,41.89795],[-80.62146,41.8872],[-80.61883,41.88429],[-80.61741,41.88475],[-80.61166,41.88449],[-80.6111,41.87804],[-80.60707,41.87797],[-80.60702,41.8666],[-80.61764,41.86679],[-80.61759,41.86306],[-80.62558,41.86312],[-80.62537,41.85401],[-80.62414,41.85273],[-80.62169,41.85262],[-80.6219,41.85127],[-80.61868,41.8522],[-80.61421,41.85232],[-80.61526,41.85076],[-80.61307,41.85058],[-80.61553,41.8447],[-80.61373,41.84347],[-80.6199,41.84095],[-80.62017,41.83338],[-80.61968,41.82953],[-80.61432,41.82926],[-80.61426,41.82714],[-80.60354,41.82728],[-80.60353,41.83112],[-80.59798,41.83107],[-80.59791,41.82902],[-80.59541,41.82899],[-80.59409,41.82588],[-80.59413,41.81932],[-80.59762,41.81936],[-80.59752,41.80717],[-80.5955,41.80488],[-80.59654,41.80298],[-80.59471,41.80172],[-80.59532,41.80035],[-80.59258,41.79488],[-80.59211,41.79028],[-80.59503,41.79026],[-80.59491,41.78178],[-80.61782,41.78171],[-80.62344,41.7817],[-80.6237,41.79008],[-80.66119,41.78932],[-80.66122,41.79289],[-80.66245,41.79288],[-80.6689,41.79593],[-80.65316,41.79598],[-80.65353,41.80604],[-80.66344,41.80613],[-80.66361,41.81044],[-80.66799,41.81054],[-80.66591,41.81303],[-80.67367,41.81339],[-80.67394,41.82154],[-80.66689,41.82242],[-80.66688,41.82393],[-80.66418,41.82496],[-80.66422,41.82636],[-80.66682,41.82639],[-80.66686,41.8295],[-80.67405,41.82954],[-80.6742,41.83591],[-80.66949,41.8359],[-80.6695,41.83948],[-80.66709,41.83963],[-80.66621,41.8447],[-80.66475,41.84471],[-80.66608,41.84942],[-80.66624,41.86353],[-80.70894,41.86385],[-80.70741,41.86615],[-80.70977,41.86812],[-80.71029,41.87013],[-80.70643,41.87253],[-80.70848,41.87459],[-80.71313,41.8741],[-80.7121,41.87607],[-80.70599,41.87514],[-80.69809,41.87499],[-80.70086,41.87651],[-80.70086,41.88457],[-80.69644,41.88488],[-80.69734,41.88617],[-80.6974,41.89125],[-80.68045,41.89776],[-80.66959,41.90309],[-80.66657,41.90306]]]}},{"type":"Feature","properties":{"zcta":"44049","d":0},"geometry":{"type":"Polygon","coordinates":[[[-82.31017,41.27147],[-82.30294,41.27144],[-82.30411,41.26975],[-82.30205,41.27],[-82.30052,41.26698],[-82.29746,41.26594],[-82.29829,41.26406],[-82.30092,41.26407],[-82.30264,41.26132],[-82.31016,41.26131],[-82.31105,41.26717],[-82.31017,41.27147]]]}},{"type":"Feature","properties":{"zcta":"44050","d":136},"geometry":{"type":"Polygon","coordinates":[[[-82.17298,41.23753],[-82.17301,41.24008],[-82.16743,41.24038],[-82.16722,41.24575],[-82.16732,41.26312],[-82.16692,41.27465],[-82.15744,41.27466],[-82.15127,41.27883],[-82.15083,41.28145],[-82.14921,41.28427],[-82.15076,41.28502],[-82.14959,41.28842],[-82.15288,41.28578],[-82.15516,41.28543],[-82.15531,41.2871],[-82.15794,41.2868],[-82.15866,41.28804],[-82.15724,41.29017],[-82.15761,41.2927],[-82.1554,41.29327],[-82.15527,41.29197],[-82.15193,41.29168],[-82.15047,41.28985],[-82.14723,41.28905],[-82.14835,41.29378],[-82.14787,41.29652],[-82.14603,41.29762],[-82.14929,41.30081],[-82.14582,41.30019],[-82.14603,41.30202],[-82.14433,41.30327],[-82.14128,41.30323],[-82.14188,41.30731],[-82.13854,41.30701],[-82.13647,41.3036],[-82.13428,41.30409],[-82.13064,41.30803],[-82.13295,41.3116],[-82.12433,41.31528],[-82.121,41.31518],[-82.11981,41.31421],[-82.10815,41.31819],[-82.10833,41.30288],[-82.107,41.30285],[-82.10584,41.3003],[-82.10835,41.3003],[-82.10853,41.28508],[-82.10998,41.28509],[-82.1102,41.27682],[-82.10064,41.27684],[-82.09937,41.27474],[-82.09946,41.26733],[-82.09647,41.26385],[-82.09263,41.26389],[-82.09263,41.26167],[-82.09102,41.26169],[-82.09111,41.24482],[-82.0884,41.24481],[-82.08836,41.23733],[-82.09062,41.23733],[-82.09066,41.23364],[-82.09835,41.23357],[-82.09836,41.23558],[-82.10071,41.23562],[-82.10075,41.22459],[-82.0941,41.22458],[-82.09394,41.22221],[-82.09178,41.2222],[-82.09236,41.22026],[-82.09739,41.22013],[-82.0975,41.21668],[-82.10079,41.21701],[-82.10073,41.20709],[-82.10013,41.20152],[-82.09872,41.19982],[-82.12034,41.19978],[-82.12087,41.19419],[-82.12437,41.19276],[-82.13477,41.19327],[-82.13966,41.1913],[-82.13959,41.19977],[-82.14233,41.19977],[-82.14235,41.19643],[-82.14919,41.19622],[-82.14921,41.19783],[-82.15515,41.19785],[-82.15684,41.19979],[-82.15994,41.1998],[-82.1621,41.2024],[-82.16091,41.20367],[-82.16225,41.20646],[-82.16869,41.20248],[-82.16891,41.20541],[-82.1686,41.23249],[-82.16932,41.23279],[-82.18051,41.23274],[-82.18033,41.2375],[-82.17298,41.23753]]]}},{"type":"Feature","properties":{"zcta":"44047","d":42},"geometry":{"type":"Polygon","coordinates":[[[-80.85133,41.71648],[-80.8484,41.71678],[-80.84523,41.71845],[-80.84119,41.71813],[-80.83844,41.7204],[-80.83559,41.72057],[-80.83551,41.72327],[-80.83359,41.72333],[-80.8339,41.73727],[-80.81947,41.73724],[-80.81941,41.74076],[-80.81729,41.74221],[-80.81374,41.74191],[-80.80997,41.74275],[-80.80986,41.7623],[-80.81172,41.76221],[-80.81296,41.76379],[-80.8129,41.77697],[-80.81248,41.78062],[-80.80965,41.78173],[-80.80956,41.78903],[-80.83383,41.78893],[-80.83255,41.79049],[-80.82334,41.79328],[-80.81839,41.79639],[-80.81604,41.79871],[-80.80562,41.80159],[-80.80148,41.80384],[-80.77284,41.80382],[-80.77037,41.80577],[-80.76867,41.80472],[-80.77758,41.79641],[-80.76408,41.7964],[-80.76377,41.80223],[-80.76303,41.80354],[-80.75778,41.8084],[-80.75353,41.80425],[-80.74873,41.80062],[-80.74857,41.8146],[-80.74779,41.81174],[-80.74446,41.80748],[-80.73633,41.80644],[-80.7363,41.81278],[-80.71319,41.81259],[-80.7053,41.81238],[-80.70529,41.82296],[-80.70157,41.82298],[-80.69822,41.82385],[-80.69807,41.83373],[-80.6954,41.83373],[-80.69534,41.82986],[-80.68847,41.82982],[-80.68848,41.83252],[-80.68385,41.83255],[-80.68364,41.82512],[-80.66418,41.82496],[-80.66688,41.82393],[-80.66689,41.82242],[-80.67394,41.82154],[-80.67367,41.81339],[-80.66591,41.81303],[-80.66799,41.81054],[-80.66361,41.81044],[-80.66344,41.80613],[-80.65353,41.80604],[-80.65316,41.79598],[-80.6689,41.79593],[-80.66245,41.79288],[-80.66122,41.79289],[-80.66119,41.78932],[-80.6237,41.79008],[-80.62344,41.7817],[-80.61782,41.78171],[-80.6189,41.78005],[-80.61731,41.77756],[-80.61728,41.77476],[-80.61462,41.77385],[-80.61468,41.7712],[-80.61064,41.77024],[-80.61223,41.76955],[-80.61006,41.7669],[-80.61137,41.76573],[-80.60839,41.76484],[-80.61636,41.76482],[-80.61592,41.76369],[-80.61873,41.76312],[-80.61879,41.75992],[-80.61986,41.7588],[-80.61949,41.75333],[-80.62262,41.75221],[-80.62254,41.74851],[-80.62817,41.74492],[-80.63672,41.74127],[-80.64212,41.73792],[-80.64535,41.734],[-80.64431,41.73031],[-80.64824,41.73028],[-80.65114,41.72813],[-80.65585,41.72571],[-80.66574,41.72219],[-80.66828,41.72015],[-80.67561,41.7175],[-80.67818,41.7177],[-80.68495,41.72043],[-80.68521,41.71385],[-80.6862,41.71226],[-80.68993,41.71288],[-80.69237,41.71203],[-80.68993,41.70835],[-80.69228,41.70647],[-80.69313,41.70384],[-80.69133,41.7002],[-80.69267,41.69733],[-80.69156,41.69642],[-80.69022,41.69142],[-80.68996,41.68734],[-80.68617,41.69034],[-80.68468,41.69004],[-80.68321,41.68718],[-80.67854,41.68324],[-80.68048,41.68077],[-80.68069,41.6786],[-80.68376,41.68043],[-80.71342,41.6805],[-80.71331,41.6508],[-80.7218,41.65078],[-80.72197,41.66318],[-80.73182,41.66318],[-80.73188,41.66818],[-80.74192,41.66816],[-80.74196,41.6705],[-80.75152,41.67027],[-80.75142,41.648],[-80.75659,41.64795],[-80.75659,41.64339],[-80.74908,41.64341],[-80.7489,41.62551],[-80.73237,41.62479],[-80.7321,41.62391],[-80.72181,41.62393],[-80.72187,41.60596],[-80.71484,41.60685],[-80.69538,41.60689],[-80.68515,41.60691],[-80.68495,41.57122],[-80.71322,41.57126],[-80.71926,41.57114],[-80.71932,41.58661],[-80.72134,41.58584],[-80.72838,41.58698],[-80.73353,41.58663],[-80.73749,41.58556],[-80.74027,41.58659],[-80.74274,41.58382],[-80.75011,41.57973],[-80.75801,41.5787],[-80.7697,41.58308],[-80.75521,41.58733],[-80.75495,41.58784],[-80.76306,41.5867],[-80.76301,41.59601],[-80.7803,41.59581],[-80.78032,41.61684],[-80.79627,41.61692],[-80.79643,41.63677],[-80.78596,41.63684],[-80.78634,41.64321],[-80.79866,41.64308],[-80.79895,41.65477],[-80.80974,41.65463],[-80.80978,41.65752],[-80.80982,41.66572],[-80.81633,41.66567],[-80.81631,41.67286],[-80.82732,41.67297],[-80.82732,41.67634],[-80.82838,41.6775],[-80.83586,41.67757],[-80.83586,41.69681],[-80.84032,41.69525],[-80.84631,41.69625],[-80.85361,41.69927],[-80.85189,41.71187],[-80.85276,41.71417],[-80.85133,41.71648]]]}},{"type":"Feature","properties":{"zcta":"44024","d":135},"geometry":{"type":"Polygon","coordinates":[[[-81.29524,41.59618],[-81.29055,41.5999],[-81.29148,41.60197],[-81.29084,41.60497],[-81.29203,41.60627],[-81.28687,41.6081],[-81.28599,41.61162],[-81.28247,41.61689],[-81.28033,41.61805],[-81.27936,41.62159],[-81.27687,41.62058],[-81.27507,41.62244],[-81.27363,41.62102],[-81.26727,41.62797],[-81.26204,41.62933],[-81.26258,41.63131],[-81.26236,41.64107],[-81.21745,41.64114],[-81.19818,41.64126],[-81.19304,41.64957],[-81.18752,41.64988],[-81.18495,41.65195],[-81.18755,41.65261],[-81.18484,41.65409],[-81.18454,41.65841],[-81.18279,41.66217],[-81.18012,41.66163],[-81.17808,41.65977],[-81.17471,41.65851],[-81.17491,41.64135],[-81.14625,41.6414],[-81.14625,41.64236],[-81.14206,41.64269],[-81.142,41.64948],[-81.14081,41.65038],[-81.135,41.6504],[-81.13393,41.64655],[-81.13408,41.64366],[-81.13271,41.64366],[-81.13263,41.64142],[-81.12063,41.64142],[-81.12457,41.64297],[-81.12313,41.64426],[-81.1227,41.64814],[-81.12118,41.64897],[-81.12065,41.65134],[-81.1216,41.65541],[-81.11975,41.65604],[-81.12005,41.65851],[-81.11267,41.65817],[-81.11265,41.6473],[-81.1015,41.64736],[-81.10142,41.64146],[-81.09862,41.64146],[-81.09867,41.64508],[-81.09327,41.64523],[-81.09323,41.64671],[-81.08811,41.64901],[-81.08667,41.64833],[-81.08196,41.6515],[-81.08013,41.64978],[-81.07829,41.6498],[-81.07816,41.64818],[-81.08161,41.64815],[-81.07881,41.64156],[-81.0837,41.6415],[-81.08361,41.63518],[-81.09167,41.63531],[-81.09172,41.63425],[-81.10132,41.63421],[-81.10113,41.62414],[-81.09334,41.624],[-81.09278,41.62154],[-81.09747,41.61984],[-81.09915,41.61765],[-81.09856,41.61447],[-81.09691,41.6122],[-81.09874,41.60865],[-81.10094,41.60889],[-81.1009,41.60638],[-81.0961,41.60645],[-81.09584,41.60053],[-81.09073,41.60054],[-81.09064,41.59212],[-81.08976,41.58943],[-81.09241,41.58517],[-81.09405,41.58099],[-81.09258,41.58023],[-81.09234,41.57773],[-81.09347,41.5738],[-81.092,41.57159],[-81.09013,41.56943],[-81.0897,41.56734],[-81.09108,41.56616],[-81.09208,41.5628],[-81.09719,41.56253],[-81.09712,41.5533],[-81.09513,41.55328],[-81.09449,41.54549],[-81.10034,41.54537],[-81.1002,41.53462],[-81.11788,41.53222],[-81.14415,41.53213],[-81.14413,41.52009],[-81.14326,41.5201],[-81.14244,41.51746],[-81.14002,41.51744],[-81.13997,41.51601],[-81.13747,41.51602],[-81.13744,41.51464],[-81.1397,41.51384],[-81.13969,41.51222],[-81.14411,41.51221],[-81.1441,41.50357],[-81.14508,41.50092],[-81.18143,41.50058],[-81.18147,41.49697],[-81.18411,41.49601],[-81.18993,41.49562],[-81.19362,41.4954],[-81.19789,41.49754],[-81.21547,41.49753],[-81.21595,41.49459],[-81.21722,41.4949],[-81.21725,41.48778],[-81.22586,41.48774],[-81.22615,41.49045],[-81.23501,41.49035],[-81.23502,41.49818],[-81.24073,41.49985],[-81.24374,41.49996],[-81.24307,41.50207],[-81.24464,41.50322],[-81.25233,41.50609],[-81.25238,41.52148],[-81.26457,41.5212],[-81.26146,41.52212],[-81.26079,41.52545],[-81.259,41.52691],[-81.2601,41.52764],[-81.27498,41.52766],[-81.27593,41.53425],[-81.28015,41.5343],[-81.28038,41.53618],[-81.28603,41.53874],[-81.28631,41.54582],[-81.29644,41.54576],[-81.29632,41.54719],[-81.29243,41.54818],[-81.29249,41.54963],[-81.29033,41.55394],[-81.28654,41.55627],[-81.2961,41.55646],[-81.29588,41.56995],[-81.29524,41.59618]]]}},{"type":"Feature","properties":{"zcta":"44122","d":1281},"geometry":{"type":"Polygon","coordinates":[[[-81.5516,41.48145],[-81.55019,41.48316],[-81.54002,41.48363],[-81.5386,41.48471],[-81.53623,41.48383],[-81.53626,41.4859],[-81.51856,41.48581],[-81.51705,41.48635],[-81.51962,41.48914],[-81.51779,41.48914],[-81.51705,41.49226],[-81.51702,41.49801],[-81.51804,41.50196],[-81.51274,41.50193],[-81.51269,41.51072],[-81.51153,41.51073],[-81.51136,41.51948],[-81.50849,41.51867],[-81.50934,41.51676],[-81.50603,41.51481],[-81.50526,41.5121],[-81.50311,41.51044],[-81.50437,41.50895],[-81.50433,41.50658],[-81.50717,41.5069],[-81.50722,41.50134],[-81.48054,41.50121],[-81.48503,41.49587],[-81.48632,41.49185],[-81.48649,41.4863],[-81.48726,41.47933],[-81.49036,41.46393],[-81.48406,41.4637],[-81.47861,41.46445],[-81.47746,41.46641],[-81.47745,41.4637],[-81.469,41.46341],[-81.46646,41.46235],[-81.46634,41.4595],[-81.46332,41.4595],[-81.46336,41.4559],[-81.46344,41.44894],[-81.46523,41.44896],[-81.46576,41.44656],[-81.47304,41.44662],[-81.47307,41.44901],[-81.49149,41.44971],[-81.49421,41.4427],[-81.49784,41.43741],[-81.4979,41.44333],[-81.50187,41.44197],[-81.50397,41.44477],[-81.50366,41.44977],[-81.51699,41.45092],[-81.51701,41.44868],[-81.5215,41.44906],[-81.52753,41.44866],[-81.52825,41.44704],[-81.53156,41.44577],[-81.53551,41.44606],[-81.53609,41.44472],[-81.53848,41.44437],[-81.54002,41.44553],[-81.54566,41.44586],[-81.54567,41.44241],[-81.55182,41.4429],[-81.55064,41.44584],[-81.55064,41.44984],[-81.55206,41.45026],[-81.55252,41.45635],[-81.5509,41.4572],[-81.5555,41.45721],[-81.5561,41.45814],[-81.55486,41.46771],[-81.55627,41.46873],[-81.55595,41.47251],[-81.55317,41.47258],[-81.55003,41.47449],[-81.55036,41.48014],[-81.5516,41.48145]]]}},{"type":"Feature","properties":{"zcta":"44123","d":3350},"geometry":{"type":"Polygon","coordinates":[[[-81.5098,41.61275],[-81.50918,41.61275],[-81.50915,41.60703],[-81.51111,41.60695],[-81.51,41.60539],[-81.50973,41.59953],[-81.51032,41.59748],[-81.52022,41.59149],[-81.52674,41.58786],[-81.52737,41.59048],[-81.52881,41.59172],[-81.53522,41.59138],[-81.54022,41.59184],[-81.54034,41.60121],[-81.54314,41.60497],[-81.53495,41.61071],[-81.52972,41.61389],[-81.52427,41.61614],[-81.51893,41.61747],[-81.51537,41.61767],[-81.50955,41.62003],[-81.5098,41.61275]]]}},{"type":"Feature","properties":{"zcta":"44116","d":2390},"geometry":{"type":"Polygon","coordinates":[[[-81.87356,41.48305],[-81.86364,41.4827],[-81.85143,41.48561],[-81.83862,41.49018],[-81.83688,41.48988],[-81.8323,41.4864],[-81.83188,41.48237],[-81.83395,41.47871],[-81.83323,41.47705],[-81.82764,41.47771],[-81.8219,41.47714],[-81.82356,41.47485],[-81.82456,41.46815],[-81.83009,41.4681],[-81.83553,41.46962],[-81.83612,41.46739],[-81.83214,41.46465],[-81.83086,41.46065],[-81.83174,41.45759],[-81.84065,41.45773],[-81.84046,41.45394],[-81.84896,41.45396],[-81.84871,41.46167],[-81.8495,41.4628],[-81.85417,41.46126],[-81.85392,41.46066],[-81.85834,41.45873],[-81.8588,41.45674],[-81.85874,41.44973],[-81.87449,41.44994],[-81.87431,41.46336],[-81.87365,41.47687],[-81.87356,41.48305]]]}},{"type":"Feature","properties":{"zcta":"44095","d":1955},"geometry":{"type":"Polygon","coordinates":[[[-81.48131,41.63679],[-81.4798,41.63722],[-81.47712,41.63996],[-81.46838,41.6478],[-81.46718,41.64804],[-81.44782,41.66776],[-81.44222,41.67314],[-81.43912,41.67551],[-81.43612,41.67674],[-81.4342,41.679],[-81.42528,41.68286],[-81.41379,41.69057],[-81.40884,41.69442],[-81.4099,41.67922],[-81.40996,41.67404],[-81.40276,41.67416],[-81.40027,41.67323],[-81.4004,41.66951],[-81.40985,41.66974],[-81.40995,41.66721],[-81.40774,41.66719],[-81.40794,41.66557],[-81.41044,41.66397],[-81.41044,41.65716],[-81.41497,41.65413],[-81.418,41.65448],[-81.42017,41.65348],[-81.41787,41.65231],[-81.41851,41.64838],[-81.42975,41.64871],[-81.42982,41.64256],[-81.42597,41.64255],[-81.4258,41.6399],[-81.42092,41.64004],[-81.45269,41.62386],[-81.45347,41.62698],[-81.45859,41.62401],[-81.47727,41.62388],[-81.48874,41.62405],[-81.48864,41.63135],[-81.48131,41.63679]]]}},{"type":"Feature","properties":{"zcta":"44111","d":3116},"geometry":{"type":"Polygon","coordinates":[[[-81.81806,41.46815],[-81.81243,41.46746],[-81.8104,41.468],[-81.81036,41.46994],[-81.80474,41.47015],[-81.78974,41.46927],[-81.78856,41.46998],[-81.78341,41.47049],[-81.78141,41.46968],[-81.7774,41.47228],[-81.76881,41.47555],[-81.7688,41.474],[-81.76577,41.47534],[-81.76574,41.47039],[-81.75419,41.47043],[-81.75103,41.46943],[-81.75103,41.46773],[-81.75318,41.46704],[-81.75277,41.46571],[-81.75281,41.45581],[-81.75486,41.45538],[-81.7535,41.4521],[-81.75942,41.44844],[-81.76438,41.44462],[-81.7668,41.44659],[-81.76888,41.44528],[-81.77881,41.44531],[-81.78151,41.4446],[-81.78826,41.44014],[-81.79059,41.43949],[-81.78664,41.44203],[-81.78469,41.44539],[-81.79586,41.44564],[-81.79678,41.44427],[-81.80138,41.44416],[-81.80141,41.4462],[-81.80559,41.44117],[-81.80657,41.44113],[-81.80699,41.44598],[-81.8165,41.44486],[-81.81794,41.44624],[-81.81924,41.44491],[-81.82297,41.44487],[-81.82451,41.44305],[-81.82966,41.44314],[-81.83126,41.4452],[-81.83208,41.45205],[-81.83046,41.45237],[-81.82726,41.45027],[-81.82478,41.45157],[-81.82228,41.45503],[-81.81915,41.45693],[-81.82359,41.46218],[-81.82338,41.46391],[-81.81727,41.4647],[-81.81589,41.46626],[-81.81957,41.46694],[-81.82344,41.46513],[-81.83214,41.46465],[-81.83612,41.46739],[-81.83553,41.46962],[-81.83009,41.4681],[-81.82456,41.46815],[-81.81806,41.46815]]]}},{"type":"Feature","properties":{"zcta":"44112","d":1645},"geometry":{"type":"Polygon","coordinates":[[[-81.59824,41.53064],[-81.59607,41.53047],[-81.5941,41.52856],[-81.5912,41.52805],[-81.59143,41.53044],[-81.59148,41.54481],[-81.59115,41.54498],[-81.57534,41.54521],[-81.57295,41.54318],[-81.55678,41.55965],[-81.55366,41.56167],[-81.5521,41.56145],[-81.54779,41.55855],[-81.55012,41.55698],[-81.54857,41.55613],[-81.5486,41.55268],[-81.5505,41.55278],[-81.55272,41.55514],[-81.55501,41.55351],[-81.54982,41.55082],[-81.54989,41.54805],[-81.55306,41.54676],[-81.55597,41.54321],[-81.55569,41.53641],[-81.5558,41.52821],[-81.55786,41.52603],[-81.5653,41.52338],[-81.57657,41.52332],[-81.57897,41.52269],[-81.58473,41.52324],[-81.58624,41.52177],[-81.58401,41.51996],[-81.58559,41.51615],[-81.59122,41.51613],[-81.59123,41.5135],[-81.59324,41.51386],[-81.59536,41.51279],[-81.5989,41.514],[-81.5967,41.51613],[-81.59869,41.51794],[-81.60026,41.51767],[-81.60097,41.51994],[-81.59854,41.52015],[-81.59812,41.52364],[-81.59824,41.53064]]]}},{"type":"Feature","properties":{"zcta":"44114","d":1067},"geometry":{"type":"Polygon","coordinates":[[[-81.65194,41.52296],[-81.66467,41.51688],[-81.66329,41.51413],[-81.66395,41.51315],[-81.65989,41.51039],[-81.66141,41.50824],[-81.66102,41.50629],[-81.65854,41.50655],[-81.65833,41.50535],[-81.66219,41.50473],[-81.67025,41.50422],[-81.66989,41.50227],[-81.6746,41.50174],[-81.67497,41.50378],[-81.68039,41.50325],[-81.68745,41.50105],[-81.68632,41.49975],[-81.69119,41.49958],[-81.69216,41.4979],[-81.69516,41.50133],[-81.6939,41.502],[-81.69532,41.50361],[-81.69837,41.50207],[-81.69974,41.50367],[-81.70855,41.50023],[-81.70925,41.50114],[-81.69537,41.50987],[-81.69213,41.50932],[-81.69136,41.51058],[-81.69324,41.51439],[-81.68767,41.51692],[-81.68887,41.51818],[-81.66511,41.5316],[-81.6624,41.52884],[-81.66818,41.52542],[-81.66753,41.52271],[-81.6555,41.5288],[-81.65533,41.53079],[-81.65209,41.53244],[-81.65194,41.52296]]]}},{"type":"Feature","properties":{"zcta":"44094","d":519},"geometry":{"type":"Polygon","coordinates":[[[-81.42092,41.64004],[-81.4258,41.6399],[-81.42597,41.64255],[-81.42982,41.64256],[-81.42975,41.64871],[-81.41851,41.64838],[-81.41787,41.65231],[-81.42017,41.65348],[-81.418,41.65448],[-81.41497,41.65413],[-81.41044,41.65716],[-81.41044,41.66397],[-81.40794,41.66557],[-81.40774,41.66719],[-81.40995,41.66721],[-81.40985,41.66974],[-81.4004,41.66951],[-81.40027,41.67323],[-81.40276,41.67416],[-81.40996,41.67404],[-81.4099,41.67922],[-81.40884,41.69442],[-81.40682,41.69487],[-81.39687,41.70195],[-81.3958,41.70195],[-81.38863,41.70717],[-81.389,41.69891],[-81.38997,41.66948],[-81.39067,41.66597],[-81.39095,41.64882],[-81.38893,41.6493],[-81.38876,41.64684],[-81.38062,41.65096],[-81.38094,41.64153],[-81.37487,41.64134],[-81.37213,41.64037],[-81.36227,41.64081],[-81.35393,41.64042],[-81.35568,41.63806],[-81.35681,41.63363],[-81.35997,41.63173],[-81.35948,41.63044],[-81.3542,41.6323],[-81.34953,41.63289],[-81.34903,41.62975],[-81.34655,41.62818],[-81.32495,41.62817],[-81.32454,41.61858],[-81.3226,41.61826],[-81.32097,41.62049],[-81.31492,41.61982],[-81.30913,41.61989],[-81.30868,41.61545],[-81.29063,41.61542],[-81.28466,41.61464],[-81.28247,41.61689],[-81.28599,41.61162],[-81.28687,41.6081],[-81.29203,41.60627],[-81.29084,41.60497],[-81.29148,41.60197],[-81.29055,41.5999],[-81.29524,41.59618],[-81.29588,41.56995],[-81.34884,41.57014],[-81.39101,41.56972],[-81.41994,41.56995],[-81.44089,41.56988],[-81.44093,41.57328],[-81.44497,41.57307],[-81.445,41.56992],[-81.44765,41.56996],[-81.44816,41.57263],[-81.4502,41.57528],[-81.45302,41.57534],[-81.45306,41.57917],[-81.459,41.57904],[-81.45899,41.59068],[-81.45545,41.59088],[-81.44921,41.59249],[-81.44763,41.59356],[-81.44466,41.59747],[-81.44484,41.60425],[-81.44608,41.60589],[-81.44604,41.61493],[-81.44904,41.61491],[-81.44893,41.62072],[-81.45133,41.62122],[-81.45269,41.62386],[-81.42092,41.64004]]]}},{"type":"Feature","properties":{"zcta":"44099","d":45},"geometry":{"type":"Polygon","coordinates":[[[-81.03047,41.53499],[-81.03036,41.53817],[-81.02699,41.53825],[-81.02702,41.5454],[-81.02987,41.5454],[-81.03001,41.54885],[-81.02331,41.54893],[-81.0228,41.5515],[-81.02013,41.55435],[-81.02132,41.55583],[-81.01968,41.5609],[-81.01799,41.56226],[-81.00419,41.56262],[-81.00279,41.56353],[-81.00284,41.57134],[-81.00289,41.59209],[-80.99229,41.59211],[-80.99229,41.59411],[-80.98835,41.59412],[-80.98829,41.59647],[-80.97284,41.59669],[-80.97285,41.5921],[-80.95322,41.5921],[-80.95321,41.60014],[-80.94642,41.59767],[-80.94582,41.59572],[-80.94725,41.59204],[-80.94636,41.58868],[-80.94158,41.58815],[-80.93783,41.58868],[-80.93573,41.58605],[-80.93731,41.58389],[-80.9339,41.58307],[-80.93399,41.58106],[-80.931,41.57955],[-80.92707,41.58047],[-80.92369,41.57914],[-80.95324,41.57847],[-80.95325,41.57131],[-80.93384,41.57128],[-80.93405,41.54814],[-80.93155,41.54798],[-80.93162,41.54608],[-80.92461,41.54606],[-80.92474,41.53734],[-80.93293,41.53728],[-80.93195,41.53388],[-80.92477,41.53381],[-80.92559,41.5121],[-80.92682,41.51205],[-80.92148,41.50843],[-80.92748,41.50846],[-80.93911,41.50853],[-80.93513,41.51534],[-80.94075,41.51796],[-80.94109,41.52047],[-80.94395,41.52194],[-80.94788,41.52262],[-80.95107,41.52235],[-80.95808,41.5242],[-80.95984,41.52322],[-80.96413,41.52463],[-80.96444,41.52594],[-80.96073,41.52681],[-80.96289,41.5274],[-80.96258,41.52873],[-80.96472,41.53095],[-80.96546,41.53035],[-80.96515,41.52312],[-80.96312,41.52302],[-80.96324,41.51585],[-80.96546,41.51584],[-80.96551,41.51282],[-80.96917,41.51283],[-80.96898,41.50863],[-80.98251,41.50868],[-80.98247,41.51118],[-80.98376,41.51265],[-80.98378,41.51591],[-80.99206,41.51598],[-80.99209,41.51999],[-80.99571,41.51999],[-80.99713,41.52086],[-80.99935,41.52008],[-81.00314,41.52111],[-81.00308,41.52811],[-81.01433,41.52795],[-81.0153,41.52641],[-81.01916,41.52642],[-81.01925,41.52799],[-81.03097,41.52789],[-81.03183,41.52923],[-81.0418,41.52921],[-81.04186,41.53045],[-81.04815,41.53046],[-81.0482,41.53251],[-81.05138,41.53489],[-81.03047,41.53499]]]}},{"type":"Feature","properties":{"zcta":"44102","d":2876},"geometry":{"type":"Polygon","coordinates":[[[-81.76619,41.49194],[-81.76285,41.49029],[-81.74475,41.48715],[-81.73875,41.48855],[-81.73965,41.49115],[-81.73403,41.49319],[-81.73261,41.49121],[-81.7272,41.49311],[-81.72702,41.49434],[-81.72065,41.49793],[-81.71808,41.49719],[-81.71548,41.49925],[-81.70945,41.50106],[-81.70807,41.49908],[-81.70913,41.4978],[-81.71191,41.49731],[-81.71376,41.49337],[-81.71164,41.49059],[-81.7177,41.48732],[-81.71771,41.47882],[-81.7165,41.4769],[-81.7165,41.47011],[-81.71779,41.46551],[-81.71705,41.46496],[-81.71735,41.45814],[-81.7164,41.45532],[-81.71776,41.45345],[-81.71608,41.4529],[-81.71697,41.44997],[-81.71818,41.4504],[-81.72515,41.4502],[-81.72926,41.45052],[-81.73308,41.44798],[-81.7349,41.44758],[-81.73627,41.44889],[-81.73123,41.45181],[-81.73371,41.45408],[-81.73138,41.45679],[-81.74022,41.45987],[-81.74002,41.46155],[-81.7535,41.4521],[-81.75486,41.45538],[-81.75281,41.45581],[-81.75277,41.46571],[-81.75318,41.46704],[-81.75103,41.46773],[-81.75103,41.46943],[-81.75419,41.47043],[-81.76574,41.47039],[-81.76577,41.47534],[-81.7688,41.474],[-81.76881,41.47555],[-81.76809,41.47786],[-81.76807,41.48344],[-81.76875,41.48362],[-81.76857,41.49139],[-81.76619,41.49194]]]}},{"type":"Feature","properties":{"zcta":"44105","d":1522},"geometry":{"type":"Polygon","coordinates":[[[-81.68328,41.44891],[-81.68123,41.4491],[-81.68412,41.45516],[-81.68265,41.46094],[-81.67935,41.46412],[-81.67403,41.46499],[-81.67068,41.46765],[-81.66902,41.46988],[-81.66896,41.47196],[-81.67153,41.47683],[-81.67323,41.47819],[-81.67057,41.47852],[-81.66762,41.47717],[-81.66723,41.47601],[-81.66805,41.47341],[-81.66783,41.46938],[-81.66413,41.46773],[-81.65715,41.4633],[-81.65343,41.46304],[-81.6499,41.46389],[-81.64687,41.46305],[-81.63266,41.46342],[-81.63306,41.46604],[-81.6261,41.46347],[-81.60417,41.46365],[-81.59814,41.4637],[-81.59405,41.46435],[-81.59117,41.46374],[-81.59204,41.46124],[-81.59117,41.45783],[-81.59273,41.45688],[-81.59115,41.45571],[-81.59115,41.45316],[-81.58461,41.45345],[-81.58403,41.45071],[-81.5845,41.44545],[-81.57977,41.4442],[-81.57977,41.443],[-81.58422,41.44394],[-81.58502,41.4423],[-81.58451,41.43811],[-81.58177,41.43821],[-81.58176,41.43505],[-81.59278,41.43232],[-81.59282,41.42922],[-81.59948,41.43093],[-81.61531,41.43991],[-81.61523,41.435],[-81.61393,41.43438],[-81.6199,41.43474],[-81.62999,41.43476],[-81.63566,41.43416],[-81.63585,41.43575],[-81.63341,41.43864],[-81.6333,41.44141],[-81.64909,41.43439],[-81.65044,41.44107],[-81.65203,41.44372],[-81.66827,41.44461],[-81.67179,41.44568],[-81.67331,41.44764],[-81.68463,41.44735],[-81.68328,41.44891]]]}},{"type":"Feature","properties":{"zcta":"44130","d":1596},"geometry":{"type":"Polygon","coordinates":[[[-81.80484,41.38843],[-81.80488,41.3864],[-81.80282,41.3866],[-81.80041,41.38827],[-81.78456,41.38755],[-81.78389,41.41505],[-81.78116,41.41845],[-81.78029,41.42057],[-81.77602,41.42184],[-81.76949,41.42177],[-81.75699,41.42154],[-81.75431,41.4174],[-81.75467,41.41406],[-81.75353,41.41143],[-81.75499,41.40889],[-81.7517,41.40897],[-81.74956,41.40672],[-81.74699,41.40739],[-81.74427,41.40631],[-81.74531,41.40402],[-81.74535,41.39476],[-81.74449,41.39228],[-81.74444,41.38454],[-81.74694,41.38454],[-81.74721,41.37112],[-81.74632,41.37003],[-81.74573,41.36483],[-81.74513,41.36605],[-81.74313,41.36492],[-81.74035,41.36499],[-81.74021,41.36058],[-81.73918,41.35797],[-81.74059,41.35503],[-81.7472,41.35493],[-81.74722,41.35277],[-81.75396,41.35073],[-81.78506,41.3507],[-81.82452,41.35072],[-81.83891,41.35062],[-81.8326,41.3557],[-81.83451,41.35582],[-81.83965,41.35776],[-81.84364,41.35759],[-81.84164,41.3609],[-81.83869,41.36098],[-81.83766,41.36768],[-81.84046,41.36921],[-81.84071,41.37525],[-81.83997,41.37785],[-81.84344,41.37801],[-81.84337,41.37937],[-81.84904,41.37952],[-81.84906,41.38495],[-81.84286,41.38934],[-81.80484,41.38843]]]}},{"type":"Feature","properties":{"zcta":"44143","d":916},"geometry":{"type":"Polygon","coordinates":[[[-81.50187,41.58801],[-81.49893,41.58554],[-81.49896,41.58359],[-81.4953,41.58359],[-81.49532,41.58636],[-81.48794,41.58625],[-81.48784,41.57005],[-81.44765,41.56996],[-81.445,41.56992],[-81.44089,41.56988],[-81.41994,41.56995],[-81.41994,41.56527],[-81.42255,41.56534],[-81.42267,41.5625],[-81.42027,41.56271],[-81.42001,41.55031],[-81.42469,41.54861],[-81.428,41.54823],[-81.43289,41.54285],[-81.43744,41.54281],[-81.43879,41.53846],[-81.43428,41.5382],[-81.43095,41.53956],[-81.42952,41.53713],[-81.42965,41.53311],[-81.43207,41.533],[-81.43226,41.52912],[-81.43878,41.52923],[-81.43878,41.5304],[-81.44876,41.53042],[-81.45291,41.53138],[-81.46077,41.53159],[-81.46075,41.53071],[-81.48785,41.53061],[-81.48808,41.53779],[-81.50715,41.53796],[-81.50917,41.5371],[-81.51024,41.53513],[-81.51032,41.53825],[-81.51681,41.53842],[-81.52044,41.53688],[-81.52692,41.54258],[-81.5276,41.54533],[-81.52725,41.54671],[-81.52928,41.54954],[-81.52898,41.55105],[-81.53108,41.55217],[-81.53187,41.55496],[-81.53476,41.55805],[-81.53329,41.5602],[-81.53023,41.5615],[-81.52406,41.5619],[-81.52103,41.56264],[-81.51993,41.5642],[-81.51452,41.56542],[-81.51416,41.56812],[-81.51693,41.56814],[-81.51416,41.56947],[-81.51416,41.57097],[-81.51151,41.57098],[-81.51178,41.574],[-81.50249,41.57399],[-81.50253,41.58008],[-81.50166,41.58095],[-81.5026,41.5836],[-81.50149,41.58616],[-81.50285,41.58732],[-81.50187,41.58801]]]}},{"type":"Feature","properties":{"zcta":"44235","d":27},"geometry":{"type":"Polygon","coordinates":[[[-82.16748,41.069],[-82.1606,41.0689],[-82.16052,41.07218],[-82.15884,41.07361],[-82.15282,41.07365],[-82.15269,41.07846],[-82.14618,41.07836],[-82.14615,41.08361],[-82.14284,41.08359],[-82.14327,41.06866],[-82.12383,41.06843],[-82.12474,41.06342],[-82.07661,41.06283],[-82.07714,41.04384],[-82.07444,41.04374],[-82.07388,41.04107],[-82.07203,41.04037],[-82.06734,41.04026],[-82.06734,41.03616],[-82.06374,41.0359],[-82.0638,41.02785],[-82.06008,41.02827],[-82.0521,41.02805],[-82.05216,41.01397],[-82.05678,41.01408],[-82.05646,41.01009],[-82.07802,41.00976],[-82.07828,41.00157],[-82.09748,41.00596],[-82.12671,41.00645],[-82.12748,40.99179],[-82.12933,40.99181],[-82.12924,40.98225],[-82.13444,40.984],[-82.1426,40.9855],[-82.14864,40.98577],[-82.14877,40.99197],[-82.15094,40.99198],[-82.15077,40.99764],[-82.15594,40.99773],[-82.15935,40.99721],[-82.15943,40.99553],[-82.16441,40.99554],[-82.16452,40.99202],[-82.17336,40.99208],[-82.17254,41.02797],[-82.16354,41.02751],[-82.16317,41.0431],[-82.17206,41.04319],[-82.17136,41.06985],[-82.16748,41.069]]]}},{"type":"Feature","properties":{"zcta":"44145","d":1124},"geometry":{"type":"Polygon","coordinates":[[[-81.96986,41.4375],[-81.96946,41.47802],[-81.87365,41.47687],[-81.87431,41.46336],[-81.87449,41.44994],[-81.87467,41.44811],[-81.8835,41.44826],[-81.89306,41.44797],[-81.89338,41.44073],[-81.90291,41.44085],[-81.90318,41.43347],[-81.93261,41.43376],[-81.93292,41.42948],[-81.9361,41.429],[-81.93913,41.42652],[-81.94278,41.42654],[-81.94267,41.41864],[-81.94577,41.41855],[-81.94624,41.41398],[-81.9596,41.41404],[-81.95996,41.41105],[-81.97026,41.41105],[-81.96996,41.41891],[-81.96986,41.4375]]]}},{"type":"Feature","properties":{"zcta":"44138","d":895},"geometry":{"type":"Polygon","coordinates":[[[-81.96698,41.3867],[-81.96701,41.38459],[-81.96479,41.38447],[-81.96491,41.37829],[-81.96336,41.37903],[-81.96326,41.38334],[-81.96395,41.38564],[-81.96266,41.38663],[-81.94656,41.38655],[-81.94577,41.38914],[-81.94411,41.38946],[-81.94413,41.39208],[-81.93083,41.39204],[-81.93067,41.39953],[-81.92116,41.39961],[-81.91117,41.39929],[-81.91139,41.39318],[-81.90715,41.39324],[-81.90775,41.39916],[-81.90165,41.39932],[-81.90027,41.40495],[-81.89955,41.40451],[-81.88106,41.40455],[-81.88086,41.40375],[-81.88423,41.40142],[-81.88321,41.39877],[-81.87987,41.39828],[-81.88146,41.39643],[-81.8855,41.39525],[-81.88419,41.39335],[-81.88158,41.39365],[-81.87827,41.39185],[-81.87621,41.38938],[-81.87641,41.38203],[-81.87988,41.38389],[-81.8887,41.38558],[-81.8885,41.38325],[-81.89088,41.38199],[-81.87861,41.38193],[-81.87821,41.37888],[-81.89317,41.37924],[-81.89002,41.37726],[-81.89502,41.37764],[-81.89674,41.37514],[-81.8955,41.36852],[-81.87663,41.36844],[-81.87671,41.3646],[-81.88213,41.36155],[-81.88685,41.3616],[-81.88693,41.35663],[-81.87687,41.35472],[-81.87696,41.35069],[-81.92227,41.35087],[-81.97126,41.35127],[-81.97096,41.37252],[-81.97046,41.38675],[-81.96698,41.3867]]]}},{"type":"Feature","properties":{"zcta":"44142","d":1333},"geometry":{"type":"Polygon","coordinates":[[[-81.88346,41.40565],[-81.88327,41.40728],[-81.88143,41.40778],[-81.87913,41.41186],[-81.87528,41.41415],[-81.87536,41.41765],[-81.87318,41.41853],[-81.86866,41.41855],[-81.86867,41.40816],[-81.86915,41.39889],[-81.86886,41.39556],[-81.86643,41.39592],[-81.84937,41.39545],[-81.85004,41.39346],[-81.84841,41.39344],[-81.84267,41.39783],[-81.82723,41.41601],[-81.8273,41.41765],[-81.8308,41.41839],[-81.82446,41.41868],[-81.82328,41.41989],[-81.8183,41.41984],[-81.81774,41.41861],[-81.80164,41.41843],[-81.78116,41.41845],[-81.78389,41.41505],[-81.78456,41.38755],[-81.80041,41.38827],[-81.80282,41.3866],[-81.80488,41.3864],[-81.80484,41.38843],[-81.84286,41.38934],[-81.84285,41.38943],[-81.8762,41.39003],[-81.87621,41.38938],[-81.87827,41.39185],[-81.88158,41.39365],[-81.88419,41.39335],[-81.8855,41.39525],[-81.88146,41.39643],[-81.87987,41.39828],[-81.88321,41.39877],[-81.88423,41.40142],[-81.88086,41.40375],[-81.88106,41.40455],[-81.88346,41.40565]]]}},{"type":"Feature","properties":{"zcta":"44144","d":2015},"geometry":{"type":"Polygon","coordinates":[[[-81.75942,41.44844],[-81.7535,41.4521],[-81.74002,41.46155],[-81.74022,41.45987],[-81.73138,41.45679],[-81.73371,41.45408],[-81.73123,41.45181],[-81.73627,41.44889],[-81.7349,41.44758],[-81.73308,41.44798],[-81.72926,41.45052],[-81.72515,41.4502],[-81.71818,41.4504],[-81.71697,41.44997],[-81.71788,41.44704],[-81.71786,41.44286],[-81.71657,41.44292],[-81.71582,41.43987],[-81.71794,41.4394],[-81.71791,41.43475],[-81.7163,41.43475],[-81.71617,41.42994],[-81.71506,41.42992],[-81.72098,41.42486],[-81.7232,41.42435],[-81.72444,41.42184],[-81.73435,41.42204],[-81.73435,41.42118],[-81.75699,41.42154],[-81.76949,41.42177],[-81.76917,41.44123],[-81.76438,41.44462],[-81.75942,41.44844]]]}},{"type":"Feature","properties":{"zcta":"44129","d":2584},"geometry":{"type":"Polygon","coordinates":[[[-81.73435,41.42118],[-81.73435,41.42204],[-81.72444,41.42184],[-81.72195,41.42102],[-81.72386,41.41872],[-81.72219,41.41873],[-81.72278,41.41597],[-81.72276,41.40324],[-81.7187,41.40325],[-81.7187,41.40216],[-81.72276,41.40214],[-81.72276,41.39137],[-81.72336,41.38946],[-81.72348,41.38102],[-81.72279,41.3797],[-81.7226,41.37092],[-81.71873,41.37089],[-81.71873,41.36987],[-81.72264,41.36984],[-81.72264,41.36758],[-81.71636,41.36699],[-81.71846,41.35976],[-81.72005,41.36005],[-81.71954,41.36271],[-81.72204,41.36258],[-81.72392,41.36084],[-81.72646,41.36093],[-81.73182,41.35982],[-81.73423,41.3528],[-81.73587,41.35084],[-81.75396,41.35073],[-81.74722,41.35277],[-81.7472,41.35493],[-81.74059,41.35503],[-81.73918,41.35797],[-81.74021,41.36058],[-81.74035,41.36499],[-81.74313,41.36492],[-81.74513,41.36605],[-81.74573,41.36483],[-81.74632,41.37003],[-81.74721,41.37112],[-81.74694,41.38454],[-81.74444,41.38454],[-81.74449,41.39228],[-81.74535,41.39476],[-81.74531,41.40402],[-81.74427,41.40631],[-81.74699,41.40739],[-81.74956,41.40672],[-81.7517,41.40897],[-81.75499,41.40889],[-81.75353,41.41143],[-81.75467,41.41406],[-81.75431,41.4174],[-81.75699,41.42154],[-81.73435,41.42118]]]}},{"type":"Feature","properties":{"zcta":"44133","d":800},"geometry":{"type":"Polygon","coordinates":[[[-81.75396,41.35073],[-81.73587,41.35084],[-81.73423,41.3528],[-81.72714,41.35094],[-81.70367,41.35091],[-81.70504,41.34944],[-81.70447,41.34301],[-81.70467,41.32944],[-81.70465,41.27723],[-81.71765,41.27695],[-81.74482,41.2768],[-81.7851,41.27645],[-81.78534,41.31353],[-81.78527,41.3359],[-81.78506,41.3507],[-81.75396,41.35073]]]}},{"type":"Feature","properties":{"zcta":"44280","d":129},"geometry":{"type":"Polygon","coordinates":[[[-81.97392,41.25982],[-81.97272,41.26138],[-81.97249,41.27483],[-81.927,41.27482],[-81.92044,41.27538],[-81.90623,41.27539],[-81.89785,41.27492],[-81.88352,41.27501],[-81.88607,41.2714],[-81.8842,41.27135],[-81.88423,41.26388],[-81.88182,41.2639],[-81.88184,41.26151],[-81.87815,41.26072],[-81.87832,41.22511],[-81.87254,41.22798],[-81.87177,41.23037],[-81.86931,41.23041],[-81.86913,41.21897],[-81.86212,41.21888],[-81.86041,41.21598],[-81.86947,41.21596],[-81.86988,41.21359],[-81.86591,41.21326],[-81.86593,41.21056],[-81.8691,41.21049],[-81.86902,41.20134],[-81.86639,41.20053],[-81.87828,41.20029],[-81.87827,41.19685],[-81.88132,41.1984],[-81.88398,41.19836],[-81.8866,41.1971],[-81.88745,41.20016],[-81.92381,41.19968],[-81.92294,41.20153],[-81.92023,41.20316],[-81.92,41.20486],[-81.92264,41.20514],[-81.92298,41.20684],[-81.92607,41.20777],[-81.92603,41.20919],[-81.93435,41.20892],[-81.93578,41.20682],[-81.93918,41.20684],[-81.94069,41.20477],[-81.95078,41.20445],[-81.95467,41.2087],[-81.96359,41.2098],[-81.9638,41.21367],[-81.96469,41.21246],[-81.97128,41.2113],[-81.97144,41.20925],[-81.97423,41.20892],[-81.974,41.22228],[-81.97331,41.23773],[-81.98032,41.23733],[-81.9801,41.24484],[-81.97657,41.24482],[-81.9764,41.2501],[-81.97796,41.25011],[-81.97793,41.25234],[-81.97634,41.25233],[-81.97562,41.25792],[-81.98108,41.25801],[-81.9811,41.25989],[-81.97392,41.25982]]]}},{"type":"Feature","properties":{"zcta":"44273","d":93},"geometry":{"type":"Polygon","coordinates":[[[-81.97656,41.02257],[-81.97481,41.02419],[-81.96929,41.02413],[-81.9693,41.02582],[-81.96722,41.02578],[-81.9648,41.02722],[-81.96365,41.03016],[-81.9613,41.03013],[-81.96084,41.03415],[-81.95573,41.03404],[-81.95467,41.03863],[-81.96603,41.03844],[-81.96591,41.04244],[-81.96904,41.04389],[-81.96895,41.04689],[-81.97076,41.04694],[-81.97041,41.05038],[-81.96766,41.05036],[-81.96783,41.05218],[-81.96031,41.05233],[-81.96156,41.05468],[-81.96098,41.05806],[-81.96169,41.06049],[-81.96054,41.06273],[-81.94983,41.06262],[-81.94449,41.06262],[-81.94474,41.05269],[-81.93952,41.05261],[-81.93766,41.05178],[-81.93773,41.05013],[-81.93582,41.05012],[-81.93595,41.04763],[-81.92916,41.0476],[-81.92908,41.04847],[-81.91699,41.04795],[-81.91702,41.04688],[-81.91329,41.04684],[-81.9131,41.05151],[-81.89967,41.05141],[-81.90108,41.05424],[-81.90311,41.05532],[-81.90441,41.05751],[-81.90285,41.05544],[-81.89521,41.0553],[-81.88961,41.05591],[-81.89278,41.06243],[-81.88386,41.06243],[-81.87954,41.06254],[-81.87936,41.07086],[-81.87634,41.07163],[-81.87206,41.07544],[-81.86801,41.07545],[-81.86427,41.07461],[-81.86426,41.07816],[-81.86112,41.07814],[-81.86019,41.08284],[-81.85537,41.08289],[-81.8553,41.08462],[-81.83823,41.08449],[-81.83821,41.08183],[-81.83711,41.08128],[-81.83966,41.07811],[-81.83116,41.07808],[-81.83117,41.07677],[-81.8283,41.07687],[-81.82833,41.0692],[-81.82655,41.06919],[-81.82651,41.06674],[-81.82208,41.06674],[-81.81923,41.06593],[-81.81924,41.06429],[-81.81549,41.06365],[-81.81428,41.06046],[-81.80494,41.05715],[-81.80495,41.05344],[-81.80501,41.04561],[-81.80979,41.04519],[-81.80982,41.04306],[-81.81576,41.04325],[-81.81575,41.04519],[-81.8178,41.04702],[-81.82028,41.04684],[-81.82163,41.04113],[-81.82017,41.03201],[-81.8147,41.03193],[-81.81484,41.02509],[-81.81179,41.02508],[-81.81284,41.02403],[-81.81282,41.02051],[-81.81175,41.01892],[-81.79713,41.01858],[-81.7976,41.02155],[-81.79611,41.0215],[-81.79626,41.00998],[-81.79745,41.00997],[-81.79761,41.00643],[-81.79951,41.00559],[-81.80495,41.00565],[-81.80432,41.00186],[-81.80878,40.99587],[-81.80643,40.99582],[-81.80643,40.98825],[-81.82887,40.98827],[-81.85601,40.98869],[-81.85326,40.98239],[-81.85867,40.98236],[-81.85803,40.97705],[-81.8534,40.97185],[-81.86416,40.97531],[-81.86425,40.98512],[-81.86649,40.98519],[-81.86944,40.98882],[-81.88001,40.98905],[-81.88006,40.99325],[-81.88214,40.99327],[-81.88943,40.99544],[-81.88795,40.99908],[-81.89366,40.99915],[-81.89368,40.99814],[-81.9072,40.9978],[-81.90715,41.00042],[-81.90828,41.00243],[-81.91106,41.0031],[-81.91105,41.00426],[-81.91611,41.00492],[-81.9163,41.00278],[-81.92245,41.00286],[-81.92244,41.00599],[-81.92523,41.0061],[-81.92534,41.004],[-81.93054,41.00403],[-81.93067,40.998],[-81.93967,41.00098],[-81.95106,41.00699],[-81.96146,41.00294],[-81.9696,41.00024],[-81.97731,40.99856],[-81.97675,41.00669],[-81.97656,41.02257]],[[-81.93926,41.02324],[-81.9393,41.02093],[-81.93358,41.02082],[-81.92993,41.01668],[-81.92456,41.0175],[-81.91859,41.01982],[-81.91852,41.02655],[-81.91528,41.02652],[-81.915,41.03411],[-81.92409,41.03836],[-81.92804,41.03904],[-81.93297,41.03902],[-81.9332,41.03234],[-81.93461,41.03242],[-81.93461,41.03461],[-81.93716,41.03461],[-81.93729,41.03208],[-81.94069,41.03208],[-81.94086,41.02339],[-81.93926,41.02324]]]}},{"type":"Feature","properties":{"zcta":"44281","d":345},"geometry":{"type":"MultiPolygon","coordinates":[[[[-81.74558,41.15113],[-81.73857,41.1511],[-81.73741,41.15444],[-81.73323,41.15419],[-81.73316,41.1493],[-81.72811,41.14927],[-81.72804,41.14502],[-81.72984,41.14504],[-81.72998,41.14018],[-81.7324,41.14019],[-81.73251,41.13813],[-81.73502,41.13688],[-81.73513,41.13829],[-81.73993,41.13868],[-81.7412,41.14035],[-81.7456,41.14036],[-81.74558,41.15113]]],[[[-81.80351,41.05344],[-81.80349,41.05593],[-81.7947,41.05712],[-81.79705,41.05988],[-81.79539,41.06567],[-81.7956,41.06932],[-81.7982,41.07873],[-81.79539,41.08031],[-81.79542,41.08293],[-81.79305,41.08295],[-81.78516,41.08123],[-81.78178,41.08347],[-81.77766,41.08337],[-81.7761,41.08116],[-81.75652,41.0811],[-81.75522,41.08209],[-81.7552,41.0846],[-81.75144,41.08455],[-81.75137,41.08665],[-81.74751,41.08702],[-81.74751,41.09061],[-81.75635,41.09285],[-81.7562,41.10354],[-81.75917,41.10742],[-81.76898,41.10765],[-81.76821,41.10512],[-81.77102,41.10442],[-81.77085,41.11332],[-81.76041,41.11327],[-81.76235,41.11627],[-81.76464,41.11788],[-81.75517,41.11787],[-81.7537,41.11915],[-81.75324,41.12249],[-81.75065,41.1234],[-81.74627,41.12342],[-81.74627,41.12672],[-81.74374,41.12672],[-81.74361,41.13294],[-81.74045,41.13293],[-81.74043,41.13384],[-81.73506,41.13382],[-81.73503,41.13614],[-81.68879,41.13596],[-81.69016,41.13255],[-81.69537,41.13232],[-81.69541,41.12895],[-81.6964,41.12659],[-81.6977,41.12656],[-81.69775,41.12322],[-81.69276,41.12252],[-81.69275,41.12104],[-81.68971,41.12097],[-81.68875,41.1177],[-81.68721,41.1177],[-81.68729,41.11055],[-81.68505,41.10595],[-81.67766,41.10566],[-81.67764,41.10294],[-81.68186,41.10303],[-81.68127,41.0985],[-81.68495,41.09851],[-81.68501,41.09564],[-81.68637,41.09564],[-81.68741,41.09352],[-81.68748,41.08124],[-81.6759,41.08123],[-81.67591,41.08055],[-81.67001,41.0805],[-81.66975,41.07925],[-81.67385,41.07925],[-81.67547,41.07747],[-81.67745,41.07747],[-81.67747,41.07385],[-81.67984,41.07382],[-81.67991,41.07236],[-81.68571,41.07251],[-81.68575,41.06628],[-81.67773,41.06613],[-81.67784,41.06214],[-81.68762,41.06215],[-81.68773,41.04169],[-81.68149,41.04016],[-81.68165,41.03886],[-81.67703,41.03547],[-81.67695,41.03441],[-81.68777,41.03448],[-81.6878,41.02566],[-81.68966,41.02329],[-81.69138,41.02333],[-81.69141,41.01849],[-81.68794,41.01546],[-81.69126,41.01602],[-81.69547,41.01542],[-81.70392,41.01063],[-81.70394,41.00779],[-81.69776,41.00618],[-81.68928,41.00571],[-81.68969,41.00081],[-81.69292,41.00083],[-81.69527,41.0031],[-81.69788,41.00213],[-81.70397,41.00179],[-81.70397,40.99672],[-81.70615,40.9967],[-81.70617,40.99504],[-81.71175,40.995],[-81.71393,40.99418],[-81.71414,40.9922],[-81.71767,40.99215],[-81.71897,40.9891],[-81.72272,40.98847],[-81.73017,40.98839],[-81.7312,40.98989],[-81.73743,40.98904],[-81.73747,40.99204],[-81.74001,40.99367],[-81.73998,40.9898],[-81.74839,40.98969],[-81.74837,40.98825],[-81.76465,40.98821],[-81.76295,40.99033],[-81.76245,40.99382],[-81.76368,40.99824],[-81.76369,41.00169],[-81.76649,41.00261],[-81.76724,41.0059],[-81.76726,41.01012],[-81.79626,41.00998],[-81.79611,41.0215],[-81.7976,41.02155],[-81.79713,41.01858],[-81.81175,41.01892],[-81.81282,41.02051],[-81.81284,41.02403],[-81.81179,41.02508],[-81.81484,41.02509],[-81.8147,41.03193],[-81.82017,41.03201],[-81.82163,41.04113],[-81.82028,41.04684],[-81.8178,41.04702],[-81.81575,41.04519],[-81.81576,41.04325],[-81.80982,41.04306],[-81.80979,41.04519],[-81.80501,41.04561],[-81.80495,41.05344],[-81.80351,41.05344]],[[-81.73715,41.09548],[-81.73556,41.09546],[-81.73559,41.09193],[-81.72916,41.08985],[-81.72457,41.08905],[-81.71997,41.08941],[-81.71761,41.09779],[-81.72049,41.10036],[-81.72166,41.10387],[-81.72321,41.10536],[-81.72678,41.10688],[-81.7286,41.10865],[-81.72829,41.10996],[-81.73013,41.11218],[-81.7353,41.11462],[-81.73549,41.09962],[-81.74116,41.09922],[-81.73715,41.09548]]]]}},{"type":"Feature","properties":{"zcta":"44251","d":0},"geometry":{"type":"Polygon","coordinates":[[[-81.94069,41.03208],[-81.93729,41.03208],[-81.93716,41.03461],[-81.93461,41.03461],[-81.93461,41.03242],[-81.9332,41.03234],[-81.93297,41.03902],[-81.92804,41.03904],[-81.92409,41.03836],[-81.915,41.03411],[-81.91528,41.02652],[-81.91852,41.02655],[-81.91859,41.01982],[-81.92456,41.0175],[-81.92993,41.01668],[-81.93358,41.02082],[-81.9393,41.02093],[-81.93926,41.02324],[-81.94086,41.02339],[-81.94069,41.03208]]]}},{"type":"Feature","properties":{"zcta":"44253","d":75},"geometry":{"type":"Polygon","coordinates":[[[-82.09346,41.18951],[-82.08665,41.18692],[-82.0843,41.18738],[-82.08187,41.18645],[-82.08149,41.19714],[-82.08067,41.19858],[-82.07843,41.19827],[-82.07895,41.19655],[-82.07772,41.19467],[-82.07511,41.19404],[-82.07266,41.19553],[-82.07246,41.19985],[-82.05357,41.19988],[-82.05316,41.20508],[-82.05052,41.20583],[-82.04705,41.20272],[-82.04567,41.20379],[-82.03837,41.20406],[-82.0369,41.20203],[-82.03538,41.20371],[-82.03151,41.20501],[-82.02766,41.20459],[-82.02532,41.20541],[-82.02281,41.20484],[-82.01598,41.20565],[-82.01316,41.20457],[-82.01082,41.20528],[-82.01211,41.20194],[-82.0102,41.20107],[-82.00547,41.20081],[-82.00343,41.20008],[-81.99105,41.19986],[-81.99105,41.19098],[-81.98636,41.19092],[-81.98644,41.18998],[-81.97985,41.19007],[-81.97994,41.19197],[-81.97666,41.19286],[-81.97087,41.19205],[-81.96636,41.19201],[-81.96641,41.18917],[-81.96825,41.18919],[-81.97005,41.17687],[-81.97289,41.1769],[-81.9727,41.16888],[-81.97466,41.1689],[-81.97474,41.16535],[-81.97851,41.16475],[-81.9787,41.16028],[-81.98446,41.16051],[-81.98657,41.16291],[-81.98841,41.15914],[-81.99336,41.15924],[-81.99418,41.15688],[-81.98951,41.15433],[-81.99006,41.15282],[-81.98764,41.15063],[-81.9878,41.14327],[-82.00392,41.14333],[-82.00402,41.13595],[-82.02374,41.13605],[-82.02402,41.1252],[-82.04316,41.12529],[-82.04579,41.12312],[-82.04618,41.12091],[-82.05127,41.11673],[-82.05181,41.11476],[-82.05473,41.11341],[-82.05797,41.11306],[-82.05759,41.12542],[-82.06219,41.12546],[-82.05447,41.13343],[-82.0597,41.13372],[-82.06975,41.13249],[-82.07194,41.13183],[-82.07652,41.13297],[-82.0828,41.13233],[-82.08597,41.13335],[-82.08878,41.13235],[-82.09128,41.1348],[-82.0901,41.13651],[-82.09553,41.13703],[-82.10618,41.14304],[-82.10836,41.14347],[-82.11353,41.1414],[-82.11578,41.14216],[-82.11534,41.14362],[-82.1136,41.14271],[-82.11276,41.14396],[-82.11646,41.14419],[-82.11666,41.14561],[-82.11434,41.14681],[-82.11574,41.14754],[-82.11778,41.15276],[-82.11947,41.15422],[-82.10885,41.15414],[-82.10493,41.15118],[-82.10037,41.15056],[-82.09779,41.14876],[-82.09773,41.15198],[-82.08964,41.15192],[-82.08948,41.15712],[-82.08538,41.15687],[-82.0823,41.1554],[-82.07995,41.15631],[-82.07768,41.15851],[-82.07768,41.16192],[-82.07614,41.16363],[-82.07337,41.16472],[-82.07335,41.16812],[-82.0835,41.16824],[-82.08522,41.16952],[-82.08514,41.17508],[-82.08918,41.17519],[-82.09431,41.17659],[-82.09378,41.17939],[-82.09495,41.18127],[-82.09305,41.18341],[-82.0928,41.18799],[-82.0951,41.18908],[-82.09346,41.18951]]]}},{"type":"Feature","properties":{"zcta":"44254","d":93},"geometry":{"type":"Polygon","coordinates":[[[-82.07646,41.06762],[-82.07581,41.06817],[-82.06943,41.06806],[-82.06933,41.07003],[-82.06473,41.07187],[-82.06913,41.0756],[-82.06172,41.07543],[-82.06379,41.07366],[-82.06313,41.07124],[-82.05811,41.06882],[-82.05841,41.06719],[-82.05599,41.06548],[-82.05215,41.065],[-82.05081,41.06268],[-82.03864,41.06265],[-82.04417,41.06842],[-82.04055,41.06767],[-82.03606,41.06762],[-82.03596,41.0715],[-82.03033,41.07149],[-82.03028,41.07357],[-82.02538,41.07352],[-82.02451,41.07715],[-82.02255,41.07776],[-82.0179,41.08059],[-82.01633,41.08427],[-82.01703,41.08682],[-82.01576,41.08837],[-82.01214,41.08899],[-82.01234,41.08608],[-82.00431,41.08597],[-82.00441,41.08372],[-81.97898,41.0834],[-81.97911,41.08031],[-81.97598,41.08021],[-81.97588,41.08784],[-81.97244,41.08781],[-81.97297,41.08307],[-81.97245,41.08191],[-81.96421,41.08093],[-81.96421,41.07728],[-81.95921,41.07725],[-81.95921,41.07504],[-81.9497,41.07502],[-81.94983,41.06262],[-81.96054,41.06273],[-81.96169,41.06049],[-81.96098,41.05806],[-81.96156,41.05468],[-81.96031,41.05233],[-81.96783,41.05218],[-81.96766,41.05036],[-81.97041,41.05038],[-81.97076,41.04694],[-81.96895,41.04689],[-81.96904,41.04389],[-81.96591,41.04244],[-81.96603,41.03844],[-81.95467,41.03863],[-81.95573,41.03404],[-81.96084,41.03415],[-81.9613,41.03013],[-81.96365,41.03016],[-81.9648,41.02722],[-81.96722,41.02578],[-81.9693,41.02582],[-81.96929,41.02413],[-81.97481,41.02419],[-81.97656,41.02257],[-81.97675,41.00669],[-81.98155,41.00907],[-81.98331,41.008],[-81.98751,41.00804],[-81.98902,41.00932],[-81.98907,41.00719],[-81.99433,41.00723],[-81.99437,41.00511],[-81.99619,41.00513],[-81.99604,41.01416],[-82.00031,41.0154],[-82.00092,41.01195],[-82.00317,41.0106],[-82.00752,41.01008],[-82.00945,41.00724],[-82.01754,41.00167],[-82.02046,40.99734],[-82.02456,40.99904],[-82.03036,40.9996],[-82.03596,40.999],[-82.04025,41.0],[-82.04005,41.00753],[-82.04426,41.00738],[-82.04547,41.0095],[-82.0454,41.01399],[-82.05216,41.01397],[-82.0521,41.02805],[-82.06008,41.02827],[-82.0638,41.02785],[-82.06374,41.0359],[-82.06734,41.03616],[-82.06734,41.04026],[-82.07203,41.04037],[-82.07388,41.04107],[-82.07444,41.04374],[-82.07714,41.04384],[-82.07661,41.06283],[-82.07646,41.06762]]]}},{"type":"Feature","properties":{"zcta":"44080","d":0},"geometry":{"type":"Polygon","coordinates":[[[-81.06672,41.37205],[-81.06416,41.37205],[-81.06418,41.37051],[-81.0542,41.37044],[-81.05098,41.36931],[-81.05158,41.36686],[-81.05342,41.36696],[-81.05809,41.36536],[-81.0597,41.36548],[-81.06633,41.36901],[-81.06593,41.37047],[-81.07053,41.37048],[-81.06808,41.37354],[-81.06672,41.37205]]]}},{"type":"Feature","properties":{"zcta":"44052","d":1406},"geometry":{"type":"Polygon","coordinates":[[[-82.18967,41.46632],[-82.18915,41.46989],[-82.18732,41.47111],[-82.18607,41.4702],[-82.18082,41.47264],[-82.17781,41.47152],[-82.17521,41.47214],[-82.17373,41.4741],[-82.17145,41.47304],[-82.15212,41.47804],[-82.1307,41.48525],[-82.13108,41.47861],[-82.13065,41.47758],[-82.13162,41.45744],[-82.129,41.45812],[-82.12651,41.46106],[-82.12316,41.46098],[-82.12001,41.45861],[-82.11362,41.45789],[-82.11293,41.45383],[-82.10896,41.44961],[-82.10812,41.44715],[-82.1324,41.44678],[-82.13478,41.44643],[-82.15432,41.44625],[-82.15599,41.44651],[-82.16163,41.45155],[-82.16167,41.44948],[-82.164,41.45018],[-82.16426,41.44505],[-82.16806,41.44672],[-82.17203,41.44628],[-82.17147,41.4375],[-82.16909,41.43719],[-82.16068,41.43733],[-82.16175,41.43259],[-82.15888,41.43173],[-82.15781,41.42483],[-82.15888,41.42197],[-82.15954,41.42484],[-82.16199,41.42467],[-82.16134,41.41817],[-82.1636,41.41817],[-82.16407,41.425],[-82.17281,41.42451],[-82.17684,41.42291],[-82.17802,41.42321],[-82.17913,41.42638],[-82.17964,41.42278],[-82.17887,41.4219],[-82.1846,41.41824],[-82.18328,41.41993],[-82.18305,41.42933],[-82.18405,41.42989],[-82.18402,41.4335],[-82.18547,41.43349],[-82.18533,41.44173],[-82.18937,41.44219],[-82.20024,41.44216],[-82.20249,41.44169],[-82.20233,41.45281],[-82.20288,41.45789],[-82.19959,41.46007],[-82.19979,41.46147],[-82.18967,41.46632]]]}},{"type":"Feature","properties":{"zcta":"44074","d":92},"geometry":{"type":"Polygon","coordinates":[[[-82.30753,41.31496],[-82.30793,41.31684],[-82.31182,41.31784],[-82.31408,41.32014],[-82.31698,41.32016],[-82.31757,41.33834],[-82.30006,41.34197],[-82.30005,41.34115],[-82.29447,41.3425],[-82.29443,41.34072],[-82.29175,41.34066],[-82.29176,41.34294],[-82.28622,41.34485],[-82.28546,41.34013],[-82.2785,41.3395],[-82.27626,41.33687],[-82.27423,41.33067],[-82.27603,41.32903],[-82.27583,41.32573],[-82.27239,41.32507],[-82.27255,41.31857],[-82.27054,41.31999],[-82.26716,41.32053],[-82.26682,41.33633],[-82.25943,41.33626],[-82.25668,41.33844],[-82.24678,41.33832],[-82.24684,41.33649],[-82.24177,41.3364],[-82.23979,41.33771],[-82.23907,41.33635],[-82.22891,41.33616],[-82.22828,41.33804],[-82.22272,41.33797],[-82.19087,41.33765],[-82.19113,41.33461],[-82.18617,41.33449],[-82.18623,41.33028],[-82.16624,41.33015],[-82.16657,41.31345],[-82.14326,41.31338],[-82.14686,41.30873],[-82.15022,41.30656],[-82.14961,41.3047],[-82.15328,41.30418],[-82.15285,41.30249],[-82.14473,41.30677],[-82.13295,41.3116],[-82.13064,41.30803],[-82.13428,41.30409],[-82.13647,41.3036],[-82.13854,41.30701],[-82.14188,41.30731],[-82.14128,41.30323],[-82.14433,41.30327],[-82.14603,41.30202],[-82.14582,41.30019],[-82.14929,41.30081],[-82.14603,41.29762],[-82.14787,41.29652],[-82.14835,41.29378],[-82.14723,41.28905],[-82.15047,41.28985],[-82.15193,41.29168],[-82.15527,41.29197],[-82.1554,41.29327],[-82.15761,41.2927],[-82.15724,41.29017],[-82.15866,41.28804],[-82.15794,41.2868],[-82.15531,41.2871],[-82.15516,41.28543],[-82.15288,41.28578],[-82.14959,41.28842],[-82.15076,41.28502],[-82.14921,41.28427],[-82.15083,41.28145],[-82.15127,41.27883],[-82.15744,41.27466],[-82.16692,41.27465],[-82.16732,41.26312],[-82.16722,41.24575],[-82.16743,41.24038],[-82.17301,41.24008],[-82.17298,41.23753],[-82.18033,41.2375],[-82.21385,41.23695],[-82.21378,41.23494],[-82.2185,41.23543],[-82.21782,41.25083],[-82.24448,41.2505],[-82.24722,41.2573],[-82.25611,41.25719],[-82.2562,41.23725],[-82.25795,41.23817],[-82.26816,41.23987],[-82.26823,41.23137],[-82.27228,41.23138],[-82.27215,41.23633],[-82.27484,41.23637],[-82.27483,41.23751],[-82.28139,41.23752],[-82.28202,41.23574],[-82.28491,41.23466],[-82.28666,41.23606],[-82.28952,41.23513],[-82.28938,41.23825],[-82.29229,41.23826],[-82.29223,41.2403],[-82.29403,41.24031],[-82.29398,41.24247],[-82.29839,41.24253],[-82.29856,41.23873],[-82.30311,41.23873],[-82.30423,41.23755],[-82.32071,41.23761],[-82.3193,41.24917],[-82.31747,41.25399],[-82.31727,41.2586],[-82.32119,41.25863],[-82.31889,41.26142],[-82.31915,41.26349],[-82.32249,41.26353],[-82.3221,41.27306],[-82.31653,41.27466],[-82.31612,41.29145],[-82.31755,41.29198],[-82.31756,41.29597],[-82.31975,41.29642],[-82.32287,41.2989],[-82.32281,41.30109],[-82.3208,41.30397],[-82.32034,41.30651],[-82.31644,41.30651],[-82.31682,41.31524],[-82.30753,41.31496]],[[-82.31016,41.26131],[-82.30264,41.26132],[-82.30092,41.26407],[-82.29829,41.26406],[-82.29746,41.26594],[-82.30052,41.26698],[-82.30205,41.27],[-82.30411,41.26975],[-82.30294,41.27144],[-82.31017,41.27147],[-82.31105,41.26717],[-82.31016,41.26131]],[[-82.30227,41.29648],[-82.30244,41.2895],[-82.30319,41.28802],[-82.3014,41.28725],[-82.29639,41.28719],[-82.29535,41.28498],[-82.29133,41.28493],[-82.28967,41.28611],[-82.29043,41.28815],[-82.28941,41.29487],[-82.29099,41.29487],[-82.29087,41.29823],[-82.29386,41.2982],[-82.29357,41.31431],[-82.30067,41.31439],[-82.3007,41.31307],[-82.30462,41.31128],[-82.30452,41.30976],[-82.3084,41.30976],[-82.30902,41.29654],[-82.30227,41.29648]],[[-82.28472,41.28585],[-82.28492,41.28008],[-82.2788,41.28006],[-82.27648,41.28056],[-82.2763,41.28855],[-82.26764,41.29136],[-82.26722,41.31661],[-82.2726,41.31667],[-82.27267,41.31314],[-82.274,41.31187],[-82.27666,41.31189],[-82.27658,41.30965],[-82.28042,41.30967],[-82.28073,41.29919],[-82.28162,41.28699],[-82.28831,41.28709],[-82.28834,41.28588],[-82.28472,41.28585]]]}},{"type":"Feature","properties":{"zcta":"44125","d":995},"geometry":{"type":"Polygon","coordinates":[[[-81.67331,41.44764],[-81.67179,41.44568],[-81.66827,41.44461],[-81.65203,41.44372],[-81.65044,41.44107],[-81.64909,41.43439],[-81.6333,41.44141],[-81.63341,41.43864],[-81.63585,41.43575],[-81.63566,41.43416],[-81.62999,41.43476],[-81.6199,41.43474],[-81.61393,41.43438],[-81.61523,41.435],[-81.61531,41.43991],[-81.59948,41.43093],[-81.59282,41.42922],[-81.59278,41.43232],[-81.58176,41.43505],[-81.5826,41.43086],[-81.58447,41.43015],[-81.58449,41.42852],[-81.58096,41.42739],[-81.58009,41.42427],[-81.58435,41.42265],[-81.58477,41.39164],[-81.58744,41.39169],[-81.5879,41.38762],[-81.58474,41.38455],[-81.58493,41.35822],[-81.58525,41.35109],[-81.59805,41.35116],[-81.59678,41.35447],[-81.59771,41.35693],[-81.60064,41.36115],[-81.60293,41.362],[-81.60621,41.36174],[-81.60671,41.36294],[-81.61208,41.36484],[-81.61558,41.37266],[-81.61265,41.37413],[-81.61274,41.37725],[-81.6118,41.37853],[-81.61448,41.38081],[-81.6197,41.38051],[-81.62016,41.38376],[-81.62311,41.38267],[-81.62772,41.38658],[-81.62945,41.38985],[-81.6282,41.3923],[-81.62967,41.39375],[-81.6296,41.39659],[-81.63177,41.40194],[-81.6339,41.40866],[-81.63494,41.40848],[-81.6406,41.41315],[-81.64043,41.41684],[-81.64447,41.41788],[-81.64608,41.41688],[-81.6481,41.41837],[-81.64799,41.41971],[-81.65419,41.42113],[-81.65569,41.41938],[-81.66069,41.42202],[-81.66342,41.42238],[-81.66358,41.42528],[-81.66567,41.42692],[-81.66844,41.42754],[-81.66918,41.42992],[-81.66612,41.43285],[-81.66346,41.4346],[-81.6636,41.43699],[-81.66748,41.43792],[-81.66869,41.44],[-81.67189,41.43829],[-81.67776,41.44141],[-81.67739,41.44408],[-81.68139,41.44372],[-81.68436,41.44586],[-81.68463,41.44735],[-81.67331,41.44764]]]}},{"type":"Feature","properties":{"zcta":"44135","d":1273},"geometry":{"type":"Polygon","coordinates":[[[-81.86859,41.41984],[-81.86143,41.41944],[-81.85884,41.42139],[-81.85651,41.42428],[-81.85498,41.4295],[-81.85347,41.43044],[-81.85063,41.43014],[-81.84839,41.43225],[-81.84516,41.43055],[-81.84347,41.43443],[-81.84548,41.43879],[-81.84363,41.44251],[-81.83941,41.44217],[-81.83387,41.44001],[-81.83137,41.44078],[-81.82966,41.44314],[-81.82451,41.44305],[-81.82297,41.44487],[-81.81924,41.44491],[-81.81794,41.44624],[-81.8165,41.44486],[-81.80699,41.44598],[-81.80657,41.44113],[-81.80559,41.44117],[-81.80141,41.4462],[-81.80138,41.44416],[-81.79678,41.44427],[-81.79586,41.44564],[-81.78469,41.44539],[-81.78664,41.44203],[-81.79059,41.43949],[-81.78826,41.44014],[-81.78151,41.4446],[-81.77881,41.44531],[-81.76888,41.44528],[-81.7668,41.44659],[-81.76438,41.44462],[-81.76917,41.44123],[-81.76949,41.42177],[-81.77602,41.42184],[-81.78029,41.42057],[-81.78116,41.41845],[-81.80164,41.41843],[-81.81774,41.41861],[-81.8183,41.41984],[-81.82328,41.41989],[-81.82446,41.41868],[-81.8308,41.41839],[-81.8273,41.41765],[-81.82723,41.41601],[-81.84267,41.39783],[-81.84841,41.39344],[-81.85004,41.39346],[-81.84937,41.39545],[-81.86643,41.39592],[-81.86886,41.39556],[-81.86915,41.39889],[-81.86867,41.40816],[-81.86866,41.41855],[-81.87318,41.41853],[-81.86859,41.41984]]]}},{"type":"Feature","properties":{"zcta":"44065","d":98},"geometry":{"type":"Polygon","coordinates":[[[-81.27293,41.49972],[-81.26994,41.49791],[-81.26292,41.49753],[-81.25944,41.49468],[-81.25269,41.49495],[-81.25263,41.4979],[-81.24543,41.49814],[-81.24591,41.49994],[-81.24374,41.49996],[-81.24073,41.49985],[-81.23502,41.49818],[-81.23501,41.49035],[-81.22615,41.49045],[-81.22586,41.48774],[-81.21725,41.48778],[-81.21722,41.4949],[-81.21595,41.49459],[-81.21547,41.49753],[-81.19789,41.49754],[-81.19362,41.4954],[-81.18993,41.49562],[-81.19054,41.47082],[-81.19364,41.47091],[-81.19366,41.46329],[-81.19549,41.46152],[-81.19848,41.45389],[-81.20171,41.45055],[-81.20715,41.44702],[-81.20697,41.44468],[-81.20827,41.44314],[-81.20764,41.4402],[-81.20882,41.43245],[-81.21169,41.43104],[-81.21173,41.42874],[-81.23108,41.42874],[-81.23105,41.42543],[-81.29773,41.42509],[-81.29782,41.43967],[-81.29782,41.44013],[-81.28772,41.43991],[-81.28672,41.44313],[-81.28443,41.44315],[-81.28425,41.44014],[-81.28035,41.44019],[-81.28068,41.44165],[-81.27784,41.44217],[-81.27799,41.44552],[-81.27286,41.44565],[-81.27595,41.44947],[-81.2761,41.45541],[-81.28074,41.45535],[-81.28076,41.45918],[-81.27932,41.45921],[-81.2793,41.46224],[-81.27442,41.46224],[-81.27602,41.46488],[-81.27597,41.47022],[-81.28426,41.47018],[-81.28482,41.4657],[-81.28701,41.46558],[-81.28703,41.46403],[-81.29098,41.46448],[-81.29101,41.4701],[-81.29743,41.47005],[-81.29742,41.47504],[-81.29195,41.47508],[-81.29112,41.47915],[-81.28837,41.4801],[-81.29526,41.49099],[-81.29362,41.49008],[-81.29341,41.49237],[-81.29177,41.49327],[-81.29286,41.49463],[-81.28967,41.49823],[-81.28759,41.49817],[-81.28729,41.49961],[-81.27293,41.49972]]]}},{"type":"Feature","properties":{"zcta":"44040","d":172},"geometry":{"type":"Polygon","coordinates":[[[-81.39101,41.56972],[-81.39073,41.53474],[-81.39085,41.50075],[-81.40423,41.50085],[-81.40377,41.49851],[-81.40833,41.49942],[-81.40938,41.49696],[-81.41183,41.49779],[-81.41574,41.49729],[-81.41852,41.49847],[-81.42618,41.49816],[-81.43474,41.49862],[-81.43374,41.50081],[-81.43841,41.50084],[-81.43861,41.51476],[-81.43228,41.51465],[-81.43226,41.52912],[-81.43207,41.533],[-81.42965,41.53311],[-81.42952,41.53713],[-81.43095,41.53956],[-81.43428,41.5382],[-81.43879,41.53846],[-81.43744,41.54281],[-81.43289,41.54285],[-81.428,41.54823],[-81.42469,41.54861],[-81.42001,41.55031],[-81.42027,41.56271],[-81.42267,41.5625],[-81.42255,41.56534],[-81.41994,41.56527],[-81.41994,41.56995],[-81.39101,41.56972]]]}},{"type":"Feature","properties":{"zcta":"44146","d":754},"geometry":{"type":"Polygon","coordinates":[[[-81.57501,41.38461],[-81.57277,41.38561],[-81.5727,41.38747],[-81.56558,41.38746],[-81.56562,41.39491],[-81.55601,41.3949],[-81.55609,41.40522],[-81.5534,41.40796],[-81.55351,41.40957],[-81.53722,41.40963],[-81.52732,41.40946],[-81.52738,41.42317],[-81.52896,41.4241],[-81.53732,41.42429],[-81.53632,41.42857],[-81.50879,41.4182],[-81.50886,41.42423],[-81.4887,41.42427],[-81.48832,41.42427],[-81.48883,41.41075],[-81.48899,41.34975],[-81.51885,41.35016],[-81.52662,41.35048],[-81.58525,41.35109],[-81.58493,41.35822],[-81.58474,41.38455],[-81.57501,41.38461]]]}},{"type":"Feature","properties":{"zcta":"44010","d":42},"geometry":{"type":"MultiPolygon","coordinates":[[[[-80.85249,41.81904],[-80.85104,41.81987],[-80.85178,41.81292],[-80.84931,41.81282],[-80.84924,41.81087],[-80.84099,41.8108],[-80.84102,41.80467],[-80.84889,41.79756],[-80.85455,41.7931],[-80.85249,41.81904]]],[[[-80.86151,41.78907],[-80.85455,41.7931],[-80.85489,41.78904],[-80.85113,41.78902],[-80.83449,41.79858],[-80.8345,41.79783],[-80.82818,41.7977],[-80.82821,41.79635],[-80.81839,41.79639],[-80.82334,41.79328],[-80.83255,41.79049],[-80.83383,41.78893],[-80.80956,41.78903],[-80.80965,41.78173],[-80.81248,41.78062],[-80.8129,41.77697],[-80.81296,41.76379],[-80.81172,41.76221],[-80.80986,41.7623],[-80.80997,41.74275],[-80.81374,41.74191],[-80.81729,41.74221],[-80.81941,41.74076],[-80.81947,41.73724],[-80.8339,41.73727],[-80.83359,41.72333],[-80.83551,41.72327],[-80.83559,41.72057],[-80.83844,41.7204],[-80.84119,41.71813],[-80.84523,41.71845],[-80.8484,41.71678],[-80.85133,41.71648],[-80.85276,41.71417],[-80.86809,41.7143],[-80.86828,41.71808],[-80.86438,41.72343],[-80.86462,41.72542],[-80.8663,41.72593],[-80.86987,41.72295],[-80.87162,41.72483],[-80.86954,41.73007],[-80.86873,41.73073],[-80.88403,41.7308],[-80.88395,41.73397],[-80.88063,41.73572],[-80.88077,41.7383],[-80.88402,41.7402],[-80.88044,41.74157],[-80.88098,41.74608],[-80.87902,41.74828],[-80.88299,41.74938],[-80.88137,41.75175],[-80.87746,41.75018],[-80.87579,41.74823],[-80.87713,41.74724],[-80.8782,41.74237],[-80.87439,41.74194],[-80.87429,41.75326],[-80.88308,41.75412],[-80.88263,41.75519],[-80.88681,41.75656],[-80.89049,41.75865],[-80.88912,41.7605],[-80.89713,41.76057],[-80.89727,41.76223],[-80.89991,41.76233],[-80.89989,41.76745],[-80.90349,41.76724],[-80.90348,41.7818],[-80.8998,41.78205],[-80.88058,41.78201],[-80.88046,41.78917],[-80.86151,41.78907]]]]}},{"type":"Feature","properties":{"zcta":"44046","d":65},"geometry":{"type":"Polygon","coordinates":[[[-81.08247,41.57129],[-81.01748,41.5715],[-81.00284,41.57134],[-81.00279,41.56353],[-81.00419,41.56262],[-81.01799,41.56226],[-81.01968,41.5609],[-81.02132,41.55583],[-81.02013,41.55435],[-81.0228,41.5515],[-81.02331,41.54893],[-81.03001,41.54885],[-81.02987,41.5454],[-81.02702,41.5454],[-81.02699,41.53825],[-81.03036,41.53817],[-81.03047,41.53499],[-81.05138,41.53489],[-81.05176,41.53274],[-81.05863,41.53334],[-81.05867,41.53116],[-81.06163,41.53117],[-81.06163,41.52788],[-81.06768,41.52803],[-81.06684,41.53028],[-81.06779,41.53152],[-81.06647,41.53482],[-81.0724,41.5348],[-81.07362,41.53344],[-81.07361,41.52905],[-81.07465,41.52729],[-81.07362,41.52573],[-81.0786,41.52583],[-81.07863,41.52151],[-81.08034,41.52151],[-81.08036,41.51918],[-81.07783,41.51919],[-81.07782,41.5169],[-81.08107,41.51689],[-81.08107,41.50757],[-81.07847,41.50749],[-81.07849,41.50487],[-81.07535,41.50488],[-81.07534,41.50326],[-81.07253,41.50375],[-81.07376,41.50025],[-81.08001,41.50017],[-81.08021,41.49377],[-81.08361,41.49377],[-81.08503,41.49539],[-81.08698,41.49422],[-81.08817,41.49786],[-81.09033,41.49694],[-81.09441,41.50117],[-81.09993,41.50132],[-81.09995,41.50367],[-81.1039,41.50597],[-81.11693,41.5059],[-81.11706,41.51049],[-81.12101,41.51054],[-81.12098,41.516],[-81.11138,41.51789],[-81.11219,41.52306],[-81.12207,41.52303],[-81.12211,41.5266],[-81.1343,41.52608],[-81.13442,41.5227],[-81.14182,41.52255],[-81.14326,41.5201],[-81.14413,41.52009],[-81.14415,41.53213],[-81.11788,41.53222],[-81.1002,41.53462],[-81.10034,41.54537],[-81.09449,41.54549],[-81.09513,41.55328],[-81.09712,41.5533],[-81.09719,41.56253],[-81.09208,41.5628],[-81.09108,41.56616],[-81.0897,41.56734],[-81.09013,41.56943],[-81.092,41.57159],[-81.08247,41.57129]]]}},{"type":"Feature","properties":{"zcta":"44053","d":899},"geometry":{"type":"Polygon","coordinates":[[[-82.19959,41.46007],[-82.20288,41.45789],[-82.20233,41.45281],[-82.20249,41.44169],[-82.20024,41.44216],[-82.18937,41.44219],[-82.18533,41.44173],[-82.18547,41.43349],[-82.18402,41.4335],[-82.18405,41.42989],[-82.18305,41.42933],[-82.18328,41.41993],[-82.1846,41.41824],[-82.17887,41.4219],[-82.17964,41.42278],[-82.17913,41.42638],[-82.17802,41.42321],[-82.17684,41.42291],[-82.17281,41.42451],[-82.16407,41.425],[-82.1636,41.41817],[-82.16134,41.41817],[-82.16071,41.41817],[-82.16017,41.4168],[-82.15716,41.41607],[-82.16166,41.41606],[-82.16433,41.41353],[-82.16416,41.4111],[-82.15845,41.41036],[-82.15249,41.40775],[-82.17725,41.40033],[-82.17935,41.39938],[-82.18117,41.40264],[-82.18335,41.4012],[-82.18381,41.4071],[-82.18263,41.41101],[-82.18771,41.41123],[-82.18265,41.41161],[-82.18383,41.41403],[-82.18726,41.41654],[-82.1872,41.41824],[-82.21886,41.41834],[-82.21881,41.42488],[-82.21987,41.42629],[-82.22836,41.42625],[-82.22867,41.42302],[-82.23068,41.42233],[-82.23048,41.42057],[-82.22856,41.41862],[-82.23136,41.41831],[-82.23315,41.41548],[-82.23546,41.41526],[-82.23585,41.41174],[-82.23893,41.41233],[-82.23891,41.41334],[-82.24843,41.41337],[-82.24847,41.41181],[-82.25133,41.41126],[-82.25236,41.41824],[-82.26745,41.41824],[-82.26735,41.41076],[-82.27013,41.41069],[-82.27035,41.40762],[-82.2725,41.40657],[-82.28295,41.40809],[-82.29214,41.40984],[-82.29158,41.4113],[-82.28668,41.41142],[-82.28705,41.41838],[-82.28339,41.41852],[-82.28349,41.42928],[-82.26848,41.43084],[-82.25465,41.43431],[-82.25078,41.43702],[-82.24441,41.43883],[-82.23684,41.44234],[-82.22559,41.44799],[-82.21676,41.45312],[-82.21645,41.45431],[-82.21297,41.45516],[-82.19979,41.46147],[-82.19959,41.46007]]]}},{"type":"Feature","properties":{"zcta":"44001","d":334},"geometry":{"type":"MultiPolygon","coordinates":[[[[-82.28831,41.28709],[-82.28162,41.28699],[-82.28073,41.29919],[-82.28042,41.30967],[-82.27658,41.30965],[-82.27666,41.31189],[-82.274,41.31187],[-82.27267,41.31314],[-82.2726,41.31667],[-82.26722,41.31661],[-82.26764,41.29136],[-82.2763,41.28855],[-82.27648,41.28056],[-82.2788,41.28006],[-82.28492,41.28008],[-82.28472,41.28585],[-82.28834,41.28588],[-82.28831,41.28709]]],[[[-82.3084,41.30976],[-82.30452,41.30976],[-82.30462,41.31128],[-82.3007,41.31307],[-82.30067,41.31439],[-82.29357,41.31431],[-82.29386,41.2982],[-82.29087,41.29823],[-82.29099,41.29487],[-82.28941,41.29487],[-82.29043,41.28815],[-82.28967,41.28611],[-82.29133,41.28493],[-82.29535,41.28498],[-82.29639,41.28719],[-82.3014,41.28725],[-82.30319,41.28802],[-82.30244,41.2895],[-82.30227,41.29648],[-82.30902,41.29654],[-82.3084,41.30976]]],[[[-82.31408,41.32014],[-82.31182,41.31784],[-82.30793,41.31684],[-82.30753,41.31496],[-82.31682,41.31524],[-82.31698,41.32016],[-82.31408,41.32014]]],[[[-82.2725,41.40657],[-82.27035,41.40762],[-82.27013,41.41069],[-82.26735,41.41076],[-82.26745,41.41824],[-82.25236,41.41824],[-82.25133,41.41126],[-82.24847,41.41181],[-82.24843,41.41337],[-82.23891,41.41334],[-82.23893,41.41233],[-82.23585,41.41174],[-82.23546,41.41526],[-82.23315,41.41548],[-82.23136,41.41831],[-82.22856,41.41862],[-82.23048,41.42057],[-82.23068,41.42233],[-82.22867,41.42302],[-82.22836,41.42625],[-82.21987,41.42629],[-82.21881,41.42488],[-82.21886,41.41834],[-82.1872,41.41824],[-82.18726,41.41654],[-82.18383,41.41403],[-82.18265,41.41161],[-82.18771,41.41123],[-82.18263,41.41101],[-82.18381,41.4071],[-82.18335,41.4012],[-82.18117,41.40264],[-82.17935,41.39938],[-82.18188,41.39783],[-82.20286,41.38144],[-82.20373,41.37647],[-82.20533,41.37595],[-82.20546,41.37194],[-82.20373,41.37032],[-82.20507,41.36689],[-82.21036,41.36671],[-82.21184,41.3632],[-82.21352,41.36319],[-82.2148,41.35865],[-82.21943,41.35865],[-82.22128,41.3534],[-82.21671,41.35251],[-82.22348,41.35265],[-82.22531,41.34704],[-82.22305,41.34096],[-82.22272,41.33797],[-82.22828,41.33804],[-82.22891,41.33616],[-82.23907,41.33635],[-82.23979,41.33771],[-82.24177,41.3364],[-82.24684,41.33649],[-82.24678,41.33832],[-82.25668,41.33844],[-82.25943,41.33626],[-82.26682,41.33633],[-82.26716,41.32053],[-82.27054,41.31999],[-82.27255,41.31857],[-82.27239,41.32507],[-82.27583,41.32573],[-82.27603,41.32903],[-82.27423,41.33067],[-82.27626,41.33687],[-82.2785,41.3395],[-82.28546,41.34013],[-82.28622,41.34485],[-82.29176,41.34294],[-82.29175,41.34066],[-82.29443,41.34072],[-82.29447,41.3425],[-82.30005,41.34115],[-82.30006,41.34197],[-82.31757,41.33834],[-82.31698,41.32016],[-82.32174,41.32001],[-82.32546,41.32139],[-82.32182,41.32689],[-82.32485,41.32904],[-82.32542,41.33108],[-82.32825,41.33154],[-82.32894,41.33284],[-82.3326,41.33295],[-82.33568,41.33472],[-82.33474,41.33711],[-82.33805,41.33868],[-82.33765,41.34119],[-82.34181,41.34411],[-82.34237,41.34587],[-82.34076,41.34718],[-82.33847,41.34707],[-82.3349,41.34974],[-82.33382,41.35228],[-82.33919,41.35448],[-82.34199,41.35678],[-82.34211,41.35907],[-82.33773,41.36085],[-82.33206,41.35892],[-82.32851,41.36168],[-82.32399,41.35961],[-82.32276,41.36149],[-82.32003,41.36071],[-82.31976,41.35758],[-82.31853,41.35738],[-82.31499,41.3603],[-82.31209,41.36174],[-82.31354,41.36367],[-82.31525,41.36378],[-82.31496,41.36551],[-82.31025,41.36795],[-82.31044,41.36975],[-82.3144,41.37147],[-82.31529,41.3701],[-82.31801,41.36977],[-82.31858,41.37383],[-82.31708,41.37668],[-82.31741,41.37866],[-82.31237,41.37967],[-82.31377,41.38319],[-82.31641,41.38207],[-82.31878,41.38266],[-82.31493,41.38406],[-82.31178,41.38248],[-82.31078,41.37968],[-82.30387,41.38236],[-82.30388,41.383],[-82.29617,41.38517],[-82.29228,41.38681],[-82.28239,41.38645],[-82.28295,41.40809],[-82.2725,41.40657]]]]}},{"type":"Feature","properties":{"zcta":"44086","d":41},"geometry":{"type":"Polygon","coordinates":[[[-81.11503,41.70687],[-81.1135,41.70562],[-81.11301,41.70146],[-81.10714,41.69779],[-81.10213,41.69645],[-81.10218,41.69986],[-81.10018,41.69993],[-81.10009,41.70224],[-81.0875,41.70213],[-81.08548,41.70315],[-81.08285,41.70103],[-81.08249,41.7055],[-81.08117,41.7055],[-81.08053,41.70231],[-81.0774,41.7024],[-81.07738,41.70086],[-81.06452,41.70069],[-81.06293,41.70475],[-81.05844,41.70423],[-81.05843,41.70676],[-81.0572,41.70776],[-81.05588,41.71184],[-81.05414,41.71334],[-81.05112,41.71307],[-81.05093,41.71449],[-81.03853,41.71451],[-81.0385,41.7066],[-81.0225,41.70651],[-81.0227,41.71461],[-81.017,41.71466],[-81.01697,41.71366],[-81.01311,41.71375],[-81.01306,41.71095],[-81.00349,41.71111],[-81.00272,41.69063],[-81.00319,41.69044],[-81.00316,41.67831],[-80.99604,41.67821],[-80.9978,41.67669],[-80.99923,41.67143],[-81.00306,41.6713],[-81.00309,41.66642],[-81.00278,41.642],[-80.99258,41.64203],[-80.9923,41.63321],[-81.00278,41.6332],[-81.0028,41.63539],[-81.0069,41.637],[-81.00656,41.63847],[-81.01018,41.63989],[-81.01518,41.64047],[-81.01835,41.63659],[-81.02102,41.63612],[-81.02432,41.63744],[-81.02587,41.64131],[-81.02658,41.64005],[-81.03298,41.63996],[-81.03378,41.63857],[-81.03744,41.63852],[-81.0375,41.64023],[-81.04505,41.64025],[-81.0448,41.64126],[-81.04865,41.64109],[-81.04905,41.63908],[-81.06155,41.63897],[-81.06189,41.6404],[-81.06468,41.64054],[-81.06523,41.64166],[-81.07881,41.64156],[-81.08161,41.64815],[-81.07816,41.64818],[-81.07829,41.6498],[-81.08013,41.64978],[-81.08196,41.6515],[-81.08667,41.64833],[-81.08811,41.64901],[-81.09323,41.64671],[-81.09327,41.64523],[-81.09867,41.64508],[-81.09862,41.64146],[-81.10142,41.64146],[-81.1015,41.64736],[-81.11265,41.6473],[-81.11267,41.65817],[-81.12005,41.65851],[-81.12138,41.65889],[-81.11804,41.66074],[-81.11831,41.66342],[-81.11761,41.6675],[-81.11592,41.66852],[-81.11736,41.67097],[-81.11509,41.67069],[-81.11395,41.67196],[-81.11582,41.6755],[-81.11194,41.67741],[-81.1143,41.67939],[-81.11359,41.68274],[-81.11645,41.68205],[-81.11955,41.68749],[-81.11978,41.69099],[-81.12211,41.69207],[-81.12181,41.69365],[-81.12404,41.69543],[-81.1245,41.69888],[-81.12817,41.70212],[-81.12844,41.70648],[-81.1278,41.70705],[-81.11503,41.70687]]]}},{"type":"Feature","properties":{"zcta":"44137","d":2228},"geometry":{"type":"Polygon","coordinates":[[[-81.57126,41.42426],[-81.56732,41.42259],[-81.56488,41.42431],[-81.53732,41.42429],[-81.52896,41.4241],[-81.52738,41.42317],[-81.52732,41.40946],[-81.53722,41.40963],[-81.55351,41.40957],[-81.5534,41.40796],[-81.55609,41.40522],[-81.55601,41.3949],[-81.56562,41.39491],[-81.56558,41.38746],[-81.5727,41.38747],[-81.57277,41.38561],[-81.57501,41.38461],[-81.58474,41.38455],[-81.5879,41.38762],[-81.58744,41.39169],[-81.58477,41.39164],[-81.58435,41.42265],[-81.58009,41.42427],[-81.57126,41.42426]]]}},{"type":"Feature","properties":{"zcta":"44104","d":1347},"geometry":{"type":"Polygon","coordinates":[[[-81.6493,41.49623],[-81.63346,41.49624],[-81.63348,41.49722],[-81.62961,41.49724],[-81.62819,41.49635],[-81.62733,41.49245],[-81.62163,41.49343],[-81.62161,41.49074],[-81.61625,41.49346],[-81.60973,41.49292],[-81.60518,41.49778],[-81.60299,41.49497],[-81.60162,41.49464],[-81.60157,41.49041],[-81.6029,41.48694],[-81.60291,41.48386],[-81.6065,41.48388],[-81.60651,41.48293],[-81.6029,41.48227],[-81.60362,41.48061],[-81.60289,41.4748],[-81.60806,41.47458],[-81.60803,41.4719],[-81.60383,41.4713],[-81.60433,41.46837],[-81.60286,41.46807],[-81.60417,41.46365],[-81.6261,41.46347],[-81.62655,41.46593],[-81.62555,41.47322],[-81.6271,41.47399],[-81.62903,41.46825],[-81.63273,41.46908],[-81.63275,41.47299],[-81.63868,41.47315],[-81.64116,41.47428],[-81.64245,41.4765],[-81.64251,41.47989],[-81.64723,41.48145],[-81.65148,41.48053],[-81.65151,41.48187],[-81.6553,41.482],[-81.66043,41.4844],[-81.65635,41.49645],[-81.6493,41.49623]]]}},{"type":"Feature","properties":{"zcta":"44115","d":1451},"geometry":{"type":"Polygon","coordinates":[[[-81.69119,41.49958],[-81.68632,41.49975],[-81.68745,41.50105],[-81.68039,41.50325],[-81.67497,41.50378],[-81.6746,41.50174],[-81.66989,41.50227],[-81.67025,41.50422],[-81.66219,41.50473],[-81.65833,41.50535],[-81.65714,41.49987],[-81.65805,41.49975],[-81.65739,41.49649],[-81.65635,41.49645],[-81.66043,41.4844],[-81.6553,41.482],[-81.65151,41.48187],[-81.65148,41.48053],[-81.65147,41.47977],[-81.6617,41.47978],[-81.66146,41.47696],[-81.66723,41.47601],[-81.66762,41.47717],[-81.67057,41.47852],[-81.67323,41.47819],[-81.67565,41.4803],[-81.67741,41.48497],[-81.68174,41.48957],[-81.6856,41.48808],[-81.68552,41.48966],[-81.68103,41.4906],[-81.67454,41.48816],[-81.67448,41.48935],[-81.66944,41.48831],[-81.66672,41.48713],[-81.66598,41.48933],[-81.66869,41.49033],[-81.67799,41.49228],[-81.68531,41.4936],[-81.69025,41.49654],[-81.6933,41.49672],[-81.69216,41.4979],[-81.69119,41.49958]]]}},{"type":"Feature","properties":{"zcta":"44004","d":197},"geometry":{"type":"Polygon","coordinates":[[[-80.90055,41.86855],[-80.88736,41.87387],[-80.88017,41.87583],[-80.8748,41.87854],[-80.8696,41.88028],[-80.8615,41.8818],[-80.85134,41.88521],[-80.84395,41.88941],[-80.84021,41.89056],[-80.83522,41.89117],[-80.82802,41.89368],[-80.82533,41.89337],[-80.8155,41.8973],[-80.8087,41.90161],[-80.80413,41.90613],[-80.80148,41.90649],[-80.80064,41.90962],[-80.79773,41.90953],[-80.79708,41.9109],[-80.79442,41.91011],[-80.78979,41.91021],[-80.78959,41.91153],[-80.78267,41.91158],[-80.7828,41.90739],[-80.78133,41.907],[-80.77313,41.90822],[-80.75795,41.91335],[-80.75375,41.91548],[-80.74816,41.9166],[-80.7373,41.91772],[-80.7313,41.91792],[-80.72081,41.91962],[-80.71294,41.92202],[-80.71095,41.91817],[-80.70832,41.91616],[-80.70847,41.91316],[-80.70559,41.91098],[-80.70574,41.90899],[-80.7028,41.9093],[-80.69447,41.90918],[-80.69208,41.90957],[-80.69055,41.90597],[-80.68906,41.90272],[-80.67995,41.90317],[-80.66959,41.90309],[-80.68045,41.89776],[-80.6974,41.89125],[-80.69734,41.88617],[-80.69644,41.88488],[-80.70086,41.88457],[-80.70086,41.87651],[-80.69809,41.87499],[-80.70599,41.87514],[-80.7121,41.87607],[-80.71313,41.8741],[-80.70848,41.87459],[-80.70643,41.87253],[-80.71029,41.87013],[-80.70977,41.86812],[-80.70741,41.86615],[-80.70894,41.86385],[-80.66624,41.86353],[-80.66608,41.84942],[-80.66475,41.84471],[-80.66621,41.8447],[-80.66709,41.83963],[-80.6695,41.83948],[-80.66949,41.8359],[-80.6742,41.83591],[-80.67405,41.82954],[-80.66686,41.8295],[-80.66682,41.82639],[-80.66422,41.82636],[-80.66418,41.82496],[-80.68364,41.82512],[-80.68385,41.83255],[-80.68848,41.83252],[-80.68847,41.82982],[-80.69534,41.82986],[-80.6954,41.83373],[-80.69807,41.83373],[-80.69822,41.82385],[-80.70157,41.82298],[-80.70529,41.82296],[-80.7053,41.81238],[-80.71319,41.81259],[-80.7363,41.81278],[-80.73633,41.80644],[-80.74446,41.80748],[-80.74779,41.81174],[-80.74857,41.8146],[-80.74873,41.80062],[-80.75353,41.80425],[-80.75778,41.8084],[-80.76303,41.80354],[-80.76377,41.80223],[-80.76408,41.7964],[-80.77758,41.79641],[-80.76867,41.80472],[-80.77037,41.80577],[-80.77284,41.80382],[-80.80148,41.80384],[-80.80562,41.80159],[-80.81604,41.79871],[-80.81839,41.79639],[-80.82821,41.79635],[-80.82818,41.7977],[-80.8345,41.79783],[-80.83449,41.79858],[-80.85113,41.78902],[-80.85489,41.78904],[-80.85455,41.7931],[-80.86151,41.78907],[-80.88046,41.78917],[-80.89851,41.78917],[-80.89914,41.80198],[-80.89705,41.8008],[-80.89426,41.8019],[-80.88987,41.8064],[-80.88675,41.80671],[-80.88017,41.80859],[-80.88014,41.8136],[-80.88237,41.81267],[-80.8957,41.80849],[-80.90344,41.80798],[-80.90343,41.80977],[-80.89462,41.81219],[-80.88004,41.8191],[-80.88,41.82366],[-80.88125,41.82318],[-80.88149,41.83434],[-80.88305,41.83532],[-80.90345,41.82624],[-80.90344,41.85433],[-80.91654,41.85435],[-80.91654,41.85473],[-80.90344,41.85954],[-80.90343,41.86796],[-80.90055,41.86855]],[[-80.84889,41.79756],[-80.84102,41.80467],[-80.84099,41.8108],[-80.84924,41.81087],[-80.84931,41.81282],[-80.85178,41.81292],[-80.85104,41.81987],[-80.85249,41.81904],[-80.85455,41.7931],[-80.84889,41.79756]]]}},{"type":"Feature","properties":{"zcta":"44275","d":43},"geometry":{"type":"Polygon","coordinates":[[[-82.18085,41.09787],[-82.18078,41.10022],[-82.17069,41.10017],[-82.17005,41.12978],[-82.1675,41.12833],[-82.16483,41.13086],[-82.16111,41.13226],[-82.16083,41.13],[-82.14468,41.12955],[-82.13949,41.12982],[-82.13626,41.13145],[-82.13011,41.13159],[-82.12798,41.13285],[-82.12683,41.13183],[-82.12275,41.13222],[-82.12277,41.13674],[-82.11657,41.13669],[-82.11633,41.1402],[-82.11246,41.14078],[-82.11353,41.1414],[-82.10836,41.14347],[-82.10618,41.14304],[-82.09553,41.13703],[-82.0901,41.13651],[-82.09128,41.1348],[-82.08878,41.13235],[-82.08597,41.13335],[-82.0828,41.13233],[-82.07652,41.13297],[-82.07194,41.13183],[-82.06975,41.13249],[-82.0597,41.13372],[-82.05447,41.13343],[-82.06219,41.12546],[-82.05759,41.12542],[-82.05797,41.11306],[-82.05473,41.11341],[-82.05181,41.11476],[-82.05127,41.11673],[-82.04618,41.12091],[-82.04579,41.12312],[-82.04316,41.12529],[-82.02402,41.1252],[-82.02374,41.13605],[-82.00402,41.13595],[-82.00426,41.13012],[-82.00945,41.13015],[-82.00954,41.12512],[-82.01087,41.12299],[-82.00912,41.12298],[-82.00909,41.12085],[-82.00651,41.12084],[-82.00663,41.11707],[-82.00428,41.11695],[-82.00448,41.11338],[-82.00296,41.11225],[-82.0137,41.1124],[-82.01436,41.10981],[-82.01776,41.10654],[-82.01803,41.10483],[-82.02113,41.10122],[-82.02431,41.09931],[-82.0244,41.09089],[-82.02268,41.09068],[-82.02357,41.08741],[-82.02303,41.08474],[-82.02358,41.08039],[-82.02255,41.07776],[-82.02451,41.07715],[-82.02538,41.07352],[-82.03028,41.07357],[-82.03033,41.07149],[-82.03596,41.0715],[-82.03606,41.06762],[-82.04055,41.06767],[-82.04417,41.06842],[-82.03864,41.06265],[-82.05081,41.06268],[-82.05215,41.065],[-82.05599,41.06548],[-82.05841,41.06719],[-82.05811,41.06882],[-82.06313,41.07124],[-82.06379,41.07366],[-82.06172,41.07543],[-82.06913,41.0756],[-82.06473,41.07187],[-82.06933,41.07003],[-82.06943,41.06806],[-82.07581,41.06817],[-82.07646,41.06762],[-82.07661,41.06283],[-82.12474,41.06342],[-82.12383,41.06843],[-82.14327,41.06866],[-82.14284,41.08359],[-82.14615,41.08361],[-82.14618,41.07836],[-82.15269,41.07846],[-82.15282,41.07365],[-82.15884,41.07361],[-82.16052,41.07218],[-82.1606,41.0689],[-82.16748,41.069],[-82.17136,41.06985],[-82.18141,41.06995],[-82.18134,41.07216],[-82.18448,41.07223],[-82.18518,41.07349],[-82.18376,41.07699],[-82.19017,41.07711],[-82.19007,41.08056],[-82.18908,41.08437],[-82.20109,41.08449],[-82.20087,41.09297],[-82.18085,41.09787]]]}},{"type":"Feature","properties":{"zcta":"44028","d":166},"geometry":{"type":"Polygon","coordinates":[[[-81.9833,41.35154],[-81.97126,41.35127],[-81.92227,41.35087],[-81.87696,41.35069],[-81.87764,41.31244],[-81.87805,41.27504],[-81.88352,41.27501],[-81.89785,41.27492],[-81.90623,41.27539],[-81.92044,41.27538],[-81.927,41.27482],[-81.97249,41.27483],[-81.97272,41.26138],[-81.97392,41.25982],[-81.9811,41.25989],[-82.00264,41.26011],[-82.00258,41.26248],[-82.00523,41.26125],[-82.00787,41.26128],[-82.0078,41.2675],[-82.0121,41.26751],[-82.01195,41.27469],[-82.00797,41.27474],[-82.00788,41.28292],[-82.00247,41.28301],[-82.0016,41.28542],[-82.00152,41.2965],[-82.00101,41.2974],[-81.99468,41.29703],[-81.99464,41.29593],[-81.99102,41.29538],[-81.99103,41.29427],[-81.98815,41.29456],[-81.98847,41.30034],[-81.98682,41.3011],[-81.9868,41.30457],[-81.98552,41.30461],[-81.9855,41.30691],[-81.98706,41.30696],[-81.98701,41.3118],[-81.98414,41.31358],[-81.98425,41.32267],[-81.98844,41.32283],[-81.98811,41.32751],[-82.00126,41.32774],[-82.00115,41.33884],[-81.99734,41.33953],[-81.99209,41.34217],[-81.99087,41.34336],[-81.99049,41.35137],[-81.9833,41.35154]]]}},{"type":"Feature","properties":{"zcta":"44072","d":132},"geometry":{"type":"Polygon","coordinates":[[[-81.36216,41.50045],[-81.32691,41.50019],[-81.32376,41.50038],[-81.30325,41.4997],[-81.29707,41.49992],[-81.29707,41.50593],[-81.28723,41.50601],[-81.28674,41.50386],[-81.28844,41.5021],[-81.28729,41.49961],[-81.28759,41.49817],[-81.28967,41.49823],[-81.29286,41.49463],[-81.29177,41.49327],[-81.29341,41.49237],[-81.29362,41.49008],[-81.29526,41.49099],[-81.28837,41.4801],[-81.29112,41.47915],[-81.29195,41.47508],[-81.29742,41.47504],[-81.29743,41.47005],[-81.29101,41.4701],[-81.29098,41.46448],[-81.28703,41.46403],[-81.28701,41.46558],[-81.28482,41.4657],[-81.28426,41.47018],[-81.27597,41.47022],[-81.27602,41.46488],[-81.27442,41.46224],[-81.2793,41.46224],[-81.27932,41.45921],[-81.28076,41.45918],[-81.28074,41.45535],[-81.2761,41.45541],[-81.27595,41.44947],[-81.27286,41.44565],[-81.27799,41.44552],[-81.27784,41.44217],[-81.28068,41.44165],[-81.28035,41.44019],[-81.28425,41.44014],[-81.28443,41.44315],[-81.28672,41.44313],[-81.28772,41.43991],[-81.29782,41.44013],[-81.29782,41.43967],[-81.30384,41.43915],[-81.3358,41.43865],[-81.33568,41.44098],[-81.33825,41.44096],[-81.33871,41.45229],[-81.34811,41.45223],[-81.34983,41.45335],[-81.34963,41.45675],[-81.35259,41.46002],[-81.35756,41.45846],[-81.35982,41.45676],[-81.36386,41.45756],[-81.3669,41.45517],[-81.36848,41.45944],[-81.37281,41.45824],[-81.38307,41.45814],[-81.39133,41.45926],[-81.3913,41.46075],[-81.37987,41.46755],[-81.38213,41.4704],[-81.37746,41.47645],[-81.37764,41.47851],[-81.3826,41.47858],[-81.38247,41.49244],[-81.38107,41.49452],[-81.3817,41.4977],[-81.37789,41.50041],[-81.36216,41.50045]]]}},{"type":"Feature","properties":{"zcta":"44117","d":1221},"geometry":{"type":"Polygon","coordinates":[[[-81.53848,41.57131],[-81.54371,41.57341],[-81.54532,41.5731],[-81.54873,41.57486],[-81.52673,41.58634],[-81.51851,41.59049],[-81.51631,41.59028],[-81.51467,41.58833],[-81.51041,41.5914],[-81.50515,41.58575],[-81.50285,41.58732],[-81.50149,41.58616],[-81.5026,41.5836],[-81.50166,41.58095],[-81.50253,41.58008],[-81.50249,41.57399],[-81.51178,41.574],[-81.51151,41.57098],[-81.51416,41.57097],[-81.51416,41.56947],[-81.51693,41.56814],[-81.51416,41.56812],[-81.51452,41.56542],[-81.51993,41.5642],[-81.52103,41.56264],[-81.52406,41.5619],[-81.53023,41.5615],[-81.53329,41.5602],[-81.53476,41.55805],[-81.53187,41.55496],[-81.53108,41.55217],[-81.52898,41.55105],[-81.52928,41.54954],[-81.52725,41.54671],[-81.5276,41.54533],[-81.53274,41.54535],[-81.5405,41.55106],[-81.54386,41.5526],[-81.54413,41.55604],[-81.54779,41.55855],[-81.5521,41.56145],[-81.55366,41.56167],[-81.53848,41.57131]]]}},{"type":"Feature","properties":{"zcta":"44118","d":2465},"geometry":{"type":"Polygon","coordinates":[[[-81.59122,41.51613],[-81.58559,41.51615],[-81.58401,41.51996],[-81.58624,41.52177],[-81.58473,41.52324],[-81.57897,41.52269],[-81.57657,41.52332],[-81.5653,41.52338],[-81.55786,41.52603],[-81.55676,41.52452],[-81.55319,41.52318],[-81.55282,41.52043],[-81.54643,41.52064],[-81.54625,41.51312],[-81.54147,41.51243],[-81.54152,41.50843],[-81.54611,41.50838],[-81.54612,41.50601],[-81.53635,41.50601],[-81.53631,41.5024],[-81.53134,41.5024],[-81.53135,41.4991],[-81.5233,41.50136],[-81.52149,41.49974],[-81.52149,41.50136],[-81.51945,41.50136],[-81.51702,41.49801],[-81.51705,41.49226],[-81.51779,41.48914],[-81.51962,41.48914],[-81.51705,41.48635],[-81.51856,41.48581],[-81.53626,41.4859],[-81.53623,41.48383],[-81.5386,41.48471],[-81.54002,41.48363],[-81.55019,41.48316],[-81.5516,41.48145],[-81.55036,41.48014],[-81.55489,41.481],[-81.55834,41.48094],[-81.56184,41.48264],[-81.56508,41.48305],[-81.56508,41.4842],[-81.57328,41.48492],[-81.58111,41.48895],[-81.58237,41.49003],[-81.58259,41.49113],[-81.58048,41.4956],[-81.58125,41.49594],[-81.57996,41.50093],[-81.57998,41.51172],[-81.58802,41.50872],[-81.59127,41.50871],[-81.59123,41.5135],[-81.59122,41.51613]]]}},{"type":"Feature","properties":{"zcta":"44120","d":2659},"geometry":{"type":"Polygon","coordinates":[[[-81.58302,41.49061],[-81.58237,41.49003],[-81.58111,41.48895],[-81.57328,41.48492],[-81.56508,41.4842],[-81.56508,41.48305],[-81.56184,41.48264],[-81.55834,41.48094],[-81.55489,41.481],[-81.55036,41.48014],[-81.55003,41.47449],[-81.55317,41.47258],[-81.55595,41.47251],[-81.55627,41.46873],[-81.55486,41.46771],[-81.5561,41.45814],[-81.5555,41.45721],[-81.56853,41.45715],[-81.57251,41.45755],[-81.58464,41.4575],[-81.58461,41.45345],[-81.59115,41.45316],[-81.59115,41.45571],[-81.59273,41.45688],[-81.59117,41.45783],[-81.59204,41.46124],[-81.59117,41.46374],[-81.59405,41.46435],[-81.59814,41.4637],[-81.60417,41.46365],[-81.60286,41.46807],[-81.60433,41.46837],[-81.60383,41.4713],[-81.60803,41.4719],[-81.60806,41.47458],[-81.60289,41.4748],[-81.60362,41.48061],[-81.6029,41.48227],[-81.60651,41.48293],[-81.6065,41.48388],[-81.60291,41.48386],[-81.6029,41.48694],[-81.60157,41.49041],[-81.60162,41.49464],[-81.58302,41.49061]]]}},{"type":"Feature","properties":{"zcta":"44126","d":2002},"geometry":{"type":"Polygon","coordinates":[[[-81.87449,41.44994],[-81.85874,41.44973],[-81.8588,41.45674],[-81.85834,41.45873],[-81.85392,41.46066],[-81.85417,41.46126],[-81.8495,41.4628],[-81.84871,41.46167],[-81.84896,41.45396],[-81.84046,41.45394],[-81.84065,41.45773],[-81.83174,41.45759],[-81.83086,41.46065],[-81.83214,41.46465],[-81.82344,41.46513],[-81.81957,41.46694],[-81.81589,41.46626],[-81.81727,41.4647],[-81.82338,41.46391],[-81.82359,41.46218],[-81.81915,41.45693],[-81.82228,41.45503],[-81.82478,41.45157],[-81.82726,41.45027],[-81.83046,41.45237],[-81.83208,41.45205],[-81.83126,41.4452],[-81.82966,41.44314],[-81.83137,41.44078],[-81.83387,41.44001],[-81.83941,41.44217],[-81.84363,41.44251],[-81.84548,41.43879],[-81.84347,41.43443],[-81.84516,41.43055],[-81.84839,41.43225],[-81.85063,41.43014],[-81.85347,41.43044],[-81.85498,41.4295],[-81.85651,41.42428],[-81.85884,41.42139],[-81.86143,41.41944],[-81.86859,41.41984],[-81.87318,41.41853],[-81.87536,41.41765],[-81.87511,41.43709],[-81.87445,41.44625],[-81.87467,41.44811],[-81.87449,41.44994]]]}},{"type":"Feature","properties":{"zcta":"44136","d":985},"geometry":{"type":"Polygon","coordinates":[[[-81.78506,41.3507],[-81.78527,41.3359],[-81.78534,41.31353],[-81.7851,41.27645],[-81.83592,41.2756],[-81.83508,41.27724],[-81.83516,41.28687],[-81.83795,41.28761],[-81.83634,41.29032],[-81.83627,41.29303],[-81.83838,41.29364],[-81.83749,41.29721],[-81.83751,41.30357],[-81.83604,41.30534],[-81.83763,41.30591],[-81.83641,41.30783],[-81.8365,41.31392],[-81.83515,41.31428],[-81.83644,41.31643],[-81.83987,41.31692],[-81.84015,41.3268],[-81.83825,41.32684],[-81.83748,41.33019],[-81.84016,41.33064],[-81.83797,41.33299],[-81.83615,41.33346],[-81.83252,41.33627],[-81.83457,41.33742],[-81.83572,41.34192],[-81.83236,41.34108],[-81.8307,41.34216],[-81.82815,41.34129],[-81.82412,41.34614],[-81.82872,41.34749],[-81.82452,41.35072],[-81.78506,41.3507]]]}},{"type":"Feature","properties":{"zcta":"44134","d":2110},"geometry":{"type":"Polygon","coordinates":[[[-81.73182,41.35982],[-81.72646,41.36093],[-81.72392,41.36084],[-81.72204,41.36258],[-81.71954,41.36271],[-81.72005,41.36005],[-81.71846,41.35976],[-81.71636,41.36699],[-81.72264,41.36758],[-81.72264,41.36984],[-81.71873,41.36987],[-81.71873,41.37089],[-81.7226,41.37092],[-81.72279,41.3797],[-81.72348,41.38102],[-81.72336,41.38946],[-81.72276,41.39137],[-81.72276,41.40214],[-81.7187,41.40216],[-81.7187,41.40325],[-81.72276,41.40324],[-81.72278,41.41597],[-81.72219,41.41873],[-81.72386,41.41872],[-81.72195,41.42102],[-81.72444,41.42184],[-81.70976,41.4215],[-81.70977,41.42127],[-81.69566,41.42091],[-81.69512,41.41918],[-81.68546,41.41942],[-81.68459,41.36604],[-81.68458,41.35097],[-81.70367,41.35091],[-81.72714,41.35094],[-81.73423,41.3528],[-81.73182,41.35982]]]}},{"type":"Feature","properties":{"zcta":"44021","d":72},"geometry":{"type":"Polygon","coordinates":[[[-81.18411,41.49601],[-81.18147,41.49697],[-81.18143,41.50058],[-81.14508,41.50092],[-81.1441,41.50357],[-81.14411,41.51221],[-81.13969,41.51222],[-81.1397,41.51384],[-81.13744,41.51464],[-81.13747,41.51602],[-81.13997,41.51601],[-81.14002,41.51744],[-81.14244,41.51746],[-81.14326,41.5201],[-81.14182,41.52255],[-81.13442,41.5227],[-81.1343,41.52608],[-81.12211,41.5266],[-81.12207,41.52303],[-81.11219,41.52306],[-81.11138,41.51789],[-81.12098,41.516],[-81.12101,41.51054],[-81.11706,41.51049],[-81.11693,41.5059],[-81.1039,41.50597],[-81.09995,41.50367],[-81.09993,41.50132],[-81.09983,41.4954],[-81.10119,41.49296],[-81.10354,41.49141],[-81.10497,41.48863],[-81.10569,41.48484],[-81.10735,41.48251],[-81.10604,41.48012],[-81.10921,41.47894],[-81.10935,41.47656],[-81.11766,41.47091],[-81.12162,41.46987],[-81.12553,41.46555],[-81.12727,41.46472],[-81.12574,41.46356],[-81.12692,41.46214],[-81.12685,41.45968],[-81.13305,41.4571],[-81.13084,41.45621],[-81.12842,41.45348],[-81.12184,41.45223],[-81.12187,41.4502],[-81.11634,41.45026],[-81.11628,41.44858],[-81.1144,41.44847],[-81.11446,41.44403],[-81.10892,41.44397],[-81.10873,41.44082],[-81.10347,41.44046],[-81.10345,41.43715],[-81.10507,41.43568],[-81.10254,41.43578],[-81.10219,41.43348],[-81.09958,41.43354],[-81.09952,41.42019],[-81.09286,41.42015],[-81.09278,41.41595],[-81.08983,41.41595],[-81.08985,41.41285],[-81.09665,41.41024],[-81.09961,41.40999],[-81.09947,41.39124],[-81.08955,41.39121],[-81.08956,41.39005],[-81.08703,41.38987],[-81.08762,41.38639],[-81.07393,41.38631],[-81.0762,41.38227],[-81.07429,41.38093],[-81.06977,41.37353],[-81.06808,41.37354],[-81.07053,41.37048],[-81.06593,41.37047],[-81.06633,41.36901],[-81.07582,41.36656],[-81.08221,41.36909],[-81.08288,41.37053],[-81.08779,41.37126],[-81.09928,41.3742],[-81.09923,41.36939],[-81.10253,41.36932],[-81.10255,41.37129],[-81.10829,41.37117],[-81.10828,41.37671],[-81.12857,41.38321],[-81.12862,41.38514],[-81.13985,41.38682],[-81.17691,41.38686],[-81.18076,41.38633],[-81.19087,41.3838],[-81.19088,41.40754],[-81.19048,41.40823],[-81.19057,41.42564],[-81.23105,41.42543],[-81.23108,41.42874],[-81.21173,41.42874],[-81.21169,41.43104],[-81.20882,41.43245],[-81.20764,41.4402],[-81.20827,41.44314],[-81.20697,41.44468],[-81.20715,41.44702],[-81.20171,41.45055],[-81.19848,41.45389],[-81.19549,41.46152],[-81.19366,41.46329],[-81.19364,41.47091],[-81.19054,41.47082],[-81.18993,41.49562],[-81.18411,41.49601]]]}},{"type":"Feature","properties":{"zcta":"44124","d":1469},"geometry":{"type":"Polygon","coordinates":[[[-81.50917,41.5371],[-81.50715,41.53796],[-81.48808,41.53779],[-81.48785,41.53061],[-81.46075,41.53071],[-81.46077,41.53159],[-81.45291,41.53138],[-81.44876,41.53042],[-81.43878,41.5304],[-81.43878,41.52923],[-81.43226,41.52912],[-81.43228,41.51465],[-81.43861,41.51476],[-81.43841,41.50084],[-81.43812,41.4597],[-81.44957,41.4597],[-81.44965,41.45546],[-81.46336,41.4559],[-81.46332,41.4595],[-81.46634,41.4595],[-81.46646,41.46235],[-81.469,41.46341],[-81.47745,41.4637],[-81.47746,41.46641],[-81.47861,41.46445],[-81.48406,41.4637],[-81.49036,41.46393],[-81.48726,41.47933],[-81.48649,41.4863],[-81.48632,41.49185],[-81.48503,41.49587],[-81.48054,41.50121],[-81.50722,41.50134],[-81.50717,41.5069],[-81.50433,41.50658],[-81.50437,41.50895],[-81.50311,41.51044],[-81.50526,41.5121],[-81.50603,41.51481],[-81.50934,41.51676],[-81.50849,41.51867],[-81.51136,41.51948],[-81.50906,41.51977],[-81.50904,41.52323],[-81.50721,41.52322],[-81.50722,41.53076],[-81.50786,41.53419],[-81.51024,41.53513],[-81.50917,41.5371]]]}},{"type":"Feature","properties":{"zcta":"44141","d":311},"geometry":{"type":"Polygon","coordinates":[[[-81.6702,41.27726],[-81.66989,41.31388],[-81.65845,41.3139],[-81.649,41.31637],[-81.64898,41.31386],[-81.64116,41.31347],[-81.64084,41.34135],[-81.64101,41.35113],[-81.61489,41.35113],[-81.61006,41.35678],[-81.61085,41.35844],[-81.60895,41.35981],[-81.60581,41.35958],[-81.60205,41.35661],[-81.60061,41.35439],[-81.59771,41.35693],[-81.59678,41.35447],[-81.59805,41.35116],[-81.59724,41.34931],[-81.59546,41.35028],[-81.59332,41.34963],[-81.59357,41.34769],[-81.59682,41.34721],[-81.59473,41.34354],[-81.58974,41.34375],[-81.5881,41.34265],[-81.5879,41.33631],[-81.59123,41.33128],[-81.59154,41.32788],[-81.58734,41.32371],[-81.58766,41.31977],[-81.58364,41.31568],[-81.58362,41.31152],[-81.58544,41.30886],[-81.58429,41.30698],[-81.58163,41.30579],[-81.57855,41.30582],[-81.57551,41.30368],[-81.57573,41.30091],[-81.57286,41.30075],[-81.57251,41.2965],[-81.57107,41.29587],[-81.57205,41.2939],[-81.56988,41.29342],[-81.5709,41.29081],[-81.56649,41.29002],[-81.56551,41.28771],[-81.56735,41.28781],[-81.56806,41.28602],[-81.56676,41.28438],[-81.56478,41.28421],[-81.56439,41.28194],[-81.56218,41.27932],[-81.56575,41.27874],[-81.56514,41.27776],[-81.56889,41.27786],[-81.56198,41.26427],[-81.55859,41.26044],[-81.5628,41.25819],[-81.56838,41.25608],[-81.57495,41.2549],[-81.58281,41.25413],[-81.58587,41.25305],[-81.58736,41.25139],[-81.59071,41.25137],[-81.59073,41.25347],[-81.59588,41.255],[-81.60285,41.25801],[-81.60978,41.26202],[-81.62273,41.27075],[-81.62697,41.27277],[-81.62662,41.27411],[-81.62218,41.27411],[-81.62228,41.27637],[-81.61853,41.27638],[-81.61852,41.27756],[-81.66325,41.27729],[-81.66328,41.27562],[-81.67321,41.2755],[-81.67327,41.27338],[-81.67997,41.27334],[-81.68007,41.2751],[-81.6817,41.27505],[-81.68176,41.27715],[-81.6702,41.27726]]]}}]}