{"type":"FeatureCollection","features":[{"type":"Feature","properties":{"zcta":"35126","d":166},"geometry":{"type":"Polygon","coordinates":[[[-86.72845,33.77825],[-86.72359,33.77687],[-86.72238,33.77776],[-86.71452,33.77791],[-86.70923,33.77598],[-86.70497,33.77732],[-86.70175,33.77735],[-86.70022,33.77855],[-86.70042,33.78836],[-86.70497,33.78841],[-86.70464,33.79581],[-86.70857,33.79802],[-86.70465,33.79987],[-86.70693,33.80203],[-86.71052,33.80695],[-86.71385,33.8112],[-86.71303,33.81325],[-86.68631,33.79736],[-86.68553,33.79874],[-86.67924,33.80527],[-86.67652,33.80401],[-86.67656,33.80274],[-86.67426,33.80274],[-86.67434,33.79597],[-86.66927,33.79422],[-86.66941,33.79255],[-86.66645,33.7922],[-86.66708,33.79106],[-86.66985,33.79081],[-86.67056,33.7887],[-86.66935,33.78783],[-86.66579,33.78897],[-86.66395,33.78776],[-86.66079,33.78858],[-86.66085,33.78666],[-86.65531,33.78487],[-86.65174,33.78427],[-86.65001,33.78189],[-86.65252,33.77726],[-86.64529,33.77301],[-86.64787,33.77296],[-86.64776,33.7659],[-86.639,33.76583],[-86.63919,33.76938],[-86.63375,33.76617],[-86.62874,33.77469],[-86.62747,33.77405],[-86.62331,33.78106],[-86.6195,33.78335],[-86.61499,33.7872],[-86.61357,33.78702],[-86.6159,33.77584],[-86.61211,33.77417],[-86.61129,33.77116],[-86.60877,33.77046],[-86.60588,33.7652],[-86.59044,33.76519],[-86.58308,33.76542],[-86.57106,33.76518],[-86.56079,33.76516],[-86.56537,33.76113],[-86.5712,33.75888],[-86.58022,33.75433],[-86.58389,33.75069],[-86.57747,33.74543],[-86.57208,33.74424],[-86.56437,33.73851],[-86.56433,33.74175],[-86.56002,33.74347],[-86.5554,33.74351],[-86.5556,33.72826],[-86.55928,33.72874],[-86.56212,33.73152],[-86.56396,33.72889],[-86.56252,33.72782],[-86.56238,33.72399],[-86.57299,33.71905],[-86.5718,33.71794],[-86.57112,33.71435],[-86.57328,33.71437],[-86.57215,33.71249],[-86.5733,33.71146],[-86.57332,33.7072],[-86.57776,33.70722],[-86.57852,33.7036],[-86.57524,33.70268],[-86.57089,33.69862],[-86.56755,33.6971],[-86.56754,33.69617],[-86.57816,33.69609],[-86.57813,33.69267],[-86.5826,33.69263],[-86.58257,33.68913],[-86.58565,33.68945],[-86.58655,33.69223],[-86.58556,33.69444],[-86.58673,33.69569],[-86.58674,33.70005],[-86.59111,33.70007],[-86.59094,33.70359],[-86.58888,33.70257],[-86.58442,33.70365],[-86.5828,33.70726],[-86.58751,33.70741],[-86.5911,33.70551],[-86.59161,33.7064],[-86.58929,33.70822],[-86.58681,33.70837],[-86.58663,33.72015],[-86.58296,33.72005],[-86.58215,33.7227],[-86.57771,33.72258],[-86.57774,33.7254],[-86.57325,33.72531],[-86.57272,33.73168],[-86.56943,33.73411],[-86.57505,33.73532],[-86.57499,33.73219],[-86.57792,33.73053],[-86.5779,33.72893],[-86.58667,33.72907],[-86.58667,33.73009],[-86.60471,33.73001],[-86.60508,33.72209],[-86.59997,33.72212],[-86.59995,33.71798],[-86.59516,33.71805],[-86.59554,33.71279],[-86.59114,33.71274],[-86.59265,33.70875],[-86.59227,33.70727],[-86.59551,33.70732],[-86.59559,33.70389],[-86.59943,33.70281],[-86.6017,33.70008],[-86.59777,33.70018],[-86.59558,33.69505],[-86.59347,33.69168],[-86.59379,33.68907],[-86.60107,33.68912],[-86.60404,33.68727],[-86.60554,33.68513],[-86.60856,33.68548],[-86.60872,33.67801],[-86.61234,33.6779],[-86.61289,33.67468],[-86.61585,33.67561],[-86.61538,33.66748],[-86.62094,33.66731],[-86.62085,33.66003],[-86.62244,33.66],[-86.62671,33.66021],[-86.63029,33.65942],[-86.63277,33.66019],[-86.63515,33.66389],[-86.6367,33.66389],[-86.63734,33.66019],[-86.63916,33.6602],[-86.64009,33.65649],[-86.64212,33.65651],[-86.64146,33.65437],[-86.64318,33.65532],[-86.64862,33.65409],[-86.6518,33.65434],[-86.65639,33.65286],[-86.65872,33.65335],[-86.66084,33.65571],[-86.65639,33.65557],[-86.6564,33.65852],[-86.65892,33.65866],[-86.65889,33.66038],[-86.65639,33.66031],[-86.65638,33.66393],[-86.66083,33.66394],[-86.6609,33.6712],[-86.66384,33.67133],[-86.66526,33.67275],[-86.66432,33.67508],[-86.66681,33.67502],[-86.67278,33.67863],[-86.67379,33.6805],[-86.67749,33.6818],[-86.67798,33.68116],[-86.6827,33.68226],[-86.68269,33.67858],[-86.67846,33.67934],[-86.679,33.6774],[-86.68203,33.67538],[-86.68367,33.67718],[-86.68759,33.6768],[-86.68849,33.6792],[-86.69485,33.68338],[-86.69439,33.68501],[-86.69141,33.68799],[-86.68984,33.69319],[-86.69141,33.69319],[-86.69145,33.69683],[-86.70011,33.69689],[-86.70234,33.69575],[-86.70465,33.69662],[-86.70723,33.70126],[-86.7081,33.70492],[-86.71018,33.70788],[-86.71558,33.70801],[-86.72263,33.70352],[-86.7261,33.70352],[-86.72607,33.70495],[-86.73376,33.70506],[-86.73479,33.70642],[-86.73481,33.71595],[-86.73035,33.71588],[-86.73036,33.71954],[-86.7327,33.71957],[-86.73272,33.72246],[-86.73057,33.72243],[-86.73047,33.72443],[-86.7331,33.72376],[-86.73089,33.72865],[-86.72879,33.73116],[-86.7302,33.73256],[-86.73437,33.73279],[-86.74044,33.73467],[-86.73945,33.73114],[-86.73974,33.72928],[-86.74248,33.72911],[-86.74623,33.73018],[-86.74758,33.73524],[-86.74635,33.73805],[-86.74345,33.73757],[-86.73573,33.73745],[-86.73231,33.73786],[-86.72619,33.73753],[-86.72051,33.74007],[-86.71706,33.74929],[-86.71257,33.75168],[-86.71434,33.75245],[-86.71697,33.7519],[-86.71774,33.7533],[-86.72013,33.7519],[-86.72427,33.75394],[-86.72372,33.75694],[-86.72748,33.75662],[-86.73211,33.7585],[-86.73533,33.7625],[-86.72845,33.77825]]]}},{"type":"Feature","properties":{"zcta":"35085","d":35},"geometry":{"type":"Polygon","coordinates":[[[-86.85328,33.00366],[-86.84945,32.99914],[-86.84935,32.99778],[-86.84626,32.99721],[-86.8461,33.00046],[-86.8374,33.00019],[-86.83733,33.00781],[-86.82413,33.00788],[-86.82419,33.01004],[-86.81093,33.01034],[-86.811,33.01396],[-86.80629,33.01402],[-86.80409,33.01479],[-86.8001,33.01948],[-86.79341,33.0249],[-86.79301,33.01805],[-86.79213,33.0149],[-86.78877,33.01626],[-86.7888,33.0142],[-86.78479,33.01429],[-86.78498,33.01059],[-86.77606,33.01074],[-86.7716,33.02207],[-86.76946,33.02272],[-86.77324,33.0162],[-86.77442,33.01295],[-86.77748,33.00151],[-86.77649,33.00106],[-86.77469,33.00489],[-86.7749,33.00692],[-86.77356,33.01177],[-86.76951,33.01792],[-86.76611,33.02039],[-86.76478,33.02294],[-86.76502,33.01965],[-86.76286,33.01628],[-86.76034,33.01609],[-86.75799,33.01471],[-86.7558,33.0149],[-86.75264,33.01887],[-86.74917,33.0203],[-86.74546,33.02277],[-86.74426,33.02266],[-86.7396,33.01869],[-86.73165,33.01875],[-86.72976,33.02137],[-86.72516,33.02026],[-86.72361,33.01899],[-86.72123,33.02107],[-86.71765,33.02121],[-86.71749,33.02348],[-86.72459,33.03678],[-86.72621,33.04232],[-86.7289,33.06482],[-86.73025,33.06927],[-86.67982,33.06949],[-86.63406,33.06982],[-86.62927,33.06423],[-86.62631,33.06232],[-86.62554,33.05773],[-86.62958,33.05583],[-86.63151,33.0569],[-86.63067,33.0543],[-86.63107,33.05045],[-86.62546,33.05027],[-86.62277,33.04747],[-86.62372,33.044],[-86.62826,33.04345],[-86.63189,33.04369],[-86.63406,33.04092],[-86.63051,33.0387],[-86.63178,33.03691],[-86.63092,33.03521],[-86.63245,33.03171],[-86.60826,33.01685],[-86.60922,33.01454],[-86.61698,33.01206],[-86.61978,33.01055],[-86.6263,33.00967],[-86.63631,33.00513],[-86.6334,33.00127],[-86.63007,32.99222],[-86.62812,32.98864],[-86.62932,32.98394],[-86.62893,32.98107],[-86.62716,32.97997],[-86.62765,32.97846],[-86.62542,32.97544],[-86.62514,32.97036],[-86.62157,32.96968],[-86.61945,32.96808],[-86.61865,32.95522],[-86.61867,32.95182],[-86.61996,32.9503],[-86.62287,32.95013],[-86.62559,32.94794],[-86.62574,32.94604],[-86.63196,32.94695],[-86.63435,32.94814],[-86.63748,32.95338],[-86.63977,32.95361],[-86.64459,32.95186],[-86.64657,32.953],[-86.65008,32.95279],[-86.655,32.95357],[-86.65502,32.95177],[-86.65872,32.95174],[-86.65871,32.94994],[-86.66119,32.94911],[-86.66166,32.94598],[-86.66338,32.94434],[-86.66578,32.94468],[-86.66466,32.94228],[-86.66678,32.94096],[-86.66802,32.94472],[-86.66946,32.94474],[-86.66953,32.93888],[-86.6804,32.93901],[-86.68022,32.94183],[-86.68245,32.94544],[-86.68469,32.94567],[-86.69102,32.9486],[-86.69383,32.94909],[-86.69327,32.93916],[-86.69336,32.93478],[-86.70207,32.93479],[-86.70511,32.93435],[-86.70214,32.94062],[-86.70297,32.94314],[-86.70657,32.94512],[-86.70821,32.94771],[-86.71351,32.95081],[-86.71764,32.95241],[-86.71898,32.95416],[-86.71898,32.94932],[-86.72788,32.94918],[-86.72808,32.94197],[-86.73225,32.942],[-86.73225,32.93437],[-86.72796,32.93431],[-86.72792,32.93088],[-86.73481,32.93086],[-86.7348,32.93413],[-86.74274,32.93428],[-86.74354,32.93086],[-86.7542,32.93034],[-86.7542,32.92696],[-86.74948,32.92699],[-86.7495,32.92035],[-86.74452,32.92036],[-86.74421,32.90907],[-86.73947,32.90408],[-86.73767,32.90152],[-86.73582,32.90117],[-86.73537,32.89826],[-86.74248,32.90009],[-86.74431,32.90009],[-86.74445,32.90174],[-86.75322,32.90166],[-86.75318,32.89576],[-86.76192,32.89561],[-86.75957,32.89296],[-86.76334,32.89122],[-86.76756,32.89083],[-86.77048,32.88827],[-86.77752,32.88991],[-86.7741,32.89212],[-86.77438,32.89416],[-86.77231,32.89806],[-86.76782,32.89901],[-86.76644,32.90295],[-86.76841,32.90354],[-86.77094,32.90145],[-86.77321,32.90138],[-86.77633,32.89966],[-86.77885,32.89698],[-86.78214,32.89641],[-86.78482,32.89406],[-86.78664,32.89445],[-86.79189,32.89074],[-86.79563,32.89189],[-86.79982,32.89191],[-86.80344,32.8941],[-86.80788,32.8955],[-86.80968,32.89706],[-86.81536,32.89694],[-86.8159,32.89365],[-86.81833,32.89373],[-86.81988,32.89532],[-86.82224,32.8936],[-86.82594,32.89471],[-86.83544,32.89479],[-86.84371,32.89369],[-86.84595,32.89277],[-86.84912,32.89276],[-86.85252,32.89517],[-86.85435,32.89442],[-86.8631,32.89502],[-86.86298,32.90203],[-86.86713,32.9021],[-86.86712,32.9013],[-86.87156,32.90139],[-86.87151,32.90222],[-86.86335,32.90519],[-86.86108,32.90487],[-86.85699,32.90169],[-86.85415,32.90245],[-86.85059,32.90468],[-86.84782,32.90457],[-86.84893,32.90812],[-86.84862,32.91075],[-86.85376,32.91478],[-86.85438,32.91862],[-86.85818,32.91784],[-86.86553,32.92045],[-86.86663,32.92305],[-86.86546,32.9249],[-86.86365,32.92489],[-86.8592,32.92687],[-86.85595,32.92705],[-86.85207,32.93031],[-86.85065,32.93073],[-86.85075,32.93863],[-86.84938,32.93857],[-86.84941,32.94407],[-86.85235,32.94414],[-86.85534,32.9462],[-86.85368,32.94896],[-86.85399,32.95094],[-86.85155,32.9508],[-86.85139,32.95263],[-86.841,32.95238],[-86.83682,32.95804],[-86.83241,32.95979],[-86.83046,32.96166],[-86.82946,32.96582],[-86.8305,32.96857],[-86.83316,32.97018],[-86.83371,32.97318],[-86.83182,32.97547],[-86.83388,32.97856],[-86.8404,32.97764],[-86.84596,32.98549],[-86.84987,32.98605],[-86.84877,32.98826],[-86.85266,32.99602],[-86.85536,32.99773],[-86.85568,33.00198],[-86.85328,33.00366]]]}},{"type":"Feature","properties":{"zcta":"35580","d":20},"geometry":{"type":"Polygon","coordinates":[[[-87.32036,33.76821],[-87.31594,33.76814],[-87.31588,33.76992],[-87.31068,33.77058],[-87.31054,33.77412],[-87.30674,33.77803],[-87.30328,33.7761],[-87.30492,33.77257],[-87.30453,33.76671],[-87.30034,33.76273],[-87.29664,33.75694],[-87.29572,33.75464],[-87.29365,33.76255],[-87.29352,33.76986],[-87.28642,33.76984],[-87.28639,33.77739],[-87.28441,33.77878],[-87.28485,33.78066],[-87.28311,33.7826],[-87.28103,33.78816],[-87.28129,33.79161],[-87.28032,33.79291],[-87.27774,33.79332],[-87.27465,33.79606],[-87.27519,33.7982],[-87.2689,33.79923],[-87.2672,33.80154],[-87.26306,33.79946],[-87.26163,33.79632],[-87.25942,33.79565],[-87.26059,33.79009],[-87.25761,33.78891],[-87.255,33.78913],[-87.25563,33.78794],[-87.2527,33.78572],[-87.24768,33.78376],[-87.24374,33.78294],[-87.24202,33.78417],[-87.23564,33.7863],[-87.23393,33.7864],[-87.23472,33.78273],[-87.23097,33.78307],[-87.22915,33.78028],[-87.22418,33.77833],[-87.22985,33.77576],[-87.23336,33.77497],[-87.23509,33.77291],[-87.23445,33.77006],[-87.23649,33.7692],[-87.23695,33.7666],[-87.23942,33.76398],[-87.24112,33.75991],[-87.23929,33.75762],[-87.24115,33.75476],[-87.24119,33.74753],[-87.24244,33.74609],[-87.24327,33.74258],[-87.24242,33.73921],[-87.23699,33.73845],[-87.23216,33.73877],[-87.20968,33.74088],[-87.2111,33.73587],[-87.21078,33.73348],[-87.2146,33.73217],[-87.21752,33.72804],[-87.21953,33.7226],[-87.22174,33.71957],[-87.22376,33.71822],[-87.22877,33.71869],[-87.23072,33.71791],[-87.23104,33.71598],[-87.22891,33.71034],[-87.2273,33.70848],[-87.22557,33.70398],[-87.22483,33.70035],[-87.2252,33.69717],[-87.22797,33.69063],[-87.22795,33.68822],[-87.2292,33.68517],[-87.23237,33.68526],[-87.23294,33.67971],[-87.23033,33.67894],[-87.23005,33.6761],[-87.22404,33.67735],[-87.22278,33.67537],[-87.21684,33.67193],[-87.21489,33.66553],[-87.21071,33.66198],[-87.2034,33.6593],[-87.19543,33.66035],[-87.20037,33.65343],[-87.20235,33.65317],[-87.20768,33.65684],[-87.20993,33.65495],[-87.20702,33.65552],[-87.20427,33.65221],[-87.20131,33.65007],[-87.19775,33.64623],[-87.19756,33.64385],[-87.20002,33.64191],[-87.20874,33.64695],[-87.2146,33.64753],[-87.21694,33.64651],[-87.2172,33.64453],[-87.21169,33.63685],[-87.20997,33.635],[-87.20374,33.63084],[-87.2007,33.62781],[-87.19896,33.62511],[-87.20059,33.62312],[-87.20568,33.62092],[-87.20745,33.62169],[-87.21273,33.6309],[-87.21545,33.63319],[-87.21869,33.63464],[-87.22399,33.63542],[-87.22593,33.63504],[-87.2309,33.63233],[-87.23362,33.62915],[-87.23513,33.62511],[-87.2367,33.62291],[-87.23792,33.62324],[-87.23938,33.61595],[-87.2422,33.61535],[-87.24332,33.61042],[-87.24363,33.60448],[-87.24728,33.60227],[-87.2512,33.60275],[-87.25346,33.60734],[-87.25725,33.6111],[-87.26007,33.61801],[-87.26228,33.61994],[-87.26101,33.6241],[-87.25863,33.6257],[-87.26541,33.62395],[-87.26687,33.62482],[-87.27294,33.61807],[-87.2859,33.60221],[-87.28762,33.60461],[-87.29097,33.60761],[-87.29389,33.60449],[-87.29784,33.6058],[-87.29612,33.61049],[-87.2969,33.61407],[-87.30201,33.61908],[-87.30308,33.62221],[-87.30118,33.62443],[-87.29752,33.62541],[-87.29825,33.62684],[-87.2953,33.63059],[-87.2987,33.63569],[-87.30409,33.63915],[-87.3019,33.64146],[-87.30545,33.64573],[-87.30624,33.64772],[-87.30518,33.65354],[-87.30403,33.65687],[-87.30136,33.66046],[-87.30428,33.66371],[-87.30226,33.66614],[-87.30083,33.67172],[-87.29761,33.67685],[-87.2938,33.68034],[-87.28966,33.68094],[-87.28937,33.68287],[-87.29053,33.68505],[-87.29178,33.68334],[-87.29633,33.68],[-87.29662,33.68102],[-87.3005,33.68435],[-87.30589,33.69135],[-87.3085,33.68818],[-87.31073,33.6872],[-87.31543,33.68781],[-87.31838,33.68976],[-87.31955,33.68925],[-87.32078,33.68599],[-87.32297,33.68568],[-87.32495,33.6878],[-87.32383,33.68976],[-87.32345,33.69377],[-87.32441,33.69648],[-87.32694,33.69886],[-87.33316,33.70266],[-87.33522,33.70134],[-87.33575,33.69944],[-87.33927,33.69785],[-87.33765,33.69715],[-87.33838,33.69494],[-87.33671,33.69393],[-87.33731,33.68928],[-87.33903,33.68779],[-87.3478,33.69044],[-87.34718,33.69339],[-87.3493,33.69595],[-87.35164,33.6958],[-87.35407,33.70001],[-87.35885,33.70412],[-87.36028,33.70667],[-87.36421,33.70786],[-87.36134,33.70954],[-87.35942,33.71504],[-87.35541,33.71571],[-87.34937,33.71311],[-87.34561,33.71273],[-87.33976,33.71383],[-87.33209,33.7141],[-87.33258,33.72114],[-87.32915,33.72592],[-87.33424,33.72698],[-87.33613,33.73015],[-87.33731,33.73385],[-87.33133,33.73496],[-87.33023,33.73671],[-87.32728,33.73831],[-87.32729,33.7416],[-87.3297,33.73989],[-87.33227,33.73618],[-87.33576,33.73701],[-87.34005,33.73959],[-87.34097,33.74182],[-87.33888,33.75011],[-87.34057,33.75153],[-87.34371,33.75221],[-87.34414,33.75367],[-87.34441,33.76481],[-87.34354,33.76702],[-87.34114,33.76106],[-87.3366,33.75757],[-87.3346,33.7587],[-87.33107,33.75867],[-87.32572,33.76742],[-87.32036,33.76821]],[[-87.24313,33.70652],[-87.236,33.71091],[-87.23475,33.71302],[-87.23492,33.71606],[-87.23835,33.7179],[-87.24115,33.72033],[-87.24379,33.71892],[-87.24588,33.71161],[-87.24339,33.70993],[-87.24313,33.70652]]]}},{"type":"Feature","properties":{"zcta":"35036","d":0},"geometry":{"type":"MultiPolygon","coordinates":[[[[-86.91236,33.64309],[-86.9167,33.64015],[-86.91669,33.6418],[-86.91241,33.64449],[-86.91236,33.64309]]],[[[-86.9167,33.63861],[-86.91669,33.63789],[-86.9213,33.63748],[-86.9167,33.64],[-86.9167,33.63861]]]]}},{"type":"Feature","properties":{"zcta":"35007","d":335},"geometry":{"type":"Polygon","coordinates":[[[-86.83973,33.25557],[-86.83938,33.26649],[-86.83305,33.26634],[-86.83086,33.26992],[-86.82655,33.26977],[-86.82657,33.26801],[-86.82401,33.26793],[-86.82396,33.27176],[-86.81607,33.27157],[-86.81593,33.26899],[-86.81884,33.26745],[-86.81621,33.26444],[-86.81086,33.26351],[-86.80838,33.26204],[-86.80496,33.2619],[-86.80498,33.26556],[-86.80105,33.26544],[-86.80247,33.26625],[-86.80136,33.26786],[-86.8023,33.2723],[-86.80112,33.27424],[-86.8034,33.27698],[-86.80255,33.27846],[-86.80003,33.27784],[-86.79923,33.26532],[-86.79039,33.26226],[-86.78776,33.26271],[-86.78293,33.26648],[-86.78305,33.25255],[-86.78535,33.25059],[-86.78713,33.25061],[-86.78921,33.24598],[-86.78751,33.2435],[-86.78533,33.24342],[-86.78255,33.24504],[-86.77985,33.24779],[-86.77895,33.25092],[-86.77625,33.25188],[-86.77747,33.25036],[-86.77255,33.25025],[-86.77247,33.25314],[-86.76812,33.25373],[-86.7617,33.25342],[-86.76175,33.24719],[-86.75179,33.25308],[-86.72702,33.25247],[-86.72698,33.25421],[-86.72432,33.25224],[-86.71745,33.2521],[-86.72299,33.2472],[-86.72092,33.24666],[-86.72106,33.24083],[-86.72272,33.24093],[-86.72274,33.22642],[-86.72394,33.22632],[-86.72425,33.21166],[-86.72705,33.21175],[-86.72707,33.20765],[-86.7365,33.20576],[-86.73267,33.19886],[-86.73377,33.19551],[-86.73614,33.19545],[-86.73899,33.19167],[-86.73757,33.19062],[-86.73738,33.18711],[-86.73326,33.18287],[-86.73963,33.18302],[-86.73968,33.19015],[-86.74402,33.19018],[-86.74382,33.18312],[-86.75922,33.1835],[-86.76,33.18469],[-86.76226,33.18373],[-86.76435,33.18726],[-86.76743,33.1874],[-86.76439,33.18534],[-86.76242,33.18067],[-86.76945,33.18105],[-86.77506,33.19135],[-86.77928,33.19157],[-86.7799,33.18426],[-86.78747,33.18451],[-86.77975,33.16954],[-86.77734,33.1695],[-86.77693,33.1659],[-86.78284,33.16886],[-86.78978,33.16922],[-86.789,33.16606],[-86.79354,33.16622],[-86.79471,33.16832],[-86.7965,33.16851],[-86.80285,33.17003],[-86.80848,33.16621],[-86.80982,33.16966],[-86.81191,33.17015],[-86.81332,33.17285],[-86.81373,33.17823],[-86.81109,33.18041],[-86.81113,33.18412],[-86.8119,33.18096],[-86.82207,33.18173],[-86.82134,33.17935],[-86.81485,33.17833],[-86.81532,33.17281],[-86.81646,33.17103],[-86.82011,33.17105],[-86.82102,33.16606],[-86.82236,33.16741],[-86.82684,33.16734],[-86.82695,33.17111],[-86.82019,33.17108],[-86.81963,33.17352],[-86.82703,33.17306],[-86.82702,33.17231],[-86.85303,33.17213],[-86.85332,33.17017],[-86.85646,33.17388],[-86.85594,33.17601],[-86.86,33.17713],[-86.86084,33.17935],[-86.8588,33.18957],[-86.86165,33.18939],[-86.86355,33.18247],[-86.86612,33.18243],[-86.86617,33.1905],[-86.86128,33.19012],[-86.86202,33.19369],[-86.85502,33.19413],[-86.84885,33.197],[-86.84868,33.20099],[-86.84442,33.20089],[-86.84434,33.19886],[-86.84238,33.19735],[-86.84012,33.19843],[-86.84039,33.20078],[-86.84349,33.20087],[-86.84521,33.20267],[-86.84516,33.20451],[-86.84,33.2045],[-86.83995,33.20813],[-86.84362,33.2082],[-86.84371,33.21069],[-86.8503,33.21198],[-86.85052,33.21892],[-86.84301,33.22239],[-86.84082,33.22635],[-86.84844,33.22652],[-86.84763,33.23267],[-86.84779,33.23526],[-86.84684,33.23806],[-86.84407,33.23729],[-86.84406,33.2465],[-86.83974,33.24643],[-86.83974,33.248],[-86.84335,33.24831],[-86.84407,33.25016],[-86.84362,33.25338],[-86.83973,33.25557]]]}},{"type":"Feature","properties":{"zcta":"35504","d":57},"geometry":{"type":"Polygon","coordinates":[[[-87.21458,33.9922],[-87.20728,33.98906],[-87.20549,33.98609],[-87.20355,33.98522],[-87.19961,33.985],[-87.19724,33.99192],[-87.19544,33.99512],[-87.19226,33.99882],[-87.18961,34.003],[-87.18491,34.0037],[-87.18041,34.0027],[-87.17251,34.0053],[-87.16891,34.0051],[-87.15929,33.999],[-87.15611,33.99802],[-87.15281,33.99551],[-87.15239,33.99411],[-87.14739,33.9906],[-87.14366,33.98636],[-87.14133,33.98113],[-87.13819,33.97763],[-87.13907,33.9716],[-87.1385,33.96891],[-87.13688,33.9666],[-87.13408,33.96509],[-87.12612,33.96484],[-87.12269,33.96433],[-87.11927,33.96177],[-87.11238,33.95949],[-87.11064,33.95647],[-87.11196,33.95424],[-87.11176,33.95079],[-87.10581,33.94472],[-87.10574,33.93858],[-87.10522,33.93598],[-87.10085,33.93291],[-87.09571,33.9306],[-87.09285,33.92821],[-87.08558,33.91916],[-87.082,33.9064],[-87.08848,33.90339],[-87.0928,33.90197],[-87.09826,33.90135],[-87.10057,33.898],[-87.09773,33.89688],[-87.09029,33.89255],[-87.09184,33.89009],[-87.10168,33.88668],[-87.10249,33.88577],[-87.09998,33.8819],[-87.08388,33.86553],[-87.08152,33.86413],[-87.07786,33.86594],[-87.07082,33.87059],[-87.06817,33.87059],[-87.06712,33.86723],[-87.07036,33.86436],[-87.07704,33.85542],[-87.07772,33.85238],[-87.07719,33.84816],[-87.07624,33.84732],[-87.06576,33.84228],[-87.06244,33.83956],[-87.062,33.83767],[-87.06335,33.83428],[-87.06608,33.83115],[-87.07066,33.82463],[-87.07118,33.82269],[-87.07067,33.82158],[-87.07538,33.82096],[-87.0766,33.82414],[-87.07654,33.82073],[-87.08129,33.82053],[-87.07987,33.82191],[-87.08586,33.82754],[-87.08656,33.83035],[-87.08739,33.82806],[-87.09088,33.82764],[-87.09376,33.82537],[-87.09482,33.82131],[-87.09343,33.81963],[-87.08813,33.81656],[-87.08725,33.81316],[-87.0839,33.81339],[-87.08334,33.81701],[-87.07248,33.81728],[-87.07027,33.82086],[-87.06934,33.8198],[-87.06267,33.81696],[-87.05685,33.8154],[-87.05432,33.81371],[-87.05399,33.81146],[-87.05505,33.80991],[-87.05967,33.8075],[-87.06307,33.80844],[-87.06587,33.81142],[-87.07092,33.81406],[-87.07369,33.81368],[-87.07561,33.8117],[-87.07529,33.80875],[-87.07791,33.8006],[-87.08112,33.7961],[-87.08736,33.79579],[-87.09325,33.79874],[-87.10053,33.80523],[-87.10707,33.80769],[-87.10971,33.80964],[-87.10933,33.81321],[-87.11038,33.81473],[-87.12354,33.81677],[-87.12912,33.81712],[-87.13394,33.81504],[-87.13953,33.80964],[-87.1406,33.80706],[-87.14334,33.8076],[-87.14609,33.80904],[-87.14899,33.81574],[-87.15348,33.82013],[-87.15834,33.82132],[-87.18358,33.82136],[-87.18901,33.82252],[-87.18889,33.82596],[-87.18688,33.82895],[-87.1907,33.83205],[-87.19287,33.8307],[-87.19435,33.83143],[-87.19795,33.83106],[-87.19842,33.83217],[-87.20132,33.83159],[-87.20465,33.83345],[-87.20643,33.83569],[-87.21249,33.83654],[-87.21662,33.83507],[-87.21677,33.84031],[-87.22081,33.83921],[-87.22503,33.83903],[-87.22616,33.83687],[-87.23643,33.84078],[-87.23767,33.84084],[-87.23761,33.84422],[-87.23328,33.84499],[-87.23676,33.84832],[-87.2441,33.85086],[-87.2481,33.84823],[-87.2519,33.84763],[-87.25802,33.84803],[-87.2589,33.84615],[-87.27394,33.84962],[-87.28131,33.84907],[-87.28192,33.85028],[-87.2797,33.85158],[-87.27962,33.85419],[-87.28277,33.85476],[-87.28312,33.85657],[-87.28501,33.85671],[-87.28902,33.86253],[-87.28598,33.86368],[-87.28107,33.86401],[-87.28188,33.86945],[-87.2831,33.87096],[-87.28312,33.87586],[-87.28541,33.87447],[-87.28269,33.88329],[-87.27928,33.88129],[-87.2774,33.8831],[-87.27988,33.8839],[-87.28026,33.88566],[-87.28222,33.88567],[-87.2833,33.88885],[-87.27926,33.89168],[-87.27443,33.89036],[-87.2751,33.89216],[-87.2732,33.89311],[-87.27245,33.89546],[-87.27405,33.89608],[-87.27093,33.89715],[-87.27081,33.8997],[-87.26509,33.89969],[-87.26798,33.90198],[-87.26347,33.9056],[-87.25699,33.90882],[-87.25483,33.90549],[-87.25309,33.90534],[-87.25111,33.90717],[-87.24966,33.90593],[-87.25547,33.90286],[-87.25596,33.90002],[-87.25418,33.89545],[-87.2526,33.89444],[-87.25012,33.89526],[-87.24966,33.8966],[-87.25109,33.89882],[-87.25011,33.90049],[-87.24679,33.90046],[-87.24512,33.90161],[-87.24636,33.90409],[-87.24271,33.90382],[-87.23458,33.90592],[-87.23707,33.90921],[-87.23999,33.91118],[-87.24251,33.9117],[-87.24403,33.91385],[-87.24346,33.91895],[-87.24451,33.92125],[-87.23803,33.92263],[-87.2394,33.9257],[-87.23658,33.92657],[-87.2318,33.92647],[-87.23024,33.92871],[-87.22806,33.9298],[-87.22667,33.93183],[-87.22441,33.93003],[-87.22049,33.93343],[-87.21553,33.93446],[-87.21254,33.93983],[-87.21349,33.94423],[-87.21213,33.94589],[-87.21587,33.94584],[-87.21411,33.95476],[-87.20366,33.95486],[-87.20263,33.95855],[-87.2071,33.95922],[-87.21379,33.96182],[-87.21729,33.97118],[-87.21774,33.97593],[-87.21607,33.97725],[-87.21431,33.97599],[-87.21339,33.97739],[-87.21029,33.97685],[-87.21182,33.97954],[-87.2099,33.97873],[-87.20619,33.98361],[-87.20881,33.98789],[-87.21624,33.99167],[-87.21746,33.99066],[-87.21915,33.99324],[-87.21673,33.99391],[-87.21458,33.9922]]]}},{"type":"Feature","properties":{"zcta":"35987","d":18},"geometry":{"type":"Polygon","coordinates":[[[-86.34176,33.88269],[-86.33745,33.88265],[-86.33752,33.89356],[-86.32474,33.89361],[-86.32477,33.90862],[-86.32347,33.90958],[-86.31888,33.90956],[-86.31762,33.90164],[-86.31441,33.90549],[-86.31421,33.90677],[-86.31746,33.91385],[-86.31824,33.91657],[-86.31785,33.92045],[-86.31646,33.92307],[-86.31518,33.92774],[-86.31478,33.92646],[-86.3114,33.92956],[-86.29841,33.92961],[-86.29774,33.93699],[-86.29458,33.93805],[-86.28512,33.93974],[-86.27908,33.94327],[-86.2792,33.94396],[-86.27395,33.94711],[-86.27339,33.94997],[-86.2712,33.95063],[-86.26764,33.9533],[-86.26644,33.95767],[-86.26285,33.95892],[-86.26124,33.96101],[-86.25972,33.96054],[-86.25809,33.96313],[-86.25528,33.96274],[-86.25131,33.96591],[-86.24683,33.97131],[-86.23946,33.97516],[-86.23756,33.97798],[-86.23517,33.97844],[-86.23021,33.98279],[-86.22796,33.98207],[-86.22324,33.98351],[-86.22111,33.98595],[-86.21911,33.98571],[-86.21552,33.98742],[-86.21231,33.98766],[-86.2097,33.98644],[-86.20668,33.98663],[-86.19878,33.98884],[-86.19679,33.98521],[-86.18977,33.98345],[-86.19064,33.97895],[-86.18986,33.97726],[-86.19264,33.97359],[-86.18864,33.97283],[-86.18732,33.97047],[-86.18608,33.97185],[-86.18363,33.9722],[-86.1793,33.97075],[-86.17567,33.96629],[-86.17151,33.96578],[-86.17047,33.96426],[-86.16814,33.96518],[-86.16749,33.95982],[-86.16625,33.95733],[-86.16709,33.95178],[-86.16521,33.9474],[-86.16763,33.94194],[-86.16752,33.93993],[-86.16493,33.9382],[-86.16618,33.9355],[-86.16523,33.93357],[-86.16706,33.93337],[-86.16671,33.9282],[-86.16457,33.92778],[-86.16522,33.92637],[-86.16262,33.92536],[-86.15984,33.92251],[-86.15398,33.92039],[-86.1492,33.92057],[-86.14612,33.91708],[-86.14555,33.91321],[-86.14401,33.91205],[-86.14261,33.90756],[-86.14302,33.90421],[-86.14196,33.90398],[-86.14176,33.90112],[-86.14272,33.89939],[-86.1385,33.89839],[-86.14114,33.89743],[-86.14229,33.89837],[-86.1435,33.89655],[-86.14358,33.89401],[-86.14518,33.8943],[-86.14748,33.89221],[-86.15067,33.89379],[-86.15318,33.89648],[-86.15539,33.89618],[-86.15403,33.89222],[-86.15514,33.89147],[-86.16014,33.89249],[-86.16317,33.89182],[-86.1659,33.89251],[-86.16374,33.89394],[-86.16604,33.89511],[-86.16817,33.89381],[-86.17018,33.89593],[-86.17428,33.89712],[-86.17564,33.89514],[-86.17768,33.8948],[-86.1798,33.8923],[-86.18154,33.8866],[-86.18487,33.88612],[-86.18654,33.88769],[-86.19494,33.88923],[-86.19709,33.88774],[-86.19889,33.88416],[-86.20084,33.88297],[-86.19724,33.87979],[-86.19655,33.87739],[-86.20098,33.87304],[-86.20395,33.87319],[-86.20548,33.87655],[-86.20505,33.87836],[-86.20693,33.87959],[-86.21062,33.87784],[-86.21144,33.87622],[-86.21409,33.8751],[-86.21489,33.87088],[-86.21883,33.8706],[-86.21784,33.86906],[-86.21972,33.86708],[-86.22244,33.87032],[-86.22832,33.87079],[-86.22733,33.87204],[-86.22956,33.87223],[-86.22868,33.86983],[-86.23089,33.86791],[-86.23203,33.86886],[-86.23257,33.86641],[-86.23505,33.86515],[-86.23681,33.86686],[-86.23985,33.86696],[-86.24028,33.86354],[-86.24329,33.86322],[-86.24504,33.86122],[-86.24828,33.8626],[-86.24915,33.86127],[-86.24654,33.85903],[-86.24157,33.85357],[-86.24306,33.84965],[-86.24509,33.84886],[-86.24706,33.84571],[-86.24916,33.84871],[-86.25284,33.84872],[-86.25459,33.85204],[-86.26214,33.85205],[-86.26205,33.86022],[-86.27135,33.86019],[-86.27152,33.85937],[-86.27673,33.85877],[-86.28006,33.86584],[-86.2847,33.86349],[-86.28631,33.86662],[-86.28621,33.87316],[-86.29264,33.87791],[-86.29966,33.8745],[-86.29771,33.87376],[-86.29704,33.87146],[-86.29497,33.86892],[-86.29689,33.86865],[-86.29555,33.86703],[-86.29717,33.86601],[-86.29661,33.86387],[-86.2944,33.86393],[-86.29444,33.86007],[-86.29328,33.8594],[-86.29947,33.85628],[-86.29953,33.8617],[-86.31682,33.8486],[-86.32338,33.86388],[-86.32383,33.8662],[-86.32007,33.86752],[-86.32014,33.87135],[-86.31595,33.87134],[-86.31631,33.8746],[-86.31835,33.87357],[-86.32252,33.8738],[-86.32424,33.87195],[-86.32467,33.87384],[-86.33284,33.87623],[-86.33894,33.87849],[-86.34211,33.87568],[-86.3418,33.87899],[-86.34176,33.88269]]]}},{"type":"Feature","properties":{"zcta":"35173","d":225},"geometry":{"type":"Polygon","coordinates":[[[-86.62085,33.66003],[-86.62094,33.66731],[-86.61538,33.66748],[-86.61585,33.67561],[-86.61289,33.67468],[-86.61234,33.6779],[-86.60872,33.67801],[-86.60856,33.68548],[-86.60554,33.68513],[-86.60404,33.68727],[-86.60107,33.68912],[-86.59379,33.68907],[-86.59347,33.69168],[-86.59558,33.69505],[-86.59777,33.70018],[-86.6017,33.70008],[-86.59943,33.70281],[-86.59559,33.70389],[-86.59551,33.70732],[-86.59227,33.70727],[-86.59265,33.70875],[-86.59114,33.71274],[-86.59554,33.71279],[-86.59516,33.71805],[-86.59995,33.71798],[-86.59997,33.72212],[-86.60508,33.72209],[-86.60471,33.73001],[-86.58667,33.73009],[-86.58667,33.72907],[-86.5779,33.72893],[-86.57792,33.73053],[-86.57499,33.73219],[-86.57505,33.73532],[-86.56943,33.73411],[-86.57272,33.73168],[-86.57325,33.72531],[-86.57774,33.7254],[-86.57771,33.72258],[-86.58215,33.7227],[-86.58296,33.72005],[-86.58663,33.72015],[-86.58681,33.70837],[-86.58929,33.70822],[-86.59161,33.7064],[-86.5911,33.70551],[-86.58751,33.70741],[-86.5828,33.70726],[-86.58442,33.70365],[-86.58888,33.70257],[-86.59094,33.70359],[-86.59111,33.70007],[-86.58674,33.70005],[-86.58673,33.69569],[-86.58556,33.69444],[-86.58655,33.69223],[-86.58565,33.68945],[-86.58257,33.68913],[-86.5826,33.69263],[-86.57813,33.69267],[-86.57816,33.69609],[-86.56754,33.69617],[-86.56755,33.6971],[-86.57089,33.69862],[-86.57524,33.70268],[-86.57852,33.7036],[-86.57776,33.70722],[-86.57332,33.7072],[-86.5733,33.71146],[-86.57215,33.71249],[-86.57328,33.71437],[-86.57112,33.71435],[-86.5718,33.71794],[-86.57299,33.71905],[-86.56238,33.72399],[-86.56252,33.72782],[-86.56396,33.72889],[-86.56212,33.73152],[-86.55928,33.72874],[-86.5556,33.72826],[-86.5554,33.74351],[-86.55122,33.74215],[-86.54776,33.74253],[-86.54696,33.7468],[-86.54262,33.74797],[-86.54263,33.74057],[-86.52524,33.74918],[-86.52157,33.75063],[-86.50572,33.75227],[-86.50255,33.75402],[-86.50249,33.75828],[-86.49907,33.75829],[-86.49904,33.7613],[-86.4901,33.76146],[-86.49012,33.75448],[-86.49395,33.75455],[-86.49389,33.75077],[-86.49912,33.75064],[-86.50239,33.74663],[-86.49976,33.7467],[-86.49911,33.74421],[-86.5162,33.74397],[-86.5145,33.74192],[-86.51242,33.74142],[-86.5104,33.73659],[-86.5022,33.73663],[-86.50267,33.73596],[-86.49695,33.73594],[-86.50401,33.72525],[-86.50797,33.723],[-86.50822,33.72157],[-86.50573,33.72158],[-86.51586,33.70655],[-86.51681,33.70278],[-86.51311,33.70202],[-86.51087,33.70397],[-86.50937,33.70274],[-86.50845,33.70695],[-86.50382,33.70692],[-86.50316,33.70284],[-86.50622,33.699],[-86.50922,33.69825],[-86.50681,33.69556],[-86.50684,33.69239],[-86.50845,33.69223],[-86.50919,33.68908],[-86.50752,33.68848],[-86.50784,33.68129],[-86.50331,33.68122],[-86.50331,33.67761],[-86.50726,33.67763],[-86.50722,33.67538],[-86.5033,33.67541],[-86.50328,33.65969],[-86.50113,33.65976],[-86.50366,33.65713],[-86.50304,33.65617],[-86.50431,33.65305],[-86.50634,33.65045],[-86.50808,33.64644],[-86.5135,33.63727],[-86.50973,33.63726],[-86.5074,33.63726],[-86.50737,33.63393],[-86.51658,33.63393],[-86.51663,33.63126],[-86.52036,33.63127],[-86.52186,33.62825],[-86.51625,33.62761],[-86.50808,33.63196],[-86.51114,33.62718],[-86.51358,33.62453],[-86.51388,33.62268],[-86.51649,33.62106],[-86.516,33.6176],[-86.51381,33.61594],[-86.512,33.6111],[-86.51415,33.6104],[-86.51611,33.60813],[-86.51679,33.61063],[-86.52114,33.61352],[-86.52201,33.61117],[-86.52343,33.6109],[-86.53145,33.60138],[-86.52853,33.60126],[-86.52771,33.59927],[-86.5295,33.59644],[-86.534,33.59526],[-86.53299,33.59369],[-86.53435,33.59166],[-86.53578,33.59213],[-86.53969,33.59058],[-86.54191,33.58856],[-86.54653,33.58436],[-86.54794,33.58418],[-86.54728,33.58655],[-86.54958,33.58851],[-86.55287,33.58621],[-86.55358,33.58389],[-86.55683,33.58046],[-86.56136,33.57845],[-86.56328,33.57842],[-86.56341,33.58029],[-86.57198,33.57377],[-86.57774,33.57241],[-86.58169,33.57],[-86.58277,33.56463],[-86.58403,33.5642],[-86.58551,33.56081],[-86.58763,33.55975],[-86.58742,33.55737],[-86.58988,33.55508],[-86.58962,33.55348],[-86.5871,33.55209],[-86.59085,33.54891],[-86.5922,33.54923],[-86.59419,33.55237],[-86.59636,33.5533],[-86.60016,33.55309],[-86.60436,33.55175],[-86.60874,33.5546],[-86.61327,33.55654],[-86.61412,33.55527],[-86.61309,33.5522],[-86.60961,33.55198],[-86.61174,33.55005],[-86.61358,33.54514],[-86.61762,33.54482],[-86.62083,33.546],[-86.62,33.5473],[-86.62188,33.54822],[-86.62173,33.55565],[-86.62444,33.55597],[-86.62089,33.55861],[-86.61721,33.5637],[-86.61151,33.56907],[-86.60698,33.57067],[-86.60469,33.57011],[-86.60745,33.57316],[-86.60727,33.57476],[-86.61013,33.57253],[-86.61319,33.57329],[-86.61301,33.58346],[-86.60963,33.5855],[-86.61111,33.58742],[-86.6159,33.58769],[-86.62142,33.58644],[-86.63041,33.58774],[-86.63043,33.59166],[-86.63044,33.59439],[-86.6261,33.5944],[-86.62587,33.6017],[-86.62165,33.60166],[-86.6216,33.60533],[-86.61725,33.60534],[-86.61717,33.61031],[-86.61517,33.61091],[-86.61488,33.61261],[-86.61278,33.61309],[-86.61362,33.61453],[-86.61614,33.61273],[-86.61951,33.61259],[-86.6195,33.61606],[-86.62739,33.60942],[-86.62884,33.61262],[-86.63033,33.61262],[-86.63036,33.60728],[-86.63254,33.60812],[-86.63254,33.60593],[-86.63534,33.6041],[-86.63728,33.60776],[-86.63746,33.60958],[-86.63988,33.6103],[-86.63852,33.61375],[-86.63429,33.61885],[-86.63328,33.62146],[-86.63232,33.62008],[-86.63067,33.62442],[-86.62692,33.62587],[-86.62561,33.6252],[-86.62331,33.62712],[-86.62401,33.63193],[-86.62141,33.6341],[-86.62128,33.63587],[-86.61563,33.63961],[-86.61796,33.63966],[-86.6152,33.64227],[-86.61617,33.64243],[-86.61242,33.64571],[-86.61006,33.65078],[-86.61248,33.65114],[-86.61398,33.65284],[-86.62105,33.65578],[-86.62447,33.65645],[-86.62244,33.66],[-86.62085,33.66003]]]}},{"type":"Feature","properties":{"zcta":"35115","d":48},"geometry":{"type":"Polygon","coordinates":[[[-87.02429,33.18005],[-87.01972,33.17988],[-87.0173,33.17787],[-87.01829,33.17609],[-87.02332,33.17589],[-87.02546,33.17298],[-87.02498,33.16994],[-87.02352,33.16896],[-87.01994,33.1698],[-87.01574,33.16977],[-87.01106,33.17094],[-87.00838,33.16922],[-87.00659,33.172],[-87.00898,33.17656],[-87.01145,33.17886],[-87.0118,33.18084],[-87.01034,33.18631],[-87.01091,33.18888],[-87.00457,33.18725],[-87.00254,33.18475],[-87.00119,33.18453],[-86.99739,33.18755],[-86.99761,33.19185],[-86.9961,33.19465],[-86.99324,33.19451],[-86.99053,33.19722],[-86.9909,33.20025],[-86.98934,33.20469],[-86.98621,33.20553],[-86.98665,33.20218],[-86.98559,33.19996],[-86.98062,33.19906],[-86.9777,33.20024],[-86.97659,33.20333],[-86.97496,33.20466],[-86.97297,33.2028],[-86.97052,33.20359],[-86.96583,33.2099],[-86.9621,33.21286],[-86.96157,33.21545],[-86.95694,33.21368],[-86.95716,33.20975],[-86.95586,33.21195],[-86.95465,33.21065],[-86.95202,33.21023],[-86.95017,33.21375],[-86.94317,33.2182],[-86.94011,33.21865],[-86.93899,33.21467],[-86.93801,33.21386],[-86.93564,33.21522],[-86.93287,33.21869],[-86.9281,33.22132],[-86.92602,33.22167],[-86.92276,33.2198],[-86.91602,33.22109],[-86.90978,33.22152],[-86.90721,33.22058],[-86.89858,33.21925],[-86.89911,33.21846],[-86.89105,33.20978],[-86.8766,33.19377],[-86.87785,33.18331],[-86.87501,33.18417],[-86.87372,33.18559],[-86.86922,33.18509],[-86.86612,33.18243],[-86.86355,33.18247],[-86.86165,33.18939],[-86.8588,33.18957],[-86.86084,33.17935],[-86.86,33.17713],[-86.85594,33.17601],[-86.85646,33.17388],[-86.85332,33.17017],[-86.85303,33.17213],[-86.82702,33.17231],[-86.82703,33.17306],[-86.81963,33.17352],[-86.82019,33.17108],[-86.82695,33.17111],[-86.82684,33.16734],[-86.82236,33.16741],[-86.82102,33.16606],[-86.82011,33.17105],[-86.81646,33.17103],[-86.81532,33.17281],[-86.81485,33.17833],[-86.82134,33.17935],[-86.82207,33.18173],[-86.8119,33.18096],[-86.81113,33.18412],[-86.81109,33.18041],[-86.81373,33.17823],[-86.81332,33.17285],[-86.81191,33.17015],[-86.80982,33.16966],[-86.80848,33.16621],[-86.80285,33.17003],[-86.7965,33.16851],[-86.79647,33.16299],[-86.79198,33.16282],[-86.7921,33.14663],[-86.79382,33.14659],[-86.79256,33.14426],[-86.78711,33.14737],[-86.78564,33.14746],[-86.78571,33.15121],[-86.77877,33.15099],[-86.77825,33.14352],[-86.77919,33.14201],[-86.77598,33.13758],[-86.77842,33.13599],[-86.77844,33.13242],[-86.78301,33.13262],[-86.78307,33.12892],[-86.79668,33.12962],[-86.79672,33.12599],[-86.79991,33.12612],[-86.79988,33.12984],[-86.80208,33.12867],[-86.80668,33.12802],[-86.8124,33.12435],[-86.82125,33.1207],[-86.82371,33.11764],[-86.80992,33.11355],[-86.81028,33.10965],[-86.81315,33.1037],[-86.81095,33.09777],[-86.80657,33.09601],[-86.80667,33.09315],[-86.80986,33.0929],[-86.80976,33.09167],[-86.81228,33.09147],[-86.81222,33.08702],[-86.80793,33.08712],[-86.80791,33.08528],[-86.8122,33.08521],[-86.81218,33.08343],[-86.80789,33.08353],[-86.80785,33.08168],[-86.80318,33.08172],[-86.80313,33.07988],[-86.8078,33.0798],[-86.80771,33.07622],[-86.79847,33.07626],[-86.79876,33.06887],[-86.8031,33.06881],[-86.80268,33.06263],[-86.80033,33.06153],[-86.79056,33.06152],[-86.78969,33.06386],[-86.78938,33.06889],[-86.77174,33.06917],[-86.76739,33.06716],[-86.7716,33.06444],[-86.77371,33.06444],[-86.77744,33.06298],[-86.78111,33.06047],[-86.78158,33.05627],[-86.78375,33.05386],[-86.7836,33.0501],[-86.78468,33.04846],[-86.78866,33.04662],[-86.78856,33.0363],[-86.79322,33.0362],[-86.79322,33.03261],[-86.79436,33.03265],[-86.79341,33.0249],[-86.8001,33.01948],[-86.80409,33.01479],[-86.80629,33.01402],[-86.811,33.01396],[-86.81093,33.01034],[-86.82419,33.01004],[-86.82413,33.00788],[-86.83733,33.00781],[-86.8374,33.00019],[-86.8461,33.00046],[-86.84626,32.99721],[-86.84935,32.99778],[-86.84945,32.99914],[-86.85328,33.00366],[-86.85568,33.00198],[-86.8579,33.00112],[-86.86792,33.00306],[-86.86799,33.00236],[-86.8763,33.00306],[-86.87662,33.02777],[-86.88177,33.02936],[-86.88129,33.03674],[-86.88466,33.03606],[-86.88645,33.03856],[-86.88944,33.03786],[-86.89229,33.03451],[-86.89356,33.03491],[-86.8911,33.04197],[-86.89143,33.04465],[-86.89487,33.046],[-86.88449,33.05132],[-86.88117,33.05115],[-86.88164,33.07186],[-86.8786,33.07185],[-86.87875,33.07544],[-86.89019,33.07561],[-86.89019,33.08609],[-86.89177,33.08658],[-86.89104,33.08838],[-86.8946,33.08895],[-86.89803,33.0854],[-86.89622,33.08267],[-86.90698,33.07808],[-86.90878,33.07536],[-86.91225,33.07479],[-86.91203,33.07711],[-86.91476,33.07888],[-86.91616,33.07723],[-86.91941,33.07721],[-86.91864,33.0751],[-86.92132,33.0737],[-86.92444,33.0734],[-86.92465,33.07128],[-86.92295,33.06858],[-86.9201,33.06665],[-86.92008,33.06432],[-86.93397,33.06406],[-86.93421,33.07318],[-86.93399,33.0788],[-86.95166,33.07874],[-86.95088,33.09859],[-86.96539,33.09844],[-86.96632,33.09643],[-86.96505,33.0924],[-86.96612,33.09157],[-86.96701,33.0871],[-86.9674,33.08116],[-86.96917,33.07966],[-86.96989,33.08105],[-86.97749,33.08336],[-86.98139,33.08572],[-86.98337,33.089],[-86.98826,33.09027],[-86.98928,33.0935],[-86.99438,33.09284],[-86.9955,33.09794],[-86.99836,33.10085],[-87.00142,33.10789],[-87.00188,33.11151],[-87.00099,33.11627],[-87.00289,33.12053],[-87.00677,33.12192],[-87.0069,33.12563],[-87.00866,33.12913],[-87.00749,33.1326],[-87.00982,33.13496],[-87.00956,33.13648],[-87.01332,33.13329],[-87.0152,33.13056],[-87.01706,33.13281],[-87.01907,33.1328],[-87.0224,33.1298],[-87.02337,33.13154],[-87.02651,33.13181],[-87.02828,33.13356],[-87.02763,33.14036],[-87.03226,33.14713],[-87.03816,33.15021],[-87.03933,33.15267],[-87.03592,33.15516],[-87.0332,33.16017],[-87.03082,33.15954],[-87.0292,33.15705],[-87.02586,33.15809],[-87.02555,33.15969],[-87.02915,33.16319],[-87.03,33.16979],[-87.02962,33.1722],[-87.02765,33.17493],[-87.02777,33.17659],[-87.02561,33.1789],[-87.02429,33.18005]]]}},{"type":"Feature","properties":{"zcta":"35550","d":29},"geometry":{"type":"MultiPolygon","coordinates":[[[[-87.22465,33.78066],[-87.22196,33.77911],[-87.217,33.77848],[-87.21573,33.77658],[-87.20701,33.77627],[-87.2073,33.78563],[-87.20787,33.78464],[-87.21502,33.79281],[-87.21646,33.79668],[-87.21128,33.79661],[-87.21139,33.80402],[-87.20709,33.80401],[-87.20725,33.81016],[-87.20449,33.81011],[-87.20419,33.81425],[-87.20126,33.81464],[-87.20142,33.81131],[-87.19973,33.81128],[-87.19968,33.80881],[-87.20383,33.80886],[-87.20384,33.80781],[-87.2002,33.80773],[-87.19651,33.80313],[-87.19456,33.80291],[-87.19383,33.80764],[-87.19461,33.80923],[-87.19416,33.81471],[-87.18991,33.81568],[-87.18992,33.81476],[-87.18604,33.81417],[-87.18153,33.8149],[-87.1811,33.8175],[-87.17364,33.81565],[-87.17233,33.81473],[-87.16531,33.81469],[-87.16245,33.81105],[-87.15471,33.81093],[-87.15029,33.80542],[-87.14365,33.80555],[-87.14334,33.8076],[-87.1406,33.80706],[-87.13953,33.80964],[-87.13394,33.81504],[-87.12912,33.81712],[-87.12354,33.81677],[-87.11038,33.81473],[-87.10933,33.81321],[-87.10971,33.80964],[-87.10707,33.80769],[-87.10053,33.80523],[-87.09325,33.79874],[-87.08736,33.79579],[-87.08381,33.79539],[-87.07851,33.79601],[-87.07603,33.79411],[-87.07373,33.79433],[-87.07038,33.79316],[-87.06882,33.79495],[-87.06873,33.7926],[-87.06533,33.79278],[-87.06308,33.79153],[-87.06287,33.78783],[-87.0585,33.78779],[-87.05845,33.78504],[-87.05832,33.78076],[-87.06282,33.78076],[-87.06285,33.77376],[-87.06681,33.77401],[-87.07041,33.7769],[-87.07573,33.77707],[-87.07588,33.78432],[-87.08032,33.7844],[-87.08027,33.78183],[-87.08485,33.78149],[-87.08305,33.77927],[-87.07443,33.7736],[-87.0848,33.7646],[-87.08713,33.75952],[-87.08773,33.75124],[-87.08898,33.75128],[-87.08897,33.74823],[-87.09803,33.74817],[-87.09799,33.7396],[-87.09997,33.73723],[-87.10298,33.73624],[-87.11105,33.73613],[-87.11219,33.73827],[-87.11497,33.73675],[-87.11713,33.73735],[-87.12705,33.74711],[-87.13021,33.74319],[-87.13261,33.74175],[-87.1343,33.73554],[-87.13719,33.73387],[-87.14093,33.73024],[-87.14116,33.72837],[-87.14376,33.7293],[-87.15047,33.72223],[-87.1512,33.71995],[-87.14915,33.71601],[-87.1437,33.71468],[-87.14002,33.71326],[-87.13905,33.71055],[-87.14288,33.70754],[-87.14628,33.70385],[-87.14762,33.69967],[-87.14689,33.69848],[-87.13611,33.69219],[-87.13057,33.68724],[-87.125,33.67609],[-87.12017,33.66303],[-87.12086,33.66022],[-87.1251,33.65843],[-87.13037,33.65736],[-87.1365,33.65875],[-87.1401,33.66142],[-87.14063,33.66545],[-87.13914,33.67516],[-87.14136,33.67744],[-87.14471,33.67615],[-87.14726,33.674],[-87.15351,33.66565],[-87.15756,33.66439],[-87.16378,33.66485],[-87.17041,33.66636],[-87.17482,33.66542],[-87.17672,33.65959],[-87.17744,33.65507],[-87.17616,33.65305],[-87.17067,33.65084],[-87.17105,33.64803],[-87.18239,33.64631],[-87.19025,33.64297],[-87.19557,33.6414],[-87.20002,33.64191],[-87.19756,33.64385],[-87.19775,33.64623],[-87.20131,33.65007],[-87.20427,33.65221],[-87.20702,33.65552],[-87.20993,33.65495],[-87.20768,33.65684],[-87.20235,33.65317],[-87.20037,33.65343],[-87.19543,33.66035],[-87.2034,33.6593],[-87.21071,33.66198],[-87.21489,33.66553],[-87.21684,33.67193],[-87.22278,33.67537],[-87.22404,33.67735],[-87.23005,33.6761],[-87.23033,33.67894],[-87.23294,33.67971],[-87.23237,33.68526],[-87.2292,33.68517],[-87.22795,33.68822],[-87.22797,33.69063],[-87.2252,33.69717],[-87.22483,33.70035],[-87.22557,33.70398],[-87.2273,33.70848],[-87.22891,33.71034],[-87.23104,33.71598],[-87.23072,33.71791],[-87.22877,33.71869],[-87.22376,33.71822],[-87.22174,33.71957],[-87.21953,33.7226],[-87.21752,33.72804],[-87.2146,33.73217],[-87.21078,33.73348],[-87.2111,33.73587],[-87.20968,33.74088],[-87.23216,33.73877],[-87.23699,33.73845],[-87.24242,33.73921],[-87.24327,33.74258],[-87.24244,33.74609],[-87.24119,33.74753],[-87.24115,33.75476],[-87.23929,33.75762],[-87.24112,33.75991],[-87.23942,33.76398],[-87.23695,33.7666],[-87.23649,33.7692],[-87.23445,33.77006],[-87.23509,33.77291],[-87.23336,33.77497],[-87.22985,33.77576],[-87.22418,33.77833],[-87.22465,33.78066]]],[[[-87.24588,33.71161],[-87.24379,33.71892],[-87.24115,33.72033],[-87.23835,33.7179],[-87.23492,33.71606],[-87.23475,33.71302],[-87.236,33.71091],[-87.24313,33.70652],[-87.24339,33.70993],[-87.24588,33.71161]]]]}},{"type":"Feature","properties":{"zcta":"35045","d":51},"geometry":{"type":"Polygon","coordinates":[[[-86.77346,32.82519],[-86.76896,32.82547],[-86.76643,32.82682],[-86.76408,32.82969],[-86.75827,32.83271],[-86.75668,32.83262],[-86.75682,32.8359],[-86.73846,32.83601],[-86.73528,32.83568],[-86.7082,32.83636],[-86.70674,32.83775],[-86.70007,32.83801],[-86.69823,32.83661],[-86.69631,32.8381],[-86.6922,32.83811],[-86.69097,32.8397],[-86.68669,32.84241],[-86.68383,32.84168],[-86.68148,32.84235],[-86.68491,32.84721],[-86.68628,32.84679],[-86.68922,32.84971],[-86.68983,32.85183],[-86.69272,32.85141],[-86.69574,32.85338],[-86.69561,32.85712],[-86.69702,32.85758],[-86.69703,32.86111],[-86.69909,32.85977],[-86.70454,32.85963],[-86.70449,32.86215],[-86.71437,32.86196],[-86.71438,32.86293],[-86.71773,32.86441],[-86.72201,32.86522],[-86.7266,32.86539],[-86.72909,32.86671],[-86.73255,32.86979],[-86.73018,32.87216],[-86.72814,32.87221],[-86.72612,32.87056],[-86.7194,32.86775],[-86.71539,32.86689],[-86.71209,32.86881],[-86.70668,32.87083],[-86.70596,32.87668],[-86.70331,32.87676],[-86.70733,32.88342],[-86.71144,32.8915],[-86.71374,32.89461],[-86.7148,32.90205],[-86.70982,32.90225],[-86.70831,32.8986],[-86.70599,32.89866],[-86.70598,32.89701],[-86.70208,32.89701],[-86.70267,32.90277],[-86.69706,32.89997],[-86.69705,32.90279],[-86.69173,32.90283],[-86.69339,32.90342],[-86.69334,32.9178],[-86.69565,32.91934],[-86.69882,32.92275],[-86.70055,32.92682],[-86.70511,32.93435],[-86.70207,32.93479],[-86.69336,32.93478],[-86.69327,32.93916],[-86.69383,32.94909],[-86.69102,32.9486],[-86.68469,32.94567],[-86.68245,32.94544],[-86.68022,32.94183],[-86.6804,32.93901],[-86.66953,32.93888],[-86.66946,32.94474],[-86.66802,32.94472],[-86.66678,32.94096],[-86.66466,32.94228],[-86.66277,32.94427],[-86.66101,32.94248],[-86.65606,32.94175],[-86.65398,32.94368],[-86.64696,32.9436],[-86.64407,32.94186],[-86.64133,32.9376],[-86.64358,32.93622],[-86.64687,32.92985],[-86.64935,32.9286],[-86.65308,32.92916],[-86.65475,32.92802],[-86.64666,32.91907],[-86.63904,32.91015],[-86.61646,32.87672],[-86.60168,32.85743],[-86.59869,32.85211],[-86.59624,32.84584],[-86.57516,32.78754],[-86.57193,32.78015],[-86.56792,32.7729],[-86.56044,32.76201],[-86.56374,32.76141],[-86.56924,32.76161],[-86.57609,32.76072],[-86.56909,32.75724],[-86.56347,32.75703],[-86.56674,32.75443],[-86.56722,32.75223],[-86.57384,32.74882],[-86.57315,32.74443],[-86.57443,32.74314],[-86.57912,32.74302],[-86.58303,32.74386],[-86.58732,32.74392],[-86.59267,32.74527],[-86.5948,32.74314],[-86.60199,32.73947],[-86.60777,32.73865],[-86.61048,32.7405],[-86.61814,32.74302],[-86.62047,32.74457],[-86.62022,32.74294],[-86.62451,32.74292],[-86.62485,32.74469],[-86.62822,32.74467],[-86.62964,32.74779],[-86.63309,32.74839],[-86.63436,32.74708],[-86.63719,32.74673],[-86.64174,32.74503],[-86.64854,32.74009],[-86.65151,32.73508],[-86.6609,32.73251],[-86.66394,32.73057],[-86.66917,32.72842],[-86.67513,32.72899],[-86.67821,32.73152],[-86.68246,32.73079],[-86.6841,32.72845],[-86.68601,32.72806],[-86.69033,32.72496],[-86.69156,32.72505],[-86.69177,32.72145],[-86.69885,32.72191],[-86.69775,32.72558],[-86.70358,32.7308],[-86.70856,32.72861],[-86.7128,32.7275],[-86.71699,32.72708],[-86.71628,32.72055],[-86.71648,32.71647],[-86.71952,32.7163],[-86.72197,32.7137],[-86.72955,32.71135],[-86.74207,32.70864],[-86.74559,32.70841],[-86.74609,32.70574],[-86.74787,32.70288],[-86.74922,32.7024],[-86.75123,32.70598],[-86.75516,32.70591],[-86.75727,32.70745],[-86.76145,32.71165],[-86.76289,32.71841],[-86.76149,32.72551],[-86.75821,32.73558],[-86.75414,32.73681],[-86.75652,32.74055],[-86.75545,32.74458],[-86.76004,32.74325],[-86.76258,32.74769],[-86.76139,32.7497],[-86.76089,32.75337],[-86.76261,32.75506],[-86.76371,32.76311],[-86.76222,32.76774],[-86.7639,32.7698],[-86.75805,32.77415],[-86.75683,32.77635],[-86.75103,32.77778],[-86.75079,32.78083],[-86.74707,32.7847],[-86.75219,32.78764],[-86.75616,32.78863],[-86.76021,32.78691],[-86.76846,32.78913],[-86.76877,32.79092],[-86.7715,32.79695],[-86.7721,32.80235],[-86.77272,32.80109],[-86.77645,32.8003],[-86.77747,32.80114],[-86.78038,32.79943],[-86.78373,32.79873],[-86.78481,32.8008],[-86.78956,32.80138],[-86.79187,32.80026],[-86.7904,32.8039],[-86.78682,32.80439],[-86.7849,32.80735],[-86.77768,32.80722],[-86.77778,32.81291],[-86.77577,32.8173],[-86.77769,32.82318],[-86.77346,32.82519]]]}},{"type":"Feature","properties":{"zcta":"35023","d":114},"geometry":{"type":"Polygon","coordinates":[[[-87.21937,33.53621],[-87.21393,33.53638],[-87.21003,33.53873],[-87.20029,33.54888],[-87.1977,33.55016],[-87.18762,33.55149],[-87.18586,33.55404],[-87.18652,33.55695],[-87.18407,33.55888],[-87.18126,33.55956],[-87.17721,33.55718],[-87.17722,33.55483],[-87.17917,33.54879],[-87.17938,33.54617],[-87.17593,33.54517],[-87.17166,33.54715],[-87.16549,33.55192],[-87.16203,33.55293],[-87.15533,33.55102],[-87.15303,33.55169],[-87.15153,33.55515],[-87.15058,33.56193],[-87.15197,33.56672],[-87.15689,33.5736],[-87.15804,33.57598],[-87.15763,33.57786],[-87.1541,33.57712],[-87.14818,33.5687],[-87.14541,33.56847],[-87.14335,33.57062],[-87.14254,33.5734],[-87.1436,33.57931],[-87.14233,33.58191],[-87.1409,33.58243],[-87.13644,33.58169],[-87.13107,33.5839],[-87.12983,33.58354],[-87.12627,33.57927],[-87.1265,33.56548],[-87.12695,33.5605],[-87.125,33.55825],[-87.11818,33.55986],[-87.12068,33.55876],[-87.11752,33.55433],[-87.11744,33.51797],[-87.10879,33.51777],[-87.10885,33.51031],[-87.09521,33.51027],[-87.09428,33.5097],[-87.05769,33.50938],[-87.05676,33.4948],[-87.01239,33.49451],[-87.01103,33.48985],[-87.01334,33.48926],[-87.01481,33.48708],[-87.01386,33.4847],[-87.01625,33.48152],[-87.01301,33.48045],[-87.01269,33.47793],[-87.01064,33.47546],[-87.00886,33.47501],[-87.00382,33.46713],[-87.00139,33.4682],[-86.99449,33.46741],[-86.9938,33.46558],[-86.98992,33.46549],[-86.98993,33.46183],[-86.98777,33.46178],[-86.98677,33.46541],[-86.98071,33.46482],[-86.98003,33.46621],[-86.97632,33.46894],[-86.97336,33.46885],[-86.97036,33.46878],[-86.97037,33.46596],[-86.96609,33.46507],[-86.96605,33.46137],[-86.96166,33.46189],[-86.96171,33.45759],[-86.96055,33.45759],[-86.96158,33.45387],[-86.96062,33.44984],[-86.96368,33.44591],[-86.96816,33.44163],[-86.96954,33.43964],[-86.9707,33.43341],[-86.96841,33.42211],[-86.9738,33.423],[-86.97713,33.4223],[-86.98302,33.41955],[-86.98403,33.41145],[-86.98524,33.40595],[-86.98997,33.40236],[-86.98732,33.40098],[-86.98071,33.39864],[-86.98245,33.3962],[-86.99768,33.39028],[-87.00714,33.38775],[-87.00998,33.38809],[-87.00997,33.38405],[-87.01297,33.38166],[-87.01866,33.37942],[-87.01867,33.38229],[-87.02393,33.38526],[-87.0224,33.38753],[-87.025,33.39132],[-87.02836,33.39114],[-87.03294,33.38329],[-87.03777,33.37881],[-87.04085,33.37757],[-87.04499,33.3738],[-87.04872,33.37188],[-87.05068,33.3723],[-87.05023,33.37059],[-87.05271,33.36766],[-87.05922,33.36383],[-87.06508,33.35899],[-87.07094,33.3559],[-87.07755,33.35031],[-87.08224,33.34791],[-87.08395,33.34797],[-87.08402,33.34504],[-87.08655,33.34099],[-87.08855,33.34303],[-87.0903,33.34293],[-87.09324,33.34449],[-87.09312,33.34797],[-87.09515,33.3506],[-87.10122,33.34855],[-87.104,33.34867],[-87.10943,33.35245],[-87.10961,33.35314],[-87.10545,33.35589],[-87.10602,33.36021],[-87.1099,33.36021],[-87.1049,33.36236],[-87.09889,33.36554],[-87.09575,33.36921],[-87.0849,33.37458],[-87.08256,33.37857],[-87.08454,33.37963],[-87.08256,33.38068],[-87.08029,33.38015],[-87.07697,33.38459],[-87.07628,33.38933],[-87.07699,33.39035],[-87.07448,33.393],[-87.07444,33.40658],[-87.07649,33.40777],[-87.0765,33.40992],[-87.07242,33.40878],[-87.07175,33.40996],[-87.07664,33.41302],[-87.07959,33.42226],[-87.07698,33.4233],[-87.07719,33.42589],[-87.07844,33.42764],[-87.0817,33.4294],[-87.08295,33.4311],[-87.08668,33.4305],[-87.08896,33.43193],[-87.09002,33.43663],[-87.08903,33.44004],[-87.08462,33.4411],[-87.08217,33.44297],[-87.08306,33.44488],[-87.086,33.44547],[-87.08505,33.44843],[-87.08673,33.45007],[-87.09209,33.45061],[-87.09252,33.45166],[-87.09036,33.45563],[-87.0918,33.45737],[-87.09387,33.454],[-87.09734,33.45126],[-87.09217,33.44728],[-87.09194,33.44575],[-87.09453,33.44308],[-87.10295,33.45197],[-87.10468,33.45196],[-87.10464,33.44524],[-87.10557,33.4445],[-87.11074,33.44498],[-87.11207,33.44704],[-87.11304,33.4528],[-87.11418,33.45313],[-87.11832,33.45128],[-87.1193,33.45003],[-87.11861,33.446],[-87.12183,33.44432],[-87.12146,33.44267],[-87.12667,33.4405],[-87.13163,33.43365],[-87.1323,33.43704],[-87.13585,33.43977],[-87.13609,33.44121],[-87.13981,33.44167],[-87.14409,33.44082],[-87.14149,33.44518],[-87.14243,33.44628],[-87.14126,33.45038],[-87.14233,33.45232],[-87.14239,33.45592],[-87.1444,33.45592],[-87.14456,33.46671],[-87.15984,33.46719],[-87.15983,33.46376],[-87.16636,33.46365],[-87.16641,33.46736],[-87.18728,33.46768],[-87.1867,33.46897],[-87.19015,33.47009],[-87.19102,33.47218],[-87.19094,33.47529],[-87.19373,33.47593],[-87.19518,33.47275],[-87.19635,33.47341],[-87.19578,33.4768],[-87.19293,33.47889],[-87.18777,33.47861],[-87.18433,33.48187],[-87.184,33.48507],[-87.18788,33.48693],[-87.18963,33.4862],[-87.19318,33.48297],[-87.19474,33.48381],[-87.19422,33.48851],[-87.19786,33.49036],[-87.19929,33.49207],[-87.20556,33.49491],[-87.20437,33.49626],[-87.20037,33.49463],[-87.19844,33.49717],[-87.19655,33.49783],[-87.20202,33.50567],[-87.20442,33.50532],[-87.2048,33.50321],[-87.2038,33.49764],[-87.20739,33.49675],[-87.20642,33.50208],[-87.2081,33.50991],[-87.20625,33.51349],[-87.20062,33.5166],[-87.20047,33.51996],[-87.20436,33.52346],[-87.20712,33.52357],[-87.20819,33.51692],[-87.21081,33.51685],[-87.21477,33.51981],[-87.21826,33.52141],[-87.21945,33.52093],[-87.22276,33.51638],[-87.22513,33.51494],[-87.22668,33.51767],[-87.2305,33.52096],[-87.23057,33.5229],[-87.225,33.5238],[-87.22353,33.52501],[-87.22362,33.52861],[-87.2253,33.53056],[-87.22815,33.53207],[-87.22849,33.53616],[-87.23018,33.53884],[-87.21937,33.53621]]]}},{"type":"Feature","properties":{"zcta":"35180","d":66},"geometry":{"type":"Polygon","coordinates":[[[-86.94501,33.79692],[-86.94398,33.79881],[-86.94576,33.79884],[-86.94673,33.80066],[-86.94462,33.80362],[-86.94264,33.8041],[-86.94005,33.80734],[-86.93665,33.80968],[-86.93663,33.81531],[-86.92356,33.82228],[-86.9148,33.8219],[-86.91486,33.82696],[-86.89101,33.83949],[-86.89443,33.84114],[-86.89529,33.84302],[-86.8927,33.84717],[-86.89087,33.85154],[-86.88831,33.85584],[-86.88995,33.85797],[-86.87754,33.85771],[-86.87552,33.86235],[-86.87549,33.87212],[-86.87432,33.87327],[-86.87116,33.87318],[-86.87117,33.8758],[-86.86743,33.87569],[-86.86783,33.8768],[-86.87325,33.87862],[-86.87078,33.88137],[-86.87145,33.88251],[-86.86926,33.8869],[-86.86985,33.8897],[-86.86902,33.89257],[-86.87112,33.89713],[-86.8736,33.89951],[-86.87239,33.9009],[-86.86744,33.90326],[-86.8655,33.90572],[-86.86324,33.90594],[-86.85717,33.90807],[-86.85221,33.91251],[-86.85189,33.91523],[-86.84467,33.91466],[-86.83547,33.91917],[-86.8307,33.92036],[-86.82599,33.92223],[-86.82067,33.92629],[-86.81529,33.92924],[-86.81029,33.92918],[-86.81032,33.92752],[-86.80602,33.9249],[-86.81413,33.91976],[-86.82077,33.91507],[-86.82725,33.9093],[-86.82343,33.90495],[-86.82121,33.90416],[-86.82262,33.90619],[-86.81876,33.90747],[-86.81446,33.90734],[-86.81448,33.905],[-86.81901,33.90491],[-86.819,33.90385],[-86.81016,33.90414],[-86.80362,33.90573],[-86.80123,33.90473],[-86.80026,33.89963],[-86.79673,33.8992],[-86.79469,33.89735],[-86.78998,33.89524],[-86.788,33.89346],[-86.79094,33.89106],[-86.78828,33.88103],[-86.78364,33.88102],[-86.78378,33.88547],[-86.77926,33.8772],[-86.77929,33.87359],[-86.77803,33.87278],[-86.77467,33.8747],[-86.77509,33.87163],[-86.77392,33.87252],[-86.77083,33.87237],[-86.77081,33.87432],[-86.7664,33.87519],[-86.7664,33.87692],[-86.76218,33.87681],[-86.76018,33.87454],[-86.75876,33.87564],[-86.75127,33.87156],[-86.74546,33.87064],[-86.73976,33.86924],[-86.73976,33.86561],[-86.73729,33.85813],[-86.73254,33.85141],[-86.73191,33.84795],[-86.72806,33.84757],[-86.72817,33.84603],[-86.73054,33.84489],[-86.73797,33.8436],[-86.73906,33.84289],[-86.7408,33.83467],[-86.74178,33.83269],[-86.74393,33.83143],[-86.75332,33.83715],[-86.75312,33.83582],[-86.75589,33.83018],[-86.75279,33.82424],[-86.75348,33.82108],[-86.75551,33.8195],[-86.7573,33.81957],[-86.76067,33.82214],[-86.76609,33.82735],[-86.76996,33.83001],[-86.77205,33.82885],[-86.77206,33.82615],[-86.76899,33.8177],[-86.76626,33.81849],[-86.76356,33.81781],[-86.76282,33.81511],[-86.76507,33.81281],[-86.76348,33.81187],[-86.7623,33.81435],[-86.76002,33.81432],[-86.75837,33.81141],[-86.75948,33.80626],[-86.75308,33.80619],[-86.75394,33.80227],[-86.74942,33.80099],[-86.74565,33.80375],[-86.74711,33.79972],[-86.74687,33.7967],[-86.7307,33.79591],[-86.73071,33.79258],[-86.72788,33.79254],[-86.72788,33.79466],[-86.72548,33.79467],[-86.72489,33.7961],[-86.722,33.79694],[-86.72085,33.79554],[-86.72232,33.7923],[-86.71329,33.79223],[-86.71334,33.79805],[-86.7112,33.79859],[-86.71036,33.80249],[-86.71052,33.80695],[-86.70693,33.80203],[-86.70465,33.79987],[-86.70857,33.79802],[-86.70464,33.79581],[-86.70497,33.78841],[-86.70042,33.78836],[-86.70022,33.77855],[-86.70175,33.77735],[-86.70497,33.77732],[-86.70923,33.77598],[-86.71452,33.77791],[-86.72238,33.77776],[-86.72359,33.77687],[-86.72845,33.77825],[-86.73533,33.7625],[-86.74236,33.74722],[-86.74327,33.74775],[-86.74387,33.75529],[-86.7465,33.75929],[-86.74874,33.75832],[-86.75306,33.75793],[-86.75156,33.77031],[-86.75129,33.77629],[-86.7491,33.78445],[-86.75138,33.78411],[-86.75069,33.78036],[-86.75381,33.77781],[-86.76068,33.77844],[-86.76216,33.78057],[-86.76576,33.78184],[-86.76177,33.79051],[-86.76159,33.79409],[-86.76025,33.79574],[-86.76573,33.79664],[-86.76575,33.80418],[-86.77232,33.80418],[-86.77353,33.79685],[-86.77478,33.79436],[-86.77905,33.79177],[-86.78228,33.79165],[-86.78442,33.79355],[-86.785,33.79804],[-86.7836,33.80407],[-86.78106,33.807],[-86.78213,33.80997],[-86.78867,33.8147],[-86.79856,33.81032],[-86.80169,33.80716],[-86.80119,33.8027],[-86.79965,33.80045],[-86.79957,33.79784],[-86.80742,33.7942],[-86.81077,33.78973],[-86.81691,33.78538],[-86.81953,33.78289],[-86.82155,33.77978],[-86.82415,33.77161],[-86.82508,33.77026],[-86.82919,33.76989],[-86.83164,33.77136],[-86.83569,33.7759],[-86.83945,33.77863],[-86.83789,33.78314],[-86.8348,33.78567],[-86.83464,33.78854],[-86.83841,33.79052],[-86.84753,33.79115],[-86.84905,33.78702],[-86.84905,33.77981],[-86.85019,33.77646],[-86.85315,33.77302],[-86.85726,33.77211],[-86.86193,33.77568],[-86.8642,33.77533],[-86.86637,33.77055],[-86.86409,33.76129],[-86.86518,33.75728],[-86.86982,33.75556],[-86.87299,33.75731],[-86.87463,33.76219],[-86.87494,33.76659],[-86.87384,33.77089],[-86.87438,33.77262],[-86.87736,33.77565],[-86.87971,33.7752],[-86.88248,33.77195],[-86.88559,33.76944],[-86.89344,33.76425],[-86.89578,33.7609],[-86.89858,33.7501],[-86.90036,33.74815],[-86.90285,33.74854],[-86.90682,33.75133],[-86.90832,33.75426],[-86.90532,33.75745],[-86.90542,33.76014],[-86.90791,33.76154],[-86.91256,33.76027],[-86.91476,33.75903],[-86.92175,33.75183],[-86.92139,33.74877],[-86.91813,33.74414],[-86.91769,33.73979],[-86.91916,33.73697],[-86.924,33.73604],[-86.9275,33.7362],[-86.93406,33.73738],[-86.93713,33.73857],[-86.94215,33.73812],[-86.94329,33.73427],[-86.94247,33.72795],[-86.94461,33.72594],[-86.94686,33.72715],[-86.94976,33.7327],[-86.95341,33.73316],[-86.95549,33.72841],[-86.96162,33.72354],[-86.96357,33.72058],[-86.96139,33.71703],[-86.95622,33.71455],[-86.95404,33.7129],[-86.95413,33.70888],[-86.95736,33.70743],[-86.96492,33.71115],[-86.96478,33.7179],[-86.96405,33.72975],[-86.96003,33.74124],[-86.96022,33.74999],[-86.95987,33.75771],[-86.95788,33.76114],[-86.9539,33.76435],[-86.94882,33.76459],[-86.94881,33.77172],[-86.93738,33.7714],[-86.93593,33.77258],[-86.93722,33.77621],[-86.9403,33.77627],[-86.94043,33.7808],[-86.94285,33.78082],[-86.94295,33.78602],[-86.94478,33.78603],[-86.94492,33.79334],[-86.94501,33.79692]]]}},{"type":"Feature","properties":{"zcta":"35121","d":43},"geometry":{"type":"Polygon","coordinates":[[[-86.53429,34.01735],[-86.52487,34.01508],[-86.52725,34.01473],[-86.52852,34.01297],[-86.5341,34.00928],[-86.53658,34.0082],[-86.53729,34.00672],[-86.54132,34.00404],[-86.54109,33.9921],[-86.53117,33.99266],[-86.53083,33.99396],[-86.53461,33.99344],[-86.53665,33.99397],[-86.53669,33.99834],[-86.52265,33.99834],[-86.52047,33.99811],[-86.51962,33.99454],[-86.51584,33.99256],[-86.5095,33.99893],[-86.50744,33.99814],[-86.50753,33.99668],[-86.50311,33.99843],[-86.49916,33.99843],[-86.4956,33.99657],[-86.49241,33.99817],[-86.4931,34.00086],[-86.48291,34.00149],[-86.47973,34.00279],[-86.48034,34.00451],[-86.48268,34.00371],[-86.48601,34.00513],[-86.48544,34.00638],[-86.48536,34.01645],[-86.4757,34.01643],[-86.47559,34.02008],[-86.46817,34.02012],[-86.46813,34.03101],[-86.46375,34.03101],[-86.46369,34.03854],[-86.46781,34.03812],[-86.46963,34.04028],[-86.46824,34.0414],[-86.46477,34.04078],[-86.46349,34.03952],[-86.462,34.04169],[-86.46279,34.04759],[-86.46228,34.04873],[-86.46715,34.05443],[-86.46521,34.05484],[-86.46182,34.05703],[-86.45649,34.05619],[-86.45164,34.05632],[-86.44704,34.05804],[-86.43968,34.05815],[-86.43368,34.05986],[-86.43284,34.06004],[-86.4328,34.05279],[-86.43182,34.0493],[-86.43035,34.04936],[-86.4264,34.05492],[-86.42885,34.05304],[-86.42861,34.05723],[-86.42712,34.05729],[-86.4284,34.06015],[-86.42721,34.06058],[-86.425,34.06582],[-86.42499,34.06385],[-86.42285,34.06384],[-86.42169,34.06027],[-86.4198,34.05965],[-86.41978,34.06753],[-86.42309,34.06749],[-86.42071,34.06922],[-86.41575,34.07058],[-86.41671,34.06911],[-86.41572,34.06564],[-86.41101,34.06567],[-86.41102,34.06386],[-86.40669,34.06387],[-86.40667,34.06712],[-86.40224,34.06641],[-86.40235,34.05851],[-86.39623,34.05645],[-86.3914,34.05641],[-86.39143,34.05299],[-86.37608,34.05296],[-86.37606,34.04925],[-86.37015,34.04919],[-86.36821,34.05121],[-86.36258,34.05306],[-86.35947,34.05279],[-86.36296,34.04931],[-86.36302,34.04278],[-86.36091,34.04],[-86.36115,34.03799],[-86.36294,34.03515],[-86.36273,34.02702],[-86.36305,34.02381],[-86.36139,34.02077],[-86.35456,34.01695],[-86.34558,34.017],[-86.35,34.01416],[-86.34992,34.01672],[-86.35736,34.01678],[-86.35879,34.00929],[-86.36875,34.00163],[-86.37395,34.00383],[-86.38212,34.00563],[-86.38531,34.00484],[-86.39027,34.00457],[-86.39302,34.00343],[-86.39536,33.9998],[-86.3938,33.99861],[-86.38974,33.99208],[-86.38874,33.98795],[-86.39855,33.98176],[-86.39659,33.97978],[-86.39923,33.97538],[-86.39844,33.9743],[-86.39512,33.97582],[-86.39902,33.97156],[-86.39746,33.97136],[-86.40045,33.96672],[-86.39868,33.96449],[-86.39386,33.96338],[-86.38874,33.96025],[-86.39099,33.96253],[-86.39061,33.96542],[-86.38791,33.96484],[-86.38333,33.96557],[-86.37192,33.96533],[-86.36981,33.96455],[-86.36983,33.96179],[-86.36755,33.96185],[-86.36764,33.95839],[-86.36336,33.95856],[-86.36332,33.95514],[-86.3514,33.9555],[-86.35398,33.95377],[-86.3586,33.95292],[-86.36107,33.9469],[-86.36667,33.94291],[-86.36804,33.9428],[-86.37015,33.93977],[-86.34758,33.93998],[-86.34795,33.94206],[-86.3549,33.94414],[-86.35193,33.94736],[-86.34704,33.95131],[-86.34462,33.95009],[-86.33974,33.95174],[-86.33906,33.95111],[-86.33363,33.95362],[-86.33251,33.95151],[-86.32582,33.95147],[-86.32565,33.94468],[-86.32707,33.94069],[-86.32562,33.94015],[-86.32762,33.93723],[-86.32215,33.93268],[-86.3242,33.92954],[-86.32785,33.92961],[-86.32946,33.92649],[-86.33265,33.92442],[-86.32811,33.91983],[-86.32404,33.92088],[-86.31785,33.92045],[-86.31824,33.91657],[-86.31746,33.91385],[-86.31421,33.90677],[-86.31441,33.90549],[-86.31762,33.90164],[-86.31888,33.90956],[-86.32347,33.90958],[-86.32477,33.90862],[-86.32474,33.89361],[-86.33752,33.89356],[-86.33745,33.88265],[-86.34176,33.88269],[-86.3418,33.87899],[-86.35046,33.8789],[-86.35275,33.87752],[-86.35495,33.87486],[-86.35791,33.87552],[-86.36571,33.87205],[-86.36815,33.87037],[-86.37026,33.86674],[-86.37753,33.86171],[-86.38376,33.86191],[-86.39097,33.85756],[-86.39096,33.85606],[-86.39517,33.85551],[-86.40102,33.85861],[-86.40412,33.85918],[-86.40887,33.86157],[-86.41093,33.86031],[-86.41486,33.86239],[-86.41581,33.86682],[-86.41984,33.86683],[-86.42002,33.8597],[-86.4243,33.85969],[-86.42421,33.8632],[-86.42658,33.86321],[-86.42662,33.86685],[-86.44137,33.86688],[-86.44332,33.86548],[-86.44258,33.86224],[-86.44652,33.85978],[-86.44954,33.85946],[-86.45184,33.85747],[-86.4547,33.85715],[-86.46093,33.85905],[-86.46544,33.85765],[-86.4678,33.85957],[-86.46983,33.85967],[-86.47024,33.86219],[-86.47119,33.85978],[-86.47629,33.8566],[-86.48129,33.85537],[-86.48757,33.85619],[-86.49022,33.85812],[-86.49215,33.85649],[-86.48807,33.84956],[-86.48887,33.84904],[-86.50146,33.85098],[-86.5062,33.8491],[-86.50429,33.84497],[-86.5057,33.84244],[-86.50945,33.84017],[-86.51236,33.83972],[-86.51397,33.84279],[-86.51611,33.84375],[-86.52034,33.84333],[-86.52681,33.83881],[-86.53272,33.83106],[-86.54171,33.82974],[-86.5449,33.83003],[-86.55129,33.83645],[-86.5486,33.83639],[-86.54783,33.84091],[-86.54881,33.84446],[-86.54854,33.84723],[-86.55153,33.84863],[-86.55538,33.84893],[-86.55831,33.85282],[-86.5587,33.85539],[-86.56131,33.85642],[-86.56508,33.85636],[-86.56779,33.85399],[-86.57127,33.853],[-86.57325,33.85455],[-86.57732,33.85983],[-86.57846,33.85994],[-86.58155,33.85463],[-86.58404,33.8556],[-86.58404,33.85998],[-86.5819,33.86403],[-86.58023,33.86494],[-86.5791,33.86927],[-86.5754,33.87242],[-86.57139,33.87406],[-86.57024,33.87679],[-86.57672,33.87729],[-86.57907,33.87837],[-86.58281,33.8823],[-86.58105,33.88341],[-86.58213,33.88673],[-86.58117,33.88745],[-86.58213,33.89619],[-86.57765,33.89616],[-86.57779,33.90347],[-86.56865,33.90342],[-86.56869,33.9107],[-86.55572,33.91065],[-86.55566,33.91792],[-86.55111,33.91788],[-86.55113,33.92502],[-86.554,33.92788],[-86.56521,33.93303],[-86.57043,33.93113],[-86.58238,33.93303],[-86.58147,33.93623],[-86.57877,33.93578],[-86.57377,33.93665],[-86.56952,33.93984],[-86.57775,33.94003],[-86.57773,33.94367],[-86.58222,33.94372],[-86.58222,33.94605],[-86.58527,33.94743],[-86.58222,33.94863],[-86.58227,33.95101],[-86.57317,33.95088],[-86.57316,33.94973],[-86.56958,33.95238],[-86.56631,33.94799],[-86.56364,33.94767],[-86.56065,33.9507],[-86.55878,33.95141],[-86.55799,33.95478],[-86.55548,33.95825],[-86.55138,33.95803],[-86.54894,33.95651],[-86.54646,33.95706],[-86.54604,33.95885],[-86.54192,33.96402],[-86.54316,33.96625],[-86.54317,33.96864],[-86.54195,33.9696],[-86.53986,33.97656],[-86.54274,33.98105],[-86.5407,33.98437],[-86.54098,33.99013],[-86.54373,33.98955],[-86.54897,33.99166],[-86.55985,33.99105],[-86.55968,33.99913],[-86.55674,34.0001],[-86.5557,34.00198],[-86.55495,34.00633],[-86.55347,34.01059],[-86.54975,34.01282],[-86.54216,34.01281],[-86.54216,34.01646],[-86.53779,34.01645],[-86.53429,34.01735]],[[-86.51663,33.90058],[-86.51788,33.90367],[-86.51924,33.90235],[-86.5192,33.9002],[-86.51663,33.90058]]]}},{"type":"Feature","properties":{"zcta":"35112","d":0},"geometry":{"type":"Polygon","coordinates":[[[-86.48563,33.68422],[-86.48252,33.6884],[-86.47586,33.69963],[-86.46827,33.69957],[-86.46738,33.70325],[-86.46717,33.70887],[-86.46644,33.70477],[-86.46723,33.70234],[-86.46438,33.70237],[-86.46438,33.70692],[-86.4553,33.70703],[-86.45534,33.70435],[-86.45701,33.70264],[-86.4659,33.69727],[-86.47004,33.69022],[-86.47344,33.68616],[-86.47619,33.68464],[-86.47982,33.67988],[-86.48228,33.67899],[-86.48662,33.6815],[-86.48563,33.68422]]]}},{"type":"Feature","properties":{"zcta":"35146","d":52},"geometry":{"type":"Polygon","coordinates":[[[-86.56933,33.76732],[-86.56592,33.76919],[-86.56189,33.77492],[-86.55694,33.77908],[-86.55341,33.78053],[-86.55018,33.78306],[-86.54828,33.78291],[-86.54182,33.78557],[-86.53669,33.78926],[-86.53197,33.79057],[-86.54456,33.79468],[-86.54664,33.79468],[-86.54657,33.79929],[-86.54837,33.80027],[-86.54378,33.80184],[-86.52177,33.8019],[-86.51616,33.80722],[-86.51614,33.81182],[-86.511,33.81436],[-86.50079,33.81842],[-86.50032,33.82618],[-86.50317,33.82635],[-86.50424,33.82761],[-86.5069,33.82658],[-86.50984,33.82704],[-86.51165,33.83091],[-86.51467,33.83238],[-86.51725,33.83485],[-86.51705,33.83611],[-86.51983,33.83703],[-86.52131,33.84047],[-86.52496,33.83857],[-86.5301,33.83025],[-86.53167,33.82963],[-86.53272,33.83106],[-86.52681,33.83881],[-86.52034,33.84333],[-86.51611,33.84375],[-86.51397,33.84279],[-86.51236,33.83972],[-86.50945,33.84017],[-86.5057,33.84244],[-86.50429,33.84497],[-86.5062,33.8491],[-86.50146,33.85098],[-86.48887,33.84904],[-86.48807,33.84956],[-86.49215,33.85649],[-86.49022,33.85812],[-86.48757,33.85619],[-86.48129,33.85537],[-86.47629,33.8566],[-86.47119,33.85978],[-86.47024,33.86219],[-86.46983,33.85967],[-86.4678,33.85957],[-86.46544,33.85765],[-86.46093,33.85905],[-86.4547,33.85715],[-86.45184,33.85747],[-86.44954,33.85946],[-86.44652,33.85978],[-86.44258,33.86224],[-86.44332,33.86548],[-86.44137,33.86688],[-86.42662,33.86685],[-86.42658,33.86321],[-86.42421,33.8632],[-86.4243,33.85969],[-86.42002,33.8597],[-86.41984,33.86683],[-86.41581,33.86682],[-86.41486,33.86239],[-86.41093,33.86031],[-86.40887,33.86157],[-86.40412,33.85918],[-86.40102,33.85861],[-86.39517,33.85551],[-86.39096,33.85606],[-86.39097,33.85756],[-86.38376,33.86191],[-86.37753,33.86171],[-86.37026,33.86674],[-86.36815,33.87037],[-86.36571,33.87205],[-86.35791,33.87552],[-86.35495,33.87486],[-86.35275,33.87752],[-86.35046,33.8789],[-86.3418,33.87899],[-86.34211,33.87568],[-86.33894,33.87849],[-86.33284,33.87623],[-86.32467,33.87384],[-86.32424,33.87195],[-86.32252,33.8738],[-86.31835,33.87357],[-86.31631,33.8746],[-86.31595,33.87134],[-86.32014,33.87135],[-86.32007,33.86752],[-86.32383,33.8662],[-86.32338,33.86388],[-86.31682,33.8486],[-86.29953,33.8617],[-86.29947,33.85628],[-86.31289,33.84897],[-86.31708,33.84574],[-86.32854,33.83548],[-86.33719,33.82828],[-86.33646,33.82731],[-86.33319,33.82769],[-86.33327,33.82363],[-86.3354,33.82352],[-86.33995,33.82597],[-86.34998,33.81595],[-86.35262,33.81387],[-86.37124,33.80077],[-86.37154,33.79874],[-86.36774,33.79698],[-86.36617,33.79433],[-86.36426,33.79511],[-86.3637,33.79366],[-86.36207,33.79471],[-86.35959,33.79124],[-86.355,33.79149],[-86.35411,33.78914],[-86.35166,33.78774],[-86.34974,33.78865],[-86.3502,33.79122],[-86.34728,33.79116],[-86.34665,33.79251],[-86.34121,33.79484],[-86.33764,33.79432],[-86.33306,33.79646],[-86.33348,33.79531],[-86.33339,33.78719],[-86.33641,33.78716],[-86.33637,33.77991],[-86.35045,33.7798],[-86.3504,33.76328],[-86.35489,33.76325],[-86.35493,33.76152],[-86.35701,33.76165],[-86.35512,33.75898],[-86.3504,33.75948],[-86.35035,33.75787],[-86.34179,33.75821],[-86.34169,33.75086],[-86.33935,33.74922],[-86.33319,33.74914],[-86.33792,33.74388],[-86.34035,33.73675],[-86.34462,33.72925],[-86.34188,33.72553],[-86.34191,33.72162],[-86.35071,33.72117],[-86.35085,33.70667],[-86.3751,33.70657],[-86.37643,33.70642],[-86.37651,33.71019],[-86.3795,33.71019],[-86.37731,33.71171],[-86.37652,33.71527],[-86.36946,33.71969],[-86.37197,33.7209],[-86.36332,33.72104],[-86.36328,33.71898],[-86.36082,33.72257],[-86.36069,33.72454],[-86.35711,33.72658],[-86.36039,33.73054],[-86.36441,33.73262],[-86.37729,33.73518],[-86.38242,33.73575],[-86.38469,33.73312],[-86.38906,33.73163],[-86.38716,33.72969],[-86.38849,33.72777],[-86.38881,33.72483],[-86.39056,33.72236],[-86.39351,33.72155],[-86.39513,33.71476],[-86.39721,33.7108],[-86.39989,33.70943],[-86.40344,33.7049],[-86.40082,33.71053],[-86.40157,33.7138],[-86.40746,33.71979],[-86.40923,33.71945],[-86.40934,33.72722],[-86.41213,33.72834],[-86.41411,33.72472],[-86.41384,33.71942],[-86.42087,33.72096],[-86.42904,33.72191],[-86.42906,33.72581],[-86.44187,33.72618],[-86.44187,33.72477],[-86.44661,33.7248],[-86.4458,33.71856],[-86.45074,33.72021],[-86.45081,33.72274],[-86.4489,33.72673],[-86.4498,33.72993],[-86.45205,33.7304],[-86.45091,33.72827],[-86.45531,33.72801],[-86.45527,33.72386],[-86.45636,33.72292],[-86.45928,33.72423],[-86.45936,33.72795],[-86.46303,33.728],[-86.46761,33.73346],[-86.47136,33.73373],[-86.47232,33.73546],[-86.47403,33.73497],[-86.47246,33.73216],[-86.47336,33.72937],[-86.47429,33.73139],[-86.47632,33.73065],[-86.47539,33.72871],[-86.47586,33.72322],[-86.48116,33.72307],[-86.48119,33.72179],[-86.4924,33.72166],[-86.48965,33.72751],[-86.4922,33.72792],[-86.4911,33.73062],[-86.49234,33.73087],[-86.49379,33.72748],[-86.49954,33.72476],[-86.49899,33.7276],[-86.50797,33.723],[-86.50401,33.72525],[-86.49695,33.73594],[-86.50267,33.73596],[-86.5022,33.73663],[-86.5104,33.73659],[-86.51242,33.74142],[-86.5145,33.74192],[-86.5162,33.74397],[-86.49911,33.74421],[-86.49976,33.7467],[-86.50239,33.74663],[-86.49912,33.75064],[-86.49389,33.75077],[-86.49395,33.75455],[-86.49012,33.75448],[-86.4901,33.76146],[-86.49904,33.7613],[-86.49907,33.75829],[-86.50249,33.75828],[-86.50255,33.75402],[-86.50572,33.75227],[-86.52157,33.75063],[-86.52524,33.74918],[-86.54263,33.74057],[-86.54262,33.74797],[-86.54696,33.7468],[-86.54776,33.74253],[-86.55122,33.74215],[-86.5554,33.74351],[-86.56002,33.74347],[-86.56433,33.74175],[-86.56437,33.73851],[-86.57208,33.74424],[-86.57747,33.74543],[-86.58389,33.75069],[-86.58022,33.75433],[-86.5712,33.75888],[-86.56537,33.76113],[-86.56079,33.76516],[-86.57106,33.76518],[-86.56933,33.76732]]]}},{"type":"Feature","properties":{"zcta":"35229","d":0},"geometry":{"type":"Polygon","coordinates":[[[-86.78805,33.46715],[-86.78616,33.46502],[-86.79751,33.45975],[-86.79749,33.46205],[-86.80259,33.46222],[-86.79601,33.46744],[-86.78805,33.46715]]]}},{"type":"Feature","properties":{"zcta":"35254","d":0},"geometry":{"type":"Polygon","coordinates":[[[-86.85277,33.51608],[-86.85005,33.51602],[-86.8492,33.51183],[-86.85605,33.51207],[-86.85751,33.51245],[-86.85591,33.51475],[-86.85277,33.51608]]]}},{"type":"Feature","properties":{"zcta":"35501","d":73},"geometry":{"type":"Polygon","coordinates":[[[-87.40357,33.8642],[-87.40269,33.86779],[-87.39994,33.8694],[-87.39893,33.86796],[-87.3999,33.86395],[-87.39213,33.8632],[-87.3873,33.86213],[-87.3758,33.85895],[-87.35171,33.8577],[-87.34531,33.8564],[-87.3376,33.85636],[-87.33762,33.85515],[-87.31439,33.85395],[-87.31328,33.85691],[-87.30953,33.85673],[-87.3134,33.8595],[-87.30768,33.86048],[-87.30379,33.85621],[-87.30216,33.85251],[-87.29923,33.85192],[-87.28975,33.84839],[-87.28131,33.84907],[-87.27394,33.84962],[-87.2589,33.84615],[-87.25802,33.84803],[-87.2519,33.84763],[-87.2481,33.84823],[-87.2441,33.85086],[-87.23676,33.84832],[-87.23328,33.84499],[-87.23761,33.84422],[-87.23767,33.84084],[-87.23643,33.84078],[-87.22616,33.83687],[-87.22503,33.83903],[-87.22081,33.83921],[-87.21677,33.84031],[-87.21662,33.83507],[-87.21249,33.83654],[-87.20643,33.83569],[-87.20465,33.83345],[-87.20132,33.83159],[-87.19842,33.83217],[-87.19795,33.83106],[-87.19435,33.83143],[-87.19287,33.8307],[-87.1907,33.83205],[-87.18688,33.82895],[-87.18889,33.82596],[-87.18901,33.82252],[-87.18358,33.82136],[-87.15834,33.82132],[-87.15348,33.82013],[-87.14899,33.81574],[-87.14609,33.80904],[-87.14334,33.8076],[-87.14365,33.80555],[-87.15029,33.80542],[-87.15471,33.81093],[-87.16245,33.81105],[-87.16531,33.81469],[-87.17233,33.81473],[-87.17364,33.81565],[-87.1811,33.8175],[-87.18153,33.8149],[-87.18604,33.81417],[-87.18992,33.81476],[-87.18991,33.81568],[-87.19416,33.81471],[-87.19461,33.80923],[-87.19383,33.80764],[-87.19456,33.80291],[-87.19651,33.80313],[-87.2002,33.80773],[-87.20384,33.80781],[-87.20383,33.80886],[-87.19968,33.80881],[-87.19973,33.81128],[-87.20142,33.81131],[-87.20126,33.81464],[-87.20419,33.81425],[-87.20449,33.81011],[-87.20725,33.81016],[-87.20709,33.80401],[-87.21139,33.80402],[-87.21128,33.79661],[-87.21646,33.79668],[-87.21502,33.79281],[-87.20787,33.78464],[-87.2073,33.78563],[-87.20701,33.77627],[-87.21573,33.77658],[-87.217,33.77848],[-87.22196,33.77911],[-87.22465,33.78066],[-87.22418,33.77833],[-87.22915,33.78028],[-87.23097,33.78307],[-87.23472,33.78273],[-87.23393,33.7864],[-87.23564,33.7863],[-87.24202,33.78417],[-87.24374,33.78294],[-87.24768,33.78376],[-87.2527,33.78572],[-87.25563,33.78794],[-87.255,33.78913],[-87.25761,33.78891],[-87.26059,33.79009],[-87.25942,33.79565],[-87.26163,33.79632],[-87.26306,33.79946],[-87.2672,33.80154],[-87.2689,33.79923],[-87.27519,33.7982],[-87.27465,33.79606],[-87.27774,33.79332],[-87.28032,33.79291],[-87.28129,33.79161],[-87.28103,33.78816],[-87.28311,33.7826],[-87.28485,33.78066],[-87.28441,33.77878],[-87.28639,33.77739],[-87.28642,33.76984],[-87.29352,33.76986],[-87.29365,33.76255],[-87.29572,33.75464],[-87.29664,33.75694],[-87.30034,33.76273],[-87.30453,33.76671],[-87.30492,33.77257],[-87.30328,33.7761],[-87.30674,33.77803],[-87.31054,33.77412],[-87.31068,33.77058],[-87.31588,33.76992],[-87.31594,33.76814],[-87.32036,33.76821],[-87.32572,33.76742],[-87.32642,33.76862],[-87.32658,33.77339],[-87.32581,33.77732],[-87.32318,33.78097],[-87.32268,33.78299],[-87.32064,33.78425],[-87.32114,33.78941],[-87.32287,33.79142],[-87.32788,33.79147],[-87.32528,33.7925],[-87.32332,33.79616],[-87.32312,33.7982],[-87.32059,33.80177],[-87.32405,33.80682],[-87.32936,33.80669],[-87.33317,33.80735],[-87.33756,33.80276],[-87.33994,33.79878],[-87.34148,33.80053],[-87.34895,33.80349],[-87.35392,33.80264],[-87.35769,33.8028],[-87.36007,33.80123],[-87.36279,33.80268],[-87.36228,33.80976],[-87.35787,33.81203],[-87.35528,33.81423],[-87.35722,33.81465],[-87.35279,33.81693],[-87.3505,33.81958],[-87.35081,33.82237],[-87.35454,33.82435],[-87.35894,33.83196],[-87.35825,33.83578],[-87.35996,33.8361],[-87.35668,33.83896],[-87.36358,33.83901],[-87.36771,33.83532],[-87.37893,33.83493],[-87.38127,33.8319],[-87.38539,33.83254],[-87.38849,33.8316],[-87.39067,33.83426],[-87.3935,33.83307],[-87.3961,33.82823],[-87.3973,33.83001],[-87.39859,33.82799],[-87.40346,33.82507],[-87.40575,33.82096],[-87.4099,33.82232],[-87.41352,33.82099],[-87.41746,33.81859],[-87.4193,33.81979],[-87.41852,33.82249],[-87.42312,33.8236],[-87.42195,33.82545],[-87.41805,33.82684],[-87.41233,33.82786],[-87.41006,33.82977],[-87.41486,33.83677],[-87.41826,33.83843],[-87.421,33.84072],[-87.42046,33.8468],[-87.42338,33.84822],[-87.42372,33.85054],[-87.42214,33.85405],[-87.42014,33.85555],[-87.41918,33.85825],[-87.41938,33.86215],[-87.41881,33.86617],[-87.41275,33.86718],[-87.4085,33.86478],[-87.40459,33.86427],[-87.40357,33.8642]]]}},{"type":"Feature","properties":{"zcta":"35034","d":13},"geometry":{"type":"MultiPolygon","coordinates":[[[[-87.1717,32.95656],[-87.16928,32.95261],[-87.17306,32.95329],[-87.1717,32.95656]]],[[[-87.31662,33.02155],[-87.31205,33.02125],[-87.30796,33.01947],[-87.30437,33.01522],[-87.3024,33.01045],[-87.29872,33.01524],[-87.29306,33.01408],[-87.28574,33.00994],[-87.2854,33.00875],[-87.28252,33.00751],[-87.27757,33.00668],[-87.275,33.00297],[-87.27438,33.00041],[-87.27506,32.99849],[-87.27417,32.99669],[-87.27414,32.99313],[-87.27266,32.9885],[-87.26933,32.98918],[-87.26661,32.9864],[-87.27615,32.98263],[-87.28145,32.97978],[-87.28459,32.97942],[-87.28616,32.9776],[-87.28201,32.97044],[-87.27768,32.96747],[-87.27466,32.96407],[-87.27339,32.96139],[-87.27298,32.9566],[-87.2712,32.95329],[-87.26594,32.95184],[-87.25948,32.9474],[-87.25927,32.96101],[-87.25484,32.96114],[-87.25491,32.95746],[-87.23751,32.9581],[-87.23319,32.95849],[-87.23328,32.96132],[-87.23029,32.96067],[-87.2273,32.95901],[-87.22547,32.96041],[-87.22386,32.96382],[-87.2192,32.96585],[-87.21692,32.96173],[-87.21379,32.95931],[-87.21169,32.9538],[-87.20963,32.95296],[-87.20796,32.94881],[-87.20486,32.94795],[-87.20566,32.94959],[-87.20521,32.95306],[-87.20244,32.95578],[-87.20252,32.95847],[-87.20069,32.96267],[-87.19857,32.96256],[-87.19734,32.95998],[-87.19318,32.9625],[-87.18661,32.9629],[-87.1845,32.96104],[-87.18387,32.95712],[-87.18187,32.95533],[-87.18138,32.95022],[-87.17932,32.95068],[-87.17407,32.95031],[-87.17351,32.95202],[-87.17146,32.94947],[-87.16812,32.94737],[-87.16767,32.94461],[-87.16569,32.94511],[-87.16053,32.94459],[-87.15864,32.94339],[-87.15732,32.94514],[-87.15427,32.94473],[-87.15523,32.94334],[-87.15504,32.92981],[-87.15227,32.92869],[-87.1498,32.92961],[-87.14516,32.92896],[-87.14358,32.92746],[-87.14815,32.92157],[-87.14617,32.91793],[-87.14278,32.91549],[-87.14084,32.91129],[-87.13337,32.91037],[-87.13073,32.90787],[-87.13034,32.90472],[-87.1317,32.90208],[-87.13543,32.90039],[-87.13768,32.90082],[-87.14014,32.90286],[-87.14202,32.90313],[-87.14404,32.90109],[-87.14318,32.89709],[-87.14372,32.89521],[-87.14818,32.89317],[-87.14945,32.89135],[-87.14848,32.88823],[-87.15272,32.88711],[-87.1594,32.88229],[-87.16305,32.882],[-87.16457,32.88437],[-87.16344,32.88618],[-87.15918,32.88771],[-87.16143,32.88897],[-87.16481,32.88745],[-87.16831,32.88806],[-87.17092,32.88977],[-87.17239,32.88832],[-87.17136,32.88521],[-87.17049,32.8786],[-87.1673,32.87151],[-87.16948,32.87059],[-87.17192,32.87478],[-87.17307,32.87547],[-87.17707,32.87186],[-87.17899,32.87221],[-87.18213,32.87042],[-87.18662,32.86914],[-87.18734,32.86696],[-87.18515,32.8655],[-87.186,32.86153],[-87.18937,32.85865],[-87.1924,32.85828],[-87.19375,32.85657],[-87.19391,32.85354],[-87.19673,32.85689],[-87.20013,32.85476],[-87.20318,32.85191],[-87.20659,32.85002],[-87.20475,32.84585],[-87.20772,32.84412],[-87.20566,32.84232],[-87.20185,32.84344],[-87.20045,32.84185],[-87.20408,32.83851],[-87.20329,32.83555],[-87.20847,32.83658],[-87.21253,32.83517],[-87.21215,32.83402],[-87.20822,32.83342],[-87.20923,32.83232],[-87.21325,32.83258],[-87.21393,32.83128],[-87.21207,32.82912],[-87.21611,32.82612],[-87.2198,32.82433],[-87.22002,32.821],[-87.22291,32.82104],[-87.22448,32.8192],[-87.22996,32.8166],[-87.23283,32.81586],[-87.23521,32.81389],[-87.23668,32.81024],[-87.23983,32.80959],[-87.24023,32.81545],[-87.2409,32.81723],[-87.24393,32.81823],[-87.24597,32.81618],[-87.24557,32.81338],[-87.24876,32.81324],[-87.25585,32.81829],[-87.25864,32.82142],[-87.26085,32.8152],[-87.26352,32.81067],[-87.269,32.81324],[-87.27485,32.81233],[-87.27919,32.8132],[-87.28117,32.81227],[-87.2859,32.81313],[-87.29153,32.81603],[-87.29463,32.81619],[-87.30142,32.81805],[-87.30626,32.81768],[-87.31107,32.82149],[-87.31533,32.82269],[-87.31612,32.82612],[-87.32156,32.82998],[-87.32421,32.83484],[-87.32693,32.8376],[-87.33696,32.84482],[-87.3383,32.84654],[-87.34098,32.84459],[-87.34252,32.84527],[-87.34531,32.84444],[-87.34804,32.84528],[-87.35096,32.84303],[-87.35287,32.84332],[-87.35667,32.8419],[-87.36064,32.84297],[-87.36246,32.84508],[-87.35964,32.84678],[-87.35803,32.84882],[-87.35774,32.85203],[-87.36061,32.85189],[-87.3655,32.85305],[-87.36971,32.85338],[-87.37619,32.85154],[-87.37842,32.84937],[-87.37955,32.85136],[-87.3798,32.85632],[-87.37769,32.86023],[-87.37571,32.86204],[-87.3762,32.8652],[-87.37532,32.86921],[-87.37796,32.87583],[-87.37613,32.87782],[-87.37365,32.88231],[-87.37302,32.886],[-87.37762,32.88655],[-87.37988,32.88936],[-87.38277,32.89017],[-87.38465,32.89248],[-87.38781,32.89471],[-87.38625,32.89748],[-87.3822,32.90195],[-87.37892,32.90407],[-87.37439,32.90562],[-87.37365,32.90838],[-87.37405,32.91165],[-87.37697,32.91487],[-87.37938,32.91571],[-87.38149,32.91818],[-87.38195,32.92214],[-87.37991,32.92371],[-87.37364,32.92514],[-87.37052,32.92249],[-87.36542,32.92191],[-87.36414,32.9248],[-87.36216,32.92358],[-87.35912,32.92823],[-87.35415,32.93299],[-87.34945,32.93413],[-87.34906,32.93863],[-87.35128,32.94368],[-87.35139,32.94828],[-87.35328,32.94954],[-87.3529,32.95211],[-87.35073,32.95612],[-87.35004,32.95885],[-87.35101,32.96199],[-87.34698,32.96546],[-87.34516,32.96783],[-87.3476,32.97079],[-87.34791,32.97296],[-87.34545,32.97858],[-87.34077,32.97863],[-87.33826,32.97599],[-87.32872,32.96915],[-87.3249,32.96766],[-87.31884,32.9677],[-87.31377,32.96522],[-87.31085,32.9676],[-87.30491,32.96927],[-87.30281,32.97091],[-87.30053,32.97532],[-87.30258,32.97938],[-87.30146,32.98224],[-87.30287,32.98658],[-87.30646,32.98847],[-87.30595,32.99152],[-87.30432,32.99358],[-87.30402,32.99668],[-87.30578,32.99869],[-87.30364,33.00186],[-87.30885,33.0068],[-87.31071,33.00682],[-87.31229,33.00503],[-87.31509,33.00402],[-87.31883,32.99677],[-87.31843,32.99515],[-87.32108,32.99191],[-87.32485,32.99047],[-87.32714,32.99177],[-87.32944,32.99161],[-87.33284,32.99369],[-87.33771,32.98957],[-87.34129,32.99245],[-87.34044,32.99365],[-87.34361,32.99866],[-87.34389,33.00121],[-87.34145,33.00109],[-87.33825,33.00389],[-87.33452,33.004],[-87.33177,33.00572],[-87.31854,33.00618],[-87.31804,33.02274],[-87.31662,33.02155]]]]}},{"type":"Feature","properties":{"zcta":"35035","d":8},"geometry":{"type":"Polygon","coordinates":[[[-87.02337,33.13154],[-87.0224,33.1298],[-87.01907,33.1328],[-87.01706,33.13281],[-87.0152,33.13056],[-87.01332,33.13329],[-87.00956,33.13648],[-87.00982,33.13496],[-87.00749,33.1326],[-87.00866,33.12913],[-87.0069,33.12563],[-87.00677,33.12192],[-87.00289,33.12053],[-87.00099,33.11627],[-87.00188,33.11151],[-87.00142,33.10789],[-86.99836,33.10085],[-86.9955,33.09794],[-86.99438,33.09284],[-86.98928,33.0935],[-86.98826,33.09027],[-86.98337,33.089],[-86.98139,33.08572],[-86.97749,33.08336],[-86.96989,33.08105],[-86.96917,33.07966],[-86.9674,33.08116],[-86.96701,33.0871],[-86.96612,33.09157],[-86.96505,33.0924],[-86.96632,33.09643],[-86.96539,33.09844],[-86.95088,33.09859],[-86.95166,33.07874],[-86.93399,33.0788],[-86.93421,33.07318],[-86.93397,33.06406],[-86.92008,33.06432],[-86.9201,33.06665],[-86.92295,33.06858],[-86.92465,33.07128],[-86.92444,33.0734],[-86.92132,33.0737],[-86.91864,33.0751],[-86.91941,33.07721],[-86.91616,33.07723],[-86.91476,33.07888],[-86.91203,33.07711],[-86.91225,33.07479],[-86.90878,33.07536],[-86.90698,33.07808],[-86.89622,33.08267],[-86.89803,33.0854],[-86.8946,33.08895],[-86.89104,33.08838],[-86.89177,33.08658],[-86.89019,33.08609],[-86.89019,33.07561],[-86.87875,33.07544],[-86.8786,33.07185],[-86.88164,33.07186],[-86.88117,33.05115],[-86.88449,33.05132],[-86.89487,33.046],[-86.89143,33.04465],[-86.8911,33.04197],[-86.89356,33.03491],[-86.89229,33.03451],[-86.88944,33.03786],[-86.88645,33.03856],[-86.88466,33.03606],[-86.88129,33.03674],[-86.88177,33.02936],[-86.87662,33.02777],[-86.8763,33.00306],[-86.88073,33.00375],[-86.88635,33.0053],[-86.89069,33.00734],[-86.89207,33.00569],[-86.89776,33.00573],[-86.89783,32.99944],[-86.90203,32.99955],[-86.90204,32.99818],[-86.90717,33.00254],[-86.90824,33.00599],[-86.91114,33.00515],[-86.90872,32.99708],[-86.90815,32.99353],[-86.90974,32.98106],[-86.91135,32.96059],[-86.91479,32.96053],[-86.91766,32.96154],[-86.92387,32.96174],[-86.9251,32.9613],[-86.93263,32.96314],[-86.93622,32.96571],[-86.93638,32.96794],[-86.93832,32.96964],[-86.94761,32.97048],[-86.95294,32.96886],[-86.95489,32.97093],[-86.95583,32.9703],[-86.95853,32.97248],[-86.96114,32.97039],[-86.96304,32.96587],[-86.96596,32.96415],[-86.96693,32.96144],[-86.96901,32.95967],[-86.9717,32.95903],[-86.97103,32.9634],[-86.97324,32.96913],[-86.97481,32.97131],[-86.97369,32.97361],[-86.97415,32.976],[-86.97968,32.97668],[-86.97682,32.97933],[-86.97704,32.98268],[-86.97866,32.98396],[-86.97903,32.9883],[-86.98078,32.99013],[-86.98482,32.99211],[-86.98423,32.99423],[-86.98737,32.99425],[-86.98854,32.99549],[-86.9893,32.99965],[-86.9912,33.00032],[-86.99403,32.99937],[-86.99645,33.00135],[-86.99765,33.00564],[-87.00158,33.00452],[-87.00347,33.00619],[-87.00438,33.00931],[-87.00682,33.00972],[-87.00632,33.01437],[-87.00938,33.01392],[-87.01289,33.01473],[-87.0133,33.0162],[-87.01442,33.01314],[-87.01635,33.01416],[-87.01588,33.01661],[-87.01301,33.01881],[-87.01155,33.02247],[-87.01533,33.02367],[-87.01742,33.02334],[-87.01522,33.02116],[-87.01823,33.02035],[-87.01788,33.01847],[-87.02057,33.01641],[-87.02464,33.017],[-87.02382,33.01858],[-87.02108,33.01955],[-87.01962,33.01865],[-87.0193,33.02087],[-87.02136,33.0228],[-87.02307,33.02694],[-87.02505,33.02548],[-87.02487,33.02898],[-87.02735,33.02713],[-87.0277,33.02979],[-87.02983,33.02929],[-87.03269,33.03158],[-87.0315,33.03412],[-87.0296,33.03275],[-87.02844,33.0359],[-87.03028,33.03553],[-87.03487,33.03771],[-87.03494,33.03456],[-87.03999,33.03812],[-87.03973,33.03545],[-87.04185,33.03619],[-87.04356,33.03408],[-87.04518,33.03488],[-87.04513,33.03792],[-87.04342,33.03911],[-87.04341,33.04107],[-87.04606,33.0403],[-87.04666,33.04625],[-87.04932,33.04444],[-87.05122,33.04859],[-87.05711,33.05463],[-87.062,33.05302],[-87.06366,33.05309],[-87.06664,33.05544],[-87.0681,33.05442],[-87.06816,33.05116],[-87.0672,33.04871],[-87.06806,33.04701],[-87.07056,33.04692],[-87.07646,33.04154],[-87.07979,33.03595],[-87.07886,33.03416],[-87.07483,33.03381],[-87.07236,33.03288],[-87.06963,33.02934],[-87.07007,33.02646],[-87.07208,33.02224],[-87.07371,33.0201],[-87.07865,33.01915],[-87.07372,33.02039],[-87.07217,33.02255],[-87.06988,33.02928],[-87.07233,33.03253],[-87.07425,33.03356],[-87.07873,33.0338],[-87.08023,33.03535],[-87.07657,33.04189],[-87.07754,33.04488],[-87.0817,33.05294],[-87.0797,33.05838],[-87.08019,33.06291],[-87.07866,33.06653],[-87.07841,33.07035],[-87.07466,33.07223],[-87.0723,33.07622],[-87.06994,33.07827],[-87.06514,33.08068],[-87.06406,33.08244],[-87.06406,33.08619],[-87.06029,33.09161],[-87.05503,33.09625],[-87.05088,33.09915],[-87.04864,33.10159],[-87.04356,33.10565],[-87.03979,33.1075],[-87.03642,33.11328],[-87.03329,33.11424],[-87.03205,33.11723],[-87.04062,33.12396],[-87.0404,33.12587],[-87.03365,33.12495],[-87.02936,33.12722],[-87.02644,33.12945],[-87.02651,33.13181],[-87.02337,33.13154]]]}},{"type":"Feature","properties":{"zcta":"35042","d":15},"geometry":{"type":"Polygon","coordinates":[[[-87.30925,33.08572],[-87.30768,33.08411],[-87.30748,33.08199],[-87.30605,33.08219],[-87.30492,33.08005],[-87.30178,33.07771],[-87.29768,33.0763],[-87.29656,33.07378],[-87.29439,33.0727],[-87.29506,33.0691],[-87.29375,33.06548],[-87.29411,33.06419],[-87.28982,33.06338],[-87.28766,33.06469],[-87.2858,33.06444],[-87.28259,33.06786],[-87.28199,33.07098],[-87.27981,33.07195],[-87.27433,33.0706],[-87.27433,33.069],[-87.27018,33.06611],[-87.2716,33.06197],[-87.26744,33.06013],[-87.26413,33.06145],[-87.25819,33.06589],[-87.25518,33.06406],[-87.24976,33.06271],[-87.2485,33.061],[-87.24868,33.0577],[-87.24719,33.05422],[-87.24674,33.05099],[-87.24511,33.04695],[-87.24409,33.04142],[-87.24114,33.03789],[-87.24015,33.0351],[-87.23496,33.03071],[-87.23239,33.03117],[-87.23071,33.03294],[-87.23132,33.03726],[-87.23339,33.03964],[-87.23221,33.04626],[-87.23095,33.04866],[-87.22554,33.04529],[-87.21941,33.04398],[-87.21743,33.0406],[-87.21609,33.03986],[-87.20932,33.03883],[-87.20147,33.03429],[-87.19564,33.03205],[-87.19253,33.02869],[-87.19082,33.0281],[-87.18929,33.02931],[-87.18674,33.02939],[-87.18652,33.03067],[-87.18171,33.0294],[-87.18094,33.02809],[-87.17015,33.02961],[-87.17163,33.02627],[-87.1685,33.0236],[-87.16367,33.02441],[-87.16317,33.02216],[-87.15601,33.01966],[-87.15592,33.017],[-87.15435,33.01654],[-87.1492,33.01145],[-87.14845,33.00905],[-87.15247,33.00449],[-87.14976,33.00206],[-87.14548,33.00049],[-87.14405,32.99893],[-87.14224,32.99924],[-87.1407,32.99677],[-87.14238,32.9945],[-87.13708,32.99488],[-87.13381,32.99377],[-87.13505,32.99185],[-87.13321,32.99175],[-87.13077,32.99459],[-87.1246,32.99859],[-87.1207,33.00426],[-87.11718,33.00769],[-87.11187,33.00938],[-87.10664,33.00999],[-87.10313,33.01149],[-87.10419,33.01627],[-87.10277,33.02016],[-87.10032,33.0223],[-87.0988,33.02196],[-87.0955,33.01854],[-87.08826,33.01281],[-87.08567,33.01381],[-87.08164,33.01766],[-87.07865,33.01915],[-87.07371,33.0201],[-87.07208,33.02224],[-87.07007,33.02646],[-87.06963,33.02934],[-87.07236,33.03288],[-87.07483,33.03381],[-87.07886,33.03416],[-87.07979,33.03595],[-87.07646,33.04154],[-87.07056,33.04692],[-87.06806,33.04701],[-87.0672,33.04871],[-87.06816,33.05116],[-87.0681,33.05442],[-87.06664,33.05544],[-87.06366,33.05309],[-87.062,33.05302],[-87.05711,33.05463],[-87.05122,33.04859],[-87.04932,33.04444],[-87.04666,33.04625],[-87.04606,33.0403],[-87.04341,33.04107],[-87.04342,33.03911],[-87.04513,33.03792],[-87.04518,33.03488],[-87.04356,33.03408],[-87.04185,33.03619],[-87.03973,33.03545],[-87.03999,33.03812],[-87.03494,33.03456],[-87.03487,33.03771],[-87.03028,33.03553],[-87.02844,33.0359],[-87.0296,33.03275],[-87.0315,33.03412],[-87.03269,33.03158],[-87.02983,33.02929],[-87.0277,33.02979],[-87.02735,33.02713],[-87.02487,33.02898],[-87.02505,33.02548],[-87.02307,33.02694],[-87.02136,33.0228],[-87.0193,33.02087],[-87.01962,33.01865],[-87.02108,33.01955],[-87.02382,33.01858],[-87.02464,33.017],[-87.02057,33.01641],[-87.01788,33.01847],[-87.01823,33.02035],[-87.01522,33.02116],[-87.01742,33.02334],[-87.01533,33.02367],[-87.01155,33.02247],[-87.01301,33.01881],[-87.01588,33.01661],[-87.01635,33.01416],[-87.01442,33.01314],[-87.0133,33.0162],[-87.01289,33.01473],[-87.00938,33.01392],[-87.00632,33.01437],[-87.00682,33.00972],[-87.00438,33.00931],[-87.00347,33.00619],[-87.00158,33.00452],[-86.99765,33.00564],[-86.99645,33.00135],[-86.99403,32.99937],[-86.9912,33.00032],[-86.9893,32.99965],[-86.98854,32.99549],[-86.98737,32.99425],[-86.98423,32.99423],[-86.98482,32.99211],[-86.98078,32.99013],[-86.97903,32.9883],[-86.97866,32.98396],[-86.97704,32.98268],[-86.97682,32.97933],[-86.97968,32.97668],[-86.97415,32.976],[-86.97369,32.97361],[-86.97481,32.97131],[-86.97324,32.96913],[-86.97103,32.9634],[-86.9717,32.95903],[-86.97384,32.95729],[-86.97653,32.95364],[-86.9787,32.94897],[-86.98033,32.94796],[-86.97791,32.94631],[-86.97751,32.94331],[-86.97942,32.94019],[-86.98019,32.93422],[-86.97761,32.92841],[-86.97473,32.92713],[-86.97373,32.92539],[-86.97471,32.92399],[-86.97375,32.9214],[-86.97825,32.91638],[-86.9793,32.91088],[-86.98146,32.91333],[-86.98708,32.91234],[-86.98729,32.89235],[-86.99091,32.89631],[-86.99786,32.90137],[-87.00636,32.90468],[-87.01661,32.90683],[-87.02478,32.91258],[-87.02942,32.91029],[-87.03101,32.90883],[-87.03578,32.8997],[-87.03555,32.89323],[-87.03605,32.89028],[-87.03983,32.88464],[-87.03969,32.88084],[-87.04295,32.88261],[-87.04692,32.88241],[-87.05173,32.88044],[-87.05644,32.88014],[-87.05976,32.87822],[-87.0637,32.87385],[-87.06661,32.87217],[-87.073,32.87108],[-87.07452,32.87032],[-87.07981,32.86465],[-87.07918,32.86285],[-87.08522,32.85863],[-87.08752,32.85473],[-87.08899,32.85418],[-87.0942,32.84697],[-87.09388,32.8373],[-87.09818,32.83601],[-87.05283,32.83655],[-87.05234,32.83301],[-87.05498,32.83144],[-87.05603,32.82779],[-87.05481,32.82425],[-87.05285,32.82239],[-87.04973,32.82195],[-87.04502,32.81808],[-87.04685,32.81504],[-87.0448,32.812],[-87.04518,32.80836],[-87.04236,32.80456],[-87.03868,32.80085],[-87.04554,32.79576],[-87.05128,32.79291],[-87.05512,32.78956],[-87.05949,32.788],[-87.06155,32.78578],[-87.06114,32.78281],[-87.05867,32.7799],[-87.07354,32.76406],[-87.07768,32.76132],[-87.08904,32.75835],[-87.08444,32.75329],[-87.0848,32.75124],[-87.08743,32.74954],[-87.08886,32.74747],[-87.09168,32.74607],[-87.09602,32.74654],[-87.10048,32.74398],[-87.1068,32.74662],[-87.10689,32.74489],[-87.10879,32.74511],[-87.11245,32.74201],[-87.11426,32.7437],[-87.11482,32.74694],[-87.11726,32.75312],[-87.11573,32.75281],[-87.11547,32.75565],[-87.11721,32.7663],[-87.11955,32.77841],[-87.12202,32.77845],[-87.12656,32.78202],[-87.13129,32.78462],[-87.13408,32.78526],[-87.136,32.78457],[-87.13953,32.7858],[-87.14454,32.78419],[-87.14862,32.78619],[-87.14997,32.78954],[-87.15336,32.79402],[-87.15846,32.79251],[-87.16008,32.79457],[-87.16348,32.79376],[-87.16672,32.79704],[-87.16952,32.79812],[-87.17364,32.8014],[-87.17418,32.80367],[-87.18018,32.80879],[-87.18299,32.8125],[-87.18465,32.81348],[-87.18492,32.8158],[-87.18726,32.82015],[-87.18531,32.82944],[-87.18726,32.83328],[-87.18744,32.83537],[-87.21253,32.83517],[-87.20847,32.83658],[-87.20329,32.83555],[-87.20408,32.83851],[-87.20045,32.84185],[-87.20185,32.84344],[-87.20566,32.84232],[-87.20772,32.84412],[-87.20475,32.84585],[-87.20659,32.85002],[-87.20318,32.85191],[-87.20013,32.85476],[-87.19673,32.85689],[-87.19391,32.85354],[-87.19375,32.85657],[-87.1924,32.85828],[-87.18937,32.85865],[-87.186,32.86153],[-87.18515,32.8655],[-87.18734,32.86696],[-87.18662,32.86914],[-87.18213,32.87042],[-87.17899,32.87221],[-87.17707,32.87186],[-87.17307,32.87547],[-87.17192,32.87478],[-87.16948,32.87059],[-87.1673,32.87151],[-87.17049,32.8786],[-87.17136,32.88521],[-87.17239,32.88832],[-87.17092,32.88977],[-87.16831,32.88806],[-87.16481,32.88745],[-87.16143,32.88897],[-87.15918,32.88771],[-87.16344,32.88618],[-87.16457,32.88437],[-87.16305,32.882],[-87.1594,32.88229],[-87.15272,32.88711],[-87.14848,32.88823],[-87.14945,32.89135],[-87.14818,32.89317],[-87.14372,32.89521],[-87.14318,32.89709],[-87.14404,32.90109],[-87.14202,32.90313],[-87.14014,32.90286],[-87.13768,32.90082],[-87.13543,32.90039],[-87.1317,32.90208],[-87.13034,32.90472],[-87.13073,32.90787],[-87.13337,32.91037],[-87.14084,32.91129],[-87.14278,32.91549],[-87.14617,32.91793],[-87.14815,32.92157],[-87.14358,32.92746],[-87.14516,32.92896],[-87.1498,32.92961],[-87.15227,32.92869],[-87.15504,32.92981],[-87.15523,32.94334],[-87.15427,32.94473],[-87.15732,32.94514],[-87.15864,32.94339],[-87.16053,32.94459],[-87.16569,32.94511],[-87.16767,32.94461],[-87.16812,32.94737],[-87.17146,32.94947],[-87.17351,32.95202],[-87.17407,32.95031],[-87.17932,32.95068],[-87.18138,32.95022],[-87.18187,32.95533],[-87.18387,32.95712],[-87.1845,32.96104],[-87.18661,32.9629],[-87.19318,32.9625],[-87.19734,32.95998],[-87.19857,32.96256],[-87.20069,32.96267],[-87.20252,32.95847],[-87.20244,32.95578],[-87.20521,32.95306],[-87.20566,32.94959],[-87.20486,32.94795],[-87.20796,32.94881],[-87.20963,32.95296],[-87.21169,32.9538],[-87.21379,32.95931],[-87.21692,32.96173],[-87.2192,32.96585],[-87.22386,32.96382],[-87.22547,32.96041],[-87.2273,32.95901],[-87.23029,32.96067],[-87.23328,32.96132],[-87.23319,32.95849],[-87.23751,32.9581],[-87.25491,32.95746],[-87.25484,32.96114],[-87.25927,32.96101],[-87.25948,32.9474],[-87.26594,32.95184],[-87.2712,32.95329],[-87.27298,32.9566],[-87.27339,32.96139],[-87.27466,32.96407],[-87.27768,32.96747],[-87.28201,32.97044],[-87.28616,32.9776],[-87.28459,32.97942],[-87.28145,32.97978],[-87.27615,32.98263],[-87.26661,32.9864],[-87.26933,32.98918],[-87.27266,32.9885],[-87.27414,32.99313],[-87.27417,32.99669],[-87.27506,32.99849],[-87.27438,33.00041],[-87.275,33.00297],[-87.27757,33.00668],[-87.28252,33.00751],[-87.2854,33.00875],[-87.28574,33.00994],[-87.29306,33.01408],[-87.29872,33.01524],[-87.3024,33.01045],[-87.30437,33.01522],[-87.30796,33.01947],[-87.31205,33.02125],[-87.31662,33.02155],[-87.31804,33.02274],[-87.31226,33.08622],[-87.30925,33.08572]],[[-87.16928,32.95261],[-87.1717,32.95656],[-87.17306,32.95329],[-87.16928,32.95261]]]}},{"type":"Feature","properties":{"zcta":"35046","d":18},"geometry":{"type":"Polygon","coordinates":[[[-86.61014,33.07],[-86.60909,33.06644],[-86.61489,33.06426],[-86.61821,33.06141],[-86.61848,33.05876],[-86.61643,33.05386],[-86.61488,33.05351],[-86.60403,33.05509],[-86.60123,33.05342],[-86.60089,33.05012],[-86.59827,33.04625],[-86.59356,33.04356],[-86.58537,33.04073],[-86.5839,33.03963],[-86.58049,33.0346],[-86.56749,33.02742],[-86.56588,33.02549],[-86.56483,33.02094],[-86.56326,33.01954],[-86.55622,33.01943],[-86.55049,33.01882],[-86.54741,33.01969],[-86.53686,33.02443],[-86.53198,33.02371],[-86.52641,33.0237],[-86.52298,33.02311],[-86.51734,33.02057],[-86.51868,33.01832],[-86.51918,33.01492],[-86.52228,33.0044],[-86.52045,33.00012],[-86.51469,33.00012],[-86.51547,32.9996],[-86.50987,32.99458],[-86.50827,32.99702],[-86.50685,32.99706],[-86.50977,32.9926],[-86.50842,32.98926],[-86.50298,32.98656],[-86.50676,32.9859],[-86.50218,32.98246],[-86.49998,32.9842],[-86.49684,32.98457],[-86.499,32.98595],[-86.49778,32.98726],[-86.49539,32.98505],[-86.49357,32.98543],[-86.49415,32.98897],[-86.49254,32.98758],[-86.49086,32.98829],[-86.48833,32.99346],[-86.48594,32.99327],[-86.48002,32.99694],[-86.47795,33.00019],[-86.47763,33.00235],[-86.47972,33.00388],[-86.47525,33.0034],[-86.47258,33.00243],[-86.46992,33.00331],[-86.46862,33.0014],[-86.46478,33.00174],[-86.46221,33.00071],[-86.4639,32.99815],[-86.46326,32.99676],[-86.46376,32.99296],[-86.46127,32.99077],[-86.45856,32.99076],[-86.45496,32.98794],[-86.45253,32.99219],[-86.4494,32.99162],[-86.44717,32.98992],[-86.44489,32.98964],[-86.44445,32.9872],[-86.44148,32.98423],[-86.44172,32.98107],[-86.44281,32.98034],[-86.44303,32.97711],[-86.44216,32.97509],[-86.44252,32.97231],[-86.44532,32.97249],[-86.44668,32.97055],[-86.44437,32.96339],[-86.44309,32.96463],[-86.44064,32.96455],[-86.43537,32.9673],[-86.43678,32.93426],[-86.43928,32.93498],[-86.44129,32.93349],[-86.44481,32.93282],[-86.44529,32.93093],[-86.44724,32.92928],[-86.45422,32.92678],[-86.45539,32.92565],[-86.45462,32.92189],[-86.45326,32.92153],[-86.44688,32.92262],[-86.44381,32.92141],[-86.44034,32.91815],[-86.43902,32.91819],[-86.43759,32.91586],[-86.43938,32.8775],[-86.42287,32.86055],[-86.42463,32.85448],[-86.43272,32.85649],[-86.437,32.85568],[-86.43766,32.85149],[-86.43878,32.84927],[-86.44249,32.8486],[-86.44784,32.85098],[-86.45438,32.84671],[-86.45738,32.84284],[-86.45996,32.83704],[-86.46058,32.83205],[-86.46535,32.83198],[-86.47519,32.83088],[-86.48152,32.82972],[-86.48526,32.82826],[-86.48893,32.82552],[-86.4914,32.82547],[-86.4952,32.82762],[-86.4981,32.82808],[-86.50386,32.82559],[-86.50798,32.82488],[-86.5147,32.82528],[-86.51705,32.82475],[-86.51649,32.8231],[-86.52071,32.82313],[-86.52275,32.82236],[-86.52408,32.82446],[-86.52121,32.82675],[-86.52425,32.82827],[-86.52528,32.82748],[-86.52872,32.82906],[-86.53188,32.82952],[-86.53482,32.83351],[-86.5374,32.83026],[-86.54252,32.82825],[-86.54426,32.82586],[-86.54407,32.8223],[-86.54744,32.81886],[-86.55188,32.81952],[-86.55326,32.8161],[-86.55772,32.81602],[-86.55905,32.8147],[-86.55904,32.81245],[-86.56191,32.81239],[-86.56182,32.80514],[-86.5641,32.80503],[-86.56379,32.80221],[-86.5617,32.79975],[-86.56187,32.79662],[-86.55934,32.79446],[-86.5589,32.79194],[-86.55626,32.78907],[-86.55531,32.78306],[-86.55315,32.78022],[-86.54537,32.77533],[-86.54712,32.77286],[-86.55007,32.77158],[-86.55268,32.76882],[-86.55316,32.76376],[-86.56044,32.76201],[-86.56792,32.7729],[-86.57193,32.78015],[-86.57516,32.78754],[-86.59624,32.84584],[-86.59869,32.85211],[-86.60168,32.85743],[-86.61646,32.87672],[-86.63904,32.91015],[-86.64666,32.91907],[-86.65475,32.92802],[-86.65308,32.92916],[-86.64935,32.9286],[-86.64687,32.92985],[-86.64358,32.93622],[-86.64133,32.9376],[-86.64407,32.94186],[-86.64696,32.9436],[-86.65398,32.94368],[-86.65606,32.94175],[-86.66101,32.94248],[-86.66277,32.94427],[-86.66466,32.94228],[-86.66578,32.94468],[-86.66338,32.94434],[-86.66166,32.94598],[-86.66119,32.94911],[-86.65871,32.94994],[-86.65872,32.95174],[-86.65502,32.95177],[-86.655,32.95357],[-86.65008,32.95279],[-86.64657,32.953],[-86.64459,32.95186],[-86.63977,32.95361],[-86.63748,32.95338],[-86.63435,32.94814],[-86.63196,32.94695],[-86.62574,32.94604],[-86.62559,32.94794],[-86.62287,32.95013],[-86.61996,32.9503],[-86.61867,32.95182],[-86.61865,32.95522],[-86.61945,32.96808],[-86.62157,32.96968],[-86.62514,32.97036],[-86.62542,32.97544],[-86.62765,32.97846],[-86.62716,32.97997],[-86.62893,32.98107],[-86.62932,32.98394],[-86.62812,32.98864],[-86.63007,32.99222],[-86.6334,33.00127],[-86.63631,33.00513],[-86.6263,33.00967],[-86.61978,33.01055],[-86.61698,33.01206],[-86.60922,33.01454],[-86.60826,33.01685],[-86.63245,33.03171],[-86.63092,33.03521],[-86.63178,33.03691],[-86.63051,33.0387],[-86.63406,33.04092],[-86.63189,33.04369],[-86.62826,33.04345],[-86.62372,33.044],[-86.62277,33.04747],[-86.62546,33.05027],[-86.63107,33.05045],[-86.63067,33.0543],[-86.63151,33.0569],[-86.62958,33.05583],[-86.62554,33.05773],[-86.62631,33.06232],[-86.62927,33.06423],[-86.63406,33.06982],[-86.61014,33.07]]]}},{"type":"Feature","properties":{"zcta":"35051","d":33},"geometry":{"type":"Polygon","coordinates":[[[-86.72671,33.25949],[-86.72475,33.25932],[-86.72062,33.26053],[-86.71911,33.2576],[-86.71647,33.2572],[-86.71135,33.2576],[-86.71145,33.25568],[-86.70798,33.25489],[-86.71013,33.25351],[-86.70745,33.25136],[-86.70701,33.24766],[-86.70756,33.24402],[-86.70918,33.24174],[-86.70838,33.23582],[-86.71321,33.23184],[-86.71341,33.22957],[-86.70511,33.22929],[-86.70506,33.2402],[-86.69307,33.23983],[-86.68062,33.23996],[-86.67754,33.24154],[-86.67659,33.24317],[-86.67212,33.24687],[-86.66203,33.25099],[-86.66042,33.25547],[-86.65874,33.25668],[-86.65792,33.25487],[-86.65537,33.25594],[-86.6514,33.25467],[-86.6468,33.25549],[-86.64536,33.25758],[-86.64231,33.25719],[-86.63981,33.25787],[-86.63741,33.26128],[-86.63711,33.26305],[-86.63481,33.26571],[-86.63881,33.26858],[-86.64233,33.26993],[-86.64322,33.27337],[-86.63346,33.27238],[-86.63316,33.27906],[-86.63118,33.27915],[-86.63123,33.27719],[-86.62249,33.27732],[-86.62255,33.27551],[-86.61905,33.27591],[-86.61901,33.27896],[-86.62253,33.2791],[-86.62253,33.281],[-86.62673,33.28093],[-86.62759,33.28313],[-86.63103,33.28589],[-86.63103,33.29544],[-86.62827,33.29682],[-86.62817,33.29909],[-86.63654,33.29899],[-86.6398,33.30337],[-86.63885,33.30517],[-86.63554,33.30763],[-86.63099,33.30708],[-86.62722,33.30839],[-86.62478,33.31023],[-86.62208,33.31029],[-86.62214,33.31311],[-86.62576,33.31304],[-86.6267,33.31393],[-86.63226,33.31381],[-86.63288,33.31986],[-86.6306,33.32116],[-86.619,33.3223],[-86.61771,33.32134],[-86.61777,33.31853],[-86.60666,33.32251],[-86.60259,33.32311],[-86.58707,33.32848],[-86.58182,33.33063],[-86.57969,33.32532],[-86.57943,33.323],[-86.57604,33.32083],[-86.57547,33.31835],[-86.57183,33.31762],[-86.5707,33.31423],[-86.56128,33.31408],[-86.56117,33.31041],[-86.56318,33.31044],[-86.56314,33.30867],[-86.56123,33.30865],[-86.56114,33.30668],[-86.56557,33.30663],[-86.56708,33.30245],[-86.56447,33.29939],[-86.565,33.29735],[-86.56889,33.30079],[-86.57299,33.30068],[-86.57399,33.30227],[-86.57664,33.30139],[-86.57632,33.29977],[-86.57829,33.29938],[-86.5788,33.29232],[-86.57489,33.29093],[-86.57625,33.28844],[-86.57537,33.28647],[-86.57766,33.28493],[-86.57473,33.28486],[-86.57471,33.28198],[-86.57815,33.28197],[-86.56816,33.28095],[-86.56117,33.27973],[-86.5632,33.27758],[-86.56719,33.27573],[-86.56213,33.26345],[-86.56366,33.26006],[-86.56849,33.26116],[-86.56843,33.25543],[-86.56633,33.2554],[-86.5664,33.25195],[-86.56969,33.25201],[-86.56953,33.24821],[-86.5662,33.24638],[-86.56271,33.24691],[-86.56215,33.24385],[-86.57005,33.2434],[-86.5752,33.22976],[-86.57142,33.22658],[-86.56728,33.22575],[-86.56602,33.22179],[-86.56369,33.21785],[-86.55859,33.21514],[-86.55744,33.21345],[-86.56128,33.20968],[-86.55685,33.20442],[-86.55928,33.20146],[-86.5552,33.20152],[-86.556,33.1973],[-86.54749,33.19719],[-86.54469,33.19546],[-86.54053,33.1955],[-86.54048,33.19334],[-86.53665,33.19332],[-86.53661,33.19522],[-86.53322,33.1949],[-86.53315,33.18966],[-86.53908,33.18626],[-86.54239,33.18511],[-86.53892,33.18373],[-86.53753,33.18163],[-86.53485,33.17968],[-86.52888,33.17843],[-86.52406,33.17614],[-86.51976,33.17799],[-86.51071,33.17781],[-86.50852,33.17919],[-86.50313,33.17914],[-86.50359,33.17598],[-86.50272,33.17403],[-86.49998,33.17233],[-86.49138,33.16995],[-86.48768,33.16696],[-86.48347,33.15952],[-86.48281,33.1558],[-86.48298,33.14828],[-86.48183,33.14554],[-86.47816,33.14185],[-86.47325,33.13901],[-86.46681,33.13634],[-86.46382,33.13382],[-86.46181,33.13101],[-86.45993,33.12512],[-86.46405,33.12513],[-86.46526,33.1289],[-86.4705,33.13403],[-86.47352,33.13225],[-86.47171,33.13525],[-86.47401,33.13712],[-86.47988,33.13988],[-86.48103,33.14205],[-86.48296,33.14236],[-86.48423,33.1359],[-86.48706,33.13458],[-86.48956,33.13092],[-86.4887,33.13376],[-86.48961,33.13453],[-86.48756,33.13668],[-86.48738,33.14029],[-86.48517,33.14229],[-86.48553,33.1463],[-86.50157,33.14582],[-86.50177,33.13492],[-86.53669,33.13587],[-86.53862,33.13076],[-86.54035,33.1316],[-86.54403,33.13041],[-86.54408,33.13284],[-86.54656,33.13386],[-86.54678,33.13591],[-86.58482,33.12789],[-86.58503,33.13057],[-86.58689,33.13637],[-86.59192,33.13739],[-86.59912,33.13141],[-86.60137,33.12881],[-86.60125,33.1273],[-86.60422,33.12593],[-86.60824,33.12662],[-86.61505,33.13098],[-86.61565,33.12929],[-86.61351,33.12531],[-86.61598,33.12163],[-86.61545,33.11824],[-86.61795,33.11864],[-86.62169,33.11619],[-86.62132,33.11453],[-86.62269,33.11248],[-86.62781,33.1118],[-86.63299,33.10809],[-86.63587,33.1092],[-86.64087,33.11361],[-86.64075,33.11538],[-86.63705,33.11469],[-86.6372,33.12015],[-86.639,33.12311],[-86.64246,33.12642],[-86.64506,33.1277],[-86.64799,33.13055],[-86.64912,33.13425],[-86.65128,33.13407],[-86.65514,33.13225],[-86.65684,33.1329],[-86.66215,33.13774],[-86.66575,33.13955],[-86.67168,33.14111],[-86.67405,33.14085],[-86.67989,33.14403],[-86.67479,33.14589],[-86.67074,33.14923],[-86.6745,33.1494],[-86.67449,33.1548],[-86.67636,33.15643],[-86.67959,33.14915],[-86.68249,33.14676],[-86.6841,33.14677],[-86.6841,33.15059],[-86.68561,33.15331],[-86.69029,33.15353],[-86.69346,33.15188],[-86.69543,33.1524],[-86.69918,33.15963],[-86.70263,33.16401],[-86.70624,33.16482],[-86.68757,33.17126],[-86.68732,33.17333],[-86.68964,33.17643],[-86.69361,33.17668],[-86.69535,33.17851],[-86.69782,33.17794],[-86.69922,33.17955],[-86.69927,33.18415],[-86.70995,33.18553],[-86.71344,33.18833],[-86.71843,33.18497],[-86.71709,33.18313],[-86.71903,33.18167],[-86.71993,33.17915],[-86.72184,33.17816],[-86.72486,33.17981],[-86.72702,33.18003],[-86.727,33.18267],[-86.73326,33.18287],[-86.73738,33.18711],[-86.73757,33.19062],[-86.73899,33.19167],[-86.73614,33.19545],[-86.73377,33.19551],[-86.73267,33.19886],[-86.7365,33.20576],[-86.72707,33.20765],[-86.72705,33.21175],[-86.72425,33.21166],[-86.72394,33.22632],[-86.72274,33.22642],[-86.72272,33.24093],[-86.72106,33.24083],[-86.72092,33.24666],[-86.72299,33.2472],[-86.71745,33.2521],[-86.72432,33.25224],[-86.72698,33.25421],[-86.72671,33.25949]]]}},{"type":"Feature","properties":{"zcta":"35052","d":0},"geometry":{"type":"Polygon","coordinates":[[[-86.40155,33.59545],[-86.39559,33.59569],[-86.39829,33.59224],[-86.40297,33.59095],[-86.40998,33.58981],[-86.41567,33.58738],[-86.41714,33.5889],[-86.41575,33.58962],[-86.41716,33.59314],[-86.40155,33.59545]]]}},{"type":"Feature","properties":{"zcta":"35060","d":0},"geometry":{"type":"Polygon","coordinates":[[[-86.92576,33.56195],[-86.92479,33.5609],[-86.92314,33.55443],[-86.92354,33.54768],[-86.9258,33.55177],[-86.92579,33.55461],[-86.93245,33.55519],[-86.9334,33.5569],[-86.93384,33.56346],[-86.93313,33.56353],[-86.92576,33.56195]]]}},{"type":"Feature","properties":{"zcta":"35071","d":137},"geometry":{"type":"Polygon","coordinates":[[[-86.95736,33.70743],[-86.95413,33.70888],[-86.95404,33.7129],[-86.95622,33.71455],[-86.96139,33.71703],[-86.96357,33.72058],[-86.96162,33.72354],[-86.95549,33.72841],[-86.95341,33.73316],[-86.94976,33.7327],[-86.94686,33.72715],[-86.94461,33.72594],[-86.94247,33.72795],[-86.94329,33.73427],[-86.94215,33.73812],[-86.93713,33.73857],[-86.93406,33.73738],[-86.9275,33.7362],[-86.924,33.73604],[-86.91916,33.73697],[-86.91769,33.73979],[-86.91813,33.74414],[-86.92139,33.74877],[-86.92175,33.75183],[-86.91476,33.75903],[-86.91256,33.76027],[-86.90791,33.76154],[-86.90542,33.76014],[-86.90532,33.75745],[-86.90832,33.75426],[-86.90682,33.75133],[-86.90285,33.74854],[-86.90036,33.74815],[-86.89858,33.7501],[-86.89578,33.7609],[-86.89344,33.76425],[-86.88559,33.76944],[-86.88248,33.77195],[-86.87971,33.7752],[-86.87736,33.77565],[-86.87438,33.77262],[-86.87384,33.77089],[-86.87494,33.76659],[-86.87463,33.76219],[-86.87299,33.75731],[-86.86982,33.75556],[-86.86518,33.75728],[-86.86409,33.76129],[-86.86637,33.77055],[-86.8642,33.77533],[-86.86193,33.77568],[-86.85726,33.77211],[-86.85315,33.77302],[-86.85019,33.77646],[-86.84905,33.77981],[-86.84905,33.78702],[-86.84753,33.79115],[-86.83841,33.79052],[-86.83464,33.78854],[-86.8348,33.78567],[-86.83789,33.78314],[-86.83945,33.77863],[-86.83569,33.7759],[-86.83164,33.77136],[-86.82919,33.76989],[-86.82508,33.77026],[-86.82283,33.76927],[-86.81779,33.76874],[-86.81667,33.76496],[-86.81847,33.76396],[-86.82253,33.76501],[-86.82717,33.76152],[-86.81682,33.76102],[-86.81681,33.7594],[-86.81428,33.7594],[-86.81403,33.75197],[-86.81894,33.75532],[-86.81998,33.7526],[-86.81705,33.75138],[-86.81567,33.74658],[-86.81929,33.74139],[-86.81851,33.74061],[-86.81641,33.74229],[-86.81402,33.74259],[-86.81738,33.73279],[-86.82227,33.72539],[-86.80394,33.72524],[-86.80397,33.72824],[-86.80086,33.72809],[-86.80085,33.72446],[-86.79521,33.72456],[-86.79428,33.72083],[-86.7955,33.71804],[-86.79338,33.71578],[-86.78954,33.71381],[-86.78889,33.71208],[-86.79111,33.71111],[-86.79144,33.70886],[-86.78802,33.70532],[-86.78793,33.70297],[-86.79081,33.70258],[-86.7914,33.7001],[-86.7933,33.69866],[-86.78839,33.6981],[-86.78711,33.69604],[-86.77849,33.69594],[-86.77843,33.71024],[-86.77414,33.71029],[-86.77407,33.70662],[-86.76524,33.70667],[-86.7653,33.7029],[-86.76941,33.703],[-86.76954,33.69938],[-86.77414,33.69948],[-86.77432,33.69586],[-86.77849,33.69586],[-86.77849,33.69135],[-86.76085,33.69135],[-86.76085,33.68428],[-86.76463,33.68428],[-86.76463,33.68058],[-86.75234,33.68057],[-86.75239,33.67686],[-86.75602,33.67307],[-86.75739,33.66935],[-86.75797,33.66541],[-86.74799,33.66332],[-86.74792,33.65753],[-86.75012,33.65753],[-86.74992,33.65046],[-86.76114,33.65095],[-86.76107,33.64358],[-86.76976,33.64388],[-86.77177,33.64314],[-86.77528,33.64012],[-86.7748,33.64206],[-86.77661,33.64278],[-86.78157,33.63689],[-86.78349,33.63353],[-86.78554,33.63359],[-86.78482,33.63666],[-86.78849,33.63907],[-86.78905,33.63726],[-86.78707,33.63596],[-86.79589,33.63605],[-86.79592,33.63145],[-86.79614,33.62967],[-86.80323,33.6298],[-86.80519,33.6286],[-86.80589,33.63257],[-86.80809,33.63257],[-86.80659,33.62939],[-86.81121,33.62975],[-86.81128,33.62426],[-86.80912,33.62153],[-86.81352,33.62263],[-86.83094,33.62317],[-86.8309,33.6268],[-86.83529,33.62692],[-86.83525,33.63058],[-86.84402,33.63086],[-86.84402,33.62846],[-86.85112,33.629],[-86.85543,33.63155],[-86.85775,33.63179],[-86.86115,33.63076],[-86.86362,33.63126],[-86.8638,33.63984],[-86.86548,33.64081],[-86.86201,33.64291],[-86.86472,33.64306],[-86.86326,33.64873],[-86.86393,33.65078],[-86.86137,33.6513],[-86.85894,33.65364],[-86.85582,33.65198],[-86.85362,33.65238],[-86.8546,33.64967],[-86.85109,33.65048],[-86.85145,33.64887],[-86.84684,33.64726],[-86.84476,33.64962],[-86.8423,33.65097],[-86.84158,33.65697],[-86.83621,33.66004],[-86.83471,33.65941],[-86.83167,33.65495],[-86.83021,33.65695],[-86.83169,33.66453],[-86.83178,33.66695],[-86.83054,33.67217],[-86.83265,33.67319],[-86.84171,33.67216],[-86.84161,33.67418],[-86.85442,33.67482],[-86.85642,33.6786],[-86.85567,33.68357],[-86.8575,33.6903],[-86.8535,33.69778],[-86.8567,33.7011],[-86.85699,33.70359],[-86.85956,33.70679],[-86.85943,33.70959],[-86.86962,33.70724],[-86.87347,33.70487],[-86.87506,33.70656],[-86.87843,33.70761],[-86.88264,33.70538],[-86.88377,33.70929],[-86.88591,33.71024],[-86.88939,33.71439],[-86.89231,33.71155],[-86.89816,33.71034],[-86.90022,33.70797],[-86.904,33.70744],[-86.90663,33.70854],[-86.90844,33.71055],[-86.90984,33.70811],[-86.91296,33.70843],[-86.91874,33.70633],[-86.92116,33.70213],[-86.92285,33.7044],[-86.9262,33.70432],[-86.92633,33.70346],[-86.93195,33.70502],[-86.9365,33.70323],[-86.94074,33.70437],[-86.94322,33.70653],[-86.94808,33.70849],[-86.95215,33.7079],[-86.95467,33.70532],[-86.95519,33.7024],[-86.96046,33.70104],[-86.9651,33.70304],[-86.96492,33.71115],[-86.95736,33.70743]],[[-86.77578,33.64737],[-86.777,33.64645],[-86.77622,33.64579],[-86.77578,33.64737]],[[-86.77055,33.64799],[-86.77266,33.6475],[-86.77218,33.64607],[-86.77055,33.64799]]]}},{"type":"Feature","properties":{"zcta":"35186","d":41},"geometry":{"type":"Polygon","coordinates":[[[-86.57864,33.32834],[-86.57652,33.33135],[-86.5742,33.33286],[-86.5742,33.33677],[-86.56997,33.33673],[-86.56997,33.33755],[-86.56569,33.3375],[-86.56419,33.33548],[-86.55922,33.33596],[-86.55973,33.3373],[-86.55701,33.33719],[-86.55703,33.33547],[-86.55265,33.33545],[-86.55265,33.33437],[-86.54716,33.33514],[-86.5479,33.33221],[-86.53945,33.3322],[-86.53946,33.33337],[-86.53625,33.33195],[-86.53525,33.32832],[-86.53289,33.32852],[-86.5299,33.32539],[-86.5264,33.32395],[-86.52218,33.32463],[-86.52034,33.3238],[-86.51905,33.32158],[-86.51793,33.31664],[-86.51218,33.31656],[-86.50834,33.31577],[-86.50896,33.31964],[-86.50531,33.32088],[-86.49986,33.30882],[-86.49747,33.30438],[-86.49501,33.3064],[-86.49396,33.30844],[-86.4918,33.30599],[-86.48884,33.30698],[-86.48503,33.30719],[-86.484,33.30961],[-86.48068,33.31196],[-86.47779,33.31272],[-86.47526,33.3096],[-86.47664,33.30809],[-86.47666,33.30274],[-86.47423,33.29864],[-86.47068,33.29764],[-86.46719,33.29361],[-86.46544,33.28962],[-86.46063,33.2867],[-86.46147,33.28523],[-86.4595,33.28252],[-86.45734,33.28138],[-86.45316,33.28123],[-86.4572,33.27829],[-86.45589,33.27572],[-86.4571,33.27464],[-86.45708,33.27068],[-86.45399,33.26582],[-86.45119,33.2665],[-86.44839,33.26578],[-86.44416,33.26572],[-86.44418,33.26937],[-86.4314,33.26922],[-86.43141,33.27012],[-86.42737,33.26538],[-86.42543,33.26082],[-86.42559,33.25908],[-86.43024,33.25001],[-86.42887,33.24953],[-86.43255,33.24434],[-86.43553,33.24199],[-86.43917,33.24092],[-86.44211,33.24121],[-86.45288,33.24387],[-86.45616,33.24297],[-86.45803,33.24143],[-86.46459,33.23098],[-86.46584,33.22838],[-86.46648,33.22449],[-86.4659,33.21996],[-86.4648,33.21667],[-86.46171,33.21067],[-86.46104,33.20763],[-86.46098,33.20293],[-86.46202,33.20002],[-86.46473,33.19712],[-86.46755,33.19594],[-86.47199,33.19644],[-86.48086,33.20159],[-86.48614,33.20187],[-86.49153,33.19927],[-86.49334,33.19704],[-86.49711,33.18972],[-86.50313,33.17914],[-86.50852,33.17919],[-86.51071,33.17781],[-86.51976,33.17799],[-86.52406,33.17614],[-86.52888,33.17843],[-86.53485,33.17968],[-86.53753,33.18163],[-86.53892,33.18373],[-86.54239,33.18511],[-86.53908,33.18626],[-86.53315,33.18966],[-86.53322,33.1949],[-86.53661,33.19522],[-86.53665,33.19332],[-86.54048,33.19334],[-86.54053,33.1955],[-86.54469,33.19546],[-86.54749,33.19719],[-86.556,33.1973],[-86.5552,33.20152],[-86.55928,33.20146],[-86.55685,33.20442],[-86.56128,33.20968],[-86.55744,33.21345],[-86.55859,33.21514],[-86.56369,33.21785],[-86.56602,33.22179],[-86.56728,33.22575],[-86.57142,33.22658],[-86.5752,33.22976],[-86.57005,33.2434],[-86.56215,33.24385],[-86.56271,33.24691],[-86.5662,33.24638],[-86.56953,33.24821],[-86.56969,33.25201],[-86.5664,33.25195],[-86.56633,33.2554],[-86.56843,33.25543],[-86.56849,33.26116],[-86.56366,33.26006],[-86.56213,33.26345],[-86.56719,33.27573],[-86.5632,33.27758],[-86.56117,33.27973],[-86.56816,33.28095],[-86.57815,33.28197],[-86.57471,33.28198],[-86.57473,33.28486],[-86.57766,33.28493],[-86.57537,33.28647],[-86.57625,33.28844],[-86.57489,33.29093],[-86.5788,33.29232],[-86.57829,33.29938],[-86.57632,33.29977],[-86.57664,33.30139],[-86.57399,33.30227],[-86.57299,33.30068],[-86.56889,33.30079],[-86.565,33.29735],[-86.56447,33.29939],[-86.56708,33.30245],[-86.56557,33.30663],[-86.56114,33.30668],[-86.56123,33.30865],[-86.56314,33.30867],[-86.56318,33.31044],[-86.56117,33.31041],[-86.56128,33.31408],[-86.5707,33.31423],[-86.57183,33.31762],[-86.57547,33.31835],[-86.57604,33.32083],[-86.57943,33.323],[-86.57969,33.32532],[-86.57864,33.32834]]]}},{"type":"Feature","properties":{"zcta":"35074","d":0},"geometry":{"type":"Polygon","coordinates":[[[-87.12528,33.22421],[-87.12405,33.22339],[-87.12158,33.22451],[-87.12152,33.22174],[-87.12737,33.22045],[-87.12528,33.22421]]]}},{"type":"Feature","properties":{"zcta":"36750","d":11},"geometry":{"type":"Polygon","coordinates":[[[-86.95975,32.77617],[-86.96167,32.77991],[-86.959,32.78583],[-86.9591,32.79114],[-86.95792,32.79369],[-86.95532,32.7951],[-86.95209,32.7954],[-86.95078,32.79661],[-86.95028,32.80084],[-86.94816,32.80582],[-86.9489,32.80883],[-86.93235,32.80885],[-86.93238,32.80506],[-86.92813,32.80512],[-86.92811,32.80167],[-86.92372,32.80165],[-86.92375,32.80732],[-86.92595,32.8093],[-86.92774,32.81247],[-86.93164,32.81581],[-86.93235,32.81769],[-86.93224,32.82227],[-86.92512,32.82601],[-86.9213,32.82673],[-86.91964,32.82841],[-86.91983,32.83306],[-86.91789,32.83478],[-86.91646,32.83767],[-86.88055,32.83637],[-86.88079,32.84043],[-86.8825,32.84484],[-86.88829,32.85401],[-86.89153,32.85983],[-86.89232,32.86239],[-86.8997,32.87604],[-86.90362,32.88123],[-86.90613,32.8882],[-86.9091,32.89278],[-86.90963,32.89637],[-86.90593,32.89343],[-86.90277,32.8884],[-86.90233,32.88666],[-86.89671,32.88131],[-86.89554,32.8755],[-86.89165,32.87013],[-86.88935,32.8701],[-86.88799,32.86808],[-86.88822,32.8647],[-86.8851,32.86182],[-86.88329,32.85503],[-86.88075,32.85108],[-86.88058,32.84697],[-86.87622,32.84784],[-86.8762,32.89286],[-86.87455,32.89504],[-86.87172,32.89503],[-86.87156,32.90139],[-86.86712,32.9013],[-86.86713,32.9021],[-86.86298,32.90203],[-86.8631,32.89502],[-86.85435,32.89442],[-86.85252,32.89517],[-86.84912,32.89276],[-86.84595,32.89277],[-86.84371,32.89369],[-86.83544,32.89479],[-86.82594,32.89471],[-86.82224,32.8936],[-86.81988,32.89532],[-86.81833,32.89373],[-86.8159,32.89365],[-86.81644,32.88905],[-86.81562,32.88762],[-86.81601,32.88397],[-86.81353,32.88086],[-86.81316,32.8783],[-86.80755,32.87348],[-86.80629,32.86729],[-86.80356,32.86175],[-86.8023,32.8557],[-86.80021,32.85343],[-86.80053,32.84998],[-86.7977,32.8452],[-86.79797,32.84239],[-86.79667,32.83901],[-86.79787,32.8379],[-86.79759,32.83301],[-86.79601,32.83193],[-86.78697,32.82873],[-86.78702,32.83413],[-86.78643,32.83525],[-86.78362,32.83506],[-86.78463,32.83033],[-86.77942,32.82775],[-86.77902,32.82434],[-86.77769,32.82318],[-86.77577,32.8173],[-86.77778,32.81291],[-86.77768,32.80722],[-86.7849,32.80735],[-86.78682,32.80439],[-86.7904,32.8039],[-86.79187,32.80026],[-86.78956,32.80138],[-86.78481,32.8008],[-86.78373,32.79873],[-86.78038,32.79943],[-86.77747,32.80114],[-86.77645,32.8003],[-86.77272,32.80109],[-86.7721,32.80235],[-86.7715,32.79695],[-86.76877,32.79092],[-86.76846,32.78913],[-86.76021,32.78691],[-86.75616,32.78863],[-86.75219,32.78764],[-86.74707,32.7847],[-86.75079,32.78083],[-86.75103,32.77778],[-86.75683,32.77635],[-86.75805,32.77415],[-86.7639,32.7698],[-86.76222,32.76774],[-86.76371,32.76311],[-86.76261,32.75506],[-86.76089,32.75337],[-86.76139,32.7497],[-86.76258,32.74769],[-86.76004,32.74325],[-86.75545,32.74458],[-86.75652,32.74055],[-86.75414,32.73681],[-86.75821,32.73558],[-86.76149,32.72551],[-86.76289,32.71841],[-86.76145,32.71165],[-86.75727,32.70745],[-86.75919,32.70632],[-86.76334,32.70579],[-86.76524,32.70441],[-86.77098,32.70474],[-86.77703,32.70144],[-86.7803,32.69746],[-86.77446,32.69241],[-86.77526,32.68985],[-86.7784,32.68771],[-86.77842,32.68627],[-86.776,32.68356],[-86.77869,32.6789],[-86.77839,32.67265],[-86.78181,32.67027],[-86.78688,32.67235],[-86.79,32.67658],[-86.79151,32.68482],[-86.79237,32.68347],[-86.79241,32.67835],[-86.7914,32.67688],[-86.79059,32.67273],[-86.79197,32.6694],[-86.79189,32.6645],[-86.79394,32.66289],[-86.80103,32.6644],[-86.8085,32.66201],[-86.81263,32.66018],[-86.81657,32.66012],[-86.83218,32.66076],[-86.83056,32.66665],[-86.83048,32.67147],[-86.82907,32.67306],[-86.82883,32.67812],[-86.83042,32.68185],[-86.82668,32.68885],[-86.8274,32.69],[-86.8273,32.69642],[-86.8232,32.69673],[-86.82128,32.69599],[-86.82127,32.70024],[-86.82385,32.70031],[-86.82401,32.70887],[-86.82982,32.71347],[-86.82974,32.71123],[-86.86365,32.71278],[-86.8636,32.72652],[-86.86489,32.72574],[-86.87923,32.73425],[-86.87353,32.73588],[-86.87767,32.73988],[-86.87481,32.74016],[-86.87564,32.74148],[-86.87413,32.74334],[-86.86925,32.74435],[-86.86707,32.74714],[-86.86775,32.75026],[-86.86967,32.7527],[-86.87682,32.76429],[-86.87814,32.76429],[-86.87811,32.76109],[-86.88045,32.76109],[-86.88048,32.75741],[-86.88321,32.75743],[-86.88978,32.74611],[-86.89051,32.74829],[-86.89361,32.75256],[-86.90174,32.75816],[-86.90418,32.75657],[-86.90413,32.75054],[-86.91472,32.75076],[-86.9495,32.7505],[-86.95147,32.75069],[-86.95325,32.75391],[-86.95174,32.75534],[-86.95347,32.75961],[-86.95563,32.76035],[-86.95745,32.7634],[-86.96008,32.76444],[-86.96179,32.7638],[-86.96304,32.76645],[-86.9638,32.77262],[-86.95975,32.77617]]]}},{"type":"Feature","properties":{"zcta":"35953","d":28},"geometry":{"type":"Polygon","coordinates":[[[-86.29328,33.8594],[-86.29444,33.86007],[-86.2944,33.86393],[-86.29661,33.86387],[-86.29717,33.86601],[-86.29555,33.86703],[-86.29689,33.86865],[-86.29497,33.86892],[-86.29704,33.87146],[-86.29771,33.87376],[-86.29966,33.8745],[-86.29264,33.87791],[-86.28621,33.87316],[-86.28631,33.86662],[-86.2847,33.86349],[-86.28006,33.86584],[-86.27673,33.85877],[-86.27152,33.85937],[-86.27135,33.86019],[-86.26205,33.86022],[-86.26214,33.85205],[-86.25459,33.85204],[-86.25284,33.84872],[-86.24916,33.84871],[-86.24706,33.84571],[-86.24509,33.84886],[-86.24306,33.84965],[-86.24157,33.85357],[-86.24654,33.85903],[-86.24915,33.86127],[-86.24828,33.8626],[-86.24504,33.86122],[-86.24329,33.86322],[-86.24028,33.86354],[-86.23985,33.86696],[-86.23681,33.86686],[-86.23505,33.86515],[-86.23257,33.86641],[-86.23203,33.86886],[-86.23089,33.86791],[-86.22868,33.86983],[-86.22956,33.87223],[-86.22733,33.87204],[-86.22832,33.87079],[-86.22244,33.87032],[-86.21972,33.86708],[-86.21784,33.86906],[-86.21883,33.8706],[-86.21489,33.87088],[-86.21409,33.8751],[-86.21144,33.87622],[-86.21062,33.87784],[-86.20693,33.87959],[-86.20505,33.87836],[-86.20548,33.87655],[-86.20395,33.87319],[-86.20098,33.87304],[-86.19655,33.87739],[-86.19724,33.87979],[-86.20084,33.88297],[-86.19889,33.88416],[-86.19709,33.88774],[-86.19494,33.88923],[-86.18654,33.88769],[-86.18487,33.88612],[-86.18154,33.8866],[-86.1798,33.8923],[-86.17768,33.8948],[-86.17564,33.89514],[-86.17428,33.89712],[-86.17018,33.89593],[-86.16817,33.89381],[-86.16604,33.89511],[-86.16374,33.89394],[-86.1659,33.89251],[-86.16317,33.89182],[-86.16014,33.89249],[-86.15514,33.89147],[-86.15403,33.89222],[-86.15539,33.89618],[-86.15318,33.89648],[-86.15067,33.89379],[-86.14748,33.89221],[-86.14518,33.8943],[-86.14358,33.89401],[-86.1435,33.89655],[-86.14229,33.89837],[-86.14114,33.89743],[-86.1385,33.89839],[-86.13523,33.89648],[-86.13286,33.89695],[-86.12983,33.90247],[-86.12626,33.90273],[-86.12412,33.90027],[-86.1191,33.90015],[-86.11497,33.9033],[-86.11247,33.904],[-86.10873,33.90212],[-86.10821,33.8996],[-86.11047,33.894],[-86.10964,33.88727],[-86.11158,33.88652],[-86.10923,33.88338],[-86.10889,33.8812],[-86.1061,33.87874],[-86.10237,33.87688],[-86.10004,33.87314],[-86.1007,33.86887],[-86.09938,33.86547],[-86.10034,33.86315],[-86.09813,33.86368],[-86.09743,33.86142],[-86.09006,33.86286],[-86.08222,33.86201],[-86.08039,33.8623],[-86.07312,33.86578],[-86.06812,33.86569],[-86.06285,33.86321],[-86.05698,33.85778],[-86.05582,33.8554],[-86.05467,33.85046],[-86.05469,33.84584],[-86.05603,33.84489],[-86.06258,33.84346],[-86.06644,33.84109],[-86.0659,33.83786],[-86.05969,33.83592],[-86.05602,33.83329],[-86.05225,33.82852],[-86.05144,33.82413],[-86.05337,33.8212],[-86.06131,33.81412],[-86.06494,33.80894],[-86.06404,33.80657],[-86.06505,33.80369],[-86.06436,33.79778],[-86.05827,33.78873],[-86.05297,33.78411],[-86.05512,33.78263],[-86.06069,33.78264],[-86.06257,33.78143],[-86.06853,33.77331],[-86.0714,33.77032],[-86.0758,33.76695],[-86.07805,33.76757],[-86.07817,33.76914],[-86.10437,33.7696],[-86.12026,33.7694],[-86.12017,33.78008],[-86.15123,33.77928],[-86.15103,33.75821],[-86.18466,33.75812],[-86.18466,33.74821],[-86.18627,33.74697],[-86.19003,33.75011],[-86.19302,33.74809],[-86.19281,33.7501],[-86.18958,33.7553],[-86.18886,33.75751],[-86.2133,33.77025],[-86.21572,33.77277],[-86.21824,33.77274],[-86.22685,33.77669],[-86.22966,33.77679],[-86.23372,33.77547],[-86.24316,33.77359],[-86.25022,33.77129],[-86.25575,33.76819],[-86.26051,33.76627],[-86.26995,33.76321],[-86.27466,33.76097],[-86.27702,33.75785],[-86.27547,33.75394],[-86.27594,33.75191],[-86.27944,33.74638],[-86.28453,33.73969],[-86.28748,33.73241],[-86.28617,33.72836],[-86.28889,33.72345],[-86.28855,33.72033],[-86.29347,33.71756],[-86.29473,33.71554],[-86.30439,33.70496],[-86.30807,33.699],[-86.30703,33.69857],[-86.30721,33.69541],[-86.30951,33.69463],[-86.30955,33.69329],[-86.33779,33.69239],[-86.3378,33.70324],[-86.35106,33.7034],[-86.35085,33.70667],[-86.35071,33.72117],[-86.34191,33.72162],[-86.34188,33.72553],[-86.34462,33.72925],[-86.34035,33.73675],[-86.33792,33.74388],[-86.33319,33.74914],[-86.33935,33.74922],[-86.34169,33.75086],[-86.34179,33.75821],[-86.35035,33.75787],[-86.3504,33.75948],[-86.35512,33.75898],[-86.35701,33.76165],[-86.35493,33.76152],[-86.35489,33.76325],[-86.3504,33.76328],[-86.35045,33.7798],[-86.33637,33.77991],[-86.33641,33.78716],[-86.33339,33.78719],[-86.33348,33.79531],[-86.33306,33.79646],[-86.33764,33.79432],[-86.34121,33.79484],[-86.34665,33.79251],[-86.34728,33.79116],[-86.3502,33.79122],[-86.34974,33.78865],[-86.35166,33.78774],[-86.35411,33.78914],[-86.355,33.79149],[-86.35959,33.79124],[-86.36207,33.79471],[-86.3637,33.79366],[-86.36426,33.79511],[-86.36617,33.79433],[-86.36774,33.79698],[-86.37154,33.79874],[-86.37124,33.80077],[-86.35262,33.81387],[-86.34998,33.81595],[-86.33995,33.82597],[-86.3354,33.82352],[-86.33327,33.82363],[-86.33319,33.82769],[-86.33646,33.82731],[-86.33719,33.82828],[-86.32854,33.83548],[-86.31708,33.84574],[-86.31289,33.84897],[-86.29947,33.85628],[-86.29328,33.8594]]]}},{"type":"Feature","properties":{"zcta":"35578","d":16},"geometry":{"type":"Polygon","coordinates":[[[-87.35772,33.99827],[-87.3578,33.99569],[-87.36643,33.99579],[-87.36355,33.99392],[-87.36416,33.9867],[-87.36899,33.98307],[-87.37343,33.97908],[-87.37525,33.97904],[-87.37575,33.97615],[-87.37303,33.97191],[-87.37292,33.96535],[-87.37407,33.96241],[-87.37734,33.96116],[-87.37725,33.95936],[-87.37953,33.95685],[-87.37953,33.95394],[-87.37833,33.95153],[-87.38278,33.95069],[-87.38134,33.9448],[-87.38435,33.93899],[-87.38637,33.93325],[-87.38488,33.93196],[-87.37417,33.93485],[-87.37281,33.93699],[-87.37431,33.93866],[-87.37409,33.94396],[-87.37059,33.94457],[-87.36857,33.94407],[-87.36514,33.94587],[-87.36408,33.94808],[-87.36526,33.94863],[-87.36709,33.95363],[-87.3703,33.95948],[-87.37017,33.96947],[-87.36754,33.97475],[-87.36714,33.97725],[-87.36359,33.98202],[-87.35786,33.98306],[-87.35528,33.98478],[-87.35239,33.98461],[-87.3494,33.98029],[-87.34846,33.9778],[-87.34972,33.97437],[-87.35259,33.9712],[-87.35206,33.96766],[-87.3485,33.95819],[-87.347,33.95556],[-87.34687,33.95147],[-87.34206,33.94827],[-87.34425,33.94645],[-87.35023,33.94591],[-87.35372,33.94853],[-87.35749,33.94822],[-87.36111,33.94617],[-87.36122,33.94387],[-87.35965,33.93721],[-87.36164,33.9367],[-87.36627,33.9333],[-87.36483,33.93022],[-87.36291,33.93022],[-87.36312,33.92708],[-87.36543,33.9252],[-87.36527,33.91745],[-87.36603,33.91539],[-87.37248,33.91817],[-87.37688,33.91857],[-87.37872,33.91235],[-87.37955,33.91244],[-87.37414,33.90789],[-87.37391,33.90333],[-87.37538,33.90253],[-87.37465,33.89975],[-87.37587,33.89445],[-87.37419,33.89067],[-87.37774,33.89206],[-87.38089,33.88832],[-87.38673,33.88895],[-87.38995,33.88807],[-87.39316,33.88484],[-87.39536,33.88072],[-87.39603,33.87784],[-87.39811,33.87488],[-87.3982,33.87178],[-87.39994,33.8694],[-87.40269,33.86779],[-87.40357,33.8642],[-87.40459,33.86427],[-87.40512,33.86776],[-87.40842,33.87253],[-87.40962,33.87888],[-87.4099,33.88341],[-87.41201,33.88563],[-87.41066,33.89056],[-87.41066,33.89372],[-87.41453,33.89468],[-87.4181,33.89369],[-87.42677,33.89378],[-87.42682,33.90603],[-87.43127,33.90603],[-87.43128,33.90805],[-87.43655,33.91026],[-87.44258,33.9106],[-87.44722,33.91158],[-87.45258,33.91494],[-87.45405,33.9173],[-87.45903,33.92135],[-87.46365,33.92347],[-87.46919,33.92364],[-87.47381,33.92305],[-87.4781,33.91843],[-87.48578,33.91324],[-87.4896,33.9094],[-87.49384,33.90868],[-87.5018,33.91067],[-87.5142,33.9172],[-87.51937,33.92089],[-87.51933,33.92521],[-87.52075,33.92719],[-87.51821,33.92939],[-87.52074,33.93173],[-87.52051,33.93496],[-87.52202,33.93479],[-87.52238,33.93787],[-87.52476,33.93939],[-87.52639,33.93565],[-87.52675,33.93873],[-87.53138,33.93518],[-87.53136,33.93115],[-87.52724,33.92783],[-87.52865,33.9278],[-87.53563,33.93285],[-87.55703,33.93976],[-87.56643,33.9416],[-87.56626,33.94855],[-87.57224,33.95311],[-87.57394,33.95542],[-87.57595,33.95297],[-87.57935,33.95269],[-87.57941,33.96035],[-87.59245,33.96093],[-87.59242,33.96467],[-87.60942,33.96527],[-87.61636,33.9687],[-87.61873,33.97071],[-87.62446,33.96829],[-87.62964,33.96915],[-87.63134,33.96808],[-87.63604,33.96851],[-87.63612,34.0022],[-87.61842,34.0015],[-87.60112,34.0014],[-87.57402,34.0005],[-87.56907,34.00015],[-87.56893,34.00374],[-87.56275,34.01031],[-87.55912,34.01188],[-87.55627,34.01651],[-87.5527,34.01894],[-87.55299,34.02125],[-87.53074,34.02094],[-87.53039,34.02737],[-87.53092,34.03473],[-87.52793,34.03469],[-87.52804,34.03139],[-87.5231,34.03119],[-87.52298,34.03333],[-87.51551,34.03274],[-87.51112,34.03021],[-87.50991,34.02799],[-87.50835,34.02832],[-87.5056,34.02593],[-87.49948,34.02616],[-87.49387,34.02472],[-87.49557,34.02739],[-87.51133,34.05023],[-87.51075,34.05152],[-87.50771,34.05259],[-87.50468,34.05762],[-87.49682,34.06042],[-87.49318,34.06042],[-87.48919,34.06209],[-87.48894,34.06388],[-87.48439,34.06617],[-87.47933,34.0695],[-87.47793,34.07199],[-87.47462,34.07279],[-87.47368,34.07527],[-87.472,34.07644],[-87.47195,34.07986],[-87.46758,34.08359],[-87.46873,34.08837],[-87.46808,34.0906],[-87.46366,34.09086],[-87.46009,34.0885],[-87.45868,34.08904],[-87.45211,34.08664],[-87.45196,34.08234],[-87.44823,34.0787],[-87.44657,34.07575],[-87.44213,34.07392],[-87.43956,34.0719],[-87.4378,34.07164],[-87.43518,34.06883],[-87.43315,34.06904],[-87.43503,34.0666],[-87.43277,34.06373],[-87.43196,34.06086],[-87.43014,34.06284],[-87.4242,34.06467],[-87.4209,34.06399],[-87.41885,34.06574],[-87.41715,34.0654],[-87.41508,34.05987],[-87.4044,34.05873],[-87.40042,34.0568],[-87.39858,34.05299],[-87.39483,34.05069],[-87.39405,34.04915],[-87.39621,34.04608],[-87.39454,34.04166],[-87.39314,34.04013],[-87.39132,34.04157],[-87.39132,34.03945],[-87.3771,34.03958],[-87.37822,34.03606],[-87.37733,34.03459],[-87.37211,34.03399],[-87.37452,34.03005],[-87.37365,34.02859],[-87.36775,34.02525],[-87.36212,34.0256],[-87.36329,34.01996],[-87.3591,34.01822],[-87.35639,34.01457],[-87.35732,34.0109],[-87.35719,34.00493],[-87.35614,34.00072],[-87.35644,33.99845],[-87.35772,33.99827]]]}},{"type":"Feature","properties":{"zcta":"35579","d":8},"geometry":{"type":"Polygon","coordinates":[[[-87.45865,33.74479],[-87.45683,33.74705],[-87.45416,33.73146],[-87.45205,33.7052],[-87.44649,33.70643],[-87.44481,33.70385],[-87.44428,33.70039],[-87.43451,33.69792],[-87.42863,33.70432],[-87.422,33.70051],[-87.41877,33.69928],[-87.41215,33.69815],[-87.40611,33.69452],[-87.4036,33.69587],[-87.39969,33.69559],[-87.39757,33.69658],[-87.39373,33.70035],[-87.40027,33.7032],[-87.40408,33.70702],[-87.40588,33.71102],[-87.40619,33.71471],[-87.40565,33.71829],[-87.40183,33.72401],[-87.40757,33.72354],[-87.40922,33.7254],[-87.41382,33.73378],[-87.41535,33.74005],[-87.41501,33.74318],[-87.41704,33.74418],[-87.41858,33.75795],[-87.4205,33.76239],[-87.42089,33.76707],[-87.42259,33.7696],[-87.42423,33.77551],[-87.42505,33.78329],[-87.42474,33.78752],[-87.42745,33.79185],[-87.4326,33.7944],[-87.43258,33.79752],[-87.43149,33.79914],[-87.4275,33.79936],[-87.42343,33.80037],[-87.42011,33.79986],[-87.41748,33.80137],[-87.4135,33.79999],[-87.41326,33.80249],[-87.41044,33.80298],[-87.40408,33.80269],[-87.39829,33.80385],[-87.39529,33.80281],[-87.39187,33.80353],[-87.38927,33.80265],[-87.38697,33.80335],[-87.3845,33.80214],[-87.38308,33.8097],[-87.38386,33.81562],[-87.37812,33.81552],[-87.37154,33.81353],[-87.36845,33.81408],[-87.36388,33.81602],[-87.35722,33.81465],[-87.35528,33.81423],[-87.35787,33.81203],[-87.36228,33.80976],[-87.36279,33.80268],[-87.36007,33.80123],[-87.35769,33.8028],[-87.35392,33.80264],[-87.34895,33.80349],[-87.34148,33.80053],[-87.33994,33.79878],[-87.33756,33.80276],[-87.33317,33.80735],[-87.32936,33.80669],[-87.32405,33.80682],[-87.32059,33.80177],[-87.32312,33.7982],[-87.32332,33.79616],[-87.32528,33.7925],[-87.32788,33.79147],[-87.32287,33.79142],[-87.32114,33.78941],[-87.32064,33.78425],[-87.32268,33.78299],[-87.32318,33.78097],[-87.32581,33.77732],[-87.32658,33.77339],[-87.32642,33.76862],[-87.32572,33.76742],[-87.33107,33.75867],[-87.3346,33.7587],[-87.3366,33.75757],[-87.34114,33.76106],[-87.34354,33.76702],[-87.34441,33.76481],[-87.34414,33.75367],[-87.34371,33.75221],[-87.34057,33.75153],[-87.33888,33.75011],[-87.34097,33.74182],[-87.34005,33.73959],[-87.33576,33.73701],[-87.33227,33.73618],[-87.3297,33.73989],[-87.32729,33.7416],[-87.32728,33.73831],[-87.33023,33.73671],[-87.33133,33.73496],[-87.33731,33.73385],[-87.33613,33.73015],[-87.33424,33.72698],[-87.32915,33.72592],[-87.33258,33.72114],[-87.33209,33.7141],[-87.33976,33.71383],[-87.34561,33.71273],[-87.34937,33.71311],[-87.35541,33.71571],[-87.35942,33.71504],[-87.36134,33.70954],[-87.36421,33.70786],[-87.36028,33.70667],[-87.35885,33.70412],[-87.35407,33.70001],[-87.35164,33.6958],[-87.3493,33.69595],[-87.34718,33.69339],[-87.3478,33.69044],[-87.33903,33.68779],[-87.33731,33.68928],[-87.33671,33.69393],[-87.33838,33.69494],[-87.33765,33.69715],[-87.33927,33.69785],[-87.33575,33.69944],[-87.33522,33.70134],[-87.33316,33.70266],[-87.32694,33.69886],[-87.32441,33.69648],[-87.32345,33.69377],[-87.32383,33.68976],[-87.32495,33.6878],[-87.32297,33.68568],[-87.32078,33.68599],[-87.31955,33.68925],[-87.31838,33.68976],[-87.31543,33.68781],[-87.31073,33.6872],[-87.3085,33.68818],[-87.30589,33.69135],[-87.3005,33.68435],[-87.29662,33.68102],[-87.29633,33.68],[-87.29178,33.68334],[-87.29053,33.68505],[-87.28937,33.68287],[-87.28966,33.68094],[-87.2938,33.68034],[-87.29761,33.67685],[-87.30083,33.67172],[-87.30226,33.66614],[-87.30428,33.66371],[-87.30136,33.66046],[-87.30403,33.65687],[-87.30518,33.65354],[-87.30624,33.64772],[-87.30545,33.64573],[-87.3019,33.64146],[-87.30409,33.63915],[-87.2987,33.63569],[-87.2953,33.63059],[-87.29825,33.62684],[-87.29752,33.62541],[-87.30118,33.62443],[-87.30308,33.62221],[-87.30201,33.61908],[-87.2969,33.61407],[-87.29612,33.61049],[-87.29784,33.6058],[-87.29389,33.60449],[-87.29097,33.60761],[-87.28762,33.60461],[-87.2859,33.60221],[-87.27294,33.61807],[-87.26687,33.62482],[-87.26541,33.62395],[-87.25863,33.6257],[-87.26101,33.6241],[-87.26228,33.61994],[-87.26007,33.61801],[-87.25725,33.6111],[-87.25346,33.60734],[-87.2512,33.60275],[-87.24728,33.60227],[-87.24363,33.60448],[-87.24332,33.61042],[-87.2422,33.61535],[-87.23938,33.61595],[-87.23792,33.62324],[-87.2367,33.62291],[-87.23771,33.61642],[-87.23631,33.61051],[-87.2294,33.60031],[-87.22548,33.59564],[-87.22255,33.59314],[-87.21502,33.59134],[-87.20108,33.59264],[-87.19756,33.59123],[-87.19777,33.58935],[-87.20168,33.58399],[-87.20458,33.57884],[-87.20495,33.57542],[-87.20411,33.57252],[-87.19691,33.5624],[-87.1934,33.55989],[-87.18826,33.55824],[-87.18652,33.55695],[-87.18586,33.55404],[-87.18762,33.55149],[-87.1977,33.55016],[-87.20029,33.54888],[-87.21003,33.53873],[-87.21393,33.53638],[-87.21937,33.53621],[-87.23018,33.53884],[-87.23407,33.53942],[-87.2373,33.53833],[-87.23923,33.53613],[-87.23962,33.52862],[-87.24035,33.52669],[-87.24209,33.52767],[-87.24177,33.53694],[-87.24105,33.53821],[-87.24383,33.54017],[-87.24315,33.54083],[-87.24409,33.54506],[-87.24361,33.54748],[-87.24503,33.54903],[-87.24539,33.55343],[-87.24636,33.5558],[-87.24817,33.55345],[-87.25168,33.55418],[-87.25474,33.55334],[-87.25815,33.55489],[-87.26211,33.55405],[-87.26296,33.55197],[-87.26489,33.55174],[-87.26139,33.54806],[-87.25981,33.54453],[-87.26176,33.54299],[-87.25813,33.53887],[-87.25986,33.53986],[-87.26304,33.53995],[-87.26188,33.53826],[-87.26201,33.53132],[-87.27,33.53277],[-87.27344,33.53116],[-87.27756,33.52322],[-87.27703,33.51839],[-87.27133,33.51305],[-87.26692,33.51293],[-87.26131,33.50651],[-87.26078,33.50218],[-87.26262,33.49914],[-87.26465,33.49779],[-87.26827,33.49714],[-87.27207,33.49814],[-87.27725,33.5016],[-87.28223,33.50267],[-87.28544,33.50228],[-87.28837,33.50011],[-87.2886,33.49501],[-87.28502,33.48579],[-87.28541,33.48151],[-87.28851,33.47936],[-87.29606,33.47939],[-87.29883,33.48167],[-87.30136,33.48832],[-87.30348,33.48995],[-87.30839,33.48975],[-87.31461,33.48725],[-87.32217,33.49207],[-87.32715,33.49308],[-87.33065,33.49165],[-87.33159,33.49342],[-87.33288,33.49089],[-87.33283,33.48698],[-87.33698,33.48023],[-87.34045,33.48093],[-87.34321,33.48283],[-87.34355,33.48775],[-87.34932,33.48731],[-87.35026,33.484],[-87.3538,33.48558],[-87.35707,33.48564],[-87.35965,33.48478],[-87.36286,33.4824],[-87.36725,33.48828],[-87.36765,33.49466],[-87.36932,33.49949],[-87.37278,33.50475],[-87.37504,33.51259],[-87.37837,33.51354],[-87.38178,33.52106],[-87.38402,33.52298],[-87.3881,33.52072],[-87.39041,33.52067],[-87.39313,33.52355],[-87.39262,33.52704],[-87.39675,33.52869],[-87.39737,33.53256],[-87.40176,33.53641],[-87.40191,33.54254],[-87.39846,33.54418],[-87.39877,33.54641],[-87.39655,33.54852],[-87.39955,33.55091],[-87.40098,33.55686],[-87.40537,33.55799],[-87.40438,33.56116],[-87.40204,33.56112],[-87.40122,33.56294],[-87.40292,33.56406],[-87.40751,33.56524],[-87.40641,33.56752],[-87.40169,33.57046],[-87.4029,33.57206],[-87.40846,33.57617],[-87.41146,33.57464],[-87.41152,33.57752],[-87.41396,33.57892],[-87.41422,33.58145],[-87.41682,33.58029],[-87.41975,33.58319],[-87.4177,33.58521],[-87.41936,33.58605],[-87.41918,33.59175],[-87.42285,33.59174],[-87.42467,33.5937],[-87.42777,33.59388],[-87.42857,33.5977],[-87.4308,33.60013],[-87.42977,33.60228],[-87.4237,33.6021],[-87.42384,33.68911],[-87.42671,33.68925],[-87.42884,33.69046],[-87.43583,33.69178],[-87.44007,33.69581],[-87.44,33.69752],[-87.44752,33.6985],[-87.44731,33.69976],[-87.44962,33.70056],[-87.45229,33.69831],[-87.45471,33.69761],[-87.45831,33.69945],[-87.46105,33.69974],[-87.46604,33.70313],[-87.46856,33.70314],[-87.46784,33.70557],[-87.47092,33.70772],[-87.47708,33.70807],[-87.47711,33.70895],[-87.48446,33.70902],[-87.49133,33.7105],[-87.49458,33.71221],[-87.49501,33.71432],[-87.48882,33.71748],[-87.47994,33.72155],[-87.48069,33.72312],[-87.47712,33.72533],[-87.47864,33.72628],[-87.47126,33.73079],[-87.47309,33.73255],[-87.47098,33.73463],[-87.46701,33.73651],[-87.46562,33.73568],[-87.46394,33.73819],[-87.46276,33.73734],[-87.46021,33.73871],[-87.45865,33.74479]]]}},{"type":"Feature","properties":{"zcta":"35503","d":43},"geometry":{"type":"Polygon","coordinates":[[[-87.3982,33.87178],[-87.39811,33.87488],[-87.39603,33.87784],[-87.39536,33.88072],[-87.39316,33.88484],[-87.38995,33.88807],[-87.38673,33.88895],[-87.38089,33.88832],[-87.37774,33.89206],[-87.37419,33.89067],[-87.37587,33.89445],[-87.37465,33.89975],[-87.37538,33.90253],[-87.37391,33.90333],[-87.37414,33.90789],[-87.37955,33.91244],[-87.37872,33.91235],[-87.37688,33.91857],[-87.37248,33.91817],[-87.36603,33.91539],[-87.36527,33.91745],[-87.36543,33.9252],[-87.36312,33.92708],[-87.36291,33.93022],[-87.36483,33.93022],[-87.36627,33.9333],[-87.36164,33.9367],[-87.35965,33.93721],[-87.36122,33.94387],[-87.36111,33.94617],[-87.35749,33.94822],[-87.35372,33.94853],[-87.35023,33.94591],[-87.34425,33.94645],[-87.34206,33.94827],[-87.34687,33.95147],[-87.347,33.95556],[-87.3485,33.95819],[-87.35206,33.96766],[-87.35259,33.9712],[-87.34972,33.97437],[-87.34846,33.9778],[-87.3494,33.98029],[-87.35239,33.98461],[-87.35528,33.98478],[-87.35786,33.98306],[-87.36359,33.98202],[-87.36714,33.97725],[-87.36754,33.97475],[-87.37017,33.96947],[-87.3703,33.95948],[-87.36709,33.95363],[-87.36526,33.94863],[-87.36408,33.94808],[-87.36514,33.94587],[-87.36857,33.94407],[-87.37059,33.94457],[-87.37409,33.94396],[-87.37431,33.93866],[-87.37281,33.93699],[-87.37417,33.93485],[-87.38488,33.93196],[-87.38637,33.93325],[-87.38435,33.93899],[-87.38134,33.9448],[-87.38278,33.95069],[-87.37833,33.95153],[-87.37953,33.95394],[-87.37953,33.95685],[-87.37725,33.95936],[-87.37734,33.96116],[-87.37407,33.96241],[-87.37292,33.96535],[-87.37303,33.97191],[-87.37575,33.97615],[-87.37525,33.97904],[-87.37343,33.97908],[-87.36899,33.98307],[-87.36416,33.9867],[-87.36355,33.99392],[-87.36643,33.99579],[-87.3578,33.99569],[-87.35772,33.99827],[-87.35644,33.99845],[-87.35541,33.99641],[-87.35264,33.99675],[-87.34668,34.00171],[-87.34231,34.00466],[-87.33999,34.00518],[-87.33982,34.00065],[-87.33764,34.00059],[-87.3337,34.0035],[-87.33483,34.00053],[-87.33394,33.9976],[-87.33139,33.99788],[-87.33063,34.00055],[-87.32474,34.00158],[-87.3181,34.00502],[-87.3145,34.00598],[-87.31244,34.00777],[-87.30875,34.00666],[-87.30483,34.00362],[-87.29821,34.00011],[-87.29087,34.00046],[-87.28923,34.00251],[-87.28563,34.00441],[-87.28361,34.00204],[-87.28399,34.00011],[-87.28197,34.00097],[-87.27882,33.99797],[-87.27672,34.00177],[-87.27697,34.00334],[-87.28001,34.00577],[-87.28352,34.01],[-87.27853,34.01664],[-87.27502,34.01542],[-87.27142,34.01502],[-87.27358,34.017],[-87.27102,34.01732],[-87.26909,34.01941],[-87.27176,34.02388],[-87.26734,34.02313],[-87.26867,34.02242],[-87.26634,34.02144],[-87.26722,34.01959],[-87.259,34.02008],[-87.25561,34.02316],[-87.25734,34.01903],[-87.26012,34.01527],[-87.25817,34.01642],[-87.25594,34.01443],[-87.25674,34.01749],[-87.2558,34.01951],[-87.25414,34.01872],[-87.25467,34.02097],[-87.25288,34.01978],[-87.25174,34.02078],[-87.25303,34.02276],[-87.24774,34.02577],[-87.24493,34.02524],[-87.247,34.02121],[-87.24395,34.02201],[-87.24266,34.0201],[-87.24054,34.02084],[-87.24227,34.01874],[-87.24061,34.01826],[-87.24418,34.01627],[-87.24395,34.01485],[-87.24063,34.01617],[-87.23724,34.01443],[-87.24022,34.01249],[-87.2362,34.01263],[-87.23371,34.01095],[-87.23185,34.00788],[-87.22993,34.00762],[-87.22975,34.00528],[-87.22735,34.00433],[-87.22363,34.00025],[-87.2223,34.00087],[-87.21961,33.99887],[-87.21673,33.99391],[-87.21915,33.99324],[-87.21746,33.99066],[-87.21624,33.99167],[-87.20881,33.98789],[-87.20619,33.98361],[-87.2099,33.97873],[-87.21182,33.97954],[-87.21029,33.97685],[-87.21339,33.97739],[-87.21431,33.97599],[-87.21607,33.97725],[-87.21774,33.97593],[-87.21729,33.97118],[-87.21379,33.96182],[-87.2071,33.95922],[-87.20263,33.95855],[-87.20366,33.95486],[-87.21411,33.95476],[-87.21587,33.94584],[-87.21213,33.94589],[-87.21349,33.94423],[-87.21254,33.93983],[-87.21553,33.93446],[-87.22049,33.93343],[-87.22441,33.93003],[-87.22667,33.93183],[-87.22806,33.9298],[-87.23024,33.92871],[-87.2318,33.92647],[-87.23658,33.92657],[-87.2394,33.9257],[-87.23803,33.92263],[-87.24451,33.92125],[-87.24346,33.91895],[-87.24403,33.91385],[-87.24251,33.9117],[-87.23999,33.91118],[-87.23707,33.90921],[-87.23458,33.90592],[-87.24271,33.90382],[-87.24636,33.90409],[-87.24512,33.90161],[-87.24679,33.90046],[-87.25011,33.90049],[-87.25109,33.89882],[-87.24966,33.8966],[-87.25012,33.89526],[-87.2526,33.89444],[-87.25418,33.89545],[-87.25596,33.90002],[-87.25547,33.90286],[-87.24966,33.90593],[-87.25111,33.90717],[-87.25309,33.90534],[-87.25483,33.90549],[-87.25699,33.90882],[-87.26347,33.9056],[-87.26798,33.90198],[-87.26509,33.89969],[-87.27081,33.8997],[-87.27093,33.89715],[-87.27405,33.89608],[-87.27245,33.89546],[-87.2732,33.89311],[-87.2751,33.89216],[-87.27443,33.89036],[-87.27926,33.89168],[-87.2833,33.88885],[-87.28222,33.88567],[-87.28026,33.88566],[-87.27988,33.8839],[-87.2774,33.8831],[-87.27928,33.88129],[-87.28269,33.88329],[-87.28541,33.87447],[-87.28312,33.87586],[-87.2831,33.87096],[-87.28188,33.86945],[-87.28107,33.86401],[-87.28598,33.86368],[-87.28902,33.86253],[-87.28501,33.85671],[-87.28312,33.85657],[-87.28277,33.85476],[-87.27962,33.85419],[-87.2797,33.85158],[-87.28192,33.85028],[-87.28131,33.84907],[-87.28975,33.84839],[-87.29923,33.85192],[-87.30216,33.85251],[-87.30379,33.85621],[-87.30768,33.86048],[-87.3134,33.8595],[-87.30953,33.85673],[-87.31328,33.85691],[-87.31439,33.85395],[-87.33762,33.85515],[-87.3376,33.85636],[-87.34531,33.8564],[-87.35171,33.8577],[-87.3758,33.85895],[-87.3873,33.86213],[-87.39213,33.8632],[-87.3999,33.86395],[-87.39893,33.86796],[-87.39994,33.8694],[-87.3982,33.87178]]]}},{"type":"Feature","properties":{"zcta":"35549","d":12},"geometry":{"type":"Polygon","coordinates":[[[-87.6525,33.83535],[-87.64791,33.83489],[-87.64126,33.83761],[-87.63713,33.84009],[-87.63424,33.84072],[-87.62866,33.84052],[-87.62422,33.8417],[-87.61873,33.84106],[-87.61518,33.84286],[-87.61398,33.84543],[-87.60962,33.84639],[-87.60965,33.85381],[-87.60787,33.85589],[-87.6009,33.85577],[-87.60104,33.863],[-87.60298,33.86823],[-87.60963,33.86658],[-87.61001,33.86965],[-87.61176,33.87118],[-87.61198,33.87337],[-87.61049,33.87866],[-87.61234,33.88179],[-87.61052,33.88312],[-87.60981,33.88529],[-87.61144,33.88724],[-87.61056,33.89064],[-87.61422,33.89384],[-87.61402,33.90035],[-87.61325,33.90208],[-87.61384,33.90464],[-87.61559,33.90672],[-87.6134,33.91101],[-87.61494,33.91757],[-87.61447,33.92221],[-87.60292,33.92511],[-87.60139,33.92507],[-87.6085,33.92773],[-87.6072,33.93586],[-87.58887,33.93558],[-87.58828,33.93716],[-87.58046,33.94205],[-87.56643,33.9416],[-87.55703,33.93976],[-87.53563,33.93285],[-87.52865,33.9278],[-87.52724,33.92783],[-87.53136,33.93115],[-87.53138,33.93518],[-87.52675,33.93873],[-87.52639,33.93565],[-87.52476,33.93939],[-87.52238,33.93787],[-87.52202,33.93479],[-87.52051,33.93496],[-87.52074,33.93173],[-87.51821,33.92939],[-87.52075,33.92719],[-87.51933,33.92521],[-87.51937,33.92089],[-87.5142,33.9172],[-87.5018,33.91067],[-87.49384,33.90868],[-87.4896,33.9094],[-87.48578,33.91324],[-87.4781,33.91843],[-87.47381,33.92305],[-87.46919,33.92364],[-87.46365,33.92347],[-87.45903,33.92135],[-87.45405,33.9173],[-87.45258,33.91494],[-87.44722,33.91158],[-87.44258,33.9106],[-87.43655,33.91026],[-87.43128,33.90805],[-87.43127,33.90603],[-87.42682,33.90603],[-87.42677,33.89378],[-87.4181,33.89369],[-87.41453,33.89468],[-87.41066,33.89372],[-87.41066,33.89056],[-87.41201,33.88563],[-87.4099,33.88341],[-87.40962,33.87888],[-87.40842,33.87253],[-87.40512,33.86776],[-87.40459,33.86427],[-87.4085,33.86478],[-87.41275,33.86718],[-87.41881,33.86617],[-87.41938,33.86215],[-87.41918,33.85825],[-87.42014,33.85555],[-87.42214,33.85405],[-87.42372,33.85054],[-87.42338,33.84822],[-87.42046,33.8468],[-87.421,33.84072],[-87.42428,33.84269],[-87.42812,33.84777],[-87.43228,33.85165],[-87.43863,33.85501],[-87.44428,33.85441],[-87.44649,33.85297],[-87.44787,33.85581],[-87.4784,33.86173],[-87.48804,33.86468],[-87.48903,33.86345],[-87.49247,33.86289],[-87.49281,33.86605],[-87.50065,33.86823],[-87.50065,33.8666],[-87.5049,33.8666],[-87.50491,33.86984],[-87.50949,33.86984],[-87.5095,33.87125],[-87.5152,33.87319],[-87.5204,33.87395],[-87.52233,33.87299],[-87.52485,33.8701],[-87.52635,33.86995],[-87.53036,33.8718],[-87.53393,33.87115],[-87.5345,33.86885],[-87.53629,33.86776],[-87.5316,33.86762],[-87.53112,33.8135],[-87.52922,33.81351],[-87.52341,33.81174],[-87.52003,33.81347],[-87.51958,33.81543],[-87.51609,33.81758],[-87.51167,33.81846],[-87.50732,33.81751],[-87.50466,33.81933],[-87.50316,33.81851],[-87.49972,33.81928],[-87.49943,33.81514],[-87.49793,33.81397],[-87.49643,33.81044],[-87.49683,33.80797],[-87.49483,33.80721],[-87.49424,33.80379],[-87.49485,33.80187],[-87.49297,33.79886],[-87.49971,33.79834],[-87.50919,33.79273],[-87.5067,33.79055],[-87.50418,33.79164],[-87.50491,33.79319],[-87.50229,33.79374],[-87.5008,33.79554],[-87.50223,33.7965],[-87.49953,33.79791],[-87.4957,33.79696],[-87.49347,33.79849],[-87.49197,33.79722],[-87.48947,33.79729],[-87.48483,33.79523],[-87.48175,33.79486],[-87.48169,33.79293],[-87.47966,33.791],[-87.47785,33.79208],[-87.4752,33.79159],[-87.47443,33.7884],[-87.47473,33.78551],[-87.47234,33.78567],[-87.47106,33.7819],[-87.47363,33.78193],[-87.47012,33.7761],[-87.47242,33.77503],[-87.46965,33.77291],[-87.4681,33.77024],[-87.4685,33.76879],[-87.46575,33.76724],[-87.46616,33.76599],[-87.46282,33.76306],[-87.45953,33.76228],[-87.45938,33.75953],[-87.46101,33.75842],[-87.46098,33.75638],[-87.45877,33.75607],[-87.45996,33.75363],[-87.45832,33.75144],[-87.46034,33.75012],[-87.45796,33.74833],[-87.46103,33.74455],[-87.46021,33.73871],[-87.46425,33.73868],[-87.46401,33.74262],[-87.4662,33.74527],[-87.47114,33.74704],[-87.47052,33.75049],[-87.47181,33.75407],[-87.47571,33.75602],[-87.48212,33.75748],[-87.48316,33.75894],[-87.48786,33.75963],[-87.49025,33.76201],[-87.4887,33.76491],[-87.48899,33.76683],[-87.49121,33.76955],[-87.49386,33.77086],[-87.49586,33.77954],[-87.49868,33.78289],[-87.50592,33.78328],[-87.508,33.77966],[-87.51162,33.77823],[-87.51338,33.77906],[-87.51661,33.77648],[-87.52086,33.7749],[-87.52211,33.77656],[-87.52713,33.77552],[-87.52635,33.7722],[-87.52727,33.76701],[-87.52581,33.76388],[-87.52992,33.76167],[-87.52931,33.72302],[-87.53119,33.7205],[-87.53691,33.71995],[-87.53946,33.71793],[-87.54962,33.71187],[-87.55461,33.71056],[-87.55564,33.71704],[-87.55385,33.72113],[-87.55444,33.7225],[-87.55842,33.72614],[-87.55964,33.73213],[-87.55589,33.73505],[-87.555,33.73801],[-87.55049,33.7409],[-87.55332,33.74171],[-87.55672,33.74029],[-87.56366,33.74325],[-87.56862,33.7438],[-87.57713,33.74542],[-87.58184,33.74547],[-87.58467,33.74794],[-87.59088,33.74791],[-87.5882,33.74336],[-87.58934,33.7401],[-87.58676,33.73549],[-87.58976,33.73351],[-87.59063,33.73116],[-87.59237,33.73198],[-87.59522,33.72993],[-87.59726,33.72552],[-87.59714,33.72015],[-87.60113,33.71761],[-87.60297,33.71833],[-87.60664,33.71675],[-87.6109,33.71818],[-87.61698,33.7256],[-87.62214,33.7307],[-87.62204,33.73232],[-87.62482,33.73204],[-87.62955,33.73366],[-87.62957,33.73543],[-87.63134,33.73484],[-87.63769,33.7376],[-87.639,33.74083],[-87.64265,33.74444],[-87.64447,33.74499],[-87.6472,33.73949],[-87.64998,33.73748],[-87.65398,33.7555],[-87.65,33.75501],[-87.64922,33.75777],[-87.65046,33.76179],[-87.65459,33.76835],[-87.65493,33.76981],[-87.65136,33.77608],[-87.64825,33.77736],[-87.6473,33.77948],[-87.6443,33.78152],[-87.64313,33.78565],[-87.64092,33.78951],[-87.63738,33.79343],[-87.63728,33.79457],[-87.64081,33.80201],[-87.6396,33.80598],[-87.63708,33.80675],[-87.63206,33.81157],[-87.62633,33.81299],[-87.62488,33.81572],[-87.62476,33.81992],[-87.62278,33.82205],[-87.6236,33.8247],[-87.62561,33.82403],[-87.62897,33.82549],[-87.63288,33.82508],[-87.63836,33.82668],[-87.64184,33.82624],[-87.64228,33.82521],[-87.64561,33.82702],[-87.65234,33.82777],[-87.65289,33.82676],[-87.65747,33.82573],[-87.65704,33.82716],[-87.6525,33.83535]],[[-87.54915,33.90191],[-87.55191,33.90186],[-87.55034,33.90067],[-87.54915,33.90191]]]}},{"type":"Feature","properties":{"zcta":"35013","d":0},"geometry":{"type":"Polygon","coordinates":[[[-86.51924,33.90235],[-86.51788,33.90367],[-86.51663,33.90058],[-86.5192,33.9002],[-86.51924,33.90235]]]}},{"type":"Feature","properties":{"zcta":"35040","d":118},"geometry":{"type":"Polygon","coordinates":[[[-86.79471,33.16832],[-86.79354,33.16622],[-86.789,33.16606],[-86.78978,33.16922],[-86.78284,33.16886],[-86.77693,33.1659],[-86.77734,33.1695],[-86.77975,33.16954],[-86.78747,33.18451],[-86.7799,33.18426],[-86.77928,33.19157],[-86.77506,33.19135],[-86.76945,33.18105],[-86.76242,33.18067],[-86.76439,33.18534],[-86.76743,33.1874],[-86.76435,33.18726],[-86.76226,33.18373],[-86.76,33.18469],[-86.75922,33.1835],[-86.74382,33.18312],[-86.74402,33.19018],[-86.73968,33.19015],[-86.73963,33.18302],[-86.73326,33.18287],[-86.727,33.18267],[-86.72702,33.18003],[-86.72486,33.17981],[-86.72184,33.17816],[-86.71993,33.17915],[-86.71903,33.18167],[-86.71709,33.18313],[-86.71843,33.18497],[-86.71344,33.18833],[-86.70995,33.18553],[-86.69927,33.18415],[-86.69922,33.17955],[-86.69782,33.17794],[-86.69535,33.17851],[-86.69361,33.17668],[-86.68964,33.17643],[-86.68732,33.17333],[-86.68757,33.17126],[-86.70624,33.16482],[-86.70263,33.16401],[-86.69918,33.15963],[-86.69543,33.1524],[-86.69346,33.15188],[-86.69029,33.15353],[-86.68561,33.15331],[-86.6841,33.15059],[-86.6841,33.14677],[-86.68249,33.14676],[-86.67959,33.14915],[-86.67636,33.15643],[-86.67449,33.1548],[-86.6745,33.1494],[-86.67074,33.14923],[-86.67479,33.14589],[-86.67989,33.14403],[-86.67405,33.14085],[-86.67168,33.14111],[-86.66575,33.13955],[-86.66215,33.13774],[-86.65684,33.1329],[-86.65514,33.13225],[-86.65128,33.13407],[-86.64912,33.13425],[-86.64799,33.13055],[-86.64506,33.1277],[-86.64246,33.12642],[-86.639,33.12311],[-86.6372,33.12015],[-86.63705,33.11469],[-86.64075,33.11538],[-86.64087,33.11361],[-86.63587,33.1092],[-86.63923,33.10864],[-86.64066,33.10572],[-86.63882,33.1041],[-86.64074,33.10291],[-86.63851,33.09993],[-86.63273,33.09657],[-86.6301,33.09639],[-86.62639,33.0974],[-86.62618,33.09576],[-86.62779,33.0943],[-86.62723,33.09254],[-86.61642,33.08952],[-86.61536,33.08478],[-86.61349,33.08152],[-86.61021,33.07781],[-86.60753,33.0765],[-86.60635,33.07706],[-86.6034,33.07311],[-86.60534,33.0721],[-86.6084,33.07243],[-86.61014,33.07],[-86.63406,33.06982],[-86.67982,33.06949],[-86.73025,33.06927],[-86.7289,33.06482],[-86.72621,33.04232],[-86.72459,33.03678],[-86.71749,33.02348],[-86.71765,33.02121],[-86.72123,33.02107],[-86.72361,33.01899],[-86.72516,33.02026],[-86.72976,33.02137],[-86.73165,33.01875],[-86.7396,33.01869],[-86.74426,33.02266],[-86.74546,33.02277],[-86.74917,33.0203],[-86.75264,33.01887],[-86.7558,33.0149],[-86.75799,33.01471],[-86.76034,33.01609],[-86.76286,33.01628],[-86.76502,33.01965],[-86.76478,33.02294],[-86.76611,33.02039],[-86.76951,33.01792],[-86.77356,33.01177],[-86.7749,33.00692],[-86.77469,33.00489],[-86.77649,33.00106],[-86.77748,33.00151],[-86.77442,33.01295],[-86.77324,33.0162],[-86.76946,33.02272],[-86.7716,33.02207],[-86.77606,33.01074],[-86.78498,33.01059],[-86.78479,33.01429],[-86.7888,33.0142],[-86.78877,33.01626],[-86.79213,33.0149],[-86.79301,33.01805],[-86.79341,33.0249],[-86.79436,33.03265],[-86.79322,33.03261],[-86.79322,33.0362],[-86.78856,33.0363],[-86.78866,33.04662],[-86.78468,33.04846],[-86.7836,33.0501],[-86.78375,33.05386],[-86.78158,33.05627],[-86.78111,33.06047],[-86.77744,33.06298],[-86.77371,33.06444],[-86.7716,33.06444],[-86.76739,33.06716],[-86.77174,33.06917],[-86.78938,33.06889],[-86.78969,33.06386],[-86.79056,33.06152],[-86.80033,33.06153],[-86.80268,33.06263],[-86.8031,33.06881],[-86.79876,33.06887],[-86.79847,33.07626],[-86.80771,33.07622],[-86.8078,33.0798],[-86.80313,33.07988],[-86.80318,33.08172],[-86.80785,33.08168],[-86.80789,33.08353],[-86.81218,33.08343],[-86.8122,33.08521],[-86.80791,33.08528],[-86.80793,33.08712],[-86.81222,33.08702],[-86.81228,33.09147],[-86.80976,33.09167],[-86.80986,33.0929],[-86.80667,33.09315],[-86.80657,33.09601],[-86.81095,33.09777],[-86.81315,33.1037],[-86.81028,33.10965],[-86.80992,33.11355],[-86.82371,33.11764],[-86.82125,33.1207],[-86.8124,33.12435],[-86.80668,33.12802],[-86.80208,33.12867],[-86.79988,33.12984],[-86.79991,33.12612],[-86.79672,33.12599],[-86.79668,33.12962],[-86.78307,33.12892],[-86.78301,33.13262],[-86.77844,33.13242],[-86.77842,33.13599],[-86.77598,33.13758],[-86.77919,33.14201],[-86.77825,33.14352],[-86.77877,33.15099],[-86.78571,33.15121],[-86.78564,33.14746],[-86.78711,33.14737],[-86.79256,33.14426],[-86.79382,33.14659],[-86.7921,33.14663],[-86.79198,33.16282],[-86.79647,33.16299],[-86.7965,33.16851],[-86.79471,33.16832]]]}},{"type":"Feature","properties":{"zcta":"35119","d":0},"geometry":{"type":"MultiPolygon","coordinates":[[[[-86.77266,33.6475],[-86.77055,33.64799],[-86.77218,33.64607],[-86.77266,33.6475]]],[[[-86.777,33.64645],[-86.77578,33.64737],[-86.77622,33.64579],[-86.777,33.64645]]],[[[-86.78163,33.63114],[-86.78349,33.63353],[-86.78157,33.63689],[-86.77661,33.64278],[-86.7748,33.64206],[-86.77528,33.64012],[-86.78163,33.63114]]]]}},{"type":"Feature","properties":{"zcta":"35124","d":296},"geometry":{"type":"Polygon","coordinates":[[[-86.8177,33.33187],[-86.81766,33.33522],[-86.81334,33.33514],[-86.81321,33.34499],[-86.81236,33.34587],[-86.80909,33.34572],[-86.80461,33.34378],[-86.80402,33.34191],[-86.79919,33.3447],[-86.79538,33.34197],[-86.79592,33.3461],[-86.79155,33.34722],[-86.78721,33.34956],[-86.78719,33.34529],[-86.7801,33.34528],[-86.77861,33.35426],[-86.77349,33.35801],[-86.76993,33.35934],[-86.76556,33.35926],[-86.76558,33.36281],[-86.7604,33.36279],[-86.75688,33.36459],[-86.75686,33.36623],[-86.75255,33.36626],[-86.75258,33.36971],[-86.75039,33.36965],[-86.75038,33.37143],[-86.74694,33.36954],[-86.74476,33.37122],[-86.74645,33.3732],[-86.74392,33.37312],[-86.74387,33.37645],[-86.73948,33.37669],[-86.73946,33.37767],[-86.73492,33.37983],[-86.73419,33.379],[-86.73792,33.37616],[-86.73846,33.37396],[-86.73517,33.37391],[-86.73455,33.36844],[-86.73153,33.36798],[-86.73522,33.36147],[-86.73953,33.36574],[-86.74391,33.36582],[-86.74389,33.36424],[-86.74057,33.36474],[-86.73944,33.36238],[-86.74109,33.36086],[-86.7374,33.35914],[-86.73744,33.35162],[-86.73796,33.35106],[-86.73252,33.35102],[-86.72903,33.35465],[-86.7265,33.35459],[-86.72648,33.35821],[-86.72215,33.35808],[-86.72214,33.35885],[-86.71801,33.36146],[-86.71376,33.36123],[-86.71339,33.36499],[-86.70907,33.36835],[-86.70906,33.37009],[-86.70702,33.37146],[-86.7072,33.37306],[-86.70473,33.37557],[-86.70035,33.3755],[-86.70002,33.37912],[-86.69805,33.37906],[-86.69262,33.38438],[-86.69155,33.38618],[-86.68733,33.38627],[-86.68734,33.38989],[-86.68295,33.38995],[-86.68296,33.38637],[-86.6742,33.38655],[-86.67423,33.38288],[-86.67873,33.38277],[-86.67867,33.37537],[-86.68301,33.37529],[-86.68294,33.36799],[-86.6873,33.36793],[-86.6873,33.36433],[-86.69163,33.36428],[-86.69161,33.34263],[-86.70028,33.34278],[-86.70039,33.3392],[-86.70475,33.33929],[-86.70477,33.33197],[-86.71019,33.33204],[-86.71015,33.32839],[-86.71791,33.32865],[-86.71795,33.32497],[-86.72233,33.32514],[-86.72241,33.31797],[-86.71974,33.31528],[-86.71371,33.31464],[-86.71813,33.31062],[-86.72026,33.31068],[-86.72001,33.30814],[-86.71327,33.30725],[-86.71914,33.30299],[-86.73244,33.29485],[-86.73897,33.29002],[-86.74429,33.2856],[-86.74433,33.28207],[-86.73646,33.2819],[-86.73223,33.27495],[-86.73452,33.27003],[-86.73209,33.26711],[-86.72715,33.26706],[-86.72671,33.25949],[-86.72698,33.25421],[-86.72702,33.25247],[-86.75179,33.25308],[-86.76175,33.24719],[-86.7617,33.25342],[-86.76812,33.25373],[-86.77247,33.25314],[-86.77255,33.25025],[-86.77747,33.25036],[-86.77625,33.25188],[-86.77895,33.25092],[-86.77985,33.24779],[-86.78255,33.24504],[-86.78533,33.24342],[-86.78751,33.2435],[-86.78921,33.24598],[-86.78713,33.25061],[-86.78535,33.25059],[-86.78305,33.25255],[-86.78293,33.26648],[-86.78776,33.26271],[-86.79039,33.26226],[-86.79923,33.26532],[-86.80003,33.27784],[-86.80255,33.27846],[-86.8034,33.27698],[-86.80112,33.27424],[-86.8023,33.2723],[-86.80136,33.26786],[-86.80247,33.26625],[-86.80105,33.26544],[-86.80498,33.26556],[-86.80496,33.2619],[-86.80838,33.26204],[-86.81086,33.26351],[-86.81621,33.26444],[-86.81884,33.26745],[-86.81593,33.26899],[-86.81607,33.27157],[-86.82396,33.27176],[-86.82383,33.28441],[-86.82645,33.28444],[-86.82643,33.28743],[-86.82762,33.28903],[-86.83145,33.29074],[-86.83229,33.29322],[-86.83567,33.29285],[-86.83503,33.2947],[-86.83694,33.29647],[-86.83422,33.29775],[-86.82979,33.29656],[-86.82641,33.29647],[-86.82634,33.30262],[-86.82196,33.30262],[-86.82195,33.30688],[-86.82465,33.30798],[-86.82194,33.31443],[-86.82021,33.31609],[-86.81985,33.32034],[-86.81777,33.32429],[-86.81482,33.32791],[-86.82202,33.32794],[-86.82304,33.32541],[-86.82632,33.3255],[-86.82633,33.3246],[-86.83074,33.3247],[-86.83069,33.3318],[-86.83226,33.33203],[-86.8177,33.33187]]]}},{"type":"Feature","properties":{"zcta":"35120","d":111},"geometry":{"type":"Polygon","coordinates":[[[-86.49899,33.7276],[-86.49954,33.72476],[-86.49379,33.72748],[-86.49234,33.73087],[-86.4911,33.73062],[-86.4922,33.72792],[-86.48965,33.72751],[-86.4924,33.72166],[-86.48119,33.72179],[-86.48116,33.72307],[-86.47586,33.72322],[-86.47539,33.72871],[-86.47632,33.73065],[-86.47429,33.73139],[-86.47336,33.72937],[-86.47246,33.73216],[-86.47403,33.73497],[-86.47232,33.73546],[-86.47136,33.73373],[-86.46761,33.73346],[-86.46303,33.728],[-86.45936,33.72795],[-86.45928,33.72423],[-86.45636,33.72292],[-86.45527,33.72386],[-86.45531,33.72801],[-86.45091,33.72827],[-86.45205,33.7304],[-86.4498,33.72993],[-86.4489,33.72673],[-86.45081,33.72274],[-86.45074,33.72021],[-86.4458,33.71856],[-86.44661,33.7248],[-86.44187,33.72477],[-86.44187,33.72618],[-86.42906,33.72581],[-86.42904,33.72191],[-86.42087,33.72096],[-86.41384,33.71942],[-86.41411,33.72472],[-86.41213,33.72834],[-86.40934,33.72722],[-86.40923,33.71945],[-86.40746,33.71979],[-86.40157,33.7138],[-86.40082,33.71053],[-86.40344,33.7049],[-86.39989,33.70943],[-86.39721,33.7108],[-86.39513,33.71476],[-86.39351,33.72155],[-86.39056,33.72236],[-86.38881,33.72483],[-86.38849,33.72777],[-86.38716,33.72969],[-86.38906,33.73163],[-86.38469,33.73312],[-86.38242,33.73575],[-86.37729,33.73518],[-86.36441,33.73262],[-86.36039,33.73054],[-86.35711,33.72658],[-86.36069,33.72454],[-86.36082,33.72257],[-86.36328,33.71898],[-86.36332,33.72104],[-86.37197,33.7209],[-86.36946,33.71969],[-86.37652,33.71527],[-86.37731,33.71171],[-86.3795,33.71019],[-86.37651,33.71019],[-86.37643,33.70642],[-86.3751,33.70657],[-86.35085,33.70667],[-86.35106,33.7034],[-86.3378,33.70324],[-86.33779,33.69239],[-86.30955,33.69329],[-86.30703,33.69272],[-86.30568,33.68965],[-86.30364,33.68743],[-86.30108,33.6864],[-86.29863,33.68689],[-86.29599,33.68505],[-86.29982,33.68512],[-86.30629,33.68357],[-86.31635,33.67799],[-86.31892,33.67715],[-86.3223,33.6773],[-86.32188,33.67599],[-86.32347,33.6704],[-86.32646,33.66653],[-86.32964,33.66427],[-86.33467,33.65891],[-86.33682,33.65369],[-86.35048,33.65368],[-86.34862,33.65202],[-86.35058,33.64847],[-86.35263,33.64685],[-86.35287,33.64505],[-86.35774,33.64285],[-86.36413,33.64168],[-86.36986,33.63978],[-86.36801,33.62266],[-86.37076,33.62217],[-86.36949,33.62106],[-86.37183,33.61808],[-86.37235,33.61522],[-86.38574,33.61484],[-86.38633,33.60517],[-86.3885,33.60471],[-86.39211,33.59907],[-86.41744,33.59802],[-86.41716,33.59314],[-86.4256,33.59112],[-86.42931,33.58963],[-86.4427,33.58288],[-86.45043,33.58094],[-86.45627,33.57898],[-86.45948,33.57868],[-86.46204,33.57902],[-86.46129,33.58064],[-86.45754,33.58434],[-86.45936,33.58763],[-86.45282,33.59362],[-86.45423,33.59662],[-86.45336,33.59782],[-86.45571,33.60005],[-86.45382,33.60151],[-86.45153,33.60848],[-86.44851,33.61066],[-86.4503,33.61329],[-86.45482,33.61525],[-86.45408,33.61694],[-86.45582,33.61938],[-86.46015,33.62091],[-86.4604,33.62258],[-86.46423,33.62262],[-86.46422,33.62618],[-86.46617,33.62612],[-86.46818,33.62871],[-86.46441,33.63297],[-86.49373,33.63364],[-86.49374,33.63754],[-86.48967,33.63754],[-86.48905,33.63998],[-86.4926,33.63863],[-86.49602,33.63995],[-86.49708,33.64138],[-86.49672,33.64363],[-86.49418,33.64625],[-86.48681,33.65896],[-86.48225,33.66473],[-86.4861,33.66841],[-86.48856,33.66624],[-86.49182,33.66006],[-86.493,33.65983],[-86.49613,33.65556],[-86.49578,33.6517],[-86.49885,33.64843],[-86.50233,33.64834],[-86.50248,33.64094],[-86.50812,33.64098],[-86.50973,33.63726],[-86.5135,33.63727],[-86.50808,33.64644],[-86.50634,33.65045],[-86.50431,33.65305],[-86.50304,33.65617],[-86.50366,33.65713],[-86.50113,33.65976],[-86.50328,33.65969],[-86.5033,33.67541],[-86.50722,33.67538],[-86.50726,33.67763],[-86.50331,33.67761],[-86.50331,33.68122],[-86.50784,33.68129],[-86.50752,33.68848],[-86.50919,33.68908],[-86.50845,33.69223],[-86.50684,33.69239],[-86.50681,33.69556],[-86.50922,33.69825],[-86.50622,33.699],[-86.50316,33.70284],[-86.50382,33.70692],[-86.50845,33.70695],[-86.50937,33.70274],[-86.51087,33.70397],[-86.51311,33.70202],[-86.51681,33.70278],[-86.51586,33.70655],[-86.50573,33.72158],[-86.50822,33.72157],[-86.50797,33.723],[-86.49899,33.7276]],[[-86.48228,33.67899],[-86.47982,33.67988],[-86.47619,33.68464],[-86.47344,33.68616],[-86.47004,33.69022],[-86.4659,33.69727],[-86.45701,33.70264],[-86.45534,33.70435],[-86.4553,33.70703],[-86.46438,33.70692],[-86.46438,33.70237],[-86.46723,33.70234],[-86.46644,33.70477],[-86.46717,33.70887],[-86.46738,33.70325],[-86.46827,33.69957],[-86.47586,33.69963],[-86.48252,33.6884],[-86.48563,33.68422],[-86.48662,33.6815],[-86.48228,33.67899]]]}},{"type":"Feature","properties":{"zcta":"35031","d":24},"geometry":{"type":"Polygon","coordinates":[[[-86.7033,34.05914],[-86.69957,34.06109],[-86.69598,34.06156],[-86.69593,34.0579],[-86.69284,34.05629],[-86.69034,34.05355],[-86.68693,34.05202],[-86.68455,34.0539],[-86.68441,34.05751],[-86.68536,34.05914],[-86.69175,34.06512],[-86.69326,34.06818],[-86.69686,34.07227],[-86.70086,34.07776],[-86.70404,34.07972],[-86.70436,34.08135],[-86.69535,34.08714],[-86.69206,34.09265],[-86.6883,34.0926],[-86.68765,34.0891],[-86.6887,34.08628],[-86.68775,34.08406],[-86.6877,34.08073],[-86.6856,34.07963],[-86.68288,34.08236],[-86.67555,34.08535],[-86.67399,34.08769],[-86.67189,34.08827],[-86.66875,34.08376],[-86.66433,34.08704],[-86.65876,34.09],[-86.65682,34.09165],[-86.65452,34.09893],[-86.65467,34.10339],[-86.65345,34.10722],[-86.6512,34.10836],[-86.64473,34.10855],[-86.64193,34.10665],[-86.63979,34.10634],[-86.63843,34.1085],[-86.64025,34.11257],[-86.6372,34.11511],[-86.63208,34.11696],[-86.62751,34.12049],[-86.62291,34.1226],[-86.62077,34.12217],[-86.61611,34.11796],[-86.6138,34.11375],[-86.61175,34.11362],[-86.60818,34.11536],[-86.60614,34.11801],[-86.60115,34.11904],[-86.59928,34.12047],[-86.59978,34.12172],[-86.6027,34.12274],[-86.6043,34.12518],[-86.60143,34.12842],[-86.59898,34.13327],[-86.59473,34.13544],[-86.58908,34.13617],[-86.58766,34.13738],[-86.58878,34.14241],[-86.59064,34.14593],[-86.58919,34.14714],[-86.58525,34.1454],[-86.58379,34.14678],[-86.58413,34.15048],[-86.58273,34.15312],[-86.58002,34.15581],[-86.57561,34.1577],[-86.57352,34.16297],[-86.57397,34.16544],[-86.56982,34.16801],[-86.567,34.17078],[-86.56385,34.17049],[-86.56066,34.17497],[-86.55697,34.17885],[-86.54999,34.18126],[-86.54655,34.18429],[-86.54521,34.18727],[-86.55083,34.18662],[-86.55211,34.18786],[-86.55494,34.18792],[-86.55669,34.19309],[-86.54971,34.19816],[-86.54907,34.2002],[-86.55433,34.20516],[-86.55028,34.2056],[-86.54719,34.20886],[-86.54338,34.21081],[-86.54256,34.21298],[-86.54522,34.21375],[-86.54725,34.21613],[-86.54383,34.21582],[-86.54185,34.21747],[-86.53905,34.22148],[-86.53821,34.22422],[-86.54011,34.22577],[-86.53532,34.22583],[-86.53399,34.22408],[-86.52968,34.22476],[-86.52453,34.22315],[-86.5152,34.22748],[-86.51147,34.22823],[-86.50695,34.23093],[-86.50592,34.23396],[-86.50219,34.23575],[-86.49568,34.23562],[-86.49445,34.23682],[-86.49379,34.22576],[-86.49251,34.22581],[-86.48742,34.23433],[-86.4864,34.23678],[-86.48246,34.23483],[-86.47885,34.23457],[-86.48148,34.23377],[-86.48424,34.23079],[-86.4842,34.22921],[-86.48796,34.22532],[-86.49041,34.22425],[-86.49115,34.22229],[-86.49355,34.22192],[-86.4926,34.20595],[-86.49291,34.20297],[-86.46432,34.20562],[-86.44049,34.21366],[-86.43668,34.21381],[-86.43372,34.21178],[-86.43176,34.2124],[-86.43214,34.21401],[-86.41761,34.21452],[-86.41483,34.21222],[-86.41672,34.20898],[-86.42461,34.20303],[-86.42946,34.20223],[-86.43219,34.2003],[-86.43346,34.19542],[-86.44021,34.18736],[-86.4449,34.18459],[-86.44646,34.18198],[-86.44633,34.15817],[-86.45518,34.15813],[-86.45501,34.15238],[-86.45678,34.15377],[-86.46402,34.1574],[-86.46973,34.15682],[-86.47199,34.15472],[-86.4745,34.14904],[-86.48082,34.14199],[-86.48115,34.13826],[-86.48359,34.13291],[-86.48751,34.12908],[-86.48124,34.12656],[-86.4803,34.11899],[-86.47803,34.11408],[-86.4767,34.1128],[-86.47378,34.10723],[-86.47361,34.10365],[-86.46347,34.10486],[-86.45958,34.09942],[-86.45412,34.09911],[-86.45209,34.09527],[-86.45122,34.09066],[-86.449,34.08798],[-86.44541,34.08721],[-86.44258,34.08902],[-86.44191,34.0905],[-86.43305,34.08951],[-86.43306,34.08455],[-86.42856,34.08355],[-86.42837,34.07119],[-86.43331,34.07052],[-86.43277,34.06437],[-86.43368,34.05986],[-86.43968,34.05815],[-86.44704,34.05804],[-86.45164,34.05632],[-86.45649,34.05619],[-86.46182,34.05703],[-86.46521,34.05484],[-86.46715,34.05443],[-86.46228,34.04873],[-86.46279,34.04759],[-86.462,34.04169],[-86.46349,34.03952],[-86.46477,34.04078],[-86.46824,34.0414],[-86.46963,34.04028],[-86.46781,34.03812],[-86.46369,34.03854],[-86.46375,34.03101],[-86.46813,34.03101],[-86.46817,34.02012],[-86.47559,34.02008],[-86.4757,34.01643],[-86.48536,34.01645],[-86.48544,34.00638],[-86.48601,34.00513],[-86.48268,34.00371],[-86.48034,34.00451],[-86.47973,34.00279],[-86.48291,34.00149],[-86.4931,34.00086],[-86.49241,33.99817],[-86.4956,33.99657],[-86.49916,33.99843],[-86.50311,33.99843],[-86.50753,33.99668],[-86.50744,33.99814],[-86.5095,33.99893],[-86.51584,33.99256],[-86.51962,33.99454],[-86.52047,33.99811],[-86.52265,33.99834],[-86.53669,33.99834],[-86.53665,33.99397],[-86.53461,33.99344],[-86.53083,33.99396],[-86.53117,33.99266],[-86.54109,33.9921],[-86.54132,34.00404],[-86.53729,34.00672],[-86.53658,34.0082],[-86.5341,34.00928],[-86.52852,34.01297],[-86.52725,34.01473],[-86.52487,34.01508],[-86.53429,34.01735],[-86.53779,34.01645],[-86.5407,34.01895],[-86.54276,34.02467],[-86.53761,34.02903],[-86.53313,34.0311],[-86.5292,34.03422],[-86.53068,34.0372],[-86.53125,34.04203],[-86.53025,34.04392],[-86.53242,34.04511],[-86.54225,34.04587],[-86.54232,34.04879],[-86.54384,34.05027],[-86.5388,34.05253],[-86.54037,34.05389],[-86.5416,34.0571],[-86.54443,34.05819],[-86.55054,34.05466],[-86.55283,34.05256],[-86.55379,34.05004],[-86.55287,34.04351],[-86.55311,34.04033],[-86.5555,34.03397],[-86.5605,34.02587],[-86.56288,34.02411],[-86.56454,34.02511],[-86.56552,34.03096],[-86.5667,34.03268],[-86.56903,34.03308],[-86.57142,34.03171],[-86.57252,34.02901],[-86.57184,34.02634],[-86.56872,34.02469],[-86.56879,34.01925],[-86.57033,34.01874],[-86.57425,34.02436],[-86.58095,34.02165],[-86.58361,34.0224],[-86.586,34.02187],[-86.58645,34.01965],[-86.58356,34.01644],[-86.58306,34.01392],[-86.58442,34.01179],[-86.58694,34.0111],[-86.58958,34.01307],[-86.59091,34.01269],[-86.59515,34.01725],[-86.59531,34.02002],[-86.59276,34.0204],[-86.59616,34.02402],[-86.59965,34.024],[-86.59964,34.03138],[-86.604,34.03141],[-86.60638,34.0268],[-86.60921,34.02785],[-86.60843,34.0307],[-86.60566,34.03522],[-86.60824,34.03554],[-86.61396,34.03389],[-86.61468,34.03775],[-86.61616,34.04038],[-86.62141,34.04402],[-86.62326,34.04641],[-86.62488,34.04651],[-86.62974,34.04489],[-86.6321,34.04294],[-86.64316,34.04305],[-86.64584,34.04107],[-86.64947,34.03964],[-86.65228,34.04048],[-86.6524,34.03351],[-86.64813,34.0329],[-86.6542,34.02713],[-86.65697,34.02302],[-86.65647,34.02117],[-86.6654,34.02143],[-86.67012,34.02036],[-86.67265,34.02113],[-86.67409,34.02346],[-86.67435,34.02737],[-86.67346,34.03218],[-86.67554,34.03543],[-86.6758,34.04113],[-86.68833,34.03237],[-86.69447,34.02663],[-86.69858,34.02467],[-86.69877,34.02655],[-86.70068,34.02712],[-86.70311,34.03027],[-86.70577,34.03148],[-86.70158,34.0355],[-86.70082,34.03725],[-86.7014,34.03992],[-86.70477,34.04272],[-86.70722,34.04388],[-86.70932,34.04788],[-86.70623,34.05315],[-86.70625,34.05383],[-86.7033,34.05914]]]}},{"type":"Feature","properties":{"zcta":"35079","d":36},"geometry":{"type":"Polygon","coordinates":[[[-86.95967,33.85797],[-86.95939,33.85932],[-86.96111,33.86409],[-86.96327,33.86662],[-86.96285,33.86759],[-86.95649,33.86549],[-86.95349,33.864],[-86.95008,33.86132],[-86.94766,33.86191],[-86.95227,33.86712],[-86.95281,33.86963],[-86.95144,33.8715],[-86.94571,33.86705],[-86.94307,33.86657],[-86.93232,33.86729],[-86.92661,33.87104],[-86.92369,33.87222],[-86.92054,33.87242],[-86.9202,33.87345],[-86.92417,33.87647],[-86.92416,33.87766],[-86.92146,33.88069],[-86.91982,33.88462],[-86.92065,33.88804],[-86.92116,33.89491],[-86.92671,33.89691],[-86.92741,33.89785],[-86.92705,33.90162],[-86.9257,33.9074],[-86.92439,33.90922],[-86.921,33.91113],[-86.91693,33.91537],[-86.91446,33.91564],[-86.91175,33.91383],[-86.90773,33.91277],[-86.90015,33.91516],[-86.89261,33.91652],[-86.8866,33.91693],[-86.88353,33.9223],[-86.88319,33.92472],[-86.88459,33.93062],[-86.88622,33.93299],[-86.88516,33.9341],[-86.87742,33.93636],[-86.86979,33.93355],[-86.86284,33.92935],[-86.85927,33.92943],[-86.86045,33.93435],[-86.85532,33.93975],[-86.84852,33.94409],[-86.84329,33.94853],[-86.83621,33.95062],[-86.83431,33.95],[-86.82742,33.94423],[-86.82061,33.94138],[-86.81847,33.94357],[-86.82237,33.9502],[-86.824,33.95212],[-86.82316,33.95513],[-86.82012,33.95753],[-86.81135,33.95356],[-86.80713,33.95379],[-86.80375,33.95476],[-86.79964,33.95398],[-86.79708,33.95252],[-86.79391,33.95206],[-86.78983,33.95392],[-86.78771,33.9575],[-86.78802,33.95921],[-86.79251,33.9608],[-86.79168,33.96356],[-86.78505,33.9662],[-86.78255,33.96918],[-86.77325,33.96547],[-86.77081,33.96713],[-86.77123,33.96914],[-86.77624,33.97036],[-86.77491,33.97332],[-86.77169,33.97323],[-86.764,33.97419],[-86.7624,33.97625],[-86.76254,33.98495],[-86.7574,33.99012],[-86.75884,33.99292],[-86.76132,33.99544],[-86.75357,33.99674],[-86.75108,33.99775],[-86.74548,33.99784],[-86.74178,33.99878],[-86.74023,34.00064],[-86.74061,34.00334],[-86.74422,34.00706],[-86.74267,34.00924],[-86.73236,34.01388],[-86.7271,34.01691],[-86.72362,34.0177],[-86.72292,34.01969],[-86.72471,34.02236],[-86.72484,34.02473],[-86.7203,34.03235],[-86.71795,34.03277],[-86.71329,34.03003],[-86.70975,34.02905],[-86.70695,34.03013],[-86.70565,34.03188],[-86.7017,34.03556],[-86.70146,34.03963],[-86.70465,34.04242],[-86.70735,34.04379],[-86.70951,34.04772],[-86.70625,34.05383],[-86.70623,34.05315],[-86.70932,34.04788],[-86.70722,34.04388],[-86.70477,34.04272],[-86.7014,34.03992],[-86.70082,34.03725],[-86.70158,34.0355],[-86.70577,34.03148],[-86.70311,34.03027],[-86.70068,34.02712],[-86.69877,34.02655],[-86.69858,34.02467],[-86.69447,34.02663],[-86.68833,34.03237],[-86.6758,34.04113],[-86.67554,34.03543],[-86.67346,34.03218],[-86.67435,34.02737],[-86.67409,34.02346],[-86.67265,34.02113],[-86.67012,34.02036],[-86.6654,34.02143],[-86.65647,34.02117],[-86.65697,34.02302],[-86.6542,34.02713],[-86.64813,34.0329],[-86.6524,34.03351],[-86.65228,34.04048],[-86.64947,34.03964],[-86.64584,34.04107],[-86.64316,34.04305],[-86.6321,34.04294],[-86.62974,34.04489],[-86.62488,34.04651],[-86.62326,34.04641],[-86.62141,34.04402],[-86.61616,34.04038],[-86.61468,34.03775],[-86.61396,34.03389],[-86.60824,34.03554],[-86.60566,34.03522],[-86.60843,34.0307],[-86.60921,34.02785],[-86.60638,34.0268],[-86.604,34.03141],[-86.59964,34.03138],[-86.59965,34.024],[-86.59616,34.02402],[-86.59276,34.0204],[-86.59531,34.02002],[-86.59515,34.01725],[-86.59091,34.01269],[-86.59213,34.00952],[-86.59234,34.00565],[-86.59756,34.00396],[-86.59703,34.00097],[-86.59865,33.99842],[-86.60273,33.99661],[-86.60446,33.99378],[-86.61005,33.98718],[-86.61289,33.9863],[-86.61688,33.98907],[-86.619,33.98767],[-86.61569,33.98022],[-86.62181,33.98039],[-86.62176,33.98429],[-86.62845,33.98436],[-86.62881,33.98065],[-86.63033,33.97723],[-86.62623,33.9773],[-86.62629,33.97352],[-86.63074,33.97354],[-86.631,33.96472],[-86.63631,33.96045],[-86.63938,33.96003],[-86.64161,33.96428],[-86.64365,33.96419],[-86.64359,33.96613],[-86.64945,33.9662],[-86.65133,33.96959],[-86.65451,33.96991],[-86.65304,33.96587],[-86.64945,33.96234],[-86.6498,33.96088],[-86.65906,33.9588],[-86.64384,33.95872],[-86.64385,33.95769],[-86.64984,33.94751],[-86.65195,33.94829],[-86.65627,33.94584],[-86.65943,33.94542],[-86.66411,33.94639],[-86.66749,33.946],[-86.67006,33.94073],[-86.6707,33.93768],[-86.6746,33.93264],[-86.67322,33.92801],[-86.67782,33.92204],[-86.67603,33.91881],[-86.6696,33.91752],[-86.6696,33.91497],[-86.67533,33.91108],[-86.68187,33.91113],[-86.68444,33.91219],[-86.68969,33.91767],[-86.69269,33.92241],[-86.6959,33.92451],[-86.6999,33.92399],[-86.70351,33.92024],[-86.7063,33.91543],[-86.70514,33.91279],[-86.70145,33.91201],[-86.69288,33.9121],[-86.69114,33.90721],[-86.68858,33.90566],[-86.68037,33.90713],[-86.67794,33.9069],[-86.67421,33.90458],[-86.67327,33.90052],[-86.6766,33.89863],[-86.67911,33.89867],[-86.68483,33.90119],[-86.68757,33.90169],[-86.69054,33.9003],[-86.69062,33.8956],[-86.69134,33.89368],[-86.69621,33.88711],[-86.69794,33.88268],[-86.70001,33.87996],[-86.70441,33.877],[-86.7146,33.8733],[-86.71739,33.8726],[-86.72351,33.86468],[-86.72677,33.86209],[-86.73046,33.86082],[-86.73205,33.85879],[-86.72946,33.85286],[-86.72806,33.84757],[-86.73191,33.84795],[-86.73254,33.85141],[-86.73729,33.85813],[-86.73976,33.86561],[-86.73976,33.86924],[-86.74546,33.87064],[-86.75127,33.87156],[-86.75876,33.87564],[-86.76018,33.87454],[-86.76218,33.87681],[-86.7664,33.87692],[-86.7664,33.87519],[-86.77081,33.87432],[-86.77083,33.87237],[-86.77392,33.87252],[-86.77509,33.87163],[-86.77467,33.8747],[-86.77803,33.87278],[-86.77929,33.87359],[-86.77926,33.8772],[-86.78378,33.88547],[-86.78364,33.88102],[-86.78828,33.88103],[-86.79094,33.89106],[-86.788,33.89346],[-86.78998,33.89524],[-86.79469,33.89735],[-86.79673,33.8992],[-86.80026,33.89963],[-86.80123,33.90473],[-86.80362,33.90573],[-86.81016,33.90414],[-86.819,33.90385],[-86.81901,33.90491],[-86.81448,33.905],[-86.81446,33.90734],[-86.81876,33.90747],[-86.82262,33.90619],[-86.82121,33.90416],[-86.82343,33.90495],[-86.82725,33.9093],[-86.82077,33.91507],[-86.81413,33.91976],[-86.80602,33.9249],[-86.81032,33.92752],[-86.81029,33.92918],[-86.81529,33.92924],[-86.82067,33.92629],[-86.82599,33.92223],[-86.8307,33.92036],[-86.83547,33.91917],[-86.84467,33.91466],[-86.85189,33.91523],[-86.85221,33.91251],[-86.85717,33.90807],[-86.86324,33.90594],[-86.8655,33.90572],[-86.86744,33.90326],[-86.87239,33.9009],[-86.8736,33.89951],[-86.87112,33.89713],[-86.86902,33.89257],[-86.86985,33.8897],[-86.86926,33.8869],[-86.87145,33.88251],[-86.87078,33.88137],[-86.87325,33.87862],[-86.86783,33.8768],[-86.86743,33.87569],[-86.87117,33.8758],[-86.87116,33.87318],[-86.87432,33.87327],[-86.87549,33.87212],[-86.87552,33.86235],[-86.87754,33.85771],[-86.88995,33.85797],[-86.88831,33.85584],[-86.89087,33.85154],[-86.8927,33.84717],[-86.89529,33.84302],[-86.89443,33.84114],[-86.89101,33.83949],[-86.91486,33.82696],[-86.9148,33.8219],[-86.92356,33.82228],[-86.92603,33.82672],[-86.92613,33.83092],[-86.92526,33.83649],[-86.92568,33.83947],[-86.9243,33.84236],[-86.92857,33.84217],[-86.93624,33.84761],[-86.93761,33.84982],[-86.94247,33.84864],[-86.94467,33.84971],[-86.94563,33.85319],[-86.95184,33.84996],[-86.95361,33.85083],[-86.95771,33.85016],[-86.95857,33.84898],[-86.96314,33.8481],[-86.96336,33.85822],[-86.95967,33.85797]]]}},{"type":"Feature","properties":{"zcta":"35006","d":13},"geometry":{"type":"Polygon","coordinates":[[[-87.32715,33.49308],[-87.32217,33.49207],[-87.31461,33.48725],[-87.30839,33.48975],[-87.30348,33.48995],[-87.30136,33.48832],[-87.29883,33.48167],[-87.29606,33.47939],[-87.28851,33.47936],[-87.28541,33.48151],[-87.28502,33.48579],[-87.2886,33.49501],[-87.28837,33.50011],[-87.28544,33.50228],[-87.28223,33.50267],[-87.27725,33.5016],[-87.27207,33.49814],[-87.26827,33.49714],[-87.26465,33.49779],[-87.26262,33.49914],[-87.26078,33.50218],[-87.26131,33.50651],[-87.26692,33.51293],[-87.27133,33.51305],[-87.27703,33.51839],[-87.27756,33.52322],[-87.27344,33.53116],[-87.27,33.53277],[-87.26201,33.53132],[-87.26188,33.53826],[-87.26304,33.53995],[-87.25986,33.53986],[-87.25813,33.53887],[-87.26176,33.54299],[-87.25981,33.54453],[-87.26139,33.54806],[-87.26489,33.55174],[-87.26296,33.55197],[-87.26211,33.55405],[-87.25815,33.55489],[-87.25474,33.55334],[-87.25168,33.55418],[-87.24817,33.55345],[-87.24636,33.5558],[-87.24539,33.55343],[-87.24503,33.54903],[-87.24361,33.54748],[-87.24409,33.54506],[-87.24315,33.54083],[-87.24383,33.54017],[-87.24105,33.53821],[-87.24177,33.53694],[-87.24209,33.52767],[-87.24035,33.52669],[-87.23962,33.52862],[-87.23923,33.53613],[-87.2373,33.53833],[-87.23407,33.53942],[-87.23018,33.53884],[-87.22849,33.53616],[-87.22815,33.53207],[-87.2253,33.53056],[-87.22362,33.52861],[-87.22353,33.52501],[-87.225,33.5238],[-87.23057,33.5229],[-87.2305,33.52096],[-87.22668,33.51767],[-87.22513,33.51494],[-87.22276,33.51638],[-87.21945,33.52093],[-87.21826,33.52141],[-87.21477,33.51981],[-87.21081,33.51685],[-87.20819,33.51692],[-87.20712,33.52357],[-87.20436,33.52346],[-87.20047,33.51996],[-87.20062,33.5166],[-87.20625,33.51349],[-87.2081,33.50991],[-87.20642,33.50208],[-87.20739,33.49675],[-87.2038,33.49764],[-87.2048,33.50321],[-87.20442,33.50532],[-87.20202,33.50567],[-87.19655,33.49783],[-87.19844,33.49717],[-87.20037,33.49463],[-87.20437,33.49626],[-87.20556,33.49491],[-87.19929,33.49207],[-87.19786,33.49036],[-87.19422,33.48851],[-87.19474,33.48381],[-87.19318,33.48297],[-87.18963,33.4862],[-87.18788,33.48693],[-87.184,33.48507],[-87.18433,33.48187],[-87.18777,33.47861],[-87.19293,33.47889],[-87.19578,33.4768],[-87.19635,33.47341],[-87.19518,33.47275],[-87.19373,33.47593],[-87.19094,33.47529],[-87.19102,33.47218],[-87.19015,33.47009],[-87.1867,33.46897],[-87.18728,33.46768],[-87.16641,33.46736],[-87.16636,33.46365],[-87.15983,33.46376],[-87.15984,33.46719],[-87.14456,33.46671],[-87.1444,33.45592],[-87.14239,33.45592],[-87.14233,33.45232],[-87.14126,33.45038],[-87.14243,33.44628],[-87.14149,33.44518],[-87.14409,33.44082],[-87.13981,33.44167],[-87.13609,33.44121],[-87.13585,33.43977],[-87.1323,33.43704],[-87.13163,33.43365],[-87.12667,33.4405],[-87.12146,33.44267],[-87.12183,33.44432],[-87.11861,33.446],[-87.1193,33.45003],[-87.11832,33.45128],[-87.11418,33.45313],[-87.11304,33.4528],[-87.11207,33.44704],[-87.11074,33.44498],[-87.10557,33.4445],[-87.10464,33.44524],[-87.10468,33.45196],[-87.10295,33.45197],[-87.09453,33.44308],[-87.09194,33.44575],[-87.09217,33.44728],[-87.09734,33.45126],[-87.09387,33.454],[-87.0918,33.45737],[-87.09036,33.45563],[-87.09252,33.45166],[-87.09209,33.45061],[-87.08673,33.45007],[-87.08505,33.44843],[-87.086,33.44547],[-87.08306,33.44488],[-87.08217,33.44297],[-87.08462,33.4411],[-87.08903,33.44004],[-87.09002,33.43663],[-87.08896,33.43193],[-87.08668,33.4305],[-87.08295,33.4311],[-87.0817,33.4294],[-87.07844,33.42764],[-87.07719,33.42589],[-87.07698,33.4233],[-87.07959,33.42226],[-87.07664,33.41302],[-87.07175,33.40996],[-87.07242,33.40878],[-87.0765,33.40992],[-87.07649,33.40777],[-87.07444,33.40658],[-87.07448,33.393],[-87.07699,33.39035],[-87.07628,33.38933],[-87.07697,33.38459],[-87.08029,33.38015],[-87.08256,33.38068],[-87.08454,33.37963],[-87.08256,33.37857],[-87.0849,33.37458],[-87.09575,33.36921],[-87.09889,33.36554],[-87.1049,33.36236],[-87.1099,33.36021],[-87.1132,33.3581],[-87.11767,33.35431],[-87.12325,33.35074],[-87.12822,33.34598],[-87.13482,33.34237],[-87.13778,33.34021],[-87.15013,33.33355],[-87.15191,33.33423],[-87.15255,33.33788],[-87.1563,33.3402],[-87.16181,33.33817],[-87.17185,33.33155],[-87.17673,33.32804],[-87.17975,33.32801],[-87.18001,33.34298],[-87.19741,33.34309],[-87.19758,33.35813],[-87.21492,33.35832],[-87.21483,33.3658],[-87.232,33.36585],[-87.23202,33.39145],[-87.25409,33.39196],[-87.25381,33.40674],[-87.25916,33.40678],[-87.26018,33.40816],[-87.2592,33.41407],[-87.28436,33.41396],[-87.28407,33.42544],[-87.2872,33.42554],[-87.28553,33.43174],[-87.29432,33.43563],[-87.29572,33.43928],[-87.30061,33.4412],[-87.31439,33.44172],[-87.31411,33.45573],[-87.33558,33.45625],[-87.33551,33.47043],[-87.3417,33.4705],[-87.33655,33.47629],[-87.33174,33.48553],[-87.3314,33.49016],[-87.33065,33.49165],[-87.32715,33.49308]]]}},{"type":"Feature","properties":{"zcta":"35049","d":40},"geometry":{"type":"Polygon","coordinates":[[[-86.58958,34.01307],[-86.58694,34.0111],[-86.58442,34.01179],[-86.58306,34.01392],[-86.58356,34.01644],[-86.58645,34.01965],[-86.586,34.02187],[-86.58361,34.0224],[-86.58095,34.02165],[-86.57425,34.02436],[-86.57033,34.01874],[-86.56879,34.01925],[-86.56872,34.02469],[-86.57184,34.02634],[-86.57252,34.02901],[-86.57142,34.03171],[-86.56903,34.03308],[-86.5667,34.03268],[-86.56552,34.03096],[-86.56454,34.02511],[-86.56288,34.02411],[-86.5605,34.02587],[-86.5555,34.03397],[-86.55311,34.04033],[-86.55287,34.04351],[-86.55379,34.05004],[-86.55283,34.05256],[-86.55054,34.05466],[-86.54443,34.05819],[-86.5416,34.0571],[-86.54037,34.05389],[-86.5388,34.05253],[-86.54384,34.05027],[-86.54232,34.04879],[-86.54225,34.04587],[-86.53242,34.04511],[-86.53025,34.04392],[-86.53125,34.04203],[-86.53068,34.0372],[-86.5292,34.03422],[-86.53313,34.0311],[-86.53761,34.02903],[-86.54276,34.02467],[-86.5407,34.01895],[-86.53779,34.01645],[-86.54216,34.01646],[-86.54216,34.01281],[-86.54975,34.01282],[-86.55347,34.01059],[-86.55495,34.00633],[-86.5557,34.00198],[-86.55674,34.0001],[-86.55968,33.99913],[-86.55985,33.99105],[-86.54897,33.99166],[-86.54373,33.98955],[-86.54098,33.99013],[-86.5407,33.98437],[-86.54274,33.98105],[-86.53986,33.97656],[-86.54195,33.9696],[-86.54317,33.96864],[-86.54316,33.96625],[-86.54192,33.96402],[-86.54604,33.95885],[-86.54646,33.95706],[-86.54894,33.95651],[-86.55138,33.95803],[-86.55548,33.95825],[-86.55799,33.95478],[-86.55878,33.95141],[-86.56065,33.9507],[-86.56364,33.94767],[-86.56631,33.94799],[-86.56958,33.95238],[-86.57316,33.94973],[-86.57317,33.95088],[-86.58227,33.95101],[-86.58222,33.94863],[-86.58527,33.94743],[-86.58222,33.94605],[-86.58222,33.94372],[-86.57773,33.94367],[-86.57775,33.94003],[-86.56952,33.93984],[-86.57377,33.93665],[-86.57877,33.93578],[-86.58147,33.93623],[-86.58238,33.93303],[-86.57043,33.93113],[-86.56521,33.93303],[-86.554,33.92788],[-86.55113,33.92502],[-86.55111,33.91788],[-86.55566,33.91792],[-86.55572,33.91065],[-86.56869,33.9107],[-86.56865,33.90342],[-86.57779,33.90347],[-86.57765,33.89616],[-86.58213,33.89619],[-86.58117,33.88745],[-86.58213,33.88673],[-86.58105,33.88341],[-86.58281,33.8823],[-86.58354,33.88304],[-86.58535,33.88582],[-86.58784,33.8842],[-86.5902,33.88604],[-86.59383,33.88706],[-86.59491,33.88871],[-86.60136,33.89147],[-86.60376,33.89464],[-86.61266,33.89598],[-86.61556,33.898],[-86.61444,33.90026],[-86.60816,33.90218],[-86.60618,33.90233],[-86.60386,33.90538],[-86.60227,33.90884],[-86.60382,33.9094],[-86.6038,33.91145],[-86.60889,33.91237],[-86.61095,33.91492],[-86.61383,33.91144],[-86.61685,33.91145],[-86.61719,33.91615],[-86.60994,33.9247],[-86.60985,33.93137],[-86.61366,33.93565],[-86.61589,33.93573],[-86.61604,33.93248],[-86.6134,33.92884],[-86.6135,33.92742],[-86.61837,33.9253],[-86.62123,33.92009],[-86.62312,33.91903],[-86.6261,33.9206],[-86.6252,33.9226],[-86.62028,33.92369],[-86.622,33.92787],[-86.61905,33.92963],[-86.61852,33.93136],[-86.62318,33.93229],[-86.62868,33.93148],[-86.62978,33.92832],[-86.62987,33.92317],[-86.63284,33.91946],[-86.63491,33.91864],[-86.63489,33.91472],[-86.63901,33.91403],[-86.63901,33.91062],[-86.64024,33.91209],[-86.64506,33.91221],[-86.64327,33.91008],[-86.64752,33.90806],[-86.64922,33.90595],[-86.65337,33.90444],[-86.65593,33.90164],[-86.65714,33.89743],[-86.65692,33.89482],[-86.66236,33.89514],[-86.66505,33.89793],[-86.66741,33.89782],[-86.67327,33.90052],[-86.67421,33.90458],[-86.67794,33.9069],[-86.68037,33.90713],[-86.68858,33.90566],[-86.69114,33.90721],[-86.69288,33.9121],[-86.70145,33.91201],[-86.70514,33.91279],[-86.7063,33.91543],[-86.70351,33.92024],[-86.6999,33.92399],[-86.6959,33.92451],[-86.69269,33.92241],[-86.68969,33.91767],[-86.68444,33.91219],[-86.68187,33.91113],[-86.67533,33.91108],[-86.6696,33.91497],[-86.6696,33.91752],[-86.67603,33.91881],[-86.67782,33.92204],[-86.67322,33.92801],[-86.6746,33.93264],[-86.6707,33.93768],[-86.67006,33.94073],[-86.66749,33.946],[-86.66411,33.94639],[-86.65943,33.94542],[-86.65627,33.94584],[-86.65195,33.94829],[-86.64984,33.94751],[-86.64385,33.95769],[-86.64384,33.95872],[-86.65906,33.9588],[-86.6498,33.96088],[-86.64945,33.96234],[-86.65304,33.96587],[-86.65451,33.96991],[-86.65133,33.96959],[-86.64945,33.9662],[-86.64359,33.96613],[-86.64365,33.96419],[-86.64161,33.96428],[-86.63938,33.96003],[-86.63631,33.96045],[-86.631,33.96472],[-86.63074,33.97354],[-86.62629,33.97352],[-86.62623,33.9773],[-86.63033,33.97723],[-86.62881,33.98065],[-86.62845,33.98436],[-86.62176,33.98429],[-86.62181,33.98039],[-86.61569,33.98022],[-86.619,33.98767],[-86.61688,33.98907],[-86.61289,33.9863],[-86.61005,33.98718],[-86.60446,33.99378],[-86.60273,33.99661],[-86.59865,33.99842],[-86.59703,34.00097],[-86.59756,34.00396],[-86.59234,34.00565],[-86.59213,34.00952],[-86.59091,34.01269],[-86.58958,34.01307]]]}},{"type":"Feature","properties":{"zcta":"35584","d":0},"geometry":{"type":"Polygon","coordinates":[[[-87.07057,33.82136],[-87.07735,33.82003],[-87.08176,33.82002],[-87.08334,33.81701],[-87.0839,33.81339],[-87.08725,33.81316],[-87.08813,33.81656],[-87.09343,33.81963],[-87.09482,33.82131],[-87.09376,33.82537],[-87.09088,33.82764],[-87.08739,33.82806],[-87.08656,33.83035],[-87.08586,33.82754],[-87.07987,33.82191],[-87.08129,33.82053],[-87.07654,33.82073],[-87.0766,33.82414],[-87.07538,33.82096],[-87.07067,33.82158],[-87.07057,33.82136]]]}},{"type":"Feature","properties":{"zcta":"35208","d":1463},"geometry":{"type":"Polygon","coordinates":[[[-86.90234,33.4934],[-86.90111,33.49297],[-86.88976,33.49275],[-86.88949,33.50049],[-86.88793,33.50073],[-86.87875,33.50031],[-86.87867,33.50243],[-86.88187,33.50252],[-86.8808,33.50607],[-86.87783,33.50857],[-86.87928,33.5096],[-86.87891,33.51514],[-86.87467,33.51505],[-86.87458,33.51799],[-86.87114,33.51789],[-86.87139,33.51428],[-86.86747,33.51659],[-86.86176,33.51835],[-86.86159,33.51526],[-86.85973,33.51579],[-86.85591,33.51475],[-86.85751,33.51245],[-86.85605,33.51207],[-86.85705,33.50911],[-86.85687,33.50065],[-86.85684,33.5002],[-86.86359,33.49631],[-86.86969,33.49431],[-86.87282,33.49199],[-86.87312,33.49016],[-86.87545,33.49035],[-86.88456,33.4785],[-86.90227,33.47907],[-86.90423,33.47832],[-86.90515,33.48151],[-86.90493,33.4863],[-86.90349,33.48629],[-86.90344,33.48855],[-86.90488,33.48856],[-86.90484,33.4917],[-86.90234,33.4934]]]}},{"type":"Feature","properties":{"zcta":"35148","d":172},"geometry":{"type":"Polygon","coordinates":[[[-87.06681,33.77401],[-87.06285,33.77376],[-87.06282,33.78076],[-87.05832,33.78076],[-87.05845,33.78504],[-87.05447,33.78496],[-87.05397,33.78415],[-87.0496,33.78339],[-87.04915,33.76613],[-87.03929,33.76563],[-87.03767,33.76775],[-87.03861,33.76857],[-87.03619,33.77038],[-87.03615,33.76757],[-87.03028,33.77312],[-87.02884,33.77031],[-87.02979,33.76818],[-87.0318,33.76732],[-87.03175,33.7656],[-87.02904,33.76649],[-87.0253,33.76888],[-87.02397,33.77332],[-87.02217,33.77272],[-87.02145,33.77026],[-87.02138,33.76244],[-87.02009,33.76128],[-87.02288,33.75756],[-87.02292,33.74646],[-87.02335,33.74358],[-87.03169,33.74365],[-87.03163,33.73655],[-87.03347,33.73584],[-87.0316,33.7323],[-87.03158,33.72898],[-87.04653,33.72894],[-87.04635,33.73234],[-87.04978,33.73295],[-87.05373,33.73866],[-87.05627,33.74022],[-87.05473,33.74516],[-87.05789,33.75],[-87.06516,33.75887],[-87.07137,33.75821],[-87.0709,33.76603],[-87.06985,33.76602],[-87.07275,33.77212],[-87.07422,33.77378],[-87.07041,33.7769],[-87.06681,33.77401]]]}},{"type":"Feature","properties":{"zcta":"35020","d":454},"geometry":{"type":"Polygon","coordinates":[[[-86.9514,33.45794],[-86.95034,33.45641],[-86.9548,33.45026],[-86.94846,33.45016],[-86.94846,33.44651],[-86.94558,33.44648],[-86.94559,33.44519],[-86.94124,33.44458],[-86.93974,33.44641],[-86.93206,33.44636],[-86.93099,33.44814],[-86.92882,33.448],[-86.92875,33.44272],[-86.93183,33.44249],[-86.93537,33.43812],[-86.93532,33.43525],[-86.93096,33.43541],[-86.93093,33.43251],[-86.93526,33.43176],[-86.93522,33.42813],[-86.93146,33.42812],[-86.92961,33.42704],[-86.92514,33.43263],[-86.91532,33.44076],[-86.91339,33.43891],[-86.9144,33.43639],[-86.91309,33.43512],[-86.91777,33.43096],[-86.91759,33.42083],[-86.92155,33.41703],[-86.92646,33.41022],[-86.92789,33.40591],[-86.93068,33.40451],[-86.9306,33.39533],[-86.92553,33.3953],[-86.93219,33.38665],[-86.93344,33.3837],[-86.93372,33.38022],[-86.93746,33.38022],[-86.93846,33.37712],[-86.94005,33.37711],[-86.94112,33.3703],[-86.94382,33.37187],[-86.94344,33.37333],[-86.94558,33.37354],[-86.94608,33.37118],[-86.94795,33.37084],[-86.94799,33.37295],[-86.95296,33.36661],[-86.95383,33.36864],[-86.95679,33.36888],[-86.95676,33.36626],[-86.96114,33.36632],[-86.96111,33.35909],[-86.95528,33.36624],[-86.95341,33.36603],[-86.9686,33.34653],[-86.97195,33.35088],[-86.97428,33.35249],[-86.97616,33.35646],[-86.98014,33.35572],[-86.97906,33.35714],[-86.98154,33.35871],[-86.98492,33.35553],[-86.98138,33.3555],[-86.98377,33.35232],[-86.98752,33.3547],[-86.96963,33.37683],[-86.97402,33.37845],[-86.97707,33.3789],[-86.97895,33.38108],[-86.97891,33.3878],[-86.98051,33.3865],[-86.979,33.39198],[-86.98084,33.39201],[-86.98085,33.3902],[-86.9828,33.39021],[-86.98273,33.39218],[-86.98104,33.3949],[-86.98245,33.3962],[-86.98071,33.39864],[-86.98732,33.40098],[-86.98997,33.40236],[-86.98524,33.40595],[-86.98403,33.41145],[-86.98302,33.41955],[-86.97713,33.4223],[-86.9738,33.423],[-86.96841,33.42211],[-86.9707,33.43341],[-86.96954,33.43964],[-86.96816,33.44163],[-86.96368,33.44591],[-86.9514,33.45794]]]}},{"type":"Feature","properties":{"zcta":"35063","d":32},"geometry":{"type":"Polygon","coordinates":[[[-87.08112,33.7961],[-87.07791,33.8006],[-87.07529,33.80875],[-87.07561,33.8117],[-87.07369,33.81368],[-87.07092,33.81406],[-87.06587,33.81142],[-87.06307,33.80844],[-87.05967,33.8075],[-87.05505,33.80991],[-87.05399,33.81146],[-87.05432,33.81371],[-87.05685,33.8154],[-87.06267,33.81696],[-87.06934,33.8198],[-87.07027,33.82086],[-87.07248,33.81728],[-87.08334,33.81701],[-87.08176,33.82002],[-87.07735,33.82003],[-87.07057,33.82136],[-87.07078,33.82393],[-87.06579,33.83107],[-87.06337,33.83367],[-87.06168,33.83816],[-87.06222,33.83966],[-87.06451,33.8417],[-87.06752,33.84351],[-87.07567,33.84722],[-87.07701,33.84842],[-87.0775,33.85197],[-87.07685,33.85525],[-87.0728,33.86082],[-87.05492,33.86058],[-87.05484,33.85316],[-87.05068,33.85303],[-87.04998,33.85618],[-87.05059,33.85787],[-87.05324,33.85963],[-87.05449,33.86187],[-87.05265,33.86535],[-87.05033,33.86731],[-87.04985,33.86602],[-87.04589,33.86522],[-87.0423,33.86552],[-87.0417,33.86146],[-87.03454,33.85986],[-87.02419,33.858],[-87.0223,33.85807],[-87.01965,33.86018],[-87.01825,33.86303],[-87.01879,33.86475],[-87.01749,33.86801],[-87.01601,33.86802],[-87.00813,33.86472],[-87.00621,33.86722],[-87.00248,33.86977],[-86.99859,33.8696],[-86.9951,33.86657],[-86.99399,33.86093],[-86.99079,33.85947],[-86.98447,33.85966],[-86.9794,33.8592],[-86.97467,33.86048],[-86.96676,33.85858],[-86.96336,33.85822],[-86.96314,33.8481],[-86.95857,33.84898],[-86.95771,33.85016],[-86.95361,33.85083],[-86.95184,33.84996],[-86.94563,33.85319],[-86.94467,33.84971],[-86.94247,33.84864],[-86.93761,33.84982],[-86.93624,33.84761],[-86.92857,33.84217],[-86.9243,33.84236],[-86.92568,33.83947],[-86.92526,33.83649],[-86.92613,33.83092],[-86.92603,33.82672],[-86.92356,33.82228],[-86.93663,33.81531],[-86.93665,33.80968],[-86.94005,33.80734],[-86.94264,33.8041],[-86.94462,33.80362],[-86.94673,33.80066],[-86.94576,33.79884],[-86.94398,33.79881],[-86.94501,33.79692],[-86.94492,33.79334],[-86.95153,33.79348],[-86.95152,33.79712],[-86.95376,33.79863],[-86.95381,33.80078],[-86.95635,33.80084],[-86.95726,33.79847],[-86.95555,33.79719],[-86.95676,33.79523],[-86.95368,33.7949],[-86.95368,33.79359],[-86.96008,33.79171],[-86.96474,33.78694],[-86.96483,33.79374],[-86.96245,33.7937],[-86.96248,33.79894],[-86.95966,33.79946],[-86.95886,33.80088],[-86.97405,33.8011],[-86.97804,33.79606],[-86.98151,33.79392],[-86.98324,33.78986],[-86.98345,33.78673],[-87.0,33.78727],[-87.00596,33.78724],[-87.00591,33.77676],[-87.00985,33.77686],[-87.01431,33.77446],[-87.01431,33.77265],[-87.02217,33.77272],[-87.02397,33.77332],[-87.0253,33.76888],[-87.02904,33.76649],[-87.03175,33.7656],[-87.0318,33.76732],[-87.02979,33.76818],[-87.02884,33.77031],[-87.03028,33.77312],[-87.03615,33.76757],[-87.03619,33.77038],[-87.03861,33.76857],[-87.03767,33.76775],[-87.03929,33.76563],[-87.04915,33.76613],[-87.0496,33.78339],[-87.05397,33.78415],[-87.05447,33.78496],[-87.05845,33.78504],[-87.0585,33.78779],[-87.06287,33.78783],[-87.06308,33.79153],[-87.06533,33.79278],[-87.06873,33.7926],[-87.06882,33.79495],[-87.07038,33.79316],[-87.07373,33.79433],[-87.07603,33.79411],[-87.07851,33.79601],[-87.08381,33.79539],[-87.08736,33.79579],[-87.08112,33.7961]]]}},{"type":"Feature","properties":{"zcta":"35233","d":774},"geometry":{"type":"Polygon","coordinates":[[[-86.80759,33.51171],[-86.79675,33.51716],[-86.79629,33.51893],[-86.78924,33.52226],[-86.78681,33.51873],[-86.78408,33.52003],[-86.78346,33.51912],[-86.78619,33.51781],[-86.78267,33.51255],[-86.78597,33.51035],[-86.7963,33.50605],[-86.81199,33.49865],[-86.81438,33.49865],[-86.81556,33.49672],[-86.82122,33.49136],[-86.82224,33.49137],[-86.81967,33.4947],[-86.81606,33.49749],[-86.81721,33.49914],[-86.8187,33.49843],[-86.81829,33.50296],[-86.81731,33.50573],[-86.81816,33.50697],[-86.80759,33.51171]],[[-86.80206,33.50634],[-86.80284,33.50748],[-86.80348,33.50567],[-86.80206,33.50634]]]}},{"type":"Feature","properties":{"zcta":"35214","d":299},"geometry":{"type":"Polygon","coordinates":[[[-86.9167,33.64],[-86.91374,33.63958],[-86.89968,33.63941],[-86.89971,33.63193],[-86.89537,33.6319],[-86.89401,33.62776],[-86.89138,33.62603],[-86.89156,33.61659],[-86.88786,33.61526],[-86.88895,33.61214],[-86.88234,33.61116],[-86.88135,33.61009],[-86.88598,33.60662],[-86.8857,33.6046],[-86.88391,33.60273],[-86.87626,33.60218],[-86.87396,33.60263],[-86.87372,33.60238],[-86.87218,33.59508],[-86.87804,33.59524],[-86.87804,33.593],[-86.87041,33.59002],[-86.868,33.58965],[-86.8555,33.58913],[-86.85622,33.58643],[-86.85118,33.57752],[-86.85009,33.57196],[-86.84687,33.56876],[-86.84275,33.56574],[-86.84171,33.55981],[-86.84693,33.56074],[-86.84889,33.5598],[-86.85299,33.5521],[-86.85519,33.54391],[-86.85569,33.53815],[-86.86082,33.53405],[-86.86459,33.53332],[-86.85999,33.53201],[-86.85217,33.52544],[-86.85873,33.52024],[-86.86643,33.51845],[-86.87339,33.52101],[-86.87916,33.51756],[-86.88381,33.51832],[-86.88906,33.52115],[-86.89166,33.52534],[-86.89415,33.5269],[-86.89739,33.52909],[-86.89689,33.53093],[-86.90588,33.53383],[-86.90911,33.5361],[-86.91509,33.53621],[-86.91652,33.53709],[-86.91902,33.54386],[-86.92261,33.54465],[-86.92476,33.54428],[-86.92479,33.54711],[-86.92354,33.54768],[-86.92314,33.55443],[-86.92479,33.5609],[-86.92576,33.56195],[-86.92438,33.56999],[-86.9254,33.57225],[-86.92161,33.57396],[-86.92152,33.57807],[-86.92585,33.57779],[-86.92578,33.58175],[-86.92903,33.5819],[-86.92711,33.58341],[-86.92236,33.58218],[-86.92081,33.58541],[-86.9173,33.58852],[-86.91742,33.60414],[-86.92561,33.60815],[-86.92913,33.611],[-86.92891,33.61395],[-86.92996,33.61928],[-86.92802,33.62161],[-86.92994,33.62453],[-86.93443,33.6274],[-86.92996,33.63089],[-86.92514,33.62779],[-86.92034,33.62713],[-86.91718,33.631],[-86.91593,33.63659],[-86.9167,33.63861],[-86.9167,33.64]]]}},{"type":"Feature","properties":{"zcta":"35205","d":1989},"geometry":{"type":"Polygon","coordinates":[[[-86.82675,33.50266],[-86.81816,33.50697],[-86.81731,33.50573],[-86.81829,33.50296],[-86.8187,33.49843],[-86.81721,33.49914],[-86.81606,33.49749],[-86.81967,33.4947],[-86.82224,33.49137],[-86.82122,33.49136],[-86.81556,33.49672],[-86.81438,33.49865],[-86.81199,33.49865],[-86.7963,33.50605],[-86.78597,33.51035],[-86.78267,33.51255],[-86.78026,33.51268],[-86.77821,33.51088],[-86.77808,33.50838],[-86.77199,33.50724],[-86.77677,33.5033],[-86.7755,33.50309],[-86.77737,33.50069],[-86.77955,33.50074],[-86.78311,33.49927],[-86.78824,33.49695],[-86.78818,33.49981],[-86.78925,33.5001],[-86.79008,33.50031],[-86.78944,33.49631],[-86.79096,33.49484],[-86.79069,33.49262],[-86.79578,33.49229],[-86.80257,33.48886],[-86.80618,33.48748],[-86.80907,33.48522],[-86.81641,33.4807],[-86.82093,33.47885],[-86.82629,33.47437],[-86.82612,33.4765],[-86.8287,33.4771],[-86.82905,33.47585],[-86.83162,33.47554],[-86.83104,33.4796],[-86.83259,33.48014],[-86.82897,33.48297],[-86.83084,33.48302],[-86.83136,33.49066],[-86.83099,33.49257],[-86.83389,33.4969],[-86.8331,33.49962],[-86.82675,33.50266]]]}},{"type":"Feature","properties":{"zcta":"35244","d":825},"geometry":{"type":"Polygon","coordinates":[[[-86.87135,33.3495],[-86.86891,33.34909],[-86.866,33.3518],[-86.86248,33.35339],[-86.85808,33.35666],[-86.8549,33.35752],[-86.85176,33.35706],[-86.84048,33.36744],[-86.83274,33.37264],[-86.80661,33.38463],[-86.80425,33.37839],[-86.80154,33.37996],[-86.80146,33.37845],[-86.79755,33.38089],[-86.79746,33.37639],[-86.79641,33.37526],[-86.79263,33.37555],[-86.78735,33.37689],[-86.78767,33.37807],[-86.78103,33.37787],[-86.77795,33.37025],[-86.77519,33.36778],[-86.77371,33.36793],[-86.77191,33.37033],[-86.77272,33.37614],[-86.77404,33.37964],[-86.7785,33.37893],[-86.77839,33.38645],[-86.7765,33.38804],[-86.7738,33.38748],[-86.77206,33.38958],[-86.76902,33.39088],[-86.76359,33.39644],[-86.75897,33.399],[-86.75781,33.40048],[-86.75486,33.40154],[-86.75495,33.40282],[-86.74669,33.40286],[-86.74272,33.40232],[-86.74364,33.39868],[-86.73807,33.39862],[-86.7386,33.39216],[-86.73633,33.39188],[-86.73463,33.3885],[-86.73469,33.38446],[-86.73721,33.38644],[-86.73929,33.38542],[-86.73779,33.38291],[-86.7394,33.38125],[-86.73946,33.37767],[-86.73948,33.37669],[-86.74387,33.37645],[-86.74392,33.37312],[-86.74645,33.3732],[-86.74476,33.37122],[-86.74694,33.36954],[-86.75038,33.37143],[-86.75039,33.36965],[-86.75258,33.36971],[-86.75255,33.36626],[-86.75686,33.36623],[-86.75688,33.36459],[-86.7604,33.36279],[-86.76558,33.36281],[-86.76556,33.35926],[-86.76993,33.35934],[-86.77349,33.35801],[-86.77861,33.35426],[-86.7801,33.34528],[-86.78719,33.34529],[-86.78721,33.34956],[-86.79155,33.34722],[-86.79592,33.3461],[-86.79538,33.34197],[-86.79919,33.3447],[-86.80402,33.34191],[-86.80461,33.34378],[-86.80909,33.34572],[-86.81236,33.34587],[-86.81321,33.34499],[-86.81334,33.33514],[-86.81766,33.33522],[-86.8177,33.33187],[-86.83226,33.33203],[-86.83923,33.33216],[-86.84579,33.32781],[-86.84987,33.32188],[-86.85395,33.32042],[-86.8582,33.31982],[-86.85957,33.318],[-86.86012,33.31499],[-86.85615,33.31485],[-86.85479,33.31368],[-86.86004,33.3079],[-86.86502,33.30729],[-86.8671,33.30828],[-86.86657,33.31058],[-86.86903,33.31306],[-86.87078,33.31254],[-86.86977,33.30888],[-86.87141,33.3065],[-86.87607,33.30239],[-86.87699,33.30094],[-86.88009,33.30407],[-86.88234,33.30413],[-86.88236,33.30202],[-86.88666,33.30585],[-86.88665,33.30772],[-86.88865,33.30774],[-86.89082,33.30982],[-86.89341,33.31502],[-86.89534,33.31502],[-86.89538,33.31144],[-86.89974,33.3115],[-86.90007,33.30776],[-86.90325,33.31025],[-86.90312,33.3132],[-86.90011,33.31466],[-86.90007,33.31871],[-86.90257,33.32047],[-86.90415,33.32449],[-86.90298,33.32587],[-86.90299,33.32848],[-86.90417,33.32847],[-86.90332,33.33337],[-86.90862,33.33318],[-86.90857,33.33608],[-86.90698,33.33518],[-86.90387,33.33522],[-86.90237,33.3363],[-86.90198,33.33912],[-86.8998,33.33915],[-86.89984,33.3456],[-86.89665,33.34635],[-86.89665,33.3478],[-86.89436,33.34776],[-86.89123,33.35121],[-86.8912,33.35458],[-86.88994,33.35586],[-86.88275,33.35452],[-86.88529,33.35666],[-86.88382,33.35829],[-86.87998,33.35896],[-86.87811,33.35829],[-86.87562,33.35369],[-86.87135,33.3495]]]}},{"type":"Feature","properties":{"zcta":"35114","d":264},"geometry":{"type":"Polygon","coordinates":[[[-86.89139,33.23017],[-86.88155,33.24666],[-86.88078,33.24925],[-86.87856,33.2492],[-86.87856,33.25283],[-86.87617,33.25276],[-86.87725,33.25578],[-86.87907,33.25632],[-86.87115,33.25561],[-86.86944,33.25725],[-86.86535,33.25732],[-86.86374,33.25885],[-86.86174,33.25892],[-86.85989,33.25593],[-86.86057,33.25449],[-86.85581,33.25348],[-86.85553,33.25236],[-86.85269,33.25127],[-86.85206,33.25391],[-86.84687,33.25213],[-86.84362,33.25338],[-86.84407,33.25016],[-86.84335,33.24831],[-86.83974,33.248],[-86.83974,33.24643],[-86.84406,33.2465],[-86.84407,33.23729],[-86.84684,33.23806],[-86.84779,33.23526],[-86.84763,33.23267],[-86.84844,33.22652],[-86.84082,33.22635],[-86.84301,33.22239],[-86.85052,33.21892],[-86.8503,33.21198],[-86.84371,33.21069],[-86.84362,33.2082],[-86.83995,33.20813],[-86.84,33.2045],[-86.84516,33.20451],[-86.84521,33.20267],[-86.84349,33.20087],[-86.84039,33.20078],[-86.84012,33.19843],[-86.84238,33.19735],[-86.84434,33.19886],[-86.84442,33.20089],[-86.84868,33.20099],[-86.84885,33.197],[-86.85502,33.19413],[-86.86202,33.19369],[-86.86128,33.19012],[-86.86617,33.1905],[-86.86612,33.18243],[-86.86922,33.18509],[-86.87372,33.18559],[-86.87501,33.18417],[-86.87785,33.18331],[-86.8766,33.19377],[-86.89105,33.20978],[-86.89911,33.21846],[-86.89858,33.21925],[-86.89139,33.23017]]]}},{"type":"Feature","properties":{"zcta":"35143","d":33},"geometry":{"type":"Polygon","coordinates":[[[-86.63299,33.10809],[-86.62781,33.1118],[-86.62269,33.11248],[-86.62132,33.11453],[-86.62169,33.11619],[-86.61795,33.11864],[-86.61545,33.11824],[-86.61598,33.12163],[-86.61351,33.12531],[-86.61565,33.12929],[-86.61505,33.13098],[-86.60824,33.12662],[-86.60422,33.12593],[-86.60125,33.1273],[-86.60137,33.12881],[-86.59912,33.13141],[-86.59192,33.13739],[-86.58689,33.13637],[-86.58503,33.13057],[-86.58482,33.12789],[-86.54678,33.13591],[-86.54656,33.13386],[-86.54408,33.13284],[-86.54403,33.13041],[-86.54035,33.1316],[-86.53862,33.13076],[-86.53669,33.13587],[-86.50177,33.13492],[-86.50157,33.14582],[-86.48553,33.1463],[-86.48517,33.14229],[-86.48738,33.14029],[-86.48756,33.13668],[-86.48961,33.13453],[-86.4887,33.13376],[-86.48956,33.13092],[-86.48706,33.13458],[-86.48423,33.1359],[-86.48296,33.14236],[-86.48103,33.14205],[-86.47988,33.13988],[-86.47401,33.13712],[-86.47171,33.13525],[-86.47352,33.13225],[-86.4705,33.13403],[-86.46526,33.1289],[-86.46405,33.12513],[-86.45993,33.12512],[-86.46132,33.12201],[-86.46609,33.11898],[-86.47306,33.11691],[-86.48029,33.11532],[-86.48415,33.11319],[-86.48828,33.10848],[-86.49103,33.10294],[-86.49349,33.09916],[-86.4979,33.09656],[-86.50556,33.0931],[-86.50905,33.0909],[-86.51114,33.08843],[-86.51211,33.08588],[-86.51197,33.0831],[-86.51065,33.07784],[-86.50701,33.0718],[-86.50603,33.06775],[-86.50797,33.0644],[-86.51186,33.0615],[-86.52006,33.05699],[-86.5207,33.0546],[-86.51963,33.05193],[-86.51882,33.0462],[-86.51645,33.04222],[-86.5169,33.03052],[-86.51658,33.02318],[-86.51734,33.02057],[-86.52298,33.02311],[-86.52641,33.0237],[-86.53198,33.02371],[-86.53686,33.02443],[-86.54741,33.01969],[-86.55049,33.01882],[-86.55622,33.01943],[-86.56326,33.01954],[-86.56483,33.02094],[-86.56588,33.02549],[-86.56749,33.02742],[-86.58049,33.0346],[-86.5839,33.03963],[-86.58537,33.04073],[-86.59356,33.04356],[-86.59827,33.04625],[-86.60089,33.05012],[-86.60123,33.05342],[-86.60403,33.05509],[-86.61488,33.05351],[-86.61643,33.05386],[-86.61848,33.05876],[-86.61821,33.06141],[-86.61489,33.06426],[-86.60909,33.06644],[-86.61014,33.07],[-86.6084,33.07243],[-86.60534,33.0721],[-86.6034,33.07311],[-86.60635,33.07706],[-86.60753,33.0765],[-86.61021,33.07781],[-86.61349,33.08152],[-86.61536,33.08478],[-86.61642,33.08952],[-86.62723,33.09254],[-86.62779,33.0943],[-86.62618,33.09576],[-86.62639,33.0974],[-86.6301,33.09639],[-86.63273,33.09657],[-86.63851,33.09993],[-86.64074,33.10291],[-86.63882,33.1041],[-86.64066,33.10572],[-86.63923,33.10864],[-86.63587,33.1092],[-86.63299,33.10809]]]}},{"type":"Feature","properties":{"zcta":"35133","d":35},"geometry":{"type":"Polygon","coordinates":[[[-86.67615,33.80885],[-86.67018,33.81726],[-86.66849,33.81718],[-86.66735,33.82126],[-86.6682,33.82304],[-86.66876,33.82988],[-86.66814,33.83127],[-86.66659,33.82931],[-86.66349,33.8306],[-86.6634,33.83169],[-86.6568,33.83186],[-86.65678,33.83412],[-86.66174,33.83678],[-86.66152,33.83887],[-86.65982,33.83971],[-86.65419,33.84429],[-86.65259,33.8486],[-86.64738,33.84977],[-86.64471,33.85137],[-86.64059,33.85641],[-86.64044,33.85927],[-86.63923,33.85926],[-86.63919,33.86459],[-86.64358,33.86466],[-86.64355,33.86921],[-86.64551,33.87278],[-86.64784,33.8717],[-86.64234,33.87628],[-86.64127,33.87835],[-86.64133,33.88152],[-86.63829,33.88171],[-86.63704,33.87914],[-86.62173,33.87881],[-86.6203,33.88252],[-86.62004,33.8807],[-86.61736,33.8807],[-86.61736,33.87879],[-86.59561,33.8783],[-86.5956,33.88195],[-86.58556,33.88183],[-86.58354,33.88304],[-86.58281,33.8823],[-86.57907,33.87837],[-86.57672,33.87729],[-86.57024,33.87679],[-86.57139,33.87406],[-86.5754,33.87242],[-86.5791,33.86927],[-86.58023,33.86494],[-86.5819,33.86403],[-86.58404,33.85998],[-86.58404,33.8556],[-86.58155,33.85463],[-86.57846,33.85994],[-86.57732,33.85983],[-86.57325,33.85455],[-86.57127,33.853],[-86.56779,33.85399],[-86.56508,33.85636],[-86.56131,33.85642],[-86.5587,33.85539],[-86.55831,33.85282],[-86.55538,33.84893],[-86.55153,33.84863],[-86.54854,33.84723],[-86.54881,33.84446],[-86.54783,33.84091],[-86.5486,33.83639],[-86.55129,33.83645],[-86.5449,33.83003],[-86.54171,33.82974],[-86.53272,33.83106],[-86.53167,33.82963],[-86.5301,33.83025],[-86.52496,33.83857],[-86.52131,33.84047],[-86.51983,33.83703],[-86.51705,33.83611],[-86.51725,33.83485],[-86.51467,33.83238],[-86.51165,33.83091],[-86.50984,33.82704],[-86.5069,33.82658],[-86.50424,33.82761],[-86.50317,33.82635],[-86.50032,33.82618],[-86.50079,33.81842],[-86.511,33.81436],[-86.51614,33.81182],[-86.51616,33.80722],[-86.52177,33.8019],[-86.54378,33.80184],[-86.54837,33.80027],[-86.54657,33.79929],[-86.54664,33.79468],[-86.54456,33.79468],[-86.53197,33.79057],[-86.53669,33.78926],[-86.54182,33.78557],[-86.54828,33.78291],[-86.55018,33.78306],[-86.55341,33.78053],[-86.55694,33.77908],[-86.56189,33.77492],[-86.56592,33.76919],[-86.56933,33.76732],[-86.57106,33.76518],[-86.58308,33.76542],[-86.59044,33.76519],[-86.60588,33.7652],[-86.60877,33.77046],[-86.61129,33.77116],[-86.61211,33.77417],[-86.6159,33.77584],[-86.61357,33.78702],[-86.61499,33.7872],[-86.6195,33.78335],[-86.62331,33.78106],[-86.62747,33.77405],[-86.62874,33.77469],[-86.63375,33.76617],[-86.63919,33.76938],[-86.639,33.76583],[-86.64776,33.7659],[-86.64787,33.77296],[-86.64529,33.77301],[-86.65252,33.77726],[-86.65001,33.78189],[-86.65174,33.78427],[-86.65531,33.78487],[-86.66085,33.78666],[-86.66079,33.78858],[-86.66395,33.78776],[-86.66579,33.78897],[-86.66935,33.78783],[-86.67056,33.7887],[-86.66985,33.79081],[-86.66708,33.79106],[-86.66645,33.7922],[-86.66941,33.79255],[-86.66927,33.79422],[-86.67434,33.79597],[-86.67426,33.80274],[-86.67656,33.80274],[-86.67652,33.80401],[-86.67924,33.80527],[-86.67615,33.80885]]]}},{"type":"Feature","properties":{"zcta":"35172","d":41},"geometry":{"type":"Polygon","coordinates":[[[-86.72946,33.85286],[-86.73205,33.85879],[-86.73046,33.86082],[-86.72677,33.86209],[-86.72351,33.86468],[-86.71739,33.8726],[-86.7146,33.8733],[-86.70441,33.877],[-86.70001,33.87996],[-86.69794,33.88268],[-86.69621,33.88711],[-86.69134,33.89368],[-86.69062,33.8956],[-86.69054,33.9003],[-86.68757,33.90169],[-86.68483,33.90119],[-86.67911,33.89867],[-86.6766,33.89863],[-86.67327,33.90052],[-86.66741,33.89782],[-86.66505,33.89793],[-86.66236,33.89514],[-86.65692,33.89482],[-86.65543,33.89438],[-86.64815,33.89525],[-86.64347,33.89366],[-86.65204,33.89368],[-86.65205,33.89135],[-86.64555,33.88803],[-86.64277,33.8861],[-86.64676,33.88166],[-86.65327,33.87706],[-86.65462,33.87428],[-86.65042,33.87215],[-86.64784,33.8717],[-86.64551,33.87278],[-86.64355,33.86921],[-86.64358,33.86466],[-86.63919,33.86459],[-86.63923,33.85926],[-86.64044,33.85927],[-86.64059,33.85641],[-86.64471,33.85137],[-86.64738,33.84977],[-86.65259,33.8486],[-86.65419,33.84429],[-86.65982,33.83971],[-86.66152,33.83887],[-86.66174,33.83678],[-86.65678,33.83412],[-86.6568,33.83186],[-86.6634,33.83169],[-86.66349,33.8306],[-86.66659,33.82931],[-86.66814,33.83127],[-86.66876,33.82988],[-86.6682,33.82304],[-86.66735,33.82126],[-86.66849,33.81718],[-86.67018,33.81726],[-86.67615,33.80885],[-86.67924,33.80527],[-86.68553,33.79874],[-86.68631,33.79736],[-86.71303,33.81325],[-86.71385,33.8112],[-86.71052,33.80695],[-86.71036,33.80249],[-86.7112,33.79859],[-86.71334,33.79805],[-86.71329,33.79223],[-86.72232,33.7923],[-86.72085,33.79554],[-86.722,33.79694],[-86.72489,33.7961],[-86.72548,33.79467],[-86.72788,33.79466],[-86.72788,33.79254],[-86.73071,33.79258],[-86.7307,33.79591],[-86.74687,33.7967],[-86.74711,33.79972],[-86.74565,33.80375],[-86.74942,33.80099],[-86.75394,33.80227],[-86.75308,33.80619],[-86.75948,33.80626],[-86.75837,33.81141],[-86.76002,33.81432],[-86.7623,33.81435],[-86.76348,33.81187],[-86.76507,33.81281],[-86.76282,33.81511],[-86.76356,33.81781],[-86.76626,33.81849],[-86.76899,33.8177],[-86.77206,33.82615],[-86.77205,33.82885],[-86.76996,33.83001],[-86.76609,33.82735],[-86.76067,33.82214],[-86.7573,33.81957],[-86.75551,33.8195],[-86.75348,33.82108],[-86.75279,33.82424],[-86.75589,33.83018],[-86.75312,33.83582],[-86.75332,33.83715],[-86.74393,33.83143],[-86.74178,33.83269],[-86.7408,33.83467],[-86.73906,33.84289],[-86.73797,33.8436],[-86.73054,33.84489],[-86.72817,33.84603],[-86.72806,33.84757],[-86.72946,33.85286]]]}},{"type":"Feature","properties":{"zcta":"35209","d":1224},"geometry":{"type":"Polygon","coordinates":[[[-86.83104,33.4796],[-86.83162,33.47554],[-86.82905,33.47585],[-86.8287,33.4771],[-86.82612,33.4765],[-86.82629,33.47437],[-86.82093,33.47885],[-86.81641,33.4807],[-86.80907,33.48522],[-86.80618,33.48748],[-86.80257,33.48886],[-86.79578,33.49229],[-86.79069,33.49262],[-86.79096,33.49484],[-86.78944,33.49631],[-86.79008,33.50031],[-86.78925,33.5001],[-86.78897,33.4971],[-86.78703,33.49383],[-86.78688,33.48425],[-86.78063,33.48381],[-86.77922,33.4832],[-86.77425,33.4848],[-86.7764,33.48319],[-86.77642,33.47958],[-86.77857,33.47928],[-86.77861,33.47598],[-86.77433,33.47586],[-86.77221,33.47717],[-86.76805,33.47326],[-86.76698,33.47392],[-86.76365,33.47223],[-86.76603,33.47199],[-86.76724,33.47004],[-86.77007,33.46944],[-86.77019,33.46609],[-86.76308,33.46784],[-86.76308,33.46361],[-86.76654,33.46274],[-86.7647,33.46536],[-86.76693,33.46467],[-86.76846,33.4622],[-86.77161,33.45926],[-86.77174,33.46135],[-86.78297,33.4614],[-86.78485,33.46115],[-86.78447,33.45791],[-86.79179,33.45808],[-86.79179,33.45997],[-86.79683,33.45583],[-86.8001,33.45463],[-86.80175,33.45557],[-86.80832,33.45052],[-86.81153,33.44922],[-86.81403,33.44492],[-86.82002,33.4418],[-86.82185,33.4395],[-86.82204,33.44088],[-86.81822,33.44539],[-86.81771,33.44688],[-86.82024,33.44551],[-86.82228,33.44558],[-86.82609,33.44133],[-86.82928,33.43923],[-86.83551,33.43734],[-86.83667,33.43475],[-86.84173,33.43324],[-86.84348,33.435],[-86.84507,33.43472],[-86.84518,33.43782],[-86.84837,33.44259],[-86.84831,33.45049],[-86.84697,33.4534],[-86.84214,33.45808],[-86.84153,33.46094],[-86.84125,33.4682],[-86.83951,33.47492],[-86.83751,33.47697],[-86.83259,33.48014],[-86.83104,33.4796]],[[-86.80259,33.46222],[-86.79749,33.46205],[-86.79751,33.45975],[-86.78616,33.46502],[-86.78805,33.46715],[-86.79601,33.46744],[-86.80259,33.46222]]]}},{"type":"Feature","properties":{"zcta":"35171","d":49},"geometry":{"type":"Polygon","coordinates":[[[-86.81536,32.89694],[-86.80968,32.89706],[-86.80788,32.8955],[-86.80344,32.8941],[-86.79982,32.89191],[-86.79563,32.89189],[-86.79189,32.89074],[-86.78664,32.89445],[-86.78482,32.89406],[-86.78214,32.89641],[-86.77885,32.89698],[-86.77633,32.89966],[-86.77321,32.90138],[-86.77094,32.90145],[-86.76841,32.90354],[-86.76644,32.90295],[-86.76782,32.89901],[-86.77231,32.89806],[-86.77438,32.89416],[-86.7741,32.89212],[-86.77752,32.88991],[-86.77048,32.88827],[-86.76756,32.89083],[-86.76334,32.89122],[-86.75957,32.89296],[-86.76192,32.89561],[-86.75318,32.89576],[-86.75322,32.90166],[-86.74445,32.90174],[-86.74431,32.90009],[-86.74248,32.90009],[-86.73537,32.89826],[-86.73582,32.90117],[-86.73767,32.90152],[-86.73947,32.90408],[-86.74421,32.90907],[-86.74452,32.92036],[-86.7495,32.92035],[-86.74948,32.92699],[-86.7542,32.92696],[-86.7542,32.93034],[-86.74354,32.93086],[-86.74274,32.93428],[-86.7348,32.93413],[-86.73481,32.93086],[-86.72792,32.93088],[-86.72796,32.93431],[-86.73225,32.93437],[-86.73225,32.942],[-86.72808,32.94197],[-86.72788,32.94918],[-86.71898,32.94932],[-86.71898,32.95416],[-86.71764,32.95241],[-86.71351,32.95081],[-86.70821,32.94771],[-86.70657,32.94512],[-86.70297,32.94314],[-86.70214,32.94062],[-86.70511,32.93435],[-86.70055,32.92682],[-86.69882,32.92275],[-86.69565,32.91934],[-86.69334,32.9178],[-86.69339,32.90342],[-86.69173,32.90283],[-86.69705,32.90279],[-86.69706,32.89997],[-86.70267,32.90277],[-86.70208,32.89701],[-86.70598,32.89701],[-86.70599,32.89866],[-86.70831,32.8986],[-86.70982,32.90225],[-86.7148,32.90205],[-86.71374,32.89461],[-86.71144,32.8915],[-86.70733,32.88342],[-86.70331,32.87676],[-86.70596,32.87668],[-86.70668,32.87083],[-86.71209,32.86881],[-86.71539,32.86689],[-86.7194,32.86775],[-86.72612,32.87056],[-86.72814,32.87221],[-86.73018,32.87216],[-86.73255,32.86979],[-86.72909,32.86671],[-86.7266,32.86539],[-86.72201,32.86522],[-86.71773,32.86441],[-86.71438,32.86293],[-86.71437,32.86196],[-86.70449,32.86215],[-86.70454,32.85963],[-86.69909,32.85977],[-86.69703,32.86111],[-86.69702,32.85758],[-86.69561,32.85712],[-86.69574,32.85338],[-86.69272,32.85141],[-86.68983,32.85183],[-86.68922,32.84971],[-86.68628,32.84679],[-86.68491,32.84721],[-86.68148,32.84235],[-86.68383,32.84168],[-86.68669,32.84241],[-86.69097,32.8397],[-86.6922,32.83811],[-86.69631,32.8381],[-86.69823,32.83661],[-86.70007,32.83801],[-86.70674,32.83775],[-86.7082,32.83636],[-86.73528,32.83568],[-86.73846,32.83601],[-86.75682,32.8359],[-86.75668,32.83262],[-86.75827,32.83271],[-86.76408,32.82969],[-86.76643,32.82682],[-86.76896,32.82547],[-86.77346,32.82519],[-86.77769,32.82318],[-86.77902,32.82434],[-86.77942,32.82775],[-86.78463,32.83033],[-86.78362,32.83506],[-86.78643,32.83525],[-86.78702,32.83413],[-86.78697,32.82873],[-86.79601,32.83193],[-86.79759,32.83301],[-86.79787,32.8379],[-86.79667,32.83901],[-86.79797,32.84239],[-86.7977,32.8452],[-86.80053,32.84998],[-86.80021,32.85343],[-86.8023,32.8557],[-86.80356,32.86175],[-86.80629,32.86729],[-86.80755,32.87348],[-86.81316,32.8783],[-86.81353,32.88086],[-86.81601,32.88397],[-86.81562,32.88762],[-86.81644,32.88905],[-86.8159,32.89365],[-86.81536,32.89694]]]}},{"type":"Feature","properties":{"zcta":"35043","d":144},"geometry":{"type":"Polygon","coordinates":[[[-86.70441,33.32821],[-86.69979,33.3325],[-86.68667,33.33997],[-86.67778,33.34594],[-86.67012,33.3492],[-86.67413,33.34989],[-86.67412,33.35118],[-86.6702,33.35225],[-86.67001,33.35677],[-86.66919,33.35717],[-86.6607,33.35724],[-86.6584,33.36086],[-86.65845,33.36204],[-86.66128,33.36531],[-86.66176,33.36845],[-86.65448,33.35875],[-86.64541,33.35207],[-86.63991,33.3574],[-86.63672,33.35747],[-86.62599,33.36632],[-86.62417,33.3686],[-86.61906,33.37191],[-86.61795,33.37431],[-86.61633,33.37504],[-86.61271,33.37877],[-86.60559,33.38453],[-86.59965,33.38747],[-86.59613,33.39027],[-86.59597,33.38698],[-86.58712,33.387],[-86.58691,33.37242],[-86.58713,33.3653],[-86.58213,33.36516],[-86.5822,33.3579],[-86.58289,33.35594],[-86.58728,33.35626],[-86.58731,33.35808],[-86.59115,33.35798],[-86.59249,33.35908],[-86.59368,33.35523],[-86.59981,33.35069],[-86.58291,33.34981],[-86.58294,33.33832],[-86.57229,33.34466],[-86.5695,33.3456],[-86.56532,33.34588],[-86.56529,33.34479],[-86.56139,33.34465],[-86.56032,33.34179],[-86.55973,33.3373],[-86.55922,33.33596],[-86.56419,33.33548],[-86.56569,33.3375],[-86.56997,33.33755],[-86.56997,33.33673],[-86.5742,33.33677],[-86.5742,33.33286],[-86.57652,33.33135],[-86.57864,33.32834],[-86.57969,33.32532],[-86.58182,33.33063],[-86.58707,33.32848],[-86.60259,33.32311],[-86.60666,33.32251],[-86.61777,33.31853],[-86.61771,33.32134],[-86.619,33.3223],[-86.6306,33.32116],[-86.63288,33.31986],[-86.63226,33.31381],[-86.6267,33.31393],[-86.62576,33.31304],[-86.62214,33.31311],[-86.62208,33.31029],[-86.62478,33.31023],[-86.62722,33.30839],[-86.63099,33.30708],[-86.63554,33.30763],[-86.63885,33.30517],[-86.6398,33.30337],[-86.63654,33.29899],[-86.62817,33.29909],[-86.62827,33.29682],[-86.63103,33.29544],[-86.63103,33.28589],[-86.62759,33.28313],[-86.62673,33.28093],[-86.62253,33.281],[-86.62253,33.2791],[-86.61901,33.27896],[-86.61905,33.27591],[-86.62255,33.27551],[-86.62249,33.27732],[-86.63123,33.27719],[-86.63118,33.27915],[-86.63316,33.27906],[-86.63346,33.27238],[-86.64322,33.27337],[-86.64233,33.26993],[-86.63881,33.26858],[-86.63481,33.26571],[-86.63711,33.26305],[-86.63741,33.26128],[-86.63981,33.25787],[-86.64231,33.25719],[-86.64536,33.25758],[-86.6468,33.25549],[-86.6514,33.25467],[-86.65537,33.25594],[-86.65792,33.25487],[-86.65874,33.25668],[-86.66042,33.25547],[-86.66203,33.25099],[-86.67212,33.24687],[-86.67659,33.24317],[-86.67754,33.24154],[-86.68062,33.23996],[-86.69307,33.23983],[-86.70506,33.2402],[-86.70511,33.22929],[-86.71341,33.22957],[-86.71321,33.23184],[-86.70838,33.23582],[-86.70918,33.24174],[-86.70756,33.24402],[-86.70701,33.24766],[-86.70745,33.25136],[-86.71013,33.25351],[-86.70798,33.25489],[-86.71145,33.25568],[-86.71135,33.2576],[-86.71647,33.2572],[-86.71911,33.2576],[-86.72062,33.26053],[-86.72475,33.25932],[-86.72671,33.25949],[-86.72715,33.26706],[-86.73209,33.26711],[-86.73452,33.27003],[-86.73223,33.27495],[-86.73646,33.2819],[-86.74433,33.28207],[-86.74429,33.2856],[-86.73897,33.29002],[-86.73244,33.29485],[-86.71914,33.30299],[-86.71327,33.30725],[-86.72001,33.30814],[-86.72026,33.31068],[-86.71813,33.31062],[-86.71371,33.31464],[-86.71974,33.31528],[-86.72241,33.31797],[-86.72233,33.32514],[-86.71795,33.32497],[-86.71791,33.32865],[-86.71015,33.32839],[-86.70441,33.32821]]]}},{"type":"Feature","properties":{"zcta":"35206","d":609},"geometry":{"type":"Polygon","coordinates":[[[-86.74453,33.57719],[-86.74526,33.58245],[-86.74399,33.5858],[-86.74204,33.5872],[-86.73766,33.5859],[-86.73893,33.58807],[-86.73641,33.58822],[-86.73537,33.58994],[-86.7256,33.59008],[-86.72349,33.59084],[-86.72069,33.59132],[-86.71473,33.59092],[-86.70817,33.59116],[-86.69682,33.59098],[-86.69968,33.58772],[-86.69734,33.58794],[-86.6972,33.58598],[-86.69105,33.58674],[-86.67673,33.5854],[-86.67439,33.58554],[-86.67273,33.58373],[-86.67071,33.58359],[-86.67075,33.58214],[-86.66779,33.58217],[-86.66733,33.57964],[-86.67416,33.57537],[-86.67659,33.57275],[-86.67901,33.56895],[-86.68538,33.56895],[-86.68561,33.56668],[-86.68732,33.56448],[-86.68723,33.56173],[-86.68611,33.56087],[-86.69309,33.5544],[-86.70082,33.55455],[-86.70294,33.55114],[-86.70475,33.55102],[-86.71001,33.54554],[-86.71498,33.54258],[-86.7167,33.53889],[-86.72005,33.5398],[-86.72229,33.5419],[-86.72062,33.54176],[-86.72065,33.5449],[-86.72255,33.54644],[-86.7223,33.54802],[-86.72569,33.54779],[-86.72797,33.54991],[-86.72893,33.55237],[-86.73113,33.55026],[-86.73469,33.5527],[-86.73979,33.54714],[-86.74398,33.55074],[-86.74406,33.56265],[-86.74116,33.56259],[-86.74117,33.56628],[-86.74395,33.57027],[-86.74405,33.57365],[-86.74649,33.57375],[-86.75271,33.57143],[-86.75278,33.57738],[-86.74453,33.57719]]]}},{"type":"Feature","properties":{"zcta":"35073","d":38},"geometry":{"type":"MultiPolygon","coordinates":[[[[-86.95565,33.61292],[-86.95608,33.61293],[-86.95567,33.61301],[-86.95565,33.61292]]],[[[-87.0485,33.62704],[-87.04881,33.63549],[-87.04629,33.6356],[-87.0425,33.63819],[-87.04142,33.63913],[-87.0384,33.64811],[-87.036,33.65152],[-87.03311,33.65296],[-87.02598,33.65526],[-87.02084,33.65893],[-87.02356,33.66052],[-87.03143,33.66142],[-87.03271,33.66283],[-87.02774,33.67127],[-87.02477,33.67372],[-87.02091,33.67288],[-87.01738,33.66944],[-87.01269,33.66298],[-87.00988,33.66092],[-87.00751,33.66221],[-87.00412,33.66752],[-87.00891,33.67314],[-87.01258,33.67847],[-87.0126,33.67976],[-87.01015,33.68008],[-87.00572,33.6775],[-87.00334,33.67843],[-87.0034,33.68226],[-87.00203,33.68608],[-87.00229,33.68873],[-87.00758,33.69359],[-87.0135,33.69589],[-87.01598,33.69756],[-87.01569,33.69904],[-87.01323,33.70137],[-87.01026,33.70159],[-87.00467,33.69827],[-87.00159,33.69975],[-87.00132,33.70292],[-86.99936,33.70424],[-86.98798,33.70554],[-86.98055,33.71201],[-86.97935,33.71749],[-86.98393,33.72227],[-86.98132,33.72484],[-86.97582,33.72261],[-86.9699,33.71746],[-86.96657,33.71264],[-86.96492,33.71115],[-86.9651,33.70304],[-86.96477,33.69748],[-86.96902,33.6907],[-86.96674,33.6886],[-86.96591,33.68624],[-86.96766,33.68391],[-86.96476,33.68486],[-86.96158,33.68172],[-86.95833,33.68031],[-86.95868,33.67762],[-86.95611,33.68034],[-86.95286,33.6794],[-86.95385,33.67591],[-86.95159,33.67675],[-86.9512,33.67149],[-86.94968,33.66837],[-86.94386,33.66685],[-86.93886,33.66312],[-86.93937,33.66214],[-86.93444,33.66238],[-86.93275,33.66143],[-86.93159,33.65067],[-86.92665,33.65066],[-86.92667,33.64703],[-86.908,33.64685],[-86.91241,33.64449],[-86.91669,33.6418],[-86.9167,33.64015],[-86.9167,33.64],[-86.9213,33.63748],[-86.91669,33.63789],[-86.9167,33.63861],[-86.91593,33.63659],[-86.91718,33.631],[-86.92034,33.62713],[-86.92514,33.62779],[-86.92996,33.63089],[-86.93443,33.6274],[-86.92994,33.62453],[-86.92802,33.62161],[-86.92996,33.61928],[-86.92891,33.61395],[-86.92913,33.611],[-86.94051,33.61907],[-86.94248,33.62002],[-86.95005,33.62011],[-86.95074,33.61672],[-86.95228,33.6159],[-86.9557,33.61596],[-86.95703,33.61102],[-86.96966,33.61128],[-86.96961,33.60944],[-86.97347,33.6101],[-86.97348,33.61121],[-86.97715,33.61133],[-86.97754,33.61273],[-86.98181,33.61504],[-86.98172,33.61868],[-86.98605,33.61874],[-86.98613,33.62268],[-86.99004,33.62098],[-86.9934,33.62098],[-86.99524,33.61591],[-87.0,33.61745],[-87.0027,33.61998],[-87.00542,33.6195],[-87.00844,33.61628],[-87.01114,33.61516],[-87.013,33.61619],[-87.01369,33.6182],[-87.02184,33.6244],[-87.02359,33.62714],[-87.03998,33.62707],[-87.04004,33.63003],[-87.04934,33.62554],[-87.05302,33.62707],[-87.0485,33.62704]]]]}},{"type":"Feature","properties":{"zcta":"35242","d":506},"geometry":{"type":"Polygon","coordinates":[[[-86.757,33.40615],[-86.75236,33.41226],[-86.74029,33.41545],[-86.73539,33.41523],[-86.73502,33.4113],[-86.73209,33.41286],[-86.72965,33.41289],[-86.72743,33.41553],[-86.72827,33.41751],[-86.72746,33.41967],[-86.72324,33.42275],[-86.71993,33.42175],[-86.72109,33.43091],[-86.71349,33.4317],[-86.71135,33.43479],[-86.71345,33.4391],[-86.70806,33.43883],[-86.70571,33.44057],[-86.7063,33.44279],[-86.71038,33.44247],[-86.71529,33.444],[-86.71465,33.44733],[-86.71526,33.45115],[-86.70975,33.45536],[-86.71058,33.45731],[-86.70739,33.46507],[-86.70368,33.46935],[-86.70544,33.46972],[-86.70878,33.46763],[-86.7065,33.47146],[-86.70624,33.47686],[-86.70968,33.48395],[-86.71074,33.48473],[-86.70832,33.48578],[-86.70189,33.48487],[-86.69817,33.48875],[-86.6964,33.48787],[-86.6955,33.48363],[-86.69166,33.48543],[-86.691,33.4871],[-86.6942,33.48955],[-86.69359,33.49224],[-86.69161,33.49261],[-86.69076,33.48875],[-86.68856,33.48857],[-86.68692,33.49179],[-86.68484,33.49356],[-86.67851,33.49746],[-86.67379,33.49949],[-86.67286,33.50184],[-86.67475,33.50164],[-86.67685,33.4995],[-86.67926,33.50104],[-86.67616,33.50232],[-86.6726,33.50506],[-86.67252,33.5025],[-86.66114,33.50319],[-86.66119,33.49944],[-86.65669,33.49949],[-86.65668,33.50332],[-86.65429,33.50529],[-86.65298,33.50414],[-86.65167,33.50014],[-86.64965,33.49874],[-86.64265,33.49098],[-86.64384,33.48854],[-86.64072,33.48789],[-86.64617,33.484],[-86.64818,33.48317],[-86.64816,33.48116],[-86.6514,33.48111],[-86.65677,33.477],[-86.66027,33.47513],[-86.66028,33.47365],[-86.6656,33.47383],[-86.66589,33.46824],[-86.66763,33.4666],[-86.64238,33.46689],[-86.63915,33.47095],[-86.6385,33.47332],[-86.63221,33.478],[-86.62843,33.47989],[-86.62798,33.47437],[-86.62707,33.47293],[-86.6281,33.46742],[-86.6222,33.46685],[-86.61896,33.46873],[-86.61751,33.46687],[-86.59896,33.46712],[-86.59895,33.46479],[-86.60336,33.46012],[-86.60307,33.4566],[-86.60535,33.45446],[-86.60473,33.45169],[-86.60272,33.45048],[-86.60282,33.44873],[-86.59951,33.45113],[-86.596,33.45181],[-86.59493,33.45099],[-86.59588,33.44849],[-86.59485,33.44735],[-86.5901,33.45073],[-86.59005,33.45213],[-86.59374,33.45497],[-86.59065,33.45851],[-86.58917,33.45756],[-86.58925,33.45359],[-86.58804,33.45419],[-86.58838,33.45761],[-86.58389,33.45913],[-86.58511,33.46072],[-86.58153,33.46032],[-86.58108,33.45804],[-86.58331,33.45665],[-86.58086,33.45484],[-86.58227,33.45307],[-86.58208,33.45122],[-86.57531,33.45601],[-86.57516,33.45135],[-86.58866,33.43916],[-86.5982,33.43154],[-86.60728,33.4221],[-86.61157,33.41505],[-86.61441,33.4085],[-86.62191,33.39681],[-86.62648,33.39115],[-86.64622,33.37763],[-86.64903,33.37541],[-86.6534,33.37318],[-86.65691,33.37038],[-86.66176,33.36845],[-86.66128,33.36531],[-86.65845,33.36204],[-86.6584,33.36086],[-86.6607,33.35724],[-86.66919,33.35717],[-86.67001,33.35677],[-86.6702,33.35225],[-86.67412,33.35118],[-86.67413,33.34989],[-86.67012,33.3492],[-86.67778,33.34594],[-86.68667,33.33997],[-86.69979,33.3325],[-86.70441,33.32821],[-86.71015,33.32839],[-86.71019,33.33204],[-86.70477,33.33197],[-86.70475,33.33929],[-86.70039,33.3392],[-86.70028,33.34278],[-86.69161,33.34263],[-86.69163,33.36428],[-86.6873,33.36433],[-86.6873,33.36793],[-86.68294,33.36799],[-86.68301,33.37529],[-86.67867,33.37537],[-86.67873,33.38277],[-86.67423,33.38288],[-86.6742,33.38655],[-86.68296,33.38637],[-86.68295,33.38995],[-86.68734,33.38989],[-86.68733,33.38627],[-86.69155,33.38618],[-86.69262,33.38438],[-86.69805,33.37906],[-86.70002,33.37912],[-86.70035,33.3755],[-86.70473,33.37557],[-86.7072,33.37306],[-86.70702,33.37146],[-86.70906,33.37009],[-86.70907,33.36835],[-86.71339,33.36499],[-86.71376,33.36123],[-86.71801,33.36146],[-86.72214,33.35885],[-86.72215,33.35808],[-86.72648,33.35821],[-86.7265,33.35459],[-86.72903,33.35465],[-86.73252,33.35102],[-86.73796,33.35106],[-86.73744,33.35162],[-86.7374,33.35914],[-86.74109,33.36086],[-86.73944,33.36238],[-86.74057,33.36474],[-86.74389,33.36424],[-86.74391,33.36582],[-86.73953,33.36574],[-86.73522,33.36147],[-86.73153,33.36798],[-86.73455,33.36844],[-86.73517,33.37391],[-86.73846,33.37396],[-86.73792,33.37616],[-86.73419,33.379],[-86.73492,33.37983],[-86.73946,33.37767],[-86.7394,33.38125],[-86.73779,33.38291],[-86.73929,33.38542],[-86.73721,33.38644],[-86.73469,33.38446],[-86.73463,33.3885],[-86.73633,33.39188],[-86.7386,33.39216],[-86.73807,33.39862],[-86.74364,33.39868],[-86.74272,33.40232],[-86.74669,33.40286],[-86.75495,33.40282],[-86.75486,33.40154],[-86.75781,33.40048],[-86.75881,33.40149],[-86.75699,33.40409],[-86.757,33.40615]]]}},{"type":"Feature","properties":{"zcta":"35216","d":1096},"geometry":{"type":"Polygon","coordinates":[[[-86.75766,33.46816],[-86.75673,33.46237],[-86.76234,33.4566],[-86.76543,33.45677],[-86.76884,33.45928],[-86.76957,33.45574],[-86.76673,33.4541],[-86.76804,33.45263],[-86.76727,33.44889],[-86.76949,33.44888],[-86.76848,33.4446],[-86.76888,33.44278],[-86.76703,33.44246],[-86.77356,33.43369],[-86.7719,33.43186],[-86.77423,33.43012],[-86.77216,33.42865],[-86.77436,33.42806],[-86.77545,33.42564],[-86.77595,33.42136],[-86.77506,33.41706],[-86.77342,33.41672],[-86.77409,33.41383],[-86.77043,33.41237],[-86.76916,33.41047],[-86.76541,33.40998],[-86.76426,33.40865],[-86.76369,33.40471],[-86.75992,33.40556],[-86.75699,33.40409],[-86.75881,33.40149],[-86.75781,33.40048],[-86.75897,33.399],[-86.76359,33.39644],[-86.76902,33.39088],[-86.77206,33.38958],[-86.7738,33.38748],[-86.7765,33.38804],[-86.77839,33.38645],[-86.7785,33.37893],[-86.77404,33.37964],[-86.77272,33.37614],[-86.77191,33.37033],[-86.77371,33.36793],[-86.77519,33.36778],[-86.77795,33.37025],[-86.78103,33.37787],[-86.78767,33.37807],[-86.78735,33.37689],[-86.79263,33.37555],[-86.79641,33.37526],[-86.79746,33.37639],[-86.79755,33.38089],[-86.80146,33.37845],[-86.80154,33.37996],[-86.80425,33.37839],[-86.80661,33.38463],[-86.80641,33.3913],[-86.80834,33.39262],[-86.80782,33.39554],[-86.80631,33.39548],[-86.80606,33.40187],[-86.8089,33.40282],[-86.80888,33.40617],[-86.8062,33.40397],[-86.80661,33.40783],[-86.80752,33.40777],[-86.81052,33.41087],[-86.80754,33.41286],[-86.80944,33.41369],[-86.80606,33.41668],[-86.80858,33.41672],[-86.80858,33.42028],[-86.81275,33.42036],[-86.81293,33.42332],[-86.80873,33.42454],[-86.81167,33.43154],[-86.81176,33.43315],[-86.80835,33.43817],[-86.80816,33.44162],[-86.81256,33.44336],[-86.81403,33.44492],[-86.81153,33.44922],[-86.80832,33.45052],[-86.80175,33.45557],[-86.8001,33.45463],[-86.79683,33.45583],[-86.79179,33.45997],[-86.79179,33.45808],[-86.78447,33.45791],[-86.78485,33.46115],[-86.78297,33.4614],[-86.77174,33.46135],[-86.77161,33.45926],[-86.76846,33.4622],[-86.76693,33.46467],[-86.7647,33.46536],[-86.76654,33.46274],[-86.76308,33.46361],[-86.76308,33.46784],[-86.77019,33.46609],[-86.77007,33.46944],[-86.76724,33.47004],[-86.76603,33.47199],[-86.76365,33.47223],[-86.75766,33.46816]]]}},{"type":"Feature","properties":{"zcta":"35080","d":206},"geometry":{"type":"Polygon","coordinates":[[[-87.02161,33.23883],[-86.98266,33.23864],[-86.98266,33.23968],[-86.97751,33.23969],[-86.97835,33.24387],[-86.97728,33.24539],[-86.97393,33.24493],[-86.97393,33.24584],[-86.96948,33.24585],[-86.96951,33.24989],[-86.95525,33.25981],[-86.95303,33.26194],[-86.95023,33.26259],[-86.94706,33.26084],[-86.94564,33.25849],[-86.94352,33.26143],[-86.94145,33.26635],[-86.93908,33.26883],[-86.93905,33.27448],[-86.93467,33.27466],[-86.93459,33.27816],[-86.93143,33.27816],[-86.93341,33.28181],[-86.93274,33.28415],[-86.92615,33.28985],[-86.91764,33.29651],[-86.90327,33.30603],[-86.90463,33.30395],[-86.90171,33.29938],[-86.89765,33.30206],[-86.89456,33.3028],[-86.89495,33.30781],[-86.88865,33.30774],[-86.88665,33.30772],[-86.88666,33.30585],[-86.88236,33.30202],[-86.88234,33.30413],[-86.88009,33.30407],[-86.87699,33.30094],[-86.87607,33.30239],[-86.87141,33.3065],[-86.86977,33.30888],[-86.87078,33.31254],[-86.86903,33.31306],[-86.86657,33.31058],[-86.8671,33.30828],[-86.86502,33.30729],[-86.86004,33.3079],[-86.85479,33.31368],[-86.85615,33.31485],[-86.86012,33.31499],[-86.85957,33.318],[-86.8582,33.31982],[-86.85395,33.32042],[-86.84987,33.32188],[-86.84579,33.32781],[-86.83923,33.33216],[-86.83226,33.33203],[-86.83069,33.3318],[-86.83074,33.3247],[-86.82633,33.3246],[-86.82632,33.3255],[-86.82304,33.32541],[-86.82202,33.32794],[-86.81482,33.32791],[-86.81777,33.32429],[-86.81985,33.32034],[-86.82021,33.31609],[-86.82194,33.31443],[-86.82465,33.30798],[-86.82195,33.30688],[-86.82196,33.30262],[-86.82634,33.30262],[-86.82641,33.29647],[-86.82979,33.29656],[-86.83422,33.29775],[-86.83694,33.29647],[-86.83503,33.2947],[-86.83567,33.29285],[-86.83229,33.29322],[-86.83145,33.29074],[-86.82762,33.28903],[-86.82643,33.28743],[-86.82645,33.28444],[-86.82383,33.28441],[-86.82396,33.27176],[-86.82401,33.26793],[-86.82657,33.26801],[-86.82655,33.26977],[-86.83086,33.26992],[-86.83305,33.26634],[-86.83938,33.26649],[-86.83973,33.25557],[-86.84362,33.25338],[-86.84687,33.25213],[-86.85206,33.25391],[-86.85269,33.25127],[-86.85553,33.25236],[-86.85581,33.25348],[-86.86057,33.25449],[-86.85989,33.25593],[-86.86174,33.25892],[-86.86374,33.25885],[-86.86535,33.25732],[-86.86944,33.25725],[-86.87115,33.25561],[-86.87907,33.25632],[-86.87725,33.25578],[-86.87617,33.25276],[-86.87856,33.25283],[-86.87856,33.2492],[-86.88078,33.24925],[-86.88155,33.24666],[-86.89139,33.23017],[-86.89858,33.21925],[-86.90721,33.22058],[-86.90978,33.22152],[-86.91602,33.22109],[-86.92276,33.2198],[-86.92602,33.22167],[-86.9281,33.22132],[-86.93287,33.21869],[-86.93564,33.21522],[-86.93801,33.21386],[-86.93899,33.21467],[-86.94011,33.21865],[-86.94317,33.2182],[-86.95017,33.21375],[-86.95202,33.21023],[-86.95465,33.21065],[-86.95586,33.21195],[-86.95716,33.20975],[-86.95694,33.21368],[-86.96157,33.21545],[-86.9621,33.21286],[-86.96583,33.2099],[-86.97052,33.20359],[-86.97297,33.2028],[-86.97496,33.20466],[-86.97659,33.20333],[-86.9777,33.20024],[-86.98062,33.19906],[-86.98559,33.19996],[-86.98665,33.20218],[-86.98621,33.20553],[-86.98934,33.20469],[-86.9909,33.20025],[-86.99053,33.19722],[-86.99324,33.19451],[-86.9961,33.19465],[-86.99761,33.19185],[-86.99739,33.18755],[-87.00119,33.18453],[-87.00254,33.18475],[-87.00457,33.18725],[-87.01091,33.18888],[-87.01034,33.18631],[-87.0118,33.18084],[-87.01145,33.17886],[-87.00898,33.17656],[-87.00659,33.172],[-87.00838,33.16922],[-87.01106,33.17094],[-87.01574,33.16977],[-87.01994,33.1698],[-87.02352,33.16896],[-87.02498,33.16994],[-87.02546,33.17298],[-87.02332,33.17589],[-87.01829,33.17609],[-87.0173,33.17787],[-87.01972,33.17988],[-87.02429,33.18005],[-87.02561,33.1789],[-87.02563,33.19144],[-87.0213,33.19145],[-87.02138,33.20978],[-87.02572,33.20972],[-87.02598,33.22101],[-87.02598,33.23161],[-87.02634,33.23788],[-87.02161,33.23883]]]}},{"type":"Feature","properties":{"zcta":"35127","d":469},"geometry":{"type":"Polygon","coordinates":[[[-87.00707,33.49198],[-87.00201,33.49696],[-87.0017,33.49931],[-86.99908,33.50003],[-86.99583,33.50291],[-86.99567,33.50567],[-86.98727,33.50571],[-86.9872,33.50929],[-86.96986,33.50906],[-86.96979,33.51639],[-86.96893,33.51881],[-86.96492,33.51793],[-86.96866,33.52252],[-86.97013,33.52538],[-86.96431,33.52621],[-86.96153,33.52333],[-86.95152,33.5086],[-86.94622,33.50607],[-86.94181,33.50762],[-86.93518,33.50408],[-86.9363,33.49491],[-86.93795,33.49327],[-86.94081,33.49399],[-86.94128,33.49243],[-86.93919,33.49175],[-86.94321,33.48969],[-86.94649,33.48547],[-86.95339,33.48397],[-86.95698,33.47962],[-86.9614,33.47509],[-86.96383,33.47452],[-86.96359,33.47603],[-86.96596,33.47609],[-86.96599,33.47241],[-86.97344,33.47253],[-86.97336,33.46885],[-86.97632,33.46894],[-86.98003,33.46621],[-86.98071,33.46482],[-86.98677,33.46541],[-86.98777,33.46178],[-86.98993,33.46183],[-86.98992,33.46549],[-86.9938,33.46558],[-86.99449,33.46741],[-87.00139,33.4682],[-87.00382,33.46713],[-87.00886,33.47501],[-87.01064,33.47546],[-87.01269,33.47793],[-87.01301,33.48045],[-87.01625,33.48152],[-87.01386,33.4847],[-87.01481,33.48708],[-87.01334,33.48926],[-87.01103,33.48985],[-87.00707,33.49198]]]}},{"type":"Feature","properties":{"zcta":"35203","d":688},"geometry":{"type":"Polygon","coordinates":[[[-86.81052,33.52701],[-86.80735,33.52762],[-86.80591,33.52553],[-86.80436,33.52857],[-86.79826,33.53294],[-86.79497,33.53077],[-86.79635,33.53012],[-86.79322,33.52822],[-86.79347,33.52587],[-86.79127,33.5251],[-86.78924,33.52226],[-86.79629,33.51893],[-86.79675,33.51716],[-86.80759,33.51171],[-86.81816,33.50697],[-86.82675,33.50266],[-86.82625,33.5044],[-86.82675,33.50987],[-86.82657,33.51389],[-86.8248,33.51567],[-86.82339,33.51541],[-86.82681,33.52111],[-86.82153,33.52137],[-86.81878,33.52019],[-86.82026,33.52239],[-86.81754,33.52369],[-86.81052,33.52701]]]}},{"type":"Feature","properties":{"zcta":"35218","d":890},"geometry":{"type":"Polygon","coordinates":[[[-86.89166,33.52534],[-86.88906,33.52115],[-86.88381,33.51832],[-86.87916,33.51756],[-86.87891,33.51514],[-86.87928,33.5096],[-86.87783,33.50857],[-86.8808,33.50607],[-86.88187,33.50252],[-86.87867,33.50243],[-86.87875,33.50031],[-86.88793,33.50073],[-86.88949,33.50049],[-86.88976,33.49275],[-86.90111,33.49297],[-86.90234,33.4934],[-86.90484,33.4917],[-86.9049,33.49739],[-86.91181,33.50089],[-86.91104,33.50274],[-86.9007,33.51523],[-86.90318,33.51665],[-86.89969,33.51908],[-86.89415,33.5269],[-86.89166,33.52534]]]}},{"type":"Feature","properties":{"zcta":"35212","d":709},"geometry":{"type":"Polygon","coordinates":[[[-86.77896,33.55497],[-86.77385,33.55713],[-86.76495,33.56152],[-86.76016,33.56477],[-86.75645,33.56884],[-86.75695,33.57487],[-86.75603,33.5763],[-86.75278,33.57738],[-86.75271,33.57143],[-86.74649,33.57375],[-86.74405,33.57365],[-86.74395,33.57027],[-86.74117,33.56628],[-86.74116,33.56259],[-86.74406,33.56265],[-86.74398,33.55074],[-86.73979,33.54714],[-86.73469,33.5527],[-86.73113,33.55026],[-86.72893,33.55237],[-86.72797,33.54991],[-86.72569,33.54779],[-86.7223,33.54802],[-86.72255,33.54644],[-86.72065,33.5449],[-86.72062,33.54176],[-86.72229,33.5419],[-86.72005,33.5398],[-86.71982,33.53887],[-86.72329,33.5394],[-86.73269,33.53592],[-86.73263,33.53195],[-86.73183,33.53167],[-86.73276,33.5296],[-86.73533,33.52962],[-86.73533,33.52781],[-86.73966,33.52789],[-86.73966,33.5304],[-86.74943,33.5274],[-86.75503,33.52762],[-86.75592,33.52978],[-86.75822,33.53161],[-86.76136,33.53611],[-86.76676,33.53385],[-86.77707,33.53726],[-86.77897,33.53976],[-86.77896,33.54289],[-86.78203,33.5424],[-86.78424,33.54558],[-86.78008,33.54806],[-86.78049,33.5486],[-86.77497,33.55171],[-86.77898,33.55235],[-86.77896,33.55497]]]}},{"type":"Feature","properties":{"zcta":"35554","d":8},"geometry":{"type":"Polygon","coordinates":[[[-87.63134,33.96808],[-87.62964,33.96915],[-87.62446,33.96829],[-87.61873,33.97071],[-87.61636,33.9687],[-87.60942,33.96527],[-87.59242,33.96467],[-87.59245,33.96093],[-87.57941,33.96035],[-87.57935,33.95269],[-87.57595,33.95297],[-87.57394,33.95542],[-87.57224,33.95311],[-87.56626,33.94855],[-87.56643,33.9416],[-87.58046,33.94205],[-87.58828,33.93716],[-87.58887,33.93558],[-87.6072,33.93586],[-87.6085,33.92773],[-87.60139,33.92507],[-87.60292,33.92511],[-87.61447,33.92221],[-87.61494,33.91757],[-87.6134,33.91101],[-87.61559,33.90672],[-87.61384,33.90464],[-87.61325,33.90208],[-87.61402,33.90035],[-87.61422,33.89384],[-87.61056,33.89064],[-87.61144,33.88724],[-87.60981,33.88529],[-87.61052,33.88312],[-87.61234,33.88179],[-87.61049,33.87866],[-87.61198,33.87337],[-87.61176,33.87118],[-87.61001,33.86965],[-87.60963,33.86658],[-87.60298,33.86823],[-87.60104,33.863],[-87.6009,33.85577],[-87.60787,33.85589],[-87.60965,33.85381],[-87.60962,33.84639],[-87.61398,33.84543],[-87.61518,33.84286],[-87.61873,33.84106],[-87.62422,33.8417],[-87.62866,33.84052],[-87.63424,33.84072],[-87.63713,33.84009],[-87.64126,33.83761],[-87.64791,33.83489],[-87.6525,33.83535],[-87.65704,33.82716],[-87.66191,33.82724],[-87.66334,33.82817],[-87.66621,33.82772],[-87.66701,33.82932],[-87.6703,33.82831],[-87.67219,33.82934],[-87.67326,33.83471],[-87.67606,33.83461],[-87.67562,33.83645],[-87.68045,33.83551],[-87.68635,33.83826],[-87.68714,33.83922],[-87.69126,33.83876],[-87.69283,33.83736],[-87.69513,33.83722],[-87.69658,33.83523],[-87.6979,33.83541],[-87.70185,33.83849],[-87.70306,33.83693],[-87.70355,33.83141],[-87.70863,33.83264],[-87.71219,33.83127],[-87.7117,33.8284],[-87.71436,33.82657],[-87.71507,33.82998],[-87.71276,33.83423],[-87.7117,33.83878],[-87.70881,33.84366],[-87.71006,33.84934],[-87.7155,33.84924],[-87.71494,33.85347],[-87.71912,33.85487],[-87.71879,33.85632],[-87.72285,33.85698],[-87.72693,33.85638],[-87.72693,33.84891],[-87.73323,33.84986],[-87.73407,33.8473],[-87.73712,33.84459],[-87.74001,33.83579],[-87.73804,33.82963],[-87.7403,33.82806],[-87.74183,33.82835],[-87.74679,33.8346],[-87.75093,33.84368],[-87.75461,33.84819],[-87.75355,33.84991],[-87.74872,33.85105],[-87.74553,33.85293],[-87.74574,33.8648],[-87.74524,33.86478],[-87.7444,33.87064],[-87.745,33.87239],[-87.74374,33.87439],[-87.74417,33.87839],[-87.73509,33.87852],[-87.7309,33.87644],[-87.72696,33.87621],[-87.72212,33.87453],[-87.71836,33.87605],[-87.71945,33.878],[-87.71534,33.8828],[-87.71364,33.88333],[-87.70581,33.88195],[-87.70202,33.88232],[-87.69831,33.88097],[-87.69301,33.88415],[-87.69339,33.88569],[-87.69125,33.88567],[-87.69081,33.88816],[-87.68881,33.89068],[-87.6847,33.89145],[-87.68285,33.89507],[-87.68483,33.89618],[-87.68191,33.89804],[-87.68156,33.89948],[-87.68362,33.89941],[-87.68318,33.90088],[-87.68078,33.90231],[-87.68514,33.90584],[-87.6901,33.90579],[-87.69705,33.90742],[-87.697,33.91023],[-87.68948,33.9084],[-87.68583,33.90986],[-87.68684,33.91134],[-87.68606,33.91689],[-87.68257,33.92335],[-87.68062,33.9285],[-87.68404,33.93027],[-87.68034,33.92997],[-87.68004,33.93911],[-87.68081,33.9458],[-87.68403,33.94898],[-87.6837,33.95093],[-87.67922,33.95169],[-87.67765,33.95388],[-87.679,33.95716],[-87.68298,33.95989],[-87.68315,33.96323],[-87.67795,33.96435],[-87.67663,33.96648],[-87.6793,33.96841],[-87.68263,33.96967],[-87.68144,33.97308],[-87.67774,33.97303],[-87.67678,33.97203],[-87.66549,33.96967],[-87.662,33.96979],[-87.65848,33.9711],[-87.65431,33.97128],[-87.64576,33.96898],[-87.64432,33.96796],[-87.64159,33.96919],[-87.63833,33.96937],[-87.63604,33.96851],[-87.63134,33.96808]]]}},{"type":"Feature","properties":{"zcta":"35226","d":959},"geometry":{"type":"Polygon","coordinates":[[[-86.86531,33.41167],[-86.86205,33.41683],[-86.85658,33.42086],[-86.85382,33.42359],[-86.84831,33.4271],[-86.84724,33.42833],[-86.84317,33.43031],[-86.84173,33.43324],[-86.83667,33.43475],[-86.83551,33.43734],[-86.82928,33.43923],[-86.82609,33.44133],[-86.82228,33.44558],[-86.82024,33.44551],[-86.81771,33.44688],[-86.81822,33.44539],[-86.82204,33.44088],[-86.82185,33.4395],[-86.82002,33.4418],[-86.81403,33.44492],[-86.81256,33.44336],[-86.80816,33.44162],[-86.80835,33.43817],[-86.81176,33.43315],[-86.81167,33.43154],[-86.80873,33.42454],[-86.81293,33.42332],[-86.81275,33.42036],[-86.80858,33.42028],[-86.80858,33.41672],[-86.80606,33.41668],[-86.80944,33.41369],[-86.80754,33.41286],[-86.81052,33.41087],[-86.80752,33.40777],[-86.80661,33.40783],[-86.8062,33.40397],[-86.80888,33.40617],[-86.8089,33.40282],[-86.80606,33.40187],[-86.80631,33.39548],[-86.80782,33.39554],[-86.80834,33.39262],[-86.80641,33.3913],[-86.80661,33.38463],[-86.83274,33.37264],[-86.84048,33.36744],[-86.85176,33.35706],[-86.8549,33.35752],[-86.85808,33.35666],[-86.86248,33.35339],[-86.866,33.3518],[-86.86891,33.34909],[-86.87135,33.3495],[-86.87562,33.35369],[-86.86525,33.3757],[-86.86489,33.37851],[-86.86693,33.38213],[-86.87734,33.38274],[-86.87961,33.38331],[-86.89681,33.38378],[-86.89962,33.38429],[-86.89964,33.39151],[-86.89215,33.39135],[-86.89217,33.39428],[-86.891,33.39522],[-86.89478,33.39551],[-86.89586,33.39673],[-86.89259,33.40057],[-86.88912,33.40338],[-86.88509,33.40561],[-86.882,33.40564],[-86.88245,33.40457],[-86.87949,33.40406],[-86.87599,33.40142],[-86.87191,33.40097],[-86.87223,33.39797],[-86.87027,33.40433],[-86.8701,33.40777],[-86.86507,33.41421],[-86.86531,33.41167]]]}},{"type":"Feature","properties":{"zcta":"35234","d":458},"geometry":{"type":"Polygon","coordinates":[[[-86.78694,33.55273],[-86.77898,33.55235],[-86.77497,33.55171],[-86.78049,33.5486],[-86.78008,33.54806],[-86.78424,33.54558],[-86.78203,33.5424],[-86.77896,33.54289],[-86.77897,33.53976],[-86.77896,33.53792],[-86.7818,33.53886],[-86.79317,33.53345],[-86.79224,33.53207],[-86.79497,33.53077],[-86.79826,33.53294],[-86.80436,33.52857],[-86.80591,33.52553],[-86.80735,33.52762],[-86.81052,33.52701],[-86.81754,33.52369],[-86.82176,33.53157],[-86.82408,33.53266],[-86.82376,33.53661],[-86.8263,33.53691],[-86.82457,33.5384],[-86.82731,33.54541],[-86.8276,33.5461],[-86.81983,33.54841],[-86.81524,33.54916],[-86.81242,33.55151],[-86.81171,33.54979],[-86.80864,33.5481],[-86.80366,33.5463],[-86.80187,33.54624],[-86.79515,33.55007],[-86.79312,33.55262],[-86.79072,33.55219],[-86.78975,33.5504],[-86.78922,33.55304],[-86.7878,33.55456],[-86.78694,33.55273]]]}},{"type":"Feature","properties":{"zcta":"35223","d":677},"geometry":{"type":"Polygon","coordinates":[[[-86.78818,33.49981],[-86.78824,33.49695],[-86.78311,33.49927],[-86.78068,33.49676],[-86.78104,33.49377],[-86.77485,33.49416],[-86.77491,33.49602],[-86.77279,33.49261],[-86.77074,33.49291],[-86.76929,33.49098],[-86.7626,33.4963],[-86.76118,33.49791],[-86.76049,33.50167],[-86.75848,33.50314],[-86.75758,33.50139],[-86.76239,33.49488],[-86.7605,33.49395],[-86.76077,33.49019],[-86.75476,33.48997],[-86.75296,33.48687],[-86.75569,33.48397],[-86.75407,33.48261],[-86.74698,33.48956],[-86.74205,33.49244],[-86.73979,33.4928],[-86.73974,33.48993],[-86.73654,33.49142],[-86.73469,33.49385],[-86.72653,33.4988],[-86.72489,33.49834],[-86.71862,33.50292],[-86.71102,33.50739],[-86.7102,33.50678],[-86.706,33.51105],[-86.70669,33.51122],[-86.70121,33.51506],[-86.69644,33.51468],[-86.69641,33.51564],[-86.69275,33.51738],[-86.69187,33.51985],[-86.68731,33.52101],[-86.68328,33.51389],[-86.69653,33.50446],[-86.70002,33.50101],[-86.70333,33.49616],[-86.70111,33.49511],[-86.69821,33.4919],[-86.69817,33.48875],[-86.70189,33.48487],[-86.70832,33.48578],[-86.71074,33.48473],[-86.71238,33.48335],[-86.71246,33.47967],[-86.71412,33.48019],[-86.71879,33.47705],[-86.71895,33.47624],[-86.72396,33.47791],[-86.72742,33.47198],[-86.73119,33.46696],[-86.74016,33.46765],[-86.74871,33.46636],[-86.7506,33.46453],[-86.75031,33.46069],[-86.75673,33.46237],[-86.75766,33.46816],[-86.76365,33.47223],[-86.76698,33.47392],[-86.76805,33.47326],[-86.77221,33.47717],[-86.77433,33.47586],[-86.77861,33.47598],[-86.77857,33.47928],[-86.77642,33.47958],[-86.7764,33.48319],[-86.77425,33.4848],[-86.77922,33.4832],[-86.78063,33.48381],[-86.78688,33.48425],[-86.78703,33.49383],[-86.78897,33.4971],[-86.78925,33.5001],[-86.78818,33.49981]]]}},{"type":"Feature","properties":{"zcta":"35004","d":299},"geometry":{"type":"Polygon","coordinates":[[[-86.50812,33.64098],[-86.50248,33.64094],[-86.50233,33.64834],[-86.49885,33.64843],[-86.49578,33.6517],[-86.49613,33.65556],[-86.493,33.65983],[-86.49182,33.66006],[-86.48856,33.66624],[-86.4861,33.66841],[-86.48225,33.66473],[-86.48681,33.65896],[-86.49418,33.64625],[-86.49672,33.64363],[-86.49708,33.64138],[-86.49602,33.63995],[-86.4926,33.63863],[-86.48905,33.63998],[-86.48967,33.63754],[-86.49374,33.63754],[-86.49373,33.63364],[-86.46441,33.63297],[-86.46818,33.62871],[-86.46617,33.62612],[-86.46422,33.62618],[-86.46423,33.62262],[-86.4604,33.62258],[-86.46015,33.62091],[-86.45582,33.61938],[-86.45408,33.61694],[-86.45482,33.61525],[-86.4503,33.61329],[-86.44851,33.61066],[-86.45153,33.60848],[-86.45382,33.60151],[-86.45571,33.60005],[-86.45336,33.59782],[-86.45423,33.59662],[-86.45282,33.59362],[-86.45936,33.58763],[-86.45754,33.58434],[-86.46129,33.58064],[-86.46204,33.57902],[-86.45948,33.57868],[-86.47454,33.57828],[-86.47957,33.57724],[-86.49628,33.57081],[-86.50418,33.56893],[-86.52128,33.56602],[-86.51908,33.57194],[-86.52322,33.57015],[-86.52527,33.56609],[-86.52557,33.56741],[-86.53451,33.5682],[-86.53415,33.57918],[-86.52843,33.5792],[-86.52778,33.58314],[-86.52883,33.58523],[-86.53573,33.58614],[-86.54191,33.58856],[-86.53969,33.59058],[-86.53578,33.59213],[-86.53435,33.59166],[-86.53299,33.59369],[-86.534,33.59526],[-86.5295,33.59644],[-86.52771,33.59927],[-86.52853,33.60126],[-86.53145,33.60138],[-86.52343,33.6109],[-86.52201,33.61117],[-86.52114,33.61352],[-86.51679,33.61063],[-86.51611,33.60813],[-86.51415,33.6104],[-86.512,33.6111],[-86.51381,33.61594],[-86.516,33.6176],[-86.51649,33.62106],[-86.51388,33.62268],[-86.51358,33.62453],[-86.51114,33.62718],[-86.50808,33.63196],[-86.51625,33.62761],[-86.52186,33.62825],[-86.52036,33.63127],[-86.51663,33.63126],[-86.51658,33.63393],[-86.50737,33.63393],[-86.5074,33.63726],[-86.50973,33.63726],[-86.50812,33.64098]],[[-86.52126,33.5784],[-86.52128,33.575],[-86.51905,33.57495],[-86.51905,33.58262],[-86.51687,33.58255],[-86.51689,33.58612],[-86.5228,33.58528],[-86.52304,33.58287],[-86.52565,33.58279],[-86.52577,33.57862],[-86.52126,33.5784]]]}},{"type":"Feature","properties":{"zcta":"35211","d":549},"geometry":{"type":"Polygon","coordinates":[[[-86.90839,33.42931],[-86.90013,33.43418],[-86.89013,33.43844],[-86.88967,33.44154],[-86.89108,33.44331],[-86.89065,33.4451],[-86.88695,33.445],[-86.88704,33.4498],[-86.88286,33.45559],[-86.88294,33.46807],[-86.87891,33.4715],[-86.87427,33.47065],[-86.87434,33.47488],[-86.88301,33.46872],[-86.88301,33.47257],[-86.88071,33.47456],[-86.88213,33.47792],[-86.88479,33.47821],[-86.88456,33.4785],[-86.87545,33.49035],[-86.87312,33.49016],[-86.87282,33.49199],[-86.86969,33.49431],[-86.86359,33.49631],[-86.85684,33.5002],[-86.85687,33.50065],[-86.84722,33.50386],[-86.83646,33.50583],[-86.83454,33.49895],[-86.8331,33.49962],[-86.83389,33.4969],[-86.83099,33.49257],[-86.83136,33.49066],[-86.83084,33.48302],[-86.82897,33.48297],[-86.83259,33.48014],[-86.83751,33.47697],[-86.83951,33.47492],[-86.84125,33.4682],[-86.84153,33.46094],[-86.84214,33.45808],[-86.84697,33.4534],[-86.84831,33.45049],[-86.84837,33.44259],[-86.84518,33.43782],[-86.84507,33.43472],[-86.84348,33.435],[-86.84173,33.43324],[-86.84317,33.43031],[-86.84724,33.42833],[-86.84831,33.4271],[-86.85382,33.42359],[-86.85658,33.42086],[-86.86205,33.41683],[-86.86531,33.41167],[-86.86507,33.41421],[-86.86508,33.41993],[-86.88378,33.42025],[-86.8869,33.417],[-86.88697,33.42106],[-86.88478,33.42151],[-86.8834,33.42399],[-86.88698,33.42412],[-86.88966,33.42503],[-86.89052,33.42148],[-86.896,33.41989],[-86.89782,33.42072],[-86.89634,33.41489],[-86.89822,33.41169],[-86.90243,33.40926],[-86.90434,33.40677],[-86.90837,33.40435],[-86.90979,33.40206],[-86.91277,33.40221],[-86.91541,33.40565],[-86.91841,33.40553],[-86.92027,33.40357],[-86.92518,33.3953],[-86.92553,33.3953],[-86.9306,33.39533],[-86.93068,33.40451],[-86.92789,33.40591],[-86.92646,33.41022],[-86.92155,33.41703],[-86.91759,33.42083],[-86.90839,33.42931]]]}},{"type":"Feature","properties":{"zcta":"35204","d":657},"geometry":{"type":"Polygon","coordinates":[[[-86.87339,33.52101],[-86.86643,33.51845],[-86.85873,33.52024],[-86.85217,33.52544],[-86.85999,33.53201],[-86.86459,33.53332],[-86.86082,33.53405],[-86.85051,33.53569],[-86.83238,33.54446],[-86.83084,33.54378],[-86.82731,33.54541],[-86.82457,33.5384],[-86.8263,33.53691],[-86.82376,33.53661],[-86.82408,33.53266],[-86.82176,33.53157],[-86.81754,33.52369],[-86.82026,33.52239],[-86.81878,33.52019],[-86.82153,33.52137],[-86.82681,33.52111],[-86.82339,33.51541],[-86.8248,33.51567],[-86.82657,33.51389],[-86.82675,33.50987],[-86.82625,33.5044],[-86.82675,33.50266],[-86.8331,33.49962],[-86.83454,33.49895],[-86.83646,33.50583],[-86.84722,33.50386],[-86.85687,33.50065],[-86.85705,33.50911],[-86.85605,33.51207],[-86.8492,33.51183],[-86.85005,33.51602],[-86.85277,33.51608],[-86.85591,33.51475],[-86.85973,33.51579],[-86.86159,33.51526],[-86.86176,33.51835],[-86.86747,33.51659],[-86.87139,33.51428],[-86.87114,33.51789],[-86.87458,33.51799],[-86.87467,33.51505],[-86.87891,33.51514],[-86.87916,33.51756],[-86.87339,33.52101]]]}},{"type":"Feature","properties":{"zcta":"35207","d":283},"geometry":{"type":"Polygon","coordinates":[[[-86.85483,33.59145],[-86.85535,33.59512],[-86.85458,33.5981],[-86.85231,33.59739],[-86.85031,33.59223],[-86.84837,33.59118],[-86.843,33.59121],[-86.83824,33.59354],[-86.83426,33.59264],[-86.83003,33.58997],[-86.82828,33.58971],[-86.82284,33.59199],[-86.82116,33.59365],[-86.81804,33.59199],[-86.81665,33.59374],[-86.81338,33.59365],[-86.81338,33.59486],[-86.80738,33.59352],[-86.80583,33.59101],[-86.80044,33.59108],[-86.80076,33.58852],[-86.79768,33.58951],[-86.79287,33.58613],[-86.78999,33.58512],[-86.78864,33.58155],[-86.78848,33.57485],[-86.78784,33.5727],[-86.78543,33.57216],[-86.78677,33.5677],[-86.78721,33.55788],[-86.7878,33.55456],[-86.78922,33.55304],[-86.78975,33.5504],[-86.79072,33.55219],[-86.79312,33.55262],[-86.79515,33.55007],[-86.80187,33.54624],[-86.80366,33.5463],[-86.80864,33.5481],[-86.81171,33.54979],[-86.81242,33.55151],[-86.81524,33.54916],[-86.81983,33.54841],[-86.8276,33.5461],[-86.82731,33.54541],[-86.83084,33.54378],[-86.83238,33.54446],[-86.85051,33.53569],[-86.86082,33.53405],[-86.85569,33.53815],[-86.85519,33.54391],[-86.85299,33.5521],[-86.84889,33.5598],[-86.84693,33.56074],[-86.84171,33.55981],[-86.84275,33.56574],[-86.84687,33.56876],[-86.85009,33.57196],[-86.85118,33.57752],[-86.85622,33.58643],[-86.8555,33.58913],[-86.85483,33.59145]]]}},{"type":"Feature","properties":{"zcta":"35061","d":272},"geometry":{"type":"Polygon","coordinates":[[[-86.93299,33.4949],[-86.92046,33.49274],[-86.9179,33.4932],[-86.92747,33.48085],[-86.92958,33.47864],[-86.93399,33.47437],[-86.93565,33.47363],[-86.93852,33.47053],[-86.9514,33.45794],[-86.96368,33.44591],[-86.96062,33.44984],[-86.96158,33.45387],[-86.96055,33.45759],[-86.96171,33.45759],[-86.96166,33.46189],[-86.96605,33.46137],[-86.96609,33.46507],[-86.97037,33.46596],[-86.97036,33.46878],[-86.97336,33.46885],[-86.97344,33.47253],[-86.96599,33.47241],[-86.96596,33.47609],[-86.96359,33.47603],[-86.96383,33.47452],[-86.9614,33.47509],[-86.95698,33.47962],[-86.95339,33.48397],[-86.94649,33.48547],[-86.94321,33.48969],[-86.93919,33.49175],[-86.94128,33.49243],[-86.94081,33.49399],[-86.93795,33.49327],[-86.9363,33.49491],[-86.93299,33.4949]]]}},{"type":"Feature","properties":{"zcta":"35062","d":75},"geometry":{"type":"Polygon","coordinates":[[[-87.07422,33.77378],[-87.07275,33.77212],[-87.06985,33.76602],[-87.0709,33.76603],[-87.07137,33.75821],[-87.06516,33.75887],[-87.05789,33.75],[-87.05473,33.74516],[-87.05627,33.74022],[-87.05373,33.73866],[-87.04978,33.73295],[-87.04635,33.73234],[-87.04653,33.72894],[-87.03158,33.72898],[-87.0316,33.7323],[-87.03347,33.73584],[-87.03163,33.73655],[-87.03169,33.74365],[-87.02335,33.74358],[-87.02292,33.74646],[-87.02288,33.75756],[-87.02009,33.76128],[-87.02138,33.76244],[-87.02145,33.77026],[-87.02217,33.77272],[-87.01431,33.77265],[-87.01431,33.77446],[-87.00985,33.77686],[-87.00591,33.77676],[-87.00596,33.78724],[-87.0,33.78727],[-86.98345,33.78673],[-86.98324,33.78986],[-86.98151,33.79392],[-86.97804,33.79606],[-86.97405,33.8011],[-86.95886,33.80088],[-86.95966,33.79946],[-86.96248,33.79894],[-86.96245,33.7937],[-86.96483,33.79374],[-86.96474,33.78694],[-86.96008,33.79171],[-86.95368,33.79359],[-86.95368,33.7949],[-86.95676,33.79523],[-86.95555,33.79719],[-86.95726,33.79847],[-86.95635,33.80084],[-86.95381,33.80078],[-86.95376,33.79863],[-86.95152,33.79712],[-86.95153,33.79348],[-86.94492,33.79334],[-86.94478,33.78603],[-86.94295,33.78602],[-86.94285,33.78082],[-86.94043,33.7808],[-86.9403,33.77627],[-86.93722,33.77621],[-86.93593,33.77258],[-86.93738,33.7714],[-86.94881,33.77172],[-86.94882,33.76459],[-86.9539,33.76435],[-86.95788,33.76114],[-86.95987,33.75771],[-86.96022,33.74999],[-86.96003,33.74124],[-86.96405,33.72975],[-86.96478,33.7179],[-86.96492,33.71115],[-86.96657,33.71264],[-86.9699,33.71746],[-86.97582,33.72261],[-86.98132,33.72484],[-86.98393,33.72227],[-86.97935,33.71749],[-86.98055,33.71201],[-86.98798,33.70554],[-86.99936,33.70424],[-87.00132,33.70292],[-87.00159,33.69975],[-87.00467,33.69827],[-87.01026,33.70159],[-87.01323,33.70137],[-87.01569,33.69904],[-87.01598,33.69756],[-87.0135,33.69589],[-87.00758,33.69359],[-87.00229,33.68873],[-87.00203,33.68608],[-87.0034,33.68226],[-87.00334,33.67843],[-87.00572,33.6775],[-87.01015,33.68008],[-87.0126,33.67976],[-87.01258,33.67847],[-87.00891,33.67314],[-87.00412,33.66752],[-87.00751,33.66221],[-87.00988,33.66092],[-87.01269,33.66298],[-87.01738,33.66944],[-87.02091,33.67288],[-87.02477,33.67372],[-87.02774,33.67127],[-87.03271,33.66283],[-87.03143,33.66142],[-87.02356,33.66052],[-87.02084,33.65893],[-87.02598,33.65526],[-87.03311,33.65296],[-87.036,33.65152],[-87.0384,33.64811],[-87.04142,33.63913],[-87.0425,33.63819],[-87.04538,33.64298],[-87.04512,33.64828],[-87.04601,33.64923],[-87.05153,33.65081],[-87.05388,33.65213],[-87.05511,33.65794],[-87.05772,33.66129],[-87.06577,33.66964],[-87.0674,33.67291],[-87.06621,33.67796],[-87.06646,33.6809],[-87.07071,33.69537],[-87.07216,33.69787],[-87.07733,33.69855],[-87.07379,33.70134],[-87.0728,33.70781],[-87.07165,33.71046],[-87.07155,33.71908],[-87.07103,33.72036],[-87.0741,33.71926],[-87.07623,33.71999],[-87.08047,33.71879],[-87.08477,33.72006],[-87.08968,33.72544],[-87.0928,33.72439],[-87.09277,33.72257],[-87.09709,33.72257],[-87.09796,33.72597],[-87.10153,33.72593],[-87.1015,33.72428],[-87.10958,33.72436],[-87.11214,33.72599],[-87.1161,33.72687],[-87.11799,33.72306],[-87.1207,33.72009],[-87.12749,33.71739],[-87.13091,33.71555],[-87.13617,33.71648],[-87.13959,33.7134],[-87.1437,33.71468],[-87.14915,33.71601],[-87.1512,33.71995],[-87.15047,33.72223],[-87.14376,33.7293],[-87.14116,33.72837],[-87.14093,33.73024],[-87.13719,33.73387],[-87.1343,33.73554],[-87.13261,33.74175],[-87.13021,33.74319],[-87.12705,33.74711],[-87.11713,33.73735],[-87.11497,33.73675],[-87.11219,33.73827],[-87.11105,33.73613],[-87.10298,33.73624],[-87.09997,33.73723],[-87.09799,33.7396],[-87.09803,33.74817],[-87.08897,33.74823],[-87.08898,33.75128],[-87.08773,33.75124],[-87.08713,33.75952],[-87.0848,33.7646],[-87.07443,33.7736],[-87.08305,33.77927],[-87.08485,33.78149],[-87.08027,33.78183],[-87.08032,33.7844],[-87.07588,33.78432],[-87.07573,33.77707],[-87.07041,33.7769],[-87.07422,33.77378]]]}},{"type":"Feature","properties":{"zcta":"35064","d":946},"geometry":{"type":"Polygon","coordinates":[[[-86.92747,33.48085],[-86.9179,33.4932],[-86.91181,33.50089],[-86.9049,33.49739],[-86.90484,33.4917],[-86.90488,33.48856],[-86.90344,33.48855],[-86.90349,33.48629],[-86.90493,33.4863],[-86.90515,33.48151],[-86.90423,33.47832],[-86.90696,33.47538],[-86.90258,33.47413],[-86.91024,33.46637],[-86.90987,33.46509],[-86.91395,33.4694],[-86.91487,33.46835],[-86.91486,33.46273],[-86.91583,33.46091],[-86.92215,33.45664],[-86.92461,33.45721],[-86.93052,33.4562],[-86.931,33.45182],[-86.93555,33.45188],[-86.93865,33.45299],[-86.93982,33.4563],[-86.94192,33.45693],[-86.93708,33.45735],[-86.93713,33.45965],[-86.93555,33.46095],[-86.93821,33.46097],[-86.94035,33.46328],[-86.92974,33.47339],[-86.92958,33.47864],[-86.92747,33.48085]]]}},{"type":"Feature","properties":{"zcta":"35068","d":294},"geometry":{"type":"Polygon","coordinates":[[[-86.85775,33.63179],[-86.85543,33.63155],[-86.85112,33.629],[-86.84402,33.62846],[-86.84402,33.63086],[-86.83525,33.63058],[-86.83529,33.62692],[-86.8309,33.6268],[-86.83094,33.62317],[-86.81352,33.62263],[-86.80912,33.62153],[-86.81128,33.62426],[-86.81121,33.62975],[-86.80659,33.62939],[-86.80809,33.63257],[-86.80589,33.63257],[-86.80519,33.6286],[-86.80323,33.6298],[-86.79614,33.62967],[-86.79592,33.63145],[-86.79255,33.63199],[-86.79387,33.62604],[-86.79847,33.6261],[-86.80095,33.62172],[-86.79449,33.62174],[-86.79281,33.62114],[-86.79118,33.61734],[-86.79275,33.61489],[-86.7863,33.61557],[-86.7845,33.61067],[-86.78447,33.60757],[-86.77935,33.60745],[-86.78308,33.60408],[-86.78853,33.5976],[-86.79217,33.59091],[-86.79225,33.58879],[-86.78999,33.58512],[-86.79287,33.58613],[-86.79768,33.58951],[-86.80076,33.58852],[-86.80044,33.59108],[-86.80583,33.59101],[-86.80738,33.59352],[-86.81338,33.59486],[-86.81338,33.59365],[-86.81665,33.59374],[-86.81804,33.59199],[-86.82116,33.59365],[-86.82284,33.59199],[-86.82828,33.58971],[-86.83003,33.58997],[-86.83426,33.59264],[-86.83824,33.59354],[-86.843,33.59121],[-86.84837,33.59118],[-86.85031,33.59223],[-86.85231,33.59739],[-86.85458,33.5981],[-86.85535,33.59512],[-86.85483,33.59145],[-86.8555,33.58913],[-86.868,33.58965],[-86.87041,33.59002],[-86.87804,33.593],[-86.87804,33.59524],[-86.87218,33.59508],[-86.8694,33.59499],[-86.86966,33.6023],[-86.87372,33.60238],[-86.87396,33.60263],[-86.8742,33.60966],[-86.87865,33.60972],[-86.87875,33.61334],[-86.88307,33.61337],[-86.88313,33.61701],[-86.87835,33.62099],[-86.87805,33.62369],[-86.87676,33.62264],[-86.87456,33.62318],[-86.87453,33.62049],[-86.8702,33.62042],[-86.87017,33.6277],[-86.86308,33.62755],[-86.86051,33.62926],[-86.86356,33.62975],[-86.86115,33.63076],[-86.85775,33.63179]],[[-86.86132,33.60943],[-86.86147,33.62029],[-86.8658,33.62039],[-86.86552,33.60955],[-86.86132,33.60943]]]}},{"type":"Feature","properties":{"zcta":"35125","d":98},"geometry":{"type":"Polygon","coordinates":[[[-86.29428,33.68115],[-86.29585,33.67886],[-86.28947,33.67795],[-86.28653,33.67397],[-86.28387,33.67538],[-86.28249,33.67003],[-86.27963,33.66893],[-86.29008,33.657],[-86.28178,33.65711],[-86.28189,33.65352],[-86.27746,33.6536],[-86.27747,33.65535],[-86.26499,33.65995],[-86.26314,33.6602],[-86.26006,33.65512],[-86.25849,33.65513],[-86.25111,33.65262],[-86.23879,33.6435],[-86.23724,33.64351],[-86.23533,33.64932],[-86.23161,33.65025],[-86.22302,33.65124],[-86.2215,33.65323],[-86.21665,33.65509],[-86.21732,33.65672],[-86.21368,33.65975],[-86.20959,33.65967],[-86.20372,33.65583],[-86.19814,33.65643],[-86.19472,33.65838],[-86.18678,33.65732],[-86.18683,33.65238],[-86.18227,33.65241],[-86.1823,33.63526],[-86.18851,33.63552],[-86.1985,33.63885],[-86.20417,33.64323],[-86.20683,33.64343],[-86.20862,33.645],[-86.21075,33.64162],[-86.21031,33.63923],[-86.20729,33.63174],[-86.20491,33.62847],[-86.20496,33.62413],[-86.2029,33.62107],[-86.22041,33.62066],[-86.22034,33.61355],[-86.22475,33.61341],[-86.22478,33.60603],[-86.23259,33.6057],[-86.24001,33.60811],[-86.24138,33.6059],[-86.24132,33.5997],[-86.24064,33.59803],[-86.23745,33.59554],[-86.23719,33.59413],[-86.23953,33.5894],[-86.24189,33.58965],[-86.25017,33.58879],[-86.25351,33.58935],[-86.25786,33.59123],[-86.26113,33.59193],[-86.26854,33.59111],[-86.28007,33.58708],[-86.28047,33.58821],[-86.28588,33.58628],[-86.28534,33.58521],[-86.29364,33.58234],[-86.29916,33.58148],[-86.30099,33.58172],[-86.30581,33.58553],[-86.31037,33.58764],[-86.32073,33.58696],[-86.32746,33.58578],[-86.33034,33.58724],[-86.33281,33.59198],[-86.33506,33.59264],[-86.34232,33.59137],[-86.34836,33.58892],[-86.35577,33.58489],[-86.35857,33.58387],[-86.36297,33.58402],[-86.36981,33.58664],[-86.37503,33.58655],[-86.38371,33.58421],[-86.38745,33.58538],[-86.38815,33.58888],[-86.39011,33.59153],[-86.39333,33.59065],[-86.39408,33.59259],[-86.39829,33.59224],[-86.39559,33.59569],[-86.40155,33.59545],[-86.41716,33.59314],[-86.41744,33.59802],[-86.39211,33.59907],[-86.3885,33.60471],[-86.38633,33.60517],[-86.38574,33.61484],[-86.37235,33.61522],[-86.37183,33.61808],[-86.36949,33.62106],[-86.37076,33.62217],[-86.36801,33.62266],[-86.36986,33.63978],[-86.36413,33.64168],[-86.35774,33.64285],[-86.35287,33.64505],[-86.35263,33.64685],[-86.35058,33.64847],[-86.34862,33.65202],[-86.35048,33.65368],[-86.33682,33.65369],[-86.33467,33.65891],[-86.32964,33.66427],[-86.32646,33.66653],[-86.32347,33.6704],[-86.32188,33.67599],[-86.3223,33.6773],[-86.31892,33.67715],[-86.31635,33.67799],[-86.30629,33.68357],[-86.29982,33.68512],[-86.29599,33.68505],[-86.29428,33.68115]]]}},{"type":"Feature","properties":{"zcta":"35130","d":18},"geometry":{"type":"Polygon","coordinates":[[[-87.23513,33.62511],[-87.23362,33.62915],[-87.2309,33.63233],[-87.22593,33.63504],[-87.22399,33.63542],[-87.21869,33.63464],[-87.21545,33.63319],[-87.21273,33.6309],[-87.20745,33.62169],[-87.20568,33.62092],[-87.20059,33.62312],[-87.19896,33.62511],[-87.2007,33.62781],[-87.20374,33.63084],[-87.20997,33.635],[-87.21169,33.63685],[-87.2172,33.64453],[-87.21694,33.64651],[-87.2146,33.64753],[-87.20874,33.64695],[-87.20002,33.64191],[-87.19557,33.6414],[-87.19025,33.64297],[-87.18239,33.64631],[-87.17105,33.64803],[-87.17067,33.65084],[-87.17616,33.65305],[-87.17744,33.65507],[-87.17672,33.65959],[-87.17482,33.66542],[-87.17041,33.66636],[-87.16378,33.66485],[-87.15756,33.66439],[-87.15351,33.66565],[-87.14726,33.674],[-87.14471,33.67615],[-87.14136,33.67744],[-87.13914,33.67516],[-87.14063,33.66545],[-87.1401,33.66142],[-87.1365,33.65875],[-87.13037,33.65736],[-87.1251,33.65843],[-87.12086,33.66022],[-87.12017,33.66303],[-87.125,33.67609],[-87.13057,33.68724],[-87.13611,33.69219],[-87.14689,33.69848],[-87.14762,33.69967],[-87.14628,33.70385],[-87.14288,33.70754],[-87.13905,33.71055],[-87.14002,33.71326],[-87.1437,33.71468],[-87.13959,33.7134],[-87.13617,33.71648],[-87.13091,33.71555],[-87.12749,33.71739],[-87.1207,33.72009],[-87.11799,33.72306],[-87.1161,33.72687],[-87.11214,33.72599],[-87.10958,33.72436],[-87.1015,33.72428],[-87.10153,33.72593],[-87.09796,33.72597],[-87.09709,33.72257],[-87.09277,33.72257],[-87.0928,33.72439],[-87.08968,33.72544],[-87.08477,33.72006],[-87.08047,33.71879],[-87.07623,33.71999],[-87.0741,33.71926],[-87.07103,33.72036],[-87.07155,33.71908],[-87.07165,33.71046],[-87.0728,33.70781],[-87.07379,33.70134],[-87.07733,33.69855],[-87.07216,33.69787],[-87.07071,33.69537],[-87.06646,33.6809],[-87.06621,33.67796],[-87.0674,33.67291],[-87.06577,33.66964],[-87.05772,33.66129],[-87.05511,33.65794],[-87.05388,33.65213],[-87.05153,33.65081],[-87.04601,33.64923],[-87.04512,33.64828],[-87.04538,33.64298],[-87.0425,33.63819],[-87.04629,33.6356],[-87.04881,33.63549],[-87.0485,33.62704],[-87.05302,33.62707],[-87.05411,33.62848],[-87.05526,33.62568],[-87.05766,33.62461],[-87.06043,33.6253],[-87.062,33.62814],[-87.06636,33.62625],[-87.06772,33.62435],[-87.07269,33.62315],[-87.07409,33.62141],[-87.08163,33.61485],[-87.08074,33.6136],[-87.06985,33.61032],[-87.0677,33.60877],[-87.0678,33.60477],[-87.06675,33.60113],[-87.06173,33.59679],[-87.06094,33.59461],[-87.06252,33.59305],[-87.06853,33.59076],[-87.07121,33.58925],[-87.07698,33.58357],[-87.07979,33.58144],[-87.08208,33.57694],[-87.08588,33.57624],[-87.08846,33.58052],[-87.09276,33.58384],[-87.09553,33.58475],[-87.11248,33.58768],[-87.11504,33.58695],[-87.11865,33.58391],[-87.12107,33.58003],[-87.11749,33.57584],[-87.11188,33.56756],[-87.10953,33.56356],[-87.11157,33.56088],[-87.11818,33.55986],[-87.125,33.55825],[-87.12695,33.5605],[-87.1265,33.56548],[-87.12627,33.57927],[-87.12983,33.58354],[-87.13107,33.5839],[-87.13644,33.58169],[-87.1409,33.58243],[-87.14233,33.58191],[-87.1436,33.57931],[-87.14254,33.5734],[-87.14335,33.57062],[-87.14541,33.56847],[-87.14818,33.5687],[-87.1541,33.57712],[-87.15763,33.57786],[-87.15804,33.57598],[-87.15689,33.5736],[-87.15197,33.56672],[-87.15058,33.56193],[-87.15153,33.55515],[-87.15303,33.55169],[-87.15533,33.55102],[-87.16203,33.55293],[-87.16549,33.55192],[-87.17166,33.54715],[-87.17593,33.54517],[-87.17938,33.54617],[-87.17917,33.54879],[-87.17722,33.55483],[-87.17721,33.55718],[-87.18126,33.55956],[-87.18407,33.55888],[-87.18652,33.55695],[-87.18826,33.55824],[-87.1934,33.55989],[-87.19691,33.5624],[-87.20411,33.57252],[-87.20495,33.57542],[-87.20458,33.57884],[-87.20168,33.58399],[-87.19777,33.58935],[-87.19756,33.59123],[-87.20108,33.59264],[-87.21502,33.59134],[-87.22255,33.59314],[-87.22548,33.59564],[-87.2294,33.60031],[-87.23631,33.61051],[-87.23771,33.61642],[-87.2367,33.62291],[-87.23513,33.62511]]]}},{"type":"Feature","properties":{"zcta":"35135","d":131},"geometry":{"type":"Polygon","coordinates":[[[-86.18094,33.65597],[-86.17913,33.6563],[-86.17244,33.65983],[-86.17138,33.65324],[-86.16629,33.64083],[-86.16461,33.6343],[-86.16534,33.63019],[-86.16948,33.61924],[-86.1721,33.61631],[-86.17517,33.61499],[-86.17911,33.61451],[-86.18298,33.61502],[-86.1926,33.61464],[-86.19878,33.61282],[-86.20073,33.6102],[-86.20038,33.60739],[-86.19549,33.60312],[-86.1858,33.59873],[-86.18418,33.59735],[-86.18369,33.59501],[-86.18665,33.59163],[-86.18962,33.5911],[-86.19408,33.59217],[-86.21135,33.59464],[-86.21548,33.59389],[-86.21946,33.59099],[-86.22098,33.58716],[-86.22431,33.58814],[-86.22895,33.58795],[-86.23172,33.58692],[-86.2344,33.58851],[-86.23953,33.5894],[-86.23719,33.59413],[-86.23745,33.59554],[-86.24064,33.59803],[-86.24132,33.5997],[-86.24138,33.6059],[-86.24001,33.60811],[-86.23259,33.6057],[-86.22478,33.60603],[-86.22475,33.61341],[-86.22034,33.61355],[-86.22041,33.62066],[-86.2029,33.62107],[-86.20496,33.62413],[-86.20491,33.62847],[-86.20729,33.63174],[-86.21031,33.63923],[-86.21075,33.64162],[-86.20862,33.645],[-86.20683,33.64343],[-86.20417,33.64323],[-86.1985,33.63885],[-86.18851,33.63552],[-86.1823,33.63526],[-86.18227,33.65241],[-86.18683,33.65238],[-86.18678,33.65732],[-86.18094,33.65597]]]}},{"type":"Feature","properties":{"zcta":"35091","d":230},"geometry":{"type":"Polygon","coordinates":[[[-86.82415,33.77161],[-86.82155,33.77978],[-86.81953,33.78289],[-86.81691,33.78538],[-86.81077,33.78973],[-86.80742,33.7942],[-86.79957,33.79784],[-86.79965,33.80045],[-86.80119,33.8027],[-86.80169,33.80716],[-86.79856,33.81032],[-86.78867,33.8147],[-86.78213,33.80997],[-86.78106,33.807],[-86.7836,33.80407],[-86.785,33.79804],[-86.78442,33.79355],[-86.78228,33.79165],[-86.77905,33.79177],[-86.77478,33.79436],[-86.77353,33.79685],[-86.77232,33.80418],[-86.76575,33.80418],[-86.76573,33.79664],[-86.76025,33.79574],[-86.76159,33.79409],[-86.76177,33.79051],[-86.76576,33.78184],[-86.76216,33.78057],[-86.76068,33.77844],[-86.75381,33.77781],[-86.75069,33.78036],[-86.75138,33.78411],[-86.7491,33.78445],[-86.75129,33.77629],[-86.75156,33.77031],[-86.75306,33.75793],[-86.75691,33.76116],[-86.75689,33.76372],[-86.75805,33.76724],[-86.76254,33.7675],[-86.7643,33.76668],[-86.76874,33.76626],[-86.76803,33.77066],[-86.77261,33.77394],[-86.78276,33.77704],[-86.78937,33.77816],[-86.79219,33.78112],[-86.79395,33.77926],[-86.79645,33.77875],[-86.79645,33.77549],[-86.79207,33.7754],[-86.79204,33.77166],[-86.79437,33.77171],[-86.79436,33.77383],[-86.79644,33.77387],[-86.79679,33.7637],[-86.80117,33.762],[-86.80538,33.76176],[-86.8083,33.75867],[-86.81017,33.75772],[-86.81108,33.75932],[-86.81428,33.7594],[-86.81681,33.7594],[-86.81682,33.76102],[-86.82717,33.76152],[-86.82253,33.76501],[-86.81847,33.76396],[-86.81667,33.76496],[-86.81779,33.76874],[-86.82283,33.76927],[-86.82508,33.77026],[-86.82415,33.77161]]]}},{"type":"Feature","properties":{"zcta":"35116","d":98},"geometry":{"type":"Polygon","coordinates":[[[-86.81108,33.75932],[-86.81017,33.75772],[-86.8083,33.75867],[-86.80538,33.76176],[-86.80117,33.762],[-86.79679,33.7637],[-86.79644,33.77387],[-86.79436,33.77383],[-86.79437,33.77171],[-86.79204,33.77166],[-86.79207,33.7754],[-86.79645,33.77549],[-86.79645,33.77875],[-86.79395,33.77926],[-86.79219,33.78112],[-86.78937,33.77816],[-86.78276,33.77704],[-86.77261,33.77394],[-86.76803,33.77066],[-86.76874,33.76626],[-86.7643,33.76668],[-86.76254,33.7675],[-86.75805,33.76724],[-86.75689,33.76372],[-86.75691,33.76116],[-86.75306,33.75793],[-86.74874,33.75832],[-86.7465,33.75929],[-86.74387,33.75529],[-86.74327,33.74775],[-86.74236,33.74722],[-86.73533,33.7625],[-86.73211,33.7585],[-86.72748,33.75662],[-86.72372,33.75694],[-86.72427,33.75394],[-86.72013,33.7519],[-86.71774,33.7533],[-86.71697,33.7519],[-86.71434,33.75245],[-86.71257,33.75168],[-86.71706,33.74929],[-86.72051,33.74007],[-86.72619,33.73753],[-86.73231,33.73786],[-86.73573,33.73745],[-86.74345,33.73757],[-86.74635,33.73805],[-86.74758,33.73524],[-86.74623,33.73018],[-86.74248,33.72911],[-86.73974,33.72928],[-86.73945,33.73114],[-86.74044,33.73467],[-86.73437,33.73279],[-86.7302,33.73256],[-86.72879,33.73116],[-86.73089,33.72865],[-86.7331,33.72376],[-86.73047,33.72443],[-86.73057,33.72243],[-86.73272,33.72246],[-86.7327,33.71957],[-86.73036,33.71954],[-86.73035,33.71588],[-86.73481,33.71595],[-86.73479,33.70642],[-86.73376,33.70506],[-86.72607,33.70495],[-86.7261,33.70352],[-86.72263,33.70352],[-86.72538,33.70151],[-86.73301,33.70134],[-86.73251,33.69796],[-86.73363,33.69316],[-86.73517,33.69042],[-86.74283,33.68193],[-86.74497,33.68038],[-86.75101,33.67775],[-86.7558,33.67313],[-86.75739,33.66935],[-86.75602,33.67307],[-86.75239,33.67686],[-86.75234,33.68057],[-86.76463,33.68058],[-86.76463,33.68428],[-86.76085,33.68428],[-86.76085,33.69135],[-86.77849,33.69135],[-86.77849,33.69586],[-86.77432,33.69586],[-86.77414,33.69948],[-86.76954,33.69938],[-86.76941,33.703],[-86.7653,33.7029],[-86.76524,33.70667],[-86.77407,33.70662],[-86.77414,33.71029],[-86.77843,33.71024],[-86.77849,33.69594],[-86.78711,33.69604],[-86.78839,33.6981],[-86.7933,33.69866],[-86.7914,33.7001],[-86.79081,33.70258],[-86.78793,33.70297],[-86.78802,33.70532],[-86.79144,33.70886],[-86.79111,33.71111],[-86.78889,33.71208],[-86.78954,33.71381],[-86.79338,33.71578],[-86.7955,33.71804],[-86.79428,33.72083],[-86.79521,33.72456],[-86.80085,33.72446],[-86.80086,33.72809],[-86.80397,33.72824],[-86.80394,33.72524],[-86.82227,33.72539],[-86.81738,33.73279],[-86.81402,33.74259],[-86.81641,33.74229],[-86.81851,33.74061],[-86.81929,33.74139],[-86.81567,33.74658],[-86.81705,33.75138],[-86.81998,33.7526],[-86.81894,33.75532],[-86.81403,33.75197],[-86.81428,33.7594],[-86.81108,33.75932]]]}},{"type":"Feature","properties":{"zcta":"35117","d":108},"geometry":{"type":"MultiPolygon","coordinates":[[[[-86.8658,33.62039],[-86.86147,33.62029],[-86.86132,33.60943],[-86.86552,33.60955],[-86.8658,33.62039]]],[[[-86.87372,33.60238],[-86.86966,33.6023],[-86.8694,33.59499],[-86.87218,33.59508],[-86.87372,33.60238]]],[[[-86.96046,33.70104],[-86.95519,33.7024],[-86.95467,33.70532],[-86.95215,33.7079],[-86.94808,33.70849],[-86.94322,33.70653],[-86.94074,33.70437],[-86.9365,33.70323],[-86.93195,33.70502],[-86.92633,33.70346],[-86.9262,33.70432],[-86.92285,33.7044],[-86.92116,33.70213],[-86.91874,33.70633],[-86.91296,33.70843],[-86.90984,33.70811],[-86.90844,33.71055],[-86.90663,33.70854],[-86.904,33.70744],[-86.90022,33.70797],[-86.89816,33.71034],[-86.89231,33.71155],[-86.88939,33.71439],[-86.88591,33.71024],[-86.88377,33.70929],[-86.88264,33.70538],[-86.87843,33.70761],[-86.87506,33.70656],[-86.87347,33.70487],[-86.86962,33.70724],[-86.85943,33.70959],[-86.85956,33.70679],[-86.85699,33.70359],[-86.8567,33.7011],[-86.8535,33.69778],[-86.8575,33.6903],[-86.85567,33.68357],[-86.85642,33.6786],[-86.85442,33.67482],[-86.84161,33.67418],[-86.84171,33.67216],[-86.83265,33.67319],[-86.83054,33.67217],[-86.83178,33.66695],[-86.83169,33.66453],[-86.83021,33.65695],[-86.83167,33.65495],[-86.83471,33.65941],[-86.83621,33.66004],[-86.84158,33.65697],[-86.8423,33.65097],[-86.84476,33.64962],[-86.84684,33.64726],[-86.85145,33.64887],[-86.85109,33.65048],[-86.8546,33.64967],[-86.85362,33.65238],[-86.85582,33.65198],[-86.85894,33.65364],[-86.86137,33.6513],[-86.86393,33.65078],[-86.86326,33.64873],[-86.86472,33.64306],[-86.86201,33.64291],[-86.86548,33.64081],[-86.8638,33.63984],[-86.86362,33.63126],[-86.86115,33.63076],[-86.86356,33.62975],[-86.86051,33.62926],[-86.86308,33.62755],[-86.87017,33.6277],[-86.8702,33.62042],[-86.87453,33.62049],[-86.87456,33.62318],[-86.87676,33.62264],[-86.87805,33.62369],[-86.87835,33.62099],[-86.88313,33.61701],[-86.88307,33.61337],[-86.87875,33.61334],[-86.87865,33.60972],[-86.8742,33.60966],[-86.87396,33.60263],[-86.87626,33.60218],[-86.88391,33.60273],[-86.8857,33.6046],[-86.88598,33.60662],[-86.88135,33.61009],[-86.88234,33.61116],[-86.88895,33.61214],[-86.88786,33.61526],[-86.89156,33.61659],[-86.89138,33.62603],[-86.89401,33.62776],[-86.89537,33.6319],[-86.89971,33.63193],[-86.89968,33.63941],[-86.91374,33.63958],[-86.9167,33.64],[-86.9167,33.64015],[-86.91236,33.64309],[-86.91241,33.64449],[-86.908,33.64685],[-86.92667,33.64703],[-86.92665,33.65066],[-86.93159,33.65067],[-86.93275,33.66143],[-86.93444,33.66238],[-86.93937,33.66214],[-86.93886,33.66312],[-86.94386,33.66685],[-86.94968,33.66837],[-86.9512,33.67149],[-86.95159,33.67675],[-86.95385,33.67591],[-86.95286,33.6794],[-86.95611,33.68034],[-86.95868,33.67762],[-86.95833,33.68031],[-86.96158,33.68172],[-86.96476,33.68486],[-86.96766,33.68391],[-86.96591,33.68624],[-86.96674,33.6886],[-86.96902,33.6907],[-86.96477,33.69748],[-86.9651,33.70304],[-86.96046,33.70104]],[[-86.88087,33.62429],[-86.8782,33.62422],[-86.87871,33.62838],[-86.88217,33.62795],[-86.88034,33.62624],[-86.88087,33.62429]]]]}},{"type":"Feature","properties":{"zcta":"35118","d":35},"geometry":{"type":"MultiPolygon","coordinates":[[[[-86.96486,33.54678],[-86.96665,33.54363],[-86.9649,33.54224],[-86.96569,33.54115],[-86.96365,33.5387],[-86.96325,33.53668],[-86.97575,33.53838],[-86.98513,33.53845],[-86.98583,33.54417],[-86.98518,33.54644],[-86.99019,33.54484],[-86.99349,33.54784],[-86.99454,33.54991],[-86.99692,33.5536],[-87.00171,33.56251],[-87.00231,33.56619],[-86.9996,33.56811],[-86.98733,33.56807],[-86.98199,33.56623],[-86.97836,33.55998],[-86.97843,33.55347],[-86.97385,33.55259],[-86.97372,33.55037],[-86.96714,33.55175],[-86.96486,33.54678]]],[[[-87.06851,33.56801],[-87.01707,33.56777],[-87.01293,33.5683],[-87.01424,33.56564],[-87.01316,33.56416],[-87.01066,33.56461],[-87.00987,33.56832],[-87.00748,33.57115],[-87.00475,33.57043],[-87.00622,33.56599],[-87.00265,33.56638],[-87.00446,33.55534],[-87.00799,33.55001],[-87.00643,33.54624],[-87.00138,33.54284],[-87.00042,33.54015],[-86.99779,33.53647],[-86.99502,33.5339],[-86.99098,33.53681],[-86.98639,33.53838],[-86.98502,33.53792],[-86.98763,33.53253],[-86.98906,33.53093],[-86.99606,33.51943],[-86.99881,33.51828],[-86.99884,33.51689],[-86.99567,33.50567],[-86.99583,33.50291],[-86.99908,33.50003],[-87.0017,33.49931],[-87.00201,33.49696],[-87.00707,33.49198],[-87.01103,33.48985],[-87.01239,33.49451],[-87.05676,33.4948],[-87.05769,33.50938],[-87.09428,33.5097],[-87.09521,33.51027],[-87.10885,33.51031],[-87.10879,33.51777],[-87.11744,33.51797],[-87.11752,33.55433],[-87.12068,33.55876],[-87.11818,33.55986],[-87.11157,33.56088],[-87.10953,33.56356],[-87.11188,33.56756],[-87.11749,33.57584],[-87.12107,33.58003],[-87.11865,33.58391],[-87.11504,33.58695],[-87.11248,33.58768],[-87.09553,33.58475],[-87.09276,33.58384],[-87.08846,33.58052],[-87.08588,33.57624],[-87.08208,33.57694],[-87.07979,33.58144],[-87.07698,33.58357],[-87.07121,33.58925],[-87.06853,33.59076],[-87.06851,33.56801]]]]}},{"type":"Feature","properties":{"zcta":"36790","d":0},"geometry":{"type":"Polygon","coordinates":[[[-86.88256,32.73435],[-86.88255,32.73281],[-86.88812,32.73136],[-86.88859,32.7298],[-86.89079,32.72999],[-86.89143,32.72837],[-86.88845,32.72754],[-86.89002,32.72529],[-86.88982,32.72081],[-86.89307,32.72009],[-86.89338,32.71725],[-86.89621,32.71509],[-86.89441,32.70921],[-86.8971,32.70655],[-86.89735,32.70316],[-86.90196,32.70193],[-86.90254,32.6977],[-86.90498,32.69648],[-86.9049,32.69345],[-86.90626,32.68882],[-86.90648,32.68459],[-86.9057,32.68197],[-86.90638,32.68053],[-86.91027,32.68013],[-86.91157,32.67858],[-86.91122,32.67593],[-86.91504,32.67434],[-86.91583,32.67529],[-86.91982,32.67513],[-86.91533,32.69384],[-86.91583,32.69243],[-86.91832,32.69148],[-86.92274,32.69188],[-86.92168,32.69709],[-86.92783,32.69711],[-86.92938,32.72257],[-86.94591,32.72225],[-86.94879,32.72729],[-86.9492,32.72995],[-86.94511,32.73097],[-86.94129,32.73371],[-86.94087,32.7353],[-86.94449,32.73921],[-86.94468,32.74196],[-86.95068,32.74636],[-86.95043,32.74943],[-86.95147,32.75069],[-86.9495,32.7505],[-86.91472,32.75076],[-86.90413,32.75054],[-86.90418,32.75657],[-86.90174,32.75816],[-86.89361,32.75256],[-86.89051,32.74829],[-86.88978,32.74611],[-86.88321,32.75743],[-86.88048,32.75741],[-86.88045,32.76109],[-86.87811,32.76109],[-86.87814,32.76429],[-86.87682,32.76429],[-86.86967,32.7527],[-86.86775,32.75026],[-86.86707,32.74714],[-86.86925,32.74435],[-86.87413,32.74334],[-86.87564,32.74148],[-86.87481,32.74016],[-86.87767,32.73988],[-86.87353,32.73588],[-86.87923,32.73425],[-86.88256,32.73435]]]}},{"type":"Feature","properties":{"zcta":"36793","d":3},"geometry":{"type":"Polygon","coordinates":[[[-86.98352,32.88787],[-86.98123,32.88374],[-86.97674,32.8735],[-86.97341,32.86889],[-86.9674,32.86823],[-86.96468,32.86685],[-86.96258,32.86747],[-86.95752,32.86749],[-86.95247,32.8693],[-86.94942,32.86914],[-86.94515,32.86988],[-86.94279,32.86499],[-86.94025,32.86346],[-86.93988,32.85989],[-86.94268,32.85889],[-86.9459,32.85245],[-86.94587,32.84882],[-86.94468,32.8456],[-86.94575,32.84443],[-86.94558,32.83772],[-86.91646,32.83767],[-86.91789,32.83478],[-86.91983,32.83306],[-86.91964,32.82841],[-86.9213,32.82673],[-86.92512,32.82601],[-86.93224,32.82227],[-86.93235,32.81769],[-86.93164,32.81581],[-86.92774,32.81247],[-86.92595,32.8093],[-86.92375,32.80732],[-86.92372,32.80165],[-86.92811,32.80167],[-86.92813,32.80512],[-86.93238,32.80506],[-86.93235,32.80885],[-86.9489,32.80883],[-86.94816,32.80582],[-86.95028,32.80084],[-86.95078,32.79661],[-86.95209,32.7954],[-86.95532,32.7951],[-86.95792,32.79369],[-86.9591,32.79114],[-86.959,32.78583],[-86.96167,32.77991],[-86.95975,32.77617],[-86.9638,32.77262],[-86.96751,32.77139],[-86.969,32.77369],[-86.97065,32.77431],[-86.97372,32.77316],[-86.97493,32.77101],[-86.98115,32.77231],[-86.98298,32.77432],[-86.98677,32.77691],[-86.99339,32.77824],[-86.99364,32.78063],[-86.99613,32.78272],[-87.00221,32.78243],[-87.00344,32.78347],[-87.00637,32.78352],[-87.01133,32.78786],[-87.01825,32.78803],[-87.01776,32.74186],[-87.02596,32.73779],[-87.02995,32.73712],[-87.03152,32.73845],[-87.03313,32.74182],[-87.03413,32.74691],[-87.03305,32.74844],[-87.03492,32.74993],[-87.03849,32.74998],[-87.03935,32.75408],[-87.04136,32.75597],[-87.04837,32.7544],[-87.04954,32.7531],[-87.05559,32.75155],[-87.0633,32.75488],[-87.06705,32.75735],[-87.06952,32.75527],[-87.07167,32.75587],[-87.07728,32.75448],[-87.08302,32.75137],[-87.0848,32.75124],[-87.08444,32.75329],[-87.08904,32.75835],[-87.07768,32.76132],[-87.07354,32.76406],[-87.05867,32.7799],[-87.06114,32.78281],[-87.06155,32.78578],[-87.05949,32.788],[-87.05512,32.78956],[-87.05128,32.79291],[-87.04554,32.79576],[-87.03868,32.80085],[-87.04236,32.80456],[-87.04518,32.80836],[-87.0448,32.812],[-87.04685,32.81504],[-87.04502,32.81808],[-87.04973,32.82195],[-87.05285,32.82239],[-87.05481,32.82425],[-87.05603,32.82779],[-87.05498,32.83144],[-87.05234,32.83301],[-87.05283,32.83655],[-87.09818,32.83601],[-87.09388,32.8373],[-87.0942,32.84697],[-87.08899,32.85418],[-87.08752,32.85473],[-87.08522,32.85863],[-87.07918,32.86285],[-87.07981,32.86465],[-87.07452,32.87032],[-87.073,32.87108],[-87.06661,32.87217],[-87.0637,32.87385],[-87.05976,32.87822],[-87.05644,32.88014],[-87.05173,32.88044],[-87.04692,32.88241],[-87.04295,32.88261],[-87.03969,32.88084],[-87.03983,32.88464],[-87.03605,32.89028],[-87.03555,32.89323],[-87.03578,32.8997],[-87.03101,32.90883],[-87.02942,32.91029],[-87.02478,32.91258],[-87.01661,32.90683],[-87.00636,32.90468],[-86.99786,32.90137],[-86.99091,32.89631],[-86.98729,32.89235],[-86.98352,32.88787]]]}},{"type":"Feature","properties":{"zcta":"35587","d":6},"geometry":{"type":"Polygon","coordinates":[[[-87.41826,33.83843],[-87.41486,33.83677],[-87.41006,33.82977],[-87.41233,33.82786],[-87.41805,33.82684],[-87.42195,33.82545],[-87.42312,33.8236],[-87.41852,33.82249],[-87.4193,33.81979],[-87.41746,33.81859],[-87.41352,33.82099],[-87.4099,33.82232],[-87.40575,33.82096],[-87.40346,33.82507],[-87.39859,33.82799],[-87.3973,33.83001],[-87.3961,33.82823],[-87.3935,33.83307],[-87.39067,33.83426],[-87.38849,33.8316],[-87.38539,33.83254],[-87.38127,33.8319],[-87.37893,33.83493],[-87.36771,33.83532],[-87.36358,33.83901],[-87.35668,33.83896],[-87.35996,33.8361],[-87.35825,33.83578],[-87.35894,33.83196],[-87.35454,33.82435],[-87.35081,33.82237],[-87.3505,33.81958],[-87.35279,33.81693],[-87.35722,33.81465],[-87.36388,33.81602],[-87.36845,33.81408],[-87.37154,33.81353],[-87.37812,33.81552],[-87.38386,33.81562],[-87.38308,33.8097],[-87.3845,33.80214],[-87.38697,33.80335],[-87.38927,33.80265],[-87.39187,33.80353],[-87.39529,33.80281],[-87.39829,33.80385],[-87.40408,33.80269],[-87.41044,33.80298],[-87.41326,33.80249],[-87.4135,33.79999],[-87.41748,33.80137],[-87.42011,33.79986],[-87.42343,33.80037],[-87.4275,33.79936],[-87.43149,33.79914],[-87.43258,33.79752],[-87.4326,33.7944],[-87.42745,33.79185],[-87.42474,33.78752],[-87.42505,33.78329],[-87.42423,33.77551],[-87.42259,33.7696],[-87.42089,33.76707],[-87.4205,33.76239],[-87.41858,33.75795],[-87.41704,33.74418],[-87.41501,33.74318],[-87.41535,33.74005],[-87.41382,33.73378],[-87.40922,33.7254],[-87.40757,33.72354],[-87.40183,33.72401],[-87.40565,33.71829],[-87.40619,33.71471],[-87.40588,33.71102],[-87.40408,33.70702],[-87.40027,33.7032],[-87.39373,33.70035],[-87.39757,33.69658],[-87.39969,33.69559],[-87.4036,33.69587],[-87.40611,33.69452],[-87.41215,33.69815],[-87.41877,33.69928],[-87.422,33.70051],[-87.42863,33.70432],[-87.43451,33.69792],[-87.44428,33.70039],[-87.44481,33.70385],[-87.44649,33.70643],[-87.45205,33.7052],[-87.45416,33.73146],[-87.45683,33.74705],[-87.45865,33.74479],[-87.46021,33.73871],[-87.46103,33.74455],[-87.45796,33.74833],[-87.46034,33.75012],[-87.45832,33.75144],[-87.45996,33.75363],[-87.45877,33.75607],[-87.46098,33.75638],[-87.46101,33.75842],[-87.45938,33.75953],[-87.45953,33.76228],[-87.46282,33.76306],[-87.46616,33.76599],[-87.46575,33.76724],[-87.4685,33.76879],[-87.4681,33.77024],[-87.46965,33.77291],[-87.47242,33.77503],[-87.47012,33.7761],[-87.47363,33.78193],[-87.47106,33.7819],[-87.47234,33.78567],[-87.47473,33.78551],[-87.47443,33.7884],[-87.4752,33.79159],[-87.47785,33.79208],[-87.47966,33.791],[-87.48169,33.79293],[-87.48175,33.79486],[-87.48483,33.79523],[-87.48947,33.79729],[-87.49197,33.79722],[-87.49347,33.79849],[-87.4957,33.79696],[-87.49953,33.79791],[-87.50223,33.7965],[-87.5008,33.79554],[-87.50229,33.79374],[-87.50491,33.79319],[-87.50418,33.79164],[-87.5067,33.79055],[-87.50919,33.79273],[-87.49971,33.79834],[-87.49297,33.79886],[-87.49485,33.80187],[-87.49424,33.80379],[-87.49483,33.80721],[-87.49683,33.80797],[-87.49643,33.81044],[-87.49793,33.81397],[-87.49943,33.81514],[-87.49972,33.81928],[-87.50316,33.81851],[-87.50466,33.81933],[-87.50732,33.81751],[-87.51167,33.81846],[-87.51609,33.81758],[-87.51958,33.81543],[-87.52003,33.81347],[-87.52341,33.81174],[-87.52922,33.81351],[-87.53112,33.8135],[-87.5316,33.86762],[-87.53629,33.86776],[-87.5345,33.86885],[-87.53393,33.87115],[-87.53036,33.8718],[-87.52635,33.86995],[-87.52485,33.8701],[-87.52233,33.87299],[-87.5204,33.87395],[-87.5152,33.87319],[-87.5095,33.87125],[-87.50949,33.86984],[-87.50491,33.86984],[-87.5049,33.8666],[-87.50065,33.8666],[-87.50065,33.86823],[-87.49281,33.86605],[-87.49247,33.86289],[-87.48903,33.86345],[-87.48804,33.86468],[-87.4784,33.86173],[-87.44787,33.85581],[-87.44649,33.85297],[-87.44428,33.85441],[-87.43863,33.85501],[-87.43228,33.85165],[-87.42812,33.84777],[-87.42428,33.84269],[-87.421,33.84072],[-87.41826,33.83843]]]}},{"type":"Feature","properties":{"zcta":"35213","d":1105},"geometry":{"type":"Polygon","coordinates":[[[-86.76929,33.50747],[-86.75941,33.51342],[-86.75727,33.50961],[-86.75697,33.51448],[-86.75262,33.51728],[-86.74876,33.51889],[-86.74395,33.5227],[-86.73983,33.52261],[-86.73872,33.52384],[-86.74022,33.52563],[-86.73966,33.52789],[-86.73533,33.52781],[-86.73533,33.52962],[-86.73276,33.5296],[-86.73183,33.53167],[-86.72674,33.52988],[-86.72659,33.52872],[-86.72905,33.52603],[-86.73096,33.52615],[-86.73096,33.52241],[-86.73214,33.52046],[-86.72903,33.52124],[-86.72441,33.52052],[-86.72445,33.51627],[-86.71783,33.51976],[-86.71788,33.51844],[-86.71543,33.51836],[-86.71472,33.51644],[-86.71623,33.5152],[-86.71231,33.51519],[-86.70955,33.51623],[-86.70913,33.51815],[-86.70068,33.51795],[-86.70121,33.51506],[-86.70669,33.51122],[-86.706,33.51105],[-86.7102,33.50678],[-86.71102,33.50739],[-86.71862,33.50292],[-86.72489,33.49834],[-86.72653,33.4988],[-86.73469,33.49385],[-86.73654,33.49142],[-86.73974,33.48993],[-86.73979,33.4928],[-86.74205,33.49244],[-86.74698,33.48956],[-86.75407,33.48261],[-86.75569,33.48397],[-86.75296,33.48687],[-86.75476,33.48997],[-86.76077,33.49019],[-86.7605,33.49395],[-86.76239,33.49488],[-86.75758,33.50139],[-86.75848,33.50314],[-86.76049,33.50167],[-86.76118,33.49791],[-86.7626,33.4963],[-86.76929,33.49098],[-86.77074,33.49291],[-86.77279,33.49261],[-86.77491,33.49602],[-86.77485,33.49416],[-86.78104,33.49377],[-86.78068,33.49676],[-86.78311,33.49927],[-86.77955,33.50074],[-86.77737,33.50069],[-86.7755,33.50309],[-86.77677,33.5033],[-86.77199,33.50724],[-86.76929,33.50747]]]}},{"type":"Feature","properties":{"zcta":"35097","d":94},"geometry":{"type":"Polygon","coordinates":[[[-86.58556,33.88183],[-86.5956,33.88195],[-86.59561,33.8783],[-86.61736,33.87879],[-86.61736,33.8807],[-86.62004,33.8807],[-86.6203,33.88252],[-86.62173,33.87881],[-86.63704,33.87914],[-86.63829,33.88171],[-86.64133,33.88152],[-86.64127,33.87835],[-86.64234,33.87628],[-86.64784,33.8717],[-86.65042,33.87215],[-86.65462,33.87428],[-86.65327,33.87706],[-86.64676,33.88166],[-86.64277,33.8861],[-86.64555,33.88803],[-86.65205,33.89135],[-86.65204,33.89368],[-86.64347,33.89366],[-86.64815,33.89525],[-86.65543,33.89438],[-86.65692,33.89482],[-86.65714,33.89743],[-86.65593,33.90164],[-86.65337,33.90444],[-86.64922,33.90595],[-86.64752,33.90806],[-86.64327,33.91008],[-86.64506,33.91221],[-86.64024,33.91209],[-86.63901,33.91062],[-86.63901,33.91403],[-86.63489,33.91472],[-86.63491,33.91864],[-86.63284,33.91946],[-86.62987,33.92317],[-86.62978,33.92832],[-86.62868,33.93148],[-86.62318,33.93229],[-86.61852,33.93136],[-86.61905,33.92963],[-86.622,33.92787],[-86.62028,33.92369],[-86.6252,33.9226],[-86.6261,33.9206],[-86.62312,33.91903],[-86.62123,33.92009],[-86.61837,33.9253],[-86.6135,33.92742],[-86.6134,33.92884],[-86.61604,33.93248],[-86.61589,33.93573],[-86.61366,33.93565],[-86.60985,33.93137],[-86.60994,33.9247],[-86.61719,33.91615],[-86.61685,33.91145],[-86.61383,33.91144],[-86.61095,33.91492],[-86.60889,33.91237],[-86.6038,33.91145],[-86.60382,33.9094],[-86.60227,33.90884],[-86.60386,33.90538],[-86.60618,33.90233],[-86.60816,33.90218],[-86.61444,33.90026],[-86.61556,33.898],[-86.61266,33.89598],[-86.60376,33.89464],[-86.60136,33.89147],[-86.59491,33.88871],[-86.59383,33.88706],[-86.5902,33.88604],[-86.58784,33.8842],[-86.58535,33.88582],[-86.58354,33.88304],[-86.58556,33.88183]]]}},{"type":"Feature","properties":{"zcta":"35184","d":16},"geometry":{"type":"Polygon","coordinates":[[[-87.19533,33.14205],[-87.19663,33.14261],[-87.19375,33.14636],[-87.18249,33.14442],[-87.17417,33.14399],[-87.17198,33.14679],[-87.17039,33.14639],[-87.17047,33.14872],[-87.16081,33.15211],[-87.15974,33.15131],[-87.15628,33.14267],[-87.1501,33.14815],[-87.14624,33.13789],[-87.14262,33.13789],[-87.14271,33.14292],[-87.1391,33.14428],[-87.13565,33.14445],[-87.13113,33.14876],[-87.12919,33.14894],[-87.1306,33.15136],[-87.12968,33.15397],[-87.13826,33.15914],[-87.13695,33.16149],[-87.13693,33.17414],[-87.13389,33.17412],[-87.13401,33.1794],[-87.13726,33.17944],[-87.1384,33.18157],[-87.13845,33.18505],[-87.13038,33.18503],[-87.13272,33.20339],[-87.13406,33.20339],[-87.13407,33.21082],[-87.13216,33.21554],[-87.12737,33.22045],[-87.12152,33.22174],[-87.12158,33.22451],[-87.12162,33.22584],[-87.11615,33.22583],[-87.10985,33.22505],[-87.10849,33.22563],[-87.10854,33.22859],[-87.10422,33.22851],[-87.1042,33.2255],[-87.1004,33.22488],[-87.07664,33.24683],[-87.06574,33.24691],[-87.02685,33.24646],[-87.02634,33.23788],[-87.02598,33.23161],[-87.02598,33.22101],[-87.02572,33.20972],[-87.02138,33.20978],[-87.0213,33.19145],[-87.02563,33.19144],[-87.02561,33.1789],[-87.02777,33.17659],[-87.02765,33.17493],[-87.02962,33.1722],[-87.03,33.16979],[-87.02915,33.16319],[-87.02555,33.15969],[-87.02586,33.15809],[-87.0292,33.15705],[-87.03082,33.15954],[-87.0332,33.16017],[-87.03592,33.15516],[-87.03933,33.15267],[-87.03816,33.15021],[-87.03226,33.14713],[-87.02763,33.14036],[-87.02828,33.13356],[-87.02651,33.13181],[-87.02644,33.12945],[-87.02936,33.12722],[-87.03365,33.12495],[-87.0404,33.12587],[-87.04062,33.12396],[-87.03205,33.11723],[-87.03329,33.11424],[-87.03642,33.11328],[-87.03979,33.1075],[-87.04356,33.10565],[-87.04864,33.10159],[-87.05088,33.09915],[-87.05503,33.09625],[-87.06029,33.09161],[-87.06406,33.08619],[-87.06406,33.08244],[-87.06514,33.08068],[-87.06994,33.07827],[-87.0723,33.07622],[-87.07466,33.07223],[-87.07841,33.07035],[-87.07866,33.06653],[-87.08019,33.06291],[-87.0797,33.05838],[-87.0817,33.05294],[-87.07754,33.04488],[-87.07657,33.04189],[-87.08023,33.03535],[-87.07873,33.0338],[-87.07425,33.03356],[-87.07233,33.03253],[-87.06988,33.02928],[-87.07217,33.02255],[-87.07372,33.02039],[-87.07865,33.01915],[-87.08164,33.01766],[-87.08567,33.01381],[-87.08826,33.01281],[-87.0955,33.01854],[-87.0988,33.02196],[-87.10032,33.0223],[-87.10277,33.02016],[-87.10419,33.01627],[-87.10313,33.01149],[-87.10664,33.00999],[-87.11187,33.00938],[-87.11718,33.00769],[-87.1207,33.00426],[-87.1246,32.99859],[-87.13077,32.99459],[-87.13321,32.99175],[-87.13505,32.99185],[-87.13381,32.99377],[-87.13708,32.99488],[-87.14238,32.9945],[-87.1407,32.99677],[-87.14224,32.99924],[-87.14405,32.99893],[-87.14548,33.00049],[-87.14976,33.00206],[-87.15247,33.00449],[-87.14845,33.00905],[-87.1492,33.01145],[-87.15435,33.01654],[-87.15592,33.017],[-87.15601,33.01966],[-87.16317,33.02216],[-87.16367,33.02441],[-87.1685,33.0236],[-87.17163,33.02627],[-87.17015,33.02961],[-87.18094,33.02809],[-87.18171,33.0294],[-87.18652,33.03067],[-87.18674,33.02939],[-87.18929,33.02931],[-87.19082,33.0281],[-87.19253,33.02869],[-87.19564,33.03205],[-87.20147,33.03429],[-87.20932,33.03883],[-87.21609,33.03986],[-87.21743,33.0406],[-87.21941,33.04398],[-87.22554,33.04529],[-87.23095,33.04866],[-87.23221,33.04626],[-87.23339,33.03964],[-87.23132,33.03726],[-87.23071,33.03294],[-87.23239,33.03117],[-87.23496,33.03071],[-87.24015,33.0351],[-87.24114,33.03789],[-87.24409,33.04142],[-87.24511,33.04695],[-87.24674,33.05099],[-87.24719,33.05422],[-87.24868,33.0577],[-87.2485,33.061],[-87.24976,33.06271],[-87.25518,33.06406],[-87.25819,33.06589],[-87.26413,33.06145],[-87.26744,33.06013],[-87.2716,33.06197],[-87.27018,33.06611],[-87.27433,33.069],[-87.27433,33.0706],[-87.27981,33.07195],[-87.28199,33.07098],[-87.28259,33.06786],[-87.2858,33.06444],[-87.28766,33.06469],[-87.28982,33.06338],[-87.29411,33.06419],[-87.29375,33.06548],[-87.29506,33.0691],[-87.29439,33.0727],[-87.29656,33.07378],[-87.29768,33.0763],[-87.30178,33.07771],[-87.30492,33.08005],[-87.30605,33.08219],[-87.30748,33.08199],[-87.30768,33.08411],[-87.30925,33.08572],[-87.31226,33.08622],[-87.31158,33.09393],[-87.29069,33.12165],[-87.28194,33.13306],[-87.22982,33.13124],[-87.20633,33.13063],[-87.19932,33.13066],[-87.19925,33.13664],[-87.19533,33.14205]]]}},{"type":"Feature","properties":{"zcta":"36091","d":20},"geometry":{"type":"Polygon","coordinates":[[[-86.64854,32.74009],[-86.64174,32.74503],[-86.63719,32.74673],[-86.63436,32.74708],[-86.63309,32.74839],[-86.62964,32.74779],[-86.62822,32.74467],[-86.62485,32.74469],[-86.62451,32.74292],[-86.62022,32.74294],[-86.62047,32.74457],[-86.61814,32.74302],[-86.61048,32.7405],[-86.60777,32.73865],[-86.60199,32.73947],[-86.5948,32.74314],[-86.59267,32.74527],[-86.58732,32.74392],[-86.58303,32.74386],[-86.57912,32.74302],[-86.57443,32.74314],[-86.57315,32.74443],[-86.57384,32.74882],[-86.56722,32.75223],[-86.56674,32.75443],[-86.56347,32.75703],[-86.56909,32.75724],[-86.57609,32.76072],[-86.56924,32.76161],[-86.56374,32.76141],[-86.56044,32.76201],[-86.55316,32.76376],[-86.55268,32.76882],[-86.55007,32.77158],[-86.54712,32.77286],[-86.54537,32.77533],[-86.55315,32.78022],[-86.55531,32.78306],[-86.55626,32.78907],[-86.5589,32.79194],[-86.55934,32.79446],[-86.56187,32.79662],[-86.5617,32.79975],[-86.56379,32.80221],[-86.5641,32.80503],[-86.56182,32.80514],[-86.56191,32.81239],[-86.55904,32.81245],[-86.55905,32.8147],[-86.55772,32.81602],[-86.55326,32.8161],[-86.55188,32.81952],[-86.54744,32.81886],[-86.54407,32.8223],[-86.54426,32.82586],[-86.54252,32.82825],[-86.5374,32.83026],[-86.53482,32.83351],[-86.53188,32.82952],[-86.52872,32.82906],[-86.52528,32.82748],[-86.52425,32.82827],[-86.52121,32.82675],[-86.52408,32.82446],[-86.52275,32.82236],[-86.52071,32.82313],[-86.51649,32.8231],[-86.51705,32.82475],[-86.5147,32.82528],[-86.50798,32.82488],[-86.50386,32.82559],[-86.4981,32.82808],[-86.4952,32.82762],[-86.4914,32.82547],[-86.48893,32.82552],[-86.48526,32.82826],[-86.48152,32.82972],[-86.47519,32.83088],[-86.46535,32.83198],[-86.46058,32.83205],[-86.46023,32.82753],[-86.45873,32.81882],[-86.45701,32.8139],[-86.45049,32.81307],[-86.445,32.81335],[-86.44249,32.8125],[-86.44131,32.81049],[-86.44465,32.80704],[-86.44383,32.80448],[-86.43475,32.79843],[-86.42874,32.80151],[-86.4224,32.8013],[-86.42431,32.79594],[-86.42397,32.79121],[-86.41973,32.79061],[-86.41508,32.78824],[-86.41422,32.78624],[-86.41473,32.783],[-86.41385,32.77976],[-86.40815,32.77234],[-86.40823,32.76923],[-86.41376,32.76888],[-86.4174,32.76945],[-86.41963,32.76689],[-86.42226,32.76594],[-86.42197,32.76147],[-86.41723,32.72894],[-86.41771,32.72802],[-86.41319,32.72511],[-86.41312,32.70739],[-86.43963,32.70821],[-86.46803,32.70786],[-86.47207,32.70969],[-86.47208,32.71111],[-86.47506,32.7125],[-86.4782,32.71174],[-86.47614,32.71422],[-86.47228,32.72292],[-86.47015,32.72314],[-86.46907,32.72549],[-86.47291,32.72567],[-86.47613,32.7232],[-86.47738,32.71902],[-86.48366,32.71887],[-86.48389,32.71471],[-86.48549,32.71391],[-86.48877,32.72694],[-86.49633,32.73425],[-86.49814,32.74011],[-86.4998,32.74213],[-86.50081,32.73656],[-86.50597,32.73208],[-86.50794,32.73168],[-86.51102,32.7286],[-86.51468,32.72731],[-86.51705,32.72857],[-86.5219,32.72923],[-86.5261,32.72783],[-86.52795,32.72808],[-86.53064,32.726],[-86.53486,32.72489],[-86.53295,32.72108],[-86.53314,32.71723],[-86.53862,32.71336],[-86.55328,32.70694],[-86.55326,32.70346],[-86.54037,32.70337],[-86.53996,32.67764],[-86.54015,32.67023],[-86.54134,32.6702],[-86.53644,32.66373],[-86.54125,32.6647],[-86.54306,32.66431],[-86.54899,32.66032],[-86.55736,32.65907],[-86.55745,32.6536],[-86.55817,32.64878],[-86.55745,32.64334],[-86.56611,32.64326],[-86.56609,32.6376],[-86.57819,32.63757],[-86.57933,32.63869],[-86.58144,32.64673],[-86.58423,32.65063],[-86.58659,32.65767],[-86.5853,32.65935],[-86.58541,32.66153],[-86.58296,32.66597],[-86.58038,32.67191],[-86.57773,32.67523],[-86.57317,32.67867],[-86.56984,32.68519],[-86.56962,32.68743],[-86.57056,32.69172],[-86.56916,32.69738],[-86.56541,32.70216],[-86.56303,32.70214],[-86.56313,32.70685],[-86.5615,32.70753],[-86.56996,32.70678],[-86.58785,32.7066],[-86.58744,32.70281],[-86.5851,32.69854],[-86.58961,32.69382],[-86.59057,32.68979],[-86.59494,32.68257],[-86.59855,32.68656],[-86.59924,32.6886],[-86.60085,32.68723],[-86.60637,32.68628],[-86.60654,32.68816],[-86.6096,32.68813],[-86.60957,32.68614],[-86.62249,32.68384],[-86.63845,32.68856],[-86.64411,32.68836],[-86.64724,32.68579],[-86.649,32.69129],[-86.64513,32.69157],[-86.63988,32.69451],[-86.63791,32.69725],[-86.63707,32.70282],[-86.65035,32.69682],[-86.65248,32.69905],[-86.64999,32.70063],[-86.64776,32.70442],[-86.64204,32.70927],[-86.64194,32.71314],[-86.64108,32.71609],[-86.64059,32.72159],[-86.63563,32.72559],[-86.63183,32.72707],[-86.63217,32.73048],[-86.64845,32.72416],[-86.64969,32.7233],[-86.64985,32.72749],[-86.65158,32.73092],[-86.65151,32.73508],[-86.64854,32.74009]]]}},{"type":"Feature","properties":{"zcta":"35222","d":1053},"geometry":{"type":"Polygon","coordinates":[[[-86.79224,33.53207],[-86.79317,33.53345],[-86.7818,33.53886],[-86.77896,33.53792],[-86.77897,33.53976],[-86.77707,33.53726],[-86.76676,33.53385],[-86.76136,33.53611],[-86.75822,33.53161],[-86.75592,33.52978],[-86.75503,33.52762],[-86.74943,33.5274],[-86.73966,33.5304],[-86.73966,33.52789],[-86.74022,33.52563],[-86.73872,33.52384],[-86.73983,33.52261],[-86.74395,33.5227],[-86.74876,33.51889],[-86.75262,33.51728],[-86.75697,33.51448],[-86.75727,33.50961],[-86.75941,33.51342],[-86.76929,33.50747],[-86.77199,33.50724],[-86.77808,33.50838],[-86.77821,33.51088],[-86.78026,33.51268],[-86.78267,33.51255],[-86.78619,33.51781],[-86.78346,33.51912],[-86.78408,33.52003],[-86.78681,33.51873],[-86.78924,33.52226],[-86.79127,33.5251],[-86.79347,33.52587],[-86.79322,33.52822],[-86.79635,33.53012],[-86.79497,33.53077],[-86.79224,33.53207]]]}},{"type":"Feature","properties":{"zcta":"35078","d":23},"geometry":{"type":"MultiPolygon","coordinates":[[[[-86.48316,33.39045],[-86.47739,33.39017],[-86.46935,33.38609],[-86.46208,33.38622],[-86.46161,33.37888],[-86.46598,33.37886],[-86.46606,33.37362],[-86.47844,33.36831],[-86.47846,33.36416],[-86.477,33.36194],[-86.47845,33.36089],[-86.48026,33.3618],[-86.4803,33.36556],[-86.47869,33.36556],[-86.47884,33.37718],[-86.48019,33.37881],[-86.487,33.37878],[-86.48633,33.38035],[-86.48911,33.38538],[-86.48746,33.38835],[-86.48692,33.39138],[-86.48316,33.39045]]],[[[-86.55265,33.33897],[-86.54613,33.33838],[-86.54259,33.34287],[-86.53719,33.34631],[-86.53666,33.34762],[-86.53347,33.34571],[-86.52958,33.34055],[-86.52792,33.33994],[-86.52453,33.34075],[-86.52455,33.34195],[-86.51752,33.34218],[-86.51752,33.34507],[-86.51491,33.34557],[-86.51654,33.34858],[-86.51211,33.3516],[-86.51007,33.35598],[-86.51151,33.35703],[-86.50726,33.35757],[-86.49384,33.3573],[-86.49,33.35697],[-86.48282,33.35442],[-86.48287,33.35974],[-86.48387,33.36061],[-86.47844,33.36062],[-86.47747,33.3571],[-86.47423,33.35709],[-86.47426,33.3606],[-86.46991,33.3606],[-86.47001,33.37156],[-86.46153,33.37156],[-86.46134,33.36442],[-86.45102,33.36431],[-86.45097,33.36817],[-86.44593,33.36616],[-86.44528,33.36658],[-86.44071,33.36387],[-86.42788,33.35881],[-86.4137,33.35268],[-86.4083,33.35107],[-86.40748,33.34946],[-86.40059,33.35078],[-86.40061,33.35699],[-86.39584,33.35664],[-86.39377,33.35219],[-86.39045,33.35355],[-86.38885,33.35278],[-86.38897,33.35082],[-86.38525,33.35148],[-86.38301,33.3491],[-86.37916,33.34953],[-86.37685,33.34723],[-86.37693,33.34569],[-86.3795,33.34474],[-86.37802,33.34059],[-86.37619,33.34138],[-86.3736,33.33878],[-86.37432,33.33757],[-86.37054,33.33774],[-86.36751,33.33569],[-86.36441,33.33022],[-86.36424,33.32768],[-86.36738,33.32049],[-86.36726,33.31733],[-86.36229,33.3107],[-86.35999,33.30401],[-86.35759,33.29854],[-86.35759,33.29555],[-86.36091,33.29241],[-86.36501,33.29072],[-86.37763,33.28674],[-86.38306,33.2827],[-86.38915,33.27884],[-86.39334,33.27543],[-86.40449,33.27275],[-86.41028,33.27294],[-86.41785,33.27501],[-86.42176,33.27697],[-86.42856,33.28274],[-86.43123,33.28345],[-86.43353,33.28262],[-86.43487,33.27947],[-86.4341,33.27551],[-86.43172,33.27183],[-86.42717,33.26675],[-86.42523,33.26353],[-86.42437,33.26056],[-86.42576,33.25565],[-86.42887,33.24953],[-86.43024,33.25001],[-86.42559,33.25908],[-86.42543,33.26082],[-86.42737,33.26538],[-86.43141,33.27012],[-86.4314,33.26922],[-86.44418,33.26937],[-86.44416,33.26572],[-86.44839,33.26578],[-86.45119,33.2665],[-86.45399,33.26582],[-86.45708,33.27068],[-86.4571,33.27464],[-86.45589,33.27572],[-86.4572,33.27829],[-86.45316,33.28123],[-86.45734,33.28138],[-86.4595,33.28252],[-86.46147,33.28523],[-86.46063,33.2867],[-86.46544,33.28962],[-86.46719,33.29361],[-86.47068,33.29764],[-86.47423,33.29864],[-86.47666,33.30274],[-86.47664,33.30809],[-86.47526,33.3096],[-86.47779,33.31272],[-86.48068,33.31196],[-86.484,33.30961],[-86.48503,33.30719],[-86.48884,33.30698],[-86.4918,33.30599],[-86.49396,33.30844],[-86.49501,33.3064],[-86.49747,33.30438],[-86.49986,33.30882],[-86.50531,33.32088],[-86.50896,33.31964],[-86.50834,33.31577],[-86.51218,33.31656],[-86.51793,33.31664],[-86.51905,33.32158],[-86.52034,33.3238],[-86.52218,33.32463],[-86.5264,33.32395],[-86.5299,33.32539],[-86.53289,33.32852],[-86.53525,33.32832],[-86.53625,33.33195],[-86.53946,33.33337],[-86.53945,33.3322],[-86.5479,33.33221],[-86.54716,33.33514],[-86.55265,33.33437],[-86.55265,33.33545],[-86.55265,33.33897]]]]}},{"type":"Feature","properties":{"zcta":"35215","d":689},"geometry":{"type":"Polygon","coordinates":[[[-86.7558,33.67313],[-86.75101,33.67775],[-86.74497,33.68038],[-86.74283,33.68193],[-86.73517,33.69042],[-86.73363,33.69316],[-86.73251,33.69796],[-86.73301,33.70134],[-86.72538,33.70151],[-86.72263,33.70352],[-86.71558,33.70801],[-86.71018,33.70788],[-86.7081,33.70492],[-86.70723,33.70126],[-86.70465,33.69662],[-86.70234,33.69575],[-86.70011,33.69689],[-86.69145,33.69683],[-86.69141,33.69319],[-86.68984,33.69319],[-86.69141,33.68799],[-86.69439,33.68501],[-86.69485,33.68338],[-86.68849,33.6792],[-86.68759,33.6768],[-86.68367,33.67718],[-86.68203,33.67538],[-86.679,33.6774],[-86.67846,33.67934],[-86.68269,33.67858],[-86.6827,33.68226],[-86.67798,33.68116],[-86.67749,33.6818],[-86.67379,33.6805],[-86.67278,33.67863],[-86.66681,33.67502],[-86.66432,33.67508],[-86.66526,33.67275],[-86.66384,33.67133],[-86.6609,33.6712],[-86.66083,33.66394],[-86.65638,33.66393],[-86.65639,33.66031],[-86.65889,33.66038],[-86.65892,33.65866],[-86.6564,33.65852],[-86.65639,33.65557],[-86.66084,33.65571],[-86.65872,33.65335],[-86.65639,33.65286],[-86.6518,33.65434],[-86.64862,33.65409],[-86.64318,33.65532],[-86.64146,33.65437],[-86.64369,33.65235],[-86.64616,33.65288],[-86.64774,33.6492],[-86.65203,33.64558],[-86.65308,33.6456],[-86.66056,33.63717],[-86.6622,33.63464],[-86.65779,33.63419],[-86.65997,33.63322],[-86.65803,33.63235],[-86.66145,33.63217],[-86.66344,33.62984],[-86.6657,33.63011],[-86.66762,33.62594],[-86.66865,33.62141],[-86.67097,33.61865],[-86.67616,33.6159],[-86.67837,33.61366],[-86.68486,33.60907],[-86.68339,33.60784],[-86.68509,33.6051],[-86.68859,33.60564],[-86.69273,33.59641],[-86.69529,33.59325],[-86.69337,33.59129],[-86.69631,33.59192],[-86.69682,33.59098],[-86.70817,33.59116],[-86.71473,33.59092],[-86.72069,33.59132],[-86.72349,33.59084],[-86.7223,33.5921],[-86.72198,33.59758],[-86.71759,33.59723],[-86.71661,33.59801],[-86.7175,33.60126],[-86.7175,33.60457],[-86.72152,33.60545],[-86.72222,33.60656],[-86.72484,33.60634],[-86.72548,33.605],[-86.72683,33.60668],[-86.72739,33.6049],[-86.73143,33.60493],[-86.73439,33.609],[-86.74139,33.6091],[-86.74342,33.60788],[-86.74342,33.61142],[-86.73915,33.6122],[-86.7392,33.61573],[-86.74045,33.61628],[-86.73536,33.62248],[-86.73479,33.6222],[-86.73054,33.62827],[-86.72654,33.63904],[-86.72919,33.63928],[-86.73072,33.641],[-86.7434,33.62464],[-86.74375,33.63611],[-86.74361,33.64522],[-86.73564,33.64992],[-86.72614,33.65489],[-86.73064,33.65901],[-86.73342,33.65676],[-86.73536,33.65743],[-86.73887,33.65693],[-86.742,33.65797],[-86.74201,33.66149],[-86.74548,33.66186],[-86.74799,33.66332],[-86.75797,33.66541],[-86.75739,33.66935],[-86.7558,33.67313]]]}},{"type":"Feature","properties":{"zcta":"35005","d":96},"geometry":{"type":"Polygon","coordinates":[[[-87.04934,33.62554],[-87.04004,33.63003],[-87.03998,33.62707],[-87.02359,33.62714],[-87.02184,33.6244],[-87.01369,33.6182],[-87.013,33.61619],[-87.01114,33.61516],[-87.00844,33.61628],[-87.00542,33.6195],[-87.0027,33.61998],[-87.0,33.61745],[-86.99524,33.61591],[-86.9934,33.62098],[-86.99004,33.62098],[-86.98613,33.62268],[-86.98605,33.61874],[-86.98172,33.61868],[-86.98181,33.61504],[-86.97754,33.61273],[-86.97715,33.61133],[-86.97348,33.61121],[-86.97347,33.6101],[-86.96961,33.60944],[-86.96966,33.61128],[-86.95703,33.61102],[-86.9557,33.61596],[-86.95228,33.6159],[-86.95074,33.61672],[-86.95005,33.62011],[-86.94248,33.62002],[-86.94051,33.61907],[-86.92913,33.611],[-86.92561,33.60815],[-86.91742,33.60414],[-86.9173,33.58852],[-86.92081,33.58541],[-86.92236,33.58218],[-86.92711,33.58341],[-86.92903,33.5819],[-86.92578,33.58175],[-86.92585,33.57779],[-86.92152,33.57807],[-86.92161,33.57396],[-86.9254,33.57225],[-86.92438,33.56999],[-86.92576,33.56195],[-86.93313,33.56353],[-86.93516,33.56477],[-86.93656,33.56712],[-86.9439,33.56987],[-86.94817,33.56812],[-86.94895,33.56609],[-86.95238,33.56523],[-86.95941,33.56652],[-86.9635,33.56822],[-86.96886,33.5672],[-86.96963,33.56435],[-86.96596,33.56329],[-86.96531,33.56197],[-86.96902,33.5562],[-86.96919,33.55416],[-86.96675,33.55363],[-86.96714,33.55175],[-86.97372,33.55037],[-86.97385,33.55259],[-86.97843,33.55347],[-86.97836,33.55998],[-86.98199,33.56623],[-86.98733,33.56807],[-86.9996,33.56811],[-87.00231,33.56619],[-87.00171,33.56251],[-86.99692,33.5536],[-86.99454,33.54991],[-86.99553,33.54992],[-86.99542,33.54161],[-86.99369,33.53718],[-86.99168,33.53724],[-86.99164,33.53887],[-86.98733,33.53948],[-86.98639,33.53838],[-86.99098,33.53681],[-86.99502,33.5339],[-86.99779,33.53647],[-87.00042,33.54015],[-87.00138,33.54284],[-87.00643,33.54624],[-87.00799,33.55001],[-87.00446,33.55534],[-87.00265,33.56638],[-87.00622,33.56599],[-87.00475,33.57043],[-87.00748,33.57115],[-87.00987,33.56832],[-87.01066,33.56461],[-87.01316,33.56416],[-87.01424,33.56564],[-87.01293,33.5683],[-87.01707,33.56777],[-87.06851,33.56801],[-87.06853,33.59076],[-87.06252,33.59305],[-87.06094,33.59461],[-87.06173,33.59679],[-87.06675,33.60113],[-87.0678,33.60477],[-87.0677,33.60877],[-87.06985,33.61032],[-87.08074,33.6136],[-87.08163,33.61485],[-87.07409,33.62141],[-87.07269,33.62315],[-87.06772,33.62435],[-87.06636,33.62625],[-87.062,33.62814],[-87.06043,33.6253],[-87.05766,33.62461],[-87.05526,33.62568],[-87.05411,33.62848],[-87.05302,33.62707],[-87.04934,33.62554]],[[-86.95608,33.61293],[-86.95565,33.61292],[-86.95567,33.61301],[-86.95608,33.61293]]]}},{"type":"Feature","properties":{"zcta":"35235","d":652},"geometry":{"type":"Polygon","coordinates":[[[-86.69631,33.59192],[-86.69337,33.59129],[-86.69529,33.59325],[-86.69273,33.59641],[-86.68859,33.60564],[-86.68509,33.6051],[-86.68339,33.60784],[-86.68486,33.60907],[-86.67837,33.61366],[-86.67616,33.6159],[-86.67097,33.61865],[-86.66865,33.62141],[-86.66762,33.62594],[-86.6657,33.63011],[-86.66344,33.62984],[-86.66145,33.63217],[-86.65803,33.63235],[-86.65997,33.63322],[-86.65779,33.63419],[-86.6622,33.63464],[-86.66056,33.63717],[-86.65308,33.6456],[-86.65203,33.64558],[-86.64774,33.6492],[-86.64616,33.65288],[-86.64369,33.65235],[-86.64146,33.65437],[-86.64212,33.65651],[-86.64009,33.65649],[-86.63916,33.6602],[-86.63734,33.66019],[-86.6367,33.66389],[-86.63515,33.66389],[-86.63277,33.66019],[-86.63029,33.65942],[-86.62671,33.66021],[-86.62244,33.66],[-86.62447,33.65645],[-86.62105,33.65578],[-86.61398,33.65284],[-86.61248,33.65114],[-86.61006,33.65078],[-86.61242,33.64571],[-86.61617,33.64243],[-86.6152,33.64227],[-86.61796,33.63966],[-86.61563,33.63961],[-86.62128,33.63587],[-86.62141,33.6341],[-86.62401,33.63193],[-86.62331,33.62712],[-86.62561,33.6252],[-86.62692,33.62587],[-86.63067,33.62442],[-86.63232,33.62008],[-86.63328,33.62146],[-86.63429,33.61885],[-86.63852,33.61375],[-86.63988,33.6103],[-86.63746,33.60958],[-86.63728,33.60776],[-86.63534,33.6041],[-86.63254,33.60593],[-86.63254,33.60812],[-86.63036,33.60728],[-86.63033,33.61262],[-86.62884,33.61262],[-86.62739,33.60942],[-86.6195,33.61606],[-86.61951,33.61259],[-86.61614,33.61273],[-86.61362,33.61453],[-86.61278,33.61309],[-86.61488,33.61261],[-86.61517,33.61091],[-86.61717,33.61031],[-86.61725,33.60534],[-86.6216,33.60533],[-86.62165,33.60166],[-86.62587,33.6017],[-86.6261,33.5944],[-86.63044,33.59439],[-86.63043,33.59166],[-86.63482,33.59169],[-86.63483,33.59079],[-86.63921,33.59081],[-86.63918,33.58719],[-86.64019,33.58359],[-86.64305,33.58352],[-86.64797,33.59205],[-86.65654,33.58702],[-86.65448,33.5844],[-86.65619,33.58332],[-86.66163,33.58319],[-86.66529,33.57898],[-86.66529,33.57983],[-86.66172,33.58402],[-86.66606,33.58351],[-86.66634,33.58485],[-86.67071,33.58359],[-86.67273,33.58373],[-86.67439,33.58554],[-86.67673,33.5854],[-86.69105,33.58674],[-86.6972,33.58598],[-86.69734,33.58794],[-86.69968,33.58772],[-86.69682,33.59098],[-86.69631,33.59192]]]}},{"type":"Feature","properties":{"zcta":"35054","d":81},"geometry":{"type":"Polygon","coordinates":[[[-86.28634,33.50449],[-86.2878,33.49907],[-86.28784,33.49556],[-86.28631,33.49018],[-86.28732,33.48728],[-86.29476,33.4834],[-86.29698,33.48078],[-86.30057,33.47411],[-86.30119,33.47132],[-86.30327,33.46719],[-86.30313,33.46075],[-86.3041,33.45824],[-86.30847,33.4536],[-86.31416,33.45074],[-86.31932,33.4468],[-86.3231,33.4445],[-86.32574,33.44071],[-86.32772,33.43453],[-86.32932,33.43178],[-86.33584,33.42538],[-86.33977,33.42736],[-86.33258,33.43331],[-86.33293,33.43472],[-86.33075,33.43674],[-86.33546,33.43729],[-86.33464,33.44377],[-86.33388,33.44619],[-86.33139,33.44802],[-86.32872,33.45134],[-86.32812,33.45322],[-86.32935,33.45476],[-86.32722,33.45521],[-86.32943,33.45741],[-86.3275,33.45913],[-86.32454,33.45526],[-86.3244,33.45736],[-86.3198,33.45744],[-86.32049,33.45753],[-86.32385,33.45761],[-86.32511,33.4587],[-86.32375,33.45992],[-86.32846,33.46605],[-86.33267,33.4667],[-86.33312,33.46525],[-86.33114,33.46473],[-86.33195,33.46226],[-86.33492,33.46409],[-86.33874,33.46519],[-86.34162,33.47384],[-86.34979,33.47371],[-86.35073,33.47615],[-86.35259,33.47677],[-86.3551,33.47493],[-86.35967,33.47561],[-86.36009,33.47875],[-86.36229,33.48185],[-86.36429,33.48014],[-86.36542,33.48342],[-86.37819,33.48398],[-86.37822,33.50024],[-86.37792,33.50254],[-86.38007,33.5092],[-86.37687,33.51789],[-86.37095,33.52084],[-86.36899,33.52295],[-86.36431,33.52467],[-86.36344,33.52735],[-86.35478,33.53477],[-86.35835,33.53437],[-86.36109,33.53507],[-86.36216,33.5417],[-86.35477,33.54771],[-86.3527,33.54457],[-86.34848,33.54272],[-86.34442,33.54171],[-86.34321,33.54005],[-86.33906,33.53838],[-86.33624,33.53971],[-86.33381,33.53882],[-86.32943,33.53891],[-86.32946,33.54345],[-86.32499,33.54354],[-86.32503,33.54715],[-86.29024,33.54801],[-86.29027,33.55007],[-86.28654,33.54954],[-86.28489,33.5485],[-86.27996,33.54775],[-86.27634,33.55344],[-86.26785,33.5523],[-86.2669,33.5494],[-86.27186,33.54419],[-86.27323,33.5447],[-86.27254,33.54672],[-86.27303,33.55073],[-86.27395,33.54786],[-86.27582,33.54759],[-86.2753,33.54443],[-86.27735,33.54309],[-86.27932,33.53679],[-86.28172,33.53924],[-86.2827,33.53739],[-86.2795,33.53624],[-86.28253,33.53314],[-86.28364,33.5352],[-86.28542,33.53331],[-86.28316,33.53146],[-86.28136,33.53305],[-86.28506,33.52562],[-86.2867,33.52554],[-86.28397,33.52962],[-86.28571,33.52929],[-86.28571,33.53223],[-86.28888,33.5303],[-86.28843,33.52848],[-86.28996,33.52457],[-86.29219,33.52666],[-86.29059,33.52321],[-86.29186,33.52005],[-86.29323,33.51944],[-86.29337,33.5216],[-86.29529,33.52061],[-86.29311,33.51716],[-86.28914,33.51454],[-86.28539,33.51542],[-86.2809,33.5108],[-86.28634,33.50449]],[[-86.31676,33.45614],[-86.31646,33.45868],[-86.314,33.45896],[-86.31493,33.46027],[-86.31841,33.45728],[-86.3198,33.45744],[-86.31676,33.45614]],[[-86.32864,33.43807],[-86.32822,33.44277],[-86.3333,33.43994],[-86.33228,33.43809],[-86.32864,33.43807]]]}},{"type":"Feature","properties":{"zcta":"36792","d":9},"geometry":{"type":"Polygon","coordinates":[[[-86.96901,32.95967],[-86.96693,32.96144],[-86.96596,32.96415],[-86.96304,32.96587],[-86.96114,32.97039],[-86.95853,32.97248],[-86.95583,32.9703],[-86.95489,32.97093],[-86.95294,32.96886],[-86.94761,32.97048],[-86.93832,32.96964],[-86.93638,32.96794],[-86.93622,32.96571],[-86.93263,32.96314],[-86.9251,32.9613],[-86.92387,32.96174],[-86.91766,32.96154],[-86.91479,32.96053],[-86.91135,32.96059],[-86.90974,32.98106],[-86.90815,32.99353],[-86.90872,32.99708],[-86.91114,33.00515],[-86.90824,33.00599],[-86.90717,33.00254],[-86.90204,32.99818],[-86.90203,32.99955],[-86.89783,32.99944],[-86.89776,33.00573],[-86.89207,33.00569],[-86.89069,33.00734],[-86.88635,33.0053],[-86.88073,33.00375],[-86.8763,33.00306],[-86.86799,33.00236],[-86.86792,33.00306],[-86.8579,33.00112],[-86.85568,33.00198],[-86.85536,32.99773],[-86.85266,32.99602],[-86.84877,32.98826],[-86.84987,32.98605],[-86.84596,32.98549],[-86.8404,32.97764],[-86.83388,32.97856],[-86.83182,32.97547],[-86.83371,32.97318],[-86.83316,32.97018],[-86.8305,32.96857],[-86.82946,32.96582],[-86.83046,32.96166],[-86.83241,32.95979],[-86.83682,32.95804],[-86.841,32.95238],[-86.85139,32.95263],[-86.85155,32.9508],[-86.85399,32.95094],[-86.85368,32.94896],[-86.85534,32.9462],[-86.85235,32.94414],[-86.84941,32.94407],[-86.84938,32.93857],[-86.85075,32.93863],[-86.85065,32.93073],[-86.85207,32.93031],[-86.85595,32.92705],[-86.8592,32.92687],[-86.86365,32.92489],[-86.86546,32.9249],[-86.86663,32.92305],[-86.86553,32.92045],[-86.85818,32.91784],[-86.85438,32.91862],[-86.85376,32.91478],[-86.84862,32.91075],[-86.84893,32.90812],[-86.84782,32.90457],[-86.85059,32.90468],[-86.85415,32.90245],[-86.85699,32.90169],[-86.86108,32.90487],[-86.86335,32.90519],[-86.87151,32.90222],[-86.87156,32.90139],[-86.87172,32.89503],[-86.87455,32.89504],[-86.8762,32.89286],[-86.87622,32.84784],[-86.88058,32.84697],[-86.88075,32.85108],[-86.88329,32.85503],[-86.8851,32.86182],[-86.88822,32.8647],[-86.88799,32.86808],[-86.88935,32.8701],[-86.89165,32.87013],[-86.89554,32.8755],[-86.89671,32.88131],[-86.90233,32.88666],[-86.90277,32.8884],[-86.90593,32.89343],[-86.90963,32.89637],[-86.9091,32.89278],[-86.90613,32.8882],[-86.90362,32.88123],[-86.8997,32.87604],[-86.89232,32.86239],[-86.89153,32.85983],[-86.88829,32.85401],[-86.8825,32.84484],[-86.88079,32.84043],[-86.88055,32.83637],[-86.91646,32.83767],[-86.94558,32.83772],[-86.94575,32.84443],[-86.94468,32.8456],[-86.94587,32.84882],[-86.9459,32.85245],[-86.94268,32.85889],[-86.93988,32.85989],[-86.94025,32.86346],[-86.94279,32.86499],[-86.94515,32.86988],[-86.94942,32.86914],[-86.95247,32.8693],[-86.95752,32.86749],[-86.96258,32.86747],[-86.96468,32.86685],[-86.9674,32.86823],[-86.97341,32.86889],[-86.97674,32.8735],[-86.98123,32.88374],[-86.98352,32.88787],[-86.98729,32.89235],[-86.98708,32.91234],[-86.98146,32.91333],[-86.9793,32.91088],[-86.97825,32.91638],[-86.97375,32.9214],[-86.97471,32.92399],[-86.97373,32.92539],[-86.97473,32.92713],[-86.97761,32.92841],[-86.98019,32.93422],[-86.97942,32.94019],[-86.97751,32.94331],[-86.97791,32.94631],[-86.98033,32.94796],[-86.9787,32.94897],[-86.97653,32.95364],[-86.97384,32.95729],[-86.9717,32.95903],[-86.96901,32.95967]]]}},{"type":"Feature","properties":{"zcta":"35128","d":73},"geometry":{"type":"Polygon","coordinates":[[[-86.45627,33.57898],[-86.45043,33.58094],[-86.4427,33.58288],[-86.42931,33.58963],[-86.4256,33.59112],[-86.41716,33.59314],[-86.41575,33.58962],[-86.41714,33.5889],[-86.41567,33.58738],[-86.40998,33.58981],[-86.40297,33.59095],[-86.39829,33.59224],[-86.39408,33.59259],[-86.39333,33.59065],[-86.39011,33.59153],[-86.38815,33.58888],[-86.38745,33.58538],[-86.38371,33.58421],[-86.37503,33.58655],[-86.36981,33.58664],[-86.36297,33.58402],[-86.35857,33.58387],[-86.35577,33.58489],[-86.34836,33.58892],[-86.34232,33.59137],[-86.33506,33.59264],[-86.33281,33.59198],[-86.33034,33.58724],[-86.32746,33.58578],[-86.32073,33.58696],[-86.31037,33.58764],[-86.30581,33.58553],[-86.30099,33.58172],[-86.29916,33.58148],[-86.29364,33.58234],[-86.28534,33.58521],[-86.28588,33.58628],[-86.28047,33.58821],[-86.28007,33.58708],[-86.26854,33.59111],[-86.26113,33.59193],[-86.25786,33.59123],[-86.25351,33.58935],[-86.25017,33.58879],[-86.24189,33.58965],[-86.23953,33.5894],[-86.2344,33.58851],[-86.23172,33.58692],[-86.22895,33.58795],[-86.22431,33.58814],[-86.22098,33.58716],[-86.21981,33.58277],[-86.21678,33.57897],[-86.21297,33.57576],[-86.21143,33.57151],[-86.21284,33.56675],[-86.2126,33.56503],[-86.2086,33.55986],[-86.20231,33.55701],[-86.19551,33.55514],[-86.19267,33.55314],[-86.18981,33.54724],[-86.19049,33.54373],[-86.19183,33.54193],[-86.19589,33.53868],[-86.20062,33.53639],[-86.20695,33.53434],[-86.22107,33.52527],[-86.22316,33.52423],[-86.22658,33.52055],[-86.23119,33.50843],[-86.23037,33.49967],[-86.23232,33.49676],[-86.23533,33.49453],[-86.24475,33.49187],[-86.25326,33.48884],[-86.25662,33.48903],[-86.26011,33.49013],[-86.26398,33.49314],[-86.2656,33.49635],[-86.26551,33.50128],[-86.26279,33.50594],[-86.26209,33.50912],[-86.26294,33.51181],[-86.26658,33.51464],[-86.27408,33.51366],[-86.2809,33.5108],[-86.28539,33.51542],[-86.28914,33.51454],[-86.29311,33.51716],[-86.29529,33.52061],[-86.29337,33.5216],[-86.29323,33.51944],[-86.29186,33.52005],[-86.29059,33.52321],[-86.29219,33.52666],[-86.28996,33.52457],[-86.28843,33.52848],[-86.28888,33.5303],[-86.28571,33.53223],[-86.28571,33.52929],[-86.28397,33.52962],[-86.2867,33.52554],[-86.28506,33.52562],[-86.28136,33.53305],[-86.28316,33.53146],[-86.28542,33.53331],[-86.28364,33.5352],[-86.28253,33.53314],[-86.2795,33.53624],[-86.2827,33.53739],[-86.28172,33.53924],[-86.27932,33.53679],[-86.27735,33.54309],[-86.2753,33.54443],[-86.27582,33.54759],[-86.27395,33.54786],[-86.27303,33.55073],[-86.27254,33.54672],[-86.27323,33.5447],[-86.27186,33.54419],[-86.2669,33.5494],[-86.26785,33.5523],[-86.27634,33.55344],[-86.27996,33.54775],[-86.28489,33.5485],[-86.28654,33.54954],[-86.29027,33.55007],[-86.29024,33.54801],[-86.32503,33.54715],[-86.32499,33.54354],[-86.32946,33.54345],[-86.32943,33.53891],[-86.33381,33.53882],[-86.33624,33.53971],[-86.33906,33.53838],[-86.34321,33.54005],[-86.34442,33.54171],[-86.34848,33.54272],[-86.3527,33.54457],[-86.35477,33.54771],[-86.36216,33.5417],[-86.36109,33.53507],[-86.35835,33.53437],[-86.35478,33.53477],[-86.36344,33.52735],[-86.36431,33.52467],[-86.36899,33.52295],[-86.37095,33.52084],[-86.37687,33.51789],[-86.38007,33.5092],[-86.37792,33.50254],[-86.37822,33.50024],[-86.37822,33.50241],[-86.41323,33.5024],[-86.41378,33.50146],[-86.41214,33.49859],[-86.41488,33.49358],[-86.41556,33.4957],[-86.41702,33.49586],[-86.41756,33.49571],[-86.42151,33.48711],[-86.42585,33.48603],[-86.43315,33.48354],[-86.43297,33.48654],[-86.43636,33.48898],[-86.43732,33.49247],[-86.43572,33.49387],[-86.43827,33.49576],[-86.44106,33.50173],[-86.44364,33.50234],[-86.48175,33.50254],[-86.48194,33.50254],[-86.48155,33.54581],[-86.4848,33.54609],[-86.46422,33.5497],[-86.46429,33.57808],[-86.45948,33.57868],[-86.45627,33.57898]]]}},{"type":"Feature","properties":{"zcta":"35224","d":131},"geometry":{"type":"Polygon","coordinates":[[[-86.98733,33.53948],[-86.99164,33.53887],[-86.99168,33.53724],[-86.99369,33.53718],[-86.99542,33.54161],[-86.99553,33.54992],[-86.99454,33.54991],[-86.99349,33.54784],[-86.99019,33.54484],[-86.98518,33.54644],[-86.98583,33.54417],[-86.98513,33.53845],[-86.97575,33.53838],[-86.96325,33.53668],[-86.96365,33.5387],[-86.96569,33.54115],[-86.9649,33.54224],[-86.96665,33.54363],[-86.96486,33.54678],[-86.96714,33.55175],[-86.96675,33.55363],[-86.96919,33.55416],[-86.96902,33.5562],[-86.96531,33.56197],[-86.96596,33.56329],[-86.96963,33.56435],[-86.96886,33.5672],[-86.9635,33.56822],[-86.95941,33.56652],[-86.95238,33.56523],[-86.94895,33.56609],[-86.94817,33.56812],[-86.9439,33.56987],[-86.93656,33.56712],[-86.93516,33.56477],[-86.93313,33.56353],[-86.93384,33.56346],[-86.9334,33.5569],[-86.93245,33.55519],[-86.92579,33.55461],[-86.9258,33.55177],[-86.92354,33.54768],[-86.92479,33.54711],[-86.92476,33.54428],[-86.92261,33.54465],[-86.91902,33.54386],[-86.91652,33.53709],[-86.91509,33.53621],[-86.90911,33.5361],[-86.90588,33.53383],[-86.89689,33.53093],[-86.89739,33.52909],[-86.89415,33.5269],[-86.89969,33.51908],[-86.90318,33.51665],[-86.9007,33.51523],[-86.91104,33.50274],[-86.91181,33.50089],[-86.9179,33.4932],[-86.92046,33.49274],[-86.93299,33.4949],[-86.9363,33.49491],[-86.93518,33.50408],[-86.94181,33.50762],[-86.94622,33.50607],[-86.95152,33.5086],[-86.96153,33.52333],[-86.96431,33.52621],[-86.97013,33.52538],[-86.96866,33.52252],[-86.96492,33.51793],[-86.96893,33.51881],[-86.96979,33.51639],[-86.96986,33.50906],[-86.9872,33.50929],[-86.98727,33.50571],[-86.99567,33.50567],[-86.99884,33.51689],[-86.99881,33.51828],[-86.99606,33.51943],[-86.98906,33.53093],[-86.98763,33.53253],[-86.98502,33.53792],[-86.98639,33.53838],[-86.98733,33.53948]]]}},{"type":"Feature","properties":{"zcta":"35178","d":29},"geometry":{"type":"MultiPolygon","coordinates":[[[[-86.3333,33.43994],[-86.32822,33.44277],[-86.32864,33.43807],[-86.33228,33.43809],[-86.3333,33.43994]]],[[[-86.41556,33.4957],[-86.41488,33.49358],[-86.41214,33.49859],[-86.41378,33.50146],[-86.41323,33.5024],[-86.37822,33.50241],[-86.37822,33.50024],[-86.37819,33.48398],[-86.36542,33.48342],[-86.36429,33.48014],[-86.36229,33.48185],[-86.36009,33.47875],[-86.35967,33.47561],[-86.3551,33.47493],[-86.35259,33.47677],[-86.35073,33.47615],[-86.34979,33.47371],[-86.34162,33.47384],[-86.33874,33.46519],[-86.33492,33.46409],[-86.33195,33.46226],[-86.33114,33.46473],[-86.33312,33.46525],[-86.33267,33.4667],[-86.32846,33.46605],[-86.32375,33.45992],[-86.32511,33.4587],[-86.32385,33.45761],[-86.32049,33.45753],[-86.3198,33.45744],[-86.3244,33.45736],[-86.32454,33.45526],[-86.3275,33.45913],[-86.32943,33.45741],[-86.32722,33.45521],[-86.32935,33.45476],[-86.32812,33.45322],[-86.32872,33.45134],[-86.33139,33.44802],[-86.33388,33.44619],[-86.33464,33.44377],[-86.33546,33.43729],[-86.33075,33.43674],[-86.33293,33.43472],[-86.33258,33.43331],[-86.33977,33.42736],[-86.33584,33.42538],[-86.33889,33.4214],[-86.34056,33.41791],[-86.34402,33.41299],[-86.3478,33.40969],[-86.35116,33.40834],[-86.35629,33.40731],[-86.36256,33.40687],[-86.36483,33.40583],[-86.36711,33.40268],[-86.37185,33.3982],[-86.37498,33.39586],[-86.37866,33.39098],[-86.37848,33.38719],[-86.37352,33.38301],[-86.3694,33.38153],[-86.36085,33.37773],[-86.35286,33.37254],[-86.34977,33.36852],[-86.34957,33.3671],[-86.34151,33.35549],[-86.34094,33.35307],[-86.34351,33.34918],[-86.35023,33.34717],[-86.35505,33.34767],[-86.36222,33.34692],[-86.36671,33.34423],[-86.36811,33.34167],[-86.36751,33.33569],[-86.37054,33.33774],[-86.37432,33.33757],[-86.3736,33.33878],[-86.37619,33.34138],[-86.37802,33.34059],[-86.3795,33.34474],[-86.37693,33.34569],[-86.37685,33.34723],[-86.37916,33.34953],[-86.38301,33.3491],[-86.38525,33.35148],[-86.38897,33.35082],[-86.38885,33.35278],[-86.39045,33.35355],[-86.39377,33.35219],[-86.39584,33.35664],[-86.40061,33.35699],[-86.40059,33.35078],[-86.40748,33.34946],[-86.4083,33.35107],[-86.4137,33.35268],[-86.42788,33.35881],[-86.44071,33.36387],[-86.44528,33.36658],[-86.44593,33.36616],[-86.45097,33.36817],[-86.45102,33.36431],[-86.46134,33.36442],[-86.46153,33.37156],[-86.47001,33.37156],[-86.46991,33.3606],[-86.47426,33.3606],[-86.47423,33.35709],[-86.47747,33.3571],[-86.47844,33.36062],[-86.47845,33.36089],[-86.477,33.36194],[-86.47846,33.36416],[-86.47844,33.36831],[-86.46606,33.37362],[-86.46598,33.37886],[-86.46161,33.37888],[-86.46208,33.38622],[-86.46935,33.38609],[-86.47739,33.39017],[-86.48316,33.39045],[-86.48692,33.39138],[-86.48556,33.39432],[-86.48168,33.39834],[-86.47951,33.40233],[-86.47704,33.40438],[-86.47426,33.4026],[-86.46994,33.40424],[-86.46795,33.40747],[-86.46432,33.40706],[-86.46003,33.40848],[-86.45794,33.41082],[-86.45435,33.41762],[-86.45596,33.42193],[-86.45818,33.42376],[-86.45871,33.4275],[-86.45476,33.4301],[-86.44999,33.43151],[-86.44904,33.43317],[-86.45383,33.44357],[-86.43991,33.45864],[-86.43975,33.46095],[-86.43529,33.46609],[-86.43243,33.47145],[-86.43074,33.47256],[-86.42713,33.47836],[-86.42058,33.48714],[-86.41796,33.49202],[-86.41702,33.49586],[-86.41556,33.4957]]],[[[-86.31841,33.45728],[-86.31493,33.46027],[-86.314,33.45896],[-86.31646,33.45868],[-86.31676,33.45614],[-86.3198,33.45744],[-86.31841,33.45728]]]]}},{"type":"Feature","properties":{"zcta":"35217","d":270},"geometry":{"type":"Polygon","coordinates":[[[-86.79589,33.63605],[-86.78707,33.63596],[-86.78905,33.63726],[-86.78849,33.63907],[-86.78482,33.63666],[-86.78554,33.63359],[-86.78349,33.63353],[-86.78163,33.63114],[-86.77528,33.64012],[-86.77177,33.64314],[-86.76976,33.64388],[-86.76107,33.64358],[-86.76114,33.65095],[-86.74992,33.65046],[-86.75012,33.65753],[-86.74792,33.65753],[-86.74799,33.66332],[-86.74548,33.66186],[-86.74201,33.66149],[-86.742,33.65797],[-86.73887,33.65693],[-86.73536,33.65743],[-86.73342,33.65676],[-86.73064,33.65901],[-86.72614,33.65489],[-86.73564,33.64992],[-86.74361,33.64522],[-86.74375,33.63611],[-86.7434,33.62464],[-86.73072,33.641],[-86.72919,33.63928],[-86.72654,33.63904],[-86.73054,33.62827],[-86.73479,33.6222],[-86.73536,33.62248],[-86.74045,33.61628],[-86.7392,33.61573],[-86.73915,33.6122],[-86.74342,33.61142],[-86.74342,33.60788],[-86.74139,33.6091],[-86.73439,33.609],[-86.73143,33.60493],[-86.72739,33.6049],[-86.72683,33.60668],[-86.72548,33.605],[-86.72484,33.60634],[-86.72222,33.60656],[-86.72152,33.60545],[-86.7175,33.60457],[-86.7175,33.60126],[-86.71661,33.59801],[-86.71759,33.59723],[-86.72198,33.59758],[-86.7223,33.5921],[-86.72349,33.59084],[-86.7256,33.59008],[-86.73537,33.58994],[-86.73641,33.58822],[-86.73893,33.58807],[-86.73766,33.5859],[-86.74204,33.5872],[-86.74399,33.5858],[-86.74526,33.58245],[-86.74453,33.57719],[-86.75278,33.57738],[-86.75603,33.5763],[-86.75695,33.57487],[-86.75645,33.56884],[-86.76016,33.56477],[-86.76495,33.56152],[-86.77385,33.55713],[-86.77896,33.55497],[-86.77898,33.55235],[-86.78694,33.55273],[-86.7878,33.55456],[-86.78721,33.55788],[-86.78677,33.5677],[-86.78543,33.57216],[-86.78784,33.5727],[-86.78848,33.57485],[-86.78864,33.58155],[-86.78999,33.58512],[-86.79225,33.58879],[-86.79217,33.59091],[-86.78853,33.5976],[-86.78308,33.60408],[-86.77935,33.60745],[-86.78447,33.60757],[-86.7845,33.61067],[-86.7863,33.61557],[-86.79275,33.61489],[-86.79118,33.61734],[-86.79281,33.62114],[-86.79449,33.62174],[-86.80095,33.62172],[-86.79847,33.6261],[-86.79387,33.62604],[-86.79255,33.63199],[-86.79592,33.63145],[-86.79589,33.63605]]]}},{"type":"Feature","properties":{"zcta":"35176","d":34},"geometry":{"type":"Polygon","coordinates":[[[-86.44364,33.50234],[-86.44704,33.50069],[-86.44857,33.49736],[-86.45283,33.49623],[-86.45365,33.49356],[-86.45556,33.49221],[-86.45828,33.4919],[-86.45748,33.48882],[-86.4709,33.48762],[-86.47746,33.48499],[-86.47805,33.48226],[-86.48331,33.47862],[-86.48854,33.47169],[-86.48697,33.46807],[-86.48277,33.46639],[-86.48338,33.46474],[-86.48117,33.46201],[-86.48453,33.46112],[-86.48574,33.46235],[-86.49175,33.45917],[-86.49399,33.45953],[-86.49883,33.46318],[-86.51404,33.47042],[-86.51575,33.46958],[-86.51956,33.46941],[-86.52286,33.46774],[-86.53428,33.45689],[-86.53931,33.45427],[-86.54138,33.45582],[-86.54925,33.4753],[-86.54446,33.47809],[-86.54163,33.48074],[-86.53405,33.4845],[-86.52434,33.48879],[-86.50253,33.49755],[-86.49437,33.49983],[-86.48947,33.49963],[-86.48816,33.50054],[-86.48175,33.50254],[-86.44364,33.50234]]]}},{"type":"Feature","properties":{"zcta":"35131","d":17},"geometry":{"type":"Polygon","coordinates":[[[-86.30951,33.69463],[-86.30721,33.69541],[-86.30703,33.69857],[-86.30807,33.699],[-86.30439,33.70496],[-86.29473,33.71554],[-86.29347,33.71756],[-86.28855,33.72033],[-86.28889,33.72345],[-86.28617,33.72836],[-86.28748,33.73241],[-86.28453,33.73969],[-86.27944,33.74638],[-86.27594,33.75191],[-86.27547,33.75394],[-86.27702,33.75785],[-86.27466,33.76097],[-86.26995,33.76321],[-86.26051,33.76627],[-86.25575,33.76819],[-86.25022,33.77129],[-86.24316,33.77359],[-86.23372,33.77547],[-86.22966,33.77679],[-86.22685,33.77669],[-86.21824,33.77274],[-86.21572,33.77277],[-86.2133,33.77025],[-86.18886,33.75751],[-86.18958,33.7553],[-86.19281,33.7501],[-86.19302,33.74809],[-86.19003,33.75011],[-86.18627,33.74697],[-86.18466,33.74821],[-86.18466,33.75812],[-86.15103,33.75821],[-86.15123,33.77928],[-86.12017,33.78008],[-86.12026,33.7694],[-86.10437,33.7696],[-86.07817,33.76914],[-86.07805,33.76757],[-86.0758,33.76695],[-86.0714,33.77032],[-86.06853,33.77331],[-86.06257,33.78143],[-86.06069,33.78264],[-86.05512,33.78263],[-86.05297,33.78411],[-86.04952,33.77998],[-86.04718,33.77519],[-86.04487,33.7719],[-86.04407,33.769],[-86.04399,33.7636],[-86.04735,33.76199],[-86.05348,33.76254],[-86.05826,33.76173],[-86.06258,33.7599],[-86.07056,33.75525],[-86.07618,33.7501],[-86.07728,33.74797],[-86.0816,33.74297],[-86.08556,33.74066],[-86.09916,33.73644],[-86.10787,33.73049],[-86.11659,33.7238],[-86.11877,33.7203],[-86.11928,33.71336],[-86.1211,33.7112],[-86.12388,33.71079],[-86.12962,33.71215],[-86.13299,33.71527],[-86.1374,33.71535],[-86.14371,33.70914],[-86.14622,33.70218],[-86.14583,33.69729],[-86.14406,33.68952],[-86.1442,33.68314],[-86.14556,33.6791],[-86.14724,33.67655],[-86.15167,33.67293],[-86.15512,33.67163],[-86.16289,33.67281],[-86.16679,33.67447],[-86.16916,33.67631],[-86.17087,33.67933],[-86.17116,33.68588],[-86.172,33.68964],[-86.17433,33.69407],[-86.17613,33.69609],[-86.1806,33.69901],[-86.18662,33.69946],[-86.19373,33.69785],[-86.20057,33.69469],[-86.20498,33.68952],[-86.20545,33.6838],[-86.20373,33.67973],[-86.20079,33.67682],[-86.19337,33.67283],[-86.18407,33.669],[-86.18087,33.66725],[-86.17432,33.66234],[-86.17244,33.65983],[-86.17913,33.6563],[-86.18094,33.65597],[-86.18678,33.65732],[-86.19472,33.65838],[-86.19814,33.65643],[-86.20372,33.65583],[-86.20959,33.65967],[-86.21368,33.65975],[-86.21732,33.65672],[-86.21665,33.65509],[-86.2215,33.65323],[-86.22302,33.65124],[-86.23161,33.65025],[-86.23533,33.64932],[-86.23724,33.64351],[-86.23879,33.6435],[-86.25111,33.65262],[-86.25849,33.65513],[-86.26006,33.65512],[-86.26314,33.6602],[-86.26499,33.65995],[-86.27747,33.65535],[-86.27746,33.6536],[-86.28189,33.65352],[-86.28178,33.65711],[-86.29008,33.657],[-86.27963,33.66893],[-86.28249,33.67003],[-86.28387,33.67538],[-86.28653,33.67397],[-86.28947,33.67795],[-86.29585,33.67886],[-86.29428,33.68115],[-86.29599,33.68505],[-86.29863,33.68689],[-86.30108,33.6864],[-86.30364,33.68743],[-86.30568,33.68965],[-86.30703,33.69272],[-86.30955,33.69329],[-86.30951,33.69463]]]}},{"type":"Feature","properties":{"zcta":"35094","d":117},"geometry":{"type":"MultiPolygon","coordinates":[[[[-86.52565,33.58279],[-86.52304,33.58287],[-86.5228,33.58528],[-86.51689,33.58612],[-86.51687,33.58255],[-86.51905,33.58262],[-86.51905,33.57495],[-86.52128,33.575],[-86.52126,33.5784],[-86.52577,33.57862],[-86.52565,33.58279]]],[[[-86.65019,33.50731],[-86.6526,33.51147],[-86.64965,33.50883],[-86.64629,33.50951],[-86.64642,33.51348],[-86.64507,33.51561],[-86.64643,33.51734],[-86.64372,33.51961],[-86.64252,33.52187],[-86.63969,33.52332],[-86.63926,33.52527],[-86.63661,33.52778],[-86.62934,33.53084],[-86.63039,33.53397],[-86.62807,33.53958],[-86.63047,33.54113],[-86.63044,33.54326],[-86.62689,33.54574],[-86.627,33.5432],[-86.62279,33.53991],[-86.62064,33.54051],[-86.61762,33.54482],[-86.61358,33.54514],[-86.61174,33.55005],[-86.60961,33.55198],[-86.61309,33.5522],[-86.61412,33.55527],[-86.61327,33.55654],[-86.60874,33.5546],[-86.60436,33.55175],[-86.60016,33.55309],[-86.59636,33.5533],[-86.59419,33.55237],[-86.5922,33.54923],[-86.59085,33.54891],[-86.5871,33.55209],[-86.58962,33.55348],[-86.58988,33.55508],[-86.58742,33.55737],[-86.58763,33.55975],[-86.58551,33.56081],[-86.58403,33.5642],[-86.58277,33.56463],[-86.58169,33.57],[-86.57774,33.57241],[-86.57198,33.57377],[-86.56341,33.58029],[-86.56328,33.57842],[-86.56136,33.57845],[-86.55683,33.58046],[-86.55358,33.58389],[-86.55287,33.58621],[-86.54958,33.58851],[-86.54728,33.58655],[-86.54794,33.58418],[-86.54653,33.58436],[-86.54191,33.58856],[-86.53573,33.58614],[-86.52883,33.58523],[-86.52778,33.58314],[-86.52843,33.5792],[-86.53415,33.57918],[-86.53451,33.5682],[-86.52557,33.56741],[-86.52527,33.56609],[-86.52322,33.57015],[-86.51908,33.57194],[-86.52128,33.56602],[-86.50418,33.56893],[-86.49628,33.57081],[-86.47957,33.57724],[-86.47454,33.57828],[-86.45948,33.57868],[-86.46429,33.57808],[-86.46422,33.5497],[-86.4848,33.54609],[-86.48155,33.54581],[-86.48194,33.50254],[-86.48175,33.50254],[-86.48816,33.50054],[-86.48947,33.49963],[-86.49437,33.49983],[-86.50253,33.49755],[-86.52434,33.48879],[-86.53405,33.4845],[-86.54163,33.48074],[-86.54446,33.47809],[-86.54925,33.4753],[-86.55914,33.46815],[-86.56281,33.46492],[-86.56261,33.46401],[-86.57516,33.45135],[-86.57531,33.45601],[-86.58208,33.45122],[-86.58227,33.45307],[-86.58086,33.45484],[-86.58331,33.45665],[-86.58108,33.45804],[-86.58153,33.46032],[-86.58511,33.46072],[-86.58389,33.45913],[-86.58838,33.45761],[-86.58804,33.45419],[-86.58925,33.45359],[-86.58917,33.45756],[-86.59065,33.45851],[-86.59374,33.45497],[-86.59005,33.45213],[-86.5901,33.45073],[-86.59485,33.44735],[-86.59588,33.44849],[-86.59493,33.45099],[-86.596,33.45181],[-86.59951,33.45113],[-86.60282,33.44873],[-86.60272,33.45048],[-86.60473,33.45169],[-86.60535,33.45446],[-86.60307,33.4566],[-86.60336,33.46012],[-86.59895,33.46479],[-86.59896,33.46712],[-86.61751,33.46687],[-86.61896,33.46873],[-86.6222,33.46685],[-86.6281,33.46742],[-86.62707,33.47293],[-86.62798,33.47437],[-86.62843,33.47989],[-86.63221,33.478],[-86.6385,33.47332],[-86.63915,33.47095],[-86.64238,33.46689],[-86.66763,33.4666],[-86.66589,33.46824],[-86.6656,33.47383],[-86.66028,33.47365],[-86.66027,33.47513],[-86.65677,33.477],[-86.6514,33.48111],[-86.64816,33.48116],[-86.64818,33.48317],[-86.64617,33.484],[-86.64072,33.48789],[-86.64384,33.48854],[-86.64265,33.49098],[-86.64965,33.49874],[-86.65167,33.50014],[-86.65298,33.50414],[-86.65019,33.50731]]]]}},{"type":"Feature","properties":{"zcta":"35221","d":431},"geometry":{"type":"Polygon","coordinates":[[[-86.88213,33.47792],[-86.88071,33.47456],[-86.88301,33.47257],[-86.88301,33.46872],[-86.87434,33.47488],[-86.87427,33.47065],[-86.87891,33.4715],[-86.88294,33.46807],[-86.88286,33.45559],[-86.88704,33.4498],[-86.88695,33.445],[-86.89065,33.4451],[-86.89108,33.44331],[-86.88967,33.44154],[-86.89013,33.43844],[-86.90013,33.43418],[-86.90839,33.42931],[-86.91759,33.42083],[-86.91777,33.43096],[-86.91309,33.43512],[-86.9144,33.43639],[-86.91339,33.43891],[-86.91532,33.44076],[-86.91209,33.44355],[-86.91815,33.45102],[-86.91876,33.45291],[-86.91308,33.45248],[-86.91051,33.45525],[-86.90737,33.45649],[-86.90093,33.46106],[-86.90065,33.45974],[-86.8922,33.4683],[-86.88479,33.47821],[-86.88213,33.47792]]]}},{"type":"Feature","properties":{"zcta":"35210","d":271},"geometry":{"type":"Polygon","coordinates":[[[-86.7167,33.53889],[-86.71498,33.54258],[-86.71001,33.54554],[-86.70475,33.55102],[-86.70294,33.55114],[-86.70082,33.55455],[-86.69309,33.5544],[-86.68611,33.56087],[-86.68723,33.56173],[-86.68732,33.56448],[-86.68561,33.56668],[-86.68538,33.56895],[-86.67901,33.56895],[-86.67659,33.57275],[-86.67416,33.57537],[-86.66733,33.57964],[-86.66779,33.58217],[-86.67075,33.58214],[-86.67071,33.58359],[-86.66634,33.58485],[-86.66606,33.58351],[-86.66172,33.58402],[-86.66529,33.57983],[-86.66529,33.57898],[-86.66163,33.58319],[-86.65619,33.58332],[-86.65448,33.5844],[-86.65654,33.58702],[-86.64797,33.59205],[-86.64305,33.58352],[-86.64019,33.58359],[-86.63918,33.58719],[-86.63921,33.59081],[-86.63483,33.59079],[-86.63482,33.59169],[-86.63043,33.59166],[-86.63041,33.58774],[-86.62142,33.58644],[-86.6159,33.58769],[-86.61111,33.58742],[-86.60963,33.5855],[-86.61301,33.58346],[-86.61319,33.57329],[-86.61013,33.57253],[-86.60727,33.57476],[-86.60745,33.57316],[-86.60469,33.57011],[-86.60698,33.57067],[-86.61151,33.56907],[-86.61721,33.5637],[-86.62089,33.55861],[-86.62444,33.55597],[-86.62173,33.55565],[-86.62188,33.54822],[-86.62,33.5473],[-86.62083,33.546],[-86.61762,33.54482],[-86.62064,33.54051],[-86.62279,33.53991],[-86.627,33.5432],[-86.62689,33.54574],[-86.63044,33.54326],[-86.63047,33.54113],[-86.62807,33.53958],[-86.63039,33.53397],[-86.62934,33.53084],[-86.63661,33.52778],[-86.63926,33.52527],[-86.63969,33.52332],[-86.64252,33.52187],[-86.64372,33.51961],[-86.64643,33.51734],[-86.64507,33.51561],[-86.64642,33.51348],[-86.64629,33.50951],[-86.64965,33.50883],[-86.6526,33.51147],[-86.65019,33.50731],[-86.65298,33.50414],[-86.65429,33.50529],[-86.65668,33.50332],[-86.65669,33.49949],[-86.66119,33.49944],[-86.66114,33.50319],[-86.67252,33.5025],[-86.6726,33.50506],[-86.67616,33.50232],[-86.67926,33.50104],[-86.67685,33.4995],[-86.67475,33.50164],[-86.67286,33.50184],[-86.67379,33.49949],[-86.67851,33.49746],[-86.68484,33.49356],[-86.68692,33.49179],[-86.68856,33.48857],[-86.69076,33.48875],[-86.69161,33.49261],[-86.69359,33.49224],[-86.6942,33.48955],[-86.691,33.4871],[-86.69166,33.48543],[-86.6955,33.48363],[-86.6964,33.48787],[-86.69817,33.48875],[-86.69821,33.4919],[-86.70111,33.49511],[-86.70333,33.49616],[-86.70002,33.50101],[-86.69653,33.50446],[-86.68328,33.51389],[-86.68731,33.52101],[-86.69187,33.51985],[-86.69275,33.51738],[-86.69641,33.51564],[-86.69644,33.51468],[-86.70121,33.51506],[-86.70068,33.51795],[-86.70913,33.51815],[-86.70955,33.51623],[-86.71231,33.51519],[-86.71623,33.5152],[-86.71472,33.51644],[-86.71543,33.51836],[-86.71788,33.51844],[-86.71783,33.51976],[-86.72445,33.51627],[-86.72441,33.52052],[-86.72903,33.52124],[-86.73214,33.52046],[-86.73096,33.52241],[-86.73096,33.52615],[-86.72905,33.52603],[-86.72659,33.52872],[-86.72674,33.52988],[-86.73183,33.53167],[-86.73263,33.53195],[-86.73269,33.53592],[-86.72329,33.5394],[-86.71982,33.53887],[-86.72005,33.5398],[-86.7167,33.53889]]]}},{"type":"Feature","properties":{"zcta":"35188","d":52},"geometry":{"type":"Polygon","coordinates":[[[-87.12737,33.22045],[-87.13216,33.21554],[-87.13407,33.21082],[-87.13406,33.20339],[-87.13272,33.20339],[-87.13038,33.18503],[-87.13845,33.18505],[-87.1384,33.18157],[-87.13726,33.17944],[-87.13401,33.1794],[-87.13389,33.17412],[-87.13693,33.17414],[-87.13695,33.16149],[-87.13826,33.15914],[-87.12968,33.15397],[-87.1306,33.15136],[-87.12919,33.14894],[-87.13113,33.14876],[-87.13565,33.14445],[-87.1391,33.14428],[-87.14271,33.14292],[-87.14262,33.13789],[-87.14624,33.13789],[-87.1501,33.14815],[-87.15628,33.14267],[-87.15974,33.15131],[-87.16081,33.15211],[-87.17047,33.14872],[-87.17039,33.14639],[-87.17198,33.14679],[-87.17417,33.14399],[-87.18249,33.14442],[-87.19375,33.14636],[-87.19663,33.14261],[-87.19533,33.14205],[-87.19925,33.13664],[-87.19916,33.14381],[-87.20248,33.14476],[-87.20672,33.14453],[-87.20986,33.14531],[-87.2123,33.1477],[-87.21753,33.15066],[-87.21869,33.15392],[-87.22141,33.153],[-87.22131,33.16657],[-87.22222,33.16902],[-87.22206,33.17741],[-87.2314,33.17562],[-87.23018,33.18418],[-87.22452,33.19215],[-87.21969,33.19215],[-87.21969,33.19087],[-87.22517,33.19087],[-87.22988,33.1845],[-87.22197,33.18271],[-87.22201,33.18657],[-87.2172,33.18654],[-87.2172,33.18261],[-87.2114,33.18261],[-87.2114,33.18584],[-87.2094,33.18587],[-87.20944,33.19112],[-87.20872,33.19679],[-87.20425,33.19681],[-87.20438,33.20514],[-87.20389,33.2062],[-87.20395,33.21205],[-87.19517,33.21222],[-87.19513,33.2146],[-87.18664,33.21885],[-87.1797,33.22266],[-87.17051,33.22892],[-87.17069,33.21825],[-87.16464,33.2184],[-87.16258,33.2244],[-87.16517,33.22524],[-87.16533,33.23208],[-87.16231,33.23169],[-87.16066,33.22726],[-87.15757,33.2305],[-87.16227,33.23413],[-87.15457,33.23887],[-87.14554,33.24571],[-87.14063,33.24786],[-87.13495,33.24947],[-87.13625,33.24728],[-87.14087,33.2472],[-87.13953,33.24368],[-87.14176,33.23883],[-87.14509,33.23643],[-87.15065,33.23357],[-87.15058,33.22916],[-87.15439,33.22908],[-87.15154,33.22722],[-87.15044,33.22425],[-87.14303,33.21869],[-87.14301,33.21395],[-87.13887,33.21395],[-87.13228,33.21992],[-87.12706,33.22543],[-87.12528,33.22421],[-87.12737,33.22045]]]}},{"type":"Feature","properties":{"zcta":"35147","d":36},"geometry":{"type":"Polygon","coordinates":[[[-86.65691,33.37038],[-86.6534,33.37318],[-86.64903,33.37541],[-86.64622,33.37763],[-86.62648,33.39115],[-86.62191,33.39681],[-86.61441,33.4085],[-86.61157,33.41505],[-86.60728,33.4221],[-86.5982,33.43154],[-86.58866,33.43916],[-86.57516,33.45135],[-86.56261,33.46401],[-86.56281,33.46492],[-86.55914,33.46815],[-86.54925,33.4753],[-86.54138,33.45582],[-86.53931,33.45427],[-86.53428,33.45689],[-86.52286,33.46774],[-86.51956,33.46941],[-86.51575,33.46958],[-86.51404,33.47042],[-86.49883,33.46318],[-86.49399,33.45953],[-86.49175,33.45917],[-86.48574,33.46235],[-86.48453,33.46112],[-86.48117,33.46201],[-86.48338,33.46474],[-86.48277,33.46639],[-86.48697,33.46807],[-86.48854,33.47169],[-86.48331,33.47862],[-86.47805,33.48226],[-86.47746,33.48499],[-86.4709,33.48762],[-86.45748,33.48882],[-86.45828,33.4919],[-86.45556,33.49221],[-86.45365,33.49356],[-86.45283,33.49623],[-86.44857,33.49736],[-86.44704,33.50069],[-86.44364,33.50234],[-86.44106,33.50173],[-86.43827,33.49576],[-86.43572,33.49387],[-86.43732,33.49247],[-86.43636,33.48898],[-86.43297,33.48654],[-86.43315,33.48354],[-86.42585,33.48603],[-86.42151,33.48711],[-86.41756,33.49571],[-86.41702,33.49586],[-86.41796,33.49202],[-86.42058,33.48714],[-86.42713,33.47836],[-86.43074,33.47256],[-86.43243,33.47145],[-86.43529,33.46609],[-86.43975,33.46095],[-86.43991,33.45864],[-86.45383,33.44357],[-86.44904,33.43317],[-86.44999,33.43151],[-86.45476,33.4301],[-86.45871,33.4275],[-86.45818,33.42376],[-86.45596,33.42193],[-86.45435,33.41762],[-86.45794,33.41082],[-86.46003,33.40848],[-86.46432,33.40706],[-86.46795,33.40747],[-86.46994,33.40424],[-86.47426,33.4026],[-86.47704,33.40438],[-86.47951,33.40233],[-86.48168,33.39834],[-86.48556,33.39432],[-86.48692,33.39138],[-86.48746,33.38835],[-86.48911,33.38538],[-86.48633,33.38035],[-86.487,33.37878],[-86.48019,33.37881],[-86.47884,33.37718],[-86.47869,33.36556],[-86.4803,33.36556],[-86.48026,33.3618],[-86.47845,33.36089],[-86.47844,33.36062],[-86.48387,33.36061],[-86.48287,33.35974],[-86.48282,33.35442],[-86.49,33.35697],[-86.49384,33.3573],[-86.50726,33.35757],[-86.51151,33.35703],[-86.51007,33.35598],[-86.51211,33.3516],[-86.51654,33.34858],[-86.51491,33.34557],[-86.51752,33.34507],[-86.51752,33.34218],[-86.52455,33.34195],[-86.52453,33.34075],[-86.52792,33.33994],[-86.52958,33.34055],[-86.53347,33.34571],[-86.53666,33.34762],[-86.53719,33.34631],[-86.54259,33.34287],[-86.54613,33.33838],[-86.55265,33.33897],[-86.55265,33.33545],[-86.55703,33.33547],[-86.55701,33.33719],[-86.55973,33.3373],[-86.56032,33.34179],[-86.56139,33.34465],[-86.56529,33.34479],[-86.56532,33.34588],[-86.5695,33.3456],[-86.57229,33.34466],[-86.58294,33.33832],[-86.58291,33.34981],[-86.59981,33.35069],[-86.59368,33.35523],[-86.59249,33.35908],[-86.59115,33.35798],[-86.58731,33.35808],[-86.58728,33.35626],[-86.58289,33.35594],[-86.5822,33.3579],[-86.58213,33.36516],[-86.58713,33.3653],[-86.58691,33.37242],[-86.58712,33.387],[-86.59597,33.38698],[-86.59613,33.39027],[-86.59965,33.38747],[-86.60559,33.38453],[-86.61271,33.37877],[-86.61633,33.37504],[-86.61795,33.37431],[-86.61906,33.37191],[-86.62417,33.3686],[-86.62599,33.36632],[-86.63672,33.35747],[-86.63991,33.3574],[-86.64541,33.35207],[-86.65448,33.35875],[-86.66176,33.36845],[-86.65691,33.37038]],[[-86.53571,33.35054],[-86.54154,33.34999],[-86.54103,33.3475],[-86.53666,33.34762],[-86.53571,33.35054]]]}},{"type":"Feature","properties":{"zcta":"35228","d":922},"geometry":{"type":"Polygon","coordinates":[[[-86.93852,33.47053],[-86.93565,33.47363],[-86.93399,33.47437],[-86.92958,33.47864],[-86.92974,33.47339],[-86.94035,33.46328],[-86.93821,33.46097],[-86.93555,33.46095],[-86.93713,33.45965],[-86.93708,33.45735],[-86.94192,33.45693],[-86.93982,33.4563],[-86.93865,33.45299],[-86.93555,33.45188],[-86.931,33.45182],[-86.93052,33.4562],[-86.92461,33.45721],[-86.92215,33.45664],[-86.91583,33.46091],[-86.91486,33.46273],[-86.91487,33.46835],[-86.91395,33.4694],[-86.90987,33.46509],[-86.91024,33.46637],[-86.90258,33.47413],[-86.90696,33.47538],[-86.90423,33.47832],[-86.90227,33.47907],[-86.88456,33.4785],[-86.88479,33.47821],[-86.8922,33.4683],[-86.90065,33.45974],[-86.90093,33.46106],[-86.90737,33.45649],[-86.91051,33.45525],[-86.91308,33.45248],[-86.91876,33.45291],[-86.91815,33.45102],[-86.91209,33.44355],[-86.91532,33.44076],[-86.92514,33.43263],[-86.92961,33.42704],[-86.93146,33.42812],[-86.93522,33.42813],[-86.93526,33.43176],[-86.93093,33.43251],[-86.93096,33.43541],[-86.93532,33.43525],[-86.93537,33.43812],[-86.93183,33.44249],[-86.92875,33.44272],[-86.92882,33.448],[-86.93099,33.44814],[-86.93206,33.44636],[-86.93974,33.44641],[-86.94124,33.44458],[-86.94559,33.44519],[-86.94558,33.44648],[-86.94846,33.44651],[-86.94846,33.45016],[-86.9548,33.45026],[-86.95034,33.45641],[-86.9514,33.45794],[-86.93852,33.47053]]]}},{"type":"Feature","properties":{"zcta":"35243","d":836},"geometry":{"type":"Polygon","coordinates":[[[-86.75031,33.46069],[-86.7506,33.46453],[-86.74871,33.46636],[-86.74016,33.46765],[-86.73119,33.46696],[-86.72742,33.47198],[-86.72396,33.47791],[-86.71895,33.47624],[-86.71879,33.47705],[-86.71412,33.48019],[-86.71246,33.47967],[-86.71238,33.48335],[-86.71074,33.48473],[-86.70968,33.48395],[-86.70624,33.47686],[-86.7065,33.47146],[-86.70878,33.46763],[-86.70544,33.46972],[-86.70368,33.46935],[-86.70739,33.46507],[-86.71058,33.45731],[-86.70975,33.45536],[-86.71526,33.45115],[-86.71465,33.44733],[-86.71529,33.444],[-86.71038,33.44247],[-86.7063,33.44279],[-86.70571,33.44057],[-86.70806,33.43883],[-86.71345,33.4391],[-86.71135,33.43479],[-86.71349,33.4317],[-86.72109,33.43091],[-86.71993,33.42175],[-86.72324,33.42275],[-86.72746,33.41967],[-86.72827,33.41751],[-86.72743,33.41553],[-86.72965,33.41289],[-86.73209,33.41286],[-86.73502,33.4113],[-86.73539,33.41523],[-86.74029,33.41545],[-86.75236,33.41226],[-86.757,33.40615],[-86.75699,33.40409],[-86.75992,33.40556],[-86.76369,33.40471],[-86.76426,33.40865],[-86.76541,33.40998],[-86.76916,33.41047],[-86.77043,33.41237],[-86.77409,33.41383],[-86.77342,33.41672],[-86.77506,33.41706],[-86.77595,33.42136],[-86.77545,33.42564],[-86.77436,33.42806],[-86.77216,33.42865],[-86.77423,33.43012],[-86.7719,33.43186],[-86.77356,33.43369],[-86.76703,33.44246],[-86.76888,33.44278],[-86.76848,33.4446],[-86.76949,33.44888],[-86.76727,33.44889],[-86.76804,33.45263],[-86.76673,33.4541],[-86.76957,33.45574],[-86.76884,33.45928],[-86.76543,33.45677],[-86.76234,33.4566],[-86.75673,33.46237],[-86.75031,33.46069]]]}},{"type":"Feature","properties":{"zcta":"35022","d":165},"geometry":{"type":"Polygon","coordinates":[[[-87.05068,33.3723],[-87.04872,33.37188],[-87.04499,33.3738],[-87.04085,33.37757],[-87.03777,33.37881],[-87.03294,33.38329],[-87.02836,33.39114],[-87.025,33.39132],[-87.0224,33.38753],[-87.02393,33.38526],[-87.01867,33.38229],[-87.01866,33.37942],[-87.01297,33.38166],[-87.00997,33.38405],[-87.00998,33.38809],[-87.00714,33.38775],[-86.99768,33.39028],[-86.98245,33.3962],[-86.98104,33.3949],[-86.98273,33.39218],[-86.9828,33.39021],[-86.98085,33.3902],[-86.98084,33.39201],[-86.979,33.39198],[-86.98051,33.3865],[-86.97891,33.3878],[-86.97895,33.38108],[-86.97707,33.3789],[-86.97402,33.37845],[-86.96963,33.37683],[-86.98752,33.3547],[-86.98377,33.35232],[-86.98138,33.3555],[-86.98492,33.35553],[-86.98154,33.35871],[-86.97906,33.35714],[-86.98014,33.35572],[-86.97616,33.35646],[-86.97428,33.35249],[-86.97195,33.35088],[-86.9686,33.34653],[-86.95341,33.36603],[-86.95528,33.36624],[-86.96111,33.35909],[-86.96114,33.36632],[-86.95676,33.36626],[-86.95679,33.36888],[-86.95383,33.36864],[-86.95296,33.36661],[-86.94799,33.37295],[-86.94795,33.37084],[-86.94608,33.37118],[-86.94558,33.37354],[-86.94344,33.37333],[-86.94382,33.37187],[-86.94112,33.3703],[-86.94005,33.37711],[-86.93846,33.37712],[-86.93746,33.38022],[-86.93372,33.38022],[-86.93344,33.3837],[-86.93219,33.38665],[-86.92553,33.3953],[-86.92518,33.3953],[-86.92027,33.40357],[-86.91841,33.40553],[-86.91541,33.40565],[-86.91277,33.40221],[-86.90979,33.40206],[-86.90837,33.40435],[-86.90434,33.40677],[-86.90243,33.40926],[-86.89822,33.41169],[-86.89634,33.41489],[-86.89782,33.42072],[-86.896,33.41989],[-86.89052,33.42148],[-86.88966,33.42503],[-86.88698,33.42412],[-86.8834,33.42399],[-86.88478,33.42151],[-86.88697,33.42106],[-86.8869,33.417],[-86.88378,33.42025],[-86.86508,33.41993],[-86.86507,33.41421],[-86.8701,33.40777],[-86.87027,33.40433],[-86.87223,33.39797],[-86.87191,33.40097],[-86.87599,33.40142],[-86.87949,33.40406],[-86.88245,33.40457],[-86.882,33.40564],[-86.88509,33.40561],[-86.88912,33.40338],[-86.89259,33.40057],[-86.89586,33.39673],[-86.89478,33.39551],[-86.891,33.39522],[-86.89217,33.39428],[-86.89215,33.39135],[-86.89964,33.39151],[-86.89962,33.38429],[-86.89681,33.38378],[-86.87961,33.38331],[-86.87734,33.38274],[-86.86693,33.38213],[-86.86489,33.37851],[-86.86525,33.3757],[-86.87562,33.35369],[-86.87811,33.35829],[-86.87998,33.35896],[-86.88382,33.35829],[-86.88529,33.35666],[-86.88275,33.35452],[-86.88994,33.35586],[-86.8912,33.35458],[-86.89123,33.35121],[-86.89436,33.34776],[-86.89665,33.3478],[-86.89665,33.34635],[-86.89984,33.3456],[-86.8998,33.33915],[-86.90198,33.33912],[-86.90237,33.3363],[-86.90387,33.33522],[-86.90698,33.33518],[-86.90857,33.33608],[-86.90862,33.33318],[-86.90332,33.33337],[-86.90417,33.32847],[-86.90299,33.32848],[-86.90298,33.32587],[-86.90415,33.32449],[-86.90257,33.32047],[-86.90007,33.31871],[-86.90011,33.31466],[-86.90312,33.3132],[-86.90325,33.31025],[-86.90007,33.30776],[-86.89974,33.3115],[-86.89538,33.31144],[-86.89534,33.31502],[-86.89341,33.31502],[-86.89082,33.30982],[-86.88865,33.30774],[-86.89495,33.30781],[-86.89456,33.3028],[-86.89765,33.30206],[-86.90171,33.29938],[-86.90463,33.30395],[-86.90327,33.30603],[-86.91764,33.29651],[-86.92615,33.28985],[-86.93274,33.28415],[-86.93341,33.28181],[-86.93143,33.27816],[-86.93459,33.27816],[-86.93467,33.27466],[-86.93905,33.27448],[-86.93908,33.26883],[-86.94145,33.26635],[-86.94352,33.26143],[-86.94564,33.25849],[-86.94706,33.26084],[-86.95023,33.26259],[-86.95303,33.26194],[-86.95525,33.25981],[-86.96951,33.24989],[-86.96948,33.24585],[-86.97393,33.24584],[-86.97393,33.24493],[-86.97728,33.24539],[-86.97835,33.24387],[-86.97751,33.23969],[-86.98266,33.23968],[-86.98266,33.23864],[-87.02161,33.23883],[-87.02634,33.23788],[-87.02685,33.24646],[-87.02359,33.24642],[-87.01812,33.25012],[-87.01913,33.25238],[-87.01841,33.25703],[-87.01548,33.25868],[-87.01306,33.25788],[-87.01381,33.26185],[-87.01843,33.26084],[-87.02225,33.26218],[-87.02017,33.26519],[-87.01652,33.26371],[-87.01697,33.26843],[-87.01175,33.27179],[-87.00816,33.27297],[-87.01015,33.27631],[-87.00849,33.27879],[-87.00865,33.2809],[-87.01393,33.28294],[-87.01515,33.28411],[-87.01689,33.28305],[-87.01427,33.28744],[-87.00523,33.29632],[-87.00492,33.30035],[-87.00216,33.30601],[-87.00096,33.31138],[-86.99858,33.31385],[-87.00506,33.31568],[-87.00285,33.31643],[-87.00287,33.32285],[-87.0051,33.32288],[-87.00514,33.32464],[-87.00292,33.32651],[-87.00036,33.3263],[-87.00136,33.32901],[-86.99766,33.33268],[-87.01004,33.33699],[-87.0053,33.33978],[-87.00092,33.34488],[-87.00971,33.34517],[-87.00971,33.34683],[-87.01371,33.34746],[-87.01399,33.35073],[-87.01836,33.35029],[-87.02724,33.34295],[-87.03631,33.33428],[-87.04022,33.33442],[-87.04035,33.34198],[-87.05382,33.34178],[-87.05315,33.34538],[-87.05115,33.34826],[-87.05228,33.34928],[-87.05054,33.35318],[-87.05387,33.35931],[-87.05286,33.36064],[-87.05393,33.36259],[-87.05038,33.36614],[-87.05121,33.36859],[-87.05023,33.37059],[-87.05068,33.3723]]]}}]}