{"type":"FeatureCollection","features":[{"type":"Feature","properties":{"zcta":"53553","d":33},"geometry":{"type":"Polygon","coordinates":[[[-90.29682,42.94327],[-90.2933,42.93989],[-90.29408,42.936],[-90.29172,42.92924],[-90.29044,42.92683],[-90.27923,42.92671],[-90.2793,42.93277],[-90.26102,42.93295],[-90.26099,42.92729],[-90.26095,42.92326],[-90.26554,42.92324],[-90.26544,42.91328],[-90.26051,42.91321],[-90.26046,42.90737],[-90.27214,42.90733],[-90.27211,42.90378],[-90.27571,42.90393],[-90.27832,42.90824],[-90.2813,42.90978],[-90.2836,42.9096],[-90.2859,42.91098],[-90.28756,42.91549],[-90.29042,42.91403],[-90.29022,42.8911],[-90.30965,42.891],[-90.30968,42.88611],[-90.31611,42.88608],[-90.31604,42.87931],[-90.31979,42.87929],[-90.31972,42.87204],[-90.32429,42.87203],[-90.32434,42.88261],[-90.32328,42.88521],[-90.31954,42.88795],[-90.31939,42.89293],[-90.31774,42.89372],[-90.31058,42.89385],[-90.3097,42.89467],[-90.30975,42.9012],[-90.32937,42.90083],[-90.32935,42.901],[-90.32967,42.92521],[-90.32808,42.92417],[-90.32445,42.92372],[-90.32385,42.9209],[-90.32532,42.91846],[-90.32666,42.91881],[-90.32732,42.91551],[-90.30988,42.91579],[-90.30994,42.93042],[-90.30035,42.93046],[-90.30048,42.93971],[-90.30112,42.94064],[-90.30117,42.94567],[-90.29682,42.94327]]]}},{"type":"Feature","properties":{"zcta":"53969","d":0},"geometry":{"type":"Polygon","coordinates":[[[-89.28531,43.49526],[-89.28522,43.49226],[-89.2952,43.49229],[-89.2958,43.49037],[-89.31053,43.49316],[-89.32057,43.49503],[-89.32059,43.49912],[-89.31743,43.49876],[-89.31467,43.49641],[-89.31587,43.49926],[-89.31036,43.49761],[-89.30999,43.50009],[-89.30204,43.50007],[-89.30209,43.49928],[-89.29594,43.49938],[-89.29589,43.49592],[-89.29283,43.49751],[-89.28737,43.49684],[-89.28252,43.49713],[-89.27886,43.4953],[-89.28531,43.49526]]]}},{"type":"Feature","properties":{"zcta":"53726","d":3717},"geometry":{"type":"Polygon","coordinates":[[[-89.42889,43.07581],[-89.42892,43.0771],[-89.42153,43.0765],[-89.42143,43.07555],[-89.41277,43.0745],[-89.41062,43.07343],[-89.4139,43.07343],[-89.4139,43.0678],[-89.423,43.0651],[-89.42883,43.06077],[-89.42899,43.06798],[-89.42889,43.07581]]]}},{"type":"Feature","properties":{"zcta":"53565","d":13},"geometry":{"type":"Polygon","coordinates":[[[-90.35546,42.81596],[-90.35315,42.81771],[-90.3532,42.82629],[-90.34947,42.82795],[-90.34884,42.83127],[-90.34603,42.83354],[-90.34101,42.83475],[-90.33685,42.83903],[-90.33913,42.84097],[-90.33761,42.84244],[-90.3417,42.84605],[-90.34366,42.84488],[-90.34425,42.84616],[-90.34953,42.84735],[-90.35177,42.84847],[-90.35177,42.851],[-90.34684,42.85317],[-90.34503,42.85469],[-90.34568,42.85697],[-90.34391,42.85754],[-90.34401,42.86029],[-90.34755,42.86129],[-90.35294,42.8606],[-90.35575,42.86158],[-90.35492,42.86522],[-90.35239,42.86519],[-90.35063,42.86741],[-90.35112,42.86849],[-90.34889,42.87162],[-90.35104,42.87421],[-90.35278,42.87333],[-90.3559,42.87506],[-90.35612,42.87725],[-90.35273,42.88264],[-90.35188,42.88592],[-90.3523,42.89],[-90.35154,42.8921],[-90.34686,42.89205],[-90.34608,42.89304],[-90.34816,42.89695],[-90.34418,42.89794],[-90.33968,42.89666],[-90.33458,42.89691],[-90.33274,42.89963],[-90.32935,42.901],[-90.32937,42.90083],[-90.30975,42.9012],[-90.3097,42.89467],[-90.31058,42.89385],[-90.31774,42.89372],[-90.31939,42.89293],[-90.31954,42.88795],[-90.32328,42.88521],[-90.32434,42.88261],[-90.32429,42.87203],[-90.31972,42.87204],[-90.31979,42.87929],[-90.31604,42.87931],[-90.31611,42.88608],[-90.30968,42.88611],[-90.30965,42.891],[-90.29022,42.8911],[-90.29042,42.91403],[-90.28756,42.91549],[-90.2859,42.91098],[-90.2836,42.9096],[-90.2813,42.90978],[-90.27832,42.90824],[-90.27571,42.90393],[-90.27211,42.90378],[-90.27214,42.90733],[-90.26046,42.90737],[-90.26051,42.91321],[-90.26544,42.91328],[-90.26554,42.92324],[-90.26095,42.92326],[-90.26099,42.92729],[-90.25786,42.9273],[-90.25849,42.93255],[-90.25998,42.9355],[-90.26159,42.94151],[-90.25093,42.94152],[-90.2509,42.93794],[-90.23452,42.93794],[-90.23492,42.94034],[-90.23383,42.94228],[-90.2253,42.94458],[-90.22459,42.94554],[-90.21922,42.94775],[-90.21408,42.95072],[-90.21137,42.95437],[-90.21116,42.94041],[-90.20472,42.93992],[-90.20586,42.93461],[-90.19824,42.93468],[-90.19822,42.92964],[-90.19128,42.92965],[-90.19126,42.91651],[-90.15446,42.91662],[-90.15443,42.91012],[-90.15112,42.90987],[-90.1511,42.9066],[-90.14703,42.90661],[-90.14712,42.90395],[-90.14228,42.9039],[-90.13866,42.90902],[-90.13821,42.90593],[-90.13619,42.90595],[-90.13618,42.90319],[-90.12813,42.90322],[-90.1282,42.90935],[-90.12301,42.91327],[-90.12095,42.91629],[-90.1136,42.91689],[-90.10946,42.91853],[-90.10942,42.90822],[-90.10604,42.90822],[-90.09926,42.9073],[-90.09927,42.9096],[-90.09282,42.90915],[-90.08819,42.91059],[-90.08361,42.90912],[-90.07817,42.91118],[-90.07799,42.91278],[-90.0734,42.91349],[-90.07338,42.92393],[-90.07187,42.92359],[-90.05528,42.92387],[-90.05533,42.92753],[-90.03514,42.92731],[-90.02534,42.92693],[-90.02492,42.91602],[-90.00313,42.91548],[-90.0031,42.89672],[-89.99798,42.89673],[-89.99797,42.8901],[-90.003,42.89009],[-90.003,42.88754],[-89.99431,42.88755],[-89.99429,42.87991],[-90.00956,42.87989],[-90.00955,42.87681],[-90.00252,42.87681],[-90.00251,42.87313],[-90.00736,42.87312],[-90.00735,42.87097],[-90.01521,42.87097],[-90.01522,42.87365],[-90.00991,42.87365],[-90.00992,42.87634],[-90.01824,42.87633],[-90.01823,42.87244],[-90.0245,42.87244],[-90.02557,42.87039],[-90.00902,42.86649],[-90.00333,42.86649],[-90.00334,42.87118],[-89.99894,42.87118],[-89.99896,42.86261],[-89.99276,42.86171],[-89.98081,42.86587],[-89.98076,42.85601],[-89.98025,42.85556],[-89.97361,42.85545],[-89.97343,42.8572],[-89.96599,42.85718],[-89.96595,42.86081],[-89.96097,42.86079],[-89.96103,42.857],[-89.956,42.85786],[-89.95597,42.84835],[-89.95603,42.84135],[-89.95076,42.84224],[-89.9505,42.83702],[-89.95091,42.8316],[-89.95617,42.83158],[-89.95633,42.82211],[-89.9597,42.81839],[-89.96498,42.81793],[-89.96767,42.81358],[-89.99495,42.81386],[-90.00561,42.81384],[-90.00564,42.80391],[-90.01161,42.80497],[-90.01423,42.8069],[-90.02135,42.8078],[-90.02522,42.80754],[-90.03407,42.80943],[-90.03516,42.81017],[-90.04015,42.81052],[-90.04448,42.80807],[-90.04596,42.80649],[-90.05062,42.8035],[-90.05053,42.79577],[-90.06436,42.79575],[-90.06501,42.79824],[-90.07078,42.79924],[-90.09759,42.79936],[-90.09776,42.79378],[-90.10432,42.79381],[-90.10419,42.78814],[-90.09801,42.78811],[-90.09804,42.78474],[-90.09457,42.78473],[-90.09463,42.78147],[-90.10828,42.7815],[-90.11007,42.78089],[-90.11218,42.77782],[-90.1282,42.7779],[-90.12196,42.77097],[-90.12076,42.76777],[-90.12106,42.76405],[-90.12028,42.75907],[-90.11876,42.75494],[-90.11866,42.75206],[-90.1227,42.74248],[-90.1296,42.73367],[-90.14284,42.73372],[-90.14812,42.7334],[-90.15285,42.72736],[-90.15387,42.72333],[-90.15678,42.72068],[-90.16027,42.71872],[-90.16616,42.71744],[-90.16791,42.71554],[-90.16816,42.71746],[-90.17008,42.72002],[-90.17076,42.72354],[-90.17017,42.72473],[-90.17231,42.72583],[-90.18518,42.72873],[-90.1876,42.72842],[-90.19045,42.7263],[-90.19047,42.73395],[-90.20453,42.73398],[-90.20461,42.73152],[-90.21622,42.72881],[-90.22075,42.72926],[-90.22621,42.72835],[-90.2262,42.72968],[-90.22997,42.7297],[-90.22994,42.73398],[-90.23478,42.73357],[-90.23592,42.7316],[-90.24149,42.73126],[-90.24345,42.73051],[-90.24966,42.73042],[-90.25028,42.74452],[-90.24812,42.74621],[-90.23594,42.74715],[-90.2336,42.75133],[-90.23974,42.75179],[-90.24396,42.7527],[-90.24551,42.75464],[-90.24784,42.75567],[-90.25013,42.75383],[-90.25453,42.75359],[-90.25738,42.75469],[-90.25751,42.7567],[-90.26225,42.76022],[-90.26464,42.76107],[-90.26596,42.7599],[-90.2712,42.75887],[-90.26997,42.76068],[-90.26989,42.77051],[-90.27478,42.77098],[-90.27489,42.785],[-90.28981,42.78487],[-90.28977,42.79041],[-90.29217,42.79198],[-90.30178,42.79203],[-90.30216,42.79788],[-90.31036,42.79724],[-90.31618,42.7974],[-90.32028,42.79701],[-90.32735,42.79888],[-90.33102,42.7993],[-90.33348,42.80093],[-90.34024,42.8026],[-90.36253,42.80238],[-90.36316,42.80601],[-90.35945,42.80778],[-90.35793,42.81154],[-90.35551,42.81351],[-90.35546,42.81596]]]}},{"type":"Feature","properties":{"zcta":"53935","d":0},"geometry":{"type":"Polygon","coordinates":[[[-89.05706,43.59607],[-89.05697,43.58151],[-89.06157,43.58058],[-89.0622,43.58145],[-89.07692,43.58129],[-89.07704,43.59582],[-89.06711,43.59596],[-89.05706,43.59607]]]}},{"type":"Feature","properties":{"zcta":"53571","d":0},"geometry":{"type":"Polygon","coordinates":[[[-89.34442,43.27444],[-89.35725,43.27439],[-89.35885,43.27584],[-89.36302,43.27452],[-89.36302,43.27551],[-89.36308,43.28131],[-89.34449,43.28117],[-89.34442,43.27444]]]}},{"type":"Feature","properties":{"zcta":"53711","d":1030},"geometry":{"type":"MultiPolygon","coordinates":[[[[-89.45541,43.0154],[-89.45486,43.0189],[-89.45003,43.02189],[-89.44834,43.02531],[-89.4403,43.02613],[-89.43295,43.02368],[-89.43267,43.02196],[-89.42366,43.02267],[-89.42436,43.02098],[-89.41939,43.02207],[-89.41755,43.02117],[-89.42541,43.01243],[-89.41198,43.01286],[-89.40889,43.01638],[-89.40602,43.01649],[-89.4032,43.01785],[-89.39977,43.01808],[-89.39542,43.01955],[-89.39515,43.02361],[-89.39123,43.02471],[-89.38176,43.02594],[-89.37465,43.02739],[-89.37458,43.02875],[-89.36483,43.0285],[-89.36504,43.02549],[-89.35235,43.02562],[-89.34907,43.02979],[-89.34542,43.03273],[-89.33689,43.03272],[-89.33595,43.0368],[-89.33011,43.03707],[-89.32997,43.04066],[-89.32724,43.04215],[-89.32386,43.04164],[-89.32004,43.04265],[-89.31384,43.04285],[-89.31256,43.0446],[-89.31117,43.04131],[-89.30988,43.03706],[-89.31129,43.0349],[-89.31326,43.03399],[-89.31794,43.03331],[-89.31989,43.03382],[-89.30974,43.02767],[-89.30738,43.02551],[-89.30503,43.0215],[-89.30428,43.01567],[-89.30832,43.01207],[-89.30728,43.00858],[-89.30496,43.00866],[-89.3114,43.00578],[-89.31208,43.00354],[-89.31537,43.00357],[-89.31831,42.99952],[-89.32244,42.99717],[-89.32716,42.99633],[-89.32769,42.99322],[-89.32974,42.99164],[-89.33727,42.99066],[-89.34011,42.98991],[-89.34141,42.98947],[-89.34586,42.99159],[-89.34732,42.9915],[-89.3478,42.99541],[-89.35321,42.99789],[-89.35884,42.99899],[-89.36086,42.99873],[-89.3652,43.00067],[-89.36583,43.00019],[-89.36603,43.00519],[-89.3761,43.0057],[-89.37625,42.99786],[-89.3732,42.99351],[-89.37174,42.98516],[-89.37509,42.98397],[-89.37523,42.98156],[-89.37693,42.98166],[-89.37714,42.97553],[-89.3821,42.97555],[-89.38216,42.97137],[-89.38495,42.97066],[-89.38857,42.9719],[-89.41212,42.97245],[-89.41187,42.98717],[-89.41322,42.98714],[-89.41323,42.98172],[-89.41967,42.98167],[-89.41966,42.97961],[-89.44659,42.97937],[-89.44704,42.9721],[-89.45625,42.97228],[-89.45627,42.97947],[-89.46287,42.97954],[-89.45921,43.00114],[-89.45541,43.0154]]],[[[-89.45558,43.06087],[-89.45559,43.05998],[-89.45161,43.06083],[-89.43872,43.06082],[-89.42899,43.06798],[-89.42883,43.06077],[-89.423,43.0651],[-89.4139,43.0678],[-89.40899,43.07012],[-89.40899,43.06206],[-89.41274,43.0625],[-89.4179,43.05972],[-89.41707,43.05917],[-89.41824,43.05742],[-89.42469,43.05549],[-89.42996,43.05503],[-89.4324,43.0531],[-89.43111,43.04892],[-89.4338,43.04624],[-89.43294,43.04255],[-89.43295,43.03888],[-89.44245,43.03889],[-89.44246,43.0353],[-89.44726,43.02791],[-89.44834,43.02531],[-89.45824,43.02421],[-89.45832,43.0226],[-89.46131,43.02257],[-89.46129,43.01543],[-89.46298,43.01542],[-89.46339,43.01814],[-89.47065,43.02051],[-89.47256,43.01552],[-89.47548,43.01556],[-89.47376,43.01687],[-89.473,43.01959],[-89.47049,43.02447],[-89.46899,43.02381],[-89.46778,43.0253],[-89.4717,43.02482],[-89.47523,43.02646],[-89.48386,43.02666],[-89.48887,43.02614],[-89.48889,43.02296],[-89.49382,43.02224],[-89.49496,43.02297],[-89.50369,43.02297],[-89.50367,43.02828],[-89.50202,43.0309],[-89.49686,43.03107],[-89.49698,43.03579],[-89.49976,43.0385],[-89.50137,43.03892],[-89.49858,43.04262],[-89.50133,43.04355],[-89.50031,43.0453],[-89.50326,43.0453],[-89.50316,43.04921],[-89.50191,43.05018],[-89.49589,43.05009],[-89.49627,43.04844],[-89.49338,43.0485],[-89.48907,43.04734],[-89.48901,43.05049],[-89.49023,43.05031],[-89.49043,43.05285],[-89.4863,43.05189],[-89.47348,43.04636],[-89.4735,43.05362],[-89.48012,43.05351],[-89.48441,43.05509],[-89.48101,43.05595],[-89.47812,43.05525],[-89.47314,43.05621],[-89.47201,43.05807],[-89.47212,43.06088],[-89.45558,43.06087]]]]}},{"type":"Feature","properties":{"zcta":"53718","d":522},"geometry":{"type":"Polygon","coordinates":[[[-89.28467,43.17942],[-89.28822,43.17938],[-89.28732,43.17576],[-89.27484,43.17587],[-89.27505,43.16917],[-89.28528,43.16811],[-89.28512,43.16503],[-89.27516,43.16497],[-89.2754,43.15605],[-89.27765,43.15406],[-89.27658,43.15325],[-89.28342,43.1473],[-89.28267,43.14479],[-89.27664,43.1448],[-89.27579,43.14317],[-89.26587,43.1432],[-89.2661,43.13596],[-89.26119,43.135],[-89.26136,43.12876],[-89.25638,43.12886],[-89.2565,43.12525],[-89.2478,43.12542],[-89.24687,43.12232],[-89.25174,43.12167],[-89.25181,43.11802],[-89.25669,43.11795],[-89.25185,43.11605],[-89.25189,43.11336],[-89.24865,43.11296],[-89.24875,43.10867],[-89.24729,43.10718],[-89.23472,43.10759],[-89.22969,43.10767],[-89.22954,43.08963],[-89.24022,43.08947],[-89.24697,43.08806],[-89.24664,43.05638],[-89.24626,43.05151],[-89.24675,43.05158],[-89.24699,43.03199],[-89.25193,43.03066],[-89.26031,43.03046],[-89.27099,43.03746],[-89.27681,43.04076],[-89.28045,43.0413],[-89.28599,43.04077],[-89.28669,43.03989],[-89.28633,43.03348],[-89.28177,43.03357],[-89.28159,43.02625],[-89.2859,43.02611],[-89.28603,43.0296],[-89.28907,43.02947],[-89.28905,43.02603],[-89.29709,43.02578],[-89.29889,43.03035],[-89.29897,43.03547],[-89.29667,43.03553],[-89.29671,43.04059],[-89.30132,43.04054],[-89.30662,43.04538],[-89.30711,43.04591],[-89.2991,43.0475],[-89.29177,43.04735],[-89.29164,43.05161],[-89.29733,43.05152],[-89.29917,43.05253],[-89.29914,43.05515],[-89.30173,43.05516],[-89.30159,43.05867],[-89.29959,43.05869],[-89.29942,43.06065],[-89.30319,43.06011],[-89.30318,43.06239],[-89.30854,43.06232],[-89.30907,43.07112],[-89.3064,43.07144],[-89.30627,43.07304],[-89.30346,43.07095],[-89.28647,43.0649],[-89.27798,43.06609],[-89.28378,43.08452],[-89.28578,43.09148],[-89.28563,43.10418],[-89.28597,43.11127],[-89.28679,43.11432],[-89.29284,43.13099],[-89.29448,43.13445],[-89.30472,43.15019],[-89.30855,43.15902],[-89.31221,43.16461],[-89.3048,43.16463],[-89.30451,43.17713],[-89.29238,43.19015],[-89.28987,43.18341],[-89.28454,43.18382],[-89.28467,43.17942]]]}},{"type":"Feature","properties":{"zcta":"53597","d":205},"geometry":{"type":"Polygon","coordinates":[[[-89.55236,43.18754],[-89.55495,43.1919],[-89.54829,43.19218],[-89.55066,43.19562],[-89.55606,43.19569],[-89.56099,43.1948],[-89.55355,43.19837],[-89.55222,43.19967],[-89.54901,43.20649],[-89.48149,43.20671],[-89.48134,43.22125],[-89.4617,43.22113],[-89.46159,43.2503],[-89.45156,43.25027],[-89.42164,43.25023],[-89.42166,43.23566],[-89.40201,43.23573],[-89.40199,43.22122],[-89.38223,43.22135],[-89.38205,43.21411],[-89.37785,43.21393],[-89.37421,43.21041],[-89.37567,43.20969],[-89.37183,43.20683],[-89.36196,43.20682],[-89.36355,43.19805],[-89.36539,43.19515],[-89.36203,43.19434],[-89.36185,43.19146],[-89.36192,43.17657],[-89.36316,43.17974],[-89.36667,43.17876],[-89.36764,43.17655],[-89.37246,43.17211],[-89.37198,43.16743],[-89.37459,43.16252],[-89.37943,43.16209],[-89.38433,43.15787],[-89.38554,43.15494],[-89.39122,43.15199],[-89.39858,43.15201],[-89.4024,43.15039],[-89.41192,43.15917],[-89.41196,43.15618],[-89.40963,43.14912],[-89.41094,43.14664],[-89.41413,43.14694],[-89.4219,43.14355],[-89.42531,43.14106],[-89.42487,43.14037],[-89.42855,43.13639],[-89.43198,43.13372],[-89.43461,43.1277],[-89.43911,43.12295],[-89.44184,43.11884],[-89.44437,43.11935],[-89.44208,43.12138],[-89.44207,43.12639],[-89.45316,43.12643],[-89.45595,43.1243],[-89.46578,43.12427],[-89.46604,43.11926],[-89.47425,43.11921],[-89.47483,43.12117],[-89.47195,43.1214],[-89.47169,43.12643],[-89.48154,43.12643],[-89.48166,43.1337],[-89.49731,43.13356],[-89.49731,43.13718],[-89.50161,43.13715],[-89.50159,43.13523],[-89.50358,43.13528],[-89.50368,43.13348],[-89.51595,43.13333],[-89.52449,43.14783],[-89.52745,43.15221],[-89.52849,43.15517],[-89.55644,43.1547],[-89.55643,43.16929],[-89.56143,43.16924],[-89.56133,43.18047],[-89.55643,43.18411],[-89.55498,43.18683],[-89.55236,43.18754]]]}},{"type":"Feature","properties":{"zcta":"53566","d":50},"geometry":{"type":"Polygon","coordinates":[[[-89.71973,42.70876],[-89.71977,42.71204],[-89.71596,42.70899],[-89.71005,42.7079],[-89.70518,42.70576],[-89.7009,42.70507],[-89.70084,42.70767],[-89.69578,42.70766],[-89.69565,42.71522],[-89.69085,42.71521],[-89.69078,42.71902],[-89.6822,42.71906],[-89.68257,42.71691],[-89.68653,42.71341],[-89.68653,42.70878],[-89.6817,42.70881],[-89.68171,42.69775],[-89.66184,42.69778],[-89.66137,42.71056],[-89.66226,42.71386],[-89.66194,42.716],[-89.65614,42.71352],[-89.65113,42.71011],[-89.64653,42.71001],[-89.64362,42.71063],[-89.6425,42.70956],[-89.63863,42.71023],[-89.63788,42.70546],[-89.63832,42.70169],[-89.64079,42.69766],[-89.63649,42.69771],[-89.63627,42.6942],[-89.62698,42.69414],[-89.61688,42.69604],[-89.6169,42.69048],[-89.61186,42.69044],[-89.61187,42.68316],[-89.60211,42.68321],[-89.60217,42.69729],[-89.5948,42.69736],[-89.59471,42.6936],[-89.58958,42.69361],[-89.58952,42.69028],[-89.58505,42.69031],[-89.58508,42.69411],[-89.57992,42.69407],[-89.57992,42.69773],[-89.57537,42.69771],[-89.57524,42.69035],[-89.56954,42.69023],[-89.56989,42.68293],[-89.56446,42.68289],[-89.56429,42.67166],[-89.56398,42.6681],[-89.55934,42.66805],[-89.55943,42.67162],[-89.52047,42.67167],[-89.5206,42.67893],[-89.5058,42.67911],[-89.50585,42.68277],[-89.48611,42.68277],[-89.48608,42.67912],[-89.48602,42.66852],[-89.49091,42.66844],[-89.49094,42.66117],[-89.50144,42.66108],[-89.50117,42.65598],[-89.49847,42.65442],[-89.4962,42.65423],[-89.49282,42.65242],[-89.49055,42.64999],[-89.48941,42.64647],[-89.48564,42.6441],[-89.48538,42.62983],[-89.4877,42.62841],[-89.51503,42.62794],[-89.51498,42.61735],[-89.54377,42.61735],[-89.54363,42.59879],[-89.54307,42.58988],[-89.56371,42.59049],[-89.56375,42.58301],[-89.55903,42.58293],[-89.559,42.57924],[-89.55342,42.57921],[-89.55341,42.56815],[-89.5707,42.56865],[-89.57177,42.56744],[-89.57545,42.56627],[-89.57491,42.56125],[-89.56338,42.56119],[-89.56339,42.55756],[-89.57458,42.55771],[-89.57514,42.55013],[-89.57315,42.54602],[-89.57309,42.53744],[-89.57272,42.53217],[-89.54312,42.53149],[-89.54309,42.52965],[-89.53817,42.52978],[-89.53496,42.5314],[-89.5235,42.53124],[-89.52285,42.50927],[-89.54254,42.50958],[-89.54232,42.50224],[-89.56441,42.50263],[-89.61341,42.50394],[-89.6676,42.50496],[-89.73418,42.50533],[-89.7344,42.52061],[-89.73717,42.52354],[-89.73721,42.5259],[-89.73962,42.52663],[-89.73982,42.53621],[-89.7285,42.54089],[-89.72374,42.54223],[-89.72252,42.54329],[-89.72111,42.54893],[-89.72512,42.54903],[-89.72513,42.55637],[-89.72009,42.55673],[-89.72015,42.57795],[-89.7402,42.57811],[-89.74041,42.59262],[-89.74528,42.59263],[-89.74528,42.59619],[-89.7598,42.5962],[-89.75962,42.59474],[-89.76263,42.59325],[-89.77012,42.59266],[-89.77665,42.59174],[-89.77743,42.5906],[-89.77747,42.59625],[-89.78194,42.59625],[-89.78354,42.60063],[-89.78319,42.60456],[-89.78495,42.60845],[-89.78515,42.6107],[-89.80844,42.61076],[-89.80822,42.62108],[-89.80795,42.63204],[-89.8088,42.63499],[-89.81245,42.63969],[-89.80816,42.63952],[-89.8081,42.64051],[-89.79819,42.64064],[-89.79823,42.64626],[-89.81499,42.64619],[-89.81503,42.64953],[-89.81776,42.64952],[-89.81798,42.65775],[-89.81108,42.65684],[-89.8004,42.65774],[-89.78386,42.65635],[-89.77879,42.65497],[-89.77625,42.65825],[-89.7739,42.65728],[-89.76798,42.65608],[-89.76288,42.65436],[-89.75923,42.65416],[-89.7593,42.66876],[-89.74883,42.66851],[-89.74863,42.67756],[-89.74884,42.6833],[-89.73057,42.68329],[-89.72878,42.68882],[-89.72956,42.69413],[-89.75279,42.69421],[-89.75048,42.69891],[-89.74893,42.70417],[-89.74779,42.70515],[-89.72954,42.70504],[-89.7287,42.70866],[-89.72362,42.70885],[-89.71973,42.70876]]]}},{"type":"Feature","properties":{"zcta":"53507","d":19},"geometry":{"type":"Polygon","coordinates":[[[-89.94288,43.07807],[-89.93638,43.07812],[-89.93632,43.08174],[-89.93234,43.08177],[-89.9319,43.0786],[-89.92516,43.0782],[-89.92722,43.08142],[-89.93,43.08319],[-89.93134,43.08522],[-89.93145,43.08868],[-89.93267,43.0916],[-89.93613,43.09568],[-89.93802,43.09679],[-89.94216,43.10144],[-89.93919,43.10597],[-89.94066,43.10852],[-89.94557,43.11004],[-89.9468,43.11325],[-89.94979,43.1148],[-89.95378,43.11844],[-89.95529,43.12221],[-89.95102,43.12314],[-89.95059,43.12189],[-89.94744,43.12085],[-89.9441,43.12086],[-89.94263,43.11827],[-89.93943,43.11712],[-89.93471,43.11326],[-89.92718,43.11319],[-89.92493,43.11202],[-89.91576,43.10896],[-89.91231,43.10857],[-89.90637,43.10697],[-89.90226,43.10743],[-89.89895,43.11004],[-89.89763,43.11278],[-89.89609,43.11076],[-89.88734,43.11],[-89.88736,43.10688],[-89.8892,43.10688],[-89.8892,43.09997],[-89.87898,43.09653],[-89.87723,43.09638],[-89.8772,43.09281],[-89.87226,43.09274],[-89.87216,43.089],[-89.88207,43.0891],[-89.88208,43.09276],[-89.89195,43.09271],[-89.89191,43.08911],[-89.88701,43.0891],[-89.88697,43.08092],[-89.88026,43.08017],[-89.87494,43.08372],[-89.87214,43.08873],[-89.86869,43.08933],[-89.87268,43.08638],[-89.87429,43.08294],[-89.87719,43.08093],[-89.87601,43.07741],[-89.87577,43.07294],[-89.87646,43.07039],[-89.87066,43.06841],[-89.86914,43.06701],[-89.86895,43.06445],[-89.86602,43.06373],[-89.86163,43.06683],[-89.85474,43.06556],[-89.85535,43.06167],[-89.85897,43.05743],[-89.86125,43.05565],[-89.86375,43.05098],[-89.86625,43.04927],[-89.87238,43.0426],[-89.86769,43.04226],[-89.86766,43.0389],[-89.8628,43.03893],[-89.86286,43.03528],[-89.85801,43.03516],[-89.8582,43.01799],[-89.85319,43.01777],[-89.85313,43.01513],[-89.86304,43.01456],[-89.86332,43.00927],[-89.85816,43.00919],[-89.84334,43.00992],[-89.84379,43.00752],[-89.84685,43.00606],[-89.84839,43.00424],[-89.84606,43.00116],[-89.84587,42.99603],[-89.83846,42.99902],[-89.83851,42.98442],[-89.83372,42.98442],[-89.83369,42.98028],[-89.8385,42.98028],[-89.83852,42.97662],[-89.82843,42.97658],[-89.82842,42.97007],[-89.83145,42.97008],[-89.83141,42.96608],[-89.83852,42.96608],[-89.83854,42.95548],[-89.84356,42.95792],[-89.84393,42.95671],[-89.8494,42.95416],[-89.85316,42.95169],[-89.85432,42.94975],[-89.85783,42.94761],[-89.8588,42.9446],[-89.86326,42.94267],[-89.86319,42.93777],[-89.85775,42.93355],[-89.84948,42.93287],[-89.84959,42.93078],[-89.84298,42.92452],[-89.83823,42.92363],[-89.83815,42.91545],[-89.88206,42.91562],[-89.90481,42.91545],[-89.90795,42.9148],[-89.91254,42.9112],[-89.91254,42.90727],[-89.91804,42.90774],[-89.92082,42.9086],[-89.92482,42.90856],[-89.93102,42.91062],[-89.9309,42.91575],[-89.93171,42.92033],[-89.93338,42.92148],[-89.93857,42.92278],[-89.9395,42.92504],[-89.94167,42.92632],[-89.95268,42.92639],[-89.95595,42.92596],[-89.95631,42.95686],[-89.9562,42.99502],[-89.95686,42.99875],[-89.95609,43.00005],[-89.95607,43.01465],[-89.95216,43.01663],[-89.94687,43.01667],[-89.94231,43.01866],[-89.93837,43.02401],[-89.93779,43.02651],[-89.93818,43.03102],[-89.93767,43.03503],[-89.9408,43.03814],[-89.94138,43.04206],[-89.94557,43.05052],[-89.9466,43.05811],[-89.95162,43.06443],[-89.94319,43.06887],[-89.9408,43.0726],[-89.93742,43.07451],[-89.94287,43.07443],[-89.94288,43.07807]]]}},{"type":"Feature","properties":{"zcta":"53520","d":27},"geometry":{"type":"Polygon","coordinates":[[[-89.47995,42.67921],[-89.47746,42.68023],[-89.4763,42.67918],[-89.46382,42.67927],[-89.45707,42.67967],[-89.45669,42.68292],[-89.44769,42.68292],[-89.44714,42.68976],[-89.4413,42.68881],[-89.43697,42.68907],[-89.43398,42.68305],[-89.41309,42.68316],[-89.36758,42.68364],[-89.36786,42.69649],[-89.36317,42.69617],[-89.3631,42.69281],[-89.35056,42.69267],[-89.35041,42.69863],[-89.35633,42.69862],[-89.35639,42.70123],[-89.34418,42.70126],[-89.34416,42.69825],[-89.31775,42.69821],[-89.31781,42.7035],[-89.30013,42.70347],[-89.3002,42.70129],[-89.26893,42.70113],[-89.26862,42.68654],[-89.24905,42.68639],[-89.24888,42.65752],[-89.26884,42.65843],[-89.2686,42.66569],[-89.29752,42.66569],[-89.29757,42.65844],[-89.30851,42.65837],[-89.31311,42.65421],[-89.30847,42.65428],[-89.30878,42.65054],[-89.30349,42.65057],[-89.30351,42.64668],[-89.31794,42.64652],[-89.31779,42.63979],[-89.32565,42.63933],[-89.32742,42.63716],[-89.32751,42.63485],[-89.32986,42.63367],[-89.33023,42.63161],[-89.32922,42.62927],[-89.33009,42.62639],[-89.32876,42.62279],[-89.32969,42.6149],[-89.3201,42.61487],[-89.31885,42.61054],[-89.31716,42.60756],[-89.31683,42.60459],[-89.31318,42.6057],[-89.31048,42.6056],[-89.3104,42.60238],[-89.30694,42.60234],[-89.30687,42.60021],[-89.24799,42.59983],[-89.24787,42.58538],[-89.22834,42.58512],[-89.22768,42.56355],[-89.24783,42.56412],[-89.24789,42.54219],[-89.25679,42.54236],[-89.2479,42.53699],[-89.2479,42.53484],[-89.27302,42.53509],[-89.27292,42.53216],[-89.27763,42.53218],[-89.27791,42.52813],[-89.28758,42.52826],[-89.28751,42.53161],[-89.29733,42.53181],[-89.29749,42.52175],[-89.28792,42.52158],[-89.28797,42.51356],[-89.28349,42.51334],[-89.28138,42.51206],[-89.2811,42.5098],[-89.27827,42.51069],[-89.27677,42.50764],[-89.27763,42.50606],[-89.27436,42.50764],[-89.27155,42.5073],[-89.2709,42.50592],[-89.26858,42.50608],[-89.26865,42.50381],[-89.26368,42.50359],[-89.26229,42.50107],[-89.26263,42.49825],[-89.2909,42.49885],[-89.36156,42.50001],[-89.36603,42.50027],[-89.40995,42.5005],[-89.41002,42.51514],[-89.41428,42.51517],[-89.41426,42.50805],[-89.4248,42.50807],[-89.42544,42.52967],[-89.42559,42.54428],[-89.43553,42.54457],[-89.43547,42.55188],[-89.43069,42.55186],[-89.43076,42.55881],[-89.42597,42.55889],[-89.42602,42.56103],[-89.42859,42.56086],[-89.43132,42.55898],[-89.4407,42.55921],[-89.44258,42.56063],[-89.44649,42.56201],[-89.45047,42.56207],[-89.4505,42.56309],[-89.43652,42.56285],[-89.43609,42.56619],[-89.42612,42.56621],[-89.42649,42.58823],[-89.451,42.58821],[-89.45101,42.59293],[-89.43622,42.59311],[-89.43624,42.59659],[-89.45484,42.59628],[-89.45533,42.60199],[-89.46256,42.60194],[-89.46228,42.60303],[-89.47112,42.59988],[-89.47107,42.603],[-89.47607,42.60298],[-89.4761,42.60857],[-89.48118,42.60855],[-89.48119,42.61068],[-89.47159,42.61068],[-89.47173,42.61404],[-89.47339,42.6153],[-89.47669,42.62119],[-89.48031,42.62468],[-89.48091,42.6286],[-89.48538,42.62983],[-89.48564,42.6441],[-89.48941,42.64647],[-89.49055,42.64999],[-89.49282,42.65242],[-89.4962,42.65423],[-89.49847,42.65442],[-89.50117,42.65598],[-89.50144,42.66108],[-89.49094,42.66117],[-89.49091,42.66844],[-89.48602,42.66852],[-89.48608,42.67912],[-89.47995,42.67921]]]}},{"type":"Feature","properties":{"zcta":"53593","d":223},"geometry":{"type":"Polygon","coordinates":[[[-89.64203,43.04855],[-89.63798,43.04928],[-89.63259,43.05128],[-89.63056,43.046],[-89.61683,43.04579],[-89.61613,43.04215],[-89.60125,43.04214],[-89.60123,43.04313],[-89.59656,43.043],[-89.59654,43.04564],[-89.59154,43.04562],[-89.59156,43.04929],[-89.59642,43.04929],[-89.59665,43.05659],[-89.60092,43.0566],[-89.60091,43.06022],[-89.61048,43.06033],[-89.61081,43.06481],[-89.61082,43.075],[-89.60089,43.07486],[-89.5985,43.07581],[-89.59848,43.07761],[-89.5928,43.07804],[-89.59156,43.08211],[-89.59363,43.08213],[-89.59372,43.08573],[-89.5961,43.08576],[-89.59616,43.09169],[-89.60096,43.093],[-89.59221,43.09117],[-89.58877,43.091],[-89.57922,43.09357],[-89.58101,43.09188],[-89.58131,43.08831],[-89.57631,43.08411],[-89.57614,43.07468],[-89.57121,43.07467],[-89.57125,43.07304],[-89.56661,43.07304],[-89.56667,43.07152],[-89.56133,43.07147],[-89.56058,43.06752],[-89.56925,43.06744],[-89.56934,43.06388],[-89.57158,43.06388],[-89.57166,43.06021],[-89.55216,43.06021],[-89.55186,43.06384],[-89.547,43.06386],[-89.54706,43.06179],[-89.54221,43.06025],[-89.53731,43.06031],[-89.52876,43.0604],[-89.5288,43.05722],[-89.52764,43.05728],[-89.52769,43.0528],[-89.53275,43.04428],[-89.53338,43.02483],[-89.53351,43.01608],[-89.52236,43.01597],[-89.52353,43.01517],[-89.52361,43.00875],[-89.51661,43.00865],[-89.51674,43.00144],[-89.49935,43.00149],[-89.49859,42.99812],[-89.48427,43.00551],[-89.48441,42.99948],[-89.47435,43.00107],[-89.45921,43.00114],[-89.46287,42.97954],[-89.45627,42.97947],[-89.45625,42.97228],[-89.47173,42.9728],[-89.47513,42.97341],[-89.47609,42.97153],[-89.47654,42.9592],[-89.48089,42.96125],[-89.48346,42.95389],[-89.48535,42.95175],[-89.48552,42.94675],[-89.50018,42.94675],[-89.50995,42.94723],[-89.51004,42.94499],[-89.51489,42.94546],[-89.51529,42.94123],[-89.51842,42.93674],[-89.51822,42.94026],[-89.52346,42.93959],[-89.52522,42.93823],[-89.52625,42.93394],[-89.52324,42.93304],[-89.52413,42.9294],[-89.52704,42.93009],[-89.53323,42.92991],[-89.53496,42.93216],[-89.53485,42.92947],[-89.56434,42.92973],[-89.57299,42.93015],[-89.578,42.92994],[-89.57802,42.93367],[-89.58794,42.93368],[-89.58791,42.92774],[-89.59274,42.92777],[-89.59259,42.90589],[-89.59747,42.90497],[-89.5984,42.90364],[-89.60173,42.90285],[-89.60267,42.90092],[-89.62198,42.9013],[-89.62221,42.89238],[-89.6262,42.8924],[-89.62626,42.89522],[-89.63194,42.89524],[-89.63207,42.89217],[-89.64169,42.89215],[-89.64166,42.90115],[-89.64846,42.90115],[-89.64719,42.90493],[-89.64718,42.90841],[-89.65658,42.90854],[-89.65658,42.91594],[-89.64734,42.91583],[-89.64702,42.93214],[-89.64796,42.93438],[-89.64721,42.94042],[-89.65138,42.94445],[-89.65428,42.94543],[-89.65824,42.94929],[-89.65668,42.95318],[-89.65738,42.95429],[-89.66196,42.95707],[-89.66193,42.96083],[-89.65998,42.96266],[-89.67432,42.96262],[-89.67526,42.96555],[-89.67574,42.97311],[-89.6766,42.97448],[-89.67658,42.98458],[-89.66675,42.98454],[-89.66672,42.98823],[-89.67151,42.98825],[-89.6716,42.99186],[-89.67642,42.99186],[-89.67656,43.00186],[-89.68095,43.00337],[-89.67426,43.00309],[-89.67089,43.00156],[-89.66743,43.00143],[-89.66759,43.00647],[-89.65411,43.00635],[-89.65413,43.01006],[-89.64971,43.01021],[-89.64825,43.01112],[-89.64234,43.01189],[-89.6417,43.00992],[-89.63177,43.00969],[-89.63166,43.01703],[-89.64153,43.01727],[-89.64092,43.02694],[-89.6362,43.02693],[-89.63274,43.02532],[-89.62273,43.02347],[-89.62224,43.0257],[-89.62653,43.02427],[-89.63206,43.02532],[-89.63319,43.02707],[-89.63245,43.03082],[-89.63055,43.03372],[-89.63258,43.03505],[-89.64035,43.03509],[-89.6461,43.03578],[-89.64586,43.04621],[-89.64203,43.04855]]]}},{"type":"Feature","properties":{"zcta":"53527","d":170},"geometry":{"type":"Polygon","coordinates":[[[-89.22589,43.10856],[-89.20997,43.10878],[-89.19932,43.10972],[-89.19776,43.13605],[-89.19761,43.14316],[-89.18751,43.146],[-89.18785,43.13016],[-89.169,43.13048],[-89.16888,43.14182],[-89.15291,43.14177],[-89.15337,43.13057],[-89.15176,43.13057],[-89.15225,43.12703],[-89.14855,43.12697],[-89.14908,43.11606],[-89.14345,43.11607],[-89.14429,43.10985],[-89.1451,43.10849],[-89.15237,43.10236],[-89.16124,43.09782],[-89.16243,43.09464],[-89.16462,43.09126],[-89.16456,43.08732],[-89.15912,43.08734],[-89.15923,43.09057],[-89.15445,43.09058],[-89.15447,43.08165],[-89.15525,43.08053],[-89.15245,43.07949],[-89.15727,43.07265],[-89.16052,43.07267],[-89.1605,43.07452],[-89.16277,43.07455],[-89.16158,43.07305],[-89.16556,43.07278],[-89.15948,43.06702],[-89.15922,43.06215],[-89.16917,43.06209],[-89.16912,43.05223],[-89.17313,43.05223],[-89.17315,43.05075],[-89.15992,43.05079],[-89.15989,43.04902],[-89.15495,43.04902],[-89.15499,43.04499],[-89.15268,43.0449],[-89.15264,43.04346],[-89.15001,43.04347],[-89.15009,43.0215],[-89.15037,43.00664],[-89.15022,43.00236],[-89.1507,42.99024],[-89.15149,42.98975],[-89.16483,42.99086],[-89.16909,42.99234],[-89.20046,42.99175],[-89.20017,43.01371],[-89.20994,43.01346],[-89.21028,43.01595],[-89.21482,43.01614],[-89.21489,43.01706],[-89.21977,43.01696],[-89.22003,43.01325],[-89.22971,43.01306],[-89.22973,43.01479],[-89.23656,43.01469],[-89.23967,43.02019],[-89.23527,43.02033],[-89.22971,43.02648],[-89.22506,43.02867],[-89.22033,43.03342],[-89.22006,43.03434],[-89.23404,43.03809],[-89.23462,43.04268],[-89.23375,43.04457],[-89.24469,43.05096],[-89.24626,43.05151],[-89.24664,43.05638],[-89.24697,43.08806],[-89.24022,43.08947],[-89.22954,43.08963],[-89.22969,43.10767],[-89.23472,43.10759],[-89.22589,43.10856]]]}},{"type":"Feature","properties":{"zcta":"53560","d":32},"geometry":{"type":"Polygon","coordinates":[[[-89.83344,43.21127],[-89.82864,43.21565],[-89.82402,43.22049],[-89.81787,43.22493],[-89.81465,43.2296],[-89.81296,43.23315],[-89.80983,43.23633],[-89.80541,43.23886],[-89.80212,43.23942],[-89.79148,43.23888],[-89.7828,43.23876],[-89.77424,43.23928],[-89.77068,43.24129],[-89.76222,43.24059],[-89.75872,43.24126],[-89.75445,43.24297],[-89.75215,43.2452],[-89.75221,43.24733],[-89.74895,43.24875],[-89.74842,43.2477],[-89.74311,43.24783],[-89.7403,43.2492],[-89.73642,43.24981],[-89.73507,43.25135],[-89.73317,43.25133],[-89.73024,43.2539],[-89.72945,43.25691],[-89.72508,43.26012],[-89.724,43.26357],[-89.72666,43.26491],[-89.72272,43.26699],[-89.71974,43.27036],[-89.71978,43.25702],[-89.7265,43.24937],[-89.71975,43.24946],[-89.71976,43.22403],[-89.71414,43.22401],[-89.71423,43.22013],[-89.70986,43.22011],[-89.70978,43.22782],[-89.70513,43.22785],[-89.70563,43.23091],[-89.70477,43.24221],[-89.69992,43.24276],[-89.69994,43.24456],[-89.69699,43.24404],[-89.6961,43.24021],[-89.69415,43.24016],[-89.69437,43.23807],[-89.68998,43.23771],[-89.68997,43.23139],[-89.69488,43.23144],[-89.69492,43.22785],[-89.69624,43.22785],[-89.69619,43.22058],[-89.68602,43.22058],[-89.68593,43.21949],[-89.67661,43.21918],[-89.67666,43.22054],[-89.6603,43.2204],[-89.66041,43.23061],[-89.66159,43.23606],[-89.66464,43.24214],[-89.6487,43.2422],[-89.64437,43.24157],[-89.63551,43.2427],[-89.63513,43.24184],[-89.6404,43.23413],[-89.64028,43.22142],[-89.63241,43.22045],[-89.62614,43.21903],[-89.61808,43.21804],[-89.61471,43.21703],[-89.61485,43.21573],[-89.61733,43.21565],[-89.62032,43.21413],[-89.62031,43.20586],[-89.6227,43.20587],[-89.62273,43.20218],[-89.62274,43.20147],[-89.64518,43.2018],[-89.64511,43.19861],[-89.65022,43.19872],[-89.65011,43.1924],[-89.65088,43.19119],[-89.64502,43.19122],[-89.64512,43.18319],[-89.64603,43.17387],[-89.64946,43.17296],[-89.65444,43.17292],[-89.65949,43.16911],[-89.66186,43.16587],[-89.6689,43.1646],[-89.67239,43.16227],[-89.68111,43.16224],[-89.68191,43.16083],[-89.68985,43.16219],[-89.69596,43.15995],[-89.69906,43.16104],[-89.7012,43.16445],[-89.70621,43.16476],[-89.71655,43.16444],[-89.7195,43.16249],[-89.72379,43.1625],[-89.72709,43.16119],[-89.72808,43.16249],[-89.74029,43.1624],[-89.74094,43.1588],[-89.76398,43.15872],[-89.76408,43.16041],[-89.76772,43.16109],[-89.76878,43.15381],[-89.76234,43.1477],[-89.76643,43.14825],[-89.76725,43.15045],[-89.76961,43.15278],[-89.77359,43.15317],[-89.77625,43.15485],[-89.77595,43.15248],[-89.77347,43.14992],[-89.77391,43.14697],[-89.77888,43.14667],[-89.77894,43.14419],[-89.78279,43.14419],[-89.7827,43.14057],[-89.78886,43.14065],[-89.78894,43.13694],[-89.79387,43.13689],[-89.79386,43.13775],[-89.79881,43.13775],[-89.79876,43.14049],[-89.80988,43.14031],[-89.8101,43.1384],[-89.8175,43.1392],[-89.81822,43.13761],[-89.82521,43.13399],[-89.82883,43.13079],[-89.83797,43.12764],[-89.83799,43.13727],[-89.83798,43.15515],[-89.83906,43.16205],[-89.84792,43.16202],[-89.84794,43.15472],[-89.86321,43.1548],[-89.86796,43.16176],[-89.87042,43.16173],[-89.87014,43.16376],[-89.87168,43.16397],[-89.8736,43.16635],[-89.87289,43.16721],[-89.87756,43.16986],[-89.87421,43.17567],[-89.87178,43.17782],[-89.87345,43.17986],[-89.87521,43.18003],[-89.87666,43.18251],[-89.87599,43.18551],[-89.87785,43.18517],[-89.87887,43.18689],[-89.87797,43.18843],[-89.87985,43.18916],[-89.87902,43.19067],[-89.88288,43.19066],[-89.88535,43.19303],[-89.88086,43.19439],[-89.87508,43.19465],[-89.87394,43.19563],[-89.86969,43.19356],[-89.86528,43.19327],[-89.85753,43.19403],[-89.84928,43.19538],[-89.8508,43.19581],[-89.84731,43.19681],[-89.8444,43.19864],[-89.84267,43.20099],[-89.83815,43.20296],[-89.83813,43.20606],[-89.83344,43.21127]]]}},{"type":"Feature","properties":{"zcta":"53574","d":50},"geometry":{"type":"Polygon","coordinates":[[[-89.68037,42.85776],[-89.67802,42.85708],[-89.67394,42.85411],[-89.67656,42.85402],[-89.67297,42.85109],[-89.6703,42.84709],[-89.66827,42.84588],[-89.66067,42.8457],[-89.65647,42.8436],[-89.65704,42.85389],[-89.65576,42.85768],[-89.62494,42.85753],[-89.62161,42.85741],[-89.62211,42.86091],[-89.62374,42.86252],[-89.62512,42.86685],[-89.6228,42.86953],[-89.62204,42.872],[-89.61067,42.87184],[-89.60323,42.86728],[-89.60235,42.8661],[-89.5972,42.86547],[-89.5975,42.86334],[-89.59976,42.85732],[-89.57759,42.85706],[-89.57741,42.85601],[-89.58021,42.85101],[-89.58034,42.84405],[-89.57422,42.83788],[-89.57531,42.83668],[-89.57542,42.82835],[-89.57292,42.82859],[-89.55579,42.82857],[-89.55576,42.80671],[-89.56583,42.80666],[-89.56582,42.80291],[-89.57539,42.80285],[-89.57541,42.80647],[-89.57077,42.80642],[-89.57074,42.81026],[-89.57872,42.80784],[-89.58089,42.80665],[-89.58245,42.8037],[-89.58138,42.80124],[-89.58103,42.79764],[-89.58265,42.79466],[-89.58318,42.79046],[-89.59088,42.78477],[-89.61172,42.78456],[-89.61639,42.78491],[-89.62784,42.78503],[-89.62791,42.77276],[-89.62645,42.77033],[-89.67221,42.7705],[-89.67273,42.77735],[-89.67608,42.77786],[-89.67668,42.77931],[-89.68063,42.78262],[-89.68178,42.78451],[-89.68186,42.78732],[-89.69038,42.79071],[-89.69566,42.79133],[-89.69966,42.79103],[-89.70583,42.7925],[-89.70966,42.79243],[-89.71331,42.79356],[-89.71557,42.79245],[-89.72021,42.79233],[-89.72037,42.78495],[-89.72863,42.78494],[-89.73137,42.78582],[-89.73489,42.78562],[-89.74499,42.78249],[-89.74715,42.7823],[-89.74803,42.7847],[-89.75061,42.7883],[-89.75281,42.79263],[-89.7532,42.79559],[-89.7523,42.79852],[-89.74897,42.79918],[-89.75286,42.79929],[-89.7495,42.80356],[-89.7495,42.80901],[-89.74713,42.81034],[-89.74567,42.81517],[-89.73965,42.81907],[-89.73639,42.8221],[-89.72546,42.82071],[-89.72203,42.81988],[-89.72071,42.82094],[-89.71979,42.82977],[-89.72221,42.83316],[-89.72817,42.8387],[-89.72548,42.84034],[-89.72482,42.84303],[-89.71987,42.84311],[-89.71985,42.85774],[-89.68037,42.85776]]]}},{"type":"Feature","properties":{"zcta":"53714","d":1930},"geometry":{"type":"Polygon","coordinates":[[[-89.28578,43.09148],[-89.2866,43.09145],[-89.28578,43.08775],[-89.28834,43.08584],[-89.29259,43.08437],[-89.31191,43.08394],[-89.3163,43.0861],[-89.31625,43.0839],[-89.32502,43.08368],[-89.32604,43.08331],[-89.32811,43.08618],[-89.33429,43.08985],[-89.33269,43.09328],[-89.33825,43.09571],[-89.33589,43.09728],[-89.3381,43.09921],[-89.34146,43.10421],[-89.33978,43.10572],[-89.3355,43.10634],[-89.33571,43.10926],[-89.33048,43.11231],[-89.33045,43.11314],[-89.31996,43.1199],[-89.32017,43.1179],[-89.31511,43.11397],[-89.30158,43.11385],[-89.30138,43.10646],[-89.30065,43.10581],[-89.29315,43.10456],[-89.28563,43.10418],[-89.28578,43.09148]]]}},{"type":"Feature","properties":{"zcta":"53706","d":246},"geometry":{"type":"Polygon","coordinates":[[[-89.42097,43.07822],[-89.42004,43.07949],[-89.41622,43.07846],[-89.41036,43.07864],[-89.40791,43.07786],[-89.39728,43.077],[-89.39738,43.0749],[-89.40061,43.07475],[-89.4006,43.07327],[-89.40736,43.07336],[-89.40899,43.07279],[-89.40899,43.07012],[-89.4139,43.0678],[-89.4139,43.07343],[-89.41062,43.07343],[-89.41277,43.0745],[-89.42143,43.07555],[-89.42153,43.0765],[-89.42097,43.07822]]]}},{"type":"Feature","properties":{"zcta":"53526","d":36},"geometry":{"type":"Polygon","coordinates":[[[-90.39097,42.99739],[-90.38749,42.99551],[-90.38638,42.99576],[-90.38083,42.99326],[-90.37784,42.99321],[-90.37522,42.99483],[-90.37091,42.9946],[-90.36937,42.99551],[-90.36516,42.99506],[-90.36211,42.99546],[-90.35807,42.99469],[-90.35204,42.99603],[-90.34848,42.99545],[-90.35145,42.99367],[-90.35192,42.98888],[-90.34957,42.98863],[-90.34959,42.98161],[-90.33195,42.98187],[-90.33474,42.98522],[-90.33485,42.99468],[-90.32707,42.99507],[-90.32446,42.9965],[-90.30995,42.99686],[-90.30998,42.9749],[-90.32978,42.97463],[-90.32978,42.97281],[-90.32482,42.97288],[-90.32483,42.97106],[-90.3174,42.97117],[-90.3174,42.96753],[-90.31742,42.96573],[-90.31989,42.96569],[-90.31991,42.96025],[-90.32976,42.96006],[-90.32985,42.94554],[-90.34564,42.94535],[-90.34691,42.94896],[-90.34972,42.95253],[-90.3696,42.95233],[-90.36965,42.96687],[-90.3595,42.96698],[-90.35956,42.98151],[-90.3738,42.98132],[-90.38286,42.98469],[-90.38792,42.99008],[-90.39218,42.99546],[-90.39426,42.99598],[-90.39097,42.99739]]]}},{"type":"Feature","properties":{"zcta":"53717","d":1884},"geometry":{"type":"Polygon","coordinates":[[[-89.49253,43.07727],[-89.4983,43.07523],[-89.49917,43.07196],[-89.49692,43.06843],[-89.50256,43.06844],[-89.50275,43.0607],[-89.50779,43.06066],[-89.50932,43.0571],[-89.51415,43.05768],[-89.51266,43.06057],[-89.52499,43.06043],[-89.52703,43.06223],[-89.52876,43.0604],[-89.53731,43.06031],[-89.53705,43.0728],[-89.53214,43.07243],[-89.5328,43.07479],[-89.55139,43.07474],[-89.55063,43.07801],[-89.55074,43.08203],[-89.54037,43.08207],[-89.54136,43.07859],[-89.53694,43.07666],[-89.53669,43.08208],[-89.53404,43.08204],[-89.53246,43.08526],[-89.52929,43.08541],[-89.52744,43.08844],[-89.5246,43.08804],[-89.52464,43.09007],[-89.5209,43.09012],[-89.52146,43.08699],[-89.5211,43.08384],[-89.51715,43.08377],[-89.51207,43.08596],[-89.50216,43.08618],[-89.50225,43.08252],[-89.49236,43.08247],[-89.49253,43.07727]],[[-89.52779,43.07257],[-89.52697,43.07488],[-89.53099,43.07488],[-89.53155,43.07314],[-89.52779,43.07257]]]}},{"type":"Feature","properties":{"zcta":"53715","d":3289},"geometry":{"type":"Polygon","coordinates":[[[-89.40899,43.07279],[-89.40736,43.07336],[-89.4006,43.07327],[-89.39743,43.07322],[-89.39738,43.0749],[-89.39582,43.0732],[-89.396,43.06863],[-89.39919,43.0694],[-89.39922,43.06763],[-89.3945,43.06678],[-89.38941,43.06392],[-89.39235,43.06329],[-89.39629,43.06414],[-89.39894,43.063],[-89.39952,43.0599],[-89.39725,43.05713],[-89.38954,43.057],[-89.38806,43.05838],[-89.38516,43.05833],[-89.38522,43.05993],[-89.38307,43.05822],[-89.38129,43.05834],[-89.37786,43.05582],[-89.38925,43.04936],[-89.39402,43.04902],[-89.40064,43.05037],[-89.40129,43.05361],[-89.40403,43.05674],[-89.40627,43.05786],[-89.41033,43.05761],[-89.41714,43.05863],[-89.41707,43.05917],[-89.4179,43.05972],[-89.41274,43.0625],[-89.40899,43.06206],[-89.40899,43.07012],[-89.40899,43.07279]]]}},{"type":"Feature","properties":{"zcta":"53502","d":25},"geometry":{"type":"Polygon","coordinates":[[[-89.51639,42.78098],[-89.51332,42.78199],[-89.51331,42.78448],[-89.48687,42.78441],[-89.48687,42.79154],[-89.47622,42.79161],[-89.47624,42.79498],[-89.47152,42.79501],[-89.47152,42.79233],[-89.47195,42.79062],[-89.47494,42.79019],[-89.4762,42.78886],[-89.47454,42.78755],[-89.4778,42.78572],[-89.47785,42.7815],[-89.47676,42.78009],[-89.47564,42.78143],[-89.4733,42.778],[-89.47122,42.77786],[-89.47085,42.77609],[-89.47634,42.77502],[-89.47944,42.77302],[-89.47842,42.77001],[-89.44743,42.77003],[-89.44747,42.7845],[-89.36917,42.78467],[-89.36884,42.75828],[-89.36803,42.70851],[-89.35963,42.70885],[-89.35373,42.71177],[-89.3486,42.71207],[-89.34852,42.70875],[-89.35662,42.70884],[-89.35639,42.70123],[-89.35633,42.69862],[-89.35041,42.69863],[-89.35056,42.69267],[-89.3631,42.69281],[-89.36317,42.69617],[-89.36786,42.69649],[-89.36758,42.68364],[-89.41309,42.68316],[-89.43398,42.68305],[-89.43697,42.68907],[-89.4413,42.68881],[-89.44714,42.68976],[-89.44769,42.68292],[-89.45669,42.68292],[-89.45707,42.67967],[-89.46382,42.67927],[-89.4763,42.67918],[-89.47746,42.68023],[-89.47995,42.67921],[-89.48608,42.67912],[-89.48611,42.68277],[-89.4862,42.68647],[-89.49296,42.68643],[-89.49809,42.68749],[-89.49981,42.6864],[-89.50591,42.68637],[-89.5061,42.68835],[-89.50975,42.68822],[-89.51161,42.68991],[-89.5208,42.68994],[-89.52127,42.71898],[-89.53128,42.71899],[-89.53095,42.72273],[-89.52664,42.7234],[-89.52665,42.72626],[-89.52147,42.72627],[-89.52075,42.72831],[-89.51481,42.72608],[-89.51147,42.72752],[-89.51171,42.74863],[-89.50442,42.7484],[-89.50442,42.74999],[-89.50159,42.74991],[-89.50165,42.76263],[-89.52141,42.76288],[-89.52117,42.77627],[-89.52077,42.77726],[-89.51639,42.78098]]]}},{"type":"Feature","properties":{"zcta":"53955","d":43},"geometry":{"type":"Polygon","coordinates":[[[-89.55038,43.40124],[-89.53858,43.41206],[-89.53056,43.41811],[-89.50803,43.4306],[-89.50434,43.43294],[-89.49839,43.4378],[-89.49665,43.44082],[-89.49612,43.44358],[-89.49338,43.44734],[-89.49219,43.44588],[-89.48647,43.45078],[-89.48847,43.45011],[-89.48538,43.45281],[-89.48203,43.45377],[-89.46895,43.45865],[-89.46279,43.46065],[-89.45948,43.46112],[-89.45591,43.46049],[-89.45398,43.46095],[-89.44919,43.45906],[-89.4432,43.45863],[-89.44035,43.46148],[-89.44092,43.46438],[-89.43407,43.46791],[-89.42504,43.46798],[-89.42633,43.46318],[-89.42505,43.46034],[-89.4207,43.46407],[-89.42005,43.46801],[-89.41661,43.46803],[-89.41402,43.47394],[-89.41376,43.47689],[-89.40889,43.47719],[-89.41061,43.47566],[-89.41053,43.47183],[-89.40877,43.47182],[-89.40869,43.46808],[-89.37386,43.46828],[-89.37377,43.46097],[-89.36756,43.4611],[-89.36387,43.46231],[-89.36376,43.45553],[-89.36376,43.44972],[-89.35934,43.44635],[-89.35924,43.44105],[-89.3599,43.44105],[-89.3593,43.43431],[-89.3529,43.42907],[-89.33795,43.41187],[-89.32783,43.41175],[-89.30449,43.4119],[-89.30439,43.41873],[-89.29903,43.41885],[-89.2989,43.41484],[-89.29287,43.41451],[-89.29418,43.41236],[-89.29541,43.40772],[-89.294,43.39749],[-89.26417,43.39817],[-89.2634,43.36895],[-89.26264,43.36557],[-89.26324,43.36211],[-89.25964,43.36207],[-89.25985,43.35501],[-89.26499,43.35502],[-89.26476,43.33254],[-89.25818,43.32558],[-89.24495,43.32567],[-89.24505,43.31839],[-89.24627,43.31486],[-89.24663,43.31108],[-89.28552,43.31049],[-89.28508,43.32507],[-89.28507,43.3325],[-89.29241,43.33236],[-89.29232,43.33947],[-89.30502,43.33934],[-89.30496,43.34537],[-89.30381,43.34664],[-89.29476,43.34688],[-89.29504,43.36141],[-89.30514,43.36119],[-89.32837,43.36132],[-89.32822,43.36837],[-89.36228,43.36836],[-89.36231,43.36908],[-89.36658,43.37114],[-89.36891,43.37113],[-89.37021,43.37309],[-89.36836,43.37454],[-89.37131,43.377],[-89.3774,43.37739],[-89.39529,43.3776],[-89.39394,43.37299],[-89.39139,43.36925],[-89.38392,43.35975],[-89.37883,43.35211],[-89.44262,43.35223],[-89.4596,43.35244],[-89.46015,43.36715],[-89.46251,43.36703],[-89.46221,43.37042],[-89.48166,43.37031],[-89.48163,43.38123],[-89.54677,43.3809],[-89.54506,43.38671],[-89.54353,43.38808],[-89.55711,43.39636],[-89.5534,43.39889],[-89.55038,43.40124]]]}},{"type":"Feature","properties":{"zcta":"53570","d":19},"geometry":{"type":"Polygon","coordinates":[[[-89.74499,42.78249],[-89.73489,42.78562],[-89.73137,42.78582],[-89.72863,42.78494],[-89.72037,42.78495],[-89.72021,42.79233],[-89.71557,42.79245],[-89.71331,42.79356],[-89.70966,42.79243],[-89.70583,42.7925],[-89.69966,42.79103],[-89.69566,42.79133],[-89.69038,42.79071],[-89.68186,42.78732],[-89.68178,42.78451],[-89.68063,42.78262],[-89.67668,42.77931],[-89.67608,42.77786],[-89.67273,42.77735],[-89.67221,42.7705],[-89.62645,42.77033],[-89.62791,42.77276],[-89.62784,42.78503],[-89.61639,42.78491],[-89.61172,42.78456],[-89.59088,42.78477],[-89.58318,42.79046],[-89.57043,42.79282],[-89.56576,42.79219],[-89.55561,42.79209],[-89.5558,42.7774],[-89.52077,42.77726],[-89.52117,42.77627],[-89.52141,42.76288],[-89.50165,42.76263],[-89.50159,42.74991],[-89.50442,42.74999],[-89.50442,42.7484],[-89.51171,42.74863],[-89.51147,42.72752],[-89.51481,42.72608],[-89.52075,42.72831],[-89.52147,42.72627],[-89.52665,42.72626],[-89.52664,42.7234],[-89.53095,42.72273],[-89.53128,42.71899],[-89.52127,42.71898],[-89.5208,42.68994],[-89.51161,42.68991],[-89.50975,42.68822],[-89.5061,42.68835],[-89.50591,42.68637],[-89.49981,42.6864],[-89.49809,42.68749],[-89.49296,42.68643],[-89.4862,42.68647],[-89.48611,42.68277],[-89.50585,42.68277],[-89.5058,42.67911],[-89.5206,42.67893],[-89.52047,42.67167],[-89.55943,42.67162],[-89.55934,42.66805],[-89.56398,42.6681],[-89.56429,42.67166],[-89.56446,42.68289],[-89.56989,42.68293],[-89.56954,42.69023],[-89.57524,42.69035],[-89.57537,42.69771],[-89.57992,42.69773],[-89.57992,42.69407],[-89.58508,42.69411],[-89.58505,42.69031],[-89.58952,42.69028],[-89.58958,42.69361],[-89.59471,42.6936],[-89.5948,42.69736],[-89.60217,42.69729],[-89.60211,42.68321],[-89.61187,42.68316],[-89.61186,42.69044],[-89.6169,42.69048],[-89.61688,42.69604],[-89.62698,42.69414],[-89.63627,42.6942],[-89.63649,42.69771],[-89.64079,42.69766],[-89.63832,42.70169],[-89.63788,42.70546],[-89.63863,42.71023],[-89.6425,42.70956],[-89.64362,42.71063],[-89.64653,42.71001],[-89.65113,42.71011],[-89.65614,42.71352],[-89.66194,42.716],[-89.66226,42.71386],[-89.66137,42.71056],[-89.66184,42.69778],[-89.68171,42.69775],[-89.6817,42.70881],[-89.68653,42.70878],[-89.68653,42.71341],[-89.68257,42.71691],[-89.6822,42.71906],[-89.69078,42.71902],[-89.69085,42.71521],[-89.69565,42.71522],[-89.69578,42.70766],[-89.70084,42.70767],[-89.7009,42.70507],[-89.70518,42.70576],[-89.71005,42.7079],[-89.71596,42.70899],[-89.71977,42.71204],[-89.71973,42.70876],[-89.72362,42.70885],[-89.72441,42.70971],[-89.72474,42.71473],[-89.72486,42.73762],[-89.72984,42.73798],[-89.73899,42.74165],[-89.76409,42.7416],[-89.76408,42.75225],[-89.75943,42.75223],[-89.75955,42.76171],[-89.75595,42.76531],[-89.75319,42.7629],[-89.74562,42.76284],[-89.74561,42.75908],[-89.74077,42.75908],[-89.74075,42.7631],[-89.73564,42.76309],[-89.73563,42.76732],[-89.7437,42.76768],[-89.74573,42.76722],[-89.75459,42.76704],[-89.74968,42.77449],[-89.75017,42.7758],[-89.74857,42.78224],[-89.74715,42.7823],[-89.74499,42.78249]]]}},{"type":"Feature","properties":{"zcta":"53528","d":70},"geometry":{"type":"Polygon","coordinates":[[[-89.71997,43.09394],[-89.68996,43.09377],[-89.68991,43.09727],[-89.6849,43.09741],[-89.68479,43.1118],[-89.68975,43.11212],[-89.68981,43.11967],[-89.68843,43.12183],[-89.68507,43.12276],[-89.68507,43.12842],[-89.68444,43.13164],[-89.67824,43.13161],[-89.67832,43.13459],[-89.67437,43.13454],[-89.67426,43.14078],[-89.67787,43.14076],[-89.67787,43.14352],[-89.67096,43.1441],[-89.67092,43.15128],[-89.67507,43.15128],[-89.67502,43.1551],[-89.67038,43.15508],[-89.66524,43.15152],[-89.66522,43.1484],[-89.66153,43.14856],[-89.66165,43.15136],[-89.65579,43.15138],[-89.65517,43.15829],[-89.65559,43.16207],[-89.64938,43.16209],[-89.64937,43.16573],[-89.65523,43.16581],[-89.65659,43.16898],[-89.65949,43.16911],[-89.65444,43.17292],[-89.64946,43.17296],[-89.64603,43.17387],[-89.64512,43.18319],[-89.64502,43.19122],[-89.65088,43.19119],[-89.65011,43.1924],[-89.65022,43.19872],[-89.64511,43.19861],[-89.64518,43.2018],[-89.62274,43.20147],[-89.62273,43.20218],[-89.62104,43.20214],[-89.6205,43.19573],[-89.61525,43.19657],[-89.60911,43.19443],[-89.60387,43.19371],[-89.59902,43.19095],[-89.59893,43.18842],[-89.59094,43.18834],[-89.59082,43.18751],[-89.58092,43.18757],[-89.58066,43.19121],[-89.56927,43.19112],[-89.56899,43.19175],[-89.55943,43.18987],[-89.55498,43.18683],[-89.55643,43.18411],[-89.56133,43.18047],[-89.56143,43.16924],[-89.58116,43.16941],[-89.58141,43.16374],[-89.58295,43.16189],[-89.58843,43.15768],[-89.5942,43.1545],[-89.60045,43.14695],[-89.60096,43.093],[-89.59616,43.09169],[-89.5961,43.08576],[-89.59372,43.08573],[-89.59363,43.08213],[-89.59156,43.08211],[-89.5928,43.07804],[-89.59848,43.07761],[-89.5985,43.07581],[-89.60089,43.07486],[-89.61082,43.075],[-89.61081,43.06481],[-89.61048,43.06033],[-89.60091,43.06022],[-89.60092,43.0566],[-89.59665,43.05659],[-89.59642,43.04929],[-89.59156,43.04929],[-89.59154,43.04562],[-89.59654,43.04564],[-89.59656,43.043],[-89.60123,43.04313],[-89.60125,43.04214],[-89.61613,43.04215],[-89.61683,43.04579],[-89.63056,43.046],[-89.63259,43.05128],[-89.63798,43.04928],[-89.64203,43.04855],[-89.64586,43.04621],[-89.6548,43.04606],[-89.65589,43.04984],[-89.67072,43.04989],[-89.67072,43.05355],[-89.66572,43.05352],[-89.66572,43.05721],[-89.65833,43.05699],[-89.65838,43.05962],[-89.65716,43.06072],[-89.67332,43.06088],[-89.67493,43.05964],[-89.6769,43.06092],[-89.68058,43.06095],[-89.68041,43.0705],[-89.69317,43.07056],[-89.6931,43.07367],[-89.69503,43.07353],[-89.69527,43.07106],[-89.70005,43.07108],[-89.70045,43.06812],[-89.70969,43.06793],[-89.70971,43.06379],[-89.72026,43.06378],[-89.7201,43.07567],[-89.71997,43.09394]]]}},{"type":"Feature","properties":{"zcta":"53792","d":0},"geometry":{"type":"Polygon","coordinates":[[[-89.43171,43.07584],[-89.43167,43.07884],[-89.42892,43.0771],[-89.42889,43.07581],[-89.43171,43.07584]]]}},{"type":"Feature","properties":{"zcta":"53928","d":0},"geometry":{"type":"Polygon","coordinates":[[[-89.14534,43.4131],[-89.16529,43.41298],[-89.16544,43.41939],[-89.16207,43.42305],[-89.16016,43.42383],[-89.16077,43.43041],[-89.14968,43.42812],[-89.14551,43.42752],[-89.14534,43.4131]]]}},{"type":"Feature","properties":{"zcta":"53704","d":1144},"geometry":{"type":"Polygon","coordinates":[[[-89.40963,43.14912],[-89.41196,43.15618],[-89.41192,43.15917],[-89.4024,43.15039],[-89.39858,43.15201],[-89.39122,43.15199],[-89.38554,43.15494],[-89.38433,43.15787],[-89.37943,43.16209],[-89.37459,43.16252],[-89.37198,43.16743],[-89.37246,43.17211],[-89.36764,43.17655],[-89.36667,43.17876],[-89.36316,43.17974],[-89.36192,43.17657],[-89.35902,43.17599],[-89.35885,43.17696],[-89.35341,43.17587],[-89.35225,43.17772],[-89.34669,43.1779],[-89.34292,43.17958],[-89.3416,43.17929],[-89.34145,43.17516],[-89.33477,43.17597],[-89.33411,43.17793],[-89.32913,43.17937],[-89.32918,43.17614],[-89.32454,43.17492],[-89.32455,43.17184],[-89.31957,43.17189],[-89.31965,43.16608],[-89.31645,43.16608],[-89.31643,43.16459],[-89.31221,43.16461],[-89.30855,43.15902],[-89.30472,43.15019],[-89.29448,43.13445],[-89.29284,43.13099],[-89.28679,43.11432],[-89.28597,43.11127],[-89.28563,43.10418],[-89.29315,43.10456],[-89.30065,43.10581],[-89.30138,43.10646],[-89.30158,43.11385],[-89.31511,43.11397],[-89.32017,43.1179],[-89.31996,43.1199],[-89.33045,43.11314],[-89.33048,43.11231],[-89.33571,43.10926],[-89.3355,43.10634],[-89.33978,43.10572],[-89.34146,43.10421],[-89.3381,43.09921],[-89.33589,43.09728],[-89.33825,43.09571],[-89.33269,43.09328],[-89.33429,43.08985],[-89.33719,43.09048],[-89.34462,43.08977],[-89.34976,43.08855],[-89.3537,43.08553],[-89.35608,43.08714],[-89.37026,43.095],[-89.37063,43.09744],[-89.36887,43.10267],[-89.36737,43.105],[-89.36913,43.1054],[-89.37143,43.1113],[-89.3755,43.11312],[-89.38058,43.11298],[-89.38322,43.11516],[-89.38144,43.11807],[-89.37975,43.11904],[-89.37595,43.12303],[-89.37844,43.12716],[-89.38247,43.12947],[-89.38584,43.1296],[-89.39668,43.1279],[-89.40011,43.12656],[-89.39996,43.12353],[-89.40242,43.12326],[-89.40379,43.12529],[-89.40078,43.12589],[-89.40162,43.12796],[-89.40677,43.1289],[-89.40968,43.13063],[-89.40822,43.13398],[-89.4095,43.13718],[-89.4089,43.13911],[-89.41012,43.14102],[-89.41242,43.14218],[-89.40765,43.14476],[-89.40632,43.14635],[-89.40759,43.14886],[-89.40552,43.152],[-89.40944,43.15108],[-89.40874,43.14673],[-89.41094,43.14664],[-89.40963,43.14912]]]}},{"type":"Feature","properties":{"zcta":"53705","d":1950},"geometry":{"type":"Polygon","coordinates":[[[-89.49224,43.08608],[-89.48728,43.08542],[-89.48722,43.08761],[-89.49113,43.09021],[-89.48879,43.09163],[-89.48378,43.08836],[-89.48554,43.09165],[-89.48579,43.09459],[-89.4824,43.09451],[-89.4797,43.09069],[-89.47218,43.08665],[-89.47239,43.08559],[-89.46899,43.08269],[-89.46985,43.08073],[-89.46762,43.08223],[-89.46434,43.08105],[-89.45847,43.08133],[-89.45555,43.08211],[-89.44598,43.08719],[-89.44099,43.08885],[-89.43711,43.09074],[-89.4307,43.09269],[-89.42665,43.08873],[-89.42452,43.08752],[-89.41849,43.08777],[-89.41523,43.08993],[-89.41606,43.08838],[-89.42103,43.08604],[-89.42484,43.08547],[-89.42692,43.08353],[-89.42635,43.08138],[-89.42097,43.07822],[-89.42153,43.0765],[-89.42892,43.0771],[-89.43167,43.07884],[-89.43171,43.07584],[-89.42889,43.07581],[-89.42899,43.06798],[-89.43872,43.06082],[-89.45161,43.06083],[-89.45559,43.05998],[-89.45558,43.06087],[-89.47212,43.06088],[-89.50275,43.0607],[-89.50256,43.06844],[-89.49692,43.06843],[-89.49917,43.07196],[-89.4983,43.07523],[-89.49253,43.07727],[-89.49236,43.08247],[-89.49224,43.08608]]]}},{"type":"Feature","properties":{"zcta":"53713","d":1124},"geometry":{"type":"Polygon","coordinates":[[[-89.41714,43.05863],[-89.41033,43.05761],[-89.40627,43.05786],[-89.40403,43.05674],[-89.40129,43.05361],[-89.40064,43.05037],[-89.39402,43.04902],[-89.38925,43.04936],[-89.37786,43.05582],[-89.37516,43.05496],[-89.37063,43.05245],[-89.36781,43.05193],[-89.37006,43.04991],[-89.37099,43.04723],[-89.36778,43.04512],[-89.36515,43.0457],[-89.36174,43.04833],[-89.3581,43.0476],[-89.35543,43.04973],[-89.34821,43.05087],[-89.3442,43.05046],[-89.33795,43.05261],[-89.33611,43.04707],[-89.33442,43.0462],[-89.33201,43.04686],[-89.32856,43.04565],[-89.32615,43.04613],[-89.32785,43.04453],[-89.3257,43.04412],[-89.329,43.04179],[-89.32724,43.04215],[-89.32997,43.04066],[-89.33011,43.03707],[-89.33595,43.0368],[-89.33689,43.03272],[-89.34542,43.03273],[-89.34907,43.02979],[-89.35235,43.02562],[-89.36504,43.02549],[-89.36483,43.0285],[-89.37458,43.02875],[-89.37465,43.02739],[-89.38176,43.02594],[-89.39123,43.02471],[-89.39515,43.02361],[-89.39542,43.01955],[-89.39977,43.01808],[-89.4032,43.01785],[-89.40602,43.01649],[-89.40889,43.01638],[-89.41198,43.01286],[-89.42541,43.01243],[-89.41755,43.02117],[-89.41939,43.02207],[-89.42436,43.02098],[-89.42366,43.02267],[-89.43267,43.02196],[-89.43295,43.02368],[-89.4403,43.02613],[-89.44834,43.02531],[-89.44726,43.02791],[-89.44246,43.0353],[-89.44245,43.03889],[-89.43295,43.03888],[-89.43294,43.04255],[-89.4338,43.04624],[-89.43111,43.04892],[-89.4324,43.0531],[-89.42996,43.05503],[-89.42469,43.05549],[-89.41824,43.05742],[-89.41707,43.05917],[-89.41714,43.05863]]]}},{"type":"Feature","properties":{"zcta":"53515","d":36},"geometry":{"type":"Polygon","coordinates":[[[-89.82883,43.13079],[-89.82521,43.13399],[-89.81822,43.13761],[-89.8175,43.1392],[-89.8101,43.1384],[-89.80988,43.14031],[-89.79876,43.14049],[-89.79881,43.13775],[-89.79386,43.13775],[-89.79387,43.13689],[-89.78894,43.13694],[-89.78886,43.14065],[-89.7827,43.14057],[-89.78279,43.14419],[-89.77894,43.14419],[-89.77888,43.14667],[-89.77391,43.14697],[-89.77347,43.14992],[-89.77595,43.15248],[-89.77625,43.15485],[-89.77359,43.15317],[-89.76961,43.15278],[-89.76725,43.15045],[-89.76643,43.14825],[-89.76234,43.1477],[-89.76878,43.15381],[-89.76772,43.16109],[-89.76408,43.16041],[-89.76398,43.15872],[-89.74094,43.1588],[-89.74029,43.1624],[-89.72808,43.16249],[-89.72709,43.16119],[-89.72379,43.1625],[-89.7195,43.16249],[-89.71655,43.16444],[-89.70621,43.16476],[-89.7012,43.16445],[-89.69906,43.16104],[-89.69596,43.15995],[-89.68985,43.16219],[-89.68191,43.16083],[-89.68111,43.16224],[-89.67239,43.16227],[-89.6689,43.1646],[-89.66186,43.16587],[-89.65949,43.16911],[-89.65659,43.16898],[-89.65523,43.16581],[-89.64937,43.16573],[-89.64938,43.16209],[-89.65559,43.16207],[-89.65517,43.15829],[-89.65579,43.15138],[-89.66165,43.15136],[-89.66153,43.14856],[-89.66522,43.1484],[-89.66524,43.15152],[-89.67038,43.15508],[-89.67502,43.1551],[-89.67507,43.15128],[-89.67092,43.15128],[-89.67096,43.1441],[-89.67787,43.14352],[-89.67787,43.14076],[-89.67426,43.14078],[-89.67437,43.13454],[-89.67832,43.13459],[-89.67824,43.13161],[-89.68444,43.13164],[-89.68507,43.12842],[-89.68507,43.12276],[-89.68843,43.12183],[-89.68981,43.11967],[-89.68975,43.11212],[-89.68479,43.1118],[-89.6849,43.09741],[-89.68991,43.09727],[-89.68996,43.09377],[-89.71997,43.09394],[-89.7201,43.07567],[-89.73097,43.07545],[-89.73229,43.07636],[-89.73309,43.07329],[-89.73112,43.07086],[-89.73534,43.07086],[-89.73532,43.06779],[-89.74988,43.0685],[-89.74987,43.06363],[-89.75312,43.06368],[-89.75297,43.06866],[-89.75494,43.06869],[-89.75499,43.0706],[-89.76025,43.07062],[-89.76025,43.06836],[-89.7647,43.0684],[-89.76471,43.06759],[-89.76921,43.06762],[-89.76918,43.06413],[-89.79931,43.0642],[-89.80511,43.06421],[-89.80506,43.07041],[-89.80829,43.07044],[-89.80819,43.07522],[-89.80611,43.07776],[-89.80693,43.08106],[-89.80872,43.08318],[-89.81561,43.08688],[-89.81803,43.09029],[-89.82234,43.09421],[-89.82132,43.09903],[-89.8175,43.10312],[-89.81831,43.10729],[-89.81658,43.10772],[-89.81742,43.10925],[-89.81751,43.11546],[-89.82494,43.11779],[-89.82461,43.11856],[-89.83796,43.11858],[-89.83797,43.12764],[-89.82883,43.13079]]]}},{"type":"Feature","properties":{"zcta":"53532","d":157},"geometry":{"type":"Polygon","coordinates":[[[-89.383,43.2759],[-89.36302,43.27551],[-89.36302,43.27452],[-89.35885,43.27584],[-89.35725,43.27439],[-89.34442,43.27444],[-89.34449,43.28117],[-89.3447,43.29578],[-89.3051,43.29543],[-89.30554,43.3101],[-89.28552,43.31049],[-89.24663,43.31108],[-89.24513,43.31111],[-89.24541,43.28212],[-89.2316,43.28233],[-89.23137,43.24957],[-89.23635,43.24953],[-89.23628,43.24681],[-89.23942,43.24683],[-89.24122,43.2457],[-89.24131,43.24949],[-89.25928,43.24992],[-89.2616,43.24931],[-89.26302,43.24763],[-89.26428,43.24297],[-89.2644,43.24001],[-89.26656,43.2363],[-89.26425,43.22884],[-89.26369,43.20957],[-89.29335,43.20925],[-89.29722,43.20771],[-89.29541,43.20298],[-89.29349,43.19451],[-89.29214,43.19148],[-89.29052,43.19022],[-89.28433,43.19034],[-89.28454,43.18382],[-89.28987,43.18341],[-89.29238,43.19015],[-89.30451,43.17713],[-89.3048,43.16463],[-89.31221,43.16461],[-89.31643,43.16459],[-89.31645,43.16608],[-89.31965,43.16608],[-89.31957,43.17189],[-89.32455,43.17184],[-89.32454,43.17492],[-89.32918,43.17614],[-89.32913,43.17937],[-89.33411,43.17793],[-89.33477,43.17597],[-89.34145,43.17516],[-89.3416,43.17929],[-89.34292,43.17958],[-89.34669,43.1779],[-89.35225,43.17772],[-89.35341,43.17587],[-89.35885,43.17696],[-89.35902,43.17599],[-89.36192,43.17657],[-89.36185,43.19146],[-89.36203,43.19434],[-89.36539,43.19515],[-89.36355,43.19805],[-89.36196,43.20682],[-89.37183,43.20683],[-89.37567,43.20969],[-89.37421,43.21041],[-89.37785,43.21393],[-89.38205,43.21411],[-89.38223,43.22135],[-89.40199,43.22122],[-89.40201,43.23573],[-89.42166,43.23566],[-89.42164,43.25023],[-89.45156,43.25027],[-89.45164,43.25758],[-89.44724,43.25758],[-89.44727,43.2648],[-89.44165,43.2648],[-89.44191,43.27571],[-89.39895,43.27573],[-89.383,43.2759]],[[-89.35851,43.20995],[-89.35666,43.20731],[-89.34467,43.19453],[-89.34272,43.19276],[-89.32449,43.17923],[-89.32426,43.18288],[-89.32594,43.18307],[-89.32629,43.18639],[-89.32422,43.18642],[-89.32483,43.19486],[-89.33067,43.19487],[-89.32921,43.20035],[-89.33091,43.20118],[-89.33087,43.20557],[-89.32822,43.20557],[-89.32818,43.20917],[-89.32319,43.20919],[-89.32309,43.21641],[-89.32795,43.21641],[-89.32771,43.21839],[-89.32349,43.22172],[-89.32354,43.22366],[-89.33753,43.22363],[-89.33787,43.22081],[-89.34037,43.22084],[-89.34025,43.22364],[-89.3435,43.22365],[-89.34346,43.2226],[-89.34778,43.22231],[-89.34847,43.22363],[-89.34825,43.21637],[-89.35994,43.21621],[-89.36103,43.21557],[-89.35851,43.20995]]]}},{"type":"Feature","properties":{"zcta":"53529","d":27},"geometry":{"type":"Polygon","coordinates":[[[-89.6319,43.24554],[-89.62314,43.2454],[-89.62142,43.24572],[-89.61633,43.24888],[-89.60863,43.24923],[-89.60604,43.24731],[-89.60405,43.24168],[-89.60056,43.23698],[-89.60056,43.24221],[-89.57377,43.24249],[-89.57266,43.24012],[-89.56847,43.23528],[-89.54099,43.23558],[-89.54093,43.25036],[-89.53667,43.25018],[-89.52092,43.25043],[-89.51968,43.2519],[-89.52104,43.2544],[-89.52124,43.27222],[-89.51116,43.27226],[-89.51146,43.27933],[-89.5201,43.28992],[-89.52177,43.29374],[-89.48163,43.29409],[-89.41757,43.29417],[-89.40154,43.27861],[-89.39895,43.27573],[-89.44191,43.27571],[-89.44165,43.2648],[-89.44727,43.2648],[-89.44724,43.25758],[-89.45164,43.25758],[-89.45156,43.25027],[-89.46159,43.2503],[-89.4617,43.22113],[-89.48134,43.22125],[-89.48149,43.20671],[-89.54901,43.20649],[-89.55222,43.19967],[-89.55355,43.19837],[-89.56099,43.1948],[-89.55606,43.19569],[-89.55066,43.19562],[-89.54829,43.19218],[-89.55495,43.1919],[-89.55236,43.18754],[-89.55498,43.18683],[-89.55943,43.18987],[-89.56899,43.19175],[-89.56927,43.19112],[-89.58066,43.19121],[-89.58092,43.18757],[-89.59082,43.18751],[-89.59094,43.18834],[-89.59893,43.18842],[-89.59902,43.19095],[-89.60387,43.19371],[-89.60911,43.19443],[-89.61525,43.19657],[-89.6205,43.19573],[-89.62104,43.20214],[-89.62273,43.20218],[-89.6227,43.20587],[-89.62031,43.20586],[-89.62032,43.21413],[-89.61733,43.21565],[-89.61485,43.21573],[-89.61471,43.21703],[-89.61808,43.21804],[-89.62614,43.21903],[-89.63241,43.22045],[-89.64028,43.22142],[-89.6404,43.23413],[-89.63513,43.24184],[-89.63551,43.2427],[-89.6319,43.24554]]]}},{"type":"Feature","properties":{"zcta":"53522","d":14},"geometry":{"type":"Polygon","coordinates":[[[-89.76964,42.50532],[-89.79396,42.50547],[-89.83759,42.50554],[-89.83762,42.52037],[-89.84752,42.52033],[-89.84767,42.54965],[-89.83758,42.54969],[-89.83758,42.59422],[-89.83974,42.59618],[-89.84474,42.59614],[-89.84613,42.5969],[-89.84189,42.60273],[-89.84655,42.60214],[-89.85058,42.60582],[-89.85926,42.61077],[-89.85589,42.61072],[-89.85282,42.61226],[-89.85079,42.61642],[-89.84804,42.6197],[-89.84756,42.61792],[-89.82119,42.61792],[-89.81792,42.61617],[-89.81794,42.62124],[-89.80822,42.62108],[-89.80844,42.61076],[-89.78515,42.6107],[-89.78495,42.60845],[-89.78319,42.60456],[-89.78354,42.60063],[-89.78194,42.59625],[-89.77747,42.59625],[-89.77743,42.5906],[-89.77665,42.59174],[-89.77012,42.59266],[-89.76263,42.59325],[-89.75962,42.59474],[-89.7598,42.5962],[-89.74528,42.59619],[-89.74528,42.59263],[-89.74041,42.59262],[-89.7402,42.57811],[-89.72015,42.57795],[-89.72009,42.55673],[-89.72513,42.55637],[-89.72512,42.54903],[-89.72111,42.54893],[-89.72252,42.54329],[-89.72374,42.54223],[-89.7285,42.54089],[-89.73982,42.53621],[-89.73962,42.52663],[-89.73721,42.5259],[-89.73717,42.52354],[-89.7344,42.52061],[-89.73418,42.50533],[-89.76964,42.50532]]]}},{"type":"Feature","properties":{"zcta":"53523","d":59},"geometry":{"type":"Polygon","coordinates":[[[-89.12111,42.99958],[-89.11624,42.99954],[-89.11573,43.00166],[-89.11116,43.0032],[-89.11075,43.00708],[-89.10563,43.00719],[-89.10551,43.01101],[-89.0993,43.01072],[-89.09875,43.00694],[-89.09192,43.00691],[-89.09024,43.00793],[-89.08641,43.00696],[-89.07887,43.00879],[-89.07813,43.01058],[-89.07161,43.01055],[-89.07174,42.99964],[-89.05261,42.99992],[-89.05184,43.00043],[-89.052,43.01437],[-89.05692,43.01484],[-89.05698,43.0204],[-89.04219,43.01928],[-89.04228,43.02346],[-89.03709,43.02346],[-89.03682,43.0378],[-89.03993,43.04136],[-89.04024,43.04528],[-89.03584,43.0454],[-89.03095,43.04893],[-89.02328,43.04899],[-89.02161,43.04817],[-89.02269,43.05157],[-89.02106,43.05499],[-89.01721,43.05459],[-89.01134,43.05492],[-89.01124,43.05687],[-89.00951,43.05874],[-89.00707,43.05646],[-89.00805,43.05284],[-89.00513,43.05195],[-89.00388,43.04971],[-89.00535,43.04872],[-89.00344,43.0462],[-89.00298,43.03947],[-89.00327,43.03285],[-88.99883,43.0334],[-88.99821,43.03718],[-88.99735,43.0378],[-88.98945,43.03783],[-88.98796,43.0548],[-88.97556,43.05902],[-88.97382,43.05838],[-88.97399,43.04181],[-88.96434,43.04165],[-88.96441,43.03795],[-88.9595,43.038],[-88.95878,43.0226],[-88.96283,43.02268],[-88.96305,43.01589],[-88.93436,43.01556],[-88.93434,43.00765],[-88.94373,43.00773],[-88.94372,43.0044],[-88.94961,43.00437],[-88.95073,43.00083],[-88.9545,43.00084],[-88.95826,42.99942],[-88.96456,43.00191],[-88.96941,42.99946],[-88.97124,43.00057],[-88.97398,42.99729],[-88.97561,42.99357],[-88.97861,42.98995],[-88.97864,42.98779],[-88.98637,42.98772],[-88.99369,42.98103],[-88.9986,42.98015],[-88.99868,42.96812],[-88.99129,42.96779],[-88.98379,42.96562],[-88.98383,42.9498],[-88.98888,42.94977],[-88.98879,42.93519],[-88.97436,42.93515],[-88.97431,42.92344],[-88.97679,42.92347],[-88.97663,42.91977],[-89.0025,42.92005],[-89.00197,42.92196],[-89.0038,42.92365],[-89.01321,42.92378],[-89.01325,42.92013],[-89.02252,42.92015],[-89.02463,42.92253],[-89.02574,42.91924],[-89.02755,42.91965],[-89.02866,42.92225],[-89.03129,42.9234],[-89.03349,42.923],[-89.03487,42.92607],[-89.04277,42.92584],[-89.04271,42.92024],[-89.04825,42.92016],[-89.04778,42.92258],[-89.05264,42.92257],[-89.05261,42.92508],[-89.06136,42.92504],[-89.06479,42.93453],[-89.0879,42.93426],[-89.09777,42.95232],[-89.09925,42.96066],[-89.11867,42.96065],[-89.11822,42.9626],[-89.12186,42.96261],[-89.12169,42.96885],[-89.12572,42.96885],[-89.12569,42.97176],[-89.13099,42.97174],[-89.13083,42.98052],[-89.12349,42.97775],[-89.12149,42.97776],[-89.1213,42.98483],[-89.11879,42.98484],[-89.10989,42.98112],[-89.10158,42.98119],[-89.10142,42.99236],[-89.12122,42.99229],[-89.12111,42.99958]]]}},{"type":"Feature","properties":{"zcta":"53901","d":50},"geometry":{"type":"Polygon","coordinates":[[[-89.34085,43.6423],[-89.34061,43.63032],[-89.33581,43.63203],[-89.33498,43.62819],[-89.3263,43.62825],[-89.32618,43.6222],[-89.32552,43.62058],[-89.32475,43.59195],[-89.31104,43.59203],[-89.30775,43.58583],[-89.3057,43.58686],[-89.30564,43.56971],[-89.30992,43.57028],[-89.32548,43.5703],[-89.32567,43.56288],[-89.34829,43.56274],[-89.3594,43.55912],[-89.35899,43.5555],[-89.32299,43.55574],[-89.32577,43.54862],[-89.3368,43.54919],[-89.33896,43.54755],[-89.34365,43.54812],[-89.34687,43.54717],[-89.35071,43.54919],[-89.35528,43.549],[-89.35924,43.54761],[-89.36079,43.54798],[-89.3623,43.54623],[-89.37434,43.54399],[-89.38222,43.54026],[-89.38637,43.53935],[-89.3871,43.53742],[-89.3883,43.53834],[-89.39431,43.54039],[-89.39813,43.53897],[-89.40061,43.54026],[-89.40471,43.53933],[-89.40836,43.5427],[-89.41138,43.54273],[-89.41717,43.54509],[-89.41956,43.54843],[-89.4218,43.54894],[-89.4221,43.55171],[-89.4255,43.54953],[-89.4299,43.54952],[-89.43141,43.55021],[-89.43451,43.54554],[-89.43449,43.53609],[-89.41769,43.52222],[-89.41496,43.52032],[-89.40854,43.51775],[-89.4191,43.51504],[-89.41672,43.51042],[-89.41475,43.50288],[-89.4104,43.5002],[-89.4147,43.50022],[-89.41528,43.4883],[-89.41403,43.47631],[-89.41426,43.47432],[-89.41661,43.46803],[-89.42005,43.46801],[-89.4207,43.46407],[-89.42505,43.46034],[-89.42633,43.46318],[-89.42504,43.46798],[-89.43407,43.46791],[-89.44092,43.46438],[-89.44035,43.46148],[-89.4432,43.45863],[-89.44919,43.45906],[-89.45398,43.46095],[-89.45591,43.46049],[-89.45948,43.46112],[-89.46279,43.46065],[-89.46895,43.45865],[-89.48203,43.45377],[-89.48538,43.45281],[-89.48847,43.45011],[-89.48647,43.45078],[-89.49219,43.44588],[-89.49338,43.44734],[-89.49612,43.44358],[-89.49665,43.44082],[-89.49839,43.4378],[-89.50434,43.43294],[-89.50803,43.4306],[-89.53056,43.41811],[-89.53858,43.41206],[-89.55038,43.40124],[-89.5534,43.39889],[-89.5582,43.39992],[-89.55652,43.40283],[-89.55285,43.40461],[-89.54697,43.4091],[-89.54369,43.41034],[-89.54094,43.4134],[-89.55208,43.41347],[-89.5521,43.41724],[-89.56163,43.41699],[-89.56202,43.43856],[-89.56602,43.43884],[-89.55418,43.44902],[-89.55161,43.44963],[-89.55211,43.46415],[-89.55698,43.46403],[-89.55692,43.46742],[-89.57982,43.46731],[-89.57926,43.47058],[-89.58192,43.47275],[-89.58212,43.47813],[-89.6005,43.47814],[-89.60037,43.49603],[-89.59754,43.49602],[-89.59748,43.50167],[-89.6004,43.50161],[-89.6004,43.5059],[-89.59962,43.53854],[-89.59936,43.55786],[-89.60581,43.56256],[-89.61234,43.5649],[-89.61772,43.56535],[-89.6334,43.56319],[-89.64221,43.56318],[-89.65637,43.56587],[-89.65937,43.56734],[-89.65935,43.56888],[-89.64921,43.56648],[-89.64651,43.56708],[-89.64964,43.56816],[-89.6494,43.58004],[-89.64967,43.58136],[-89.63465,43.57666],[-89.62587,43.57644],[-89.62104,43.57484],[-89.61771,43.57282],[-89.61338,43.57202],[-89.60693,43.56907],[-89.59972,43.5688],[-89.60022,43.57306],[-89.62958,43.57882],[-89.62934,43.58468],[-89.62864,43.58605],[-89.62398,43.58916],[-89.59967,43.59811],[-89.59697,43.59964],[-89.5968,43.60525],[-89.60179,43.60507],[-89.60803,43.6057],[-89.6102,43.60532],[-89.61943,43.60533],[-89.61949,43.61242],[-89.59684,43.61278],[-89.59675,43.61734],[-89.59972,43.61955],[-89.59957,43.63541],[-89.60013,43.64061],[-89.59955,43.64264],[-89.58847,43.6426],[-89.58841,43.64949],[-89.58636,43.65029],[-89.58613,43.65285],[-89.58317,43.65229],[-89.57853,43.65289],[-89.57839,43.6643],[-89.57374,43.6677],[-89.57219,43.66812],[-89.56346,43.66768],[-89.56343,43.66483],[-89.56146,43.6612],[-89.56351,43.65453],[-89.56355,43.65014],[-89.55826,43.64986],[-89.5578,43.64656],[-89.55314,43.64262],[-89.50342,43.64265],[-89.49926,43.64253],[-89.46982,43.64259],[-89.47031,43.64979],[-89.46747,43.64977],[-89.46861,43.64259],[-89.40921,43.64268],[-89.36945,43.64263],[-89.34085,43.6423]]]}},{"type":"Feature","properties":{"zcta":"53911","d":20},"geometry":{"type":"Polygon","coordinates":[[[-89.37883,43.35211],[-89.38392,43.35975],[-89.39139,43.36925],[-89.39394,43.37299],[-89.39529,43.3776],[-89.3774,43.37739],[-89.37131,43.377],[-89.36836,43.37454],[-89.37021,43.37309],[-89.36891,43.37113],[-89.36658,43.37114],[-89.36231,43.36908],[-89.36228,43.36836],[-89.32822,43.36837],[-89.32837,43.36132],[-89.30514,43.36119],[-89.29504,43.36141],[-89.29476,43.34688],[-89.30381,43.34664],[-89.30496,43.34537],[-89.30502,43.33934],[-89.29232,43.33947],[-89.29241,43.33236],[-89.28507,43.3325],[-89.28508,43.32507],[-89.28552,43.31049],[-89.30554,43.3101],[-89.3051,43.29543],[-89.3447,43.29578],[-89.34449,43.28117],[-89.36308,43.28131],[-89.36302,43.27551],[-89.383,43.2759],[-89.39895,43.27573],[-89.40154,43.27861],[-89.41757,43.29417],[-89.42057,43.29701],[-89.42249,43.29991],[-89.42259,43.30871],[-89.42455,43.30911],[-89.42505,43.31157],[-89.42409,43.316],[-89.43928,43.31589],[-89.44429,43.32011],[-89.44271,43.32252],[-89.44262,43.35223],[-89.37883,43.35211]]]}},{"type":"Feature","properties":{"zcta":"53550","d":13},"geometry":{"type":"Polygon","coordinates":[[[-89.48091,42.6286],[-89.48031,42.62468],[-89.47669,42.62119],[-89.47339,42.6153],[-89.47173,42.61404],[-89.47159,42.61068],[-89.48119,42.61068],[-89.48118,42.60855],[-89.4761,42.60857],[-89.47607,42.60298],[-89.47107,42.603],[-89.47112,42.59988],[-89.46228,42.60303],[-89.46256,42.60194],[-89.45533,42.60199],[-89.45484,42.59628],[-89.43624,42.59659],[-89.43622,42.59311],[-89.45101,42.59293],[-89.451,42.58821],[-89.42649,42.58823],[-89.42612,42.56621],[-89.43609,42.56619],[-89.43652,42.56285],[-89.4505,42.56309],[-89.45047,42.56207],[-89.44649,42.56201],[-89.44258,42.56063],[-89.4407,42.55921],[-89.43132,42.55898],[-89.42859,42.56086],[-89.42602,42.56103],[-89.42597,42.55889],[-89.43076,42.55881],[-89.43069,42.55186],[-89.43547,42.55188],[-89.43553,42.54457],[-89.42559,42.54428],[-89.42544,42.52967],[-89.4248,42.50807],[-89.41426,42.50805],[-89.41428,42.51517],[-89.41002,42.51514],[-89.40995,42.5005],[-89.42516,42.50073],[-89.52254,42.50189],[-89.54232,42.50224],[-89.54254,42.50958],[-89.52285,42.50927],[-89.5235,42.53124],[-89.53496,42.5314],[-89.53817,42.52978],[-89.54309,42.52965],[-89.54312,42.53149],[-89.57272,42.53217],[-89.57309,42.53744],[-89.57315,42.54602],[-89.57514,42.55013],[-89.57458,42.55771],[-89.56339,42.55756],[-89.56338,42.56119],[-89.57491,42.56125],[-89.57545,42.56627],[-89.57177,42.56744],[-89.5707,42.56865],[-89.55341,42.56815],[-89.55342,42.57921],[-89.559,42.57924],[-89.55903,42.58293],[-89.56375,42.58301],[-89.56371,42.59049],[-89.54307,42.58988],[-89.54363,42.59879],[-89.54377,42.61735],[-89.51498,42.61735],[-89.51503,42.62794],[-89.4877,42.62841],[-89.48538,42.62983],[-89.48091,42.6286]]]}},{"type":"Feature","properties":{"zcta":"53572","d":52},"geometry":{"type":"Polygon","coordinates":[[[-89.83448,42.92296],[-89.82939,42.92469],[-89.82666,42.92658],[-89.81918,42.92692],[-89.81933,42.93167],[-89.82134,42.93573],[-89.82532,42.93734],[-89.82628,42.93906],[-89.82917,42.94117],[-89.829,42.94469],[-89.77584,42.94489],[-89.77328,42.94621],[-89.77257,42.95024],[-89.78008,42.95127],[-89.79043,42.95078],[-89.79561,42.95198],[-89.80371,42.95202],[-89.80773,42.95115],[-89.80792,42.95209],[-89.8045,42.95227],[-89.80233,42.95327],[-89.79915,42.95651],[-89.8003,42.95988],[-89.7959,42.96288],[-89.79123,42.96711],[-89.78957,42.96928],[-89.78976,42.97247],[-89.78851,42.97622],[-89.7925,42.98037],[-89.78971,42.98065],[-89.79001,42.99705],[-89.78775,42.99879],[-89.78508,43.0029],[-89.78475,43.00673],[-89.77447,43.00657],[-89.77007,43.0054],[-89.77021,43.01008],[-89.76027,43.01009],[-89.76008,43.02808],[-89.76548,43.02822],[-89.76537,43.03185],[-89.75824,43.03186],[-89.75709,43.03563],[-89.75768,43.03679],[-89.76191,43.03911],[-89.7622,43.04275],[-89.76746,43.04357],[-89.76982,43.04558],[-89.77413,43.04632],[-89.77735,43.04254],[-89.77968,43.04275],[-89.77968,43.03914],[-89.78954,43.03908],[-89.78953,43.03755],[-89.79944,43.03749],[-89.79941,43.04184],[-89.80422,43.04066],[-89.80432,43.04478],[-89.79992,43.04562],[-89.79942,43.04937],[-89.80288,43.04905],[-89.80294,43.0536],[-89.80431,43.05357],[-89.80427,43.05775],[-89.79943,43.05805],[-89.79931,43.0642],[-89.76918,43.06413],[-89.76921,43.06762],[-89.76471,43.06759],[-89.7647,43.0684],[-89.76025,43.06836],[-89.76025,43.07062],[-89.75499,43.0706],[-89.75494,43.06869],[-89.75297,43.06866],[-89.75312,43.06368],[-89.74987,43.06363],[-89.74988,43.0685],[-89.73532,43.06779],[-89.73534,43.07086],[-89.73112,43.07086],[-89.73309,43.07329],[-89.73229,43.07636],[-89.73097,43.07545],[-89.7201,43.07567],[-89.72026,43.06378],[-89.70971,43.06379],[-89.70969,43.06793],[-89.70045,43.06812],[-89.70005,43.07108],[-89.69527,43.07106],[-89.69503,43.07353],[-89.6931,43.07367],[-89.69317,43.07056],[-89.68041,43.0705],[-89.68058,43.06095],[-89.6769,43.06092],[-89.67493,43.05964],[-89.67332,43.06088],[-89.65716,43.06072],[-89.65838,43.05962],[-89.65833,43.05699],[-89.66572,43.05721],[-89.66572,43.05352],[-89.67072,43.05355],[-89.67072,43.04989],[-89.65589,43.04984],[-89.6548,43.04606],[-89.64586,43.04621],[-89.6461,43.03578],[-89.64035,43.03509],[-89.63258,43.03505],[-89.63055,43.03372],[-89.63245,43.03082],[-89.63319,43.02707],[-89.63206,43.02532],[-89.62653,43.02427],[-89.62224,43.0257],[-89.62273,43.02347],[-89.63274,43.02532],[-89.6362,43.02693],[-89.64092,43.02694],[-89.64153,43.01727],[-89.63166,43.01703],[-89.63177,43.00969],[-89.6417,43.00992],[-89.64234,43.01189],[-89.64825,43.01112],[-89.64971,43.01021],[-89.65413,43.01006],[-89.65411,43.00635],[-89.66759,43.00647],[-89.66743,43.00143],[-89.67089,43.00156],[-89.67426,43.00309],[-89.68095,43.00337],[-89.67656,43.00186],[-89.67642,42.99186],[-89.6716,42.99186],[-89.67151,42.98825],[-89.66672,42.98823],[-89.66675,42.98454],[-89.67658,42.98458],[-89.6766,42.97448],[-89.67574,42.97311],[-89.67526,42.96555],[-89.67432,42.96262],[-89.65998,42.96266],[-89.66193,42.96083],[-89.66196,42.95707],[-89.65738,42.95429],[-89.65668,42.95318],[-89.65824,42.94929],[-89.65428,42.94543],[-89.65138,42.94445],[-89.64721,42.94042],[-89.64796,42.93438],[-89.64702,42.93214],[-89.64734,42.91583],[-89.65658,42.91594],[-89.67161,42.916],[-89.67209,42.92086],[-89.67394,42.92322],[-89.67988,42.92321],[-89.68266,42.92177],[-89.6883,42.92061],[-89.69806,42.91344],[-89.70232,42.91076],[-89.70363,42.90766],[-89.70469,42.90144],[-89.68237,42.90138],[-89.68087,42.89881],[-89.682,42.89657],[-89.68154,42.88714],[-89.68172,42.88004],[-89.68258,42.87955],[-89.69823,42.87923],[-89.69475,42.87204],[-89.69323,42.87012],[-89.69241,42.86646],[-89.69749,42.86083],[-89.69478,42.86172],[-89.69324,42.86035],[-89.69099,42.86048],[-89.68915,42.85918],[-89.68518,42.85926],[-89.68037,42.85776],[-89.71985,42.85774],[-89.72022,42.87654],[-89.72573,42.87585],[-89.73304,42.87561],[-89.73566,42.87461],[-89.75099,42.87386],[-89.76271,42.87071],[-89.76739,42.86879],[-89.76992,42.8654],[-89.76828,42.86472],[-89.76359,42.85888],[-89.76349,42.8574],[-89.81005,42.85729],[-89.80707,42.8507],[-89.80647,42.84679],[-89.81001,42.84621],[-89.81098,42.84822],[-89.81576,42.84903],[-89.82019,42.84848],[-89.82316,42.85055],[-89.82452,42.85262],[-89.82677,42.85365],[-89.83054,42.85382],[-89.83574,42.85559],[-89.83818,42.85562],[-89.83795,42.88434],[-89.83798,42.89615],[-89.82687,42.90382],[-89.82362,42.90674],[-89.82285,42.90849],[-89.83,42.90788],[-89.83284,42.90848],[-89.83814,42.90833],[-89.83815,42.91545],[-89.83823,42.92363],[-89.83448,42.92296]]]}},{"type":"Feature","properties":{"zcta":"53544","d":10},"geometry":{"type":"Polygon","coordinates":[[[-89.97561,42.91513],[-89.97584,42.9297],[-89.96679,42.9298],[-89.96579,42.92601],[-89.95595,42.92596],[-89.95268,42.92639],[-89.94167,42.92632],[-89.9395,42.92504],[-89.93857,42.92278],[-89.93338,42.92148],[-89.93171,42.92033],[-89.9309,42.91575],[-89.93102,42.91062],[-89.92482,42.90856],[-89.92082,42.9086],[-89.91804,42.90774],[-89.91254,42.90727],[-89.91254,42.9112],[-89.90795,42.9148],[-89.90481,42.91545],[-89.88206,42.91562],[-89.83815,42.91545],[-89.83814,42.90833],[-89.83284,42.90848],[-89.83,42.90788],[-89.82285,42.90849],[-89.82362,42.90674],[-89.82687,42.90382],[-89.83798,42.89615],[-89.83795,42.88434],[-89.83818,42.85562],[-89.83831,42.83199],[-89.84756,42.82721],[-89.85314,42.82395],[-89.85146,42.82955],[-89.85052,42.83084],[-89.85544,42.83166],[-89.85519,42.83374],[-89.86132,42.8375],[-89.86592,42.83863],[-89.86869,42.83841],[-89.87164,42.84001],[-89.87707,42.84594],[-89.87802,42.84802],[-89.88218,42.85063],[-89.88698,42.85062],[-89.88893,42.84879],[-89.89177,42.84798],[-89.89418,42.84886],[-89.89541,42.85082],[-89.89866,42.85103],[-89.89792,42.84951],[-89.89808,42.84593],[-89.90228,42.84074],[-89.90253,42.83935],[-89.90718,42.84207],[-89.91104,42.84063],[-89.91411,42.8415],[-89.91688,42.84113],[-89.91905,42.84193],[-89.92744,42.84191],[-89.9305,42.84482],[-89.93369,42.84568],[-89.93687,42.848],[-89.94337,42.84943],[-89.95061,42.84918],[-89.95597,42.84835],[-89.956,42.85786],[-89.96103,42.857],[-89.96097,42.86079],[-89.96595,42.86081],[-89.96599,42.85718],[-89.97343,42.8572],[-89.97361,42.85545],[-89.98025,42.85556],[-89.98076,42.85601],[-89.98081,42.86587],[-89.99276,42.86171],[-89.99896,42.86261],[-89.99894,42.87118],[-90.00334,42.87118],[-90.00333,42.86649],[-90.00902,42.86649],[-90.02557,42.87039],[-90.0245,42.87244],[-90.01823,42.87244],[-90.01824,42.87633],[-90.00992,42.87634],[-90.00991,42.87365],[-90.01522,42.87365],[-90.01521,42.87097],[-90.00735,42.87097],[-90.00736,42.87312],[-90.00251,42.87313],[-90.00252,42.87681],[-90.00955,42.87681],[-90.00956,42.87989],[-89.99429,42.87991],[-89.99431,42.88755],[-90.003,42.88754],[-90.003,42.89009],[-89.99797,42.8901],[-89.99798,42.89673],[-90.0031,42.89672],[-90.00313,42.91548],[-89.97561,42.91513]]]}},{"type":"Feature","properties":{"zcta":"53559","d":49},"geometry":{"type":"Polygon","coordinates":[[[-89.12196,43.25771],[-89.10693,43.26791],[-89.04868,43.26886],[-89.04858,43.26301],[-89.05091,43.25758],[-89.05312,43.25419],[-89.06814,43.2537],[-89.06821,43.23922],[-89.05817,43.23957],[-89.05821,43.22501],[-89.04833,43.2254],[-89.04868,43.19755],[-89.05019,43.19636],[-89.03889,43.1967],[-89.03928,43.18295],[-89.02917,43.18303],[-89.02924,43.17924],[-89.02579,43.17971],[-89.02801,43.17652],[-89.02432,43.17586],[-89.02759,43.17329],[-89.02721,43.17039],[-89.02433,43.17148],[-89.02237,43.16839],[-89.02384,43.16635],[-89.02128,43.16607],[-89.01353,43.16861],[-89.00965,43.16872],[-89.01138,43.12519],[-89.00247,43.12521],[-89.00261,43.11708],[-89.00685,43.11336],[-89.0083,43.11071],[-89.01105,43.10003],[-89.01171,43.09892],[-89.01135,43.0817],[-89.01127,43.06436],[-89.01544,43.06717],[-89.02631,43.06693],[-89.03692,43.06358],[-89.04823,43.06324],[-89.04979,43.06372],[-89.05393,43.06683],[-89.05596,43.07034],[-89.05612,43.07778],[-89.05701,43.07885],[-89.0572,43.08447],[-89.06088,43.08472],[-89.06092,43.08815],[-89.06921,43.08838],[-89.07081,43.08955],[-89.07151,43.10918],[-89.08319,43.10917],[-89.10105,43.10879],[-89.10081,43.11584],[-89.11014,43.11567],[-89.12925,43.11598],[-89.12831,43.13282],[-89.13042,43.12935],[-89.13102,43.12695],[-89.13858,43.12695],[-89.13902,43.11975],[-89.14217,43.11974],[-89.14217,43.11607],[-89.14345,43.11607],[-89.14908,43.11606],[-89.14855,43.12697],[-89.15225,43.12703],[-89.15176,43.13057],[-89.15337,43.13057],[-89.15291,43.14177],[-89.15291,43.1452],[-89.16735,43.14574],[-89.16768,43.1519],[-89.16671,43.18369],[-89.16219,43.18419],[-89.14702,43.1839],[-89.14662,43.19528],[-89.12672,43.19556],[-89.12703,43.25404],[-89.12196,43.25771]]]}},{"type":"Feature","properties":{"zcta":"53954","d":45},"geometry":{"type":"Polygon","coordinates":[[[-89.36977,43.64563],[-89.36701,43.65042],[-89.36997,43.6547],[-89.37002,43.66469],[-89.36636,43.66471],[-89.36505,43.66648],[-89.36494,43.6719],[-89.35827,43.67183],[-89.35602,43.66878],[-89.35595,43.6517],[-89.34794,43.64652],[-89.34587,43.64638],[-89.34583,43.666],[-89.33898,43.66796],[-89.33647,43.67171],[-89.33565,43.67547],[-89.33206,43.67545],[-89.3271,43.67915],[-89.31948,43.67924],[-89.3158,43.68481],[-89.31309,43.68179],[-89.31107,43.68065],[-89.30232,43.67805],[-89.29926,43.67614],[-89.29616,43.67139],[-89.2953,43.66819],[-89.29645,43.66284],[-89.29614,43.65755],[-89.29249,43.6576],[-89.2917,43.65303],[-89.2928,43.64814],[-89.29536,43.64305],[-89.26545,43.64308],[-89.2657,43.62854],[-89.26995,43.62855],[-89.27073,43.61765],[-89.26583,43.6176],[-89.26568,43.61936],[-89.26188,43.61945],[-89.2634,43.61394],[-89.22199,43.6142],[-89.22255,43.61364],[-89.22262,43.59969],[-89.21194,43.59965],[-89.21198,43.60687],[-89.20281,43.60693],[-89.2007,43.60689],[-89.2015,43.60516],[-89.19999,43.60428],[-89.20337,43.6017],[-89.20098,43.59944],[-89.20352,43.59706],[-89.20305,43.59548],[-89.20487,43.59235],[-89.20866,43.59132],[-89.2098,43.59007],[-89.20563,43.58736],[-89.20561,43.58496],[-89.20373,43.58481],[-89.20349,43.57976],[-89.19994,43.5795],[-89.19722,43.57786],[-89.21243,43.57782],[-89.21246,43.57055],[-89.20755,43.5705],[-89.20761,43.56312],[-89.2274,43.56306],[-89.22726,43.53845],[-89.24617,43.53883],[-89.24634,43.53805],[-89.24651,43.51601],[-89.23933,43.51637],[-89.23586,43.51332],[-89.23805,43.51035],[-89.23692,43.50905],[-89.23888,43.50745],[-89.2466,43.50743],[-89.24664,43.50412],[-89.25245,43.50411],[-89.25243,43.50009],[-89.25982,43.49998],[-89.26054,43.49537],[-89.2611,43.49741],[-89.264,43.4971],[-89.26635,43.49825],[-89.26938,43.49608],[-89.27886,43.4953],[-89.28252,43.49713],[-89.28737,43.49684],[-89.29283,43.49751],[-89.29589,43.49592],[-89.29594,43.49938],[-89.30209,43.49928],[-89.30204,43.50007],[-89.30999,43.50009],[-89.31036,43.49761],[-89.31587,43.49926],[-89.31467,43.49641],[-89.31743,43.49876],[-89.32059,43.49912],[-89.32057,43.49503],[-89.31053,43.49316],[-89.31292,43.48908],[-89.31783,43.4899],[-89.31808,43.49189],[-89.32475,43.49167],[-89.32102,43.49061],[-89.30771,43.48475],[-89.30548,43.48477],[-89.30531,43.47736],[-89.31511,43.47744],[-89.31498,43.47136],[-89.31547,43.47023],[-89.32387,43.4603],[-89.32553,43.45553],[-89.36376,43.45553],[-89.36387,43.46231],[-89.36756,43.4611],[-89.37377,43.46097],[-89.37386,43.46828],[-89.40869,43.46808],[-89.40877,43.47182],[-89.41053,43.47183],[-89.41061,43.47566],[-89.40889,43.47719],[-89.41376,43.47689],[-89.41402,43.47394],[-89.41661,43.46803],[-89.41426,43.47432],[-89.41403,43.47631],[-89.41528,43.4883],[-89.4147,43.50022],[-89.4104,43.5002],[-89.41475,43.50288],[-89.41672,43.51042],[-89.4191,43.51504],[-89.40854,43.51775],[-89.41496,43.52032],[-89.41769,43.52222],[-89.43449,43.53609],[-89.43451,43.54554],[-89.43141,43.55021],[-89.4299,43.54952],[-89.4255,43.54953],[-89.4221,43.55171],[-89.4218,43.54894],[-89.41956,43.54843],[-89.41717,43.54509],[-89.41138,43.54273],[-89.40836,43.5427],[-89.40471,43.53933],[-89.40061,43.54026],[-89.39813,43.53897],[-89.39431,43.54039],[-89.3883,43.53834],[-89.3871,43.53742],[-89.38637,43.53935],[-89.38222,43.54026],[-89.37434,43.54399],[-89.3623,43.54623],[-89.36079,43.54798],[-89.35924,43.54761],[-89.35528,43.549],[-89.35071,43.54919],[-89.34687,43.54717],[-89.34365,43.54812],[-89.33896,43.54755],[-89.3368,43.54919],[-89.32577,43.54862],[-89.32299,43.55574],[-89.35899,43.5555],[-89.3594,43.55912],[-89.34829,43.56274],[-89.32567,43.56288],[-89.32548,43.5703],[-89.30992,43.57028],[-89.30564,43.56971],[-89.3057,43.58686],[-89.30775,43.58583],[-89.31104,43.59203],[-89.32475,43.59195],[-89.32552,43.62058],[-89.32618,43.6222],[-89.3263,43.62825],[-89.33498,43.62819],[-89.33581,43.63203],[-89.34061,43.63032],[-89.34085,43.6423],[-89.36945,43.64263],[-89.36977,43.64563]]]}},{"type":"Feature","properties":{"zcta":"53582","d":16},"geometry":{"type":"Polygon","coordinates":[[[-90.03492,43.07577],[-90.03482,43.07577],[-89.9658,43.07458],[-89.95607,43.07421],[-89.94287,43.07443],[-89.93742,43.07451],[-89.9408,43.0726],[-89.94319,43.06887],[-89.95162,43.06443],[-89.9466,43.05811],[-89.94557,43.05052],[-89.94138,43.04206],[-89.9408,43.03814],[-89.93767,43.03503],[-89.93818,43.03102],[-89.93779,43.02651],[-89.93837,43.02401],[-89.94231,43.01866],[-89.94687,43.01667],[-89.95216,43.01663],[-89.95607,43.01465],[-89.95609,43.00005],[-89.95686,42.99875],[-89.9562,42.99502],[-89.95631,42.95686],[-89.95853,42.95781],[-89.9656,42.95593],[-89.97424,42.95516],[-89.97606,42.95263],[-89.98104,42.95144],[-89.99668,42.95155],[-89.99888,42.95117],[-90.00087,42.95312],[-90.01286,42.95369],[-90.01582,42.95177],[-90.02427,42.95189],[-90.02265,42.95394],[-90.02212,42.95841],[-90.0202,42.96125],[-90.0203,42.97728],[-90.03488,42.97431],[-90.03504,43.01594],[-90.03691,43.01948],[-90.03505,43.02092],[-90.03137,43.02204],[-90.03005,43.02341],[-90.02989,43.02809],[-90.03486,43.03028],[-90.03492,43.07577]]]}},{"type":"Feature","properties":{"zcta":"53575","d":159},"geometry":{"type":"Polygon","coordinates":[[[-89.48535,42.95175],[-89.48346,42.95389],[-89.48089,42.96125],[-89.47654,42.9592],[-89.47609,42.97153],[-89.47513,42.97341],[-89.47173,42.9728],[-89.45625,42.97228],[-89.44704,42.9721],[-89.44659,42.97937],[-89.41966,42.97961],[-89.41967,42.98167],[-89.41323,42.98172],[-89.41322,42.98714],[-89.41187,42.98717],[-89.41212,42.97245],[-89.38857,42.9719],[-89.38495,42.97066],[-89.38216,42.97137],[-89.3821,42.97555],[-89.37714,42.97553],[-89.37693,42.98166],[-89.37523,42.98156],[-89.37509,42.98397],[-89.37174,42.98516],[-89.3732,42.99351],[-89.37625,42.99786],[-89.3761,43.0057],[-89.36603,43.00519],[-89.36583,43.00019],[-89.3652,43.00067],[-89.36086,42.99873],[-89.35884,42.99899],[-89.35321,42.99789],[-89.3478,42.99541],[-89.34732,42.9915],[-89.34586,42.99159],[-89.34141,42.98947],[-89.34011,42.98991],[-89.33716,42.9875],[-89.33737,42.98291],[-89.34714,42.9826],[-89.34757,42.97791],[-89.35017,42.9768],[-89.34978,42.97528],[-89.33776,42.97551],[-89.33785,42.96814],[-89.31803,42.96841],[-89.31804,42.95913],[-89.31278,42.96056],[-89.30453,42.95776],[-89.29856,42.95714],[-89.29946,42.94437],[-89.3004,42.94295],[-89.29414,42.93769],[-89.2938,42.93215],[-89.29844,42.93206],[-89.29981,42.92929],[-89.30941,42.92963],[-89.30969,42.92615],[-89.32031,42.926],[-89.32055,42.92935],[-89.32392,42.92844],[-89.32488,42.91855],[-89.32502,42.90403],[-89.32448,42.89667],[-89.31981,42.89342],[-89.31978,42.88957],[-89.31856,42.88951],[-89.31855,42.88587],[-89.31495,42.88602],[-89.31524,42.87867],[-89.31281,42.87866],[-89.31284,42.87694],[-89.30534,42.87766],[-89.3053,42.87873],[-89.30029,42.87883],[-89.2998,42.8824],[-89.2901,42.88239],[-89.29032,42.87519],[-89.27068,42.87477],[-89.27016,42.86767],[-89.27018,42.8606],[-89.27525,42.86047],[-89.27493,42.85313],[-89.28009,42.85405],[-89.28815,42.85851],[-89.29652,42.86057],[-89.29987,42.86222],[-89.31014,42.86309],[-89.31999,42.8636],[-89.32032,42.87492],[-89.33019,42.87484],[-89.33017,42.87531],[-89.34573,42.87528],[-89.34569,42.87732],[-89.34728,42.8771],[-89.35088,42.88001],[-89.35116,42.88183],[-89.35464,42.88169],[-89.35455,42.88536],[-89.36879,42.88481],[-89.36944,42.88941],[-89.37226,42.89276],[-89.38628,42.89258],[-89.3863,42.89036],[-89.38875,42.8857],[-89.38999,42.88532],[-89.40844,42.88543],[-89.40854,42.8927],[-89.42239,42.89264],[-89.4292,42.89095],[-89.43348,42.89075],[-89.44052,42.89263],[-89.44811,42.89262],[-89.44821,42.89621],[-89.45276,42.89631],[-89.45307,42.9],[-89.45314,42.91109],[-89.458,42.91109],[-89.45806,42.91458],[-89.46726,42.91478],[-89.47695,42.91442],[-89.47783,42.91376],[-89.47787,42.90721],[-89.48571,42.90689],[-89.48573,42.91386],[-89.49391,42.91394],[-89.49381,42.92861],[-89.48568,42.92842],[-89.48552,42.94675],[-89.48535,42.95175]]]}},{"type":"Feature","properties":{"zcta":"53580","d":13},"geometry":{"type":"Polygon","coordinates":[[[-90.37773,42.81319],[-90.37855,42.81659],[-90.38428,42.81979],[-90.3884,42.82048],[-90.39765,42.82042],[-90.39782,42.83505],[-90.40278,42.83503],[-90.40293,42.8424],[-90.41283,42.84239],[-90.41951,42.83921],[-90.42274,42.83993],[-90.42597,42.83903],[-90.42725,42.83963],[-90.42741,42.87083],[-90.39834,42.87104],[-90.40274,42.87969],[-90.40334,42.88213],[-90.40357,42.90422],[-90.39966,42.90505],[-90.39629,42.90756],[-90.39709,42.90897],[-90.38871,42.90821],[-90.38774,42.90977],[-90.38302,42.90997],[-90.37926,42.90782],[-90.37586,42.9083],[-90.37204,42.90558],[-90.3748,42.90219],[-90.3741,42.90034],[-90.36921,42.90035],[-90.36866,42.89692],[-90.3531,42.89688],[-90.35131,42.89468],[-90.35154,42.8921],[-90.3523,42.89],[-90.35188,42.88592],[-90.35273,42.88264],[-90.35612,42.87725],[-90.3559,42.87506],[-90.35278,42.87333],[-90.35104,42.87421],[-90.34889,42.87162],[-90.35112,42.86849],[-90.35063,42.86741],[-90.35239,42.86519],[-90.35492,42.86522],[-90.35575,42.86158],[-90.35294,42.8606],[-90.34755,42.86129],[-90.34401,42.86029],[-90.34391,42.85754],[-90.34568,42.85697],[-90.34503,42.85469],[-90.34684,42.85317],[-90.35177,42.851],[-90.35177,42.84847],[-90.34953,42.84735],[-90.34425,42.84616],[-90.34366,42.84488],[-90.3417,42.84605],[-90.33761,42.84244],[-90.33913,42.84097],[-90.33685,42.83903],[-90.34101,42.83475],[-90.34603,42.83354],[-90.34884,42.83127],[-90.34947,42.82795],[-90.3532,42.82629],[-90.35315,42.81771],[-90.35546,42.81596],[-90.35551,42.81351],[-90.37773,42.81319]]]}},{"type":"Feature","properties":{"zcta":"53960","d":19},"geometry":{"type":"Polygon","coordinates":[[[-89.32553,43.45553],[-89.32387,43.4603],[-89.31547,43.47023],[-89.31498,43.47136],[-89.31511,43.47744],[-89.30531,43.47736],[-89.30548,43.48477],[-89.30771,43.48475],[-89.32102,43.49061],[-89.32475,43.49167],[-89.31808,43.49189],[-89.31783,43.4899],[-89.31292,43.48908],[-89.31053,43.49316],[-89.2958,43.49037],[-89.2952,43.49229],[-89.28522,43.49226],[-89.28531,43.49526],[-89.27886,43.4953],[-89.26938,43.49608],[-89.26635,43.49825],[-89.264,43.4971],[-89.2611,43.49741],[-89.26054,43.49537],[-89.25982,43.49998],[-89.25243,43.50009],[-89.25245,43.50411],[-89.24664,43.50412],[-89.2466,43.50743],[-89.23888,43.50745],[-89.23692,43.50905],[-89.23805,43.51035],[-89.23586,43.51332],[-89.23167,43.51219],[-89.22661,43.51229],[-89.22179,43.50927],[-89.2216,43.50018],[-89.20634,43.50025],[-89.20635,43.50122],[-89.19264,43.50639],[-89.18841,43.50741],[-89.1768,43.50739],[-89.17653,43.49738],[-89.17149,43.49696],[-89.16649,43.49409],[-89.16066,43.49412],[-89.16065,43.48972],[-89.15593,43.48973],[-89.15593,43.48791],[-89.15253,43.48792],[-89.15251,43.48257],[-89.14114,43.4826],[-89.14111,43.47304],[-89.13384,43.47426],[-89.13163,43.47372],[-89.12648,43.47503],[-89.12637,43.45677],[-89.1259,43.43134],[-89.12586,43.42774],[-89.13627,43.42772],[-89.13695,43.43128],[-89.14547,43.43111],[-89.14551,43.42752],[-89.14968,43.42812],[-89.16077,43.43041],[-89.16016,43.42383],[-89.16207,43.42305],[-89.16544,43.41939],[-89.16529,43.41298],[-89.14534,43.4131],[-89.14602,43.41134],[-89.14874,43.41177],[-89.14887,43.41044],[-89.16192,43.40584],[-89.16749,43.4029],[-89.16512,43.40223],[-89.16476,43.37678],[-89.16492,43.36954],[-89.19398,43.36955],[-89.19677,43.36922],[-89.19704,43.36604],[-89.19386,43.36575],[-89.18702,43.36053],[-89.18696,43.35153],[-89.18197,43.3514],[-89.18183,43.34049],[-89.21775,43.34065],[-89.21775,43.3261],[-89.21746,43.32166],[-89.21511,43.32227],[-89.21,43.3222],[-89.2077,43.31925],[-89.20677,43.2853],[-89.20655,43.28253],[-89.2316,43.28233],[-89.24541,43.28212],[-89.24513,43.31111],[-89.24663,43.31108],[-89.24627,43.31486],[-89.24505,43.31839],[-89.24495,43.32567],[-89.25818,43.32558],[-89.26476,43.33254],[-89.26499,43.35502],[-89.25985,43.35501],[-89.25964,43.36207],[-89.26324,43.36211],[-89.26264,43.36557],[-89.2634,43.36895],[-89.26417,43.39817],[-89.294,43.39749],[-89.29541,43.40772],[-89.29418,43.41236],[-89.29287,43.41451],[-89.2989,43.41484],[-89.29903,43.41885],[-89.30439,43.41873],[-89.30449,43.4119],[-89.32783,43.41175],[-89.33795,43.41187],[-89.3529,43.42907],[-89.3593,43.43431],[-89.3599,43.44105],[-89.35924,43.44105],[-89.35934,43.44635],[-89.36376,43.44972],[-89.36376,43.45553],[-89.32553,43.45553]]]}},{"type":"Feature","properties":{"zcta":"53932","d":38},"geometry":{"type":"Polygon","coordinates":[[[-89.12138,43.47631],[-89.11635,43.47644],[-89.11624,43.47873],[-89.0913,43.47919],[-89.09115,43.47273],[-89.09158,43.47129],[-89.09584,43.46494],[-89.09605,43.46253],[-89.08782,43.46442],[-89.0866,43.46523],[-89.08665,43.46801],[-89.08331,43.46945],[-89.08317,43.47212],[-89.07678,43.47218],[-89.07677,43.46676],[-89.08165,43.46675],[-89.08168,43.46018],[-89.07553,43.46018],[-89.07555,43.45764],[-89.05055,43.45803],[-89.05103,43.45116],[-89.05175,43.44706],[-89.05089,43.44641],[-89.04107,43.44752],[-89.04104,43.4563],[-89.03604,43.4563],[-89.03608,43.45826],[-89.01538,43.45861],[-89.01544,43.45192],[-89.01057,43.45194],[-89.01056,43.45528],[-89.00605,43.4553],[-89.00583,43.44435],[-88.99178,43.44417],[-88.98927,43.45145],[-88.98415,43.45142],[-88.98406,43.44463],[-88.97639,43.44459],[-88.97676,43.43926],[-88.97461,43.43749],[-88.97482,43.42913],[-88.97482,43.42755],[-88.98561,43.41893],[-88.9895,43.4188],[-88.9895,43.41518],[-88.99449,43.41508],[-88.99562,43.41146],[-88.99909,43.40866],[-89.00055,43.40316],[-89.00514,43.40357],[-89.01497,43.40697],[-89.01969,43.40598],[-89.03185,43.39663],[-89.02004,43.39681],[-89.02398,43.3931],[-89.02962,43.39304],[-89.02915,43.38399],[-89.02474,43.38395],[-89.02464,43.38579],[-89.01579,43.38601],[-89.00977,43.38583],[-89.01396,43.38336],[-89.01543,43.38386],[-89.02443,43.38214],[-89.02942,43.37867],[-89.0294,43.37698],[-89.03441,43.37839],[-89.05063,43.37811],[-89.04925,43.37528],[-89.05168,43.37319],[-89.04866,43.3709],[-89.07084,43.37049],[-89.07088,43.36239],[-89.08342,43.36243],[-89.0834,43.35825],[-89.08901,43.35826],[-89.08899,43.37027],[-89.09753,43.37016],[-89.11112,43.36707],[-89.11235,43.36988],[-89.12489,43.36967],[-89.12526,43.3879],[-89.12537,43.40598],[-89.12282,43.406],[-89.12282,43.40836],[-89.12018,43.40836],[-89.12018,43.41308],[-89.11038,43.41306],[-89.11698,43.41699],[-89.11531,43.41701],[-89.1153,43.42066],[-89.10988,43.42068],[-89.1099,43.42138],[-89.10487,43.42368],[-89.10486,43.42786],[-89.12045,43.42784],[-89.12044,43.43143],[-89.1259,43.43134],[-89.12637,43.45677],[-89.12648,43.47503],[-89.12138,43.47631]]]}},{"type":"Feature","properties":{"zcta":"53533","d":25},"geometry":{"type":"Polygon","coordinates":[[[-90.30993,43.00333],[-90.30915,43.00396],[-90.29737,43.00394],[-90.29415,43.00431],[-90.29263,43.00591],[-90.29089,43.00583],[-90.28838,43.00752],[-90.28561,43.00723],[-90.28692,43.00412],[-90.27746,43.00383],[-90.27571,43.00328],[-90.27133,43.00486],[-90.26587,43.00384],[-90.26589,43.01039],[-90.27079,43.01155],[-90.27129,43.022],[-90.26761,43.02199],[-90.26765,43.02473],[-90.26269,43.02476],[-90.26294,43.03993],[-90.26033,43.04006],[-90.26031,43.04261],[-90.2574,43.04255],[-90.2596,43.04629],[-90.25435,43.05385],[-90.25595,43.05751],[-90.24948,43.06177],[-90.24733,43.06189],[-90.24335,43.05971],[-90.23407,43.05919],[-90.23109,43.05818],[-90.23102,43.07664],[-90.25287,43.07662],[-90.25366,43.07817],[-90.25656,43.07983],[-90.25797,43.07858],[-90.25881,43.08112],[-90.25591,43.08049],[-90.25416,43.08199],[-90.2501,43.08113],[-90.24672,43.08241],[-90.24628,43.08395],[-90.25099,43.0884],[-90.24554,43.08969],[-90.24506,43.09282],[-90.2423,43.08851],[-90.24019,43.08848],[-90.23955,43.08514],[-90.23575,43.08587],[-90.23262,43.08556],[-90.22651,43.08625],[-90.22655,43.096],[-90.21756,43.09601],[-90.21756,43.09132],[-90.21581,43.09132],[-90.21581,43.09494],[-90.21113,43.09494],[-90.21113,43.09608],[-90.21581,43.09608],[-90.21581,43.10111],[-90.21123,43.10111],[-90.21123,43.09729],[-90.19175,43.09728],[-90.19176,43.10159],[-90.18508,43.10153],[-90.18492,43.09655],[-90.19129,43.09654],[-90.19127,43.09542],[-90.18669,43.09541],[-90.18207,43.09749],[-90.17221,43.0979],[-90.17211,43.07681],[-90.16323,43.07669],[-90.16276,43.07236],[-90.15613,43.07169],[-90.15405,43.06805],[-90.15232,43.06724],[-90.14885,43.06727],[-90.13926,43.06915],[-90.14655,43.072],[-90.14739,43.07658],[-90.0885,43.07618],[-90.0884,43.07732],[-90.09387,43.08496],[-90.09498,43.08588],[-90.09264,43.09007],[-90.09572,43.0917],[-90.09923,43.09556],[-90.10055,43.09793],[-90.09338,43.09155],[-90.08918,43.0917],[-90.08569,43.08894],[-90.0857,43.08473],[-90.08928,43.08473],[-90.08928,43.08312],[-90.0857,43.08311],[-90.08569,43.07617],[-90.07196,43.07611],[-90.07114,43.07218],[-90.07132,43.06759],[-90.07307,43.06466],[-90.07301,43.05464],[-90.0598,43.05415],[-90.05951,43.05029],[-90.05628,43.04631],[-90.05267,43.04555],[-90.04938,43.04372],[-90.04886,43.04198],[-90.04993,43.03888],[-90.04824,43.0364],[-90.04601,43.03579],[-90.04213,43.03342],[-90.03486,43.03028],[-90.02989,43.02809],[-90.03005,43.02341],[-90.03137,43.02204],[-90.03505,43.02092],[-90.03691,43.01948],[-90.03504,43.01594],[-90.03488,42.97431],[-90.0203,42.97728],[-90.0202,42.96125],[-90.02212,42.95841],[-90.02265,42.95394],[-90.02427,42.95189],[-90.01582,42.95177],[-90.01286,42.95369],[-90.00087,42.95312],[-89.99888,42.95117],[-89.99668,42.95155],[-89.98104,42.95144],[-89.97606,42.95263],[-89.97424,42.95516],[-89.9656,42.95593],[-89.95853,42.95781],[-89.95631,42.95686],[-89.95595,42.92596],[-89.96579,42.92601],[-89.96679,42.9298],[-89.97584,42.9297],[-89.97561,42.91513],[-90.00313,42.91548],[-90.02492,42.91602],[-90.02534,42.92693],[-90.03514,42.92731],[-90.05533,42.92753],[-90.05528,42.92387],[-90.07187,42.92359],[-90.07338,42.92393],[-90.0734,42.91349],[-90.07799,42.91278],[-90.07817,42.91118],[-90.08361,42.90912],[-90.08819,42.91059],[-90.09282,42.90915],[-90.09927,42.9096],[-90.09926,42.9073],[-90.10604,42.90822],[-90.10942,42.90822],[-90.10946,42.91853],[-90.1136,42.91689],[-90.12095,42.91629],[-90.12301,42.91327],[-90.1282,42.90935],[-90.12813,42.90322],[-90.13618,42.90319],[-90.13619,42.90595],[-90.13821,42.90593],[-90.13866,42.90902],[-90.14228,42.9039],[-90.14712,42.90395],[-90.14703,42.90661],[-90.1511,42.9066],[-90.15112,42.90987],[-90.15443,42.91012],[-90.15446,42.91662],[-90.19126,42.91651],[-90.19128,42.92965],[-90.19822,42.92964],[-90.19824,42.93468],[-90.20586,42.93461],[-90.20472,42.93992],[-90.21116,42.94041],[-90.21137,42.95437],[-90.21408,42.95072],[-90.21922,42.94775],[-90.22459,42.94554],[-90.2253,42.94458],[-90.23383,42.94228],[-90.23492,42.94034],[-90.23452,42.93794],[-90.2509,42.93794],[-90.25093,42.94152],[-90.26159,42.94151],[-90.25998,42.9355],[-90.25849,42.93255],[-90.25786,42.9273],[-90.26099,42.92729],[-90.26102,42.93295],[-90.2793,42.93277],[-90.27923,42.92671],[-90.29044,42.92683],[-90.29172,42.92924],[-90.29408,42.936],[-90.2933,42.93989],[-90.29682,42.94327],[-90.30117,42.94567],[-90.30721,42.94944],[-90.30726,42.95314],[-90.29577,42.95298],[-90.29582,42.9676],[-90.3174,42.96753],[-90.3174,42.97117],[-90.32483,42.97106],[-90.32482,42.97288],[-90.32978,42.97281],[-90.32978,42.97463],[-90.30998,42.9749],[-90.30995,42.99686],[-90.30993,43.00333]]]}},{"type":"Feature","properties":{"zcta":"53703","d":7390},"geometry":{"type":"MultiPolygon","coordinates":[[[[-89.39728,43.077],[-89.39387,43.07787],[-89.38786,43.08056],[-89.38394,43.08128],[-89.38179,43.08277],[-89.3758,43.08861],[-89.3721,43.09622],[-89.37026,43.095],[-89.35608,43.08714],[-89.3537,43.08553],[-89.35824,43.08203],[-89.36551,43.07849],[-89.37148,43.0768],[-89.37692,43.07409],[-89.38449,43.06795],[-89.38769,43.06626],[-89.38941,43.06392],[-89.3945,43.06678],[-89.39922,43.06763],[-89.39919,43.0694],[-89.396,43.06863],[-89.39582,43.0732],[-89.39738,43.0749],[-89.39728,43.077]]],[[[-89.39743,43.07322],[-89.4006,43.07327],[-89.40061,43.07475],[-89.39738,43.0749],[-89.39743,43.07322]]]]}},{"type":"Feature","properties":{"zcta":"53506","d":7},"geometry":{"type":"Polygon","coordinates":[[[-90.18207,43.09749],[-90.18669,43.09541],[-90.19127,43.09542],[-90.19129,43.09654],[-90.18492,43.09655],[-90.18508,43.10153],[-90.19176,43.10159],[-90.19175,43.09728],[-90.21123,43.09729],[-90.21123,43.10111],[-90.21581,43.10111],[-90.21581,43.09608],[-90.21113,43.09608],[-90.21113,43.09494],[-90.21581,43.09494],[-90.21581,43.09132],[-90.21756,43.09132],[-90.21756,43.09601],[-90.22655,43.096],[-90.22651,43.08625],[-90.23262,43.08556],[-90.23575,43.08587],[-90.23955,43.08514],[-90.24019,43.08848],[-90.2423,43.08851],[-90.24506,43.09282],[-90.24554,43.08969],[-90.25099,43.0884],[-90.25553,43.0875],[-90.25789,43.09114],[-90.2622,43.09038],[-90.26978,43.0903],[-90.27192,43.08637],[-90.28217,43.0857],[-90.28635,43.08378],[-90.29415,43.0909],[-90.29631,43.09562],[-90.29772,43.09704],[-90.30005,43.10163],[-90.30043,43.10611],[-90.30331,43.10904],[-90.30845,43.11034],[-90.31124,43.11239],[-90.31963,43.11254],[-90.31983,43.11924],[-90.37011,43.11868],[-90.36897,43.1205],[-90.35992,43.12048],[-90.35884,43.12275],[-90.3522,43.12274],[-90.35226,43.12773],[-90.34774,43.12773],[-90.34775,43.13358],[-90.35562,43.13362],[-90.35564,43.1347],[-90.3603,43.1347],[-90.35681,43.14105],[-90.35411,43.1444],[-90.35638,43.14522],[-90.35909,43.14471],[-90.36208,43.1457],[-90.36628,43.146],[-90.371,43.14492],[-90.37681,43.1448],[-90.37922,43.14414],[-90.37911,43.15],[-90.3767,43.15232],[-90.37366,43.15278],[-90.37137,43.15429],[-90.36897,43.15453],[-90.36895,43.16184],[-90.35971,43.16196],[-90.35962,43.17641],[-90.37924,43.17636],[-90.37921,43.18341],[-90.413,43.18371],[-90.4131,43.18627],[-90.41644,43.1867],[-90.42407,43.18673],[-90.42409,43.19193],[-90.42968,43.19296],[-90.42982,43.20094],[-90.4204,43.20176],[-90.41625,43.20147],[-90.40977,43.20015],[-90.40089,43.20151],[-90.39419,43.20306],[-90.38708,43.20328],[-90.38209,43.20402],[-90.37091,43.20646],[-90.35602,43.20838],[-90.35265,43.20958],[-90.3355,43.20969],[-90.3216,43.20717],[-90.31575,43.20737],[-90.31113,43.20668],[-90.29981,43.20834],[-90.29253,43.20686],[-90.2884,43.20382],[-90.28598,43.20104],[-90.28462,43.19623],[-90.28355,43.19528],[-90.27837,43.19409],[-90.26905,43.19678],[-90.26068,43.19777],[-90.2553,43.19531],[-90.25155,43.19236],[-90.24201,43.18918],[-90.22615,43.17727],[-90.21845,43.17323],[-90.21291,43.17195],[-90.20743,43.16918],[-90.199,43.16692],[-90.19381,43.16446],[-90.19434,43.16367],[-90.18962,43.16168],[-90.1876,43.15932],[-90.18845,43.15296],[-90.19023,43.15295],[-90.19363,43.15052],[-90.19043,43.149],[-90.19253,43.14526],[-90.1916,43.14093],[-90.19693,43.14065],[-90.19665,43.13626],[-90.19419,43.13515],[-90.19213,43.13298],[-90.18644,43.12982],[-90.18335,43.12986],[-90.17668,43.13131],[-90.17421,43.13374],[-90.17251,43.13422],[-90.17221,43.0979],[-90.18207,43.09749]]]}},{"type":"Feature","properties":{"zcta":"53716","d":1567},"geometry":{"type":"Polygon","coordinates":[[[-89.32502,43.08368],[-89.31625,43.0839],[-89.3163,43.0861],[-89.31191,43.08394],[-89.29259,43.08437],[-89.28834,43.08584],[-89.28578,43.08775],[-89.2866,43.09145],[-89.28578,43.09148],[-89.28378,43.08452],[-89.27798,43.06609],[-89.28647,43.0649],[-89.30346,43.07095],[-89.30627,43.07304],[-89.3064,43.07144],[-89.30907,43.07112],[-89.30854,43.06232],[-89.30318,43.06239],[-89.30319,43.06011],[-89.29942,43.06065],[-89.29959,43.05869],[-89.30159,43.05867],[-89.30173,43.05516],[-89.29914,43.05515],[-89.29917,43.05253],[-89.29733,43.05152],[-89.29164,43.05161],[-89.29177,43.04735],[-89.2991,43.0475],[-89.30711,43.04591],[-89.30662,43.04538],[-89.31119,43.04522],[-89.31117,43.04131],[-89.31256,43.0446],[-89.31384,43.04285],[-89.32004,43.04265],[-89.32386,43.04164],[-89.32724,43.04215],[-89.329,43.04179],[-89.3257,43.04412],[-89.32785,43.04453],[-89.32615,43.04613],[-89.32856,43.04565],[-89.33201,43.04686],[-89.33442,43.0462],[-89.33611,43.04707],[-89.33795,43.05261],[-89.33853,43.05677],[-89.33973,43.05846],[-89.34356,43.05653],[-89.34489,43.0544],[-89.34665,43.05426],[-89.35123,43.05757],[-89.35153,43.0594],[-89.34889,43.06499],[-89.34326,43.06811],[-89.33991,43.07184],[-89.33279,43.07245],[-89.32981,43.07426],[-89.32732,43.07794],[-89.32515,43.07912],[-89.32604,43.08331],[-89.32502,43.08368]]]}},{"type":"Feature","properties":{"zcta":"53555","d":58},"geometry":{"type":"Polygon","coordinates":[[[-89.54353,43.38808],[-89.54506,43.38671],[-89.54677,43.3809],[-89.48163,43.38123],[-89.48166,43.37031],[-89.46221,43.37042],[-89.46251,43.36703],[-89.46015,43.36715],[-89.4596,43.35244],[-89.44262,43.35223],[-89.44271,43.32252],[-89.44429,43.32011],[-89.43928,43.31589],[-89.42409,43.316],[-89.42505,43.31157],[-89.42455,43.30911],[-89.42259,43.30871],[-89.42249,43.29991],[-89.42057,43.29701],[-89.41757,43.29417],[-89.48163,43.29409],[-89.52177,43.29374],[-89.5201,43.28992],[-89.51146,43.27933],[-89.51116,43.27226],[-89.52124,43.27222],[-89.52104,43.2544],[-89.51968,43.2519],[-89.52092,43.25043],[-89.53667,43.25018],[-89.54093,43.25036],[-89.54099,43.23558],[-89.56847,43.23528],[-89.57266,43.24012],[-89.57377,43.24249],[-89.60056,43.24221],[-89.60059,43.26996],[-89.60447,43.27041],[-89.61003,43.27256],[-89.61262,43.27466],[-89.62129,43.27491],[-89.63427,43.27384],[-89.63548,43.27329],[-89.63543,43.28078],[-89.63434,43.28249],[-89.63389,43.28755],[-89.63796,43.2897],[-89.6378,43.29133],[-89.64054,43.29314],[-89.65957,43.29314],[-89.66051,43.29677],[-89.66197,43.29843],[-89.66036,43.30025],[-89.66024,43.30656],[-89.65523,43.30908],[-89.65525,43.31409],[-89.66018,43.31561],[-89.66031,43.32151],[-89.66437,43.32202],[-89.66589,43.32545],[-89.66988,43.32628],[-89.67001,43.33645],[-89.68499,43.33649],[-89.68492,43.34722],[-89.6852,43.35074],[-89.68298,43.35223],[-89.68431,43.35541],[-89.67761,43.3612],[-89.67034,43.36178],[-89.66234,43.36004],[-89.65575,43.35982],[-89.64877,43.36104],[-89.62698,43.36666],[-89.62057,43.36908],[-89.6122,43.37307],[-89.60283,43.37879],[-89.60073,43.38067],[-89.59515,43.38064],[-89.58922,43.38174],[-89.57938,43.38557],[-89.56804,43.39071],[-89.55711,43.39636],[-89.54353,43.38808]],[[-89.63559,43.29314],[-89.63558,43.30265],[-89.64048,43.30261],[-89.64054,43.29314],[-89.63559,43.29314]]]}},{"type":"Feature","properties":{"zcta":"53590","d":344},"geometry":{"type":"Polygon","coordinates":[[[-89.20655,43.28253],[-89.1868,43.28258],[-89.18698,43.26785],[-89.1667,43.2677],[-89.16696,43.28191],[-89.17246,43.28188],[-89.17478,43.28259],[-89.15683,43.2827],[-89.15695,43.27138],[-89.15198,43.27146],[-89.1514,43.26861],[-89.147,43.27513],[-89.14703,43.26685],[-89.13452,43.26722],[-89.1321,43.26616],[-89.13442,43.26358],[-89.13868,43.26106],[-89.13341,43.26101],[-89.13346,43.25343],[-89.12703,43.25404],[-89.12672,43.19556],[-89.14662,43.19528],[-89.14702,43.1839],[-89.16219,43.18419],[-89.16671,43.18369],[-89.16768,43.1519],[-89.16735,43.14574],[-89.15291,43.1452],[-89.15291,43.14177],[-89.16888,43.14182],[-89.169,43.13048],[-89.18785,43.13016],[-89.18751,43.146],[-89.19761,43.14316],[-89.19776,43.13605],[-89.19932,43.10972],[-89.20997,43.10878],[-89.22589,43.10856],[-89.23472,43.10759],[-89.24729,43.10718],[-89.24875,43.10867],[-89.24865,43.11296],[-89.25189,43.11336],[-89.25185,43.11605],[-89.25669,43.11795],[-89.25181,43.11802],[-89.25174,43.12167],[-89.24687,43.12232],[-89.2478,43.12542],[-89.2565,43.12525],[-89.25638,43.12886],[-89.26136,43.12876],[-89.26119,43.135],[-89.2661,43.13596],[-89.26587,43.1432],[-89.27579,43.14317],[-89.27664,43.1448],[-89.28267,43.14479],[-89.28342,43.1473],[-89.27658,43.15325],[-89.27765,43.15406],[-89.2754,43.15605],[-89.27516,43.16497],[-89.28512,43.16503],[-89.28528,43.16811],[-89.27505,43.16917],[-89.27484,43.17587],[-89.28732,43.17576],[-89.28822,43.17938],[-89.28467,43.17942],[-89.28454,43.18382],[-89.28433,43.19034],[-89.29052,43.19022],[-89.29214,43.19148],[-89.29349,43.19451],[-89.29541,43.20298],[-89.29722,43.20771],[-89.29335,43.20925],[-89.26369,43.20957],[-89.26425,43.22884],[-89.26656,43.2363],[-89.2644,43.24001],[-89.26428,43.24297],[-89.26302,43.24763],[-89.2616,43.24931],[-89.25928,43.24992],[-89.24131,43.24949],[-89.24122,43.2457],[-89.23942,43.24683],[-89.23628,43.24681],[-89.23635,43.24953],[-89.23137,43.24957],[-89.2316,43.28233],[-89.20655,43.28253]]]}},{"type":"Feature","properties":{"zcta":"53558","d":386},"geometry":{"type":"Polygon","coordinates":[[[-89.33727,42.99066],[-89.32974,42.99164],[-89.32769,42.99322],[-89.32716,42.99633],[-89.32244,42.99717],[-89.31831,42.99952],[-89.31537,43.00357],[-89.31208,43.00354],[-89.3114,43.00578],[-89.30496,43.00866],[-89.30728,43.00858],[-89.30832,43.01207],[-89.30428,43.01567],[-89.30503,43.0215],[-89.30738,43.02551],[-89.30974,43.02767],[-89.31989,43.03382],[-89.31794,43.03331],[-89.31326,43.03399],[-89.31129,43.0349],[-89.30988,43.03706],[-89.31117,43.04131],[-89.31119,43.04522],[-89.30662,43.04538],[-89.30132,43.04054],[-89.29671,43.04059],[-89.29667,43.03553],[-89.29897,43.03547],[-89.29889,43.03035],[-89.29709,43.02578],[-89.28905,43.02603],[-89.28907,43.02947],[-89.28603,43.0296],[-89.2859,43.02611],[-89.28159,43.02625],[-89.28177,43.03357],[-89.28633,43.03348],[-89.28669,43.03989],[-89.28599,43.04077],[-89.28045,43.0413],[-89.27681,43.04076],[-89.27099,43.03746],[-89.26031,43.03046],[-89.25193,43.03066],[-89.24699,43.03199],[-89.24675,43.05158],[-89.24626,43.05151],[-89.24469,43.05096],[-89.23375,43.04457],[-89.23462,43.04268],[-89.23404,43.03809],[-89.22006,43.03434],[-89.22033,43.03342],[-89.22506,43.02867],[-89.22971,43.02648],[-89.23527,43.02033],[-89.23967,43.02019],[-89.23656,43.01469],[-89.23811,43.01137],[-89.24745,43.01076],[-89.25509,43.00154],[-89.25259,42.99882],[-89.25345,42.98228],[-89.24868,42.98143],[-89.2498,42.97978],[-89.28113,42.9691],[-89.2834,42.96875],[-89.28784,42.97236],[-89.28818,42.96144],[-89.29819,42.96129],[-89.29801,42.96868],[-89.31803,42.96841],[-89.33785,42.96814],[-89.33776,42.97551],[-89.34978,42.97528],[-89.35017,42.9768],[-89.34757,42.97791],[-89.34714,42.9826],[-89.33737,42.98291],[-89.33716,42.9875],[-89.34011,42.98991],[-89.33727,42.99066]]]}},{"type":"Feature","properties":{"zcta":"53503","d":18},"geometry":{"type":"Polygon","coordinates":[[[-89.83815,43.20296],[-89.84267,43.20099],[-89.8444,43.19864],[-89.84731,43.19681],[-89.8508,43.19581],[-89.84928,43.19538],[-89.85753,43.19403],[-89.86528,43.19327],[-89.86969,43.19356],[-89.87394,43.19563],[-89.87508,43.19465],[-89.88086,43.19439],[-89.88535,43.19303],[-89.88288,43.19066],[-89.87902,43.19067],[-89.87985,43.18916],[-89.87797,43.18843],[-89.87887,43.18689],[-89.87785,43.18517],[-89.87599,43.18551],[-89.87666,43.18251],[-89.87521,43.18003],[-89.87345,43.17986],[-89.87178,43.17782],[-89.87421,43.17567],[-89.87756,43.16986],[-89.87289,43.16721],[-89.8736,43.16635],[-89.87168,43.16397],[-89.87014,43.16376],[-89.87042,43.16173],[-89.86796,43.16176],[-89.86321,43.1548],[-89.84794,43.15472],[-89.84792,43.16202],[-89.83906,43.16205],[-89.83798,43.15515],[-89.83799,43.13727],[-89.85318,43.13728],[-89.85319,43.13034],[-89.85626,43.12761],[-89.85668,43.12425],[-89.85834,43.12426],[-89.85835,43.12931],[-89.86271,43.12926],[-89.86278,43.1386],[-89.87269,43.13634],[-89.876,43.1341],[-89.88188,43.13292],[-89.88455,43.1315],[-89.88748,43.12857],[-89.89067,43.12388],[-89.89614,43.12034],[-89.89574,43.11698],[-89.89763,43.11278],[-89.89895,43.11004],[-89.90226,43.10743],[-89.90637,43.10697],[-89.91231,43.10857],[-89.91576,43.10896],[-89.92493,43.11202],[-89.92718,43.11319],[-89.93471,43.11326],[-89.93943,43.11712],[-89.94263,43.11827],[-89.9441,43.12086],[-89.94744,43.12085],[-89.95059,43.12189],[-89.95102,43.12314],[-89.95529,43.12221],[-89.95378,43.11844],[-89.94979,43.1148],[-89.9468,43.11325],[-89.94557,43.11004],[-89.94066,43.10852],[-89.93919,43.10597],[-89.94216,43.10144],[-89.93802,43.09679],[-89.93613,43.09568],[-89.93267,43.0916],[-89.93145,43.08868],[-89.93134,43.08522],[-89.93,43.08319],[-89.92722,43.08142],[-89.92516,43.0782],[-89.9319,43.0786],[-89.93234,43.08177],[-89.93632,43.08174],[-89.93638,43.07812],[-89.94288,43.07807],[-89.94287,43.07443],[-89.95607,43.07421],[-89.9658,43.07458],[-90.03482,43.07577],[-90.03496,43.08381],[-90.03501,43.13915],[-90.03143,43.13781],[-90.02942,43.13572],[-90.02951,43.13954],[-90.02847,43.14316],[-90.03002,43.14557],[-90.03108,43.15146],[-90.02517,43.15548],[-90.02394,43.16165],[-90.02923,43.16238],[-90.03502,43.1645],[-90.04254,43.16952],[-90.03554,43.17253],[-90.02927,43.17754],[-90.02721,43.1813],[-90.02492,43.18332],[-90.01884,43.18594],[-90.00753,43.19163],[-90.00012,43.19462],[-89.98991,43.19568],[-89.98271,43.19563],[-89.9772,43.19392],[-89.96624,43.19237],[-89.9597,43.19219],[-89.94984,43.19344],[-89.94049,43.19163],[-89.93161,43.19117],[-89.92177,43.18913],[-89.91233,43.18834],[-89.90392,43.18814],[-89.89372,43.19045],[-89.88235,43.1953],[-89.87642,43.19652],[-89.87005,43.19622],[-89.86614,43.19465],[-89.85889,43.19558],[-89.85447,43.19769],[-89.85129,43.19844],[-89.84197,43.20247],[-89.83813,43.20606],[-89.83815,43.20296]]]}},{"type":"Feature","properties":{"zcta":"53562","d":490},"geometry":{"type":"MultiPolygon","coordinates":[[[[-89.53099,43.07488],[-89.52697,43.07488],[-89.52779,43.07257],[-89.53155,43.07314],[-89.53099,43.07488]]],[[[-89.55643,43.16929],[-89.55644,43.1547],[-89.52849,43.15517],[-89.52745,43.15221],[-89.52449,43.14783],[-89.51595,43.13333],[-89.50368,43.13348],[-89.50358,43.13528],[-89.50159,43.13523],[-89.50161,43.13715],[-89.49731,43.13718],[-89.49731,43.13356],[-89.48166,43.1337],[-89.48154,43.12643],[-89.47169,43.12643],[-89.47195,43.1214],[-89.47483,43.12117],[-89.47425,43.11921],[-89.46604,43.11926],[-89.46578,43.12427],[-89.45595,43.1243],[-89.45316,43.12643],[-89.44207,43.12639],[-89.44208,43.12138],[-89.44437,43.11935],[-89.44184,43.11884],[-89.44967,43.114],[-89.45243,43.11026],[-89.45433,43.10925],[-89.46018,43.10982],[-89.46399,43.10907],[-89.46839,43.1073],[-89.47166,43.10847],[-89.47642,43.10675],[-89.47822,43.10516],[-89.48297,43.10446],[-89.48374,43.10176],[-89.4824,43.09451],[-89.48579,43.09459],[-89.48554,43.09165],[-89.48378,43.08836],[-89.48879,43.09163],[-89.49113,43.09021],[-89.48722,43.08761],[-89.48728,43.08542],[-89.49224,43.08608],[-89.49236,43.08247],[-89.50225,43.08252],[-89.50216,43.08618],[-89.51207,43.08596],[-89.51715,43.08377],[-89.5211,43.08384],[-89.52146,43.08699],[-89.5209,43.09012],[-89.52464,43.09007],[-89.5246,43.08804],[-89.52744,43.08844],[-89.52929,43.08541],[-89.53246,43.08526],[-89.53404,43.08204],[-89.53669,43.08208],[-89.53694,43.07666],[-89.54136,43.07859],[-89.54037,43.08207],[-89.55074,43.08203],[-89.55063,43.07801],[-89.55139,43.07474],[-89.5328,43.07479],[-89.53214,43.07243],[-89.53705,43.0728],[-89.53731,43.06031],[-89.54221,43.06025],[-89.54706,43.06179],[-89.547,43.06386],[-89.55186,43.06384],[-89.55216,43.06021],[-89.57166,43.06021],[-89.57158,43.06388],[-89.56934,43.06388],[-89.56925,43.06744],[-89.56058,43.06752],[-89.56133,43.07147],[-89.56667,43.07152],[-89.56661,43.07304],[-89.57125,43.07304],[-89.57121,43.07467],[-89.57614,43.07468],[-89.57631,43.08411],[-89.58131,43.08831],[-89.58101,43.09188],[-89.57922,43.09357],[-89.58877,43.091],[-89.59221,43.09117],[-89.60096,43.093],[-89.60045,43.14695],[-89.5942,43.1545],[-89.58843,43.15768],[-89.58295,43.16189],[-89.58141,43.16374],[-89.58116,43.16941],[-89.56143,43.16924],[-89.55643,43.16929]]]]}},{"type":"Feature","properties":{"zcta":"53521","d":32},"geometry":{"type":"Polygon","coordinates":[[[-89.47787,42.90721],[-89.47783,42.91376],[-89.47695,42.91442],[-89.46726,42.91478],[-89.45806,42.91458],[-89.458,42.91109],[-89.45314,42.91109],[-89.45307,42.9],[-89.45276,42.89631],[-89.44821,42.89621],[-89.44811,42.89262],[-89.44052,42.89263],[-89.43348,42.89075],[-89.4292,42.89095],[-89.42239,42.89264],[-89.40854,42.8927],[-89.40844,42.88543],[-89.38999,42.88532],[-89.38875,42.8857],[-89.3863,42.89036],[-89.38628,42.89258],[-89.37226,42.89276],[-89.36944,42.88941],[-89.36879,42.88481],[-89.35455,42.88536],[-89.35464,42.88169],[-89.35116,42.88183],[-89.35088,42.88001],[-89.34728,42.8771],[-89.34569,42.87732],[-89.34573,42.87528],[-89.33017,42.87531],[-89.33019,42.87484],[-89.32032,42.87492],[-89.31999,42.8636],[-89.31014,42.86309],[-89.29987,42.86222],[-89.29652,42.86057],[-89.28815,42.85851],[-89.28009,42.85405],[-89.27493,42.85313],[-89.26999,42.85309],[-89.26986,42.84585],[-89.28256,42.84585],[-89.2852,42.84242],[-89.28921,42.83885],[-89.2934,42.83865],[-89.29372,42.83523],[-89.30412,42.83491],[-89.30409,42.8304],[-89.30316,42.82562],[-89.30405,42.82417],[-89.30401,42.82055],[-89.32387,42.82045],[-89.32391,42.82225],[-89.32893,42.82235],[-89.32894,42.81998],[-89.33326,42.81974],[-89.34322,42.82647],[-89.3493,42.83102],[-89.35223,42.83386],[-89.354,42.83388],[-89.35384,42.83114],[-89.35922,42.83115],[-89.35935,42.83468],[-89.36427,42.83458],[-89.36455,42.83825],[-89.36918,42.83804],[-89.36917,42.78467],[-89.44747,42.7845],[-89.44743,42.77003],[-89.47842,42.77001],[-89.47944,42.77302],[-89.47634,42.77502],[-89.47085,42.77609],[-89.47122,42.77786],[-89.4733,42.778],[-89.47564,42.78143],[-89.47676,42.78009],[-89.47785,42.7815],[-89.4778,42.78572],[-89.47454,42.78755],[-89.4762,42.78886],[-89.47494,42.79019],[-89.47195,42.79062],[-89.47152,42.79233],[-89.46877,42.79407],[-89.47014,42.79575],[-89.47204,42.79544],[-89.47901,42.79653],[-89.48111,42.79585],[-89.48353,42.79695],[-89.48138,42.80064],[-89.48096,42.8045],[-89.47725,42.80669],[-89.47141,42.80919],[-89.46936,42.80867],[-89.46815,42.81023],[-89.47772,42.80919],[-89.48669,42.80654],[-89.48634,42.82801],[-89.48574,42.85638],[-89.48571,42.90689],[-89.47787,42.90721]]]}},{"type":"Feature","properties":{"zcta":"53925","d":34},"geometry":{"type":"Polygon","coordinates":[[[-89.14551,43.42752],[-89.14547,43.43111],[-89.13695,43.43128],[-89.13627,43.42772],[-89.12586,43.42774],[-89.1259,43.43134],[-89.12044,43.43143],[-89.12045,43.42784],[-89.10486,43.42786],[-89.10487,43.42368],[-89.1099,43.42138],[-89.10988,43.42068],[-89.1153,43.42066],[-89.11531,43.41701],[-89.11698,43.41699],[-89.11038,43.41306],[-89.12018,43.41308],[-89.12018,43.40836],[-89.12282,43.40836],[-89.12282,43.406],[-89.12537,43.40598],[-89.12526,43.3879],[-89.12489,43.36967],[-89.11235,43.36988],[-89.11112,43.36707],[-89.09753,43.37016],[-89.08899,43.37027],[-89.08901,43.35826],[-89.0834,43.35825],[-89.08342,43.36243],[-89.07088,43.36239],[-89.07084,43.37049],[-89.04866,43.3709],[-89.05168,43.37319],[-89.04925,43.37528],[-89.05063,43.37811],[-89.03441,43.37839],[-89.0294,43.37698],[-89.02942,43.37867],[-89.02443,43.38214],[-89.01543,43.38386],[-89.01396,43.38336],[-89.00977,43.38583],[-89.01579,43.38601],[-89.02464,43.38579],[-89.02474,43.38395],[-89.02915,43.38399],[-89.02962,43.39304],[-89.02398,43.3931],[-89.02004,43.39681],[-89.03185,43.39663],[-89.01969,43.40598],[-89.01497,43.40697],[-89.00514,43.40357],[-89.00055,43.40316],[-88.99909,43.40866],[-88.99562,43.41146],[-88.99449,43.41508],[-88.9895,43.41518],[-88.9895,43.4188],[-88.98561,43.41893],[-88.97482,43.42755],[-88.97482,43.42913],[-88.95968,43.42966],[-88.95962,43.42604],[-88.95377,43.42592],[-88.94946,43.4296],[-88.94467,43.42977],[-88.94465,43.42337],[-88.94994,43.4207],[-88.95471,43.41696],[-88.95491,43.40794],[-88.95648,43.40474],[-88.94973,43.40484],[-88.94945,43.41238],[-88.94605,43.41291],[-88.94452,43.41415],[-88.94442,43.40914],[-88.94087,43.40763],[-88.94045,43.40537],[-88.93682,43.40093],[-88.93436,43.40042],[-88.93413,43.39824],[-88.92903,43.39419],[-88.92859,43.38641],[-88.92407,43.3864],[-88.92404,43.38325],[-88.91381,43.38293],[-88.91394,43.37193],[-88.92129,43.37189],[-88.92118,43.35778],[-88.89109,43.35789],[-88.89129,43.32987],[-88.89119,43.32875],[-88.90437,43.3287],[-88.90473,43.32127],[-88.9057,43.31938],[-88.89245,43.3128],[-88.89627,43.30326],[-88.89908,43.30327],[-88.89907,43.30675],[-88.90348,43.30676],[-88.90349,43.30328],[-88.90639,43.30328],[-88.90609,43.29966],[-88.90774,43.29965],[-88.90649,43.29587],[-88.90897,43.29298],[-88.90866,43.29067],[-88.91055,43.28825],[-88.91337,43.28707],[-88.91166,43.28511],[-88.94169,43.28516],[-88.97624,43.28505],[-88.97245,43.28347],[-88.98053,43.27881],[-88.98073,43.27424],[-88.99351,43.2741],[-89.0003,43.26857],[-89.00049,43.26679],[-89.00551,43.26607],[-89.00904,43.26483],[-89.00902,43.26301],[-89.02182,43.26248],[-89.02186,43.25975],[-89.01826,43.25976],[-89.01826,43.24707],[-89.03638,43.24723],[-89.04259,43.24712],[-89.04257,43.24366],[-89.05819,43.24368],[-89.05817,43.23957],[-89.06821,43.23922],[-89.06814,43.2537],[-89.05312,43.25419],[-89.05091,43.25758],[-89.04858,43.26301],[-89.04868,43.26886],[-89.10693,43.26791],[-89.12196,43.25771],[-89.12703,43.25404],[-89.13346,43.25343],[-89.13341,43.26101],[-89.13868,43.26106],[-89.13442,43.26358],[-89.1321,43.26616],[-89.13452,43.26722],[-89.14703,43.26685],[-89.147,43.27513],[-89.1514,43.26861],[-89.15198,43.27146],[-89.15695,43.27138],[-89.15683,43.2827],[-89.17478,43.28259],[-89.17246,43.28188],[-89.16696,43.28191],[-89.1667,43.2677],[-89.18698,43.26785],[-89.1868,43.28258],[-89.20655,43.28253],[-89.20677,43.2853],[-89.2077,43.31925],[-89.21,43.3222],[-89.21511,43.32227],[-89.21746,43.32166],[-89.21775,43.3261],[-89.21775,43.34065],[-89.18183,43.34049],[-89.18197,43.3514],[-89.18696,43.35153],[-89.18702,43.36053],[-89.19386,43.36575],[-89.19704,43.36604],[-89.19677,43.36922],[-89.19398,43.36955],[-89.16492,43.36954],[-89.16476,43.37678],[-89.16512,43.40223],[-89.16749,43.4029],[-89.16192,43.40584],[-89.14887,43.41044],[-89.14874,43.41177],[-89.14602,43.41134],[-89.14534,43.4131],[-89.14551,43.42752]]]}},{"type":"Feature","properties":{"zcta":"53531","d":53},"geometry":{"type":"Polygon","coordinates":[[[-89.14217,43.11607],[-89.14217,43.11974],[-89.13902,43.11975],[-89.13858,43.12695],[-89.13102,43.12695],[-89.13042,43.12935],[-89.12831,43.13282],[-89.12925,43.11598],[-89.11014,43.11567],[-89.10081,43.11584],[-89.10105,43.10879],[-89.08319,43.10917],[-89.07151,43.10918],[-89.07081,43.08955],[-89.06921,43.08838],[-89.06092,43.08815],[-89.06088,43.08472],[-89.0572,43.08447],[-89.05701,43.07885],[-89.05612,43.07778],[-89.05596,43.07034],[-89.05393,43.06683],[-89.04979,43.06372],[-89.04823,43.06324],[-89.03692,43.06358],[-89.02631,43.06693],[-89.01544,43.06717],[-89.01127,43.06436],[-89.01124,43.05687],[-89.01134,43.05492],[-89.01721,43.05459],[-89.02106,43.05499],[-89.02269,43.05157],[-89.02161,43.04817],[-89.02328,43.04899],[-89.03095,43.04893],[-89.03584,43.0454],[-89.04024,43.04528],[-89.03993,43.04136],[-89.03682,43.0378],[-89.03709,43.02346],[-89.04228,43.02346],[-89.04219,43.01928],[-89.05698,43.0204],[-89.05692,43.01484],[-89.052,43.01437],[-89.05184,43.00043],[-89.05261,42.99992],[-89.07174,42.99964],[-89.07161,43.01055],[-89.07813,43.01058],[-89.07887,43.00879],[-89.08641,43.00696],[-89.09024,43.00793],[-89.09192,43.00691],[-89.09875,43.00694],[-89.0993,43.01072],[-89.10551,43.01101],[-89.10563,43.00719],[-89.11075,43.00708],[-89.11116,43.0032],[-89.11573,43.00166],[-89.11624,42.99954],[-89.12111,42.99958],[-89.12122,42.99229],[-89.13067,42.99232],[-89.13053,43.00624],[-89.13676,43.00637],[-89.13898,43.00718],[-89.15037,43.00664],[-89.15009,43.0215],[-89.15001,43.04347],[-89.15264,43.04346],[-89.15268,43.0449],[-89.15499,43.04499],[-89.15495,43.04902],[-89.15989,43.04902],[-89.15992,43.05079],[-89.17315,43.05075],[-89.17313,43.05223],[-89.16912,43.05223],[-89.16917,43.06209],[-89.15922,43.06215],[-89.15948,43.06702],[-89.16556,43.07278],[-89.16158,43.07305],[-89.16277,43.07455],[-89.1605,43.07452],[-89.16052,43.07267],[-89.15727,43.07265],[-89.15245,43.07949],[-89.15525,43.08053],[-89.15447,43.08165],[-89.15445,43.09058],[-89.15923,43.09057],[-89.15912,43.08734],[-89.16456,43.08732],[-89.16462,43.09126],[-89.16243,43.09464],[-89.16124,43.09782],[-89.15237,43.10236],[-89.1451,43.10849],[-89.14429,43.10985],[-89.14345,43.11607],[-89.14217,43.11607]]]}},{"type":"Feature","properties":{"zcta":"53598","d":603},"geometry":{"type":"Polygon","coordinates":[[[-89.35994,43.21621],[-89.34825,43.21637],[-89.34847,43.22363],[-89.34778,43.22231],[-89.34346,43.2226],[-89.3435,43.22365],[-89.34025,43.22364],[-89.34037,43.22084],[-89.33787,43.22081],[-89.33753,43.22363],[-89.32354,43.22366],[-89.32349,43.22172],[-89.32771,43.21839],[-89.32795,43.21641],[-89.32309,43.21641],[-89.32319,43.20919],[-89.32818,43.20917],[-89.32822,43.20557],[-89.33087,43.20557],[-89.33091,43.20118],[-89.32921,43.20035],[-89.33067,43.19487],[-89.32483,43.19486],[-89.32422,43.18642],[-89.32629,43.18639],[-89.32594,43.18307],[-89.32426,43.18288],[-89.32449,43.17923],[-89.34272,43.19276],[-89.34467,43.19453],[-89.35666,43.20731],[-89.35851,43.20995],[-89.36103,43.21557],[-89.35994,43.21621]]]}},{"type":"Feature","properties":{"zcta":"53517","d":22},"geometry":{"type":"Polygon","coordinates":[[[-89.89574,43.11698],[-89.89614,43.12034],[-89.89067,43.12388],[-89.88748,43.12857],[-89.88455,43.1315],[-89.88188,43.13292],[-89.876,43.1341],[-89.87269,43.13634],[-89.86278,43.1386],[-89.86271,43.12926],[-89.85835,43.12931],[-89.85834,43.12426],[-89.85668,43.12425],[-89.85626,43.12761],[-89.85319,43.13034],[-89.85318,43.13728],[-89.83799,43.13727],[-89.83797,43.12764],[-89.83796,43.11858],[-89.82461,43.11856],[-89.82494,43.11779],[-89.81751,43.11546],[-89.81742,43.10925],[-89.81658,43.10772],[-89.81831,43.10729],[-89.8175,43.10312],[-89.82132,43.09903],[-89.82234,43.09421],[-89.81803,43.09029],[-89.81561,43.08688],[-89.80872,43.08318],[-89.80693,43.08106],[-89.80611,43.07776],[-89.80819,43.07522],[-89.80829,43.07044],[-89.80506,43.07041],[-89.80511,43.06421],[-89.79931,43.0642],[-89.79943,43.05805],[-89.80427,43.05775],[-89.80431,43.05357],[-89.80294,43.0536],[-89.80288,43.04905],[-89.79942,43.04937],[-89.79992,43.04562],[-89.80432,43.04478],[-89.80422,43.04066],[-89.79941,43.04184],[-89.79944,43.03749],[-89.78953,43.03755],[-89.78954,43.03908],[-89.77968,43.03914],[-89.77968,43.04275],[-89.77735,43.04254],[-89.77413,43.04632],[-89.76982,43.04558],[-89.76746,43.04357],[-89.7622,43.04275],[-89.76191,43.03911],[-89.75768,43.03679],[-89.75709,43.03563],[-89.75824,43.03186],[-89.76537,43.03185],[-89.76548,43.02822],[-89.76008,43.02808],[-89.76027,43.01009],[-89.77021,43.01008],[-89.77007,43.0054],[-89.77447,43.00657],[-89.78475,43.00673],[-89.78508,43.0029],[-89.78775,42.99879],[-89.79001,42.99705],[-89.78971,42.98065],[-89.7925,42.98037],[-89.78851,42.97622],[-89.78976,42.97247],[-89.78957,42.96928],[-89.79123,42.96711],[-89.7959,42.96288],[-89.8003,42.95988],[-89.79915,42.95651],[-89.80233,42.95327],[-89.8045,42.95227],[-89.80792,42.95209],[-89.80773,42.95115],[-89.80371,42.95202],[-89.79561,42.95198],[-89.79043,42.95078],[-89.78008,42.95127],[-89.77257,42.95024],[-89.77328,42.94621],[-89.77584,42.94489],[-89.829,42.94469],[-89.82917,42.94117],[-89.82628,42.93906],[-89.82532,42.93734],[-89.82134,42.93573],[-89.81933,42.93167],[-89.81918,42.92692],[-89.82666,42.92658],[-89.82939,42.92469],[-89.83448,42.92296],[-89.83823,42.92363],[-89.84298,42.92452],[-89.84959,42.93078],[-89.84948,42.93287],[-89.85775,42.93355],[-89.86319,42.93777],[-89.86326,42.94267],[-89.8588,42.9446],[-89.85783,42.94761],[-89.85432,42.94975],[-89.85316,42.95169],[-89.8494,42.95416],[-89.84393,42.95671],[-89.84356,42.95792],[-89.83854,42.95548],[-89.83852,42.96608],[-89.83141,42.96608],[-89.83145,42.97008],[-89.82842,42.97007],[-89.82843,42.97658],[-89.83852,42.97662],[-89.8385,42.98028],[-89.83369,42.98028],[-89.83372,42.98442],[-89.83851,42.98442],[-89.83846,42.99902],[-89.84587,42.99603],[-89.84606,43.00116],[-89.84839,43.00424],[-89.84685,43.00606],[-89.84379,43.00752],[-89.84334,43.00992],[-89.85816,43.00919],[-89.86332,43.00927],[-89.86304,43.01456],[-89.85313,43.01513],[-89.85319,43.01777],[-89.8582,43.01799],[-89.85801,43.03516],[-89.86286,43.03528],[-89.8628,43.03893],[-89.86766,43.0389],[-89.86769,43.04226],[-89.87238,43.0426],[-89.86625,43.04927],[-89.86375,43.05098],[-89.86125,43.05565],[-89.85897,43.05743],[-89.85535,43.06167],[-89.85474,43.06556],[-89.86163,43.06683],[-89.86602,43.06373],[-89.86895,43.06445],[-89.86914,43.06701],[-89.87066,43.06841],[-89.87646,43.07039],[-89.87577,43.07294],[-89.87601,43.07741],[-89.87719,43.08093],[-89.87429,43.08294],[-89.87268,43.08638],[-89.86869,43.08933],[-89.87214,43.08873],[-89.87494,43.08372],[-89.88026,43.08017],[-89.88697,43.08092],[-89.88701,43.0891],[-89.89191,43.08911],[-89.89195,43.09271],[-89.88208,43.09276],[-89.88207,43.0891],[-89.87216,43.089],[-89.87226,43.09274],[-89.8772,43.09281],[-89.87723,43.09638],[-89.87898,43.09653],[-89.8892,43.09997],[-89.8892,43.10688],[-89.88736,43.10688],[-89.88734,43.11],[-89.89609,43.11076],[-89.89763,43.11278],[-89.89574,43.11698]]]}},{"type":"Feature","properties":{"zcta":"53923","d":13},"geometry":{"type":"Polygon","coordinates":[[[-89.20284,43.61043],[-89.19782,43.61044],[-89.19784,43.61421],[-89.18771,43.61435],[-89.18635,43.61652],[-89.18199,43.6183],[-89.17933,43.62035],[-89.17736,43.62059],[-89.17721,43.63035],[-89.17525,43.63067],[-89.17511,43.6322],[-89.17266,43.63234],[-89.17269,43.63964],[-89.16884,43.63749],[-89.16887,43.64329],[-89.13726,43.64354],[-89.13675,43.65128],[-89.13128,43.65065],[-89.12677,43.648],[-89.12665,43.67434],[-89.12134,43.6747],[-89.12133,43.66849],[-89.11635,43.66801],[-89.11612,43.66092],[-89.08683,43.66106],[-89.08678,43.66941],[-89.08327,43.66941],[-89.08013,43.66789],[-89.07723,43.66522],[-89.07446,43.66155],[-89.07497,43.65951],[-89.07268,43.65916],[-89.06704,43.65975],[-89.0669,43.6469],[-89.04692,43.64733],[-89.04685,43.64089],[-89.05258,43.6409],[-89.05258,43.63703],[-89.04681,43.63702],[-89.04737,43.61076],[-89.06718,43.61047],[-89.06711,43.59596],[-89.07704,43.59582],[-89.07692,43.58129],[-89.0622,43.58145],[-89.06157,43.58058],[-89.06168,43.579],[-89.05842,43.56685],[-89.05722,43.56685],[-89.0572,43.5641],[-89.04004,43.54062],[-89.05145,43.53796],[-89.06822,43.5381],[-89.07574,43.53916],[-89.08211,43.53363],[-89.10193,43.5287],[-89.10182,43.51894],[-89.10895,43.51862],[-89.11718,43.51497],[-89.12699,43.51477],[-89.1265,43.49319],[-89.11636,43.49298],[-89.11624,43.47873],[-89.11635,43.47644],[-89.12138,43.47631],[-89.12648,43.47503],[-89.13163,43.47372],[-89.13384,43.47426],[-89.14111,43.47304],[-89.14114,43.4826],[-89.15251,43.48257],[-89.15253,43.48792],[-89.15593,43.48791],[-89.15593,43.48973],[-89.16065,43.48972],[-89.16066,43.49412],[-89.16649,43.49409],[-89.17149,43.49696],[-89.17653,43.49738],[-89.1768,43.50739],[-89.18841,43.50741],[-89.19264,43.50639],[-89.20635,43.50122],[-89.20634,43.50025],[-89.2216,43.50018],[-89.22179,43.50927],[-89.22661,43.51229],[-89.23167,43.51219],[-89.23586,43.51332],[-89.23933,43.51637],[-89.24651,43.51601],[-89.24634,43.53805],[-89.24617,43.53883],[-89.22726,43.53845],[-89.2274,43.56306],[-89.20761,43.56312],[-89.20755,43.5705],[-89.21246,43.57055],[-89.21243,43.57782],[-89.19722,43.57786],[-89.19994,43.5795],[-89.20349,43.57976],[-89.20373,43.58481],[-89.20561,43.58496],[-89.20563,43.58736],[-89.2098,43.59007],[-89.20866,43.59132],[-89.20487,43.59235],[-89.20305,43.59548],[-89.20352,43.59706],[-89.20098,43.59944],[-89.20337,43.6017],[-89.19999,43.60428],[-89.2015,43.60516],[-89.2007,43.60689],[-89.20281,43.60693],[-89.20284,43.61043]]]}},{"type":"Feature","properties":{"zcta":"53543","d":10},"geometry":{"type":"Polygon","coordinates":[[[-90.31983,43.11924],[-90.31963,43.11254],[-90.31124,43.11239],[-90.30845,43.11034],[-90.30331,43.10904],[-90.30043,43.10611],[-90.30005,43.10163],[-90.29772,43.09704],[-90.29631,43.09562],[-90.29415,43.0909],[-90.28635,43.08378],[-90.28217,43.0857],[-90.27192,43.08637],[-90.26978,43.0903],[-90.2622,43.09038],[-90.25789,43.09114],[-90.25553,43.0875],[-90.25099,43.0884],[-90.24628,43.08395],[-90.24672,43.08241],[-90.2501,43.08113],[-90.25416,43.08199],[-90.25591,43.08049],[-90.25881,43.08112],[-90.25797,43.07858],[-90.25656,43.07983],[-90.25366,43.07817],[-90.25287,43.07662],[-90.23102,43.07664],[-90.23109,43.05818],[-90.23407,43.05919],[-90.24335,43.05971],[-90.24733,43.06189],[-90.24948,43.06177],[-90.25595,43.05751],[-90.25435,43.05385],[-90.2596,43.04629],[-90.2574,43.04255],[-90.26031,43.04261],[-90.26033,43.04006],[-90.26294,43.03993],[-90.26269,43.02476],[-90.26765,43.02473],[-90.26761,43.02199],[-90.27129,43.022],[-90.27079,43.01155],[-90.26589,43.01039],[-90.26587,43.00384],[-90.27133,43.00486],[-90.27571,43.00328],[-90.27746,43.00383],[-90.28692,43.00412],[-90.28561,43.00723],[-90.28838,43.00752],[-90.29089,43.00583],[-90.29263,43.00591],[-90.29415,43.00431],[-90.29737,43.00394],[-90.30915,43.00396],[-90.30993,43.00333],[-90.30995,42.99686],[-90.32446,42.9965],[-90.32707,42.99507],[-90.33485,42.99468],[-90.33474,42.98522],[-90.33195,42.98187],[-90.34959,42.98161],[-90.34957,42.98863],[-90.35192,42.98888],[-90.35145,42.99367],[-90.34848,42.99545],[-90.35204,42.99603],[-90.35807,42.99469],[-90.36211,42.99546],[-90.36516,42.99506],[-90.36937,42.99551],[-90.37091,42.9946],[-90.37522,42.99483],[-90.37784,42.99321],[-90.38083,42.99326],[-90.38638,42.99576],[-90.38749,42.99551],[-90.39097,42.99739],[-90.39426,42.99598],[-90.39434,42.99763],[-90.39916,43.00134],[-90.4033,43.00277],[-90.4055,43.00623],[-90.40802,43.00835],[-90.4032,43.01118],[-90.3993,43.0123],[-90.39901,43.01358],[-90.39551,43.01422],[-90.39214,43.01389],[-90.38933,43.01461],[-90.38935,43.01745],[-90.41187,43.01701],[-90.42057,43.00978],[-90.4285,43.00996],[-90.42839,43.00314],[-90.43663,43.00385],[-90.43701,43.00503],[-90.4394,43.00467],[-90.44168,43.00706],[-90.44454,43.00711],[-90.44515,43.00877],[-90.44153,43.00964],[-90.44004,43.01107],[-90.44933,43.01324],[-90.45379,43.01601],[-90.4558,43.01815],[-90.45492,43.02084],[-90.45757,43.02286],[-90.45657,43.02356],[-90.46114,43.02556],[-90.46285,43.02718],[-90.46475,43.03141],[-90.468,43.03139],[-90.46831,43.03621],[-90.4681,43.07523],[-90.48361,43.07524],[-90.48386,43.07929],[-90.48312,43.08216],[-90.48138,43.08468],[-90.4815,43.0908],[-90.48266,43.09253],[-90.47823,43.09264],[-90.47828,43.09749],[-90.47385,43.09746],[-90.4739,43.10645],[-90.46911,43.10689],[-90.46574,43.10822],[-90.45819,43.10818],[-90.45797,43.10461],[-90.44365,43.10457],[-90.44383,43.10845],[-90.43041,43.10822],[-90.43053,43.11057],[-90.42733,43.10823],[-90.42519,43.1041],[-90.42065,43.10044],[-90.41351,43.09808],[-90.41197,43.09982],[-90.4111,43.1042],[-90.4079,43.10438],[-90.36764,43.10501],[-90.37061,43.10908],[-90.37103,43.11135],[-90.36967,43.11569],[-90.37011,43.11868],[-90.31983,43.11924]]]}},{"type":"Feature","properties":{"zcta":"53719","d":1772},"geometry":{"type":"Polygon","coordinates":[[[-89.52703,43.06223],[-89.52499,43.06043],[-89.51266,43.06057],[-89.51415,43.05768],[-89.50932,43.0571],[-89.50779,43.06066],[-89.50275,43.0607],[-89.47212,43.06088],[-89.47201,43.05807],[-89.47314,43.05621],[-89.47812,43.05525],[-89.48101,43.05595],[-89.48441,43.05509],[-89.48012,43.05351],[-89.4735,43.05362],[-89.47348,43.04636],[-89.4863,43.05189],[-89.49043,43.05285],[-89.49023,43.05031],[-89.48901,43.05049],[-89.48907,43.04734],[-89.49338,43.0485],[-89.49627,43.04844],[-89.49589,43.05009],[-89.50191,43.05018],[-89.50316,43.04921],[-89.50326,43.0453],[-89.50031,43.0453],[-89.50133,43.04355],[-89.49858,43.04262],[-89.50137,43.03892],[-89.49976,43.0385],[-89.49698,43.03579],[-89.49686,43.03107],[-89.50202,43.0309],[-89.50367,43.02828],[-89.50369,43.02297],[-89.49496,43.02297],[-89.49382,43.02224],[-89.48889,43.02296],[-89.48887,43.02614],[-89.48386,43.02666],[-89.47523,43.02646],[-89.4717,43.02482],[-89.46778,43.0253],[-89.46899,43.02381],[-89.47049,43.02447],[-89.473,43.01959],[-89.47376,43.01687],[-89.47548,43.01556],[-89.47256,43.01552],[-89.47065,43.02051],[-89.46339,43.01814],[-89.46298,43.01542],[-89.46129,43.01543],[-89.46131,43.02257],[-89.45832,43.0226],[-89.45824,43.02421],[-89.44834,43.02531],[-89.45003,43.02189],[-89.45486,43.0189],[-89.45541,43.0154],[-89.45921,43.00114],[-89.47435,43.00107],[-89.48441,42.99948],[-89.48427,43.00551],[-89.49859,42.99812],[-89.49935,43.00149],[-89.51674,43.00144],[-89.51661,43.00865],[-89.52361,43.00875],[-89.52353,43.01517],[-89.52236,43.01597],[-89.53351,43.01608],[-89.53338,43.02483],[-89.53275,43.04428],[-89.52769,43.0528],[-89.52764,43.05728],[-89.5288,43.05722],[-89.52876,43.0604],[-89.52703,43.06223]]]}},{"type":"Feature","properties":{"zcta":"53508","d":43},"geometry":{"type":"Polygon","coordinates":[[[-89.65658,42.90854],[-89.64718,42.90841],[-89.64719,42.90493],[-89.64846,42.90115],[-89.64166,42.90115],[-89.64169,42.89215],[-89.63207,42.89217],[-89.63194,42.89524],[-89.62626,42.89522],[-89.6262,42.8924],[-89.62221,42.89238],[-89.62198,42.9013],[-89.60267,42.90092],[-89.60173,42.90285],[-89.5984,42.90364],[-89.59747,42.90497],[-89.59259,42.90589],[-89.59274,42.92777],[-89.58791,42.92774],[-89.58794,42.93368],[-89.57802,42.93367],[-89.578,42.92994],[-89.57299,42.93015],[-89.56434,42.92973],[-89.53485,42.92947],[-89.53496,42.93216],[-89.53323,42.92991],[-89.52704,42.93009],[-89.52413,42.9294],[-89.52324,42.93304],[-89.52625,42.93394],[-89.52522,42.93823],[-89.52346,42.93959],[-89.51822,42.94026],[-89.51842,42.93674],[-89.51529,42.94123],[-89.51489,42.94546],[-89.51004,42.94499],[-89.50995,42.94723],[-89.50018,42.94675],[-89.48552,42.94675],[-89.48568,42.92842],[-89.49381,42.92861],[-89.49391,42.91394],[-89.48573,42.91386],[-89.48571,42.90689],[-89.48574,42.85638],[-89.48634,42.82801],[-89.48669,42.80654],[-89.47772,42.80919],[-89.46815,42.81023],[-89.46936,42.80867],[-89.47141,42.80919],[-89.47725,42.80669],[-89.48096,42.8045],[-89.48138,42.80064],[-89.48353,42.79695],[-89.48111,42.79585],[-89.47901,42.79653],[-89.47204,42.79544],[-89.47014,42.79575],[-89.46877,42.79407],[-89.47152,42.79233],[-89.47152,42.79501],[-89.47624,42.79498],[-89.47622,42.79161],[-89.48687,42.79154],[-89.48687,42.78441],[-89.51331,42.78448],[-89.51332,42.78199],[-89.51639,42.78098],[-89.52077,42.77726],[-89.5558,42.7774],[-89.55561,42.79209],[-89.56576,42.79219],[-89.57043,42.79282],[-89.58318,42.79046],[-89.58265,42.79466],[-89.58103,42.79764],[-89.58138,42.80124],[-89.58245,42.8037],[-89.58089,42.80665],[-89.57872,42.80784],[-89.57074,42.81026],[-89.57077,42.80642],[-89.57541,42.80647],[-89.57539,42.80285],[-89.56582,42.80291],[-89.56583,42.80666],[-89.55576,42.80671],[-89.55579,42.82857],[-89.57292,42.82859],[-89.57542,42.82835],[-89.57531,42.83668],[-89.57422,42.83788],[-89.58034,42.84405],[-89.58021,42.85101],[-89.57741,42.85601],[-89.57759,42.85706],[-89.59976,42.85732],[-89.5975,42.86334],[-89.5972,42.86547],[-89.60235,42.8661],[-89.60323,42.86728],[-89.61067,42.87184],[-89.62204,42.872],[-89.6228,42.86953],[-89.62512,42.86685],[-89.62374,42.86252],[-89.62211,42.86091],[-89.62161,42.85741],[-89.62494,42.85753],[-89.65576,42.85768],[-89.65704,42.85389],[-89.65647,42.8436],[-89.66067,42.8457],[-89.66827,42.84588],[-89.6703,42.84709],[-89.67297,42.85109],[-89.67656,42.85402],[-89.67394,42.85411],[-89.67802,42.85708],[-89.68037,42.85776],[-89.68518,42.85926],[-89.68915,42.85918],[-89.69099,42.86048],[-89.69324,42.86035],[-89.69478,42.86172],[-89.69749,42.86083],[-89.69241,42.86646],[-89.69323,42.87012],[-89.69475,42.87204],[-89.69823,42.87923],[-89.68258,42.87955],[-89.68172,42.88004],[-89.68154,42.88714],[-89.682,42.89657],[-89.68087,42.89881],[-89.68237,42.90138],[-89.70469,42.90144],[-89.70363,42.90766],[-89.70232,42.91076],[-89.69806,42.91344],[-89.6883,42.92061],[-89.68266,42.92177],[-89.67988,42.92321],[-89.67394,42.92322],[-89.67209,42.92086],[-89.67161,42.916],[-89.65658,42.91594],[-89.65658,42.90854]]]}},{"type":"Feature","properties":{"zcta":"53589","d":125},"geometry":{"type":"Polygon","coordinates":[[[-89.29801,42.96868],[-89.29819,42.96129],[-89.28818,42.96144],[-89.28784,42.97236],[-89.2834,42.96875],[-89.28113,42.9691],[-89.2498,42.97978],[-89.24868,42.98143],[-89.25345,42.98228],[-89.25259,42.99882],[-89.25509,43.00154],[-89.24745,43.01076],[-89.23811,43.01137],[-89.23656,43.01469],[-89.22973,43.01479],[-89.22971,43.01306],[-89.22003,43.01325],[-89.21977,43.01696],[-89.21489,43.01706],[-89.21482,43.01614],[-89.21028,43.01595],[-89.20994,43.01346],[-89.20017,43.01371],[-89.20046,42.99175],[-89.16909,42.99234],[-89.16483,42.99086],[-89.15149,42.98975],[-89.1507,42.99024],[-89.15022,43.00236],[-89.15037,43.00664],[-89.13898,43.00718],[-89.13676,43.00637],[-89.13053,43.00624],[-89.13067,42.99232],[-89.12122,42.99229],[-89.10142,42.99236],[-89.10158,42.98119],[-89.10989,42.98112],[-89.11879,42.98484],[-89.1213,42.98483],[-89.12149,42.97776],[-89.12349,42.97775],[-89.13083,42.98052],[-89.13099,42.97174],[-89.12569,42.97176],[-89.12572,42.96885],[-89.12169,42.96885],[-89.12186,42.96261],[-89.11822,42.9626],[-89.11867,42.96065],[-89.09925,42.96066],[-89.09777,42.95232],[-89.1027,42.95233],[-89.10268,42.94517],[-89.09803,42.94516],[-89.09795,42.9397],[-89.10298,42.9397],[-89.10284,42.93414],[-89.10569,42.93412],[-89.1057,42.92702],[-89.10213,42.92597],[-89.10331,42.92391],[-89.09696,42.91908],[-89.09532,42.91624],[-89.09186,42.91632],[-89.09193,42.91349],[-89.11508,42.91285],[-89.1151,42.90604],[-89.1319,42.906],[-89.13193,42.89797],[-89.15148,42.89726],[-89.15165,42.87556],[-89.16152,42.87545],[-89.16155,42.8721],[-89.16486,42.87542],[-89.16929,42.87538],[-89.17057,42.87045],[-89.16787,42.86875],[-89.16541,42.86461],[-89.16499,42.86269],[-89.16857,42.86073],[-89.1731,42.86193],[-89.17496,42.86032],[-89.17845,42.86],[-89.17926,42.86085],[-89.1863,42.86079],[-89.18646,42.84635],[-89.19148,42.84632],[-89.19074,42.83873],[-89.19655,42.83871],[-89.19645,42.84006],[-89.20353,42.84008],[-89.20362,42.84112],[-89.21072,42.84107],[-89.21083,42.83447],[-89.21478,42.83421],[-89.21579,42.83611],[-89.21941,42.83698],[-89.21928,42.83856],[-89.22268,42.83862],[-89.22552,42.83712],[-89.22701,42.83745],[-89.22721,42.84131],[-89.23114,42.83935],[-89.2344,42.83923],[-89.23481,42.84031],[-89.23866,42.84015],[-89.24512,42.83838],[-89.2503,42.83906],[-89.25082,42.84228],[-89.26988,42.84247],[-89.26986,42.84585],[-89.26999,42.85309],[-89.27493,42.85313],[-89.27525,42.86047],[-89.27018,42.8606],[-89.27016,42.86767],[-89.27068,42.87477],[-89.29032,42.87519],[-89.2901,42.88239],[-89.2998,42.8824],[-89.30029,42.87883],[-89.3053,42.87873],[-89.30534,42.87766],[-89.31284,42.87694],[-89.31281,42.87866],[-89.31524,42.87867],[-89.31495,42.88602],[-89.31855,42.88587],[-89.31856,42.88951],[-89.31978,42.88957],[-89.31981,42.89342],[-89.32448,42.89667],[-89.32502,42.90403],[-89.32488,42.91855],[-89.32392,42.92844],[-89.32055,42.92935],[-89.32031,42.926],[-89.30969,42.92615],[-89.30941,42.92963],[-89.29981,42.92929],[-89.29844,42.93206],[-89.2938,42.93215],[-89.29414,42.93769],[-89.3004,42.94295],[-89.29946,42.94437],[-89.29856,42.95714],[-89.30453,42.95776],[-89.31278,42.96056],[-89.31804,42.95913],[-89.31803,42.96841],[-89.29801,42.96868]]]}}]}