{"type":"FeatureCollection","features":[{"type":"Feature","properties":{"zcta":"29424","d":0},"geometry":{"type":"Polygon","coordinates":[[[-79.93722,32.78725],[-79.93627,32.78581],[-79.93771,32.78531],[-79.93533,32.78191],[-79.93619,32.78157],[-79.9398,32.78549],[-79.93722,32.78725]]]}},{"type":"Feature","properties":{"zcta":"29409","d":0},"geometry":{"type":"Polygon","coordinates":[[[-79.95992,32.80072],[-79.95738,32.79563],[-79.95731,32.79409],[-79.9616,32.79311],[-79.96455,32.79657],[-79.96388,32.79924],[-79.95992,32.80072]]]}},{"type":"Feature","properties":{"zcta":"29439","d":0},"geometry":{"type":"Polygon","coordinates":[[[-79.88802,32.68765],[-79.88558,32.68487],[-79.88708,32.68305],[-79.91568,32.66492],[-79.94376,32.65233],[-79.95803,32.64616],[-79.97002,32.64052],[-79.9743,32.64102],[-79.97575,32.639],[-79.97503,32.64228],[-79.9726,32.64488],[-79.96407,32.64876],[-79.95832,32.65375],[-79.95445,32.65808],[-79.95326,32.66129],[-79.94915,32.66562],[-79.94856,32.66881],[-79.94577,32.66945],[-79.94491,32.67078],[-79.9356,32.67265],[-79.93378,32.67399],[-79.93461,32.66847],[-79.93393,32.66476],[-79.92554,32.66725],[-79.92352,32.66831],[-79.91741,32.66949],[-79.91451,32.67146],[-79.91029,32.67293],[-79.91408,32.67514],[-79.91454,32.67925],[-79.91287,32.67874],[-79.90668,32.6789],[-79.90131,32.67967],[-79.89968,32.68408],[-79.90176,32.68631],[-79.89896,32.68855],[-79.89605,32.68888],[-79.8993,32.6968],[-79.89621,32.69696],[-79.88802,32.69021],[-79.88802,32.68765]]]}},{"type":"Feature","properties":{"zcta":"29455","d":152},"geometry":{"type":"Polygon","coordinates":[[[-80.17135,32.71086],[-80.16431,32.7201],[-80.16403,32.72266],[-80.16697,32.72414],[-80.16882,32.73116],[-80.17203,32.7345],[-80.1703,32.73819],[-80.16782,32.74167],[-80.16475,32.7444],[-80.16294,32.7479],[-80.15898,32.74981],[-80.15547,32.74986],[-80.15131,32.74796],[-80.14064,32.74708],[-80.13722,32.74867],[-80.13592,32.75428],[-80.13196,32.75784],[-80.13138,32.76058],[-80.13328,32.76533],[-80.13336,32.7684],[-80.12788,32.777],[-80.12104,32.78085],[-80.12482,32.78221],[-80.13035,32.78657],[-80.13366,32.79062],[-80.13098,32.79375],[-80.13645,32.79742],[-80.13719,32.7996],[-80.13942,32.79942],[-80.14404,32.81112],[-80.14584,32.81434],[-80.14719,32.81848],[-80.15082,32.82116],[-80.15331,32.82526],[-80.15504,32.8257],[-80.15581,32.82737],[-80.15492,32.8307],[-80.1555,32.83394],[-80.15363,32.83423],[-80.15451,32.83584],[-80.15407,32.83914],[-80.14769,32.83753],[-80.1454,32.83761],[-80.14396,32.83307],[-80.13982,32.82977],[-80.13894,32.83069],[-80.13489,32.83024],[-80.12717,32.82695],[-80.12069,32.81192],[-80.119,32.81228],[-80.1168,32.80795],[-80.1143,32.80902],[-80.11342,32.80763],[-80.10929,32.80995],[-80.10587,32.80681],[-80.1036,32.80199],[-80.09829,32.80076],[-80.10345,32.7958],[-80.10126,32.79466],[-80.10776,32.79303],[-80.09506,32.79564],[-80.09417,32.79351],[-80.09689,32.79024],[-80.09725,32.78786],[-80.09859,32.78713],[-80.10146,32.78816],[-80.10517,32.78794],[-80.10734,32.78559],[-80.10188,32.78714],[-80.09991,32.78659],[-80.09603,32.78301],[-80.08894,32.77896],[-80.07933,32.77763],[-80.07585,32.77539],[-80.07057,32.77086],[-80.06708,32.77131],[-80.06116,32.77573],[-80.05381,32.77868],[-80.04745,32.77819],[-80.0353,32.77192],[-80.03211,32.77028],[-80.02221,32.76828],[-80.00871,32.76868],[-80.00396,32.76581],[-80.00355,32.76332],[-80.0086,32.75783],[-80.01002,32.75281],[-80.00856,32.74525],[-80.00835,32.74049],[-80.00965,32.73549],[-80.00939,32.7287],[-80.00741,32.72525],[-80.00471,32.72312],[-79.99716,32.72168],[-79.99134,32.7199],[-79.98885,32.71812],[-79.9874,32.71543],[-79.98719,32.71127],[-79.98863,32.7079],[-79.98863,32.70184],[-79.98809,32.69623],[-79.98916,32.6926],[-79.99237,32.68975],[-80.00028,32.68795],[-80.00267,32.68664],[-80.00375,32.68446],[-80.00401,32.68055],[-80.00345,32.67781],[-80.00042,32.67122],[-80.00046,32.66751],[-80.00367,32.66191],[-80.00957,32.6576],[-80.01551,32.64933],[-80.01748,32.64371],[-80.01668,32.63963],[-80.01515,32.63755],[-80.00617,32.63524],[-79.9976,32.63425],[-79.99472,32.63269],[-79.99105,32.62518],[-79.98918,32.62518],[-79.99101,32.62015],[-79.9927,32.61785],[-79.99556,32.61623],[-79.99817,32.61251],[-80.00444,32.61026],[-80.0105,32.60885],[-80.01696,32.6104],[-80.03728,32.61024],[-80.07704,32.60332],[-80.09807,32.59828],[-80.12137,32.59052],[-80.13994,32.58028],[-80.14541,32.57813],[-80.14883,32.57813],[-80.15068,32.57497],[-80.15568,32.57198],[-80.16375,32.56183],[-80.16655,32.56022],[-80.17596,32.55921],[-80.18012,32.56022],[-80.18412,32.5661],[-80.18711,32.56875],[-80.19733,32.57587],[-80.19858,32.57739],[-80.20683,32.58369],[-80.20328,32.58954],[-80.19576,32.5954],[-80.19206,32.59891],[-80.18986,32.59927],[-80.18569,32.5977],[-80.17977,32.59471],[-80.17784,32.59474],[-80.17315,32.60289],[-80.16594,32.60374],[-80.15931,32.60561],[-80.15689,32.60705],[-80.15676,32.61085],[-80.16579,32.61396],[-80.16634,32.61639],[-80.16411,32.62339],[-80.16617,32.62834],[-80.16612,32.63081],[-80.1633,32.63702],[-80.15927,32.63963],[-80.15724,32.64446],[-80.15227,32.64896],[-80.14705,32.65166],[-80.1464,32.65444],[-80.14283,32.65816],[-80.13605,32.66287],[-80.13264,32.66609],[-80.12482,32.66857],[-80.12161,32.6713],[-80.1163,32.67338],[-80.11337,32.67714],[-80.11054,32.67844],[-80.10457,32.67963],[-80.10129,32.68292],[-80.09494,32.68376],[-80.09127,32.68682],[-80.08567,32.68869],[-80.08001,32.693],[-80.07631,32.69773],[-80.07553,32.7002],[-80.07842,32.70325],[-80.0811,32.70853],[-80.08546,32.71323],[-80.09532,32.71531],[-80.09882,32.71728],[-80.10334,32.71698],[-80.10479,32.71783],[-80.10622,32.7161],[-80.11273,32.71256],[-80.11844,32.71093],[-80.12019,32.70903],[-80.12584,32.70547],[-80.12826,32.70549],[-80.13006,32.70711],[-80.13559,32.70905],[-80.13888,32.71135],[-80.14831,32.70962],[-80.15142,32.70749],[-80.15525,32.70679],[-80.15753,32.70437],[-80.15945,32.70462],[-80.16096,32.70742],[-80.16595,32.70676],[-80.16954,32.70829],[-80.17159,32.70791],[-80.17135,32.71086]]]}},{"type":"Feature","properties":{"zcta":"29429","d":21},"geometry":{"type":"Polygon","coordinates":[[[-79.7606,32.9576],[-79.75977,32.96189],[-79.75394,32.96536],[-79.75013,32.96685],[-79.75478,32.97231],[-79.76091,32.97624],[-79.76317,32.97889],[-79.75368,32.9847],[-79.75178,32.98479],[-79.74298,32.99002],[-79.73852,32.99204],[-79.72834,32.99838],[-79.72592,33.00073],[-79.71967,33.00454],[-79.71814,33.00481],[-79.71219,33.00853],[-79.69647,33.01946],[-79.68513,33.0269],[-79.68336,33.03019],[-79.67655,33.03237],[-79.67338,33.03525],[-79.67483,33.03856],[-79.67237,33.04145],[-79.67905,33.04622],[-79.68981,33.0613],[-79.69183,33.06015],[-79.68788,33.06446],[-79.68648,33.06694],[-79.67976,33.07386],[-79.67449,33.08086],[-79.66698,33.08639],[-79.66103,33.09017],[-79.65944,33.09292],[-79.65546,33.10082],[-79.64917,33.10983],[-79.64768,33.11262],[-79.64712,33.11724],[-79.6433,33.12345],[-79.63838,33.12687],[-79.63431,33.12903],[-79.62972,33.12844],[-79.62804,33.12888],[-79.62275,33.13284],[-79.62091,33.13598],[-79.61624,33.13692],[-79.61251,33.13832],[-79.60905,33.13306],[-79.60535,33.1263],[-79.59853,33.12198],[-79.59545,33.12232],[-79.59392,33.11955],[-79.59391,33.11674],[-79.60085,33.11349],[-79.60841,33.10789],[-79.61288,33.10146],[-79.6134,33.09355],[-79.62222,33.07619],[-79.62163,33.07067],[-79.62388,33.06318],[-79.62831,33.05927],[-79.62858,33.0558],[-79.62728,33.05282],[-79.62743,33.04809],[-79.62567,33.04562],[-79.62839,33.03995],[-79.63055,33.04023],[-79.63318,33.0387],[-79.62558,33.03673],[-79.6221,33.03709],[-79.62014,33.03533],[-79.61572,33.03774],[-79.61485,33.04103],[-79.61473,33.0376],[-79.60869,33.03849],[-79.60383,33.03868],[-79.60431,33.04244],[-79.60103,33.0431],[-79.59833,33.03532],[-79.60042,33.0353],[-79.6008,33.03832],[-79.60231,33.03823],[-79.60441,33.03291],[-79.60524,33.02905],[-79.60328,33.02589],[-79.60259,33.02969],[-79.59965,33.02905],[-79.59903,33.03145],[-79.59568,33.0314],[-79.59182,33.02795],[-79.58989,33.03014],[-79.58802,33.02984],[-79.5891,33.02827],[-79.58661,33.02685],[-79.58539,33.03098],[-79.58277,33.03077],[-79.57578,33.0314],[-79.57231,33.02961],[-79.56753,33.03359],[-79.56606,33.03411],[-79.5603,33.03874],[-79.55454,33.0418],[-79.55152,33.04238],[-79.54427,33.04019],[-79.54426,33.03973],[-79.55062,33.04156],[-79.55326,33.04161],[-79.55909,33.03884],[-79.57902,33.02347],[-79.58462,33.01841],[-79.58722,33.01503],[-79.5924,33.01009],[-79.60361,32.99778],[-79.62123,32.98175],[-79.6248,32.97662],[-79.63827,32.95971],[-79.63906,32.95607],[-79.64378,32.95069],[-79.64726,32.94791],[-79.65159,32.94153],[-79.65619,32.92997],[-79.65707,32.92467],[-79.65873,32.92253],[-79.65762,32.92109],[-79.65987,32.92043],[-79.65975,32.91797],[-79.6611,32.91814],[-79.6713,32.9096],[-79.67307,32.9037],[-79.67542,32.90101],[-79.67799,32.90025],[-79.68586,32.89638],[-79.689,32.89289],[-79.6923,32.89137],[-79.69434,32.88539],[-79.69797,32.88288],[-79.70002,32.88044],[-79.70252,32.8791],[-79.70924,32.87183],[-79.71172,32.87061],[-79.71001,32.86353],[-79.71179,32.8588],[-79.71263,32.86036],[-79.71343,32.86565],[-79.71654,32.86232],[-79.71937,32.86165],[-79.72546,32.85537],[-79.72775,32.85516],[-79.72794,32.85832],[-79.72614,32.8635],[-79.72899,32.86355],[-79.7315,32.86989],[-79.73348,32.8715],[-79.73649,32.87146],[-79.73702,32.87285],[-79.73542,32.8749],[-79.73584,32.87949],[-79.74043,32.87605],[-79.74418,32.87997],[-79.74675,32.87896],[-79.75009,32.88221],[-79.75313,32.88169],[-79.75451,32.88317],[-79.75666,32.88275],[-79.75623,32.88696],[-79.7573,32.88983],[-79.75549,32.88942],[-79.75366,32.89332],[-79.74697,32.89394],[-79.7465,32.89674],[-79.7457,32.91341],[-79.75023,32.91305],[-79.75729,32.91692],[-79.76082,32.9183],[-79.76685,32.91802],[-79.7745,32.92357],[-79.77743,32.92662],[-79.78221,32.92798],[-79.78634,32.93058],[-79.78984,32.93041],[-79.79546,32.92849],[-79.79954,32.92815],[-79.80219,32.92992],[-79.79823,32.9338],[-79.79206,32.9371],[-79.7831,32.94316],[-79.7789,32.94375],[-79.77469,32.94165],[-79.77098,32.94186],[-79.77178,32.94387],[-79.77041,32.94667],[-79.76912,32.95155],[-79.76747,32.95278],[-79.76775,32.95502],[-79.76614,32.95457],[-79.76524,32.95655],[-79.76345,32.95636],[-79.7606,32.9576]]]}},{"type":"Feature","properties":{"zcta":"29482","d":381},"geometry":{"type":"Polygon","coordinates":[[[-79.8615,32.76644],[-79.85237,32.76861],[-79.83885,32.77451],[-79.80907,32.78694],[-79.80812,32.78224],[-79.80963,32.77922],[-79.81256,32.77715],[-79.81251,32.7748],[-79.81398,32.77482],[-79.81451,32.77045],[-79.81824,32.76635],[-79.82243,32.7637],[-79.82325,32.76398],[-79.83033,32.7626],[-79.8347,32.7604],[-79.83399,32.75911],[-79.8488,32.75363],[-79.8547,32.75488],[-79.86271,32.76153],[-79.86639,32.76603],[-79.86515,32.76812],[-79.8615,32.76644]]]}},{"type":"Feature","properties":{"zcta":"29472","d":23},"geometry":{"type":"Polygon","coordinates":[[[-80.41482,33.0499],[-80.41281,33.04651],[-80.40631,33.04944],[-80.40394,33.04973],[-80.40618,33.0534],[-80.40282,33.06117],[-80.40369,33.06387],[-80.40081,33.06714],[-80.40121,33.06875],[-80.3995,33.07072],[-80.39942,33.07338],[-80.39478,33.075],[-80.39551,33.08199],[-80.38995,33.08363],[-80.38815,33.08711],[-80.3823,33.08508],[-80.38061,33.08686],[-80.38091,33.08934],[-80.37854,33.09085],[-80.37903,33.0928],[-80.37612,33.0923],[-80.37381,33.09395],[-80.37196,33.09393],[-80.37259,33.09632],[-80.36778,33.10022],[-80.36345,33.10014],[-80.36095,33.10287],[-80.36324,33.10496],[-80.35824,33.11095],[-80.35819,33.1156],[-80.35544,33.11897],[-80.3537,33.11858],[-80.35373,33.1208],[-80.35601,33.12282],[-80.35384,33.12799],[-80.35371,33.13157],[-80.34982,33.13794],[-80.34827,33.14161],[-80.33694,33.14435],[-80.33623,33.14534],[-80.32109,33.15342],[-80.31763,33.15705],[-80.3146,33.15742],[-80.31278,33.1592],[-80.31096,33.15836],[-80.30739,33.16534],[-80.30581,33.16624],[-80.30311,33.16972],[-80.30338,33.17187],[-80.3018,33.17423],[-80.29701,33.17801],[-80.29758,33.18184],[-80.30123,33.18372],[-80.3027,33.18537],[-80.30853,33.18784],[-80.3088,33.19043],[-80.31057,33.19052],[-80.31351,33.19272],[-80.31597,33.19316],[-80.32311,33.19788],[-80.32469,33.19852],[-80.32856,33.19787],[-80.33082,33.19842],[-80.33197,33.20119],[-80.33447,33.21024],[-80.33646,33.21538],[-80.3351,33.21973],[-80.33488,33.22298],[-80.33636,33.22649],[-80.33848,33.2293],[-80.34334,33.2316],[-80.34432,33.23423],[-80.33642,33.24223],[-80.3384,33.24444],[-80.3368,33.24689],[-80.33069,33.24839],[-80.32748,33.24405],[-80.32487,33.24607],[-80.32337,33.24448],[-80.31899,33.24837],[-80.32052,33.24948],[-80.31834,33.25235],[-80.32084,33.25415],[-80.29895,33.25954],[-80.29725,33.25681],[-80.29353,33.2532],[-80.29038,33.25178],[-80.28896,33.24979],[-80.28235,33.24857],[-80.27905,33.24628],[-80.2754,33.23494],[-80.26892,33.23031],[-80.26732,33.23167],[-80.26914,33.23505],[-80.26892,33.23756],[-80.26496,33.24118],[-80.26556,33.24638],[-80.26492,33.2477],[-80.26581,33.252],[-80.26002,33.25015],[-80.26017,33.24908],[-80.2573,33.24843],[-80.25518,33.24571],[-80.25905,33.24608],[-80.26042,33.24698],[-80.26289,33.23888],[-80.26459,33.2356],[-80.25836,33.23112],[-80.25461,33.22952],[-80.25184,33.22668],[-80.24811,33.23061],[-80.24728,33.23547],[-80.24515,33.23945],[-80.24342,33.23899],[-80.24321,33.24068],[-80.23909,33.24082],[-80.22306,33.24529],[-80.22052,33.2432],[-80.2209,33.23952],[-80.21934,33.23766],[-80.21325,33.23675],[-80.22674,33.22707],[-80.23473,33.22225],[-80.22945,33.21597],[-80.22852,33.21253],[-80.23397,33.20778],[-80.21937,33.20361],[-80.22611,33.19668],[-80.21486,33.18896],[-80.2111,33.18821],[-80.21792,33.18131],[-80.19164,33.16273],[-80.1954,33.16149],[-80.198,33.15949],[-80.19653,33.15669],[-80.19677,33.15425],[-80.19008,33.15224],[-80.18676,33.14833],[-80.18136,33.14438],[-80.18197,33.14267],[-80.18508,33.14162],[-80.1903,33.138],[-80.19537,33.13229],[-80.20228,33.12122],[-80.20714,33.11846],[-80.21416,33.11334],[-80.21743,33.10921],[-80.22027,33.10721],[-80.22115,33.10507],[-80.22549,33.10345],[-80.22788,33.10345],[-80.23392,33.09867],[-80.23955,33.09853],[-80.24168,33.09583],[-80.24538,33.09352],[-80.24949,33.09217],[-80.25135,33.0897],[-80.2536,33.08866],[-80.25599,33.09055],[-80.26178,33.09008],[-80.26377,33.09062],[-80.26637,33.08897],[-80.26977,33.08554],[-80.27141,33.08532],[-80.27423,33.08023],[-80.27452,33.07852],[-80.2789,33.0762],[-80.27938,33.07366],[-80.28138,33.07143],[-80.2878,33.06775],[-80.29244,33.06358],[-80.2936,33.06008],[-80.29583,33.05745],[-80.29605,33.05353],[-80.29954,33.04736],[-80.29999,33.04345],[-80.29868,33.0367],[-80.30004,33.03455],[-80.3011,33.0297],[-80.30029,33.02549],[-80.30133,33.02166],[-80.3014,33.01459],[-80.2995,33.00847],[-80.29805,33.00632],[-80.29263,33.0048],[-80.29175,32.99955],[-80.29207,32.99534],[-80.29099,32.99233],[-80.28662,32.9863],[-80.28569,32.9838],[-80.28117,32.97833],[-80.27866,32.97462],[-80.27242,32.97165],[-80.27152,32.96932],[-80.26645,32.96645],[-80.26372,32.96636],[-80.25739,32.97086],[-80.25298,32.96865],[-80.25621,32.96678],[-80.26903,32.96496],[-80.2785,32.96469],[-80.27418,32.96264],[-80.26799,32.95694],[-80.26757,32.95233],[-80.27105,32.95147],[-80.2708,32.94521],[-80.26517,32.94487],[-80.26696,32.94174],[-80.25144,32.93489],[-80.24877,32.93214],[-80.24982,32.93078],[-80.24701,32.92688],[-80.24664,32.92462],[-80.24445,32.92183],[-80.24574,32.91595],[-80.25231,32.90853],[-80.25072,32.90724],[-80.24897,32.90321],[-80.24902,32.89917],[-80.24759,32.89607],[-80.25022,32.8973],[-80.25673,32.90225],[-80.26128,32.8982],[-80.26896,32.90045],[-80.27335,32.90132],[-80.27702,32.89826],[-80.27867,32.89088],[-80.27847,32.88202],[-80.27746,32.88065],[-80.29482,32.87734],[-80.2997,32.87542],[-80.30733,32.87463],[-80.31156,32.87467],[-80.31902,32.87125],[-80.32222,32.87072],[-80.32567,32.86754],[-80.33084,32.8721],[-80.33442,32.87311],[-80.33279,32.88181],[-80.33443,32.89432],[-80.34431,32.89773],[-80.34912,32.89891],[-80.35059,32.91131],[-80.35822,32.91092],[-80.36119,32.91309],[-80.36968,32.90655],[-80.37286,32.90719],[-80.37937,32.90354],[-80.38422,32.90553],[-80.38509,32.90663],[-80.38532,32.90061],[-80.388,32.89873],[-80.3877,32.89312],[-80.38949,32.88853],[-80.38718,32.88837],[-80.38534,32.88612],[-80.38728,32.88458],[-80.39329,32.88528],[-80.39338,32.88267],[-80.3962,32.88305],[-80.39425,32.88059],[-80.39886,32.87779],[-80.39923,32.87321],[-80.40187,32.87168],[-80.40326,32.86964],[-80.40263,32.86587],[-80.3993,32.86445],[-80.40134,32.85847],[-80.40395,32.85918],[-80.4035,32.88036],[-80.40515,32.88444],[-80.40688,32.89065],[-80.40541,32.89631],[-80.4065,32.89967],[-80.40719,32.90703],[-80.40807,32.90967],[-80.40813,32.91314],[-80.41075,32.91583],[-80.41704,32.91648],[-80.42295,32.91875],[-80.42772,32.91884],[-80.43496,32.92225],[-80.44174,32.92439],[-80.43968,32.92424],[-80.4266,32.92507],[-80.42676,32.92864],[-80.42158,32.92876],[-80.4215,32.93279],[-80.42394,32.93247],[-80.42528,32.93939],[-80.42245,32.94257],[-80.42083,32.94288],[-80.42083,32.94528],[-80.42298,32.94753],[-80.42294,32.94968],[-80.42447,32.95279],[-80.42769,32.95232],[-80.42635,32.95786],[-80.42948,32.9616],[-80.42778,32.96292],[-80.42307,32.96129],[-80.42806,32.96886],[-80.43047,32.97038],[-80.42732,32.97399],[-80.43053,32.9745],[-80.43431,32.97741],[-80.43747,32.97844],[-80.44054,32.9843],[-80.44317,32.98681],[-80.43716,33.00017],[-80.43304,33.0084],[-80.43337,33.02155],[-80.42057,33.02865],[-80.41872,33.03107],[-80.42845,33.03677],[-80.43038,33.03855],[-80.4275,33.04201],[-80.43101,33.04261],[-80.43171,33.04431],[-80.42411,33.04603],[-80.42332,33.04909],[-80.42196,33.0487],[-80.41898,33.05203],[-80.41482,33.0499]]]}},{"type":"Feature","properties":{"zcta":"29453","d":4},"geometry":{"type":"Polygon","coordinates":[[[-79.73481,33.32017],[-79.73211,33.31999],[-79.72683,33.32212],[-79.72453,33.3217],[-79.7219,33.31927],[-79.7192,33.31863],[-79.7128,33.32091],[-79.70958,33.32125],[-79.70628,33.31833],[-79.6993,33.31763],[-79.69541,33.31404],[-79.69209,33.31271],[-79.68939,33.31076],[-79.68151,33.30647],[-79.67645,33.30475],[-79.66876,33.30145],[-79.66425,33.29832],[-79.65964,33.29722],[-79.6476,33.29616],[-79.63927,33.29479],[-79.63099,33.29293],[-79.6196,33.28886],[-79.61258,33.28515],[-79.60657,33.27932],[-79.60201,33.27888],[-79.59555,33.27929],[-79.57785,33.27479],[-79.56225,33.27252],[-79.55916,33.27057],[-79.55767,33.26859],[-79.55777,33.26623],[-79.56102,33.26232],[-79.55981,33.26048],[-79.55556,33.26136],[-79.5517,33.26487],[-79.54976,33.26498],[-79.54723,33.25946],[-79.54656,33.25599],[-79.5443,33.25427],[-79.53704,33.25291],[-79.53542,33.24961],[-79.53018,33.24748],[-79.52328,33.24588],[-79.51648,33.24559],[-79.51014,33.24346],[-79.49979,33.23835],[-79.49399,33.23603],[-79.48904,33.23684],[-79.48525,33.24051],[-79.48264,33.24592],[-79.47928,33.24607],[-79.47808,33.24327],[-79.4834,33.23693],[-79.4807,33.23458],[-79.4787,33.23508],[-79.47248,33.23909],[-79.47065,33.23941],[-79.46866,33.23804],[-79.46905,33.23652],[-79.47445,33.23215],[-79.47393,33.22977],[-79.46578,33.23154],[-79.45995,33.23509],[-79.45873,33.23522],[-79.45759,33.23265],[-79.45855,33.23127],[-79.46203,33.22939],[-79.4602,33.22813],[-79.45864,33.22952],[-79.45566,33.2292],[-79.45172,33.22541],[-79.45206,33.22267],[-79.45541,33.21955],[-79.45509,33.21773],[-79.45287,33.21608],[-79.4467,33.21346],[-79.44665,33.21182],[-79.44907,33.21016],[-79.45029,33.20733],[-79.45379,33.20844],[-79.45485,33.21009],[-79.45825,33.20939],[-79.46244,33.20753],[-79.46606,33.20908],[-79.46779,33.20654],[-79.47132,33.21042],[-79.47374,33.21037],[-79.47384,33.20913],[-79.4774,33.20864],[-79.47847,33.20634],[-79.4774,33.20524],[-79.47821,33.20315],[-79.48126,33.20439],[-79.48361,33.20378],[-79.48446,33.2017],[-79.48288,33.19789],[-79.48663,33.19236],[-79.49035,33.19294],[-79.49282,33.19182],[-79.4931,33.18773],[-79.4963,33.18521],[-79.49694,33.17743],[-79.50159,33.17828],[-79.50428,33.17685],[-79.50344,33.17437],[-79.50452,33.17227],[-79.50656,33.17112],[-79.50713,33.16854],[-79.51108,33.16777],[-79.51283,33.16618],[-79.51337,33.16046],[-79.51243,33.15769],[-79.51867,33.14853],[-79.52161,33.14671],[-79.525,33.14587],[-79.5308,33.14572],[-79.53395,33.14404],[-79.54414,33.14999],[-79.54535,33.15259],[-79.54996,33.15562],[-79.55493,33.15553],[-79.56046,33.1564],[-79.56409,33.15536],[-79.56566,33.15329],[-79.57139,33.14986],[-79.58008,33.14836],[-79.58351,33.14676],[-79.58635,33.14692],[-79.58963,33.14476],[-79.59575,33.14325],[-79.59987,33.13401],[-79.60831,33.13348],[-79.60905,33.13306],[-79.61251,33.13832],[-79.61624,33.13692],[-79.62091,33.13598],[-79.62275,33.13284],[-79.62804,33.12888],[-79.62972,33.12844],[-79.63431,33.12903],[-79.63838,33.12687],[-79.6433,33.12345],[-79.64712,33.11724],[-79.64768,33.11262],[-79.64917,33.10983],[-79.65546,33.10082],[-79.65944,33.09292],[-79.66266,33.09472],[-79.67087,33.10173],[-79.67352,33.11021],[-79.67586,33.11361],[-79.67622,33.11577],[-79.67822,33.11838],[-79.67923,33.12761],[-79.6837,33.13261],[-79.68538,33.13871],[-79.68332,33.14271],[-79.67643,33.14012],[-79.67329,33.1429],[-79.67108,33.14719],[-79.67046,33.15954],[-79.6659,33.16808],[-79.66536,33.17237],[-79.66986,33.18145],[-79.67282,33.19414],[-79.66914,33.2091],[-79.67107,33.21505],[-79.67003,33.2205],[-79.67834,33.24085],[-79.67829,33.24283],[-79.68033,33.24401],[-79.70044,33.26295],[-79.70562,33.26581],[-79.70779,33.26827],[-79.72403,33.24934],[-79.72777,33.24621],[-79.73032,33.24704],[-79.73366,33.25034],[-79.74086,33.25753],[-79.74508,33.25632],[-79.74732,33.25979],[-79.74739,33.26163],[-79.74584,33.26261],[-79.74521,33.26642],[-79.74347,33.26804],[-79.74617,33.27291],[-79.74858,33.27534],[-79.74908,33.27726],[-79.752,33.28206],[-79.75519,33.28421],[-79.75591,33.28639],[-79.7575,33.28719],[-79.76382,33.29557],[-79.76504,33.29719],[-79.7606,33.29748],[-79.75788,33.30049],[-79.76176,33.30578],[-79.76343,33.30652],[-79.76262,33.30983],[-79.75716,33.30991],[-79.7554,33.31291],[-79.75171,33.31665],[-79.74885,33.31873],[-79.7427,33.3197],[-79.74115,33.32231],[-79.73481,33.32017]]]}},{"type":"Feature","properties":{"zcta":"29450","d":14},"geometry":{"type":"Polygon","coordinates":[[[-79.92255,33.06719],[-79.92165,33.06839],[-79.91792,33.06902],[-79.91654,33.06719],[-79.91674,33.0636],[-79.90952,33.06196],[-79.89952,33.06585],[-79.89667,33.06311],[-79.89399,33.06201],[-79.8899,33.06773],[-79.88402,33.06745],[-79.8831,33.06806],[-79.88292,33.07255],[-79.87977,33.07411],[-79.8768,33.07067],[-79.87593,33.07067],[-79.8736,33.07478],[-79.87032,33.07404],[-79.86785,33.0704],[-79.86064,33.07047],[-79.85937,33.07439],[-79.85504,33.07734],[-79.85257,33.08107],[-79.85077,33.082],[-79.84887,33.08517],[-79.84461,33.08717],[-79.83938,33.08732],[-79.83846,33.08944],[-79.83357,33.09249],[-79.82828,33.09468],[-79.82605,33.09728],[-79.82693,33.09955],[-79.82309,33.10097],[-79.82381,33.10334],[-79.82033,33.10939],[-79.8208,33.11278],[-79.82281,33.11561],[-79.82255,33.11803],[-79.82039,33.12167],[-79.81176,33.12881],[-79.81101,33.13093],[-79.80932,33.13121],[-79.80745,33.12712],[-79.79902,33.12585],[-79.78576,33.12619],[-79.77553,33.15369],[-79.76828,33.15637],[-79.76926,33.15805],[-79.77038,33.16346],[-79.77128,33.16513],[-79.76786,33.17543],[-79.76334,33.22003],[-79.76266,33.22653],[-79.76162,33.22948],[-79.75743,33.23324],[-79.73366,33.25034],[-79.73032,33.24704],[-79.72777,33.24621],[-79.72403,33.24934],[-79.70779,33.26827],[-79.70562,33.26581],[-79.70044,33.26295],[-79.68033,33.24401],[-79.67829,33.24283],[-79.67834,33.24085],[-79.67003,33.2205],[-79.67107,33.21505],[-79.66914,33.2091],[-79.67282,33.19414],[-79.66986,33.18145],[-79.66536,33.17237],[-79.6659,33.16808],[-79.67046,33.15954],[-79.67108,33.14719],[-79.67329,33.1429],[-79.67643,33.14012],[-79.68332,33.14271],[-79.68538,33.13871],[-79.6837,33.13261],[-79.67923,33.12761],[-79.67822,33.11838],[-79.67622,33.11577],[-79.67586,33.11361],[-79.67352,33.11021],[-79.67087,33.10173],[-79.66266,33.09472],[-79.65944,33.09292],[-79.66103,33.09017],[-79.66698,33.08639],[-79.67449,33.08086],[-79.67976,33.07386],[-79.68648,33.06694],[-79.68788,33.06446],[-79.69183,33.06015],[-79.68981,33.0613],[-79.67905,33.04622],[-79.67237,33.04145],[-79.67483,33.03856],[-79.67338,33.03525],[-79.67655,33.03237],[-79.68336,33.03019],[-79.68513,33.0269],[-79.69647,33.01946],[-79.71219,33.00853],[-79.71814,33.00481],[-79.71967,33.00454],[-79.72592,33.00073],[-79.72834,32.99838],[-79.73852,32.99204],[-79.74298,32.99002],[-79.75178,32.98479],[-79.75368,32.9847],[-79.76317,32.97889],[-79.76091,32.97624],[-79.75478,32.97231],[-79.75013,32.96685],[-79.75394,32.96536],[-79.75977,32.96189],[-79.7606,32.9576],[-79.76345,32.95636],[-79.76358,32.95817],[-79.76592,32.96415],[-79.76932,32.96855],[-79.7693,32.97157],[-79.76776,32.97372],[-79.76853,32.97553],[-79.76692,32.97927],[-79.76749,32.98523],[-79.76547,32.98725],[-79.76833,32.99159],[-79.7682,32.99384],[-79.77259,32.99226],[-79.77609,32.98977],[-79.78421,32.98644],[-79.7869,32.98227],[-79.79818,32.97867],[-79.80378,32.97446],[-79.80978,32.97254],[-79.81276,32.96875],[-79.81782,32.96778],[-79.82221,32.96588],[-79.82613,32.96592],[-79.83589,32.96275],[-79.842,32.95968],[-79.84995,32.95931],[-79.85628,32.96063],[-79.85722,32.96461],[-79.85359,32.97561],[-79.85735,32.97799],[-79.86049,32.9791],[-79.86805,32.97918],[-79.87781,32.98057],[-79.8795,32.98185],[-79.88346,32.98104],[-79.88602,32.97679],[-79.89133,32.97663],[-79.89222,32.97813],[-79.89993,32.97802],[-79.90162,32.97702],[-79.90612,32.97691],[-79.90549,32.97593],[-79.90842,32.97285],[-79.90592,32.97338],[-79.90365,32.97259],[-79.90268,32.96937],[-79.89962,32.96866],[-79.90063,32.96678],[-79.89743,32.96753],[-79.8964,32.96557],[-79.90332,32.96396],[-79.90196,32.96754],[-79.90578,32.97308],[-79.90809,32.97169],[-79.911,32.97232],[-79.91206,32.97419],[-79.91072,32.97692],[-79.91278,32.9823],[-79.9176,32.98353],[-79.92232,32.9838],[-79.92467,32.98571],[-79.92505,32.99121],[-79.92374,32.99411],[-79.92152,32.99473],[-79.91622,32.99361],[-79.91105,32.99454],[-79.90451,33.00014],[-79.90083,33.00567],[-79.90054,33.00868],[-79.90201,33.00977],[-79.90494,33.00979],[-79.914,33.00774],[-79.9184,33.00788],[-79.92128,33.01107],[-79.92198,33.01411],[-79.92044,33.01592],[-79.91801,33.01587],[-79.9116,33.01352],[-79.90939,33.01396],[-79.9075,33.01753],[-79.90814,33.0184],[-79.91553,33.02059],[-79.91716,33.02264],[-79.91656,33.02411],[-79.91192,33.02799],[-79.91072,33.031],[-79.91606,33.03566],[-79.91678,33.0386],[-79.91905,33.03976],[-79.92564,33.04024],[-79.93313,33.0451],[-79.93667,33.05326],[-79.93702,33.05592],[-79.93497,33.05704],[-79.93092,33.05513],[-79.92644,33.05503],[-79.92382,33.05846],[-79.92212,33.06278],[-79.92286,33.06604],[-79.92255,33.06719]]]}},{"type":"Feature","properties":{"zcta":"29461","d":128},"geometry":{"type":"Polygon","coordinates":[[[-80.13973,33.2029],[-80.13567,33.20241],[-80.13153,33.20285],[-80.12757,33.20401],[-80.12281,33.21134],[-80.10888,33.20254],[-80.10511,33.20833],[-80.10516,33.21052],[-80.10217,33.21901],[-80.10318,33.22122],[-80.10022,33.2272],[-80.10136,33.23749],[-80.09174,33.23815],[-80.10512,33.26471],[-80.10657,33.26682],[-80.10556,33.2677],[-80.10504,33.26821],[-80.09499,33.26808],[-80.09253,33.27082],[-80.08973,33.27627],[-80.03832,33.30298],[-80.03771,33.30223],[-79.97191,33.2763],[-79.97651,33.26714],[-79.97216,33.26798],[-79.97695,33.25466],[-79.97058,33.25557],[-79.9694,33.25754],[-79.96785,33.25594],[-79.9351,33.25949],[-79.93096,33.261],[-79.91469,33.27449],[-79.90844,33.26876],[-79.90117,33.26934],[-79.89584,33.27223],[-79.89515,33.26956],[-79.89208,33.26784],[-79.89282,33.26433],[-79.89059,33.26416],[-79.89071,33.26162],[-79.88726,33.26167],[-79.88534,33.25933],[-79.88484,33.25581],[-79.88387,33.2555],[-79.88574,33.25297],[-79.88084,33.25116],[-79.88313,33.23912],[-79.87275,33.2242],[-79.89061,33.21493],[-79.89127,33.21503],[-79.90567,33.22307],[-79.9065,33.22387],[-79.91327,33.21914],[-79.90627,33.21468],[-79.90436,33.21146],[-79.89885,33.21234],[-79.88979,33.21086],[-79.88486,33.21222],[-79.87847,33.20642],[-79.87848,33.20228],[-79.88004,33.1992],[-79.87651,33.19462],[-79.86447,33.19242],[-79.87016,33.18729],[-79.87379,33.17888],[-79.87395,33.17539],[-79.86975,33.17491],[-79.86769,33.17345],[-79.87228,33.16667],[-79.87654,33.15923],[-79.87927,33.15703],[-79.886,33.15002],[-79.89581,33.14577],[-79.89256,33.14255],[-79.89033,33.138],[-79.89331,33.13691],[-79.89608,33.14017],[-79.90187,33.13703],[-79.915,33.13299],[-79.91602,33.13408],[-79.91756,33.13101],[-79.92458,33.12151],[-79.91897,33.11879],[-79.92117,33.11714],[-79.92349,33.11179],[-79.92807,33.11008],[-79.92762,33.10694],[-79.92595,33.10386],[-79.92659,33.10234],[-79.92929,33.10096],[-79.927,33.09768],[-79.92774,33.09519],[-79.92611,33.0938],[-79.92485,33.09451],[-79.92185,33.09221],[-79.91477,33.09338],[-79.91601,33.0886],[-79.91825,33.08665],[-79.92005,33.08333],[-79.91716,33.07971],[-79.91251,33.07708],[-79.91231,33.0757],[-79.9151,33.07507],[-79.91634,33.07274],[-79.91585,33.07068],[-79.92202,33.06887],[-79.92255,33.06719],[-79.92286,33.06604],[-79.92425,33.05997],[-79.92761,33.05529],[-79.9301,33.05567],[-79.93444,33.05794],[-79.93642,33.05747],[-79.9381,33.05459],[-79.93589,33.05075],[-79.93533,33.04733],[-79.93313,33.04414],[-79.92924,33.04172],[-79.93323,33.04152],[-79.93973,33.05335],[-79.93993,33.05211],[-79.93762,33.04634],[-79.939,33.04449],[-79.94354,33.04317],[-79.94692,33.04037],[-79.94956,33.04045],[-79.94943,33.03873],[-79.94225,33.03226],[-79.93508,33.02154],[-79.93299,33.01356],[-79.92836,33.00652],[-79.92837,33.00301],[-79.93401,32.99333],[-79.93429,32.99108],[-79.93259,32.98465],[-79.93377,32.97519],[-79.93703,32.96789],[-79.93949,32.97049],[-79.94107,32.9775],[-79.94088,32.98132],[-79.9424,32.98622],[-79.94153,32.98907],[-79.93907,32.99158],[-79.93792,32.994],[-79.93737,32.99796],[-79.93779,33.00312],[-79.93686,33.00766],[-79.93753,33.01076],[-79.94228,33.01595],[-79.94449,33.01758],[-79.95136,33.0267],[-79.95216,33.02875],[-79.95315,33.03492],[-79.95505,33.03933],[-79.95906,33.0418],[-79.96185,33.04516],[-79.96524,33.05033],[-79.97297,33.0547],[-79.97481,33.05794],[-79.98242,33.06402],[-79.98671,33.0649],[-79.98938,33.06417],[-79.99191,33.06737],[-79.9998,33.06874],[-80.00731,33.06735],[-80.01363,33.0672],[-80.01728,33.06439],[-80.0218,33.05995],[-80.02112,33.05443],[-80.02281,33.05228],[-80.02582,33.0504],[-80.03372,33.05049],[-80.03296,33.04413],[-80.03417,33.0332],[-80.03755,33.03166],[-80.05118,33.0328],[-80.05003,33.05005],[-80.04148,33.05228],[-80.04418,33.056],[-80.04524,33.05896],[-80.04975,33.06118],[-80.05146,33.06112],[-80.0571,33.06353],[-80.06329,33.06087],[-80.06655,33.06009],[-80.07333,33.05956],[-80.07548,33.0559],[-80.07836,33.05697],[-80.07734,33.06368],[-80.08081,33.06335],[-80.08549,33.06017],[-80.09041,33.06722],[-80.09338,33.0635],[-80.1058,33.0785],[-80.10448,33.07925],[-80.10515,33.08146],[-80.1014,33.08352],[-80.10428,33.08817],[-80.10586,33.0897],[-80.10191,33.09265],[-80.09823,33.09805],[-80.09817,33.10137],[-80.10741,33.10727],[-80.10358,33.11175],[-80.09216,33.12105],[-80.08857,33.12716],[-80.08563,33.13044],[-80.0824,33.13127],[-80.08126,33.13357],[-80.08121,33.13752],[-80.08017,33.13923],[-80.0781,33.1456],[-80.07841,33.14716],[-80.08464,33.15798],[-80.08971,33.15787],[-80.11488,33.15118],[-80.11479,33.14682],[-80.11977,33.14566],[-80.12126,33.14943],[-80.12452,33.14853],[-80.12224,33.14442],[-80.12482,33.14426],[-80.12682,33.1479],[-80.14045,33.14406],[-80.14233,33.14297],[-80.14052,33.14009],[-80.14343,33.13887],[-80.14669,33.14231],[-80.15547,33.13922],[-80.15705,33.14047],[-80.17331,33.14903],[-80.17533,33.15078],[-80.17245,33.15489],[-80.17087,33.15613],[-80.17111,33.15949],[-80.16857,33.16197],[-80.16909,33.16553],[-80.16826,33.16798],[-80.16411,33.16953],[-80.1647,33.17254],[-80.16218,33.17742],[-80.16307,33.18488],[-80.16378,33.18768],[-80.16192,33.19002],[-80.16118,33.19267],[-80.1578,33.19685],[-80.15508,33.19815],[-80.15362,33.20069],[-80.14635,33.20737],[-80.13973,33.2029]],[[-80.04239,33.22675],[-80.04132,33.22472],[-80.03667,33.22324],[-80.03268,33.23086],[-80.02923,33.2395],[-80.02689,33.24219],[-80.02601,33.24776],[-80.02849,33.24828],[-80.02972,33.24642],[-80.03384,33.24729],[-80.03767,33.24164],[-80.03969,33.24092],[-80.03763,33.23836],[-80.04148,33.23502],[-80.04243,33.2292],[-80.04454,33.22738],[-80.04239,33.22675]]]}},{"type":"Feature","properties":{"zcta":"29477","d":26},"geometry":{"type":"Polygon","coordinates":[[[-80.63651,33.26315],[-80.64086,33.2694],[-80.64682,33.27629],[-80.64447,33.27571],[-80.63905,33.27603],[-80.63368,33.27461],[-80.62952,33.27562],[-80.62607,33.2782],[-80.62341,33.27866],[-80.61597,33.27853],[-80.6129,33.27585],[-80.59113,33.28745],[-80.58975,33.28328],[-80.58883,33.28412],[-80.58641,33.28996],[-80.57938,33.2937],[-80.57848,33.29344],[-80.57777,33.28664],[-80.57498,33.2857],[-80.57506,33.28379],[-80.57034,33.28106],[-80.56793,33.28047],[-80.56478,33.28194],[-80.56286,33.28463],[-80.55774,33.29537],[-80.55908,33.29166],[-80.55427,33.29229],[-80.55089,33.29013],[-80.5475,33.28944],[-80.54611,33.28779],[-80.54603,33.28278],[-80.54941,33.27489],[-80.54901,33.27297],[-80.55161,33.26801],[-80.54907,33.26677],[-80.54786,33.26391],[-80.54477,33.264],[-80.54179,33.26617],[-80.53843,33.26622],[-80.53109,33.271],[-80.52367,33.27091],[-80.5225,33.26511],[-80.52659,33.26475],[-80.52484,33.2612],[-80.52854,33.25615],[-80.5273,33.25498],[-80.5313,33.24896],[-80.53056,33.24756],[-80.52631,33.2491],[-80.52314,33.2494],[-80.52184,33.25083],[-80.52026,33.24975],[-80.51906,33.2461],[-80.51508,33.24307],[-80.51906,33.23969],[-80.51581,33.23782],[-80.5209,33.23334],[-80.52036,33.23181],[-80.52926,33.22543],[-80.523,33.22247],[-80.52217,33.22014],[-80.51912,33.21832],[-80.51904,33.21693],[-80.51582,33.21388],[-80.5089,33.2117],[-80.50367,33.20537],[-80.49763,33.19979],[-80.49657,33.19675],[-80.49794,33.19234],[-80.49798,33.18952],[-80.49912,33.18253],[-80.49851,33.17747],[-80.50011,33.176],[-80.50031,33.1708],[-80.49931,33.16775],[-80.50007,33.16407],[-80.49822,33.16214],[-80.49886,33.15953],[-80.49785,33.15652],[-80.49686,33.15004],[-80.49583,33.14716],[-80.49132,33.13778],[-80.49019,33.13359],[-80.49143,33.13031],[-80.49742,33.1268],[-80.4952,33.12437],[-80.49566,33.11988],[-80.49533,33.11404],[-80.49697,33.11042],[-80.49691,33.1086],[-80.49851,33.10606],[-80.49917,33.10315],[-80.50099,33.10201],[-80.50338,33.09844],[-80.50763,33.09715],[-80.51171,33.09443],[-80.51182,33.09226],[-80.51482,33.08697],[-80.51499,33.084],[-80.51366,33.0797],[-80.51516,33.07518],[-80.51005,33.07305],[-80.50602,33.06734],[-80.50662,33.06622],[-80.50641,33.0588],[-80.50968,33.05726],[-80.51482,33.05846],[-80.5155,33.06041],[-80.51794,33.06048],[-80.5196,33.0619],[-80.52606,33.06118],[-80.52834,33.06339],[-80.52731,33.06631],[-80.52939,33.06699],[-80.53223,33.06972],[-80.53318,33.06859],[-80.53644,33.06852],[-80.53808,33.06992],[-80.53976,33.06813],[-80.53753,33.06694],[-80.54023,33.06431],[-80.54227,33.06621],[-80.54382,33.06603],[-80.54436,33.06383],[-80.54605,33.06614],[-80.54744,33.06575],[-80.54752,33.06275],[-80.54461,33.06197],[-80.54728,33.05957],[-80.54921,33.06005],[-80.55109,33.05824],[-80.55304,33.05931],[-80.5534,33.06206],[-80.55781,33.06115],[-80.55878,33.05982],[-80.5617,33.06064],[-80.56477,33.05943],[-80.56648,33.06051],[-80.56785,33.05931],[-80.57103,33.05943],[-80.57546,33.05851],[-80.57587,33.05993],[-80.57895,33.06002],[-80.57745,33.05869],[-80.57848,33.05725],[-80.5821,33.05846],[-80.5873,33.05748],[-80.59149,33.05782],[-80.59503,33.05988],[-80.60038,33.06137],[-80.60058,33.06268],[-80.604,33.06176],[-80.60857,33.06279],[-80.61511,33.06521],[-80.6181,33.06475],[-80.61935,33.0662],[-80.62381,33.06693],[-80.62368,33.06924],[-80.62623,33.0686],[-80.62941,33.07238],[-80.62669,33.07506],[-80.632,33.07591],[-80.63219,33.0777],[-80.63589,33.07958],[-80.63586,33.08082],[-80.63869,33.0816],[-80.64019,33.08068],[-80.64076,33.08297],[-80.64312,33.08419],[-80.64378,33.08581],[-80.64693,33.08554],[-80.65004,33.0902],[-80.64676,33.09734],[-80.64418,33.10908],[-80.64932,33.1083],[-80.65603,33.10973],[-80.65762,33.11456],[-80.65821,33.1199],[-80.65667,33.12343],[-80.65888,33.12482],[-80.65443,33.12955],[-80.65087,33.13127],[-80.65256,33.13508],[-80.65246,33.13711],[-80.65096,33.13821],[-80.64054,33.14122],[-80.64613,33.14743],[-80.64597,33.1502],[-80.63989,33.15567],[-80.64006,33.15248],[-80.63595,33.15124],[-80.63543,33.15021],[-80.63149,33.14934],[-80.62843,33.1515],[-80.62937,33.1545],[-80.62764,33.15702],[-80.62683,33.16132],[-80.62474,33.16231],[-80.62322,33.16452],[-80.61923,33.16704],[-80.6159,33.17422],[-80.61547,33.17406],[-80.60691,33.19247],[-80.60904,33.19591],[-80.60671,33.19681],[-80.60279,33.20379],[-80.60577,33.20548],[-80.61507,33.21491],[-80.62061,33.21994],[-80.62521,33.21294],[-80.62789,33.21025],[-80.63286,33.21068],[-80.6296,33.21596],[-80.629,33.21809],[-80.62643,33.22017],[-80.62571,33.22357],[-80.62764,33.22556],[-80.63001,33.226],[-80.63094,33.2293],[-80.63306,33.22977],[-80.63586,33.22803],[-80.63696,33.23237],[-80.63861,33.23535],[-80.63387,33.24368],[-80.63983,33.24439],[-80.6488,33.24461],[-80.65556,33.24587],[-80.65511,33.24919],[-80.65326,33.25103],[-80.65487,33.25329],[-80.63651,33.26315]]]}},{"type":"Feature","properties":{"zcta":"29437","d":12},"geometry":{"type":"Polygon","coordinates":[[[-80.50135,33.22932],[-80.48928,33.23279],[-80.48553,33.23118],[-80.47862,33.22663],[-80.48213,33.21893],[-80.48251,33.21691],[-80.47941,33.21908],[-80.47705,33.21632],[-80.48051,33.21367],[-80.47936,33.21272],[-80.48093,33.2113],[-80.48148,33.20816],[-80.48078,33.20478],[-80.47619,33.20716],[-80.47453,33.20421],[-80.47535,33.20311],[-80.47219,33.20215],[-80.46892,33.20242],[-80.46847,33.20045],[-80.46549,33.19979],[-80.45689,33.20423],[-80.45343,33.20831],[-80.45039,33.20758],[-80.46713,33.16055],[-80.46577,33.1569],[-80.44659,33.15237],[-80.44674,33.15363],[-80.44971,33.15357],[-80.45246,33.15549],[-80.45571,33.16277],[-80.45876,33.16488],[-80.45881,33.16621],[-80.45641,33.16969],[-80.45459,33.17086],[-80.45429,33.17265],[-80.44865,33.17416],[-80.44585,33.17636],[-80.44405,33.17549],[-80.43811,33.17618],[-80.4249,33.17838],[-80.41994,33.17473],[-80.41735,33.16839],[-80.41542,33.16921],[-80.41092,33.16889],[-80.40653,33.16565],[-80.40174,33.16593],[-80.39635,33.16549],[-80.39456,33.16802],[-80.39483,33.17127],[-80.39641,33.17185],[-80.39439,33.17582],[-80.39625,33.1771],[-80.39416,33.18112],[-80.39577,33.18208],[-80.40268,33.18369],[-80.40547,33.18603],[-80.40909,33.19268],[-80.40628,33.19414],[-80.40307,33.19414],[-80.40206,33.1932],[-80.39754,33.19737],[-80.41758,33.21571],[-80.42064,33.21625],[-80.41854,33.21694],[-80.40275,33.20294],[-80.4005,33.20358],[-80.39926,33.20181],[-80.39674,33.20152],[-80.39393,33.20381],[-80.39152,33.20194],[-80.38501,33.20397],[-80.3821,33.2041],[-80.38311,33.20107],[-80.38004,33.20124],[-80.37964,33.20011],[-80.38211,33.19864],[-80.38158,33.19479],[-80.37677,33.19571],[-80.37464,33.20165],[-80.3706,33.19961],[-80.36786,33.20364],[-80.36151,33.20069],[-80.35587,33.20121],[-80.35141,33.20582],[-80.33948,33.20185],[-80.33271,33.19848],[-80.33197,33.20119],[-80.33082,33.19842],[-80.32856,33.19787],[-80.32469,33.19852],[-80.32311,33.19788],[-80.31597,33.19316],[-80.31351,33.19272],[-80.31057,33.19052],[-80.3088,33.19043],[-80.30853,33.18784],[-80.3027,33.18537],[-80.30123,33.18372],[-80.29758,33.18184],[-80.29701,33.17801],[-80.3018,33.17423],[-80.30338,33.17187],[-80.30311,33.16972],[-80.30581,33.16624],[-80.30739,33.16534],[-80.31096,33.15836],[-80.31278,33.1592],[-80.3146,33.15742],[-80.31763,33.15705],[-80.32109,33.15342],[-80.33623,33.14534],[-80.33694,33.14435],[-80.34827,33.14161],[-80.34982,33.13794],[-80.35371,33.13157],[-80.35384,33.12799],[-80.35601,33.12282],[-80.35373,33.1208],[-80.3537,33.11858],[-80.35544,33.11897],[-80.35819,33.1156],[-80.35824,33.11095],[-80.36324,33.10496],[-80.36095,33.10287],[-80.36345,33.10014],[-80.36778,33.10022],[-80.37259,33.09632],[-80.37196,33.09393],[-80.37381,33.09395],[-80.37612,33.0923],[-80.37903,33.0928],[-80.37854,33.09085],[-80.38091,33.08934],[-80.38061,33.08686],[-80.3823,33.08508],[-80.38815,33.08711],[-80.38995,33.08363],[-80.39551,33.08199],[-80.39478,33.075],[-80.39942,33.07338],[-80.3995,33.07072],[-80.40121,33.06875],[-80.40081,33.06714],[-80.40369,33.06387],[-80.40282,33.06117],[-80.40618,33.0534],[-80.40394,33.04973],[-80.40631,33.04944],[-80.41281,33.04651],[-80.41482,33.0499],[-80.41898,33.05203],[-80.42187,33.05492],[-80.42475,33.05148],[-80.42589,33.05281],[-80.42794,33.05134],[-80.43174,33.05143],[-80.43738,33.05322],[-80.43996,33.04901],[-80.4423,33.05173],[-80.4408,33.05327],[-80.44458,33.05579],[-80.44763,33.05416],[-80.44891,33.05455],[-80.44788,33.0581],[-80.45014,33.05906],[-80.45082,33.06151],[-80.45501,33.05879],[-80.45571,33.06128],[-80.45811,33.06067],[-80.45958,33.06374],[-80.46151,33.06229],[-80.46483,33.06316],[-80.46804,33.06266],[-80.47479,33.06439],[-80.47438,33.0608],[-80.47675,33.06114],[-80.48053,33.05986],[-80.48055,33.06155],[-80.48469,33.06144],[-80.48613,33.0627],[-80.48959,33.06198],[-80.48978,33.06356],[-80.49318,33.06295],[-80.49683,33.06317],[-80.49726,33.06203],[-80.49383,33.06059],[-80.49459,33.05967],[-80.49982,33.05839],[-80.50247,33.05891],[-80.50419,33.05762],[-80.50641,33.0588],[-80.50662,33.06622],[-80.50602,33.06734],[-80.51005,33.07305],[-80.51516,33.07518],[-80.51366,33.0797],[-80.51499,33.084],[-80.51482,33.08697],[-80.51182,33.09226],[-80.51171,33.09443],[-80.50763,33.09715],[-80.50338,33.09844],[-80.50099,33.10201],[-80.49917,33.10315],[-80.49851,33.10606],[-80.49691,33.1086],[-80.49697,33.11042],[-80.49533,33.11404],[-80.49566,33.11988],[-80.4952,33.12437],[-80.49742,33.1268],[-80.49143,33.13031],[-80.49019,33.13359],[-80.49132,33.13778],[-80.49583,33.14716],[-80.49686,33.15004],[-80.49785,33.15652],[-80.49886,33.15953],[-80.49822,33.16214],[-80.50007,33.16407],[-80.49931,33.16775],[-80.50031,33.1708],[-80.50011,33.176],[-80.49851,33.17747],[-80.49912,33.18253],[-80.49798,33.18952],[-80.49794,33.19234],[-80.49657,33.19675],[-80.49763,33.19979],[-80.50367,33.20537],[-80.5089,33.2117],[-80.51582,33.21388],[-80.51904,33.21693],[-80.51912,33.21832],[-80.52217,33.22014],[-80.523,33.22247],[-80.50135,33.22932]]]}},{"type":"Feature","properties":{"zcta":"29445","d":485},"geometry":{"type":"Polygon","coordinates":[[[-80.08093,33.03881],[-80.07433,33.04158],[-80.07172,33.03982],[-80.07089,33.04063],[-80.06194,33.03539],[-80.05412,33.03317],[-80.05118,33.0328],[-80.03755,33.03166],[-80.03417,33.0332],[-80.03296,33.04413],[-80.03372,33.05049],[-80.02582,33.0504],[-80.02281,33.05228],[-80.02112,33.05443],[-80.0218,33.05995],[-80.01728,33.06439],[-80.01363,33.0672],[-80.00731,33.06735],[-79.9998,33.06874],[-79.99191,33.06737],[-79.98938,33.06417],[-79.98671,33.0649],[-79.98242,33.06402],[-79.97481,33.05794],[-79.97297,33.0547],[-79.96524,33.05033],[-79.96185,33.04516],[-79.95906,33.0418],[-79.95505,33.03933],[-79.95315,33.03492],[-79.95216,33.02875],[-79.95136,33.0267],[-79.94449,33.01758],[-79.94228,33.01595],[-79.93753,33.01076],[-79.93686,33.00766],[-79.93779,33.00312],[-79.93737,32.99796],[-79.93792,32.994],[-79.93907,32.99158],[-79.94153,32.98907],[-79.9424,32.98622],[-79.94088,32.98132],[-79.94107,32.9775],[-79.93949,32.97049],[-79.93703,32.96789],[-79.93377,32.97519],[-79.93259,32.98465],[-79.93429,32.99108],[-79.93401,32.99333],[-79.92837,33.00301],[-79.92836,33.00652],[-79.93299,33.01356],[-79.93508,33.02154],[-79.94225,33.03226],[-79.94943,33.03873],[-79.94956,33.04045],[-79.94692,33.04037],[-79.94354,33.04317],[-79.939,33.04449],[-79.93762,33.04634],[-79.93993,33.05211],[-79.93973,33.05335],[-79.93323,33.04152],[-79.92924,33.04172],[-79.93313,33.04414],[-79.93533,33.04733],[-79.93589,33.05075],[-79.9381,33.05459],[-79.93642,33.05747],[-79.93444,33.05794],[-79.9301,33.05567],[-79.92761,33.05529],[-79.92425,33.05997],[-79.92286,33.06604],[-79.92212,33.06278],[-79.92382,33.05846],[-79.92644,33.05503],[-79.93092,33.05513],[-79.93497,33.05704],[-79.93702,33.05592],[-79.93667,33.05326],[-79.93313,33.0451],[-79.92564,33.04024],[-79.91905,33.03976],[-79.91678,33.0386],[-79.91606,33.03566],[-79.91072,33.031],[-79.91192,33.02799],[-79.91656,33.02411],[-79.91716,33.02264],[-79.91553,33.02059],[-79.90814,33.0184],[-79.9075,33.01753],[-79.90939,33.01396],[-79.9116,33.01352],[-79.91801,33.01587],[-79.92044,33.01592],[-79.92198,33.01411],[-79.92128,33.01107],[-79.9184,33.00788],[-79.914,33.00774],[-79.90494,33.00979],[-79.90201,33.00977],[-79.90054,33.00868],[-79.90083,33.00567],[-79.90451,33.00014],[-79.91105,32.99454],[-79.91622,32.99361],[-79.92152,32.99473],[-79.92374,32.99411],[-79.92505,32.99121],[-79.92467,32.98571],[-79.92232,32.9838],[-79.9176,32.98353],[-79.91278,32.9823],[-79.91072,32.97692],[-79.91206,32.97419],[-79.91564,32.97246],[-79.9175,32.9724],[-79.92278,32.97422],[-79.92513,32.97368],[-79.9266,32.97187],[-79.92678,32.96862],[-79.92041,32.9639],[-79.91897,32.96206],[-79.92081,32.95844],[-79.92901,32.95264],[-79.92925,32.94821],[-79.92678,32.94233],[-79.93057,32.93838],[-79.93536,32.93517],[-79.93803,32.93168],[-79.93713,32.92835],[-79.93165,32.92219],[-79.92888,32.91726],[-79.92931,32.91448],[-79.93833,32.91093],[-79.94885,32.90811],[-79.95465,32.91577],[-79.95787,32.91733],[-79.95709,32.91855],[-79.95753,32.92068],[-79.96088,32.91992],[-79.96573,32.92218],[-79.97049,32.92581],[-79.97028,32.93059],[-79.9741,32.93257],[-79.97516,32.93576],[-79.97407,32.93855],[-79.97526,32.93956],[-79.97378,32.94179],[-79.97635,32.94236],[-79.97762,32.94408],[-79.98209,32.94587],[-79.98515,32.94176],[-79.98275,32.94098],[-79.98264,32.93692],[-79.98102,32.93445],[-79.98543,32.93309],[-79.98571,32.93572],[-79.98881,32.93662],[-79.99143,32.93554],[-79.99182,32.93104],[-79.99068,32.9296],[-79.98771,32.92951],[-79.98631,32.92547],[-79.98862,32.92366],[-79.98912,32.92624],[-79.9919,32.92647],[-79.99578,32.9313],[-79.99663,32.93445],[-80.00023,32.95775],[-80.00371,32.95599],[-80.00511,32.95686],[-80.01514,32.95318],[-80.01623,32.95572],[-80.02214,32.95348],[-80.02374,32.9576],[-80.01671,32.9575],[-80.01925,32.96076],[-80.02329,32.96237],[-80.02527,32.96757],[-80.02142,32.96809],[-80.02439,32.97016],[-80.02599,32.96914],[-80.02846,32.97027],[-80.03097,32.97284],[-80.03336,32.97797],[-80.0354,32.979],[-80.04085,32.975],[-80.03974,32.98388],[-80.04272,32.98473],[-80.04366,32.98611],[-80.04574,32.98547],[-80.04858,32.9894],[-80.05063,32.99051],[-80.05601,32.99934],[-80.06068,32.998],[-80.08144,32.99388],[-80.08338,32.99217],[-80.08402,32.99335],[-80.08694,32.99218],[-80.08788,32.99342],[-80.08773,32.99881],[-80.0806,33.00431],[-80.08707,33.00932],[-80.0867,33.0162],[-80.08856,33.01625],[-80.08859,33.01935],[-80.0869,33.01954],[-80.08512,33.02582],[-80.08093,33.03881]]]}},{"type":"Feature","properties":{"zcta":"29486","d":0},"geometry":{"type":"Polygon","coordinates":[[[-80.20083,33.19868],[-80.17433,33.22604],[-80.17223,33.22846],[-80.16842,33.22251],[-80.14635,33.20737],[-80.15362,33.20069],[-80.15508,33.19815],[-80.1578,33.19685],[-80.16118,33.19267],[-80.16192,33.19002],[-80.16378,33.18768],[-80.16307,33.18488],[-80.16218,33.17742],[-80.1647,33.17254],[-80.16411,33.16953],[-80.16826,33.16798],[-80.16909,33.16553],[-80.16857,33.16197],[-80.17111,33.15949],[-80.17087,33.15613],[-80.17245,33.15489],[-80.17533,33.15078],[-80.17331,33.14903],[-80.15705,33.14047],[-80.15547,33.13922],[-80.14669,33.14231],[-80.14343,33.13887],[-80.14052,33.14009],[-80.14233,33.14297],[-80.14045,33.14406],[-80.12682,33.1479],[-80.12482,33.14426],[-80.12224,33.14442],[-80.12452,33.14853],[-80.12126,33.14943],[-80.11977,33.14566],[-80.11479,33.14682],[-80.11488,33.15118],[-80.08971,33.15787],[-80.08464,33.15798],[-80.07841,33.14716],[-80.0781,33.1456],[-80.08017,33.13923],[-80.08121,33.13752],[-80.08126,33.13357],[-80.0824,33.13127],[-80.08563,33.13044],[-80.08857,33.12716],[-80.09216,33.12105],[-80.10358,33.11175],[-80.10741,33.10727],[-80.09817,33.10137],[-80.09823,33.09805],[-80.10191,33.09265],[-80.10586,33.0897],[-80.10428,33.08817],[-80.1014,33.08352],[-80.10515,33.08146],[-80.10448,33.07925],[-80.1058,33.0785],[-80.09338,33.0635],[-80.09041,33.06722],[-80.08549,33.06017],[-80.08081,33.06335],[-80.07734,33.06368],[-80.07836,33.05697],[-80.07548,33.0559],[-80.07333,33.05956],[-80.06655,33.06009],[-80.06329,33.06087],[-80.0571,33.06353],[-80.05146,33.06112],[-80.04975,33.06118],[-80.04524,33.05896],[-80.04418,33.056],[-80.04148,33.05228],[-80.05003,33.05005],[-80.05118,33.0328],[-80.05412,33.03317],[-80.06194,33.03539],[-80.07089,33.04063],[-80.07172,33.03982],[-80.07433,33.04158],[-80.08093,33.03881],[-80.08512,33.02582],[-80.08846,33.02594],[-80.08872,33.02183],[-80.09014,33.02754],[-80.09599,33.0357],[-80.09897,33.03314],[-80.0981,33.03041],[-80.09866,33.02815],[-80.10134,33.02748],[-80.10364,33.02366],[-80.10748,33.0246],[-80.11026,33.02375],[-80.11061,33.02503],[-80.10874,33.02954],[-80.11181,33.03279],[-80.12293,33.02326],[-80.12419,33.02121],[-80.12271,33.02062],[-80.12446,33.0186],[-80.12833,33.02097],[-80.1366,33.02645],[-80.14558,33.0349],[-80.14525,33.03508],[-80.1605,33.05006],[-80.1679,33.05628],[-80.20719,33.08205],[-80.22834,33.09211],[-80.23955,33.09853],[-80.23392,33.09867],[-80.22788,33.10345],[-80.22549,33.10345],[-80.22115,33.10507],[-80.22027,33.10721],[-80.21743,33.10921],[-80.21416,33.11334],[-80.20714,33.11846],[-80.20228,33.12122],[-80.19537,33.13229],[-80.1903,33.138],[-80.18508,33.14162],[-80.18197,33.14267],[-80.18136,33.14438],[-80.18676,33.14833],[-80.19008,33.15224],[-80.19677,33.15425],[-80.19653,33.15669],[-80.198,33.15949],[-80.1954,33.16149],[-80.19164,33.16273],[-80.21792,33.18131],[-80.2111,33.18821],[-80.20083,33.19868]]]}},{"type":"Feature","properties":{"zcta":"29449","d":53},"geometry":{"type":"Polygon","coordinates":[[[-80.27557,32.75448],[-80.27016,32.75456],[-80.2648,32.75546],[-80.25979,32.75479],[-80.2558,32.75629],[-80.24886,32.75774],[-80.24308,32.75374],[-80.23999,32.75268],[-80.24305,32.75635],[-80.24379,32.75869],[-80.24138,32.7599],[-80.23807,32.75977],[-80.23708,32.75701],[-80.23459,32.75571],[-80.23026,32.75788],[-80.22645,32.756],[-80.22185,32.75542],[-80.21618,32.75656],[-80.21105,32.75676],[-80.20746,32.75772],[-80.2041,32.75706],[-80.19765,32.75337],[-80.19067,32.75752],[-80.1894,32.76424],[-80.18752,32.76738],[-80.18548,32.7687],[-80.18795,32.77064],[-80.18391,32.77197],[-80.13035,32.78657],[-80.12482,32.78221],[-80.12104,32.78085],[-80.12788,32.777],[-80.13336,32.7684],[-80.13328,32.76533],[-80.13138,32.76058],[-80.13196,32.75784],[-80.13592,32.75428],[-80.13722,32.74867],[-80.14064,32.74708],[-80.15131,32.74796],[-80.15547,32.74986],[-80.15898,32.74981],[-80.16294,32.7479],[-80.16475,32.7444],[-80.16782,32.74167],[-80.1703,32.73819],[-80.17203,32.7345],[-80.16882,32.73116],[-80.16697,32.72414],[-80.16403,32.72266],[-80.16431,32.7201],[-80.17135,32.71086],[-80.17159,32.70791],[-80.17431,32.70681],[-80.18045,32.70882],[-80.18588,32.7094],[-80.19058,32.70923],[-80.19742,32.70477],[-80.2049,32.70084],[-80.2078,32.69747],[-80.21046,32.69606],[-80.2157,32.69764],[-80.2187,32.69709],[-80.22211,32.69438],[-80.2216,32.68735],[-80.22414,32.68487],[-80.23438,32.68094],[-80.23952,32.67997],[-80.24107,32.67885],[-80.2418,32.67602],[-80.24036,32.67188],[-80.23704,32.66667],[-80.23758,32.66111],[-80.24061,32.65759],[-80.24826,32.65474],[-80.25996,32.64899],[-80.26581,32.64477],[-80.2699,32.63346],[-80.27121,32.62508],[-80.27755,32.62347],[-80.28579,32.62231],[-80.29639,32.62458],[-80.30048,32.62719],[-80.30958,32.63058],[-80.31582,32.63126],[-80.31788,32.63206],[-80.31861,32.63392],[-80.31772,32.63578],[-80.31271,32.63892],[-80.31336,32.64116],[-80.32257,32.64508],[-80.326,32.64493],[-80.32613,32.643],[-80.32438,32.63966],[-80.32558,32.6375],[-80.32841,32.63585],[-80.33429,32.6381],[-80.33835,32.63792],[-80.34313,32.63568],[-80.34613,32.63549],[-80.34879,32.63639],[-80.34888,32.63829],[-80.34393,32.642],[-80.34389,32.64327],[-80.3479,32.64688],[-80.34991,32.64373],[-80.35153,32.64365],[-80.35163,32.64798],[-80.35294,32.64848],[-80.35489,32.64651],[-80.35782,32.64508],[-80.36044,32.64505],[-80.36176,32.64756],[-80.3667,32.64627],[-80.36932,32.64805],[-80.36869,32.65023],[-80.36628,32.65179],[-80.36516,32.65426],[-80.37154,32.65759],[-80.37352,32.65731],[-80.37525,32.65177],[-80.37938,32.65265],[-80.38276,32.65662],[-80.38662,32.65585],[-80.3894,32.65282],[-80.39043,32.65496],[-80.39484,32.65491],[-80.40328,32.65162],[-80.40578,32.653],[-80.41316,32.66051],[-80.42027,32.6696],[-80.4211,32.67269],[-80.41825,32.67847],[-80.41633,32.67869],[-80.41725,32.68268],[-80.42153,32.68703],[-80.42177,32.68811],[-80.416,32.69138],[-80.41481,32.69418],[-80.41584,32.69855],[-80.40867,32.70157],[-80.4077,32.70331],[-80.40255,32.7024],[-80.39991,32.70337],[-80.4062,32.68612],[-80.40418,32.68733],[-80.38505,32.69517],[-80.38558,32.6979],[-80.37778,32.70227],[-80.3784,32.72948],[-80.37139,32.72945],[-80.37139,32.72417],[-80.36994,32.7217],[-80.37014,32.71891],[-80.37331,32.71578],[-80.37358,32.71449],[-80.36818,32.71442],[-80.36539,32.71683],[-80.36444,32.72263],[-80.36344,32.721],[-80.3597,32.718],[-80.35695,32.71735],[-80.35352,32.71461],[-80.34993,32.71832],[-80.34741,32.71906],[-80.34769,32.71727],[-80.34238,32.7168],[-80.34243,32.71909],[-80.3457,32.72041],[-80.34652,32.72184],[-80.34053,32.72713],[-80.34014,32.72451],[-80.33536,32.72787],[-80.33172,32.72871],[-80.3265,32.73171],[-80.32726,32.73281],[-80.32504,32.73436],[-80.32145,32.73536],[-80.31709,32.7375],[-80.30969,32.74222],[-80.30581,32.74321],[-80.29674,32.74805],[-80.29802,32.74949],[-80.28816,32.75215],[-80.2856,32.75488],[-80.27414,32.75946],[-80.27557,32.75448]]]}},{"type":"Feature","properties":{"zcta":"29414","d":677},"geometry":{"type":"Polygon","coordinates":[[[-80.11865,32.90152],[-80.11723,32.89816],[-80.11979,32.8948],[-80.11955,32.89365],[-80.11241,32.89184],[-80.10578,32.89342],[-80.10231,32.89306],[-80.09919,32.8909],[-80.09668,32.88397],[-80.09415,32.88289],[-80.09088,32.88317],[-80.08605,32.88531],[-80.07807,32.88726],[-80.07546,32.88603],[-80.07616,32.88411],[-80.08021,32.88064],[-80.08178,32.87784],[-80.08071,32.87493],[-80.07655,32.87325],[-80.0672,32.87138],[-80.06444,32.87019],[-80.0601,32.86509],[-80.05805,32.85792],[-80.05274,32.85015],[-80.05027,32.84749],[-80.04682,32.84626],[-80.04064,32.84779],[-80.03792,32.84465],[-80.03046,32.83781],[-80.02495,32.83508],[-80.02892,32.83057],[-80.02962,32.82903],[-80.03124,32.81863],[-80.03642,32.8104],[-80.03711,32.80723],[-80.03487,32.79645],[-80.03179,32.79009],[-80.03187,32.78729],[-80.03524,32.78784],[-80.03499,32.78552],[-80.03296,32.78584],[-80.03213,32.7843],[-80.03272,32.78129],[-80.03793,32.7813],[-80.03666,32.77456],[-80.0353,32.77192],[-80.04745,32.77819],[-80.05381,32.77868],[-80.06116,32.77573],[-80.06708,32.77131],[-80.07057,32.77086],[-80.07585,32.77539],[-80.07933,32.77763],[-80.08894,32.77896],[-80.09603,32.78301],[-80.09991,32.78659],[-80.10188,32.78714],[-80.10734,32.78559],[-80.10517,32.78794],[-80.10146,32.78816],[-80.09859,32.78713],[-80.09725,32.78786],[-80.09689,32.79024],[-80.09417,32.79351],[-80.09506,32.79564],[-80.10776,32.79303],[-80.10126,32.79466],[-80.10345,32.7958],[-80.09829,32.80076],[-80.1036,32.80199],[-80.10587,32.80681],[-80.10929,32.80995],[-80.11342,32.80763],[-80.1143,32.80902],[-80.1168,32.80795],[-80.119,32.81228],[-80.12069,32.81192],[-80.12717,32.82695],[-80.13489,32.83024],[-80.13894,32.83069],[-80.13982,32.82977],[-80.14396,32.83307],[-80.1454,32.83761],[-80.14769,32.83753],[-80.15407,32.83914],[-80.15451,32.83584],[-80.15363,32.83423],[-80.1555,32.83394],[-80.15492,32.8307],[-80.15581,32.82737],[-80.15504,32.8257],[-80.15686,32.82673],[-80.15863,32.83012],[-80.15759,32.83211],[-80.16169,32.84105],[-80.17526,32.84576],[-80.18304,32.84624],[-80.1838,32.84878],[-80.18692,32.85195],[-80.20557,32.86874],[-80.2066,32.86917],[-80.20483,32.86861],[-80.20656,32.87139],[-80.20475,32.87336],[-80.2,32.87512],[-80.20213,32.87659],[-80.20633,32.87749],[-80.20742,32.88003],[-80.20064,32.87705],[-80.18165,32.89597],[-80.17942,32.89532],[-80.16347,32.90253],[-80.16374,32.90282],[-80.15228,32.90834],[-80.14929,32.91039],[-80.14351,32.90977],[-80.13938,32.90855],[-80.13798,32.90991],[-80.13556,32.9026],[-80.13452,32.90111],[-80.13244,32.90013],[-80.12279,32.90123],[-80.12279,32.90177],[-80.11865,32.90152]]]}},{"type":"Feature","properties":{"zcta":"29492","d":227},"geometry":{"type":"Polygon","coordinates":[[[-79.96158,32.89339],[-79.95275,32.90383],[-79.94814,32.90723],[-79.94885,32.90811],[-79.93833,32.91093],[-79.92931,32.91448],[-79.92888,32.91726],[-79.93165,32.92219],[-79.93713,32.92835],[-79.93803,32.93168],[-79.93536,32.93517],[-79.93057,32.93838],[-79.92678,32.94233],[-79.92925,32.94821],[-79.92901,32.95264],[-79.92081,32.95844],[-79.91897,32.96206],[-79.92041,32.9639],[-79.92678,32.96862],[-79.9266,32.97187],[-79.92513,32.97368],[-79.92278,32.97422],[-79.9175,32.9724],[-79.91564,32.97246],[-79.91206,32.97419],[-79.911,32.97232],[-79.90809,32.97169],[-79.90578,32.97308],[-79.90196,32.96754],[-79.90332,32.96396],[-79.8964,32.96557],[-79.89743,32.96753],[-79.90063,32.96678],[-79.89962,32.96866],[-79.90268,32.96937],[-79.90365,32.97259],[-79.90592,32.97338],[-79.90842,32.97285],[-79.90549,32.97593],[-79.90612,32.97691],[-79.90162,32.97702],[-79.89993,32.97802],[-79.89222,32.97813],[-79.89133,32.97663],[-79.88602,32.97679],[-79.88346,32.98104],[-79.8795,32.98185],[-79.87781,32.98057],[-79.86805,32.97918],[-79.86049,32.9791],[-79.85735,32.97799],[-79.85359,32.97561],[-79.85722,32.96461],[-79.85628,32.96063],[-79.84995,32.95931],[-79.842,32.95968],[-79.83589,32.96275],[-79.82613,32.96592],[-79.82221,32.96588],[-79.81782,32.96778],[-79.81276,32.96875],[-79.80978,32.97254],[-79.80378,32.97446],[-79.79818,32.97867],[-79.7869,32.98227],[-79.78421,32.98644],[-79.77609,32.98977],[-79.77259,32.99226],[-79.7682,32.99384],[-79.76833,32.99159],[-79.76547,32.98725],[-79.76749,32.98523],[-79.76692,32.97927],[-79.76853,32.97553],[-79.76776,32.97372],[-79.7693,32.97157],[-79.76932,32.96855],[-79.76592,32.96415],[-79.76358,32.95817],[-79.76345,32.95636],[-79.76524,32.95655],[-79.76614,32.95457],[-79.76775,32.95502],[-79.76747,32.95278],[-79.76912,32.95155],[-79.77041,32.94667],[-79.77178,32.94387],[-79.77098,32.94186],[-79.77469,32.94165],[-79.7789,32.94375],[-79.7831,32.94316],[-79.79206,32.9371],[-79.79823,32.9338],[-79.80219,32.92992],[-79.80444,32.92911],[-79.80943,32.92889],[-79.81487,32.92736],[-79.82027,32.9209],[-79.82249,32.92131],[-79.82591,32.91869],[-79.83643,32.91957],[-79.84107,32.91247],[-79.84119,32.90816],[-79.83998,32.90454],[-79.84052,32.90188],[-79.84331,32.89366],[-79.84931,32.88239],[-79.85507,32.87387],[-79.85856,32.87166],[-79.86701,32.86902],[-79.87378,32.86819],[-79.88293,32.86845],[-79.88525,32.86749],[-79.89619,32.86002],[-79.89848,32.85515],[-79.8971,32.84906],[-79.89515,32.84312],[-79.89528,32.83732],[-79.89625,32.83115],[-79.89901,32.82753],[-79.90186,32.82525],[-79.90834,32.82247],[-79.9113,32.81932],[-79.91511,32.81878],[-79.9192,32.81899],[-79.9283,32.82398],[-79.93043,32.82635],[-79.93158,32.8351],[-79.93138,32.83851],[-79.92979,32.84481],[-79.93155,32.84971],[-79.93533,32.85314],[-79.93923,32.85457],[-79.94941,32.85634],[-79.95523,32.85875],[-79.95965,32.86384],[-79.96103,32.86629],[-79.96411,32.87585],[-79.96464,32.88163],[-79.9627,32.89103],[-79.96158,32.89339]]]}},{"type":"Feature","properties":{"zcta":"29470","d":28},"geometry":{"type":"Polygon","coordinates":[[[-80.23923,32.88981],[-80.23798,32.88628],[-80.23404,32.88096],[-80.22592,32.875],[-80.22155,32.87216],[-80.2195,32.87173],[-80.21303,32.87206],[-80.21011,32.87156],[-80.2066,32.86917],[-80.20557,32.86874],[-80.18692,32.85195],[-80.1838,32.84878],[-80.18304,32.84624],[-80.17526,32.84576],[-80.16169,32.84105],[-80.15759,32.83211],[-80.15863,32.83012],[-80.15686,32.82673],[-80.15504,32.8257],[-80.15331,32.82526],[-80.15082,32.82116],[-80.14719,32.81848],[-80.14584,32.81434],[-80.14404,32.81112],[-80.13942,32.79942],[-80.13719,32.7996],[-80.13645,32.79742],[-80.13098,32.79375],[-80.13366,32.79062],[-80.13035,32.78657],[-80.18391,32.77197],[-80.18795,32.77064],[-80.18548,32.7687],[-80.18752,32.76738],[-80.1894,32.76424],[-80.19067,32.75752],[-80.19765,32.75337],[-80.2041,32.75706],[-80.20746,32.75772],[-80.21105,32.75676],[-80.21618,32.75656],[-80.22185,32.75542],[-80.22645,32.756],[-80.23026,32.75788],[-80.23459,32.75571],[-80.23708,32.75701],[-80.23807,32.75977],[-80.24138,32.7599],[-80.24379,32.75869],[-80.24305,32.75635],[-80.23999,32.75268],[-80.24308,32.75374],[-80.24886,32.75774],[-80.2558,32.75629],[-80.25979,32.75479],[-80.2648,32.75546],[-80.27016,32.75456],[-80.27557,32.75448],[-80.27414,32.75946],[-80.27373,32.7609],[-80.29845,32.75819],[-80.29831,32.76159],[-80.30015,32.76461],[-80.31368,32.76027],[-80.30008,32.76785],[-80.30022,32.77546],[-80.29933,32.77609],[-80.29824,32.78365],[-80.30621,32.78474],[-80.3129,32.78827],[-80.31825,32.79481],[-80.30946,32.79577],[-80.30652,32.80498],[-80.30483,32.80777],[-80.30736,32.80787],[-80.31313,32.80679],[-80.31618,32.81465],[-80.31624,32.8167],[-80.32074,32.83164],[-80.31654,32.83427],[-80.31692,32.85182],[-80.31063,32.85156],[-80.31176,32.85518],[-80.31143,32.85714],[-80.31637,32.85868],[-80.31661,32.86057],[-80.31968,32.86239],[-80.32567,32.86754],[-80.32222,32.87072],[-80.31902,32.87125],[-80.31156,32.87467],[-80.30733,32.87463],[-80.2997,32.87542],[-80.29482,32.87734],[-80.27746,32.88065],[-80.27847,32.88202],[-80.27867,32.89088],[-80.27702,32.89826],[-80.27335,32.90132],[-80.26896,32.90045],[-80.26128,32.8982],[-80.25673,32.90225],[-80.25022,32.8973],[-80.24759,32.89607],[-80.23923,32.88981]]]}},{"type":"Feature","properties":{"zcta":"29403","d":1881},"geometry":{"type":"Polygon","coordinates":[[[-79.96367,32.81274],[-79.96302,32.81828],[-79.96391,32.82689],[-79.96263,32.82761],[-79.9591,32.82663],[-79.95392,32.82711],[-79.95313,32.82495],[-79.95488,32.81867],[-79.95412,32.81542],[-79.95137,32.81653],[-79.94881,32.81562],[-79.9489,32.81851],[-79.9508,32.81783],[-79.95125,32.82055],[-79.9405,32.82487],[-79.9378,32.82208],[-79.93751,32.81917],[-79.93419,32.81982],[-79.93493,32.81874],[-79.93045,32.81426],[-79.9313,32.81258],[-79.9275,32.8123],[-79.92633,32.81658],[-79.91996,32.81363],[-79.9192,32.81053],[-79.92188,32.80431],[-79.91571,32.80308],[-79.91644,32.79617],[-79.92711,32.79158],[-79.92694,32.78999],[-79.93168,32.78784],[-79.9324,32.78841],[-79.93627,32.78581],[-79.93722,32.78725],[-79.9398,32.78549],[-79.94096,32.78438],[-79.94557,32.78326],[-79.94739,32.78722],[-79.95001,32.78639],[-79.95175,32.78701],[-79.95018,32.78437],[-79.94845,32.78465],[-79.94758,32.7827],[-79.95024,32.78195],[-79.95195,32.78576],[-79.95412,32.78619],[-79.96031,32.78283],[-79.96701,32.78858],[-79.97101,32.79348],[-79.97232,32.79862],[-79.97052,32.80371],[-79.96636,32.8128],[-79.96367,32.81274]],[[-79.96455,32.79657],[-79.9616,32.79311],[-79.95731,32.79409],[-79.95738,32.79563],[-79.95992,32.80072],[-79.96388,32.79924],[-79.96455,32.79657]]]}},{"type":"Feature","properties":{"zcta":"29451","d":239},"geometry":{"type":"Polygon","coordinates":[[[-79.80424,32.78247],[-79.79185,32.78816],[-79.78949,32.79102],[-79.79652,32.80155],[-79.80175,32.80768],[-79.79939,32.80998],[-79.79392,32.81078],[-79.79264,32.81199],[-79.79318,32.81478],[-79.78914,32.81815],[-79.78722,32.81827],[-79.78444,32.82163],[-79.78258,32.82268],[-79.77519,32.82493],[-79.77305,32.82771],[-79.76944,32.82704],[-79.76221,32.82865],[-79.75804,32.8319],[-79.74978,32.8331],[-79.74788,32.83295],[-79.74445,32.82936],[-79.74503,32.82605],[-79.74697,32.82185],[-79.74929,32.81934],[-79.74928,32.81687],[-79.74386,32.82442],[-79.74026,32.82582],[-79.73716,32.8284],[-79.73937,32.83091],[-79.73356,32.82997],[-79.72901,32.83037],[-79.72916,32.83403],[-79.73181,32.83755],[-79.73762,32.83716],[-79.73904,32.83855],[-79.73535,32.84316],[-79.72871,32.84919],[-79.72429,32.85148],[-79.71531,32.85335],[-79.70778,32.85343],[-79.7021,32.85131],[-79.69886,32.84875],[-79.6993,32.8439],[-79.70379,32.83602],[-79.71012,32.83335],[-79.71988,32.8258],[-79.71888,32.82092],[-79.72229,32.82334],[-79.72262,32.8222],[-79.71807,32.81698],[-79.72071,32.81115],[-79.72639,32.806],[-79.73659,32.80159],[-79.75647,32.7966],[-79.78756,32.78447],[-79.80504,32.77509],[-79.81251,32.7748],[-79.81256,32.77715],[-79.80963,32.77922],[-79.80424,32.78247]]]}},{"type":"Feature","properties":{"zcta":"29434","d":5},"geometry":{"type":"Polygon","coordinates":[[[-79.86167,33.19519],[-79.85665,33.19695],[-79.85224,33.19785],[-79.84667,33.19716],[-79.84247,33.19786],[-79.83503,33.20247],[-79.82801,33.20887],[-79.82286,33.21047],[-79.81409,33.20557],[-79.80668,33.20885],[-79.80308,33.20787],[-79.80177,33.20961],[-79.79886,33.20833],[-79.79657,33.20466],[-79.79112,33.19957],[-79.76334,33.22003],[-79.76786,33.17543],[-79.77128,33.16513],[-79.77038,33.16346],[-79.76926,33.15805],[-79.76828,33.15637],[-79.77553,33.15369],[-79.78576,33.12619],[-79.79902,33.12585],[-79.80745,33.12712],[-79.80932,33.13121],[-79.81101,33.13093],[-79.81176,33.12881],[-79.82039,33.12167],[-79.82255,33.11803],[-79.82281,33.11561],[-79.8208,33.11278],[-79.82033,33.10939],[-79.82381,33.10334],[-79.82309,33.10097],[-79.82693,33.09955],[-79.82605,33.09728],[-79.82828,33.09468],[-79.83357,33.09249],[-79.83846,33.08944],[-79.83938,33.08732],[-79.84461,33.08717],[-79.84887,33.08517],[-79.85077,33.082],[-79.85257,33.08107],[-79.85504,33.07734],[-79.85937,33.07439],[-79.86064,33.07047],[-79.86785,33.0704],[-79.87032,33.07404],[-79.8736,33.07478],[-79.87593,33.07067],[-79.8768,33.07067],[-79.87977,33.07411],[-79.88292,33.07255],[-79.8831,33.06806],[-79.88402,33.06745],[-79.8899,33.06773],[-79.89399,33.06201],[-79.89667,33.06311],[-79.89952,33.06585],[-79.90952,33.06196],[-79.91674,33.0636],[-79.91654,33.06719],[-79.91792,33.06902],[-79.92165,33.06839],[-79.92255,33.06719],[-79.92202,33.06887],[-79.91585,33.07068],[-79.91634,33.07274],[-79.9151,33.07507],[-79.91231,33.0757],[-79.91251,33.07708],[-79.91716,33.07971],[-79.92005,33.08333],[-79.91825,33.08665],[-79.91601,33.0886],[-79.91477,33.09338],[-79.92185,33.09221],[-79.92485,33.09451],[-79.92611,33.0938],[-79.92774,33.09519],[-79.927,33.09768],[-79.92929,33.10096],[-79.92659,33.10234],[-79.92595,33.10386],[-79.92762,33.10694],[-79.92807,33.11008],[-79.92349,33.11179],[-79.92117,33.11714],[-79.91897,33.11879],[-79.92458,33.12151],[-79.91756,33.13101],[-79.91602,33.13408],[-79.915,33.13299],[-79.90187,33.13703],[-79.89608,33.14017],[-79.89331,33.13691],[-79.89033,33.138],[-79.89256,33.14255],[-79.89581,33.14577],[-79.886,33.15002],[-79.87927,33.15703],[-79.87654,33.15923],[-79.87228,33.16667],[-79.86769,33.17345],[-79.86975,33.17491],[-79.87395,33.17539],[-79.87379,33.17888],[-79.87016,33.18729],[-79.86447,33.19242],[-79.86167,33.19519]]]}},{"type":"Feature","properties":{"zcta":"29436","d":25},"geometry":{"type":"Polygon","coordinates":[[[-80.19565,33.43195],[-80.19543,33.43071],[-80.19131,33.42846],[-80.16462,33.40699],[-80.1629,33.40625],[-80.15616,33.40552],[-80.15204,33.40143],[-80.14399,33.39172],[-80.14164,33.38718],[-80.1389,33.38424],[-80.13358,33.38814],[-80.12971,33.39785],[-80.13205,33.40105],[-80.12626,33.40201],[-80.12632,33.39997],[-80.12959,33.39796],[-80.12575,33.39536],[-80.12158,33.39129],[-80.11867,33.39001],[-80.10947,33.38367],[-80.10586,33.38277],[-80.10278,33.37847],[-80.1001,33.37607],[-80.1,33.37412],[-80.10204,33.37028],[-80.10383,33.37015],[-80.10574,33.3645],[-80.10871,33.36303],[-80.11344,33.36271],[-80.11551,33.36064],[-80.1025,33.34996],[-80.03897,33.30346],[-80.03832,33.30298],[-80.08973,33.27627],[-80.09253,33.27082],[-80.09499,33.26808],[-80.10504,33.26821],[-80.10556,33.2677],[-80.10796,33.26977],[-80.12083,33.27416],[-80.13082,33.28066],[-80.1381,33.28348],[-80.14091,33.28344],[-80.14732,33.2801],[-80.14978,33.27978],[-80.16811,33.28209],[-80.17035,33.28159],[-80.17317,33.2717],[-80.17804,33.26297],[-80.17839,33.26157],[-80.17474,33.25575],[-80.16757,33.25346],[-80.1601,33.24779],[-80.15887,33.24218],[-80.17223,33.22846],[-80.17433,33.22604],[-80.20083,33.19868],[-80.2111,33.18821],[-80.21486,33.18896],[-80.22611,33.19668],[-80.21937,33.20361],[-80.23397,33.20778],[-80.22852,33.21253],[-80.22945,33.21597],[-80.23473,33.22225],[-80.22674,33.22707],[-80.21325,33.23675],[-80.21934,33.23766],[-80.2209,33.23952],[-80.22052,33.2432],[-80.22306,33.24529],[-80.23909,33.24082],[-80.24321,33.24068],[-80.24342,33.23899],[-80.24515,33.23945],[-80.24728,33.23547],[-80.24811,33.23061],[-80.25184,33.22668],[-80.25461,33.22952],[-80.25836,33.23112],[-80.26459,33.2356],[-80.26289,33.23888],[-80.26042,33.24698],[-80.25905,33.24608],[-80.25518,33.24571],[-80.2573,33.24843],[-80.26017,33.24908],[-80.26002,33.25015],[-80.26581,33.252],[-80.26492,33.2477],[-80.26556,33.24638],[-80.26496,33.24118],[-80.26892,33.23756],[-80.26914,33.23505],[-80.26732,33.23167],[-80.26892,33.23031],[-80.2754,33.23494],[-80.27905,33.24628],[-80.28235,33.24857],[-80.28896,33.24979],[-80.29038,33.25178],[-80.29353,33.2532],[-80.29725,33.25681],[-80.29895,33.25954],[-80.29784,33.26522],[-80.29886,33.2665],[-80.30142,33.2658],[-80.30367,33.26404],[-80.30506,33.26649],[-80.296,33.26996],[-80.29448,33.27126],[-80.29169,33.27633],[-80.28927,33.27911],[-80.28902,33.28388],[-80.28957,33.28528],[-80.28816,33.28976],[-80.29007,33.29444],[-80.29227,33.29622],[-80.25259,33.30626],[-80.25209,33.31218],[-80.26995,33.31184],[-80.2727,33.31305],[-80.27307,33.31601],[-80.27036,33.32041],[-80.26704,33.32943],[-80.25764,33.33013],[-80.25539,33.32989],[-80.2522,33.32393],[-80.24982,33.32829],[-80.2548,33.33037],[-80.25409,33.33261],[-80.25568,33.3353],[-80.25293,33.336],[-80.2523,33.33948],[-80.25471,33.34183],[-80.25672,33.34231],[-80.25787,33.34486],[-80.26068,33.34856],[-80.26009,33.35003],[-80.25323,33.351],[-80.25309,33.36223],[-80.25512,33.36525],[-80.25654,33.36992],[-80.25244,33.37048],[-80.25195,33.37796],[-80.24175,33.37758],[-80.24156,33.38308],[-80.23846,33.39115],[-80.2324,33.38412],[-80.23024,33.38411],[-80.22988,33.39158],[-80.22257,33.39129],[-80.22189,33.40454],[-80.2252,33.40934],[-80.22384,33.41505],[-80.22473,33.42548],[-80.22148,33.43458],[-80.22216,33.43956],[-80.22236,33.44776],[-80.21896,33.44772],[-80.21414,33.44431],[-80.20895,33.44266],[-80.19565,33.43195]]]}},{"type":"Feature","properties":{"zcta":"29420","d":1019},"geometry":{"type":"Polygon","coordinates":[[[-80.10574,32.94458],[-80.09957,32.94506],[-80.10067,32.94603],[-80.0921,32.94575],[-80.08931,32.95322],[-80.08825,32.95294],[-80.08815,32.9561],[-80.08644,32.96073],[-80.07851,32.96201],[-80.07248,32.96192],[-80.07113,32.96036],[-80.05287,32.94352],[-80.05076,32.94077],[-80.04739,32.93493],[-80.05131,32.93409],[-80.05742,32.9314],[-80.05897,32.93122],[-80.06423,32.93134],[-80.07257,32.92945],[-80.07223,32.93089],[-80.07535,32.92983],[-80.0746,32.92868],[-80.08317,32.92515],[-80.09621,32.922],[-80.09766,32.9231],[-80.09876,32.92117],[-80.10886,32.91263],[-80.11145,32.91108],[-80.11518,32.9067],[-80.11616,32.90415],[-80.11824,32.90547],[-80.12033,32.90334],[-80.12275,32.90414],[-80.12418,32.90206],[-80.12647,32.90124],[-80.13121,32.90043],[-80.13357,32.90092],[-80.13653,32.90636],[-80.13521,32.91061],[-80.13675,32.91261],[-80.14136,32.91624],[-80.146,32.91683],[-80.14704,32.91889],[-80.14364,32.92084],[-80.14777,32.92453],[-80.14771,32.93021],[-80.14522,32.93301],[-80.14098,32.92988],[-80.1375,32.93245],[-80.13617,32.93162],[-80.13264,32.93466],[-80.1298,32.93104],[-80.12077,32.93802],[-80.12057,32.93414],[-80.11788,32.93293],[-80.12145,32.92941],[-80.11837,32.92621],[-80.11566,32.92613],[-80.11912,32.92856],[-80.1155,32.93268],[-80.11427,32.93712],[-80.11517,32.94157],[-80.11258,32.9424],[-80.10574,32.94458]]]}},{"type":"Feature","properties":{"zcta":"29426","d":11},"geometry":{"type":"Polygon","coordinates":[[[-80.3993,32.86445],[-80.40263,32.86587],[-80.40326,32.86964],[-80.40187,32.87168],[-80.39923,32.87321],[-80.39886,32.87779],[-80.39425,32.88059],[-80.3962,32.88305],[-80.39338,32.88267],[-80.39329,32.88528],[-80.38728,32.88458],[-80.38534,32.88612],[-80.38718,32.88837],[-80.38949,32.88853],[-80.3877,32.89312],[-80.388,32.89873],[-80.38532,32.90061],[-80.38509,32.90663],[-80.38422,32.90553],[-80.37937,32.90354],[-80.37286,32.90719],[-80.36968,32.90655],[-80.36119,32.91309],[-80.35822,32.91092],[-80.35059,32.91131],[-80.34912,32.89891],[-80.34431,32.89773],[-80.33443,32.89432],[-80.33279,32.88181],[-80.33442,32.87311],[-80.33084,32.8721],[-80.32567,32.86754],[-80.31968,32.86239],[-80.31661,32.86057],[-80.31637,32.85868],[-80.31143,32.85714],[-80.31176,32.85518],[-80.31063,32.85156],[-80.31692,32.85182],[-80.31654,32.83427],[-80.32074,32.83164],[-80.31624,32.8167],[-80.31618,32.81465],[-80.31313,32.80679],[-80.30736,32.80787],[-80.30483,32.80777],[-80.30652,32.80498],[-80.30946,32.79577],[-80.31825,32.79481],[-80.3129,32.78827],[-80.30621,32.78474],[-80.29824,32.78365],[-80.29933,32.77609],[-80.30022,32.77546],[-80.30008,32.76785],[-80.31368,32.76027],[-80.30015,32.76461],[-80.29831,32.76159],[-80.29845,32.75819],[-80.27373,32.7609],[-80.27414,32.75946],[-80.2856,32.75488],[-80.28816,32.75215],[-80.29802,32.74949],[-80.29674,32.74805],[-80.30581,32.74321],[-80.30969,32.74222],[-80.31709,32.7375],[-80.32145,32.73536],[-80.32504,32.73436],[-80.32726,32.73281],[-80.3265,32.73171],[-80.33172,32.72871],[-80.33536,32.72787],[-80.34014,32.72451],[-80.34053,32.72713],[-80.34652,32.72184],[-80.3457,32.72041],[-80.34243,32.71909],[-80.34238,32.7168],[-80.34769,32.71727],[-80.34741,32.71906],[-80.34993,32.71832],[-80.35352,32.71461],[-80.35695,32.71735],[-80.3597,32.718],[-80.36344,32.721],[-80.36444,32.72263],[-80.36539,32.71683],[-80.36818,32.71442],[-80.37358,32.71449],[-80.37331,32.71578],[-80.37014,32.71891],[-80.36994,32.7217],[-80.37139,32.72417],[-80.37139,32.72945],[-80.3784,32.72948],[-80.37778,32.70227],[-80.38558,32.6979],[-80.38505,32.69517],[-80.40418,32.68733],[-80.4062,32.68612],[-80.39991,32.70337],[-80.40255,32.7024],[-80.4077,32.70331],[-80.40867,32.70157],[-80.41584,32.69855],[-80.41481,32.69418],[-80.416,32.69138],[-80.42177,32.68811],[-80.42153,32.68703],[-80.41725,32.68268],[-80.41633,32.67869],[-80.41825,32.67847],[-80.41764,32.67971],[-80.41894,32.68328],[-80.4227,32.6863],[-80.4224,32.68904],[-80.4165,32.69221],[-80.41613,32.69529],[-80.41994,32.70408],[-80.42329,32.70876],[-80.42295,32.71476],[-80.42461,32.71589],[-80.42708,32.71558],[-80.43193,32.71209],[-80.43577,32.71308],[-80.43587,32.71502],[-80.43442,32.71664],[-80.4308,32.7182],[-80.4293,32.71966],[-80.43128,32.72258],[-80.43869,32.7254],[-80.44608,32.72748],[-80.44836,32.72964],[-80.44858,32.7326],[-80.45363,32.7399],[-80.45323,32.74164],[-80.44839,32.74754],[-80.44948,32.75312],[-80.44931,32.75772],[-80.44678,32.76382],[-80.44467,32.76523],[-80.44179,32.76481],[-80.43925,32.76591],[-80.43658,32.77035],[-80.43862,32.77224],[-80.43601,32.77423],[-80.43267,32.77938],[-80.43211,32.78239],[-80.43578,32.78792],[-80.43277,32.78981],[-80.4282,32.79478],[-80.42648,32.79757],[-80.42053,32.79892],[-80.41852,32.80266],[-80.41828,32.80504],[-80.41651,32.80472],[-80.415,32.8024],[-80.41456,32.80785],[-80.40748,32.81111],[-80.40568,32.81432],[-80.404,32.81906],[-80.40419,32.82324],[-80.40341,32.82513],[-80.40068,32.82795],[-80.39908,32.83123],[-80.39935,32.83565],[-80.39695,32.83731],[-80.39579,32.84016],[-80.39684,32.84166],[-80.39426,32.84458],[-80.39525,32.84567],[-80.39955,32.84568],[-80.39955,32.84822],[-80.40084,32.8515],[-80.40134,32.85847],[-80.3993,32.86445]]]}},{"type":"Feature","properties":{"zcta":"29456","d":1011},"geometry":{"type":"Polygon","coordinates":[[[-80.1313,33.01165],[-80.13322,33.01325],[-80.132,33.01519],[-80.13297,33.01663],[-80.12833,33.02097],[-80.12446,33.0186],[-80.12271,33.02062],[-80.12419,33.02121],[-80.12293,33.02326],[-80.11181,33.03279],[-80.10874,33.02954],[-80.11061,33.02503],[-80.11026,33.02375],[-80.10748,33.0246],[-80.10364,33.02366],[-80.10134,33.02748],[-80.09866,33.02815],[-80.0981,33.03041],[-80.09897,33.03314],[-80.09599,33.0357],[-80.09014,33.02754],[-80.08872,33.02183],[-80.08846,33.02594],[-80.08512,33.02582],[-80.0869,33.01954],[-80.08859,33.01935],[-80.08856,33.01625],[-80.0867,33.0162],[-80.08707,33.00932],[-80.0806,33.00431],[-80.08773,32.99881],[-80.08788,32.99342],[-80.08694,32.99218],[-80.08009,32.98567],[-80.07827,32.98312],[-80.07705,32.97901],[-80.07445,32.96536],[-80.07248,32.96192],[-80.07851,32.96201],[-80.08644,32.96073],[-80.08815,32.9561],[-80.08825,32.95294],[-80.08931,32.95322],[-80.0921,32.94575],[-80.10067,32.94603],[-80.09957,32.94506],[-80.10574,32.94458],[-80.11258,32.9424],[-80.11467,32.9474],[-80.1136,32.94879],[-80.1142,32.95119],[-80.12084,32.95155],[-80.12057,32.95364],[-80.12884,32.94936],[-80.13372,32.95819],[-80.13951,32.95543],[-80.14171,32.95945],[-80.1487,32.95624],[-80.15651,32.9522],[-80.15762,32.94901],[-80.16275,32.95234],[-80.15816,32.95877],[-80.16078,32.96021],[-80.15733,32.96453],[-80.15403,32.96313],[-80.15101,32.96498],[-80.15354,32.9674],[-80.14706,32.97251],[-80.14949,32.97558],[-80.15037,32.97541],[-80.14502,32.98334],[-80.14521,32.98559],[-80.14349,32.98549],[-80.13989,32.98213],[-80.13693,32.9844],[-80.13474,32.98493],[-80.13343,32.98835],[-80.13381,32.99025],[-80.13153,32.99365],[-80.13512,32.99529],[-80.13805,32.99063],[-80.13595,32.98953],[-80.13863,32.98724],[-80.14293,32.98657],[-80.13916,32.99375],[-80.14491,32.99595],[-80.14354,32.99802],[-80.1389,32.99425],[-80.13622,32.99925],[-80.13779,33.00041],[-80.13677,33.00217],[-80.13302,33.00423],[-80.13425,33.00522],[-80.13148,33.0075],[-80.13214,33.01048],[-80.1313,33.01165]]]}},{"type":"Feature","properties":{"zcta":"29464","d":882},"geometry":{"type":"Polygon","coordinates":[[[-79.91571,32.80308],[-79.91538,32.81237],[-79.91287,32.81751],[-79.9113,32.81932],[-79.90834,32.82247],[-79.90186,32.82525],[-79.89901,32.82753],[-79.89625,32.83115],[-79.89528,32.83732],[-79.89515,32.84312],[-79.8971,32.84906],[-79.89848,32.85515],[-79.89619,32.86002],[-79.88525,32.86749],[-79.88293,32.86845],[-79.87378,32.86819],[-79.86701,32.86902],[-79.85856,32.87166],[-79.85507,32.87387],[-79.84931,32.88239],[-79.84459,32.87979],[-79.84281,32.87711],[-79.84207,32.87418],[-79.8375,32.872],[-79.83131,32.8744],[-79.82899,32.87397],[-79.82419,32.86838],[-79.82113,32.86725],[-79.81818,32.86208],[-79.81389,32.86078],[-79.80487,32.85173],[-79.81407,32.84437],[-79.82584,32.83353],[-79.82291,32.83],[-79.81671,32.8245],[-79.80175,32.80768],[-79.79652,32.80155],[-79.78949,32.79102],[-79.79185,32.78816],[-79.80424,32.78247],[-79.80963,32.77922],[-79.80812,32.78224],[-79.80907,32.78694],[-79.83885,32.77451],[-79.85237,32.76861],[-79.8615,32.76644],[-79.86515,32.76812],[-79.86342,32.77102],[-79.86544,32.77492],[-79.87063,32.77826],[-79.87804,32.78571],[-79.886,32.78791],[-79.90002,32.78531],[-79.90608,32.78481],[-79.91716,32.78287],[-79.91644,32.79617],[-79.91571,32.80308]]]}},{"type":"Feature","properties":{"zcta":"29485","d":808},"geometry":{"type":"Polygon","coordinates":[[[-80.24969,32.97314],[-80.24467,32.97371],[-80.24547,32.97526],[-80.24493,32.97883],[-80.23691,32.97883],[-80.23702,32.98048],[-80.23143,32.981],[-80.23276,32.97297],[-80.21095,32.97064],[-80.20115,32.96783],[-80.19953,32.9697],[-80.1982,32.97369],[-80.20317,32.97505],[-80.20953,32.97854],[-80.21062,32.97976],[-80.21213,32.9851],[-80.20836,32.9907],[-80.1897,32.9978],[-80.17629,33.01004],[-80.16833,33.01687],[-80.16594,33.02071],[-80.1644,33.02149],[-80.16185,33.02044],[-80.16323,33.01922],[-80.15858,33.01658],[-80.15692,33.01916],[-80.14444,33.01808],[-80.13814,33.01444],[-80.14064,33.01081],[-80.13776,33.01108],[-80.13479,33.01023],[-80.13402,33.01173],[-80.13214,33.01048],[-80.13148,33.0075],[-80.13425,33.00522],[-80.13302,33.00423],[-80.13677,33.00217],[-80.13779,33.00041],[-80.13622,32.99925],[-80.1389,32.99425],[-80.14354,32.99802],[-80.14491,32.99595],[-80.13916,32.99375],[-80.14293,32.98657],[-80.13863,32.98724],[-80.13595,32.98953],[-80.13805,32.99063],[-80.13512,32.99529],[-80.13153,32.99365],[-80.13381,32.99025],[-80.13343,32.98835],[-80.13474,32.98493],[-80.13693,32.9844],[-80.13989,32.98213],[-80.14349,32.98549],[-80.14521,32.98559],[-80.14502,32.98334],[-80.15037,32.97541],[-80.14949,32.97558],[-80.14706,32.97251],[-80.15354,32.9674],[-80.15101,32.96498],[-80.15403,32.96313],[-80.15733,32.96453],[-80.16078,32.96021],[-80.15816,32.95877],[-80.16275,32.95234],[-80.15762,32.94901],[-80.15651,32.9522],[-80.1487,32.95624],[-80.14171,32.95945],[-80.13951,32.95543],[-80.13372,32.95819],[-80.12884,32.94936],[-80.12057,32.95364],[-80.12084,32.95155],[-80.1142,32.95119],[-80.1136,32.94879],[-80.11467,32.9474],[-80.11258,32.9424],[-80.11517,32.94157],[-80.11427,32.93712],[-80.1155,32.93268],[-80.11912,32.92856],[-80.11566,32.92613],[-80.11837,32.92621],[-80.12145,32.92941],[-80.11788,32.93293],[-80.12057,32.93414],[-80.12077,32.93802],[-80.1298,32.93104],[-80.13264,32.93466],[-80.13617,32.93162],[-80.1375,32.93245],[-80.14098,32.92988],[-80.14522,32.93301],[-80.14771,32.93021],[-80.14777,32.92453],[-80.14364,32.92084],[-80.14704,32.91889],[-80.146,32.91683],[-80.14136,32.91624],[-80.13675,32.91261],[-80.13521,32.91061],[-80.13653,32.90636],[-80.13357,32.90092],[-80.13121,32.90043],[-80.12647,32.90124],[-80.12279,32.90177],[-80.12279,32.90123],[-80.13244,32.90013],[-80.13452,32.90111],[-80.13556,32.9026],[-80.13798,32.90991],[-80.13938,32.90855],[-80.14351,32.90977],[-80.14929,32.91039],[-80.15228,32.90834],[-80.16374,32.90282],[-80.16347,32.90253],[-80.17942,32.89532],[-80.18165,32.89597],[-80.20064,32.87705],[-80.20742,32.88003],[-80.20633,32.87749],[-80.20213,32.87659],[-80.2,32.87512],[-80.20475,32.87336],[-80.20656,32.87139],[-80.20483,32.86861],[-80.2066,32.86917],[-80.21011,32.87156],[-80.21303,32.87206],[-80.2195,32.87173],[-80.22155,32.87216],[-80.22592,32.875],[-80.23404,32.88096],[-80.23798,32.88628],[-80.23923,32.88981],[-80.24759,32.89607],[-80.24902,32.89917],[-80.24897,32.90321],[-80.25072,32.90724],[-80.25231,32.90853],[-80.24574,32.91595],[-80.24445,32.92183],[-80.24664,32.92462],[-80.24701,32.92688],[-80.24982,32.93078],[-80.24877,32.93214],[-80.25144,32.93489],[-80.26696,32.94174],[-80.26517,32.94487],[-80.2708,32.94521],[-80.27105,32.95147],[-80.26757,32.95233],[-80.26799,32.95694],[-80.27418,32.96264],[-80.2785,32.96469],[-80.26903,32.96496],[-80.25621,32.96678],[-80.25298,32.96865],[-80.24969,32.97314]]]}},{"type":"Feature","properties":{"zcta":"29487","d":32},"geometry":{"type":"Polygon","coordinates":[[[-80.16954,32.70829],[-80.16595,32.70676],[-80.16096,32.70742],[-80.15945,32.70462],[-80.15753,32.70437],[-80.15525,32.70679],[-80.15142,32.70749],[-80.14831,32.70962],[-80.13888,32.71135],[-80.13559,32.70905],[-80.13006,32.70711],[-80.12826,32.70549],[-80.12584,32.70547],[-80.12019,32.70903],[-80.11844,32.71093],[-80.11273,32.71256],[-80.10622,32.7161],[-80.10479,32.71783],[-80.10334,32.71698],[-80.09882,32.71728],[-80.09532,32.71531],[-80.08546,32.71323],[-80.0811,32.70853],[-80.07842,32.70325],[-80.07553,32.7002],[-80.07631,32.69773],[-80.08001,32.693],[-80.08567,32.68869],[-80.09127,32.68682],[-80.09494,32.68376],[-80.10129,32.68292],[-80.10457,32.67963],[-80.11054,32.67844],[-80.11337,32.67714],[-80.1163,32.67338],[-80.12161,32.6713],[-80.12482,32.66857],[-80.13264,32.66609],[-80.13605,32.66287],[-80.14283,32.65816],[-80.1464,32.65444],[-80.14705,32.65166],[-80.15227,32.64896],[-80.15724,32.64446],[-80.15927,32.63963],[-80.1633,32.63702],[-80.16612,32.63081],[-80.16617,32.62834],[-80.16411,32.62339],[-80.16634,32.61639],[-80.16579,32.61396],[-80.15676,32.61085],[-80.15689,32.60705],[-80.15931,32.60561],[-80.16594,32.60374],[-80.17315,32.60289],[-80.17784,32.59474],[-80.17977,32.59471],[-80.18569,32.5977],[-80.18986,32.59927],[-80.19206,32.59891],[-80.19576,32.5954],[-80.20328,32.58954],[-80.20683,32.58369],[-80.20916,32.57937],[-80.21146,32.58084],[-80.22156,32.5855],[-80.22931,32.59759],[-80.2368,32.60582],[-80.24982,32.61072],[-80.25483,32.61219],[-80.2603,32.615],[-80.26589,32.61984],[-80.27121,32.62508],[-80.2699,32.63346],[-80.26581,32.64477],[-80.25996,32.64899],[-80.24826,32.65474],[-80.24061,32.65759],[-80.23758,32.66111],[-80.23704,32.66667],[-80.24036,32.67188],[-80.2418,32.67602],[-80.24107,32.67885],[-80.23952,32.67997],[-80.23438,32.68094],[-80.22414,32.68487],[-80.2216,32.68735],[-80.22211,32.69438],[-80.2187,32.69709],[-80.2157,32.69764],[-80.21046,32.69606],[-80.2078,32.69747],[-80.2049,32.70084],[-80.19742,32.70477],[-80.19058,32.70923],[-80.18588,32.7094],[-80.18045,32.70882],[-80.17431,32.70681],[-80.17159,32.70791],[-80.16954,32.70829]]]}},{"type":"Feature","properties":{"zcta":"29479","d":31},"geometry":{"type":"Polygon","coordinates":[[[-79.99634,33.39321],[-79.99519,33.39868],[-79.99277,33.40569],[-79.99118,33.40832],[-79.98847,33.41065],[-79.98152,33.41227],[-79.98336,33.41526],[-79.98602,33.41693],[-79.98849,33.41689],[-79.9896,33.41902],[-79.99096,33.41857],[-79.99221,33.42196],[-79.98921,33.42284],[-79.98992,33.4259],[-79.98693,33.4278],[-79.98462,33.42585],[-79.98221,33.42589],[-79.97832,33.43338],[-79.97987,33.43463],[-79.98253,33.43482],[-79.98316,33.43346],[-79.98691,33.43184],[-79.98752,33.43557],[-79.9896,33.43626],[-79.99289,33.43244],[-79.99581,33.43802],[-79.99446,33.43744],[-79.9876,33.43806],[-79.9866,33.43917],[-79.96089,33.49445],[-79.95904,33.49336],[-79.95293,33.49137],[-79.95157,33.48691],[-79.94381,33.48302],[-79.94115,33.48083],[-79.9411,33.47667],[-79.93837,33.47591],[-79.93477,33.47773],[-79.93027,33.47219],[-79.92413,33.46868],[-79.92039,33.46558],[-79.91539,33.46418],[-79.91314,33.46113],[-79.91023,33.45571],[-79.90785,33.45487],[-79.90419,33.45624],[-79.90214,33.45535],[-79.90312,33.45043],[-79.90141,33.45014],[-79.89989,33.45215],[-79.89957,33.45452],[-79.89701,33.45486],[-79.89415,33.45365],[-79.89004,33.44856],[-79.88458,33.44639],[-79.88015,33.44282],[-79.8785,33.43788],[-79.87632,33.43531],[-79.8728,33.43467],[-79.87022,33.43529],[-79.8675,33.43365],[-79.86728,33.43056],[-79.87162,33.4279],[-79.87763,33.42847],[-79.87867,33.42706],[-79.87752,33.42444],[-79.87157,33.42392],[-79.86982,33.42305],[-79.86778,33.41993],[-79.86349,33.41921],[-79.8613,33.41779],[-79.86016,33.41511],[-79.86079,33.40851],[-79.85499,33.40635],[-79.85477,33.40292],[-79.85131,33.40135],[-79.84544,33.40062],[-79.84022,33.39801],[-79.83899,33.39648],[-79.83811,33.39232],[-79.83582,33.39055],[-79.83166,33.3896],[-79.82474,33.38663],[-79.81907,33.38507],[-79.81386,33.38232],[-79.81203,33.38002],[-79.80959,33.37509],[-79.80701,33.37259],[-79.80246,33.37221],[-79.798,33.3744],[-79.79639,33.37764],[-79.79401,33.37768],[-79.79165,33.3735],[-79.7904,33.37316],[-79.78612,33.37603],[-79.78376,33.37515],[-79.78645,33.37202],[-79.78164,33.36822],[-79.78167,33.36396],[-79.77763,33.3609],[-79.77855,33.35915],[-79.7765,33.35783],[-79.77396,33.35765],[-79.77177,33.35616],[-79.77081,33.35326],[-79.76786,33.34975],[-79.76792,33.34461],[-79.76323,33.34379],[-79.76139,33.34225],[-79.76153,33.33557],[-79.75751,33.33441],[-79.75445,33.33447],[-79.75638,33.33019],[-79.75542,33.32945],[-79.75212,33.3305],[-79.7498,33.33036],[-79.7442,33.32744],[-79.74115,33.32231],[-79.7427,33.3197],[-79.74885,33.31873],[-79.75171,33.31665],[-79.7554,33.31291],[-79.75716,33.30991],[-79.76262,33.30983],[-79.76343,33.30652],[-79.76176,33.30578],[-79.75788,33.30049],[-79.7606,33.29748],[-79.76504,33.29719],[-79.76382,33.29557],[-79.76788,33.29433],[-79.78006,33.29667],[-79.77658,33.3023],[-79.77858,33.30214],[-79.7872,33.3053],[-79.78738,33.31181],[-79.79254,33.31476],[-79.79333,33.31451],[-79.80311,33.31925],[-79.80547,33.31758],[-79.81087,33.30975],[-79.81137,33.30751],[-79.80954,33.29923],[-79.80661,33.29224],[-79.80604,33.28946],[-79.81512,33.28889],[-79.81684,33.29552],[-79.81904,33.29527],[-79.81987,33.29772],[-79.8194,33.29989],[-79.81996,33.30463],[-79.82513,33.3106],[-79.826,33.31249],[-79.82909,33.31472],[-79.83004,33.31819],[-79.83189,33.32061],[-79.83798,33.31596],[-79.8436,33.30984],[-79.84778,33.30613],[-79.85781,33.3112],[-79.85832,33.31042],[-79.8673,33.31997],[-79.86859,33.32701],[-79.88112,33.33458],[-79.88425,33.33835],[-79.90605,33.32623],[-79.91684,33.32716],[-79.91972,33.3279],[-79.92291,33.33111],[-79.92657,33.33084],[-79.92744,33.32753],[-79.92942,33.32773],[-79.9316,33.3299],[-79.93095,33.32758],[-79.93376,33.32843],[-79.93197,33.33067],[-79.93601,33.3342],[-79.94046,33.33471],[-79.94047,33.33202],[-79.94454,33.33214],[-79.9446,33.32964],[-79.94793,33.32979],[-79.94891,33.33237],[-79.94386,33.34728],[-79.94775,33.3475],[-79.95992,33.3498],[-79.96096,33.35877],[-79.97,33.36112],[-79.97036,33.35155],[-79.97989,33.33335],[-79.98079,33.33373],[-79.98012,33.33824],[-79.98045,33.34101],[-79.98347,33.34296],[-79.99617,33.3427],[-80.02081,33.34258],[-79.99634,33.39321]]]}},{"type":"Feature","properties":{"zcta":"29466","d":729},"geometry":{"type":"Polygon","coordinates":[[[-79.79954,32.92815],[-79.79546,32.92849],[-79.78984,32.93041],[-79.78634,32.93058],[-79.78221,32.92798],[-79.77743,32.92662],[-79.7745,32.92357],[-79.76685,32.91802],[-79.76082,32.9183],[-79.75729,32.91692],[-79.75023,32.91305],[-79.7457,32.91341],[-79.7465,32.89674],[-79.74697,32.89394],[-79.75366,32.89332],[-79.75549,32.88942],[-79.7573,32.88983],[-79.75623,32.88696],[-79.75666,32.88275],[-79.75451,32.88317],[-79.75313,32.88169],[-79.75009,32.88221],[-79.74675,32.87896],[-79.74418,32.87997],[-79.74043,32.87605],[-79.73584,32.87949],[-79.73542,32.8749],[-79.73702,32.87285],[-79.73649,32.87146],[-79.73348,32.8715],[-79.7315,32.86989],[-79.72899,32.86355],[-79.72614,32.8635],[-79.72794,32.85832],[-79.72775,32.85516],[-79.72546,32.85537],[-79.72986,32.85099],[-79.73946,32.83901],[-79.74081,32.83999],[-79.74327,32.83402],[-79.74523,32.83409],[-79.74874,32.8358],[-79.74978,32.8331],[-79.75804,32.8319],[-79.76221,32.82865],[-79.76944,32.82704],[-79.77305,32.82771],[-79.77519,32.82493],[-79.78258,32.82268],[-79.78444,32.82163],[-79.78722,32.81827],[-79.78914,32.81815],[-79.79318,32.81478],[-79.79264,32.81199],[-79.79392,32.81078],[-79.79939,32.80998],[-79.80175,32.80768],[-79.81671,32.8245],[-79.82291,32.83],[-79.82584,32.83353],[-79.81407,32.84437],[-79.80487,32.85173],[-79.81389,32.86078],[-79.81818,32.86208],[-79.82113,32.86725],[-79.82419,32.86838],[-79.82899,32.87397],[-79.83131,32.8744],[-79.8375,32.872],[-79.84207,32.87418],[-79.84281,32.87711],[-79.84459,32.87979],[-79.84931,32.88239],[-79.84331,32.89366],[-79.84052,32.90188],[-79.83998,32.90454],[-79.84119,32.90816],[-79.84107,32.91247],[-79.83643,32.91957],[-79.82591,32.91869],[-79.82249,32.92131],[-79.82027,32.9209],[-79.81487,32.92736],[-79.80943,32.92889],[-79.80444,32.92911],[-79.80219,32.92992],[-79.79954,32.92815]]]}},{"type":"Feature","properties":{"zcta":"29471","d":17},"geometry":{"type":"Polygon","coordinates":[[[-80.65169,33.09051],[-80.65322,33.09317],[-80.65798,33.09226],[-80.6586,33.09368],[-80.66135,33.09459],[-80.65923,33.09649],[-80.65961,33.0976],[-80.66508,33.09945],[-80.66595,33.10122],[-80.67044,33.10355],[-80.6718,33.10568],[-80.67109,33.10768],[-80.67357,33.10802],[-80.67403,33.10981],[-80.6721,33.11318],[-80.67825,33.11565],[-80.67771,33.11854],[-80.67953,33.11902],[-80.67861,33.12159],[-80.68117,33.12445],[-80.68302,33.1233],[-80.68502,33.125],[-80.68936,33.12712],[-80.68944,33.1287],[-80.69173,33.12813],[-80.69217,33.12987],[-80.68939,33.13024],[-80.68988,33.13148],[-80.6935,33.13237],[-80.69157,33.13443],[-80.69165,33.13752],[-80.69451,33.14076],[-80.69095,33.14229],[-80.69048,33.14506],[-80.6918,33.14647],[-80.69274,33.1512],[-80.69247,33.15388],[-80.69432,33.1564],[-80.69459,33.16144],[-80.69241,33.1633],[-80.69127,33.16603],[-80.68803,33.171],[-80.69862,33.17675],[-80.70117,33.17725],[-80.70069,33.1799],[-80.70206,33.1887],[-80.704,33.19064],[-80.70881,33.18529],[-80.71453,33.18319],[-80.71928,33.18235],[-80.7289,33.18138],[-80.73478,33.1824],[-80.74194,33.18611],[-80.74911,33.19529],[-80.75085,33.19643],[-80.75332,33.20074],[-80.71224,33.22264],[-80.72828,33.22702],[-80.72573,33.22792],[-80.72038,33.23401],[-80.71253,33.23407],[-80.71104,33.23054],[-80.70737,33.23181],[-80.70171,33.23048],[-80.70104,33.22867],[-80.69496,33.23194],[-80.69551,33.23915],[-80.69307,33.24467],[-80.69118,33.24495],[-80.68515,33.24362],[-80.6821,33.24394],[-80.67699,33.2416],[-80.65487,33.25329],[-80.65326,33.25103],[-80.65511,33.24919],[-80.65556,33.24587],[-80.6488,33.24461],[-80.63983,33.24439],[-80.63387,33.24368],[-80.63861,33.23535],[-80.63696,33.23237],[-80.63586,33.22803],[-80.63306,33.22977],[-80.63094,33.2293],[-80.63001,33.226],[-80.62764,33.22556],[-80.62571,33.22357],[-80.62643,33.22017],[-80.629,33.21809],[-80.6296,33.21596],[-80.63286,33.21068],[-80.62789,33.21025],[-80.62521,33.21294],[-80.62061,33.21994],[-80.61507,33.21491],[-80.60577,33.20548],[-80.60279,33.20379],[-80.60671,33.19681],[-80.60904,33.19591],[-80.60691,33.19247],[-80.61547,33.17406],[-80.6159,33.17422],[-80.61923,33.16704],[-80.62322,33.16452],[-80.62474,33.16231],[-80.62683,33.16132],[-80.62764,33.15702],[-80.62937,33.1545],[-80.62843,33.1515],[-80.63149,33.14934],[-80.63543,33.15021],[-80.63595,33.15124],[-80.64006,33.15248],[-80.63989,33.15567],[-80.64597,33.1502],[-80.64613,33.14743],[-80.64054,33.14122],[-80.65096,33.13821],[-80.65246,33.13711],[-80.65256,33.13508],[-80.65087,33.13127],[-80.65443,33.12955],[-80.65888,33.12482],[-80.65667,33.12343],[-80.65821,33.1199],[-80.65762,33.11456],[-80.65603,33.10973],[-80.64932,33.1083],[-80.64418,33.10908],[-80.64676,33.09734],[-80.65004,33.0902],[-80.65169,33.09051]]]}},{"type":"Feature","properties":{"zcta":"29405","d":785},"geometry":{"type":"Polygon","coordinates":[[[-80.04641,32.85107],[-80.04328,32.85251],[-80.02903,32.85494],[-80.02607,32.85582],[-79.99873,32.86539],[-79.99769,32.86575],[-80.00856,32.87738],[-80.00328,32.8795],[-80.0018,32.88068],[-80.00698,32.89091],[-80.00473,32.89223],[-79.99638,32.89427],[-79.98556,32.89407],[-79.9627,32.89103],[-79.96464,32.88163],[-79.96411,32.87585],[-79.96103,32.86629],[-79.95965,32.86384],[-79.95523,32.85875],[-79.94941,32.85634],[-79.93923,32.85457],[-79.93533,32.85314],[-79.93155,32.84971],[-79.92979,32.84481],[-79.93138,32.83851],[-79.93158,32.8351],[-79.93043,32.82635],[-79.9283,32.82398],[-79.9192,32.81899],[-79.91511,32.81878],[-79.9113,32.81932],[-79.91287,32.81751],[-79.91538,32.81237],[-79.91571,32.80308],[-79.92188,32.80431],[-79.9192,32.81053],[-79.91996,32.81363],[-79.92633,32.81658],[-79.9275,32.8123],[-79.9313,32.81258],[-79.93045,32.81426],[-79.93493,32.81874],[-79.93419,32.81982],[-79.93751,32.81917],[-79.9378,32.82208],[-79.9405,32.82487],[-79.95125,32.82055],[-79.9508,32.81783],[-79.9489,32.81851],[-79.94881,32.81562],[-79.95137,32.81653],[-79.95412,32.81542],[-79.95488,32.81867],[-79.95313,32.82495],[-79.95392,32.82711],[-79.9591,32.82663],[-79.96263,32.82761],[-79.96391,32.82689],[-79.96302,32.81828],[-79.96367,32.81274],[-79.96636,32.8128],[-79.96661,32.82478],[-79.9686,32.83061],[-79.96976,32.83135],[-79.98461,32.83688],[-79.98811,32.83728],[-79.99355,32.83627],[-80.00308,32.83277],[-80.01304,32.82674],[-80.01755,32.82988],[-80.02227,32.8338],[-80.02495,32.83508],[-80.03046,32.83781],[-80.03792,32.84465],[-80.04064,32.84779],[-80.04682,32.84626],[-80.05027,32.84749],[-80.04641,32.85107]]]}},{"type":"Feature","properties":{"zcta":"29404","d":157},"geometry":{"type":"Polygon","coordinates":[[[-80.05532,32.91861],[-80.04985,32.91967],[-80.04288,32.91046],[-80.03885,32.90653],[-80.03308,32.90291],[-80.02486,32.89397],[-80.02478,32.89217],[-80.02637,32.8891],[-80.02453,32.88639],[-80.02561,32.88582],[-80.02332,32.88244],[-80.02577,32.88099],[-80.02839,32.88444],[-80.02986,32.88379],[-80.03444,32.88843],[-80.03752,32.88795],[-80.04199,32.88513],[-80.04673,32.87615],[-80.05264,32.87841],[-80.05026,32.88282],[-80.05234,32.88363],[-80.05417,32.88119],[-80.05752,32.88245],[-80.056,32.88526],[-80.05463,32.88469],[-80.05314,32.88747],[-80.04882,32.88582],[-80.04802,32.8868],[-80.04939,32.88884],[-80.05289,32.88985],[-80.06687,32.88561],[-80.0712,32.89232],[-80.07231,32.89068],[-80.07983,32.88823],[-80.08333,32.88969],[-80.08411,32.89426],[-80.08012,32.90257],[-80.07758,32.90113],[-80.07504,32.89815],[-80.06886,32.90151],[-80.06992,32.90409],[-80.0635,32.90832],[-80.06344,32.9117],[-80.05946,32.91168],[-80.06369,32.91732],[-80.05799,32.91982],[-80.05532,32.91861]]]}},{"type":"Feature","properties":{"zcta":"29406","d":918},"geometry":{"type":"Polygon","coordinates":[[[-80.08402,32.99335],[-80.08338,32.99217],[-80.08144,32.99388],[-80.06068,32.998],[-80.05601,32.99934],[-80.05063,32.99051],[-80.04858,32.9894],[-80.04574,32.98547],[-80.04366,32.98611],[-80.04272,32.98473],[-80.03974,32.98388],[-80.04085,32.975],[-80.04244,32.96041],[-80.04127,32.95499],[-80.01177,32.89988],[-79.97162,32.90657],[-79.97094,32.90907],[-79.96524,32.91181],[-79.96493,32.91882],[-79.96428,32.91564],[-79.95709,32.91855],[-79.95787,32.91733],[-79.95465,32.91577],[-79.94885,32.90811],[-79.94814,32.90723],[-79.95275,32.90383],[-79.96158,32.89339],[-79.9627,32.89103],[-79.98556,32.89407],[-79.99638,32.89427],[-80.00473,32.89223],[-80.00698,32.89091],[-80.0018,32.88068],[-80.00328,32.8795],[-80.00856,32.87738],[-79.99769,32.86575],[-79.99873,32.86539],[-80.00798,32.86932],[-80.01105,32.87143],[-80.01386,32.87446],[-80.0193,32.88214],[-80.0209,32.88182],[-80.02453,32.88639],[-80.02637,32.8891],[-80.02478,32.89217],[-80.02486,32.89397],[-80.03308,32.90291],[-80.03885,32.90653],[-80.04288,32.91046],[-80.04985,32.91967],[-80.05532,32.91861],[-80.05799,32.91982],[-80.06068,32.92336],[-80.05753,32.92571],[-80.05485,32.92649],[-80.05897,32.93122],[-80.05742,32.9314],[-80.05131,32.93409],[-80.04739,32.93493],[-80.05076,32.94077],[-80.05287,32.94352],[-80.07113,32.96036],[-80.07248,32.96192],[-80.07445,32.96536],[-80.07705,32.97901],[-80.07827,32.98312],[-80.08009,32.98567],[-80.08694,32.99218],[-80.08402,32.99335]]]}},{"type":"Feature","properties":{"zcta":"29410","d":876},"geometry":{"type":"Polygon","coordinates":[[[-79.96428,32.91564],[-79.96493,32.91882],[-79.96524,32.91181],[-79.97094,32.90907],[-79.97162,32.90657],[-80.01177,32.89988],[-80.04127,32.95499],[-80.04244,32.96041],[-80.04085,32.975],[-80.0354,32.979],[-80.03336,32.97797],[-80.03097,32.97284],[-80.02846,32.97027],[-80.02599,32.96914],[-80.02439,32.97016],[-80.02142,32.96809],[-80.02527,32.96757],[-80.02329,32.96237],[-80.01925,32.96076],[-80.01671,32.9575],[-80.02374,32.9576],[-80.02214,32.95348],[-80.01623,32.95572],[-80.01514,32.95318],[-80.00511,32.95686],[-80.00371,32.95599],[-80.00023,32.95775],[-79.99663,32.93445],[-79.99578,32.9313],[-79.9919,32.92647],[-79.98912,32.92624],[-79.98862,32.92366],[-79.98631,32.92547],[-79.98771,32.92951],[-79.99068,32.9296],[-79.99182,32.93104],[-79.99143,32.93554],[-79.98881,32.93662],[-79.98571,32.93572],[-79.98543,32.93309],[-79.98102,32.93445],[-79.98264,32.93692],[-79.98275,32.94098],[-79.98515,32.94176],[-79.98209,32.94587],[-79.97762,32.94408],[-79.97635,32.94236],[-79.97378,32.94179],[-79.97526,32.93956],[-79.97407,32.93855],[-79.97516,32.93576],[-79.9741,32.93257],[-79.97028,32.93059],[-79.97049,32.92581],[-79.96573,32.92218],[-79.96088,32.91992],[-79.95753,32.92068],[-79.95709,32.91855],[-79.96428,32.91564]]]}},{"type":"Feature","properties":{"zcta":"29412","d":525},"geometry":{"type":"Polygon","coordinates":[[[-80.00108,32.7672],[-79.99049,32.76916],[-79.9862,32.76614],[-79.97405,32.76638],[-79.97006,32.76741],[-79.96375,32.76813],[-79.94948,32.77366],[-79.94337,32.76843],[-79.94091,32.76451],[-79.93619,32.76311],[-79.92869,32.76303],[-79.92855,32.75423],[-79.9232,32.75303],[-79.91797,32.75443],[-79.90894,32.75163],[-79.90109,32.75103],[-79.89907,32.75333],[-79.89729,32.75203],[-79.89634,32.74954],[-79.89087,32.75103],[-79.87911,32.75083],[-79.87658,32.74823],[-79.87698,32.7447],[-79.87851,32.74138],[-79.87093,32.74243],[-79.86936,32.73364],[-79.87096,32.72886],[-79.87392,32.72859],[-79.87583,32.722],[-79.88006,32.71605],[-79.88709,32.70195],[-79.88803,32.69518],[-79.88802,32.69021],[-79.89621,32.69696],[-79.8993,32.6968],[-79.89605,32.68888],[-79.89896,32.68855],[-79.90176,32.68631],[-79.89968,32.68408],[-79.90131,32.67967],[-79.90668,32.6789],[-79.91287,32.67874],[-79.91454,32.67925],[-79.91408,32.67514],[-79.91029,32.67293],[-79.91451,32.67146],[-79.91741,32.66949],[-79.92352,32.66831],[-79.92554,32.66725],[-79.93393,32.66476],[-79.93461,32.66847],[-79.93378,32.67399],[-79.9356,32.67265],[-79.94491,32.67078],[-79.94577,32.66945],[-79.94856,32.66881],[-79.94915,32.66562],[-79.95326,32.66129],[-79.95445,32.65808],[-79.95832,32.65375],[-79.96407,32.64876],[-79.9726,32.64488],[-79.97503,32.64228],[-79.97575,32.639],[-79.98322,32.63188],[-79.98308,32.62973],[-79.98918,32.62518],[-79.99105,32.62518],[-79.99472,32.63269],[-79.9976,32.63425],[-80.00617,32.63524],[-80.01515,32.63755],[-80.01668,32.63963],[-80.01748,32.64371],[-80.01551,32.64933],[-80.00957,32.6576],[-80.00367,32.66191],[-80.00046,32.66751],[-80.00042,32.67122],[-80.00345,32.67781],[-80.00401,32.68055],[-80.00375,32.68446],[-80.00267,32.68664],[-80.00028,32.68795],[-79.99237,32.68975],[-79.98916,32.6926],[-79.98809,32.69623],[-79.98863,32.70184],[-79.98863,32.7079],[-79.98719,32.71127],[-79.9874,32.71543],[-79.98885,32.71812],[-79.99134,32.7199],[-79.99716,32.72168],[-80.00471,32.72312],[-80.00741,32.72525],[-80.00939,32.7287],[-80.00965,32.73549],[-80.00835,32.74049],[-80.00856,32.74525],[-80.01002,32.75281],[-80.0086,32.75783],[-80.00355,32.76332],[-80.00396,32.76581],[-80.00108,32.7672]]]}},{"type":"Feature","properties":{"zcta":"29468","d":11},"geometry":{"type":"Polygon","coordinates":[[[-79.9866,33.43917],[-79.9876,33.43806],[-79.99446,33.43744],[-79.99581,33.43802],[-79.99289,33.43244],[-79.9896,33.43626],[-79.98752,33.43557],[-79.98691,33.43184],[-79.98316,33.43346],[-79.98253,33.43482],[-79.97987,33.43463],[-79.97832,33.43338],[-79.98221,33.42589],[-79.98462,33.42585],[-79.98693,33.4278],[-79.98992,33.4259],[-79.98921,33.42284],[-79.99221,33.42196],[-79.99096,33.41857],[-79.9896,33.41902],[-79.98849,33.41689],[-79.98602,33.41693],[-79.98336,33.41526],[-79.98152,33.41227],[-79.98847,33.41065],[-79.99118,33.40832],[-79.99277,33.40569],[-79.99519,33.39868],[-79.99634,33.39321],[-80.02081,33.34258],[-80.03897,33.30346],[-80.1025,33.34996],[-80.11551,33.36064],[-80.11344,33.36271],[-80.10871,33.36303],[-80.10574,33.3645],[-80.10383,33.37015],[-80.10204,33.37028],[-80.1,33.37412],[-80.1001,33.37607],[-80.10278,33.37847],[-80.10586,33.38277],[-80.10947,33.38367],[-80.11867,33.39001],[-80.12158,33.39129],[-80.12575,33.39536],[-80.12959,33.39796],[-80.12632,33.39997],[-80.12626,33.40201],[-80.13205,33.40105],[-80.12971,33.39785],[-80.13358,33.38814],[-80.1389,33.38424],[-80.14164,33.38718],[-80.14399,33.39172],[-80.15204,33.40143],[-80.15616,33.40552],[-80.1629,33.40625],[-80.16462,33.40699],[-80.19131,33.42846],[-80.19543,33.43071],[-80.19565,33.43195],[-80.20895,33.44266],[-80.20402,33.44187],[-80.20372,33.44397],[-80.20691,33.44694],[-80.20866,33.4513],[-80.20735,33.45257],[-80.20054,33.45293],[-80.19723,33.45052],[-80.20014,33.44583],[-80.19985,33.44391],[-80.19752,33.44364],[-80.19533,33.44465],[-80.19,33.44911],[-80.18578,33.45037],[-80.18353,33.44792],[-80.18119,33.44992],[-80.18314,33.45253],[-80.18102,33.45463],[-80.17719,33.45313],[-80.17568,33.44861],[-80.17056,33.44974],[-80.1677,33.45183],[-80.16515,33.45555],[-80.16481,33.45896],[-80.16273,33.4607],[-80.1593,33.45828],[-80.15871,33.45513],[-80.16158,33.45039],[-80.16146,33.44895],[-80.154,33.44793],[-80.15072,33.44818],[-80.14831,33.44987],[-80.14788,33.45243],[-80.14861,33.45518],[-80.15187,33.45691],[-80.15216,33.45937],[-80.15067,33.46027],[-80.14416,33.45835],[-80.14195,33.45468],[-80.1392,33.45398],[-80.13794,33.45545],[-80.1384,33.45871],[-80.13973,33.46036],[-80.14342,33.46098],[-80.14424,33.46411],[-80.14119,33.46542],[-80.13875,33.46506],[-80.13512,33.46108],[-80.13304,33.461],[-80.13176,33.46341],[-80.13496,33.46671],[-80.14226,33.47005],[-80.14444,33.47266],[-80.14822,33.47402],[-80.15204,33.47857],[-80.15083,33.48304],[-80.15208,33.48542],[-80.14925,33.48684],[-80.14531,33.48456],[-80.14241,33.48523],[-80.14157,33.48643],[-80.13653,33.48818],[-80.13479,33.49223],[-80.13001,33.49243],[-80.12728,33.49327],[-80.126,33.49509],[-80.12764,33.50017],[-80.12555,33.50244],[-80.12273,33.50233],[-80.11916,33.50029],[-80.11312,33.49878],[-80.10892,33.49992],[-80.10573,33.49931],[-80.10442,33.49705],[-80.09999,33.49738],[-80.09803,33.49951],[-80.09594,33.49961],[-80.09671,33.49578],[-80.09383,33.49654],[-80.09306,33.49889],[-80.09412,33.50157],[-80.09341,33.50329],[-80.09153,33.50318],[-80.08712,33.50017],[-80.08466,33.49998],[-80.08217,33.50573],[-80.07989,33.50687],[-80.07551,33.50663],[-80.07349,33.50717],[-80.06458,33.50573],[-80.05344,33.50569],[-80.04865,33.50637],[-80.04248,33.50095],[-80.03997,33.50173],[-80.03656,33.50683],[-80.03326,33.50571],[-80.03288,33.50167],[-80.02936,33.50151],[-80.02748,33.50471],[-80.02395,33.50629],[-80.02056,33.50218],[-80.02128,33.49921],[-80.01857,33.49831],[-80.01661,33.50017],[-80.01537,33.50399],[-80.01214,33.50517],[-80.00962,33.50374],[-80.00536,33.50254],[-80.00364,33.50017],[-80.00445,33.49573],[-80.0002,33.49479],[-79.99787,33.49704],[-79.99707,33.50054],[-80.00034,33.50431],[-79.9998,33.50618],[-79.99623,33.50684],[-79.99186,33.5046],[-79.9908,33.50209],[-79.99127,33.50017],[-79.98979,33.4983],[-79.98626,33.49792],[-79.98224,33.49967],[-79.97548,33.49762],[-79.97388,33.50017],[-79.97196,33.50094],[-79.96456,33.49864],[-79.96089,33.49445],[-79.9866,33.43917]]]}},{"type":"Feature","properties":{"zcta":"29438","d":21},"geometry":{"type":"Polygon","coordinates":[[[-80.38662,32.65585],[-80.38276,32.65662],[-80.37938,32.65265],[-80.37525,32.65177],[-80.37352,32.65731],[-80.37154,32.65759],[-80.36516,32.65426],[-80.36628,32.65179],[-80.36869,32.65023],[-80.36932,32.64805],[-80.3667,32.64627],[-80.36176,32.64756],[-80.36044,32.64505],[-80.35782,32.64508],[-80.35489,32.64651],[-80.35294,32.64848],[-80.35163,32.64798],[-80.35153,32.64365],[-80.34991,32.64373],[-80.3479,32.64688],[-80.34389,32.64327],[-80.34393,32.642],[-80.34888,32.63829],[-80.34879,32.63639],[-80.34613,32.63549],[-80.34313,32.63568],[-80.33835,32.63792],[-80.33429,32.6381],[-80.32841,32.63585],[-80.32558,32.6375],[-80.32438,32.63966],[-80.32613,32.643],[-80.326,32.64493],[-80.32257,32.64508],[-80.31336,32.64116],[-80.31271,32.63892],[-80.31772,32.63578],[-80.31861,32.63392],[-80.31788,32.63206],[-80.31582,32.63126],[-80.30958,32.63058],[-80.30048,32.62719],[-80.29639,32.62458],[-80.28579,32.62231],[-80.27755,32.62347],[-80.27121,32.62508],[-80.26589,32.61984],[-80.2603,32.615],[-80.25483,32.61219],[-80.24982,32.61072],[-80.2368,32.60582],[-80.22931,32.59759],[-80.22156,32.5855],[-80.21146,32.58084],[-80.20916,32.57937],[-80.19205,32.56839],[-80.1902,32.56646],[-80.19065,32.56009],[-80.19498,32.56003],[-80.20217,32.5574],[-80.21802,32.55109],[-80.23678,32.54232],[-80.26147,32.52801],[-80.27736,32.51802],[-80.2955,32.5037],[-80.33244,32.4781],[-80.33835,32.47873],[-80.34187,32.48378],[-80.34469,32.49097],[-80.34674,32.4945],[-80.35447,32.49751],[-80.35282,32.50019],[-80.35522,32.50536],[-80.37903,32.53093],[-80.38245,32.53307],[-80.3908,32.53646],[-80.39925,32.53883],[-80.40662,32.54053],[-80.41319,32.54308],[-80.41659,32.54632],[-80.41662,32.54988],[-80.41527,32.55386],[-80.41275,32.55661],[-80.40792,32.55926],[-80.39606,32.56164],[-80.39136,32.56626],[-80.389,32.57173],[-80.38874,32.57447],[-80.39023,32.57871],[-80.39618,32.58791],[-80.39775,32.59267],[-80.39623,32.59663],[-80.39329,32.60066],[-80.38783,32.60914],[-80.38721,32.6135],[-80.3876,32.61652],[-80.38943,32.6185],[-80.39509,32.61923],[-80.39803,32.61826],[-80.4075,32.61389],[-80.41817,32.60447],[-80.42269,32.60545],[-80.42445,32.6078],[-80.42762,32.62225],[-80.42722,32.62518],[-80.42293,32.62663],[-80.41717,32.62691],[-80.4085,32.62669],[-80.40563,32.62945],[-80.40274,32.63811],[-80.39792,32.64326],[-80.38995,32.64791],[-80.38862,32.65119],[-80.3894,32.65282],[-80.38662,32.65585]]]}},{"type":"Feature","properties":{"zcta":"29483","d":206},"geometry":{"type":"Polygon","coordinates":[[[-80.22834,33.09211],[-80.20719,33.08205],[-80.1679,33.05628],[-80.1605,33.05006],[-80.14525,33.03508],[-80.14558,33.0349],[-80.1366,33.02645],[-80.12833,33.02097],[-80.13297,33.01663],[-80.132,33.01519],[-80.13322,33.01325],[-80.1313,33.01165],[-80.13214,33.01048],[-80.13402,33.01173],[-80.13479,33.01023],[-80.13776,33.01108],[-80.14064,33.01081],[-80.13814,33.01444],[-80.14444,33.01808],[-80.15692,33.01916],[-80.15858,33.01658],[-80.16323,33.01922],[-80.16185,33.02044],[-80.1644,33.02149],[-80.16594,33.02071],[-80.16833,33.01687],[-80.17629,33.01004],[-80.1897,32.9978],[-80.20836,32.9907],[-80.21213,32.9851],[-80.21062,32.97976],[-80.20953,32.97854],[-80.20317,32.97505],[-80.1982,32.97369],[-80.19953,32.9697],[-80.20115,32.96783],[-80.21095,32.97064],[-80.23276,32.97297],[-80.23143,32.981],[-80.23702,32.98048],[-80.23691,32.97883],[-80.24493,32.97883],[-80.24547,32.97526],[-80.24467,32.97371],[-80.24969,32.97314],[-80.25298,32.96865],[-80.25739,32.97086],[-80.26372,32.96636],[-80.26645,32.96645],[-80.27152,32.96932],[-80.27242,32.97165],[-80.27866,32.97462],[-80.28117,32.97833],[-80.28569,32.9838],[-80.28662,32.9863],[-80.29099,32.99233],[-80.29207,32.99534],[-80.29175,32.99955],[-80.29263,33.0048],[-80.29805,33.00632],[-80.2995,33.00847],[-80.3014,33.01459],[-80.30133,33.02166],[-80.30029,33.02549],[-80.3011,33.0297],[-80.30004,33.03455],[-80.29868,33.0367],[-80.29999,33.04345],[-80.29954,33.04736],[-80.29605,33.05353],[-80.29583,33.05745],[-80.2936,33.06008],[-80.29244,33.06358],[-80.2878,33.06775],[-80.28138,33.07143],[-80.27938,33.07366],[-80.2789,33.0762],[-80.27452,33.07852],[-80.27423,33.08023],[-80.27141,33.08532],[-80.26977,33.08554],[-80.26637,33.08897],[-80.26377,33.09062],[-80.26178,33.09008],[-80.25599,33.09055],[-80.2536,33.08866],[-80.25135,33.0897],[-80.24949,33.09217],[-80.24538,33.09352],[-80.24168,33.09583],[-80.23955,33.09853],[-80.22834,33.09211]]]}},{"type":"Feature","properties":{"zcta":"29418","d":873},"geometry":{"type":"Polygon","coordinates":[[[-80.05485,32.92649],[-80.05753,32.92571],[-80.06068,32.92336],[-80.05799,32.91982],[-80.06369,32.91732],[-80.05946,32.91168],[-80.06344,32.9117],[-80.0635,32.90832],[-80.06992,32.90409],[-80.06886,32.90151],[-80.07504,32.89815],[-80.07758,32.90113],[-80.08012,32.90257],[-80.08411,32.89426],[-80.08333,32.88969],[-80.07983,32.88823],[-80.07231,32.89068],[-80.0712,32.89232],[-80.06687,32.88561],[-80.05289,32.88985],[-80.04939,32.88884],[-80.04802,32.8868],[-80.04882,32.88582],[-80.05314,32.88747],[-80.05463,32.88469],[-80.056,32.88526],[-80.05752,32.88245],[-80.05417,32.88119],[-80.05234,32.88363],[-80.05026,32.88282],[-80.05264,32.87841],[-80.04673,32.87615],[-80.04199,32.88513],[-80.03752,32.88795],[-80.03444,32.88843],[-80.02986,32.88379],[-80.02839,32.88444],[-80.02577,32.88099],[-80.02332,32.88244],[-80.02561,32.88582],[-80.02453,32.88639],[-80.0209,32.88182],[-80.0193,32.88214],[-80.01386,32.87446],[-80.01105,32.87143],[-80.00798,32.86932],[-79.99873,32.86539],[-80.02607,32.85582],[-80.02903,32.85494],[-80.04328,32.85251],[-80.04641,32.85107],[-80.05027,32.84749],[-80.05274,32.85015],[-80.05805,32.85792],[-80.0601,32.86509],[-80.06444,32.87019],[-80.0672,32.87138],[-80.07655,32.87325],[-80.08071,32.87493],[-80.08178,32.87784],[-80.08021,32.88064],[-80.07616,32.88411],[-80.07546,32.88603],[-80.07807,32.88726],[-80.08605,32.88531],[-80.09088,32.88317],[-80.09415,32.88289],[-80.09668,32.88397],[-80.09919,32.8909],[-80.10231,32.89306],[-80.10578,32.89342],[-80.11241,32.89184],[-80.11955,32.89365],[-80.11979,32.8948],[-80.11723,32.89816],[-80.11865,32.90152],[-80.12279,32.90177],[-80.12647,32.90124],[-80.12418,32.90206],[-80.12275,32.90414],[-80.12033,32.90334],[-80.11824,32.90547],[-80.11616,32.90415],[-80.11518,32.9067],[-80.11145,32.91108],[-80.10886,32.91263],[-80.09876,32.92117],[-80.09766,32.9231],[-80.09621,32.922],[-80.08317,32.92515],[-80.0746,32.92868],[-80.07535,32.92983],[-80.07223,32.93089],[-80.07257,32.92945],[-80.06423,32.93134],[-80.05897,32.93122],[-80.05485,32.92649]]]}},{"type":"Feature","properties":{"zcta":"29407","d":1194},"geometry":{"type":"Polygon","coordinates":[[[-80.02227,32.8338],[-80.01755,32.82988],[-80.01304,32.82674],[-80.00308,32.83277],[-79.99355,32.83627],[-79.98811,32.83728],[-79.98461,32.83688],[-79.96976,32.83135],[-79.9686,32.83061],[-79.96661,32.82478],[-79.96636,32.8128],[-79.97052,32.80371],[-79.97232,32.79862],[-79.97101,32.79348],[-79.96701,32.78858],[-79.96031,32.78283],[-79.94948,32.77366],[-79.96375,32.76813],[-79.97006,32.76741],[-79.97405,32.76638],[-79.9862,32.76614],[-79.99049,32.76916],[-80.00108,32.7672],[-80.00396,32.76581],[-80.00871,32.76868],[-80.02221,32.76828],[-80.03211,32.77028],[-80.0353,32.77192],[-80.03666,32.77456],[-80.03793,32.7813],[-80.03272,32.78129],[-80.03213,32.7843],[-80.03296,32.78584],[-80.03499,32.78552],[-80.03524,32.78784],[-80.03187,32.78729],[-80.03179,32.79009],[-80.03487,32.79645],[-80.03711,32.80723],[-80.03642,32.8104],[-80.03124,32.81863],[-80.02962,32.82903],[-80.02892,32.83057],[-80.02495,32.83508],[-80.02227,32.8338]]]}},{"type":"Feature","properties":{"zcta":"29448","d":23},"geometry":{"type":"Polygon","coordinates":[[[-80.54355,33.28782],[-80.53656,33.3063],[-80.54314,33.31297],[-80.50279,33.3345],[-80.49847,33.33057],[-80.49574,33.32617],[-80.49413,33.32117],[-80.49388,33.31579],[-80.49534,33.30497],[-80.49396,33.29754],[-80.48923,33.28956],[-80.48612,33.28219],[-80.48458,33.28003],[-80.47926,33.27766],[-80.47334,33.27367],[-80.46662,33.27147],[-80.46228,33.27067],[-80.45349,33.271],[-80.4495,33.26954],[-80.4436,33.26494],[-80.44116,33.2624],[-80.43617,33.26002],[-80.42709,33.25776],[-80.42,33.25825],[-80.41025,33.2602],[-80.40144,33.26237],[-80.39421,33.26466],[-80.38983,33.26429],[-80.38445,33.26174],[-80.37766,33.2605],[-80.37482,33.26068],[-80.3643,33.25856],[-80.35825,33.25552],[-80.35189,33.24957],[-80.34841,33.24892],[-80.34721,33.24525],[-80.34868,33.24193],[-80.34645,33.23544],[-80.34432,33.23423],[-80.34334,33.2316],[-80.33848,33.2293],[-80.33636,33.22649],[-80.33488,33.22298],[-80.3351,33.21973],[-80.33646,33.21538],[-80.33447,33.21024],[-80.33197,33.20119],[-80.33271,33.19848],[-80.33948,33.20185],[-80.35141,33.20582],[-80.35587,33.20121],[-80.36151,33.20069],[-80.36786,33.20364],[-80.3706,33.19961],[-80.37464,33.20165],[-80.37677,33.19571],[-80.38158,33.19479],[-80.38211,33.19864],[-80.37964,33.20011],[-80.38004,33.20124],[-80.38311,33.20107],[-80.3821,33.2041],[-80.38501,33.20397],[-80.39152,33.20194],[-80.39393,33.20381],[-80.39674,33.20152],[-80.39926,33.20181],[-80.4005,33.20358],[-80.40275,33.20294],[-80.41854,33.21694],[-80.42064,33.21625],[-80.41758,33.21571],[-80.39754,33.19737],[-80.40206,33.1932],[-80.40307,33.19414],[-80.40628,33.19414],[-80.40909,33.19268],[-80.40547,33.18603],[-80.40268,33.18369],[-80.39577,33.18208],[-80.39416,33.18112],[-80.39625,33.1771],[-80.39439,33.17582],[-80.39641,33.17185],[-80.39483,33.17127],[-80.39456,33.16802],[-80.39635,33.16549],[-80.40174,33.16593],[-80.40653,33.16565],[-80.41092,33.16889],[-80.41542,33.16921],[-80.41735,33.16839],[-80.41994,33.17473],[-80.4249,33.17838],[-80.43811,33.17618],[-80.44405,33.17549],[-80.44585,33.17636],[-80.44865,33.17416],[-80.45429,33.17265],[-80.45459,33.17086],[-80.45641,33.16969],[-80.45881,33.16621],[-80.45876,33.16488],[-80.45571,33.16277],[-80.45246,33.15549],[-80.44971,33.15357],[-80.44674,33.15363],[-80.44659,33.15237],[-80.46577,33.1569],[-80.46713,33.16055],[-80.45039,33.20758],[-80.45343,33.20831],[-80.45689,33.20423],[-80.46549,33.19979],[-80.46847,33.20045],[-80.46892,33.20242],[-80.47219,33.20215],[-80.47535,33.20311],[-80.47453,33.20421],[-80.47619,33.20716],[-80.48078,33.20478],[-80.48148,33.20816],[-80.48093,33.2113],[-80.47936,33.21272],[-80.48051,33.21367],[-80.47705,33.21632],[-80.47941,33.21908],[-80.48251,33.21691],[-80.48213,33.21893],[-80.47862,33.22663],[-80.48553,33.23118],[-80.48928,33.23279],[-80.50135,33.22932],[-80.523,33.22247],[-80.52926,33.22543],[-80.52036,33.23181],[-80.5209,33.23334],[-80.51581,33.23782],[-80.51906,33.23969],[-80.51508,33.24307],[-80.51906,33.2461],[-80.52026,33.24975],[-80.52184,33.25083],[-80.52314,33.2494],[-80.52631,33.2491],[-80.53056,33.24756],[-80.5313,33.24896],[-80.5273,33.25498],[-80.52854,33.25615],[-80.52484,33.2612],[-80.52659,33.26475],[-80.5225,33.26511],[-80.52367,33.27091],[-80.53109,33.271],[-80.53843,33.26622],[-80.54179,33.26617],[-80.54477,33.264],[-80.54786,33.26391],[-80.54907,33.26677],[-80.55161,33.26801],[-80.54901,33.27297],[-80.54941,33.27489],[-80.54603,33.28278],[-80.54611,33.28779],[-80.54355,33.28782]]]}},{"type":"Feature","properties":{"zcta":"29431","d":36},"geometry":{"type":"Polygon","coordinates":[[[-80.02081,33.34258],[-79.99617,33.3427],[-79.98347,33.34296],[-79.98045,33.34101],[-79.98012,33.33824],[-79.98079,33.33373],[-79.97989,33.33335],[-79.97036,33.35155],[-79.97,33.36112],[-79.96096,33.35877],[-79.95992,33.3498],[-79.94775,33.3475],[-79.94386,33.34728],[-79.94891,33.33237],[-79.94793,33.32979],[-79.9446,33.32964],[-79.94454,33.33214],[-79.94047,33.33202],[-79.94046,33.33471],[-79.93601,33.3342],[-79.93197,33.33067],[-79.93376,33.32843],[-79.93095,33.32758],[-79.9316,33.3299],[-79.92942,33.32773],[-79.92744,33.32753],[-79.92657,33.33084],[-79.92291,33.33111],[-79.91972,33.3279],[-79.91684,33.32716],[-79.90605,33.32623],[-79.88425,33.33835],[-79.88112,33.33458],[-79.86859,33.32701],[-79.8673,33.31997],[-79.85832,33.31042],[-79.85781,33.3112],[-79.84778,33.30613],[-79.8436,33.30984],[-79.83798,33.31596],[-79.83189,33.32061],[-79.83004,33.31819],[-79.82909,33.31472],[-79.826,33.31249],[-79.82513,33.3106],[-79.81996,33.30463],[-79.8194,33.29989],[-79.81987,33.29772],[-79.81904,33.29527],[-79.81684,33.29552],[-79.81512,33.28889],[-79.80604,33.28946],[-79.80661,33.29224],[-79.80954,33.29923],[-79.81137,33.30751],[-79.81087,33.30975],[-79.80547,33.31758],[-79.80311,33.31925],[-79.79333,33.31451],[-79.79254,33.31476],[-79.78738,33.31181],[-79.7872,33.3053],[-79.77858,33.30214],[-79.77658,33.3023],[-79.78006,33.29667],[-79.76788,33.29433],[-79.76382,33.29557],[-79.7575,33.28719],[-79.75591,33.28639],[-79.75519,33.28421],[-79.752,33.28206],[-79.74908,33.27726],[-79.74858,33.27534],[-79.74617,33.27291],[-79.74347,33.26804],[-79.74521,33.26642],[-79.74584,33.26261],[-79.74739,33.26163],[-79.74732,33.25979],[-79.74508,33.25632],[-79.74086,33.25753],[-79.73366,33.25034],[-79.75743,33.23324],[-79.76162,33.22948],[-79.76266,33.22653],[-79.76334,33.22003],[-79.79112,33.19957],[-79.79657,33.20466],[-79.79886,33.20833],[-79.80177,33.20961],[-79.80308,33.20787],[-79.80668,33.20885],[-79.81409,33.20557],[-79.82286,33.21047],[-79.82801,33.20887],[-79.83503,33.20247],[-79.84247,33.19786],[-79.84667,33.19716],[-79.85224,33.19785],[-79.85665,33.19695],[-79.86167,33.19519],[-79.86447,33.19242],[-79.87651,33.19462],[-79.88004,33.1992],[-79.87848,33.20228],[-79.87847,33.20642],[-79.88486,33.21222],[-79.88979,33.21086],[-79.89885,33.21234],[-79.90436,33.21146],[-79.90627,33.21468],[-79.91327,33.21914],[-79.9065,33.22387],[-79.90567,33.22307],[-79.89127,33.21503],[-79.89061,33.21493],[-79.87275,33.2242],[-79.88313,33.23912],[-79.88084,33.25116],[-79.88574,33.25297],[-79.88387,33.2555],[-79.88484,33.25581],[-79.88534,33.25933],[-79.88726,33.26167],[-79.89071,33.26162],[-79.89059,33.26416],[-79.89282,33.26433],[-79.89208,33.26784],[-79.89515,33.26956],[-79.89584,33.27223],[-79.90117,33.26934],[-79.90844,33.26876],[-79.91469,33.27449],[-79.93096,33.261],[-79.9351,33.25949],[-79.96785,33.25594],[-79.9694,33.25754],[-79.97058,33.25557],[-79.97695,33.25466],[-79.97216,33.26798],[-79.97651,33.26714],[-79.97191,33.2763],[-80.03771,33.30223],[-80.03832,33.30298],[-80.03897,33.30346],[-80.02081,33.34258]]]}},{"type":"Feature","properties":{"zcta":"29469","d":20},"geometry":{"type":"MultiPolygon","coordinates":[[[[-80.04243,33.2292],[-80.04148,33.23502],[-80.03763,33.23836],[-80.03969,33.24092],[-80.03767,33.24164],[-80.03384,33.24729],[-80.02972,33.24642],[-80.02849,33.24828],[-80.02601,33.24776],[-80.02689,33.24219],[-80.02923,33.2395],[-80.03268,33.23086],[-80.03667,33.22324],[-80.04132,33.22472],[-80.04239,33.22675],[-80.04454,33.22738],[-80.04243,33.2292]]],[[[-80.10657,33.26682],[-80.10512,33.26471],[-80.09174,33.23815],[-80.10136,33.23749],[-80.10022,33.2272],[-80.10318,33.22122],[-80.10217,33.21901],[-80.10516,33.21052],[-80.10511,33.20833],[-80.10888,33.20254],[-80.12281,33.21134],[-80.12757,33.20401],[-80.13153,33.20285],[-80.13567,33.20241],[-80.13973,33.2029],[-80.14635,33.20737],[-80.16842,33.22251],[-80.17223,33.22846],[-80.15887,33.24218],[-80.1601,33.24779],[-80.16757,33.25346],[-80.17474,33.25575],[-80.17839,33.26157],[-80.17804,33.26297],[-80.17317,33.2717],[-80.17035,33.28159],[-80.16811,33.28209],[-80.14978,33.27978],[-80.14732,33.2801],[-80.14091,33.28344],[-80.1381,33.28348],[-80.13082,33.28066],[-80.12083,33.27416],[-80.10796,33.26977],[-80.10556,33.2677],[-80.10657,33.26682]]]]}},{"type":"Feature","properties":{"zcta":"29401","d":2495},"geometry":{"type":"Polygon","coordinates":[[[-79.94557,32.78326],[-79.94096,32.78438],[-79.9398,32.78549],[-79.93619,32.78157],[-79.93533,32.78191],[-79.93771,32.78531],[-79.93627,32.78581],[-79.9324,32.78841],[-79.93168,32.78784],[-79.92694,32.78999],[-79.92711,32.79158],[-79.91644,32.79617],[-79.91716,32.78287],[-79.9232,32.78181],[-79.92439,32.77502],[-79.92736,32.77252],[-79.92878,32.76912],[-79.92869,32.76303],[-79.93619,32.76311],[-79.94091,32.76451],[-79.94337,32.76843],[-79.94948,32.77366],[-79.96031,32.78283],[-79.95412,32.78619],[-79.95195,32.78576],[-79.95024,32.78195],[-79.94758,32.7827],[-79.94557,32.78326]]]}},{"type":"Feature","properties":{"zcta":"29458","d":7},"geometry":{"type":"Polygon","coordinates":[[[-79.60831,33.13348],[-79.59987,33.13401],[-79.59575,33.14325],[-79.58963,33.14476],[-79.58635,33.14692],[-79.58351,33.14676],[-79.58008,33.14836],[-79.57139,33.14986],[-79.56566,33.15329],[-79.56409,33.15536],[-79.56046,33.1564],[-79.55493,33.15553],[-79.54996,33.15562],[-79.54535,33.15259],[-79.54414,33.14999],[-79.53395,33.14404],[-79.5308,33.14572],[-79.525,33.14587],[-79.52161,33.14671],[-79.51867,33.14853],[-79.51243,33.15769],[-79.51337,33.16046],[-79.51283,33.16618],[-79.51108,33.16777],[-79.50713,33.16854],[-79.50656,33.17112],[-79.50452,33.17227],[-79.50344,33.17437],[-79.50428,33.17685],[-79.50159,33.17828],[-79.49694,33.17743],[-79.4963,33.18521],[-79.4931,33.18773],[-79.49282,33.19182],[-79.49035,33.19294],[-79.48663,33.19236],[-79.48288,33.19789],[-79.48446,33.2017],[-79.48361,33.20378],[-79.48126,33.20439],[-79.47821,33.20315],[-79.4774,33.20524],[-79.47847,33.20634],[-79.4774,33.20864],[-79.47384,33.20913],[-79.47374,33.21037],[-79.47132,33.21042],[-79.46779,33.20654],[-79.46606,33.20908],[-79.46244,33.20753],[-79.45825,33.20939],[-79.45485,33.21009],[-79.45379,33.20844],[-79.45029,33.20733],[-79.44907,33.21016],[-79.44665,33.21182],[-79.4467,33.21346],[-79.43839,33.21514],[-79.43393,33.21245],[-79.42737,33.20948],[-79.4264,33.20544],[-79.41968,33.20116],[-79.41359,33.19816],[-79.41021,33.19307],[-79.40663,33.18666],[-79.40189,33.18205],[-79.39384,33.17763],[-79.38491,33.17537],[-79.37991,33.17194],[-79.37478,33.16753],[-79.36692,33.16227],[-79.3577,33.15894],[-79.35426,33.15559],[-79.35082,33.15353],[-79.34156,33.15403],[-79.33207,33.15269],[-79.32554,33.15044],[-79.31674,33.14627],[-79.30761,33.14549],[-79.2978,33.14558],[-79.29546,33.14648],[-79.29125,33.14656],[-79.2799,33.14327],[-79.27241,33.13965],[-79.26876,33.13604],[-79.26795,33.13271],[-79.26841,33.13031],[-79.27185,33.12339],[-79.27529,33.11892],[-79.28551,33.11312],[-79.28389,33.11732],[-79.2819,33.11932],[-79.27707,33.12192],[-79.27478,33.12669],[-79.27529,33.1319],[-79.28174,33.13708],[-79.28395,33.1384],[-79.29186,33.14062],[-79.30251,33.1431],[-79.30851,33.14408],[-79.31264,33.14348],[-79.31867,33.14543],[-79.3214,33.14561],[-79.3347,33.1303],[-79.33792,33.12461],[-79.33979,33.1226],[-79.34724,33.11836],[-79.36444,33.11373],[-79.37477,33.11236],[-79.3782,33.11102],[-79.39213,33.10731],[-79.39601,33.10446],[-79.3996,33.10083],[-79.39961,33.09993],[-79.40591,33.09629],[-79.4114,33.0936],[-79.41933,33.09035],[-79.43492,33.0826],[-79.43984,33.08076],[-79.45926,33.07692],[-79.46636,33.07372],[-79.4818,33.06574],[-79.48677,33.064],[-79.49366,33.0622],[-79.50403,33.05621],[-79.51688,33.05006],[-79.52131,33.04713],[-79.51995,33.04541],[-79.52261,33.04634],[-79.52877,33.04406],[-79.53459,33.04083],[-79.54292,33.03779],[-79.54326,33.03512],[-79.53501,33.03576],[-79.53289,33.03397],[-79.54101,33.03381],[-79.54494,33.03486],[-79.54532,33.0361],[-79.543,33.03938],[-79.54426,33.03973],[-79.54427,33.04019],[-79.55152,33.04238],[-79.55454,33.0418],[-79.5603,33.03874],[-79.56606,33.03411],[-79.56753,33.03359],[-79.57231,33.02961],[-79.57578,33.0314],[-79.58277,33.03077],[-79.58539,33.03098],[-79.58661,33.02685],[-79.5891,33.02827],[-79.58802,33.02984],[-79.58989,33.03014],[-79.59182,33.02795],[-79.59568,33.0314],[-79.59903,33.03145],[-79.59965,33.02905],[-79.60259,33.02969],[-79.60328,33.02589],[-79.60524,33.02905],[-79.60441,33.03291],[-79.60231,33.03823],[-79.6008,33.03832],[-79.60042,33.0353],[-79.59833,33.03532],[-79.60103,33.0431],[-79.60431,33.04244],[-79.60383,33.03868],[-79.60869,33.03849],[-79.61473,33.0376],[-79.61485,33.04103],[-79.61572,33.03774],[-79.62014,33.03533],[-79.6221,33.03709],[-79.62558,33.03673],[-79.63318,33.0387],[-79.63055,33.04023],[-79.62839,33.03995],[-79.62567,33.04562],[-79.62743,33.04809],[-79.62728,33.05282],[-79.62858,33.0558],[-79.62831,33.05927],[-79.62388,33.06318],[-79.62163,33.07067],[-79.62222,33.07619],[-79.6134,33.09355],[-79.61288,33.10146],[-79.60841,33.10789],[-79.60085,33.11349],[-79.59391,33.11674],[-79.59392,33.11955],[-79.59545,33.12232],[-79.59853,33.12198],[-79.60535,33.1263],[-79.60905,33.13306],[-79.60831,33.13348]]]}}]}