{"type":"FeatureCollection","features":[{"type":"Feature","properties":{"zcta":"08072","d":0},"geometry":{"type":"Polygon","coordinates":[[[-75.42052,39.54671],[-75.41242,39.54887],[-75.40721,39.54854],[-75.40116,39.54364],[-75.40373,39.54106],[-75.41087,39.54397],[-75.41262,39.54345],[-75.4139,39.54506],[-75.41884,39.54144],[-75.42263,39.54049],[-75.42314,39.5432],[-75.42052,39.54671]]]}},{"type":"Feature","properties":{"zcta":"08056","d":253},"geometry":{"type":"Polygon","coordinates":[[[-75.28588,39.79343],[-75.2711,39.80522],[-75.25107,39.81884],[-75.24223,39.81928],[-75.24988,39.81706],[-75.24534,39.81202],[-75.24889,39.80999],[-75.2487,39.80863],[-75.24594,39.80722],[-75.24497,39.80468],[-75.2411,39.80206],[-75.24286,39.80054],[-75.24142,39.79908],[-75.23175,39.79728],[-75.2285,39.79618],[-75.2318,39.7939],[-75.22556,39.78327],[-75.23069,39.78039],[-75.22995,39.7793],[-75.2214,39.77246],[-75.21709,39.7735],[-75.21566,39.7687],[-75.21309,39.76432],[-75.21265,39.75675],[-75.22902,39.75806],[-75.22601,39.761],[-75.23314,39.76383],[-75.23562,39.76419],[-75.2294,39.75809],[-75.24359,39.75957],[-75.24523,39.76337],[-75.249,39.76013],[-75.25146,39.76045],[-75.25495,39.76589],[-75.26128,39.76252],[-75.26107,39.7617],[-75.265,39.76222],[-75.27526,39.76922],[-75.27422,39.77209],[-75.27459,39.77484],[-75.27687,39.7764],[-75.28073,39.77748],[-75.28282,39.77932],[-75.28188,39.78236],[-75.28244,39.78487],[-75.28626,39.78586],[-75.28735,39.78865],[-75.2858,39.78913],[-75.28628,39.79283],[-75.28588,39.79343]]]}},{"type":"Feature","properties":{"zcta":"19383","d":0},"geometry":{"type":"MultiPolygon","coordinates":[[[[-75.59988,39.9547],[-75.59545,39.95217],[-75.59349,39.95309],[-75.59053,39.9499],[-75.59233,39.94905],[-75.5944,39.94976],[-75.59601,39.95191],[-75.59826,39.9509],[-75.59751,39.9499],[-75.60103,39.94834],[-75.60465,39.95253],[-75.59988,39.9547]]],[[[-75.60351,39.9402],[-75.60434,39.94125],[-75.59885,39.9436],[-75.5979,39.94223],[-75.59832,39.93682],[-75.59992,39.93564],[-75.60779,39.93291],[-75.61018,39.93612],[-75.60897,39.93863],[-75.60351,39.9402]]]]}},{"type":"Feature","properties":{"zcta":"19735","d":0},"geometry":{"type":"Polygon","coordinates":[[[-75.60019,39.81015],[-75.60018,39.81219],[-75.59718,39.81452],[-75.59628,39.81296],[-75.58902,39.80748],[-75.59089,39.80373],[-75.59549,39.80341],[-75.59742,39.80057],[-75.60281,39.80041],[-75.60394,39.8036],[-75.60299,39.80537],[-75.60458,39.80728],[-75.60019,39.81015]]]}},{"type":"Feature","properties":{"zcta":"19082","d":7191},"geometry":{"type":"MultiPolygon","coordinates":[[[[-75.27331,39.9524],[-75.27545,39.9515],[-75.27642,39.95364],[-75.27331,39.9524]]],[[[-75.2787,39.97244],[-75.27532,39.96942],[-75.27099,39.9686],[-75.26545,39.96526],[-75.26049,39.96631],[-75.25711,39.96372],[-75.25414,39.9654],[-75.25135,39.96522],[-75.24748,39.96353],[-75.24769,39.96282],[-75.24838,39.96043],[-75.25085,39.9591],[-75.2495,39.95719],[-75.24901,39.95691],[-75.25158,39.95213],[-75.25047,39.94818],[-75.25472,39.94789],[-75.25586,39.94455],[-75.2601,39.94758],[-75.26533,39.94843],[-75.26722,39.951],[-75.27132,39.9518],[-75.27698,39.95399],[-75.2795,39.95496],[-75.28456,39.96014],[-75.28773,39.95933],[-75.29083,39.96333],[-75.29429,39.96184],[-75.29692,39.9629],[-75.29611,39.96525],[-75.29743,39.96713],[-75.28027,39.97496],[-75.2787,39.97244]]]]}},{"type":"Feature","properties":{"zcta":"19436","d":997},"geometry":{"type":"Polygon","coordinates":[[[-75.24075,40.20239],[-75.24727,40.20208],[-75.24908,40.19756],[-75.25547,40.20213],[-75.25393,40.2047],[-75.25031,40.20579],[-75.24613,40.20382],[-75.23651,40.20535],[-75.24075,40.20239]]]}},{"type":"Feature","properties":{"zcta":"19095","d":1610},"geometry":{"type":"Polygon","coordinates":[[[-75.16836,40.08518],[-75.16391,40.08759],[-75.16293,40.0908],[-75.16125,40.09278],[-75.15607,40.09528],[-75.15404,40.09406],[-75.15273,40.09538],[-75.15334,40.09723],[-75.14709,40.09687],[-75.14324,40.09835],[-75.13952,40.0961],[-75.13748,40.09277],[-75.13173,40.08933],[-75.13619,40.08742],[-75.1333,40.08219],[-75.14209,40.08056],[-75.14506,40.08081],[-75.15408,40.07173],[-75.1716,40.08181],[-75.16836,40.08518]]]}},{"type":"Feature","properties":{"zcta":"19023","d":4937},"geometry":{"type":"Polygon","coordinates":[[[-75.27074,39.92516],[-75.27152,39.92605],[-75.26827,39.92736],[-75.26272,39.92822],[-75.25844,39.93068],[-75.25739,39.92465],[-75.25384,39.92046],[-75.25079,39.91999],[-75.2477,39.92156],[-75.24678,39.91617],[-75.24759,39.91436],[-75.2472,39.91358],[-75.2515,39.91005],[-75.25022,39.90781],[-75.2525,39.90661],[-75.25497,39.90585],[-75.25532,39.90965],[-75.25984,39.90958],[-75.26004,39.91352],[-75.26488,39.9148],[-75.26534,39.91415],[-75.27161,39.91177],[-75.28136,39.90748],[-75.28374,39.90642],[-75.28698,39.90915],[-75.28517,39.90996],[-75.28735,39.91282],[-75.28606,39.91384],[-75.29157,39.91381],[-75.28801,39.91548],[-75.28905,39.91699],[-75.27074,39.92516]]]}},{"type":"Feature","properties":{"zcta":"08011","d":0},"geometry":{"type":"Polygon","coordinates":[[[-74.71525,39.97527],[-74.7174,39.97642],[-74.71862,39.97845],[-74.71678,39.98162],[-74.7145,39.98098],[-74.71373,39.97788],[-74.70975,39.97928],[-74.71034,39.97744],[-74.7107,39.96873],[-74.71514,39.9689],[-74.71525,39.97527]]]}},{"type":"Feature","properties":{"zcta":"19017","d":0},"geometry":{"type":"Polygon","coordinates":[[[-75.47445,39.89385],[-75.46869,39.88876],[-75.46066,39.89492],[-75.45507,39.89777],[-75.45027,39.8939],[-75.45358,39.89292],[-75.45764,39.88802],[-75.45912,39.88924],[-75.46152,39.88764],[-75.46027,39.8866],[-75.46105,39.88489],[-75.46243,39.88562],[-75.46972,39.88529],[-75.47589,39.89082],[-75.47718,39.89277],[-75.47445,39.89385]]]}},{"type":"Feature","properties":{"zcta":"21901","d":183},"geometry":{"type":"Polygon","coordinates":[[[-76.01987,39.60803],[-76.01533,39.60946],[-76.00947,39.61298],[-76.0013,39.61567],[-75.99704,39.61794],[-75.99284,39.62095],[-75.98812,39.62396],[-75.98482,39.62527],[-75.9799,39.62627],[-75.97458,39.62677],[-75.97705,39.63337],[-75.97889,39.63988],[-75.97782,39.64274],[-75.97522,39.64344],[-75.97942,39.64543],[-75.98084,39.64723],[-75.98207,39.65247],[-75.9852,39.65368],[-75.98826,39.6537],[-75.98705,39.65568],[-75.9818,39.6558],[-75.98522,39.66748],[-75.97801,39.67198],[-75.97602,39.67409],[-75.98594,39.67648],[-75.9869,39.67738],[-75.99064,39.69271],[-75.98506,39.69534],[-75.98535,39.69815],[-75.98274,39.70057],[-75.97911,39.70088],[-75.97916,39.70302],[-75.95284,39.69983],[-75.94555,39.69975],[-75.94075,39.70017],[-75.9316,39.7002],[-75.92616,39.6912],[-75.92575,39.68811],[-75.92181,39.68476],[-75.92453,39.68357],[-75.92516,39.6818],[-75.92896,39.68039],[-75.92937,39.67639],[-75.93089,39.67427],[-75.93348,39.67378],[-75.93548,39.67025],[-75.93402,39.66771],[-75.93471,39.66566],[-75.93258,39.66536],[-75.93397,39.66403],[-75.93416,39.6614],[-75.9422,39.65805],[-75.94337,39.65637],[-75.95342,39.65143],[-75.95582,39.64894],[-75.95423,39.64787],[-75.95074,39.64736],[-75.95052,39.64342],[-75.94853,39.64029],[-75.94759,39.63703],[-75.94167,39.63985],[-75.93788,39.63377],[-75.93493,39.63379],[-75.93419,39.63279],[-75.93093,39.63463],[-75.9291,39.63664],[-75.92346,39.63582],[-75.91923,39.63222],[-75.91888,39.63013],[-75.92002,39.62846],[-75.9188,39.62672],[-75.9212,39.62382],[-75.92033,39.62017],[-75.92269,39.61855],[-75.92872,39.61762],[-75.93105,39.61265],[-75.93191,39.61284],[-75.93338,39.60905],[-75.92609,39.61071],[-75.92583,39.60749],[-75.92689,39.60633],[-75.93232,39.60471],[-75.93238,39.60183],[-75.91654,39.60279],[-75.91482,39.59966],[-75.91307,39.59832],[-75.91177,39.5956],[-75.91315,39.58971],[-75.91024,39.58904],[-75.9055,39.58912],[-75.9024,39.58711],[-75.89966,39.58416],[-75.89849,39.58046],[-75.89978,39.57384],[-75.8909,39.5709],[-75.88734,39.57115],[-75.88533,39.56877],[-75.88783,39.56659],[-75.89417,39.56545],[-75.8963,39.56384],[-75.90177,39.56492],[-75.90391,39.56456],[-75.91201,39.56493],[-75.91461,39.5645],[-75.91368,39.56213],[-75.90688,39.56152],[-75.90814,39.5589],[-75.90714,39.55821],[-75.91267,39.55463],[-75.91588,39.55593],[-75.91954,39.55598],[-75.92368,39.5532],[-75.92786,39.55375],[-75.9281,39.55223],[-75.92503,39.54618],[-75.9314,39.5437],[-75.92831,39.54269],[-75.93125,39.54108],[-75.92914,39.53965],[-75.93087,39.53861],[-75.93484,39.53915],[-75.93301,39.53667],[-75.93555,39.53688],[-75.93811,39.53474],[-75.93354,39.53105],[-75.93139,39.53333],[-75.9299,39.52827],[-75.92736,39.52625],[-75.92152,39.51911],[-75.91952,39.51571],[-75.91417,39.51062],[-75.92399,39.50011],[-75.92249,39.50011],[-75.9326,39.49001],[-75.93903,39.48472],[-75.93927,39.48454],[-75.94752,39.49386],[-75.94896,39.49343],[-75.94914,39.49079],[-75.95038,39.48995],[-75.95778,39.48954],[-75.95702,39.48632],[-75.9625,39.48415],[-75.96298,39.48087],[-75.96796,39.48196],[-75.96977,39.48061],[-75.96984,39.47612],[-75.97121,39.47395],[-75.97573,39.47424],[-75.97796,39.47329],[-75.97826,39.47054],[-75.98551,39.4699],[-75.98516,39.4677],[-75.9867,39.46127],[-75.99,39.45865],[-75.99716,39.45687],[-75.99752,39.45513],[-75.99597,39.45384],[-76.00251,39.4502],[-76.00945,39.4492],[-76.01231,39.45311],[-76.01155,39.4554],[-76.00959,39.45754],[-75.99939,39.46594],[-75.9979,39.46626],[-75.99489,39.4719],[-75.99399,39.47619],[-75.99579,39.48439],[-75.99483,39.48968],[-75.9903,39.4926],[-75.98812,39.49701],[-75.9863,39.5104],[-75.98429,39.51424],[-75.98149,39.51624],[-75.98027,39.52062],[-75.98091,39.52777],[-75.9805,39.5291],[-75.97606,39.52997],[-75.97322,39.53268],[-75.96959,39.53152],[-75.96626,39.53216],[-75.96341,39.53418],[-75.96234,39.5361],[-75.96305,39.5383],[-75.96471,39.53922],[-75.96695,39.53865],[-75.96924,39.54162],[-75.96904,39.5438],[-75.96655,39.54611],[-75.96722,39.55014],[-75.97034,39.55764],[-75.96923,39.5613],[-75.96602,39.56121],[-75.96317,39.56213],[-75.95925,39.5646],[-75.95616,39.56753],[-75.95625,39.57378],[-75.95129,39.5788],[-75.94855,39.57981],[-75.94843,39.5821],[-75.95045,39.58429],[-75.94915,39.58512],[-75.94908,39.58899],[-75.9476,39.59116],[-75.94891,39.59318],[-75.95426,39.59364],[-75.9577,39.59254],[-75.96483,39.58649],[-75.96388,39.5832],[-75.96526,39.57887],[-75.96878,39.57562],[-75.97298,39.57889],[-75.97087,39.58201],[-75.9756,39.57984],[-75.98438,39.57721],[-75.99225,39.57558],[-75.99516,39.57649],[-76.00916,39.58301],[-76.02203,39.58739],[-76.02904,39.58642],[-76.0283,39.59001],[-76.02665,39.59089],[-76.02498,39.59414],[-76.02719,39.5963],[-76.02786,39.59891],[-76.02698,39.59998],[-76.0288,39.60152],[-76.0302,39.60612],[-76.01987,39.60803]]]}},{"type":"Feature","properties":{"zcta":"18081","d":0},"geometry":{"type":"Polygon","coordinates":[[[-75.28285,40.55719],[-75.28494,40.557],[-75.28611,40.55503],[-75.2913,40.5556],[-75.29077,40.56117],[-75.29353,40.56198],[-75.28158,40.56884],[-75.27839,40.5683],[-75.27436,40.56929],[-75.27391,40.56793],[-75.27836,40.56396],[-75.27731,40.56324],[-75.27984,40.5592],[-75.28394,40.55916],[-75.28401,40.55827],[-75.28014,40.55788],[-75.28285,40.55719]]]}},{"type":"Feature","properties":{"zcta":"18980","d":0},"geometry":{"type":"Polygon","coordinates":[[[-75.01929,40.28196],[-75.01852,40.28],[-75.01641,40.28024],[-75.00824,40.27908],[-75.00612,40.27668],[-74.99639,40.27088],[-74.99785,40.26576],[-75.00061,40.26511],[-75.00669,40.26628],[-75.00731,40.26742],[-75.01122,40.26995],[-75.01393,40.27371],[-75.02063,40.27676],[-75.0261,40.27075],[-75.02376,40.26849],[-75.02504,40.26305],[-75.0246,40.2595],[-75.02822,40.25952],[-75.03015,40.25777],[-75.02566,40.26276],[-75.02497,40.26682],[-75.02595,40.26881],[-75.02788,40.26945],[-75.02641,40.27239],[-75.02813,40.2733],[-75.02277,40.27808],[-75.01948,40.2819],[-75.01929,40.28196]]]}},{"type":"Feature","properties":{"zcta":"08023","d":0},"geometry":{"type":"Polygon","coordinates":[[[-75.50129,39.69663],[-75.48854,39.6865],[-75.48798,39.68735],[-75.4807,39.68317],[-75.48447,39.67846],[-75.48825,39.68046],[-75.49861,39.68443],[-75.5062,39.68563],[-75.50954,39.68571],[-75.50904,39.69451],[-75.50716,39.69696],[-75.50341,39.69856],[-75.50129,39.69663]]]}},{"type":"Feature","properties":{"zcta":"18936","d":259},"geometry":{"type":"MultiPolygon","coordinates":[[[[-75.22835,40.20833],[-75.23686,40.21346],[-75.23423,40.21744],[-75.23109,40.22059],[-75.23401,40.22524],[-75.22592,40.23332],[-75.22476,40.23536],[-75.21599,40.23003],[-75.22894,40.21716],[-75.22509,40.2112],[-75.22475,40.20946],[-75.22678,40.20737],[-75.22835,40.20833]]],[[[-75.23965,40.24483],[-75.23565,40.24232],[-75.23466,40.24318],[-75.2322,40.2416],[-75.23259,40.24037],[-75.23747,40.23769],[-75.24146,40.24258],[-75.24288,40.24126],[-75.24341,40.24497],[-75.24383,40.24739],[-75.24734,40.25272],[-75.24827,40.25824],[-75.24523,40.25748],[-75.24577,40.25611],[-75.24436,40.25422],[-75.24014,40.2512],[-75.24103,40.25028],[-75.23687,40.24781],[-75.23965,40.24483]]]]}},{"type":"Feature","properties":{"zcta":"19121","d":6220},"geometry":{"type":"Polygon","coordinates":[[[-75.18935,39.99196],[-75.18637,39.99178],[-75.18493,39.99059],[-75.18295,39.99213],[-75.18339,39.99007],[-75.17466,39.98843],[-75.17174,39.98992],[-75.16889,39.98955],[-75.16923,39.98796],[-75.15627,39.98628],[-75.15944,39.97147],[-75.16259,39.97244],[-75.16742,39.97249],[-75.16722,39.9734],[-75.17654,39.97231],[-75.17785,39.97425],[-75.19133,39.97554],[-75.19372,39.97529],[-75.19398,39.97613],[-75.20183,39.98036],[-75.20442,39.98317],[-75.20408,39.98586],[-75.20111,39.98763],[-75.19399,39.99537],[-75.18935,39.99196]]]}},{"type":"Feature","properties":{"zcta":"19070","d":3349},"geometry":{"type":"Polygon","coordinates":[[[-75.33268,39.90873],[-75.3309,39.90743],[-75.32763,39.90826],[-75.3312,39.91152],[-75.32855,39.91337],[-75.3325,39.9173],[-75.32904,39.9187],[-75.32505,39.91536],[-75.31989,39.91512],[-75.31939,39.91169],[-75.32245,39.9096],[-75.31848,39.91131],[-75.31454,39.90484],[-75.30994,39.90112],[-75.31536,39.8981],[-75.31603,39.89748],[-75.3188,39.9006],[-75.3228,39.89952],[-75.32593,39.89746],[-75.33268,39.90037],[-75.32972,39.90331],[-75.33118,39.90323],[-75.33464,39.90097],[-75.33546,39.90387],[-75.33689,39.90294],[-75.34057,39.90355],[-75.33764,39.9057],[-75.33268,39.90873]]]}},{"type":"Feature","properties":{"zcta":"18962","d":0},"geometry":{"type":"Polygon","coordinates":[[[-75.27141,40.34772],[-75.27,40.34682],[-75.26868,40.34816],[-75.2649,40.34601],[-75.26902,40.34229],[-75.27223,40.34078],[-75.27495,40.34334],[-75.27614,40.34283],[-75.27141,40.34772]]]}},{"type":"Feature","properties":{"zcta":"19033","d":3666},"geometry":{"type":"Polygon","coordinates":[[[-75.33674,39.88949],[-75.33792,39.89126],[-75.33508,39.8939],[-75.33369,39.90067],[-75.33464,39.90097],[-75.33118,39.90323],[-75.32972,39.90331],[-75.33268,39.90037],[-75.32593,39.89746],[-75.3228,39.89952],[-75.3188,39.9006],[-75.31603,39.89748],[-75.31536,39.8981],[-75.31327,39.89621],[-75.31491,39.89511],[-75.31388,39.89283],[-75.3146,39.89251],[-75.32019,39.88999],[-75.3372,39.87826],[-75.33594,39.87709],[-75.3403,39.87817],[-75.34113,39.88241],[-75.33988,39.88273],[-75.3412,39.88653],[-75.33674,39.88949]]]}},{"type":"Feature","properties":{"zcta":"08039","d":0},"geometry":{"type":"Polygon","coordinates":[[[-75.2661,39.68855],[-75.26645,39.68501],[-75.28647,39.68041],[-75.28544,39.68538],[-75.28544,39.6885],[-75.28097,39.68973],[-75.27757,39.68977],[-75.27682,39.69385],[-75.27259,39.69176],[-75.2661,39.68855]]]}},{"type":"Feature","properties":{"zcta":"19012","d":1929},"geometry":{"type":"Polygon","coordinates":[[[-75.09673,40.06899],[-75.08742,40.0636],[-75.09406,40.05677],[-75.10703,40.04897],[-75.10943,40.04587],[-75.12215,40.05318],[-75.11854,40.053],[-75.11925,40.05743],[-75.12141,40.05636],[-75.1172,40.06256],[-75.11718,40.06526],[-75.11608,40.06479],[-75.11359,40.06653],[-75.11446,40.06787],[-75.11106,40.06765],[-75.11071,40.06996],[-75.1136,40.07066],[-75.10659,40.07076],[-75.10232,40.06874],[-75.09854,40.07017],[-75.09673,40.06899]]]}},{"type":"Feature","properties":{"zcta":"19453","d":1123},"geometry":{"type":"Polygon","coordinates":[[[-75.5074,40.14698],[-75.50716,40.14576],[-75.50417,40.14538],[-75.49752,40.14785],[-75.49474,40.14934],[-75.49214,40.149],[-75.49962,40.14169],[-75.49641,40.1399],[-75.49343,40.13985],[-75.49273,40.13838],[-75.4974,40.13362],[-75.50022,40.1327],[-75.49567,40.1297],[-75.49238,40.12821],[-75.49369,40.12649],[-75.50562,40.13263],[-75.51015,40.13933],[-75.50938,40.14385],[-75.5074,40.14698]]]}},{"type":"Feature","properties":{"zcta":"19358","d":0},"geometry":{"type":"Polygon","coordinates":[[[-75.81156,39.96436],[-75.80884,39.96595],[-75.80377,39.96683],[-75.80368,39.96487],[-75.80115,39.96298],[-75.80156,39.9612],[-75.80459,39.96227],[-75.81058,39.96121],[-75.81156,39.96436]]]}},{"type":"Feature","properties":{"zcta":"18915","d":912},"geometry":{"type":"MultiPolygon","coordinates":[[[[-75.26079,40.26035],[-75.26203,40.26108],[-75.26107,40.26179],[-75.26079,40.26035]]],[[[-75.25727,40.28254],[-75.23899,40.27199],[-75.2399,40.27144],[-75.24504,40.27259],[-75.24774,40.26997],[-75.24611,40.26824],[-75.24697,40.26599],[-75.25225,40.26439],[-75.25109,40.26301],[-75.25434,40.26372],[-75.25289,40.26514],[-75.25432,40.26698],[-75.26107,40.26179],[-75.26205,40.26262],[-75.26572,40.26487],[-75.26328,40.26733],[-75.26501,40.26841],[-75.268,40.26839],[-75.26812,40.27191],[-75.26417,40.27649],[-75.26257,40.27542],[-75.26202,40.27864],[-75.26401,40.28203],[-75.26393,40.2834],[-75.26143,40.28506],[-75.25727,40.28254]]]]}},{"type":"Feature","properties":{"zcta":"08079","d":51},"geometry":{"type":"MultiPolygon","coordinates":[[[[-75.4113,39.38717],[-75.40824,39.38678],[-75.40705,39.38111],[-75.40969,39.38032],[-75.41249,39.38093],[-75.41272,39.38437],[-75.4113,39.38717]]],[[[-75.50844,39.57526],[-75.50744,39.5728],[-75.50444,39.56951],[-75.496,39.57307],[-75.49449,39.5761],[-75.49497,39.57983],[-75.49363,39.58302],[-75.48895,39.58384],[-75.48132,39.58122],[-75.48135,39.57919],[-75.48304,39.57624],[-75.48021,39.57545],[-75.47536,39.57848],[-75.47496,39.58317],[-75.47351,39.58809],[-75.47598,39.58958],[-75.47926,39.59025],[-75.48026,39.59231],[-75.47971,39.5954],[-75.4727,39.59629],[-75.47032,39.59529],[-75.46839,39.59227],[-75.46642,39.59163],[-75.46522,39.59309],[-75.46338,39.5989],[-75.46436,39.60111],[-75.46628,39.60222],[-75.46955,39.60203],[-75.47366,39.60041],[-75.4768,39.60237],[-75.47773,39.60922],[-75.47384,39.61159],[-75.47108,39.61179],[-75.4669,39.60984],[-75.46356,39.61247],[-75.46489,39.61602],[-75.46348,39.61906],[-75.46428,39.62043],[-75.46976,39.62212],[-75.47381,39.62224],[-75.47641,39.62092],[-75.47712,39.62492],[-75.4796,39.62769],[-75.47692,39.63079],[-75.47431,39.63127],[-75.47137,39.6288],[-75.46908,39.63045],[-75.47044,39.63256],[-75.47088,39.63604],[-75.47388,39.63661],[-75.47553,39.63502],[-75.4791,39.63531],[-75.47964,39.64],[-75.4787,39.64409],[-75.48214,39.64645],[-75.48716,39.6471],[-75.48653,39.64964],[-75.48485,39.6505],[-75.48169,39.64974],[-75.48127,39.65141],[-75.48592,39.65331],[-75.48733,39.65045],[-75.48915,39.6507],[-75.49103,39.65334],[-75.48868,39.65545],[-75.48337,39.65713],[-75.48425,39.66037],[-75.48036,39.66058],[-75.48138,39.65801],[-75.47777,39.6571],[-75.47547,39.65836],[-75.47085,39.65889],[-75.4703,39.66464],[-75.47327,39.6662],[-75.47709,39.66966],[-75.47623,39.67275],[-75.47346,39.67329],[-75.47174,39.67065],[-75.46784,39.67067],[-75.46521,39.66956],[-75.46306,39.66994],[-75.46175,39.67306],[-75.46462,39.67358],[-75.46497,39.67549],[-75.46338,39.67727],[-75.46048,39.676],[-75.45544,39.67494],[-75.45543,39.67245],[-75.45165,39.66931],[-75.45016,39.67054],[-75.4513,39.67294],[-75.44871,39.67288],[-75.44566,39.67126],[-75.44661,39.66848],[-75.43893,39.66711],[-75.44116,39.66506],[-75.43975,39.66445],[-75.43702,39.66556],[-75.43265,39.66316],[-75.42521,39.66368],[-75.42476,39.66487],[-75.42092,39.66522],[-75.41684,39.66263],[-75.41715,39.66111],[-75.41446,39.65947],[-75.41075,39.65946],[-75.42238,39.64577],[-75.41906,39.64243],[-75.41378,39.64021],[-75.4126,39.63841],[-75.40394,39.63836],[-75.39856,39.63927],[-75.38308,39.63679],[-75.38171,39.63625],[-75.36918,39.62828],[-75.37088,39.6273],[-75.37681,39.61452],[-75.38091,39.61216],[-75.37559,39.61253],[-75.37093,39.61212],[-75.37111,39.6094],[-75.36979,39.60299],[-75.37919,39.60158],[-75.37585,39.59629],[-75.37249,39.59795],[-75.36899,39.60065],[-75.36702,39.59859],[-75.3734,39.5939],[-75.37234,39.59343],[-75.37861,39.58663],[-75.38236,39.5881],[-75.38449,39.58719],[-75.37797,39.584],[-75.37641,39.58426],[-75.37268,39.57929],[-75.36886,39.57269],[-75.36898,39.56929],[-75.37266,39.57085],[-75.37308,39.56896],[-75.37552,39.56842],[-75.38129,39.56872],[-75.38351,39.56952],[-75.38672,39.56548],[-75.38898,39.56629],[-75.37869,39.55803],[-75.374,39.55911],[-75.37288,39.55671],[-75.37388,39.55418],[-75.3496,39.53478],[-75.35139,39.5348],[-75.35385,39.5313],[-75.36144,39.53065],[-75.36625,39.52909],[-75.36623,39.52636],[-75.36984,39.52505],[-75.3674,39.52313],[-75.37126,39.52146],[-75.37241,39.51986],[-75.36978,39.51866],[-75.36265,39.51941],[-75.34886,39.50863],[-75.35172,39.50855],[-75.35976,39.50981],[-75.35552,39.49767],[-75.35504,39.49436],[-75.35157,39.49885],[-75.34889,39.4958],[-75.34338,39.49464],[-75.34104,39.49295],[-75.34362,39.48936],[-75.34394,39.48573],[-75.34636,39.48389],[-75.34991,39.47986],[-75.35102,39.47602],[-75.35142,39.4716],[-75.35299,39.47031],[-75.35682,39.47033],[-75.36127,39.46524],[-75.36304,39.46451],[-75.36323,39.46214],[-75.36811,39.4568],[-75.37436,39.45513],[-75.37909,39.45722],[-75.37952,39.45855],[-75.38199,39.45787],[-75.38656,39.45784],[-75.39577,39.46039],[-75.39983,39.46227],[-75.40278,39.46148],[-75.40768,39.45878],[-75.41469,39.45226],[-75.41404,39.45064],[-75.41027,39.45002],[-75.41157,39.44544],[-75.40921,39.44306],[-75.41197,39.43984],[-75.4156,39.44018],[-75.4166,39.43847],[-75.41416,39.43697],[-75.41049,39.4386],[-75.40964,39.43672],[-75.41156,39.43367],[-75.41599,39.43436],[-75.41882,39.4323],[-75.41768,39.42969],[-75.41369,39.42903],[-75.41208,39.43104],[-75.41011,39.43017],[-75.41038,39.42737],[-75.40828,39.4251],[-75.40875,39.42379],[-75.41173,39.42367],[-75.41119,39.42042],[-75.41491,39.41915],[-75.41427,39.41596],[-75.4183,39.41545],[-75.41956,39.41326],[-75.41891,39.41042],[-75.41562,39.40872],[-75.41512,39.40562],[-75.41301,39.40445],[-75.41167,39.40545],[-75.41172,39.40787],[-75.40977,39.4087],[-75.40535,39.40764],[-75.4051,39.40554],[-75.40668,39.40363],[-75.41116,39.40109],[-75.41111,39.40024],[-75.40737,39.39803],[-75.40746,39.39595],[-75.40936,39.39491],[-75.41351,39.39487],[-75.41686,39.39586],[-75.4178,39.39323],[-75.4148,39.39079],[-75.41729,39.38867],[-75.41684,39.38738],[-75.4221,39.38652],[-75.42783,39.38779],[-75.44239,39.40229],[-75.45103,39.41633],[-75.45174,39.41712],[-75.45059,39.41805],[-75.45101,39.4211],[-75.4533,39.42161],[-75.4512,39.42523],[-75.45128,39.42725],[-75.44728,39.43213],[-75.44692,39.43531],[-75.44757,39.43898],[-75.45086,39.43903],[-75.45279,39.44102],[-75.45244,39.44412],[-75.44836,39.44601],[-75.44873,39.45039],[-75.453,39.45292],[-75.45825,39.45381],[-75.45869,39.45521],[-75.45569,39.45748],[-75.45399,39.4577],[-75.45647,39.45969],[-75.45383,39.45994],[-75.45345,39.46153],[-75.45118,39.46236],[-75.44801,39.46505],[-75.44668,39.46924],[-75.44881,39.48001],[-75.44857,39.48541],[-75.44713,39.48596],[-75.44776,39.48891],[-75.44616,39.48945],[-75.44795,39.49453],[-75.44746,39.49742],[-75.45139,39.50314],[-75.45413,39.50236],[-75.46035,39.50884],[-75.46945,39.50478],[-75.47683,39.50719],[-75.47601,39.51101],[-75.47886,39.51187],[-75.48042,39.51111],[-75.48109,39.50679],[-75.48229,39.50581],[-75.48718,39.50456],[-75.49068,39.50601],[-75.49461,39.5033],[-75.49934,39.50251],[-75.50298,39.50065],[-75.50884,39.50152],[-75.51068,39.50048],[-75.50898,39.4987],[-75.50509,39.49795],[-75.50566,39.49609],[-75.50854,39.49453],[-75.51068,39.49499],[-75.51118,39.49768],[-75.51344,39.49924],[-75.51659,39.49736],[-75.51815,39.49823],[-75.51795,39.50116],[-75.51947,39.50235],[-75.52169,39.5011],[-75.52184,39.49897],[-75.52378,39.49828],[-75.52582,39.50006],[-75.52802,39.50041],[-75.53005,39.50482],[-75.52998,39.51082],[-75.52655,39.51707],[-75.52679,39.53144],[-75.52768,39.53528],[-75.53157,39.53683],[-75.53401,39.5407],[-75.53234,39.54328],[-75.526,39.54849],[-75.51903,39.5554],[-75.51476,39.56261],[-75.51103,39.56813],[-75.51153,39.57718],[-75.50844,39.57526]],[[-75.42263,39.54049],[-75.41884,39.54144],[-75.4139,39.54506],[-75.41262,39.54345],[-75.41087,39.54397],[-75.40373,39.54106],[-75.40116,39.54364],[-75.40721,39.54854],[-75.41242,39.54887],[-75.42052,39.54671],[-75.42314,39.5432],[-75.42263,39.54049]]]]}},{"type":"Feature","properties":{"zcta":"08106","d":3063},"geometry":{"type":"Polygon","coordinates":[[[-75.06288,39.89795],[-75.06054,39.89459],[-75.05147,39.88988],[-75.07391,39.8816],[-75.07969,39.88169],[-75.08794,39.88874],[-75.08944,39.8892],[-75.09122,39.89409],[-75.09423,39.90064],[-75.09201,39.90046],[-75.08403,39.89761],[-75.07914,39.89448],[-75.07157,39.89674],[-75.07338,39.89842],[-75.0652,39.90143],[-75.06288,39.89795]]]}},{"type":"Feature","properties":{"zcta":"08328","d":316},"geometry":{"type":"Polygon","coordinates":[[[-75.04551,39.57342],[-75.04086,39.5675],[-75.04467,39.56587],[-75.04336,39.56426],[-75.04525,39.56335],[-75.04936,39.56697],[-75.05714,39.56544],[-75.06185,39.56875],[-75.06409,39.57031],[-75.06872,39.57465],[-75.07125,39.57796],[-75.07257,39.58127],[-75.07368,39.59495],[-75.07421,39.59726],[-75.0675,39.59873],[-75.05032,39.57871],[-75.04772,39.57804],[-75.04551,39.57342]]]}},{"type":"Feature","properties":{"zcta":"08511","d":186},"geometry":{"type":"MultiPolygon","coordinates":[[[[-74.54322,40.06236],[-74.55414,40.0557],[-74.55593,40.05623],[-74.5439,40.06352],[-74.54322,40.06236]]],[[[-74.57285,40.05004],[-74.56894,40.04902],[-74.56003,40.0497],[-74.55484,40.05152],[-74.55205,40.05102],[-74.54377,40.05214],[-74.54144,40.05396],[-74.54043,40.05776],[-74.53304,40.04525],[-74.52832,40.03668],[-74.53874,40.0363],[-74.54768,40.03739],[-74.549,40.03866],[-74.55398,40.03833],[-74.5559,40.03663],[-74.56104,40.03692],[-74.57055,40.03746],[-74.57289,40.03939],[-74.5772,40.03794],[-74.58155,40.04106],[-74.5824,40.04261],[-74.5787,40.04527],[-74.57689,40.04844],[-74.5737,40.04926],[-74.57285,40.05004]]]]}},{"type":"Feature","properties":{"zcta":"21913","d":0},"geometry":{"type":"Polygon","coordinates":[[[-75.86413,39.41105],[-75.85847,39.40331],[-75.87143,39.39808],[-75.87649,39.40595],[-75.87938,39.40698],[-75.88925,39.407],[-75.87041,39.41969],[-75.8663,39.42223],[-75.86134,39.41672],[-75.86413,39.41105]]]}},{"type":"Feature","properties":{"zcta":"21914","d":0},"geometry":{"type":"Polygon","coordinates":[[[-75.98438,39.57721],[-75.9756,39.57984],[-75.97087,39.58201],[-75.97298,39.57889],[-75.96878,39.57562],[-75.97303,39.57046],[-75.99195,39.56335],[-75.99232,39.56669],[-75.99359,39.56802],[-75.99017,39.56946],[-75.98844,39.57195],[-75.99232,39.57476],[-75.99225,39.57558],[-75.98438,39.57721]]]}},{"type":"Feature","properties":{"zcta":"21921","d":219},"geometry":{"type":"Polygon","coordinates":[[[-75.94699,39.70221],[-75.9446,39.70576],[-75.94411,39.70787],[-75.9374,39.71323],[-75.93712,39.71474],[-75.93964,39.71811],[-75.93716,39.72168],[-75.87513,39.72179],[-75.79956,39.72188],[-75.7886,39.7222],[-75.78839,39.70003],[-75.78866,39.68191],[-75.78866,39.65821],[-75.7881,39.64855],[-75.78754,39.63903],[-75.78079,39.55026],[-75.78002,39.54083],[-75.78466,39.53796],[-75.78583,39.53839],[-75.79036,39.53662],[-75.79608,39.54048],[-75.79989,39.54201],[-75.80375,39.53983],[-75.80776,39.53887],[-75.81293,39.53159],[-75.82361,39.53334],[-75.82365,39.53222],[-75.81515,39.53108],[-75.8184,39.53026],[-75.82454,39.53138],[-75.82992,39.5317],[-75.83531,39.53109],[-75.84617,39.53124],[-75.8566,39.53091],[-75.86417,39.5295],[-75.86685,39.52739],[-75.87035,39.52596],[-75.87466,39.52287],[-75.88485,39.5189],[-75.88894,39.51275],[-75.8933,39.51147],[-75.90298,39.51033],[-75.90995,39.51006],[-75.91417,39.51062],[-75.91952,39.51571],[-75.92152,39.51911],[-75.92736,39.52625],[-75.9299,39.52827],[-75.93139,39.53333],[-75.93354,39.53105],[-75.93811,39.53474],[-75.93555,39.53688],[-75.93301,39.53667],[-75.93484,39.53915],[-75.93087,39.53861],[-75.92914,39.53965],[-75.93125,39.54108],[-75.92831,39.54269],[-75.9314,39.5437],[-75.92503,39.54618],[-75.9281,39.55223],[-75.92786,39.55375],[-75.92368,39.5532],[-75.91954,39.55598],[-75.91588,39.55593],[-75.91267,39.55463],[-75.90714,39.55821],[-75.90814,39.5589],[-75.90688,39.56152],[-75.91368,39.56213],[-75.91461,39.5645],[-75.91201,39.56493],[-75.90391,39.56456],[-75.90177,39.56492],[-75.8963,39.56384],[-75.89417,39.56545],[-75.88783,39.56659],[-75.88533,39.56877],[-75.88734,39.57115],[-75.8909,39.5709],[-75.89978,39.57384],[-75.89849,39.58046],[-75.89966,39.58416],[-75.9024,39.58711],[-75.9055,39.58912],[-75.91024,39.58904],[-75.91315,39.58971],[-75.91177,39.5956],[-75.91307,39.59832],[-75.91482,39.59966],[-75.91654,39.60279],[-75.93238,39.60183],[-75.93232,39.60471],[-75.92689,39.60633],[-75.92583,39.60749],[-75.92609,39.61071],[-75.93338,39.60905],[-75.93191,39.61284],[-75.93105,39.61265],[-75.92872,39.61762],[-75.92269,39.61855],[-75.92033,39.62017],[-75.9212,39.62382],[-75.9188,39.62672],[-75.92002,39.62846],[-75.91888,39.63013],[-75.91923,39.63222],[-75.92346,39.63582],[-75.9291,39.63664],[-75.93093,39.63463],[-75.93419,39.63279],[-75.93493,39.63379],[-75.93788,39.63377],[-75.94167,39.63985],[-75.94759,39.63703],[-75.94853,39.64029],[-75.95052,39.64342],[-75.95074,39.64736],[-75.95423,39.64787],[-75.95582,39.64894],[-75.95342,39.65143],[-75.94337,39.65637],[-75.9422,39.65805],[-75.93416,39.6614],[-75.93397,39.66403],[-75.93258,39.66536],[-75.93471,39.66566],[-75.93402,39.66771],[-75.93548,39.67025],[-75.93348,39.67378],[-75.93089,39.67427],[-75.92937,39.67639],[-75.92896,39.68039],[-75.92516,39.6818],[-75.92453,39.68357],[-75.92181,39.68476],[-75.92575,39.68811],[-75.92616,39.6912],[-75.9316,39.7002],[-75.94075,39.70017],[-75.94555,39.69975],[-75.94699,39.70221]],[[-75.84152,39.65085],[-75.84126,39.64966],[-75.83597,39.65158],[-75.83209,39.65425],[-75.82854,39.65],[-75.82439,39.65097],[-75.823,39.65028],[-75.82302,39.65551],[-75.82055,39.65825],[-75.82048,39.65976],[-75.82607,39.66067],[-75.82713,39.66393],[-75.82874,39.66461],[-75.83651,39.66328],[-75.83664,39.6624],[-75.84037,39.66087],[-75.84496,39.66176],[-75.84756,39.65977],[-75.84545,39.65664],[-75.84366,39.65643],[-75.84182,39.65446],[-75.84327,39.65335],[-75.84657,39.65411],[-75.8506,39.65357],[-75.84924,39.65041],[-75.84152,39.65085]]]}},{"type":"Feature","properties":{"zcta":"19126","d":6045},"geometry":{"type":"Polygon","coordinates":[[[-75.13512,40.06099],[-75.12902,40.05709],[-75.12215,40.05318],[-75.12168,40.05244],[-75.12326,40.04697],[-75.12815,40.04719],[-75.12901,40.0457],[-75.13472,40.04613],[-75.13504,40.04895],[-75.14002,40.05028],[-75.15047,40.05173],[-75.14997,40.05624],[-75.14668,40.06755],[-75.13512,40.06099]]]}},{"type":"Feature","properties":{"zcta":"19142","d":7515},"geometry":{"type":"Polygon","coordinates":[[[-75.2343,39.9365],[-75.22759,39.93031],[-75.2233,39.93132],[-75.22325,39.92718],[-75.22195,39.92808],[-75.22037,39.92672],[-75.21943,39.92808],[-75.21677,39.92696],[-75.22927,39.90903],[-75.23051,39.9112],[-75.23374,39.91407],[-75.2379,39.91256],[-75.2389,39.91341],[-75.2431,39.91275],[-75.24493,39.91545],[-75.24759,39.91436],[-75.24678,39.91617],[-75.2477,39.92156],[-75.24448,39.92743],[-75.24346,39.9274],[-75.24427,39.93049],[-75.24191,39.93354],[-75.23762,39.93253],[-75.23683,39.93377],[-75.2343,39.9365]]]}},{"type":"Feature","properties":{"zcta":"19316","d":0},"geometry":{"type":"Polygon","coordinates":[[[-75.82551,40.05344],[-75.82759,40.0492],[-75.83562,40.04962],[-75.84019,40.04929],[-75.84136,40.05694],[-75.84413,40.0568],[-75.86216,40.05808],[-75.86238,40.05998],[-75.8556,40.0604],[-75.84332,40.05808],[-75.84023,40.06303],[-75.83206,40.06025],[-75.82271,40.0549],[-75.82551,40.05344]]]}},{"type":"Feature","properties":{"zcta":"19319","d":237},"geometry":{"type":"MultiPolygon","coordinates":[[[[-75.52574,39.9341],[-75.52243,39.93567],[-75.52157,39.93707],[-75.51947,39.93589],[-75.51957,39.93374],[-75.52454,39.9316],[-75.52286,39.92885],[-75.51762,39.93115],[-75.51157,39.93203],[-75.5102,39.93173],[-75.51399,39.92971],[-75.51186,39.92686],[-75.51795,39.92379],[-75.51886,39.92497],[-75.52551,39.92194],[-75.52733,39.92337],[-75.52757,39.92824],[-75.52958,39.93085],[-75.53159,39.93349],[-75.53081,39.9354],[-75.52714,39.93694],[-75.52574,39.9341]]],[[[-75.52615,39.91281],[-75.52855,39.9114],[-75.52775,39.91022],[-75.53169,39.90961],[-75.53321,39.91165],[-75.52975,39.91378],[-75.52791,39.9181],[-75.52615,39.91281]]]]}},{"type":"Feature","properties":{"zcta":"19320","d":310},"geometry":{"type":"Polygon","coordinates":[[[-75.9358,40.02767],[-75.93389,40.02598],[-75.92655,40.02534],[-75.92214,40.02291],[-75.9211,40.02641],[-75.91399,40.02694],[-75.9129,40.0252],[-75.91149,40.0257],[-75.91014,40.02312],[-75.90848,40.02307],[-75.90848,40.02718],[-75.91353,40.02763],[-75.91832,40.02729],[-75.92015,40.02799],[-75.92064,40.03019],[-75.92391,40.03211],[-75.92204,40.03237],[-75.91646,40.03054],[-75.91488,40.03115],[-75.91359,40.02968],[-75.91141,40.02947],[-75.90728,40.03082],[-75.90726,40.03349],[-75.90498,40.03439],[-75.90551,40.0376],[-75.90191,40.03813],[-75.90176,40.0356],[-75.8991,40.03661],[-75.89473,40.0429],[-75.89236,40.04402],[-75.89164,40.04559],[-75.88897,40.0468],[-75.88239,40.04773],[-75.87799,40.04932],[-75.87864,40.0502],[-75.87563,40.05129],[-75.87739,40.05194],[-75.87115,40.05419],[-75.86633,40.05402],[-75.86822,40.05694],[-75.8666,40.05814],[-75.86216,40.05808],[-75.84413,40.0568],[-75.84136,40.05694],[-75.84019,40.04929],[-75.83562,40.04962],[-75.82759,40.0492],[-75.82551,40.05344],[-75.82271,40.0549],[-75.82053,40.0539],[-75.81667,40.05912],[-75.81561,40.05939],[-75.81369,40.04599],[-75.81387,40.04532],[-75.79873,40.04666],[-75.79759,40.03923],[-75.79296,40.03719],[-75.78816,40.03162],[-75.78956,40.02244],[-75.7845,40.02285],[-75.78387,40.01569],[-75.78399,40.01117],[-75.77955,40.01156],[-75.77972,40.01282],[-75.76491,40.01411],[-75.76382,40.00728],[-75.76167,40.0082],[-75.76123,40.00597],[-75.77192,40.0048],[-75.77053,39.99502],[-75.76932,39.99471],[-75.76139,39.99609],[-75.76122,39.99485],[-75.76471,39.99474],[-75.76442,39.99294],[-75.78716,39.98915],[-75.78445,39.988],[-75.78273,39.98573],[-75.78116,39.98631],[-75.77914,39.98448],[-75.76444,39.98564],[-75.76194,39.9809],[-75.75964,39.98067],[-75.75682,39.97822],[-75.755,39.96699],[-75.75241,39.9619],[-75.75026,39.959],[-75.74537,39.95373],[-75.74022,39.95501],[-75.73514,39.95783],[-75.7293,39.95953],[-75.72897,39.95869],[-75.72777,39.95563],[-75.72419,39.95166],[-75.72596,39.95161],[-75.7299,39.95089],[-75.73245,39.94869],[-75.72466,39.94702],[-75.72343,39.94523],[-75.7246,39.94254],[-75.72349,39.94082],[-75.72086,39.94087],[-75.7199,39.93947],[-75.72028,39.93634],[-75.72139,39.93632],[-75.72668,39.93912],[-75.72906,39.93756],[-75.73298,39.93676],[-75.73601,39.93456],[-75.7357,39.93303],[-75.73226,39.93039],[-75.72411,39.93246],[-75.72002,39.93435],[-75.71777,39.93367],[-75.71446,39.92952],[-75.71611,39.92967],[-75.7143,39.92589],[-75.71545,39.92311],[-75.71357,39.92123],[-75.71551,39.92016],[-75.71891,39.91995],[-75.71861,39.91891],[-75.7228,39.91764],[-75.72046,39.91469],[-75.71926,39.91091],[-75.71997,39.90942],[-75.72292,39.90972],[-75.72756,39.90907],[-75.72956,39.90617],[-75.73454,39.90466],[-75.74181,39.90618],[-75.77042,39.91213],[-75.77393,39.91158],[-75.77279,39.90078],[-75.79,39.90331],[-75.79066,39.90161],[-75.79804,39.90522],[-75.79845,39.90204],[-75.80467,39.8955],[-75.80729,39.89367],[-75.80982,39.89368],[-75.8106,39.8997],[-75.81401,39.90345],[-75.81596,39.90978],[-75.81602,39.91345],[-75.81825,39.91317],[-75.82116,39.90967],[-75.82079,39.9075],[-75.82304,39.90544],[-75.82301,39.90409],[-75.8313,39.89869],[-75.834,39.89756],[-75.836,39.89249],[-75.83917,39.8887],[-75.84144,39.88749],[-75.84185,39.88413],[-75.8455,39.88315],[-75.85033,39.88328],[-75.85229,39.88229],[-75.85307,39.88923],[-75.84798,39.89322],[-75.84598,39.89722],[-75.84697,39.90265],[-75.84819,39.90154],[-75.85613,39.90513],[-75.86094,39.90385],[-75.86713,39.90371],[-75.87097,39.89953],[-75.87295,39.89646],[-75.87731,39.89205],[-75.88085,39.8915],[-75.8838,39.88906],[-75.88574,39.88948],[-75.88714,39.89408],[-75.89011,39.89942],[-75.89699,39.90397],[-75.90247,39.90806],[-75.90704,39.91217],[-75.90885,39.91791],[-75.90571,39.92287],[-75.90535,39.92567],[-75.9095,39.93691],[-75.90661,39.9404],[-75.89782,39.94419],[-75.89557,39.94019],[-75.89347,39.93816],[-75.89092,39.94004],[-75.88817,39.94026],[-75.88424,39.93581],[-75.87564,39.93681],[-75.87024,39.93838],[-75.87698,39.93872],[-75.87879,39.94237],[-75.88141,39.94389],[-75.88219,39.946],[-75.8813,39.94933],[-75.89057,39.9577],[-75.89043,39.95864],[-75.88589,39.95975],[-75.87858,39.96155],[-75.87972,39.96471],[-75.88192,39.96419],[-75.88329,39.9667],[-75.88741,39.96596],[-75.90708,39.9625],[-75.90766,39.96775],[-75.90485,39.96693],[-75.9052,39.96819],[-75.90046,39.96902],[-75.90124,39.97113],[-75.89913,39.97387],[-75.89756,39.97843],[-75.8933,39.97913],[-75.89295,39.97999],[-75.89242,39.98015],[-75.89265,39.98299],[-75.89699,39.9817],[-75.899,39.9816],[-75.89922,39.98516],[-75.91076,39.98452],[-75.90785,39.98746],[-75.9065,39.98752],[-75.90478,39.99001],[-75.9224,39.99984],[-75.91947,40.00181],[-75.91941,40.00301],[-75.92323,40.00284],[-75.92506,40.00135],[-75.93487,40.0069],[-75.93098,40.00774],[-75.93281,40.01171],[-75.93431,40.01028],[-75.93396,40.008],[-75.93649,40.00784],[-75.93793,40.00867],[-75.93627,40.01162],[-75.93645,40.01354],[-75.93385,40.01492],[-75.934,40.01735],[-75.94064,40.02139],[-75.93889,40.02156],[-75.9408,40.02414],[-75.93843,40.02722],[-75.9358,40.02767]],[[-75.80459,39.96227],[-75.80156,39.9612],[-75.80115,39.96298],[-75.80368,39.96487],[-75.80377,39.96683],[-75.80884,39.96595],[-75.81156,39.96436],[-75.81058,39.96121],[-75.80459,39.96227]]]}},{"type":"Feature","properties":{"zcta":"19352","d":220},"geometry":{"type":"Polygon","coordinates":[[[-75.93223,39.8378],[-75.92723,39.82992],[-75.92475,39.82749],[-75.92002,39.82522],[-75.91844,39.82712],[-75.91789,39.82985],[-75.9158,39.83108],[-75.91449,39.8349],[-75.91114,39.83312],[-75.91179,39.83074],[-75.90686,39.8293],[-75.90598,39.8343],[-75.90217,39.83369],[-75.90125,39.83175],[-75.90178,39.82908],[-75.89835,39.8285],[-75.8967,39.82957],[-75.8925,39.82949],[-75.88987,39.82823],[-75.88772,39.82608],[-75.89522,39.82558],[-75.89894,39.82488],[-75.8968,39.82205],[-75.90002,39.82154],[-75.91093,39.81712],[-75.91281,39.81556],[-75.912,39.8136],[-75.90815,39.81083],[-75.90915,39.80901],[-75.90293,39.80882],[-75.9051,39.80602],[-75.90369,39.80387],[-75.90683,39.80106],[-75.90513,39.79588],[-75.90572,39.79317],[-75.8966,39.79216],[-75.89587,39.7936],[-75.88991,39.79187],[-75.89089,39.78983],[-75.88556,39.79005],[-75.88229,39.78875],[-75.88066,39.78652],[-75.87562,39.78227],[-75.87099,39.78379],[-75.86864,39.78328],[-75.86712,39.78478],[-75.86101,39.78246],[-75.8614,39.78516],[-75.85856,39.78636],[-75.85862,39.78796],[-75.85605,39.78601],[-75.85382,39.7878],[-75.85349,39.78991],[-75.85188,39.78813],[-75.84163,39.78903],[-75.84096,39.78522],[-75.84306,39.78196],[-75.84056,39.78224],[-75.83961,39.77625],[-75.84179,39.77638],[-75.84325,39.77513],[-75.84739,39.77522],[-75.84948,39.77197],[-75.84919,39.77018],[-75.84226,39.76995],[-75.83831,39.76649],[-75.83654,39.76772],[-75.83349,39.76763],[-75.82941,39.76618],[-75.83225,39.76344],[-75.83532,39.75875],[-75.83448,39.75831],[-75.83386,39.75383],[-75.83589,39.75054],[-75.8404,39.74943],[-75.84923,39.74859],[-75.84843,39.74254],[-75.85252,39.74347],[-75.85532,39.74099],[-75.85609,39.73905],[-75.8629,39.74099],[-75.864,39.74022],[-75.86329,39.73762],[-75.86594,39.73683],[-75.86825,39.74032],[-75.87479,39.73533],[-75.87544,39.73561],[-75.87384,39.72642],[-75.87488,39.72254],[-75.87753,39.72304],[-75.88372,39.72597],[-75.88339,39.72965],[-75.88081,39.72882],[-75.87968,39.73376],[-75.87647,39.73463],[-75.87573,39.7379],[-75.87842,39.73812],[-75.87921,39.73945],[-75.87681,39.73995],[-75.87692,39.74131],[-75.88176,39.74422],[-75.88366,39.74846],[-75.88805,39.75016],[-75.88695,39.7525],[-75.89047,39.75308],[-75.89337,39.75259],[-75.89671,39.75032],[-75.90059,39.75122],[-75.90193,39.75268],[-75.90602,39.75276],[-75.90317,39.75504],[-75.90642,39.75818],[-75.91102,39.76015],[-75.90991,39.76332],[-75.90785,39.76617],[-75.90981,39.76782],[-75.91396,39.76673],[-75.9159,39.76464],[-75.92049,39.76231],[-75.92198,39.76599],[-75.91896,39.76604],[-75.91856,39.76802],[-75.92073,39.77061],[-75.91771,39.77398],[-75.92026,39.77733],[-75.9235,39.77977],[-75.92547,39.77967],[-75.93179,39.78247],[-75.93467,39.78264],[-75.93583,39.78478],[-75.93276,39.78633],[-75.93245,39.79071],[-75.93098,39.79296],[-75.92625,39.79464],[-75.92499,39.79796],[-75.9311,39.79704],[-75.93104,39.80225],[-75.93545,39.80197],[-75.93558,39.80347],[-75.93909,39.80387],[-75.9394,39.80687],[-75.93686,39.80769],[-75.94079,39.80973],[-75.9418,39.81342],[-75.94762,39.81601],[-75.94385,39.81667],[-75.9465,39.81842],[-75.94406,39.81921],[-75.943,39.82127],[-75.93976,39.82043],[-75.93996,39.82239],[-75.93619,39.82183],[-75.93709,39.82344],[-75.93589,39.82529],[-75.93689,39.82647],[-75.93802,39.83084],[-75.93624,39.83408],[-75.93745,39.8371],[-75.93762,39.84066],[-75.93223,39.8378]]]}},{"type":"Feature","properties":{"zcta":"19375","d":0},"geometry":{"type":"Polygon","coordinates":[[[-75.73379,39.90177],[-75.73544,39.89132],[-75.73948,39.89095],[-75.73814,39.89289],[-75.73771,39.8958],[-75.7412,39.89632],[-75.75098,39.89888],[-75.74861,39.90082],[-75.74637,39.90095],[-75.74181,39.90618],[-75.73454,39.90466],[-75.73379,39.90177]]]}},{"type":"Feature","properties":{"zcta":"19442","d":0},"geometry":{"type":"Polygon","coordinates":[[[-75.57543,40.13295],[-75.5759,40.13007],[-75.58294,40.13198],[-75.57963,40.13441],[-75.57543,40.13295]]]}},{"type":"Feature","properties":{"zcta":"19457","d":0},"geometry":{"type":"Polygon","coordinates":[[[-75.58156,40.20271],[-75.58388,40.20006],[-75.588,40.20371],[-75.58949,40.20226],[-75.59596,40.20532],[-75.59181,40.20862],[-75.58908,40.20726],[-75.58618,40.2096],[-75.58471,40.20764],[-75.58277,40.20763],[-75.58137,40.20509],[-75.58156,40.20271]]]}},{"type":"Feature","properties":{"zcta":"19460","d":627},"geometry":{"type":"Polygon","coordinates":[[[-75.52864,40.16751],[-75.52592,40.17043],[-75.52318,40.16902],[-75.52254,40.16662],[-75.51948,40.1626],[-75.5143,40.16159],[-75.51068,40.16231],[-75.50155,40.1659],[-75.49727,40.16973],[-75.48941,40.16523],[-75.4801,40.16127],[-75.48691,40.15384],[-75.48607,40.15254],[-75.48794,40.15053],[-75.49004,40.15113],[-75.48808,40.14893],[-75.47839,40.14657],[-75.48012,40.1448],[-75.47634,40.1434],[-75.47711,40.14264],[-75.47306,40.14043],[-75.47374,40.13909],[-75.47098,40.13854],[-75.46917,40.14022],[-75.46354,40.13961],[-75.46651,40.13569],[-75.46315,40.13483],[-75.46082,40.13703],[-75.45822,40.13598],[-75.46125,40.13427],[-75.45957,40.13185],[-75.45831,40.1334],[-75.4542,40.13305],[-75.44727,40.13428],[-75.44775,40.13246],[-75.45079,40.12809],[-75.45101,40.1232],[-75.45319,40.11941],[-75.45462,40.11663],[-75.45427,40.11451],[-75.45235,40.11534],[-75.45038,40.11312],[-75.44684,40.11502],[-75.44899,40.11744],[-75.44529,40.11998],[-75.44095,40.12167],[-75.43819,40.12111],[-75.43431,40.11898],[-75.43239,40.12067],[-75.42795,40.11921],[-75.42708,40.11777],[-75.429,40.11597],[-75.42508,40.11621],[-75.42229,40.11502],[-75.42531,40.11303],[-75.42904,40.11309],[-75.42833,40.11131],[-75.42261,40.1104],[-75.42433,40.10791],[-75.43087,40.11015],[-75.43336,40.11029],[-75.44378,40.10896],[-75.44941,40.10748],[-75.45463,40.10523],[-75.46173,40.10304],[-75.46293,40.09725],[-75.45662,40.09385],[-75.46273,40.09222],[-75.46049,40.08877],[-75.47401,40.08499],[-75.47638,40.08634],[-75.4773,40.08508],[-75.47984,40.08503],[-75.47609,40.08791],[-75.4769,40.08867],[-75.49595,40.08371],[-75.49786,40.08718],[-75.50025,40.08694],[-75.50082,40.09015],[-75.50304,40.09122],[-75.50282,40.09517],[-75.50481,40.0898],[-75.50422,40.08709],[-75.50687,40.08921],[-75.52087,40.09796],[-75.52203,40.0972],[-75.52571,40.09947],[-75.52956,40.09569],[-75.53086,40.09649],[-75.53327,40.09447],[-75.53332,40.09256],[-75.53736,40.09406],[-75.53998,40.09358],[-75.54183,40.09081],[-75.54335,40.09153],[-75.54759,40.08937],[-75.54987,40.08709],[-75.55126,40.08787],[-75.54612,40.0929],[-75.55063,40.09596],[-75.54944,40.0975],[-75.55514,40.09937],[-75.55567,40.09835],[-75.55922,40.09872],[-75.56159,40.10118],[-75.56943,40.09951],[-75.5729,40.10256],[-75.57833,40.09699],[-75.58124,40.094],[-75.5935,40.10099],[-75.59126,40.10337],[-75.5928,40.10652],[-75.59634,40.1082],[-75.59982,40.10448],[-75.60634,40.10821],[-75.59823,40.11647],[-75.6022,40.11987],[-75.6005,40.12172],[-75.60797,40.12711],[-75.6092,40.13004],[-75.61247,40.13268],[-75.61393,40.1348],[-75.6118,40.13653],[-75.60197,40.14018],[-75.60582,40.14451],[-75.60631,40.14583],[-75.61111,40.1436],[-75.61437,40.14276],[-75.61622,40.14305],[-75.61888,40.14467],[-75.62073,40.14763],[-75.61729,40.1438],[-75.61294,40.14323],[-75.6089,40.14492],[-75.61408,40.14925],[-75.61987,40.15199],[-75.61668,40.15586],[-75.61599,40.1605],[-75.61111,40.16374],[-75.61249,40.16407],[-75.60933,40.16695],[-75.60788,40.1659],[-75.60657,40.16709],[-75.60689,40.17161],[-75.6085,40.17161],[-75.60242,40.17757],[-75.59947,40.17571],[-75.60133,40.17427],[-75.60181,40.17197],[-75.5993,40.17053],[-75.60052,40.16922],[-75.60504,40.17097],[-75.60593,40.16813],[-75.60534,40.16177],[-75.60345,40.16065],[-75.6015,40.16165],[-75.59974,40.16442],[-75.59997,40.16618],[-75.59657,40.16426],[-75.59285,40.16338],[-75.59265,40.16063],[-75.59022,40.16028],[-75.59075,40.15857],[-75.58393,40.1578],[-75.58309,40.15672],[-75.57865,40.1569],[-75.57832,40.15778],[-75.56457,40.15414],[-75.56205,40.15281],[-75.55848,40.15625],[-75.55334,40.15614],[-75.55332,40.15889],[-75.54932,40.1568],[-75.54737,40.15711],[-75.54064,40.15615],[-75.53892,40.15657],[-75.53755,40.159],[-75.5383,40.1608],[-75.54133,40.16335],[-75.54144,40.16623],[-75.53931,40.16835],[-75.53596,40.16945],[-75.53384,40.16871],[-75.53182,40.17061],[-75.52864,40.16751]],[[-75.58294,40.13198],[-75.5759,40.13007],[-75.57543,40.13295],[-75.57963,40.13441],[-75.58294,40.13198]],[[-75.51015,40.13933],[-75.50562,40.13263],[-75.49369,40.12649],[-75.49238,40.12821],[-75.49567,40.1297],[-75.50022,40.1327],[-75.4974,40.13362],[-75.49273,40.13838],[-75.49343,40.13985],[-75.49641,40.1399],[-75.49962,40.14169],[-75.49214,40.149],[-75.49474,40.14934],[-75.49752,40.14785],[-75.50417,40.14538],[-75.50716,40.14576],[-75.5074,40.14698],[-75.50938,40.14385],[-75.51015,40.13933]]]}},{"type":"Feature","properties":{"zcta":"19472","d":0},"geometry":{"type":"Polygon","coordinates":[[[-75.58158,40.34877],[-75.58384,40.34493],[-75.578,40.34205],[-75.57571,40.34493],[-75.57126,40.3403],[-75.57644,40.33424],[-75.57839,40.33531],[-75.57855,40.3327],[-75.58151,40.3332],[-75.59067,40.3378],[-75.5887,40.34008],[-75.59128,40.34199],[-75.58475,40.34993],[-75.58158,40.34877]]]}},{"type":"Feature","properties":{"zcta":"19474","d":0},"geometry":{"type":"Polygon","coordinates":[[[-75.39921,40.22314],[-75.40476,40.22068],[-75.40948,40.22389],[-75.41071,40.22365],[-75.4057,40.22858],[-75.40295,40.22574],[-75.39921,40.22314]]]}},{"type":"Feature","properties":{"zcta":"18076","d":1250},"geometry":{"type":"Polygon","coordinates":[[[-75.48219,40.35927],[-75.48506,40.36351],[-75.48935,40.36825],[-75.48673,40.36877],[-75.49046,40.37361],[-75.48859,40.37396],[-75.49298,40.38239],[-75.48597,40.38579],[-75.4792,40.38104],[-75.47718,40.38244],[-75.47104,40.37852],[-75.47077,40.37621],[-75.46891,40.37493],[-75.47404,40.37427],[-75.47785,40.37661],[-75.47953,40.37503],[-75.47225,40.37252],[-75.47056,40.37413],[-75.47012,40.37162],[-75.48219,40.35927]]]}},{"type":"Feature","properties":{"zcta":"19710","d":0},"geometry":{"type":"Polygon","coordinates":[[[-75.58652,39.79859],[-75.58525,39.79619],[-75.58798,39.79043],[-75.58666,39.79157],[-75.58228,39.79317],[-75.57507,39.79696],[-75.57522,39.79554],[-75.58032,39.79168],[-75.5799,39.78925],[-75.57566,39.784],[-75.5776,39.78425],[-75.57939,39.78722],[-75.58183,39.78652],[-75.58135,39.78332],[-75.58799,39.78019],[-75.59044,39.7957],[-75.58922,39.7991],[-75.58652,39.79859]]]}},{"type":"Feature","properties":{"zcta":"19717","d":0},"geometry":{"type":"MultiPolygon","coordinates":[[[[-75.7495,39.68198],[-75.74974,39.67957],[-75.74692,39.67914],[-75.74514,39.67638],[-75.74711,39.67517],[-75.7504,39.67526],[-75.75351,39.67443],[-75.75355,39.67748],[-75.75367,39.68301],[-75.7495,39.68198]]],[[[-75.75875,39.69174],[-75.75623,39.69114],[-75.75594,39.6877],[-75.75984,39.68789],[-75.76156,39.69123],[-75.75875,39.69174]]],[[[-75.76131,39.68048],[-75.75978,39.68298],[-75.75752,39.68231],[-75.76035,39.6802],[-75.76401,39.67892],[-75.76471,39.67964],[-75.76131,39.68048]]]]}},{"type":"Feature","properties":{"zcta":"19731","d":0},"geometry":{"type":"Polygon","coordinates":[[[-75.57541,39.51096],[-75.57805,39.51162],[-75.57921,39.50758],[-75.5814,39.50403],[-75.58389,39.50196],[-75.58765,39.50043],[-75.5883,39.49599],[-75.59137,39.49665],[-75.59448,39.49947],[-75.6054,39.50127],[-75.60819,39.50384],[-75.6153,39.5036],[-75.62023,39.50545],[-75.62088,39.51045],[-75.62193,39.51196],[-75.61533,39.51504],[-75.59803,39.51916],[-75.59299,39.51974],[-75.58449,39.51825],[-75.58283,39.52383],[-75.57786,39.52289],[-75.57833,39.51928],[-75.57713,39.518],[-75.57394,39.51827],[-75.57262,39.51656],[-75.57541,39.51096]]]}},{"type":"Feature","properties":{"zcta":"19733","d":0},"geometry":{"type":"Polygon","coordinates":[[[-75.65163,39.55359],[-75.65276,39.55693],[-75.65411,39.5646],[-75.64883,39.56432],[-75.65038,39.56195],[-75.65222,39.56199],[-75.65198,39.55968],[-75.64868,39.55649],[-75.6485,39.55471],[-75.65163,39.55359]]]}},{"type":"Feature","properties":{"zcta":"18913","d":136},"geometry":{"type":"Polygon","coordinates":[[[-75.05651,40.39508],[-75.05785,40.39753],[-75.05608,40.3989],[-75.05347,40.3983],[-75.05641,40.397],[-75.05533,40.39494],[-75.05791,40.39266],[-75.05519,40.3937],[-75.05411,40.39259],[-75.05608,40.39089],[-75.05637,40.38919],[-75.05357,40.38752],[-75.05586,40.38575],[-75.05419,40.38292],[-75.05134,40.38153],[-75.04953,40.38335],[-75.04725,40.38198],[-75.04517,40.38404],[-75.03854,40.38011],[-75.03819,40.37873],[-75.04129,40.37609],[-75.0436,40.37547],[-75.05631,40.36281],[-75.06759,40.36971],[-75.06499,40.37181],[-75.06471,40.3737],[-75.06204,40.37551],[-75.06325,40.37818],[-75.05992,40.38099],[-75.05984,40.38512],[-75.06392,40.38763],[-75.05651,40.39508]]]}},{"type":"Feature","properties":{"zcta":"18932","d":263},"geometry":{"type":"MultiPolygon","coordinates":[[[[-75.25949,40.30346],[-75.26098,40.30436],[-75.25572,40.30914],[-75.25453,40.30837],[-75.25949,40.30346]]],[[[-75.25417,40.30176],[-75.25051,40.30012],[-75.24835,40.30225],[-75.24341,40.29923],[-75.2433,40.29709],[-75.24152,40.29132],[-75.23893,40.2908],[-75.24066,40.28927],[-75.24361,40.29016],[-75.24711,40.28778],[-75.24908,40.28841],[-75.25855,40.28786],[-75.25929,40.28663],[-75.25709,40.28369],[-75.25727,40.28254],[-75.26143,40.28506],[-75.26432,40.28684],[-75.26094,40.28979],[-75.26309,40.29099],[-75.26527,40.28892],[-75.26653,40.29029],[-75.26776,40.28888],[-75.2718,40.29122],[-75.26859,40.29446],[-75.26711,40.30013],[-75.26193,40.30103],[-75.26019,40.30276],[-75.25417,40.30176]]]]}},{"type":"Feature","properties":{"zcta":"18970","d":0},"geometry":{"type":"Polygon","coordinates":[[[-75.38569,40.41411],[-75.38529,40.41613],[-75.37908,40.41603],[-75.38013,40.41443],[-75.37268,40.41498],[-75.37059,40.41387],[-75.37708,40.40806],[-75.38056,40.40908],[-75.38261,40.40764],[-75.38754,40.40849],[-75.38813,40.41221],[-75.3921,40.41364],[-75.39224,40.4149],[-75.38569,40.41411]]]}},{"type":"Feature","properties":{"zcta":"19015","d":2557},"geometry":{"type":"Polygon","coordinates":[[[-75.38671,39.88595],[-75.38382,39.8811],[-75.38503,39.87599],[-75.38215,39.87396],[-75.37839,39.87488],[-75.37616,39.87358],[-75.37445,39.86593],[-75.37621,39.86152],[-75.37741,39.8561],[-75.38105,39.85037],[-75.38638,39.85007],[-75.38918,39.85188],[-75.39491,39.85038],[-75.39655,39.85105],[-75.39742,39.85352],[-75.39538,39.8567],[-75.39437,39.86192],[-75.39845,39.86575],[-75.40701,39.86607],[-75.40871,39.8693],[-75.41267,39.87081],[-75.41353,39.87401],[-75.41822,39.87483],[-75.41917,39.87717],[-75.41728,39.87612],[-75.41655,39.87784],[-75.41362,39.87961],[-75.40976,39.87613],[-75.40663,39.87837],[-75.40416,39.87713],[-75.40037,39.87962],[-75.39878,39.87847],[-75.39834,39.88005],[-75.39125,39.88401],[-75.38608,39.88808],[-75.38671,39.88595]]]}},{"type":"Feature","properties":{"zcta":"19035","d":433},"geometry":{"type":"Polygon","coordinates":[[[-75.30575,40.06755],[-75.29572,40.06917],[-75.28683,40.07166],[-75.28296,40.07142],[-75.27966,40.06935],[-75.27678,40.0645],[-75.2708,40.05815],[-75.26876,40.05892],[-75.26443,40.05409],[-75.25765,40.04761],[-75.2551,40.04612],[-75.25583,40.04505],[-75.25989,40.0436],[-75.26342,40.03949],[-75.26449,40.03473],[-75.26897,40.03322],[-75.26922,40.03128],[-75.27095,40.03016],[-75.27103,40.02742],[-75.27667,40.02319],[-75.27977,40.02209],[-75.28457,40.02179],[-75.2859,40.02031],[-75.28751,40.02118],[-75.28548,40.02265],[-75.28667,40.02549],[-75.28593,40.02628],[-75.2889,40.03015],[-75.29211,40.03144],[-75.29357,40.03318],[-75.28903,40.03554],[-75.29191,40.03924],[-75.28975,40.04239],[-75.2925,40.04611],[-75.29401,40.05059],[-75.29646,40.05083],[-75.30103,40.05811],[-75.30647,40.06338],[-75.30669,40.06512],[-75.30575,40.06755]]]}},{"type":"Feature","properties":{"zcta":"19066","d":1795},"geometry":{"type":"Polygon","coordinates":[[[-75.25512,40.00358],[-75.2526,40.00522],[-75.25392,40.00786],[-75.2523,40.0085],[-75.25549,40.00972],[-75.25403,40.01223],[-75.25139,40.01299],[-75.25362,40.01552],[-75.24875,40.01718],[-75.24541,40.01737],[-75.2425,40.0115],[-75.24505,40.00616],[-75.24305,40.0054],[-75.23922,40.00083],[-75.2353,39.99707],[-75.25,39.99018],[-75.25144,39.9895],[-75.25902,39.99628],[-75.26274,40.00063],[-75.25512,40.00358]]]}},{"type":"Feature","properties":{"zcta":"19094","d":2768},"geometry":{"type":"Polygon","coordinates":[[[-75.35041,39.88125],[-75.34976,39.87964],[-75.34831,39.88183],[-75.3412,39.88653],[-75.33988,39.88273],[-75.34113,39.88241],[-75.3403,39.87817],[-75.33594,39.87709],[-75.33666,39.87567],[-75.34883,39.86444],[-75.35166,39.86683],[-75.35137,39.86809],[-75.35658,39.86966],[-75.3565,39.87214],[-75.35041,39.88125]]]}},{"type":"Feature","properties":{"zcta":"08007","d":2087},"geometry":{"type":"Polygon","coordinates":[[[-75.04139,39.87349],[-75.04517,39.87221],[-75.04408,39.8712],[-75.04716,39.87033],[-75.0411,39.86228],[-75.0435,39.86197],[-75.04925,39.85867],[-75.04842,39.8542],[-75.0498,39.85222],[-75.05249,39.85225],[-75.05272,39.85373],[-75.0587,39.85308],[-75.0594,39.85484],[-75.06372,39.86],[-75.06004,39.86344],[-75.06524,39.87012],[-75.0669,39.87156],[-75.06536,39.87287],[-75.06055,39.87306],[-75.05525,39.87538],[-75.04849,39.87529],[-75.04139,39.87349]]]}},{"type":"Feature","properties":{"zcta":"08026","d":539},"geometry":{"type":"Polygon","coordinates":[[[-74.96172,39.82092],[-74.96634,39.82095],[-74.96818,39.82598],[-74.97426,39.82724],[-74.97653,39.82621],[-74.98005,39.82712],[-74.98577,39.83416],[-74.98551,39.83587],[-74.98196,39.8357],[-74.97916,39.84069],[-74.97642,39.84258],[-74.97083,39.84498],[-74.96537,39.84533],[-74.96279,39.84479],[-74.95763,39.8415],[-74.95147,39.83904],[-74.94964,39.83672],[-74.94921,39.833],[-74.94803,39.831],[-74.95324,39.82666],[-74.95092,39.82282],[-74.95869,39.82258],[-74.95797,39.81759],[-74.96172,39.82092]]]}},{"type":"Feature","properties":{"zcta":"08042","d":0},"geometry":{"type":"Polygon","coordinates":[[[-74.65574,40.02397],[-74.6567,40.01724],[-74.65408,40.01295],[-74.65608,40.01016],[-74.65459,40.00935],[-74.6616,40.00208],[-74.66414,40.0002],[-74.6655,40.00378],[-74.66538,40.00914],[-74.66843,40.00826],[-74.66769,40.01086],[-74.66926,40.01414],[-74.67073,40.01694],[-74.67033,40.01927],[-74.66199,40.02296],[-74.65999,40.0227],[-74.65378,40.0256],[-74.65574,40.02397]]]}},{"type":"Feature","properties":{"zcta":"08049","d":2200},"geometry":{"type":"Polygon","coordinates":[[[-75.04848,39.84854],[-75.04923,39.85065],[-75.0498,39.85222],[-75.04842,39.8542],[-75.04925,39.85867],[-75.0435,39.86197],[-75.0411,39.86228],[-75.03358,39.86297],[-75.02193,39.85779],[-75.02256,39.85583],[-75.02586,39.85463],[-75.02458,39.85193],[-75.03121,39.84979],[-75.03253,39.85103],[-75.0392,39.8493],[-75.03815,39.84527],[-75.04444,39.84582],[-75.05174,39.84485],[-75.05248,39.84744],[-75.04848,39.84854]]]}},{"type":"Feature","properties":{"zcta":"08075","d":1522},"geometry":{"type":"Polygon","coordinates":[[[-74.97371,40.04819],[-74.96689,40.05272],[-74.93258,40.06881],[-74.92833,40.05723],[-74.93378,40.05567],[-74.93058,40.04937],[-74.92776,40.04261],[-74.92507,40.03909],[-74.92589,40.03287],[-74.93215,40.02882],[-74.92815,40.02858],[-74.92458,40.02981],[-74.92215,40.02907],[-74.92073,40.02374],[-74.91432,40.0213],[-74.90664,40.01467],[-74.90458,40.01364],[-74.90922,40.01028],[-74.91148,40.01042],[-74.92592,40.00478],[-74.93009,40.00839],[-74.92895,40.01146],[-74.9301,40.01204],[-74.93248,40.01047],[-74.9352,40.01281],[-74.93796,40.01383],[-74.9461,40.0059],[-74.9404,40.00167],[-74.94331,39.99783],[-74.95842,39.9918],[-74.99009,40.03647],[-74.98659,40.03898],[-74.97371,40.04819]]]}},{"type":"Feature","properties":{"zcta":"19382","d":541},"geometry":{"type":"Polygon","coordinates":[[[-75.72311,39.95106],[-75.72127,39.95233],[-75.71404,39.95315],[-75.71195,39.95416],[-75.70922,39.95192],[-75.70658,39.95129],[-75.70514,39.94956],[-75.70285,39.94905],[-75.69133,39.94985],[-75.69217,39.95023],[-75.68507,39.95275],[-75.68415,39.95189],[-75.68157,39.95298],[-75.67945,39.95078],[-75.67752,39.95122],[-75.67827,39.95311],[-75.67567,39.95552],[-75.67579,39.95417],[-75.67085,39.95514],[-75.67031,39.95434],[-75.6661,39.9563],[-75.66583,39.95915],[-75.66315,39.95973],[-75.6588,39.95927],[-75.6605,39.96157],[-75.65765,39.96269],[-75.6534,39.96283],[-75.65547,39.95886],[-75.65198,39.95722],[-75.63886,39.96039],[-75.6372,39.96193],[-75.63491,39.96168],[-75.63306,39.96341],[-75.63044,39.96267],[-75.63002,39.95966],[-75.62617,39.95924],[-75.61624,39.95908],[-75.61698,39.95833],[-75.61554,39.95547],[-75.60901,39.95766],[-75.60011,39.96221],[-75.59835,39.96244],[-75.59534,39.9649],[-75.59466,39.96407],[-75.59175,39.96537],[-75.5925,39.96619],[-75.58763,39.96832],[-75.5864,39.96691],[-75.58183,39.96751],[-75.58307,39.97102],[-75.58171,39.97187],[-75.57783,39.96805],[-75.57137,39.96902],[-75.57181,39.97143],[-75.56982,39.97225],[-75.5667,39.97566],[-75.56308,39.97102],[-75.56355,39.96978],[-75.55559,39.96923],[-75.54741,39.97104],[-75.5454,39.96844],[-75.54585,39.96575],[-75.52948,39.96672],[-75.52589,39.96838],[-75.52303,39.9666],[-75.51735,39.9662],[-75.51913,39.96712],[-75.5215,39.97038],[-75.51958,39.97126],[-75.51834,39.96958],[-75.51494,39.97097],[-75.51609,39.97242],[-75.50588,39.97173],[-75.5067,39.96719],[-75.50841,39.96558],[-75.50063,39.9651],[-75.50005,39.96342],[-75.50679,39.96045],[-75.50936,39.96384],[-75.51261,39.96076],[-75.51114,39.95886],[-75.51395,39.95669],[-75.51264,39.95486],[-75.5128,39.95269],[-75.52211,39.94852],[-75.52013,39.94586],[-75.53044,39.94104],[-75.52841,39.93942],[-75.52714,39.93694],[-75.53081,39.9354],[-75.53159,39.93349],[-75.52958,39.93085],[-75.53305,39.9292],[-75.53312,39.92595],[-75.53611,39.92993],[-75.54256,39.92702],[-75.54108,39.9251],[-75.54439,39.9234],[-75.54411,39.92047],[-75.54099,39.91641],[-75.53988,39.91093],[-75.54206,39.91127],[-75.54143,39.90933],[-75.54522,39.90735],[-75.54832,39.90889],[-75.55436,39.90628],[-75.54337,39.89159],[-75.55198,39.88776],[-75.54677,39.881],[-75.55134,39.88677],[-75.55691,39.88831],[-75.56049,39.89276],[-75.56197,39.8958],[-75.56485,39.89788],[-75.56959,39.8955],[-75.57014,39.89668],[-75.57242,39.89474],[-75.57229,39.89319],[-75.58449,39.88501],[-75.58719,39.88421],[-75.59298,39.88366],[-75.59668,39.8818],[-75.59787,39.87813],[-75.59901,39.87721],[-75.60155,39.87811],[-75.60451,39.88159],[-75.60628,39.88099],[-75.61032,39.88429],[-75.61532,39.88027],[-75.62197,39.88423],[-75.61828,39.88792],[-75.62175,39.88958],[-75.62462,39.88795],[-75.6259,39.88854],[-75.62902,39.88728],[-75.62978,39.88317],[-75.63279,39.88127],[-75.63531,39.88274],[-75.63793,39.88112],[-75.63877,39.88349],[-75.64318,39.8832],[-75.64484,39.88481],[-75.64481,39.88757],[-75.64709,39.89111],[-75.65138,39.89055],[-75.6529,39.88832],[-75.65864,39.88795],[-75.65861,39.88647],[-75.661,39.88617],[-75.66635,39.88403],[-75.66807,39.8869],[-75.6758,39.88649],[-75.6833,39.88237],[-75.68484,39.88814],[-75.68463,39.89084],[-75.68877,39.89289],[-75.68511,39.89738],[-75.68148,39.89792],[-75.67766,39.90056],[-75.67872,39.90204],[-75.67777,39.90708],[-75.68237,39.90745],[-75.68546,39.90012],[-75.68609,39.90346],[-75.69115,39.90459],[-75.69569,39.9042],[-75.69359,39.91015],[-75.69778,39.90892],[-75.70353,39.90793],[-75.70456,39.91033],[-75.70303,39.91182],[-75.70041,39.91744],[-75.70032,39.91923],[-75.69,39.92028],[-75.69724,39.92004],[-75.69901,39.92208],[-75.7022,39.92376],[-75.70592,39.92365],[-75.71284,39.92828],[-75.7142,39.93136],[-75.72028,39.93634],[-75.7199,39.93947],[-75.72086,39.94087],[-75.72349,39.94082],[-75.7246,39.94254],[-75.72343,39.94523],[-75.72466,39.94702],[-75.73245,39.94869],[-75.7299,39.95089],[-75.72596,39.95161],[-75.72311,39.95106]],[[-75.61018,39.93612],[-75.60779,39.93291],[-75.59992,39.93564],[-75.59832,39.93682],[-75.5979,39.94223],[-75.59885,39.9436],[-75.60434,39.94125],[-75.60351,39.9402],[-75.60897,39.93863],[-75.61018,39.93612]],[[-75.60103,39.94834],[-75.59751,39.9499],[-75.59826,39.9509],[-75.59601,39.95191],[-75.5944,39.94976],[-75.59233,39.94905],[-75.59053,39.9499],[-75.59349,39.95309],[-75.59545,39.95217],[-75.59988,39.9547],[-75.60465,39.95253],[-75.60103,39.94834]]]}},{"type":"Feature","properties":{"zcta":"08061","d":1198},"geometry":{"type":"Polygon","coordinates":[[[-75.22711,39.82578],[-75.22616,39.82327],[-75.22143,39.81992],[-75.21962,39.81689],[-75.22082,39.81525],[-75.21767,39.81295],[-75.21394,39.8138],[-75.21121,39.81221],[-75.20872,39.81355],[-75.20851,39.81522],[-75.20639,39.81548],[-75.2033,39.81229],[-75.2029,39.80999],[-75.20074,39.8095],[-75.20083,39.80681],[-75.20214,39.80637],[-75.20046,39.80369],[-75.19946,39.80463],[-75.19368,39.80255],[-75.19561,39.80198],[-75.19278,39.80128],[-75.18776,39.79949],[-75.18782,39.7969],[-75.19252,39.7916],[-75.19384,39.79277],[-75.19835,39.78823],[-75.19993,39.78826],[-75.20287,39.79225],[-75.20512,39.79181],[-75.20807,39.79595],[-75.21107,39.7973],[-75.20796,39.80156],[-75.21009,39.80508],[-75.21291,39.8058],[-75.21464,39.80273],[-75.21813,39.80486],[-75.21463,39.80881],[-75.2156,39.81086],[-75.21777,39.81154],[-75.2206,39.8077],[-75.22305,39.80904],[-75.22232,39.81019],[-75.22371,39.81278],[-75.22201,39.81412],[-75.2274,39.81631],[-75.22638,39.8185],[-75.22942,39.81771],[-75.22995,39.82428],[-75.22711,39.82578]]]}},{"type":"Feature","properties":{"zcta":"08102","d":2965},"geometry":{"type":"Polygon","coordinates":[[[-75.12542,39.96195],[-75.12386,39.96282],[-75.1228,39.96153],[-75.11732,39.96001],[-75.10852,39.95811],[-75.11062,39.95284],[-75.10946,39.9485],[-75.10682,39.9456],[-75.10426,39.94508],[-75.10447,39.94398],[-75.12436,39.94429],[-75.12378,39.94619],[-75.12645,39.9467],[-75.12904,39.94465],[-75.13579,39.94495],[-75.13572,39.94711],[-75.13385,39.95422],[-75.13022,39.95859],[-75.12542,39.96195]]]}},{"type":"Feature","properties":{"zcta":"08073","d":0},"geometry":{"type":"Polygon","coordinates":[[[-74.85949,40.00808],[-74.86187,40.00759],[-74.8679,40.0085],[-74.87217,40.0102],[-74.87001,40.01227],[-74.85949,40.00808]]]}},{"type":"Feature","properties":{"zcta":"19057","d":1966},"geometry":{"type":"Polygon","coordinates":[[[-74.87079,40.17193],[-74.86877,40.16581],[-74.8701,40.16448],[-74.86454,40.16006],[-74.86167,40.15926],[-74.86207,40.1568],[-74.85543,40.15424],[-74.84599,40.14233],[-74.84185,40.14543],[-74.84248,40.13881],[-74.83825,40.13482],[-74.83731,40.13508],[-74.83532,40.13244],[-74.83649,40.13155],[-74.835,40.12959],[-74.83043,40.13321],[-74.83001,40.13265],[-74.82274,40.13694],[-74.81785,40.14063],[-74.8156,40.14273],[-74.81594,40.14101],[-74.83431,40.12472],[-74.84168,40.11559],[-74.84116,40.11695],[-74.844,40.11852],[-74.84258,40.12039],[-74.84616,40.12127],[-74.84841,40.12049],[-74.84998,40.12246],[-74.85408,40.12356],[-74.87039,40.126],[-74.87298,40.12915],[-74.87147,40.13308],[-74.87357,40.13585],[-74.87468,40.13876],[-74.87452,40.14364],[-74.87601,40.15467],[-74.87549,40.15951],[-74.87962,40.16396],[-74.87625,40.16749],[-74.87672,40.1679],[-74.87098,40.17184],[-74.87079,40.17193]]]}},{"type":"Feature","properties":{"zcta":"08074","d":0},"geometry":{"type":"Polygon","coordinates":[[[-75.16869,39.72129],[-75.16629,39.72248],[-75.16137,39.72112],[-75.15627,39.70951],[-75.16641,39.70454],[-75.17012,39.7047],[-75.16676,39.72014],[-75.16869,39.72129]]]}},{"type":"Feature","properties":{"zcta":"08089","d":104},"geometry":{"type":"Polygon","coordinates":[[[-74.88258,39.73719],[-74.87074,39.74302],[-74.87091,39.74324],[-74.85931,39.74873],[-74.85813,39.75137],[-74.8407,39.74644],[-74.83145,39.73803],[-74.77792,39.71352],[-74.77588,39.71345],[-74.76115,39.72067],[-74.7552,39.7169],[-74.75137,39.71786],[-74.75088,39.71718],[-74.80009,39.67486],[-74.82144,39.69413],[-74.82866,39.69735],[-74.83713,39.6997],[-74.84415,39.69978],[-74.84682,39.71162],[-74.85261,39.71927],[-74.85545,39.71651],[-74.85601,39.71734],[-74.85984,39.71528],[-74.86337,39.71479],[-74.86286,39.71375],[-74.86608,39.71121],[-74.86404,39.71126],[-74.86336,39.70969],[-74.86595,39.70773],[-74.86768,39.71029],[-74.86994,39.71226],[-74.87397,39.71182],[-74.87785,39.71586],[-74.88004,39.71144],[-74.88596,39.71495],[-74.88691,39.71948],[-74.88563,39.71961],[-74.89389,39.72247],[-74.89497,39.72492],[-74.89004,39.73754],[-74.88258,39.73719]]]}},{"type":"Feature","properties":{"zcta":"08091","d":916},"geometry":{"type":"Polygon","coordinates":[[[-74.94555,39.81464],[-74.92888,39.82135],[-74.90831,39.80974],[-74.90554,39.80106],[-74.90296,39.79111],[-74.90237,39.79104],[-74.90679,39.78531],[-74.90935,39.78599],[-74.90936,39.78459],[-74.91949,39.79055],[-74.91598,39.79225],[-74.92259,39.79624],[-74.92353,39.79544],[-74.92743,39.79815],[-74.92473,39.80043],[-74.93204,39.80169],[-74.93262,39.79824],[-74.94528,39.8055],[-74.95765,39.80936],[-74.95381,39.81389],[-74.95714,39.81685],[-74.94555,39.81464]]]}},{"type":"Feature","properties":{"zcta":"19333","d":1066},"geometry":{"type":"Polygon","coordinates":[[[-75.42904,40.07245],[-75.43027,40.07052],[-75.42899,40.06626],[-75.43243,40.06508],[-75.42904,40.06236],[-75.42541,40.0629],[-75.42331,40.05985],[-75.4217,40.06042],[-75.42002,40.05815],[-75.41842,40.05849],[-75.413,40.05528],[-75.41067,40.05499],[-75.41408,40.05337],[-75.41382,40.05258],[-75.41799,40.05093],[-75.41033,40.0496],[-75.41546,40.04881],[-75.40659,40.04665],[-75.40654,40.04546],[-75.41499,40.04179],[-75.40434,40.02736],[-75.42308,40.01438],[-75.42914,40.02229],[-75.42454,40.02588],[-75.42747,40.02785],[-75.43022,40.02731],[-75.43567,40.03388],[-75.43273,40.03447],[-75.43218,40.03605],[-75.434,40.0455],[-75.43664,40.04848],[-75.43279,40.04722],[-75.43225,40.04973],[-75.43713,40.05186],[-75.4381,40.05512],[-75.44026,40.05755],[-75.44157,40.06252],[-75.43332,40.06481],[-75.43846,40.06756],[-75.43571,40.06975],[-75.43637,40.07053],[-75.42904,40.07245]]]}},{"type":"Feature","properties":{"zcta":"18951","d":277},"geometry":{"type":"Polygon","coordinates":[[[-75.45538,40.44525],[-75.45467,40.44938],[-75.45617,40.45058],[-75.45645,40.45512],[-75.45405,40.45581],[-75.45036,40.45921],[-75.44457,40.45775],[-75.44327,40.45669],[-75.42025,40.47816],[-75.42066,40.47313],[-75.41661,40.4768],[-75.41881,40.47947],[-75.40876,40.4886],[-75.40654,40.48724],[-75.40501,40.48831],[-75.40218,40.48784],[-75.40193,40.48669],[-75.39666,40.48742],[-75.39627,40.48653],[-75.38926,40.48684],[-75.38706,40.48792],[-75.38144,40.48842],[-75.38211,40.48984],[-75.37968,40.49045],[-75.38019,40.49163],[-75.3776,40.49168],[-75.37918,40.49662],[-75.3776,40.49845],[-75.3742,40.49959],[-75.36987,40.50311],[-75.36191,40.50347],[-75.36224,40.50747],[-75.35906,40.50867],[-75.35844,40.50614],[-75.35452,40.50635],[-75.35511,40.51152],[-75.35188,40.51169],[-75.35173,40.50956],[-75.34748,40.50918],[-75.34355,40.50955],[-75.34385,40.50554],[-75.34534,40.50472],[-75.34516,40.50051],[-75.34224,40.5003],[-75.34296,40.49588],[-75.32917,40.49725],[-75.32819,40.49512],[-75.32456,40.49476],[-75.32364,40.49107],[-75.31849,40.49159],[-75.32326,40.48868],[-75.32106,40.48805],[-75.32066,40.4862],[-75.31652,40.48845],[-75.308,40.48795],[-75.30542,40.48845],[-75.31055,40.48566],[-75.31344,40.48328],[-75.3141,40.48474],[-75.3272,40.4835],[-75.32788,40.485],[-75.33081,40.48475],[-75.32971,40.4802],[-75.33103,40.47672],[-75.32393,40.47721],[-75.32396,40.46617],[-75.32275,40.46596],[-75.3236,40.46257],[-75.31843,40.4601],[-75.31976,40.45765],[-75.31734,40.45771],[-75.31788,40.45526],[-75.31255,40.45568],[-75.31454,40.45819],[-75.31206,40.46423],[-75.31814,40.46865],[-75.31809,40.47199],[-75.31511,40.47377],[-75.3128,40.47361],[-75.31111,40.47665],[-75.30712,40.47464],[-75.3049,40.47688],[-75.30312,40.48102],[-75.29998,40.48416],[-75.29885,40.48385],[-75.30037,40.49345],[-75.2968,40.49389],[-75.29301,40.49522],[-75.2941,40.49939],[-75.2987,40.50218],[-75.30124,40.4997],[-75.30283,40.49647],[-75.30883,40.49649],[-75.30904,40.498],[-75.31204,40.49901],[-75.31458,40.50895],[-75.31297,40.50935],[-75.30778,40.50995],[-75.3036,40.50882],[-75.30131,40.51016],[-75.30135,40.51297],[-75.29943,40.51297],[-75.29999,40.51769],[-75.29697,40.51785],[-75.29767,40.52104],[-75.29516,40.52126],[-75.29523,40.52246],[-75.29776,40.52333],[-75.29365,40.52428],[-75.29653,40.53031],[-75.29508,40.53085],[-75.29346,40.53407],[-75.28312,40.53518],[-75.28084,40.53793],[-75.2784,40.53841],[-75.27673,40.53652],[-75.27492,40.53218],[-75.27389,40.53164],[-75.27398,40.52787],[-75.275,40.52505],[-75.27007,40.52197],[-75.26527,40.52199],[-75.26444,40.51869],[-75.26228,40.51831],[-75.26372,40.51687],[-75.26197,40.51529],[-75.26446,40.51455],[-75.26368,40.50735],[-75.26299,40.50587],[-75.27057,40.50317],[-75.2649,40.5005],[-75.25992,40.50083],[-75.25529,40.49865],[-75.25273,40.49913],[-75.25265,40.49558],[-75.24947,40.49481],[-75.21205,40.48892],[-75.21136,40.4901],[-75.20822,40.48966],[-75.20632,40.49221],[-75.19736,40.4864],[-75.19255,40.49096],[-75.19031,40.48704],[-75.19004,40.48197],[-75.18819,40.47695],[-75.18462,40.47328],[-75.18849,40.47186],[-75.18945,40.47402],[-75.194,40.47525],[-75.19372,40.47312],[-75.19546,40.47133],[-75.19997,40.47162],[-75.20151,40.4691],[-75.20727,40.46875],[-75.21239,40.4703],[-75.21625,40.46984],[-75.2184,40.46794],[-75.21875,40.46456],[-75.22658,40.46436],[-75.22914,40.4628],[-75.23032,40.45862],[-75.23421,40.45455],[-75.23341,40.45098],[-75.23808,40.44983],[-75.23817,40.44747],[-75.24046,40.44446],[-75.2408,40.44171],[-75.24738,40.43848],[-75.24921,40.43656],[-75.25329,40.43542],[-75.2551,40.43266],[-75.25379,40.43042],[-75.25652,40.42929],[-75.26141,40.4324],[-75.26485,40.43602],[-75.26732,40.43161],[-75.27299,40.4258],[-75.27447,40.42313],[-75.27688,40.42084],[-75.27999,40.42334],[-75.28549,40.42068],[-75.29131,40.4165],[-75.29448,40.41345],[-75.29448,40.4109],[-75.3086,40.40946],[-75.33633,40.40642],[-75.33815,40.40602],[-75.33613,40.40325],[-75.33629,40.39977],[-75.33843,40.3962],[-75.34466,40.39548],[-75.34558,40.39912],[-75.35008,40.39865],[-75.34896,40.39764],[-75.34895,40.39428],[-75.35061,40.39355],[-75.35008,40.39137],[-75.35711,40.39056],[-75.36243,40.38583],[-75.36721,40.38271],[-75.37292,40.37668],[-75.37604,40.37957],[-75.37375,40.38026],[-75.37141,40.38262],[-75.37275,40.38457],[-75.37145,40.38846],[-75.37192,40.39117],[-75.37516,40.39071],[-75.37569,40.39207],[-75.38056,40.39246],[-75.38488,40.39117],[-75.38871,40.39215],[-75.39531,40.39306],[-75.39879,40.39269],[-75.40118,40.39055],[-75.40579,40.3904],[-75.40848,40.38947],[-75.40962,40.38535],[-75.411,40.39401],[-75.41345,40.39181],[-75.41656,40.39329],[-75.41601,40.39521],[-75.41807,40.39519],[-75.42045,40.3908],[-75.42213,40.39036],[-75.41823,40.38512],[-75.42201,40.38876],[-75.4231,40.39117],[-75.42212,40.39329],[-75.42366,40.39323],[-75.43226,40.38907],[-75.43716,40.39515],[-75.44201,40.39806],[-75.44358,40.40049],[-75.44824,40.40334],[-75.44904,40.40467],[-75.44587,40.40636],[-75.44133,40.40706],[-75.43802,40.40915],[-75.44198,40.41083],[-75.44284,40.41397],[-75.44465,40.413],[-75.44417,40.41499],[-75.44911,40.41701],[-75.44763,40.41827],[-75.45208,40.42571],[-75.45454,40.42467],[-75.45801,40.42756],[-75.45662,40.429],[-75.46011,40.43253],[-75.46114,40.43483],[-75.46429,40.43691],[-75.45882,40.44191],[-75.45538,40.44525]],[[-75.40033,40.43696],[-75.3947,40.43706],[-75.39505,40.43592],[-75.39875,40.4343],[-75.39702,40.42861],[-75.39507,40.42911],[-75.3942,40.43089],[-75.39152,40.43206],[-75.39145,40.43417],[-75.39316,40.43743],[-75.39869,40.43893],[-75.41,40.43597],[-75.40211,40.43626],[-75.40033,40.43696]],[[-75.3921,40.41364],[-75.38813,40.41221],[-75.38754,40.40849],[-75.38261,40.40764],[-75.38056,40.40908],[-75.37708,40.40806],[-75.37059,40.41387],[-75.37268,40.41498],[-75.38013,40.41443],[-75.37908,40.41603],[-75.38529,40.41613],[-75.38569,40.41411],[-75.39224,40.4149],[-75.3921,40.41364]]]}},{"type":"Feature","properties":{"zcta":"19032","d":3287},"geometry":{"type":"Polygon","coordinates":[[[-75.28808,39.8914],[-75.28584,39.89168],[-75.28451,39.89352],[-75.28509,39.89556],[-75.27952,39.89942],[-75.28275,39.90378],[-75.28507,39.9058],[-75.28374,39.90642],[-75.28136,39.90748],[-75.27824,39.90431],[-75.27804,39.90236],[-75.27561,39.89917],[-75.27421,39.90009],[-75.27182,39.89731],[-75.27572,39.89571],[-75.2747,39.8928],[-75.27025,39.89134],[-75.26654,39.89174],[-75.26606,39.88833],[-75.26488,39.88793],[-75.26284,39.88568],[-75.2646,39.88474],[-75.26194,39.883],[-75.26443,39.88217],[-75.2677,39.87971],[-75.26968,39.87915],[-75.27248,39.87671],[-75.27443,39.87702],[-75.2764,39.88069],[-75.2835,39.88148],[-75.28839,39.88086],[-75.28907,39.8817],[-75.28635,39.88487],[-75.28888,39.88644],[-75.28962,39.88874],[-75.28808,39.8914]]]}},{"type":"Feature","properties":{"zcta":"19341","d":852},"geometry":{"type":"MultiPolygon","coordinates":[[[[-75.64483,40.00781],[-75.64754,40.00721],[-75.6493,40.00949],[-75.6462,40.01041],[-75.64483,40.00781]]],[[[-75.67915,40.07136],[-75.67844,40.07351],[-75.67181,40.07572],[-75.66969,40.07776],[-75.66649,40.07727],[-75.66843,40.07664],[-75.66663,40.07228],[-75.65925,40.07417],[-75.65831,40.07057],[-75.65294,40.06531],[-75.64858,40.06577],[-75.64981,40.06475],[-75.63846,40.06546],[-75.63408,40.06459],[-75.62727,40.06038],[-75.62761,40.05832],[-75.62343,40.05893],[-75.61846,40.05607],[-75.61632,40.05476],[-75.61333,40.05054],[-75.60131,40.05432],[-75.59812,40.04999],[-75.59538,40.05116],[-75.59041,40.05164],[-75.58713,40.05293],[-75.57902,40.04209],[-75.58663,40.0419],[-75.59171,40.04127],[-75.58833,40.03651],[-75.58939,40.03612],[-75.58469,40.0296],[-75.59125,40.02811],[-75.63796,40.01492],[-75.64581,40.01066],[-75.64643,40.01204],[-75.65639,40.00827],[-75.67041,40.02739],[-75.66786,40.03084],[-75.66739,40.03341],[-75.66618,40.0317],[-75.66325,40.0312],[-75.6624,40.03301],[-75.66397,40.03323],[-75.66296,40.03531],[-75.66647,40.04015],[-75.66204,40.04104],[-75.66373,40.04318],[-75.66287,40.0446],[-75.66623,40.04506],[-75.66511,40.04272],[-75.66764,40.0439],[-75.66912,40.04264],[-75.6698,40.04471],[-75.67361,40.04381],[-75.67559,40.04611],[-75.67706,40.04577],[-75.67901,40.05205],[-75.67709,40.05196],[-75.67736,40.05611],[-75.67946,40.05543],[-75.68067,40.05787],[-75.68356,40.05785],[-75.6823,40.05897],[-75.6867,40.0608],[-75.68586,40.06299],[-75.68864,40.06571],[-75.68587,40.0669],[-75.68604,40.06914],[-75.67938,40.07046],[-75.68092,40.07153],[-75.67915,40.07136]]]]}},{"type":"Feature","properties":{"zcta":"19050","d":3887},"geometry":{"type":"Polygon","coordinates":[[[-75.27132,39.9518],[-75.26722,39.951],[-75.26533,39.94843],[-75.2601,39.94758],[-75.25586,39.94455],[-75.25472,39.94789],[-75.25047,39.94818],[-75.24682,39.94297],[-75.24058,39.9422],[-75.23949,39.94116],[-75.24063,39.93919],[-75.23957,39.93804],[-75.23549,39.93836],[-75.23492,39.93633],[-75.23683,39.93377],[-75.23762,39.93253],[-75.24191,39.93354],[-75.24427,39.93049],[-75.24346,39.9274],[-75.24448,39.92743],[-75.2477,39.92156],[-75.25079,39.91999],[-75.25384,39.92046],[-75.25739,39.92465],[-75.25844,39.93068],[-75.26272,39.92822],[-75.26827,39.92736],[-75.27152,39.92605],[-75.27238,39.92919],[-75.27837,39.9268],[-75.28128,39.9307],[-75.28345,39.93177],[-75.28487,39.93542],[-75.28603,39.93545],[-75.28662,39.93763],[-75.28974,39.94311],[-75.2815,39.9467],[-75.28546,39.9483],[-75.28454,39.95031],[-75.27698,39.95399],[-75.27132,39.9518]],[[-75.27545,39.9515],[-75.27331,39.9524],[-75.27642,39.95364],[-75.27545,39.9515]]]}},{"type":"Feature","properties":{"zcta":"19034","d":535},"geometry":{"type":"Polygon","coordinates":[[[-75.25034,40.12909],[-75.24871,40.1287],[-75.24516,40.13252],[-75.24691,40.13362],[-75.24376,40.13696],[-75.24165,40.13721],[-75.23845,40.13512],[-75.2313,40.14234],[-75.22835,40.14266],[-75.22516,40.14074],[-75.22265,40.14065],[-75.22084,40.14242],[-75.21631,40.14032],[-75.21995,40.14595],[-75.21667,40.14673],[-75.21551,40.14438],[-75.21263,40.14577],[-75.21254,40.14761],[-75.20858,40.14867],[-75.20835,40.14655],[-75.20463,40.14438],[-75.20458,40.14672],[-75.20184,40.15349],[-75.19667,40.15896],[-75.18626,40.15256],[-75.18029,40.14878],[-75.17798,40.15033],[-75.17705,40.14921],[-75.17853,40.14772],[-75.16867,40.14198],[-75.17383,40.13852],[-75.17265,40.13545],[-75.17055,40.13639],[-75.17458,40.13248],[-75.17434,40.13077],[-75.17026,40.1269],[-75.17331,40.12583],[-75.17795,40.1259],[-75.18253,40.12425],[-75.18717,40.12329],[-75.19239,40.12361],[-75.19585,40.12313],[-75.20043,40.12401],[-75.20427,40.12032],[-75.20481,40.12314],[-75.20346,40.12596],[-75.20664,40.12737],[-75.21033,40.12519],[-75.21724,40.12221],[-75.23377,40.11228],[-75.23793,40.11007],[-75.242,40.10899],[-75.24553,40.10881],[-75.24081,40.11352],[-75.24755,40.11451],[-75.24862,40.11557],[-75.24709,40.11933],[-75.24703,40.12161],[-75.24899,40.12267],[-75.25052,40.12617],[-75.25206,40.12735],[-75.25034,40.12909]]]}},{"type":"Feature","properties":{"zcta":"19004","d":2089},"geometry":{"type":"Polygon","coordinates":[[[-75.22215,40.02261],[-75.21806,40.02094],[-75.21222,40.01546],[-75.20801,40.013],[-75.20577,40.01163],[-75.21062,40.00865],[-75.2353,39.99707],[-75.23922,40.00083],[-75.24305,40.0054],[-75.24505,40.00616],[-75.2425,40.0115],[-75.24541,40.01737],[-75.24551,40.02425],[-75.24293,40.02619],[-75.23985,40.02624],[-75.24009,40.031],[-75.2387,40.0312],[-75.23555,40.02948],[-75.22942,40.0249],[-75.22815,40.02603],[-75.22215,40.02261]]]}},{"type":"Feature","properties":{"zcta":"08031","d":1994},"geometry":{"type":"Polygon","coordinates":[[[-75.11648,39.87553],[-75.11753,39.87646],[-75.10828,39.87797],[-75.10595,39.87675],[-75.1028,39.87728],[-75.1011,39.87617],[-75.08912,39.87263],[-75.08242,39.87303],[-75.0773,39.87317],[-75.07643,39.86983],[-75.07279,39.86969],[-75.0669,39.87156],[-75.06524,39.87012],[-75.06004,39.86344],[-75.06372,39.86],[-75.07073,39.86081],[-75.07298,39.86201],[-75.07633,39.86166],[-75.07924,39.86039],[-75.08236,39.86064],[-75.08618,39.85708],[-75.08655,39.85476],[-75.08825,39.8536],[-75.09342,39.85402],[-75.09429,39.85577],[-75.10171,39.85776],[-75.10325,39.85625],[-75.10548,39.85768],[-75.10562,39.86116],[-75.10435,39.86231],[-75.10642,39.86333],[-75.10966,39.86149],[-75.10786,39.85992],[-75.11305,39.85936],[-75.11506,39.86153],[-75.11301,39.86227],[-75.11292,39.86373],[-75.11799,39.86749],[-75.11851,39.86635],[-75.11724,39.86321],[-75.11884,39.86276],[-75.1219,39.86625],[-75.12248,39.86916],[-75.1244,39.87179],[-75.12065,39.87264],[-75.11648,39.87553]]]}},{"type":"Feature","properties":{"zcta":"19132","d":6192},"geometry":{"type":"Polygon","coordinates":[[[-75.18679,40.00059],[-75.18782,40.0061],[-75.18335,40.00552],[-75.18133,40.00722],[-75.17948,40.00733],[-75.17863,40.00505],[-75.17691,40.0047],[-75.17504,40.00612],[-75.17348,40.00464],[-75.16927,40.0041],[-75.17009,40.00519],[-75.16576,40.00395],[-75.15689,40.00211],[-75.15062,40.00176],[-75.1499,39.99829],[-75.15187,39.99757],[-75.15307,39.99058],[-75.15494,39.98612],[-75.15627,39.98628],[-75.16923,39.98796],[-75.16889,39.98955],[-75.17174,39.98992],[-75.17466,39.98843],[-75.18339,39.99007],[-75.18295,39.99213],[-75.18493,39.99059],[-75.18637,39.99178],[-75.18935,39.99196],[-75.19399,39.99537],[-75.19175,39.99975],[-75.18679,40.00059]]]}},{"type":"Feature","properties":{"zcta":"19090","d":1928},"geometry":{"type":"Polygon","coordinates":[[[-75.12781,40.17157],[-75.12532,40.16664],[-75.12289,40.15946],[-75.11794,40.16044],[-75.10635,40.16056],[-75.10613,40.15963],[-75.10121,40.15725],[-75.09926,40.15799],[-75.10268,40.15464],[-75.10009,40.15329],[-75.09955,40.15118],[-75.10215,40.14804],[-75.09826,40.147],[-75.09536,40.14335],[-75.09368,40.14396],[-75.09202,40.14141],[-75.09972,40.14022],[-75.10136,40.1386],[-75.09989,40.13794],[-75.10368,40.1334],[-75.11566,40.14054],[-75.11965,40.13083],[-75.12099,40.12887],[-75.12386,40.12733],[-75.12677,40.12894],[-75.12462,40.1329],[-75.12562,40.13259],[-75.12771,40.13576],[-75.13502,40.13865],[-75.13623,40.1404],[-75.1424,40.1401],[-75.14555,40.13923],[-75.14717,40.13769],[-75.15087,40.13981],[-75.14712,40.14138],[-75.14955,40.14287],[-75.15233,40.14241],[-75.15682,40.1393],[-75.16057,40.14112],[-75.16069,40.14222],[-75.15637,40.14432],[-75.14513,40.15128],[-75.13889,40.15441],[-75.14315,40.15692],[-75.12781,40.17157]]]}},{"type":"Feature","properties":{"zcta":"08098","d":78},"geometry":{"type":"Polygon","coordinates":[[[-75.36712,39.70564],[-75.36035,39.71325],[-75.35722,39.71296],[-75.35553,39.71173],[-75.35025,39.71125],[-75.34812,39.70919],[-75.34743,39.70711],[-75.34359,39.7058],[-75.34159,39.70433],[-75.3403,39.70521],[-75.33605,39.70388],[-75.33524,39.70024],[-75.33093,39.69813],[-75.3309,39.69678],[-75.3267,39.69629],[-75.32661,39.69022],[-75.32442,39.68946],[-75.32178,39.69125],[-75.31599,39.69102],[-75.31362,39.69178],[-75.31041,39.68902],[-75.30645,39.68953],[-75.30462,39.68788],[-75.30154,39.68821],[-75.29703,39.68576],[-75.29529,39.68615],[-75.29105,39.68276],[-75.28777,39.6815],[-75.28696,39.68024],[-75.286,39.67959],[-75.27794,39.68117],[-75.27602,39.68042],[-75.27259,39.68176],[-75.26847,39.68226],[-75.26233,39.68178],[-75.25854,39.67968],[-75.25328,39.67903],[-75.2514,39.67678],[-75.25172,39.67438],[-75.25012,39.67289],[-75.25104,39.67134],[-75.2507,39.66862],[-75.2479,39.66521],[-75.24531,39.66411],[-75.23626,39.66268],[-75.23345,39.66143],[-75.23087,39.66226],[-75.235,39.65463],[-75.23898,39.65007],[-75.24138,39.64945],[-75.24703,39.64078],[-75.25302,39.64256],[-75.26042,39.63168],[-75.25227,39.62772],[-75.25687,39.62512],[-75.26132,39.62376],[-75.26322,39.62194],[-75.26811,39.62173],[-75.27169,39.61827],[-75.28676,39.58879],[-75.29532,39.59423],[-75.2967,39.59291],[-75.29028,39.5773],[-75.29009,39.57598],[-75.29303,39.57646],[-75.29686,39.57592],[-75.3025,39.57594],[-75.30541,39.5788],[-75.3095,39.57879],[-75.31567,39.57159],[-75.31628,39.56972],[-75.31323,39.5681],[-75.31705,39.56645],[-75.32109,39.5632],[-75.32179,39.55926],[-75.32594,39.55849],[-75.33121,39.55767],[-75.3353,39.55774],[-75.33913,39.55865],[-75.33708,39.56019],[-75.33953,39.55984],[-75.34477,39.56327],[-75.34432,39.56458],[-75.34713,39.56409],[-75.34903,39.56224],[-75.35196,39.56346],[-75.35771,39.56461],[-75.36088,39.56386],[-75.36031,39.56524],[-75.36412,39.56502],[-75.36604,39.56763],[-75.36898,39.56929],[-75.36886,39.57269],[-75.37268,39.57929],[-75.37641,39.58426],[-75.37797,39.584],[-75.38449,39.58719],[-75.38236,39.5881],[-75.37861,39.58663],[-75.37234,39.59343],[-75.3734,39.5939],[-75.36702,39.59859],[-75.36899,39.60065],[-75.37249,39.59795],[-75.37585,39.59629],[-75.37919,39.60158],[-75.36979,39.60299],[-75.37111,39.6094],[-75.37093,39.61212],[-75.37559,39.61253],[-75.38091,39.61216],[-75.37681,39.61452],[-75.37088,39.6273],[-75.36918,39.62828],[-75.38171,39.63625],[-75.38308,39.63679],[-75.39856,39.63927],[-75.40394,39.63836],[-75.4126,39.63841],[-75.41378,39.64021],[-75.41906,39.64243],[-75.42238,39.64577],[-75.41075,39.65946],[-75.41446,39.65947],[-75.41715,39.66111],[-75.41684,39.66263],[-75.42092,39.66522],[-75.42476,39.66487],[-75.42521,39.66368],[-75.43265,39.66316],[-75.43702,39.66556],[-75.43975,39.66445],[-75.44116,39.66506],[-75.43893,39.66711],[-75.44661,39.66848],[-75.44566,39.67126],[-75.44871,39.67288],[-75.4513,39.67294],[-75.45016,39.67054],[-75.45165,39.66931],[-75.45543,39.67245],[-75.45544,39.67494],[-75.46048,39.676],[-75.46338,39.67727],[-75.46146,39.67673],[-75.45809,39.67897],[-75.45145,39.68013],[-75.4451,39.67842],[-75.44362,39.67679],[-75.43593,39.67744],[-75.43112,39.67651],[-75.43092,39.6738],[-75.42882,39.67061],[-75.41589,39.67034],[-75.40738,39.66525],[-75.40499,39.66959],[-75.40182,39.67246],[-75.40036,39.67583],[-75.39678,39.67384],[-75.38937,39.68162],[-75.36712,39.70564]]]}},{"type":"Feature","properties":{"zcta":"08343","d":69},"geometry":{"type":"Polygon","coordinates":[[[-75.22887,39.66194],[-75.22393,39.66308],[-75.2191,39.66194],[-75.21306,39.66444],[-75.21032,39.66407],[-75.21089,39.66549],[-75.20953,39.66854],[-75.20785,39.66871],[-75.19905,39.67524],[-75.20708,39.6802],[-75.20646,39.68475],[-75.20128,39.6867],[-75.19773,39.69436],[-75.19292,39.69763],[-75.18908,39.69051],[-75.18946,39.68941],[-75.18406,39.68533],[-75.17886,39.68506],[-75.1768,39.68614],[-75.17689,39.68495],[-75.17348,39.6839],[-75.17352,39.6818],[-75.17044,39.67416],[-75.16883,39.67239],[-75.15549,39.67277],[-75.15321,39.67482],[-75.1525,39.67405],[-75.14975,39.67564],[-75.14767,39.6733],[-75.14415,39.67442],[-75.14253,39.67283],[-75.14008,39.67334],[-75.132,39.67293],[-75.12863,39.66836],[-75.12728,39.66541],[-75.12642,39.65752],[-75.1223,39.65628],[-75.12103,39.66207],[-75.11889,39.65872],[-75.11106,39.65546],[-75.11103,39.65388],[-75.10684,39.65101],[-75.10567,39.64851],[-75.10327,39.64643],[-75.10141,39.64349],[-75.10166,39.64146],[-75.10032,39.64059],[-75.10271,39.63827],[-75.10184,39.63696],[-75.1061,39.63576],[-75.10158,39.63244],[-75.09759,39.63346],[-75.09317,39.62625],[-75.09165,39.62059],[-75.08942,39.6198],[-75.09336,39.615],[-75.09083,39.6135],[-75.09021,39.61194],[-75.09197,39.61032],[-75.09533,39.61039],[-75.09987,39.61169],[-75.10219,39.60797],[-75.10356,39.60752],[-75.10015,39.60108],[-75.11762,39.59935],[-75.12517,39.59985],[-75.13035,39.59962],[-75.13592,39.60213],[-75.1334,39.60894],[-75.13993,39.61289],[-75.14046,39.61224],[-75.14941,39.61319],[-75.15135,39.61374],[-75.15744,39.61217],[-75.1617,39.61036],[-75.16364,39.60773],[-75.16728,39.60605],[-75.16956,39.60603],[-75.177,39.60772],[-75.18115,39.60952],[-75.18453,39.61287],[-75.18875,39.6135],[-75.19409,39.61256],[-75.20203,39.60992],[-75.20171,39.61757],[-75.20764,39.61724],[-75.2109,39.61776],[-75.2142,39.62093],[-75.22912,39.61721],[-75.24155,39.61922],[-75.24559,39.61907],[-75.24496,39.621],[-75.2422,39.62297],[-75.25227,39.62772],[-75.26042,39.63168],[-75.25302,39.64256],[-75.24703,39.64078],[-75.24138,39.64945],[-75.23898,39.65007],[-75.235,39.65463],[-75.23087,39.66226],[-75.22887,39.66194]]]}},{"type":"Feature","properties":{"zcta":"08020","d":366},"geometry":{"type":"Polygon","coordinates":[[[-75.23879,39.82054],[-75.23618,39.81957],[-75.22995,39.82428],[-75.22942,39.81771],[-75.22638,39.8185],[-75.2274,39.81631],[-75.22201,39.81412],[-75.22371,39.81278],[-75.22232,39.81019],[-75.22305,39.80904],[-75.2206,39.8077],[-75.21777,39.81154],[-75.2156,39.81086],[-75.21463,39.80881],[-75.21813,39.80486],[-75.21464,39.80273],[-75.21291,39.8058],[-75.21009,39.80508],[-75.20796,39.80156],[-75.21107,39.7973],[-75.20807,39.79595],[-75.20512,39.79181],[-75.20287,39.79225],[-75.19993,39.78826],[-75.19835,39.78823],[-75.19717,39.7869],[-75.19867,39.7837],[-75.19735,39.78275],[-75.19765,39.77957],[-75.19528,39.77728],[-75.19455,39.77497],[-75.19629,39.77464],[-75.20769,39.77894],[-75.21251,39.77422],[-75.21709,39.7735],[-75.2214,39.77246],[-75.22995,39.7793],[-75.23069,39.78039],[-75.22556,39.78327],[-75.2318,39.7939],[-75.2285,39.79618],[-75.23175,39.79728],[-75.24142,39.79908],[-75.24286,39.80054],[-75.2411,39.80206],[-75.24497,39.80468],[-75.24594,39.80722],[-75.2487,39.80863],[-75.24889,39.80999],[-75.24534,39.81202],[-75.24988,39.81706],[-75.24223,39.81928],[-75.23879,39.82054]]]}},{"type":"Feature","properties":{"zcta":"19152","d":5305},"geometry":{"type":"Polygon","coordinates":[[[-75.05541,40.07676],[-75.05011,40.07859],[-75.0469,40.07841],[-75.0441,40.0762],[-75.04393,40.07391],[-75.0413,40.07258],[-75.04388,40.06878],[-75.04338,40.06668],[-75.04146,40.06603],[-75.03916,40.07037],[-75.03509,40.07462],[-75.02966,40.06815],[-75.02543,40.06565],[-75.02482,40.06029],[-75.02903,40.0564],[-75.03373,40.05688],[-75.03865,40.05841],[-75.03866,40.05671],[-75.04178,40.05036],[-75.04515,40.04885],[-75.04488,40.04308],[-75.04707,40.04087],[-75.05465,40.04465],[-75.05245,40.04673],[-75.06242,40.05199],[-75.06419,40.05013],[-75.06604,40.05118],[-75.06632,40.05275],[-75.06343,40.05403],[-75.0613,40.05705],[-75.05655,40.06208],[-75.0574,40.06309],[-75.0642,40.06741],[-75.05765,40.07431],[-75.05821,40.07461],[-75.05541,40.07676]]]}},{"type":"Feature","properties":{"zcta":"21920","d":0},"geometry":{"type":"Polygon","coordinates":[[[-75.8506,39.65357],[-75.84657,39.65411],[-75.84327,39.65335],[-75.84182,39.65446],[-75.84366,39.65643],[-75.84545,39.65664],[-75.84756,39.65977],[-75.84496,39.66176],[-75.84037,39.66087],[-75.83664,39.6624],[-75.83651,39.66328],[-75.82874,39.66461],[-75.82713,39.66393],[-75.82607,39.66067],[-75.82048,39.65976],[-75.82055,39.65825],[-75.82302,39.65551],[-75.823,39.65028],[-75.82439,39.65097],[-75.82854,39.65],[-75.83209,39.65425],[-75.83597,39.65158],[-75.84126,39.64966],[-75.84152,39.65085],[-75.84924,39.65041],[-75.8506,39.65357]]]}},{"type":"Feature","properties":{"zcta":"08053","d":852},"geometry":{"type":"Polygon","coordinates":[[[-74.8626,39.91983],[-74.86283,39.82241],[-74.86338,39.78563],[-74.8676,39.7848],[-74.87615,39.78146],[-74.88291,39.782],[-74.88975,39.78197],[-74.89493,39.78342],[-74.89822,39.78758],[-74.89863,39.78969],[-74.90237,39.79104],[-74.90296,39.79111],[-74.90554,39.80106],[-74.90831,39.80974],[-74.91179,39.82214],[-74.92176,39.85579],[-74.92721,39.87376],[-74.93074,39.88591],[-74.93337,39.88819],[-74.94094,39.89248],[-74.94407,39.89302],[-74.94553,39.89632],[-74.94957,39.89829],[-74.95197,39.90182],[-74.9525,39.90602],[-74.9559,39.91322],[-74.95731,39.91434],[-74.8626,39.91983]]]}},{"type":"Feature","properties":{"zcta":"19706","d":0},"geometry":{"type":"Polygon","coordinates":[[[-75.59875,39.58912],[-75.59198,39.58325],[-75.5872,39.58026],[-75.58661,39.57888],[-75.5716,39.56773],[-75.56303,39.56224],[-75.56412,39.56068],[-75.56887,39.56025],[-75.58227,39.55825],[-75.58255,39.55904],[-75.59484,39.55755],[-75.59399,39.55964],[-75.60344,39.56649],[-75.60445,39.56952],[-75.60203,39.57702],[-75.60667,39.57851],[-75.61402,39.58158],[-75.61567,39.58178],[-75.61368,39.58424],[-75.59912,39.58892],[-75.60115,39.58904],[-75.59875,39.58912]]]}},{"type":"Feature","properties":{"zcta":"18917","d":2161},"geometry":{"type":"Polygon","coordinates":[[[-75.19714,40.3681],[-75.19008,40.3638],[-75.18729,40.36284],[-75.19026,40.36061],[-75.19302,40.36297],[-75.19661,40.35926],[-75.20003,40.36166],[-75.19619,40.36543],[-75.20047,40.36816],[-75.20425,40.3661],[-75.21409,40.37305],[-75.20436,40.38273],[-75.20389,40.37927],[-75.20044,40.37624],[-75.19377,40.3722],[-75.19714,40.3681]]]}},{"type":"Feature","properties":{"zcta":"19730","d":0},"geometry":{"type":"Polygon","coordinates":[[[-75.65946,39.44673],[-75.65905,39.44423],[-75.66064,39.44494],[-75.66338,39.44431],[-75.66428,39.44805],[-75.66312,39.45353],[-75.66818,39.45722],[-75.67451,39.45526],[-75.67259,39.45822],[-75.67009,39.45979],[-75.66141,39.46211],[-75.64927,39.45519],[-75.65469,39.45251],[-75.65384,39.4483],[-75.65562,39.44823],[-75.65946,39.44673]]]}},{"type":"Feature","properties":{"zcta":"19716","d":0},"geometry":{"type":"MultiPolygon","coordinates":[[[[-75.74259,39.67332],[-75.74372,39.67638],[-75.73592,39.67855],[-75.73624,39.67528],[-75.74259,39.67332]]],[[[-75.74718,39.68115],[-75.74692,39.67914],[-75.74974,39.67957],[-75.7495,39.68198],[-75.74718,39.68115]]],[[[-75.74047,39.66914],[-75.73847,39.66138],[-75.7458,39.65872],[-75.75157,39.65865],[-75.75282,39.66714],[-75.75198,39.66842],[-75.74047,39.66914]]],[[[-75.75629,39.67944],[-75.75576,39.68166],[-75.75731,39.68424],[-75.75445,39.68576],[-75.75367,39.68301],[-75.75355,39.67748],[-75.75629,39.67944]]]]}},{"type":"Feature","properties":{"zcta":"08014","d":86},"geometry":{"type":"Polygon","coordinates":[[[-75.40374,39.80751],[-75.38976,39.81582],[-75.37183,39.82761],[-75.3544,39.83992],[-75.34566,39.84418],[-75.34518,39.84276],[-75.33549,39.83058],[-75.3344,39.83101],[-75.3427,39.82681],[-75.34375,39.82853],[-75.34782,39.82739],[-75.34403,39.82414],[-75.3392,39.81858],[-75.34117,39.81605],[-75.34054,39.81299],[-75.33925,39.81305],[-75.3362,39.80734],[-75.34044,39.80618],[-75.34013,39.8031],[-75.33871,39.80064],[-75.33964,39.79956],[-75.3474,39.79916],[-75.34133,39.78351],[-75.33964,39.77848],[-75.34826,39.77154],[-75.35062,39.7736],[-75.35164,39.77268],[-75.35449,39.7737],[-75.35521,39.7769],[-75.35002,39.78164],[-75.35027,39.78328],[-75.353,39.78341],[-75.35604,39.78534],[-75.35499,39.78808],[-75.35627,39.78954],[-75.35302,39.79273],[-75.35654,39.79398],[-75.35777,39.79223],[-75.35878,39.79377],[-75.35434,39.79719],[-75.35402,39.79839],[-75.35602,39.80082],[-75.35569,39.80307],[-75.36059,39.80347],[-75.36432,39.80694],[-75.36668,39.80753],[-75.37107,39.80699],[-75.37824,39.80762],[-75.38087,39.8074],[-75.39004,39.80125],[-75.39104,39.79853],[-75.39587,39.79976],[-75.40355,39.79687],[-75.40427,39.79557],[-75.40549,39.79637],[-75.41506,39.80192],[-75.40374,39.80751]]]}},{"type":"Feature","properties":{"zcta":"08312","d":699},"geometry":{"type":"Polygon","coordinates":[[[-75.10217,39.66254],[-75.1031,39.66912],[-75.1051,39.67393],[-75.10181,39.67448],[-75.10243,39.67674],[-75.09715,39.6781],[-75.09747,39.67929],[-75.09266,39.67926],[-75.06894,39.6782],[-75.06514,39.6745],[-75.06736,39.67426],[-75.07061,39.67247],[-75.07168,39.67081],[-75.06759,39.66505],[-75.06743,39.6592],[-75.05501,39.65646],[-75.05349,39.67753],[-75.04228,39.6699],[-75.04468,39.66527],[-75.0462,39.66563],[-75.04977,39.66128],[-75.05081,39.65596],[-75.0489,39.65578],[-75.10032,39.64059],[-75.10166,39.64146],[-75.10141,39.64349],[-75.10327,39.64643],[-75.10567,39.64851],[-75.10684,39.65101],[-75.11103,39.65388],[-75.11106,39.65546],[-75.11889,39.65872],[-75.12103,39.66207],[-75.10217,39.66254]]]}},{"type":"Feature","properties":{"zcta":"19137","d":1530},"geometry":{"type":"Polygon","coordinates":[[[-75.09618,40.00024],[-75.09504,39.99917],[-75.0895,40.00368],[-75.08811,40.00298],[-75.08757,40.0002],[-75.08302,39.99606],[-75.07739,40.00364],[-75.07845,40.00859],[-75.06134,40.01276],[-75.05878,40.01281],[-75.06435,40.00998],[-75.06222,40.01022],[-75.05845,40.01243],[-75.05228,40.00553],[-75.0534,40.00457],[-75.05809,39.9974],[-75.06004,39.99162],[-75.06418,39.98603],[-75.0688,39.98224],[-75.0756,39.97804],[-75.08583,39.9751],[-75.09145,39.97461],[-75.09488,39.97903],[-75.08622,39.98118],[-75.08378,39.98246],[-75.09122,39.99088],[-75.08878,39.99215],[-75.09308,39.99536],[-75.09452,39.9946],[-75.09519,39.99844],[-75.09707,39.99752],[-75.09842,39.99907],[-75.09618,40.00024]]]}},{"type":"Feature","properties":{"zcta":"19073","d":552},"geometry":{"type":"Polygon","coordinates":[[[-75.50005,39.96342],[-75.50063,39.9651],[-75.48872,39.96508],[-75.49113,39.97136],[-75.49219,39.97215],[-75.49346,39.97576],[-75.49829,39.98262],[-75.4909,39.9845],[-75.48116,39.98922],[-75.47569,39.99031],[-75.46363,39.98952],[-75.46091,39.99499],[-75.46038,39.9986],[-75.45954,39.99696],[-75.45691,39.99611],[-75.45502,39.99725],[-75.45314,39.99655],[-75.4505,39.99916],[-75.44881,39.99689],[-75.45374,39.99361],[-75.4431,39.99371],[-75.44056,39.99191],[-75.43828,39.99381],[-75.43308,39.99987],[-75.43771,40.00447],[-75.42308,40.01438],[-75.40434,40.02736],[-75.40387,40.02412],[-75.40131,40.02369],[-75.39455,40.0155],[-75.38901,40.01552],[-75.38794,40.01531],[-75.38577,40.01186],[-75.37996,40.0093],[-75.37678,40.00643],[-75.3712,40.00383],[-75.36611,40.00282],[-75.3682,40.00098],[-75.36982,40.00014],[-75.36865,39.99888],[-75.37115,39.99528],[-75.37008,39.99453],[-75.37409,39.99018],[-75.37234,39.98797],[-75.39157,39.97447],[-75.39227,39.97221],[-75.39645,39.96897],[-75.39799,39.96758],[-75.39718,39.96435],[-75.39575,39.96265],[-75.39862,39.96209],[-75.3999,39.95937],[-75.40173,39.958],[-75.40563,39.96165],[-75.40431,39.96487],[-75.40775,39.96335],[-75.40837,39.96021],[-75.40674,39.95751],[-75.4115,39.95661],[-75.41867,39.96322],[-75.42111,39.96131],[-75.42534,39.96399],[-75.43153,39.96006],[-75.43606,39.9602],[-75.44117,39.95746],[-75.4494,39.95693],[-75.45164,39.95567],[-75.45036,39.95173],[-75.44836,39.94991],[-75.44908,39.94756],[-75.45319,39.94732],[-75.45608,39.944],[-75.45644,39.9413],[-75.45993,39.93936],[-75.46104,39.94014],[-75.45904,39.94446],[-75.46106,39.94678],[-75.46308,39.94648],[-75.46938,39.94333],[-75.47699,39.94483],[-75.4866,39.94276],[-75.48931,39.94403],[-75.49586,39.95202],[-75.49661,39.9536],[-75.49193,39.9556],[-75.4939,39.95813],[-75.50213,39.95437],[-75.50679,39.96045],[-75.50005,39.96342]]]}},{"type":"Feature","properties":{"zcta":"08036","d":538},"geometry":{"type":"Polygon","coordinates":[[[-74.85756,39.99804],[-74.8538,39.99633],[-74.85062,39.99694],[-74.85015,39.99866],[-74.84356,39.99955],[-74.8415,39.99748],[-74.83784,39.99922],[-74.83763,39.99764],[-74.83268,39.99729],[-74.83076,39.99485],[-74.8289,39.99684],[-74.82661,39.9968],[-74.82509,39.99452],[-74.82236,39.99488],[-74.82118,39.99707],[-74.8176,39.99851],[-74.8154,39.99702],[-74.81123,39.99916],[-74.8085,39.99615],[-74.80601,39.99716],[-74.80303,39.98961],[-74.8011,39.98828],[-74.80483,39.98708],[-74.80561,39.98897],[-74.80822,39.9883],[-74.80537,39.98477],[-74.80875,39.97842],[-74.81376,39.97464],[-74.81857,39.97186],[-74.8356,39.96135],[-74.84301,39.95833],[-74.84578,39.94948],[-74.84942,39.94661],[-74.8625,39.94317],[-74.86244,39.95919],[-74.86205,39.96319],[-74.85913,39.96568],[-74.85922,39.968],[-74.85786,39.96918],[-74.85725,39.97377],[-74.86008,39.97592],[-74.8561,39.98105],[-74.85189,39.98237],[-74.85164,39.98665],[-74.85237,39.98828],[-74.84858,39.99073],[-74.84847,39.99166],[-74.85319,39.99249],[-74.85426,39.99444],[-74.85879,39.9946],[-74.86127,39.99651],[-74.85756,39.99804]]]}},{"type":"Feature","properties":{"zcta":"08318","d":75},"geometry":{"type":"Polygon","coordinates":[[[-75.2422,39.62297],[-75.24496,39.621],[-75.24559,39.61907],[-75.24155,39.61922],[-75.22912,39.61721],[-75.2142,39.62093],[-75.2109,39.61776],[-75.20764,39.61724],[-75.20171,39.61757],[-75.20203,39.60992],[-75.19409,39.61256],[-75.18875,39.6135],[-75.18453,39.61287],[-75.18115,39.60952],[-75.177,39.60772],[-75.16956,39.60603],[-75.16728,39.60605],[-75.16364,39.60773],[-75.1617,39.61036],[-75.15744,39.61217],[-75.15135,39.61374],[-75.14941,39.61319],[-75.14046,39.61224],[-75.13993,39.61289],[-75.1334,39.60894],[-75.13592,39.60213],[-75.13799,39.59682],[-75.11283,39.59309],[-75.08708,39.58684],[-75.07705,39.57938],[-75.06409,39.57031],[-75.06185,39.56875],[-75.06629,39.56047],[-75.06666,39.55623],[-75.06987,39.55312],[-75.07158,39.54863],[-75.07255,39.5486],[-75.07446,39.54456],[-75.07102,39.54009],[-75.07264,39.53607],[-75.07199,39.52915],[-75.07355,39.52745],[-75.0723,39.52433],[-75.07289,39.52206],[-75.07566,39.51889],[-75.07545,39.51512],[-75.07714,39.51426],[-75.07801,39.51198],[-75.07664,39.50782],[-75.07972,39.50095],[-75.07838,39.49697],[-75.07689,39.49679],[-75.07443,39.4935],[-75.07513,39.48847],[-75.0733,39.48513],[-75.07574,39.47977],[-75.07733,39.47855],[-75.07704,39.4766],[-75.08035,39.47202],[-75.08196,39.46462],[-75.08031,39.46065],[-75.08382,39.45735],[-75.11275,39.47675],[-75.1404,39.4956],[-75.1471,39.50138],[-75.14871,39.50126],[-75.17799,39.52111],[-75.18052,39.51814],[-75.185,39.51469],[-75.18885,39.52454],[-75.18876,39.52548],[-75.19385,39.52592],[-75.20354,39.53016],[-75.20644,39.53052],[-75.20439,39.53772],[-75.20719,39.53948],[-75.23016,39.53571],[-75.22872,39.5262],[-75.23592,39.52379],[-75.23692,39.5318],[-75.25706,39.52665],[-75.25956,39.532],[-75.26203,39.52972],[-75.26751,39.52898],[-75.27006,39.53124],[-75.26893,39.53223],[-75.26899,39.53539],[-75.27007,39.53257],[-75.27313,39.53392],[-75.27344,39.53216],[-75.27697,39.53224],[-75.27993,39.5336],[-75.28226,39.5359],[-75.28779,39.53778],[-75.28938,39.53923],[-75.28972,39.54193],[-75.29158,39.54111],[-75.29205,39.53744],[-75.3031,39.53885],[-75.30281,39.54105],[-75.30456,39.54142],[-75.30659,39.54661],[-75.30807,39.54663],[-75.31035,39.54874],[-75.30844,39.55004],[-75.31397,39.55556],[-75.32104,39.55763],[-75.32594,39.55849],[-75.32179,39.55926],[-75.32109,39.5632],[-75.31705,39.56645],[-75.31323,39.5681],[-75.31628,39.56972],[-75.31567,39.57159],[-75.3095,39.57879],[-75.30541,39.5788],[-75.3025,39.57594],[-75.29686,39.57592],[-75.29303,39.57646],[-75.29009,39.57598],[-75.29028,39.5773],[-75.2967,39.59291],[-75.29532,39.59423],[-75.28676,39.58879],[-75.27169,39.61827],[-75.26811,39.62173],[-75.26322,39.62194],[-75.26132,39.62376],[-75.25687,39.62512],[-75.25227,39.62772],[-75.2422,39.62297]]]}},{"type":"Feature","properties":{"zcta":"19380","d":838},"geometry":{"type":"Polygon","coordinates":[[[-75.72586,39.96087],[-75.72689,39.96272],[-75.71836,39.96441],[-75.7132,39.96491],[-75.70864,39.96671],[-75.70317,39.96581],[-75.70014,39.96276],[-75.7004,39.9663],[-75.69377,39.96797],[-75.69152,39.96757],[-75.69231,39.9698],[-75.68866,39.97264],[-75.68593,39.97222],[-75.67924,39.97271],[-75.67486,39.96842],[-75.66991,39.96935],[-75.66945,39.97416],[-75.6697,39.9789],[-75.66802,39.98032],[-75.66401,39.97879],[-75.66348,39.98051],[-75.66513,39.98362],[-75.66384,39.98703],[-75.66528,39.98756],[-75.66243,39.98966],[-75.65983,39.99041],[-75.66189,39.99255],[-75.65774,39.99316],[-75.65685,39.9952],[-75.65587,39.99351],[-75.64744,39.99671],[-75.64414,39.99838],[-75.64804,40.00186],[-75.64587,40.00198],[-75.64773,40.00458],[-75.64398,40.00552],[-75.64483,40.00781],[-75.6462,40.01041],[-75.64581,40.01066],[-75.63796,40.01492],[-75.59125,40.02811],[-75.58469,40.0296],[-75.57523,40.01639],[-75.57181,40.0178],[-75.57009,40.01669],[-75.56446,40.01837],[-75.56483,40.0207],[-75.56228,40.01752],[-75.56095,40.01833],[-75.55772,40.01762],[-75.55694,40.01889],[-75.5532,40.0199],[-75.54797,40.02036],[-75.54609,40.01942],[-75.54527,40.01373],[-75.54175,40.0147],[-75.54378,40.01295],[-75.5416,40.00843],[-75.53804,40.00967],[-75.53638,40.00789],[-75.5401,39.99923],[-75.53909,39.99656],[-75.53624,39.99711],[-75.53462,39.99549],[-75.52944,39.99775],[-75.5254,39.99817],[-75.52457,39.99708],[-75.52584,39.99421],[-75.5243,39.99094],[-75.5207,39.9868],[-75.51764,39.98824],[-75.51441,39.98451],[-75.51371,39.98162],[-75.51198,39.98129],[-75.5079,39.97774],[-75.50504,39.97805],[-75.50249,39.9756],[-75.49935,39.97702],[-75.4959,39.97394],[-75.4963,39.97253],[-75.49219,39.97215],[-75.49113,39.97136],[-75.48872,39.96508],[-75.50063,39.9651],[-75.50841,39.96558],[-75.5067,39.96719],[-75.50588,39.97173],[-75.51609,39.97242],[-75.51494,39.97097],[-75.51834,39.96958],[-75.51958,39.97126],[-75.5215,39.97038],[-75.51913,39.96712],[-75.51735,39.9662],[-75.52303,39.9666],[-75.52589,39.96838],[-75.52948,39.96672],[-75.54585,39.96575],[-75.5454,39.96844],[-75.54741,39.97104],[-75.55559,39.96923],[-75.56355,39.96978],[-75.56308,39.97102],[-75.5667,39.97566],[-75.56982,39.97225],[-75.57181,39.97143],[-75.57137,39.96902],[-75.57783,39.96805],[-75.58171,39.97187],[-75.58307,39.97102],[-75.58183,39.96751],[-75.5864,39.96691],[-75.58763,39.96832],[-75.5925,39.96619],[-75.59175,39.96537],[-75.59466,39.96407],[-75.59534,39.9649],[-75.59835,39.96244],[-75.60011,39.96221],[-75.60901,39.95766],[-75.61554,39.95547],[-75.61698,39.95833],[-75.61624,39.95908],[-75.62617,39.95924],[-75.63002,39.95966],[-75.63044,39.96267],[-75.63306,39.96341],[-75.63491,39.96168],[-75.6372,39.96193],[-75.63886,39.96039],[-75.65198,39.95722],[-75.65547,39.95886],[-75.6534,39.96283],[-75.65765,39.96269],[-75.6605,39.96157],[-75.6588,39.95927],[-75.66315,39.95973],[-75.66583,39.95915],[-75.6661,39.9563],[-75.67031,39.95434],[-75.67085,39.95514],[-75.67579,39.95417],[-75.67567,39.95552],[-75.67827,39.95311],[-75.67752,39.95122],[-75.67945,39.95078],[-75.68157,39.95298],[-75.68415,39.95189],[-75.68507,39.95275],[-75.69217,39.95023],[-75.69133,39.94985],[-75.70285,39.94905],[-75.70514,39.94956],[-75.70658,39.95129],[-75.70922,39.95192],[-75.71195,39.95416],[-75.71404,39.95315],[-75.72127,39.95233],[-75.72311,39.95106],[-75.72596,39.95161],[-75.72419,39.95166],[-75.72777,39.95563],[-75.72897,39.95869],[-75.72586,39.96087]]]}},{"type":"Feature","properties":{"zcta":"08021","d":1807},"geometry":{"type":"Polygon","coordinates":[[[-75.04479,39.83055],[-75.04163,39.82957],[-75.03831,39.82961],[-75.0345,39.82952],[-75.02976,39.82531],[-75.0291,39.82234],[-75.02454,39.82105],[-75.02296,39.81995],[-75.01502,39.81895],[-75.01218,39.82368],[-75.00768,39.82442],[-75.00591,39.82674],[-75.00355,39.82587],[-74.99367,39.82532],[-74.99616,39.8297],[-75.00495,39.83413],[-75.00146,39.83662],[-74.99749,39.83528],[-74.98934,39.83413],[-74.98577,39.83416],[-74.98005,39.82712],[-74.97653,39.82621],[-74.97426,39.82724],[-74.96818,39.82598],[-74.96634,39.82095],[-74.96172,39.82092],[-74.95797,39.81759],[-74.95714,39.81685],[-74.95381,39.81389],[-74.95765,39.80936],[-74.96613,39.79974],[-74.96466,39.7985],[-74.96961,39.7963],[-74.97159,39.79245],[-74.97438,39.79336],[-74.96914,39.79043],[-74.95756,39.78145],[-74.95892,39.78029],[-74.96135,39.78199],[-74.96444,39.78021],[-74.96608,39.78079],[-74.9707,39.777],[-74.96387,39.77636],[-74.96379,39.77329],[-74.96677,39.77494],[-74.97406,39.77421],[-74.97404,39.77269],[-74.96699,39.76833],[-74.96844,39.76709],[-74.97272,39.77152],[-74.97865,39.77469],[-74.98144,39.77681],[-74.98663,39.77824],[-75.00325,39.78015],[-75.00802,39.77962],[-75.01072,39.78539],[-75.01402,39.79514],[-75.01662,39.79703],[-75.02154,39.79695],[-75.02348,39.79243],[-75.02093,39.79262],[-75.0221,39.79012],[-75.02847,39.79161],[-75.0299,39.78959],[-75.03757,39.7938],[-75.04799,39.81367],[-75.04733,39.81662],[-75.05094,39.81933],[-75.05484,39.82687],[-75.05097,39.828],[-75.04719,39.83239],[-75.04479,39.83055]]]}},{"type":"Feature","properties":{"zcta":"08086","d":605},"geometry":{"type":"MultiPolygon","coordinates":[[[[-75.14508,39.88374],[-75.13659,39.87768],[-75.13442,39.87382],[-75.13103,39.87132],[-75.13277,39.86991],[-75.13706,39.86917],[-75.13926,39.86957],[-75.14153,39.87262],[-75.14396,39.87316],[-75.15067,39.87009],[-75.15295,39.87054],[-75.15682,39.87501],[-75.15938,39.86756],[-75.1617,39.86552],[-75.16493,39.86407],[-75.16701,39.86194],[-75.16852,39.86242],[-75.17147,39.86901],[-75.17605,39.86776],[-75.17735,39.87005],[-75.18207,39.87212],[-75.18409,39.87364],[-75.18379,39.87504],[-75.18882,39.88082],[-75.18302,39.88201],[-75.14889,39.88373],[-75.14563,39.88453],[-75.14508,39.88374]]],[[[-75.19481,39.86371],[-75.19216,39.86444],[-75.19121,39.86279],[-75.19182,39.86039],[-75.18909,39.8611],[-75.18857,39.85839],[-75.18569,39.85906],[-75.18174,39.85677],[-75.17991,39.85949],[-75.17905,39.85823],[-75.17331,39.85761],[-75.16938,39.86268],[-75.16852,39.86242],[-75.16504,39.85536],[-75.17634,39.84945],[-75.16975,39.84638],[-75.16752,39.84687],[-75.16917,39.84209],[-75.16921,39.83969],[-75.17252,39.83954],[-75.17514,39.84227],[-75.1781,39.84137],[-75.1817,39.84234],[-75.18225,39.83916],[-75.17843,39.83624],[-75.1851,39.83332],[-75.18678,39.8356],[-75.18915,39.83459],[-75.18875,39.83091],[-75.19032,39.83056],[-75.18834,39.82712],[-75.18951,39.82603],[-75.18452,39.82068],[-75.18036,39.82255],[-75.18383,39.8261],[-75.18523,39.82602],[-75.18084,39.82936],[-75.1741,39.82261],[-75.17407,39.8189],[-75.18192,39.81485],[-75.18202,39.81383],[-75.17737,39.80915],[-75.19241,39.8018],[-75.19278,39.80128],[-75.19561,39.80198],[-75.19368,39.80255],[-75.19946,39.80463],[-75.20046,39.80369],[-75.20214,39.80637],[-75.20083,39.80681],[-75.20074,39.8095],[-75.2029,39.80999],[-75.2033,39.81229],[-75.19295,39.81696],[-75.19437,39.81744],[-75.19293,39.83392],[-75.19483,39.83887],[-75.19208,39.84103],[-75.19867,39.83807],[-75.20872,39.83412],[-75.21192,39.83747],[-75.21317,39.84035],[-75.2172,39.83915],[-75.21656,39.84048],[-75.21865,39.84391],[-75.21577,39.84696],[-75.21828,39.84938],[-75.21708,39.85183],[-75.21951,39.85572],[-75.22514,39.85259],[-75.22987,39.85833],[-75.22137,39.86154],[-75.20409,39.8712],[-75.19994,39.87318],[-75.19481,39.86371]]]]}},{"type":"Feature","properties":{"zcta":"18077","d":84},"geometry":{"type":"Polygon","coordinates":[[[-75.27794,40.5596],[-75.27231,40.56023],[-75.27285,40.56331],[-75.26659,40.56406],[-75.26856,40.56929],[-75.26737,40.57025],[-75.26851,40.57451],[-75.27084,40.57501],[-75.26691,40.57727],[-75.26816,40.57993],[-75.26498,40.58288],[-75.2605,40.58333],[-75.25474,40.58636],[-75.2586,40.5879],[-75.25673,40.5884],[-75.25825,40.59037],[-75.25635,40.59274],[-75.25722,40.59387],[-75.24865,40.59742],[-75.24524,40.59772],[-75.24261,40.59593],[-75.24025,40.59674],[-75.23941,40.59558],[-75.2345,40.59728],[-75.23262,40.59475],[-75.22915,40.59623],[-75.22867,40.59447],[-75.21344,40.60117],[-75.21476,40.59857],[-75.21307,40.59593],[-75.2065,40.60272],[-75.20322,40.60339],[-75.19823,40.60593],[-75.19863,40.60774],[-75.1968,40.60858],[-75.19592,40.60679],[-75.19229,40.60268],[-75.19015,40.59036],[-75.19166,40.58574],[-75.19355,40.58588],[-75.19657,40.58248],[-75.19709,40.58009],[-75.20353,40.58083],[-75.20477,40.58158],[-75.20575,40.58452],[-75.20755,40.58678],[-75.21096,40.58639],[-75.21287,40.58232],[-75.2103,40.58348],[-75.20777,40.58297],[-75.20522,40.58071],[-75.20599,40.57824],[-75.21054,40.57913],[-75.21284,40.57862],[-75.2154,40.57674],[-75.21889,40.57798],[-75.22469,40.57388],[-75.22089,40.57043],[-75.22278,40.56843],[-75.22175,40.56486],[-75.22288,40.56334],[-75.22088,40.56126],[-75.21969,40.55798],[-75.21774,40.55782],[-75.21434,40.55912],[-75.21362,40.55817],[-75.22159,40.5551],[-75.2222,40.55801],[-75.22542,40.55649],[-75.22541,40.55362],[-75.22768,40.55271],[-75.22656,40.55125],[-75.23198,40.54906],[-75.229,40.54503],[-75.23,40.54458],[-75.22774,40.54157],[-75.23101,40.54028],[-75.2308,40.53708],[-75.22882,40.53524],[-75.23027,40.53323],[-75.23647,40.53404],[-75.24177,40.53034],[-75.24407,40.531],[-75.24966,40.52781],[-75.25013,40.52842],[-75.25487,40.5275],[-75.25673,40.52992],[-75.25855,40.5306],[-75.26257,40.52828],[-75.26008,40.52628],[-75.26333,40.52259],[-75.26527,40.52199],[-75.27007,40.52197],[-75.275,40.52505],[-75.27398,40.52787],[-75.27389,40.53164],[-75.27492,40.53218],[-75.27673,40.53652],[-75.2784,40.53841],[-75.27508,40.54053],[-75.27384,40.54291],[-75.27653,40.5448],[-75.27459,40.54638],[-75.27789,40.54951],[-75.27781,40.55246],[-75.27628,40.5549],[-75.28285,40.55719],[-75.28014,40.55788],[-75.27794,40.5596]]]}},{"type":"Feature","properties":{"zcta":"08067","d":46},"geometry":{"type":"Polygon","coordinates":[[[-75.40427,39.79557],[-75.40769,39.79409],[-75.4113,39.79354],[-75.41302,39.79236],[-75.41933,39.78972],[-75.42168,39.7873],[-75.42906,39.78382],[-75.42472,39.78388],[-75.4174,39.78563],[-75.41351,39.78501],[-75.40917,39.78775],[-75.40752,39.78724],[-75.40642,39.78338],[-75.40799,39.78203],[-75.40593,39.78112],[-75.40401,39.78287],[-75.40248,39.78258],[-75.40017,39.77843],[-75.40052,39.77358],[-75.39938,39.77257],[-75.3966,39.77414],[-75.395,39.77385],[-75.39737,39.76923],[-75.40165,39.76788],[-75.40328,39.77004],[-75.40492,39.76904],[-75.40596,39.76348],[-75.4032,39.76125],[-75.39958,39.76147],[-75.39959,39.75872],[-75.39782,39.75747],[-75.39658,39.76128],[-75.38995,39.76051],[-75.39275,39.75798],[-75.38933,39.75642],[-75.39117,39.75531],[-75.39431,39.75555],[-75.39466,39.75312],[-75.39184,39.75001],[-75.39011,39.75185],[-75.38637,39.75084],[-75.38726,39.74951],[-75.38585,39.74697],[-75.38313,39.74578],[-75.37996,39.74812],[-75.37676,39.74494],[-75.37765,39.74036],[-75.37508,39.74029],[-75.37735,39.73906],[-75.37481,39.73715],[-75.3741,39.73537],[-75.37563,39.73189],[-75.37796,39.73046],[-75.37579,39.72997],[-75.37659,39.72642],[-75.37295,39.72403],[-75.37234,39.72477],[-75.36946,39.72336],[-75.37554,39.71601],[-75.37085,39.70797],[-75.36712,39.70564],[-75.38937,39.68162],[-75.39684,39.68539],[-75.40106,39.69135],[-75.40443,39.68949],[-75.40865,39.68962],[-75.41153,39.6934],[-75.40536,39.69604],[-75.4133,39.70416],[-75.42971,39.7133],[-75.43858,39.72208],[-75.45036,39.7443],[-75.45322,39.74576],[-75.44871,39.74947],[-75.45563,39.75432],[-75.45769,39.75259],[-75.4609,39.75226],[-75.46459,39.75462],[-75.46355,39.75701],[-75.46392,39.76076],[-75.45944,39.76581],[-75.45234,39.76901],[-75.4493,39.77444],[-75.45069,39.77506],[-75.4383,39.7844],[-75.40549,39.79637],[-75.40427,39.79557]]]}},{"type":"Feature","properties":{"zcta":"21902","d":0},"geometry":{"type":"Polygon","coordinates":[[[-76.06636,39.56016],[-76.06424,39.55745],[-76.05556,39.55595],[-76.05343,39.5542],[-76.04596,39.55017],[-76.04708,39.54644],[-76.05388,39.54672],[-76.05602,39.5461],[-76.06292,39.54655],[-76.06765,39.54784],[-76.07566,39.55267],[-76.07626,39.55455],[-76.07953,39.55633],[-76.06636,39.56016]]]}},{"type":"Feature","properties":{"zcta":"19140","d":6284},"geometry":{"type":"Polygon","coordinates":[[[-75.15802,40.02154],[-75.15903,40.0228],[-75.15424,40.02563],[-75.15328,40.02613],[-75.14789,40.02455],[-75.14563,40.02468],[-75.13842,40.02333],[-75.13326,40.0239],[-75.13517,40.02289],[-75.12792,40.02198],[-75.1277,40.02289],[-75.12398,40.02106],[-75.12509,40.01811],[-75.12729,40.0077],[-75.12926,39.99854],[-75.14285,40.00069],[-75.14242,40.00195],[-75.14772,39.99997],[-75.15062,40.00176],[-75.15689,40.00211],[-75.16576,40.00395],[-75.17036,40.00841],[-75.16687,40.0099],[-75.16778,40.01109],[-75.16189,40.01404],[-75.16166,40.01987],[-75.15802,40.02154]]]}},{"type":"Feature","properties":{"zcta":"19525","d":490},"geometry":{"type":"Polygon","coordinates":[[[-75.59128,40.34199],[-75.5887,40.34008],[-75.59067,40.3378],[-75.58151,40.3332],[-75.57855,40.3327],[-75.57839,40.33531],[-75.57644,40.33424],[-75.57795,40.33231],[-75.57633,40.3294],[-75.57745,40.32698],[-75.57691,40.32557],[-75.57884,40.32483],[-75.57859,40.32305],[-75.57186,40.32149],[-75.57003,40.32061],[-75.56923,40.31796],[-75.56603,40.31942],[-75.55802,40.32775],[-75.54994,40.32284],[-75.54855,40.32108],[-75.55369,40.31627],[-75.54885,40.31436],[-75.54143,40.31255],[-75.53394,40.3066],[-75.54669,40.29407],[-75.54555,40.2935],[-75.54965,40.28901],[-75.54392,40.28551],[-75.54733,40.27901],[-75.54579,40.27741],[-75.53998,40.27642],[-75.55063,40.26625],[-75.55215,40.26748],[-75.56059,40.27043],[-75.56435,40.27549],[-75.56861,40.27127],[-75.57304,40.27127],[-75.57689,40.27414],[-75.58091,40.27025],[-75.59985,40.28102],[-75.59923,40.28201],[-75.59142,40.28932],[-75.59703,40.29205],[-75.59924,40.29162],[-75.60423,40.29363],[-75.60383,40.29445],[-75.60786,40.2967],[-75.6102,40.29383],[-75.61535,40.2923],[-75.62007,40.29253],[-75.63652,40.30066],[-75.63744,40.30507],[-75.63669,40.30797],[-75.63338,40.3125],[-75.62397,40.32198],[-75.62227,40.32559],[-75.62084,40.33211],[-75.62153,40.33822],[-75.61853,40.33786],[-75.60828,40.35042],[-75.60998,40.35129],[-75.60656,40.35246],[-75.60443,40.3551],[-75.59896,40.3553],[-75.6005,40.35291],[-75.59713,40.35125],[-75.59513,40.35153],[-75.59436,40.35453],[-75.59181,40.35401],[-75.59069,40.355],[-75.58783,40.35375],[-75.59112,40.35049],[-75.58924,40.34958],[-75.58686,40.35175],[-75.58475,40.34993],[-75.59128,40.34199]]]}},{"type":"Feature","properties":{"zcta":"19702","d":951},"geometry":{"type":"Polygon","coordinates":[[[-75.78376,39.63943],[-75.76397,39.6455],[-75.7571,39.64697],[-75.74246,39.64707],[-75.74231,39.64464],[-75.74099,39.64334],[-75.73543,39.64126],[-75.73171,39.6417],[-75.73492,39.6481],[-75.70673,39.65379],[-75.70112,39.65568],[-75.69091,39.66116],[-75.6846,39.66692],[-75.67512,39.67203],[-75.66598,39.67923],[-75.6564,39.68401],[-75.62259,39.69465],[-75.62099,39.69118],[-75.62453,39.68829],[-75.62863,39.68796],[-75.62988,39.68491],[-75.63383,39.684],[-75.63076,39.68212],[-75.63392,39.67822],[-75.63561,39.67905],[-75.63501,39.68081],[-75.63717,39.68101],[-75.63737,39.67943],[-75.63983,39.67844],[-75.63695,39.67691],[-75.63643,39.67424],[-75.63863,39.67381],[-75.63897,39.67208],[-75.64209,39.67268],[-75.64383,39.6699],[-75.64204,39.66681],[-75.64867,39.66561],[-75.65017,39.66486],[-75.65485,39.66554],[-75.65677,39.66451],[-75.65509,39.66013],[-75.65872,39.65864],[-75.66206,39.65927],[-75.66696,39.65796],[-75.66888,39.6557],[-75.66822,39.65338],[-75.6692,39.65056],[-75.66535,39.64506],[-75.66413,39.64682],[-75.65862,39.64718],[-75.65698,39.64613],[-75.65906,39.63626],[-75.66007,39.6377],[-75.66464,39.63576],[-75.67208,39.6397],[-75.6751,39.6436],[-75.67705,39.63947],[-75.6807,39.63759],[-75.67785,39.63376],[-75.67065,39.62783],[-75.66688,39.62799],[-75.66528,39.62536],[-75.68165,39.61653],[-75.68221,39.61957],[-75.68502,39.62213],[-75.6908,39.62004],[-75.69147,39.62083],[-75.69612,39.61977],[-75.69476,39.6188],[-75.69775,39.61707],[-75.70288,39.62312],[-75.70283,39.62203],[-75.70909,39.62295],[-75.71253,39.62163],[-75.70544,39.61709],[-75.7007,39.61478],[-75.70501,39.61112],[-75.70765,39.60999],[-75.71528,39.61477],[-75.71691,39.61429],[-75.71538,39.61253],[-75.71449,39.60938],[-75.71527,39.60808],[-75.72359,39.60738],[-75.72576,39.60563],[-75.72591,39.60375],[-75.72811,39.6022],[-75.7374,39.60142],[-75.73722,39.59902],[-75.74016,39.59509],[-75.74068,39.59273],[-75.74037,39.5875],[-75.74231,39.58793],[-75.75287,39.58191],[-75.75208,39.57766],[-75.75856,39.57695],[-75.76193,39.57707],[-75.76449,39.57577],[-75.76312,39.56207],[-75.75771,39.55194],[-75.75373,39.54034],[-75.76068,39.53905],[-75.76795,39.53629],[-75.77468,39.5351],[-75.77958,39.53554],[-75.78002,39.54083],[-75.78079,39.55026],[-75.78754,39.63903],[-75.78376,39.63943]]]}},{"type":"Feature","properties":{"zcta":"19734","d":87},"geometry":{"type":"Polygon","coordinates":[[[-75.76098,39.39579],[-75.7559,39.39803],[-75.75392,39.39999],[-75.74979,39.40841],[-75.74134,39.40604],[-75.73669,39.40305],[-75.73349,39.40786],[-75.71983,39.41366],[-75.72726,39.42411],[-75.7277,39.42542],[-75.72514,39.42605],[-75.72015,39.42937],[-75.71702,39.43309],[-75.71539,39.43001],[-75.71194,39.42768],[-75.70959,39.43101],[-75.70627,39.43395],[-75.70148,39.43654],[-75.69437,39.4369],[-75.69368,39.43503],[-75.69586,39.43468],[-75.6953,39.43324],[-75.68914,39.43194],[-75.68745,39.43364],[-75.68689,39.4361],[-75.68416,39.43627],[-75.6826,39.43393],[-75.68091,39.43438],[-75.68081,39.43747],[-75.67599,39.43841],[-75.67298,39.44062],[-75.66552,39.4382],[-75.66602,39.43953],[-75.66412,39.44172],[-75.665,39.4429],[-75.673,39.44971],[-75.67465,39.45288],[-75.67451,39.45526],[-75.66818,39.45722],[-75.66312,39.45353],[-75.66428,39.44805],[-75.66338,39.44431],[-75.66064,39.44494],[-75.65905,39.44423],[-75.65946,39.44673],[-75.65562,39.44823],[-75.64997,39.44286],[-75.64479,39.44049],[-75.64131,39.43827],[-75.63735,39.441],[-75.63788,39.43918],[-75.63499,39.43665],[-75.63372,39.43441],[-75.6282,39.43731],[-75.62435,39.43615],[-75.61759,39.43281],[-75.61266,39.43487],[-75.6113,39.43793],[-75.60868,39.43979],[-75.60644,39.44527],[-75.60339,39.44603],[-75.60203,39.44737],[-75.5995,39.44659],[-75.59717,39.44796],[-75.59545,39.44518],[-75.59008,39.44569],[-75.59007,39.44753],[-75.58586,39.44818],[-75.58319,39.44595],[-75.57943,39.4476],[-75.57959,39.44943],[-75.57891,39.44788],[-75.57308,39.44537],[-75.57098,39.44249],[-75.57183,39.4389],[-75.55589,39.43035],[-75.53851,39.4165],[-75.53598,39.40938],[-75.52358,39.39158],[-75.52168,39.38787],[-75.52126,39.38165],[-75.5158,39.37835],[-75.513,39.36615],[-75.51597,39.36436],[-75.5169,39.36099],[-75.52142,39.35861],[-75.52325,39.35971],[-75.52588,39.35964],[-75.52845,39.35831],[-75.52726,39.35468],[-75.5287,39.35343],[-75.53191,39.3546],[-75.53428,39.35333],[-75.53585,39.35062],[-75.53899,39.35195],[-75.53987,39.35389],[-75.54159,39.35437],[-75.54522,39.35076],[-75.54811,39.35171],[-75.54813,39.35292],[-75.55163,39.35394],[-75.55468,39.35151],[-75.55384,39.34994],[-75.5511,39.34948],[-75.55104,39.34557],[-75.55422,39.3454],[-75.55738,39.3491],[-75.56052,39.34507],[-75.55998,39.34347],[-75.55785,39.34276],[-75.55833,39.33923],[-75.56556,39.33899],[-75.56628,39.3366],[-75.56905,39.33494],[-75.57269,39.33484],[-75.5794,39.3304],[-75.58597,39.33551],[-75.58648,39.33748],[-75.58395,39.33986],[-75.5855,39.34207],[-75.5852,39.34648],[-75.58807,39.34871],[-75.58867,39.3508],[-75.59256,39.3518],[-75.59535,39.35075],[-75.5911,39.35452],[-75.62173,39.36072],[-75.62551,39.35737],[-75.62517,39.35505],[-75.62627,39.35396],[-75.62918,39.35439],[-75.63267,39.35097],[-75.63187,39.34838],[-75.63613,39.34893],[-75.64181,39.35069],[-75.64478,39.34938],[-75.65332,39.35972],[-75.65559,39.36695],[-75.66189,39.35955],[-75.66216,39.35836],[-75.66579,39.361],[-75.66371,39.3631],[-75.66679,39.36433],[-75.66713,39.36271],[-75.67157,39.35597],[-75.67384,39.3599],[-75.67507,39.3594],[-75.67672,39.35603],[-75.67756,39.35223],[-75.68166,39.3477],[-75.68313,39.34378],[-75.68688,39.33806],[-75.69048,39.33547],[-75.69185,39.33256],[-75.68497,39.33077],[-75.68444,39.32652],[-75.68588,39.32202],[-75.69133,39.3216],[-75.69824,39.31943],[-75.70131,39.31636],[-75.70707,39.31192],[-75.70884,39.31158],[-75.71144,39.31719],[-75.71356,39.31885],[-75.72649,39.31636],[-75.73542,39.31639],[-75.73705,39.30582],[-75.74141,39.30467],[-75.74798,39.30476],[-75.74987,39.30098],[-75.76047,39.30128],[-75.76669,39.37754],[-75.76798,39.39332],[-75.76098,39.39579]]]}},{"type":"Feature","properties":{"zcta":"19732","d":0},"geometry":{"type":"Polygon","coordinates":[[[-75.56629,39.80968],[-75.5663,39.80887],[-75.55804,39.80886],[-75.56091,39.80662],[-75.56358,39.80636],[-75.56553,39.80462],[-75.56504,39.80033],[-75.56836,39.79873],[-75.56291,39.79712],[-75.56519,39.79467],[-75.56691,39.78864],[-75.57293,39.78582],[-75.57558,39.78591],[-75.57566,39.784],[-75.5799,39.78925],[-75.58032,39.79168],[-75.57522,39.79554],[-75.57507,39.79696],[-75.58228,39.79317],[-75.58666,39.79157],[-75.58798,39.79043],[-75.58525,39.79619],[-75.58652,39.79859],[-75.58922,39.7991],[-75.58693,39.80394],[-75.58115,39.80916],[-75.57629,39.8113],[-75.5698,39.81706],[-75.56629,39.80968]]]}},{"type":"Feature","properties":{"zcta":"19055","d":2459},"geometry":{"type":"Polygon","coordinates":[[[-74.85958,40.16389],[-74.85835,40.16409],[-74.85298,40.16226],[-74.84805,40.16459],[-74.84421,40.16456],[-74.84173,40.16549],[-74.83372,40.16227],[-74.81785,40.14063],[-74.82274,40.13694],[-74.83001,40.13265],[-74.83043,40.13321],[-74.835,40.12959],[-74.83649,40.13155],[-74.83532,40.13244],[-74.83731,40.13508],[-74.83825,40.13482],[-74.84248,40.13881],[-74.84185,40.14543],[-74.84599,40.14233],[-74.85543,40.15424],[-74.86207,40.1568],[-74.86167,40.15926],[-74.85958,40.16389]]]}},{"type":"Feature","properties":{"zcta":"19312","d":626},"geometry":{"type":"Polygon","coordinates":[[[-75.4707,40.06487],[-75.46207,40.06562],[-75.45559,40.0667],[-75.44258,40.07152],[-75.43727,40.07177],[-75.43637,40.07053],[-75.43571,40.06975],[-75.43846,40.06756],[-75.43332,40.06481],[-75.44157,40.06252],[-75.44026,40.05755],[-75.4381,40.05512],[-75.43713,40.05186],[-75.43225,40.04973],[-75.43279,40.04722],[-75.43664,40.04848],[-75.434,40.0455],[-75.43218,40.03605],[-75.43273,40.03447],[-75.43567,40.03388],[-75.43022,40.02731],[-75.42747,40.02785],[-75.42454,40.02588],[-75.42914,40.02229],[-75.42308,40.01438],[-75.43771,40.00447],[-75.43308,39.99987],[-75.43828,39.99381],[-75.44056,39.99191],[-75.4431,39.99371],[-75.45374,39.99361],[-75.44881,39.99689],[-75.4505,39.99916],[-75.45314,39.99655],[-75.45502,39.99725],[-75.45691,39.99611],[-75.45954,39.99696],[-75.46038,39.9986],[-75.46839,39.99484],[-75.47115,39.99739],[-75.47354,40.0023],[-75.4723,40.00276],[-75.46811,40.00038],[-75.46427,40.00014],[-75.46258,40.0013],[-75.46526,40.0077],[-75.47036,40.01155],[-75.4771,40.01444],[-75.47578,40.01837],[-75.46942,40.0176],[-75.46805,40.01901],[-75.46948,40.02019],[-75.47234,40.02571],[-75.47262,40.0294],[-75.47435,40.03176],[-75.46903,40.0336],[-75.46636,40.03075],[-75.46288,40.03331],[-75.46524,40.03635],[-75.46039,40.0392],[-75.46349,40.039],[-75.46353,40.04063],[-75.46095,40.04153],[-75.46998,40.05469],[-75.47531,40.05346],[-75.47961,40.05826],[-75.47945,40.05972],[-75.47636,40.06092],[-75.47438,40.06271],[-75.4707,40.06487]],[[-75.46126,40.02512],[-75.46029,40.02577],[-75.46469,40.03052],[-75.46568,40.03001],[-75.46126,40.02512]]]}},{"type":"Feature","properties":{"zcta":"18974","d":1211},"geometry":{"type":"Polygon","coordinates":[[[-75.1266,40.222],[-75.11099,40.23781],[-75.10922,40.2367],[-75.10679,40.23889],[-75.10425,40.23967],[-75.10565,40.24246],[-75.10873,40.2446],[-75.10732,40.246],[-75.10053,40.24193],[-75.0975,40.24487],[-75.09268,40.24192],[-75.08889,40.24563],[-75.08067,40.24081],[-75.07962,40.24186],[-75.0754,40.23977],[-75.07446,40.24098],[-75.07095,40.24061],[-75.06751,40.24187],[-75.06458,40.2401],[-75.06073,40.23906],[-75.05725,40.24147],[-75.05179,40.23864],[-75.05091,40.24328],[-75.04797,40.24477],[-75.04582,40.24316],[-75.04321,40.24387],[-75.04254,40.24565],[-75.03451,40.2495],[-75.03611,40.25098],[-75.03629,40.25377],[-75.03391,40.2556],[-75.03236,40.25532],[-75.02917,40.25328],[-75.02494,40.25242],[-75.02187,40.24905],[-75.02023,40.24829],[-75.0157,40.24928],[-75.01076,40.24937],[-75.00875,40.251],[-75.00821,40.24138],[-75.00952,40.23755],[-75.02918,40.21958],[-75.03258,40.21724],[-75.04927,40.20133],[-75.0438,40.19809],[-75.0712,40.17103],[-75.07341,40.1723],[-75.08079,40.17687],[-75.08013,40.17754],[-75.08482,40.18038],[-75.08548,40.1797],[-75.11263,40.1957],[-75.11066,40.19744],[-75.11315,40.19677],[-75.12275,40.20173],[-75.12232,40.20215],[-75.1294,40.20637],[-75.13364,40.20831],[-75.13311,40.20885],[-75.13727,40.2114],[-75.1266,40.222]]]}},{"type":"Feature","properties":{"zcta":"08060","d":612},"geometry":{"type":"Polygon","coordinates":[[[-74.86187,40.00759],[-74.85949,40.00808],[-74.87001,40.01227],[-74.86877,40.01303],[-74.86462,40.01203],[-74.86217,40.01758],[-74.86384,40.01789],[-74.85806,40.0323],[-74.85638,40.03194],[-74.85207,40.03135],[-74.84081,40.03064],[-74.8358,40.02842],[-74.83259,40.0276],[-74.82771,40.02534],[-74.82462,40.02473],[-74.82138,40.0364],[-74.8043,40.03833],[-74.79878,40.04071],[-74.79737,40.04414],[-74.78607,40.03766],[-74.77132,40.0296],[-74.76801,40.03859],[-74.76449,40.04122],[-74.76138,40.04211],[-74.75832,40.03151],[-74.75191,40.02162],[-74.7496,40.02229],[-74.74259,40.02264],[-74.73748,40.02481],[-74.73121,40.02526],[-74.72685,40.02569],[-74.72322,40.0226],[-74.72127,40.02223],[-74.73285,40.01779],[-74.73295,40.01607],[-74.73079,40.01525],[-74.73081,40.00909],[-74.73327,40.00898],[-74.71834,40.0007],[-74.71656,39.99972],[-74.71807,39.99686],[-74.71746,39.99463],[-74.71838,39.99303],[-74.73388,39.99721],[-74.73419,39.99171],[-74.73599,39.98243],[-74.72882,39.98186],[-74.72818,39.98005],[-74.72526,39.98006],[-74.72821,39.97989],[-74.72949,39.98147],[-74.73507,39.97996],[-74.73614,39.9808],[-74.73518,39.97718],[-74.73988,39.97821],[-74.74991,39.97884],[-74.75024,39.97805],[-74.76144,39.98039],[-74.7677,39.97933],[-74.79638,39.9847],[-74.8011,39.98828],[-74.80303,39.98961],[-74.80601,39.99716],[-74.8085,39.99615],[-74.81123,39.99916],[-74.8154,39.99702],[-74.8176,39.99851],[-74.82118,39.99707],[-74.82236,39.99488],[-74.82509,39.99452],[-74.82661,39.9968],[-74.8289,39.99684],[-74.83076,39.99485],[-74.83268,39.99729],[-74.83763,39.99764],[-74.83784,39.99922],[-74.8415,39.99748],[-74.84356,39.99955],[-74.85015,39.99866],[-74.85062,39.99694],[-74.8538,39.99633],[-74.85756,39.99804],[-74.86127,39.99651],[-74.868,39.99608],[-74.87242,39.99771],[-74.8679,40.0085],[-74.86187,40.00759]]]}},{"type":"Feature","properties":{"zcta":"19477","d":2549},"geometry":{"type":"Polygon","coordinates":[[[-75.23601,40.18722],[-75.23123,40.18367],[-75.23749,40.18231],[-75.23954,40.18361],[-75.23601,40.18722]]]}},{"type":"Feature","properties":{"zcta":"08103","d":2251},"geometry":{"type":"Polygon","coordinates":[[[-75.12904,39.94465],[-75.12645,39.9467],[-75.12378,39.94619],[-75.12436,39.94429],[-75.10447,39.94398],[-75.10599,39.94104],[-75.10567,39.93871],[-75.10274,39.94027],[-75.09712,39.9393],[-75.09483,39.93747],[-75.09122,39.93676],[-75.0885,39.93435],[-75.08677,39.93483],[-75.08601,39.9316],[-75.0873,39.92775],[-75.08649,39.92682],[-75.08154,39.92604],[-75.08991,39.92183],[-75.10104,39.92858],[-75.09944,39.92888],[-75.10276,39.93211],[-75.11286,39.93094],[-75.1164,39.92889],[-75.11769,39.93099],[-75.12377,39.93054],[-75.12362,39.92909],[-75.12847,39.92803],[-75.13502,39.92733],[-75.13612,39.93391],[-75.13579,39.94495],[-75.12904,39.94465]]]}},{"type":"Feature","properties":{"zcta":"08322","d":178},"geometry":{"type":"Polygon","coordinates":[[[-75.0489,39.65578],[-75.05081,39.65596],[-75.04977,39.66128],[-75.0462,39.66563],[-75.04468,39.66527],[-75.04228,39.6699],[-75.03167,39.66268],[-75.01439,39.65061],[-75.01551,39.64408],[-75.0144,39.64281],[-75.01445,39.63974],[-75.01271,39.63983],[-75.01269,39.63813],[-75.01481,39.63801],[-75.01478,39.63533],[-75.01625,39.63536],[-75.01577,39.63257],[-75.01246,39.63256],[-75.01251,39.6307],[-75.00459,39.63119],[-75.00038,39.63312],[-74.99521,39.63282],[-74.99023,39.6337],[-74.98332,39.62881],[-74.98197,39.61958],[-74.97953,39.61704],[-74.97499,39.61541],[-74.974,39.61663],[-74.96801,39.61797],[-74.95721,39.61034],[-74.96004,39.61005],[-74.96177,39.60361],[-74.96564,39.5914],[-74.9672,39.58994],[-74.97178,39.58862],[-74.97084,39.58824],[-74.97288,39.58548],[-74.97658,39.58691],[-74.97583,39.58225],[-74.98412,39.58128],[-74.98367,39.57868],[-74.98536,39.57843],[-74.98675,39.57413],[-74.99547,39.57431],[-74.99978,39.57551],[-75.00332,39.57521],[-75.0078,39.57849],[-75.02891,39.57599],[-75.03114,39.57755],[-75.03652,39.57967],[-75.04072,39.58043],[-75.04482,39.58008],[-75.04772,39.57804],[-75.05032,39.57871],[-75.0675,39.59873],[-75.07421,39.59726],[-75.07368,39.59495],[-75.07257,39.58127],[-75.07125,39.57796],[-75.06872,39.57465],[-75.06409,39.57031],[-75.07705,39.57938],[-75.08173,39.58558],[-75.0809,39.59034],[-75.0821,39.59205],[-75.08159,39.59492],[-75.08467,39.59393],[-75.08495,39.59222],[-75.08995,39.59295],[-75.08989,39.59517],[-75.08631,39.59466],[-75.08827,39.59642],[-75.09048,39.59663],[-75.08997,39.59986],[-75.09431,39.60076],[-75.10015,39.60108],[-75.10356,39.60752],[-75.10219,39.60797],[-75.09987,39.61169],[-75.09533,39.61039],[-75.09197,39.61032],[-75.09021,39.61194],[-75.09083,39.6135],[-75.09336,39.615],[-75.08942,39.6198],[-75.09165,39.62059],[-75.09317,39.62625],[-75.09759,39.63346],[-75.10158,39.63244],[-75.1061,39.63576],[-75.10184,39.63696],[-75.10271,39.63827],[-75.10032,39.64059],[-75.0489,39.65578]],[[-75.04823,39.6366],[-75.04625,39.63859],[-75.0426,39.63512],[-75.03872,39.63475],[-75.04483,39.63826],[-75.05111,39.64409],[-75.05233,39.63903],[-75.04823,39.6366]],[[-75.02811,39.63091],[-75.01979,39.63082],[-75.01975,39.63339],[-75.01778,39.63443],[-75.02919,39.63454],[-75.02924,39.63178],[-75.02811,39.63091]]]}},{"type":"Feature","properties":{"zcta":"19342","d":525},"geometry":{"type":"Polygon","coordinates":[[[-75.53776,39.89411],[-75.53551,39.88959],[-75.5279,39.89324],[-75.52478,39.89357],[-75.52121,39.89187],[-75.52019,39.88762],[-75.51714,39.88926],[-75.51138,39.88909],[-75.51651,39.8907],[-75.51821,39.8939],[-75.5135,39.89687],[-75.51372,39.89842],[-75.50952,39.90036],[-75.51038,39.90158],[-75.51605,39.89885],[-75.51869,39.90258],[-75.51282,39.90545],[-75.51762,39.91208],[-75.5272,39.90943],[-75.52775,39.91022],[-75.52855,39.9114],[-75.52615,39.91281],[-75.52791,39.9181],[-75.52683,39.92106],[-75.52551,39.92194],[-75.51886,39.92497],[-75.51795,39.92379],[-75.51186,39.92686],[-75.51399,39.92971],[-75.5102,39.93173],[-75.51157,39.93203],[-75.51762,39.93115],[-75.52286,39.92885],[-75.52454,39.9316],[-75.51957,39.93374],[-75.51947,39.93589],[-75.52157,39.93707],[-75.52243,39.93567],[-75.52574,39.9341],[-75.52714,39.93694],[-75.52841,39.93942],[-75.53044,39.94104],[-75.52013,39.94586],[-75.52211,39.94852],[-75.5128,39.95269],[-75.51264,39.95486],[-75.51395,39.95669],[-75.51114,39.95886],[-75.51261,39.96076],[-75.50936,39.96384],[-75.50679,39.96045],[-75.50213,39.95437],[-75.4939,39.95813],[-75.49193,39.9556],[-75.49661,39.9536],[-75.49586,39.95202],[-75.48931,39.94403],[-75.4866,39.94276],[-75.47699,39.94483],[-75.46938,39.94333],[-75.46308,39.94648],[-75.46106,39.94678],[-75.45904,39.94446],[-75.46104,39.94014],[-75.45993,39.93936],[-75.46233,39.93817],[-75.46035,39.93528],[-75.45923,39.93596],[-75.45599,39.93145],[-75.45126,39.93373],[-75.4486,39.93273],[-75.44609,39.93013],[-75.44477,39.92709],[-75.44961,39.9238],[-75.45093,39.92012],[-75.45293,39.92307],[-75.4556,39.92497],[-75.459,39.92604],[-75.4612,39.92403],[-75.46531,39.92225],[-75.46373,39.92054],[-75.47181,39.91411],[-75.47021,39.91219],[-75.4761,39.90764],[-75.47663,39.90556],[-75.47881,39.90281],[-75.47961,39.90004],[-75.48384,39.89802],[-75.48027,39.89726],[-75.47907,39.89428],[-75.47718,39.89277],[-75.47589,39.89082],[-75.46972,39.88529],[-75.46806,39.88304],[-75.46811,39.8776],[-75.47023,39.87717],[-75.47425,39.8786],[-75.48513,39.8738],[-75.48277,39.87149],[-75.48413,39.87111],[-75.48839,39.87221],[-75.49137,39.87082],[-75.48916,39.86823],[-75.49242,39.86676],[-75.48273,39.86131],[-75.48516,39.86016],[-75.4899,39.86081],[-75.49377,39.86235],[-75.49631,39.8612],[-75.49767,39.86202],[-75.50021,39.86104],[-75.50565,39.8636],[-75.50851,39.86877],[-75.52018,39.86326],[-75.51757,39.85905],[-75.52617,39.85495],[-75.53186,39.85147],[-75.53094,39.84711],[-75.53809,39.84947],[-75.54135,39.85506],[-75.54746,39.85476],[-75.54329,39.85665],[-75.54801,39.86592],[-75.54638,39.86587],[-75.54693,39.86843],[-75.54816,39.86856],[-75.54918,39.87391],[-75.5446,39.87356],[-75.54529,39.8791],[-75.54677,39.881],[-75.55198,39.88776],[-75.54337,39.89159],[-75.53776,39.89411]]]}},{"type":"Feature","properties":{"zcta":"19135","d":6061},"geometry":{"type":"Polygon","coordinates":[[[-75.07294,40.0285],[-75.07373,40.02978],[-75.06796,40.02658],[-75.064,40.02817],[-75.05998,40.02779],[-75.05787,40.02852],[-75.05872,40.03042],[-75.05542,40.03009],[-75.05207,40.03293],[-75.05097,40.03232],[-75.04149,40.03712],[-75.04086,40.03676],[-75.03813,40.03461],[-75.03574,40.03082],[-75.0308,40.02442],[-75.03467,40.02332],[-75.0323,40.02029],[-75.03055,40.01603],[-75.03422,40.01522],[-75.04289,40.01203],[-75.04709,40.00994],[-75.05228,40.00553],[-75.05845,40.01243],[-75.06222,40.01022],[-75.06435,40.00998],[-75.05878,40.01281],[-75.06134,40.01276],[-75.06479,40.01768],[-75.06761,40.02085],[-75.07478,40.02656],[-75.07294,40.0285]]]}},{"type":"Feature","properties":{"zcta":"19374","d":326},"geometry":{"type":"MultiPolygon","coordinates":[[[[-75.75005,39.81406],[-75.74726,39.81105],[-75.74752,39.80703],[-75.75126,39.80912],[-75.75226,39.81535],[-75.75005,39.81406]]],[[[-75.75818,39.84786],[-75.75101,39.8502],[-75.75161,39.84203],[-75.74901,39.83982],[-75.74764,39.83734],[-75.75403,39.83416],[-75.75365,39.83202],[-75.74343,39.83585],[-75.7412,39.83537],[-75.73866,39.83658],[-75.73844,39.83533],[-75.73527,39.83287],[-75.73678,39.8295],[-75.74059,39.82901],[-75.74272,39.82743],[-75.74494,39.82744],[-75.74983,39.82581],[-75.74951,39.82509],[-75.75316,39.82434],[-75.75397,39.82322],[-75.75226,39.81535],[-75.75327,39.81589],[-75.75423,39.81991],[-75.75589,39.82139],[-75.75834,39.8209],[-75.75989,39.82185],[-75.76178,39.83064],[-75.75764,39.83259],[-75.75917,39.83336],[-75.76182,39.83838],[-75.76392,39.84384],[-75.76629,39.84621],[-75.75818,39.84786]]]]}},{"type":"Feature","properties":{"zcta":"18969","d":483},"geometry":{"type":"Polygon","coordinates":[[[-75.37187,40.35137],[-75.36921,40.35132],[-75.36548,40.35262],[-75.36508,40.3511],[-75.35772,40.34933],[-75.35803,40.34511],[-75.35248,40.34087],[-75.34641,40.34119],[-75.34533,40.34238],[-75.3427,40.34137],[-75.34013,40.34159],[-75.33402,40.34427],[-75.32846,40.34387],[-75.32533,40.3469],[-75.31665,40.3418],[-75.31166,40.33579],[-75.30358,40.3438],[-75.3034,40.33457],[-75.29968,40.33397],[-75.29621,40.3308],[-75.29422,40.3317],[-75.29095,40.32942],[-75.29363,40.32719],[-75.29679,40.32867],[-75.30341,40.32235],[-75.30315,40.32444],[-75.30975,40.3231],[-75.31387,40.3215],[-75.31922,40.31648],[-75.32643,40.32069],[-75.32945,40.31764],[-75.33052,40.31868],[-75.33296,40.31623],[-75.33594,40.31945],[-75.33893,40.31654],[-75.33983,40.31915],[-75.34154,40.31703],[-75.34363,40.31726],[-75.34487,40.31478],[-75.3486,40.31369],[-75.3496,40.31476],[-75.35431,40.31228],[-75.35346,40.31176],[-75.35856,40.30702],[-75.36542,40.30413],[-75.36995,40.30025],[-75.37532,40.29507],[-75.38021,40.29795],[-75.3817,40.29654],[-75.38644,40.29813],[-75.39338,40.29894],[-75.39038,40.30408],[-75.39866,40.30921],[-75.40148,40.3065],[-75.40368,40.30723],[-75.40697,40.30254],[-75.41792,40.30879],[-75.42124,40.30473],[-75.4411,40.31717],[-75.4489,40.32517],[-75.44522,40.3258],[-75.43957,40.32591],[-75.43587,40.32436],[-75.43421,40.32532],[-75.43049,40.32202],[-75.42754,40.32266],[-75.42671,40.32563],[-75.42456,40.32431],[-75.41852,40.3302],[-75.41674,40.33047],[-75.41273,40.3342],[-75.41633,40.33733],[-75.41272,40.34094],[-75.40865,40.33819],[-75.40442,40.34284],[-75.40274,40.34186],[-75.39962,40.34509],[-75.39937,40.34652],[-75.39734,40.34534],[-75.39421,40.34842],[-75.39631,40.34963],[-75.39618,40.35117],[-75.38623,40.3556],[-75.38251,40.35632],[-75.38301,40.35805],[-75.37187,40.35137]]]}},{"type":"Feature","properties":{"zcta":"19362","d":91},"geometry":{"type":"Polygon","coordinates":[[[-76.07881,39.79174],[-76.07905,39.79034],[-76.07528,39.79106],[-76.07455,39.78956],[-76.07165,39.79081],[-76.0708,39.7877],[-76.06902,39.78725],[-76.06512,39.78924],[-76.06237,39.78806],[-76.06301,39.78961],[-76.05431,39.79283],[-76.05316,39.79243],[-76.04823,39.79512],[-76.04467,39.79358],[-76.04123,39.79129],[-76.03889,39.78806],[-76.02543,39.76641],[-76.01501,39.75747],[-76.01497,39.75188],[-76.01112,39.75113],[-76.00753,39.74889],[-76.00304,39.74788],[-76.0018,39.74522],[-75.9986,39.74394],[-75.9962,39.74052],[-75.99265,39.73733],[-75.99342,39.73658],[-75.9899,39.73484],[-75.98257,39.7333],[-75.978,39.73299],[-75.96546,39.73141],[-75.96436,39.72444],[-75.96215,39.72164],[-75.99865,39.72158],[-76.01307,39.72192],[-76.02762,39.72183],[-76.13558,39.72156],[-76.13645,39.72568],[-76.13404,39.72717],[-76.12826,39.72766],[-76.12497,39.72681],[-76.12225,39.72341],[-76.11926,39.72344],[-76.11834,39.72488],[-76.1206,39.73035],[-76.11988,39.73207],[-76.12076,39.73495],[-76.11955,39.73658],[-76.12166,39.73769],[-76.12135,39.73922],[-76.12334,39.74312],[-76.12662,39.74452],[-76.1287,39.7433],[-76.131,39.74554],[-76.13049,39.74709],[-76.13443,39.74964],[-76.13551,39.75308],[-76.13318,39.75337],[-76.13053,39.75876],[-76.1359,39.75941],[-76.13528,39.7616],[-76.1415,39.76235],[-76.14219,39.76774],[-76.1432,39.76964],[-76.13768,39.76874],[-76.13527,39.76924],[-76.13409,39.77259],[-76.13047,39.77765],[-76.12367,39.77749],[-76.11685,39.77898],[-76.11638,39.77707],[-76.11243,39.77289],[-76.1143,39.77622],[-76.11443,39.77969],[-76.10684,39.78097],[-76.10993,39.78305],[-76.10514,39.78691],[-76.10235,39.7901],[-76.09793,39.794],[-76.09518,39.79352],[-76.09415,39.79149],[-76.09126,39.78874],[-76.08555,39.78859],[-76.08262,39.7902],[-76.07881,39.79174]]]}},{"type":"Feature","properties":{"zcta":"19026","d":4423},"geometry":{"type":"Polygon","coordinates":[[[-75.29429,39.96184],[-75.29083,39.96333],[-75.28773,39.95933],[-75.28456,39.96014],[-75.2795,39.95496],[-75.27698,39.95399],[-75.28454,39.95031],[-75.28546,39.9483],[-75.2815,39.9467],[-75.28974,39.94311],[-75.28662,39.93763],[-75.28603,39.93545],[-75.29252,39.93221],[-75.29516,39.93455],[-75.2992,39.93417],[-75.30072,39.93585],[-75.30169,39.9389],[-75.30305,39.94018],[-75.30772,39.93793],[-75.30822,39.94053],[-75.31376,39.94404],[-75.31996,39.94294],[-75.32206,39.94431],[-75.32738,39.94485],[-75.32852,39.94625],[-75.32818,39.94891],[-75.33123,39.9499],[-75.3323,39.95296],[-75.33436,39.95451],[-75.33141,39.95914],[-75.32959,39.95839],[-75.32267,39.9583],[-75.32099,39.95669],[-75.3024,39.96489],[-75.29958,39.96177],[-75.29692,39.9629],[-75.29429,39.96184]]]}},{"type":"Feature","properties":{"zcta":"19087","d":1013},"geometry":{"type":"Polygon","coordinates":[[[-75.44072,40.09432],[-75.43786,40.08957],[-75.42012,40.0972],[-75.41466,40.08944],[-75.40682,40.07972],[-75.40265,40.08147],[-75.39853,40.08043],[-75.39493,40.08036],[-75.38911,40.08168],[-75.36625,40.07659],[-75.36669,40.07236],[-75.36266,40.06751],[-75.35611,40.06715],[-75.35182,40.06829],[-75.35082,40.06694],[-75.35817,40.06458],[-75.35681,40.06311],[-75.35624,40.06235],[-75.34427,40.06544],[-75.34156,40.06367],[-75.34226,40.06676],[-75.34102,40.06817],[-75.33714,40.06737],[-75.33381,40.06577],[-75.34013,40.06257],[-75.33805,40.06046],[-75.34116,40.05714],[-75.34367,40.05546],[-75.34946,40.05291],[-75.34664,40.0493],[-75.3478,40.04785],[-75.35321,40.03829],[-75.35496,40.03693],[-75.36001,40.03749],[-75.36648,40.03669],[-75.36643,40.03111],[-75.36907,40.03394],[-75.37322,40.03237],[-75.37466,40.03306],[-75.38139,40.03337],[-75.38468,40.03271],[-75.39503,40.02814],[-75.39639,40.02642],[-75.39539,40.02153],[-75.39333,40.01888],[-75.38901,40.01552],[-75.39455,40.0155],[-75.40131,40.02369],[-75.40387,40.02412],[-75.40434,40.02736],[-75.41499,40.04179],[-75.40654,40.04546],[-75.40659,40.04665],[-75.41546,40.04881],[-75.41033,40.0496],[-75.41799,40.05093],[-75.41382,40.05258],[-75.41408,40.05337],[-75.41067,40.05499],[-75.413,40.05528],[-75.41842,40.05849],[-75.42002,40.05815],[-75.4217,40.06042],[-75.42331,40.05985],[-75.42541,40.0629],[-75.42904,40.06236],[-75.43243,40.06508],[-75.42899,40.06626],[-75.43027,40.07052],[-75.42904,40.07245],[-75.43637,40.07053],[-75.43727,40.07177],[-75.44258,40.07152],[-75.45559,40.0667],[-75.46207,40.06562],[-75.4707,40.06487],[-75.47438,40.06271],[-75.47515,40.06313],[-75.47213,40.06616],[-75.47096,40.06909],[-75.47262,40.07015],[-75.47806,40.07747],[-75.45571,40.08026],[-75.44519,40.0824],[-75.44869,40.08734],[-75.45395,40.0866],[-75.45619,40.08778],[-75.44072,40.09432]]]}},{"type":"Feature","properties":{"zcta":"18041","d":213},"geometry":{"type":"Polygon","coordinates":[[[-75.46429,40.43691],[-75.46114,40.43483],[-75.46011,40.43253],[-75.46737,40.42548],[-75.4647,40.42395],[-75.4658,40.42246],[-75.46869,40.42417],[-75.47316,40.41976],[-75.47288,40.41682],[-75.47528,40.4163],[-75.47572,40.41798],[-75.47984,40.41613],[-75.48292,40.41794],[-75.49014,40.41407],[-75.49064,40.41252],[-75.48967,40.4096],[-75.49158,40.41236],[-75.49682,40.40983],[-75.49975,40.40779],[-75.49632,40.40418],[-75.49886,40.40332],[-75.5026,40.40004],[-75.50502,40.40172],[-75.5091,40.39874],[-75.51121,40.40023],[-75.51324,40.39886],[-75.51136,40.39678],[-75.51449,40.39609],[-75.51585,40.39235],[-75.51628,40.38729],[-75.51799,40.38427],[-75.52541,40.38565],[-75.52994,40.38927],[-75.53598,40.38174],[-75.55803,40.39249],[-75.55931,40.39326],[-75.55891,40.39784],[-75.56024,40.40046],[-75.56381,40.40468],[-75.55975,40.40972],[-75.56221,40.41199],[-75.56552,40.41358],[-75.5623,40.41753],[-75.56446,40.41843],[-75.5622,40.42136],[-75.56346,40.42261],[-75.56195,40.42419],[-75.55501,40.42089],[-75.55127,40.42097],[-75.55189,40.41936],[-75.54515,40.41608],[-75.54193,40.41543],[-75.53919,40.41734],[-75.53517,40.41892],[-75.53356,40.42167],[-75.53113,40.42388],[-75.53175,40.42518],[-75.52637,40.42456],[-75.52061,40.4212],[-75.5192,40.42235],[-75.52196,40.42406],[-75.52506,40.42476],[-75.52538,40.42613],[-75.52174,40.43019],[-75.51758,40.43221],[-75.51491,40.43553],[-75.51717,40.44057],[-75.51562,40.4439],[-75.51081,40.44674],[-75.50986,40.44936],[-75.50889,40.44783],[-75.50207,40.44304],[-75.49794,40.44086],[-75.49394,40.44348],[-75.48827,40.44412],[-75.48773,40.4473],[-75.49156,40.44995],[-75.48889,40.45167],[-75.48546,40.44837],[-75.48359,40.45022],[-75.48181,40.44911],[-75.47918,40.45162],[-75.47482,40.44966],[-75.47315,40.45129],[-75.47154,40.44697],[-75.46767,40.44713],[-75.45882,40.44191],[-75.46429,40.43691]]]}},{"type":"Feature","properties":{"zcta":"19437","d":0},"geometry":{"type":"MultiPolygon","coordinates":[[[[-75.23721,40.20461],[-75.23236,40.2015],[-75.22962,40.20086],[-75.23128,40.19837],[-75.23691,40.19393],[-75.23983,40.19233],[-75.24575,40.19565],[-75.23721,40.20461]]],[[[-75.25179,40.1739],[-75.25433,40.17193],[-75.27057,40.18088],[-75.26845,40.18305],[-75.26535,40.1838],[-75.27074,40.18594],[-75.26826,40.18785],[-75.26684,40.18752],[-75.26309,40.18899],[-75.26091,40.18719],[-75.25917,40.18748],[-75.26288,40.19177],[-75.26036,40.19357],[-75.25562,40.19116],[-75.25478,40.18857],[-75.25314,40.1876],[-75.25424,40.18645],[-75.25454,40.18213],[-75.24834,40.17482],[-75.25179,40.1739]],[[-75.26182,40.18238],[-75.26028,40.18461],[-75.26332,40.18591],[-75.26535,40.1838],[-75.26182,40.18238]]]]}},{"type":"Feature","properties":{"zcta":"18964","d":811},"geometry":{"type":"Polygon","coordinates":[[[-75.28899,40.32435],[-75.29014,40.3216],[-75.29161,40.31949],[-75.2897,40.31831],[-75.29451,40.31361],[-75.29822,40.31275],[-75.29681,40.31167],[-75.2988,40.31045],[-75.29788,40.30907],[-75.29977,40.30783],[-75.31768,40.29029],[-75.31185,40.28726],[-75.32176,40.27794],[-75.32753,40.28131],[-75.33599,40.27307],[-75.33363,40.27164],[-75.33348,40.26638],[-75.33898,40.26531],[-75.34358,40.26496],[-75.34984,40.26106],[-75.3476,40.2633],[-75.35126,40.26547],[-75.35222,40.26507],[-75.35052,40.26964],[-75.35665,40.27081],[-75.36911,40.29793],[-75.36995,40.30025],[-75.36542,40.30413],[-75.35856,40.30702],[-75.35346,40.31176],[-75.35431,40.31228],[-75.3496,40.31476],[-75.3486,40.31369],[-75.34487,40.31478],[-75.34363,40.31726],[-75.34154,40.31703],[-75.33983,40.31915],[-75.33893,40.31654],[-75.33594,40.31945],[-75.33296,40.31623],[-75.33052,40.31868],[-75.32945,40.31764],[-75.32643,40.32069],[-75.31922,40.31648],[-75.31387,40.3215],[-75.30975,40.3231],[-75.30315,40.32444],[-75.30341,40.32235],[-75.29679,40.32867],[-75.29363,40.32719],[-75.28899,40.32435]]]}},{"type":"Feature","properties":{"zcta":"08518","d":1602},"geometry":{"type":"MultiPolygon","coordinates":[[[[-74.77097,40.10406],[-74.77205,40.10369],[-74.76959,40.1008],[-74.76805,40.0949],[-74.77297,40.09562],[-74.78282,40.10673],[-74.77733,40.10909],[-74.77097,40.10406]]],[[[-74.80061,40.12281],[-74.79165,40.121],[-74.79328,40.11908],[-74.79008,40.11833],[-74.78758,40.11572],[-74.79294,40.11427],[-74.79046,40.11109],[-74.79393,40.10945],[-74.79567,40.11164],[-74.79846,40.11097],[-74.79582,40.10469],[-74.80645,40.11011],[-74.8177,40.11357],[-74.83044,40.11708],[-74.82623,40.12407],[-74.82253,40.12684],[-74.81612,40.12774],[-74.80534,40.1244],[-74.80061,40.12281]]]]}},{"type":"Feature","properties":{"zcta":"08095","d":0},"geometry":{"type":"Polygon","coordinates":[[[-74.86158,39.65453],[-74.86233,39.65729],[-74.855,39.65816],[-74.85376,39.65498],[-74.84458,39.64884],[-74.84796,39.63362],[-74.85176,39.63034],[-74.85894,39.63651],[-74.86926,39.64634],[-74.86706,39.64987],[-74.86158,39.65453]]]}},{"type":"Feature","properties":{"zcta":"19701","d":814},"geometry":{"type":"MultiPolygon","coordinates":[[[[-75.6426,39.6533],[-75.64232,39.65205],[-75.64514,39.65185],[-75.6426,39.6533]]],[[[-75.6525,39.66119],[-75.65094,39.65537],[-75.6469,39.65341],[-75.64461,39.64996],[-75.64161,39.6487],[-75.63404,39.64759],[-75.63244,39.64533],[-75.64052,39.6391],[-75.64361,39.63712],[-75.6576,39.62926],[-75.65119,39.62556],[-75.65096,39.62418],[-75.65559,39.6194],[-75.65746,39.61647],[-75.65576,39.61416],[-75.66159,39.61118],[-75.66439,39.60842],[-75.66485,39.60546],[-75.66146,39.60766],[-75.65805,39.60583],[-75.65525,39.60606],[-75.65662,39.60265],[-75.65972,39.6015],[-75.66281,39.59837],[-75.65771,39.57939],[-75.66171,39.58011],[-75.66179,39.5744],[-75.66342,39.55982],[-75.66126,39.55957],[-75.6557,39.55726],[-75.65276,39.55693],[-75.65163,39.55359],[-75.6485,39.55471],[-75.64712,39.554],[-75.65104,39.55264],[-75.66443,39.54554],[-75.68274,39.54212],[-75.68631,39.54197],[-75.69487,39.5425],[-75.71169,39.54388],[-75.71716,39.54335],[-75.7273,39.54173],[-75.75373,39.54034],[-75.75771,39.55194],[-75.76312,39.56207],[-75.76449,39.57577],[-75.76193,39.57707],[-75.75856,39.57695],[-75.75208,39.57766],[-75.75287,39.58191],[-75.74231,39.58793],[-75.74037,39.5875],[-75.74068,39.59273],[-75.74016,39.59509],[-75.73722,39.59902],[-75.7374,39.60142],[-75.72811,39.6022],[-75.72591,39.60375],[-75.72576,39.60563],[-75.72359,39.60738],[-75.71527,39.60808],[-75.71449,39.60938],[-75.71538,39.61253],[-75.71691,39.61429],[-75.71528,39.61477],[-75.70765,39.60999],[-75.70501,39.61112],[-75.7007,39.61478],[-75.70544,39.61709],[-75.71253,39.62163],[-75.70909,39.62295],[-75.70283,39.62203],[-75.70288,39.62312],[-75.69775,39.61707],[-75.69476,39.6188],[-75.69612,39.61977],[-75.69147,39.62083],[-75.6908,39.62004],[-75.68502,39.62213],[-75.68221,39.61957],[-75.68165,39.61653],[-75.66528,39.62536],[-75.66688,39.62799],[-75.67065,39.62783],[-75.67785,39.63376],[-75.6807,39.63759],[-75.67705,39.63947],[-75.6751,39.6436],[-75.67208,39.6397],[-75.66464,39.63576],[-75.66007,39.6377],[-75.65906,39.63626],[-75.65698,39.64613],[-75.65862,39.64718],[-75.66413,39.64682],[-75.66535,39.64506],[-75.6692,39.65056],[-75.66822,39.65338],[-75.66888,39.6557],[-75.66696,39.65796],[-75.66206,39.65927],[-75.65872,39.65864],[-75.65509,39.66013],[-75.6525,39.66119]]]]}},{"type":"Feature","properties":{"zcta":"19426","d":593},"geometry":{"type":"Polygon","coordinates":[[[-75.48779,40.22688],[-75.48364,40.22614],[-75.47113,40.22965],[-75.47448,40.23051],[-75.47033,40.23491],[-75.46331,40.23076],[-75.46544,40.23672],[-75.45534,40.23826],[-75.45631,40.24041],[-75.45329,40.24113],[-75.45172,40.23892],[-75.45263,40.23394],[-75.45192,40.22968],[-75.45241,40.22488],[-75.44704,40.22571],[-75.44192,40.22721],[-75.43663,40.23001],[-75.43517,40.23191],[-75.43041,40.23077],[-75.42708,40.23215],[-75.42892,40.23517],[-75.42373,40.23703],[-75.41194,40.23],[-75.41622,40.22569],[-75.41716,40.22604],[-75.41882,40.22173],[-75.41623,40.22012],[-75.41288,40.22148],[-75.40805,40.21881],[-75.40476,40.22068],[-75.39921,40.22314],[-75.39081,40.22234],[-75.38593,40.2212],[-75.37993,40.21851],[-75.37222,40.21406],[-75.37767,40.20875],[-75.37557,40.20787],[-75.36974,40.20785],[-75.36588,40.20684],[-75.36274,40.2101],[-75.35376,40.20594],[-75.35898,40.20338],[-75.36042,40.20119],[-75.35999,40.19945],[-75.36207,40.19764],[-75.36211,40.19607],[-75.36403,40.19416],[-75.35433,40.1886],[-75.35378,40.18935],[-75.35104,40.18781],[-75.34907,40.1863],[-75.34688,40.18303],[-75.35532,40.17577],[-75.36253,40.18012],[-75.36625,40.17602],[-75.36983,40.17876],[-75.36686,40.18214],[-75.36962,40.1838],[-75.3723,40.18118],[-75.37399,40.18211],[-75.37728,40.17827],[-75.37564,40.17732],[-75.38087,40.17212],[-75.38422,40.17407],[-75.38594,40.17241],[-75.39416,40.17735],[-75.40078,40.1703],[-75.4031,40.17164],[-75.40597,40.16981],[-75.40979,40.16914],[-75.40834,40.16778],[-75.40977,40.16588],[-75.41024,40.1608],[-75.41377,40.16284],[-75.41834,40.16446],[-75.42175,40.16173],[-75.41336,40.15666],[-75.4181,40.15416],[-75.42433,40.15279],[-75.42895,40.15109],[-75.42794,40.14654],[-75.43054,40.14583],[-75.43089,40.14745],[-75.43548,40.14767],[-75.43485,40.14865],[-75.43908,40.14927],[-75.44213,40.15049],[-75.44606,40.15068],[-75.44734,40.14903],[-75.44499,40.14673],[-75.44458,40.144],[-75.44188,40.13714],[-75.44455,40.13063],[-75.44449,40.12562],[-75.4484,40.12143],[-75.45319,40.11941],[-75.45101,40.1232],[-75.45079,40.12809],[-75.44775,40.13246],[-75.44727,40.13428],[-75.4542,40.13305],[-75.45796,40.13536],[-75.45421,40.13584],[-75.455,40.13736],[-75.45329,40.13787],[-75.4567,40.13998],[-75.45826,40.13853],[-75.462,40.14],[-75.46354,40.13961],[-75.46917,40.14022],[-75.47098,40.13854],[-75.47374,40.13909],[-75.47306,40.14043],[-75.47711,40.14264],[-75.47634,40.1434],[-75.48012,40.1448],[-75.47839,40.14657],[-75.48808,40.14893],[-75.49004,40.15113],[-75.48794,40.15053],[-75.48607,40.15254],[-75.48691,40.15384],[-75.4801,40.16127],[-75.48941,40.16523],[-75.49727,40.16973],[-75.49534,40.17218],[-75.50285,40.17642],[-75.504,40.17652],[-75.49842,40.18313],[-75.49985,40.18394],[-75.49517,40.18856],[-75.49759,40.19001],[-75.49626,40.19217],[-75.49947,40.19405],[-75.50083,40.19387],[-75.50665,40.19765],[-75.50391,40.20065],[-75.5048,40.20236],[-75.5016,40.20072],[-75.49941,40.20291],[-75.49563,40.20074],[-75.49544,40.1996],[-75.49225,40.20113],[-75.49016,40.20462],[-75.49289,40.20327],[-75.49581,40.20496],[-75.49602,40.20707],[-75.49861,40.20663],[-75.49594,40.20846],[-75.49746,40.20941],[-75.49384,40.21135],[-75.49478,40.21185],[-75.49215,40.2137],[-75.49144,40.21563],[-75.49611,40.21841],[-75.49538,40.21914],[-75.49057,40.21649],[-75.48826,40.21883],[-75.49205,40.22109],[-75.48983,40.22327],[-75.48998,40.22465],[-75.48779,40.22688]]]}},{"type":"Feature","properties":{"zcta":"19086","d":1473},"geometry":{"type":"Polygon","coordinates":[[[-75.35831,39.91087],[-75.3597,39.90868],[-75.35805,39.90733],[-75.35821,39.90454],[-75.36139,39.90316],[-75.36059,39.90138],[-75.35714,39.90134],[-75.3569,39.899],[-75.35532,39.89869],[-75.35618,39.89531],[-75.35886,39.89305],[-75.35677,39.89131],[-75.3565,39.88927],[-75.35777,39.88742],[-75.35612,39.88669],[-75.35471,39.88374],[-75.35109,39.88375],[-75.35041,39.88125],[-75.3565,39.87214],[-75.35583,39.87384],[-75.3613,39.87232],[-75.3662,39.87323],[-75.36666,39.87022],[-75.36847,39.87044],[-75.37616,39.87358],[-75.37839,39.87488],[-75.38215,39.87396],[-75.38503,39.87599],[-75.38382,39.8811],[-75.38671,39.88595],[-75.38608,39.88808],[-75.39007,39.89],[-75.38763,39.89334],[-75.3857,39.89299],[-75.38477,39.89434],[-75.38752,39.89433],[-75.38669,39.8964],[-75.38511,39.89626],[-75.38197,39.89906],[-75.38286,39.89935],[-75.38124,39.90227],[-75.37888,39.90134],[-75.37742,39.90321],[-75.38197,39.90355],[-75.38173,39.90574],[-75.38348,39.90688],[-75.38185,39.90823],[-75.38193,39.91131],[-75.37888,39.91215],[-75.37842,39.91119],[-75.37568,39.91359],[-75.37242,39.91101],[-75.36869,39.90991],[-75.36231,39.91152],[-75.36233,39.91283],[-75.35986,39.91277],[-75.35831,39.91087]]]}},{"type":"Feature","properties":{"zcta":"19018","d":4356},"geometry":{"type":"Polygon","coordinates":[[[-75.31438,39.91652],[-75.3103,39.91889],[-75.31136,39.92031],[-75.3104,39.93374],[-75.30772,39.93793],[-75.30305,39.94018],[-75.30169,39.9389],[-75.30072,39.93585],[-75.2992,39.93417],[-75.29516,39.93455],[-75.29252,39.93221],[-75.28603,39.93545],[-75.28487,39.93542],[-75.28345,39.93177],[-75.28128,39.9307],[-75.27837,39.9268],[-75.27238,39.92919],[-75.27152,39.92605],[-75.27074,39.92516],[-75.28905,39.91699],[-75.29273,39.91527],[-75.29478,39.91644],[-75.30489,39.91182],[-75.30674,39.91159],[-75.30519,39.90984],[-75.30533,39.90757],[-75.30001,39.90532],[-75.30048,39.90461],[-75.30296,39.90545],[-75.3049,39.90444],[-75.30742,39.90773],[-75.31454,39.90484],[-75.31848,39.91131],[-75.32245,39.9096],[-75.31939,39.91169],[-75.31438,39.91652]]]}},{"type":"Feature","properties":{"zcta":"18944","d":291},"geometry":{"type":"Polygon","coordinates":[[[-75.29448,40.4109],[-75.29448,40.41345],[-75.29131,40.4165],[-75.28549,40.42068],[-75.27999,40.42334],[-75.27688,40.42084],[-75.27447,40.42313],[-75.27299,40.4258],[-75.26732,40.43161],[-75.26485,40.43602],[-75.26141,40.4324],[-75.25652,40.42929],[-75.25379,40.43042],[-75.2551,40.43266],[-75.25329,40.43542],[-75.24921,40.43656],[-75.24738,40.43848],[-75.2408,40.44171],[-75.24046,40.44446],[-75.23817,40.44747],[-75.23808,40.44983],[-75.23341,40.45098],[-75.23421,40.45455],[-75.23032,40.45862],[-75.22914,40.4628],[-75.22658,40.46436],[-75.21875,40.46456],[-75.2184,40.46794],[-75.21625,40.46984],[-75.21239,40.4703],[-75.20727,40.46875],[-75.20151,40.4691],[-75.19997,40.47162],[-75.19546,40.47133],[-75.19372,40.47312],[-75.194,40.47525],[-75.18945,40.47402],[-75.18849,40.47186],[-75.18662,40.46944],[-75.1822,40.46907],[-75.19425,40.46321],[-75.19905,40.46266],[-75.19972,40.4632],[-75.19622,40.46643],[-75.19811,40.46618],[-75.20736,40.46314],[-75.20723,40.46188],[-75.20356,40.45956],[-75.20627,40.45707],[-75.19519,40.45009],[-75.19684,40.44779],[-75.19148,40.44457],[-75.19008,40.44588],[-75.18412,40.448],[-75.18168,40.4438],[-75.1902,40.43585],[-75.18833,40.43372],[-75.18342,40.43068],[-75.17924,40.42605],[-75.17383,40.42267],[-75.17658,40.42157],[-75.18894,40.41489],[-75.18715,40.4132],[-75.18851,40.41022],[-75.18235,40.40619],[-75.17747,40.40622],[-75.1736,40.40795],[-75.17302,40.40534],[-75.16829,40.40891],[-75.168,40.41023],[-75.16019,40.41721],[-75.1561,40.41763],[-75.1517,40.412],[-75.15417,40.40936],[-75.15225,40.40678],[-75.15434,40.40477],[-75.16509,40.39876],[-75.16809,40.39581],[-75.16568,40.3936],[-75.16523,40.39146],[-75.16236,40.38972],[-75.1678,40.38439],[-75.17873,40.37364],[-75.17548,40.37168],[-75.18216,40.3659],[-75.18603,40.3664],[-75.18419,40.36821],[-75.18652,40.3696],[-75.18528,40.37093],[-75.18881,40.37317],[-75.19091,40.37114],[-75.19377,40.3722],[-75.20044,40.37624],[-75.20389,40.37927],[-75.20436,40.38273],[-75.21409,40.37305],[-75.20425,40.3661],[-75.20047,40.36816],[-75.19619,40.36543],[-75.20003,40.36166],[-75.19661,40.35926],[-75.19302,40.36297],[-75.19026,40.36061],[-75.18729,40.36284],[-75.18137,40.35939],[-75.18064,40.35895],[-75.18243,40.35785],[-75.1802,40.35641],[-75.18635,40.3532],[-75.18395,40.35179],[-75.18575,40.34981],[-75.18996,40.34588],[-75.19369,40.34822],[-75.2,40.34206],[-75.20541,40.34562],[-75.20847,40.34137],[-75.207,40.34047],[-75.21314,40.33606],[-75.21622,40.33871],[-75.21831,40.33688],[-75.21523,40.33448],[-75.21609,40.33202],[-75.22242,40.32901],[-75.22323,40.32708],[-75.22799,40.33131],[-75.22985,40.33131],[-75.23488,40.32665],[-75.2357,40.32719],[-75.23751,40.32997],[-75.23898,40.32717],[-75.24606,40.32323],[-75.24438,40.32204],[-75.24647,40.31851],[-75.24793,40.31946],[-75.25166,40.31728],[-75.25236,40.3185],[-75.25594,40.31652],[-75.25819,40.31799],[-75.25617,40.32026],[-75.25543,40.32154],[-75.25954,40.32439],[-75.25777,40.32608],[-75.26042,40.32764],[-75.26043,40.32901],[-75.26294,40.33326],[-75.25968,40.33423],[-75.25402,40.33385],[-75.25002,40.3377],[-75.25513,40.3405],[-75.25687,40.33881],[-75.26099,40.34132],[-75.26299,40.33937],[-75.26621,40.34223],[-75.26902,40.34229],[-75.2649,40.34601],[-75.26868,40.34816],[-75.27,40.34682],[-75.27141,40.34772],[-75.27614,40.34283],[-75.27749,40.3415],[-75.28105,40.34273],[-75.28718,40.34596],[-75.28873,40.34853],[-75.28731,40.35122],[-75.29457,40.35564],[-75.30291,40.3658],[-75.30383,40.36509],[-75.31173,40.37171],[-75.3104,40.37592],[-75.31154,40.37853],[-75.30956,40.3797],[-75.31076,40.38129],[-75.30802,40.38219],[-75.30568,40.38021],[-75.30333,40.38184],[-75.30515,40.38339],[-75.3041,40.38616],[-75.29777,40.38222],[-75.29023,40.38563],[-75.29033,40.3874],[-75.29388,40.38563],[-75.29706,40.3859],[-75.29806,40.3879],[-75.29583,40.38808],[-75.2918,40.39043],[-75.29313,40.39125],[-75.29094,40.39262],[-75.29333,40.39267],[-75.29877,40.39663],[-75.29915,40.39782],[-75.3086,40.40946],[-75.29448,40.4109]]]}},{"type":"Feature","properties":{"zcta":"08078","d":2057},"geometry":{"type":"Polygon","coordinates":[[[-75.10171,39.85776],[-75.09429,39.85577],[-75.09342,39.85402],[-75.08825,39.8536],[-75.08655,39.85476],[-75.08618,39.85708],[-75.08236,39.86064],[-75.07924,39.86039],[-75.07633,39.86166],[-75.07298,39.86201],[-75.07073,39.86081],[-75.06372,39.86],[-75.0594,39.85484],[-75.0587,39.85308],[-75.05272,39.85373],[-75.05249,39.85225],[-75.0498,39.85222],[-75.04923,39.85065],[-75.05247,39.85079],[-75.05617,39.85002],[-75.05566,39.84899],[-75.0832,39.84082],[-75.08385,39.8405],[-75.08327,39.84209],[-75.0851,39.84457],[-75.08909,39.84424],[-75.08943,39.84697],[-75.09261,39.84892],[-75.09412,39.85195],[-75.09954,39.85447],[-75.10325,39.85625],[-75.10171,39.85776]]]}},{"type":"Feature","properties":{"zcta":"08096","d":1217},"geometry":{"type":"Polygon","coordinates":[[[-75.17843,39.83624],[-75.18225,39.83916],[-75.1817,39.84234],[-75.1781,39.84137],[-75.17514,39.84227],[-75.17252,39.83954],[-75.16921,39.83969],[-75.16917,39.84209],[-75.16752,39.84687],[-75.16975,39.84638],[-75.17634,39.84945],[-75.16504,39.85536],[-75.16055,39.85677],[-75.15515,39.85653],[-75.14579,39.85918],[-75.14721,39.86104],[-75.15101,39.8609],[-75.14194,39.86496],[-75.13553,39.86191],[-75.14073,39.85489],[-75.14295,39.8507],[-75.13603,39.84932],[-75.1352,39.84759],[-75.13845,39.84715],[-75.1394,39.84432],[-75.13196,39.84557],[-75.1269,39.84189],[-75.12509,39.84127],[-75.125,39.83745],[-75.1086,39.84999],[-75.10417,39.8525],[-75.09954,39.85447],[-75.09412,39.85195],[-75.09261,39.84892],[-75.08943,39.84697],[-75.08909,39.84424],[-75.0851,39.84457],[-75.08327,39.84209],[-75.08385,39.8405],[-75.08693,39.83846],[-75.08521,39.83685],[-75.08493,39.8347],[-75.08311,39.83364],[-75.08676,39.83148],[-75.08495,39.83052],[-75.08278,39.82706],[-75.08564,39.82505],[-75.08546,39.82304],[-75.08856,39.82045],[-75.08655,39.81571],[-75.08862,39.81493],[-75.08293,39.81064],[-75.08053,39.80783],[-75.08064,39.80556],[-75.07734,39.80634],[-75.07535,39.80409],[-75.07754,39.80118],[-75.08397,39.79469],[-75.08919,39.79404],[-75.09367,39.79856],[-75.09691,39.79918],[-75.09479,39.80554],[-75.09825,39.80519],[-75.09943,39.80382],[-75.10246,39.80437],[-75.10442,39.80653],[-75.10579,39.81316],[-75.10645,39.81351],[-75.10524,39.80785],[-75.1072,39.80723],[-75.11362,39.8103],[-75.11693,39.80805],[-75.11714,39.8066],[-75.12271,39.80586],[-75.12408,39.80385],[-75.12818,39.80401],[-75.12899,39.80846],[-75.13157,39.81095],[-75.13572,39.80948],[-75.13547,39.80692],[-75.14238,39.8035],[-75.14473,39.80318],[-75.14593,39.80723],[-75.1428,39.80885],[-75.13576,39.80969],[-75.1371,39.81324],[-75.13873,39.81452],[-75.13708,39.81552],[-75.13969,39.81907],[-75.143,39.81952],[-75.14325,39.81749],[-75.14879,39.81976],[-75.14788,39.821],[-75.15037,39.82643],[-75.1526,39.82741],[-75.15285,39.83049],[-75.15577,39.82632],[-75.16034,39.82475],[-75.16573,39.81101],[-75.16879,39.8031],[-75.1738,39.80565],[-75.17737,39.80915],[-75.18202,39.81383],[-75.18192,39.81485],[-75.17407,39.8189],[-75.1741,39.82261],[-75.18084,39.82936],[-75.1851,39.83332],[-75.17843,39.83624]]]}},{"type":"Feature","properties":{"zcta":"08027","d":347},"geometry":{"type":"Polygon","coordinates":[[[-75.34147,39.84616],[-75.33043,39.84901],[-75.31854,39.84994],[-75.31653,39.84999],[-75.30967,39.85018],[-75.29338,39.84878],[-75.27214,39.84909],[-75.26809,39.84987],[-75.25678,39.85204],[-75.25386,39.84782],[-75.2583,39.84738],[-75.26873,39.84517],[-75.26823,39.84219],[-75.26981,39.84065],[-75.27445,39.83919],[-75.27761,39.84018],[-75.28298,39.83939],[-75.28299,39.83771],[-75.27998,39.83546],[-75.27806,39.83514],[-75.27484,39.8328],[-75.26491,39.83001],[-75.26294,39.82988],[-75.25253,39.83265],[-75.25612,39.82621],[-75.25487,39.82639],[-75.23879,39.82054],[-75.24223,39.81928],[-75.25107,39.81884],[-75.2711,39.80522],[-75.28588,39.79343],[-75.28628,39.79283],[-75.28852,39.79325],[-75.28797,39.79695],[-75.28999,39.80044],[-75.29009,39.80344],[-75.29207,39.80591],[-75.29951,39.81009],[-75.30132,39.81397],[-75.306,39.81608],[-75.30882,39.81668],[-75.31107,39.81934],[-75.31413,39.82039],[-75.31443,39.82215],[-75.31779,39.82161],[-75.31974,39.82419],[-75.32092,39.8226],[-75.32266,39.82328],[-75.32287,39.82534],[-75.32438,39.8253],[-75.32692,39.82724],[-75.32777,39.82514],[-75.32904,39.82826],[-75.33196,39.83128],[-75.3344,39.83101],[-75.33549,39.83058],[-75.34518,39.84276],[-75.34566,39.84418],[-75.34147,39.84616]]]}},{"type":"Feature","properties":{"zcta":"08010","d":1451},"geometry":{"type":"Polygon","coordinates":[[[-74.92513,40.07106],[-74.92087,40.0714],[-74.91342,40.07036],[-74.90911,40.07021],[-74.8991,40.07311],[-74.89761,40.07019],[-74.89486,40.07165],[-74.89336,40.06885],[-74.89591,40.06675],[-74.89139,40.05653],[-74.88943,40.05565],[-74.91562,40.03867],[-74.91753,40.03755],[-74.91525,40.03719],[-74.91525,40.03516],[-74.92144,40.02837],[-74.91946,40.02438],[-74.92073,40.02374],[-74.92215,40.02907],[-74.92458,40.02981],[-74.92815,40.02858],[-74.93215,40.02882],[-74.92589,40.03287],[-74.92507,40.03909],[-74.92776,40.04261],[-74.93058,40.04937],[-74.93378,40.05567],[-74.92833,40.05723],[-74.93258,40.06881],[-74.92513,40.07106]]]}},{"type":"Feature","properties":{"zcta":"19390","d":265},"geometry":{"type":"Polygon","coordinates":[[[-75.86995,39.82723],[-75.87291,39.83425],[-75.8741,39.83888],[-75.87235,39.84558],[-75.87037,39.84937],[-75.86713,39.84939],[-75.86326,39.84666],[-75.85786,39.84907],[-75.85802,39.8502],[-75.85209,39.85071],[-75.85028,39.8406],[-75.84949,39.84445],[-75.84709,39.84838],[-75.84809,39.85015],[-75.84514,39.85008],[-75.84612,39.85351],[-75.84425,39.8537],[-75.8456,39.85704],[-75.84626,39.86103],[-75.84362,39.86125],[-75.84851,39.86272],[-75.84901,39.86651],[-75.85229,39.88229],[-75.85033,39.88328],[-75.8455,39.88315],[-75.84185,39.88413],[-75.84144,39.88749],[-75.83917,39.8887],[-75.836,39.89249],[-75.834,39.89756],[-75.8313,39.89869],[-75.82301,39.90409],[-75.82304,39.90544],[-75.82079,39.9075],[-75.82116,39.90967],[-75.81825,39.91317],[-75.81602,39.91345],[-75.81596,39.90978],[-75.81401,39.90345],[-75.8106,39.8997],[-75.80982,39.89368],[-75.80729,39.89367],[-75.80467,39.8955],[-75.79845,39.90204],[-75.79804,39.90522],[-75.79066,39.90161],[-75.79195,39.89833],[-75.7925,39.89135],[-75.79629,39.88936],[-75.79569,39.88474],[-75.78267,39.88589],[-75.78565,39.88354],[-75.79132,39.87666],[-75.79153,39.8743],[-75.78585,39.8717],[-75.78499,39.8647],[-75.78368,39.85806],[-75.78798,39.85656],[-75.79041,39.85832],[-75.80214,39.85744],[-75.80374,39.85687],[-75.80309,39.85446],[-75.80087,39.85105],[-75.79589,39.85006],[-75.79822,39.84587],[-75.80627,39.84364],[-75.8028,39.84025],[-75.80934,39.83704],[-75.79835,39.83407],[-75.80177,39.83128],[-75.8089,39.83063],[-75.81455,39.82716],[-75.81229,39.82553],[-75.81056,39.82229],[-75.81207,39.82107],[-75.81076,39.81894],[-75.80753,39.82029],[-75.80592,39.82003],[-75.80286,39.8158],[-75.8059,39.81387],[-75.80869,39.81055],[-75.80846,39.8085],[-75.80327,39.81093],[-75.80235,39.80961],[-75.80618,39.80887],[-75.81003,39.80657],[-75.81315,39.79959],[-75.8086,39.7994],[-75.80929,39.79799],[-75.80875,39.79393],[-75.82397,39.79283],[-75.82278,39.78906],[-75.81981,39.78818],[-75.81877,39.7866],[-75.82241,39.78468],[-75.83,39.78274],[-75.83268,39.7831],[-75.83316,39.78974],[-75.84163,39.78903],[-75.85188,39.78813],[-75.85349,39.78991],[-75.85382,39.7878],[-75.85605,39.78601],[-75.85862,39.78796],[-75.85856,39.78636],[-75.8614,39.78516],[-75.86101,39.78246],[-75.86712,39.78478],[-75.86864,39.78328],[-75.87099,39.78379],[-75.87562,39.78227],[-75.88066,39.78652],[-75.88229,39.78875],[-75.88556,39.79005],[-75.89089,39.78983],[-75.88991,39.79187],[-75.89587,39.7936],[-75.8966,39.79216],[-75.90572,39.79317],[-75.90513,39.79588],[-75.90683,39.80106],[-75.90369,39.80387],[-75.9051,39.80602],[-75.90293,39.80882],[-75.90915,39.80901],[-75.90815,39.81083],[-75.912,39.8136],[-75.91281,39.81556],[-75.91093,39.81712],[-75.90002,39.82154],[-75.8968,39.82205],[-75.89894,39.82488],[-75.89522,39.82558],[-75.88772,39.82608],[-75.86995,39.82723]]]}},{"type":"Feature","properties":{"zcta":"19128","d":2715},"geometry":{"type":"Polygon","coordinates":[[[-75.25629,40.06108],[-75.25221,40.06528],[-75.24329,40.07349],[-75.24732,40.07632],[-75.24189,40.08188],[-75.23889,40.08041],[-75.23766,40.0816],[-75.23446,40.08214],[-75.23295,40.08362],[-75.22744,40.08121],[-75.22547,40.07925],[-75.22301,40.07409],[-75.22565,40.0714],[-75.22083,40.06686],[-75.22382,40.06442],[-75.22224,40.06089],[-75.2179,40.0554],[-75.21682,40.0524],[-75.21455,40.05046],[-75.21146,40.0471],[-75.21204,40.0442],[-75.21031,40.04061],[-75.20561,40.03506],[-75.20318,40.03489],[-75.20102,40.03634],[-75.1996,40.03239],[-75.19805,40.03084],[-75.19708,40.0274],[-75.19333,40.02755],[-75.1956,40.02432],[-75.20078,40.02138],[-75.20255,40.01794],[-75.20535,40.01671],[-75.2069,40.01496],[-75.2087,40.01548],[-75.21279,40.01834],[-75.21147,40.01895],[-75.21511,40.02362],[-75.2182,40.02497],[-75.22321,40.02908],[-75.22608,40.03381],[-75.22791,40.03485],[-75.23103,40.0331],[-75.23405,40.0357],[-75.23627,40.03481],[-75.24104,40.03742],[-75.2442,40.03831],[-75.24711,40.0421],[-75.25037,40.0444],[-75.2513,40.04351],[-75.2551,40.04612],[-75.25765,40.04761],[-75.26443,40.05409],[-75.25629,40.06108]]]}},{"type":"Feature","properties":{"zcta":"19044","d":1084},"geometry":{"type":"Polygon","coordinates":[[[-75.16444,40.22697],[-75.13924,40.21178],[-75.13961,40.20552],[-75.13772,40.19617],[-75.13302,40.19441],[-75.12414,40.18898],[-75.12151,40.18672],[-75.11719,40.18485],[-75.11611,40.18298],[-75.11253,40.18083],[-75.11264,40.17725],[-75.11452,40.17618],[-75.1196,40.17797],[-75.12455,40.17595],[-75.12781,40.17157],[-75.14315,40.15692],[-75.15405,40.16349],[-75.18111,40.17954],[-75.18106,40.18189],[-75.17884,40.18283],[-75.17778,40.18178],[-75.17523,40.1826],[-75.17897,40.18485],[-75.18195,40.18481],[-75.18391,40.18797],[-75.18307,40.1901],[-75.18405,40.19389],[-75.1816,40.19494],[-75.1799,40.19384],[-75.17983,40.19719],[-75.18354,40.2021],[-75.18144,40.20531],[-75.17465,40.20704],[-75.1737,40.20927],[-75.16747,40.21161],[-75.16,40.21611],[-75.16271,40.21933],[-75.16091,40.22052],[-75.16536,40.22459],[-75.16495,40.22648],[-75.16444,40.22697]]]}},{"type":"Feature","properties":{"zcta":"08064","d":0},"geometry":{"type":"Polygon","coordinates":[[[-74.62598,39.95963],[-74.62365,39.96119],[-74.62022,39.95851],[-74.62335,39.9575],[-74.62719,39.95832],[-74.62359,39.95667],[-74.62353,39.95499],[-74.62576,39.95516],[-74.6263,39.95361],[-74.62042,39.95077],[-74.61902,39.94865],[-74.61821,39.94965],[-74.614,39.94906],[-74.61396,39.94683],[-74.6111,39.94699],[-74.60994,39.9488],[-74.60783,39.94737],[-74.60832,39.94572],[-74.60242,39.94271],[-74.60084,39.93942],[-74.59847,39.93778],[-74.59571,39.93359],[-74.59213,39.9311],[-74.58881,39.92633],[-74.59226,39.92271],[-74.59548,39.92156],[-74.60066,39.92099],[-74.6043,39.91954],[-74.61191,39.91827],[-74.6109,39.9201],[-74.60647,39.92349],[-74.61025,39.92439],[-74.61533,39.92328],[-74.6187,39.92596],[-74.61576,39.92977],[-74.62158,39.93195],[-74.62472,39.93146],[-74.62688,39.93295],[-74.6244,39.93397],[-74.62159,39.93717],[-74.62184,39.93931],[-74.62466,39.94009],[-74.62236,39.94251],[-74.61924,39.94258],[-74.6246,39.94415],[-74.62752,39.94423],[-74.62459,39.95094],[-74.62754,39.95361],[-74.62774,39.95631],[-74.63292,39.95741],[-74.6331,39.95875],[-74.63612,39.95988],[-74.6353,39.96184],[-74.63645,39.96263],[-74.63529,39.96474],[-74.62946,39.96055],[-74.62598,39.95963]]]}},{"type":"Feature","properties":{"zcta":"18930","d":58},"geometry":{"type":"Polygon","coordinates":[[[-75.26333,40.52259],[-75.26008,40.52628],[-75.26257,40.52828],[-75.25855,40.5306],[-75.25673,40.52992],[-75.25487,40.5275],[-75.25013,40.52842],[-75.24966,40.52781],[-75.24407,40.531],[-75.24177,40.53034],[-75.23647,40.53404],[-75.23027,40.53323],[-75.22882,40.53524],[-75.2308,40.53708],[-75.23101,40.54028],[-75.22774,40.54157],[-75.23,40.54458],[-75.229,40.54503],[-75.23198,40.54906],[-75.22656,40.55125],[-75.22768,40.55271],[-75.22541,40.55362],[-75.22542,40.55649],[-75.2222,40.55801],[-75.22159,40.5551],[-75.21362,40.55817],[-75.21434,40.55912],[-75.21774,40.55782],[-75.21969,40.55798],[-75.22088,40.56126],[-75.22288,40.56334],[-75.22175,40.56486],[-75.22278,40.56843],[-75.22089,40.57043],[-75.22469,40.57388],[-75.21889,40.57798],[-75.2154,40.57674],[-75.21284,40.57862],[-75.21054,40.57913],[-75.20599,40.57824],[-75.20522,40.58071],[-75.20777,40.58297],[-75.2103,40.58348],[-75.21287,40.58232],[-75.21096,40.58639],[-75.20755,40.58678],[-75.20575,40.58452],[-75.20477,40.58158],[-75.20353,40.58083],[-75.19709,40.58009],[-75.19657,40.58248],[-75.19355,40.58588],[-75.19166,40.58574],[-75.19466,40.58194],[-75.19511,40.57969],[-75.19405,40.57626],[-75.19235,40.57426],[-75.18674,40.56941],[-75.18315,40.56735],[-75.17531,40.565],[-75.16693,40.56411],[-75.17903,40.55966],[-75.18131,40.5567],[-75.18092,40.55348],[-75.18215,40.54889],[-75.17572,40.54421],[-75.17841,40.54362],[-75.18061,40.54141],[-75.17686,40.53901],[-75.17589,40.53697],[-75.17916,40.53376],[-75.18145,40.53287],[-75.18363,40.52991],[-75.17938,40.52764],[-75.17813,40.52874],[-75.1762,40.52748],[-75.17476,40.52441],[-75.17233,40.52587],[-75.17058,40.52404],[-75.18506,40.51639],[-75.1831,40.51471],[-75.18366,40.50956],[-75.18805,40.50654],[-75.189,40.50776],[-75.19068,40.50631],[-75.18827,40.50417],[-75.1915,40.50261],[-75.19397,40.50038],[-75.18859,40.49687],[-75.19316,40.49289],[-75.19255,40.49096],[-75.19736,40.4864],[-75.20632,40.49221],[-75.20822,40.48966],[-75.21136,40.4901],[-75.21205,40.48892],[-75.24947,40.49481],[-75.25265,40.49558],[-75.25273,40.49913],[-75.25529,40.49865],[-75.25992,40.50083],[-75.2649,40.5005],[-75.27057,40.50317],[-75.26299,40.50587],[-75.26368,40.50735],[-75.26446,40.51455],[-75.26197,40.51529],[-75.26372,40.51687],[-75.26228,40.51831],[-75.26444,40.51869],[-75.26527,40.52199],[-75.26333,40.52259]]]}},{"type":"Feature","properties":{"zcta":"08035","d":2423},"geometry":{"type":"Polygon","coordinates":[[[-75.07391,39.8816],[-75.05147,39.88988],[-75.04592,39.8833],[-75.04694,39.87814],[-75.04849,39.87529],[-75.05525,39.87538],[-75.06055,39.87306],[-75.06536,39.87287],[-75.0669,39.87156],[-75.07279,39.86969],[-75.07643,39.86983],[-75.0773,39.87317],[-75.08242,39.87303],[-75.08549,39.88007],[-75.07969,39.88169],[-75.07391,39.8816]]]}},{"type":"Feature","properties":{"zcta":"19064","d":1558},"geometry":{"type":"MultiPolygon","coordinates":[[[[-75.3579,39.94349],[-75.35697,39.94244],[-75.35896,39.94156],[-75.36038,39.94249],[-75.3579,39.94349]]],[[[-75.35441,39.95764],[-75.34824,39.95959],[-75.34182,39.95694],[-75.34009,39.95536],[-75.33605,39.95441],[-75.33513,39.95497],[-75.33436,39.95451],[-75.3323,39.95296],[-75.33123,39.9499],[-75.32818,39.94891],[-75.32852,39.94625],[-75.32738,39.94485],[-75.32206,39.94431],[-75.31996,39.94294],[-75.31376,39.94404],[-75.30822,39.94053],[-75.30772,39.93793],[-75.3104,39.93374],[-75.31136,39.92031],[-75.3103,39.91889],[-75.31438,39.91652],[-75.31939,39.91169],[-75.31989,39.91512],[-75.32505,39.91536],[-75.32904,39.9187],[-75.3325,39.9173],[-75.32855,39.91337],[-75.3312,39.91152],[-75.32763,39.90826],[-75.3309,39.90743],[-75.33268,39.90873],[-75.33764,39.9057],[-75.33991,39.90844],[-75.34327,39.91431],[-75.35451,39.91327],[-75.35831,39.91087],[-75.35986,39.91277],[-75.35801,39.91358],[-75.36005,39.91583],[-75.35976,39.91845],[-75.36386,39.91965],[-75.36044,39.92205],[-75.36113,39.92442],[-75.36357,39.92146],[-75.36549,39.92197],[-75.36405,39.92456],[-75.36684,39.92641],[-75.36357,39.93169],[-75.36425,39.93617],[-75.36134,39.93959],[-75.3491,39.94514],[-75.35314,39.95294],[-75.3543,39.95704],[-75.35441,39.95764]]],[[[-75.36264,39.95104],[-75.36589,39.94851],[-75.36464,39.9472],[-75.36518,39.94508],[-75.3692,39.94345],[-75.37082,39.942],[-75.37384,39.94316],[-75.37314,39.94505],[-75.37393,39.94904],[-75.37058,39.95029],[-75.36656,39.95284],[-75.36264,39.95104]]]]}},{"type":"Feature","properties":{"zcta":"19440","d":876},"geometry":{"type":"Polygon","coordinates":[[[-75.33348,40.26638],[-75.33363,40.27164],[-75.33599,40.27307],[-75.32753,40.28131],[-75.32176,40.27794],[-75.31185,40.28726],[-75.31768,40.29029],[-75.29977,40.30783],[-75.29788,40.30907],[-75.2988,40.31045],[-75.29681,40.31167],[-75.29822,40.31275],[-75.29451,40.31361],[-75.2897,40.31831],[-75.29161,40.31949],[-75.29014,40.3216],[-75.28851,40.3205],[-75.28735,40.32158],[-75.28402,40.31948],[-75.27829,40.31993],[-75.27183,40.31645],[-75.27285,40.31559],[-75.26694,40.31156],[-75.26442,40.31269],[-75.26576,40.3135],[-75.25671,40.32037],[-75.25617,40.32026],[-75.25819,40.31799],[-75.25594,40.31652],[-75.2554,40.31467],[-75.25209,40.3127],[-75.2519,40.31102],[-75.25453,40.30837],[-75.25572,40.30914],[-75.26098,40.30436],[-75.25949,40.30346],[-75.26019,40.30276],[-75.26193,40.30103],[-75.26711,40.30013],[-75.26859,40.29446],[-75.2718,40.29122],[-75.26776,40.28888],[-75.26653,40.29029],[-75.26527,40.28892],[-75.26309,40.29099],[-75.26094,40.28979],[-75.26432,40.28684],[-75.26143,40.28506],[-75.26393,40.2834],[-75.26401,40.28203],[-75.26202,40.27864],[-75.26257,40.27542],[-75.26417,40.27649],[-75.26812,40.27191],[-75.268,40.26839],[-75.26501,40.26841],[-75.26328,40.26733],[-75.26572,40.26487],[-75.26205,40.26262],[-75.26644,40.25941],[-75.26867,40.26076],[-75.27092,40.25986],[-75.27495,40.25598],[-75.27802,40.2579],[-75.27956,40.25644],[-75.28699,40.26133],[-75.29262,40.25609],[-75.29532,40.25827],[-75.29712,40.25651],[-75.29407,40.25474],[-75.29631,40.25263],[-75.2995,40.25416],[-75.30151,40.25211],[-75.30553,40.25455],[-75.30169,40.25845],[-75.3093,40.26312],[-75.31091,40.2615],[-75.31724,40.26508],[-75.31935,40.26305],[-75.32496,40.26648],[-75.32767,40.26425],[-75.32945,40.26475],[-75.33118,40.26176],[-75.32961,40.2611],[-75.32983,40.25915],[-75.33193,40.25701],[-75.338,40.26149],[-75.33898,40.26531],[-75.33348,40.26638]]]}},{"type":"Feature","properties":{"zcta":"19009","d":0},"geometry":{"type":"Polygon","coordinates":[[[-75.0735,40.15239],[-75.06819,40.14915],[-75.06939,40.148],[-75.07129,40.1492],[-75.07281,40.14784],[-75.06798,40.14468],[-75.06864,40.14353],[-75.06631,40.14224],[-75.06708,40.14142],[-75.06127,40.13907],[-75.0606,40.14289],[-75.05665,40.14341],[-75.05428,40.14216],[-75.05131,40.14506],[-75.04717,40.14258],[-75.05385,40.13605],[-75.04555,40.13119],[-75.04993,40.13116],[-75.04839,40.13019],[-75.05085,40.12761],[-75.05701,40.13147],[-75.05825,40.13177],[-75.06057,40.12951],[-75.06188,40.13084],[-75.06411,40.13058],[-75.0658,40.1288],[-75.06491,40.12654],[-75.06713,40.12841],[-75.07039,40.12633],[-75.0718,40.12764],[-75.07141,40.13198],[-75.07028,40.13363],[-75.07288,40.1347],[-75.07389,40.13658],[-75.07386,40.1403],[-75.07592,40.14381],[-75.07733,40.14824],[-75.0735,40.15239]]]}},{"type":"Feature","properties":{"zcta":"19456","d":0},"geometry":{"type":"Polygon","coordinates":[[[-75.45831,40.1334],[-75.45957,40.13185],[-75.46125,40.13427],[-75.45822,40.13598],[-75.46082,40.13703],[-75.46315,40.13483],[-75.46651,40.13569],[-75.46354,40.13961],[-75.462,40.14],[-75.45826,40.13853],[-75.4567,40.13998],[-75.45329,40.13787],[-75.455,40.13736],[-75.45421,40.13584],[-75.45796,40.13536],[-75.4542,40.13305],[-75.45831,40.1334]]]}},{"type":"Feature","properties":{"zcta":"19425","d":294},"geometry":{"type":"Polygon","coordinates":[[[-75.70297,40.10925],[-75.70084,40.11001],[-75.70033,40.10848],[-75.69581,40.11017],[-75.69661,40.11468],[-75.69424,40.11471],[-75.69436,40.12045],[-75.69119,40.12999],[-75.69299,40.13179],[-75.69074,40.13431],[-75.6904,40.13935],[-75.68962,40.14095],[-75.68563,40.1451],[-75.67418,40.15045],[-75.66766,40.15074],[-75.66029,40.14656],[-75.65865,40.14675],[-75.65216,40.1428],[-75.64896,40.1421],[-75.64753,40.13875],[-75.65105,40.13674],[-75.65605,40.13488],[-75.65645,40.13324],[-75.65461,40.1315],[-75.65174,40.13066],[-75.64614,40.13051],[-75.64257,40.12964],[-75.64017,40.13073],[-75.64148,40.132],[-75.63823,40.13519],[-75.63772,40.13734],[-75.63453,40.14012],[-75.63166,40.14132],[-75.62904,40.14462],[-75.62608,40.14544],[-75.62449,40.14741],[-75.62073,40.14763],[-75.61888,40.14467],[-75.61622,40.14305],[-75.61437,40.14276],[-75.61111,40.1436],[-75.60631,40.14583],[-75.60582,40.14451],[-75.60197,40.14018],[-75.6118,40.13653],[-75.61393,40.1348],[-75.61247,40.13268],[-75.6092,40.13004],[-75.60797,40.12711],[-75.6005,40.12172],[-75.6022,40.11987],[-75.59823,40.11647],[-75.60634,40.10821],[-75.59982,40.10448],[-75.59634,40.1082],[-75.5928,40.10652],[-75.59126,40.10337],[-75.5935,40.10099],[-75.58124,40.094],[-75.57833,40.09699],[-75.57763,40.09446],[-75.58057,40.08774],[-75.58396,40.08619],[-75.58818,40.08207],[-75.59169,40.08307],[-75.60427,40.07036],[-75.60474,40.06867],[-75.60241,40.06871],[-75.60155,40.06477],[-75.60773,40.06492],[-75.60795,40.06294],[-75.60999,40.06134],[-75.61206,40.06246],[-75.61846,40.05607],[-75.62343,40.05893],[-75.62761,40.05832],[-75.62727,40.06038],[-75.63408,40.06459],[-75.63846,40.06546],[-75.64981,40.06475],[-75.64858,40.06577],[-75.65294,40.06531],[-75.65831,40.07057],[-75.65925,40.07417],[-75.66663,40.07228],[-75.66843,40.07664],[-75.66649,40.07727],[-75.66969,40.07776],[-75.67181,40.07572],[-75.67844,40.07351],[-75.67915,40.07136],[-75.68092,40.07153],[-75.68476,40.07482],[-75.68634,40.07404],[-75.69074,40.0765],[-75.69081,40.07907],[-75.6948,40.0807],[-75.69374,40.08199],[-75.70134,40.08888],[-75.69878,40.09107],[-75.69871,40.0923],[-75.70425,40.0925],[-75.70432,40.09442],[-75.6991,40.09712],[-75.695,40.09491],[-75.69575,40.10254],[-75.69735,40.10164],[-75.70396,40.10562],[-75.70297,40.10925]]]}},{"type":"Feature","properties":{"zcta":"19363","d":169},"geometry":{"type":"Polygon","coordinates":[[[-75.99875,39.86601],[-75.9865,39.86106],[-75.99143,39.85726],[-75.99329,39.85282],[-75.98764,39.84894],[-75.9867,39.84699],[-75.98486,39.84712],[-75.98227,39.84985],[-75.98482,39.85148],[-75.98296,39.85375],[-75.98481,39.85455],[-75.985,39.85753],[-75.98001,39.85669],[-75.97812,39.85851],[-75.96606,39.85355],[-75.94365,39.85561],[-75.94317,39.85121],[-75.93719,39.84902],[-75.94254,39.84392],[-75.94029,39.84169],[-75.93762,39.84066],[-75.93745,39.8371],[-75.93624,39.83408],[-75.93802,39.83084],[-75.93689,39.82647],[-75.93589,39.82529],[-75.93709,39.82344],[-75.93619,39.82183],[-75.93996,39.82239],[-75.93976,39.82043],[-75.943,39.82127],[-75.94406,39.81921],[-75.9465,39.81842],[-75.94385,39.81667],[-75.94762,39.81601],[-75.9418,39.81342],[-75.94079,39.80973],[-75.93686,39.80769],[-75.9394,39.80687],[-75.93909,39.80387],[-75.93558,39.80347],[-75.93545,39.80197],[-75.93104,39.80225],[-75.9311,39.79704],[-75.92499,39.79796],[-75.92625,39.79464],[-75.93098,39.79296],[-75.93245,39.79071],[-75.93276,39.78633],[-75.93583,39.78478],[-75.93467,39.78264],[-75.93179,39.78247],[-75.92547,39.77967],[-75.9235,39.77977],[-75.92026,39.77733],[-75.91771,39.77398],[-75.92073,39.77061],[-75.91856,39.76802],[-75.91896,39.76604],[-75.92198,39.76599],[-75.92049,39.76231],[-75.9159,39.76464],[-75.91396,39.76673],[-75.90981,39.76782],[-75.90785,39.76617],[-75.90991,39.76332],[-75.91102,39.76015],[-75.90642,39.75818],[-75.90317,39.75504],[-75.90602,39.75276],[-75.90193,39.75268],[-75.90059,39.75122],[-75.89671,39.75032],[-75.89337,39.75259],[-75.89047,39.75308],[-75.88695,39.7525],[-75.88805,39.75016],[-75.88366,39.74846],[-75.88176,39.74422],[-75.87692,39.74131],[-75.87681,39.73995],[-75.87921,39.73945],[-75.87842,39.73812],[-75.87573,39.7379],[-75.87647,39.73463],[-75.87968,39.73376],[-75.88081,39.72882],[-75.88339,39.72965],[-75.88372,39.72597],[-75.87753,39.72304],[-75.87488,39.72254],[-75.87513,39.72179],[-75.93716,39.72168],[-75.96215,39.72164],[-75.96436,39.72444],[-75.96546,39.73141],[-75.978,39.73299],[-75.98257,39.7333],[-75.9899,39.73484],[-75.99342,39.73658],[-75.99265,39.73733],[-75.9962,39.74052],[-75.9986,39.74394],[-76.0018,39.74522],[-76.00304,39.74788],[-76.00753,39.74889],[-76.01112,39.75113],[-76.01497,39.75188],[-76.01501,39.75747],[-76.02543,39.76641],[-76.03889,39.78806],[-76.04123,39.79129],[-76.04467,39.79358],[-76.04823,39.79512],[-76.05316,39.79243],[-76.05431,39.79283],[-76.06301,39.78961],[-76.06237,39.78806],[-76.06512,39.78924],[-76.06902,39.78725],[-76.0708,39.7877],[-76.07165,39.79081],[-76.07455,39.78956],[-76.07528,39.79106],[-76.07905,39.79034],[-76.07881,39.79174],[-76.08262,39.7902],[-76.08373,39.79482],[-76.08524,39.7958],[-76.08244,39.79916],[-76.08072,39.79801],[-76.07787,39.8003],[-76.07999,39.80272],[-76.07794,39.80457],[-76.07478,39.80587],[-76.07209,39.80949],[-76.07059,39.8096],[-76.06739,39.80718],[-76.06684,39.80791],[-76.06191,39.8079],[-76.05067,39.80179],[-76.04829,39.80397],[-76.04572,39.80378],[-76.04022,39.80112],[-76.0385,39.80173],[-76.03512,39.80814],[-76.03522,39.81184],[-76.03076,39.81224],[-76.02959,39.813],[-76.03107,39.81477],[-76.03107,39.81753],[-76.03312,39.8205],[-76.03631,39.82332],[-76.03764,39.82692],[-76.0331,39.82599],[-76.03023,39.82397],[-76.02703,39.82415],[-76.02378,39.82713],[-76.02283,39.8308],[-76.01736,39.83061],[-76.01781,39.83817],[-76.01981,39.83974],[-76.01951,39.84373],[-76.02095,39.84946],[-76.02282,39.84984],[-76.01991,39.85352],[-76.0158,39.85376],[-76.01429,39.8528],[-76.01158,39.85318],[-76.00857,39.85197],[-76.00673,39.85396],[-76.00701,39.85822],[-76.00586,39.86661],[-76.00405,39.87059],[-75.99875,39.86601]]]}},{"type":"Feature","properties":{"zcta":"18054","d":145},"geometry":{"type":"Polygon","coordinates":[[[-75.49684,40.34436],[-75.48219,40.35927],[-75.47012,40.37162],[-75.46931,40.37247],[-75.46713,40.36868],[-75.46657,40.36629],[-75.46351,40.36458],[-75.45773,40.36736],[-75.4516,40.37144],[-75.44681,40.36841],[-75.44446,40.36816],[-75.44131,40.3662],[-75.44553,40.36217],[-75.44223,40.36029],[-75.44461,40.35763],[-75.44611,40.35905],[-75.44892,40.35668],[-75.45302,40.35899],[-75.45728,40.35922],[-75.45717,40.35495],[-75.45932,40.34955],[-75.46306,40.34596],[-75.45784,40.34291],[-75.45557,40.34299],[-75.44858,40.34961],[-75.44317,40.35823],[-75.43747,40.35709],[-75.43506,40.35462],[-75.43361,40.35637],[-75.42635,40.35789],[-75.42565,40.36165],[-75.42238,40.36365],[-75.42309,40.36724],[-75.42221,40.36941],[-75.42278,40.3751],[-75.42021,40.38042],[-75.41729,40.38326],[-75.41823,40.38512],[-75.42213,40.39036],[-75.42045,40.3908],[-75.41807,40.39519],[-75.41601,40.39521],[-75.41656,40.39329],[-75.41345,40.39181],[-75.411,40.39401],[-75.40962,40.38535],[-75.40848,40.38947],[-75.40579,40.3904],[-75.40118,40.39055],[-75.39879,40.39269],[-75.39531,40.39306],[-75.38871,40.39215],[-75.38488,40.39117],[-75.38056,40.39246],[-75.37569,40.39207],[-75.37516,40.39071],[-75.37192,40.39117],[-75.37145,40.38846],[-75.37275,40.38457],[-75.37141,40.38262],[-75.37375,40.38026],[-75.37604,40.37957],[-75.37721,40.37614],[-75.37848,40.37542],[-75.38826,40.37541],[-75.39012,40.37426],[-75.38562,40.37295],[-75.38142,40.37053],[-75.38214,40.36971],[-75.3865,40.37062],[-75.38765,40.36958],[-75.38765,40.36673],[-75.38899,40.36523],[-75.38607,40.36449],[-75.38652,40.36315],[-75.38464,40.36207],[-75.38301,40.35805],[-75.38251,40.35632],[-75.38623,40.3556],[-75.39618,40.35117],[-75.39631,40.34963],[-75.39421,40.34842],[-75.39734,40.34534],[-75.39937,40.34652],[-75.39962,40.34509],[-75.40274,40.34186],[-75.40442,40.34284],[-75.40865,40.33819],[-75.41272,40.34094],[-75.41633,40.33733],[-75.41273,40.3342],[-75.41674,40.33047],[-75.41852,40.3302],[-75.42456,40.32431],[-75.42671,40.32563],[-75.42754,40.32266],[-75.43049,40.32202],[-75.43421,40.32532],[-75.43587,40.32436],[-75.43957,40.32591],[-75.44522,40.3258],[-75.4489,40.32517],[-75.44995,40.32628],[-75.45609,40.32591],[-75.45782,40.32303],[-75.46124,40.32474],[-75.46068,40.32642],[-75.46501,40.32529],[-75.46668,40.32799],[-75.4701,40.3275],[-75.47178,40.32869],[-75.47032,40.33006],[-75.47366,40.33214],[-75.47576,40.33234],[-75.47888,40.33085],[-75.48285,40.33273],[-75.48552,40.33062],[-75.48906,40.32968],[-75.48751,40.32874],[-75.49595,40.32078],[-75.49739,40.31855],[-75.49642,40.31731],[-75.50141,40.31528],[-75.50443,40.3185],[-75.50378,40.32047],[-75.5103,40.32464],[-75.51137,40.32359],[-75.51498,40.3258],[-75.50443,40.33667],[-75.51063,40.33752],[-75.50938,40.33839],[-75.50354,40.33758],[-75.49896,40.34221],[-75.5006,40.34191],[-75.50645,40.34346],[-75.50928,40.34525],[-75.50631,40.34869],[-75.5169,40.35388],[-75.51879,40.35618],[-75.49684,40.34436]]]}},{"type":"Feature","properties":{"zcta":"08065","d":2111},"geometry":{"type":"Polygon","coordinates":[[[-75.04709,40.00994],[-75.04289,40.01203],[-75.03422,40.01522],[-75.03055,40.01603],[-75.03044,40.01605],[-75.02414,40.0097],[-75.01044,40.00325],[-75.01206,40.0011],[-75.01461,39.99956],[-75.01289,39.99877],[-75.0211,39.99541],[-75.0275,39.99476],[-75.02486,39.99104],[-75.01936,39.98989],[-75.02531,39.99098],[-75.02735,39.99359],[-75.02839,39.99194],[-75.03261,39.99178],[-75.03232,39.99392],[-75.03523,39.99586],[-75.03896,39.99477],[-75.0412,39.99489],[-75.04359,39.9933],[-75.04519,39.99474],[-75.04789,39.99408],[-75.04942,39.99126],[-75.05303,39.99181],[-75.06004,39.99162],[-75.05809,39.9974],[-75.0534,40.00457],[-75.05228,40.00553],[-75.04709,40.00994]]]}},{"type":"Feature","properties":{"zcta":"08054","d":1117},"geometry":{"type":"Polygon","coordinates":[[[-74.97858,39.93057],[-74.96682,39.93802],[-74.95873,39.94188],[-74.95811,39.94341],[-74.95936,39.94518],[-74.95631,39.94577],[-74.95595,39.94474],[-74.93479,39.95801],[-74.88657,39.98794],[-74.88798,39.99098],[-74.88689,39.99394],[-74.88473,39.99607],[-74.88225,40.00075],[-74.87707,39.99829],[-74.87242,39.99771],[-74.868,39.99608],[-74.86127,39.99651],[-74.85879,39.9946],[-74.85426,39.99444],[-74.85319,39.99249],[-74.84847,39.99166],[-74.84858,39.99073],[-74.85237,39.98828],[-74.85164,39.98665],[-74.85189,39.98237],[-74.8561,39.98105],[-74.86008,39.97592],[-74.85725,39.97377],[-74.85786,39.96918],[-74.85922,39.968],[-74.85913,39.96568],[-74.86205,39.96319],[-74.86244,39.95919],[-74.8625,39.94317],[-74.86245,39.93115],[-74.8626,39.91983],[-74.95731,39.91434],[-74.96089,39.91682],[-74.96302,39.92029],[-74.96576,39.92062],[-74.96973,39.92175],[-74.9751,39.92165],[-74.98404,39.92735],[-74.97858,39.93057]]]}},{"type":"Feature","properties":{"zcta":"08034","d":1669},"geometry":{"type":"Polygon","coordinates":[[[-75.01994,39.90523],[-75.01944,39.90716],[-75.01728,39.90767],[-75.01114,39.91348],[-75.01198,39.91425],[-75.01036,39.91652],[-75.00841,39.9158],[-75.00189,39.92177],[-75.00274,39.92335],[-75.00145,39.9246],[-74.99969,39.92378],[-74.98893,39.93346],[-74.98831,39.93513],[-74.98589,39.93641],[-74.98272,39.94028],[-74.97571,39.93976],[-74.97508,39.93781],[-74.97871,39.93431],[-74.98133,39.93391],[-74.98116,39.93129],[-74.9844,39.93131],[-74.98546,39.92987],[-74.98404,39.92735],[-74.9751,39.92165],[-74.96973,39.92175],[-74.96576,39.92062],[-74.97139,39.91588],[-75.00293,39.88373],[-75.00779,39.87913],[-75.01134,39.8765],[-75.01654,39.87364],[-75.01744,39.87644],[-75.01966,39.87863],[-75.01908,39.88085],[-75.02634,39.88531],[-75.02718,39.88762],[-75.02457,39.89146],[-75.02431,39.89496],[-75.02131,39.89522],[-75.02222,39.89894],[-75.01993,39.90074],[-75.02201,39.90338],[-75.01994,39.90523]]]}},{"type":"Feature","properties":{"zcta":"19153","d":793},"geometry":{"type":"Polygon","coordinates":[[[-75.26264,39.87337],[-75.26151,39.8765],[-75.26265,39.87679],[-75.26443,39.88217],[-75.26194,39.883],[-75.2646,39.88474],[-75.26284,39.88568],[-75.26488,39.88793],[-75.26248,39.88841],[-75.26174,39.89177],[-75.25911,39.89244],[-75.25679,39.89519],[-75.25736,39.89584],[-75.25509,39.89876],[-75.2556,39.8996],[-75.25129,39.9044],[-75.25349,39.90559],[-75.2525,39.90661],[-75.25022,39.90781],[-75.2515,39.91005],[-75.2472,39.91358],[-75.24759,39.91436],[-75.24493,39.91545],[-75.2431,39.91275],[-75.2389,39.91341],[-75.2379,39.91256],[-75.23374,39.91407],[-75.23051,39.9112],[-75.22927,39.90903],[-75.21677,39.92696],[-75.21243,39.92523],[-75.21079,39.9221],[-75.20853,39.92103],[-75.2034,39.92101],[-75.20209,39.91856],[-75.20684,39.91119],[-75.21391,39.91107],[-75.21612,39.90964],[-75.21493,39.90162],[-75.21176,39.89775],[-75.20812,39.89567],[-75.19726,39.89262],[-75.19551,39.89184],[-75.19522,39.87734],[-75.19994,39.87318],[-75.20409,39.8712],[-75.22137,39.86154],[-75.22987,39.85833],[-75.23503,39.85661],[-75.24343,39.8546],[-75.25678,39.85204],[-75.26809,39.84987],[-75.27378,39.85869],[-75.2769,39.86368],[-75.26953,39.86465],[-75.2713,39.87139],[-75.27014,39.87356],[-75.26641,39.87485],[-75.26264,39.87337]]]}},{"type":"Feature","properties":{"zcta":"08084","d":2254},"geometry":{"type":"Polygon","coordinates":[[[-75.03753,39.83106],[-75.0336,39.83146],[-75.02903,39.83108],[-75.02611,39.8317],[-75.02266,39.83418],[-75.01778,39.8331],[-75.01839,39.84041],[-75.01495,39.84163],[-75.00495,39.83413],[-74.99616,39.8297],[-74.99367,39.82532],[-75.00355,39.82587],[-75.00591,39.82674],[-75.00768,39.82442],[-75.01218,39.82368],[-75.01502,39.81895],[-75.02296,39.81995],[-75.02454,39.82105],[-75.0291,39.82234],[-75.02976,39.82531],[-75.0345,39.82952],[-75.03831,39.82961],[-75.03753,39.83106]]]}},{"type":"Feature","properties":{"zcta":"19703","d":2013},"geometry":{"type":"Polygon","coordinates":[[[-75.48616,39.79947],[-75.48459,39.80107],[-75.45993,39.82257],[-75.45374,39.82031],[-75.42804,39.80921],[-75.42342,39.80662],[-75.4685,39.78647],[-75.46975,39.78466],[-75.47166,39.78711],[-75.47421,39.78841],[-75.47526,39.79253],[-75.47668,39.79358],[-75.48066,39.79339],[-75.48187,39.79526],[-75.48462,39.79683],[-75.4842,39.79996],[-75.49009,39.79282],[-75.49047,39.79323],[-75.48616,39.79947]]]}},{"type":"Feature","properties":{"zcta":"19805","d":3518},"geometry":{"type":"Polygon","coordinates":[[[-75.61764,39.76035],[-75.61749,39.75806],[-75.61887,39.75596],[-75.6136,39.75185],[-75.61101,39.75635],[-75.60762,39.75741],[-75.60753,39.75968],[-75.60437,39.75877],[-75.5993,39.76376],[-75.59754,39.76849],[-75.59625,39.76428],[-75.59713,39.7613],[-75.59644,39.76016],[-75.59099,39.75622],[-75.59097,39.75347],[-75.5885,39.75248],[-75.58748,39.75811],[-75.57857,39.75447],[-75.57507,39.75961],[-75.57314,39.75915],[-75.57241,39.75675],[-75.57143,39.75818],[-75.56911,39.75685],[-75.56885,39.75531],[-75.5655,39.75499],[-75.56403,39.75333],[-75.5663,39.74998],[-75.55832,39.74708],[-75.56197,39.74169],[-75.56304,39.7366],[-75.5643,39.7357],[-75.57259,39.72715],[-75.57501,39.72579],[-75.57771,39.72712],[-75.57822,39.73293],[-75.57897,39.73576],[-75.58075,39.7377],[-75.58583,39.74013],[-75.58777,39.73974],[-75.59134,39.73454],[-75.59278,39.73374],[-75.61854,39.73048],[-75.62219,39.73493],[-75.62336,39.74085],[-75.62284,39.7453],[-75.62401,39.74634],[-75.62453,39.75306],[-75.62544,39.75853],[-75.62055,39.75903],[-75.61911,39.76128],[-75.61764,39.76035]],[[-75.58348,39.75448],[-75.58298,39.75523],[-75.587,39.75724],[-75.58717,39.75634],[-75.58348,39.75448]]]}},{"type":"Feature","properties":{"zcta":"08063","d":1484},"geometry":{"type":"Polygon","coordinates":[[[-75.18882,39.88082],[-75.18379,39.87504],[-75.18409,39.87364],[-75.18207,39.87212],[-75.17735,39.87005],[-75.17605,39.86776],[-75.17147,39.86901],[-75.16852,39.86242],[-75.16938,39.86268],[-75.17331,39.85761],[-75.17905,39.85823],[-75.17991,39.85949],[-75.18174,39.85677],[-75.18569,39.85906],[-75.18857,39.85839],[-75.18909,39.8611],[-75.19182,39.86039],[-75.19121,39.86279],[-75.19216,39.86444],[-75.19481,39.86371],[-75.19994,39.87318],[-75.19522,39.87734],[-75.18882,39.88082]]]}},{"type":"Feature","properties":{"zcta":"21912","d":17},"geometry":{"type":"Polygon","coordinates":[[[-75.87311,39.38618],[-75.87146,39.3894],[-75.87087,39.39576],[-75.87143,39.39808],[-75.85847,39.40331],[-75.86413,39.41105],[-75.86134,39.41672],[-75.86043,39.42708],[-75.86114,39.43306],[-75.84867,39.43428],[-75.84682,39.43879],[-75.84797,39.44022],[-75.84806,39.44396],[-75.84725,39.44762],[-75.8495,39.45062],[-75.85346,39.452],[-75.85581,39.45099],[-75.8561,39.45258],[-75.86293,39.45265],[-75.86447,39.45486],[-75.86278,39.4552],[-75.8606,39.45643],[-75.86267,39.45954],[-75.86556,39.46135],[-75.86444,39.46182],[-75.85963,39.46102],[-75.85732,39.46251],[-75.85465,39.46235],[-75.85106,39.46354],[-75.84716,39.46387],[-75.84198,39.46522],[-75.84025,39.46432],[-75.8356,39.46417],[-75.83374,39.46571],[-75.82802,39.46576],[-75.82584,39.47016],[-75.82214,39.4695],[-75.80947,39.49434],[-75.80154,39.49504],[-75.79429,39.49477],[-75.78337,39.49504],[-75.77623,39.49437],[-75.77513,39.48094],[-75.77336,39.48095],[-75.7721,39.46868],[-75.77404,39.46757],[-75.76798,39.39332],[-75.76669,39.37754],[-75.77269,39.37953],[-75.77637,39.37906],[-75.78109,39.38213],[-75.78422,39.38255],[-75.78441,39.38036],[-75.7894,39.38113],[-75.79118,39.37993],[-75.79424,39.37974],[-75.79573,39.37724],[-75.80182,39.37792],[-75.80607,39.37526],[-75.80616,39.3768],[-75.80888,39.37805],[-75.80982,39.37977],[-75.81631,39.38065],[-75.81883,39.3823],[-75.82366,39.38141],[-75.82951,39.3765],[-75.83117,39.37417],[-75.83401,39.37376],[-75.84238,39.37098],[-75.84548,39.3677],[-75.8485,39.36821],[-75.85543,39.36456],[-75.86104,39.36761],[-75.86375,39.36644],[-75.86761,39.36781],[-75.87441,39.36579],[-75.87946,39.36547],[-75.88213,39.36433],[-75.88298,39.36521],[-75.88371,39.36624],[-75.88305,39.36962],[-75.88332,39.37312],[-75.88016,39.37825],[-75.87311,39.38618]]]}},{"type":"Feature","properties":{"zcta":"18929","d":553},"geometry":{"type":"Polygon","coordinates":[[[-75.11206,40.26967],[-75.11311,40.27186],[-75.10799,40.27251],[-75.10117,40.27702],[-75.09537,40.27639],[-75.09393,40.27449],[-75.09149,40.27415],[-75.08894,40.27542],[-75.08401,40.2762],[-75.08091,40.27579],[-75.07686,40.27253],[-75.07617,40.27047],[-75.07257,40.26901],[-75.06596,40.26336],[-75.06168,40.26287],[-75.06016,40.26655],[-75.05817,40.26882],[-75.05563,40.26905],[-75.05328,40.26734],[-75.05724,40.25748],[-75.05481,40.25584],[-75.04958,40.25674],[-75.04605,40.25949],[-75.04273,40.26523],[-75.03992,40.2652],[-75.03491,40.26038],[-75.03236,40.25532],[-75.03391,40.2556],[-75.03629,40.25377],[-75.03611,40.25098],[-75.03451,40.2495],[-75.04254,40.24565],[-75.04321,40.24387],[-75.04582,40.24316],[-75.04797,40.24477],[-75.05091,40.24328],[-75.05179,40.23864],[-75.05725,40.24147],[-75.06073,40.23906],[-75.06458,40.2401],[-75.06751,40.24187],[-75.07095,40.24061],[-75.07446,40.24098],[-75.0754,40.23977],[-75.07962,40.24186],[-75.08067,40.24081],[-75.08889,40.24563],[-75.09268,40.24192],[-75.0975,40.24487],[-75.10053,40.24193],[-75.10732,40.246],[-75.10873,40.2446],[-75.11006,40.2433],[-75.11302,40.24564],[-75.11029,40.24949],[-75.11303,40.25118],[-75.11091,40.25305],[-75.11247,40.25503],[-75.11716,40.25788],[-75.11213,40.2627],[-75.11615,40.26553],[-75.11206,40.26967]]]}},{"type":"Feature","properties":{"zcta":"08105","d":4529},"geometry":{"type":"Polygon","coordinates":[[[-75.10382,39.95941],[-75.09432,39.96631],[-75.08812,39.96948],[-75.079,39.95714],[-75.07565,39.95168],[-75.07271,39.94787],[-75.06709,39.94846],[-75.06786,39.94683],[-75.06976,39.94695],[-75.07932,39.93888],[-75.08341,39.94079],[-75.08693,39.93779],[-75.08815,39.93673],[-75.0895,39.93819],[-75.09713,39.94038],[-75.10094,39.94088],[-75.10143,39.94292],[-75.10447,39.94398],[-75.10426,39.94508],[-75.10682,39.9456],[-75.10946,39.9485],[-75.11062,39.95284],[-75.10852,39.95811],[-75.10382,39.95941]]]}},{"type":"Feature","properties":{"zcta":"19047","d":1000},"geometry":{"type":"Polygon","coordinates":[[[-74.93395,40.18902],[-74.94012,40.19271],[-74.94254,40.19547],[-74.94174,40.19758],[-74.9404,40.20735],[-74.94063,40.20902],[-74.94441,40.21145],[-74.94331,40.21417],[-74.91802,40.22066],[-74.91063,40.22204],[-74.90245,40.22134],[-74.88755,40.22474],[-74.88417,40.2159],[-74.88383,40.21627],[-74.87671,40.20001],[-74.87437,40.20054],[-74.87105,40.19299],[-74.86791,40.19328],[-74.84579,40.19377],[-74.83175,40.19541],[-74.82903,40.19333],[-74.82396,40.19366],[-74.82383,40.19238],[-74.84438,40.19058],[-74.84657,40.19085],[-74.86677,40.18915],[-74.87028,40.18424],[-74.87046,40.183],[-74.87369,40.18189],[-74.87366,40.18008],[-74.86978,40.18071],[-74.87007,40.17951],[-74.86686,40.17831],[-74.86783,40.17444],[-74.87021,40.17346],[-74.87079,40.17193],[-74.87098,40.17184],[-74.87128,40.17569],[-74.87305,40.17584],[-74.87218,40.17814],[-74.87371,40.17996],[-74.88001,40.17879],[-74.88542,40.17633],[-74.89636,40.16785],[-74.89989,40.16588],[-74.90029,40.16137],[-74.89912,40.15717],[-74.89679,40.15401],[-74.89425,40.15579],[-74.89356,40.15426],[-74.89583,40.15234],[-74.89381,40.14834],[-74.89246,40.14807],[-74.89119,40.14541],[-74.88979,40.14577],[-74.88875,40.14342],[-74.89135,40.14198],[-74.89021,40.13848],[-74.88976,40.13431],[-74.88823,40.13215],[-74.89213,40.12914],[-74.8994,40.12903],[-74.89814,40.13066],[-74.89815,40.1323],[-74.89845,40.13224],[-74.90277,40.13582],[-74.9048,40.13881],[-74.90865,40.14136],[-74.91664,40.14461],[-74.92436,40.15099],[-74.92929,40.15311],[-74.93428,40.15334],[-74.94293,40.1483],[-74.95072,40.14587],[-74.95379,40.14586],[-74.95788,40.1461],[-74.95624,40.15177],[-74.95723,40.15799],[-74.95676,40.15889],[-74.94942,40.16384],[-74.94868,40.16598],[-74.951,40.16835],[-74.95722,40.17269],[-74.95663,40.17833],[-74.95537,40.17999],[-74.95041,40.1779],[-74.9405,40.18069],[-74.93431,40.18194],[-74.92262,40.18617],[-74.92573,40.18937],[-74.92787,40.18946],[-74.93395,40.18902]],[[-74.93562,40.20487],[-74.93252,40.20695],[-74.92994,40.20704],[-74.93057,40.21136],[-74.93695,40.21055],[-74.93654,40.2084],[-74.9393,40.20744],[-74.93851,40.20436],[-74.93562,40.20487]]]}},{"type":"Feature","properties":{"zcta":"19713","d":1143},"geometry":{"type":"Polygon","coordinates":[[[-75.77637,39.65985],[-75.77211,39.66286],[-75.76639,39.66566],[-75.75599,39.66916],[-75.74259,39.67332],[-75.73624,39.67528],[-75.70212,39.68581],[-75.67951,39.69245],[-75.67805,39.69555],[-75.67919,39.69769],[-75.67558,39.69908],[-75.66967,39.69997],[-75.66557,39.69796],[-75.6651,39.6998],[-75.66303,39.70141],[-75.65986,39.70042],[-75.65796,39.70085],[-75.65567,39.70292],[-75.65522,39.7056],[-75.65327,39.70757],[-75.64546,39.70736],[-75.64713,39.70404],[-75.65007,39.701],[-75.64928,39.6993],[-75.64545,39.69691],[-75.64227,39.69801],[-75.64128,39.70032],[-75.63887,39.69934],[-75.63551,39.6997],[-75.62928,39.70151],[-75.62276,39.70003],[-75.62123,39.69738],[-75.62258,39.69688],[-75.62259,39.69465],[-75.6564,39.68401],[-75.66598,39.67923],[-75.67512,39.67203],[-75.6846,39.66692],[-75.69091,39.66116],[-75.70112,39.65568],[-75.70673,39.65379],[-75.73492,39.6481],[-75.73171,39.6417],[-75.73543,39.64126],[-75.74099,39.64334],[-75.74231,39.64464],[-75.74246,39.64707],[-75.7571,39.64697],[-75.76397,39.6455],[-75.78376,39.63943],[-75.78754,39.63903],[-75.7881,39.64855],[-75.77637,39.65985]],[[-75.75282,39.66714],[-75.75157,39.65865],[-75.7458,39.65872],[-75.73847,39.66138],[-75.74047,39.66914],[-75.75198,39.66842],[-75.75282,39.66714]]]}},{"type":"Feature","properties":{"zcta":"19720","d":798},"geometry":{"type":"Polygon","coordinates":[[[-75.65677,39.66451],[-75.65485,39.66554],[-75.65017,39.66486],[-75.64867,39.66561],[-75.64204,39.66681],[-75.64383,39.6699],[-75.64209,39.67268],[-75.63897,39.67208],[-75.63863,39.67381],[-75.63643,39.67424],[-75.63695,39.67691],[-75.63983,39.67844],[-75.63737,39.67943],[-75.63717,39.68101],[-75.63501,39.68081],[-75.63561,39.67905],[-75.63392,39.67822],[-75.63076,39.68212],[-75.63383,39.684],[-75.62988,39.68491],[-75.62863,39.68796],[-75.62453,39.68829],[-75.62099,39.69118],[-75.62259,39.69465],[-75.62258,39.69688],[-75.62123,39.69738],[-75.62045,39.69756],[-75.61558,39.70487],[-75.611,39.70957],[-75.60824,39.71069],[-75.60338,39.71109],[-75.59959,39.70899],[-75.59724,39.70892],[-75.59156,39.71222],[-75.59023,39.71561],[-75.58595,39.71677],[-75.58246,39.71854],[-75.58016,39.71857],[-75.57221,39.71707],[-75.56375,39.71861],[-75.56151,39.7194],[-75.55994,39.72144],[-75.56009,39.72384],[-75.55578,39.7245],[-75.55604,39.71927],[-75.56116,39.71317],[-75.55666,39.71177],[-75.5592,39.70875],[-75.55482,39.70351],[-75.55333,39.70496],[-75.5529,39.70806],[-75.55481,39.71138],[-75.54989,39.71314],[-75.55456,39.71874],[-75.54989,39.72046],[-75.54771,39.72356],[-75.53566,39.71876],[-75.53253,39.7114],[-75.53258,39.70664],[-75.52553,39.7005],[-75.56225,39.65671],[-75.56904,39.65649],[-75.58715,39.65101],[-75.61197,39.62197],[-75.61315,39.62096],[-75.61493,39.61595],[-75.61366,39.61256],[-75.61134,39.61018],[-75.61379,39.60619],[-75.61187,39.59741],[-75.60358,39.58896],[-75.60115,39.58904],[-75.59912,39.58892],[-75.61368,39.58424],[-75.61567,39.58178],[-75.61402,39.58158],[-75.60667,39.57851],[-75.60203,39.57702],[-75.60445,39.56952],[-75.60344,39.56649],[-75.59399,39.55964],[-75.59484,39.55755],[-75.58255,39.55904],[-75.58227,39.55825],[-75.59547,39.55637],[-75.61113,39.5537],[-75.62057,39.55283],[-75.63372,39.55506],[-75.64241,39.55497],[-75.64712,39.554],[-75.6485,39.55471],[-75.64868,39.55649],[-75.65198,39.55968],[-75.65222,39.56199],[-75.65038,39.56195],[-75.64883,39.56432],[-75.65411,39.5646],[-75.65276,39.55693],[-75.6557,39.55726],[-75.66126,39.55957],[-75.66342,39.55982],[-75.66179,39.5744],[-75.66171,39.58011],[-75.65771,39.57939],[-75.66281,39.59837],[-75.65972,39.6015],[-75.65662,39.60265],[-75.65525,39.60606],[-75.65805,39.60583],[-75.66146,39.60766],[-75.66485,39.60546],[-75.66439,39.60842],[-75.66159,39.61118],[-75.65576,39.61416],[-75.65746,39.61647],[-75.65559,39.6194],[-75.65096,39.62418],[-75.65119,39.62556],[-75.6576,39.62926],[-75.64361,39.63712],[-75.64052,39.6391],[-75.63244,39.64533],[-75.63404,39.64759],[-75.64161,39.6487],[-75.64461,39.64996],[-75.6469,39.65341],[-75.65094,39.65537],[-75.6525,39.66119],[-75.65509,39.66013],[-75.65677,39.66451]],[[-75.64232,39.65205],[-75.6426,39.6533],[-75.64514,39.65185],[-75.64232,39.65205]]]}},{"type":"Feature","properties":{"zcta":"18955","d":300},"geometry":{"type":"Polygon","coordinates":[[[-75.32911,40.49968],[-75.32303,40.50062],[-75.31933,40.49845],[-75.32053,40.50063],[-75.3164,40.50039],[-75.31716,40.50907],[-75.31297,40.50935],[-75.31458,40.50895],[-75.31204,40.49901],[-75.30904,40.498],[-75.30883,40.49649],[-75.30283,40.49647],[-75.30124,40.4997],[-75.2987,40.50218],[-75.2941,40.49939],[-75.29301,40.49522],[-75.2968,40.49389],[-75.30037,40.49345],[-75.29885,40.48385],[-75.29998,40.48416],[-75.30312,40.48102],[-75.3049,40.47688],[-75.30712,40.47464],[-75.31111,40.47665],[-75.3128,40.47361],[-75.31511,40.47377],[-75.31809,40.47199],[-75.31814,40.46865],[-75.31206,40.46423],[-75.31454,40.45819],[-75.31255,40.45568],[-75.31788,40.45526],[-75.31734,40.45771],[-75.31976,40.45765],[-75.31843,40.4601],[-75.3236,40.46257],[-75.32275,40.46596],[-75.32396,40.46617],[-75.32393,40.47721],[-75.33103,40.47672],[-75.32971,40.4802],[-75.33081,40.48475],[-75.32788,40.485],[-75.3272,40.4835],[-75.3141,40.48474],[-75.31344,40.48328],[-75.31055,40.48566],[-75.30542,40.48845],[-75.308,40.48795],[-75.31652,40.48845],[-75.32066,40.4862],[-75.32106,40.48805],[-75.32326,40.48868],[-75.31849,40.49159],[-75.32364,40.49107],[-75.32456,40.49476],[-75.32819,40.49512],[-75.32917,40.49725],[-75.32911,40.49968]]]}},{"type":"Feature","properties":{"zcta":"19060","d":736},"geometry":{"type":"Polygon","coordinates":[[[-75.46635,39.87596],[-75.46792,39.87341],[-75.46482,39.86932],[-75.46983,39.86728],[-75.46758,39.8672],[-75.46954,39.86563],[-75.46378,39.86206],[-75.46573,39.86119],[-75.4688,39.85987],[-75.46158,39.85085],[-75.46238,39.84867],[-75.46196,39.84516],[-75.46332,39.84315],[-75.46868,39.84339],[-75.46807,39.83863],[-75.47151,39.83542],[-75.4712,39.8309],[-75.468,39.83105],[-75.46484,39.8246],[-75.46346,39.82385],[-75.48124,39.82911],[-75.49884,39.83331],[-75.51844,39.83631],[-75.52849,39.83722],[-75.5293,39.83987],[-75.52255,39.84302],[-75.52009,39.84248],[-75.51932,39.84408],[-75.53094,39.84711],[-75.53186,39.85147],[-75.52617,39.85495],[-75.51757,39.85905],[-75.52018,39.86326],[-75.50851,39.86877],[-75.50565,39.8636],[-75.50021,39.86104],[-75.49767,39.86202],[-75.49631,39.8612],[-75.49377,39.86235],[-75.4899,39.86081],[-75.48516,39.86016],[-75.48273,39.86131],[-75.49242,39.86676],[-75.48916,39.86823],[-75.49137,39.87082],[-75.48839,39.87221],[-75.48413,39.87111],[-75.48277,39.87149],[-75.48513,39.8738],[-75.47425,39.8786],[-75.47023,39.87717],[-75.46811,39.8776],[-75.46635,39.87596]]]}},{"type":"Feature","properties":{"zcta":"19473","d":320},"geometry":{"type":"Polygon","coordinates":[[[-75.53998,40.27642],[-75.53593,40.28029],[-75.53408,40.27895],[-75.53319,40.27615],[-75.5261,40.27518],[-75.54018,40.28324],[-75.53876,40.28634],[-75.5359,40.28778],[-75.53483,40.28707],[-75.53319,40.2892],[-75.52985,40.29089],[-75.52655,40.29401],[-75.52228,40.29174],[-75.52062,40.2931],[-75.52198,40.29407],[-75.52017,40.29657],[-75.51551,40.29243],[-75.51704,40.29109],[-75.51563,40.2902],[-75.51847,40.28815],[-75.51516,40.2861],[-75.51856,40.28614],[-75.51543,40.28429],[-75.51218,40.28834],[-75.51186,40.288],[-75.50618,40.28483],[-75.50499,40.28415],[-75.50905,40.28043],[-75.50731,40.27902],[-75.50775,40.27662],[-75.50677,40.27457],[-75.49941,40.27437],[-75.49745,40.27475],[-75.49758,40.27302],[-75.49092,40.27465],[-75.48807,40.27591],[-75.48806,40.27808],[-75.47995,40.27719],[-75.4781,40.27609],[-75.47625,40.27859],[-75.47945,40.28407],[-75.47598,40.28631],[-75.46614,40.2802],[-75.4637,40.28262],[-75.46186,40.28132],[-75.45771,40.28286],[-75.45608,40.28218],[-75.45504,40.28679],[-75.45682,40.29196],[-75.45705,40.29839],[-75.45571,40.29825],[-75.45391,40.29026],[-75.44903,40.28791],[-75.44716,40.28978],[-75.44592,40.28909],[-75.4429,40.29155],[-75.44094,40.29054],[-75.43708,40.29449],[-75.43411,40.29268],[-75.43273,40.29396],[-75.42423,40.28903],[-75.41841,40.28244],[-75.42266,40.27638],[-75.4179,40.27956],[-75.4175,40.27705],[-75.41527,40.27325],[-75.41757,40.26957],[-75.41791,40.26747],[-75.4157,40.26247],[-75.41021,40.26392],[-75.40667,40.26169],[-75.41379,40.25883],[-75.42206,40.25714],[-75.42542,40.25393],[-75.42138,40.25179],[-75.42074,40.24853],[-75.41949,40.24712],[-75.41826,40.24806],[-75.41285,40.24454],[-75.4062,40.24428],[-75.40359,40.24669],[-75.40505,40.24407],[-75.40308,40.24287],[-75.40515,40.24095],[-75.40184,40.23831],[-75.39886,40.23904],[-75.39729,40.23805],[-75.39959,40.23578],[-75.39946,40.23438],[-75.3962,40.23231],[-75.39901,40.22956],[-75.4004,40.23036],[-75.40205,40.22877],[-75.40069,40.22791],[-75.40295,40.22574],[-75.4057,40.22858],[-75.41071,40.22365],[-75.40948,40.22389],[-75.40476,40.22068],[-75.40805,40.21881],[-75.41288,40.22148],[-75.41623,40.22012],[-75.41882,40.22173],[-75.41716,40.22604],[-75.41622,40.22569],[-75.41194,40.23],[-75.42373,40.23703],[-75.42892,40.23517],[-75.42708,40.23215],[-75.43041,40.23077],[-75.43517,40.23191],[-75.43663,40.23001],[-75.44192,40.22721],[-75.44704,40.22571],[-75.45241,40.22488],[-75.45192,40.22968],[-75.45263,40.23394],[-75.45172,40.23892],[-75.45329,40.24113],[-75.45631,40.24041],[-75.45534,40.23826],[-75.46544,40.23672],[-75.46331,40.23076],[-75.47033,40.23491],[-75.47448,40.23051],[-75.47113,40.22965],[-75.48364,40.22614],[-75.48779,40.22688],[-75.48998,40.22465],[-75.49167,40.22407],[-75.49538,40.22659],[-75.49782,40.22582],[-75.49969,40.22809],[-75.50347,40.22929],[-75.50671,40.23178],[-75.5061,40.23382],[-75.50921,40.23337],[-75.51166,40.23479],[-75.51081,40.23656],[-75.51489,40.23882],[-75.50824,40.24547],[-75.51305,40.2478],[-75.51338,40.24873],[-75.51806,40.24754],[-75.52121,40.24766],[-75.52125,40.24276],[-75.51988,40.24173],[-75.52572,40.24277],[-75.52852,40.24111],[-75.53085,40.24452],[-75.53427,40.24736],[-75.53637,40.2474],[-75.53643,40.24996],[-75.53567,40.253],[-75.54317,40.25845],[-75.54645,40.25907],[-75.54849,40.25797],[-75.55532,40.26156],[-75.55943,40.25785],[-75.56675,40.26208],[-75.55881,40.2639],[-75.55372,40.2633],[-75.55063,40.26625],[-75.53998,40.27642]]]}},{"type":"Feature","properties":{"zcta":"19150","d":7626},"geometry":{"type":"Polygon","coordinates":[[[-75.17644,40.08465],[-75.1716,40.08181],[-75.15408,40.07173],[-75.15692,40.06916],[-75.15886,40.06882],[-75.16216,40.0654],[-75.16292,40.06341],[-75.1643,40.0639],[-75.16749,40.06071],[-75.18846,40.07275],[-75.17644,40.08465]]]}},{"type":"Feature","properties":{"zcta":"08077","d":1241},"geometry":{"type":"Polygon","coordinates":[[[-75.01964,40.01844],[-75.01221,40.0207],[-75.00857,40.02388],[-74.99009,40.03647],[-74.95842,39.9918],[-74.96724,39.98825],[-74.96695,39.98789],[-74.97321,39.98479],[-74.97467,39.98539],[-75.0054,39.97303],[-75.01925,39.96743],[-75.01987,39.96936],[-75.01604,39.97033],[-75.01542,39.97651],[-75.01035,39.98],[-75.01384,39.98031],[-75.01494,39.98535],[-75.01791,39.9865],[-75.01936,39.98989],[-75.02486,39.99104],[-75.0275,39.99476],[-75.0211,39.99541],[-75.01289,39.99877],[-75.01461,39.99956],[-75.01206,40.0011],[-75.01044,40.00325],[-75.02414,40.0097],[-75.03044,40.01605],[-75.01964,40.01844]]]}},{"type":"Feature","properties":{"zcta":"19711","d":817},"geometry":{"type":"Polygon","coordinates":[[[-75.77379,39.7222],[-75.76606,39.73781],[-75.76035,39.74723],[-75.75307,39.75763],[-75.74439,39.76785],[-75.73649,39.77576],[-75.73227,39.7795],[-75.72112,39.7754],[-75.72067,39.76989],[-75.72129,39.76934],[-75.71731,39.76787],[-75.70666,39.76648],[-75.70428,39.76201],[-75.70374,39.75848],[-75.7057,39.75695],[-75.70848,39.75678],[-75.70729,39.75032],[-75.70308,39.7508],[-75.71078,39.74584],[-75.71582,39.74653],[-75.71821,39.7454],[-75.71589,39.74143],[-75.71162,39.74032],[-75.70635,39.73286],[-75.70357,39.73174],[-75.70194,39.72948],[-75.70115,39.72392],[-75.69913,39.72185],[-75.69739,39.71814],[-75.69508,39.71666],[-75.69678,39.71569],[-75.69323,39.71067],[-75.68838,39.71307],[-75.68381,39.71275],[-75.68159,39.70925],[-75.68288,39.70687],[-75.6844,39.70706],[-75.68683,39.70531],[-75.68416,39.70269],[-75.68269,39.69944],[-75.67919,39.69769],[-75.67805,39.69555],[-75.67951,39.69245],[-75.70212,39.68581],[-75.73624,39.67528],[-75.73592,39.67855],[-75.74372,39.67638],[-75.74259,39.67332],[-75.75599,39.66916],[-75.76639,39.66566],[-75.77211,39.66286],[-75.77637,39.65985],[-75.7881,39.64855],[-75.78866,39.65821],[-75.78866,39.68191],[-75.78839,39.70003],[-75.7886,39.7222],[-75.77379,39.7222]],[[-75.76401,39.67892],[-75.76035,39.6802],[-75.75752,39.68231],[-75.75978,39.68298],[-75.76131,39.68048],[-75.76471,39.67964],[-75.76401,39.67892]],[[-75.75984,39.68789],[-75.75594,39.6877],[-75.75623,39.69114],[-75.75875,39.69174],[-75.76156,39.69123],[-75.75984,39.68789]],[[-75.75351,39.67443],[-75.7504,39.67526],[-75.74711,39.67517],[-75.74514,39.67638],[-75.74692,39.67914],[-75.74718,39.68115],[-75.7495,39.68198],[-75.75367,39.68301],[-75.75445,39.68576],[-75.75731,39.68424],[-75.75576,39.68166],[-75.75629,39.67944],[-75.75355,39.67748],[-75.75351,39.67443]]]}},{"type":"Feature","properties":{"zcta":"19810","d":1636},"geometry":{"type":"Polygon","coordinates":[[[-75.52849,39.83722],[-75.51844,39.83631],[-75.49884,39.83331],[-75.48124,39.82911],[-75.46346,39.82385],[-75.45993,39.82257],[-75.48459,39.80107],[-75.48616,39.79947],[-75.49047,39.79323],[-75.49375,39.79659],[-75.50285,39.80089],[-75.50589,39.7998],[-75.50638,39.80192],[-75.50955,39.80365],[-75.50884,39.80445],[-75.51634,39.80794],[-75.52268,39.81158],[-75.52492,39.81166],[-75.53186,39.80888],[-75.53573,39.8084],[-75.54333,39.80882],[-75.54861,39.80821],[-75.54865,39.81065],[-75.54584,39.81206],[-75.54584,39.81497],[-75.54296,39.81904],[-75.54514,39.81967],[-75.54551,39.81821],[-75.54825,39.81835],[-75.54497,39.82575],[-75.54418,39.82873],[-75.54022,39.82904],[-75.53433,39.83076],[-75.53265,39.83359],[-75.5328,39.83762],[-75.52849,39.83722]]]}},{"type":"Feature","properties":{"zcta":"19803","d":884},"geometry":{"type":"Polygon","coordinates":[[[-75.57046,39.83901],[-75.53935,39.83821],[-75.5328,39.83762],[-75.53265,39.83359],[-75.53433,39.83076],[-75.54022,39.82904],[-75.54418,39.82873],[-75.54497,39.82575],[-75.54825,39.81835],[-75.54551,39.81821],[-75.54514,39.81967],[-75.54296,39.81904],[-75.54584,39.81497],[-75.54584,39.81206],[-75.54865,39.81065],[-75.54861,39.80821],[-75.54333,39.80882],[-75.53573,39.8084],[-75.53186,39.80888],[-75.52492,39.81166],[-75.52268,39.81158],[-75.51634,39.80794],[-75.50884,39.80445],[-75.50955,39.80365],[-75.50638,39.80192],[-75.50589,39.7998],[-75.50285,39.80089],[-75.49375,39.79659],[-75.49047,39.79323],[-75.49009,39.79282],[-75.49268,39.79029],[-75.50355,39.78143],[-75.50648,39.77976],[-75.50638,39.78092],[-75.51076,39.77892],[-75.51693,39.77721],[-75.52158,39.77618],[-75.52143,39.7754],[-75.52862,39.7744],[-75.53693,39.7679],[-75.54308,39.76677],[-75.54275,39.76461],[-75.55233,39.76188],[-75.54961,39.76672],[-75.55156,39.76657],[-75.55676,39.77083],[-75.5593,39.77129],[-75.56138,39.7739],[-75.56422,39.7748],[-75.56442,39.77655],[-75.57005,39.77096],[-75.5743,39.7691],[-75.57612,39.769],[-75.57904,39.77092],[-75.57744,39.7744],[-75.57367,39.77739],[-75.57056,39.78094],[-75.57067,39.78245],[-75.57566,39.784],[-75.57558,39.78591],[-75.57293,39.78582],[-75.56691,39.78864],[-75.56519,39.79467],[-75.56291,39.79712],[-75.56836,39.79873],[-75.56504,39.80033],[-75.56553,39.80462],[-75.56358,39.80636],[-75.56091,39.80662],[-75.55804,39.80886],[-75.5663,39.80887],[-75.56629,39.80968],[-75.5698,39.81706],[-75.57174,39.81943],[-75.57568,39.82256],[-75.57518,39.82599],[-75.57304,39.82911],[-75.57365,39.83123],[-75.57724,39.8345],[-75.57939,39.83855],[-75.57046,39.83901]]]}},{"type":"Feature","properties":{"zcta":"19806","d":2810},"geometry":{"type":"Polygon","coordinates":[[[-75.5743,39.7691],[-75.57005,39.77096],[-75.56442,39.77655],[-75.56422,39.7748],[-75.56138,39.7739],[-75.5593,39.77129],[-75.55676,39.77083],[-75.55156,39.76657],[-75.54961,39.76672],[-75.55233,39.76188],[-75.55112,39.76091],[-75.55251,39.75653],[-75.55166,39.75567],[-75.55106,39.75349],[-75.55625,39.75008],[-75.55832,39.74708],[-75.5663,39.74998],[-75.56403,39.75333],[-75.5655,39.75499],[-75.56885,39.75531],[-75.56911,39.75685],[-75.57143,39.75818],[-75.57241,39.75675],[-75.57314,39.75915],[-75.57507,39.75961],[-75.5802,39.76284],[-75.57612,39.769],[-75.5743,39.7691]]]}},{"type":"Feature","properties":{"zcta":"08224","d":0},"geometry":{"type":"Polygon","coordinates":[[[-74.46721,39.60687],[-74.45859,39.60678],[-74.46114,39.60282],[-74.45319,39.6013],[-74.45297,39.59934],[-74.45489,39.59925],[-74.46098,39.59684],[-74.46113,39.59118],[-74.4554,39.59171],[-74.45638,39.5934],[-74.45342,39.59425],[-74.45235,39.59224],[-74.44419,39.59303],[-74.45029,39.58714],[-74.45444,39.5841],[-74.45731,39.58023],[-74.46178,39.58271],[-74.4641,39.58758],[-74.4637,39.59145],[-74.47113,39.59134],[-74.4731,39.59214],[-74.48011,39.60091],[-74.47438,39.60491],[-74.46721,39.60687]]]}},{"type":"Feature","properties":{"zcta":"08104","d":2889},"geometry":{"type":"Polygon","coordinates":[[[-75.12847,39.92803],[-75.12362,39.92909],[-75.12377,39.93054],[-75.11769,39.93099],[-75.1164,39.92889],[-75.11286,39.93094],[-75.10276,39.93211],[-75.09944,39.92888],[-75.10104,39.92858],[-75.08991,39.92183],[-75.08993,39.92182],[-75.09176,39.92096],[-75.10198,39.91815],[-75.10084,39.91581],[-75.09615,39.91372],[-75.09232,39.90967],[-75.09697,39.90833],[-75.09476,39.90148],[-75.10114,39.89887],[-75.10348,39.90013],[-75.10812,39.90018],[-75.11184,39.89856],[-75.11372,39.90081],[-75.11649,39.90228],[-75.11513,39.90665],[-75.11791,39.90862],[-75.12203,39.90746],[-75.129,39.90748],[-75.12792,39.91181],[-75.1343,39.92578],[-75.13502,39.92733],[-75.12847,39.92803]]]}},{"type":"Feature","properties":{"zcta":"08068","d":141},"geometry":{"type":"Polygon","coordinates":[[[-74.71746,40.00301],[-74.69649,40.00978],[-74.69558,40.00784],[-74.68964,40.00854],[-74.68949,40.0062],[-74.68752,40.00635],[-74.68725,40.00475],[-74.68893,40.00379],[-74.68457,40.00236],[-74.68453,40.00005],[-74.66843,40.00826],[-74.66538,40.00914],[-74.6655,40.00378],[-74.66414,40.0002],[-74.6616,40.00208],[-74.65751,39.99873],[-74.65803,39.99792],[-74.64946,39.99328],[-74.64712,39.98679],[-74.64087,39.98755],[-74.64029,39.987],[-74.63938,39.98589],[-74.64023,39.98337],[-74.63677,39.97482],[-74.63233,39.96726],[-74.63235,39.96649],[-74.62861,39.96646],[-74.62946,39.96055],[-74.63529,39.96474],[-74.63645,39.96263],[-74.6353,39.96184],[-74.63612,39.95988],[-74.6331,39.95875],[-74.63292,39.95741],[-74.62774,39.95631],[-74.62754,39.95361],[-74.62459,39.95094],[-74.62752,39.94423],[-74.6246,39.94415],[-74.61924,39.94258],[-74.62236,39.94251],[-74.62466,39.94009],[-74.62184,39.93931],[-74.62159,39.93717],[-74.6244,39.93397],[-74.62688,39.93295],[-74.62472,39.93146],[-74.62158,39.93195],[-74.61576,39.92977],[-74.6187,39.92596],[-74.61533,39.92328],[-74.61025,39.92439],[-74.60647,39.92349],[-74.6109,39.9201],[-74.61191,39.91827],[-74.6043,39.91954],[-74.60066,39.92099],[-74.59549,39.90813],[-74.59449,39.90357],[-74.59707,39.89915],[-74.63139,39.91645],[-74.64081,39.91728],[-74.65297,39.92499],[-74.66612,39.92748],[-74.67114,39.93027],[-74.67396,39.93045],[-74.67682,39.9322],[-74.68357,39.93342],[-74.6849,39.93449],[-74.68897,39.93545],[-74.69536,39.93811],[-74.69371,39.94206],[-74.69694,39.9428],[-74.69579,39.95391],[-74.69846,39.95513],[-74.70844,39.96077],[-74.70781,39.96518],[-74.71565,39.96299],[-74.71514,39.9689],[-74.7107,39.96873],[-74.71034,39.97744],[-74.70975,39.97928],[-74.71373,39.97788],[-74.7145,39.98098],[-74.71678,39.98162],[-74.71862,39.97845],[-74.7174,39.97642],[-74.72198,39.97893],[-74.72042,39.98099],[-74.72526,39.98006],[-74.72818,39.98005],[-74.72882,39.98186],[-74.73599,39.98243],[-74.73419,39.99171],[-74.73388,39.99721],[-74.71838,39.99303],[-74.71746,39.99463],[-74.71807,39.99686],[-74.71656,39.99972],[-74.71834,40.0007],[-74.71746,40.00301]]]}},{"type":"Feature","properties":{"zcta":"08107","d":3712},"geometry":{"type":"Polygon","coordinates":[[[-75.08946,39.92015],[-75.08745,39.9209],[-75.08611,39.91734],[-75.08152,39.9163],[-75.08192,39.9183],[-75.07201,39.91522],[-75.07962,39.91261],[-75.07804,39.9099],[-75.07852,39.90831],[-75.0744,39.90982],[-75.07109,39.90832],[-75.07049,39.90496],[-75.06754,39.90596],[-75.06145,39.90485],[-75.0652,39.90143],[-75.07338,39.89842],[-75.07157,39.89674],[-75.07914,39.89448],[-75.08403,39.89761],[-75.09201,39.90046],[-75.09423,39.90064],[-75.09476,39.90148],[-75.09697,39.90833],[-75.09232,39.90967],[-75.09615,39.91372],[-75.10084,39.91581],[-75.10198,39.91815],[-75.09176,39.92096],[-75.08993,39.92182],[-75.08946,39.92015]]]}},{"type":"Feature","properties":{"zcta":"08108","d":3458},"geometry":{"type":"Polygon","coordinates":[[[-75.08154,39.92604],[-75.07781,39.92521],[-75.0661,39.92585],[-75.06139,39.92572],[-75.05536,39.92385],[-75.04791,39.92202],[-75.04478,39.92037],[-75.04235,39.91805],[-75.04232,39.91213],[-75.03769,39.91005],[-75.0393,39.90806],[-75.04286,39.90787],[-75.04151,39.90462],[-75.04609,39.90035],[-75.04782,39.90082],[-75.04773,39.90391],[-75.04974,39.90618],[-75.05339,39.90851],[-75.05789,39.90811],[-75.0588,39.90666],[-75.05641,39.90537],[-75.05442,39.90214],[-75.05474,39.89874],[-75.06288,39.89795],[-75.0652,39.90143],[-75.06145,39.90485],[-75.06754,39.90596],[-75.07049,39.90496],[-75.07109,39.90832],[-75.0744,39.90982],[-75.07852,39.90831],[-75.07804,39.9099],[-75.07962,39.91261],[-75.07201,39.91522],[-75.08192,39.9183],[-75.08152,39.9163],[-75.08611,39.91734],[-75.08745,39.9209],[-75.08946,39.92015],[-75.08993,39.92182],[-75.08991,39.92183],[-75.08154,39.92604]]]}},{"type":"Feature","properties":{"zcta":"08110","d":1636},"geometry":{"type":"MultiPolygon","coordinates":[[[[-75.07603,39.93743],[-75.08187,39.93417],[-75.08539,39.93535],[-75.08422,39.93653],[-75.08693,39.93779],[-75.08341,39.94079],[-75.07932,39.93888],[-75.06976,39.94695],[-75.06786,39.94683],[-75.07603,39.93743]]],[[[-75.11922,39.96541],[-75.11271,39.96809],[-75.10229,39.97238],[-75.09372,39.97441],[-75.09145,39.97461],[-75.08583,39.9751],[-75.0756,39.97804],[-75.0688,39.98224],[-75.06418,39.98603],[-75.06004,39.99162],[-75.05303,39.99181],[-75.04942,39.99126],[-75.04789,39.99408],[-75.04519,39.99474],[-75.04359,39.9933],[-75.0412,39.99489],[-75.03896,39.99477],[-75.03523,39.99586],[-75.03232,39.99392],[-75.03261,39.99178],[-75.02839,39.99194],[-75.02735,39.99359],[-75.02531,39.99098],[-75.01936,39.98989],[-75.01791,39.9865],[-75.01494,39.98535],[-75.01384,39.98031],[-75.01035,39.98],[-75.01542,39.97651],[-75.01604,39.97033],[-75.01987,39.96936],[-75.01925,39.96743],[-75.02426,39.96469],[-75.0237,39.96738],[-75.02512,39.96756],[-75.02394,39.97367],[-75.02606,39.97535],[-75.03015,39.9737],[-75.03428,39.97275],[-75.03924,39.97284],[-75.04392,39.96983],[-75.05082,39.96265],[-75.05911,39.955],[-75.06425,39.95173],[-75.06709,39.94846],[-75.07271,39.94787],[-75.07565,39.95168],[-75.079,39.95714],[-75.08812,39.96948],[-75.09432,39.96631],[-75.10382,39.95941],[-75.10852,39.95811],[-75.11732,39.96001],[-75.1228,39.96153],[-75.12386,39.96282],[-75.11922,39.96541]]]]}},{"type":"Feature","properties":{"zcta":"08097","d":1234},"geometry":{"type":"Polygon","coordinates":[[[-75.14663,39.803],[-75.14705,39.80464],[-75.1491,39.80323],[-75.151,39.80333],[-75.15192,39.81307],[-75.15939,39.8127],[-75.15957,39.80878],[-75.16573,39.81101],[-75.16034,39.82475],[-75.15577,39.82632],[-75.15285,39.83049],[-75.1526,39.82741],[-75.15037,39.82643],[-75.14788,39.821],[-75.14879,39.81976],[-75.14325,39.81749],[-75.143,39.81952],[-75.13969,39.81907],[-75.13708,39.81552],[-75.13873,39.81452],[-75.1371,39.81324],[-75.13576,39.80969],[-75.1428,39.80885],[-75.14593,39.80723],[-75.14473,39.80318],[-75.14663,39.803]]]}},{"type":"Feature","properties":{"zcta":"08080","d":680},"geometry":{"type":"MultiPolygon","coordinates":[[[[-75.07001,39.75286],[-75.07092,39.75426],[-75.06839,39.75341],[-75.07001,39.75286]]],[[[-75.21251,39.77422],[-75.20769,39.77894],[-75.19629,39.77464],[-75.19455,39.77497],[-75.19478,39.77431],[-75.19033,39.76906],[-75.18824,39.76868],[-75.18273,39.76924],[-75.17945,39.76779],[-75.17998,39.76697],[-75.17218,39.76428],[-75.16399,39.7651],[-75.16587,39.76745],[-75.17885,39.77926],[-75.17777,39.78078],[-75.17606,39.77961],[-75.17242,39.78205],[-75.16916,39.78219],[-75.16878,39.77604],[-75.16204,39.77455],[-75.15732,39.7744],[-75.15707,39.7768],[-75.15938,39.77803],[-75.16134,39.78222],[-75.16345,39.78291],[-75.16266,39.78776],[-75.15993,39.78954],[-75.15648,39.78785],[-75.15527,39.78598],[-75.15283,39.78605],[-75.15337,39.78339],[-75.15018,39.78389],[-75.13806,39.78073],[-75.13969,39.78624],[-75.1372,39.7892],[-75.13562,39.78919],[-75.13387,39.79163],[-75.13165,39.79239],[-75.12575,39.79637],[-75.12832,39.79892],[-75.1305,39.80222],[-75.12818,39.80401],[-75.12408,39.80385],[-75.12271,39.80586],[-75.11714,39.8066],[-75.11693,39.80805],[-75.11362,39.8103],[-75.1072,39.80723],[-75.10524,39.80785],[-75.10645,39.81351],[-75.10579,39.81316],[-75.10442,39.80653],[-75.10246,39.80437],[-75.09943,39.80382],[-75.09825,39.80519],[-75.09479,39.80554],[-75.09691,39.79918],[-75.09367,39.79856],[-75.08919,39.79404],[-75.09154,39.79302],[-75.09081,39.79056],[-75.09293,39.78692],[-75.0818,39.79156],[-75.0849,39.7864],[-75.08707,39.77958],[-75.08086,39.78005],[-75.07799,39.78086],[-75.07441,39.77396],[-75.07288,39.77548],[-75.0697,39.7761],[-75.072,39.77978],[-75.06589,39.78232],[-75.05907,39.77786],[-75.05987,39.7755],[-75.05801,39.77198],[-75.06227,39.76793],[-75.06498,39.76803],[-75.0684,39.76355],[-75.07128,39.76192],[-75.06912,39.76062],[-75.07192,39.75809],[-75.07923,39.75467],[-75.07616,39.75085],[-75.07092,39.75255],[-75.07182,39.7504],[-75.07529,39.74974],[-75.06191,39.73258],[-75.06244,39.73227],[-75.05032,39.72483],[-75.04883,39.7318],[-75.04521,39.73196],[-75.03912,39.73562],[-75.03511,39.73168],[-75.03817,39.72817],[-75.03488,39.7239],[-75.0317,39.72294],[-75.03252,39.72699],[-75.03067,39.72721],[-75.02889,39.72074],[-75.0312,39.72047],[-75.03082,39.71846],[-75.02608,39.71756],[-75.02387,39.71856],[-75.02976,39.7133],[-75.03166,39.71431],[-75.03434,39.713],[-75.0801,39.7087],[-75.08063,39.70982],[-75.08635,39.70978],[-75.0873,39.71488],[-75.08173,39.71607],[-75.08167,39.71716],[-75.09182,39.71471],[-75.09623,39.71763],[-75.097,39.72129],[-75.10094,39.72542],[-75.10481,39.7275],[-75.10523,39.72907],[-75.11124,39.73236],[-75.11382,39.73748],[-75.11543,39.74032],[-75.12083,39.7439],[-75.12122,39.74473],[-75.12474,39.74353],[-75.12729,39.74944],[-75.1337,39.74461],[-75.13705,39.7478],[-75.14019,39.74934],[-75.14237,39.74721],[-75.13833,39.74164],[-75.13915,39.7411],[-75.14397,39.74614],[-75.14828,39.74101],[-75.15052,39.73292],[-75.15238,39.73206],[-75.15887,39.7264],[-75.17418,39.73561],[-75.19347,39.74699],[-75.18708,39.74791],[-75.18464,39.74734],[-75.18513,39.75608],[-75.1909,39.75501],[-75.19446,39.756],[-75.19946,39.7562],[-75.20018,39.75347],[-75.20354,39.75295],[-75.20922,39.75638],[-75.21265,39.75675],[-75.21309,39.76432],[-75.21566,39.7687],[-75.21709,39.7735],[-75.21251,39.77422]],[[-75.0713,39.72706],[-75.06694,39.7305],[-75.06813,39.73198],[-75.06561,39.73408],[-75.07038,39.73672],[-75.07291,39.73692],[-75.07299,39.73477],[-75.0749,39.7327],[-75.07486,39.73059],[-75.0713,39.72706]]]]}},{"type":"Feature","properties":{"zcta":"08081","d":961},"geometry":{"type":"Polygon","coordinates":[[[-75.00325,39.78015],[-74.98663,39.77824],[-74.98144,39.77681],[-74.97865,39.77469],[-74.97272,39.77152],[-74.96844,39.76709],[-74.98455,39.75319],[-74.97975,39.7526],[-74.98002,39.75491],[-74.97349,39.75581],[-74.96911,39.75574],[-74.96436,39.75346],[-74.96087,39.75355],[-74.95572,39.7504],[-74.95383,39.7469],[-74.9533,39.74218],[-74.952,39.73968],[-74.95113,39.73407],[-74.94753,39.73724],[-74.94457,39.73187],[-74.94058,39.73215],[-74.94078,39.72872],[-74.94241,39.72554],[-74.94055,39.72451],[-74.9392,39.72063],[-74.93696,39.72184],[-74.93338,39.7215],[-74.93229,39.72332],[-74.92591,39.72675],[-74.91825,39.73393],[-74.9114,39.72605],[-74.91045,39.72319],[-74.90679,39.72099],[-74.90386,39.71696],[-74.90052,39.71608],[-74.89695,39.71469],[-74.8958,39.71233],[-74.89747,39.70868],[-74.89662,39.70518],[-74.90023,39.70334],[-74.89874,39.70161],[-74.8992,39.70015],[-74.89688,39.70034],[-74.8929,39.69109],[-74.89152,39.69073],[-74.89053,39.68791],[-74.89313,39.68857],[-74.89993,39.68727],[-74.89995,39.68222],[-74.9054,39.68087],[-74.91189,39.68607],[-74.92311,39.69202],[-74.93007,39.68874],[-74.92994,39.69031],[-74.93306,39.69145],[-74.93419,39.69323],[-74.94368,39.69836],[-74.95161,39.69878],[-74.95934,39.70306],[-74.96438,39.70262],[-74.96764,39.7032],[-74.9718,39.70224],[-74.97986,39.70402],[-74.98755,39.7067],[-74.98956,39.70883],[-74.99366,39.71041],[-74.99439,39.71602],[-74.99783,39.71726],[-74.99956,39.71998],[-75.00663,39.72219],[-75.01567,39.72604],[-75.02387,39.71856],[-75.02608,39.71756],[-75.03082,39.71846],[-75.0312,39.72047],[-75.02889,39.72074],[-75.03067,39.72721],[-75.03252,39.72699],[-75.03304,39.72962],[-75.03389,39.7418],[-75.02942,39.7388],[-75.02894,39.74004],[-75.02208,39.7462],[-75.02708,39.74964],[-75.03023,39.75069],[-75.03106,39.75218],[-75.03503,39.75485],[-75.03582,39.75673],[-75.03873,39.75863],[-75.04059,39.76086],[-75.04258,39.76068],[-75.04427,39.76198],[-75.04307,39.7638],[-75.04427,39.76698],[-75.04786,39.76998],[-75.04877,39.77167],[-75.0459,39.76995],[-75.04219,39.77136],[-75.04433,39.77489],[-75.04639,39.7749],[-75.04819,39.7766],[-75.04816,39.7844],[-75.04274,39.7881],[-75.04114,39.78737],[-75.03643,39.78967],[-75.03253,39.77493],[-75.02577,39.7774],[-75.00802,39.77962],[-75.00325,39.78015]],[[-74.91824,39.71905],[-74.91663,39.7167],[-74.9124,39.71805],[-74.91498,39.72478],[-74.9249,39.71996],[-74.92207,39.71776],[-74.91824,39.71905]],[[-74.91051,39.71181],[-74.90896,39.71239],[-74.91149,39.71654],[-74.91313,39.71596],[-74.91051,39.71181]]]}},{"type":"Feature","properties":{"zcta":"08088","d":89},"geometry":{"type":"Polygon","coordinates":[[[-74.799,39.82484],[-74.79901,39.82599],[-74.79081,39.8272],[-74.79176,39.82851],[-74.75492,39.84294],[-74.76242,39.85389],[-74.76196,39.8545],[-74.76437,39.86018],[-74.76652,39.86],[-74.76838,39.86231],[-74.78218,39.88304],[-74.7859,39.88885],[-74.7884,39.8904],[-74.78927,39.89439],[-74.78815,39.89838],[-74.78499,39.90215],[-74.78939,39.90671],[-74.79125,39.91338],[-74.78836,39.91723],[-74.78806,39.9229],[-74.7828,39.92652],[-74.78224,39.92814],[-74.78515,39.9299],[-74.78583,39.93253],[-74.78809,39.93254],[-74.78217,39.93789],[-74.78289,39.93911],[-74.77963,39.94139],[-74.77943,39.94395],[-74.78187,39.94556],[-74.78324,39.94458],[-74.78116,39.94995],[-74.7594,39.95672],[-74.76483,39.95825],[-74.76706,39.96225],[-74.77338,39.96414],[-74.77585,39.96559],[-74.77108,39.96606],[-74.76978,39.96709],[-74.76996,39.96952],[-74.76628,39.97084],[-74.75155,39.97057],[-74.75139,39.97553],[-74.75024,39.97805],[-74.74991,39.97884],[-74.73988,39.97821],[-74.73518,39.97718],[-74.73614,39.9808],[-74.73507,39.97996],[-74.72949,39.98147],[-74.72821,39.97989],[-74.72526,39.98006],[-74.72042,39.98099],[-74.72198,39.97893],[-74.7174,39.97642],[-74.71525,39.97527],[-74.71514,39.9689],[-74.71565,39.96299],[-74.70781,39.96518],[-74.70844,39.96077],[-74.69846,39.95513],[-74.69579,39.95391],[-74.69694,39.9428],[-74.69371,39.94206],[-74.69536,39.93811],[-74.68897,39.93545],[-74.6849,39.93449],[-74.68357,39.93342],[-74.67682,39.9322],[-74.67396,39.93045],[-74.67114,39.93027],[-74.66612,39.92748],[-74.65297,39.92499],[-74.64081,39.91728],[-74.63139,39.91645],[-74.59707,39.89915],[-74.59536,39.89846],[-74.5285,39.86522],[-74.53766,39.86348],[-74.53697,39.86151],[-74.53941,39.86069],[-74.54015,39.86304],[-74.55201,39.86091],[-74.54894,39.85842],[-74.54775,39.85858],[-74.54718,39.85593],[-74.55242,39.84997],[-74.55812,39.85119],[-74.56625,39.84854],[-74.56915,39.84601],[-74.57373,39.84455],[-74.57623,39.84257],[-74.58114,39.84265],[-74.57839,39.83681],[-74.57524,39.83391],[-74.57183,39.83227],[-74.57628,39.82959],[-74.58204,39.82866],[-74.5862,39.82734],[-74.58875,39.8279],[-74.59215,39.82694],[-74.59832,39.82432],[-74.57592,39.79893],[-74.59402,39.79076],[-74.59472,39.7878],[-74.59312,39.78216],[-74.59482,39.77882],[-74.59861,39.77427],[-74.59973,39.77037],[-74.59765,39.7663],[-74.5923,39.75863],[-74.5904,39.75858],[-74.59046,39.75653],[-74.69523,39.72948],[-74.72386,39.72206],[-74.73622,39.72977],[-74.75578,39.74221],[-74.75759,39.74366],[-74.75962,39.7424],[-74.76024,39.74359],[-74.76638,39.74656],[-74.76831,39.74956],[-74.77209,39.75044],[-74.77503,39.75431],[-74.77499,39.7564],[-74.77694,39.75779],[-74.7812,39.75859],[-74.78514,39.76562],[-74.78792,39.7669],[-74.79072,39.7713],[-74.79532,39.77361],[-74.79676,39.77571],[-74.79815,39.77572],[-74.79969,39.77802],[-74.80686,39.78346],[-74.81451,39.78551],[-74.799,39.82484]]]}},{"type":"Feature","properties":{"zcta":"08093","d":1050},"geometry":{"type":"Polygon","coordinates":[[[-75.14375,39.885],[-75.13967,39.88824],[-75.13175,39.88419],[-75.12934,39.8834],[-75.12748,39.88148],[-75.12834,39.87971],[-75.13175,39.87852],[-75.13139,39.87734],[-75.12551,39.87421],[-75.12166,39.8736],[-75.12065,39.87264],[-75.1244,39.87179],[-75.12248,39.86916],[-75.1219,39.86625],[-75.11884,39.86276],[-75.11724,39.86321],[-75.11851,39.86635],[-75.11799,39.86749],[-75.11292,39.86373],[-75.11301,39.86227],[-75.11506,39.86153],[-75.11305,39.85936],[-75.10786,39.85992],[-75.10966,39.86149],[-75.10642,39.86333],[-75.10435,39.86231],[-75.10562,39.86116],[-75.10548,39.85768],[-75.10325,39.85625],[-75.09954,39.85447],[-75.10417,39.8525],[-75.1086,39.84999],[-75.125,39.83745],[-75.12509,39.84127],[-75.1269,39.84189],[-75.13196,39.84557],[-75.1394,39.84432],[-75.13845,39.84715],[-75.1352,39.84759],[-75.13603,39.84932],[-75.14295,39.8507],[-75.14073,39.85489],[-75.13553,39.86191],[-75.14194,39.86496],[-75.15101,39.8609],[-75.14721,39.86104],[-75.14579,39.85918],[-75.15515,39.85653],[-75.16055,39.85677],[-75.16504,39.85536],[-75.16852,39.86242],[-75.16701,39.86194],[-75.16493,39.86407],[-75.1617,39.86552],[-75.15938,39.86756],[-75.15682,39.87501],[-75.15295,39.87054],[-75.15067,39.87009],[-75.14396,39.87316],[-75.14153,39.87262],[-75.13926,39.86957],[-75.13706,39.86917],[-75.13277,39.86991],[-75.13103,39.87132],[-75.13442,39.87382],[-75.13659,39.87768],[-75.14508,39.88374],[-75.14563,39.88453],[-75.14375,39.885]]]}},{"type":"Feature","properties":{"zcta":"08094","d":393},"geometry":{"type":"MultiPolygon","coordinates":[[[[-75.02919,39.63454],[-75.01778,39.63443],[-75.01975,39.63339],[-75.01979,39.63082],[-75.02811,39.63091],[-75.02924,39.63178],[-75.02919,39.63454]]],[[[-75.05111,39.64409],[-75.04483,39.63826],[-75.03872,39.63475],[-75.0426,39.63512],[-75.04625,39.63859],[-75.04823,39.6366],[-75.05233,39.63903],[-75.05111,39.64409]]],[[[-75.03434,39.713],[-75.03166,39.71431],[-75.02976,39.7133],[-75.02387,39.71856],[-75.01567,39.72604],[-75.00663,39.72219],[-74.99956,39.71998],[-74.99783,39.71726],[-74.99439,39.71602],[-74.99366,39.71041],[-74.98956,39.70883],[-74.98755,39.7067],[-74.97986,39.70402],[-74.9718,39.70224],[-74.96764,39.7032],[-74.96438,39.70262],[-74.95934,39.70306],[-74.95161,39.69878],[-74.94368,39.69836],[-74.93419,39.69323],[-74.93306,39.69145],[-74.92994,39.69031],[-74.93007,39.68874],[-74.92726,39.68749],[-74.92709,39.68497],[-74.92348,39.68277],[-74.92149,39.67944],[-74.91858,39.67913],[-74.91671,39.67475],[-74.91689,39.67346],[-74.91493,39.67052],[-74.91025,39.66711],[-74.90886,39.6653],[-74.91007,39.66294],[-74.90916,39.66177],[-74.90841,39.656],[-74.91051,39.6535],[-74.9085,39.65068],[-74.90814,39.64625],[-74.90716,39.64568],[-74.90744,39.64075],[-74.90531,39.6393],[-74.90522,39.63628],[-74.90272,39.63188],[-74.89984,39.62943],[-74.89727,39.62859],[-74.89244,39.625],[-74.89325,39.62209],[-74.89261,39.61873],[-74.88884,39.61599],[-74.88402,39.61421],[-74.88126,39.61058],[-74.87726,39.60835],[-74.87408,39.60787],[-74.87195,39.60487],[-74.86566,39.60422],[-74.8638,39.60169],[-74.86117,39.60189],[-74.86086,39.60025],[-74.85776,39.60038],[-74.8587,39.59888],[-74.85625,39.59688],[-74.85807,39.58876],[-74.87481,39.57452],[-74.87113,39.57197],[-74.875,39.56855],[-74.87159,39.56619],[-74.87344,39.5646],[-74.8649,39.55858],[-74.86552,39.55589],[-74.87923,39.55192],[-74.89011,39.55603],[-74.89246,39.55733],[-74.89451,39.55712],[-74.88733,39.56477],[-74.91086,39.56555],[-74.90059,39.58397],[-74.90261,39.58647],[-74.91188,39.57846],[-74.95721,39.61034],[-74.96801,39.61797],[-74.974,39.61663],[-74.97499,39.61541],[-74.97953,39.61704],[-74.98197,39.61958],[-74.98332,39.62881],[-74.99023,39.6337],[-74.99521,39.63282],[-75.00038,39.63312],[-75.00459,39.63119],[-75.01251,39.6307],[-75.01246,39.63256],[-75.01577,39.63257],[-75.01625,39.63536],[-75.01478,39.63533],[-75.01481,39.63801],[-75.01269,39.63813],[-75.01271,39.63983],[-75.01445,39.63974],[-75.0144,39.64281],[-75.01551,39.64408],[-75.01439,39.65061],[-75.03167,39.66268],[-75.04228,39.6699],[-75.05349,39.67753],[-75.05501,39.65646],[-75.06743,39.6592],[-75.06759,39.66505],[-75.07168,39.67081],[-75.07061,39.67247],[-75.06736,39.67426],[-75.06514,39.6745],[-75.06894,39.6782],[-75.06943,39.67866],[-75.06586,39.68229],[-75.0678,39.68509],[-75.06584,39.68617],[-75.0865,39.70065],[-75.09166,39.7076],[-75.0801,39.7087],[-75.03434,39.713]]]]}},{"type":"Feature","properties":{"zcta":"08055","d":371},"geometry":{"type":"Polygon","coordinates":[[[-74.86245,39.93115],[-74.79159,39.93588],[-74.79088,39.93423],[-74.78809,39.93254],[-74.78583,39.93253],[-74.78515,39.9299],[-74.78224,39.92814],[-74.7828,39.92652],[-74.78806,39.9229],[-74.78836,39.91723],[-74.79125,39.91338],[-74.78939,39.90671],[-74.78499,39.90215],[-74.78815,39.89838],[-74.78927,39.89439],[-74.7884,39.8904],[-74.7859,39.88885],[-74.78218,39.88304],[-74.76838,39.86231],[-74.76652,39.86],[-74.76437,39.86018],[-74.76196,39.8545],[-74.76242,39.85389],[-74.75492,39.84294],[-74.79176,39.82851],[-74.79081,39.8272],[-74.79901,39.82599],[-74.799,39.82484],[-74.81451,39.78551],[-74.81798,39.78602],[-74.81942,39.788],[-74.82763,39.78917],[-74.83054,39.78863],[-74.84466,39.78976],[-74.85145,39.7886],[-74.85402,39.78706],[-74.85584,39.78733],[-74.85971,39.78581],[-74.86338,39.78563],[-74.86283,39.82241],[-74.8626,39.91983],[-74.86245,39.93115]]]}},{"type":"Feature","properties":{"zcta":"08057","d":689},"geometry":{"type":"Polygon","coordinates":[[[-74.97467,39.98539],[-74.97321,39.98479],[-74.96695,39.98789],[-74.96724,39.98825],[-74.95842,39.9918],[-74.94331,39.99783],[-74.9404,40.00167],[-74.9461,40.0059],[-74.93796,40.01383],[-74.9352,40.01281],[-74.93248,40.01047],[-74.9301,40.01204],[-74.92895,40.01146],[-74.93009,40.00839],[-74.92592,40.00478],[-74.91148,40.01042],[-74.90922,40.01028],[-74.90458,40.01364],[-74.89837,40.01192],[-74.8953,40.00937],[-74.8883,40.00735],[-74.88731,40.00261],[-74.88225,40.00075],[-74.88473,39.99607],[-74.88689,39.99394],[-74.88798,39.99098],[-74.88657,39.98794],[-74.93479,39.95801],[-74.95595,39.94474],[-74.95631,39.94577],[-74.95936,39.94518],[-74.95811,39.94341],[-74.95873,39.94188],[-74.96682,39.93802],[-74.96873,39.94556],[-74.97498,39.95305],[-74.97898,39.95235],[-74.9828,39.95358],[-74.98447,39.95597],[-74.98664,39.95693],[-74.98719,39.9598],[-74.99457,39.96395],[-74.9947,39.96652],[-74.99807,39.96704],[-75.00011,39.96824],[-75.00168,39.96757],[-75.00148,39.96951],[-75.0054,39.97303],[-74.97467,39.98539]]]}},{"type":"Feature","properties":{"zcta":"08069","d":357},"geometry":{"type":"Polygon","coordinates":[[[-75.49624,39.70141],[-75.49134,39.71111],[-75.48855,39.71483],[-75.48524,39.71581],[-75.47894,39.71381],[-75.47764,39.71501],[-75.47689,39.71834],[-75.47724,39.72471],[-75.47544,39.72871],[-75.47417,39.73547],[-75.46924,39.74361],[-75.46459,39.75462],[-75.4609,39.75226],[-75.45769,39.75259],[-75.45563,39.75432],[-75.44871,39.74947],[-75.45322,39.74576],[-75.45036,39.7443],[-75.43858,39.72208],[-75.42971,39.7133],[-75.4133,39.70416],[-75.40536,39.69604],[-75.41153,39.6934],[-75.40865,39.68962],[-75.40443,39.68949],[-75.40106,39.69135],[-75.39684,39.68539],[-75.38937,39.68162],[-75.39678,39.67384],[-75.40036,39.67583],[-75.40182,39.67246],[-75.40499,39.66959],[-75.40738,39.66525],[-75.41589,39.67034],[-75.42882,39.67061],[-75.43092,39.6738],[-75.43112,39.67651],[-75.43593,39.67744],[-75.44362,39.67679],[-75.4451,39.67842],[-75.45145,39.68013],[-75.45809,39.67897],[-75.46146,39.67673],[-75.46338,39.67727],[-75.46497,39.67549],[-75.46462,39.67358],[-75.46175,39.67306],[-75.46306,39.66994],[-75.46521,39.66956],[-75.46784,39.67067],[-75.47174,39.67065],[-75.47346,39.67329],[-75.47623,39.67275],[-75.47862,39.67386],[-75.47908,39.6758],[-75.48447,39.67846],[-75.4807,39.68317],[-75.48798,39.68735],[-75.48854,39.6865],[-75.50129,39.69663],[-75.50341,39.69856],[-75.49624,39.70141]]]}},{"type":"Feature","properties":{"zcta":"08071","d":1448},"geometry":{"type":"Polygon","coordinates":[[[-75.11533,39.72914],[-75.1178,39.7275],[-75.11651,39.72451],[-75.12152,39.72276],[-75.12056,39.72178],[-75.12303,39.72039],[-75.12415,39.71853],[-75.13064,39.72365],[-75.13951,39.71502],[-75.15887,39.7264],[-75.15238,39.73206],[-75.15052,39.73292],[-75.14828,39.74101],[-75.14397,39.74614],[-75.13915,39.7411],[-75.13833,39.74164],[-75.14237,39.74721],[-75.14019,39.74934],[-75.13705,39.7478],[-75.1337,39.74461],[-75.12729,39.74944],[-75.12474,39.74353],[-75.12122,39.74473],[-75.12083,39.7439],[-75.11543,39.74032],[-75.11382,39.73748],[-75.11533,39.72914]]]}},{"type":"Feature","properties":{"zcta":"08070","d":318},"geometry":{"type":"Polygon","coordinates":[[[-75.5062,39.68563],[-75.49861,39.68443],[-75.48825,39.68046],[-75.48447,39.67846],[-75.47908,39.6758],[-75.47862,39.67386],[-75.47623,39.67275],[-75.47709,39.66966],[-75.47327,39.6662],[-75.4703,39.66464],[-75.47085,39.65889],[-75.47547,39.65836],[-75.47777,39.6571],[-75.48138,39.65801],[-75.48036,39.66058],[-75.48425,39.66037],[-75.48337,39.65713],[-75.48868,39.65545],[-75.49103,39.65334],[-75.48915,39.6507],[-75.48733,39.65045],[-75.48592,39.65331],[-75.48127,39.65141],[-75.48169,39.64974],[-75.48485,39.6505],[-75.48653,39.64964],[-75.48716,39.6471],[-75.48214,39.64645],[-75.4787,39.64409],[-75.47964,39.64],[-75.4791,39.63531],[-75.47553,39.63502],[-75.47388,39.63661],[-75.47088,39.63604],[-75.47044,39.63256],[-75.46908,39.63045],[-75.47137,39.6288],[-75.47431,39.63127],[-75.47692,39.63079],[-75.4796,39.62769],[-75.47712,39.62492],[-75.47641,39.62092],[-75.47381,39.62224],[-75.46976,39.62212],[-75.46428,39.62043],[-75.46348,39.61906],[-75.46489,39.61602],[-75.46356,39.61247],[-75.4669,39.60984],[-75.47108,39.61179],[-75.47384,39.61159],[-75.47773,39.60922],[-75.4768,39.60237],[-75.47366,39.60041],[-75.46955,39.60203],[-75.46628,39.60222],[-75.46436,39.60111],[-75.46338,39.5989],[-75.46522,39.59309],[-75.46642,39.59163],[-75.46839,39.59227],[-75.47032,39.59529],[-75.4727,39.59629],[-75.47971,39.5954],[-75.48026,39.59231],[-75.47926,39.59025],[-75.47598,39.58958],[-75.47351,39.58809],[-75.47496,39.58317],[-75.47536,39.57848],[-75.48021,39.57545],[-75.48304,39.57624],[-75.48135,39.57919],[-75.48132,39.58122],[-75.48895,39.58384],[-75.49363,39.58302],[-75.49497,39.57983],[-75.49449,39.5761],[-75.496,39.57307],[-75.50444,39.56951],[-75.50744,39.5728],[-75.50844,39.57526],[-75.51153,39.57718],[-75.51523,39.58075],[-75.51963,39.58325],[-75.5216,39.58309],[-75.52616,39.58537],[-75.53405,39.59098],[-75.53954,39.59425],[-75.5454,39.59678],[-75.5535,39.602],[-75.55617,39.60639],[-75.55718,39.61315],[-75.5587,39.61793],[-75.55954,39.62493],[-75.55945,39.62981],[-75.55625,39.63491],[-75.55064,39.63791],[-75.5472,39.64053],[-75.54204,39.64601],[-75.53514,39.64721],[-75.52674,39.65511],[-75.52634,39.65641],[-75.52234,39.66081],[-75.51834,39.66391],[-75.51464,39.66861],[-75.51174,39.67431],[-75.50934,39.68531],[-75.50954,39.68571],[-75.5062,39.68563]]]}},{"type":"Feature","properties":{"zcta":"08344","d":123},"geometry":{"type":"MultiPolygon","coordinates":[[[[-75.05714,39.56544],[-75.04936,39.56697],[-75.04525,39.56335],[-75.04336,39.56426],[-75.04467,39.56587],[-75.04086,39.5675],[-75.04551,39.57342],[-75.04772,39.57804],[-75.04482,39.58008],[-75.04072,39.58043],[-75.03652,39.57967],[-75.03114,39.57755],[-75.02891,39.57599],[-75.0078,39.57849],[-75.00332,39.57521],[-74.99978,39.57551],[-74.99547,39.57431],[-74.98675,39.57413],[-74.98536,39.57843],[-74.98367,39.57868],[-74.98412,39.58128],[-74.97583,39.58225],[-74.97658,39.58691],[-74.97288,39.58548],[-74.97084,39.58824],[-74.97178,39.58862],[-74.9672,39.58994],[-74.96564,39.5914],[-74.96177,39.60361],[-74.96004,39.61005],[-74.95721,39.61034],[-74.91188,39.57846],[-74.90261,39.58647],[-74.90059,39.58397],[-74.91086,39.56555],[-74.91533,39.5575],[-74.91533,39.55372],[-74.95451,39.54153],[-74.95603,39.54539],[-74.9525,39.54989],[-74.9707,39.55594],[-74.97564,39.54686],[-74.97966,39.54457],[-74.97935,39.54094],[-74.98762,39.54047],[-74.98905,39.54433],[-74.99335,39.54345],[-74.99496,39.54513],[-75.00337,39.54594],[-75.00388,39.54136],[-75.00284,39.53868],[-75.00432,39.53749],[-75.01868,39.53844],[-75.02577,39.54343],[-75.03459,39.54121],[-75.03814,39.54145],[-75.03989,39.54002],[-75.04645,39.54212],[-75.04749,39.54447],[-75.05878,39.54744],[-75.06248,39.53992],[-75.06353,39.53389],[-75.06656,39.52773],[-75.0723,39.52433],[-75.07355,39.52745],[-75.07199,39.52915],[-75.07264,39.53607],[-75.07102,39.54009],[-75.07446,39.54456],[-75.07255,39.5486],[-75.07158,39.54863],[-75.06987,39.55312],[-75.06666,39.55623],[-75.06629,39.56047],[-75.06185,39.56875],[-75.05714,39.56544]]],[[[-75.13035,39.59962],[-75.12517,39.59985],[-75.11762,39.59935],[-75.10015,39.60108],[-75.09431,39.60076],[-75.08997,39.59986],[-75.09048,39.59663],[-75.08827,39.59642],[-75.08631,39.59466],[-75.08989,39.59517],[-75.08995,39.59295],[-75.08495,39.59222],[-75.08467,39.59393],[-75.08159,39.59492],[-75.0821,39.59205],[-75.0809,39.59034],[-75.08173,39.58558],[-75.07705,39.57938],[-75.08708,39.58684],[-75.11283,39.59309],[-75.13799,39.59682],[-75.13592,39.60213],[-75.13035,39.59962]]]]}},{"type":"Feature","properties":{"zcta":"08505","d":469},"geometry":{"type":"Polygon","coordinates":[[[-74.78282,40.10673],[-74.77297,40.09562],[-74.76805,40.0949],[-74.76959,40.1008],[-74.77205,40.10369],[-74.77097,40.10406],[-74.77733,40.10909],[-74.76957,40.11248],[-74.7697,40.11386],[-74.76491,40.11734],[-74.7612,40.12136],[-74.76673,40.12391],[-74.77582,40.12496],[-74.76949,40.12915],[-74.76286,40.13254],[-74.75888,40.13404],[-74.75313,40.13503],[-74.74441,40.13442],[-74.74055,40.13549],[-74.73169,40.14194],[-74.72436,40.14644],[-74.72213,40.15032],[-74.71797,40.15016],[-74.71425,40.1524],[-74.71328,40.15573],[-74.71101,40.15714],[-74.70655,40.16125],[-74.7046,40.16722],[-74.70461,40.16903],[-74.70804,40.16684],[-74.71078,40.16805],[-74.70889,40.17031],[-74.70875,40.17223],[-74.70155,40.17536],[-74.69956,40.1709],[-74.69538,40.17053],[-74.69485,40.16915],[-74.69638,40.16147],[-74.69132,40.16579],[-74.68637,40.16856],[-74.69105,40.16279],[-74.68224,40.16063],[-74.68243,40.15284],[-74.68129,40.14368],[-74.68213,40.14185],[-74.68159,40.1392],[-74.67998,40.13682],[-74.68006,40.12547],[-74.68209,40.12498],[-74.69046,40.1244],[-74.69504,40.12215],[-74.69955,40.11747],[-74.69758,40.11602],[-74.69621,40.11342],[-74.69005,40.11135],[-74.68579,40.1087],[-74.68505,40.10746],[-74.68996,40.10574],[-74.69268,40.10309],[-74.70168,40.11087],[-74.70431,40.11262],[-74.70491,40.10657],[-74.70438,40.09965],[-74.70935,40.09601],[-74.71277,40.0951],[-74.71348,40.09311],[-74.72023,40.09755],[-74.72485,40.10106],[-74.72789,40.09823],[-74.73222,40.09727],[-74.74357,40.10773],[-74.74486,40.1047],[-74.74454,40.10298],[-74.74765,40.10007],[-74.75144,40.09494],[-74.75489,40.08945],[-74.75366,40.08724],[-74.75099,40.08489],[-74.75089,40.08297],[-74.7455,40.08247],[-74.75315,40.07635],[-74.74736,40.074],[-74.74939,40.07129],[-74.75014,40.06793],[-74.75511,40.06807],[-74.75622,40.06496],[-74.75383,40.06172],[-74.7542,40.05798],[-74.75592,40.05709],[-74.75339,40.05324],[-74.75126,40.05115],[-74.75338,40.04692],[-74.75247,40.0434],[-74.75655,40.04201],[-74.75343,40.03746],[-74.75311,40.0349],[-74.74807,40.03471],[-74.74538,40.03373],[-74.74482,40.03031],[-74.74259,40.02264],[-74.7496,40.02229],[-74.75191,40.02162],[-74.75832,40.03151],[-74.76138,40.04211],[-74.76449,40.04122],[-74.76801,40.03859],[-74.77132,40.0296],[-74.78607,40.03766],[-74.78283,40.04046],[-74.78139,40.04306],[-74.77989,40.043],[-74.7832,40.04585],[-74.78598,40.04974],[-74.78551,40.05121],[-74.78225,40.05162],[-74.78311,40.05451],[-74.78743,40.05416],[-74.78637,40.05494],[-74.78791,40.06005],[-74.79037,40.05915],[-74.79382,40.0643],[-74.79645,40.0617],[-74.7979,40.06189],[-74.79858,40.06521],[-74.80081,40.06818],[-74.7989,40.07208],[-74.79267,40.07527],[-74.79101,40.07815],[-74.78761,40.07999],[-74.77945,40.0901],[-74.78011,40.09076],[-74.7798,40.09705],[-74.78736,40.10009],[-74.79247,40.10271],[-74.78496,40.10592],[-74.78282,40.10673]]]}},{"type":"Feature","properties":{"zcta":"08515","d":139},"geometry":{"type":"Polygon","coordinates":[[[-74.67045,40.15441],[-74.67024,40.15608],[-74.67426,40.15792],[-74.67772,40.15689],[-74.67935,40.16001],[-74.68224,40.16063],[-74.68452,40.16217],[-74.68237,40.16809],[-74.67731,40.16728],[-74.67608,40.16566],[-74.67342,40.16708],[-74.66934,40.16526],[-74.66953,40.16655],[-74.66538,40.16608],[-74.66503,40.16464],[-74.66202,40.16493],[-74.66148,40.16219],[-74.65958,40.16236],[-74.65829,40.16092],[-74.6554,40.16007],[-74.65468,40.15856],[-74.65199,40.15897],[-74.64784,40.15557],[-74.64471,40.15552],[-74.64301,40.1541],[-74.64152,40.15529],[-74.63852,40.15436],[-74.638,40.15189],[-74.6349,40.15157],[-74.63308,40.1491],[-74.63161,40.15043],[-74.63023,40.14882],[-74.62559,40.14959],[-74.62329,40.14896],[-74.62325,40.14584],[-74.62209,40.1449],[-74.62326,40.14206],[-74.61863,40.14053],[-74.61641,40.1416],[-74.61544,40.14066],[-74.60917,40.14],[-74.6033,40.13862],[-74.60242,40.13698],[-74.59557,40.13779],[-74.60274,40.12624],[-74.6029,40.12531],[-74.6116,40.10716],[-74.61184,40.10345],[-74.61253,40.09702],[-74.61683,40.07383],[-74.61735,40.06396],[-74.61793,40.05998],[-74.61949,40.05618],[-74.63343,40.06213],[-74.64132,40.06307],[-74.64386,40.06319],[-74.64524,40.07003],[-74.6471,40.07158],[-74.64681,40.07358],[-74.63983,40.07642],[-74.63953,40.0806],[-74.64303,40.0835],[-74.64614,40.08397],[-74.65757,40.08192],[-74.66291,40.08262],[-74.66461,40.08403],[-74.66234,40.08811],[-74.66449,40.08899],[-74.66652,40.09143],[-74.66896,40.09204],[-74.6695,40.09381],[-74.67296,40.0969],[-74.67666,40.09868],[-74.67761,40.10147],[-74.68025,40.1033],[-74.68424,40.10465],[-74.68505,40.10746],[-74.68579,40.1087],[-74.69005,40.11135],[-74.69621,40.11342],[-74.69758,40.11602],[-74.69955,40.11747],[-74.69504,40.12215],[-74.69046,40.1244],[-74.68209,40.12498],[-74.68006,40.12547],[-74.67998,40.13682],[-74.68159,40.1392],[-74.68213,40.14185],[-74.68129,40.14368],[-74.68243,40.15284],[-74.67045,40.15441]]]}},{"type":"Feature","properties":{"zcta":"08554","d":1847},"geometry":{"type":"Polygon","coordinates":[[[-74.78511,40.12031],[-74.78211,40.12081],[-74.77582,40.12496],[-74.76673,40.12391],[-74.7612,40.12136],[-74.76491,40.11734],[-74.7697,40.11386],[-74.76957,40.11248],[-74.77733,40.10909],[-74.78282,40.10673],[-74.78496,40.10592],[-74.78536,40.10951],[-74.79546,40.1045],[-74.79582,40.10469],[-74.79846,40.11097],[-74.79567,40.11164],[-74.79393,40.10945],[-74.79046,40.11109],[-74.79294,40.11427],[-74.78758,40.11572],[-74.79008,40.11833],[-74.79328,40.11908],[-74.79165,40.121],[-74.78511,40.12031]]]}},{"type":"Feature","properties":{"zcta":"08562","d":149},"geometry":{"type":"Polygon","coordinates":[[[-74.63343,40.06213],[-74.61949,40.05618],[-74.61793,40.05998],[-74.61735,40.06396],[-74.61683,40.07383],[-74.61253,40.09702],[-74.61184,40.10345],[-74.60557,40.10522],[-74.60168,40.10471],[-74.59841,40.10683],[-74.59471,40.10764],[-74.59146,40.11054],[-74.58339,40.11278],[-74.58099,40.11545],[-74.57759,40.10776],[-74.5757,40.10827],[-74.57269,40.10593],[-74.57329,40.1041],[-74.57762,40.10722],[-74.57712,40.10349],[-74.56645,40.10123],[-74.56634,40.10157],[-74.5439,40.06352],[-74.55593,40.05623],[-74.55414,40.0557],[-74.54322,40.06236],[-74.54043,40.05776],[-74.54144,40.05396],[-74.54377,40.05214],[-74.55205,40.05102],[-74.55484,40.05152],[-74.56003,40.0497],[-74.56894,40.04902],[-74.57285,40.05004],[-74.5737,40.04926],[-74.57425,40.05164],[-74.57947,40.05102],[-74.5785,40.05437],[-74.58174,40.05862],[-74.59601,40.05215],[-74.59199,40.04707],[-74.58971,40.04775],[-74.58648,40.04316],[-74.59187,40.04055],[-74.58861,40.03872],[-74.59223,40.03771],[-74.60322,40.03677],[-74.60279,40.02859],[-74.61014,40.03281],[-74.61465,40.0354],[-74.61824,40.03323],[-74.62157,40.03215],[-74.62608,40.03559],[-74.64588,40.02944],[-74.64649,40.03015],[-74.65086,40.03013],[-74.66177,40.0308],[-74.66307,40.03256],[-74.66575,40.03388],[-74.65859,40.03602],[-74.65534,40.03614],[-74.64952,40.03775],[-74.64399,40.03659],[-74.64541,40.04273],[-74.64066,40.04343],[-74.6406,40.04711],[-74.63918,40.05031],[-74.63762,40.05175],[-74.63769,40.05935],[-74.64076,40.05864],[-74.64132,40.06307],[-74.63343,40.06213]]]}},{"type":"Feature","properties":{"zcta":"21904","d":140},"geometry":{"type":"Polygon","coordinates":[[[-76.15894,39.65622],[-76.15972,39.65765],[-76.15851,39.66016],[-76.15703,39.66043],[-76.15502,39.65757],[-76.15045,39.6427],[-76.14746,39.64303],[-76.14571,39.64095],[-76.14285,39.64074],[-76.14165,39.63936],[-76.1357,39.63762],[-76.13425,39.63816],[-76.13066,39.63731],[-76.12786,39.63749],[-76.12832,39.63598],[-76.1225,39.63697],[-76.11719,39.63697],[-76.11549,39.63463],[-76.11213,39.6337],[-76.108,39.63903],[-76.10264,39.64512],[-76.10051,39.64218],[-76.09684,39.64083],[-76.09256,39.64065],[-76.08891,39.63909],[-76.08641,39.64054],[-76.08534,39.64271],[-76.08547,39.64936],[-76.0842,39.65309],[-76.08438,39.65555],[-76.08125,39.6563],[-76.07521,39.66019],[-76.07578,39.66562],[-76.07423,39.66996],[-76.06941,39.67029],[-76.06723,39.67054],[-76.06238,39.66753],[-76.05685,39.6624],[-76.05058,39.65266],[-76.04883,39.65108],[-76.04664,39.65103],[-76.04749,39.64964],[-76.04549,39.64882],[-76.03958,39.64997],[-76.03963,39.64706],[-76.03522,39.64622],[-76.03536,39.64435],[-76.03008,39.64609],[-76.02934,39.64548],[-76.01723,39.64125],[-76.00977,39.63898],[-76.01462,39.63839],[-76.01576,39.62934],[-76.009,39.62783],[-76.00449,39.62808],[-76.00068,39.6253],[-75.99455,39.62265],[-75.99284,39.62095],[-75.99704,39.61794],[-76.0013,39.61567],[-76.00947,39.61298],[-76.01533,39.60946],[-76.01987,39.60803],[-76.0302,39.60612],[-76.03788,39.60391],[-76.04548,39.60018],[-76.06325,39.59534],[-76.07501,39.58735],[-76.08029,39.58579],[-76.09469,39.5856],[-76.10608,39.58053],[-76.13567,39.61311],[-76.13597,39.61411],[-76.14747,39.61941],[-76.16176,39.64962],[-76.1636,39.6513],[-76.15894,39.65622]]]}},{"type":"Feature","properties":{"zcta":"21915","d":58},"geometry":{"type":"Polygon","coordinates":[[[-75.9326,39.49001],[-75.92249,39.50011],[-75.92399,39.50011],[-75.91417,39.51062],[-75.90995,39.51006],[-75.90298,39.51033],[-75.8933,39.51147],[-75.88894,39.51275],[-75.88485,39.5189],[-75.87466,39.52287],[-75.87035,39.52596],[-75.86685,39.52739],[-75.86417,39.5295],[-75.8566,39.53091],[-75.84617,39.53124],[-75.83531,39.53109],[-75.82992,39.5317],[-75.82454,39.53138],[-75.8184,39.53026],[-75.81515,39.53108],[-75.82365,39.53222],[-75.82361,39.53334],[-75.81293,39.53159],[-75.80776,39.53887],[-75.80375,39.53983],[-75.79989,39.54201],[-75.79608,39.54048],[-75.79036,39.53662],[-75.78583,39.53839],[-75.78466,39.53796],[-75.78002,39.54083],[-75.77958,39.53554],[-75.77623,39.49437],[-75.78337,39.49504],[-75.79429,39.49477],[-75.80154,39.49504],[-75.80947,39.49434],[-75.82214,39.4695],[-75.82584,39.47016],[-75.82802,39.46576],[-75.83374,39.46571],[-75.8356,39.46417],[-75.84025,39.46432],[-75.84198,39.46522],[-75.84716,39.46387],[-75.85106,39.46354],[-75.85465,39.46235],[-75.85732,39.46251],[-75.85963,39.46102],[-75.86444,39.46182],[-75.86556,39.46135],[-75.86267,39.45954],[-75.8606,39.45643],[-75.86278,39.4552],[-75.87111,39.46221],[-75.87401,39.46705],[-75.87706,39.46981],[-75.8816,39.47242],[-75.88584,39.47564],[-75.88934,39.47741],[-75.89869,39.48004],[-75.90636,39.48109],[-75.92531,39.4811],[-75.93271,39.48241],[-75.93903,39.48472],[-75.9326,39.49001]]]}},{"type":"Feature","properties":{"zcta":"21919","d":35},"geometry":{"type":"Polygon","coordinates":[[[-75.92531,39.4811],[-75.90636,39.48109],[-75.89869,39.48004],[-75.88934,39.47741],[-75.88584,39.47564],[-75.8816,39.47242],[-75.87706,39.46981],[-75.87401,39.46705],[-75.87111,39.46221],[-75.86278,39.4552],[-75.86447,39.45486],[-75.86293,39.45265],[-75.8561,39.45258],[-75.85581,39.45099],[-75.85346,39.452],[-75.8495,39.45062],[-75.84725,39.44762],[-75.84806,39.44396],[-75.84797,39.44022],[-75.84682,39.43879],[-75.84867,39.43428],[-75.86114,39.43306],[-75.86043,39.42708],[-75.86134,39.41672],[-75.8663,39.42223],[-75.87041,39.41969],[-75.88925,39.407],[-75.87938,39.40698],[-75.87649,39.40595],[-75.87143,39.39808],[-75.87087,39.39576],[-75.87146,39.3894],[-75.87311,39.38618],[-75.88016,39.37825],[-75.88119,39.38003],[-75.88459,39.38197],[-75.89106,39.37794],[-75.89204,39.37648],[-75.89604,39.37498],[-75.89936,39.37514],[-75.90336,39.3731],[-75.90447,39.37176],[-75.90462,39.36628],[-75.90074,39.36661],[-75.89837,39.36797],[-75.89525,39.3681],[-75.89147,39.36662],[-75.88856,39.36356],[-75.88598,39.36291],[-75.88298,39.36521],[-75.88213,39.36433],[-75.8851,39.36084],[-75.88854,39.36191],[-75.89229,39.36462],[-75.89598,39.36587],[-75.90379,39.36435],[-75.90803,39.3645],[-75.91501,39.36658],[-75.92277,39.36725],[-75.92659,39.37099],[-75.93202,39.37151],[-75.93985,39.36779],[-75.94536,39.36858],[-75.94934,39.37251],[-75.95182,39.37364],[-75.95697,39.3746],[-75.96407,39.37473],[-75.96827,39.37397],[-75.9706,39.37285],[-75.97442,39.36862],[-75.97903,39.36658],[-75.9827,39.36749],[-75.98714,39.37258],[-75.99076,39.37462],[-75.98611,39.37948],[-75.98872,39.38159],[-75.99074,39.38186],[-75.99514,39.38471],[-75.99799,39.38554],[-76.00251,39.38502],[-76.00892,39.38591],[-76.01277,39.38564],[-76.02017,39.38588],[-76.03082,39.38546],[-76.03803,39.38673],[-76.03993,39.38808],[-76.04131,39.39064],[-76.04096,39.39424],[-76.0376,39.39945],[-76.03306,39.40314],[-76.02211,39.40712],[-76.01653,39.40847],[-76.00688,39.41453],[-76.00347,39.41902],[-76.00251,39.42351],[-75.9974,39.43031],[-75.99098,39.43338],[-75.98706,39.43374],[-75.98258,39.43529],[-75.97675,39.44463],[-75.9766,39.44781],[-75.97493,39.44889],[-75.97427,39.45215],[-75.97173,39.45687],[-75.96947,39.45788],[-75.96664,39.4628],[-75.964,39.46252],[-75.95592,39.464],[-75.95538,39.46537],[-75.94957,39.4691],[-75.94717,39.47363],[-75.94313,39.47486],[-75.93271,39.48241],[-75.92531,39.4811]]]}},{"type":"Feature","properties":{"zcta":"08641","d":317},"geometry":{"type":"Polygon","coordinates":[[[-74.60279,40.02859],[-74.60322,40.03677],[-74.59223,40.03771],[-74.58861,40.03872],[-74.59187,40.04055],[-74.58648,40.04316],[-74.58971,40.04775],[-74.59199,40.04707],[-74.59601,40.05215],[-74.58174,40.05862],[-74.5785,40.05437],[-74.57947,40.05102],[-74.57425,40.05164],[-74.5737,40.04926],[-74.57689,40.04844],[-74.5787,40.04527],[-74.5824,40.04261],[-74.58155,40.04106],[-74.5772,40.03794],[-74.57289,40.03939],[-74.57055,40.03746],[-74.56104,40.03692],[-74.55929,40.02976],[-74.56114,40.02368],[-74.56763,40.02367],[-74.58717,40.00914],[-74.5972,40.00143],[-74.60033,40.00013],[-74.60256,40.00379],[-74.6021,40.00536],[-74.60366,40.0149],[-74.60382,40.01853],[-74.60545,40.02012],[-74.61353,40.02172],[-74.61497,40.02409],[-74.61089,40.02605],[-74.61146,40.02894],[-74.61323,40.03166],[-74.61014,40.03281],[-74.60279,40.02859]]]}},{"type":"Feature","properties":{"zcta":"19104","d":5250},"geometry":{"type":"Polygon","coordinates":[[[-75.21207,39.97021],[-75.21389,39.97305],[-75.21221,39.97324],[-75.21347,39.97779],[-75.20372,39.97418],[-75.19372,39.97529],[-75.19101,39.97003],[-75.18498,39.96613],[-75.17994,39.96003],[-75.17913,39.958],[-75.18166,39.95151],[-75.18329,39.94951],[-75.1883,39.94641],[-75.19149,39.94315],[-75.19523,39.94222],[-75.20037,39.94399],[-75.20316,39.94359],[-75.20518,39.94112],[-75.20784,39.94129],[-75.20506,39.94362],[-75.20859,39.94545],[-75.21349,39.94901],[-75.21333,39.95246],[-75.21217,39.95287],[-75.21134,39.95831],[-75.21402,39.95864],[-75.21323,39.96433],[-75.2122,39.96475],[-75.21365,39.9677],[-75.21317,39.96909],[-75.21207,39.97021]]]}},{"type":"Feature","properties":{"zcta":"19107","d":13060},"geometry":{"type":"Polygon","coordinates":[[[-75.15988,39.95931],[-75.15205,39.95833],[-75.15163,39.95722],[-75.15232,39.95692],[-75.15514,39.94399],[-75.16515,39.94556],[-75.16434,39.94935],[-75.16314,39.94921],[-75.16417,39.95011],[-75.16506,39.95361],[-75.16332,39.95336],[-75.16196,39.95957],[-75.15988,39.95931]]]}},{"type":"Feature","properties":{"zcta":"19438","d":567},"geometry":{"type":"Polygon","coordinates":[[[-75.45782,40.32303],[-75.45609,40.32591],[-75.44995,40.32628],[-75.4489,40.32517],[-75.4411,40.31717],[-75.42124,40.30473],[-75.41792,40.30879],[-75.40697,40.30254],[-75.40368,40.30723],[-75.40148,40.3065],[-75.39866,40.30921],[-75.39038,40.30408],[-75.39338,40.29894],[-75.38644,40.29813],[-75.3817,40.29654],[-75.38021,40.29795],[-75.37532,40.29507],[-75.36995,40.30025],[-75.36911,40.29793],[-75.35665,40.27081],[-75.35052,40.26964],[-75.35222,40.26507],[-75.35126,40.26547],[-75.3476,40.2633],[-75.34984,40.26106],[-75.35066,40.26022],[-75.34391,40.25706],[-75.3333,40.25088],[-75.33486,40.2493],[-75.33753,40.24963],[-75.34151,40.24571],[-75.33961,40.24455],[-75.34278,40.24279],[-75.3395,40.23718],[-75.34364,40.23323],[-75.34586,40.2347],[-75.34949,40.23109],[-75.35149,40.23202],[-75.35378,40.23098],[-75.35416,40.22821],[-75.35767,40.22472],[-75.35952,40.22584],[-75.36947,40.21687],[-75.37222,40.21406],[-75.37993,40.21851],[-75.38593,40.2212],[-75.39081,40.22234],[-75.39921,40.22314],[-75.40295,40.22574],[-75.40069,40.22791],[-75.40205,40.22877],[-75.4004,40.23036],[-75.39901,40.22956],[-75.3962,40.23231],[-75.39946,40.23438],[-75.39959,40.23578],[-75.39729,40.23805],[-75.39886,40.23904],[-75.40184,40.23831],[-75.40515,40.24095],[-75.40308,40.24287],[-75.40505,40.24407],[-75.40359,40.24669],[-75.4062,40.24428],[-75.41285,40.24454],[-75.41826,40.24806],[-75.41949,40.24712],[-75.42074,40.24853],[-75.42138,40.25179],[-75.42542,40.25393],[-75.42206,40.25714],[-75.41379,40.25883],[-75.40667,40.26169],[-75.41021,40.26392],[-75.4157,40.26247],[-75.41791,40.26747],[-75.41757,40.26957],[-75.41527,40.27325],[-75.4175,40.27705],[-75.4179,40.27956],[-75.42266,40.27638],[-75.41841,40.28244],[-75.42423,40.28903],[-75.43273,40.29396],[-75.43411,40.29268],[-75.43708,40.29449],[-75.44094,40.29054],[-75.4429,40.29155],[-75.44592,40.28909],[-75.44716,40.28978],[-75.44903,40.28791],[-75.45391,40.29026],[-75.45571,40.29825],[-75.45705,40.29839],[-75.45746,40.30302],[-75.45899,40.3037],[-75.46339,40.30311],[-75.4655,40.3021],[-75.46776,40.3054],[-75.46777,40.30816],[-75.46986,40.31333],[-75.47101,40.31434],[-75.4749,40.31464],[-75.4691,40.31942],[-75.47227,40.32245],[-75.46817,40.32132],[-75.46318,40.32466],[-75.46124,40.32474],[-75.45782,40.32303]]]}},{"type":"Feature","properties":{"zcta":"19454","d":1129},"geometry":{"type":"Polygon","coordinates":[[[-75.24288,40.24126],[-75.24146,40.24258],[-75.23747,40.23769],[-75.23259,40.24037],[-75.2322,40.2416],[-75.23466,40.24318],[-75.23565,40.24232],[-75.23965,40.24483],[-75.23687,40.24781],[-75.23526,40.25048],[-75.22845,40.25502],[-75.22837,40.25358],[-75.23177,40.25064],[-75.22813,40.24778],[-75.22602,40.24769],[-75.22821,40.24571],[-75.22599,40.246],[-75.21413,40.25742],[-75.20866,40.25419],[-75.20425,40.25755],[-75.20385,40.26096],[-75.20221,40.2626],[-75.19876,40.26041],[-75.20647,40.25285],[-75.20288,40.25022],[-75.20362,40.24861],[-75.19972,40.24887],[-75.1774,40.23505],[-75.1877,40.22518],[-75.18771,40.22701],[-75.18425,40.2302],[-75.18797,40.23247],[-75.18486,40.23578],[-75.19137,40.23772],[-75.20549,40.2238],[-75.20555,40.22152],[-75.21132,40.21521],[-75.21751,40.21018],[-75.22279,40.2049],[-75.22678,40.20737],[-75.22475,40.20946],[-75.22509,40.2112],[-75.22894,40.21716],[-75.21599,40.23003],[-75.22476,40.23536],[-75.22592,40.23332],[-75.23401,40.22524],[-75.23109,40.22059],[-75.23423,40.21744],[-75.23686,40.21346],[-75.22835,40.20833],[-75.23226,40.20561],[-75.23496,40.20693],[-75.23651,40.20535],[-75.24613,40.20382],[-75.25031,40.20579],[-75.25393,40.2047],[-75.25547,40.20213],[-75.26024,40.20424],[-75.26157,40.20407],[-75.26602,40.19955],[-75.26535,40.19915],[-75.27649,40.18797],[-75.27932,40.18572],[-75.29394,40.19353],[-75.2919,40.19574],[-75.29805,40.20627],[-75.2975,40.20792],[-75.29605,40.20657],[-75.29242,40.21046],[-75.29226,40.21334],[-75.29108,40.21571],[-75.29384,40.21756],[-75.28932,40.22764],[-75.28728,40.22817],[-75.28573,40.22572],[-75.28132,40.22167],[-75.27799,40.22345],[-75.27411,40.22772],[-75.27281,40.22701],[-75.27059,40.22922],[-75.26706,40.22768],[-75.25329,40.23423],[-75.25836,40.23717],[-75.25402,40.24013],[-75.25124,40.24279],[-75.24899,40.24144],[-75.24633,40.24439],[-75.24409,40.24326],[-75.24341,40.24497],[-75.24288,40.24126]]]}},{"type":"Feature","properties":{"zcta":"19465","d":248},"geometry":{"type":"Polygon","coordinates":[[[-75.69251,40.23894],[-75.69017,40.23645],[-75.68558,40.23658],[-75.67693,40.24216],[-75.6712,40.24458],[-75.66491,40.24506],[-75.65861,40.2419],[-75.65553,40.2412],[-75.65089,40.24202],[-75.64025,40.23705],[-75.6345,40.23575],[-75.62401,40.23132],[-75.61958,40.23008],[-75.61628,40.22491],[-75.61237,40.223],[-75.60552,40.22481],[-75.60317,40.22701],[-75.6037,40.22955],[-75.60756,40.23337],[-75.60748,40.23539],[-75.60431,40.23782],[-75.60136,40.23805],[-75.59703,40.23684],[-75.59266,40.22549],[-75.58776,40.21445],[-75.58206,40.20791],[-75.58075,40.20521],[-75.58137,40.20509],[-75.58277,40.20763],[-75.58471,40.20764],[-75.58618,40.2096],[-75.58908,40.20726],[-75.59181,40.20862],[-75.59596,40.20532],[-75.59784,40.20641],[-75.60338,40.20147],[-75.60223,40.19874],[-75.60409,40.19352],[-75.60595,40.1924],[-75.60577,40.18741],[-75.60509,40.18531],[-75.60767,40.18479],[-75.60751,40.18286],[-75.61053,40.18375],[-75.61136,40.18085],[-75.61402,40.17837],[-75.6163,40.17813],[-75.61707,40.18012],[-75.6202,40.18043],[-75.62303,40.17782],[-75.62442,40.17879],[-75.62622,40.1769],[-75.62931,40.18049],[-75.63273,40.18052],[-75.63543,40.17898],[-75.6327,40.17763],[-75.63567,40.17661],[-75.64872,40.17584],[-75.65842,40.16616],[-75.66557,40.16687],[-75.66279,40.1652],[-75.66475,40.16334],[-75.66734,40.16562],[-75.67001,40.16361],[-75.66974,40.16027],[-75.67216,40.1596],[-75.67073,40.1546],[-75.67395,40.15068],[-75.6784,40.15094],[-75.68501,40.15013],[-75.69172,40.14843],[-75.6915,40.14594],[-75.69691,40.14439],[-75.70176,40.14438],[-75.70354,40.14554],[-75.70515,40.14361],[-75.70958,40.14495],[-75.71534,40.14511],[-75.71429,40.15064],[-75.71426,40.15384],[-75.72046,40.1518],[-75.72816,40.15123],[-75.7309,40.14923],[-75.73359,40.14913],[-75.73502,40.15017],[-75.72695,40.15175],[-75.72299,40.15365],[-75.71788,40.1544],[-75.71814,40.15628],[-75.71976,40.15615],[-75.7201,40.15849],[-75.72764,40.15714],[-75.72785,40.15826],[-75.73086,40.15783],[-75.73073,40.15899],[-75.72711,40.15962],[-75.72807,40.16362],[-75.72925,40.16459],[-75.7256,40.1654],[-75.72704,40.17153],[-75.73135,40.17868],[-75.73054,40.18164],[-75.73249,40.18523],[-75.73307,40.19083],[-75.73216,40.1909],[-75.73275,40.19538],[-75.7378,40.19499],[-75.74886,40.21329],[-75.72986,40.22449],[-75.69678,40.24186],[-75.69251,40.23894]]]}},{"type":"Feature","properties":{"zcta":"19492","d":400},"geometry":{"type":"MultiPolygon","coordinates":[[[[-75.50088,40.28164],[-75.4951,40.2871],[-75.49349,40.28701],[-75.48869,40.2891],[-75.48558,40.28449],[-75.48103,40.28062],[-75.47995,40.27719],[-75.48806,40.27808],[-75.48807,40.27591],[-75.49092,40.27465],[-75.49758,40.27302],[-75.49745,40.27475],[-75.49941,40.27437],[-75.50677,40.27457],[-75.50775,40.27662],[-75.50731,40.27902],[-75.50905,40.28043],[-75.50499,40.28415],[-75.50088,40.28164]]],[[[-75.51054,40.2891],[-75.50681,40.2869],[-75.50497,40.2867],[-75.50618,40.28483],[-75.51186,40.288],[-75.51054,40.2891]]],[[[-75.51543,40.28429],[-75.51856,40.28614],[-75.51516,40.2861],[-75.51847,40.28815],[-75.51563,40.2902],[-75.51704,40.29109],[-75.51551,40.29243],[-75.52017,40.29657],[-75.52482,40.29856],[-75.52588,40.29759],[-75.52827,40.29855],[-75.52969,40.29735],[-75.53193,40.29879],[-75.52853,40.30214],[-75.53394,40.3066],[-75.53035,40.31013],[-75.5246,40.30661],[-75.52136,40.306],[-75.51616,40.30118],[-75.51385,40.2999],[-75.51764,40.29624],[-75.51524,40.29649],[-75.50992,40.29278],[-75.5114,40.29209],[-75.51218,40.28834],[-75.51543,40.28429]]]]}},{"type":"Feature","properties":{"zcta":"19109","d":0},"geometry":{"type":"Polygon","coordinates":[[[-75.16417,39.95011],[-75.16314,39.94921],[-75.16434,39.94935],[-75.16417,39.95011]]]}},{"type":"Feature","properties":{"zcta":"19111","d":5942},"geometry":{"type":"Polygon","coordinates":[[[-75.08165,40.08367],[-75.0778,40.08577],[-75.07456,40.08912],[-75.07315,40.08807],[-75.07449,40.08679],[-75.07169,40.08698],[-75.06823,40.08504],[-75.06229,40.08448],[-75.06846,40.08016],[-75.0662,40.07793],[-75.06886,40.07185],[-75.06572,40.07019],[-75.05821,40.07461],[-75.05765,40.07431],[-75.0642,40.06741],[-75.0574,40.06309],[-75.05655,40.06208],[-75.0613,40.05705],[-75.06343,40.05403],[-75.06632,40.05275],[-75.06604,40.05118],[-75.06653,40.05146],[-75.07726,40.04031],[-75.07984,40.03692],[-75.0884,40.04193],[-75.08871,40.03795],[-75.09054,40.03914],[-75.09203,40.04021],[-75.0961,40.03657],[-75.09842,40.0361],[-75.10157,40.03829],[-75.0966,40.04249],[-75.10408,40.04672],[-75.10703,40.04897],[-75.09406,40.05677],[-75.08742,40.0636],[-75.09673,40.06899],[-75.08165,40.08367]]]}},{"type":"Feature","properties":{"zcta":"19113","d":0},"geometry":{"type":"Polygon","coordinates":[[[-75.27899,39.85942],[-75.28269,39.86275],[-75.29004,39.86222],[-75.29273,39.86378],[-75.29466,39.86601],[-75.2857,39.86817],[-75.28124,39.86675],[-75.28057,39.86582],[-75.27827,39.86741],[-75.27835,39.86882],[-75.28128,39.86822],[-75.28237,39.87002],[-75.28073,39.87156],[-75.27223,39.87503],[-75.2692,39.87558],[-75.26641,39.87485],[-75.27014,39.87356],[-75.2713,39.87139],[-75.26953,39.86465],[-75.2769,39.86368],[-75.27378,39.85869],[-75.27899,39.85942]]]}},{"type":"Feature","properties":{"zcta":"19114","d":2716},"geometry":{"type":"Polygon","coordinates":[[[-75.01553,40.09486],[-74.99723,40.08002],[-74.99435,40.08168],[-74.99126,40.0798],[-74.98927,40.08115],[-74.98703,40.0808],[-74.99027,40.07878],[-74.98689,40.07533],[-74.98139,40.07275],[-74.98156,40.06952],[-74.98011,40.06755],[-74.98113,40.06596],[-74.98099,40.06551],[-74.98038,40.06035],[-74.98489,40.05729],[-74.9839,40.05499],[-74.9797,40.0534],[-74.97371,40.04819],[-74.98659,40.03898],[-74.99098,40.04253],[-74.99988,40.0504],[-75.00201,40.04902],[-75.00527,40.05024],[-75.00853,40.05354],[-75.02118,40.06169],[-75.02222,40.06352],[-75.02543,40.06565],[-75.02966,40.06815],[-75.03509,40.07462],[-75.01553,40.09486]]]}},{"type":"Feature","properties":{"zcta":"19115","d":2843},"geometry":{"type":"Polygon","coordinates":[[[-75.07127,40.09253],[-75.05834,40.10589],[-75.04854,40.11273],[-75.03946,40.10736],[-75.03606,40.10678],[-75.03255,40.10483],[-75.02881,40.10492],[-75.02971,40.10306],[-75.02763,40.10177],[-75.02184,40.1001],[-75.01767,40.0973],[-75.01553,40.09486],[-75.03509,40.07462],[-75.03916,40.07037],[-75.04146,40.06603],[-75.04338,40.06668],[-75.04388,40.06878],[-75.0413,40.07258],[-75.04393,40.07391],[-75.0441,40.0762],[-75.0469,40.07841],[-75.05011,40.07859],[-75.05541,40.07676],[-75.05821,40.07461],[-75.06572,40.07019],[-75.06886,40.07185],[-75.0662,40.07793],[-75.06846,40.08016],[-75.06229,40.08448],[-75.06823,40.08504],[-75.07169,40.08698],[-75.07449,40.08679],[-75.07315,40.08807],[-75.07456,40.08912],[-75.07127,40.09253]]]}},{"type":"Feature","properties":{"zcta":"19118","d":1443},"geometry":{"type":"Polygon","coordinates":[[[-75.22361,40.09291],[-75.22157,40.09176],[-75.2094,40.08493],[-75.1892,40.07317],[-75.19322,40.06909],[-75.20044,40.06353],[-75.20179,40.05983],[-75.20202,40.05669],[-75.20621,40.05374],[-75.2136,40.05225],[-75.21455,40.05046],[-75.21682,40.0524],[-75.2179,40.0554],[-75.22224,40.06089],[-75.22382,40.06442],[-75.22083,40.06686],[-75.22565,40.0714],[-75.22301,40.07409],[-75.22547,40.07925],[-75.22744,40.08121],[-75.23295,40.08362],[-75.24074,40.08306],[-75.23895,40.08454],[-75.23472,40.08538],[-75.23562,40.0864],[-75.2305,40.08602],[-75.22778,40.08875],[-75.22361,40.09291]]]}},{"type":"Feature","properties":{"zcta":"19122","d":7494},"geometry":{"type":"Polygon","coordinates":[[[-75.15494,39.98612],[-75.13254,39.98317],[-75.13319,39.98013],[-75.13132,39.97846],[-75.13384,39.97715],[-75.13535,39.96873],[-75.14141,39.97027],[-75.14309,39.96995],[-75.15094,39.97052],[-75.15715,39.97174],[-75.15944,39.97147],[-75.15627,39.98628],[-75.15494,39.98612]]]}},{"type":"Feature","properties":{"zcta":"19123","d":7382},"geometry":{"type":"Polygon","coordinates":[[[-75.15715,39.97174],[-75.15094,39.97052],[-75.14309,39.96995],[-75.14141,39.97027],[-75.13535,39.96873],[-75.13443,39.96879],[-75.13422,39.96448],[-75.1287,39.96698],[-75.12542,39.96195],[-75.13022,39.95859],[-75.13174,39.95984],[-75.13709,39.9602],[-75.1386,39.95676],[-75.14141,39.95712],[-75.14159,39.95575],[-75.14854,39.95764],[-75.15163,39.95722],[-75.15205,39.95833],[-75.15988,39.95931],[-75.16177,39.96042],[-75.15944,39.97147],[-75.15715,39.97174]]]}},{"type":"Feature","properties":{"zcta":"19129","d":2361},"geometry":{"type":"Polygon","coordinates":[[[-75.2069,40.01496],[-75.20535,40.01671],[-75.20255,40.01794],[-75.20127,40.01719],[-75.19985,40.01937],[-75.19501,40.0232],[-75.19171,40.01987],[-75.1903,40.02235],[-75.18768,40.02016],[-75.18943,40.02275],[-75.18246,40.02534],[-75.17814,40.0226],[-75.17771,40.01843],[-75.17585,40.01625],[-75.17823,40.01444],[-75.17234,40.0176],[-75.166,40.01862],[-75.16166,40.01987],[-75.16189,40.01404],[-75.16778,40.01109],[-75.16687,40.0099],[-75.17036,40.00841],[-75.16576,40.00395],[-75.17009,40.00519],[-75.16927,40.0041],[-75.17348,40.00464],[-75.17504,40.00612],[-75.17691,40.0047],[-75.17863,40.00505],[-75.17948,40.00733],[-75.18133,40.00722],[-75.18335,40.00552],[-75.18782,40.0061],[-75.18679,40.00059],[-75.19175,39.99975],[-75.19132,40.00372],[-75.19281,40.00673],[-75.20311,40.01014],[-75.20577,40.01163],[-75.20801,40.013],[-75.2069,40.01496]]]}},{"type":"Feature","properties":{"zcta":"19130","d":12589},"geometry":{"type":"Polygon","coordinates":[[[-75.19133,39.97554],[-75.17785,39.97425],[-75.17654,39.97231],[-75.16722,39.9734],[-75.16742,39.97249],[-75.16259,39.97244],[-75.15944,39.97147],[-75.16177,39.96042],[-75.16196,39.95957],[-75.16537,39.9596],[-75.17158,39.96079],[-75.172,39.95901],[-75.17994,39.96003],[-75.18498,39.96613],[-75.19101,39.97003],[-75.19372,39.97529],[-75.19133,39.97554]]]}},{"type":"Feature","properties":{"zcta":"19131","d":3271},"geometry":{"type":"Polygon","coordinates":[[[-75.2353,39.99707],[-75.21062,40.00865],[-75.20577,40.01163],[-75.20311,40.01014],[-75.19281,40.00673],[-75.19132,40.00372],[-75.19175,39.99975],[-75.19399,39.99537],[-75.20111,39.98763],[-75.20408,39.98586],[-75.20442,39.98317],[-75.20183,39.98036],[-75.19398,39.97613],[-75.19372,39.97529],[-75.20372,39.97418],[-75.21347,39.97779],[-75.21221,39.97324],[-75.21389,39.97305],[-75.21207,39.97021],[-75.21317,39.96909],[-75.2224,39.96803],[-75.2247,39.96819],[-75.23361,39.96734],[-75.2339,39.96585],[-75.23584,39.96609],[-75.23717,39.96781],[-75.2374,39.97172],[-75.23947,39.98091],[-75.23861,39.9826],[-75.24393,39.98465],[-75.24835,39.98787],[-75.25,39.99018],[-75.2353,39.99707]]]}},{"type":"Feature","properties":{"zcta":"19133","d":6508},"geometry":{"type":"Polygon","coordinates":[[[-75.14772,39.99997],[-75.14242,40.00195],[-75.14285,40.00069],[-75.12926,39.99854],[-75.13082,39.99124],[-75.13191,39.98631],[-75.13106,39.98532],[-75.13254,39.98317],[-75.15494,39.98612],[-75.15307,39.99058],[-75.15187,39.99757],[-75.1499,39.99829],[-75.15062,40.00176],[-75.14772,39.99997]]]}},{"type":"Feature","properties":{"zcta":"19134","d":6161},"geometry":{"type":"Polygon","coordinates":[[[-75.12729,40.0077],[-75.10937,40.00539],[-75.10533,40.00552],[-75.10566,40.00403],[-75.10162,40.00314],[-75.10308,40.00215],[-75.09991,40.00174],[-75.09842,39.99907],[-75.09707,39.99752],[-75.09519,39.99844],[-75.09452,39.9946],[-75.09308,39.99536],[-75.08878,39.99215],[-75.09122,39.99088],[-75.08378,39.98246],[-75.08622,39.98118],[-75.09488,39.97903],[-75.09145,39.97461],[-75.09372,39.97441],[-75.10229,39.97238],[-75.11271,39.96809],[-75.11562,39.97296],[-75.11807,39.97428],[-75.11323,39.9768],[-75.11684,39.98207],[-75.11607,39.98294],[-75.12673,39.99195],[-75.12703,39.99039],[-75.13082,39.99124],[-75.12926,39.99854],[-75.12729,40.0077]]]}},{"type":"Feature","properties":{"zcta":"19138","d":8033},"geometry":{"type":"Polygon","coordinates":[[[-75.16749,40.06071],[-75.1643,40.0639],[-75.16292,40.06341],[-75.16216,40.0654],[-75.15886,40.06882],[-75.15692,40.06916],[-75.15408,40.07173],[-75.14668,40.06755],[-75.14997,40.05624],[-75.15047,40.05173],[-75.15299,40.05174],[-75.15407,40.04102],[-75.15631,40.04043],[-75.15927,40.04111],[-75.16153,40.04309],[-75.16802,40.04695],[-75.16978,40.04706],[-75.1706,40.04903],[-75.17388,40.05006],[-75.1758,40.05224],[-75.16749,40.06071]]]}},{"type":"Feature","properties":{"zcta":"19139","d":9695},"geometry":{"type":"Polygon","coordinates":[[[-75.23584,39.96609],[-75.2339,39.96585],[-75.23361,39.96734],[-75.2247,39.96819],[-75.2224,39.96803],[-75.21317,39.96909],[-75.21365,39.9677],[-75.2122,39.96475],[-75.21323,39.96433],[-75.21402,39.95864],[-75.21134,39.95831],[-75.21217,39.95287],[-75.21333,39.95246],[-75.22206,39.9541],[-75.23405,39.95526],[-75.24189,39.95655],[-75.2495,39.95719],[-75.25085,39.9591],[-75.24838,39.96043],[-75.24769,39.96282],[-75.24675,39.96271],[-75.24717,39.96593],[-75.25112,39.9664],[-75.25048,39.96946],[-75.23717,39.96781],[-75.23584,39.96609]]]}},{"type":"Feature","properties":{"zcta":"19143","d":8862},"geometry":{"type":"Polygon","coordinates":[[[-75.24189,39.95655],[-75.23405,39.95526],[-75.22206,39.9541],[-75.21333,39.95246],[-75.21349,39.94901],[-75.20859,39.94545],[-75.20506,39.94362],[-75.20784,39.94129],[-75.20518,39.94112],[-75.20607,39.93537],[-75.21125,39.92852],[-75.21243,39.92523],[-75.21677,39.92696],[-75.21943,39.92808],[-75.22037,39.92672],[-75.22195,39.92808],[-75.22325,39.92718],[-75.2233,39.93132],[-75.22759,39.93031],[-75.2343,39.9365],[-75.23683,39.93377],[-75.23492,39.93633],[-75.23549,39.93836],[-75.23957,39.93804],[-75.24063,39.93919],[-75.23949,39.94116],[-75.24058,39.9422],[-75.24682,39.94297],[-75.25047,39.94818],[-75.25158,39.95213],[-75.24901,39.95691],[-75.2495,39.95719],[-75.24189,39.95655]]]}},{"type":"Feature","properties":{"zcta":"19144","d":5076},"geometry":{"type":"Polygon","coordinates":[[[-75.20078,40.02138],[-75.1956,40.02432],[-75.19333,40.02755],[-75.19708,40.0274],[-75.19805,40.03084],[-75.1996,40.03239],[-75.19712,40.03338],[-75.19767,40.0344],[-75.19398,40.0361],[-75.19313,40.03538],[-75.18924,40.03905],[-75.19025,40.04279],[-75.1883,40.04155],[-75.18555,40.04431],[-75.1822,40.04589],[-75.18139,40.04847],[-75.18026,40.0478],[-75.1758,40.05224],[-75.17388,40.05006],[-75.1706,40.04903],[-75.16978,40.04706],[-75.16802,40.04695],[-75.16153,40.04309],[-75.15927,40.04111],[-75.15631,40.04043],[-75.15407,40.04102],[-75.15633,40.02882],[-75.15517,40.02867],[-75.15569,40.02613],[-75.15424,40.02563],[-75.15903,40.0228],[-75.15802,40.02154],[-75.16166,40.01987],[-75.166,40.01862],[-75.17234,40.0176],[-75.17823,40.01444],[-75.17585,40.01625],[-75.17771,40.01843],[-75.17814,40.0226],[-75.18246,40.02534],[-75.18943,40.02275],[-75.18768,40.02016],[-75.1903,40.02235],[-75.19171,40.01987],[-75.19501,40.0232],[-75.19985,40.01937],[-75.20127,40.01719],[-75.20255,40.01794],[-75.20078,40.02138]]]}},{"type":"Feature","properties":{"zcta":"19146","d":12635},"geometry":{"type":"Polygon","coordinates":[[[-75.20316,39.94359],[-75.20037,39.94399],[-75.19523,39.94222],[-75.19149,39.94315],[-75.1883,39.94641],[-75.18329,39.94951],[-75.18113,39.94901],[-75.18325,39.9478],[-75.18057,39.94702],[-75.17465,39.94664],[-75.16842,39.94559],[-75.16515,39.94556],[-75.16842,39.93047],[-75.1995,39.93451],[-75.19965,39.93191],[-75.20495,39.93301],[-75.20412,39.93473],[-75.20107,39.9372],[-75.20607,39.93537],[-75.20518,39.94112],[-75.20316,39.94359]]]}},{"type":"Feature","properties":{"zcta":"19148","d":5641},"geometry":{"type":"Polygon","coordinates":[[[-75.16264,39.93],[-75.15015,39.92837],[-75.14478,39.92737],[-75.14089,39.92723],[-75.14058,39.92644],[-75.1343,39.92578],[-75.12792,39.91181],[-75.129,39.90748],[-75.13082,39.90021],[-75.13541,39.893],[-75.14428,39.89568],[-75.15468,39.89706],[-75.17073,39.89758],[-75.17496,39.89849],[-75.17348,39.90694],[-75.16842,39.93047],[-75.16264,39.93]]]}},{"type":"Feature","properties":{"zcta":"19149","d":9189},"geometry":{"type":"Polygon","coordinates":[[[-75.08871,40.03795],[-75.0884,40.04193],[-75.07984,40.03692],[-75.07726,40.04031],[-75.06653,40.05146],[-75.06604,40.05118],[-75.06419,40.05013],[-75.06242,40.05199],[-75.05245,40.04673],[-75.05465,40.04465],[-75.04707,40.04087],[-75.04169,40.03822],[-75.04086,40.03676],[-75.04149,40.03712],[-75.05097,40.03232],[-75.05207,40.03293],[-75.05542,40.03009],[-75.05872,40.03042],[-75.05787,40.02852],[-75.05998,40.02779],[-75.064,40.02817],[-75.06796,40.02658],[-75.07373,40.02978],[-75.07294,40.0285],[-75.07478,40.02656],[-75.09083,40.03579],[-75.0894,40.03726],[-75.09054,40.03914],[-75.08871,40.03795]]]}},{"type":"Feature","properties":{"zcta":"19151","d":5942},"geometry":{"type":"Polygon","coordinates":[[[-75.27648,39.97696],[-75.26295,39.98304],[-75.25612,39.9873],[-75.25144,39.9895],[-75.25,39.99018],[-75.24835,39.98787],[-75.24393,39.98465],[-75.23861,39.9826],[-75.23947,39.98091],[-75.2374,39.97172],[-75.23717,39.96781],[-75.25048,39.96946],[-75.25112,39.9664],[-75.24717,39.96593],[-75.24675,39.96271],[-75.24769,39.96282],[-75.24748,39.96353],[-75.25135,39.96522],[-75.25414,39.9654],[-75.25711,39.96372],[-75.26049,39.96631],[-75.26545,39.96526],[-75.27099,39.9686],[-75.27532,39.96942],[-75.2787,39.97244],[-75.28027,39.97496],[-75.27648,39.97696]]]}},{"type":"Feature","properties":{"zcta":"19301","d":1134},"geometry":{"type":"MultiPolygon","coordinates":[[[[-75.46469,40.03052],[-75.46029,40.02577],[-75.46126,40.02512],[-75.46568,40.03001],[-75.46469,40.03052]]],[[[-75.47438,40.06271],[-75.47636,40.06092],[-75.47945,40.05972],[-75.47961,40.05826],[-75.47531,40.05346],[-75.46998,40.05469],[-75.46095,40.04153],[-75.46353,40.04063],[-75.46349,40.039],[-75.46039,40.0392],[-75.46524,40.03635],[-75.46288,40.03331],[-75.46636,40.03075],[-75.46903,40.0336],[-75.47435,40.03176],[-75.47262,40.0294],[-75.47234,40.02571],[-75.46948,40.02019],[-75.46805,40.01901],[-75.46942,40.0176],[-75.47578,40.01837],[-75.47662,40.01895],[-75.48069,40.02653],[-75.48071,40.02868],[-75.48272,40.02676],[-75.48613,40.02651],[-75.4873,40.02478],[-75.48906,40.02785],[-75.48892,40.0293],[-75.49807,40.04116],[-75.50819,40.03856],[-75.50867,40.03953],[-75.50298,40.04037],[-75.49972,40.04205],[-75.50459,40.04254],[-75.5077,40.04514],[-75.49852,40.04882],[-75.49864,40.04916],[-75.48603,40.05219],[-75.48625,40.05311],[-75.4907,40.05251],[-75.4919,40.05398],[-75.49132,40.05609],[-75.48741,40.05786],[-75.49492,40.05603],[-75.48781,40.05946],[-75.48984,40.06303],[-75.48615,40.06075],[-75.48378,40.06008],[-75.4797,40.06066],[-75.47515,40.06313],[-75.47438,40.06271]]]]}},{"type":"Feature","properties":{"zcta":"19310","d":104},"geometry":{"type":"Polygon","coordinates":[[[-75.96679,39.98699],[-75.96489,39.98588],[-75.95942,39.98507],[-75.95708,39.98314],[-75.95826,39.97958],[-75.96146,39.97657],[-75.96068,39.97333],[-75.96086,39.96982],[-75.96293,39.96735],[-75.963,39.96554],[-75.96072,39.96407],[-75.95432,39.96356],[-75.9541,39.96194],[-75.96795,39.96034],[-75.96971,39.95688],[-75.96809,39.95565],[-75.96741,39.95141],[-75.9464,39.95451],[-75.94703,39.94836],[-75.93785,39.94922],[-75.93336,39.95063],[-75.92912,39.94889],[-75.9473,39.94526],[-75.94453,39.94027],[-75.94208,39.94047],[-75.93703,39.93304],[-75.93856,39.93228],[-75.93556,39.92748],[-75.93576,39.92284],[-75.93777,39.92374],[-75.93068,39.91418],[-75.93585,39.90967],[-75.93685,39.90661],[-75.94048,39.90428],[-75.94465,39.90632],[-75.9537,39.90921],[-75.96094,39.91119],[-75.96859,39.91054],[-75.96871,39.90661],[-75.96773,39.90331],[-75.96801,39.90012],[-75.97134,39.89736],[-75.97335,39.89382],[-75.97778,39.89406],[-75.98006,39.89855],[-75.97994,39.90608],[-75.98837,39.90363],[-75.99288,39.90326],[-75.99033,39.8975],[-75.98638,39.8937],[-75.98445,39.89049],[-75.98428,39.8884],[-75.98563,39.88631],[-75.98475,39.88339],[-75.99166,39.8828],[-75.99058,39.88459],[-75.99126,39.88759],[-75.98937,39.89062],[-75.98681,39.89228],[-75.98779,39.89477],[-75.99333,39.899],[-75.99513,39.89892],[-75.99455,39.90254],[-75.99599,39.90379],[-75.99752,39.90989],[-75.99552,39.91136],[-75.9961,39.91455],[-75.9949,39.91659],[-75.99713,39.92206],[-75.99583,39.92459],[-75.9973,39.92701],[-75.99701,39.92869],[-75.9926,39.92657],[-75.99147,39.929],[-75.98736,39.9298],[-75.98566,39.93181],[-75.98408,39.93177],[-75.98136,39.92976],[-75.9819,39.93447],[-75.98502,39.9338],[-75.99473,39.93032],[-75.9989,39.9292],[-76.00606,39.92424],[-76.00473,39.92317],[-76.01084,39.92034],[-76.01845,39.92588],[-76.01898,39.92694],[-76.01596,39.92752],[-76.01698,39.93136],[-76.01336,39.93182],[-76.0086,39.93353],[-76.00578,39.93358],[-76.00194,39.93546],[-75.99869,39.93608],[-75.99432,39.93831],[-75.98952,39.9389],[-75.98838,39.93733],[-75.98433,39.93745],[-75.988,39.93956],[-75.99021,39.94516],[-75.99235,39.94599],[-75.99141,39.94739],[-75.99464,39.95225],[-75.99153,39.95592],[-75.99064,39.95854],[-75.98627,39.96358],[-75.9867,39.96724],[-75.98358,39.97177],[-75.97908,39.97074],[-75.97947,39.97758],[-75.97241,39.98751],[-75.96679,39.98699]]]}},{"type":"Feature","properties":{"zcta":"19311","d":338},"geometry":{"type":"MultiPolygon","coordinates":[[[[-75.73668,39.82866],[-75.72513,39.83096],[-75.72285,39.81569],[-75.72032,39.8149],[-75.71735,39.81215],[-75.71398,39.81177],[-75.70993,39.80948],[-75.70872,39.80522],[-75.70987,39.79986],[-75.70593,39.79943],[-75.71697,39.792],[-75.72486,39.78583],[-75.72673,39.79545],[-75.72496,39.79822],[-75.73786,39.80176],[-75.74752,39.80703],[-75.74726,39.81105],[-75.75005,39.81406],[-75.75226,39.81535],[-75.75397,39.82322],[-75.75316,39.82434],[-75.74951,39.82509],[-75.74983,39.82581],[-75.74494,39.82744],[-75.74272,39.82743],[-75.74059,39.82901],[-75.73678,39.8295],[-75.73668,39.82866]]],[[[-75.77887,39.86156],[-75.77769,39.86379],[-75.77397,39.86527],[-75.7736,39.86253],[-75.77552,39.86239],[-75.77511,39.86066],[-75.78058,39.85932],[-75.78039,39.85781],[-75.78359,39.85745],[-75.78349,39.85514],[-75.78115,39.85534],[-75.78047,39.84927],[-75.76788,39.85052],[-75.76629,39.84621],[-75.76392,39.84384],[-75.76182,39.83838],[-75.75917,39.83336],[-75.75764,39.83259],[-75.76178,39.83064],[-75.75989,39.82185],[-75.75834,39.8209],[-75.75589,39.82139],[-75.75423,39.81991],[-75.75327,39.81589],[-75.75226,39.81535],[-75.75126,39.80912],[-75.76032,39.81299],[-75.76276,39.80791],[-75.76162,39.80755],[-75.76111,39.80483],[-75.76652,39.80597],[-75.76651,39.80889],[-75.76779,39.81629],[-75.76891,39.81597],[-75.77025,39.81293],[-75.77281,39.81273],[-75.77409,39.81107],[-75.77691,39.81076],[-75.77742,39.8069],[-75.77596,39.80286],[-75.7793,39.80207],[-75.77901,39.79993],[-75.78354,39.79969],[-75.78274,39.79796],[-75.78741,39.79674],[-75.78909,39.79739],[-75.78921,39.79919],[-75.79737,39.79657],[-75.80737,39.79573],[-75.80875,39.79393],[-75.80929,39.79799],[-75.8086,39.7994],[-75.81315,39.79959],[-75.81003,39.80657],[-75.80618,39.80887],[-75.80235,39.80961],[-75.80327,39.81093],[-75.80846,39.8085],[-75.80869,39.81055],[-75.8059,39.81387],[-75.80286,39.8158],[-75.80592,39.82003],[-75.80753,39.82029],[-75.81076,39.81894],[-75.81207,39.82107],[-75.81056,39.82229],[-75.81229,39.82553],[-75.81455,39.82716],[-75.8089,39.83063],[-75.80177,39.83128],[-75.79835,39.83407],[-75.80934,39.83704],[-75.8028,39.84025],[-75.80627,39.84364],[-75.79822,39.84587],[-75.79589,39.85006],[-75.80087,39.85105],[-75.80309,39.85446],[-75.80374,39.85687],[-75.80214,39.85744],[-75.79041,39.85832],[-75.78798,39.85656],[-75.78368,39.85806],[-75.77887,39.86156]]]]}},{"type":"Feature","properties":{"zcta":"19317","d":251},"geometry":{"type":"Polygon","coordinates":[[[-75.62978,39.88317],[-75.62902,39.88728],[-75.6259,39.88854],[-75.62462,39.88795],[-75.62175,39.88958],[-75.61828,39.88792],[-75.62197,39.88423],[-75.61532,39.88027],[-75.61032,39.88429],[-75.60628,39.88099],[-75.60451,39.88159],[-75.60155,39.87811],[-75.59901,39.87721],[-75.59787,39.87813],[-75.59668,39.8818],[-75.59298,39.88366],[-75.58719,39.88421],[-75.58449,39.88501],[-75.57229,39.89319],[-75.57242,39.89474],[-75.57014,39.89668],[-75.56959,39.8955],[-75.56485,39.89788],[-75.56197,39.8958],[-75.56049,39.89276],[-75.55691,39.88831],[-75.55134,39.88677],[-75.54677,39.881],[-75.54529,39.8791],[-75.5446,39.87356],[-75.54918,39.87391],[-75.54816,39.86856],[-75.54693,39.86843],[-75.54638,39.86587],[-75.54801,39.86592],[-75.54329,39.85665],[-75.54746,39.85476],[-75.54135,39.85506],[-75.53809,39.84947],[-75.53094,39.84711],[-75.51932,39.84408],[-75.52009,39.84248],[-75.52255,39.84302],[-75.5293,39.83987],[-75.52849,39.83722],[-75.5328,39.83762],[-75.53935,39.83821],[-75.57046,39.83901],[-75.57939,39.83855],[-75.59367,39.83746],[-75.61725,39.834],[-75.63471,39.83016],[-75.64152,39.82836],[-75.66282,39.82115],[-75.66461,39.82037],[-75.67305,39.81669],[-75.67415,39.81787],[-75.674,39.82136],[-75.66772,39.8244],[-75.66761,39.82857],[-75.66451,39.82932],[-75.66496,39.83363],[-75.66582,39.83498],[-75.66385,39.83539],[-75.66433,39.83785],[-75.67319,39.83843],[-75.67624,39.84521],[-75.66485,39.84721],[-75.65941,39.85355],[-75.67078,39.8677],[-75.66841,39.86892],[-75.6541,39.86818],[-75.65073,39.86944],[-75.65009,39.86754],[-75.64625,39.86471],[-75.6453,39.86062],[-75.63858,39.86334],[-75.63966,39.87033],[-75.64221,39.87181],[-75.64079,39.87225],[-75.6388,39.87069],[-75.63589,39.8708],[-75.63651,39.87472],[-75.64342,39.87267],[-75.6433,39.87465],[-75.63762,39.87625],[-75.63753,39.87823],[-75.63102,39.88012],[-75.63279,39.88127],[-75.62978,39.88317]]]}},{"type":"Feature","properties":{"zcta":"19330","d":85},"geometry":{"type":"Polygon","coordinates":[[[-75.98475,39.88339],[-75.98563,39.88631],[-75.98428,39.8884],[-75.98445,39.89049],[-75.98638,39.8937],[-75.99033,39.8975],[-75.99288,39.90326],[-75.98837,39.90363],[-75.97994,39.90608],[-75.98006,39.89855],[-75.97778,39.89406],[-75.97335,39.89382],[-75.97134,39.89736],[-75.96801,39.90012],[-75.96773,39.90331],[-75.96871,39.90661],[-75.96859,39.91054],[-75.96094,39.91119],[-75.9537,39.90921],[-75.94465,39.90632],[-75.94048,39.90428],[-75.93685,39.90661],[-75.93585,39.90967],[-75.93068,39.91418],[-75.92843,39.91537],[-75.92667,39.91838],[-75.92097,39.92273],[-75.92,39.92233],[-75.91534,39.92423],[-75.91577,39.92644],[-75.91445,39.92903],[-75.9121,39.92675],[-75.90873,39.92808],[-75.90535,39.92567],[-75.90571,39.92287],[-75.90885,39.91791],[-75.90704,39.91217],[-75.90247,39.90806],[-75.89699,39.90397],[-75.89011,39.89942],[-75.88714,39.89408],[-75.88574,39.88948],[-75.8838,39.88906],[-75.88085,39.8915],[-75.87731,39.89205],[-75.87295,39.89646],[-75.87097,39.89953],[-75.86713,39.90371],[-75.86094,39.90385],[-75.85613,39.90513],[-75.84819,39.90154],[-75.84697,39.90265],[-75.84598,39.89722],[-75.84798,39.89322],[-75.85307,39.88923],[-75.85229,39.88229],[-75.84901,39.86651],[-75.84851,39.86272],[-75.84362,39.86125],[-75.84626,39.86103],[-75.8456,39.85704],[-75.84425,39.8537],[-75.84612,39.85351],[-75.84514,39.85008],[-75.84809,39.85015],[-75.84709,39.84838],[-75.84949,39.84445],[-75.85028,39.8406],[-75.85209,39.85071],[-75.85802,39.8502],[-75.85786,39.84907],[-75.86326,39.84666],[-75.86713,39.84939],[-75.87037,39.84937],[-75.87235,39.84558],[-75.8741,39.83888],[-75.87291,39.83425],[-75.86995,39.82723],[-75.88772,39.82608],[-75.88987,39.82823],[-75.8925,39.82949],[-75.8967,39.82957],[-75.89835,39.8285],[-75.90178,39.82908],[-75.90125,39.83175],[-75.90217,39.83369],[-75.90598,39.8343],[-75.90686,39.8293],[-75.91179,39.83074],[-75.91114,39.83312],[-75.91449,39.8349],[-75.9158,39.83108],[-75.91789,39.82985],[-75.91844,39.82712],[-75.92002,39.82522],[-75.92475,39.82749],[-75.92723,39.82992],[-75.93223,39.8378],[-75.93762,39.84066],[-75.94029,39.84169],[-75.94254,39.84392],[-75.93719,39.84902],[-75.94317,39.85121],[-75.94365,39.85561],[-75.96606,39.85355],[-75.97812,39.85851],[-75.98001,39.85669],[-75.985,39.85753],[-75.98481,39.85455],[-75.98296,39.85375],[-75.98482,39.85148],[-75.98227,39.84985],[-75.98486,39.84712],[-75.9867,39.84699],[-75.98764,39.84894],[-75.99329,39.85282],[-75.99143,39.85726],[-75.9865,39.86106],[-75.99875,39.86601],[-76.00405,39.87059],[-76.00438,39.87256],[-76.00171,39.8747],[-75.9975,39.87362],[-75.99837,39.87203],[-75.99128,39.86874],[-75.99049,39.87094],[-75.98747,39.87248],[-75.98678,39.87472],[-75.98839,39.87822],[-75.99235,39.88216],[-75.99166,39.8828],[-75.98475,39.88339]]]}},{"type":"Feature","properties":{"zcta":"19343","d":154},"geometry":{"type":"Polygon","coordinates":[[[-75.7982,40.10751],[-75.80209,40.10826],[-75.80198,40.11228],[-75.79649,40.11207],[-75.79601,40.11849],[-75.79712,40.1204],[-75.79508,40.12142],[-75.79091,40.12041],[-75.78375,40.11698],[-75.78282,40.11889],[-75.78385,40.12333],[-75.78308,40.12427],[-75.77881,40.1223],[-75.77779,40.12345],[-75.76527,40.12426],[-75.76446,40.12143],[-75.7613,40.12066],[-75.76062,40.1223],[-75.76201,40.12609],[-75.76184,40.12913],[-75.7649,40.13452],[-75.76893,40.13754],[-75.76672,40.13835],[-75.75356,40.13944],[-75.74919,40.14079],[-75.7428,40.14204],[-75.73788,40.14368],[-75.73855,40.14855],[-75.7409,40.1518],[-75.74621,40.15199],[-75.74669,40.15632],[-75.74278,40.1563],[-75.73086,40.15783],[-75.72785,40.15826],[-75.72764,40.15714],[-75.7201,40.15849],[-75.71976,40.15615],[-75.71814,40.15628],[-75.71788,40.1544],[-75.72299,40.15365],[-75.72695,40.15175],[-75.73502,40.15017],[-75.73359,40.14913],[-75.7309,40.14923],[-75.72816,40.15123],[-75.72046,40.1518],[-75.71426,40.15384],[-75.71429,40.15064],[-75.71534,40.14511],[-75.70958,40.14495],[-75.70515,40.14361],[-75.70354,40.14554],[-75.70176,40.14438],[-75.69691,40.14439],[-75.6915,40.14594],[-75.69172,40.14843],[-75.68501,40.15013],[-75.6784,40.15094],[-75.67395,40.15068],[-75.67418,40.15045],[-75.68563,40.1451],[-75.68962,40.14095],[-75.6904,40.13935],[-75.69074,40.13431],[-75.69299,40.13179],[-75.69119,40.12999],[-75.69436,40.12045],[-75.69424,40.11471],[-75.69661,40.11468],[-75.69581,40.11017],[-75.70033,40.10848],[-75.70084,40.11001],[-75.70297,40.10925],[-75.70396,40.10562],[-75.70643,40.1071],[-75.7075,40.10456],[-75.71133,40.10167],[-75.7129,40.09902],[-75.71792,40.09758],[-75.71926,40.09628],[-75.71861,40.09123],[-75.71993,40.08961],[-75.71898,40.08762],[-75.72198,40.08593],[-75.72432,40.08691],[-75.73553,40.09556],[-75.72979,40.08839],[-75.72694,40.08253],[-75.73034,40.08046],[-75.73064,40.0769],[-75.73201,40.07646],[-75.73059,40.07158],[-75.73029,40.0668],[-75.77952,40.06281],[-75.7785,40.0565],[-75.78453,40.05599],[-75.7851,40.05474],[-75.78536,40.04781],[-75.79146,40.04746],[-75.79213,40.04926],[-75.79897,40.0527],[-75.80001,40.05258],[-75.79873,40.04666],[-75.81387,40.04532],[-75.81369,40.04599],[-75.81561,40.05939],[-75.81667,40.05912],[-75.82053,40.0539],[-75.82271,40.0549],[-75.82215,40.05596],[-75.82581,40.05901],[-75.82507,40.06259],[-75.82758,40.06574],[-75.83041,40.06581],[-75.8261,40.0695],[-75.81474,40.06361],[-75.81394,40.06648],[-75.81041,40.06529],[-75.80839,40.06999],[-75.80575,40.06853],[-75.80114,40.07017],[-75.81126,40.07932],[-75.8144,40.08003],[-75.81476,40.08152],[-75.81446,40.08843],[-75.806,40.09517],[-75.80348,40.09439],[-75.80287,40.09272],[-75.79943,40.09231],[-75.80112,40.09892],[-75.79468,40.10396],[-75.79769,40.10505],[-75.7982,40.10751]]]}},{"type":"Feature","properties":{"zcta":"19344","d":191},"geometry":{"type":"Polygon","coordinates":[[[-75.8661,40.12972],[-75.86466,40.13117],[-75.85906,40.12784],[-75.8621,40.12356],[-75.8602,40.12156],[-75.85941,40.11874],[-75.85697,40.11628],[-75.8537,40.11552],[-75.85064,40.11681],[-75.8501,40.11198],[-75.84575,40.11226],[-75.84361,40.10958],[-75.84478,40.10282],[-75.83764,40.10421],[-75.83345,40.10583],[-75.83443,40.10672],[-75.83003,40.10913],[-75.82554,40.10757],[-75.82135,40.10493],[-75.81908,40.10606],[-75.81692,40.10484],[-75.81387,40.10603],[-75.81131,40.10522],[-75.80861,40.1064],[-75.80657,40.10561],[-75.80514,40.10696],[-75.80236,40.10558],[-75.80078,40.10664],[-75.79769,40.10505],[-75.79468,40.10396],[-75.80112,40.09892],[-75.79943,40.09231],[-75.80287,40.09272],[-75.80348,40.09439],[-75.806,40.09517],[-75.81446,40.08843],[-75.81476,40.08152],[-75.8144,40.08003],[-75.81126,40.07932],[-75.80114,40.07017],[-75.80575,40.06853],[-75.80839,40.06999],[-75.81041,40.06529],[-75.81394,40.06648],[-75.81474,40.06361],[-75.8261,40.0695],[-75.83041,40.06581],[-75.82758,40.06574],[-75.82507,40.06259],[-75.82581,40.05901],[-75.82215,40.05596],[-75.82271,40.0549],[-75.83206,40.06025],[-75.84023,40.06303],[-75.84332,40.05808],[-75.8556,40.0604],[-75.86238,40.05998],[-75.86216,40.05808],[-75.8666,40.05814],[-75.86822,40.05694],[-75.86633,40.05402],[-75.87115,40.05419],[-75.87739,40.05194],[-75.87563,40.05129],[-75.87864,40.0502],[-75.87799,40.04932],[-75.88239,40.04773],[-75.88897,40.0468],[-75.89164,40.04559],[-75.89236,40.04402],[-75.89473,40.0429],[-75.8991,40.03661],[-75.90176,40.0356],[-75.90191,40.03813],[-75.90551,40.0376],[-75.90498,40.03439],[-75.90726,40.03349],[-75.90728,40.03082],[-75.91141,40.02947],[-75.91359,40.02968],[-75.91488,40.03115],[-75.91646,40.03054],[-75.92204,40.03237],[-75.92391,40.03211],[-75.92064,40.03019],[-75.92015,40.02799],[-75.91832,40.02729],[-75.91353,40.02763],[-75.90848,40.02718],[-75.90848,40.02307],[-75.91014,40.02312],[-75.91149,40.0257],[-75.9129,40.0252],[-75.91399,40.02694],[-75.9211,40.02641],[-75.92214,40.02291],[-75.92655,40.02534],[-75.93389,40.02598],[-75.9358,40.02767],[-75.93843,40.02722],[-75.94302,40.02777],[-75.93587,40.03747],[-75.93433,40.04757],[-75.93622,40.06536],[-75.94166,40.06319],[-75.94483,40.06287],[-75.94781,40.06711],[-75.94761,40.07125],[-75.94869,40.07703],[-75.94565,40.07969],[-75.94663,40.08179],[-75.93706,40.0826],[-75.93895,40.0908],[-75.93531,40.0903],[-75.93415,40.09349],[-75.9354,40.0941],[-75.9372,40.10438],[-75.93623,40.10423],[-75.93615,40.10829],[-75.94225,40.10754],[-75.943,40.10927],[-75.93289,40.11305],[-75.93231,40.11631],[-75.92168,40.11838],[-75.9165,40.12063],[-75.91272,40.12057],[-75.89046,40.12953],[-75.88083,40.13401],[-75.88006,40.13249],[-75.87726,40.13181],[-75.86943,40.13114],[-75.86949,40.13176],[-75.8661,40.12972]]]}},{"type":"Feature","properties":{"zcta":"19348","d":317},"geometry":{"type":"Polygon","coordinates":[[[-75.79,39.90331],[-75.77279,39.90078],[-75.77393,39.91158],[-75.77042,39.91213],[-75.74181,39.90618],[-75.74637,39.90095],[-75.74861,39.90082],[-75.75098,39.89888],[-75.7412,39.89632],[-75.73771,39.8958],[-75.73814,39.89289],[-75.73948,39.89095],[-75.73544,39.89132],[-75.73379,39.90177],[-75.73454,39.90466],[-75.72956,39.90617],[-75.72756,39.90907],[-75.72292,39.90972],[-75.71997,39.90942],[-75.71926,39.91091],[-75.72046,39.91469],[-75.7228,39.91764],[-75.71861,39.91891],[-75.71891,39.91995],[-75.71551,39.92016],[-75.71357,39.92123],[-75.71545,39.92311],[-75.7143,39.92589],[-75.71611,39.92967],[-75.71446,39.92952],[-75.71777,39.93367],[-75.72002,39.93435],[-75.72411,39.93246],[-75.73226,39.93039],[-75.7357,39.93303],[-75.73601,39.93456],[-75.73298,39.93676],[-75.72906,39.93756],[-75.72668,39.93912],[-75.72139,39.93632],[-75.72028,39.93634],[-75.7142,39.93136],[-75.71284,39.92828],[-75.70592,39.92365],[-75.7022,39.92376],[-75.69901,39.92208],[-75.69724,39.92004],[-75.69,39.92028],[-75.70032,39.91923],[-75.70041,39.91744],[-75.70303,39.91182],[-75.70456,39.91033],[-75.70353,39.90793],[-75.69778,39.90892],[-75.69359,39.91015],[-75.69569,39.9042],[-75.69115,39.90459],[-75.68609,39.90346],[-75.68546,39.90012],[-75.68237,39.90745],[-75.67777,39.90708],[-75.67872,39.90204],[-75.67766,39.90056],[-75.68148,39.89792],[-75.68511,39.89738],[-75.68877,39.89289],[-75.68463,39.89084],[-75.68484,39.88814],[-75.6833,39.88237],[-75.6758,39.88649],[-75.66807,39.8869],[-75.66635,39.88403],[-75.661,39.88617],[-75.65861,39.88647],[-75.65864,39.88795],[-75.6529,39.88832],[-75.65138,39.89055],[-75.64709,39.89111],[-75.64481,39.88757],[-75.64484,39.88481],[-75.64318,39.8832],[-75.63877,39.88349],[-75.63793,39.88112],[-75.63531,39.88274],[-75.63279,39.88127],[-75.63102,39.88012],[-75.63753,39.87823],[-75.63762,39.87625],[-75.6433,39.87465],[-75.64342,39.87267],[-75.63651,39.87472],[-75.63589,39.8708],[-75.6388,39.87069],[-75.64079,39.87225],[-75.64221,39.87181],[-75.63966,39.87033],[-75.63858,39.86334],[-75.6453,39.86062],[-75.64625,39.86471],[-75.65009,39.86754],[-75.65073,39.86944],[-75.6541,39.86818],[-75.66841,39.86892],[-75.67078,39.8677],[-75.65941,39.85355],[-75.66485,39.84721],[-75.67624,39.84521],[-75.67319,39.83843],[-75.66433,39.83785],[-75.66385,39.83539],[-75.66582,39.83498],[-75.66496,39.83363],[-75.66451,39.82932],[-75.66761,39.82857],[-75.66772,39.8244],[-75.674,39.82136],[-75.67415,39.81787],[-75.67305,39.81669],[-75.68599,39.81105],[-75.70121,39.80261],[-75.70593,39.79943],[-75.70987,39.79986],[-75.70872,39.80522],[-75.70993,39.80948],[-75.71398,39.81177],[-75.71735,39.81215],[-75.72032,39.8149],[-75.72285,39.81569],[-75.72513,39.83096],[-75.73668,39.82866],[-75.73678,39.8295],[-75.73527,39.83287],[-75.73844,39.83533],[-75.73866,39.83658],[-75.7412,39.83537],[-75.74343,39.83585],[-75.75365,39.83202],[-75.75403,39.83416],[-75.74764,39.83734],[-75.74901,39.83982],[-75.75161,39.84203],[-75.75101,39.8502],[-75.75818,39.84786],[-75.76629,39.84621],[-75.76788,39.85052],[-75.78047,39.84927],[-75.78115,39.85534],[-75.78349,39.85514],[-75.78359,39.85745],[-75.78039,39.85781],[-75.78058,39.85932],[-75.77511,39.86066],[-75.77552,39.86239],[-75.7736,39.86253],[-75.77397,39.86527],[-75.77769,39.86379],[-75.77887,39.86156],[-75.78368,39.85806],[-75.78499,39.8647],[-75.78585,39.8717],[-75.79153,39.8743],[-75.79132,39.87666],[-75.78565,39.88354],[-75.78267,39.88589],[-75.79569,39.88474],[-75.79629,39.88936],[-75.7925,39.89135],[-75.79195,39.89833],[-75.79066,39.90161],[-75.79,39.90331]]]}},{"type":"Feature","properties":{"zcta":"19103","d":22770},"geometry":{"type":"Polygon","coordinates":[[[-75.172,39.95901],[-75.17158,39.96079],[-75.16537,39.9596],[-75.16723,39.95843],[-75.1678,39.95593],[-75.16636,39.95482],[-75.16842,39.94559],[-75.17465,39.94664],[-75.18057,39.94702],[-75.18325,39.9478],[-75.18113,39.94901],[-75.18329,39.94951],[-75.18166,39.95151],[-75.17913,39.958],[-75.17994,39.96003],[-75.172,39.95901]]]}},{"type":"Feature","properties":{"zcta":"19365","d":208},"geometry":{"type":"MultiPolygon","coordinates":[[[[-75.89557,39.9805],[-75.89242,39.98015],[-75.89295,39.97999],[-75.89557,39.9805]]],[[[-75.93396,40.008],[-75.93431,40.01028],[-75.93281,40.01171],[-75.93098,40.00774],[-75.93487,40.0069],[-75.92506,40.00135],[-75.92323,40.00284],[-75.91941,40.00301],[-75.91947,40.00181],[-75.9224,39.99984],[-75.90478,39.99001],[-75.9065,39.98752],[-75.90785,39.98746],[-75.91076,39.98452],[-75.89922,39.98516],[-75.899,39.9816],[-75.89699,39.9817],[-75.89756,39.97843],[-75.89913,39.97387],[-75.90124,39.97113],[-75.90046,39.96902],[-75.9052,39.96819],[-75.90485,39.96693],[-75.90766,39.96775],[-75.90708,39.9625],[-75.88741,39.96596],[-75.88629,39.96319],[-75.88834,39.96254],[-75.88856,39.95981],[-75.88589,39.95975],[-75.89043,39.95864],[-75.89057,39.9577],[-75.8813,39.94933],[-75.88219,39.946],[-75.88141,39.94389],[-75.87879,39.94237],[-75.87698,39.93872],[-75.87024,39.93838],[-75.87564,39.93681],[-75.88424,39.93581],[-75.88817,39.94026],[-75.89092,39.94004],[-75.89347,39.93816],[-75.89557,39.94019],[-75.89782,39.94419],[-75.90661,39.9404],[-75.9095,39.93691],[-75.90535,39.92567],[-75.90873,39.92808],[-75.9121,39.92675],[-75.91445,39.92903],[-75.91577,39.92644],[-75.91534,39.92423],[-75.92,39.92233],[-75.92097,39.92273],[-75.92667,39.91838],[-75.92843,39.91537],[-75.93068,39.91418],[-75.93777,39.92374],[-75.93576,39.92284],[-75.93556,39.92748],[-75.93856,39.93228],[-75.93703,39.93304],[-75.94208,39.94047],[-75.94453,39.94027],[-75.9473,39.94526],[-75.92912,39.94889],[-75.93336,39.95063],[-75.93785,39.94922],[-75.94703,39.94836],[-75.9464,39.95451],[-75.96741,39.95141],[-75.96809,39.95565],[-75.96971,39.95688],[-75.96795,39.96034],[-75.9541,39.96194],[-75.95432,39.96356],[-75.96072,39.96407],[-75.963,39.96554],[-75.96293,39.96735],[-75.96086,39.96982],[-75.96068,39.97333],[-75.96146,39.97657],[-75.95826,39.97958],[-75.95708,39.98314],[-75.95942,39.98507],[-75.96489,39.98588],[-75.96679,39.98699],[-75.97241,39.98751],[-75.95996,40.00472],[-75.95868,40.00271],[-75.95125,40.00584],[-75.9495,40.00734],[-75.94613,40.00708],[-75.9462,40.0038],[-75.94282,40.00329],[-75.93933,40.00433],[-75.93649,40.00784],[-75.93396,40.008]]]]}},{"type":"Feature","properties":{"zcta":"19373","d":316},"geometry":{"type":"Polygon","coordinates":[[[-75.52757,39.92824],[-75.52733,39.92337],[-75.52551,39.92194],[-75.52683,39.92106],[-75.52791,39.9181],[-75.52975,39.91378],[-75.53321,39.91165],[-75.53169,39.90961],[-75.52775,39.91022],[-75.5272,39.90943],[-75.51762,39.91208],[-75.51282,39.90545],[-75.51869,39.90258],[-75.51605,39.89885],[-75.51038,39.90158],[-75.50952,39.90036],[-75.51372,39.89842],[-75.5135,39.89687],[-75.51821,39.8939],[-75.51651,39.8907],[-75.51138,39.88909],[-75.51714,39.88926],[-75.52019,39.88762],[-75.52121,39.89187],[-75.52478,39.89357],[-75.5279,39.89324],[-75.53551,39.88959],[-75.53776,39.89411],[-75.54337,39.89159],[-75.55436,39.90628],[-75.54832,39.90889],[-75.54522,39.90735],[-75.54143,39.90933],[-75.54206,39.91127],[-75.53988,39.91093],[-75.54099,39.91641],[-75.54411,39.92047],[-75.54439,39.9234],[-75.54108,39.9251],[-75.54256,39.92702],[-75.53611,39.92993],[-75.53312,39.92595],[-75.53305,39.9292],[-75.52958,39.93085],[-75.52757,39.92824]]]}},{"type":"Feature","properties":{"zcta":"19403","d":1008},"geometry":{"type":"Polygon","coordinates":[[[-75.4484,40.12143],[-75.44449,40.12562],[-75.44455,40.13063],[-75.44188,40.13714],[-75.44458,40.144],[-75.44499,40.14673],[-75.44734,40.14903],[-75.44606,40.15068],[-75.44213,40.15049],[-75.43908,40.14927],[-75.43485,40.14865],[-75.43548,40.14767],[-75.43089,40.14745],[-75.43054,40.14583],[-75.42794,40.14654],[-75.42895,40.15109],[-75.42433,40.15279],[-75.4181,40.15416],[-75.41336,40.15666],[-75.42175,40.16173],[-75.41834,40.16446],[-75.41377,40.16284],[-75.41024,40.1608],[-75.40977,40.16588],[-75.40834,40.16778],[-75.40979,40.16914],[-75.40597,40.16981],[-75.4031,40.17164],[-75.40078,40.1703],[-75.39416,40.17735],[-75.38594,40.17241],[-75.38422,40.17407],[-75.38087,40.17212],[-75.37564,40.17732],[-75.37728,40.17827],[-75.37399,40.18211],[-75.3723,40.18118],[-75.36962,40.1838],[-75.36686,40.18214],[-75.36983,40.17876],[-75.36625,40.17602],[-75.36253,40.18012],[-75.35532,40.17577],[-75.34688,40.18303],[-75.34907,40.1863],[-75.35104,40.18781],[-75.34675,40.19204],[-75.34498,40.19279],[-75.34962,40.19589],[-75.34726,40.20021],[-75.34468,40.1988],[-75.34059,40.19775],[-75.33104,40.19136],[-75.32584,40.18834],[-75.32315,40.18952],[-75.31836,40.18669],[-75.31881,40.1841],[-75.31574,40.18223],[-75.31525,40.18078],[-75.32022,40.17602],[-75.31494,40.17288],[-75.31225,40.17419],[-75.32693,40.1597],[-75.32483,40.15847],[-75.32643,40.15621],[-75.32709,40.15299],[-75.33265,40.1459],[-75.33568,40.14567],[-75.33832,40.14333],[-75.34453,40.14175],[-75.36513,40.12095],[-75.36225,40.11922],[-75.36548,40.1164],[-75.36045,40.11617],[-75.35566,40.11517],[-75.34689,40.1111],[-75.34749,40.10951],[-75.35084,40.10943],[-75.36093,40.11339],[-75.36685,40.11447],[-75.3705,40.11623],[-75.38013,40.11812],[-75.39093,40.11781],[-75.39353,40.1172],[-75.40604,40.11177],[-75.41655,40.10786],[-75.42005,40.10735],[-75.42433,40.10791],[-75.42261,40.1104],[-75.42833,40.11131],[-75.42904,40.11309],[-75.42531,40.11303],[-75.42229,40.11502],[-75.42508,40.11621],[-75.429,40.11597],[-75.42708,40.11777],[-75.42795,40.11921],[-75.43239,40.12067],[-75.43431,40.11898],[-75.43819,40.12111],[-75.44095,40.12167],[-75.44529,40.11998],[-75.44899,40.11744],[-75.44684,40.11502],[-75.45038,40.11312],[-75.45235,40.11534],[-75.45427,40.11451],[-75.45462,40.11663],[-75.45319,40.11941],[-75.4484,40.12143]]]}},{"type":"Feature","properties":{"zcta":"19422","d":839},"geometry":{"type":"Polygon","coordinates":[[[-75.29544,40.19096],[-75.29394,40.19353],[-75.27932,40.18572],[-75.27057,40.18088],[-75.25433,40.17193],[-75.25179,40.1739],[-75.24834,40.17482],[-75.24485,40.17076],[-75.24158,40.17162],[-75.23529,40.17778],[-75.22534,40.17223],[-75.23089,40.16599],[-75.23401,40.16772],[-75.23803,40.16289],[-75.24991,40.16934],[-75.25212,40.16866],[-75.25706,40.1636],[-75.25743,40.1626],[-75.24972,40.15841],[-75.24479,40.15778],[-75.24036,40.15524],[-75.24764,40.15282],[-75.25236,40.15024],[-75.2555,40.14655],[-75.25439,40.14518],[-75.24165,40.13721],[-75.24376,40.13696],[-75.24691,40.13362],[-75.24516,40.13252],[-75.24871,40.1287],[-75.25034,40.12909],[-75.25206,40.12735],[-75.25595,40.12668],[-75.26041,40.122],[-75.26491,40.1245],[-75.26812,40.12503],[-75.27024,40.12745],[-75.27833,40.13195],[-75.28199,40.1284],[-75.28538,40.13156],[-75.28321,40.13468],[-75.29815,40.14316],[-75.32483,40.15847],[-75.32693,40.1597],[-75.31225,40.17419],[-75.29544,40.19096]]]}},{"type":"Feature","properties":{"zcta":"19707","d":644},"geometry":{"type":"Polygon","coordinates":[[[-75.71697,39.792],[-75.70593,39.79943],[-75.70121,39.80261],[-75.68599,39.81105],[-75.67305,39.81669],[-75.66461,39.82037],[-75.66428,39.81877],[-75.65971,39.81915],[-75.65811,39.81809],[-75.65954,39.81529],[-75.65805,39.8147],[-75.65627,39.81602],[-75.65467,39.81347],[-75.65071,39.81642],[-75.64829,39.82008],[-75.64345,39.81853],[-75.6468,39.8167],[-75.65219,39.8086],[-75.65783,39.8019],[-75.65748,39.8002],[-75.65429,39.80133],[-75.65394,39.80253],[-75.65007,39.8002],[-75.64869,39.79793],[-75.64691,39.79733],[-75.6455,39.79415],[-75.64207,39.79275],[-75.64388,39.7887],[-75.64223,39.78871],[-75.64015,39.78612],[-75.64029,39.78301],[-75.64279,39.78096],[-75.6442,39.78317],[-75.64581,39.78352],[-75.64731,39.77967],[-75.645,39.77671],[-75.65241,39.77255],[-75.65167,39.77072],[-75.64804,39.77216],[-75.64731,39.76958],[-75.64913,39.7678],[-75.65003,39.76463],[-75.6399,39.76219],[-75.6404,39.76148],[-75.64691,39.76208],[-75.64804,39.75952],[-75.65544,39.76156],[-75.65556,39.76477],[-75.65726,39.76621],[-75.65438,39.7662],[-75.65757,39.76805],[-75.65796,39.76683],[-75.66081,39.76733],[-75.66388,39.76909],[-75.66392,39.76693],[-75.66689,39.76952],[-75.67164,39.7677],[-75.6717,39.76349],[-75.67004,39.76372],[-75.66779,39.76219],[-75.67082,39.76063],[-75.678,39.75377],[-75.67734,39.75244],[-75.67933,39.75051],[-75.6792,39.75698],[-75.68152,39.76048],[-75.69135,39.75663],[-75.69808,39.7561],[-75.69776,39.75344],[-75.69977,39.75332],[-75.69949,39.75146],[-75.70308,39.7508],[-75.70729,39.75032],[-75.70848,39.75678],[-75.7057,39.75695],[-75.70374,39.75848],[-75.70428,39.76201],[-75.70666,39.76648],[-75.71731,39.76787],[-75.72129,39.76934],[-75.72067,39.76989],[-75.72112,39.7754],[-75.73227,39.7795],[-75.72486,39.78583],[-75.71697,39.792]]]}},{"type":"Feature","properties":{"zcta":"19809","d":1048},"geometry":{"type":"Polygon","coordinates":[[[-75.52437,39.73888],[-75.52593,39.74058],[-75.52543,39.74287],[-75.5282,39.74448],[-75.51848,39.74954],[-75.51583,39.74613],[-75.51329,39.74508],[-75.51007,39.74822],[-75.50336,39.75128],[-75.50873,39.75671],[-75.51208,39.76136],[-75.51704,39.76305],[-75.51794,39.76721],[-75.51946,39.76845],[-75.51733,39.77105],[-75.51693,39.77721],[-75.51076,39.77892],[-75.50638,39.78092],[-75.50648,39.77976],[-75.50355,39.78143],[-75.49268,39.79029],[-75.49009,39.79282],[-75.4842,39.79996],[-75.48462,39.79683],[-75.48187,39.79526],[-75.48066,39.79339],[-75.47668,39.79358],[-75.47526,39.79253],[-75.47421,39.78841],[-75.47166,39.78711],[-75.46975,39.78466],[-75.49024,39.75479],[-75.50911,39.72009],[-75.51268,39.71583],[-75.52582,39.72058],[-75.53042,39.72304],[-75.53243,39.72531],[-75.53359,39.72861],[-75.53208,39.73128],[-75.52976,39.73183],[-75.52655,39.73405],[-75.52648,39.73803],[-75.52437,39.73888]]]}},{"type":"Feature","properties":{"zcta":"18073","d":292},"geometry":{"type":"Polygon","coordinates":[[[-75.52994,40.38927],[-75.52541,40.38565],[-75.51799,40.38427],[-75.51628,40.38729],[-75.51585,40.39235],[-75.51449,40.39609],[-75.51136,40.39678],[-75.51324,40.39886],[-75.51121,40.40023],[-75.5091,40.39874],[-75.50502,40.40172],[-75.5026,40.40004],[-75.49886,40.40332],[-75.49632,40.40418],[-75.49975,40.40779],[-75.49682,40.40983],[-75.49158,40.41236],[-75.48967,40.4096],[-75.49064,40.41252],[-75.49014,40.41407],[-75.48292,40.41794],[-75.47984,40.41613],[-75.47572,40.41798],[-75.47528,40.4163],[-75.47288,40.41682],[-75.47316,40.41976],[-75.46869,40.42417],[-75.4658,40.42246],[-75.4647,40.42395],[-75.46737,40.42548],[-75.46011,40.43253],[-75.45662,40.429],[-75.45801,40.42756],[-75.45454,40.42467],[-75.45208,40.42571],[-75.44763,40.41827],[-75.44911,40.41701],[-75.44417,40.41499],[-75.44465,40.413],[-75.44284,40.41397],[-75.44198,40.41083],[-75.43802,40.40915],[-75.44133,40.40706],[-75.44587,40.40636],[-75.44904,40.40467],[-75.44824,40.40334],[-75.44358,40.40049],[-75.44201,40.39806],[-75.43716,40.39515],[-75.43226,40.38907],[-75.42366,40.39323],[-75.42212,40.39329],[-75.4231,40.39117],[-75.42201,40.38876],[-75.41823,40.38512],[-75.41729,40.38326],[-75.42021,40.38042],[-75.42278,40.3751],[-75.42221,40.36941],[-75.42309,40.36724],[-75.42238,40.36365],[-75.42565,40.36165],[-75.42635,40.35789],[-75.43361,40.35637],[-75.43506,40.35462],[-75.43747,40.35709],[-75.44317,40.35823],[-75.44858,40.34961],[-75.45557,40.34299],[-75.45784,40.34291],[-75.46306,40.34596],[-75.45932,40.34955],[-75.45717,40.35495],[-75.45728,40.35922],[-75.45302,40.35899],[-75.44892,40.35668],[-75.44611,40.35905],[-75.44461,40.35763],[-75.44223,40.36029],[-75.44553,40.36217],[-75.44131,40.3662],[-75.44446,40.36816],[-75.44681,40.36841],[-75.4516,40.37144],[-75.45773,40.36736],[-75.46351,40.36458],[-75.46657,40.36629],[-75.46713,40.36868],[-75.46931,40.37247],[-75.47012,40.37162],[-75.47056,40.37413],[-75.47225,40.37252],[-75.47953,40.37503],[-75.47785,40.37661],[-75.47404,40.37427],[-75.46891,40.37493],[-75.47077,40.37621],[-75.47104,40.37852],[-75.47718,40.38244],[-75.4792,40.38104],[-75.48597,40.38579],[-75.49298,40.38239],[-75.48859,40.37396],[-75.49046,40.37361],[-75.48673,40.36877],[-75.48935,40.36825],[-75.48506,40.36351],[-75.48219,40.35927],[-75.49684,40.34436],[-75.51879,40.35618],[-75.54074,40.36796],[-75.5459,40.37073],[-75.53598,40.38174],[-75.52994,40.38927]]]}},{"type":"Feature","properties":{"zcta":"19520","d":82},"geometry":{"type":"Polygon","coordinates":[[[-75.7378,40.19499],[-75.73275,40.19538],[-75.73216,40.1909],[-75.73307,40.19083],[-75.73249,40.18523],[-75.73054,40.18164],[-75.73135,40.17868],[-75.72704,40.17153],[-75.7256,40.1654],[-75.72925,40.16459],[-75.72807,40.16362],[-75.72711,40.15962],[-75.73073,40.15899],[-75.73086,40.15783],[-75.74278,40.1563],[-75.74669,40.15632],[-75.74621,40.15199],[-75.7409,40.1518],[-75.73855,40.14855],[-75.73788,40.14368],[-75.7428,40.14204],[-75.74919,40.14079],[-75.75356,40.13944],[-75.76672,40.13835],[-75.76893,40.13754],[-75.7649,40.13452],[-75.76184,40.12913],[-75.76201,40.12609],[-75.76062,40.1223],[-75.7613,40.12066],[-75.76446,40.12143],[-75.76527,40.12426],[-75.77779,40.12345],[-75.77881,40.1223],[-75.78308,40.12427],[-75.78385,40.12333],[-75.78282,40.11889],[-75.78375,40.11698],[-75.79091,40.12041],[-75.79508,40.12142],[-75.79712,40.1204],[-75.79601,40.11849],[-75.79649,40.11207],[-75.80198,40.11228],[-75.80209,40.10826],[-75.7982,40.10751],[-75.79769,40.10505],[-75.80078,40.10664],[-75.80236,40.10558],[-75.80514,40.10696],[-75.80657,40.10561],[-75.80861,40.1064],[-75.81131,40.10522],[-75.81387,40.10603],[-75.81692,40.10484],[-75.81908,40.10606],[-75.82135,40.10493],[-75.82554,40.10757],[-75.83003,40.10913],[-75.83443,40.10672],[-75.83345,40.10583],[-75.83764,40.10421],[-75.84478,40.10282],[-75.84361,40.10958],[-75.84575,40.11226],[-75.8501,40.11198],[-75.85064,40.11681],[-75.8537,40.11552],[-75.85697,40.11628],[-75.85941,40.11874],[-75.8602,40.12156],[-75.8621,40.12356],[-75.85906,40.12784],[-75.86466,40.13117],[-75.8661,40.12972],[-75.86949,40.13176],[-75.8702,40.13571],[-75.86401,40.13608],[-75.85836,40.13733],[-75.85904,40.14477],[-75.85597,40.14533],[-75.85632,40.14697],[-75.85428,40.14724],[-75.85529,40.14882],[-75.87216,40.15596],[-75.86701,40.15623],[-75.86719,40.15897],[-75.86617,40.16137],[-75.86974,40.16216],[-75.86948,40.16508],[-75.86431,40.16604],[-75.86372,40.16757],[-75.85616,40.16807],[-75.85729,40.17176],[-75.85375,40.17395],[-75.85267,40.17881],[-75.85147,40.17894],[-75.85184,40.18169],[-75.84892,40.18234],[-75.85173,40.1854],[-75.8464,40.18869],[-75.84303,40.19019],[-75.83913,40.19396],[-75.83745,40.1964],[-75.83359,40.19674],[-75.83303,40.19993],[-75.8307,40.19488],[-75.82592,40.19462],[-75.8329,40.20117],[-75.82949,40.20177],[-75.82798,40.20343],[-75.82182,40.20646],[-75.82056,40.20815],[-75.81701,40.20756],[-75.8129,40.20941],[-75.81194,40.20631],[-75.81526,40.2014],[-75.81388,40.19752],[-75.81154,40.19667],[-75.804,40.19935],[-75.80075,40.20129],[-75.79761,40.19943],[-75.79476,40.19965],[-75.79421,40.20236],[-75.79119,40.20431],[-75.79049,40.20717],[-75.78592,40.20887],[-75.78061,40.20773],[-75.7766,40.20841],[-75.77372,40.21095],[-75.77462,40.21414],[-75.76954,40.2117],[-75.76727,40.20914],[-75.76751,40.20558],[-75.77202,40.2016],[-75.77294,40.19877],[-75.74886,40.21329],[-75.7378,40.19499]]]}},{"type":"Feature","properties":{"zcta":"08004","d":486},"geometry":{"type":"Polygon","coordinates":[[[-74.90972,39.78143],[-74.90796,39.78376],[-74.89656,39.77707],[-74.89289,39.78161],[-74.88975,39.78197],[-74.88291,39.782],[-74.87615,39.78146],[-74.8676,39.7848],[-74.86338,39.78563],[-74.85971,39.78581],[-74.85584,39.78733],[-74.85402,39.78706],[-74.85145,39.7886],[-74.84466,39.78976],[-74.83054,39.78863],[-74.82763,39.78917],[-74.81942,39.788],[-74.81798,39.78602],[-74.81451,39.78551],[-74.80686,39.78346],[-74.79969,39.77802],[-74.79815,39.77572],[-74.79676,39.77571],[-74.79532,39.77361],[-74.79072,39.7713],[-74.78792,39.7669],[-74.78514,39.76562],[-74.7812,39.75859],[-74.77694,39.75779],[-74.77499,39.7564],[-74.77503,39.75431],[-74.77209,39.75044],[-74.76831,39.74956],[-74.76638,39.74656],[-74.76024,39.74359],[-74.75962,39.7424],[-74.75759,39.74366],[-74.75578,39.74221],[-74.73622,39.72977],[-74.75088,39.71718],[-74.75137,39.71786],[-74.7552,39.7169],[-74.76115,39.72067],[-74.77588,39.71345],[-74.77792,39.71352],[-74.83145,39.73803],[-74.8407,39.74644],[-74.85813,39.75137],[-74.85931,39.74873],[-74.87091,39.74324],[-74.87074,39.74302],[-74.88258,39.73719],[-74.89004,39.73754],[-74.90166,39.74031],[-74.90489,39.73771],[-74.90832,39.73846],[-74.91113,39.74629],[-74.90979,39.74622],[-74.9068,39.7484],[-74.90926,39.7501],[-74.90336,39.75497],[-74.90217,39.75415],[-74.89864,39.75779],[-74.90744,39.7597],[-74.90889,39.7609],[-74.9099,39.76459],[-74.91777,39.76075],[-74.91948,39.76825],[-74.91315,39.77675],[-74.91185,39.77559],[-74.90972,39.78143]],[[-74.91277,39.77168],[-74.91229,39.76842],[-74.90808,39.7722],[-74.91185,39.77559],[-74.91277,39.77168]]]}},{"type":"Feature","properties":{"zcta":"08045","d":1168},"geometry":{"type":"Polygon","coordinates":[[[-75.04022,39.87482],[-75.03734,39.87486],[-75.0371,39.87997],[-75.03567,39.87764],[-75.0291,39.87255],[-75.01888,39.87275],[-75.02016,39.8721],[-75.02041,39.86911],[-75.01614,39.87072],[-75.0127,39.86584],[-75.01292,39.86247],[-75.01589,39.85937],[-75.02193,39.85779],[-75.03358,39.86297],[-75.0411,39.86228],[-75.04716,39.87033],[-75.04408,39.8712],[-75.04517,39.87221],[-75.04139,39.87349],[-75.04022,39.87482]]]}},{"type":"Feature","properties":{"zcta":"08048","d":489},"geometry":{"type":"Polygon","coordinates":[[[-74.84942,39.94661],[-74.84578,39.94948],[-74.84301,39.95833],[-74.8356,39.96135],[-74.81857,39.97186],[-74.81376,39.97464],[-74.80875,39.97842],[-74.80537,39.98477],[-74.80822,39.9883],[-74.80561,39.98897],[-74.80483,39.98708],[-74.8011,39.98828],[-74.79638,39.9847],[-74.7677,39.97933],[-74.76144,39.98039],[-74.75024,39.97805],[-74.75139,39.97553],[-74.75155,39.97057],[-74.76628,39.97084],[-74.76996,39.96952],[-74.76978,39.96709],[-74.77108,39.96606],[-74.77585,39.96559],[-74.77338,39.96414],[-74.76706,39.96225],[-74.76483,39.95825],[-74.7594,39.95672],[-74.78116,39.94995],[-74.78324,39.94458],[-74.78187,39.94556],[-74.77943,39.94395],[-74.77963,39.94139],[-74.78289,39.93911],[-74.78217,39.93789],[-74.78809,39.93254],[-74.79088,39.93423],[-74.79159,39.93588],[-74.86245,39.93115],[-74.8625,39.94317],[-74.84942,39.94661]]]}},{"type":"Feature","properties":{"zcta":"08051","d":1505},"geometry":{"type":"Polygon","coordinates":[[[-75.19384,39.79277],[-75.19252,39.7916],[-75.18782,39.7969],[-75.18776,39.79949],[-75.19278,39.80128],[-75.19241,39.8018],[-75.17737,39.80915],[-75.1738,39.80565],[-75.16879,39.8031],[-75.17173,39.79582],[-75.16943,39.79786],[-75.17008,39.79976],[-75.16817,39.79884],[-75.16592,39.80066],[-75.16811,39.79381],[-75.16348,39.79424],[-75.1603,39.79174],[-75.15993,39.78954],[-75.16266,39.78776],[-75.16345,39.78291],[-75.16134,39.78222],[-75.15938,39.77803],[-75.15707,39.7768],[-75.15732,39.7744],[-75.16204,39.77455],[-75.16878,39.77604],[-75.16916,39.78219],[-75.17242,39.78205],[-75.17606,39.77961],[-75.17777,39.78078],[-75.17885,39.77926],[-75.16587,39.76745],[-75.16399,39.7651],[-75.17218,39.76428],[-75.17998,39.76697],[-75.17945,39.76779],[-75.18273,39.76924],[-75.18824,39.76868],[-75.19033,39.76906],[-75.19478,39.77431],[-75.19455,39.77497],[-75.19528,39.77728],[-75.19765,39.77957],[-75.19735,39.78275],[-75.19867,39.7837],[-75.19717,39.7869],[-75.19835,39.78823],[-75.19384,39.79277]]]}},{"type":"Feature","properties":{"zcta":"08052","d":2634},"geometry":{"type":"Polygon","coordinates":[[[-75.0054,39.97303],[-75.00148,39.96951],[-75.00168,39.96757],[-75.00011,39.96824],[-74.99807,39.96704],[-74.9947,39.96652],[-74.99457,39.96395],[-74.98719,39.9598],[-74.98664,39.95693],[-74.98447,39.95597],[-74.9828,39.95358],[-74.97898,39.95235],[-74.97498,39.95305],[-74.96873,39.94556],[-74.96682,39.93802],[-74.97858,39.93057],[-74.98404,39.92735],[-74.98546,39.92987],[-74.9844,39.93131],[-74.98116,39.93129],[-74.98133,39.93391],[-74.97871,39.93431],[-74.97508,39.93781],[-74.97571,39.93976],[-74.98272,39.94028],[-74.98727,39.93988],[-74.98874,39.94097],[-74.99204,39.94081],[-74.99468,39.93965],[-75.00008,39.94103],[-75.00092,39.94198],[-75.00426,39.94149],[-75.00927,39.94517],[-75.01316,39.94534],[-75.01511,39.94687],[-75.01616,39.95045],[-75.01333,39.9542],[-75.01307,39.95648],[-75.0176,39.95938],[-75.01654,39.961],[-75.01886,39.96399],[-75.01925,39.96743],[-75.0054,39.97303]]]}},{"type":"Feature","properties":{"zcta":"18966","d":1243},"geometry":{"type":"Polygon","coordinates":[[[-75.0438,40.19809],[-75.04927,40.20133],[-75.03258,40.21724],[-75.0225,40.2112],[-75.02318,40.20976],[-75.02062,40.2082],[-75.01944,40.20934],[-75.01639,40.20752],[-75.02017,40.20403],[-75.01617,40.20407],[-75.01668,40.20623],[-75.01525,40.20656],[-75.0144,40.20351],[-75.01124,40.19946],[-75.01199,40.19839],[-75.00704,40.19933],[-75.00504,40.20129],[-75.00371,40.19872],[-74.98398,40.19937],[-74.97991,40.21674],[-74.9803,40.21923],[-74.97048,40.21978],[-74.96863,40.22082],[-74.96757,40.22305],[-74.96427,40.22409],[-74.96536,40.2216],[-74.95719,40.21813],[-74.9542,40.21182],[-74.94441,40.21145],[-74.94063,40.20902],[-74.9404,40.20735],[-74.94174,40.19758],[-74.94254,40.19547],[-74.94012,40.19271],[-74.93395,40.18902],[-74.92787,40.18946],[-74.93305,40.18883],[-74.93437,40.18904],[-74.93897,40.19176],[-74.94245,40.19453],[-74.94656,40.19295],[-74.9506,40.18944],[-74.95107,40.18824],[-74.95618,40.19121],[-74.95631,40.18683],[-74.9605,40.18531],[-74.9583,40.18339],[-74.959,40.1809],[-74.96535,40.17732],[-74.96712,40.17795],[-74.97329,40.1744],[-74.97761,40.17342],[-74.98218,40.17426],[-74.98502,40.17341],[-74.98729,40.17161],[-74.98332,40.16723],[-74.98194,40.16427],[-74.98383,40.16323],[-74.9946,40.16917],[-74.99867,40.16864],[-75.00013,40.17097],[-75.00539,40.16831],[-75.00814,40.17038],[-75.00771,40.16713],[-75.009,40.16661],[-75.02425,40.15137],[-75.02811,40.15283],[-75.02572,40.15491],[-75.02747,40.15633],[-75.0257,40.15856],[-75.03915,40.16051],[-75.04773,40.16059],[-75.04728,40.16222],[-75.05157,40.16322],[-75.05736,40.16312],[-75.0712,40.17103],[-75.0438,40.19809]]]}},{"type":"Feature","properties":{"zcta":"19003","d":3522},"geometry":{"type":"Polygon","coordinates":[[[-75.28627,40.01354],[-75.28157,40.01069],[-75.28184,40.00883],[-75.27832,40.0093],[-75.27706,40.00741],[-75.28119,40.00588],[-75.28217,40.00427],[-75.28575,40.00527],[-75.28172,40.00328],[-75.28329,40.00068],[-75.28782,40.00026],[-75.291,39.99759],[-75.28828,39.9928],[-75.29344,39.99036],[-75.29255,39.98752],[-75.29593,39.9916],[-75.29864,39.99364],[-75.30336,39.9961],[-75.30792,39.99355],[-75.31009,39.99025],[-75.31157,39.99223],[-75.31562,39.9907],[-75.31976,39.99188],[-75.32364,39.99391],[-75.31051,39.99977],[-75.311,40.00208],[-75.31314,40.00492],[-75.31446,40.00831],[-75.31371,40.00869],[-75.31159,40.00512],[-75.3052,40.00805],[-75.30577,40.00936],[-75.30236,40.01017],[-75.29736,40.01224],[-75.29543,40.01111],[-75.28946,40.01451],[-75.28891,40.01639],[-75.2868,40.01826],[-75.28627,40.01354]]]}},{"type":"Feature","properties":{"zcta":"19030","d":1375},"geometry":{"type":"Polygon","coordinates":[[[-74.82127,40.19411],[-74.81628,40.19458],[-74.8151,40.19576],[-74.80208,40.19694],[-74.79209,40.19746],[-74.78861,40.1983],[-74.78142,40.20129],[-74.77982,40.19972],[-74.78113,40.19664],[-74.77965,40.19776],[-74.78212,40.19172],[-74.78546,40.18214],[-74.78821,40.181],[-74.79988,40.17981],[-74.79844,40.17326],[-74.81139,40.17166],[-74.81098,40.17693],[-74.81199,40.17718],[-74.8097,40.18058],[-74.80213,40.1877],[-74.80089,40.19131],[-74.8012,40.19362],[-74.7978,40.19411],[-74.80144,40.19451],[-74.81803,40.19325],[-74.82087,40.1916],[-74.82368,40.19132],[-74.82345,40.19001],[-74.8353,40.18527],[-74.83295,40.18383],[-74.83198,40.1802],[-74.83406,40.17922],[-74.83566,40.1765],[-74.83874,40.17725],[-74.83956,40.17477],[-74.84404,40.17446],[-74.84185,40.17282],[-74.83406,40.172],[-74.84173,40.16549],[-74.84421,40.16456],[-74.84805,40.16459],[-74.85298,40.16226],[-74.85835,40.16409],[-74.85958,40.16389],[-74.86167,40.15926],[-74.86454,40.16006],[-74.8701,40.16448],[-74.86877,40.16581],[-74.87079,40.17193],[-74.87021,40.17346],[-74.86783,40.17444],[-74.86686,40.17831],[-74.87007,40.17951],[-74.86978,40.18071],[-74.87366,40.18008],[-74.87369,40.18189],[-74.87046,40.183],[-74.87028,40.18424],[-74.86677,40.18915],[-74.84657,40.19085],[-74.84438,40.19058],[-74.82383,40.19238],[-74.82396,40.19366],[-74.82903,40.19333],[-74.83175,40.19541],[-74.82127,40.19411]]]}},{"type":"Feature","properties":{"zcta":"08009","d":555},"geometry":{"type":"MultiPolygon","coordinates":[[[[-74.90808,39.7722],[-74.91229,39.76842],[-74.91277,39.77168],[-74.91185,39.77559],[-74.90808,39.7722]]],[[[-74.91149,39.71654],[-74.90896,39.71239],[-74.91051,39.71181],[-74.91313,39.71596],[-74.91149,39.71654]]],[[[-74.9249,39.71996],[-74.91498,39.72478],[-74.9124,39.71805],[-74.91663,39.7167],[-74.91824,39.71905],[-74.92207,39.71776],[-74.9249,39.71996]]],[[[-74.96699,39.76833],[-74.97404,39.77269],[-74.97406,39.77421],[-74.96677,39.77494],[-74.96379,39.77329],[-74.96387,39.77636],[-74.9707,39.777],[-74.96608,39.78079],[-74.96444,39.78021],[-74.96135,39.78199],[-74.95892,39.78029],[-74.95756,39.78145],[-74.96914,39.79043],[-74.97438,39.79336],[-74.97159,39.79245],[-74.96961,39.7963],[-74.96466,39.7985],[-74.96613,39.79974],[-74.95765,39.80936],[-74.94528,39.8055],[-74.93262,39.79824],[-74.93204,39.80169],[-74.92473,39.80043],[-74.92743,39.79815],[-74.92353,39.79544],[-74.92259,39.79624],[-74.91598,39.79225],[-74.91949,39.79055],[-74.90936,39.78459],[-74.90935,39.78599],[-74.90679,39.78531],[-74.90237,39.79104],[-74.89863,39.78969],[-74.89822,39.78758],[-74.89493,39.78342],[-74.88975,39.78197],[-74.89289,39.78161],[-74.89656,39.77707],[-74.90796,39.78376],[-74.90972,39.78143],[-74.91185,39.77559],[-74.91315,39.77675],[-74.91948,39.76825],[-74.91777,39.76075],[-74.9099,39.76459],[-74.90889,39.7609],[-74.90744,39.7597],[-74.89864,39.75779],[-74.90217,39.75415],[-74.90336,39.75497],[-74.90926,39.7501],[-74.9068,39.7484],[-74.90979,39.74622],[-74.91113,39.74629],[-74.90832,39.73846],[-74.90489,39.73771],[-74.90166,39.74031],[-74.89004,39.73754],[-74.89497,39.72492],[-74.89389,39.72247],[-74.88563,39.71961],[-74.88691,39.71948],[-74.88596,39.71495],[-74.88004,39.71144],[-74.87785,39.71586],[-74.87397,39.71182],[-74.86994,39.71226],[-74.86768,39.71029],[-74.87651,39.71037],[-74.87943,39.70828],[-74.88315,39.70728],[-74.88513,39.70758],[-74.89021,39.71163],[-74.89611,39.71534],[-74.90052,39.71608],[-74.90386,39.71696],[-74.90679,39.72099],[-74.91045,39.72319],[-74.9114,39.72605],[-74.91825,39.73393],[-74.92591,39.72675],[-74.93229,39.72332],[-74.93338,39.7215],[-74.93696,39.72184],[-74.9392,39.72063],[-74.94055,39.72451],[-74.94241,39.72554],[-74.94078,39.72872],[-74.94058,39.73215],[-74.94457,39.73187],[-74.94753,39.73724],[-74.95113,39.73407],[-74.952,39.73968],[-74.9533,39.74218],[-74.95383,39.7469],[-74.95572,39.7504],[-74.96087,39.75355],[-74.96436,39.75346],[-74.96911,39.75574],[-74.97349,39.75581],[-74.98002,39.75491],[-74.97975,39.7526],[-74.98455,39.75319],[-74.96844,39.76709],[-74.96699,39.76833]]]]}},{"type":"Feature","properties":{"zcta":"08012","d":1328},"geometry":{"type":"MultiPolygon","coordinates":[[[[-75.0749,39.7327],[-75.07299,39.73477],[-75.07291,39.73692],[-75.07038,39.73672],[-75.06561,39.73408],[-75.06813,39.73198],[-75.06694,39.7305],[-75.0713,39.72706],[-75.07486,39.73059],[-75.0749,39.7327]]],[[[-75.08397,39.79469],[-75.07754,39.80118],[-75.07535,39.80409],[-75.07734,39.80634],[-75.08064,39.80556],[-75.08053,39.80783],[-75.08293,39.81064],[-75.08862,39.81493],[-75.08655,39.81571],[-75.08856,39.82045],[-75.08546,39.82304],[-75.08564,39.82505],[-75.08278,39.82706],[-75.08495,39.83052],[-75.08676,39.83148],[-75.08311,39.83364],[-75.08493,39.8347],[-75.08521,39.83685],[-75.08415,39.83823],[-75.08264,39.83596],[-75.08008,39.83564],[-75.07423,39.83373],[-75.06778,39.83379],[-75.06393,39.83575],[-75.06033,39.8361],[-75.05725,39.83809],[-75.05666,39.84122],[-75.05353,39.84432],[-75.05248,39.84744],[-75.05174,39.84485],[-75.04444,39.84582],[-75.03815,39.84527],[-75.03696,39.84098],[-75.03696,39.83835],[-75.0434,39.8384],[-75.04404,39.8399],[-75.04614,39.83982],[-75.04693,39.84258],[-75.05389,39.8394],[-75.05834,39.8365],[-75.05539,39.83536],[-75.05331,39.83334],[-75.05077,39.8338],[-75.04719,39.83239],[-75.05097,39.828],[-75.05484,39.82687],[-75.05094,39.81933],[-75.04733,39.81662],[-75.04799,39.81367],[-75.03757,39.7938],[-75.0299,39.78959],[-75.02847,39.79161],[-75.0221,39.79012],[-75.02093,39.79262],[-75.02348,39.79243],[-75.02154,39.79695],[-75.01662,39.79703],[-75.01402,39.79514],[-75.01072,39.78539],[-75.00802,39.77962],[-75.02577,39.7774],[-75.03253,39.77493],[-75.03643,39.78967],[-75.04114,39.78737],[-75.04274,39.7881],[-75.04816,39.7844],[-75.04819,39.7766],[-75.04639,39.7749],[-75.04433,39.77489],[-75.04219,39.77136],[-75.0459,39.76995],[-75.04877,39.77167],[-75.04786,39.76998],[-75.04427,39.76698],[-75.04307,39.7638],[-75.04427,39.76198],[-75.04258,39.76068],[-75.04059,39.76086],[-75.03873,39.75863],[-75.03582,39.75673],[-75.03503,39.75485],[-75.03106,39.75218],[-75.03023,39.75069],[-75.02708,39.74964],[-75.02208,39.7462],[-75.02894,39.74004],[-75.02942,39.7388],[-75.03389,39.7418],[-75.03304,39.72962],[-75.03252,39.72699],[-75.0317,39.72294],[-75.03488,39.7239],[-75.03817,39.72817],[-75.03511,39.73168],[-75.03912,39.73562],[-75.04521,39.73196],[-75.04883,39.7318],[-75.05032,39.72483],[-75.06244,39.73227],[-75.06191,39.73258],[-75.07529,39.74974],[-75.07182,39.7504],[-75.07092,39.75255],[-75.07616,39.75085],[-75.07923,39.75467],[-75.07192,39.75809],[-75.06912,39.76062],[-75.07128,39.76192],[-75.0684,39.76355],[-75.06498,39.76803],[-75.06227,39.76793],[-75.05801,39.77198],[-75.05987,39.7755],[-75.05793,39.77714],[-75.05506,39.77537],[-75.05453,39.77921],[-75.05556,39.78206],[-75.06426,39.78468],[-75.06589,39.78232],[-75.072,39.77978],[-75.0697,39.7761],[-75.07288,39.77548],[-75.07441,39.77396],[-75.07799,39.78086],[-75.08086,39.78005],[-75.08707,39.77958],[-75.0849,39.7864],[-75.0818,39.79156],[-75.09293,39.78692],[-75.09081,39.79056],[-75.09154,39.79302],[-75.08919,39.79404],[-75.08397,39.79469]],[[-75.07092,39.75426],[-75.07001,39.75286],[-75.06839,39.75341],[-75.07092,39.75426]]]]}},{"type":"Feature","properties":{"zcta":"08019","d":8},"geometry":{"type":"Polygon","coordinates":[[[-74.59046,39.75653],[-74.5904,39.75858],[-74.5923,39.75863],[-74.59765,39.7663],[-74.59973,39.77037],[-74.59861,39.77427],[-74.59482,39.77882],[-74.59312,39.78216],[-74.59472,39.7878],[-74.59402,39.79076],[-74.57592,39.79893],[-74.59832,39.82432],[-74.59215,39.82694],[-74.58875,39.8279],[-74.5862,39.82734],[-74.58204,39.82866],[-74.57628,39.82959],[-74.57183,39.83227],[-74.57524,39.83391],[-74.57839,39.83681],[-74.58114,39.84265],[-74.57623,39.84257],[-74.57373,39.84455],[-74.56915,39.84601],[-74.56625,39.84854],[-74.55812,39.85119],[-74.55242,39.84997],[-74.54718,39.85593],[-74.54775,39.85858],[-74.54894,39.85842],[-74.55201,39.86091],[-74.54015,39.86304],[-74.53941,39.86069],[-74.53697,39.86151],[-74.53766,39.86348],[-74.5285,39.86522],[-74.50889,39.85531],[-74.49188,39.84773],[-74.48356,39.85393],[-74.46126,39.87184],[-74.44938,39.88149],[-74.44851,39.88187],[-74.43422,39.85516],[-74.42942,39.8454],[-74.38971,39.77328],[-74.4283,39.77042],[-74.43186,39.76501],[-74.43274,39.76181],[-74.43181,39.76052],[-74.4327,39.75845],[-74.43836,39.756],[-74.44089,39.75407],[-74.43992,39.75283],[-74.44084,39.75031],[-74.4447,39.74858],[-74.44741,39.74612],[-74.45122,39.74484],[-74.45303,39.74071],[-74.45464,39.74041],[-74.45769,39.73801],[-74.45754,39.73615],[-74.46201,39.73581],[-74.46552,39.73404],[-74.46885,39.73389],[-74.47326,39.73537],[-74.47382,39.7342],[-74.47641,39.73455],[-74.47828,39.73232],[-74.48437,39.73374],[-74.48866,39.73303],[-74.48949,39.72862],[-74.49514,39.72515],[-74.49389,39.72397],[-74.49621,39.72376],[-74.49631,39.72161],[-74.49811,39.72002],[-74.50033,39.72051],[-74.50269,39.71912],[-74.5002,39.71409],[-74.50089,39.71126],[-74.50342,39.70908],[-74.50438,39.70606],[-74.50142,39.7049],[-74.50159,39.70355],[-74.50388,39.7032],[-74.5011,39.70056],[-74.5071,39.68935],[-74.5067,39.68487],[-74.50898,39.686],[-74.51277,39.68363],[-74.51424,39.68156],[-74.51699,39.68061],[-74.51652,39.67851],[-74.51414,39.6772],[-74.51479,39.67478],[-74.51977,39.67306],[-74.5217,39.67058],[-74.52333,39.66571],[-74.52342,39.66348],[-74.52768,39.6575],[-74.52721,39.65448],[-74.52506,39.65405],[-74.52682,39.65195],[-74.5265,39.65063],[-74.52833,39.64911],[-74.52887,39.65206],[-74.53246,39.65815],[-74.53249,39.66045],[-74.55232,39.64515],[-74.56349,39.63551],[-74.55966,39.64307],[-74.56452,39.64312],[-74.56303,39.64712],[-74.56695,39.65403],[-74.56721,39.66969],[-74.56949,39.67867],[-74.57082,39.68106],[-74.57745,39.68354],[-74.6059,39.68541],[-74.63181,39.69738],[-74.63936,39.69959],[-74.6419,39.69987],[-74.65443,39.7052],[-74.65999,39.70604],[-74.66521,39.70955],[-74.66776,39.71016],[-74.68082,39.71866],[-74.68608,39.72482],[-74.6898,39.72752],[-74.69523,39.72948],[-74.59046,39.75653]]]}},{"type":"Feature","properties":{"zcta":"08022","d":225},"geometry":{"type":"MultiPolygon","coordinates":[[[[-74.71767,40.0225],[-74.71468,40.01826],[-74.71097,40.01983],[-74.70837,40.02234],[-74.70592,40.02052],[-74.70479,40.0216],[-74.70095,40.01855],[-74.69658,40.00996],[-74.68966,40.0088],[-74.68709,40.01209],[-74.68398,40.01043],[-74.67728,40.01267],[-74.67546,40.01384],[-74.67182,40.01329],[-74.66926,40.01414],[-74.66769,40.01086],[-74.66843,40.00826],[-74.68453,40.00005],[-74.68457,40.00236],[-74.68893,40.00379],[-74.68725,40.00475],[-74.68752,40.00635],[-74.68949,40.0062],[-74.68964,40.00854],[-74.69558,40.00784],[-74.69649,40.00978],[-74.71746,40.00301],[-74.71834,40.0007],[-74.73327,40.00898],[-74.73081,40.00909],[-74.73079,40.01525],[-74.73295,40.01607],[-74.73285,40.01779],[-74.72127,40.02223],[-74.71767,40.0225]]],[[[-74.68424,40.10465],[-74.68025,40.1033],[-74.67761,40.10147],[-74.67666,40.09868],[-74.67296,40.0969],[-74.6695,40.09381],[-74.66896,40.09204],[-74.66652,40.09143],[-74.66449,40.08899],[-74.66234,40.08811],[-74.66461,40.08403],[-74.66291,40.08262],[-74.65757,40.08192],[-74.64614,40.08397],[-74.64303,40.0835],[-74.63953,40.0806],[-74.63983,40.07642],[-74.64681,40.07358],[-74.6471,40.07158],[-74.64524,40.07003],[-74.64386,40.06319],[-74.64917,40.06423],[-74.64974,40.06639],[-74.65352,40.06468],[-74.66654,40.06522],[-74.66884,40.06164],[-74.67146,40.0615],[-74.68255,40.05846],[-74.69523,40.0556],[-74.702,40.05612],[-74.70269,40.05399],[-74.70196,40.04095],[-74.70373,40.04064],[-74.70293,40.03867],[-74.70567,40.03853],[-74.70566,40.04074],[-74.71349,40.04196],[-74.71275,40.04516],[-74.71498,40.0459],[-74.71544,40.04817],[-74.72462,40.05355],[-74.73121,40.02526],[-74.73748,40.02481],[-74.74259,40.02264],[-74.74482,40.03031],[-74.74538,40.03373],[-74.74807,40.03471],[-74.75311,40.0349],[-74.75343,40.03746],[-74.75655,40.04201],[-74.75247,40.0434],[-74.75338,40.04692],[-74.75126,40.05115],[-74.75339,40.05324],[-74.75592,40.05709],[-74.7542,40.05798],[-74.75383,40.06172],[-74.75622,40.06496],[-74.75511,40.06807],[-74.75014,40.06793],[-74.74939,40.07129],[-74.74736,40.074],[-74.75315,40.07635],[-74.7455,40.08247],[-74.75089,40.08297],[-74.75099,40.08489],[-74.75366,40.08724],[-74.75489,40.08945],[-74.75144,40.09494],[-74.74765,40.10007],[-74.74454,40.10298],[-74.74486,40.1047],[-74.74357,40.10773],[-74.73222,40.09727],[-74.72789,40.09823],[-74.72485,40.10106],[-74.72023,40.09755],[-74.71348,40.09311],[-74.71277,40.0951],[-74.70935,40.09601],[-74.70438,40.09965],[-74.70491,40.10657],[-74.70431,40.11262],[-74.70168,40.11087],[-74.69268,40.10309],[-74.68996,40.10574],[-74.68505,40.10746],[-74.68424,40.10465]]]]}},{"type":"Feature","properties":{"zcta":"08028","d":577},"geometry":{"type":"Polygon","coordinates":[[[-75.17293,39.68691],[-75.16754,39.68547],[-75.13951,39.71502],[-75.13064,39.72365],[-75.12415,39.71853],[-75.12303,39.72039],[-75.12056,39.72178],[-75.12152,39.72276],[-75.11651,39.72451],[-75.1178,39.7275],[-75.11533,39.72914],[-75.11382,39.73748],[-75.11124,39.73236],[-75.10523,39.72907],[-75.10481,39.7275],[-75.10094,39.72542],[-75.097,39.72129],[-75.09623,39.71763],[-75.09182,39.71471],[-75.08167,39.71716],[-75.08173,39.71607],[-75.0873,39.71488],[-75.08635,39.70978],[-75.08063,39.70982],[-75.0801,39.7087],[-75.09166,39.7076],[-75.0865,39.70065],[-75.06584,39.68617],[-75.0678,39.68509],[-75.06586,39.68229],[-75.06943,39.67866],[-75.06894,39.6782],[-75.09266,39.67926],[-75.09747,39.67929],[-75.09715,39.6781],[-75.10243,39.67674],[-75.10181,39.67448],[-75.1051,39.67393],[-75.1031,39.66912],[-75.10217,39.66254],[-75.12103,39.66207],[-75.1223,39.65628],[-75.12642,39.65752],[-75.12728,39.66541],[-75.12863,39.66836],[-75.132,39.67293],[-75.14008,39.67334],[-75.14253,39.67283],[-75.14415,39.67442],[-75.14767,39.6733],[-75.14975,39.67564],[-75.1525,39.67405],[-75.15321,39.67482],[-75.15549,39.67277],[-75.16883,39.67239],[-75.17044,39.67416],[-75.17352,39.6818],[-75.17348,39.6839],[-75.17689,39.68495],[-75.1768,39.68614],[-75.17293,39.68691]]]}},{"type":"Feature","properties":{"zcta":"08029","d":2386},"geometry":{"type":"Polygon","coordinates":[[[-75.0832,39.84082],[-75.05566,39.84899],[-75.05617,39.85002],[-75.05247,39.85079],[-75.04923,39.85065],[-75.04848,39.84854],[-75.05248,39.84744],[-75.05353,39.84432],[-75.05666,39.84122],[-75.05725,39.83809],[-75.06033,39.8361],[-75.06393,39.83575],[-75.06778,39.83379],[-75.07423,39.83373],[-75.08008,39.83564],[-75.08264,39.83596],[-75.08415,39.83823],[-75.08521,39.83685],[-75.08693,39.83846],[-75.08385,39.8405],[-75.0832,39.84082]]]}},{"type":"Feature","properties":{"zcta":"08030","d":2408},"geometry":{"type":"Polygon","coordinates":[[[-75.13082,39.90021],[-75.129,39.90748],[-75.12203,39.90746],[-75.11791,39.90862],[-75.11513,39.90665],[-75.11649,39.90228],[-75.11372,39.90081],[-75.11184,39.89856],[-75.10812,39.90018],[-75.10348,39.90013],[-75.10114,39.89887],[-75.10165,39.89535],[-75.10312,39.8924],[-75.09761,39.89232],[-75.09628,39.89034],[-75.09767,39.88357],[-75.10051,39.88312],[-75.10322,39.87877],[-75.10828,39.87797],[-75.11753,39.87646],[-75.11648,39.87553],[-75.12065,39.87264],[-75.12166,39.8736],[-75.12551,39.87421],[-75.13139,39.87734],[-75.13175,39.87852],[-75.12834,39.87971],[-75.12748,39.88148],[-75.12934,39.8834],[-75.13175,39.88419],[-75.13967,39.88824],[-75.1373,39.88997],[-75.13541,39.893],[-75.13082,39.90021]]]}},{"type":"Feature","properties":{"zcta":"08002","d":1654},"geometry":{"type":"Polygon","coordinates":[[[-75.06301,39.92903],[-75.04739,39.94681],[-75.0412,39.94711],[-75.04022,39.94617],[-75.03537,39.94816],[-75.0372,39.94976],[-75.03447,39.95055],[-75.03327,39.94931],[-75.03252,39.95113],[-75.02678,39.9528],[-75.01333,39.9542],[-75.01616,39.95045],[-75.01511,39.94687],[-75.01316,39.94534],[-75.00927,39.94517],[-75.00426,39.94149],[-75.00092,39.94198],[-75.00008,39.94103],[-74.99468,39.93965],[-74.99204,39.94081],[-74.98874,39.94097],[-74.98727,39.93988],[-74.98272,39.94028],[-74.98589,39.93641],[-74.98831,39.93513],[-74.98893,39.93346],[-74.99969,39.92378],[-75.00145,39.9246],[-75.00274,39.92335],[-75.00189,39.92177],[-75.00841,39.9158],[-75.01036,39.91652],[-75.01198,39.91425],[-75.01114,39.91348],[-75.01728,39.90767],[-75.01944,39.90716],[-75.01994,39.90523],[-75.02201,39.90338],[-75.02708,39.90708],[-75.02661,39.91136],[-75.03011,39.91322],[-75.03161,39.91568],[-75.03882,39.91631],[-75.04235,39.91805],[-75.04478,39.92037],[-75.04791,39.92202],[-75.05536,39.92385],[-75.06139,39.92572],[-75.0661,39.92585],[-75.06301,39.92903]]]}},{"type":"Feature","properties":{"zcta":"08003","d":1368},"geometry":{"type":"Polygon","coordinates":[[[-75.01654,39.87364],[-75.01134,39.8765],[-75.00779,39.87913],[-75.00293,39.88373],[-74.97139,39.91588],[-74.96576,39.92062],[-74.96302,39.92029],[-74.96089,39.91682],[-74.95731,39.91434],[-74.9559,39.91322],[-74.9525,39.90602],[-74.95197,39.90182],[-74.94957,39.89829],[-74.94553,39.89632],[-74.94407,39.89302],[-74.94094,39.89248],[-74.93337,39.88819],[-74.93074,39.88591],[-74.92721,39.87376],[-74.96345,39.86366],[-74.97488,39.8606],[-75.01589,39.85937],[-75.01292,39.86247],[-75.0127,39.86584],[-75.01614,39.87072],[-75.02041,39.86911],[-75.02016,39.8721],[-75.01888,39.87275],[-75.01654,39.87364]]]}},{"type":"Feature","properties":{"zcta":"08033","d":2086},"geometry":{"type":"Polygon","coordinates":[[[-75.05474,39.89874],[-75.05442,39.90214],[-75.05641,39.90537],[-75.0588,39.90666],[-75.05789,39.90811],[-75.05339,39.90851],[-75.04974,39.90618],[-75.04773,39.90391],[-75.04782,39.90082],[-75.04609,39.90035],[-75.04151,39.90462],[-75.04286,39.90787],[-75.0393,39.90806],[-75.03769,39.91005],[-75.04232,39.91213],[-75.04235,39.91805],[-75.03882,39.91631],[-75.03161,39.91568],[-75.03011,39.91322],[-75.02661,39.91136],[-75.02708,39.90708],[-75.02201,39.90338],[-75.01993,39.90074],[-75.02222,39.89894],[-75.02131,39.89522],[-75.02431,39.89496],[-75.02457,39.89146],[-75.02718,39.88762],[-75.02634,39.88531],[-75.01908,39.88085],[-75.01966,39.87863],[-75.01744,39.87644],[-75.01654,39.87364],[-75.01888,39.87275],[-75.0291,39.87255],[-75.03567,39.87764],[-75.0371,39.87997],[-75.03734,39.87486],[-75.04022,39.87482],[-75.04139,39.87349],[-75.04849,39.87529],[-75.04694,39.87814],[-75.04592,39.8833],[-75.05147,39.88988],[-75.06054,39.89459],[-75.06288,39.89795],[-75.05474,39.89874]]]}},{"type":"Feature","properties":{"zcta":"18901","d":712},"geometry":{"type":"Polygon","coordinates":[[[-75.18575,40.34981],[-75.17843,40.35227],[-75.17524,40.35222],[-75.17137,40.34972],[-75.16774,40.35126],[-75.16654,40.35054],[-75.16914,40.34817],[-75.16574,40.34404],[-75.1653,40.34001],[-75.16418,40.34144],[-75.15967,40.33866],[-75.15695,40.3412],[-75.15532,40.34019],[-75.15297,40.34236],[-75.15108,40.34122],[-75.15296,40.33915],[-75.15152,40.33763],[-75.15343,40.33585],[-75.15205,40.33501],[-75.14809,40.33867],[-75.14845,40.33964],[-75.11906,40.32197],[-75.11715,40.32386],[-75.11904,40.32502],[-75.11684,40.32715],[-75.11501,40.326],[-75.11349,40.32751],[-75.10892,40.32431],[-75.11341,40.31981],[-75.11589,40.32007],[-75.09176,40.30571],[-75.08907,40.30417],[-75.09089,40.30297],[-75.0922,40.30437],[-75.09464,40.30179],[-75.09312,40.30004],[-75.0935,40.29858],[-75.09985,40.29363],[-75.09857,40.29192],[-75.10059,40.28991],[-75.0974,40.28772],[-75.09902,40.28588],[-75.0981,40.28414],[-75.09964,40.28309],[-75.09772,40.27784],[-75.09537,40.27639],[-75.10117,40.27702],[-75.10799,40.27251],[-75.11311,40.27186],[-75.11206,40.26967],[-75.11615,40.26553],[-75.11909,40.26731],[-75.12578,40.26122],[-75.13087,40.26431],[-75.12948,40.27083],[-75.14157,40.27326],[-75.13863,40.27576],[-75.13609,40.28105],[-75.13763,40.28222],[-75.14141,40.28208],[-75.14571,40.2793],[-75.15183,40.279],[-75.15167,40.27686],[-75.15773,40.27561],[-75.15688,40.27789],[-75.15977,40.27763],[-75.1594,40.27557],[-75.15522,40.2714],[-75.15349,40.26528],[-75.15412,40.26416],[-75.16421,40.2703],[-75.18841,40.28488],[-75.18719,40.28955],[-75.18399,40.29178],[-75.18688,40.29111],[-75.18885,40.29426],[-75.19823,40.29082],[-75.20164,40.29272],[-75.20008,40.29516],[-75.20022,40.29799],[-75.19352,40.30222],[-75.2006,40.30646],[-75.19942,40.30925],[-75.20146,40.31056],[-75.20282,40.30927],[-75.20571,40.31014],[-75.20752,40.31224],[-75.20364,40.31709],[-75.20567,40.32008],[-75.20129,40.32275],[-75.19583,40.32447],[-75.19274,40.32763],[-75.1903,40.329],[-75.18711,40.33486],[-75.18981,40.33604],[-75.18773,40.33857],[-75.18534,40.33903],[-75.18638,40.34152],[-75.185,40.34279],[-75.18996,40.34588],[-75.18575,40.34981]]]}},{"type":"Feature","properties":{"zcta":"08001","d":0},"geometry":{"type":"Polygon","coordinates":[[[-75.36604,39.56763],[-75.36412,39.56502],[-75.36031,39.56524],[-75.36088,39.56386],[-75.35771,39.56461],[-75.35196,39.56346],[-75.34903,39.56224],[-75.34713,39.56409],[-75.34432,39.56458],[-75.34477,39.56327],[-75.33953,39.55984],[-75.33708,39.56019],[-75.33913,39.55865],[-75.3416,39.55645],[-75.33972,39.55489],[-75.33783,39.55128],[-75.33354,39.55032],[-75.33001,39.54694],[-75.33652,39.5401],[-75.34123,39.538],[-75.34324,39.5383],[-75.34599,39.5403],[-75.3477,39.53883],[-75.35039,39.54154],[-75.35466,39.5429],[-75.35262,39.53951],[-75.3457,39.5317],[-75.3496,39.53478],[-75.37388,39.55418],[-75.37288,39.55671],[-75.374,39.55911],[-75.37869,39.55803],[-75.38898,39.56629],[-75.38672,39.56548],[-75.38351,39.56952],[-75.38129,39.56872],[-75.37552,39.56842],[-75.37308,39.56896],[-75.37266,39.57085],[-75.36898,39.56929],[-75.36604,39.56763]]]}},{"type":"Feature","properties":{"zcta":"18902","d":390},"geometry":{"type":"Polygon","coordinates":[[[-75.17548,40.37168],[-75.17873,40.37364],[-75.1678,40.38439],[-75.16655,40.38201],[-75.14477,40.36887],[-75.14511,40.37038],[-75.14612,40.38354],[-75.14406,40.37943],[-75.1393,40.3838],[-75.13288,40.37996],[-75.1304,40.38209],[-75.13357,40.38399],[-75.12767,40.38994],[-75.12348,40.38795],[-75.12322,40.38634],[-75.12585,40.38524],[-75.12336,40.38404],[-75.12184,40.38198],[-75.11783,40.37917],[-75.11997,40.37835],[-75.12465,40.3748],[-75.12415,40.37182],[-75.11604,40.36675],[-75.10841,40.37241],[-75.10819,40.37409],[-75.10435,40.37671],[-75.10229,40.37964],[-75.1043,40.38184],[-75.10237,40.38367],[-75.10495,40.3851],[-75.10324,40.38674],[-75.10338,40.3885],[-75.09758,40.39437],[-75.09612,40.39338],[-75.09502,40.39685],[-75.09111,40.40335],[-75.0869,40.40073],[-75.08247,40.39931],[-75.08079,40.40085],[-75.07857,40.39941],[-75.07684,40.40108],[-75.07907,40.40252],[-75.07823,40.40332],[-75.07423,40.40078],[-75.07325,40.40171],[-75.06805,40.39823],[-75.07156,40.39491],[-75.06704,40.39212],[-75.06859,40.39062],[-75.06392,40.38763],[-75.05984,40.38512],[-75.05992,40.38099],[-75.06325,40.37818],[-75.06204,40.37551],[-75.06471,40.3737],[-75.06499,40.37181],[-75.06759,40.36971],[-75.05631,40.36281],[-75.0436,40.37547],[-75.04129,40.37609],[-75.03974,40.37586],[-75.03473,40.37291],[-75.03235,40.37242],[-75.03036,40.37074],[-75.0304,40.36868],[-75.02802,40.36648],[-75.03299,40.36123],[-75.03321,40.35962],[-75.03676,40.35702],[-75.03229,40.35417],[-75.03396,40.35259],[-75.03179,40.35127],[-75.03249,40.34874],[-75.03863,40.34418],[-75.04173,40.34282],[-75.04847,40.33599],[-75.05002,40.33351],[-75.0606,40.32351],[-75.06168,40.32538],[-75.0715,40.32419],[-75.0737,40.3235],[-75.07118,40.32179],[-75.07178,40.32045],[-75.06695,40.31831],[-75.06863,40.31553],[-75.07503,40.3094],[-75.07676,40.3078],[-75.07875,40.30911],[-75.08148,40.3066],[-75.08143,40.30518],[-75.08439,40.30584],[-75.08319,40.30826],[-75.08409,40.31042],[-75.086,40.31161],[-75.09176,40.30571],[-75.11589,40.32007],[-75.11341,40.31981],[-75.10892,40.32431],[-75.11349,40.32751],[-75.11501,40.326],[-75.11684,40.32715],[-75.11904,40.32502],[-75.11715,40.32386],[-75.11906,40.32197],[-75.14845,40.33964],[-75.15108,40.34122],[-75.14941,40.34334],[-75.14965,40.34499],[-75.14444,40.34571],[-75.1415,40.34782],[-75.15314,40.35468],[-75.15799,40.35228],[-75.16047,40.34813],[-75.16154,40.34752],[-75.16433,40.3492],[-75.1602,40.35321],[-75.16379,40.35519],[-75.16553,40.35823],[-75.17008,40.3582],[-75.17371,40.36134],[-75.17571,40.36146],[-75.17911,40.35803],[-75.18064,40.35895],[-75.18137,40.35939],[-75.18076,40.36032],[-75.18252,40.36272],[-75.18039,40.36476],[-75.18216,40.3659],[-75.17548,40.37168]]]}},{"type":"Feature","properties":{"zcta":"18920","d":136},"geometry":{"type":"Polygon","coordinates":[[[-75.11427,40.48141],[-75.11084,40.48218],[-75.10088,40.48857],[-75.09412,40.49061],[-75.09234,40.49199],[-75.09565,40.49383],[-75.09349,40.49657],[-75.09323,40.49941],[-75.08941,40.50155],[-75.08607,40.50534],[-75.08017,40.50479],[-75.07943,40.50671],[-75.08085,40.5092],[-75.08007,40.51502],[-75.08182,40.52279],[-75.08337,40.52713],[-75.08118,40.52804],[-75.0817,40.52959],[-75.07881,40.53049],[-75.07971,40.53204],[-75.07478,40.53316],[-75.07364,40.53072],[-75.07361,40.52788],[-75.0754,40.52658],[-75.07449,40.52327],[-75.07621,40.52141],[-75.07361,40.51992],[-75.07465,40.50839],[-75.0743,40.50593],[-75.07158,40.50091],[-75.06727,40.50089],[-75.06704,40.50495],[-75.0694,40.51195],[-75.06637,40.50497],[-75.0666,40.50092],[-75.06776,40.49757],[-75.06867,40.49225],[-75.06845,40.48615],[-75.07356,40.48576],[-75.07877,40.48695],[-75.08055,40.48501],[-75.08564,40.48483],[-75.08795,40.48115],[-75.09244,40.48064],[-75.09292,40.47848],[-75.09651,40.47815],[-75.09786,40.47548],[-75.10138,40.4767],[-75.10543,40.47089],[-75.10913,40.4721],[-75.11,40.47143],[-75.10994,40.46789],[-75.11446,40.46835],[-75.11889,40.46752],[-75.12087,40.46975],[-75.1232,40.46769],[-75.12496,40.4683],[-75.11925,40.4741],[-75.12202,40.47519],[-75.12404,40.47772],[-75.12132,40.47939],[-75.12344,40.4807],[-75.11937,40.48464],[-75.11427,40.48141]]]}},{"type":"Feature","properties":{"zcta":"18923","d":328},"geometry":{"type":"MultiPolygon","coordinates":[[[[-75.14845,40.33964],[-75.14809,40.33867],[-75.15205,40.33501],[-75.15343,40.33585],[-75.15152,40.33763],[-75.15296,40.33915],[-75.15108,40.34122],[-75.14845,40.33964]]],[[[-75.17911,40.35803],[-75.17571,40.36146],[-75.17371,40.36134],[-75.17008,40.3582],[-75.16553,40.35823],[-75.16379,40.35519],[-75.1602,40.35321],[-75.16433,40.3492],[-75.16154,40.34752],[-75.16047,40.34813],[-75.15799,40.35228],[-75.15314,40.35468],[-75.1415,40.34782],[-75.14444,40.34571],[-75.14965,40.34499],[-75.14941,40.34334],[-75.15108,40.34122],[-75.15297,40.34236],[-75.15532,40.34019],[-75.15695,40.3412],[-75.15967,40.33866],[-75.16418,40.34144],[-75.1653,40.34001],[-75.16574,40.34404],[-75.16914,40.34817],[-75.16654,40.35054],[-75.16774,40.35126],[-75.17137,40.34972],[-75.17524,40.35222],[-75.17843,40.35227],[-75.18575,40.34981],[-75.18395,40.35179],[-75.18635,40.3532],[-75.1802,40.35641],[-75.18243,40.35785],[-75.18064,40.35895],[-75.17911,40.35803]]],[[[-75.19091,40.37114],[-75.18881,40.37317],[-75.18528,40.37093],[-75.18652,40.3696],[-75.18419,40.36821],[-75.18603,40.3664],[-75.18216,40.3659],[-75.18039,40.36476],[-75.18252,40.36272],[-75.18076,40.36032],[-75.18137,40.35939],[-75.18729,40.36284],[-75.19008,40.3638],[-75.19714,40.3681],[-75.19377,40.3722],[-75.19091,40.37114]]]]}},{"type":"Feature","properties":{"zcta":"18925","d":294},"geometry":{"type":"Polygon","coordinates":[[[-75.086,40.31161],[-75.08409,40.31042],[-75.08319,40.30826],[-75.08439,40.30584],[-75.08143,40.30518],[-75.08148,40.3066],[-75.07875,40.30911],[-75.07676,40.3078],[-75.07503,40.3094],[-75.07087,40.30747],[-75.06346,40.31276],[-75.05866,40.31436],[-75.05668,40.314],[-75.05388,40.31095],[-75.05554,40.30933],[-75.05875,40.31126],[-75.06218,40.30955],[-75.06371,40.30749],[-75.05664,40.3028],[-75.05419,40.30724],[-75.05165,40.3093],[-75.04901,40.30664],[-75.04996,40.30419],[-75.0489,40.30138],[-75.05256,40.29783],[-75.05455,40.2967],[-75.05914,40.29237],[-75.05732,40.29124],[-75.05537,40.2931],[-75.05248,40.29133],[-75.04842,40.29479],[-75.04445,40.29733],[-75.04293,40.29465],[-75.03866,40.29209],[-75.03766,40.29027],[-75.0344,40.28942],[-75.03769,40.29145],[-75.03942,40.29365],[-75.04277,40.29533],[-75.04408,40.29884],[-75.03996,40.29459],[-75.03294,40.29089],[-75.02329,40.30031],[-75.0226,40.30306],[-75.01496,40.30183],[-75.01385,40.30111],[-75.01889,40.29775],[-75.01957,40.29377],[-75.02238,40.28733],[-75.01948,40.2819],[-75.02277,40.27808],[-75.02813,40.2733],[-75.02641,40.27239],[-75.02788,40.26945],[-75.02595,40.26881],[-75.02497,40.26682],[-75.02566,40.26276],[-75.03015,40.25777],[-75.03491,40.26038],[-75.03992,40.2652],[-75.04273,40.26523],[-75.04605,40.25949],[-75.04958,40.25674],[-75.05481,40.25584],[-75.05724,40.25748],[-75.05328,40.26734],[-75.05563,40.26905],[-75.05817,40.26882],[-75.06016,40.26655],[-75.06168,40.26287],[-75.06596,40.26336],[-75.07257,40.26901],[-75.07617,40.27047],[-75.07686,40.27253],[-75.08091,40.27579],[-75.08401,40.2762],[-75.08894,40.27542],[-75.09149,40.27415],[-75.09393,40.27449],[-75.09537,40.27639],[-75.09772,40.27784],[-75.09964,40.28309],[-75.0981,40.28414],[-75.09902,40.28588],[-75.0974,40.28772],[-75.10059,40.28991],[-75.09857,40.29192],[-75.09985,40.29363],[-75.0935,40.29858],[-75.09312,40.30004],[-75.09464,40.30179],[-75.0922,40.30437],[-75.09089,40.30297],[-75.08907,40.30417],[-75.09176,40.30571],[-75.086,40.31161]]]}},{"type":"Feature","properties":{"zcta":"18935","d":0},"geometry":{"type":"Polygon","coordinates":[[[-75.41,40.43597],[-75.39869,40.43893],[-75.39316,40.43743],[-75.39145,40.43417],[-75.39152,40.43206],[-75.3942,40.43089],[-75.39507,40.42911],[-75.39702,40.42861],[-75.39875,40.4343],[-75.39505,40.43592],[-75.3947,40.43706],[-75.40033,40.43696],[-75.40211,40.43626],[-75.41,40.43597]]]}},{"type":"Feature","properties":{"zcta":"18942","d":73},"geometry":{"type":"Polygon","coordinates":[[[-75.18462,40.47328],[-75.18819,40.47695],[-75.19004,40.48197],[-75.19031,40.48704],[-75.19255,40.49096],[-75.19316,40.49289],[-75.18859,40.49687],[-75.19397,40.50038],[-75.1915,40.50261],[-75.18827,40.50417],[-75.19068,40.50631],[-75.189,40.50776],[-75.18805,40.50654],[-75.18366,40.50956],[-75.1831,40.51471],[-75.18506,40.51639],[-75.17058,40.52404],[-75.1636,40.52872],[-75.15632,40.5336],[-75.15403,40.53302],[-75.15585,40.52942],[-75.15716,40.52475],[-75.15963,40.52284],[-75.15563,40.51671],[-75.15353,40.5148],[-75.15384,40.51246],[-75.15029,40.50947],[-75.14369,40.51447],[-75.14411,40.51241],[-75.14263,40.51057],[-75.13846,40.50805],[-75.13645,40.51],[-75.13401,40.508],[-75.13167,40.51014],[-75.12846,40.50966],[-75.13028,40.50653],[-75.13057,40.50355],[-75.12662,40.50028],[-75.12463,40.49741],[-75.12274,40.4977],[-75.11967,40.49546],[-75.12309,40.49411],[-75.12448,40.49236],[-75.12224,40.49098],[-75.1251,40.48832],[-75.11937,40.48464],[-75.12344,40.4807],[-75.12132,40.47939],[-75.12404,40.47772],[-75.12202,40.47519],[-75.11925,40.4741],[-75.12496,40.4683],[-75.1232,40.46769],[-75.12826,40.46313],[-75.12568,40.45992],[-75.13054,40.4627],[-75.13548,40.45785],[-75.13836,40.45965],[-75.14325,40.45503],[-75.14077,40.45251],[-75.14208,40.45135],[-75.139,40.44926],[-75.14392,40.44452],[-75.14617,40.44553],[-75.14862,40.44404],[-75.14695,40.44173],[-75.15174,40.43865],[-75.14982,40.43714],[-75.15149,40.4359],[-75.14981,40.43476],[-75.15515,40.42952],[-75.15192,40.42769],[-75.1543,40.42735],[-75.15703,40.42468],[-75.15544,40.42392],[-75.16007,40.42037],[-75.1561,40.41763],[-75.16019,40.41721],[-75.168,40.41023],[-75.16829,40.40891],[-75.17302,40.40534],[-75.1736,40.40795],[-75.17747,40.40622],[-75.18235,40.40619],[-75.18851,40.41022],[-75.18715,40.4132],[-75.18894,40.41489],[-75.17658,40.42157],[-75.17383,40.42267],[-75.17924,40.42605],[-75.18342,40.43068],[-75.18833,40.43372],[-75.1902,40.43585],[-75.18168,40.4438],[-75.18412,40.448],[-75.19008,40.44588],[-75.19148,40.44457],[-75.19684,40.44779],[-75.19519,40.45009],[-75.20627,40.45707],[-75.20356,40.45956],[-75.20723,40.46188],[-75.20736,40.46314],[-75.19811,40.46618],[-75.19622,40.46643],[-75.19972,40.4632],[-75.19905,40.46266],[-75.19425,40.46321],[-75.1822,40.46907],[-75.18662,40.46944],[-75.18849,40.47186],[-75.18462,40.47328]]]}},{"type":"Feature","properties":{"zcta":"18950","d":0},"geometry":{"type":"Polygon","coordinates":[[[-75.06273,40.48604],[-75.06287,40.48164],[-75.06433,40.4768],[-75.06772,40.47367],[-75.06702,40.46531],[-75.07042,40.45841],[-75.07057,40.45517],[-75.06651,40.44718],[-75.06292,40.43341],[-75.06149,40.42285],[-75.05885,40.41807],[-75.05571,40.4164],[-75.04616,40.41397],[-75.04116,40.41055],[-75.04311,40.40898],[-75.04624,40.4126],[-75.04962,40.4141],[-75.05258,40.4144],[-75.06,40.41677],[-75.06394,40.41979],[-75.06642,40.4226],[-75.06524,40.42387],[-75.06771,40.43486],[-75.07381,40.45496],[-75.07372,40.45757],[-75.072,40.46224],[-75.07032,40.46232],[-75.06922,40.46779],[-75.06863,40.47474],[-75.0686,40.48171],[-75.06754,40.48482],[-75.06845,40.48615],[-75.06273,40.48604]]]}},{"type":"Feature","properties":{"zcta":"18954","d":723},"geometry":{"type":"Polygon","coordinates":[[[-75.00577,40.25184],[-75.00321,40.24854],[-75.00098,40.24821],[-74.99716,40.25054],[-74.99456,40.24886],[-74.99586,40.24334],[-74.99333,40.24066],[-74.98745,40.24264],[-74.98522,40.24627],[-74.98419,40.24626],[-74.97946,40.24341],[-74.97827,40.24075],[-74.97552,40.23976],[-74.97242,40.24049],[-74.97008,40.24011],[-74.97163,40.23583],[-74.97458,40.23321],[-74.97712,40.23729],[-74.98195,40.23511],[-74.98085,40.23347],[-74.9819,40.23216],[-74.98025,40.23027],[-74.98081,40.22891],[-74.98416,40.2266],[-74.98712,40.22574],[-74.9886,40.22192],[-74.98019,40.22295],[-74.9803,40.21923],[-74.97991,40.21674],[-74.98398,40.19937],[-75.00371,40.19872],[-75.00504,40.20129],[-75.00704,40.19933],[-75.01199,40.19839],[-75.01124,40.19946],[-75.0144,40.20351],[-75.01525,40.20656],[-75.01668,40.20623],[-75.01617,40.20407],[-75.02017,40.20403],[-75.01639,40.20752],[-75.01944,40.20934],[-75.02062,40.2082],[-75.02318,40.20976],[-75.0225,40.2112],[-75.03258,40.21724],[-75.02918,40.21958],[-75.00952,40.23755],[-75.00821,40.24138],[-75.00875,40.251],[-75.00577,40.25184]]]}},{"type":"Feature","properties":{"zcta":"19001","d":2483},"geometry":{"type":"Polygon","coordinates":[[[-75.15042,40.13407],[-75.14717,40.13769],[-75.14555,40.13923],[-75.1424,40.1401],[-75.13623,40.1404],[-75.13502,40.13865],[-75.12771,40.13576],[-75.12562,40.13259],[-75.12462,40.1329],[-75.12677,40.12894],[-75.12386,40.12733],[-75.12099,40.12887],[-75.11965,40.13083],[-75.11566,40.14054],[-75.10368,40.1334],[-75.09862,40.13052],[-75.1088,40.12734],[-75.10515,40.12528],[-75.10701,40.12405],[-75.11063,40.11992],[-75.10922,40.11911],[-75.11573,40.11505],[-75.11657,40.11235],[-75.1182,40.11112],[-75.122,40.112],[-75.12307,40.11133],[-75.12333,40.10812],[-75.12865,40.11022],[-75.12927,40.11165],[-75.13174,40.10917],[-75.13702,40.11213],[-75.13569,40.11426],[-75.13392,40.11322],[-75.13167,40.11556],[-75.13795,40.11848],[-75.14334,40.11732],[-75.14387,40.11845],[-75.13707,40.12004],[-75.13556,40.12237],[-75.14742,40.12932],[-75.15461,40.12944],[-75.15623,40.12993],[-75.15042,40.13407]]]}},{"type":"Feature","properties":{"zcta":"19002","d":828},"geometry":{"type":"MultiPolygon","coordinates":[[[[-75.26332,40.18591],[-75.26028,40.18461],[-75.26182,40.18238],[-75.26535,40.1838],[-75.26332,40.18591]]],[[[-75.24908,40.19756],[-75.24727,40.20208],[-75.24075,40.20239],[-75.23651,40.20535],[-75.23496,40.20693],[-75.23226,40.20561],[-75.22835,40.20833],[-75.22678,40.20737],[-75.22279,40.2049],[-75.21751,40.21018],[-75.21132,40.21521],[-75.20555,40.22152],[-75.20549,40.2238],[-75.19137,40.23772],[-75.18486,40.23578],[-75.18797,40.23247],[-75.18425,40.2302],[-75.18771,40.22701],[-75.1877,40.22518],[-75.1774,40.23505],[-75.1751,40.23362],[-75.17922,40.22862],[-75.17847,40.22708],[-75.17179,40.22378],[-75.16784,40.22824],[-75.16495,40.22648],[-75.16536,40.22459],[-75.16091,40.22052],[-75.16271,40.21933],[-75.16,40.21611],[-75.16747,40.21161],[-75.1737,40.20927],[-75.17465,40.20704],[-75.18144,40.20531],[-75.18354,40.2021],[-75.17983,40.19719],[-75.1799,40.19384],[-75.1816,40.19494],[-75.18405,40.19389],[-75.18307,40.1901],[-75.18391,40.18797],[-75.18195,40.18481],[-75.17897,40.18485],[-75.17523,40.1826],[-75.17778,40.18178],[-75.17884,40.18283],[-75.18106,40.18189],[-75.18111,40.17954],[-75.15405,40.16349],[-75.15692,40.16127],[-75.16258,40.15964],[-75.16301,40.16023],[-75.17059,40.15694],[-75.17445,40.15921],[-75.17574,40.15791],[-75.17856,40.1596],[-75.18035,40.15856],[-75.18626,40.15256],[-75.19667,40.15896],[-75.20184,40.15349],[-75.20458,40.14672],[-75.20463,40.14438],[-75.20835,40.14655],[-75.20858,40.14867],[-75.21254,40.14761],[-75.21263,40.14577],[-75.21551,40.14438],[-75.21667,40.14673],[-75.21995,40.14595],[-75.21631,40.14032],[-75.22084,40.14242],[-75.22265,40.14065],[-75.22516,40.14074],[-75.22835,40.14266],[-75.2313,40.14234],[-75.23845,40.13512],[-75.24165,40.13721],[-75.25439,40.14518],[-75.2555,40.14655],[-75.25236,40.15024],[-75.24764,40.15282],[-75.24036,40.15524],[-75.24479,40.15778],[-75.24972,40.15841],[-75.25743,40.1626],[-75.25706,40.1636],[-75.25212,40.16866],[-75.24991,40.16934],[-75.23803,40.16289],[-75.23401,40.16772],[-75.23089,40.16599],[-75.22534,40.17223],[-75.23529,40.17778],[-75.24158,40.17162],[-75.24485,40.17076],[-75.24834,40.17482],[-75.25454,40.18213],[-75.25424,40.18645],[-75.25314,40.1876],[-75.25478,40.18857],[-75.25562,40.19116],[-75.26036,40.19357],[-75.26288,40.19177],[-75.25917,40.18748],[-75.26091,40.18719],[-75.26309,40.18899],[-75.26684,40.18752],[-75.26826,40.18785],[-75.27074,40.18594],[-75.26535,40.1838],[-75.26845,40.18305],[-75.27057,40.18088],[-75.27932,40.18572],[-75.27649,40.18797],[-75.26535,40.19915],[-75.26602,40.19955],[-75.26157,40.20407],[-75.26024,40.20424],[-75.25547,40.20213],[-75.24908,40.19756]],[[-75.23983,40.19233],[-75.23691,40.19393],[-75.23128,40.19837],[-75.22962,40.20086],[-75.23236,40.2015],[-75.23721,40.20461],[-75.24575,40.19565],[-75.23983,40.19233]],[[-75.23749,40.18231],[-75.23123,40.18367],[-75.23601,40.18722],[-75.23954,40.18361],[-75.23749,40.18231]]]]}},{"type":"Feature","properties":{"zcta":"19006","d":898},"geometry":{"type":"Polygon","coordinates":[[[-75.09989,40.13794],[-75.10136,40.1386],[-75.09972,40.14022],[-75.09202,40.14141],[-75.09368,40.14396],[-75.09536,40.14335],[-75.09826,40.147],[-75.10215,40.14804],[-75.09955,40.15118],[-75.10009,40.15329],[-75.09623,40.15462],[-75.09352,40.1543],[-75.09388,40.15569],[-75.09022,40.15595],[-75.08572,40.15781],[-75.08157,40.15529],[-75.07669,40.16007],[-75.08049,40.16238],[-75.0759,40.16227],[-75.07659,40.16504],[-75.07387,40.16688],[-75.07514,40.17067],[-75.07341,40.1723],[-75.0712,40.17103],[-75.05736,40.16312],[-75.05157,40.16322],[-75.04728,40.16222],[-75.04773,40.16059],[-75.03915,40.16051],[-75.0257,40.15856],[-75.02747,40.15633],[-75.02572,40.15491],[-75.02811,40.15283],[-75.02425,40.15137],[-75.01064,40.14614],[-75.01511,40.14157],[-75.01406,40.13904],[-75.01507,40.13799],[-75.02057,40.13227],[-75.04854,40.11273],[-75.05834,40.10589],[-75.07127,40.09253],[-75.07315,40.09567],[-75.07593,40.09542],[-75.0805,40.09307],[-75.08204,40.09034],[-75.08223,40.0861],[-75.09074,40.08591],[-75.0935,40.08485],[-75.09417,40.09147],[-75.09786,40.09158],[-75.09407,40.09613],[-75.09123,40.0986],[-75.09456,40.10198],[-75.08584,40.10322],[-75.08329,40.10753],[-75.08663,40.10879],[-75.08465,40.11305],[-75.0741,40.11531],[-75.07836,40.11797],[-75.07736,40.12025],[-75.07929,40.12168],[-75.08633,40.12482],[-75.08745,40.12365],[-75.09015,40.12533],[-75.0913,40.12425],[-75.09302,40.12538],[-75.0988,40.12739],[-75.09895,40.12568],[-75.10177,40.12472],[-75.1028,40.12618],[-75.10515,40.12528],[-75.1088,40.12734],[-75.09862,40.13052],[-75.10368,40.1334],[-75.09989,40.13794]],[[-75.07592,40.14381],[-75.07386,40.1403],[-75.07389,40.13658],[-75.07288,40.1347],[-75.07028,40.13363],[-75.07141,40.13198],[-75.0718,40.12764],[-75.07039,40.12633],[-75.06713,40.12841],[-75.06491,40.12654],[-75.0658,40.1288],[-75.06411,40.13058],[-75.06188,40.13084],[-75.06057,40.12951],[-75.05825,40.13177],[-75.05701,40.13147],[-75.05085,40.12761],[-75.04839,40.13019],[-75.04993,40.13116],[-75.04555,40.13119],[-75.05385,40.13605],[-75.04717,40.14258],[-75.05131,40.14506],[-75.05428,40.14216],[-75.05665,40.14341],[-75.0606,40.14289],[-75.06127,40.13907],[-75.06708,40.14142],[-75.06631,40.14224],[-75.06864,40.14353],[-75.06798,40.14468],[-75.07281,40.14784],[-75.07129,40.1492],[-75.06939,40.148],[-75.06819,40.14915],[-75.0735,40.15239],[-75.07733,40.14824],[-75.07592,40.14381]]]}},{"type":"Feature","properties":{"zcta":"19007","d":1604},"geometry":{"type":"Polygon","coordinates":[[[-74.85408,40.12356],[-74.84998,40.12246],[-74.84841,40.12049],[-74.84616,40.12127],[-74.84258,40.12039],[-74.844,40.11852],[-74.84116,40.11695],[-74.84168,40.11559],[-74.83431,40.12472],[-74.81594,40.14101],[-74.8156,40.14273],[-74.81127,40.14683],[-74.80799,40.15164],[-74.80485,40.15035],[-74.80239,40.15045],[-74.80221,40.14557],[-74.79613,40.14694],[-74.79481,40.13381],[-74.80072,40.13293],[-74.80475,40.13182],[-74.80482,40.12581],[-74.80534,40.1244],[-74.81612,40.12774],[-74.82253,40.12684],[-74.82623,40.12407],[-74.83044,40.11708],[-74.8331,40.11197],[-74.83511,40.10391],[-74.83801,40.10091],[-74.84343,40.098],[-74.85113,40.0951],[-74.85461,40.09327],[-74.85821,40.08881],[-74.85981,40.08491],[-74.86211,40.08328],[-74.86954,40.08148],[-74.87027,40.08337],[-74.87203,40.08319],[-74.87364,40.08716],[-74.87429,40.09449],[-74.8726,40.09756],[-74.88262,40.10076],[-74.88623,40.10291],[-74.89083,40.10237],[-74.89071,40.10345],[-74.89516,40.10544],[-74.90255,40.10412],[-74.90244,40.10577],[-74.9044,40.11119],[-74.90439,40.11391],[-74.90458,40.11697],[-74.90263,40.11742],[-74.9017,40.1194],[-74.89667,40.11943],[-74.89733,40.12075],[-74.88848,40.12372],[-74.88787,40.12066],[-74.88763,40.12535],[-74.8845,40.12806],[-74.87039,40.126],[-74.85408,40.12356]]]}},{"type":"Feature","properties":{"zcta":"19013","d":2282},"geometry":{"type":"Polygon","coordinates":[[[-75.42109,39.83546],[-75.41081,39.83882],[-75.40609,39.84125],[-75.40931,39.84523],[-75.40623,39.84582],[-75.39421,39.847],[-75.39358,39.84893],[-75.3886,39.84829],[-75.38638,39.85007],[-75.38105,39.85037],[-75.37741,39.8561],[-75.37621,39.86152],[-75.37445,39.86593],[-75.37616,39.87358],[-75.36847,39.87044],[-75.36666,39.87022],[-75.3662,39.87323],[-75.3613,39.87232],[-75.35583,39.87384],[-75.3565,39.87214],[-75.35658,39.86966],[-75.35137,39.86809],[-75.35166,39.86683],[-75.34883,39.86444],[-75.34647,39.86068],[-75.34729,39.85485],[-75.34147,39.84616],[-75.34566,39.84418],[-75.3544,39.83992],[-75.37183,39.82761],[-75.38976,39.81582],[-75.39621,39.82762],[-75.39894,39.83381],[-75.40146,39.83283],[-75.40487,39.83776],[-75.41456,39.83288],[-75.41981,39.83337],[-75.41927,39.83253],[-75.42394,39.83055],[-75.42429,39.83408],[-75.42109,39.83546]]]}},{"type":"Feature","properties":{"zcta":"19022","d":1277},"geometry":{"type":"Polygon","coordinates":[[[-75.33666,39.87567],[-75.33718,39.87341],[-75.33486,39.87155],[-75.33128,39.87137],[-75.33552,39.86451],[-75.32895,39.86531],[-75.32422,39.86346],[-75.32065,39.85782],[-75.31854,39.84994],[-75.33043,39.84901],[-75.34147,39.84616],[-75.34729,39.85485],[-75.34647,39.86068],[-75.34883,39.86444],[-75.33666,39.87567]]]}},{"type":"Feature","properties":{"zcta":"19025","d":1161},"geometry":{"type":"Polygon","coordinates":[[[-75.18035,40.15856],[-75.17856,40.1596],[-75.17574,40.15791],[-75.17445,40.15921],[-75.17059,40.15694],[-75.16301,40.16023],[-75.16258,40.15964],[-75.15692,40.16127],[-75.15405,40.16349],[-75.14315,40.15692],[-75.13889,40.15441],[-75.14513,40.15128],[-75.15637,40.14432],[-75.16069,40.14222],[-75.16057,40.14112],[-75.15682,40.1393],[-75.15233,40.14241],[-75.14955,40.14287],[-75.14712,40.14138],[-75.15087,40.13981],[-75.14717,40.13769],[-75.15042,40.13407],[-75.15623,40.12993],[-75.16859,40.12701],[-75.17203,40.1228],[-75.1755,40.11995],[-75.18253,40.12425],[-75.17795,40.1259],[-75.17331,40.12583],[-75.17026,40.1269],[-75.17434,40.13077],[-75.17458,40.13248],[-75.17055,40.13639],[-75.17265,40.13545],[-75.17383,40.13852],[-75.16867,40.14198],[-75.17853,40.14772],[-75.17705,40.14921],[-75.17798,40.15033],[-75.18029,40.14878],[-75.18626,40.15256],[-75.18035,40.15856]]]}},{"type":"Feature","properties":{"zcta":"19027","d":2398},"geometry":{"type":"Polygon","coordinates":[[[-75.14506,40.08081],[-75.14209,40.08056],[-75.1333,40.08219],[-75.13619,40.08742],[-75.13173,40.08933],[-75.11964,40.0826],[-75.11925,40.08429],[-75.11522,40.08595],[-75.11168,40.08625],[-75.10692,40.08877],[-75.10647,40.08594],[-75.10323,40.08756],[-75.0985,40.08571],[-75.10109,40.08312],[-75.09966,40.07842],[-75.10011,40.07621],[-75.09663,40.07612],[-75.10027,40.0716],[-75.09854,40.07017],[-75.10232,40.06874],[-75.10659,40.07076],[-75.1136,40.07066],[-75.11071,40.06996],[-75.11106,40.06765],[-75.11446,40.06787],[-75.11359,40.06653],[-75.11608,40.06479],[-75.11718,40.06526],[-75.1172,40.06256],[-75.12141,40.05636],[-75.11925,40.05743],[-75.11854,40.053],[-75.12215,40.05318],[-75.12902,40.05709],[-75.13512,40.06099],[-75.14668,40.06755],[-75.15408,40.07173],[-75.14506,40.08081]]]}},{"type":"Feature","properties":{"zcta":"19036","d":4395},"geometry":{"type":"Polygon","coordinates":[[[-75.28801,39.91548],[-75.29157,39.91381],[-75.28606,39.91384],[-75.28735,39.91282],[-75.28517,39.90996],[-75.28698,39.90915],[-75.28374,39.90642],[-75.28507,39.9058],[-75.28275,39.90378],[-75.27952,39.89942],[-75.28509,39.89556],[-75.28451,39.89352],[-75.28584,39.89168],[-75.28808,39.8914],[-75.28962,39.88874],[-75.29287,39.89264],[-75.29949,39.89528],[-75.3022,39.89809],[-75.30575,39.90292],[-75.30048,39.90461],[-75.30001,39.90532],[-75.30533,39.90757],[-75.30519,39.90984],[-75.30674,39.91159],[-75.30489,39.91182],[-75.29478,39.91644],[-75.29273,39.91527],[-75.28905,39.91699],[-75.28801,39.91548]]]}},{"type":"Feature","properties":{"zcta":"19038","d":1950},"geometry":{"type":"Polygon","coordinates":[[[-75.19596,40.10354],[-75.19062,40.10059],[-75.18284,40.10007],[-75.18167,40.10045],[-75.17802,40.10524],[-75.18441,40.10926],[-75.17709,40.1105],[-75.17978,40.11292],[-75.17676,40.11526],[-75.17526,40.11483],[-75.16916,40.12104],[-75.17203,40.1228],[-75.16859,40.12701],[-75.15623,40.12993],[-75.15461,40.12944],[-75.14742,40.12932],[-75.13556,40.12237],[-75.13707,40.12004],[-75.14387,40.11845],[-75.14334,40.11732],[-75.13795,40.11848],[-75.13167,40.11556],[-75.13392,40.11322],[-75.13569,40.11426],[-75.13702,40.11213],[-75.13174,40.10917],[-75.14194,40.09881],[-75.14324,40.09835],[-75.14709,40.09687],[-75.15334,40.09723],[-75.15273,40.09538],[-75.15404,40.09406],[-75.15607,40.09528],[-75.16125,40.09278],[-75.16293,40.0908],[-75.16391,40.08759],[-75.16836,40.08518],[-75.1716,40.08181],[-75.17644,40.08465],[-75.18846,40.07275],[-75.1892,40.07317],[-75.2094,40.08493],[-75.22157,40.09176],[-75.22048,40.0948],[-75.21295,40.09786],[-75.21039,40.09844],[-75.20778,40.09707],[-75.20398,40.09816],[-75.20772,40.09792],[-75.20843,40.09925],[-75.20504,40.10029],[-75.20203,40.10228],[-75.20042,40.10134],[-75.19994,40.10427],[-75.19783,40.10649],[-75.19596,40.10354]]]}},{"type":"Feature","properties":{"zcta":"19041","d":930},"geometry":{"type":"Polygon","coordinates":[[[-75.35071,39.99841],[-75.34489,39.99961],[-75.34237,40.00136],[-75.33541,40.00476],[-75.33479,40.00395],[-75.33011,40.00571],[-75.33064,40.00892],[-75.3275,40.0103],[-75.32622,40.00857],[-75.31742,40.01218],[-75.31615,40.01104],[-75.31253,40.01322],[-75.31388,40.01434],[-75.31011,40.01632],[-75.31016,40.01934],[-75.30841,40.01859],[-75.3067,40.02088],[-75.30395,40.02228],[-75.30495,40.02349],[-75.3029,40.02422],[-75.30136,40.02302],[-75.29868,40.02522],[-75.2932,40.02689],[-75.29359,40.02927],[-75.2889,40.03015],[-75.28593,40.02628],[-75.28667,40.02549],[-75.28548,40.02265],[-75.28751,40.02118],[-75.2859,40.02031],[-75.28457,40.02179],[-75.2868,40.01826],[-75.28891,40.01639],[-75.28946,40.01451],[-75.29543,40.01111],[-75.29736,40.01224],[-75.30236,40.01017],[-75.30577,40.00936],[-75.3052,40.00805],[-75.31159,40.00512],[-75.31371,40.00869],[-75.31446,40.00831],[-75.31314,40.00492],[-75.311,40.00208],[-75.31051,39.99977],[-75.32364,39.99391],[-75.32709,39.99235],[-75.33384,39.986],[-75.33749,39.98685],[-75.34152,39.98985],[-75.3432,39.98963],[-75.34362,39.99148],[-75.34807,39.99224],[-75.35154,39.99448],[-75.35046,39.99691],[-75.35071,39.99841]]]}},{"type":"Feature","properties":{"zcta":"19046","d":1532},"geometry":{"type":"Polygon","coordinates":[[[-75.14194,40.09881],[-75.13174,40.10917],[-75.12927,40.11165],[-75.12865,40.11022],[-75.12333,40.10812],[-75.12307,40.11133],[-75.122,40.112],[-75.1182,40.11112],[-75.11657,40.11235],[-75.11573,40.11505],[-75.10922,40.11911],[-75.11063,40.11992],[-75.10701,40.12405],[-75.10515,40.12528],[-75.1028,40.12618],[-75.10177,40.12472],[-75.09895,40.12568],[-75.0988,40.12739],[-75.09302,40.12538],[-75.0913,40.12425],[-75.09015,40.12533],[-75.08745,40.12365],[-75.08633,40.12482],[-75.07929,40.12168],[-75.07736,40.12025],[-75.07836,40.11797],[-75.0741,40.11531],[-75.08465,40.11305],[-75.08663,40.10879],[-75.08329,40.10753],[-75.08584,40.10322],[-75.09456,40.10198],[-75.09123,40.0986],[-75.09407,40.09613],[-75.09786,40.09158],[-75.09417,40.09147],[-75.0935,40.08485],[-75.09074,40.08591],[-75.08223,40.0861],[-75.08204,40.09034],[-75.0805,40.09307],[-75.07593,40.09542],[-75.07315,40.09567],[-75.07127,40.09253],[-75.07456,40.08912],[-75.0778,40.08577],[-75.08165,40.08367],[-75.09673,40.06899],[-75.09854,40.07017],[-75.10027,40.0716],[-75.09663,40.07612],[-75.10011,40.07621],[-75.09966,40.07842],[-75.10109,40.08312],[-75.0985,40.08571],[-75.10323,40.08756],[-75.10647,40.08594],[-75.10692,40.08877],[-75.11168,40.08625],[-75.11522,40.08595],[-75.11925,40.08429],[-75.11964,40.0826],[-75.13173,40.08933],[-75.13748,40.09277],[-75.13952,40.0961],[-75.14324,40.09835],[-75.14194,40.09881]]]}},{"type":"Feature","properties":{"zcta":"19053","d":1385},"geometry":{"type":"Polygon","coordinates":[[[-75.009,40.16661],[-75.00771,40.16713],[-75.00814,40.17038],[-75.00539,40.16831],[-75.00013,40.17097],[-74.99867,40.16864],[-74.9946,40.16917],[-74.98383,40.16323],[-74.98194,40.16427],[-74.98332,40.16723],[-74.98729,40.17161],[-74.98502,40.17341],[-74.98218,40.17426],[-74.97761,40.17342],[-74.97329,40.1744],[-74.96712,40.17795],[-74.96535,40.17732],[-74.959,40.1809],[-74.9583,40.18339],[-74.9605,40.18531],[-74.95631,40.18683],[-74.95618,40.19121],[-74.95107,40.18824],[-74.9506,40.18944],[-74.94656,40.19295],[-74.94245,40.19453],[-74.93897,40.19176],[-74.93437,40.18904],[-74.93305,40.18883],[-74.92787,40.18946],[-74.92573,40.18937],[-74.92262,40.18617],[-74.93431,40.18194],[-74.9405,40.18069],[-74.95041,40.1779],[-74.95537,40.17999],[-74.95663,40.17833],[-74.95722,40.17269],[-74.951,40.16835],[-74.94868,40.16598],[-74.94942,40.16384],[-74.95676,40.15889],[-74.95723,40.15799],[-74.95624,40.15177],[-74.95788,40.1461],[-74.95379,40.14586],[-74.96508,40.13428],[-74.96752,40.13116],[-74.96119,40.12972],[-74.96336,40.12962],[-74.96213,40.12734],[-74.96343,40.12647],[-74.96619,40.12856],[-74.96878,40.12926],[-74.9714,40.12611],[-74.97484,40.12349],[-74.97152,40.12404],[-74.9736,40.12176],[-74.97495,40.12248],[-74.97994,40.11974],[-74.98275,40.12089],[-74.98352,40.12367],[-74.98719,40.12329],[-74.98901,40.12607],[-74.99377,40.12664],[-74.99229,40.13068],[-74.99359,40.13227],[-74.99788,40.12782],[-75.01507,40.13799],[-75.01406,40.13904],[-75.01511,40.14157],[-75.01064,40.14614],[-75.02425,40.15137],[-75.009,40.16661]]]}},{"type":"Feature","properties":{"zcta":"19063","d":844},"geometry":{"type":"Polygon","coordinates":[[[-75.45644,39.9413],[-75.45608,39.944],[-75.45319,39.94732],[-75.44908,39.94756],[-75.44836,39.94991],[-75.45036,39.95173],[-75.45164,39.95567],[-75.4494,39.95693],[-75.44117,39.95746],[-75.43606,39.9602],[-75.43153,39.96006],[-75.42534,39.96399],[-75.42111,39.96131],[-75.41867,39.96322],[-75.4115,39.95661],[-75.40674,39.95751],[-75.40837,39.96021],[-75.40775,39.96335],[-75.40431,39.96487],[-75.40563,39.96165],[-75.40173,39.958],[-75.3999,39.95937],[-75.39862,39.96209],[-75.39575,39.96265],[-75.39718,39.96435],[-75.39799,39.96758],[-75.39645,39.96897],[-75.39365,39.96779],[-75.39535,39.96631],[-75.39523,39.96391],[-75.39288,39.96275],[-75.3889,39.96505],[-75.38446,39.96558],[-75.3883,39.96218],[-75.38412,39.9589],[-75.38133,39.96083],[-75.3769,39.96142],[-75.37413,39.9589],[-75.37109,39.96101],[-75.36665,39.95766],[-75.36389,39.95929],[-75.36234,39.95703],[-75.36682,39.95382],[-75.36656,39.95284],[-75.37058,39.95029],[-75.37393,39.94904],[-75.37314,39.94505],[-75.37384,39.94316],[-75.37082,39.942],[-75.3692,39.94345],[-75.36518,39.94508],[-75.36464,39.9472],[-75.36589,39.94851],[-75.36264,39.95104],[-75.3543,39.95704],[-75.35314,39.95294],[-75.3491,39.94514],[-75.36134,39.93959],[-75.36425,39.93617],[-75.36357,39.93169],[-75.36684,39.92641],[-75.36405,39.92456],[-75.36549,39.92197],[-75.36357,39.92146],[-75.36113,39.92442],[-75.36044,39.92205],[-75.36386,39.91965],[-75.35976,39.91845],[-75.36005,39.91583],[-75.35801,39.91358],[-75.35986,39.91277],[-75.36233,39.91283],[-75.36231,39.91152],[-75.36869,39.90991],[-75.37242,39.91101],[-75.37568,39.91359],[-75.37842,39.91119],[-75.37888,39.91215],[-75.38193,39.91131],[-75.38185,39.90823],[-75.38348,39.90688],[-75.38173,39.90574],[-75.38197,39.90355],[-75.37742,39.90321],[-75.37888,39.90134],[-75.38124,39.90227],[-75.38286,39.89935],[-75.38197,39.89906],[-75.38511,39.89626],[-75.38669,39.8964],[-75.38752,39.89433],[-75.38477,39.89434],[-75.3857,39.89299],[-75.38763,39.89334],[-75.39007,39.89],[-75.38608,39.88808],[-75.39125,39.88401],[-75.39834,39.88005],[-75.39878,39.87847],[-75.40037,39.87962],[-75.40416,39.87713],[-75.40663,39.87837],[-75.40976,39.87613],[-75.41362,39.87961],[-75.41655,39.87784],[-75.41728,39.87612],[-75.41917,39.87717],[-75.41822,39.87483],[-75.41751,39.87295],[-75.42311,39.87242],[-75.4284,39.8689],[-75.43227,39.87061],[-75.43478,39.87348],[-75.43159,39.87546],[-75.42888,39.88042],[-75.43113,39.88558],[-75.43154,39.89169],[-75.43303,39.89367],[-75.43493,39.89086],[-75.43803,39.89173],[-75.44012,39.89345],[-75.44224,39.89234],[-75.45038,39.89271],[-75.45027,39.8939],[-75.45507,39.89777],[-75.46066,39.89492],[-75.46869,39.88876],[-75.47445,39.89385],[-75.47718,39.89277],[-75.47907,39.89428],[-75.48027,39.89726],[-75.48384,39.89802],[-75.47961,39.90004],[-75.47881,39.90281],[-75.47663,39.90556],[-75.4761,39.90764],[-75.47021,39.91219],[-75.47181,39.91411],[-75.46373,39.92054],[-75.46531,39.92225],[-75.4612,39.92403],[-75.459,39.92604],[-75.4556,39.92497],[-75.45293,39.92307],[-75.45093,39.92012],[-75.44961,39.9238],[-75.44477,39.92709],[-75.44609,39.93013],[-75.4486,39.93273],[-75.45126,39.93373],[-75.45599,39.93145],[-75.45923,39.93596],[-75.46035,39.93528],[-75.46233,39.93817],[-75.45993,39.93936],[-75.45644,39.9413]],[[-75.44811,39.8941],[-75.44388,39.89394],[-75.43634,39.89668],[-75.43736,39.89961],[-75.43947,39.89918],[-75.44194,39.89673],[-75.44282,39.89902],[-75.44998,39.90118],[-75.45289,39.89703],[-75.44811,39.8941]],[[-75.35896,39.94156],[-75.35697,39.94244],[-75.3579,39.94349],[-75.36038,39.94249],[-75.35896,39.94156]]]}},{"type":"Feature","properties":{"zcta":"19072","d":1573},"geometry":{"type":"Polygon","coordinates":[[[-75.27103,40.02742],[-75.27095,40.03016],[-75.26922,40.03128],[-75.26897,40.03322],[-75.26449,40.03473],[-75.26342,40.03949],[-75.25989,40.0436],[-75.25583,40.04505],[-75.2551,40.04612],[-75.2513,40.04351],[-75.24904,40.04185],[-75.2456,40.03766],[-75.24149,40.03514],[-75.23849,40.03239],[-75.23209,40.02799],[-75.22815,40.02603],[-75.22942,40.0249],[-75.23555,40.02948],[-75.2387,40.0312],[-75.24009,40.031],[-75.23985,40.02624],[-75.24293,40.02619],[-75.24551,40.02425],[-75.24541,40.01737],[-75.24875,40.01718],[-75.25362,40.01552],[-75.25139,40.01299],[-75.25403,40.01223],[-75.25549,40.00972],[-75.2523,40.0085],[-75.25392,40.00786],[-75.2526,40.00522],[-75.25512,40.00358],[-75.26274,40.00063],[-75.26745,40.00379],[-75.26842,40.00624],[-75.27306,40.0129],[-75.26721,40.0134],[-75.26959,40.01722],[-75.26531,40.0188],[-75.26429,40.02012],[-75.271,40.02249],[-75.2735,40.02492],[-75.27589,40.02264],[-75.27667,40.02319],[-75.27103,40.02742]]]}},{"type":"Feature","properties":{"zcta":"19078","d":2957},"geometry":{"type":"Polygon","coordinates":[[[-75.31594,39.88683],[-75.31724,39.88348],[-75.3144,39.88522],[-75.31041,39.88019],[-75.30806,39.87648],[-75.30584,39.87516],[-75.3138,39.86964],[-75.31427,39.86832],[-75.31318,39.86493],[-75.31653,39.84999],[-75.31854,39.84994],[-75.32065,39.85782],[-75.32422,39.86346],[-75.32895,39.86531],[-75.33552,39.86451],[-75.33128,39.87137],[-75.33486,39.87155],[-75.33718,39.87341],[-75.33666,39.87567],[-75.33594,39.87709],[-75.3372,39.87826],[-75.32019,39.88999],[-75.3146,39.89251],[-75.31594,39.88683]]]}},{"type":"Feature","properties":{"zcta":"19079","d":2220},"geometry":{"type":"Polygon","coordinates":[[[-75.27161,39.91177],[-75.26534,39.91415],[-75.26488,39.9148],[-75.26004,39.91352],[-75.25984,39.90958],[-75.25532,39.90965],[-75.25497,39.90585],[-75.2525,39.90661],[-75.25349,39.90559],[-75.25129,39.9044],[-75.2556,39.8996],[-75.25509,39.89876],[-75.25736,39.89584],[-75.25679,39.89519],[-75.25911,39.89244],[-75.26174,39.89177],[-75.26248,39.88841],[-75.26488,39.88793],[-75.26606,39.88833],[-75.26654,39.89174],[-75.27025,39.89134],[-75.2747,39.8928],[-75.27572,39.89571],[-75.27182,39.89731],[-75.27421,39.90009],[-75.27561,39.89917],[-75.27804,39.90236],[-75.27824,39.90431],[-75.28136,39.90748],[-75.27161,39.91177]]]}},{"type":"Feature","properties":{"zcta":"19083","d":3219},"geometry":{"type":"Polygon","coordinates":[[[-75.31976,39.99188],[-75.31562,39.9907],[-75.31157,39.99223],[-75.31009,39.99025],[-75.30792,39.99355],[-75.30336,39.9961],[-75.29864,39.99364],[-75.29593,39.9916],[-75.29255,39.98752],[-75.29344,39.99036],[-75.28828,39.9928],[-75.28501,39.99283],[-75.2871,39.99032],[-75.28417,39.98745],[-75.28694,39.9854],[-75.2852,39.9843],[-75.28362,39.98161],[-75.28156,39.98124],[-75.28323,39.97831],[-75.28037,39.97508],[-75.27648,39.97696],[-75.28027,39.97496],[-75.29743,39.96713],[-75.29611,39.96525],[-75.29692,39.9629],[-75.29958,39.96177],[-75.3024,39.96489],[-75.32099,39.95669],[-75.32267,39.9583],[-75.32959,39.95839],[-75.33141,39.95914],[-75.33436,39.95451],[-75.33513,39.95497],[-75.33274,39.95845],[-75.33394,39.96592],[-75.33349,39.9684],[-75.3366,39.97006],[-75.33854,39.97262],[-75.33616,39.97601],[-75.3373,39.98146],[-75.33872,39.98519],[-75.3432,39.98963],[-75.34152,39.98985],[-75.33749,39.98685],[-75.33384,39.986],[-75.32709,39.99235],[-75.32364,39.99391],[-75.31976,39.99188]]]}},{"type":"Feature","properties":{"zcta":"19096","d":1943},"geometry":{"type":"Polygon","coordinates":[[[-75.28457,40.02179],[-75.27977,40.02209],[-75.27667,40.02319],[-75.27589,40.02264],[-75.2735,40.02492],[-75.271,40.02249],[-75.26429,40.02012],[-75.26531,40.0188],[-75.26959,40.01722],[-75.26721,40.0134],[-75.27306,40.0129],[-75.26842,40.00624],[-75.26745,40.00379],[-75.26274,40.00063],[-75.25902,39.99628],[-75.25144,39.9895],[-75.25612,39.9873],[-75.26295,39.98304],[-75.27648,39.97696],[-75.28037,39.97508],[-75.28323,39.97831],[-75.28156,39.98124],[-75.28362,39.98161],[-75.2852,39.9843],[-75.28694,39.9854],[-75.28417,39.98745],[-75.2871,39.99032],[-75.28501,39.99283],[-75.28828,39.9928],[-75.291,39.99759],[-75.28782,40.00026],[-75.28329,40.00068],[-75.28172,40.00328],[-75.28575,40.00527],[-75.28217,40.00427],[-75.28119,40.00588],[-75.27706,40.00741],[-75.27832,40.0093],[-75.28184,40.00883],[-75.28157,40.01069],[-75.28627,40.01354],[-75.2868,40.01826],[-75.28457,40.02179]]]}},{"type":"Feature","properties":{"zcta":"19076","d":4425},"geometry":{"type":"Polygon","coordinates":[[[-75.31388,39.89283],[-75.30649,39.89615],[-75.30029,39.88803],[-75.30357,39.88434],[-75.29862,39.87794],[-75.29832,39.87679],[-75.29982,39.87742],[-75.30471,39.87639],[-75.30584,39.87516],[-75.30806,39.87648],[-75.31041,39.88019],[-75.3144,39.88522],[-75.31724,39.88348],[-75.31594,39.88683],[-75.3146,39.89251],[-75.31388,39.89283]]]}},{"type":"Feature","properties":{"zcta":"19446","d":1313},"geometry":{"type":"Polygon","coordinates":[[[-75.36947,40.21687],[-75.35952,40.22584],[-75.35767,40.22472],[-75.35416,40.22821],[-75.35378,40.23098],[-75.35149,40.23202],[-75.34949,40.23109],[-75.34586,40.2347],[-75.34364,40.23323],[-75.3395,40.23718],[-75.34278,40.24279],[-75.33961,40.24455],[-75.34151,40.24571],[-75.33753,40.24963],[-75.33486,40.2493],[-75.3333,40.25088],[-75.34391,40.25706],[-75.35066,40.26022],[-75.34984,40.26106],[-75.34358,40.26496],[-75.33898,40.26531],[-75.338,40.26149],[-75.33193,40.25701],[-75.32983,40.25915],[-75.32961,40.2611],[-75.33118,40.26176],[-75.32945,40.26475],[-75.32767,40.26425],[-75.32496,40.26648],[-75.31935,40.26305],[-75.31724,40.26508],[-75.31091,40.2615],[-75.3093,40.26312],[-75.30169,40.25845],[-75.30553,40.25455],[-75.30151,40.25211],[-75.2995,40.25416],[-75.29631,40.25263],[-75.29407,40.25474],[-75.29712,40.25651],[-75.29532,40.25827],[-75.29262,40.25609],[-75.28699,40.26133],[-75.27956,40.25644],[-75.27802,40.2579],[-75.27495,40.25598],[-75.27092,40.25986],[-75.26867,40.26076],[-75.26644,40.25941],[-75.26205,40.26262],[-75.26107,40.26179],[-75.25432,40.26698],[-75.25289,40.26514],[-75.25434,40.26372],[-75.25109,40.26301],[-75.25225,40.26439],[-75.24697,40.26599],[-75.24611,40.26824],[-75.24774,40.26997],[-75.24504,40.27259],[-75.2399,40.27144],[-75.23899,40.27199],[-75.21413,40.25742],[-75.22599,40.246],[-75.22821,40.24571],[-75.22602,40.24769],[-75.22813,40.24778],[-75.23177,40.25064],[-75.22837,40.25358],[-75.22845,40.25502],[-75.23526,40.25048],[-75.23687,40.24781],[-75.24103,40.25028],[-75.24014,40.2512],[-75.24436,40.25422],[-75.24577,40.25611],[-75.24523,40.25748],[-75.24827,40.25824],[-75.24734,40.25272],[-75.24383,40.24739],[-75.24341,40.24497],[-75.24409,40.24326],[-75.24633,40.24439],[-75.24899,40.24144],[-75.25124,40.24279],[-75.25402,40.24013],[-75.25836,40.23717],[-75.25329,40.23423],[-75.26706,40.22768],[-75.27059,40.22922],[-75.27281,40.22701],[-75.27411,40.22772],[-75.27799,40.22345],[-75.28132,40.22167],[-75.28573,40.22572],[-75.28728,40.22817],[-75.28932,40.22764],[-75.29384,40.21756],[-75.29108,40.21571],[-75.29226,40.21334],[-75.29242,40.21046],[-75.29605,40.20657],[-75.2975,40.20792],[-75.29805,40.20627],[-75.2919,40.19574],[-75.29394,40.19353],[-75.29544,40.19096],[-75.31225,40.17419],[-75.31494,40.17288],[-75.32022,40.17602],[-75.31525,40.18078],[-75.31574,40.18223],[-75.31881,40.1841],[-75.31836,40.18669],[-75.32315,40.18952],[-75.32584,40.18834],[-75.33104,40.19136],[-75.34059,40.19775],[-75.34869,40.20244],[-75.35376,40.20594],[-75.36274,40.2101],[-75.36588,40.20684],[-75.36974,40.20785],[-75.37557,40.20787],[-75.37767,40.20875],[-75.37222,40.21406],[-75.36947,40.21687]],[[-75.26203,40.26108],[-75.26079,40.26035],[-75.26107,40.26179],[-75.26203,40.26108]]]}},{"type":"Feature","properties":{"zcta":"19008","d":1588},"geometry":{"type":"Polygon","coordinates":[[[-75.39227,39.97221],[-75.39157,39.97447],[-75.37234,39.98797],[-75.37409,39.99018],[-75.37008,39.99453],[-75.37115,39.99528],[-75.36865,39.99888],[-75.36982,40.00014],[-75.3682,40.00098],[-75.36597,39.9992],[-75.35774,39.99559],[-75.3512,39.99718],[-75.35046,39.99691],[-75.35154,39.99448],[-75.34807,39.99224],[-75.34362,39.99148],[-75.3432,39.98963],[-75.33872,39.98519],[-75.3373,39.98146],[-75.33616,39.97601],[-75.33854,39.97262],[-75.3366,39.97006],[-75.33349,39.9684],[-75.33394,39.96592],[-75.33274,39.95845],[-75.33513,39.95497],[-75.33605,39.95441],[-75.34009,39.95536],[-75.34182,39.95694],[-75.34824,39.95959],[-75.35441,39.95764],[-75.3543,39.95704],[-75.36264,39.95104],[-75.36656,39.95284],[-75.36682,39.95382],[-75.36234,39.95703],[-75.36389,39.95929],[-75.36665,39.95766],[-75.37109,39.96101],[-75.37413,39.9589],[-75.3769,39.96142],[-75.38133,39.96083],[-75.38412,39.9589],[-75.3883,39.96218],[-75.38446,39.96558],[-75.3889,39.96505],[-75.39288,39.96275],[-75.39523,39.96391],[-75.39535,39.96631],[-75.39365,39.96779],[-75.39645,39.96897],[-75.39227,39.97221]]]}},{"type":"Feature","properties":{"zcta":"08015","d":205},"geometry":{"type":"Polygon","coordinates":[[[-74.63596,39.98812],[-74.63105,39.98775],[-74.63207,39.99013],[-74.62406,39.9925],[-74.61757,39.98893],[-74.50729,39.99128],[-74.5068,39.9921],[-74.47024,39.92253],[-74.45937,39.90218],[-74.45999,39.89935],[-74.46255,39.89808],[-74.46054,39.89641],[-74.45597,39.88831],[-74.45435,39.88741],[-74.45485,39.88424],[-74.45701,39.88478],[-74.46079,39.88855],[-74.46888,39.89033],[-74.4731,39.89254],[-74.47594,39.88905],[-74.47608,39.88761],[-74.47856,39.88349],[-74.4764,39.88222],[-74.47425,39.87954],[-74.4663,39.8755],[-74.46269,39.87126],[-74.46126,39.87184],[-74.48356,39.85393],[-74.49188,39.84773],[-74.50889,39.85531],[-74.5285,39.86522],[-74.59536,39.89846],[-74.59707,39.89915],[-74.59449,39.90357],[-74.59549,39.90813],[-74.60066,39.92099],[-74.59548,39.92156],[-74.59226,39.92271],[-74.58881,39.92633],[-74.59213,39.9311],[-74.59571,39.93359],[-74.59847,39.93778],[-74.60084,39.93942],[-74.60242,39.94271],[-74.60832,39.94572],[-74.60783,39.94737],[-74.60994,39.9488],[-74.6111,39.94699],[-74.61396,39.94683],[-74.614,39.94906],[-74.61821,39.94965],[-74.61902,39.94865],[-74.62042,39.95077],[-74.6263,39.95361],[-74.62576,39.95516],[-74.62353,39.95499],[-74.62359,39.95667],[-74.62719,39.95832],[-74.62335,39.9575],[-74.62022,39.95851],[-74.62365,39.96119],[-74.62598,39.95963],[-74.62946,39.96055],[-74.62861,39.96646],[-74.63235,39.96649],[-74.63233,39.96726],[-74.63677,39.97482],[-74.64023,39.98337],[-74.63938,39.98589],[-74.64029,39.987],[-74.63596,39.98812]]]}},{"type":"Feature","properties":{"zcta":"19067","d":953},"geometry":{"type":"Polygon","coordinates":[[[-74.88165,40.26625],[-74.88071,40.26379],[-74.87413,40.26347],[-74.87206,40.26568],[-74.86446,40.26758],[-74.85882,40.26719],[-74.85441,40.26161],[-74.85236,40.25771],[-74.84951,40.25733],[-74.84672,40.25899],[-74.84231,40.25051],[-74.83631,40.24621],[-74.82391,40.24151],[-74.81951,40.23851],[-74.79531,40.22941],[-74.78121,40.22151],[-74.77172,40.21529],[-74.76851,40.21019],[-74.76768,40.20775],[-74.7595,40.19691],[-74.7556,40.18671],[-74.7517,40.18331],[-74.74411,40.18101],[-74.7372,40.17761],[-74.7338,40.17451],[-74.7223,40.16061],[-74.7215,40.15841],[-74.72213,40.15032],[-74.72436,40.14644],[-74.73169,40.14194],[-74.74055,40.13549],[-74.74441,40.13442],[-74.75313,40.13503],[-74.75888,40.13404],[-74.76286,40.13254],[-74.76949,40.12915],[-74.77582,40.12496],[-74.78211,40.12081],[-74.78511,40.12031],[-74.79165,40.121],[-74.80061,40.12281],[-74.80534,40.1244],[-74.80482,40.12581],[-74.80475,40.13182],[-74.80072,40.13293],[-74.79481,40.13381],[-74.79613,40.14694],[-74.80221,40.14557],[-74.80239,40.15045],[-74.80485,40.15035],[-74.80799,40.15164],[-74.80642,40.15522],[-74.80724,40.1582],[-74.80635,40.1613],[-74.80778,40.16398],[-74.81166,40.16817],[-74.81139,40.17166],[-74.79844,40.17326],[-74.79988,40.17981],[-74.78821,40.181],[-74.78546,40.18214],[-74.78212,40.19172],[-74.77965,40.19776],[-74.78113,40.19664],[-74.77982,40.19972],[-74.78142,40.20129],[-74.78861,40.1983],[-74.79209,40.19746],[-74.80208,40.19694],[-74.8151,40.19576],[-74.81628,40.19458],[-74.82127,40.19411],[-74.83175,40.19541],[-74.84579,40.19377],[-74.86791,40.19328],[-74.87105,40.19299],[-74.87437,40.20054],[-74.87671,40.20001],[-74.88383,40.21627],[-74.88417,40.2159],[-74.88755,40.22474],[-74.88791,40.22569],[-74.89375,40.23237],[-74.90092,40.23179],[-74.89657,40.23422],[-74.89641,40.24045],[-74.89706,40.24313],[-74.89757,40.25034],[-74.89661,40.25333],[-74.88139,40.25493],[-74.88206,40.25885],[-74.88336,40.26123],[-74.88697,40.26514],[-74.88914,40.26537],[-74.88165,40.26625]]]}},{"type":"Feature","properties":{"zcta":"18912","d":0},"geometry":{"type":"Polygon","coordinates":[[[-75.04323,40.3325],[-75.04643,40.32895],[-75.04697,40.32715],[-75.04953,40.32552],[-75.04378,40.32219],[-75.04525,40.32074],[-75.05004,40.31809],[-75.05182,40.3162],[-75.05211,40.31822],[-75.05562,40.32037],[-75.0569,40.31871],[-75.05555,40.31794],[-75.05668,40.314],[-75.05866,40.31436],[-75.06346,40.31276],[-75.07087,40.30747],[-75.07503,40.3094],[-75.06863,40.31553],[-75.06695,40.31831],[-75.07178,40.32045],[-75.07118,40.32179],[-75.0737,40.3235],[-75.0715,40.32419],[-75.06168,40.32538],[-75.0606,40.32351],[-75.05002,40.33351],[-75.04847,40.33599],[-75.04323,40.3325]]]}},{"type":"Feature","properties":{"zcta":"19464","d":976},"geometry":{"type":"Polygon","coordinates":[[[-75.62007,40.29253],[-75.61535,40.2923],[-75.6102,40.29383],[-75.60786,40.2967],[-75.60383,40.29445],[-75.60423,40.29363],[-75.59924,40.29162],[-75.59703,40.29205],[-75.59142,40.28932],[-75.59923,40.28201],[-75.59985,40.28102],[-75.58091,40.27025],[-75.57689,40.27414],[-75.57304,40.27127],[-75.56861,40.27127],[-75.56435,40.27549],[-75.56059,40.27043],[-75.55215,40.26748],[-75.55063,40.26625],[-75.55372,40.2633],[-75.55881,40.2639],[-75.56675,40.26208],[-75.55943,40.25785],[-75.55532,40.26156],[-75.54849,40.25797],[-75.54645,40.25907],[-75.54317,40.25845],[-75.53567,40.253],[-75.53643,40.24996],[-75.53717,40.24938],[-75.54351,40.2485],[-75.54686,40.24738],[-75.54381,40.243],[-75.546,40.2418],[-75.54839,40.2421],[-75.55352,40.23686],[-75.55478,40.23259],[-75.55615,40.23133],[-75.55191,40.22883],[-75.55304,40.22737],[-75.56009,40.22637],[-75.5625,40.22532],[-75.56634,40.22157],[-75.57124,40.2243],[-75.56736,40.22661],[-75.56973,40.22659],[-75.57203,40.22852],[-75.57525,40.2264],[-75.58442,40.22146],[-75.58412,40.21687],[-75.58776,40.21445],[-75.59266,40.22549],[-75.59703,40.23684],[-75.60136,40.23805],[-75.60431,40.23782],[-75.60748,40.23539],[-75.60756,40.23337],[-75.6037,40.22955],[-75.60317,40.22701],[-75.60552,40.22481],[-75.61237,40.223],[-75.61628,40.22491],[-75.61958,40.23008],[-75.62401,40.23132],[-75.6345,40.23575],[-75.64025,40.23705],[-75.65089,40.24202],[-75.65553,40.2412],[-75.65861,40.2419],[-75.66491,40.24506],[-75.6712,40.24458],[-75.67693,40.24216],[-75.68558,40.23658],[-75.69017,40.23645],[-75.69251,40.23894],[-75.69678,40.24186],[-75.69204,40.24736],[-75.6916,40.24968],[-75.68819,40.25631],[-75.68239,40.25949],[-75.67555,40.26795],[-75.67819,40.26963],[-75.68006,40.27238],[-75.67439,40.26936],[-75.66453,40.2811],[-75.65026,40.29879],[-75.65363,40.30089],[-75.65182,40.30479],[-75.64944,40.30371],[-75.64625,40.30369],[-75.64499,40.30525],[-75.63652,40.30066],[-75.62007,40.29253]]]}},{"type":"Feature","properties":{"zcta":"18972","d":69},"geometry":{"type":"Polygon","coordinates":[[[-75.16287,40.5641],[-75.15845,40.56529],[-75.14737,40.57315],[-75.14191,40.57527],[-75.13675,40.57573],[-75.11729,40.57321],[-75.1109,40.57067],[-75.10032,40.56781],[-75.0957,40.5644],[-75.0785,40.5483],[-75.06861,40.54222],[-75.0664,40.53653],[-75.06509,40.52615],[-75.06585,40.5195],[-75.06495,40.51071],[-75.06484,40.5035],[-75.06327,40.49936],[-75.06262,40.48955],[-75.06273,40.48604],[-75.06845,40.48615],[-75.06867,40.49225],[-75.06776,40.49757],[-75.0666,40.50092],[-75.06637,40.50497],[-75.0694,40.51195],[-75.06704,40.50495],[-75.06727,40.50089],[-75.07158,40.50091],[-75.0743,40.50593],[-75.07465,40.50839],[-75.07361,40.51992],[-75.07621,40.52141],[-75.07449,40.52327],[-75.0754,40.52658],[-75.07361,40.52788],[-75.07364,40.53072],[-75.07478,40.53316],[-75.07971,40.53204],[-75.07881,40.53049],[-75.0817,40.52959],[-75.08118,40.52804],[-75.08337,40.52713],[-75.08182,40.52279],[-75.08007,40.51502],[-75.08085,40.5092],[-75.07943,40.50671],[-75.08017,40.50479],[-75.08607,40.50534],[-75.08941,40.50155],[-75.09323,40.49941],[-75.09349,40.49657],[-75.09565,40.49383],[-75.09234,40.49199],[-75.09412,40.49061],[-75.10088,40.48857],[-75.11084,40.48218],[-75.11427,40.48141],[-75.11937,40.48464],[-75.1251,40.48832],[-75.12224,40.49098],[-75.12448,40.49236],[-75.12309,40.49411],[-75.11967,40.49546],[-75.12274,40.4977],[-75.12463,40.49741],[-75.12662,40.50028],[-75.13057,40.50355],[-75.13028,40.50653],[-75.12846,40.50966],[-75.13167,40.51014],[-75.13401,40.508],[-75.13645,40.51],[-75.13846,40.50805],[-75.14263,40.51057],[-75.14411,40.51241],[-75.14369,40.51447],[-75.15029,40.50947],[-75.15384,40.51246],[-75.15353,40.5148],[-75.15563,40.51671],[-75.15963,40.52284],[-75.15716,40.52475],[-75.15585,40.52942],[-75.15403,40.53302],[-75.15632,40.5336],[-75.1636,40.52872],[-75.16604,40.53142],[-75.16921,40.53012],[-75.17135,40.5323],[-75.1747,40.5296],[-75.17672,40.5324],[-75.17366,40.5331],[-75.17499,40.53526],[-75.17916,40.53376],[-75.17589,40.53697],[-75.17686,40.53901],[-75.18061,40.54141],[-75.17841,40.54362],[-75.17572,40.54421],[-75.18215,40.54889],[-75.18092,40.55348],[-75.18131,40.5567],[-75.17903,40.55966],[-75.16693,40.56411],[-75.16287,40.5641]]]}},{"type":"Feature","properties":{"zcta":"18977","d":427},"geometry":{"type":"Polygon","coordinates":[[[-74.90256,40.31379],[-74.90139,40.31547],[-74.89641,40.31511],[-74.89161,40.31301],[-74.88711,40.31031],[-74.88061,40.30561],[-74.86821,40.29521],[-74.86049,40.28458],[-74.85651,40.27741],[-74.85311,40.26971],[-74.84672,40.25899],[-74.84951,40.25733],[-74.85236,40.25771],[-74.85441,40.26161],[-74.85882,40.26719],[-74.86446,40.26758],[-74.87206,40.26568],[-74.87413,40.26347],[-74.88071,40.26379],[-74.88165,40.26625],[-74.88914,40.26537],[-74.8914,40.2692],[-74.89194,40.27369],[-74.89328,40.27483],[-74.88902,40.27684],[-74.8698,40.27911],[-74.86605,40.28135],[-74.8695,40.28059],[-74.87633,40.2837],[-74.88163,40.28452],[-74.88037,40.28593],[-74.88449,40.28613],[-74.88887,40.28486],[-74.89512,40.2843],[-74.89341,40.28699],[-74.89248,40.29191],[-74.89312,40.29638],[-74.89828,40.29585],[-74.89722,40.29756],[-74.90009,40.29942],[-74.9014,40.29872],[-74.90331,40.30232],[-74.90371,40.30597],[-74.90627,40.30886],[-74.90609,40.31133],[-74.90256,40.31379]]]}},{"type":"Feature","properties":{"zcta":"19428","d":1421},"geometry":{"type":"Polygon","coordinates":[[[-75.34841,40.06549],[-75.3427,40.06581],[-75.34194,40.06881],[-75.34094,40.06823],[-75.3396,40.07098],[-75.33856,40.06892],[-75.33687,40.07103],[-75.33881,40.0729],[-75.33777,40.07508],[-75.33346,40.07738],[-75.32736,40.08463],[-75.32627,40.08511],[-75.32161,40.07932],[-75.31915,40.08025],[-75.32013,40.08171],[-75.32109,40.0907],[-75.32139,40.09784],[-75.32498,40.10327],[-75.31946,40.10519],[-75.3068,40.10712],[-75.30498,40.10581],[-75.29957,40.10614],[-75.29685,40.10413],[-75.29385,40.10038],[-75.29497,40.0992],[-75.2944,40.09686],[-75.2926,40.0987],[-75.28984,40.09986],[-75.28144,40.09537],[-75.28271,40.09395],[-75.28032,40.09298],[-75.28096,40.09132],[-75.28508,40.08709],[-75.28285,40.08374],[-75.27929,40.08625],[-75.27196,40.08724],[-75.27134,40.08658],[-75.27605,40.08517],[-75.27926,40.08254],[-75.28252,40.08313],[-75.28271,40.08067],[-75.28009,40.07555],[-75.27646,40.07751],[-75.27269,40.0787],[-75.27211,40.07682],[-75.26963,40.0765],[-75.25775,40.07813],[-75.26037,40.07592],[-75.2588,40.07432],[-75.26746,40.06979],[-75.26781,40.06754],[-75.26235,40.06386],[-75.26308,40.0623],[-75.25629,40.06108],[-75.26443,40.05409],[-75.26876,40.05892],[-75.2708,40.05815],[-75.27678,40.0645],[-75.27966,40.06935],[-75.28296,40.07142],[-75.28683,40.07166],[-75.29572,40.06917],[-75.30575,40.06755],[-75.30669,40.06512],[-75.31015,40.06369],[-75.31496,40.06481],[-75.32324,40.06191],[-75.32589,40.05989],[-75.33445,40.05624],[-75.33805,40.06046],[-75.34013,40.06257],[-75.33381,40.06577],[-75.33714,40.06737],[-75.34102,40.06817],[-75.34226,40.06676],[-75.34156,40.06367],[-75.34427,40.06544],[-75.35624,40.06235],[-75.35681,40.06311],[-75.34841,40.06549]]]}},{"type":"Feature","properties":{"zcta":"21903","d":233},"geometry":{"type":"Polygon","coordinates":[[[-76.0288,39.60152],[-76.02698,39.59998],[-76.02786,39.59891],[-76.02719,39.5963],[-76.02498,39.59414],[-76.02665,39.59089],[-76.0283,39.59001],[-76.02904,39.58642],[-76.02203,39.58739],[-76.00916,39.58301],[-75.99516,39.57649],[-75.99225,39.57558],[-75.99232,39.57476],[-75.98844,39.57195],[-75.99017,39.56946],[-75.99359,39.56802],[-75.99232,39.56669],[-75.99195,39.56335],[-75.99754,39.56204],[-75.99967,39.56049],[-76.00474,39.55092],[-76.00695,39.54888],[-76.00637,39.54621],[-76.00244,39.54177],[-76.00666,39.53887],[-76.01208,39.53933],[-76.01536,39.54479],[-76.01768,39.54656],[-76.03034,39.54858],[-76.03103,39.5504],[-76.03626,39.55186],[-76.03685,39.55287],[-76.04553,39.5526],[-76.04596,39.55017],[-76.05343,39.5542],[-76.05556,39.55595],[-76.06424,39.55745],[-76.06636,39.56016],[-76.07953,39.55633],[-76.08356,39.55508],[-76.08597,39.55901],[-76.0887,39.56134],[-76.10608,39.58053],[-76.09469,39.5856],[-76.08029,39.58579],[-76.07501,39.58735],[-76.06325,39.59534],[-76.04548,39.60018],[-76.03788,39.60391],[-76.0302,39.60612],[-76.0288,39.60152]]]}},{"type":"Feature","properties":{"zcta":"18960","d":367},"geometry":{"type":"Polygon","coordinates":[[[-75.37292,40.37668],[-75.36721,40.38271],[-75.36243,40.38583],[-75.35711,40.39056],[-75.35008,40.39137],[-75.35061,40.39355],[-75.34895,40.39428],[-75.34896,40.39764],[-75.35008,40.39865],[-75.34558,40.39912],[-75.34466,40.39548],[-75.33843,40.3962],[-75.33629,40.39977],[-75.33613,40.40325],[-75.33815,40.40602],[-75.33633,40.40642],[-75.3086,40.40946],[-75.29915,40.39782],[-75.29877,40.39663],[-75.29333,40.39267],[-75.29094,40.39262],[-75.29313,40.39125],[-75.2918,40.39043],[-75.29583,40.38808],[-75.29806,40.3879],[-75.29706,40.3859],[-75.29388,40.38563],[-75.29033,40.3874],[-75.29023,40.38563],[-75.29777,40.38222],[-75.3041,40.38616],[-75.30515,40.38339],[-75.30333,40.38184],[-75.30568,40.38021],[-75.30802,40.38219],[-75.31076,40.38129],[-75.30956,40.3797],[-75.31154,40.37853],[-75.3104,40.37592],[-75.31173,40.37171],[-75.30383,40.36509],[-75.30291,40.3658],[-75.29457,40.35564],[-75.28731,40.35122],[-75.28873,40.34853],[-75.28718,40.34596],[-75.28105,40.34273],[-75.27749,40.3415],[-75.27614,40.34283],[-75.27495,40.34334],[-75.27223,40.34078],[-75.26902,40.34229],[-75.26621,40.34223],[-75.26299,40.33937],[-75.26099,40.34132],[-75.25687,40.33881],[-75.25513,40.3405],[-75.25002,40.3377],[-75.25402,40.33385],[-75.25968,40.33423],[-75.26294,40.33326],[-75.26043,40.32901],[-75.26042,40.32764],[-75.25777,40.32608],[-75.25954,40.32439],[-75.25543,40.32154],[-75.25617,40.32026],[-75.25671,40.32037],[-75.26576,40.3135],[-75.26442,40.31269],[-75.26694,40.31156],[-75.27285,40.31559],[-75.27183,40.31645],[-75.27829,40.31993],[-75.28402,40.31948],[-75.28735,40.32158],[-75.28851,40.3205],[-75.29014,40.3216],[-75.28899,40.32435],[-75.29363,40.32719],[-75.29095,40.32942],[-75.29422,40.3317],[-75.29621,40.3308],[-75.29968,40.33397],[-75.3034,40.33457],[-75.30358,40.3438],[-75.31166,40.33579],[-75.31665,40.3418],[-75.32533,40.3469],[-75.32846,40.34387],[-75.33402,40.34427],[-75.34013,40.34159],[-75.3427,40.34137],[-75.34533,40.34238],[-75.34641,40.34119],[-75.35248,40.34087],[-75.35803,40.34511],[-75.35772,40.34933],[-75.36508,40.3511],[-75.36548,40.35262],[-75.36921,40.35132],[-75.37187,40.35137],[-75.38301,40.35805],[-75.38464,40.36207],[-75.38652,40.36315],[-75.38607,40.36449],[-75.38899,40.36523],[-75.38765,40.36673],[-75.38765,40.36958],[-75.3865,40.37062],[-75.38214,40.36971],[-75.38142,40.37053],[-75.38562,40.37295],[-75.39012,40.37426],[-75.38826,40.37541],[-75.37848,40.37542],[-75.37721,40.37614],[-75.37604,40.37957],[-75.37292,40.37668]]]}},{"type":"Feature","properties":{"zcta":"19801","d":1686},"geometry":{"type":"Polygon","coordinates":[[[-75.5643,39.7357],[-75.56304,39.7366],[-75.56197,39.74169],[-75.55832,39.74708],[-75.55625,39.75008],[-75.55106,39.75349],[-75.55166,39.75567],[-75.54607,39.75067],[-75.54081,39.74963],[-75.53974,39.74661],[-75.53753,39.74332],[-75.53703,39.7397],[-75.53496,39.7388],[-75.53198,39.73988],[-75.52648,39.73803],[-75.52655,39.73405],[-75.52976,39.73183],[-75.53208,39.73128],[-75.53359,39.72861],[-75.53243,39.72531],[-75.53042,39.72304],[-75.52582,39.72058],[-75.51268,39.71583],[-75.52553,39.7005],[-75.53258,39.70664],[-75.53253,39.7114],[-75.53566,39.71876],[-75.54771,39.72356],[-75.54989,39.72046],[-75.55456,39.71874],[-75.54989,39.71314],[-75.55481,39.71138],[-75.5529,39.70806],[-75.55333,39.70496],[-75.55482,39.70351],[-75.5592,39.70875],[-75.55666,39.71177],[-75.56116,39.71317],[-75.55604,39.71927],[-75.55578,39.7245],[-75.56009,39.72384],[-75.55994,39.72144],[-75.56151,39.7194],[-75.56375,39.71861],[-75.57221,39.71707],[-75.58016,39.71857],[-75.57807,39.72037],[-75.57644,39.72318],[-75.57259,39.72715],[-75.5643,39.7357]]]}},{"type":"Feature","properties":{"zcta":"19804","d":1292},"geometry":{"type":"Polygon","coordinates":[[[-75.66833,39.70613],[-75.65302,39.71819],[-75.65017,39.72018],[-75.62216,39.72973],[-75.61854,39.73048],[-75.59278,39.73374],[-75.59134,39.73454],[-75.58777,39.73974],[-75.58583,39.74013],[-75.58075,39.7377],[-75.57897,39.73576],[-75.57822,39.73293],[-75.57771,39.72712],[-75.57501,39.72579],[-75.57259,39.72715],[-75.57644,39.72318],[-75.57807,39.72037],[-75.58016,39.71857],[-75.58246,39.71854],[-75.58595,39.71677],[-75.59023,39.71561],[-75.59156,39.71222],[-75.59724,39.70892],[-75.59959,39.70899],[-75.60338,39.71109],[-75.60824,39.71069],[-75.611,39.70957],[-75.61558,39.70487],[-75.62045,39.69756],[-75.62123,39.69738],[-75.62276,39.70003],[-75.62928,39.70151],[-75.63551,39.6997],[-75.63887,39.69934],[-75.64128,39.70032],[-75.64227,39.69801],[-75.64545,39.69691],[-75.64928,39.6993],[-75.65007,39.701],[-75.64713,39.70404],[-75.64546,39.70736],[-75.65327,39.70757],[-75.65522,39.7056],[-75.65567,39.70292],[-75.65796,39.70085],[-75.65986,39.70042],[-75.66303,39.70141],[-75.6651,39.6998],[-75.66557,39.69796],[-75.66967,39.69997],[-75.67558,39.69908],[-75.67919,39.69769],[-75.68269,39.69944],[-75.66833,39.70613]]]}},{"type":"Feature","properties":{"zcta":"19145","d":4535},"geometry":{"type":"Polygon","coordinates":[[[-75.21125,39.92852],[-75.20607,39.93537],[-75.20107,39.9372],[-75.20412,39.93473],[-75.20495,39.93301],[-75.19965,39.93191],[-75.1995,39.93451],[-75.16842,39.93047],[-75.17348,39.90694],[-75.17496,39.89849],[-75.1769,39.89865],[-75.18519,39.89705],[-75.19194,39.89609],[-75.19381,39.90002],[-75.19365,39.90239],[-75.19692,39.90088],[-75.19542,39.89903],[-75.19624,39.89337],[-75.19551,39.89184],[-75.19726,39.89262],[-75.20812,39.89567],[-75.21176,39.89775],[-75.21493,39.90162],[-75.21612,39.90964],[-75.21391,39.91107],[-75.20684,39.91119],[-75.20209,39.91856],[-75.2034,39.92101],[-75.20853,39.92103],[-75.21079,39.9221],[-75.21243,39.92523],[-75.21125,39.92852]]]}},{"type":"Feature","properties":{"zcta":"19120","d":8102},"geometry":{"type":"Polygon","coordinates":[[[-75.12901,40.0457],[-75.12815,40.04719],[-75.12326,40.04697],[-75.12168,40.05244],[-75.12215,40.05318],[-75.10943,40.04587],[-75.10703,40.04897],[-75.10408,40.04672],[-75.0966,40.04249],[-75.10157,40.03829],[-75.10472,40.03532],[-75.10397,40.03491],[-75.1084,40.03198],[-75.11114,40.03104],[-75.1109,40.0296],[-75.11284,40.02703],[-75.11019,40.02229],[-75.11222,40.02006],[-75.11009,40.01977],[-75.11216,40.01209],[-75.11944,40.01303],[-75.11747,40.01578],[-75.11956,40.01481],[-75.11864,40.0192],[-75.12275,40.01972],[-75.12509,40.01811],[-75.12398,40.02106],[-75.1277,40.02289],[-75.12792,40.02198],[-75.13517,40.02289],[-75.13326,40.0239],[-75.13842,40.02333],[-75.13792,40.02798],[-75.13621,40.03343],[-75.13946,40.03352],[-75.13596,40.03714],[-75.13476,40.04176],[-75.13472,40.04613],[-75.12901,40.0457]]]}},{"type":"Feature","properties":{"zcta":"18940","d":487},"geometry":{"type":"MultiPolygon","coordinates":[[[[-74.9393,40.20744],[-74.93654,40.2084],[-74.93695,40.21055],[-74.93057,40.21136],[-74.92994,40.20704],[-74.93252,40.20695],[-74.93562,40.20487],[-74.93851,40.20436],[-74.9393,40.20744]]],[[[-75.02822,40.25952],[-75.0246,40.2595],[-75.02504,40.26305],[-75.02376,40.26849],[-75.0261,40.27075],[-75.02063,40.27676],[-75.01393,40.27371],[-75.01122,40.26995],[-75.00731,40.26742],[-75.00669,40.26628],[-75.00061,40.26511],[-74.99785,40.26576],[-74.99639,40.27088],[-75.00612,40.27668],[-75.00824,40.27908],[-75.01641,40.28024],[-75.01852,40.28],[-75.01929,40.28196],[-75.01826,40.28297],[-75.01507,40.28186],[-75.00471,40.28138],[-75.00148,40.28012],[-74.99371,40.28088],[-74.99937,40.28725],[-75.00207,40.28943],[-75.00523,40.29484],[-74.99865,40.29595],[-74.99917,40.29753],[-75.00368,40.29749],[-74.99923,40.30195],[-74.98105,40.31917],[-74.97814,40.3174],[-74.98054,40.31477],[-74.97562,40.31214],[-74.97405,40.31309],[-74.97208,40.31044],[-74.96898,40.30861],[-74.97389,40.30655],[-74.97462,40.30538],[-74.97113,40.30331],[-74.97263,40.30165],[-74.96947,40.29964],[-74.96677,40.30219],[-74.96348,40.30026],[-74.96198,40.30167],[-74.95893,40.30106],[-74.95763,40.30227],[-74.95394,40.30009],[-74.95132,40.29995],[-74.94819,40.30272],[-74.94527,40.30437],[-74.94048,40.30359],[-74.94055,40.30167],[-74.93909,40.29827],[-74.93589,40.29994],[-74.92484,40.30106],[-74.92233,40.30255],[-74.91688,40.30436],[-74.91356,40.30803],[-74.90933,40.3068],[-74.90698,40.3111],[-74.90609,40.31133],[-74.90627,40.30886],[-74.90371,40.30597],[-74.90331,40.30232],[-74.9014,40.29872],[-74.90009,40.29942],[-74.89722,40.29756],[-74.89828,40.29585],[-74.89312,40.29638],[-74.89248,40.29191],[-74.89341,40.28699],[-74.89512,40.2843],[-74.88887,40.28486],[-74.88449,40.28613],[-74.88037,40.28593],[-74.88163,40.28452],[-74.87633,40.2837],[-74.8695,40.28059],[-74.86605,40.28135],[-74.8698,40.27911],[-74.88902,40.27684],[-74.89328,40.27483],[-74.89194,40.27369],[-74.8914,40.2692],[-74.88914,40.26537],[-74.88697,40.26514],[-74.88336,40.26123],[-74.88206,40.25885],[-74.88139,40.25493],[-74.89661,40.25333],[-74.89757,40.25034],[-74.89706,40.24313],[-74.89641,40.24045],[-74.89657,40.23422],[-74.90092,40.23179],[-74.89375,40.23237],[-74.88791,40.22569],[-74.88755,40.22474],[-74.90245,40.22134],[-74.91063,40.22204],[-74.91802,40.22066],[-74.94331,40.21417],[-74.94441,40.21145],[-74.9542,40.21182],[-74.95719,40.21813],[-74.96536,40.2216],[-74.96427,40.22409],[-74.96757,40.22305],[-74.96863,40.22082],[-74.97048,40.21978],[-74.9803,40.21923],[-74.98019,40.22295],[-74.9886,40.22192],[-74.98712,40.22574],[-74.98416,40.2266],[-74.98081,40.22891],[-74.98025,40.23027],[-74.9819,40.23216],[-74.98085,40.23347],[-74.98195,40.23511],[-74.97712,40.23729],[-74.97458,40.23321],[-74.97163,40.23583],[-74.97008,40.24011],[-74.97242,40.24049],[-74.97552,40.23976],[-74.97827,40.24075],[-74.97946,40.24341],[-74.98419,40.24626],[-74.98522,40.24627],[-74.98745,40.24264],[-74.99333,40.24066],[-74.99586,40.24334],[-74.99456,40.24886],[-74.99716,40.25054],[-75.00098,40.24821],[-75.00321,40.24854],[-75.00577,40.25184],[-75.00875,40.251],[-75.01076,40.24937],[-75.0157,40.24928],[-75.02023,40.24829],[-75.02187,40.24905],[-75.02494,40.25242],[-75.02917,40.25328],[-75.03236,40.25532],[-75.03491,40.26038],[-75.03015,40.25777],[-75.02822,40.25952]]]]}},{"type":"Feature","properties":{"zcta":"08083","d":2093},"geometry":{"type":"Polygon","coordinates":[[[-75.0392,39.8493],[-75.03253,39.85103],[-75.03121,39.84979],[-75.02458,39.85193],[-75.02586,39.85463],[-75.02256,39.85583],[-75.02193,39.85779],[-75.01589,39.85937],[-75.01549,39.858],[-75.0175,39.85671],[-75.01741,39.85243],[-75.01465,39.84924],[-75.01191,39.84767],[-75.00979,39.84411],[-75.00234,39.83789],[-75.00146,39.83662],[-75.00495,39.83413],[-75.01495,39.84163],[-75.01839,39.84041],[-75.01778,39.8331],[-75.02266,39.83418],[-75.02611,39.8317],[-75.02903,39.83108],[-75.0336,39.83146],[-75.03753,39.83106],[-75.03831,39.82961],[-75.04163,39.82957],[-75.04479,39.83055],[-75.04719,39.83239],[-75.05077,39.8338],[-75.05331,39.83334],[-75.05539,39.83536],[-75.05834,39.8365],[-75.05389,39.8394],[-75.04693,39.84258],[-75.04614,39.83982],[-75.04404,39.8399],[-75.0434,39.8384],[-75.03696,39.83835],[-75.03696,39.84098],[-75.03815,39.84527],[-75.0392,39.8493]]]}},{"type":"Feature","properties":{"zcta":"08043","d":1252},"geometry":{"type":"Polygon","coordinates":[[[-74.97488,39.8606],[-74.96345,39.86366],[-74.92721,39.87376],[-74.92176,39.85579],[-74.91179,39.82214],[-74.90831,39.80974],[-74.92888,39.82135],[-74.94555,39.81464],[-74.95714,39.81685],[-74.95797,39.81759],[-74.95869,39.82258],[-74.95092,39.82282],[-74.95324,39.82666],[-74.94803,39.831],[-74.94921,39.833],[-74.94964,39.83672],[-74.95147,39.83904],[-74.95763,39.8415],[-74.96279,39.84479],[-74.96537,39.84533],[-74.97083,39.84498],[-74.97642,39.84258],[-74.97916,39.84069],[-74.98196,39.8357],[-74.98551,39.83587],[-74.98577,39.83416],[-74.98934,39.83413],[-74.99749,39.83528],[-75.00146,39.83662],[-75.00234,39.83789],[-75.00979,39.84411],[-75.01191,39.84767],[-75.01465,39.84924],[-75.01741,39.85243],[-75.0175,39.85671],[-75.01549,39.858],[-75.01589,39.85937],[-74.97488,39.8606]]]}},{"type":"Feature","properties":{"zcta":"21918","d":114},"geometry":{"type":"Polygon","coordinates":[[[-76.17071,39.72029],[-76.15873,39.71525],[-76.16425,39.71058],[-76.16218,39.7097],[-76.16109,39.70734],[-76.15471,39.70714],[-76.1529,39.71],[-76.15062,39.70645],[-76.14662,39.70459],[-76.1458,39.70308],[-76.14684,39.70042],[-76.14558,39.6988],[-76.14733,39.69687],[-76.14387,39.69727],[-76.14015,39.69415],[-76.14051,39.692],[-76.13945,39.69028],[-76.13431,39.68881],[-76.12807,39.69021],[-76.13123,39.68899],[-76.13354,39.68608],[-76.13275,39.6829],[-76.1344,39.6812],[-76.13327,39.67764],[-76.1342,39.67498],[-76.1316,39.67454],[-76.1297,39.67611],[-76.12477,39.6739],[-76.12232,39.67556],[-76.11474,39.67104],[-76.10564,39.67186],[-76.10473,39.67],[-76.10289,39.6698],[-76.10379,39.66698],[-76.10609,39.66483],[-76.10676,39.66065],[-76.10622,39.65778],[-76.11007,39.65533],[-76.10542,39.6503],[-76.10918,39.65246],[-76.11362,39.6532],[-76.11626,39.65527],[-76.11913,39.654],[-76.11901,39.6501],[-76.11275,39.64238],[-76.108,39.63903],[-76.11213,39.6337],[-76.11549,39.63463],[-76.11719,39.63697],[-76.1225,39.63697],[-76.12832,39.63598],[-76.12786,39.63749],[-76.13066,39.63731],[-76.13425,39.63816],[-76.1357,39.63762],[-76.14165,39.63936],[-76.14285,39.64074],[-76.14571,39.64095],[-76.14746,39.64303],[-76.15045,39.6427],[-76.15502,39.65757],[-76.15703,39.66043],[-76.15851,39.66016],[-76.15972,39.65765],[-76.15894,39.65622],[-76.1636,39.6513],[-76.16841,39.65613],[-76.17384,39.66013],[-76.18397,39.66661],[-76.18658,39.66951],[-76.19308,39.67271],[-76.19548,39.67511],[-76.21268,39.68641],[-76.22428,39.7029],[-76.22928,39.70913],[-76.23326,39.72131],[-76.17277,39.72146],[-76.17071,39.72029]]]}},{"type":"Feature","properties":{"zcta":"19112","d":0},"geometry":{"type":"Polygon","coordinates":[[[-75.17073,39.89758],[-75.15468,39.89706],[-75.14428,39.89568],[-75.13541,39.893],[-75.1373,39.88997],[-75.13967,39.88824],[-75.14375,39.885],[-75.14563,39.88453],[-75.14889,39.88373],[-75.18302,39.88201],[-75.18882,39.88082],[-75.19522,39.87734],[-75.19551,39.89184],[-75.19624,39.89337],[-75.19542,39.89903],[-75.19692,39.90088],[-75.19365,39.90239],[-75.19381,39.90002],[-75.19194,39.89609],[-75.18519,39.89705],[-75.1769,39.89865],[-75.17496,39.89849],[-75.17073,39.89758]]]}},{"type":"Feature","properties":{"zcta":"19125","d":9818},"geometry":{"type":"Polygon","coordinates":[[[-75.13106,39.98532],[-75.13191,39.98631],[-75.13082,39.99124],[-75.12703,39.99039],[-75.12673,39.99195],[-75.11607,39.98294],[-75.11684,39.98207],[-75.11323,39.9768],[-75.11807,39.97428],[-75.11562,39.97296],[-75.11271,39.96809],[-75.11922,39.96541],[-75.12386,39.96282],[-75.12542,39.96195],[-75.1287,39.96698],[-75.13422,39.96448],[-75.13443,39.96879],[-75.13535,39.96873],[-75.13384,39.97715],[-75.13132,39.97846],[-75.13319,39.98013],[-75.13254,39.98317],[-75.13106,39.98532]]]}},{"type":"Feature","properties":{"zcta":"19141","d":6834},"geometry":{"type":"Polygon","coordinates":[[[-75.15299,40.05174],[-75.15047,40.05173],[-75.14002,40.05028],[-75.13504,40.04895],[-75.13472,40.04613],[-75.13476,40.04176],[-75.13596,40.03714],[-75.13946,40.03352],[-75.13621,40.03343],[-75.13792,40.02798],[-75.13842,40.02333],[-75.14563,40.02468],[-75.14789,40.02455],[-75.15328,40.02613],[-75.15424,40.02563],[-75.15569,40.02613],[-75.15517,40.02867],[-75.15633,40.02882],[-75.15407,40.04102],[-75.15299,40.05174]]]}},{"type":"Feature","properties":{"zcta":"19154","d":2522},"geometry":{"type":"Polygon","coordinates":[[[-75.01225,40.09773],[-74.99712,40.10815],[-74.99696,40.10801],[-74.9841,40.1167],[-74.97994,40.11974],[-74.97322,40.11989],[-74.96931,40.1171],[-74.96499,40.11863],[-74.96313,40.11498],[-74.96345,40.11001],[-74.96519,40.10778],[-74.96349,40.10674],[-74.96116,40.10345],[-74.96163,40.0978],[-74.95578,40.0951],[-74.95775,40.08984],[-74.95828,40.08415],[-74.96376,40.07706],[-74.97108,40.07599],[-74.97106,40.07397],[-74.97763,40.06759],[-74.98099,40.06551],[-74.98113,40.06596],[-74.98011,40.06755],[-74.98156,40.06952],[-74.98139,40.07275],[-74.98689,40.07533],[-74.99027,40.07878],[-74.98703,40.0808],[-74.98927,40.08115],[-74.99126,40.0798],[-74.99435,40.08168],[-74.99723,40.08002],[-75.01553,40.09486],[-75.01225,40.09773]]]}},{"type":"Feature","properties":{"zcta":"19335","d":630},"geometry":{"type":"Polygon","coordinates":[[[-75.69735,40.10164],[-75.69575,40.10254],[-75.695,40.09491],[-75.6991,40.09712],[-75.70432,40.09442],[-75.70425,40.0925],[-75.69871,40.0923],[-75.69878,40.09107],[-75.70134,40.08888],[-75.69374,40.08199],[-75.6948,40.0807],[-75.69081,40.07907],[-75.69074,40.0765],[-75.68634,40.07404],[-75.68476,40.07482],[-75.68092,40.07153],[-75.67938,40.07046],[-75.68604,40.06914],[-75.68587,40.0669],[-75.68864,40.06571],[-75.68586,40.06299],[-75.6867,40.0608],[-75.6823,40.05897],[-75.68356,40.05785],[-75.68067,40.05787],[-75.67946,40.05543],[-75.67736,40.05611],[-75.67709,40.05196],[-75.67901,40.05205],[-75.67706,40.04577],[-75.67559,40.04611],[-75.67361,40.04381],[-75.6698,40.04471],[-75.66912,40.04264],[-75.66764,40.0439],[-75.66511,40.04272],[-75.66623,40.04506],[-75.66287,40.0446],[-75.66373,40.04318],[-75.66204,40.04104],[-75.66647,40.04015],[-75.66296,40.03531],[-75.66397,40.03323],[-75.6624,40.03301],[-75.66325,40.0312],[-75.66618,40.0317],[-75.66739,40.03341],[-75.66786,40.03084],[-75.67041,40.02739],[-75.65639,40.00827],[-75.64643,40.01204],[-75.64581,40.01066],[-75.6462,40.01041],[-75.6493,40.00949],[-75.64754,40.00721],[-75.64483,40.00781],[-75.64398,40.00552],[-75.64773,40.00458],[-75.64587,40.00198],[-75.64804,40.00186],[-75.64414,39.99838],[-75.64744,39.99671],[-75.65587,39.99351],[-75.65685,39.9952],[-75.65774,39.99316],[-75.66189,39.99255],[-75.65983,39.99041],[-75.66243,39.98966],[-75.66528,39.98756],[-75.66384,39.98703],[-75.66513,39.98362],[-75.66348,39.98051],[-75.66401,39.97879],[-75.66802,39.98032],[-75.6697,39.9789],[-75.66945,39.97416],[-75.66991,39.96935],[-75.67486,39.96842],[-75.67924,39.97271],[-75.68593,39.97222],[-75.68866,39.97264],[-75.69231,39.9698],[-75.69152,39.96757],[-75.69377,39.96797],[-75.7004,39.9663],[-75.70014,39.96276],[-75.70317,39.96581],[-75.70864,39.96671],[-75.7132,39.96491],[-75.71836,39.96441],[-75.72689,39.96272],[-75.72586,39.96087],[-75.72897,39.95869],[-75.7293,39.95953],[-75.73514,39.95783],[-75.74022,39.95501],[-75.74537,39.95373],[-75.75026,39.959],[-75.75241,39.9619],[-75.755,39.96699],[-75.75682,39.97822],[-75.75964,39.98067],[-75.76194,39.9809],[-75.76444,39.98564],[-75.77914,39.98448],[-75.78116,39.98631],[-75.78273,39.98573],[-75.78445,39.988],[-75.78716,39.98915],[-75.76442,39.99294],[-75.76218,39.99272],[-75.75574,39.99372],[-75.74568,39.99477],[-75.74705,39.99788],[-75.74759,40.00175],[-75.74673,40.00275],[-75.75484,40.00216],[-75.7562,40.00655],[-75.76123,40.00597],[-75.76167,40.0082],[-75.76382,40.00728],[-75.76491,40.01411],[-75.77972,40.01282],[-75.77955,40.01156],[-75.78399,40.01117],[-75.78387,40.01569],[-75.7845,40.02285],[-75.78956,40.02244],[-75.78816,40.03162],[-75.79296,40.03719],[-75.79759,40.03923],[-75.79873,40.04666],[-75.80001,40.05258],[-75.79897,40.0527],[-75.79213,40.04926],[-75.79146,40.04746],[-75.78536,40.04781],[-75.7851,40.05474],[-75.78453,40.05599],[-75.7785,40.0565],[-75.77952,40.06281],[-75.73029,40.0668],[-75.73059,40.07158],[-75.73201,40.07646],[-75.73064,40.0769],[-75.73034,40.08046],[-75.72694,40.08253],[-75.72979,40.08839],[-75.73553,40.09556],[-75.72432,40.08691],[-75.72198,40.08593],[-75.71898,40.08762],[-75.71993,40.08961],[-75.71861,40.09123],[-75.71926,40.09628],[-75.71792,40.09758],[-75.7129,40.09902],[-75.71133,40.10167],[-75.7075,40.10456],[-75.70643,40.1071],[-75.70396,40.10562],[-75.69735,40.10164]]]}},{"type":"Feature","properties":{"zcta":"19468","d":909},"geometry":{"type":"Polygon","coordinates":[[[-75.53637,40.2474],[-75.53427,40.24736],[-75.53085,40.24452],[-75.52852,40.24111],[-75.52572,40.24277],[-75.51988,40.24173],[-75.52125,40.24276],[-75.52121,40.24766],[-75.51806,40.24754],[-75.51338,40.24873],[-75.51305,40.2478],[-75.50824,40.24547],[-75.51489,40.23882],[-75.51081,40.23656],[-75.51166,40.23479],[-75.50921,40.23337],[-75.5061,40.23382],[-75.50671,40.23178],[-75.50347,40.22929],[-75.49969,40.22809],[-75.49782,40.22582],[-75.49538,40.22659],[-75.49167,40.22407],[-75.48998,40.22465],[-75.48983,40.22327],[-75.49205,40.22109],[-75.48826,40.21883],[-75.49057,40.21649],[-75.49538,40.21914],[-75.49611,40.21841],[-75.49144,40.21563],[-75.49215,40.2137],[-75.49478,40.21185],[-75.49384,40.21135],[-75.49746,40.20941],[-75.49594,40.20846],[-75.49861,40.20663],[-75.49602,40.20707],[-75.49581,40.20496],[-75.49289,40.20327],[-75.49016,40.20462],[-75.49225,40.20113],[-75.49544,40.1996],[-75.49563,40.20074],[-75.49941,40.20291],[-75.5016,40.20072],[-75.5048,40.20236],[-75.50391,40.20065],[-75.50665,40.19765],[-75.50083,40.19387],[-75.49947,40.19405],[-75.49626,40.19217],[-75.49759,40.19001],[-75.49517,40.18856],[-75.49985,40.18394],[-75.49842,40.18313],[-75.504,40.17652],[-75.50285,40.17642],[-75.49534,40.17218],[-75.49727,40.16973],[-75.50155,40.1659],[-75.51068,40.16231],[-75.5143,40.16159],[-75.51948,40.1626],[-75.52254,40.16662],[-75.52318,40.16902],[-75.52592,40.17043],[-75.52864,40.16751],[-75.53182,40.17061],[-75.54099,40.17595],[-75.54534,40.18256],[-75.54917,40.18954],[-75.55033,40.19343],[-75.55339,40.20035],[-75.55775,40.20798],[-75.56289,40.20987],[-75.56428,40.2091],[-75.56491,40.20619],[-75.56254,40.20207],[-75.56288,40.19736],[-75.56701,40.19428],[-75.57035,40.19412],[-75.57334,40.1953],[-75.57719,40.19836],[-75.57973,40.20182],[-75.58075,40.20521],[-75.58206,40.20791],[-75.58776,40.21445],[-75.58412,40.21687],[-75.58442,40.22146],[-75.57525,40.2264],[-75.57203,40.22852],[-75.56973,40.22659],[-75.56736,40.22661],[-75.57124,40.2243],[-75.56634,40.22157],[-75.5625,40.22532],[-75.56009,40.22637],[-75.55304,40.22737],[-75.55191,40.22883],[-75.55615,40.23133],[-75.55478,40.23259],[-75.55352,40.23686],[-75.54839,40.2421],[-75.546,40.2418],[-75.54381,40.243],[-75.54686,40.24738],[-75.54351,40.2485],[-75.53717,40.24938],[-75.53643,40.24996],[-75.53637,40.2474]]]}},{"type":"Feature","properties":{"zcta":"08640","d":44},"geometry":{"type":"Polygon","coordinates":[[[-74.65459,40.00935],[-74.65608,40.01016],[-74.65408,40.01295],[-74.6567,40.01724],[-74.65574,40.02397],[-74.65378,40.0256],[-74.65104,40.02787],[-74.64588,40.02944],[-74.62608,40.03559],[-74.62157,40.03215],[-74.61824,40.03323],[-74.61465,40.0354],[-74.61014,40.03281],[-74.61323,40.03166],[-74.61146,40.02894],[-74.61089,40.02605],[-74.61497,40.02409],[-74.61353,40.02172],[-74.60545,40.02012],[-74.60382,40.01853],[-74.60366,40.0149],[-74.6021,40.00536],[-74.60256,40.00379],[-74.60033,40.00013],[-74.5972,40.00143],[-74.58717,40.00914],[-74.56763,40.02367],[-74.56114,40.02368],[-74.55929,40.02976],[-74.56104,40.03692],[-74.5559,40.03663],[-74.55398,40.03833],[-74.549,40.03866],[-74.54768,40.03739],[-74.53874,40.0363],[-74.52832,40.03668],[-74.5068,39.9921],[-74.50729,39.99128],[-74.61757,39.98893],[-74.62406,39.9925],[-74.63207,39.99013],[-74.63105,39.98775],[-74.63596,39.98812],[-74.64029,39.987],[-74.64087,39.98755],[-74.64712,39.98679],[-74.64946,39.99328],[-74.65803,39.99792],[-74.65751,39.99873],[-74.6616,40.00208],[-74.65459,40.00935]]]}},{"type":"Feature","properties":{"zcta":"19102","d":19365},"geometry":{"type":"Polygon","coordinates":[[[-75.16196,39.95957],[-75.16332,39.95336],[-75.16506,39.95361],[-75.16417,39.95011],[-75.16434,39.94935],[-75.16515,39.94556],[-75.16842,39.94559],[-75.16636,39.95482],[-75.1678,39.95593],[-75.16723,39.95843],[-75.16537,39.9596],[-75.16196,39.95957]]]}},{"type":"Feature","properties":{"zcta":"08090","d":1732},"geometry":{"type":"Polygon","coordinates":[[[-75.16573,39.81101],[-75.15957,39.80878],[-75.15939,39.8127],[-75.15192,39.81307],[-75.151,39.80333],[-75.1491,39.80323],[-75.14705,39.80464],[-75.14663,39.803],[-75.14473,39.80318],[-75.14238,39.8035],[-75.13547,39.80692],[-75.13572,39.80948],[-75.13157,39.81095],[-75.12899,39.80846],[-75.12818,39.80401],[-75.1305,39.80222],[-75.12832,39.79892],[-75.12575,39.79637],[-75.13165,39.79239],[-75.13387,39.79163],[-75.13562,39.78919],[-75.1372,39.7892],[-75.13969,39.78624],[-75.13806,39.78073],[-75.15018,39.78389],[-75.15337,39.78339],[-75.15283,39.78605],[-75.15527,39.78598],[-75.15648,39.78785],[-75.15993,39.78954],[-75.1603,39.79174],[-75.16348,39.79424],[-75.16811,39.79381],[-75.16592,39.80066],[-75.16817,39.79884],[-75.17008,39.79976],[-75.16943,39.79786],[-75.17173,39.79582],[-75.16879,39.8031],[-75.16573,39.81101]]]}},{"type":"Feature","properties":{"zcta":"19116","d":2971},"geometry":{"type":"Polygon","coordinates":[[[-74.99788,40.12782],[-74.99359,40.13227],[-74.99229,40.13068],[-74.99377,40.12664],[-74.98901,40.12607],[-74.98719,40.12329],[-74.98352,40.12367],[-74.98275,40.12089],[-74.97994,40.11974],[-74.9841,40.1167],[-74.99696,40.10801],[-74.99712,40.10815],[-75.01225,40.09773],[-75.01553,40.09486],[-75.01767,40.0973],[-75.02184,40.1001],[-75.02763,40.10177],[-75.02971,40.10306],[-75.02881,40.10492],[-75.03255,40.10483],[-75.03606,40.10678],[-75.03946,40.10736],[-75.04854,40.11273],[-75.02057,40.13227],[-75.01507,40.13799],[-74.99788,40.12782]]]}},{"type":"Feature","properties":{"zcta":"19056","d":2101},"geometry":{"type":"Polygon","coordinates":[[[-74.89815,40.1323],[-74.89814,40.13066],[-74.8994,40.12903],[-74.89213,40.12914],[-74.88823,40.13215],[-74.88976,40.13431],[-74.89021,40.13848],[-74.89135,40.14198],[-74.88875,40.14342],[-74.88979,40.14577],[-74.89119,40.14541],[-74.89246,40.14807],[-74.89381,40.14834],[-74.89583,40.15234],[-74.89356,40.15426],[-74.89425,40.15579],[-74.89679,40.15401],[-74.89912,40.15717],[-74.90029,40.16137],[-74.89989,40.16588],[-74.89636,40.16785],[-74.88542,40.17633],[-74.88001,40.17879],[-74.87371,40.17996],[-74.87218,40.17814],[-74.87305,40.17584],[-74.87128,40.17569],[-74.87098,40.17184],[-74.87672,40.1679],[-74.87625,40.16749],[-74.87962,40.16396],[-74.87549,40.15951],[-74.87601,40.15467],[-74.87452,40.14364],[-74.87468,40.13876],[-74.87357,40.13585],[-74.87147,40.13308],[-74.87298,40.12915],[-74.87039,40.126],[-74.8845,40.12806],[-74.88763,40.12535],[-74.88787,40.12066],[-74.88848,40.12372],[-74.89733,40.12075],[-74.89667,40.11943],[-74.9017,40.1194],[-74.90263,40.11742],[-74.90458,40.11697],[-74.90439,40.11391],[-74.90536,40.11698],[-74.90227,40.12083],[-74.90044,40.12854],[-74.89823,40.13116],[-74.89845,40.13224],[-74.89815,40.1323]]]}},{"type":"Feature","properties":{"zcta":"19709","d":325},"geometry":{"type":"MultiPolygon","coordinates":[[[[-75.56477,39.51595],[-75.56258,39.51911],[-75.56038,39.51855],[-75.56144,39.51552],[-75.56545,39.50941],[-75.56752,39.51021],[-75.56477,39.51595]]],[[[-75.77468,39.5351],[-75.76795,39.53629],[-75.76068,39.53905],[-75.75373,39.54034],[-75.7273,39.54173],[-75.71716,39.54335],[-75.71169,39.54388],[-75.69487,39.5425],[-75.68631,39.54197],[-75.68274,39.54212],[-75.66443,39.54554],[-75.65104,39.55264],[-75.64712,39.554],[-75.64241,39.55497],[-75.63372,39.55506],[-75.62057,39.55283],[-75.61113,39.5537],[-75.59547,39.55637],[-75.58227,39.55825],[-75.56887,39.56025],[-75.56412,39.56068],[-75.56564,39.55851],[-75.56936,39.54059],[-75.57036,39.52722],[-75.57262,39.51656],[-75.57394,39.51827],[-75.57713,39.518],[-75.57833,39.51928],[-75.57786,39.52289],[-75.58283,39.52383],[-75.58449,39.51825],[-75.59299,39.51974],[-75.59803,39.51916],[-75.61533,39.51504],[-75.62193,39.51196],[-75.62088,39.51045],[-75.62023,39.50545],[-75.6153,39.5036],[-75.60819,39.50384],[-75.6054,39.50127],[-75.59448,39.49947],[-75.59137,39.49665],[-75.5883,39.49599],[-75.58765,39.50043],[-75.58389,39.50196],[-75.5814,39.50403],[-75.57921,39.50758],[-75.57805,39.51162],[-75.57541,39.51096],[-75.57644,39.5092],[-75.58773,39.49635],[-75.58781,39.49033],[-75.59307,39.47919],[-75.59233,39.46758],[-75.58944,39.46081],[-75.58018,39.45079],[-75.57959,39.44943],[-75.57943,39.4476],[-75.58319,39.44595],[-75.58586,39.44818],[-75.59007,39.44753],[-75.59008,39.44569],[-75.59545,39.44518],[-75.59717,39.44796],[-75.5995,39.44659],[-75.60203,39.44737],[-75.60339,39.44603],[-75.60644,39.44527],[-75.60868,39.43979],[-75.6113,39.43793],[-75.61266,39.43487],[-75.61759,39.43281],[-75.62435,39.43615],[-75.6282,39.43731],[-75.63372,39.43441],[-75.63499,39.43665],[-75.63788,39.43918],[-75.63735,39.441],[-75.64131,39.43827],[-75.64479,39.44049],[-75.64997,39.44286],[-75.65562,39.44823],[-75.65384,39.4483],[-75.65469,39.45251],[-75.64927,39.45519],[-75.66141,39.46211],[-75.67009,39.45979],[-75.67259,39.45822],[-75.67451,39.45526],[-75.67465,39.45288],[-75.673,39.44971],[-75.665,39.4429],[-75.66412,39.44172],[-75.66602,39.43953],[-75.66552,39.4382],[-75.67298,39.44062],[-75.67599,39.43841],[-75.68081,39.43747],[-75.68091,39.43438],[-75.6826,39.43393],[-75.68416,39.43627],[-75.68689,39.4361],[-75.68745,39.43364],[-75.68914,39.43194],[-75.6953,39.43324],[-75.69586,39.43468],[-75.69368,39.43503],[-75.69437,39.4369],[-75.70148,39.43654],[-75.70627,39.43395],[-75.70959,39.43101],[-75.71194,39.42768],[-75.71539,39.43001],[-75.71702,39.43309],[-75.72015,39.42937],[-75.72514,39.42605],[-75.7277,39.42542],[-75.72726,39.42411],[-75.71983,39.41366],[-75.73349,39.40786],[-75.73669,39.40305],[-75.74134,39.40604],[-75.74979,39.40841],[-75.75392,39.39999],[-75.7559,39.39803],[-75.76098,39.39579],[-75.76798,39.39332],[-75.77404,39.46757],[-75.7721,39.46868],[-75.77336,39.48095],[-75.77513,39.48094],[-75.77623,39.49437],[-75.77958,39.53554],[-75.77468,39.5351]]]]}},{"type":"Feature","properties":{"zcta":"08038","d":0},"geometry":{"type":"Polygon","coordinates":[[[-75.45673,39.42267],[-75.46521,39.43893],[-75.47278,39.43713],[-75.48357,39.44082],[-75.48821,39.44336],[-75.48843,39.44797],[-75.49372,39.44949],[-75.49892,39.44882],[-75.50567,39.45293],[-75.50838,39.45913],[-75.53643,39.46056],[-75.54289,39.47045],[-75.54437,39.4796],[-75.54269,39.49657],[-75.52783,39.49813],[-75.52802,39.50041],[-75.52582,39.50006],[-75.52378,39.49828],[-75.52184,39.49897],[-75.52169,39.5011],[-75.51947,39.50235],[-75.51795,39.50116],[-75.51815,39.49823],[-75.51659,39.49736],[-75.51344,39.49924],[-75.51118,39.49768],[-75.51068,39.49499],[-75.50854,39.49453],[-75.50566,39.49609],[-75.50509,39.49795],[-75.50898,39.4987],[-75.51068,39.50048],[-75.50884,39.50152],[-75.50298,39.50065],[-75.49934,39.50251],[-75.49461,39.5033],[-75.49068,39.50601],[-75.48718,39.50456],[-75.48229,39.50581],[-75.48109,39.50679],[-75.48042,39.51111],[-75.47886,39.51187],[-75.47601,39.51101],[-75.47683,39.50719],[-75.46945,39.50478],[-75.46035,39.50884],[-75.45413,39.50236],[-75.45139,39.50314],[-75.44746,39.49742],[-75.44795,39.49453],[-75.44616,39.48945],[-75.44776,39.48891],[-75.44713,39.48596],[-75.44857,39.48541],[-75.44881,39.48001],[-75.44668,39.46924],[-75.44801,39.46505],[-75.45118,39.46236],[-75.45345,39.46153],[-75.45383,39.45994],[-75.45647,39.45969],[-75.45399,39.4577],[-75.45569,39.45748],[-75.45869,39.45521],[-75.45825,39.45381],[-75.453,39.45292],[-75.44873,39.45039],[-75.44836,39.44601],[-75.45244,39.44412],[-75.45279,39.44102],[-75.45086,39.43903],[-75.44757,39.43898],[-75.44692,39.43531],[-75.44728,39.43213],[-75.45128,39.42725],[-75.4512,39.42523],[-75.4533,39.42161],[-75.45101,39.4211],[-75.45059,39.41805],[-75.45174,39.41712],[-75.45673,39.42267]]]}},{"type":"Feature","properties":{"zcta":"19043","d":3731},"geometry":{"type":"Polygon","coordinates":[[[-75.30742,39.90773],[-75.3049,39.90444],[-75.30296,39.90545],[-75.30048,39.90461],[-75.30575,39.90292],[-75.3022,39.89809],[-75.30649,39.89615],[-75.31388,39.89283],[-75.31491,39.89511],[-75.31327,39.89621],[-75.31536,39.8981],[-75.30994,39.90112],[-75.31454,39.90484],[-75.30742,39.90773]]]}},{"type":"Feature","properties":{"zcta":"19081","d":2037},"geometry":{"type":"Polygon","coordinates":[[[-75.35451,39.91327],[-75.34327,39.91431],[-75.33991,39.90844],[-75.33764,39.9057],[-75.34057,39.90355],[-75.33689,39.90294],[-75.33546,39.90387],[-75.33464,39.90097],[-75.33369,39.90067],[-75.33508,39.8939],[-75.33792,39.89126],[-75.33674,39.88949],[-75.3412,39.88653],[-75.34831,39.88183],[-75.34976,39.87964],[-75.35041,39.88125],[-75.35109,39.88375],[-75.35471,39.88374],[-75.35612,39.88669],[-75.35777,39.88742],[-75.3565,39.88927],[-75.35677,39.89131],[-75.35886,39.89305],[-75.35618,39.89531],[-75.35532,39.89869],[-75.3569,39.899],[-75.35714,39.90134],[-75.36059,39.90138],[-75.36139,39.90316],[-75.35821,39.90454],[-75.35805,39.90733],[-75.3597,39.90868],[-75.35831,39.91087],[-75.35451,39.91327]]]}},{"type":"Feature","properties":{"zcta":"19127","d":6164},"geometry":{"type":"Polygon","coordinates":[[[-75.20801,40.013],[-75.21222,40.01546],[-75.21806,40.02094],[-75.22215,40.02261],[-75.22815,40.02603],[-75.23209,40.02799],[-75.23849,40.03239],[-75.24149,40.03514],[-75.2456,40.03766],[-75.24904,40.04185],[-75.2513,40.04351],[-75.25037,40.0444],[-75.24711,40.0421],[-75.2442,40.03831],[-75.24104,40.03742],[-75.23627,40.03481],[-75.23405,40.0357],[-75.23103,40.0331],[-75.22791,40.03485],[-75.22608,40.03381],[-75.22321,40.02908],[-75.2182,40.02497],[-75.21511,40.02362],[-75.21147,40.01895],[-75.21279,40.01834],[-75.2087,40.01548],[-75.2069,40.01496],[-75.20801,40.013]]]}},{"type":"Feature","properties":{"zcta":"19350","d":188},"geometry":{"type":"Polygon","coordinates":[[[-75.83316,39.78974],[-75.83268,39.7831],[-75.83,39.78274],[-75.82241,39.78468],[-75.81877,39.7866],[-75.81981,39.78818],[-75.82278,39.78906],[-75.82397,39.79283],[-75.80875,39.79393],[-75.80737,39.79573],[-75.79737,39.79657],[-75.78921,39.79919],[-75.78909,39.79739],[-75.78741,39.79674],[-75.78274,39.79796],[-75.78354,39.79969],[-75.77901,39.79993],[-75.7793,39.80207],[-75.77596,39.80286],[-75.77742,39.8069],[-75.77691,39.81076],[-75.77409,39.81107],[-75.77281,39.81273],[-75.77025,39.81293],[-75.76891,39.81597],[-75.76779,39.81629],[-75.76651,39.80889],[-75.76652,39.80597],[-75.76111,39.80483],[-75.76162,39.80755],[-75.76276,39.80791],[-75.76032,39.81299],[-75.75126,39.80912],[-75.74752,39.80703],[-75.73786,39.80176],[-75.72496,39.79822],[-75.72673,39.79545],[-75.72486,39.78583],[-75.73227,39.7795],[-75.73649,39.77576],[-75.74439,39.76785],[-75.75307,39.75763],[-75.76035,39.74723],[-75.76606,39.73781],[-75.77379,39.7222],[-75.7886,39.7222],[-75.79956,39.72188],[-75.87513,39.72179],[-75.87488,39.72254],[-75.87384,39.72642],[-75.87544,39.73561],[-75.87479,39.73533],[-75.86825,39.74032],[-75.86594,39.73683],[-75.86329,39.73762],[-75.864,39.74022],[-75.8629,39.74099],[-75.85609,39.73905],[-75.85532,39.74099],[-75.85252,39.74347],[-75.84843,39.74254],[-75.84923,39.74859],[-75.8404,39.74943],[-75.83589,39.75054],[-75.83386,39.75383],[-75.83448,39.75831],[-75.83532,39.75875],[-75.83225,39.76344],[-75.82941,39.76618],[-75.83349,39.76763],[-75.83654,39.76772],[-75.83831,39.76649],[-75.84226,39.76995],[-75.84919,39.77018],[-75.84948,39.77197],[-75.84739,39.77522],[-75.84325,39.77513],[-75.84179,39.77638],[-75.83961,39.77625],[-75.84056,39.78224],[-75.84306,39.78196],[-75.84096,39.78522],[-75.84163,39.78903],[-75.83316,39.78974]]]}},{"type":"Feature","properties":{"zcta":"18914","d":633},"geometry":{"type":"Polygon","coordinates":[[[-75.25453,40.30837],[-75.2519,40.31102],[-75.24599,40.31703],[-75.24327,40.31619],[-75.23788,40.31854],[-75.23707,40.31984],[-75.24008,40.32292],[-75.2357,40.32719],[-75.23488,40.32665],[-75.22985,40.33131],[-75.22799,40.33131],[-75.22323,40.32708],[-75.22242,40.32901],[-75.21609,40.33202],[-75.21523,40.33448],[-75.21831,40.33688],[-75.21622,40.33871],[-75.21314,40.33606],[-75.207,40.34047],[-75.20847,40.34137],[-75.20541,40.34562],[-75.2,40.34206],[-75.19369,40.34822],[-75.18996,40.34588],[-75.185,40.34279],[-75.18638,40.34152],[-75.18534,40.33903],[-75.18773,40.33857],[-75.18981,40.33604],[-75.18711,40.33486],[-75.1903,40.329],[-75.19274,40.32763],[-75.19583,40.32447],[-75.20129,40.32275],[-75.20567,40.32008],[-75.20364,40.31709],[-75.20752,40.31224],[-75.20571,40.31014],[-75.20282,40.30927],[-75.20146,40.31056],[-75.19942,40.30925],[-75.2006,40.30646],[-75.19352,40.30222],[-75.20022,40.29799],[-75.20008,40.29516],[-75.20164,40.29272],[-75.19823,40.29082],[-75.18885,40.29426],[-75.18688,40.29111],[-75.18399,40.29178],[-75.18719,40.28955],[-75.18841,40.28488],[-75.16421,40.2703],[-75.16662,40.26782],[-75.1756,40.26164],[-75.18042,40.25567],[-75.17843,40.25452],[-75.17997,40.25221],[-75.17869,40.25143],[-75.18245,40.24772],[-75.17408,40.24258],[-75.17287,40.24376],[-75.1749,40.24476],[-75.17514,40.24668],[-75.17379,40.24798],[-75.17184,40.24679],[-75.17013,40.24846],[-75.1689,40.24771],[-75.17105,40.24557],[-75.16382,40.24314],[-75.1658,40.23781],[-75.16681,40.23658],[-75.17143,40.23587],[-75.17417,40.23304],[-75.17013,40.2305],[-75.16863,40.23313],[-75.16577,40.23584],[-75.16331,40.23258],[-75.16723,40.22866],[-75.16444,40.22697],[-75.16495,40.22648],[-75.16784,40.22824],[-75.17179,40.22378],[-75.17847,40.22708],[-75.17922,40.22862],[-75.1751,40.23362],[-75.1774,40.23505],[-75.19972,40.24887],[-75.20362,40.24861],[-75.20288,40.25022],[-75.20647,40.25285],[-75.19876,40.26041],[-75.20221,40.2626],[-75.20385,40.26096],[-75.20425,40.25755],[-75.20866,40.25419],[-75.21413,40.25742],[-75.23899,40.27199],[-75.25727,40.28254],[-75.25709,40.28369],[-75.25929,40.28663],[-75.25855,40.28786],[-75.24908,40.28841],[-75.24711,40.28778],[-75.24361,40.29016],[-75.24066,40.28927],[-75.23893,40.2908],[-75.24152,40.29132],[-75.2433,40.29709],[-75.24341,40.29923],[-75.24835,40.30225],[-75.25051,40.30012],[-75.25417,40.30176],[-75.26019,40.30276],[-75.25949,40.30346],[-75.25453,40.30837]]]}},{"type":"Feature","properties":{"zcta":"18938","d":179},"geometry":{"type":"MultiPolygon","coordinates":[[[[-75.05555,40.31794],[-75.0569,40.31871],[-75.05562,40.32037],[-75.05211,40.31822],[-75.05182,40.3162],[-75.05004,40.31809],[-75.04525,40.32074],[-75.04378,40.32219],[-75.04953,40.32552],[-75.04697,40.32715],[-75.04643,40.32895],[-75.04323,40.3325],[-75.04847,40.33599],[-75.04173,40.34282],[-75.03863,40.34418],[-75.03249,40.34874],[-75.03179,40.35127],[-75.03396,40.35259],[-75.03229,40.35417],[-75.03676,40.35702],[-75.03321,40.35962],[-75.03299,40.36123],[-75.02802,40.36648],[-75.0304,40.36868],[-75.03036,40.37074],[-75.03235,40.37242],[-75.03473,40.37291],[-75.03974,40.37586],[-75.04129,40.37609],[-75.03819,40.37873],[-75.03854,40.38011],[-75.04517,40.38404],[-75.04725,40.38198],[-75.04953,40.38335],[-75.05134,40.38153],[-75.05419,40.38292],[-75.05586,40.38575],[-75.05357,40.38752],[-75.05637,40.38919],[-75.05608,40.39089],[-75.05411,40.39259],[-75.05519,40.3937],[-75.05331,40.39438],[-75.04731,40.40177],[-75.0434,40.3986],[-75.03896,40.40178],[-75.03658,40.39953],[-75.03938,40.39732],[-75.03736,40.39658],[-75.03024,40.40296],[-75.02241,40.40277],[-75.0227,40.40394],[-75.00674,40.40765],[-75.00378,40.40762],[-74.99865,40.41009],[-74.99638,40.41053],[-74.9889,40.40877],[-74.98547,40.40594],[-74.97687,40.40185],[-74.96813,40.39913],[-74.964,40.39525],[-74.95394,40.37593],[-74.94872,40.36477],[-74.94602,40.35589],[-74.94509,40.34733],[-74.94378,40.34256],[-74.93971,40.33801],[-74.93311,40.33311],[-74.92681,40.32941],[-74.91741,40.32241],[-74.90831,40.31691],[-74.90139,40.31547],[-74.90256,40.31379],[-74.90609,40.31133],[-74.90698,40.3111],[-74.90933,40.3068],[-74.91356,40.30803],[-74.91688,40.30436],[-74.92233,40.30255],[-74.92484,40.30106],[-74.93589,40.29994],[-74.93909,40.29827],[-74.94055,40.30167],[-74.94048,40.30359],[-74.94527,40.30437],[-74.94819,40.30272],[-74.95132,40.29995],[-74.95394,40.30009],[-74.95763,40.30227],[-74.95893,40.30106],[-74.96198,40.30167],[-74.96348,40.30026],[-74.96677,40.30219],[-74.96947,40.29964],[-74.97263,40.30165],[-74.97113,40.30331],[-74.97462,40.30538],[-74.97389,40.30655],[-74.96898,40.30861],[-74.97208,40.31044],[-74.97405,40.31309],[-74.97562,40.31214],[-74.98054,40.31477],[-74.97814,40.3174],[-74.98105,40.31917],[-74.99923,40.30195],[-75.00368,40.29749],[-75.00582,40.2955],[-75.00891,40.29706],[-75.01385,40.30111],[-75.01496,40.30183],[-75.0226,40.30306],[-75.02329,40.30031],[-75.03294,40.29089],[-75.03996,40.29459],[-75.04408,40.29884],[-75.04277,40.29533],[-75.03942,40.29365],[-75.03769,40.29145],[-75.0344,40.28942],[-75.03766,40.29027],[-75.03866,40.29209],[-75.04293,40.29465],[-75.04445,40.29733],[-75.04842,40.29479],[-75.05248,40.29133],[-75.05537,40.2931],[-75.05732,40.29124],[-75.05914,40.29237],[-75.05455,40.2967],[-75.05256,40.29783],[-75.0489,40.30138],[-75.04996,40.30419],[-75.04901,40.30664],[-75.05165,40.3093],[-75.05419,40.30724],[-75.05664,40.3028],[-75.06371,40.30749],[-75.06218,40.30955],[-75.05875,40.31126],[-75.05554,40.30933],[-75.05388,40.31095],[-75.05668,40.314],[-75.05555,40.31794]]],[[[-75.06394,40.41979],[-75.06,40.41677],[-75.05258,40.4144],[-75.04962,40.4141],[-75.04624,40.4126],[-75.04311,40.40898],[-75.05608,40.3989],[-75.05785,40.39753],[-75.05651,40.39508],[-75.06392,40.38763],[-75.06859,40.39062],[-75.06704,40.39212],[-75.07156,40.39491],[-75.06805,40.39823],[-75.07325,40.40171],[-75.07423,40.40078],[-75.07823,40.40332],[-75.07907,40.40252],[-75.07684,40.40108],[-75.07857,40.39941],[-75.08079,40.40085],[-75.08247,40.39931],[-75.0869,40.40073],[-75.09111,40.40335],[-75.09421,40.40491],[-75.09355,40.40615],[-75.08212,40.41561],[-75.08003,40.41612],[-75.07091,40.4214],[-75.06891,40.42126],[-75.06642,40.4226],[-75.06394,40.41979]]]]}},{"type":"Feature","properties":{"zcta":"18976","d":1037},"geometry":{"type":"Polygon","coordinates":[[[-75.15412,40.26416],[-75.15349,40.26528],[-75.15522,40.2714],[-75.1594,40.27557],[-75.15977,40.27763],[-75.15688,40.27789],[-75.15773,40.27561],[-75.15167,40.27686],[-75.15183,40.279],[-75.14571,40.2793],[-75.14141,40.28208],[-75.13763,40.28222],[-75.13609,40.28105],[-75.13863,40.27576],[-75.14157,40.27326],[-75.12948,40.27083],[-75.13087,40.26431],[-75.12578,40.26122],[-75.11909,40.26731],[-75.11615,40.26553],[-75.11213,40.2627],[-75.11716,40.25788],[-75.11247,40.25503],[-75.11091,40.25305],[-75.11303,40.25118],[-75.11029,40.24949],[-75.11302,40.24564],[-75.11006,40.2433],[-75.10873,40.2446],[-75.10565,40.24246],[-75.10425,40.23967],[-75.10679,40.23889],[-75.10922,40.2367],[-75.11099,40.23781],[-75.1266,40.222],[-75.13727,40.2114],[-75.13924,40.21178],[-75.16444,40.22697],[-75.16723,40.22866],[-75.16331,40.23258],[-75.16577,40.23584],[-75.16863,40.23313],[-75.17013,40.2305],[-75.17417,40.23304],[-75.17143,40.23587],[-75.16681,40.23658],[-75.1658,40.23781],[-75.16382,40.24314],[-75.17105,40.24557],[-75.1689,40.24771],[-75.17013,40.24846],[-75.17184,40.24679],[-75.17379,40.24798],[-75.17514,40.24668],[-75.1749,40.24476],[-75.17287,40.24376],[-75.17408,40.24258],[-75.18245,40.24772],[-75.17869,40.25143],[-75.17997,40.25221],[-75.17843,40.25452],[-75.18042,40.25567],[-75.1756,40.26164],[-75.16662,40.26782],[-75.16421,40.2703],[-75.15412,40.26416]]]}},{"type":"Feature","properties":{"zcta":"19020","d":1636},"geometry":{"type":"Polygon","coordinates":[[[-74.97763,40.06759],[-74.97106,40.07397],[-74.97108,40.07599],[-74.96376,40.07706],[-74.95828,40.08415],[-74.95775,40.08984],[-74.95578,40.0951],[-74.96163,40.0978],[-74.96116,40.10345],[-74.96349,40.10674],[-74.96519,40.10778],[-74.96345,40.11001],[-74.96313,40.11498],[-74.96499,40.11863],[-74.96931,40.1171],[-74.97322,40.11989],[-74.97994,40.11974],[-74.97495,40.12248],[-74.9736,40.12176],[-74.97152,40.12404],[-74.97484,40.12349],[-74.9714,40.12611],[-74.96878,40.12926],[-74.96619,40.12856],[-74.96343,40.12647],[-74.96213,40.12734],[-74.96336,40.12962],[-74.96119,40.12972],[-74.96752,40.13116],[-74.96508,40.13428],[-74.95379,40.14586],[-74.95072,40.14587],[-74.94293,40.1483],[-74.93428,40.15334],[-74.92929,40.15311],[-74.92436,40.15099],[-74.91664,40.14461],[-74.90865,40.14136],[-74.9048,40.13881],[-74.90277,40.13582],[-74.89845,40.13224],[-74.89823,40.13116],[-74.90044,40.12854],[-74.90227,40.12083],[-74.90536,40.11698],[-74.90439,40.11391],[-74.9044,40.11119],[-74.90244,40.10577],[-74.90255,40.10412],[-74.90591,40.09991],[-74.9117,40.09817],[-74.91383,40.09255],[-74.9148,40.08828],[-74.91344,40.0858],[-74.91116,40.08478],[-74.90967,40.08268],[-74.90883,40.077],[-74.90911,40.07021],[-74.91342,40.07036],[-74.92087,40.0714],[-74.92513,40.07106],[-74.93258,40.06881],[-74.96689,40.05272],[-74.97371,40.04819],[-74.9797,40.0534],[-74.9839,40.05499],[-74.98489,40.05729],[-74.98038,40.06035],[-74.98099,40.06551],[-74.97763,40.06759]]]}},{"type":"Feature","properties":{"zcta":"19405","d":3646},"geometry":{"type":"Polygon","coordinates":[[[-75.34689,40.1111],[-75.33775,40.10846],[-75.33463,40.10703],[-75.32692,40.10521],[-75.32498,40.10327],[-75.32139,40.09784],[-75.32109,40.0907],[-75.32013,40.08171],[-75.31915,40.08025],[-75.32161,40.07932],[-75.32627,40.08511],[-75.32634,40.09481],[-75.32488,40.09935],[-75.32634,40.10246],[-75.33841,40.09792],[-75.3408,40.09936],[-75.35355,40.09974],[-75.35155,40.10245],[-75.35136,40.10643],[-75.34822,40.10759],[-75.34749,40.10951],[-75.34689,40.1111]]]}},{"type":"Feature","properties":{"zcta":"19355","d":391},"geometry":{"type":"Polygon","coordinates":[[[-75.5729,40.10256],[-75.56943,40.09951],[-75.56159,40.10118],[-75.55922,40.09872],[-75.55567,40.09835],[-75.55514,40.09937],[-75.54944,40.0975],[-75.55063,40.09596],[-75.54612,40.0929],[-75.55126,40.08787],[-75.54987,40.08709],[-75.54759,40.08937],[-75.54335,40.09153],[-75.54183,40.09081],[-75.53998,40.09358],[-75.53736,40.09406],[-75.53332,40.09256],[-75.53327,40.09447],[-75.53086,40.09649],[-75.52956,40.09569],[-75.52571,40.09947],[-75.52203,40.0972],[-75.52087,40.09796],[-75.50687,40.08921],[-75.50422,40.08709],[-75.50481,40.0898],[-75.50282,40.09517],[-75.50304,40.09122],[-75.50082,40.09015],[-75.50025,40.08694],[-75.49786,40.08718],[-75.49595,40.08371],[-75.4769,40.08867],[-75.47609,40.08791],[-75.47984,40.08503],[-75.4773,40.08508],[-75.47638,40.08634],[-75.47401,40.08499],[-75.46049,40.08877],[-75.46273,40.09222],[-75.45662,40.09385],[-75.45619,40.08778],[-75.45395,40.0866],[-75.44869,40.08734],[-75.44519,40.0824],[-75.45571,40.08026],[-75.47806,40.07747],[-75.47262,40.07015],[-75.47096,40.06909],[-75.47213,40.06616],[-75.47515,40.06313],[-75.4797,40.06066],[-75.48378,40.06008],[-75.48615,40.06075],[-75.48984,40.06303],[-75.48781,40.05946],[-75.49492,40.05603],[-75.48741,40.05786],[-75.49132,40.05609],[-75.4919,40.05398],[-75.4907,40.05251],[-75.48625,40.05311],[-75.48603,40.05219],[-75.49864,40.04916],[-75.49852,40.04882],[-75.5077,40.04514],[-75.50459,40.04254],[-75.49972,40.04205],[-75.50298,40.04037],[-75.50867,40.03953],[-75.50819,40.03856],[-75.49807,40.04116],[-75.48892,40.0293],[-75.48906,40.02785],[-75.4873,40.02478],[-75.48613,40.02651],[-75.48272,40.02676],[-75.48071,40.02868],[-75.48069,40.02653],[-75.47662,40.01895],[-75.47578,40.01837],[-75.4771,40.01444],[-75.47036,40.01155],[-75.46526,40.0077],[-75.46258,40.0013],[-75.46427,40.00014],[-75.46811,40.00038],[-75.4723,40.00276],[-75.47354,40.0023],[-75.47115,39.99739],[-75.46839,39.99484],[-75.46038,39.9986],[-75.46091,39.99499],[-75.46363,39.98952],[-75.47569,39.99031],[-75.48116,39.98922],[-75.4909,39.9845],[-75.49829,39.98262],[-75.49346,39.97576],[-75.49219,39.97215],[-75.4963,39.97253],[-75.4959,39.97394],[-75.49935,39.97702],[-75.50249,39.9756],[-75.50504,39.97805],[-75.5079,39.97774],[-75.51198,39.98129],[-75.51371,39.98162],[-75.51441,39.98451],[-75.51764,39.98824],[-75.5207,39.9868],[-75.5243,39.99094],[-75.52584,39.99421],[-75.52457,39.99708],[-75.5254,39.99817],[-75.52944,39.99775],[-75.53462,39.99549],[-75.53624,39.99711],[-75.53909,39.99656],[-75.5401,39.99923],[-75.53638,40.00789],[-75.53804,40.00967],[-75.5416,40.00843],[-75.54378,40.01295],[-75.54175,40.0147],[-75.54527,40.01373],[-75.54609,40.01942],[-75.54797,40.02036],[-75.5532,40.0199],[-75.55694,40.01889],[-75.55772,40.01762],[-75.56095,40.01833],[-75.56228,40.01752],[-75.56483,40.0207],[-75.56446,40.01837],[-75.57009,40.01669],[-75.57181,40.0178],[-75.57523,40.01639],[-75.58469,40.0296],[-75.58939,40.03612],[-75.58833,40.03651],[-75.59171,40.04127],[-75.58663,40.0419],[-75.57902,40.04209],[-75.58713,40.05293],[-75.59041,40.05164],[-75.59538,40.05116],[-75.59812,40.04999],[-75.60131,40.05432],[-75.61333,40.05054],[-75.61632,40.05476],[-75.61846,40.05607],[-75.61206,40.06246],[-75.60999,40.06134],[-75.60795,40.06294],[-75.60773,40.06492],[-75.60155,40.06477],[-75.60241,40.06871],[-75.60474,40.06867],[-75.60427,40.07036],[-75.59169,40.08307],[-75.58818,40.08207],[-75.58396,40.08619],[-75.58057,40.08774],[-75.57763,40.09446],[-75.57833,40.09699],[-75.5729,40.10256]],[[-75.57624,40.02434],[-75.57073,40.0264],[-75.56509,40.02741],[-75.56632,40.02916],[-75.55855,40.03029],[-75.55955,40.03337],[-75.56078,40.03384],[-75.56923,40.03264],[-75.57792,40.03085],[-75.57857,40.0292],[-75.57624,40.02434]]]}},{"type":"Feature","properties":{"zcta":"19124","d":5590},"geometry":{"type":"Polygon","coordinates":[[[-75.12275,40.01972],[-75.11864,40.0192],[-75.11956,40.01481],[-75.11747,40.01578],[-75.11944,40.01303],[-75.11216,40.01209],[-75.11009,40.01977],[-75.11222,40.02006],[-75.11019,40.02229],[-75.11284,40.02703],[-75.1109,40.0296],[-75.11114,40.03104],[-75.1084,40.03198],[-75.10397,40.03491],[-75.10472,40.03532],[-75.10157,40.03829],[-75.09842,40.0361],[-75.0961,40.03657],[-75.09203,40.04021],[-75.09054,40.03914],[-75.0894,40.03726],[-75.09083,40.03579],[-75.07478,40.02656],[-75.06761,40.02085],[-75.06479,40.01768],[-75.06134,40.01276],[-75.07845,40.00859],[-75.07739,40.00364],[-75.08302,39.99606],[-75.08757,40.0002],[-75.08811,40.00298],[-75.0895,40.00368],[-75.09504,39.99917],[-75.09618,40.00024],[-75.09842,39.99907],[-75.09991,40.00174],[-75.10308,40.00215],[-75.10162,40.00314],[-75.10566,40.00403],[-75.10533,40.00552],[-75.10937,40.00539],[-75.12729,40.0077],[-75.12509,40.01811],[-75.12275,40.01972]]]}},{"type":"Feature","properties":{"zcta":"08109","d":2391},"geometry":{"type":"Polygon","coordinates":[[[-75.10143,39.94292],[-75.10094,39.94088],[-75.09713,39.94038],[-75.0895,39.93819],[-75.08815,39.93673],[-75.08693,39.93779],[-75.08422,39.93653],[-75.08539,39.93535],[-75.08187,39.93417],[-75.07603,39.93743],[-75.06786,39.94683],[-75.06709,39.94846],[-75.06425,39.95173],[-75.05911,39.955],[-75.05082,39.96265],[-75.04392,39.96983],[-75.03924,39.97284],[-75.03428,39.97275],[-75.03015,39.9737],[-75.02606,39.97535],[-75.02394,39.97367],[-75.02512,39.96756],[-75.0237,39.96738],[-75.02426,39.96469],[-75.01925,39.96743],[-75.01886,39.96399],[-75.01654,39.961],[-75.0176,39.95938],[-75.01307,39.95648],[-75.01333,39.9542],[-75.02678,39.9528],[-75.03252,39.95113],[-75.03327,39.94931],[-75.03447,39.95055],[-75.0372,39.94976],[-75.03537,39.94816],[-75.04022,39.94617],[-75.0412,39.94711],[-75.04739,39.94681],[-75.06301,39.92903],[-75.0661,39.92585],[-75.07781,39.92521],[-75.08154,39.92604],[-75.08649,39.92682],[-75.0873,39.92775],[-75.08601,39.9316],[-75.08677,39.93483],[-75.0885,39.93435],[-75.09122,39.93676],[-75.09483,39.93747],[-75.09712,39.9393],[-75.10274,39.94027],[-75.10567,39.93871],[-75.10599,39.94104],[-75.10447,39.94398],[-75.10143,39.94292]]]}},{"type":"Feature","properties":{"zcta":"08085","d":227},"geometry":{"type":"Polygon","coordinates":[[[-75.40355,39.79687],[-75.39587,39.79976],[-75.39104,39.79853],[-75.39004,39.80125],[-75.38087,39.8074],[-75.37824,39.80762],[-75.37107,39.80699],[-75.36668,39.80753],[-75.36432,39.80694],[-75.36059,39.80347],[-75.35569,39.80307],[-75.35602,39.80082],[-75.35402,39.79839],[-75.35434,39.79719],[-75.35878,39.79377],[-75.35777,39.79223],[-75.35654,39.79398],[-75.35302,39.79273],[-75.35627,39.78954],[-75.35499,39.78808],[-75.35604,39.78534],[-75.353,39.78341],[-75.35027,39.78328],[-75.35002,39.78164],[-75.35521,39.7769],[-75.35449,39.7737],[-75.35164,39.77268],[-75.35062,39.7736],[-75.34826,39.77154],[-75.33964,39.77848],[-75.34133,39.78351],[-75.3474,39.79916],[-75.33964,39.79956],[-75.33871,39.80064],[-75.34013,39.8031],[-75.34044,39.80618],[-75.3362,39.80734],[-75.33925,39.81305],[-75.34054,39.81299],[-75.34117,39.81605],[-75.3392,39.81858],[-75.34403,39.82414],[-75.34782,39.82739],[-75.34375,39.82853],[-75.3427,39.82681],[-75.3344,39.83101],[-75.33196,39.83128],[-75.32904,39.82826],[-75.32777,39.82514],[-75.32692,39.82724],[-75.32438,39.8253],[-75.32287,39.82534],[-75.32266,39.82328],[-75.32092,39.8226],[-75.31974,39.82419],[-75.31779,39.82161],[-75.31443,39.82215],[-75.31413,39.82039],[-75.31107,39.81934],[-75.30882,39.81668],[-75.306,39.81608],[-75.30132,39.81397],[-75.29951,39.81009],[-75.29207,39.80591],[-75.29009,39.80344],[-75.28999,39.80044],[-75.28797,39.79695],[-75.28852,39.79325],[-75.28628,39.79283],[-75.2858,39.78913],[-75.28735,39.78865],[-75.28626,39.78586],[-75.28244,39.78487],[-75.28188,39.78236],[-75.28282,39.77932],[-75.28073,39.77748],[-75.27687,39.7764],[-75.27459,39.77484],[-75.27422,39.77209],[-75.27526,39.76922],[-75.265,39.76222],[-75.26707,39.74413],[-75.26984,39.74294],[-75.27598,39.73656],[-75.27109,39.73379],[-75.27796,39.73033],[-75.28617,39.72336],[-75.27484,39.70746],[-75.26828,39.70189],[-75.26628,39.70322],[-75.2659,39.69985],[-75.26473,39.69886],[-75.27259,39.69176],[-75.27682,39.69385],[-75.27757,39.68977],[-75.28097,39.68973],[-75.28544,39.6885],[-75.28544,39.68538],[-75.28647,39.68041],[-75.28696,39.68024],[-75.28777,39.6815],[-75.29105,39.68276],[-75.29529,39.68615],[-75.29703,39.68576],[-75.30154,39.68821],[-75.30462,39.68788],[-75.30645,39.68953],[-75.31041,39.68902],[-75.31362,39.69178],[-75.31599,39.69102],[-75.32178,39.69125],[-75.32442,39.68946],[-75.32661,39.69022],[-75.3267,39.69629],[-75.3309,39.69678],[-75.33093,39.69813],[-75.33524,39.70024],[-75.33605,39.70388],[-75.3403,39.70521],[-75.34159,39.70433],[-75.34359,39.7058],[-75.34743,39.70711],[-75.34812,39.70919],[-75.35025,39.71125],[-75.35553,39.71173],[-75.35722,39.71296],[-75.36035,39.71325],[-75.36712,39.70564],[-75.37085,39.70797],[-75.37554,39.71601],[-75.36946,39.72336],[-75.37234,39.72477],[-75.37295,39.72403],[-75.37659,39.72642],[-75.37579,39.72997],[-75.37796,39.73046],[-75.37563,39.73189],[-75.3741,39.73537],[-75.37481,39.73715],[-75.37735,39.73906],[-75.37508,39.74029],[-75.37765,39.74036],[-75.37676,39.74494],[-75.37996,39.74812],[-75.38313,39.74578],[-75.38585,39.74697],[-75.38726,39.74951],[-75.38637,39.75084],[-75.39011,39.75185],[-75.39184,39.75001],[-75.39466,39.75312],[-75.39431,39.75555],[-75.39117,39.75531],[-75.38933,39.75642],[-75.39275,39.75798],[-75.38995,39.76051],[-75.39658,39.76128],[-75.39782,39.75747],[-75.39959,39.75872],[-75.39958,39.76147],[-75.4032,39.76125],[-75.40596,39.76348],[-75.40492,39.76904],[-75.40328,39.77004],[-75.40165,39.76788],[-75.39737,39.76923],[-75.395,39.77385],[-75.3966,39.77414],[-75.39938,39.77257],[-75.40052,39.77358],[-75.40017,39.77843],[-75.40248,39.78258],[-75.40401,39.78287],[-75.40593,39.78112],[-75.40799,39.78203],[-75.40642,39.78338],[-75.40752,39.78724],[-75.40917,39.78775],[-75.41351,39.78501],[-75.4174,39.78563],[-75.42472,39.78388],[-75.42906,39.78382],[-75.42168,39.7873],[-75.41933,39.78972],[-75.41302,39.79236],[-75.4113,39.79354],[-75.40769,39.79409],[-75.40427,39.79557],[-75.40355,39.79687]]]}},{"type":"Feature","properties":{"zcta":"08062","d":263},"geometry":{"type":"Polygon","coordinates":[[[-75.26645,39.68501],[-75.2661,39.68855],[-75.27259,39.69176],[-75.26473,39.69886],[-75.2659,39.69985],[-75.26628,39.70322],[-75.26828,39.70189],[-75.27484,39.70746],[-75.28617,39.72336],[-75.27796,39.73033],[-75.27109,39.73379],[-75.27598,39.73656],[-75.26984,39.74294],[-75.26707,39.74413],[-75.265,39.76222],[-75.26107,39.7617],[-75.26128,39.76252],[-75.25495,39.76589],[-75.25146,39.76045],[-75.249,39.76013],[-75.24523,39.76337],[-75.24359,39.75957],[-75.2294,39.75809],[-75.23562,39.76419],[-75.23314,39.76383],[-75.22601,39.761],[-75.22902,39.75806],[-75.21265,39.75675],[-75.20922,39.75638],[-75.20354,39.75295],[-75.20018,39.75347],[-75.19946,39.7562],[-75.19446,39.756],[-75.1909,39.75501],[-75.18513,39.75608],[-75.18464,39.74734],[-75.18708,39.74791],[-75.19347,39.74699],[-75.17418,39.73561],[-75.15887,39.7264],[-75.13951,39.71502],[-75.16754,39.68547],[-75.17293,39.68691],[-75.1768,39.68614],[-75.17886,39.68506],[-75.18406,39.68533],[-75.18946,39.68941],[-75.18908,39.69051],[-75.19292,39.69763],[-75.19773,39.69436],[-75.20128,39.6867],[-75.20646,39.68475],[-75.20708,39.6802],[-75.19905,39.67524],[-75.20785,39.66871],[-75.20953,39.66854],[-75.21089,39.66549],[-75.21032,39.66407],[-75.21306,39.66444],[-75.2191,39.66194],[-75.22393,39.66308],[-75.22887,39.66194],[-75.23087,39.66226],[-75.23345,39.66143],[-75.23626,39.66268],[-75.24531,39.66411],[-75.2479,39.66521],[-75.2507,39.66862],[-75.25104,39.67134],[-75.25012,39.67289],[-75.25172,39.67438],[-75.2514,39.67678],[-75.25328,39.67903],[-75.25854,39.67968],[-75.26233,39.68178],[-75.26847,39.68226],[-75.27259,39.68176],[-75.27602,39.68042],[-75.27794,39.68117],[-75.286,39.67959],[-75.28696,39.68024],[-75.28647,39.68041],[-75.26645,39.68501]],[[-75.17012,39.7047],[-75.16641,39.70454],[-75.15627,39.70951],[-75.16137,39.72112],[-75.16629,39.72248],[-75.16869,39.72129],[-75.16676,39.72014],[-75.17012,39.7047]]]}},{"type":"Feature","properties":{"zcta":"19808","d":1449},"geometry":{"type":"Polygon","coordinates":[[[-75.69949,39.75146],[-75.69977,39.75332],[-75.69776,39.75344],[-75.69808,39.7561],[-75.69135,39.75663],[-75.68152,39.76048],[-75.6792,39.75698],[-75.67933,39.75051],[-75.67734,39.75244],[-75.678,39.75377],[-75.67082,39.76063],[-75.66779,39.76219],[-75.67004,39.76372],[-75.6717,39.76349],[-75.67164,39.7677],[-75.66689,39.76952],[-75.66392,39.76693],[-75.66388,39.76909],[-75.66081,39.76733],[-75.65796,39.76683],[-75.65757,39.76805],[-75.65438,39.7662],[-75.65726,39.76621],[-75.65556,39.76477],[-75.65544,39.76156],[-75.64804,39.75952],[-75.64691,39.76208],[-75.6404,39.76148],[-75.6399,39.76219],[-75.63366,39.76288],[-75.61911,39.76128],[-75.62055,39.75903],[-75.62544,39.75853],[-75.62453,39.75306],[-75.62401,39.74634],[-75.62284,39.7453],[-75.62336,39.74085],[-75.62219,39.73493],[-75.61854,39.73048],[-75.62216,39.72973],[-75.65017,39.72018],[-75.65302,39.71819],[-75.66833,39.70613],[-75.68269,39.69944],[-75.68416,39.70269],[-75.68683,39.70531],[-75.6844,39.70706],[-75.68288,39.70687],[-75.68159,39.70925],[-75.68381,39.71275],[-75.68838,39.71307],[-75.69323,39.71067],[-75.69678,39.71569],[-75.69508,39.71666],[-75.69739,39.71814],[-75.69913,39.72185],[-75.70115,39.72392],[-75.70194,39.72948],[-75.70357,39.73174],[-75.70635,39.73286],[-75.71162,39.74032],[-75.71589,39.74143],[-75.71821,39.7454],[-75.71582,39.74653],[-75.71078,39.74584],[-75.70308,39.7508],[-75.69949,39.75146]]]}},{"type":"Feature","properties":{"zcta":"21911","d":140},"geometry":{"type":"Polygon","coordinates":[[[-76.13558,39.72156],[-76.02762,39.72183],[-76.01307,39.72192],[-75.99865,39.72158],[-75.96215,39.72164],[-75.93716,39.72168],[-75.93964,39.71811],[-75.93712,39.71474],[-75.9374,39.71323],[-75.94411,39.70787],[-75.9446,39.70576],[-75.94699,39.70221],[-75.94555,39.69975],[-75.95284,39.69983],[-75.97916,39.70302],[-75.97911,39.70088],[-75.98274,39.70057],[-75.98535,39.69815],[-75.98506,39.69534],[-75.99064,39.69271],[-75.9869,39.67738],[-75.98594,39.67648],[-75.97602,39.67409],[-75.97801,39.67198],[-75.98522,39.66748],[-75.9818,39.6558],[-75.98705,39.65568],[-75.98826,39.6537],[-75.9852,39.65368],[-75.98207,39.65247],[-75.98084,39.64723],[-75.97942,39.64543],[-75.97522,39.64344],[-75.97782,39.64274],[-75.97889,39.63988],[-75.97705,39.63337],[-75.97458,39.62677],[-75.9799,39.62627],[-75.98482,39.62527],[-75.98812,39.62396],[-75.99284,39.62095],[-75.99455,39.62265],[-76.00068,39.6253],[-76.00449,39.62808],[-76.009,39.62783],[-76.01576,39.62934],[-76.01462,39.63839],[-76.00977,39.63898],[-76.01723,39.64125],[-76.02934,39.64548],[-76.03008,39.64609],[-76.03536,39.64435],[-76.03522,39.64622],[-76.03963,39.64706],[-76.03958,39.64997],[-76.04549,39.64882],[-76.04749,39.64964],[-76.04664,39.65103],[-76.04883,39.65108],[-76.05058,39.65266],[-76.05685,39.6624],[-76.06238,39.66753],[-76.06723,39.67054],[-76.06941,39.67029],[-76.07071,39.67468],[-76.06588,39.67516],[-76.06466,39.678],[-76.06682,39.67802],[-76.06853,39.67638],[-76.07022,39.68723],[-76.07636,39.69167],[-76.07835,39.69465],[-76.08131,39.69584],[-76.08428,39.69148],[-76.08967,39.69054],[-76.0902,39.68815],[-76.09359,39.68903],[-76.09617,39.69081],[-76.1005,39.69062],[-76.104,39.69147],[-76.1075,39.69123],[-76.10969,39.68995],[-76.11243,39.69044],[-76.11199,39.69378],[-76.11585,39.69388],[-76.11916,39.6948],[-76.1224,39.6946],[-76.12807,39.69021],[-76.13431,39.68881],[-76.13945,39.69028],[-76.14051,39.692],[-76.14015,39.69415],[-76.14387,39.69727],[-76.14733,39.69687],[-76.14558,39.6988],[-76.14684,39.70042],[-76.1458,39.70308],[-76.14662,39.70459],[-76.15062,39.70645],[-76.1529,39.71],[-76.15471,39.70714],[-76.16109,39.70734],[-76.16218,39.7097],[-76.16425,39.71058],[-76.15873,39.71525],[-76.17071,39.72029],[-76.17277,39.72146],[-76.13558,39.72156]]]}},{"type":"Feature","properties":{"zcta":"21917","d":162},"geometry":{"type":"Polygon","coordinates":[[[-76.1224,39.6946],[-76.11916,39.6948],[-76.11585,39.69388],[-76.11199,39.69378],[-76.11243,39.69044],[-76.10969,39.68995],[-76.1075,39.69123],[-76.104,39.69147],[-76.1005,39.69062],[-76.09617,39.69081],[-76.09359,39.68903],[-76.0902,39.68815],[-76.08967,39.69054],[-76.08428,39.69148],[-76.08131,39.69584],[-76.07835,39.69465],[-76.07636,39.69167],[-76.07022,39.68723],[-76.06853,39.67638],[-76.06682,39.67802],[-76.06466,39.678],[-76.06588,39.67516],[-76.07071,39.67468],[-76.06941,39.67029],[-76.07423,39.66996],[-76.07578,39.66562],[-76.07521,39.66019],[-76.08125,39.6563],[-76.08438,39.65555],[-76.0842,39.65309],[-76.08547,39.64936],[-76.08534,39.64271],[-76.08641,39.64054],[-76.08891,39.63909],[-76.09256,39.64065],[-76.09684,39.64083],[-76.10051,39.64218],[-76.10264,39.64512],[-76.108,39.63903],[-76.11275,39.64238],[-76.11901,39.6501],[-76.11913,39.654],[-76.11626,39.65527],[-76.11362,39.6532],[-76.10918,39.65246],[-76.10542,39.6503],[-76.11007,39.65533],[-76.10622,39.65778],[-76.10676,39.66065],[-76.10609,39.66483],[-76.10379,39.66698],[-76.10289,39.6698],[-76.10473,39.67],[-76.10564,39.67186],[-76.11474,39.67104],[-76.12232,39.67556],[-76.12477,39.6739],[-76.1297,39.67611],[-76.1316,39.67454],[-76.1342,39.67498],[-76.13327,39.67764],[-76.1344,39.6812],[-76.13275,39.6829],[-76.13354,39.68608],[-76.13123,39.68899],[-76.12807,39.69021],[-76.1224,39.6946]]]}},{"type":"Feature","properties":{"zcta":"08046","d":2301},"geometry":{"type":"Polygon","coordinates":[[[-74.88616,40.05779],[-74.88453,40.05308],[-74.8825,40.05354],[-74.87796,40.04304],[-74.87775,40.04343],[-74.86776,40.04421],[-74.86396,40.03725],[-74.86165,40.03864],[-74.8568,40.03894],[-74.85689,40.03828],[-74.8517,40.03674],[-74.85298,40.03324],[-74.85585,40.03337],[-74.85638,40.03194],[-74.85806,40.0323],[-74.86384,40.01789],[-74.86217,40.01758],[-74.86462,40.01203],[-74.86877,40.01303],[-74.87001,40.01227],[-74.87217,40.0102],[-74.8679,40.0085],[-74.87242,39.99771],[-74.87707,39.99829],[-74.88225,40.00075],[-74.88731,40.00261],[-74.8883,40.00735],[-74.8953,40.00937],[-74.89837,40.01192],[-74.90458,40.01364],[-74.90664,40.01467],[-74.91432,40.0213],[-74.92073,40.02374],[-74.91946,40.02438],[-74.92144,40.02837],[-74.91525,40.03516],[-74.91525,40.03719],[-74.91753,40.03755],[-74.91562,40.03867],[-74.88943,40.05565],[-74.88616,40.05779]]]}},{"type":"Feature","properties":{"zcta":"19367","d":0},"geometry":{"type":"Polygon","coordinates":[[[-75.88856,39.95981],[-75.88834,39.96254],[-75.88629,39.96319],[-75.88741,39.96596],[-75.88329,39.9667],[-75.88192,39.96419],[-75.87972,39.96471],[-75.87858,39.96155],[-75.88589,39.95975],[-75.88856,39.95981]]]}},{"type":"Feature","properties":{"zcta":"19106","d":9054},"geometry":{"type":"Polygon","coordinates":[[[-75.14854,39.95764],[-75.14159,39.95575],[-75.14141,39.95712],[-75.1386,39.95676],[-75.13709,39.9602],[-75.13174,39.95984],[-75.13022,39.95859],[-75.13385,39.95422],[-75.13572,39.94711],[-75.13579,39.94495],[-75.13612,39.93391],[-75.13502,39.92733],[-75.1343,39.92578],[-75.14058,39.92644],[-75.14089,39.92723],[-75.14478,39.92737],[-75.14342,39.93322],[-75.14191,39.9332],[-75.14211,39.93796],[-75.14005,39.93909],[-75.14311,39.94085],[-75.14364,39.94288],[-75.15514,39.94399],[-75.15232,39.95692],[-75.15163,39.95722],[-75.14854,39.95764]]]}},{"type":"Feature","properties":{"zcta":"19010","d":1060},"geometry":{"type":"Polygon","coordinates":[[[-75.37438,40.01278],[-75.37374,40.01412],[-75.3672,40.01667],[-75.36629,40.01394],[-75.36478,40.01309],[-75.36075,40.01511],[-75.35899,40.01847],[-75.35742,40.01456],[-75.35637,40.01657],[-75.36051,40.02293],[-75.35783,40.02558],[-75.3439,40.03165],[-75.34267,40.02968],[-75.33937,40.03116],[-75.33932,40.03368],[-75.33522,40.03616],[-75.32948,40.03751],[-75.33088,40.03935],[-75.32854,40.04161],[-75.32652,40.0409],[-75.32436,40.03834],[-75.32119,40.03933],[-75.31639,40.03986],[-75.31298,40.04132],[-75.31579,40.04453],[-75.31928,40.04305],[-75.32201,40.04634],[-75.32058,40.04696],[-75.31906,40.04538],[-75.31622,40.04655],[-75.31743,40.04839],[-75.30469,40.05456],[-75.30103,40.05811],[-75.29646,40.05083],[-75.29401,40.05059],[-75.2925,40.04611],[-75.28975,40.04239],[-75.29191,40.03924],[-75.28903,40.03554],[-75.29357,40.03318],[-75.29211,40.03144],[-75.2889,40.03015],[-75.29359,40.02927],[-75.2932,40.02689],[-75.29868,40.02522],[-75.30136,40.02302],[-75.3029,40.02422],[-75.30495,40.02349],[-75.30395,40.02228],[-75.3067,40.02088],[-75.30841,40.01859],[-75.31016,40.01934],[-75.31011,40.01632],[-75.31388,40.01434],[-75.31253,40.01322],[-75.31615,40.01104],[-75.31742,40.01218],[-75.32622,40.00857],[-75.3275,40.0103],[-75.33064,40.00892],[-75.33011,40.00571],[-75.33479,40.00395],[-75.33541,40.00476],[-75.34237,40.00136],[-75.34489,39.99961],[-75.35071,39.99841],[-75.35046,39.99691],[-75.3512,39.99718],[-75.35774,39.99559],[-75.36597,39.9992],[-75.3682,40.00098],[-75.36611,40.00282],[-75.3712,40.00383],[-75.37678,40.00643],[-75.37996,40.0093],[-75.37438,40.01278]]]}},{"type":"Feature","properties":{"zcta":"19807","d":236},"geometry":{"type":"MultiPolygon","coordinates":[[[[-75.587,39.75724],[-75.58298,39.75523],[-75.58348,39.75448],[-75.58717,39.75634],[-75.587,39.75724]]],[[[-75.66282,39.82115],[-75.64152,39.82836],[-75.63471,39.83016],[-75.61725,39.834],[-75.59367,39.83746],[-75.57939,39.83855],[-75.57724,39.8345],[-75.57365,39.83123],[-75.57304,39.82911],[-75.57518,39.82599],[-75.57568,39.82256],[-75.57174,39.81943],[-75.5698,39.81706],[-75.57629,39.8113],[-75.58115,39.80916],[-75.58693,39.80394],[-75.58922,39.7991],[-75.59044,39.7957],[-75.58799,39.78019],[-75.58135,39.78332],[-75.58183,39.78652],[-75.57939,39.78722],[-75.5776,39.78425],[-75.57566,39.784],[-75.57067,39.78245],[-75.57056,39.78094],[-75.57367,39.77739],[-75.57744,39.7744],[-75.57904,39.77092],[-75.57612,39.769],[-75.5802,39.76284],[-75.57507,39.75961],[-75.57857,39.75447],[-75.58748,39.75811],[-75.5885,39.75248],[-75.59097,39.75347],[-75.59099,39.75622],[-75.59644,39.76016],[-75.59713,39.7613],[-75.59625,39.76428],[-75.59754,39.76849],[-75.5993,39.76376],[-75.60437,39.75877],[-75.60753,39.75968],[-75.60762,39.75741],[-75.61101,39.75635],[-75.6136,39.75185],[-75.61887,39.75596],[-75.61749,39.75806],[-75.61764,39.76035],[-75.61911,39.76128],[-75.63366,39.76288],[-75.6399,39.76219],[-75.65003,39.76463],[-75.64913,39.7678],[-75.64731,39.76958],[-75.64804,39.77216],[-75.65167,39.77072],[-75.65241,39.77255],[-75.645,39.77671],[-75.64121,39.77801],[-75.64051,39.77667],[-75.63843,39.78057],[-75.64015,39.78612],[-75.64223,39.78871],[-75.64388,39.7887],[-75.64207,39.79275],[-75.6455,39.79415],[-75.64691,39.79733],[-75.64869,39.79793],[-75.65007,39.8002],[-75.65394,39.80253],[-75.65429,39.80133],[-75.65748,39.8002],[-75.65783,39.8019],[-75.65219,39.8086],[-75.6468,39.8167],[-75.64345,39.81853],[-75.64829,39.82008],[-75.65071,39.81642],[-75.65467,39.81347],[-75.65627,39.81602],[-75.65805,39.8147],[-75.65954,39.81529],[-75.65811,39.81809],[-75.65971,39.81915],[-75.66428,39.81877],[-75.66461,39.82037],[-75.66282,39.82115]],[[-75.60299,39.80537],[-75.60394,39.8036],[-75.60281,39.80041],[-75.59742,39.80057],[-75.59549,39.80341],[-75.59089,39.80373],[-75.58902,39.80748],[-75.59628,39.81296],[-75.59718,39.81452],[-75.60018,39.81219],[-75.60019,39.81015],[-75.60458,39.80728],[-75.60299,39.80537]]]]}},{"type":"Feature","properties":{"zcta":"19736","d":827},"geometry":{"type":"Polygon","coordinates":[[[-75.64731,39.77967],[-75.64581,39.78352],[-75.6442,39.78317],[-75.64279,39.78096],[-75.64029,39.78301],[-75.64015,39.78612],[-75.63843,39.78057],[-75.64051,39.77667],[-75.64121,39.77801],[-75.645,39.77671],[-75.64731,39.77967]]]}},{"type":"Feature","properties":{"zcta":"19475","d":351},"geometry":{"type":"Polygon","coordinates":[[[-75.67073,40.1546],[-75.67216,40.1596],[-75.66974,40.16027],[-75.67001,40.16361],[-75.66734,40.16562],[-75.66475,40.16334],[-75.66279,40.1652],[-75.66557,40.16687],[-75.65842,40.16616],[-75.64872,40.17584],[-75.63567,40.17661],[-75.6327,40.17763],[-75.63543,40.17898],[-75.63273,40.18052],[-75.62931,40.18049],[-75.62622,40.1769],[-75.62442,40.17879],[-75.62303,40.17782],[-75.6202,40.18043],[-75.61707,40.18012],[-75.6163,40.17813],[-75.61402,40.17837],[-75.61136,40.18085],[-75.61053,40.18375],[-75.60751,40.18286],[-75.60767,40.18479],[-75.60509,40.18531],[-75.60577,40.18741],[-75.60595,40.1924],[-75.60409,40.19352],[-75.60223,40.19874],[-75.60338,40.20147],[-75.59784,40.20641],[-75.59596,40.20532],[-75.58949,40.20226],[-75.588,40.20371],[-75.58388,40.20006],[-75.58156,40.20271],[-75.58137,40.20509],[-75.58075,40.20521],[-75.57973,40.20182],[-75.57719,40.19836],[-75.57334,40.1953],[-75.57035,40.19412],[-75.56701,40.19428],[-75.56288,40.19736],[-75.56254,40.20207],[-75.56491,40.20619],[-75.56428,40.2091],[-75.56289,40.20987],[-75.55775,40.20798],[-75.55339,40.20035],[-75.55033,40.19343],[-75.54917,40.18954],[-75.54534,40.18256],[-75.54099,40.17595],[-75.53182,40.17061],[-75.53384,40.16871],[-75.53596,40.16945],[-75.53931,40.16835],[-75.54144,40.16623],[-75.54133,40.16335],[-75.5383,40.1608],[-75.53755,40.159],[-75.53892,40.15657],[-75.54064,40.15615],[-75.54737,40.15711],[-75.54932,40.1568],[-75.55332,40.15889],[-75.55334,40.15614],[-75.55848,40.15625],[-75.56205,40.15281],[-75.56457,40.15414],[-75.57832,40.15778],[-75.57865,40.1569],[-75.58309,40.15672],[-75.58393,40.1578],[-75.59075,40.15857],[-75.59022,40.16028],[-75.59265,40.16063],[-75.59285,40.16338],[-75.59657,40.16426],[-75.59997,40.16618],[-75.59974,40.16442],[-75.6015,40.16165],[-75.60345,40.16065],[-75.60534,40.16177],[-75.60593,40.16813],[-75.60504,40.17097],[-75.60052,40.16922],[-75.5993,40.17053],[-75.60181,40.17197],[-75.60133,40.17427],[-75.59947,40.17571],[-75.60242,40.17757],[-75.6085,40.17161],[-75.60689,40.17161],[-75.60657,40.16709],[-75.60788,40.1659],[-75.60933,40.16695],[-75.61249,40.16407],[-75.61111,40.16374],[-75.61599,40.1605],[-75.61668,40.15586],[-75.61987,40.15199],[-75.61408,40.14925],[-75.6089,40.14492],[-75.61294,40.14323],[-75.61729,40.1438],[-75.62073,40.14763],[-75.62449,40.14741],[-75.62608,40.14544],[-75.62904,40.14462],[-75.63166,40.14132],[-75.63453,40.14012],[-75.63772,40.13734],[-75.63823,40.13519],[-75.64148,40.132],[-75.64017,40.13073],[-75.64257,40.12964],[-75.64614,40.13051],[-75.65174,40.13066],[-75.65461,40.1315],[-75.65645,40.13324],[-75.65605,40.13488],[-75.65105,40.13674],[-75.64753,40.13875],[-75.64896,40.1421],[-75.65216,40.1428],[-75.65865,40.14675],[-75.66029,40.14656],[-75.66766,40.15074],[-75.67418,40.15045],[-75.67395,40.15068],[-75.67073,40.1546]]]}},{"type":"Feature","properties":{"zcta":"19029","d":923},"geometry":{"type":"Polygon","coordinates":[[[-75.30471,39.87639],[-75.29982,39.87742],[-75.29832,39.87679],[-75.29731,39.8752],[-75.29548,39.87531],[-75.29346,39.87747],[-75.28839,39.88086],[-75.2835,39.88148],[-75.2764,39.88069],[-75.27443,39.87702],[-75.27248,39.87671],[-75.26968,39.87915],[-75.2677,39.87971],[-75.26443,39.88217],[-75.26265,39.87679],[-75.26151,39.8765],[-75.26264,39.87337],[-75.26641,39.87485],[-75.2692,39.87558],[-75.27223,39.87503],[-75.28073,39.87156],[-75.28237,39.87002],[-75.28128,39.86822],[-75.27835,39.86882],[-75.27827,39.86741],[-75.28057,39.86582],[-75.28124,39.86675],[-75.2857,39.86817],[-75.29466,39.86601],[-75.29273,39.86378],[-75.29004,39.86222],[-75.28269,39.86275],[-75.27899,39.85942],[-75.27378,39.85869],[-75.26809,39.84987],[-75.27214,39.84909],[-75.29338,39.84878],[-75.30967,39.85018],[-75.31653,39.84999],[-75.31318,39.86493],[-75.31427,39.86832],[-75.3138,39.86964],[-75.30584,39.87516],[-75.30471,39.87639]]]}},{"type":"Feature","properties":{"zcta":"18074","d":145},"geometry":{"type":"MultiPolygon","coordinates":[[[[-75.52853,40.30214],[-75.53193,40.29879],[-75.52969,40.29735],[-75.52827,40.29855],[-75.52588,40.29759],[-75.52482,40.29856],[-75.52017,40.29657],[-75.52198,40.29407],[-75.52062,40.2931],[-75.52228,40.29174],[-75.52655,40.29401],[-75.52985,40.29089],[-75.53319,40.2892],[-75.53483,40.28707],[-75.5359,40.28778],[-75.53876,40.28634],[-75.54018,40.28324],[-75.5261,40.27518],[-75.53319,40.27615],[-75.53408,40.27895],[-75.53593,40.28029],[-75.53998,40.27642],[-75.54579,40.27741],[-75.54733,40.27901],[-75.54392,40.28551],[-75.54965,40.28901],[-75.54555,40.2935],[-75.54669,40.29407],[-75.53394,40.3066],[-75.52853,40.30214]]],[[[-75.51879,40.35618],[-75.5169,40.35388],[-75.50631,40.34869],[-75.50928,40.34525],[-75.50645,40.34346],[-75.5006,40.34191],[-75.49896,40.34221],[-75.50354,40.33758],[-75.50938,40.33839],[-75.51063,40.33752],[-75.50443,40.33667],[-75.51498,40.3258],[-75.51137,40.32359],[-75.5103,40.32464],[-75.50378,40.32047],[-75.50443,40.3185],[-75.50141,40.31528],[-75.49642,40.31731],[-75.49739,40.31855],[-75.49595,40.32078],[-75.48751,40.32874],[-75.48906,40.32968],[-75.48552,40.33062],[-75.48285,40.33273],[-75.47888,40.33085],[-75.47576,40.33234],[-75.47366,40.33214],[-75.47032,40.33006],[-75.47178,40.32869],[-75.4701,40.3275],[-75.46668,40.32799],[-75.46501,40.32529],[-75.46068,40.32642],[-75.46124,40.32474],[-75.46318,40.32466],[-75.46817,40.32132],[-75.47227,40.32245],[-75.4691,40.31942],[-75.4749,40.31464],[-75.47101,40.31434],[-75.46986,40.31333],[-75.46777,40.30816],[-75.46776,40.3054],[-75.4655,40.3021],[-75.46339,40.30311],[-75.45899,40.3037],[-75.45746,40.30302],[-75.45705,40.29839],[-75.45682,40.29196],[-75.45504,40.28679],[-75.45608,40.28218],[-75.45771,40.28286],[-75.46186,40.28132],[-75.4637,40.28262],[-75.46614,40.2802],[-75.47598,40.28631],[-75.47945,40.28407],[-75.47625,40.27859],[-75.4781,40.27609],[-75.47995,40.27719],[-75.48103,40.28062],[-75.48558,40.28449],[-75.48869,40.2891],[-75.49349,40.28701],[-75.4951,40.2871],[-75.50088,40.28164],[-75.50499,40.28415],[-75.50618,40.28483],[-75.50497,40.2867],[-75.50681,40.2869],[-75.51054,40.2891],[-75.51186,40.288],[-75.51218,40.28834],[-75.5114,40.29209],[-75.50992,40.29278],[-75.51524,40.29649],[-75.51764,40.29624],[-75.51385,40.2999],[-75.51616,40.30118],[-75.52136,40.306],[-75.5246,40.30661],[-75.53035,40.31013],[-75.53394,40.3066],[-75.54143,40.31255],[-75.54885,40.31436],[-75.55369,40.31627],[-75.54855,40.32108],[-75.54709,40.3192],[-75.54341,40.31685],[-75.54118,40.31906],[-75.542,40.3212],[-75.54759,40.32465],[-75.54683,40.32537],[-75.55106,40.32684],[-75.55214,40.32879],[-75.55438,40.3267],[-75.56011,40.33047],[-75.55921,40.33136],[-75.56241,40.33345],[-75.56391,40.33238],[-75.56525,40.33409],[-75.56353,40.3358],[-75.57091,40.3407],[-75.54962,40.36628],[-75.54492,40.36323],[-75.54074,40.36796],[-75.51879,40.35618]]]]}},{"type":"Feature","properties":{"zcta":"19345","d":0},"geometry":{"type":"Polygon","coordinates":[[[-75.57792,40.03085],[-75.56923,40.03264],[-75.56078,40.03384],[-75.55955,40.03337],[-75.55855,40.03029],[-75.56632,40.02916],[-75.56509,40.02741],[-75.57073,40.0264],[-75.57624,40.02434],[-75.57857,40.0292],[-75.57792,40.03085]]]}},{"type":"Feature","properties":{"zcta":"19372","d":2260},"geometry":{"type":"Polygon","coordinates":[[[-75.76471,39.99474],[-75.76122,39.99485],[-75.76139,39.99609],[-75.76932,39.99471],[-75.77053,39.99502],[-75.77192,40.0048],[-75.76123,40.00597],[-75.7562,40.00655],[-75.75484,40.00216],[-75.74673,40.00275],[-75.74759,40.00175],[-75.74705,39.99788],[-75.74568,39.99477],[-75.75574,39.99372],[-75.76218,39.99272],[-75.76442,39.99294],[-75.76471,39.99474]]]}},{"type":"Feature","properties":{"zcta":"19401","d":3116},"geometry":{"type":"Polygon","coordinates":[[[-75.29815,40.14316],[-75.31666,40.12479],[-75.32477,40.10855],[-75.32692,40.10521],[-75.33463,40.10703],[-75.33775,40.10846],[-75.34689,40.1111],[-75.35566,40.11517],[-75.36045,40.11617],[-75.36548,40.1164],[-75.36225,40.11922],[-75.36513,40.12095],[-75.34453,40.14175],[-75.33832,40.14333],[-75.33568,40.14567],[-75.33265,40.1459],[-75.32709,40.15299],[-75.32643,40.15621],[-75.32483,40.15847],[-75.29815,40.14316]]]}},{"type":"Feature","properties":{"zcta":"19444","d":1159},"geometry":{"type":"Polygon","coordinates":[[[-75.26594,40.08875],[-75.2617,40.09292],[-75.26924,40.09774],[-75.26471,40.10124],[-75.2624,40.10427],[-75.26008,40.1031],[-75.25275,40.10165],[-75.24553,40.10881],[-75.242,40.10899],[-75.23026,40.10188],[-75.23246,40.10095],[-75.23084,40.09618],[-75.23147,40.09295],[-75.23299,40.09244],[-75.22778,40.08875],[-75.2305,40.08602],[-75.23562,40.0864],[-75.23472,40.08538],[-75.23895,40.08454],[-75.24074,40.08306],[-75.23295,40.08362],[-75.23446,40.08214],[-75.23766,40.0816],[-75.23889,40.08041],[-75.24189,40.08188],[-75.24732,40.07632],[-75.24329,40.07349],[-75.25221,40.06528],[-75.25629,40.06108],[-75.26308,40.0623],[-75.26235,40.06386],[-75.26781,40.06754],[-75.26746,40.06979],[-75.2588,40.07432],[-75.26037,40.07592],[-75.25775,40.07813],[-75.26963,40.0765],[-75.27211,40.07682],[-75.27269,40.0787],[-75.27646,40.07751],[-75.28009,40.07555],[-75.28271,40.08067],[-75.28252,40.08313],[-75.27926,40.08254],[-75.27605,40.08517],[-75.27134,40.08658],[-75.27196,40.08724],[-75.27929,40.08625],[-75.28285,40.08374],[-75.28508,40.08709],[-75.28096,40.09132],[-75.28032,40.09298],[-75.26594,40.08875]]]}},{"type":"Feature","properties":{"zcta":"19462","d":996},"geometry":{"type":"Polygon","coordinates":[[[-75.28321,40.13468],[-75.28538,40.13156],[-75.28199,40.1284],[-75.27833,40.13195],[-75.27024,40.12745],[-75.26812,40.12503],[-75.26491,40.1245],[-75.26041,40.122],[-75.25595,40.12668],[-75.25206,40.12735],[-75.25052,40.12617],[-75.24899,40.12267],[-75.24703,40.12161],[-75.24709,40.11933],[-75.24862,40.11557],[-75.24755,40.11451],[-75.24081,40.11352],[-75.24553,40.10881],[-75.25275,40.10165],[-75.26008,40.1031],[-75.2624,40.10427],[-75.26471,40.10124],[-75.26924,40.09774],[-75.2617,40.09292],[-75.26594,40.08875],[-75.28032,40.09298],[-75.28271,40.09395],[-75.28144,40.09537],[-75.28984,40.09986],[-75.2926,40.0987],[-75.2944,40.09686],[-75.29497,40.0992],[-75.29385,40.10038],[-75.29685,40.10413],[-75.29957,40.10614],[-75.30498,40.10581],[-75.3068,40.10712],[-75.31946,40.10519],[-75.32498,40.10327],[-75.32692,40.10521],[-75.32477,40.10855],[-75.31666,40.12479],[-75.29815,40.14316],[-75.28321,40.13468]]]}},{"type":"Feature","properties":{"zcta":"08041","d":42},"geometry":{"type":"Polygon","coordinates":[[[-74.72462,40.05355],[-74.71544,40.04817],[-74.71498,40.0459],[-74.71275,40.04516],[-74.71349,40.04196],[-74.70566,40.04074],[-74.70567,40.03853],[-74.70293,40.03867],[-74.70373,40.04064],[-74.70196,40.04095],[-74.70269,40.05399],[-74.702,40.05612],[-74.69523,40.0556],[-74.68255,40.05846],[-74.67146,40.0615],[-74.66884,40.06164],[-74.66654,40.06522],[-74.65352,40.06468],[-74.64974,40.06639],[-74.64917,40.06423],[-74.64386,40.06319],[-74.64132,40.06307],[-74.64076,40.05864],[-74.63769,40.05935],[-74.63762,40.05175],[-74.63918,40.05031],[-74.6406,40.04711],[-74.64066,40.04343],[-74.64541,40.04273],[-74.64399,40.03659],[-74.64952,40.03775],[-74.65534,40.03614],[-74.65859,40.03602],[-74.66575,40.03388],[-74.66307,40.03256],[-74.66177,40.0308],[-74.65086,40.03013],[-74.64649,40.03015],[-74.64588,40.02944],[-74.65104,40.02787],[-74.65378,40.0256],[-74.65999,40.0227],[-74.66199,40.02296],[-74.67033,40.01927],[-74.67073,40.01694],[-74.66926,40.01414],[-74.67182,40.01329],[-74.67546,40.01384],[-74.67728,40.01267],[-74.68398,40.01043],[-74.68709,40.01209],[-74.68966,40.0088],[-74.69658,40.00996],[-74.70095,40.01855],[-74.70479,40.0216],[-74.70592,40.02052],[-74.70837,40.02234],[-74.71097,40.01983],[-74.71468,40.01826],[-74.71767,40.0225],[-74.72127,40.02223],[-74.72322,40.0226],[-74.72685,40.02569],[-74.73121,40.02526],[-74.72462,40.05355]]]}},{"type":"Feature","properties":{"zcta":"19054","d":2134},"geometry":{"type":"Polygon","coordinates":[[[-74.81166,40.16817],[-74.80778,40.16398],[-74.80635,40.1613],[-74.80724,40.1582],[-74.80642,40.15522],[-74.80799,40.15164],[-74.81127,40.14683],[-74.8156,40.14273],[-74.81785,40.14063],[-74.83372,40.16227],[-74.84173,40.16549],[-74.83406,40.172],[-74.84185,40.17282],[-74.84404,40.17446],[-74.83956,40.17477],[-74.83874,40.17725],[-74.83566,40.1765],[-74.83406,40.17922],[-74.83198,40.1802],[-74.83295,40.18383],[-74.8353,40.18527],[-74.82345,40.19001],[-74.82368,40.19132],[-74.82087,40.1916],[-74.81803,40.19325],[-74.80144,40.19451],[-74.7978,40.19411],[-74.8012,40.19362],[-74.80089,40.19131],[-74.80213,40.1877],[-74.8097,40.18058],[-74.81199,40.17718],[-74.81098,40.17693],[-74.81139,40.17166],[-74.81166,40.16817]]]}},{"type":"Feature","properties":{"zcta":"19074","d":3959},"geometry":{"type":"Polygon","coordinates":[[[-75.29949,39.89528],[-75.29287,39.89264],[-75.28962,39.88874],[-75.28888,39.88644],[-75.28635,39.88487],[-75.28907,39.8817],[-75.28839,39.88086],[-75.29346,39.87747],[-75.29548,39.87531],[-75.29731,39.8752],[-75.29832,39.87679],[-75.29862,39.87794],[-75.30357,39.88434],[-75.30029,39.88803],[-75.30649,39.89615],[-75.3022,39.89809],[-75.29949,39.89528]]]}},{"type":"Feature","properties":{"zcta":"19085","d":483},"geometry":{"type":"Polygon","coordinates":[[[-75.33445,40.05624],[-75.32589,40.05989],[-75.32324,40.06191],[-75.31496,40.06481],[-75.31015,40.06369],[-75.30669,40.06512],[-75.30647,40.06338],[-75.30103,40.05811],[-75.30469,40.05456],[-75.31743,40.04839],[-75.31622,40.04655],[-75.31906,40.04538],[-75.32058,40.04696],[-75.32201,40.04634],[-75.31928,40.04305],[-75.31579,40.04453],[-75.31298,40.04132],[-75.31639,40.03986],[-75.32119,40.03933],[-75.32436,40.03834],[-75.32652,40.0409],[-75.32854,40.04161],[-75.33088,40.03935],[-75.32948,40.03751],[-75.33522,40.03616],[-75.33932,40.03368],[-75.33937,40.03116],[-75.34267,40.02968],[-75.3439,40.03165],[-75.35783,40.02558],[-75.36051,40.02293],[-75.35637,40.01657],[-75.35742,40.01456],[-75.35899,40.01847],[-75.36075,40.01511],[-75.36478,40.01309],[-75.36629,40.01394],[-75.3672,40.01667],[-75.37374,40.01412],[-75.37438,40.01278],[-75.37996,40.0093],[-75.38577,40.01186],[-75.38794,40.01531],[-75.38901,40.01552],[-75.39333,40.01888],[-75.39539,40.02153],[-75.39639,40.02642],[-75.39503,40.02814],[-75.38468,40.03271],[-75.38139,40.03337],[-75.37466,40.03306],[-75.37322,40.03237],[-75.36907,40.03394],[-75.36643,40.03111],[-75.36648,40.03669],[-75.36001,40.03749],[-75.35496,40.03693],[-75.35321,40.03829],[-75.3478,40.04785],[-75.34664,40.0493],[-75.34946,40.05291],[-75.34367,40.05546],[-75.34116,40.05714],[-75.33805,40.06046],[-75.33445,40.05624]]]}},{"type":"Feature","properties":{"zcta":"08066","d":784},"geometry":{"type":"MultiPolygon","coordinates":[[[[-75.18523,39.82602],[-75.18383,39.8261],[-75.18036,39.82255],[-75.18452,39.82068],[-75.18951,39.82603],[-75.18834,39.82712],[-75.19032,39.83056],[-75.18875,39.83091],[-75.18915,39.83459],[-75.18678,39.8356],[-75.1851,39.83332],[-75.18084,39.82936],[-75.18523,39.82602]]],[[[-75.24343,39.8546],[-75.23503,39.85661],[-75.22987,39.85833],[-75.22514,39.85259],[-75.21951,39.85572],[-75.21708,39.85183],[-75.21828,39.84938],[-75.21577,39.84696],[-75.21865,39.84391],[-75.21656,39.84048],[-75.2172,39.83915],[-75.21317,39.84035],[-75.21192,39.83747],[-75.20872,39.83412],[-75.19867,39.83807],[-75.19208,39.84103],[-75.19483,39.83887],[-75.19293,39.83392],[-75.19437,39.81744],[-75.19295,39.81696],[-75.2033,39.81229],[-75.20639,39.81548],[-75.20851,39.81522],[-75.20872,39.81355],[-75.21121,39.81221],[-75.21394,39.8138],[-75.21767,39.81295],[-75.22082,39.81525],[-75.21962,39.81689],[-75.22143,39.81992],[-75.22616,39.82327],[-75.22711,39.82578],[-75.22995,39.82428],[-75.23618,39.81957],[-75.23879,39.82054],[-75.25487,39.82639],[-75.25612,39.82621],[-75.25253,39.83265],[-75.26294,39.82988],[-75.26491,39.83001],[-75.27484,39.8328],[-75.27806,39.83514],[-75.27998,39.83546],[-75.28299,39.83771],[-75.28298,39.83939],[-75.27761,39.84018],[-75.27445,39.83919],[-75.26981,39.84065],[-75.26823,39.84219],[-75.26873,39.84517],[-75.2583,39.84738],[-75.25386,39.84782],[-75.25678,39.85204],[-75.24343,39.8546]]]]}},{"type":"Feature","properties":{"zcta":"19075","d":1664},"geometry":{"type":"Polygon","coordinates":[[[-75.20043,40.12401],[-75.19585,40.12313],[-75.19239,40.12361],[-75.18717,40.12329],[-75.18253,40.12425],[-75.1755,40.11995],[-75.17203,40.1228],[-75.16916,40.12104],[-75.17526,40.11483],[-75.17676,40.11526],[-75.17978,40.11292],[-75.17709,40.1105],[-75.18441,40.10926],[-75.17802,40.10524],[-75.18167,40.10045],[-75.18284,40.10007],[-75.19062,40.10059],[-75.19596,40.10354],[-75.19783,40.10649],[-75.20427,40.12032],[-75.20043,40.12401]]]}},{"type":"Feature","properties":{"zcta":"08016","d":779},"geometry":{"type":"Polygon","coordinates":[[[-74.86211,40.08328],[-74.85981,40.08491],[-74.85821,40.08881],[-74.85461,40.09327],[-74.85113,40.0951],[-74.84343,40.098],[-74.83801,40.10091],[-74.83511,40.10391],[-74.8331,40.11197],[-74.83044,40.11708],[-74.8177,40.11357],[-74.80645,40.11011],[-74.79582,40.10469],[-74.79546,40.1045],[-74.78536,40.10951],[-74.78496,40.10592],[-74.79247,40.10271],[-74.78736,40.10009],[-74.7798,40.09705],[-74.78011,40.09076],[-74.77945,40.0901],[-74.78761,40.07999],[-74.79101,40.07815],[-74.79267,40.07527],[-74.7989,40.07208],[-74.80081,40.06818],[-74.79858,40.06521],[-74.7979,40.06189],[-74.79645,40.0617],[-74.79382,40.0643],[-74.79037,40.05915],[-74.78791,40.06005],[-74.78637,40.05494],[-74.78743,40.05416],[-74.78311,40.05451],[-74.78225,40.05162],[-74.78551,40.05121],[-74.78598,40.04974],[-74.7832,40.04585],[-74.77989,40.043],[-74.78139,40.04306],[-74.78283,40.04046],[-74.78607,40.03766],[-74.79737,40.04414],[-74.79878,40.04071],[-74.8043,40.03833],[-74.82138,40.0364],[-74.82462,40.02473],[-74.82771,40.02534],[-74.83259,40.0276],[-74.8358,40.02842],[-74.84081,40.03064],[-74.85207,40.03135],[-74.85638,40.03194],[-74.85585,40.03337],[-74.85298,40.03324],[-74.8517,40.03674],[-74.85689,40.03828],[-74.8568,40.03894],[-74.86165,40.03864],[-74.86396,40.03725],[-74.86776,40.04421],[-74.87775,40.04343],[-74.87796,40.04304],[-74.8825,40.05354],[-74.88453,40.05308],[-74.88616,40.05779],[-74.88943,40.05565],[-74.89139,40.05653],[-74.89591,40.06675],[-74.89336,40.06885],[-74.89486,40.07165],[-74.89761,40.07019],[-74.8991,40.07311],[-74.88848,40.07622],[-74.87465,40.08066],[-74.86954,40.08148],[-74.86211,40.08328]]]}},{"type":"Feature","properties":{"zcta":"19014","d":1198},"geometry":{"type":"MultiPolygon","coordinates":[[[[-75.44361,39.84585],[-75.4446,39.84541],[-75.44723,39.84943],[-75.44547,39.84862],[-75.44361,39.84585]]],[[[-75.46806,39.88304],[-75.46972,39.88529],[-75.46243,39.88562],[-75.46105,39.88489],[-75.46027,39.8866],[-75.46152,39.88764],[-75.45912,39.88924],[-75.45764,39.88802],[-75.45358,39.89292],[-75.45027,39.8939],[-75.45038,39.89271],[-75.44224,39.89234],[-75.44012,39.89345],[-75.43803,39.89173],[-75.43493,39.89086],[-75.43303,39.89367],[-75.43154,39.89169],[-75.43113,39.88558],[-75.42888,39.88042],[-75.43159,39.87546],[-75.43478,39.87348],[-75.43227,39.87061],[-75.4284,39.8689],[-75.42311,39.87242],[-75.41751,39.87295],[-75.41822,39.87483],[-75.41353,39.87401],[-75.41267,39.87081],[-75.40871,39.8693],[-75.40701,39.86607],[-75.39845,39.86575],[-75.39437,39.86192],[-75.39538,39.8567],[-75.39742,39.85352],[-75.39655,39.85105],[-75.39491,39.85038],[-75.38918,39.85188],[-75.38638,39.85007],[-75.3886,39.84829],[-75.39358,39.84893],[-75.39421,39.847],[-75.40623,39.84582],[-75.40931,39.84523],[-75.40609,39.84125],[-75.41081,39.83882],[-75.42109,39.83546],[-75.42429,39.83408],[-75.42512,39.84087],[-75.43074,39.83893],[-75.43594,39.8366],[-75.43794,39.84031],[-75.43786,39.84399],[-75.43685,39.84571],[-75.43928,39.84897],[-75.44116,39.84993],[-75.44806,39.84996],[-75.44777,39.8518],[-75.44972,39.8531],[-75.45315,39.85161],[-75.45226,39.85041],[-75.46094,39.85268],[-75.4607,39.8555],[-75.46219,39.85803],[-75.46481,39.85943],[-75.46573,39.86119],[-75.46378,39.86206],[-75.46954,39.86563],[-75.46758,39.8672],[-75.46983,39.86728],[-75.46482,39.86932],[-75.46792,39.87341],[-75.46635,39.87596],[-75.46811,39.8776],[-75.46806,39.88304]]]]}},{"type":"Feature","properties":{"zcta":"19021","d":1526},"geometry":{"type":"Polygon","coordinates":[[[-74.89516,40.10544],[-74.89071,40.10345],[-74.89083,40.10237],[-74.88623,40.10291],[-74.88262,40.10076],[-74.8726,40.09756],[-74.87429,40.09449],[-74.87364,40.08716],[-74.87203,40.08319],[-74.87027,40.08337],[-74.86954,40.08148],[-74.87465,40.08066],[-74.88848,40.07622],[-74.8991,40.07311],[-74.90911,40.07021],[-74.90883,40.077],[-74.90967,40.08268],[-74.91116,40.08478],[-74.91344,40.0858],[-74.9148,40.08828],[-74.91383,40.09255],[-74.9117,40.09817],[-74.90591,40.09991],[-74.90255,40.10412],[-74.89516,40.10544]]]}},{"type":"Feature","properties":{"zcta":"19031","d":891},"geometry":{"type":"Polygon","coordinates":[[[-75.19783,40.10649],[-75.19994,40.10427],[-75.20042,40.10134],[-75.20203,40.10228],[-75.20504,40.10029],[-75.20843,40.09925],[-75.20772,40.09792],[-75.20398,40.09816],[-75.20778,40.09707],[-75.21039,40.09844],[-75.21295,40.09786],[-75.22048,40.0948],[-75.22157,40.09176],[-75.22361,40.09291],[-75.22778,40.08875],[-75.23299,40.09244],[-75.23147,40.09295],[-75.23084,40.09618],[-75.23246,40.10095],[-75.23026,40.10188],[-75.242,40.10899],[-75.23793,40.11007],[-75.23377,40.11228],[-75.21724,40.12221],[-75.21033,40.12519],[-75.20664,40.12737],[-75.20346,40.12596],[-75.20481,40.12314],[-75.20427,40.12032],[-75.19783,40.10649]]]}},{"type":"Feature","properties":{"zcta":"19040","d":1943},"geometry":{"type":"Polygon","coordinates":[[[-75.13727,40.2114],[-75.13311,40.20885],[-75.13364,40.20831],[-75.1294,40.20637],[-75.12232,40.20215],[-75.12275,40.20173],[-75.11315,40.19677],[-75.11066,40.19744],[-75.11263,40.1957],[-75.08548,40.1797],[-75.08482,40.18038],[-75.08013,40.17754],[-75.08079,40.17687],[-75.07341,40.1723],[-75.07514,40.17067],[-75.07387,40.16688],[-75.07659,40.16504],[-75.0759,40.16227],[-75.08049,40.16238],[-75.07669,40.16007],[-75.08157,40.15529],[-75.08572,40.15781],[-75.09022,40.15595],[-75.09388,40.15569],[-75.09352,40.1543],[-75.09623,40.15462],[-75.10009,40.15329],[-75.10268,40.15464],[-75.09926,40.15799],[-75.10121,40.15725],[-75.10613,40.15963],[-75.10635,40.16056],[-75.11794,40.16044],[-75.12289,40.15946],[-75.12532,40.16664],[-75.12781,40.17157],[-75.12455,40.17595],[-75.1196,40.17797],[-75.11452,40.17618],[-75.11264,40.17725],[-75.11253,40.18083],[-75.11611,40.18298],[-75.11719,40.18485],[-75.12151,40.18672],[-75.12414,40.18898],[-75.13302,40.19441],[-75.13772,40.19617],[-75.13961,40.20552],[-75.13924,40.21178],[-75.13727,40.2114]]]}},{"type":"Feature","properties":{"zcta":"19802","d":3560},"geometry":{"type":"Polygon","coordinates":[[[-75.54275,39.76461],[-75.54308,39.76677],[-75.53693,39.7679],[-75.52862,39.7744],[-75.52143,39.7754],[-75.52158,39.77618],[-75.51693,39.77721],[-75.51733,39.77105],[-75.51946,39.76845],[-75.51794,39.76721],[-75.51704,39.76305],[-75.51208,39.76136],[-75.50873,39.75671],[-75.50336,39.75128],[-75.51007,39.74822],[-75.51329,39.74508],[-75.51583,39.74613],[-75.51848,39.74954],[-75.5282,39.74448],[-75.52543,39.74287],[-75.52593,39.74058],[-75.52437,39.73888],[-75.52648,39.73803],[-75.53198,39.73988],[-75.53496,39.7388],[-75.53703,39.7397],[-75.53753,39.74332],[-75.53974,39.74661],[-75.54081,39.74963],[-75.54607,39.75067],[-75.55166,39.75567],[-75.55251,39.75653],[-75.55112,39.76091],[-75.55233,39.76188],[-75.54275,39.76461]]]}},{"type":"Feature","properties":{"zcta":"19435","d":180},"geometry":{"type":"Polygon","coordinates":[[[-75.57126,40.3403],[-75.57091,40.3407],[-75.56353,40.3358],[-75.56525,40.33409],[-75.56391,40.33238],[-75.56241,40.33345],[-75.55921,40.33136],[-75.56011,40.33047],[-75.55438,40.3267],[-75.55214,40.32879],[-75.55106,40.32684],[-75.54683,40.32537],[-75.54759,40.32465],[-75.542,40.3212],[-75.54118,40.31906],[-75.54341,40.31685],[-75.54709,40.3192],[-75.54855,40.32108],[-75.54994,40.32284],[-75.55802,40.32775],[-75.56603,40.31942],[-75.56923,40.31796],[-75.57003,40.32061],[-75.57186,40.32149],[-75.57859,40.32305],[-75.57884,40.32483],[-75.57691,40.32557],[-75.57745,40.32698],[-75.57633,40.3294],[-75.57795,40.33231],[-75.57644,40.33424],[-75.57126,40.3403]]]}},{"type":"Feature","properties":{"zcta":"19136","d":3189},"geometry":{"type":"Polygon","coordinates":[[[-75.02222,40.06352],[-75.02118,40.06169],[-75.00853,40.05354],[-75.00527,40.05024],[-75.00201,40.04902],[-74.99988,40.0504],[-74.99098,40.04253],[-74.98659,40.03898],[-74.99009,40.03647],[-75.00857,40.02388],[-75.01221,40.0207],[-75.01964,40.01844],[-75.03044,40.01605],[-75.03055,40.01603],[-75.0323,40.02029],[-75.03467,40.02332],[-75.0308,40.02442],[-75.03574,40.03082],[-75.03813,40.03461],[-75.04086,40.03676],[-75.04169,40.03822],[-75.04707,40.04087],[-75.04488,40.04308],[-75.04515,40.04885],[-75.04178,40.05036],[-75.03866,40.05671],[-75.03865,40.05841],[-75.03373,40.05688],[-75.02903,40.0564],[-75.02482,40.06029],[-75.02543,40.06565],[-75.02222,40.06352]]]}},{"type":"Feature","properties":{"zcta":"19061","d":1401},"geometry":{"type":"Polygon","coordinates":[[[-75.46481,39.85943],[-75.46219,39.85803],[-75.4607,39.8555],[-75.46094,39.85268],[-75.45226,39.85041],[-75.45315,39.85161],[-75.44972,39.8531],[-75.44777,39.8518],[-75.44806,39.84996],[-75.44116,39.84993],[-75.43928,39.84897],[-75.43685,39.84571],[-75.43786,39.84399],[-75.43794,39.84031],[-75.43594,39.8366],[-75.43074,39.83893],[-75.42512,39.84087],[-75.42429,39.83408],[-75.42394,39.83055],[-75.41927,39.83253],[-75.41981,39.83337],[-75.41456,39.83288],[-75.40487,39.83776],[-75.40146,39.83283],[-75.39894,39.83381],[-75.39621,39.82762],[-75.38976,39.81582],[-75.40374,39.80751],[-75.41506,39.80192],[-75.42342,39.80662],[-75.42804,39.80921],[-75.45374,39.82031],[-75.45993,39.82257],[-75.46346,39.82385],[-75.46484,39.8246],[-75.468,39.83105],[-75.4712,39.8309],[-75.47151,39.83542],[-75.46807,39.83863],[-75.46868,39.84339],[-75.46332,39.84315],[-75.46196,39.84516],[-75.46238,39.84867],[-75.46158,39.85085],[-75.4688,39.85987],[-75.46573,39.86119],[-75.46481,39.85943]],[[-75.44723,39.84943],[-75.4446,39.84541],[-75.44361,39.84585],[-75.44547,39.84862],[-75.44723,39.84943]]]}},{"type":"Feature","properties":{"zcta":"19406","d":1088},"geometry":{"type":"Polygon","coordinates":[[[-75.42005,40.10735],[-75.41655,40.10786],[-75.40604,40.11177],[-75.39353,40.1172],[-75.39093,40.11781],[-75.38013,40.11812],[-75.3705,40.11623],[-75.36685,40.11447],[-75.36093,40.11339],[-75.35084,40.10943],[-75.34749,40.10951],[-75.34822,40.10759],[-75.35136,40.10643],[-75.35155,40.10245],[-75.35355,40.09974],[-75.3408,40.09936],[-75.33841,40.09792],[-75.32634,40.10246],[-75.32488,40.09935],[-75.32634,40.09481],[-75.32627,40.08511],[-75.32736,40.08463],[-75.33346,40.07738],[-75.33777,40.07508],[-75.33881,40.0729],[-75.33687,40.07103],[-75.33856,40.06892],[-75.3396,40.07098],[-75.34094,40.06823],[-75.34194,40.06881],[-75.3427,40.06581],[-75.34841,40.06549],[-75.35681,40.06311],[-75.35817,40.06458],[-75.35082,40.06694],[-75.35182,40.06829],[-75.35611,40.06715],[-75.36266,40.06751],[-75.36669,40.07236],[-75.36625,40.07659],[-75.38911,40.08168],[-75.39493,40.08036],[-75.39853,40.08043],[-75.40265,40.08147],[-75.40682,40.07972],[-75.41466,40.08944],[-75.42012,40.0972],[-75.43786,40.08957],[-75.44072,40.09432],[-75.45619,40.08778],[-75.45662,40.09385],[-75.46293,40.09725],[-75.46173,40.10304],[-75.45463,40.10523],[-75.44941,40.10748],[-75.44378,40.10896],[-75.43336,40.11029],[-75.43087,40.11015],[-75.42433,40.10791],[-75.42005,40.10735]]]}},{"type":"Feature","properties":{"zcta":"18947","d":129},"geometry":{"type":"Polygon","coordinates":[[[-75.16007,40.42037],[-75.15544,40.42392],[-75.15703,40.42468],[-75.1543,40.42735],[-75.15192,40.42769],[-75.15515,40.42952],[-75.14981,40.43476],[-75.15149,40.4359],[-75.14982,40.43714],[-75.15174,40.43865],[-75.14695,40.44173],[-75.14862,40.44404],[-75.14617,40.44553],[-75.14392,40.44452],[-75.139,40.44926],[-75.14208,40.45135],[-75.14077,40.45251],[-75.14325,40.45503],[-75.13836,40.45965],[-75.13548,40.45785],[-75.13054,40.4627],[-75.12568,40.45992],[-75.12826,40.46313],[-75.1232,40.46769],[-75.12087,40.46975],[-75.11889,40.46752],[-75.11446,40.46835],[-75.10994,40.46789],[-75.11,40.47143],[-75.10913,40.4721],[-75.10543,40.47089],[-75.10138,40.4767],[-75.09786,40.47548],[-75.09651,40.47815],[-75.09292,40.47848],[-75.09244,40.48064],[-75.08795,40.48115],[-75.08564,40.48483],[-75.08055,40.48501],[-75.07877,40.48695],[-75.07356,40.48576],[-75.06845,40.48615],[-75.06754,40.48482],[-75.0686,40.48171],[-75.06863,40.47474],[-75.06922,40.46779],[-75.07032,40.46232],[-75.072,40.46224],[-75.07372,40.45757],[-75.07381,40.45496],[-75.06771,40.43486],[-75.06524,40.42387],[-75.06642,40.4226],[-75.06891,40.42126],[-75.07091,40.4214],[-75.08003,40.41612],[-75.08212,40.41561],[-75.09355,40.40615],[-75.09421,40.40491],[-75.09111,40.40335],[-75.09502,40.39685],[-75.09612,40.39338],[-75.09758,40.39437],[-75.10338,40.3885],[-75.10324,40.38674],[-75.10495,40.3851],[-75.10237,40.38367],[-75.1043,40.38184],[-75.10229,40.37964],[-75.10435,40.37671],[-75.10819,40.37409],[-75.10841,40.37241],[-75.11604,40.36675],[-75.12415,40.37182],[-75.12465,40.3748],[-75.11997,40.37835],[-75.11783,40.37917],[-75.12184,40.38198],[-75.12336,40.38404],[-75.12585,40.38524],[-75.12322,40.38634],[-75.12348,40.38795],[-75.12767,40.38994],[-75.13357,40.38399],[-75.1304,40.38209],[-75.13288,40.37996],[-75.1393,40.3838],[-75.14406,40.37943],[-75.14612,40.38354],[-75.14511,40.37038],[-75.14477,40.36887],[-75.16655,40.38201],[-75.1678,40.38439],[-75.16236,40.38972],[-75.16523,40.39146],[-75.16568,40.3936],[-75.16809,40.39581],[-75.16509,40.39876],[-75.15434,40.40477],[-75.15225,40.40678],[-75.15417,40.40936],[-75.1517,40.412],[-75.1561,40.41763],[-75.16007,40.42037]]]}},{"type":"Feature","properties":{"zcta":"08059","d":2439},"geometry":{"type":"Polygon","coordinates":[[[-75.10322,39.87877],[-75.10051,39.88312],[-75.09767,39.88357],[-75.09628,39.89034],[-75.09761,39.89232],[-75.10312,39.8924],[-75.10165,39.89535],[-75.10114,39.89887],[-75.09476,39.90148],[-75.09423,39.90064],[-75.09122,39.89409],[-75.08944,39.8892],[-75.08794,39.88874],[-75.07969,39.88169],[-75.08549,39.88007],[-75.08242,39.87303],[-75.08912,39.87263],[-75.1011,39.87617],[-75.1028,39.87728],[-75.10595,39.87675],[-75.10828,39.87797],[-75.10322,39.87877]]]}},{"type":"Feature","properties":{"zcta":"19119","d":3946},"geometry":{"type":"Polygon","coordinates":[[[-75.18846,40.07275],[-75.16749,40.06071],[-75.1758,40.05224],[-75.18026,40.0478],[-75.18139,40.04847],[-75.1822,40.04589],[-75.18555,40.04431],[-75.1883,40.04155],[-75.19025,40.04279],[-75.18924,40.03905],[-75.19313,40.03538],[-75.19398,40.0361],[-75.19767,40.0344],[-75.19712,40.03338],[-75.1996,40.03239],[-75.20102,40.03634],[-75.20318,40.03489],[-75.20561,40.03506],[-75.21031,40.04061],[-75.21204,40.0442],[-75.21146,40.0471],[-75.21455,40.05046],[-75.2136,40.05225],[-75.20621,40.05374],[-75.20202,40.05669],[-75.20179,40.05983],[-75.20044,40.06353],[-75.19322,40.06909],[-75.1892,40.07317],[-75.18846,40.07275]]]}},{"type":"Feature","properties":{"zcta":"19147","d":14205},"geometry":{"type":"Polygon","coordinates":[[[-75.15514,39.94399],[-75.14364,39.94288],[-75.14311,39.94085],[-75.14005,39.93909],[-75.14211,39.93796],[-75.14191,39.9332],[-75.14342,39.93322],[-75.14478,39.92737],[-75.15015,39.92837],[-75.16264,39.93],[-75.16842,39.93047],[-75.16515,39.94556],[-75.15514,39.94399]]]}}]}