{"type":"FeatureCollection","features":[{"type":"Feature","properties":{"zcta":"78661","d":0},"geometry":{"type":"Polygon","coordinates":[[[-97.76074,29.74245],[-97.75118,29.72914],[-97.74487,29.72596],[-97.72589,29.74026],[-97.72285,29.73993],[-97.71599,29.74539],[-97.71089,29.75235],[-97.70563,29.74688],[-97.70607,29.74593],[-97.71113,29.74204],[-97.71225,29.7365],[-97.71548,29.73383],[-97.7175,29.72909],[-97.72229,29.7257],[-97.72575,29.7292],[-97.7252,29.72448],[-97.72659,29.72207],[-97.72984,29.72383],[-97.73231,29.72347],[-97.73381,29.72092],[-97.74049,29.72377],[-97.73631,29.71948],[-97.72869,29.71724],[-97.73418,29.71312],[-97.73831,29.71274],[-97.74609,29.7113],[-97.74965,29.71142],[-97.74641,29.71301],[-97.74772,29.7144],[-97.75655,29.71783],[-97.75863,29.71574],[-97.76336,29.71304],[-97.76566,29.71713],[-97.76846,29.7191],[-97.76647,29.72176],[-97.76354,29.72177],[-97.7586,29.72505],[-97.76081,29.72541],[-97.76069,29.72776],[-97.76374,29.7279],[-97.77096,29.73231],[-97.77021,29.73518],[-97.7707,29.73782],[-97.76823,29.74108],[-97.76876,29.74173],[-97.77334,29.74185],[-97.77046,29.74267],[-97.77171,29.74396],[-97.76502,29.7473],[-97.76074,29.74245]]]}},{"type":"Feature","properties":{"zcta":"78653","d":179},"geometry":{"type":"MultiPolygon","coordinates":[[[[-97.60586,30.35008],[-97.60231,30.34827],[-97.60714,30.34089],[-97.61061,30.34263],[-97.60586,30.35008]]],[[[-97.63379,30.40102],[-97.63259,30.39651],[-97.62919,30.39457],[-97.62735,30.3918],[-97.61616,30.38633],[-97.61193,30.39295],[-97.60952,30.39194],[-97.60724,30.38965],[-97.60759,30.38786],[-97.60509,30.3846],[-97.60195,30.38375],[-97.59429,30.39599],[-97.59724,30.39625],[-97.59655,30.39769],[-97.59885,30.39785],[-97.598,30.39995],[-97.6007,30.40073],[-97.59886,30.40308],[-97.60109,30.40398],[-97.59841,30.4073],[-97.60196,30.40871],[-97.60045,30.40977],[-97.59984,30.41289],[-97.60186,30.41299],[-97.60208,30.41645],[-97.60433,30.41614],[-97.60427,30.41805],[-97.6015,30.41672],[-97.60049,30.41829],[-97.59662,30.41655],[-97.59373,30.42092],[-97.59495,30.41575],[-97.58951,30.41309],[-97.59391,30.40626],[-97.58567,30.40236],[-97.58312,30.40603],[-97.58188,30.40183],[-97.57772,30.39976],[-97.57616,30.40222],[-97.56921,30.399],[-97.56843,30.40046],[-97.55103,30.39202],[-97.5414,30.40748],[-97.5404,30.407],[-97.53688,30.41357],[-97.5266,30.40873],[-97.52316,30.41401],[-97.52673,30.41468],[-97.5265,30.41741],[-97.53063,30.42082],[-97.53196,30.42695],[-97.53286,30.42552],[-97.53865,30.42808],[-97.5416,30.425],[-97.55241,30.42978],[-97.55056,30.43254],[-97.55268,30.43335],[-97.55015,30.43594],[-97.54736,30.43624],[-97.54607,30.43986],[-97.54352,30.43928],[-97.5358,30.45102],[-97.53307,30.44984],[-97.52543,30.46173],[-97.52437,30.46797],[-97.52808,30.46865],[-97.52712,30.47465],[-97.52397,30.47218],[-97.52236,30.47638],[-97.51086,30.48527],[-97.50479,30.4811],[-97.50255,30.48057],[-97.50135,30.47729],[-97.49833,30.47662],[-97.49963,30.47007],[-97.49823,30.46984],[-97.49884,30.46712],[-97.50173,30.45436],[-97.50417,30.45471],[-97.51063,30.44452],[-97.50718,30.44262],[-97.50904,30.43996],[-97.51756,30.44384],[-97.52021,30.44015],[-97.52145,30.44072],[-97.51939,30.43701],[-97.5202,30.43483],[-97.51827,30.4302],[-97.51649,30.42901],[-97.51781,30.42444],[-97.5151,30.42411],[-97.51384,30.42275],[-97.51419,30.41995],[-97.51098,30.41742],[-97.51149,30.41635],[-97.50981,30.41397],[-97.50176,30.42538],[-97.48354,30.41655],[-97.48185,30.41808],[-97.47774,30.41611],[-97.47396,30.42167],[-97.46035,30.41518],[-97.46123,30.41391],[-97.41936,30.41484],[-97.43444,30.3908],[-97.43782,30.38519],[-97.45478,30.39349],[-97.46064,30.38431],[-97.46041,30.38173],[-97.4475,30.37618],[-97.44293,30.37712],[-97.43939,30.37665],[-97.42855,30.37165],[-97.43737,30.35839],[-97.43221,30.35544],[-97.43139,30.35668],[-97.42321,30.35292],[-97.42534,30.35254],[-97.44474,30.35159],[-97.46603,30.35161],[-97.46416,30.35461],[-97.46615,30.35391],[-97.46746,30.35161],[-97.47688,30.3514],[-97.47547,30.35074],[-97.47914,30.34491],[-97.47805,30.34435],[-97.48203,30.33762],[-97.48008,30.33093],[-97.47729,30.33022],[-97.47552,30.32813],[-97.47456,30.32441],[-97.46917,30.32373],[-97.46639,30.32415],[-97.45845,30.32228],[-97.45341,30.3202],[-97.44397,30.31926],[-97.44974,30.31053],[-97.45178,30.31052],[-97.45293,30.30907],[-97.4643,30.29128],[-97.45946,30.28894],[-97.46637,30.2779],[-97.46977,30.27819],[-97.47124,30.2805],[-97.46894,30.28375],[-97.47453,30.28566],[-97.47695,30.28183],[-97.48228,30.28419],[-97.48521,30.27968],[-97.48229,30.27809],[-97.4833,30.27673],[-97.47403,30.27246],[-97.47695,30.26784],[-97.47126,30.26419],[-97.4692,30.26526],[-97.46189,30.26212],[-97.46044,30.26518],[-97.45374,30.26181],[-97.45292,30.26321],[-97.44975,30.26196],[-97.4476,30.265],[-97.44542,30.26316],[-97.44709,30.2597],[-97.44994,30.25653],[-97.44954,30.25594],[-97.45287,30.25135],[-97.45593,30.25293],[-97.46454,30.23981],[-97.47288,30.24371],[-97.46995,30.2489],[-97.47379,30.24558],[-97.47392,30.24429],[-97.48348,30.24916],[-97.48649,30.24503],[-97.48843,30.24649],[-97.48985,30.24451],[-97.49196,30.23218],[-97.49167,30.23055],[-97.49338,30.22119],[-97.49652,30.21614],[-97.49635,30.21611],[-97.49963,30.21051],[-97.50143,30.20845],[-97.50432,30.20767],[-97.50938,30.20355],[-97.51269,30.19962],[-97.51554,30.19857],[-97.52167,30.19776],[-97.52372,30.19836],[-97.52751,30.20267],[-97.52913,30.20362],[-97.52878,30.20543],[-97.52292,30.20743],[-97.51897,30.20624],[-97.51499,30.20703],[-97.51499,30.2096],[-97.51324,30.2105],[-97.51558,30.21699],[-97.51732,30.22824],[-97.51847,30.22919],[-97.5222,30.22893],[-97.52332,30.22718],[-97.52306,30.22365],[-97.52387,30.22122],[-97.52714,30.21879],[-97.52961,30.21877],[-97.53237,30.22002],[-97.53604,30.22063],[-97.53767,30.22207],[-97.53791,30.22443],[-97.53962,30.22598],[-97.54167,30.22525],[-97.54506,30.23208],[-97.54761,30.23556],[-97.54474,30.23617],[-97.54366,30.23922],[-97.54548,30.24093],[-97.54834,30.24133],[-97.55116,30.24059],[-97.55056,30.24226],[-97.55258,30.24302],[-97.55566,30.24256],[-97.55657,30.24064],[-97.55814,30.24147],[-97.55905,30.24542],[-97.56033,30.24691],[-97.55782,30.24713],[-97.5588,30.24908],[-97.56072,30.24903],[-97.56242,30.24936],[-97.56385,30.25138],[-97.56493,30.2551],[-97.56368,30.25648],[-97.56512,30.25949],[-97.56755,30.25904],[-97.57043,30.26296],[-97.57362,30.26439],[-97.57306,30.26544],[-97.57871,30.27051],[-97.58565,30.26946],[-97.58684,30.27069],[-97.58499,30.27435],[-97.58573,30.27548],[-97.58871,30.27581],[-97.57972,30.28319],[-97.57864,30.28534],[-97.58358,30.28856],[-97.57462,30.28805],[-97.57129,30.2903],[-97.56875,30.30152],[-97.57035,30.30865],[-97.57208,30.31273],[-97.57449,30.31604],[-97.58613,30.33048],[-97.59129,30.34032],[-97.59947,30.33747],[-97.59174,30.34041],[-97.59382,30.34424],[-97.59539,30.345],[-97.59353,30.35268],[-97.59776,30.34616],[-97.60226,30.34837],[-97.59802,30.35496],[-97.60009,30.35653],[-97.60225,30.36035],[-97.5981,30.36043],[-97.59667,30.35976],[-97.59478,30.3611],[-97.59224,30.36012],[-97.59042,30.36071],[-97.58806,30.3593],[-97.58479,30.36466],[-97.58365,30.36977],[-97.58809,30.37047],[-97.59326,30.37287],[-97.59778,30.36593],[-97.60313,30.36848],[-97.60498,30.36566],[-97.60716,30.36719],[-97.61303,30.3686],[-97.61205,30.37212],[-97.60848,30.37801],[-97.61092,30.3758],[-97.61356,30.37702],[-97.61445,30.37429],[-97.61778,30.37583],[-97.62372,30.36818],[-97.6199,30.36521],[-97.62119,30.36501],[-97.61866,30.36204],[-97.62287,30.35545],[-97.61911,30.35367],[-97.62358,30.3468],[-97.63297,30.35137],[-97.63386,30.3543],[-97.63556,30.35584],[-97.63077,30.36015],[-97.6272,30.36953],[-97.62432,30.37361],[-97.6261,30.37453],[-97.6219,30.3806],[-97.62168,30.38271],[-97.62391,30.38301],[-97.62694,30.38671],[-97.6259,30.38689],[-97.62848,30.3904],[-97.63142,30.3919],[-97.63406,30.39683],[-97.63708,30.39841],[-97.63506,30.40203],[-97.63379,30.40102]],[[-97.49967,30.21795],[-97.50169,30.21502],[-97.50047,30.21421],[-97.49873,30.21709],[-97.49765,30.21631],[-97.49652,30.21614],[-97.49967,30.21795]]]]}},{"type":"Feature","properties":{"zcta":"78622","d":0},"geometry":{"type":"Polygon","coordinates":[[[-97.79256,29.77707],[-97.79068,29.77908],[-97.77694,29.80228],[-97.7609,29.78612],[-97.78183,29.7705],[-97.77813,29.76219],[-97.77431,29.75772],[-97.76502,29.7473],[-97.77171,29.74396],[-97.77046,29.74267],[-97.77334,29.74185],[-97.774,29.74394],[-97.77772,29.74711],[-97.78204,29.7477],[-97.77946,29.74821],[-97.78124,29.75271],[-97.78023,29.75476],[-97.7805,29.75825],[-97.78162,29.75972],[-97.78638,29.76096],[-97.79268,29.75939],[-97.79292,29.75419],[-97.79592,29.75233],[-97.79968,29.7523],[-97.80136,29.75419],[-97.80342,29.75365],[-97.80298,29.75865],[-97.80087,29.75917],[-97.79974,29.76322],[-97.80073,29.76676],[-97.80562,29.76777],[-97.79256,29.77707]]]}},{"type":"Feature","properties":{"zcta":"78676","d":45},"geometry":{"type":"Polygon","coordinates":[[[-98.27008,30.14056],[-98.26586,30.14108],[-98.26592,30.13471],[-98.2635,30.13475],[-98.26345,30.12614],[-98.25924,30.13654],[-98.25665,30.13496],[-98.24906,30.13642],[-98.24449,30.13187],[-98.23054,30.13173],[-98.22965,30.12566],[-98.22952,30.11833],[-98.21447,30.11854],[-98.21148,30.11634],[-98.20912,30.11978],[-98.20617,30.12284],[-98.19944,30.11835],[-98.20589,30.11154],[-98.19978,30.10734],[-98.19781,30.1086],[-98.18882,30.11071],[-98.18664,30.11344],[-98.18453,30.11146],[-98.18318,30.11364],[-98.17884,30.11572],[-98.17754,30.11551],[-98.1744,30.11219],[-98.174,30.11589],[-98.1702,30.11938],[-98.16798,30.12355],[-98.16366,30.12488],[-98.16327,30.12714],[-98.16073,30.12979],[-98.15989,30.12645],[-98.15851,30.1257],[-98.15718,30.12288],[-98.15833,30.12084],[-98.1581,30.1187],[-98.15595,30.12006],[-98.1506,30.12006],[-98.14749,30.12254],[-98.14515,30.12145],[-98.14179,30.12127],[-98.1427,30.1174],[-98.13982,30.11559],[-98.13785,30.11684],[-98.13541,30.11398],[-98.13073,30.10731],[-98.12505,30.10775],[-98.12092,30.10595],[-98.11976,30.10405],[-98.11548,30.10195],[-98.11,30.10196],[-98.10667,30.10106],[-98.10073,30.10075],[-98.0979,30.10222],[-98.09598,30.10195],[-98.09665,30.09928],[-98.09609,30.09674],[-98.10059,30.08637],[-98.09981,30.08304],[-98.09719,30.07884],[-98.09303,30.07505],[-98.0909,30.07412],[-98.08958,30.07016],[-98.08761,30.07017],[-98.08843,30.07387],[-98.08604,30.07389],[-98.08629,30.07886],[-98.08034,30.07901],[-98.08056,30.08382],[-98.08692,30.08368],[-98.08602,30.08721],[-98.08048,30.08653],[-98.08054,30.08974],[-98.0763,30.08925],[-98.07635,30.09071],[-98.05291,30.0915],[-98.04661,30.09078],[-98.04642,30.08352],[-98.04532,30.08354],[-98.04494,30.07878],[-98.04621,30.07889],[-98.04597,30.07051],[-98.03682,30.07026],[-98.03597,30.05685],[-98.02703,30.05207],[-98.0279,30.04978],[-98.02604,30.04807],[-98.02028,30.04805],[-98.01416,30.0464],[-98.005,30.04648],[-98.00035,30.04793],[-97.98716,30.04721],[-97.96844,30.0447],[-97.96298,30.04366],[-97.96287,30.03496],[-97.96223,30.03327],[-97.96286,30.02835],[-97.96125,30.02638],[-97.95922,30.02617],[-97.95472,30.03591],[-97.95251,30.03653],[-97.94993,30.03543],[-97.94866,30.03321],[-97.94861,30.03002],[-97.94563,30.02711],[-97.93976,30.02633],[-97.93926,30.02244],[-97.94002,30.01971],[-97.93826,30.01765],[-97.94139,30.01547],[-97.94068,30.01272],[-97.9436,30.00905],[-97.9505,30.00628],[-97.95414,30.0043],[-97.95656,30.00531],[-97.95775,30.00859],[-97.9598,30.01123],[-97.96191,30.01196],[-97.96741,30.01129],[-97.97123,30.00797],[-97.98637,30.00478],[-97.99111,30.00274],[-97.9943,30.00021],[-97.99408,29.99651],[-97.99518,29.99431],[-97.99801,29.99468],[-98.00275,29.99937],[-98.00651,29.99807],[-98.00687,29.99468],[-98.00615,29.99057],[-98.00741,29.98789],[-98.01428,29.98375],[-98.01621,29.98372],[-98.01991,29.98597],[-98.03016,29.98102],[-98.03452,29.98739],[-98.03759,29.9867],[-98.03897,29.98406],[-98.03852,29.98243],[-98.0403,29.97951],[-98.0408,29.97408],[-98.04414,29.96654],[-98.0448,29.95876],[-98.04323,29.95543],[-98.04064,29.95192],[-98.03506,29.95061],[-98.03052,29.9477],[-98.02839,29.94495],[-98.03116,29.94237],[-98.03518,29.94685],[-98.03716,29.94765],[-98.04215,29.94687],[-98.04774,29.94762],[-98.06039,29.95291],[-98.06037,29.94873],[-98.06244,29.94836],[-98.08002,29.94778],[-98.07964,29.9394],[-98.08313,29.93944],[-98.09093,29.94152],[-98.09255,29.9436],[-98.09358,29.94783],[-98.09527,29.95873],[-98.0948,29.96056],[-98.09158,29.96542],[-98.09279,29.97239],[-98.09473,29.97415],[-98.10122,29.97488],[-98.10359,29.97362],[-98.10305,29.97085],[-98.10751,29.97028],[-98.1098,29.9719],[-98.11056,29.97106],[-98.1146,29.97269],[-98.11415,29.96959],[-98.1159,29.96704],[-98.11741,29.97174],[-98.12063,29.96982],[-98.13108,29.96994],[-98.13998,29.96766],[-98.14422,29.96922],[-98.14822,29.96837],[-98.1487,29.96709],[-98.14751,29.96372],[-98.14783,29.96103],[-98.14944,29.96003],[-98.15299,29.95975],[-98.15857,29.96076],[-98.16108,29.95905],[-98.16296,29.95605],[-98.16636,29.95485],[-98.16892,29.95591],[-98.17124,29.95727],[-98.17802,29.96331],[-98.18476,29.96418],[-98.19213,29.96919],[-98.19614,29.97099],[-98.20105,29.97556],[-98.2049,29.97446],[-98.206,29.97604],[-98.20616,29.9802],[-98.20567,29.98576],[-98.206,29.98978],[-98.21756,29.98957],[-98.22426,29.98605],[-98.21739,29.98115],[-98.23328,29.98103],[-98.23474,29.9848],[-98.23484,29.99361],[-98.2463,30.00177],[-98.25443,30.00178],[-98.25478,29.99973],[-98.27285,30.0005],[-98.27313,30.00802],[-98.27123,30.00971],[-98.27285,30.01329],[-98.27301,30.02068],[-98.2976,30.03799],[-98.29417,30.0468],[-98.30265,30.0469],[-98.30585,30.04766],[-98.31594,30.05325],[-98.3165,30.05459],[-98.31431,30.05768],[-98.3156,30.06226],[-98.31095,30.06525],[-98.30622,30.06504],[-98.30558,30.06676],[-98.30843,30.06979],[-98.31296,30.06877],[-98.31659,30.07037],[-98.31834,30.06748],[-98.32073,30.0675],[-98.32233,30.06918],[-98.32621,30.06824],[-98.32786,30.07095],[-98.32471,30.07658],[-98.3222,30.07965],[-98.32162,30.0839],[-98.32415,30.08565],[-98.32504,30.08793],[-98.3209,30.08601],[-98.32079,30.08349],[-98.31959,30.08246],[-98.31633,30.08281],[-98.31296,30.08476],[-98.30908,30.08372],[-98.30689,30.08903],[-98.30506,30.09123],[-98.30421,30.09452],[-98.29988,30.10377],[-98.30023,30.1132],[-98.30477,30.11357],[-98.3024,30.11624],[-98.30077,30.11961],[-98.29578,30.12558],[-98.28691,30.13192],[-98.27585,30.13747],[-98.27008,30.14056]]]}},{"type":"Feature","properties":{"zcta":"78610","d":249},"geometry":{"type":"Polygon","coordinates":[[[-97.91551,30.15487],[-97.91537,30.14254],[-97.91285,30.14185],[-97.91273,30.13259],[-97.90399,30.13253],[-97.9039,30.13394],[-97.89412,30.13416],[-97.89444,30.13352],[-97.90026,30.13142],[-97.90179,30.12982],[-97.90668,30.12837],[-97.90716,30.12431],[-97.87942,30.12465],[-97.87988,30.12837],[-97.87502,30.12797],[-97.86851,30.12815],[-97.86847,30.13337],[-97.86745,30.13338],[-97.86736,30.13679],[-97.86647,30.13681],[-97.82077,30.1041],[-97.81325,30.09868],[-97.80687,30.11247],[-97.80435,30.11863],[-97.79198,30.1128],[-97.78179,30.11265],[-97.75626,30.1004],[-97.74927,30.1115],[-97.74861,30.11356],[-97.74539,30.11192],[-97.74439,30.11425],[-97.73809,30.11227],[-97.73267,30.10969],[-97.73093,30.11194],[-97.72784,30.11029],[-97.7309,30.10558],[-97.72638,30.10292],[-97.73227,30.09359],[-97.72292,30.08885],[-97.71818,30.09625],[-97.7252,30.09959],[-97.72349,30.10155],[-97.71058,30.09548],[-97.71484,30.08866],[-97.71146,30.08845],[-97.71302,30.08676],[-97.71805,30.08513],[-97.72177,30.08242],[-97.72726,30.08423],[-97.72948,30.08757],[-97.73192,30.0859],[-97.73505,30.0856],[-97.73522,30.08396],[-97.72862,30.0814],[-97.72483,30.08117],[-97.71044,30.08245],[-97.69819,30.08031],[-97.69335,30.08107],[-97.69282,30.06322],[-97.69205,30.05602],[-97.69071,30.05615],[-97.69131,30.06604],[-97.69117,30.0755],[-97.69017,30.0757],[-97.6829,30.08191],[-97.67863,30.08239],[-97.67408,30.08192],[-97.67168,30.08642],[-97.66896,30.0842],[-97.669,30.07959],[-97.66628,30.08203],[-97.65369,30.07156],[-97.66266,30.06357],[-97.66442,30.065],[-97.66777,30.06501],[-97.6649,30.06156],[-97.66536,30.0596],[-97.66861,30.05669],[-97.65992,30.04964],[-97.67204,30.03889],[-97.66571,30.03327],[-97.66948,30.03163],[-97.67446,30.03052],[-97.6888,30.0277],[-97.6946,30.02722],[-97.70051,30.02595],[-97.70399,30.03195],[-97.7212,30.04649],[-97.72375,30.04416],[-97.72678,30.04543],[-97.7348,30.0424],[-97.75148,30.05435],[-97.75616,30.04971],[-97.7541,30.04855],[-97.7694,30.03429],[-97.76909,30.03342],[-97.77662,30.03297],[-97.78246,30.03614],[-97.78933,30.04176],[-97.79597,30.036],[-97.79849,30.03797],[-97.8025,30.0354],[-97.80485,30.03672],[-97.81158,30.0309],[-97.81285,30.03053],[-97.82562,30.03063],[-97.8282,30.03255],[-97.82812,30.03499],[-97.83148,30.03497],[-97.8315,30.03771],[-97.84164,30.0377],[-97.84286,30.03532],[-97.85053,30.03591],[-97.85047,30.04087],[-97.84462,30.04248],[-97.8518,30.04257],[-97.85272,30.0398],[-97.85632,30.0408],[-97.86337,30.04053],[-97.86686,30.0282],[-97.87247,30.02816],[-97.87212,30.03733],[-97.87478,30.04446],[-97.87469,30.05022],[-97.88039,30.04939],[-97.88369,30.04598],[-97.8879,30.03452],[-97.9017,30.03422],[-97.90329,30.02843],[-97.90646,30.02853],[-97.90646,30.0363],[-97.91439,30.03582],[-97.9146,30.04473],[-97.91263,30.04533],[-97.90871,30.04445],[-97.90649,30.04823],[-97.90334,30.05198],[-97.92763,30.05172],[-97.92783,30.05989],[-97.92618,30.06023],[-97.9259,30.06228],[-97.92992,30.05984],[-97.93407,30.05512],[-97.93621,30.05354],[-97.93778,30.05027],[-97.94014,30.04977],[-97.94661,30.05364],[-97.95564,30.05158],[-97.96304,30.05205],[-97.96934,30.05373],[-97.97245,30.05661],[-97.97511,30.05794],[-97.97719,30.06042],[-97.979,30.06062],[-97.98294,30.06387],[-97.98106,30.06712],[-97.97793,30.07012],[-97.97948,30.0761],[-97.9786,30.07834],[-97.9747,30.08134],[-97.9745,30.0841],[-97.97785,30.08797],[-97.98013,30.08951],[-97.9904,30.08625],[-97.99254,30.08417],[-97.99437,30.08053],[-97.99702,30.08018],[-97.99895,30.0835],[-98.00462,30.08443],[-98.00813,30.08308],[-98.01322,30.08496],[-98.01253,30.08765],[-98.0105,30.08923],[-98.00638,30.09049],[-98.00351,30.09476],[-97.99814,30.09936],[-97.99516,30.1032],[-97.99241,30.10834],[-97.99356,30.112],[-97.99587,30.11319],[-97.9958,30.11061],[-98.00091,30.11066],[-98.00247,30.11252],[-98.00307,30.11687],[-98.00813,30.12139],[-98.00756,30.12521],[-98.00929,30.12817],[-98.0123,30.1271],[-98.01503,30.12787],[-98.01582,30.13144],[-98.0104,30.13192],[-98.00182,30.12337],[-97.99968,30.12264],[-97.99275,30.12186],[-97.98724,30.11792],[-97.98533,30.11712],[-97.95767,30.11724],[-97.95669,30.11699],[-97.95663,30.12081],[-97.91551,30.15487]]]}},{"type":"Feature","properties":{"zcta":"78602","d":87},"geometry":{"type":"Polygon","coordinates":[[[-97.4223,30.20312],[-97.41823,30.20416],[-97.41176,30.2046],[-97.40178,30.22032],[-97.38182,30.21095],[-97.37735,30.21704],[-97.36698,30.23385],[-97.36449,30.23747],[-97.35934,30.23338],[-97.35246,30.24389],[-97.34982,30.24717],[-97.348,30.2476],[-97.34643,30.24382],[-97.33955,30.23807],[-97.34058,30.23581],[-97.33684,30.23269],[-97.33505,30.23415],[-97.33069,30.2308],[-97.32953,30.2332],[-97.33273,30.23579],[-97.33565,30.23617],[-97.33881,30.23825],[-97.33541,30.24223],[-97.33214,30.24112],[-97.33064,30.24169],[-97.32812,30.24757],[-97.32881,30.24884],[-97.32714,30.25195],[-97.32662,30.25475],[-97.32862,30.25584],[-97.33298,30.25625],[-97.33225,30.26185],[-97.32797,30.26551],[-97.3308,30.27038],[-97.33592,30.2804],[-97.3334,30.28143],[-97.32344,30.29026],[-97.31887,30.28658],[-97.30927,30.29496],[-97.30928,30.30271],[-97.30559,30.30638],[-97.30622,30.30883],[-97.30514,30.31076],[-97.30141,30.30767],[-97.28956,30.30015],[-97.28776,30.29837],[-97.26924,30.28272],[-97.26746,30.2818],[-97.26029,30.2764],[-97.2633,30.27375],[-97.25622,30.26807],[-97.24935,30.27422],[-97.24736,30.27262],[-97.24851,30.27113],[-97.25123,30.26062],[-97.25731,30.25353],[-97.2598,30.24942],[-97.274,30.23192],[-97.26607,30.22543],[-97.24844,30.21047],[-97.23103,30.19675],[-97.23084,30.19414],[-97.23251,30.19211],[-97.23251,30.18616],[-97.23198,30.17224],[-97.23349,30.16984],[-97.2319,30.1686],[-97.22515,30.1747],[-97.22157,30.17085],[-97.22815,30.16532],[-97.21775,30.15648],[-97.22574,30.15174],[-97.22269,30.14885],[-97.21916,30.14947],[-97.21332,30.14664],[-97.21267,30.14198],[-97.21363,30.13713],[-97.21315,30.13471],[-97.21642,30.13361],[-97.21954,30.13109],[-97.22337,30.12275],[-97.22321,30.1206],[-97.22519,30.11683],[-97.22273,30.11201],[-97.23022,30.11366],[-97.23193,30.10822],[-97.2338,30.10049],[-97.23885,30.08283],[-97.23466,30.08136],[-97.23602,30.07645],[-97.22973,30.07518],[-97.2307,30.07159],[-97.22829,30.07068],[-97.22979,30.06352],[-97.22761,30.06139],[-97.22128,30.05702],[-97.22422,30.05308],[-97.2267,30.05123],[-97.2261,30.04909],[-97.22805,30.04769],[-97.22822,30.04445],[-97.22554,30.04041],[-97.22259,30.03961],[-97.2231,30.04077],[-97.21933,30.04377],[-97.21821,30.04699],[-97.21375,30.04996],[-97.20998,30.05081],[-97.20482,30.05376],[-97.20254,30.05257],[-97.20458,30.05081],[-97.2054,30.04616],[-97.20392,30.04284],[-97.20239,30.03467],[-97.20263,30.03298],[-97.20488,30.02988],[-97.21075,30.02366],[-97.21412,30.02369],[-97.21691,30.02595],[-97.22552,30.02779],[-97.22893,30.02792],[-97.2333,30.02544],[-97.23328,30.02282],[-97.232,30.02064],[-97.23315,30.01716],[-97.23555,30.01502],[-97.24189,30.01402],[-97.24778,30.01042],[-97.24915,30.01201],[-97.24557,30.01769],[-97.24588,30.02607],[-97.24724,30.02653],[-97.2543,30.02646],[-97.25715,30.02727],[-97.26005,30.02484],[-97.26422,30.02325],[-97.26826,30.02248],[-97.27378,30.02244],[-97.27538,30.02417],[-97.27873,30.02548],[-97.28145,30.02534],[-97.28465,30.02769],[-97.2917,30.03179],[-97.29293,30.03381],[-97.29337,30.0379],[-97.29636,30.03919],[-97.30175,30.03917],[-97.3064,30.03812],[-97.30842,30.03836],[-97.31026,30.04185],[-97.31277,30.045],[-97.31433,30.04509],[-97.31708,30.0407],[-97.31246,30.03722],[-97.3154,30.03453],[-97.31379,30.03034],[-97.31569,30.02952],[-97.31378,30.0267],[-97.31674,30.02505],[-97.3146,30.02302],[-97.3171,30.02066],[-97.32108,30.01994],[-97.32565,30.01489],[-97.32803,30.01378],[-97.32927,30.01171],[-97.32708,30.00842],[-97.32358,30.00839],[-97.32378,30.0034],[-97.32838,30.00244],[-97.32942,30.00453],[-97.33323,30.0043],[-97.33498,30.00579],[-97.33664,30.00555],[-97.3384,30.00127],[-97.3386,29.99803],[-97.33308,29.99175],[-97.33449,29.9898],[-97.33683,29.99007],[-97.33676,29.98704],[-97.33561,29.98497],[-97.33901,29.98504],[-97.3401,29.98368],[-97.33874,29.97928],[-97.33987,29.97758],[-97.33935,29.9748],[-97.34153,29.97526],[-97.3429,29.97387],[-97.34281,29.97151],[-97.35112,29.97549],[-97.35292,29.97195],[-97.36169,29.97624],[-97.36279,29.97461],[-97.37478,29.98032],[-97.37301,29.98273],[-97.37558,29.98411],[-97.37402,29.98663],[-97.38501,29.99187],[-97.38642,29.9901],[-97.3921,29.99314],[-97.39108,29.99502],[-97.39506,29.99712],[-97.39948,29.99858],[-97.40525,30.00185],[-97.40704,29.99753],[-97.40815,29.99794],[-97.41064,29.99318],[-97.41404,29.98807],[-97.41872,29.99043],[-97.41937,29.98957],[-97.42206,29.99115],[-97.42406,29.99073],[-97.42841,29.98765],[-97.42649,29.9906],[-97.42868,29.98959],[-97.43028,29.99064],[-97.42907,29.99264],[-97.43014,29.99386],[-97.45586,30.00616],[-97.45547,30.00856],[-97.45815,30.00974],[-97.46102,30.00699],[-97.4629,30.00628],[-97.46359,30.01232],[-97.46464,30.01364],[-97.46262,30.01525],[-97.4641,30.01665],[-97.46048,30.02192],[-97.45644,30.01817],[-97.45471,30.01768],[-97.45137,30.02237],[-97.44857,30.02415],[-97.44676,30.02711],[-97.44299,30.02637],[-97.43732,30.02359],[-97.43623,30.02802],[-97.43278,30.02968],[-97.42775,30.03532],[-97.42419,30.03379],[-97.42642,30.02807],[-97.42416,30.02774],[-97.4234,30.02519],[-97.41966,30.02631],[-97.42139,30.03101],[-97.42044,30.03336],[-97.42175,30.03737],[-97.41762,30.04343],[-97.41611,30.04324],[-97.40867,30.0515],[-97.40074,30.05064],[-97.39987,30.05424],[-97.40237,30.0548],[-97.40295,30.05273],[-97.40486,30.05285],[-97.40253,30.05933],[-97.38717,30.06842],[-97.38853,30.07066],[-97.38698,30.07349],[-97.38695,30.07642],[-97.38422,30.07811],[-97.38373,30.0806],[-97.38782,30.08266],[-97.39075,30.08286],[-97.39376,30.08071],[-97.39722,30.0832],[-97.39896,30.08221],[-97.4036,30.08339],[-97.40362,30.08693],[-97.40589,30.08808],[-97.41171,30.08669],[-97.41996,30.08972],[-97.42359,30.08426],[-97.42679,30.08561],[-97.42988,30.08534],[-97.43072,30.08385],[-97.43396,30.08336],[-97.43329,30.0817],[-97.43591,30.07879],[-97.43782,30.0847],[-97.43926,30.08602],[-97.43594,30.09457],[-97.43163,30.09484],[-97.42758,30.09637],[-97.42014,30.09698],[-97.42007,30.10209],[-97.41433,30.10209],[-97.4145,30.11029],[-97.41901,30.11037],[-97.41539,30.11227],[-97.41665,30.11298],[-97.42091,30.11174],[-97.42207,30.11336],[-97.42776,30.11756],[-97.43079,30.11912],[-97.43082,30.12105],[-97.43481,30.12367],[-97.43379,30.12709],[-97.43245,30.12713],[-97.43248,30.13121],[-97.43632,30.13124],[-97.4363,30.13514],[-97.43934,30.13523],[-97.43933,30.13114],[-97.44155,30.1343],[-97.44064,30.13998],[-97.43747,30.14271],[-97.4431,30.14205],[-97.44575,30.14343],[-97.45341,30.1498],[-97.45224,30.15371],[-97.44731,30.15751],[-97.4436,30.16352],[-97.43952,30.16661],[-97.43712,30.17099],[-97.43403,30.17512],[-97.43123,30.17767],[-97.4245,30.18212],[-97.42273,30.18663],[-97.42478,30.18916],[-97.42977,30.19076],[-97.4223,30.20312]]]}},{"type":"Feature","properties":{"zcta":"78722","d":2300},"geometry":{"type":"Polygon","coordinates":[[[-97.72013,30.29428],[-97.71242,30.30649],[-97.70921,30.30264],[-97.70974,30.29879],[-97.70831,30.2969],[-97.70739,30.29131],[-97.70353,30.28975],[-97.69879,30.29012],[-97.69857,30.28909],[-97.7013,30.28754],[-97.70537,30.28929],[-97.70715,30.2892],[-97.70631,30.28627],[-97.70394,30.28257],[-97.70817,30.28188],[-97.70737,30.28325],[-97.70856,30.28594],[-97.7085,30.28183],[-97.70966,30.28277],[-97.71154,30.2814],[-97.72318,30.27948],[-97.72539,30.28019],[-97.72603,30.28314],[-97.7274,30.28308],[-97.72508,30.28656],[-97.72013,30.29428]]]}},{"type":"Feature","properties":{"zcta":"78957","d":24},"geometry":{"type":"Polygon","coordinates":[[[-97.2037,30.10779],[-97.19926,30.1228],[-97.19476,30.12288],[-97.19473,30.12126],[-97.18448,30.12151],[-97.18441,30.11338],[-97.1786,30.11465],[-97.17364,30.11701],[-97.16959,30.12004],[-97.16195,30.12308],[-97.15754,30.12344],[-97.15115,30.12589],[-97.1454,30.12656],[-97.13093,30.13138],[-97.12523,30.1276],[-97.12298,30.12818],[-97.11746,30.1275],[-97.11473,30.12778],[-97.11353,30.12993],[-97.10838,30.13071],[-97.10085,30.13308],[-97.08588,30.1334],[-97.08562,30.13731],[-97.0746,30.13776],[-97.06369,30.1217],[-97.06265,30.12046],[-97.06155,30.07888],[-97.0638,30.07619],[-97.06134,30.07582],[-97.06043,30.04285],[-97.06911,30.04274],[-97.06707,30.03647],[-97.06717,30.03335],[-97.06853,30.02821],[-97.06542,30.02477],[-97.06339,30.0253],[-97.06031,30.02226],[-97.06197,30.02113],[-97.06282,30.01741],[-97.05771,30.01555],[-97.05666,30.01356],[-97.0574,30.01152],[-97.05635,30.00781],[-97.05414,30.00778],[-97.05313,30.00962],[-97.05129,30.00895],[-97.05209,30.00205],[-97.04859,30.00047],[-97.04717,29.99871],[-97.04876,29.99596],[-97.05129,29.99372],[-97.05297,29.99542],[-97.06,29.99561],[-97.05634,29.99228],[-97.05326,29.99148],[-97.05097,29.98909],[-97.05066,29.98611],[-97.0535,29.98639],[-97.05493,29.98481],[-97.0534,29.98398],[-97.05277,29.9805],[-97.05075,29.97837],[-97.04956,29.98311],[-97.04637,29.9854],[-97.04243,29.98629],[-97.04081,29.98529],[-97.03464,29.98375],[-97.03855,29.98418],[-97.04214,29.98576],[-97.04586,29.98529],[-97.0468,29.98377],[-97.04582,29.97746],[-97.04408,29.97393],[-97.04594,29.97105],[-97.04809,29.9659],[-97.0521,29.96382],[-97.05375,29.96214],[-97.06121,29.95879],[-97.06568,29.95986],[-97.07216,29.95996],[-97.08585,29.95709],[-97.08639,29.95381],[-97.09107,29.9534],[-97.09193,29.95078],[-97.09413,29.94915],[-97.0939,29.94667],[-97.092,29.9408],[-97.08657,29.93566],[-97.08576,29.93412],[-97.08582,29.92382],[-97.10331,29.92362],[-97.14134,29.92338],[-97.14164,29.91954],[-97.12687,29.91976],[-97.12644,29.91688],[-97.12351,29.91595],[-97.12154,29.91722],[-97.12156,29.91173],[-97.1274,29.91134],[-97.12765,29.91352],[-97.13713,29.91331],[-97.13656,29.90922],[-97.14935,29.90916],[-97.15555,29.91079],[-97.15815,29.91434],[-97.162,29.91483],[-97.16182,29.91939],[-97.16583,29.92006],[-97.16382,29.92188],[-97.16535,29.92297],[-97.19423,29.89678],[-97.19466,29.91933],[-97.19387,29.92217],[-97.1883,29.92937],[-97.18455,29.93712],[-97.1882,29.93898],[-97.19052,29.93877],[-97.19172,29.94012],[-97.21994,29.93968],[-97.21955,29.93263],[-97.22183,29.9216],[-97.22164,29.90228],[-97.23385,29.90218],[-97.23469,29.89881],[-97.24089,29.89869],[-97.24107,29.90673],[-97.24407,29.90625],[-97.24793,29.90775],[-97.25682,29.90702],[-97.25701,29.90809],[-97.2656,29.90857],[-97.267,29.90581],[-97.26862,29.90988],[-97.26865,29.91515],[-97.2725,29.91715],[-97.27524,29.91971],[-97.28576,29.92456],[-97.28794,29.92487],[-97.28745,29.92813],[-97.29332,29.92927],[-97.28816,29.93192],[-97.28461,29.93202],[-97.27922,29.93025],[-97.26512,29.93116],[-97.26093,29.93312],[-97.26198,29.93429],[-97.26242,29.93805],[-97.2604,29.94795],[-97.27696,29.95048],[-97.27959,29.95154],[-97.28348,29.9512],[-97.28623,29.93716],[-97.29241,29.93805],[-97.29472,29.93487],[-97.30358,29.93931],[-97.30535,29.93656],[-97.31704,29.94237],[-97.31671,29.94377],[-97.32295,29.94708],[-97.32206,29.94868],[-97.3243,29.94954],[-97.3236,29.95141],[-97.32846,29.95379],[-97.32525,29.95922],[-97.32732,29.96021],[-97.32565,29.96308],[-97.34281,29.97151],[-97.3429,29.97387],[-97.34153,29.97526],[-97.33935,29.9748],[-97.33987,29.97758],[-97.33874,29.97928],[-97.3401,29.98368],[-97.33901,29.98504],[-97.33561,29.98497],[-97.33676,29.98704],[-97.33683,29.99007],[-97.33449,29.9898],[-97.33308,29.99175],[-97.3386,29.99803],[-97.3384,30.00127],[-97.33664,30.00555],[-97.33498,30.00579],[-97.33323,30.0043],[-97.32942,30.00453],[-97.32838,30.00244],[-97.32378,30.0034],[-97.32358,30.00839],[-97.32708,30.00842],[-97.32927,30.01171],[-97.32803,30.01378],[-97.32565,30.01489],[-97.32108,30.01994],[-97.3171,30.02066],[-97.3146,30.02302],[-97.31674,30.02505],[-97.31378,30.0267],[-97.31569,30.02952],[-97.31379,30.03034],[-97.3154,30.03453],[-97.31246,30.03722],[-97.31708,30.0407],[-97.31433,30.04509],[-97.31277,30.045],[-97.31026,30.04185],[-97.30842,30.03836],[-97.3064,30.03812],[-97.30175,30.03917],[-97.29636,30.03919],[-97.29337,30.0379],[-97.29293,30.03381],[-97.2917,30.03179],[-97.28465,30.02769],[-97.28145,30.02534],[-97.27873,30.02548],[-97.27538,30.02417],[-97.27378,30.02244],[-97.26826,30.02248],[-97.26422,30.02325],[-97.26005,30.02484],[-97.25715,30.02727],[-97.2543,30.02646],[-97.24724,30.02653],[-97.24588,30.02607],[-97.24557,30.01769],[-97.24915,30.01201],[-97.24778,30.01042],[-97.24189,30.01402],[-97.23555,30.01502],[-97.23315,30.01716],[-97.232,30.02064],[-97.23328,30.02282],[-97.2333,30.02544],[-97.22893,30.02792],[-97.22552,30.02779],[-97.21691,30.02595],[-97.21412,30.02369],[-97.21075,30.02366],[-97.20488,30.02988],[-97.20263,30.03298],[-97.20239,30.03467],[-97.20392,30.04284],[-97.2054,30.04616],[-97.20458,30.05081],[-97.20254,30.05257],[-97.20482,30.05376],[-97.20998,30.05081],[-97.21375,30.04996],[-97.21821,30.04699],[-97.21933,30.04377],[-97.2231,30.04077],[-97.22259,30.03961],[-97.22554,30.04041],[-97.22822,30.04445],[-97.22805,30.04769],[-97.2261,30.04909],[-97.2267,30.05123],[-97.22422,30.05308],[-97.22128,30.05702],[-97.22761,30.06139],[-97.22979,30.06352],[-97.22829,30.07068],[-97.2307,30.07159],[-97.22973,30.07518],[-97.23602,30.07645],[-97.23466,30.08136],[-97.23885,30.08283],[-97.2338,30.10049],[-97.23193,30.10822],[-97.23022,30.11366],[-97.22273,30.11201],[-97.2037,30.10779]]]}},{"type":"Feature","properties":{"zcta":"78757","d":2431},"geometry":{"type":"Polygon","coordinates":[[[-97.74192,30.36793],[-97.74084,30.36745],[-97.73618,30.37868],[-97.73284,30.37653],[-97.72043,30.37044],[-97.71876,30.36836],[-97.71738,30.36323],[-97.71922,30.3628],[-97.7191,30.36107],[-97.71675,30.36041],[-97.71582,30.35694],[-97.71852,30.35464],[-97.71539,30.35216],[-97.71767,30.34991],[-97.71308,30.34684],[-97.71735,30.34016],[-97.72055,30.34082],[-97.72192,30.34719],[-97.72164,30.34267],[-97.72269,30.3409],[-97.72097,30.34027],[-97.72149,30.33765],[-97.71955,30.3367],[-97.72371,30.33012],[-97.72483,30.33067],[-97.7276,30.32853],[-97.72915,30.33034],[-97.73457,30.33231],[-97.73982,30.33485],[-97.74558,30.33581],[-97.74975,30.3345],[-97.75528,30.33641],[-97.7549,30.3379],[-97.74799,30.3516],[-97.74342,30.3613],[-97.74398,30.3613],[-97.74192,30.36793]]]}},{"type":"Feature","properties":{"zcta":"78620","d":68},"geometry":{"type":"Polygon","coordinates":[[[-98.12529,30.37534],[-98.11902,30.37741],[-98.11859,30.37199],[-98.11637,30.35997],[-98.1141,30.35923],[-98.11141,30.36321],[-98.10131,30.35829],[-98.10206,30.35705],[-98.09501,30.35355],[-98.09583,30.35251],[-98.10773,30.34652],[-98.09998,30.33471],[-98.11205,30.32775],[-98.10925,30.32622],[-98.10761,30.32417],[-98.10342,30.32071],[-98.09055,30.31214],[-98.08897,30.31429],[-98.08585,30.31646],[-98.08346,30.32041],[-98.08188,30.32819],[-98.07964,30.33076],[-98.07658,30.33724],[-98.07676,30.3452],[-98.07411,30.34639],[-98.06935,30.34423],[-98.06251,30.3478],[-98.05975,30.3447],[-98.05864,30.34189],[-98.0544,30.34],[-98.05102,30.34159],[-98.04689,30.33867],[-98.04395,30.33962],[-98.04018,30.33692],[-98.04058,30.33507],[-98.04345,30.33406],[-98.04385,30.33032],[-98.04275,30.32752],[-98.04528,30.3255],[-98.04354,30.3228],[-98.04694,30.32252],[-98.05375,30.31683],[-98.05556,30.31621],[-98.05629,30.31086],[-98.05865,30.30866],[-98.05659,30.30547],[-98.05811,30.3007],[-98.06388,30.29934],[-98.06428,30.29837],[-98.07033,30.2973],[-98.0719,30.2965],[-98.07453,30.2926],[-98.07383,30.29075],[-98.06288,30.28582],[-98.05171,30.28763],[-98.04973,30.28863],[-98.04576,30.28887],[-98.04192,30.28988],[-98.04101,30.28786],[-98.03842,30.28751],[-98.03642,30.28577],[-98.04025,30.28432],[-98.02657,30.26074],[-98.03067,30.25451],[-98.02671,30.25169],[-98.02853,30.24743],[-98.02968,30.24239],[-98.02719,30.24008],[-98.02499,30.23672],[-98.02797,30.2378],[-98.03256,30.23704],[-98.03335,30.2354],[-98.03266,30.23245],[-98.03513,30.23175],[-98.03754,30.22909],[-98.03668,30.22706],[-98.03462,30.22756],[-98.03032,30.22622],[-98.03013,30.22222],[-98.02696,30.22226],[-98.02489,30.21579],[-98.02371,30.21448],[-98.02252,30.21065],[-98.01949,30.20837],[-98.01634,30.20713],[-98.01277,30.19683],[-98.00868,30.19641],[-98.00108,30.19637],[-97.99739,30.19684],[-97.99723,30.19241],[-98.0001,30.19004],[-98.00073,30.18599],[-98.00298,30.17664],[-98.005,30.17224],[-98.00845,30.16672],[-98.00898,30.15507],[-98.00878,30.15347],[-98.01918,30.15327],[-98.01959,30.15557],[-98.01827,30.15672],[-98.01516,30.15603],[-98.01481,30.16013],[-98.01329,30.16252],[-98.01516,30.16601],[-98.03749,30.16565],[-98.03769,30.17075],[-98.04437,30.17071],[-98.05627,30.16998],[-98.05476,30.16588],[-98.0653,30.16677],[-98.06785,30.16602],[-98.07705,30.16608],[-98.08009,30.16142],[-98.08294,30.16335],[-98.08684,30.16808],[-98.09115,30.16279],[-98.09118,30.1578],[-98.09001,30.15438],[-98.09165,30.14952],[-98.08863,30.14132],[-98.08477,30.14075],[-98.08436,30.1435],[-98.083,30.14405],[-98.07915,30.1413],[-98.07678,30.14198],[-98.08047,30.14596],[-98.07808,30.14789],[-98.07526,30.14529],[-98.07007,30.14697],[-98.06747,30.14887],[-98.06555,30.1488],[-98.06347,30.14628],[-98.06001,30.13807],[-98.05922,30.13452],[-98.05616,30.13382],[-98.05443,30.13486],[-98.05391,30.13726],[-98.05118,30.13873],[-98.04743,30.14323],[-98.04447,30.14402],[-98.04436,30.12523],[-98.06554,30.12512],[-98.06662,30.12433],[-98.0732,30.12431],[-98.07267,30.12709],[-98.07494,30.12708],[-98.07488,30.13019],[-98.07271,30.13359],[-98.08646,30.13313],[-98.08735,30.13096],[-98.08994,30.13099],[-98.08933,30.12344],[-98.08831,30.11798],[-98.08915,30.11469],[-98.09247,30.10678],[-98.09598,30.10195],[-98.0979,30.10222],[-98.10073,30.10075],[-98.10667,30.10106],[-98.11,30.10196],[-98.11548,30.10195],[-98.11976,30.10405],[-98.12092,30.10595],[-98.12505,30.10775],[-98.13073,30.10731],[-98.13541,30.11398],[-98.13785,30.11684],[-98.13982,30.11559],[-98.1427,30.1174],[-98.14179,30.12127],[-98.14515,30.12145],[-98.14749,30.12254],[-98.1506,30.12006],[-98.15595,30.12006],[-98.1581,30.1187],[-98.15833,30.12084],[-98.15718,30.12288],[-98.15851,30.1257],[-98.15989,30.12645],[-98.16073,30.12979],[-98.16327,30.12714],[-98.16366,30.12488],[-98.16798,30.12355],[-98.1702,30.11938],[-98.174,30.11589],[-98.1744,30.11219],[-98.17754,30.11551],[-98.17884,30.11572],[-98.18318,30.11364],[-98.18453,30.11146],[-98.18664,30.11344],[-98.18882,30.11071],[-98.19781,30.1086],[-98.19978,30.10734],[-98.20589,30.11154],[-98.19944,30.11835],[-98.20617,30.12284],[-98.20912,30.11978],[-98.21148,30.11634],[-98.21447,30.11854],[-98.22952,30.11833],[-98.22965,30.12566],[-98.23054,30.13173],[-98.24449,30.13187],[-98.24906,30.13642],[-98.25665,30.13496],[-98.25924,30.13654],[-98.26345,30.12614],[-98.2635,30.13475],[-98.26592,30.13471],[-98.26586,30.14108],[-98.27008,30.14056],[-98.27585,30.13747],[-98.27747,30.14151],[-98.27626,30.14606],[-98.2762,30.14915],[-98.27175,30.15014],[-98.26938,30.14963],[-98.26736,30.16353],[-98.27096,30.16334],[-98.27196,30.17327],[-98.27202,30.18436],[-98.24018,30.18472],[-98.22662,30.21943],[-98.20653,30.27132],[-98.20449,30.27678],[-98.20808,30.27849],[-98.20899,30.2808],[-98.20768,30.28135],[-98.20364,30.28063],[-98.20258,30.28289],[-98.20333,30.28484],[-98.20738,30.28663],[-98.20934,30.29079],[-98.20887,30.29245],[-98.21024,30.29387],[-98.21092,30.2999],[-98.20948,30.30107],[-98.21281,30.30499],[-98.21339,30.30909],[-98.21094,30.30986],[-98.21015,30.31149],[-98.2062,30.31075],[-98.20431,30.31223],[-98.20359,30.31567],[-98.20983,30.31995],[-98.21104,30.32231],[-98.21087,30.32612],[-98.2067,30.33095],[-98.20307,30.33335],[-98.1979,30.33524],[-98.19632,30.33782],[-98.19733,30.34387],[-98.19839,30.34638],[-98.19673,30.34927],[-98.19277,30.35033],[-98.18703,30.34839],[-98.18563,30.34689],[-98.18484,30.34067],[-98.18288,30.33485],[-98.17651,30.32772],[-98.17262,30.32877],[-98.16323,30.33226],[-98.15475,30.33462],[-98.15182,30.33483],[-98.14144,30.33386],[-98.13929,30.33518],[-98.13926,30.34088],[-98.13824,30.34508],[-98.13855,30.34715],[-98.13674,30.35266],[-98.13525,30.35511],[-98.12909,30.35925],[-98.12711,30.3628],[-98.13075,30.36567],[-98.1323,30.36859],[-98.13168,30.37048],[-98.12937,30.37262],[-98.12529,30.37534]]]}},{"type":"Feature","properties":{"zcta":"78621","d":76},"geometry":{"type":"MultiPolygon","coordinates":[[[[-97.41076,30.41518],[-97.40333,30.42685],[-97.38845,30.42],[-97.39124,30.41563],[-97.37945,30.41591],[-97.38148,30.41981],[-97.38225,30.42408],[-97.37943,30.4239],[-97.37773,30.42237],[-97.37677,30.4192],[-97.37354,30.41772],[-97.36995,30.41944],[-97.37252,30.42065],[-97.37334,30.42304],[-97.36359,30.42608],[-97.36671,30.43633],[-97.35923,30.43924],[-97.35768,30.43833],[-97.35307,30.43928],[-97.35623,30.44693],[-97.35624,30.44926],[-97.36149,30.4621],[-97.35103,30.46531],[-97.34511,30.45039],[-97.34667,30.44697],[-97.3387,30.44951],[-97.33961,30.45332],[-97.32897,30.45671],[-97.32591,30.45353],[-97.32276,30.44662],[-97.32166,30.44304],[-97.3009,30.44956],[-97.29585,30.4514],[-97.30012,30.46143],[-97.30752,30.45939],[-97.31152,30.46907],[-97.31004,30.46995],[-97.30812,30.47343],[-97.3041,30.47392],[-97.30134,30.47605],[-97.30158,30.47767],[-97.29902,30.47946],[-97.29982,30.48234],[-97.29732,30.48365],[-97.2959,30.4872],[-97.29307,30.48626],[-97.2911,30.48793],[-97.28924,30.48737],[-97.28897,30.48542],[-97.28743,30.48498],[-97.28516,30.48959],[-97.28504,30.49132],[-97.28178,30.48819],[-97.27475,30.47168],[-97.25149,30.47931],[-97.25048,30.48114],[-97.24759,30.48229],[-97.24172,30.48051],[-97.23846,30.47546],[-97.2331,30.47176],[-97.2337,30.46949],[-97.23621,30.46543],[-97.24862,30.46166],[-97.24581,30.45485],[-97.24833,30.45374],[-97.24607,30.44775],[-97.24605,30.44477],[-97.24486,30.44387],[-97.24382,30.43648],[-97.24031,30.43198],[-97.23599,30.43254],[-97.22302,30.43657],[-97.21823,30.42538],[-97.22369,30.42356],[-97.22109,30.41751],[-97.22647,30.41982],[-97.22811,30.41948],[-97.22974,30.41728],[-97.23125,30.41989],[-97.23339,30.42016],[-97.23387,30.42213],[-97.22988,30.42349],[-97.23176,30.42571],[-97.2357,30.42626],[-97.23668,30.42374],[-97.23116,30.41081],[-97.23067,30.40734],[-97.23697,30.40518],[-97.23505,30.40005],[-97.23486,30.39504],[-97.23027,30.38458],[-97.22758,30.38393],[-97.22674,30.38149],[-97.22765,30.37841],[-97.22593,30.37512],[-97.23502,30.37989],[-97.23784,30.38088],[-97.24211,30.38075],[-97.25628,30.37607],[-97.25967,30.37355],[-97.26306,30.36827],[-97.23864,30.35653],[-97.24247,30.35356],[-97.24864,30.34362],[-97.2418,30.34039],[-97.2443,30.33664],[-97.24839,30.33394],[-97.25294,30.33289],[-97.25681,30.32848],[-97.25358,30.32543],[-97.25457,30.32385],[-97.25873,30.32409],[-97.26788,30.32823],[-97.26566,30.32618],[-97.26591,30.32266],[-97.27166,30.31441],[-97.27208,30.31057],[-97.26422,30.30362],[-97.26395,30.30208],[-97.27009,30.29665],[-97.26147,30.29507],[-97.26143,30.29412],[-97.2648,30.28872],[-97.26736,30.28347],[-97.26746,30.2818],[-97.26924,30.28272],[-97.28776,30.29837],[-97.28956,30.30015],[-97.30141,30.30767],[-97.30514,30.31076],[-97.30622,30.30883],[-97.30559,30.30638],[-97.30928,30.30271],[-97.30927,30.29496],[-97.31887,30.28658],[-97.32344,30.29026],[-97.3334,30.28143],[-97.33592,30.2804],[-97.3308,30.27038],[-97.32797,30.26551],[-97.33225,30.26185],[-97.33298,30.25625],[-97.32862,30.25584],[-97.32662,30.25475],[-97.32714,30.25195],[-97.32881,30.24884],[-97.32812,30.24757],[-97.33064,30.24169],[-97.33214,30.24112],[-97.33541,30.24223],[-97.33881,30.23825],[-97.33565,30.23617],[-97.33273,30.23579],[-97.32953,30.2332],[-97.33069,30.2308],[-97.33505,30.23415],[-97.33684,30.23269],[-97.34058,30.23581],[-97.33955,30.23807],[-97.34643,30.24382],[-97.348,30.2476],[-97.34982,30.24717],[-97.35246,30.24389],[-97.35934,30.23338],[-97.36449,30.23747],[-97.36698,30.23385],[-97.37735,30.21704],[-97.38182,30.21095],[-97.40178,30.22032],[-97.41176,30.2046],[-97.41823,30.20416],[-97.4223,30.20312],[-97.42977,30.19076],[-97.43396,30.19034],[-97.43558,30.18911],[-97.44944,30.18524],[-97.45371,30.18344],[-97.45854,30.1821],[-97.46145,30.18207],[-97.46501,30.18445],[-97.46974,30.18285],[-97.47311,30.18361],[-97.47396,30.18484],[-97.48401,30.1884],[-97.48541,30.19011],[-97.48547,30.1953],[-97.48829,30.19851],[-97.48844,30.20136],[-97.48424,30.20275],[-97.48361,30.20612],[-97.49193,30.21254],[-97.49729,30.20882],[-97.50143,30.20845],[-97.49963,30.21051],[-97.49635,30.21611],[-97.49652,30.21614],[-97.49338,30.22119],[-97.49167,30.23055],[-97.49196,30.23218],[-97.48985,30.24451],[-97.48843,30.24649],[-97.48649,30.24503],[-97.48348,30.24916],[-97.47392,30.24429],[-97.47379,30.24558],[-97.46995,30.2489],[-97.47288,30.24371],[-97.46454,30.23981],[-97.45593,30.25293],[-97.45287,30.25135],[-97.44954,30.25594],[-97.44994,30.25653],[-97.44709,30.2597],[-97.44542,30.26316],[-97.4476,30.265],[-97.44975,30.26196],[-97.45292,30.26321],[-97.45374,30.26181],[-97.46044,30.26518],[-97.46189,30.26212],[-97.4692,30.26526],[-97.47126,30.26419],[-97.47695,30.26784],[-97.47403,30.27246],[-97.4833,30.27673],[-97.48229,30.27809],[-97.48521,30.27968],[-97.48228,30.28419],[-97.47695,30.28183],[-97.47453,30.28566],[-97.46894,30.28375],[-97.47124,30.2805],[-97.46977,30.27819],[-97.46637,30.2779],[-97.45946,30.28894],[-97.4643,30.29128],[-97.45293,30.30907],[-97.45178,30.31052],[-97.44974,30.31053],[-97.44397,30.31926],[-97.45341,30.3202],[-97.45845,30.32228],[-97.46639,30.32415],[-97.46917,30.32373],[-97.47456,30.32441],[-97.47552,30.32813],[-97.47729,30.33022],[-97.48008,30.33093],[-97.48203,30.33762],[-97.47805,30.34435],[-97.47914,30.34491],[-97.47547,30.35074],[-97.47688,30.3514],[-97.46746,30.35161],[-97.46615,30.35391],[-97.46416,30.35461],[-97.46603,30.35161],[-97.44474,30.35159],[-97.42534,30.35254],[-97.42321,30.35292],[-97.43139,30.35668],[-97.43221,30.35544],[-97.43737,30.35839],[-97.42855,30.37165],[-97.43939,30.37665],[-97.44293,30.37712],[-97.4475,30.37618],[-97.46041,30.38173],[-97.46064,30.38431],[-97.45478,30.39349],[-97.43782,30.38519],[-97.43444,30.3908],[-97.41936,30.41484],[-97.41076,30.41518]]],[[[-97.49765,30.21631],[-97.49873,30.21709],[-97.50047,30.21421],[-97.50169,30.21502],[-97.49967,30.21795],[-97.49652,30.21614],[-97.49765,30.21631]]]]}},{"type":"Feature","properties":{"zcta":"78641","d":372},"geometry":{"type":"Polygon","coordinates":[[[-98.04029,30.6182],[-98.03959,30.61855],[-98.03649,30.61173],[-98.0297,30.61472],[-98.01773,30.61646],[-98.01274,30.61677],[-98.00628,30.62752],[-98.00194,30.62143],[-97.99799,30.61302],[-97.9924,30.60949],[-97.99101,30.60985],[-97.97787,30.62211],[-97.96631,30.62368],[-97.95673,30.62825],[-97.9547,30.62717],[-97.95564,30.63103],[-97.95417,30.63336],[-97.95092,30.63524],[-97.95261,30.63914],[-97.94146,30.64263],[-97.93936,30.63764],[-97.93947,30.63644],[-97.94242,30.63293],[-97.94504,30.63085],[-97.94366,30.62741],[-97.93709,30.62606],[-97.93639,30.62789],[-97.93928,30.62968],[-97.94023,30.63215],[-97.93636,30.63344],[-97.93506,30.63268],[-97.93249,30.63392],[-97.93135,30.63302],[-97.92778,30.63617],[-97.92563,30.63121],[-97.92289,30.63195],[-97.92161,30.62857],[-97.91847,30.62964],[-97.91983,30.63273],[-97.90574,30.63727],[-97.90566,30.63576],[-97.90015,30.63748],[-97.89799,30.63299],[-97.89813,30.63124],[-97.89626,30.63124],[-97.89543,30.62846],[-97.89153,30.6309],[-97.88211,30.62534],[-97.8765,30.62405],[-97.8766,30.62666],[-97.87962,30.63633],[-97.88154,30.64009],[-97.87134,30.64338],[-97.87161,30.64403],[-97.8635,30.64658],[-97.8648,30.64433],[-97.86189,30.63885],[-97.85809,30.64011],[-97.85635,30.63315],[-97.84755,30.63601],[-97.84417,30.6294],[-97.84356,30.63143],[-97.83869,30.63098],[-97.83874,30.62663],[-97.84349,30.62646],[-97.84285,30.62502],[-97.84645,30.62379],[-97.84637,30.61671],[-97.83751,30.61438],[-97.83335,30.61052],[-97.82797,30.6093],[-97.8256,30.61069],[-97.82691,30.61393],[-97.82388,30.6157],[-97.83006,30.63143],[-97.82776,30.6316],[-97.81906,30.6119],[-97.81217,30.61175],[-97.80935,30.60818],[-97.80602,30.60656],[-97.80054,30.60822],[-97.79703,30.59981],[-97.79938,30.59557],[-97.80109,30.5946],[-97.80432,30.59058],[-97.79635,30.58964],[-97.79747,30.58827],[-97.7948,30.58534],[-97.79238,30.58834],[-97.78655,30.58971],[-97.78611,30.58866],[-97.78323,30.58956],[-97.78365,30.59058],[-97.78017,30.59168],[-97.77847,30.58776],[-97.78705,30.58489],[-97.78651,30.58332],[-97.79172,30.58509],[-97.79263,30.58293],[-97.78927,30.58],[-97.78701,30.57916],[-97.78489,30.57646],[-97.78153,30.57713],[-97.78022,30.57182],[-97.77804,30.56943],[-97.77058,30.57178],[-97.76833,30.56624],[-97.77382,30.56447],[-97.76847,30.55578],[-97.76498,30.55275],[-97.76276,30.54972],[-97.77104,30.54722],[-97.77166,30.54874],[-97.77768,30.54695],[-97.7767,30.54456],[-97.77863,30.54339],[-97.77912,30.53965],[-97.77964,30.54438],[-97.78169,30.54562],[-97.79899,30.54057],[-97.80258,30.539],[-97.80252,30.53764],[-97.81315,30.53595],[-97.8167,30.53706],[-97.81646,30.54008],[-97.81774,30.54419],[-97.8344,30.53901],[-97.83811,30.5395],[-97.84016,30.54416],[-97.84678,30.54215],[-97.84539,30.53795],[-97.84773,30.53599],[-97.86084,30.53201],[-97.86504,30.5334],[-97.86982,30.52916],[-97.87114,30.52456],[-97.87417,30.52619],[-97.88123,30.51992],[-97.88293,30.51554],[-97.88144,30.51212],[-97.87676,30.51366],[-97.87905,30.51118],[-97.88038,30.50801],[-97.87824,30.50722],[-97.87421,30.50957],[-97.87373,30.50783],[-97.87194,30.5081],[-97.87122,30.51152],[-97.86879,30.51377],[-97.86801,30.51238],[-97.865,30.51349],[-97.86264,30.51158],[-97.85839,30.50083],[-97.86225,30.49731],[-97.85922,30.49331],[-97.8604,30.49015],[-97.86353,30.48859],[-97.86411,30.48557],[-97.86146,30.48338],[-97.85964,30.4834],[-97.85966,30.47895],[-97.85695,30.47984],[-97.85775,30.47569],[-97.8565,30.47057],[-97.85476,30.46886],[-97.85574,30.46578],[-97.85734,30.46511],[-97.85832,30.46252],[-97.8609,30.46095],[-97.86253,30.45691],[-97.86112,30.45119],[-97.85804,30.4483],[-97.85865,30.4471],[-97.86556,30.44253],[-97.86847,30.4412],[-97.87134,30.44124],[-97.87371,30.43986],[-97.87354,30.43826],[-97.876,30.43202],[-97.88001,30.43113],[-97.88231,30.42835],[-97.88643,30.42651],[-97.89516,30.4248],[-97.91109,30.42222],[-97.91302,30.42631],[-97.91546,30.42951],[-97.91998,30.43297],[-97.91994,30.43764],[-97.92319,30.44354],[-97.92551,30.44975],[-97.92577,30.45327],[-97.92476,30.45743],[-97.922,30.46034],[-97.91371,30.46457],[-97.91053,30.46551],[-97.91016,30.46929],[-97.91183,30.47016],[-97.91642,30.47546],[-97.9175,30.47956],[-97.91934,30.48361],[-97.9196,30.48595],[-97.91783,30.48747],[-97.91466,30.49726],[-97.90953,30.49812],[-97.90846,30.49748],[-97.90608,30.49913],[-97.90501,30.50132],[-97.90605,30.50195],[-97.91053,30.50108],[-97.91259,30.50239],[-97.91071,30.50522],[-97.91175,30.50639],[-97.91058,30.51346],[-97.91232,30.51142],[-97.91482,30.50534],[-97.91589,30.50907],[-97.91755,30.50983],[-97.91616,30.51101],[-97.92008,30.51337],[-97.92021,30.51547],[-97.92449,30.50901],[-97.92946,30.51065],[-97.93769,30.5143],[-97.94185,30.50771],[-97.94611,30.5097],[-97.95104,30.50264],[-97.95526,30.50303],[-97.9641,30.50244],[-97.96782,30.50124],[-97.9677,30.50459],[-97.97005,30.50356],[-97.97212,30.50408],[-97.97365,30.50595],[-97.97954,30.50607],[-97.9776,30.49677],[-97.97902,30.49589],[-97.98183,30.49814],[-97.98507,30.49711],[-97.98877,30.50089],[-97.98903,30.50278],[-97.9931,30.50571],[-97.9821,30.52236],[-97.98462,30.52344],[-98.01948,30.54008],[-98.01184,30.55178],[-98.04624,30.56839],[-98.05369,30.57214],[-98.0534,30.5732],[-98.05604,30.57564],[-98.05966,30.57749],[-98.06376,30.58227],[-98.06245,30.58813],[-98.06293,30.58947],[-98.0667,30.59284],[-98.04989,30.62416],[-98.04029,30.6182]]]}},{"type":"Feature","properties":{"zcta":"78648","d":25},"geometry":{"type":"MultiPolygon","coordinates":[[[[-97.65583,29.60245],[-97.65105,29.59948],[-97.64911,29.59712],[-97.64869,29.5944],[-97.64562,29.59398],[-97.63817,29.58603],[-97.64202,29.58334],[-97.63967,29.58095],[-97.63948,29.57787],[-97.64106,29.57724],[-97.64712,29.57295],[-97.64741,29.57622],[-97.65043,29.58232],[-97.65487,29.58653],[-97.66463,29.60698],[-97.65765,29.60454],[-97.65583,29.60245]]],[[[-97.75071,29.77571],[-97.74664,29.77847],[-97.74416,29.77593],[-97.73109,29.78568],[-97.72123,29.77578],[-97.72514,29.77261],[-97.72357,29.7707],[-97.72551,29.76896],[-97.71978,29.76303],[-97.71576,29.76603],[-97.71671,29.76762],[-97.7089,29.77378],[-97.7022,29.76741],[-97.69823,29.77055],[-97.69205,29.78181],[-97.68797,29.77667],[-97.68493,29.77487],[-97.67746,29.77689],[-97.67118,29.77596],[-97.66827,29.77227],[-97.66717,29.77277],[-97.66529,29.76768],[-97.66267,29.7668],[-97.66098,29.76452],[-97.65636,29.76789],[-97.65593,29.76521],[-97.65407,29.76172],[-97.65187,29.76238],[-97.64901,29.76499],[-97.64927,29.7687],[-97.64651,29.77053],[-97.64309,29.7672],[-97.63821,29.77106],[-97.63135,29.76458],[-97.61659,29.7825],[-97.6136,29.77908],[-97.6118,29.77846],[-97.61205,29.77541],[-97.611,29.77186],[-97.60889,29.77108],[-97.60798,29.76905],[-97.60504,29.76598],[-97.59503,29.77292],[-97.59189,29.77579],[-97.57803,29.79177],[-97.5754,29.7891],[-97.57598,29.78695],[-97.57258,29.78295],[-97.57355,29.78146],[-97.57279,29.77934],[-97.57624,29.77579],[-97.57127,29.77585],[-97.57076,29.7685],[-97.55707,29.76856],[-97.557,29.76446],[-97.55385,29.76439],[-97.55029,29.76174],[-97.5395,29.76194],[-97.53958,29.77079],[-97.52678,29.77092],[-97.52681,29.77001],[-97.51703,29.77002],[-97.51641,29.76279],[-97.5179,29.76056],[-97.51798,29.74532],[-97.52489,29.7452],[-97.52494,29.74342],[-97.52679,29.74271],[-97.52671,29.71911],[-97.52518,29.7139],[-97.52348,29.71107],[-97.51992,29.70724],[-97.5175,29.70132],[-97.52092,29.70149],[-97.52735,29.70345],[-97.53446,29.70426],[-97.53459,29.69954],[-97.54944,29.68825],[-97.5452,29.68383],[-97.55729,29.67484],[-97.53045,29.66792],[-97.55772,29.65293],[-97.55407,29.65251],[-97.5522,29.65026],[-97.53332,29.64111],[-97.54219,29.63417],[-97.54485,29.63499],[-97.5577,29.61473],[-97.56115,29.6097],[-97.56943,29.61643],[-97.57131,29.62021],[-97.5685,29.63429],[-97.56627,29.63627],[-97.56605,29.6396],[-97.56719,29.6432],[-97.56662,29.64731],[-97.5657,29.64855],[-97.59757,29.63082],[-97.59142,29.62638],[-97.58937,29.62311],[-97.58819,29.62416],[-97.58891,29.61755],[-97.5868,29.61635],[-97.58658,29.61383],[-97.59361,29.61079],[-97.59069,29.61003],[-97.58736,29.60804],[-97.58611,29.60518],[-97.58602,29.6019],[-97.58729,29.60015],[-97.59086,29.59969],[-97.59379,29.59755],[-97.59352,29.59526],[-97.59069,29.595],[-97.58881,29.59122],[-97.59378,29.5948],[-97.59454,29.59644],[-97.60124,29.59759],[-97.6019,29.60341],[-97.60589,29.60615],[-97.61067,29.61107],[-97.61985,29.61594],[-97.62135,29.61857],[-97.6253,29.62183],[-97.62611,29.62358],[-97.63051,29.62141],[-97.63456,29.61818],[-97.63823,29.61779],[-97.64124,29.61303],[-97.64595,29.6095],[-97.64959,29.61297],[-97.65267,29.61149],[-97.65619,29.6125],[-97.6604,29.6126],[-97.66184,29.61186],[-97.68392,29.58274],[-97.68982,29.58899],[-97.6913,29.58891],[-97.70192,29.59984],[-97.70284,29.60211],[-97.71053,29.60125],[-97.7126,29.60233],[-97.71871,29.60884],[-97.72091,29.6099],[-97.72849,29.61078],[-97.72644,29.61441],[-97.71267,29.62477],[-97.7099,29.62825],[-97.70956,29.63114],[-97.71907,29.64069],[-97.72166,29.63889],[-97.73497,29.63547],[-97.74082,29.64156],[-97.74046,29.64388],[-97.72041,29.65882],[-97.71262,29.66093],[-97.70616,29.664],[-97.70054,29.66841],[-97.70223,29.66859],[-97.70342,29.67048],[-97.70385,29.67425],[-97.70595,29.67432],[-97.70564,29.68022],[-97.70385,29.68127],[-97.70845,29.68373],[-97.7117,29.6815],[-97.71721,29.6818],[-97.71764,29.68412],[-97.72185,29.68209],[-97.7221,29.68552],[-97.72562,29.68567],[-97.72758,29.68789],[-97.73198,29.69013],[-97.73572,29.6912],[-97.73541,29.69362],[-97.73799,29.69625],[-97.7427,29.69667],[-97.74335,29.69884],[-97.737,29.70195],[-97.73594,29.70563],[-97.73658,29.71073],[-97.73831,29.71274],[-97.73418,29.71312],[-97.72869,29.71724],[-97.73631,29.71948],[-97.74049,29.72377],[-97.73381,29.72092],[-97.73231,29.72347],[-97.72984,29.72383],[-97.72659,29.72207],[-97.7252,29.72448],[-97.72575,29.7292],[-97.72229,29.7257],[-97.7175,29.72909],[-97.71548,29.73383],[-97.71225,29.7365],[-97.71113,29.74204],[-97.70607,29.74593],[-97.70563,29.74688],[-97.71089,29.75235],[-97.71599,29.74539],[-97.72285,29.73993],[-97.72589,29.74026],[-97.74487,29.72596],[-97.75118,29.72914],[-97.76074,29.74245],[-97.76502,29.7473],[-97.77431,29.75772],[-97.75071,29.77571]]]]}},{"type":"Feature","properties":{"zcta":"78666","d":205},"geometry":{"type":"Polygon","coordinates":[[[-98.16636,29.95485],[-98.16296,29.95605],[-98.16108,29.95905],[-98.15857,29.96076],[-98.15299,29.95975],[-98.14944,29.96003],[-98.14783,29.96103],[-98.14751,29.96372],[-98.1487,29.96709],[-98.14822,29.96837],[-98.14422,29.96922],[-98.13998,29.96766],[-98.13108,29.96994],[-98.12063,29.96982],[-98.11741,29.97174],[-98.1159,29.96704],[-98.11415,29.96959],[-98.1146,29.97269],[-98.11056,29.97106],[-98.1098,29.9719],[-98.10751,29.97028],[-98.10305,29.97085],[-98.10359,29.97362],[-98.10122,29.97488],[-98.09473,29.97415],[-98.09279,29.97239],[-98.09158,29.96542],[-98.0948,29.96056],[-98.09527,29.95873],[-98.09358,29.94783],[-98.09255,29.9436],[-98.09093,29.94152],[-98.08313,29.93944],[-98.07964,29.9394],[-98.08002,29.94778],[-98.06244,29.94836],[-98.06037,29.94873],[-98.06039,29.95291],[-98.04774,29.94762],[-98.04215,29.94687],[-98.03716,29.94765],[-98.03518,29.94685],[-98.03116,29.94237],[-98.02839,29.94495],[-98.03052,29.9477],[-98.03506,29.95061],[-98.04064,29.95192],[-98.04323,29.95543],[-98.0448,29.95876],[-98.04414,29.96654],[-98.0408,29.97408],[-98.0403,29.97951],[-98.03852,29.98243],[-98.03897,29.98406],[-98.03759,29.9867],[-98.03452,29.98739],[-98.03016,29.98102],[-98.01991,29.98597],[-98.01621,29.98372],[-98.01428,29.98375],[-98.00741,29.98789],[-98.00615,29.99057],[-98.00687,29.99468],[-98.00651,29.99807],[-98.00275,29.99937],[-97.99801,29.99468],[-97.99518,29.99431],[-97.99408,29.99651],[-97.9943,30.00021],[-97.99111,30.00274],[-97.98637,30.00478],[-97.97123,30.00797],[-97.96741,30.01129],[-97.96191,30.01196],[-97.9598,30.01123],[-97.95775,30.00859],[-97.95656,30.00531],[-97.95414,30.0043],[-97.9505,30.00628],[-97.9436,30.00905],[-97.94068,30.01272],[-97.93826,30.01343],[-97.93678,30.01201],[-97.93508,30.00663],[-97.92964,29.99588],[-97.92412,29.98958],[-97.91873,29.98794],[-97.91777,29.98547],[-97.91959,29.97548],[-97.91884,29.97375],[-97.91488,29.97287],[-97.90901,29.98079],[-97.90635,29.98144],[-97.90397,29.97687],[-97.90338,29.96928],[-97.90798,29.96416],[-97.90762,29.96097],[-97.90478,29.95609],[-97.90282,29.95457],[-97.90229,29.95214],[-97.90392,29.94738],[-97.90581,29.94614],[-97.90691,29.94371],[-97.90132,29.94008],[-97.89952,29.93825],[-97.89569,29.93708],[-97.89723,29.94102],[-97.90309,29.94582],[-97.90098,29.94846],[-97.90021,29.9529],[-97.90204,29.9573],[-97.89978,29.96058],[-97.89296,29.95792],[-97.89416,29.95556],[-97.89299,29.9544],[-97.89119,29.9561],[-97.8875,29.95292],[-97.88572,29.95403],[-97.88305,29.95291],[-97.8845,29.95111],[-97.87552,29.94277],[-97.87815,29.94003],[-97.86515,29.92912],[-97.86146,29.92649],[-97.84918,29.916],[-97.85176,29.91605],[-97.85375,29.91489],[-97.85675,29.91726],[-97.8588,29.9157],[-97.86325,29.91944],[-97.86608,29.91879],[-97.86807,29.91685],[-97.86616,29.91517],[-97.86706,29.90904],[-97.86363,29.90598],[-97.86966,29.90173],[-97.87684,29.90808],[-97.88462,29.90109],[-97.8819,29.89877],[-97.8809,29.89963],[-97.87745,29.89642],[-97.89016,29.88632],[-97.88863,29.88458],[-97.88309,29.88451],[-97.87879,29.88747],[-97.87598,29.88837],[-97.87271,29.88788],[-97.86635,29.88805],[-97.86257,29.88602],[-97.86097,29.8869],[-97.85702,29.88274],[-97.8571,29.88046],[-97.85312,29.88011],[-97.85172,29.88124],[-97.84859,29.87812],[-97.85267,29.87509],[-97.85905,29.8752],[-97.85626,29.87243],[-97.86735,29.86418],[-97.86884,29.8631],[-97.88052,29.86532],[-97.8791,29.86074],[-97.87601,29.86056],[-97.87344,29.85637],[-97.87322,29.85311],[-97.87432,29.85197],[-97.86823,29.84555],[-97.88606,29.82888],[-97.88394,29.82681],[-97.88504,29.82576],[-97.87948,29.82011],[-97.87636,29.81805],[-97.87944,29.81557],[-97.87607,29.81185],[-97.87666,29.80967],[-97.87847,29.80848],[-97.87444,29.8034],[-97.87768,29.80108],[-97.8752,29.7985],[-97.87194,29.80075],[-97.86903,29.79785],[-97.86797,29.79865],[-97.86547,29.79589],[-97.86848,29.79319],[-97.86202,29.78668],[-97.86044,29.78794],[-97.85852,29.78555],[-97.86023,29.78413],[-97.85827,29.78209],[-97.86643,29.77583],[-97.86305,29.77241],[-97.87098,29.76646],[-97.87338,29.76911],[-97.87854,29.76537],[-97.87523,29.76201],[-97.88591,29.75394],[-97.89822,29.74995],[-97.90548,29.74463],[-97.91063,29.75117],[-97.92553,29.74527],[-97.92834,29.7425],[-97.93046,29.74437],[-97.94136,29.7427],[-97.94133,29.74527],[-97.94357,29.74711],[-97.9444,29.74922],[-97.94607,29.74959],[-97.94889,29.74805],[-97.94807,29.75281],[-97.94916,29.75027],[-97.95188,29.75002],[-97.97937,29.75074],[-97.97942,29.7572],[-97.97845,29.75999],[-97.9807,29.75982],[-97.98062,29.76196],[-97.9829,29.76207],[-97.98587,29.76546],[-97.99927,29.75244],[-98.00014,29.75515],[-97.99384,29.76061],[-97.99394,29.7647],[-97.995,29.76787],[-98.00182,29.76955],[-98.00281,29.77175],[-98.00717,29.777],[-98.01082,29.78816],[-98.01815,29.78997],[-98.02043,29.78885],[-98.02269,29.79188],[-98.0228,29.79396],[-98.01511,29.80126],[-98.01868,29.81225],[-98.02444,29.80681],[-98.03207,29.80812],[-98.03626,29.80771],[-98.03808,29.81074],[-98.04097,29.81243],[-98.04781,29.81377],[-98.05102,29.81909],[-98.05039,29.82048],[-98.05119,29.82514],[-98.05283,29.82544],[-98.05615,29.82399],[-98.05784,29.82797],[-98.05972,29.82908],[-98.06175,29.82722],[-98.06559,29.82554],[-98.07091,29.82741],[-98.07304,29.82934],[-98.07345,29.83133],[-98.07654,29.83257],[-98.07614,29.83452],[-98.05621,29.85235],[-98.05494,29.85106],[-98.04971,29.85471],[-98.04475,29.85871],[-98.07153,29.87773],[-98.14315,29.92829],[-98.14536,29.92748],[-98.14557,29.92375],[-98.14529,29.90857],[-98.14792,29.90843],[-98.15799,29.91443],[-98.16179,29.91457],[-98.16169,29.9335],[-98.15638,29.93357],[-98.15159,29.93432],[-98.17143,29.94845],[-98.1699,29.95047],[-98.16999,29.95371],[-98.16892,29.95591],[-98.16636,29.95485]]]}},{"type":"Feature","properties":{"zcta":"78728","d":1576},"geometry":{"type":"Polygon","coordinates":[[[-97.71793,30.4584],[-97.71529,30.46205],[-97.70548,30.47724],[-97.70134,30.47648],[-97.69392,30.47767],[-97.69305,30.4748],[-97.69062,30.47231],[-97.68567,30.47703],[-97.685,30.47896],[-97.68289,30.48007],[-97.67424,30.48079],[-97.67071,30.46988],[-97.66653,30.45622],[-97.66631,30.45252],[-97.67159,30.42442],[-97.67659,30.42686],[-97.68475,30.4309],[-97.6864,30.43399],[-97.68925,30.43611],[-97.69782,30.44021],[-97.70031,30.44075],[-97.71212,30.44529],[-97.71609,30.4484],[-97.71796,30.44907],[-97.72072,30.45313],[-97.72115,30.45584],[-97.71793,30.4584]]]}},{"type":"Feature","properties":{"zcta":"78738","d":825},"geometry":{"type":"Polygon","coordinates":[[[-98.0377,30.33713],[-98.03568,30.33883],[-98.03281,30.33664],[-98.02452,30.3315],[-98.02349,30.33588],[-98.0265,30.33816],[-98.02595,30.34291],[-98.02724,30.34425],[-98.02842,30.3532],[-98.03004,30.35444],[-98.02652,30.35603],[-98.02148,30.35586],[-98.02191,30.3538],[-98.02566,30.35407],[-98.0226,30.35222],[-98.02454,30.35094],[-98.02226,30.35084],[-98.02034,30.35388],[-98.019,30.35864],[-98.01985,30.36141],[-98.0188,30.36219],[-98.01871,30.36631],[-98.01725,30.36803],[-98.01362,30.36677],[-98.01055,30.36534],[-98.00808,30.36068],[-98.00842,30.35884],[-98.00487,30.35547],[-98.00539,30.35804],[-98.00173,30.35611],[-98.00322,30.35855],[-97.99958,30.36043],[-97.99618,30.35664],[-97.99532,30.35222],[-97.99394,30.35156],[-97.99167,30.35263],[-97.98934,30.35591],[-97.98599,30.3554],[-97.98256,30.35737],[-97.98256,30.35511],[-97.97953,30.35371],[-97.9798,30.35191],[-97.97688,30.35143],[-97.97678,30.34576],[-97.97821,30.34031],[-97.97462,30.33947],[-97.97487,30.34162],[-97.9731,30.34337],[-97.96865,30.3409],[-97.97037,30.3388],[-97.97043,30.33436],[-97.96891,30.33454],[-97.9666,30.33005],[-97.96522,30.33173],[-97.96138,30.33327],[-97.96264,30.33715],[-97.95818,30.34205],[-97.95579,30.34319],[-97.95319,30.34275],[-97.95109,30.3441],[-97.94876,30.34232],[-97.94624,30.34224],[-97.94352,30.33937],[-97.9407,30.33917],[-97.93874,30.33778],[-97.93671,30.33918],[-97.93623,30.33658],[-97.93405,30.33645],[-97.93469,30.3357],[-97.93399,30.3314],[-97.93009,30.3285],[-97.92469,30.326],[-97.92256,30.32619],[-97.92066,30.32494],[-97.91233,30.32837],[-97.90941,30.33045],[-97.90738,30.32778],[-97.91169,30.32108],[-97.91091,30.31983],[-97.91067,30.31544],[-97.90951,30.3129],[-97.91075,30.31105],[-97.90682,30.30939],[-97.90713,30.30471],[-97.90981,30.30709],[-97.9174,30.3028],[-97.91897,30.3012],[-97.91923,30.29903],[-97.92298,30.29611],[-97.92603,30.29628],[-97.92693,30.29286],[-97.92504,30.29157],[-97.92134,30.29095],[-97.91846,30.28892],[-97.91906,30.28759],[-97.92307,30.28896],[-97.92591,30.2874],[-97.92467,30.28358],[-97.9258,30.28217],[-97.92923,30.28344],[-97.9275,30.28057],[-97.92961,30.27887],[-97.93187,30.28173],[-97.93371,30.28135],[-97.9324,30.27769],[-97.9338,30.27751],[-97.93956,30.28096],[-97.94317,30.27983],[-97.94208,30.27617],[-97.94368,30.27518],[-97.94775,30.27684],[-97.95196,30.27559],[-97.95735,30.27695],[-97.96019,30.27552],[-97.9598,30.27293],[-97.95706,30.2718],[-97.95636,30.26942],[-97.95978,30.26951],[-97.96259,30.27087],[-97.96541,30.27076],[-97.9666,30.26536],[-97.96906,30.26474],[-97.97059,30.26561],[-97.97468,30.27215],[-97.97688,30.27204],[-97.97748,30.26691],[-97.98006,30.26495],[-97.98295,30.26744],[-97.9827,30.27216],[-97.98489,30.27342],[-97.98692,30.2707],[-97.98812,30.26752],[-97.99079,30.26712],[-97.99192,30.26823],[-97.99436,30.26765],[-97.9962,30.26593],[-97.99527,30.2641],[-97.99214,30.26265],[-97.99413,30.26137],[-97.99625,30.26198],[-97.99778,30.25999],[-97.99677,30.25786],[-97.9989,30.25538],[-98.00209,30.25519],[-98.0035,30.25414],[-98.00308,30.25117],[-98.00775,30.2501],[-98.0114,30.24862],[-98.01353,30.24973],[-98.01759,30.25],[-98.02,30.24883],[-98.02307,30.25246],[-98.02546,30.25386],[-98.02671,30.25169],[-98.03067,30.25451],[-98.02657,30.26074],[-98.04025,30.28432],[-98.03642,30.28577],[-98.03842,30.28751],[-98.04101,30.28786],[-98.04192,30.28988],[-98.04576,30.28887],[-98.04973,30.28863],[-98.05171,30.28763],[-98.06288,30.28582],[-98.07383,30.29075],[-98.07453,30.2926],[-98.0719,30.2965],[-98.07033,30.2973],[-98.06428,30.29837],[-98.06388,30.29934],[-98.05811,30.3007],[-98.05659,30.30547],[-98.05865,30.30866],[-98.05629,30.31086],[-98.05556,30.31621],[-98.05375,30.31683],[-98.04694,30.32252],[-98.04354,30.3228],[-98.04528,30.3255],[-98.04275,30.32752],[-98.04385,30.33032],[-98.04345,30.33406],[-98.04058,30.33507],[-98.04018,30.33692],[-98.0377,30.33713]]]}},{"type":"Feature","properties":{"zcta":"78752","d":2572},"geometry":{"type":"Polygon","coordinates":[[[-97.72483,30.33067],[-97.72371,30.33012],[-97.71955,30.3367],[-97.72149,30.33765],[-97.72097,30.34027],[-97.72269,30.3409],[-97.72164,30.34267],[-97.72192,30.34719],[-97.72055,30.34082],[-97.71735,30.34016],[-97.71308,30.34684],[-97.71244,30.34781],[-97.70916,30.34639],[-97.70833,30.34753],[-97.70571,30.34639],[-97.70665,30.34503],[-97.70362,30.3428],[-97.70123,30.34358],[-97.69858,30.3422],[-97.70055,30.33957],[-97.69531,30.33707],[-97.69256,30.33852],[-97.69318,30.33604],[-97.68605,30.33311],[-97.68015,30.33347],[-97.6782,30.33419],[-97.67583,30.33319],[-97.67829,30.32925],[-97.67323,30.32572],[-97.68089,30.3232],[-97.6825,30.32451],[-97.68429,30.32197],[-97.68908,30.32149],[-97.69414,30.32295],[-97.69525,30.32445],[-97.69805,30.32391],[-97.69849,30.32222],[-97.70686,30.3222],[-97.71243,30.3205],[-97.71537,30.32042],[-97.71956,30.32242],[-97.72456,30.32392],[-97.72633,30.32596],[-97.7276,30.32853],[-97.72483,30.33067]]]}},{"type":"Feature","properties":{"zcta":"76574","d":68},"geometry":{"type":"Polygon","coordinates":[[[-97.48539,30.62688],[-97.48348,30.62794],[-97.47906,30.62749],[-97.47652,30.6288],[-97.47317,30.62933],[-97.47162,30.6302],[-97.46957,30.63285],[-97.46474,30.63112],[-97.46279,30.63093],[-97.45957,30.63374],[-97.457,30.63443],[-97.4551,30.63634],[-97.45756,30.63788],[-97.45571,30.64072],[-97.44961,30.64007],[-97.44762,30.64329],[-97.44529,30.64343],[-97.44192,30.64498],[-97.43903,30.64419],[-97.43347,30.64444],[-97.43119,30.64619],[-97.43221,30.64979],[-97.42879,30.65112],[-97.42663,30.65054],[-97.42684,30.64788],[-97.42203,30.64836],[-97.41991,30.64734],[-97.42066,30.64469],[-97.41852,30.64467],[-97.41581,30.64806],[-97.41634,30.6513],[-97.41513,30.65251],[-97.41083,30.65252],[-97.40819,30.65169],[-97.40569,30.65289],[-97.40508,30.65533],[-97.40725,30.65768],[-97.40701,30.65925],[-97.40067,30.65985],[-97.39899,30.66159],[-97.40373,30.66402],[-97.40362,30.66561],[-97.3993,30.6644],[-97.39286,30.66403],[-97.38769,30.66438],[-97.38613,30.66505],[-97.38207,30.66959],[-97.3772,30.67016],[-97.37416,30.67456],[-97.36921,30.67858],[-97.36862,30.68047],[-97.36431,30.68612],[-97.36217,30.68783],[-97.35765,30.68814],[-97.35142,30.69166],[-97.34884,30.69561],[-97.34452,30.69635],[-97.34072,30.70086],[-97.33923,30.70159],[-97.33102,30.70176],[-97.3222,30.6987],[-97.31769,30.69841],[-97.31314,30.69946],[-97.31095,30.70154],[-97.30752,30.69957],[-97.30667,30.69762],[-97.30358,30.69571],[-97.30143,30.69598],[-97.30152,30.6978],[-97.29967,30.69896],[-97.30026,30.70176],[-97.29786,30.70357],[-97.29689,30.70272],[-97.29586,30.69729],[-97.29268,30.6964],[-97.29238,30.69516],[-97.28407,30.69839],[-97.28219,30.69436],[-97.28001,30.69405],[-97.27642,30.69645],[-97.27421,30.69621],[-97.27315,30.69339],[-97.27028,30.69543],[-97.26937,30.69415],[-97.26666,30.69467],[-97.26278,30.70016],[-97.26022,30.70019],[-97.26079,30.69648],[-97.26302,30.69464],[-97.262,30.69255],[-97.25791,30.69386],[-97.25603,30.69205],[-97.25241,30.69347],[-97.24327,30.67137],[-97.24889,30.67022],[-97.25564,30.6713],[-97.26388,30.66861],[-97.26556,30.66862],[-97.27351,30.67103],[-97.27815,30.65923],[-97.26942,30.65638],[-97.27141,30.65023],[-97.26906,30.6447],[-97.26801,30.64481],[-97.26443,30.63659],[-97.27436,30.63391],[-97.27626,30.63237],[-97.27844,30.63369],[-97.28364,30.63285],[-97.28561,30.63364],[-97.28687,30.63235],[-97.29234,30.63185],[-97.29455,30.62268],[-97.28573,30.60041],[-97.32032,30.59027],[-97.3189,30.58674],[-97.30948,30.58855],[-97.30514,30.58998],[-97.30297,30.58373],[-97.29674,30.58487],[-97.29257,30.5787],[-97.29181,30.579],[-97.28558,30.56472],[-97.28606,30.56435],[-97.30466,30.55826],[-97.29919,30.55497],[-97.29851,30.55343],[-97.30491,30.55154],[-97.29904,30.53847],[-97.30277,30.53747],[-97.31358,30.53204],[-97.32038,30.53324],[-97.32333,30.5327],[-97.32782,30.52951],[-97.33012,30.52926],[-97.33433,30.5237],[-97.33344,30.5226],[-97.33848,30.51955],[-97.34152,30.52004],[-97.34415,30.52597],[-97.34738,30.52496],[-97.3477,30.52386],[-97.35422,30.52188],[-97.35398,30.52132],[-97.36138,30.51886],[-97.36492,30.51688],[-97.36119,30.50788],[-97.37315,30.50414],[-97.37533,30.49046],[-97.37786,30.48755],[-97.38123,30.47052],[-97.38838,30.47233],[-97.39408,30.47174],[-97.39953,30.46841],[-97.40266,30.46797],[-97.41313,30.46869],[-97.42115,30.46748],[-97.42495,30.4691],[-97.42674,30.4678],[-97.43039,30.47031],[-97.4333,30.46932],[-97.43548,30.46984],[-97.43493,30.47112],[-97.43863,30.47193],[-97.44304,30.47011],[-97.44443,30.4706],[-97.44461,30.46739],[-97.45069,30.46914],[-97.45215,30.47094],[-97.45465,30.4718],[-97.45738,30.47086],[-97.45877,30.47309],[-97.45955,30.47156],[-97.45741,30.47005],[-97.45876,30.46875],[-97.46327,30.46687],[-97.46343,30.4694],[-97.467,30.46826],[-97.46482,30.47097],[-97.46689,30.4712],[-97.46833,30.46958],[-97.47126,30.4727],[-97.4762,30.47083],[-97.47759,30.47189],[-97.47785,30.46954],[-97.48012,30.47043],[-97.48643,30.46947],[-97.4887,30.47313],[-97.48952,30.47104],[-97.49457,30.4719],[-97.49549,30.4664],[-97.49884,30.46712],[-97.49823,30.46984],[-97.49963,30.47007],[-97.49833,30.47662],[-97.50135,30.47729],[-97.50255,30.48057],[-97.50479,30.4811],[-97.51086,30.48527],[-97.52236,30.47638],[-97.52397,30.47218],[-97.52712,30.47465],[-97.52621,30.48023],[-97.52317,30.48013],[-97.52034,30.49496],[-97.52182,30.49479],[-97.52015,30.50384],[-97.52122,30.50516],[-97.52414,30.50556],[-97.5233,30.51037],[-97.52121,30.50638],[-97.51661,30.50277],[-97.51259,30.50052],[-97.50631,30.49924],[-97.5008,30.49611],[-97.49385,30.49374],[-97.48945,30.51844],[-97.48302,30.55346],[-97.48317,30.55405],[-97.49548,30.55192],[-97.49645,30.55614],[-97.48581,30.55707],[-97.48833,30.56288],[-97.49587,30.56084],[-97.50025,30.57098],[-97.5028,30.57051],[-97.50333,30.5749],[-97.50477,30.58092],[-97.5164,30.57751],[-97.51942,30.5846],[-97.51167,30.58726],[-97.51233,30.5885],[-97.50598,30.59064],[-97.50803,30.59535],[-97.50314,30.59694],[-97.50565,30.60275],[-97.50147,30.60452],[-97.49111,30.60796],[-97.48755,30.60845],[-97.48248,30.6079],[-97.49034,30.62695],[-97.48539,30.62688]]]}},{"type":"Feature","properties":{"zcta":"78669","d":45},"geometry":{"type":"Polygon","coordinates":[[[-98.006,30.47812],[-98.00303,30.47391],[-97.99912,30.46423],[-97.99874,30.45879],[-98.00028,30.45589],[-98.00525,30.45203],[-98.00593,30.45037],[-98.01189,30.44918],[-98.02594,30.43764],[-98.03185,30.43224],[-98.03588,30.42601],[-98.03706,30.42011],[-98.03667,30.41842],[-98.0305,30.41585],[-98.01797,30.4149],[-97.99688,30.41411],[-97.98988,30.41484],[-97.98676,30.41462],[-97.98455,30.4127],[-97.98411,30.40791],[-97.98503,30.40481],[-97.98815,30.40174],[-97.99941,30.39523],[-98.00171,30.39467],[-98.01479,30.38212],[-98.01607,30.37698],[-98.01485,30.37445],[-98.01194,30.37137],[-98.00911,30.37116],[-98.01481,30.37048],[-98.01362,30.36677],[-98.01725,30.36803],[-98.01871,30.36631],[-98.0188,30.36219],[-98.01985,30.36141],[-98.019,30.35864],[-98.02034,30.35388],[-98.02226,30.35084],[-98.02454,30.35094],[-98.0226,30.35222],[-98.02566,30.35407],[-98.02191,30.3538],[-98.02148,30.35586],[-98.02652,30.35603],[-98.03004,30.35444],[-98.02842,30.3532],[-98.02724,30.34425],[-98.02595,30.34291],[-98.0265,30.33816],[-98.02349,30.33588],[-98.02452,30.3315],[-98.03281,30.33664],[-98.03568,30.33883],[-98.0377,30.33713],[-98.04018,30.33692],[-98.04395,30.33962],[-98.04689,30.33867],[-98.05102,30.34159],[-98.0544,30.34],[-98.05864,30.34189],[-98.05975,30.3447],[-98.06251,30.3478],[-98.06935,30.34423],[-98.07411,30.34639],[-98.07676,30.3452],[-98.07658,30.33724],[-98.07964,30.33076],[-98.08188,30.32819],[-98.08346,30.32041],[-98.08585,30.31646],[-98.08897,30.31429],[-98.09055,30.31214],[-98.10342,30.32071],[-98.10761,30.32417],[-98.10925,30.32622],[-98.11205,30.32775],[-98.09998,30.33471],[-98.10773,30.34652],[-98.09583,30.35251],[-98.09501,30.35355],[-98.10206,30.35705],[-98.10131,30.35829],[-98.11141,30.36321],[-98.1141,30.35923],[-98.11637,30.35997],[-98.11859,30.37199],[-98.11902,30.37741],[-98.12529,30.37534],[-98.12937,30.37262],[-98.13184,30.37196],[-98.13754,30.37322],[-98.14522,30.36528],[-98.15215,30.37317],[-98.15892,30.37322],[-98.15927,30.37665],[-98.16167,30.3729],[-98.1605,30.37624],[-98.16173,30.37766],[-98.1653,30.37919],[-98.16958,30.37883],[-98.17368,30.38348],[-98.17885,30.38391],[-98.18138,30.38688],[-98.18301,30.38739],[-98.18905,30.38535],[-98.1906,30.38759],[-98.1946,30.39003],[-98.19657,30.3931],[-98.20477,30.40175],[-98.20734,30.40519],[-98.21017,30.40745],[-98.20868,30.4086],[-98.20652,30.41316],[-98.20668,30.42034],[-98.2103,30.42167],[-98.21194,30.42368],[-98.21665,30.42366],[-98.21921,30.42494],[-98.22882,30.41537],[-98.22963,30.41411],[-98.23539,30.41324],[-98.24133,30.41466],[-98.24574,30.4143],[-98.24875,30.41297],[-98.25372,30.41434],[-98.25381,30.41564],[-98.26285,30.43491],[-98.26502,30.43586],[-98.26646,30.43789],[-98.26315,30.44783],[-98.25992,30.45189],[-98.26,30.45966],[-98.26062,30.46194],[-98.2503,30.45945],[-98.24946,30.45889],[-98.22616,30.45275],[-98.22606,30.45657],[-98.23069,30.45816],[-98.23065,30.46772],[-98.24385,30.46776],[-98.24391,30.47418],[-98.24698,30.47427],[-98.24761,30.47789],[-98.24992,30.48012],[-98.25063,30.48346],[-98.25294,30.48729],[-98.25134,30.48983],[-98.2474,30.49144],[-98.24098,30.49232],[-98.24014,30.49311],[-98.2516,30.49455],[-98.26375,30.4984],[-98.26244,30.49894],[-98.25748,30.49676],[-98.2525,30.49765],[-98.24857,30.49708],[-98.24513,30.49985],[-98.2433,30.4992],[-98.24177,30.50197],[-98.24016,30.50196],[-98.23913,30.50396],[-98.23621,30.50675],[-98.23472,30.51205],[-98.23542,30.51683],[-98.23718,30.51964],[-98.23703,30.52109],[-98.23493,30.52178],[-98.2309,30.51998],[-98.22928,30.52225],[-98.22852,30.52783],[-98.22895,30.5314],[-98.22827,30.53251],[-98.22383,30.53269],[-98.22236,30.53409],[-98.22381,30.537],[-98.22286,30.53893],[-98.2199,30.53606],[-98.21276,30.53335],[-98.21044,30.53492],[-98.20628,30.53539],[-98.19558,30.5349],[-98.19564,30.53239],[-98.19212,30.53743],[-98.18868,30.53885],[-98.18633,30.53526],[-98.18131,30.53301],[-98.17869,30.53247],[-98.17598,30.5359],[-98.17261,30.53646],[-98.17038,30.53426],[-98.17134,30.53222],[-98.17081,30.52945],[-98.16677,30.5257],[-98.15909,30.52284],[-98.15426,30.52294],[-98.14891,30.52446],[-98.14576,30.5243],[-98.14069,30.52284],[-98.13383,30.53077],[-98.13109,30.53484],[-98.12919,30.53638],[-98.12577,30.53628],[-98.12419,30.52991],[-98.12162,30.52351],[-98.12284,30.52131],[-98.12394,30.52275],[-98.12529,30.51922],[-98.131,30.5168],[-98.13321,30.51473],[-98.13348,30.51029],[-98.1312,30.50225],[-98.13089,30.49759],[-98.12764,30.49037],[-98.12588,30.48799],[-98.12313,30.48704],[-98.12311,30.48472],[-98.11816,30.48479],[-98.11372,30.48558],[-98.11056,30.49091],[-98.10592,30.49534],[-98.10086,30.49746],[-98.09253,30.49803],[-98.08426,30.49675],[-98.08169,30.49568],[-98.07956,30.49317],[-98.07965,30.48957],[-98.08258,30.48535],[-98.0898,30.47757],[-98.09149,30.47498],[-98.09013,30.47015],[-98.08812,30.4672],[-98.08242,30.46408],[-98.0728,30.46282],[-98.0656,30.46285],[-98.06252,30.46245],[-98.05717,30.45879],[-98.05528,30.45652],[-98.05419,30.45091],[-98.05605,30.44888],[-98.061,30.44533],[-98.06328,30.44199],[-98.06199,30.43741],[-98.05936,30.43393],[-98.05653,30.43306],[-98.054,30.43332],[-98.05064,30.43511],[-98.04069,30.44292],[-98.03629,30.44769],[-98.03157,30.45505],[-98.02904,30.45965],[-98.02698,30.46735],[-98.02378,30.47626],[-98.02072,30.47941],[-98.0177,30.48061],[-98.01216,30.48058],[-98.00955,30.48001],[-98.006,30.47812]]]}},{"type":"Feature","properties":{"zcta":"78670","d":0},"geometry":{"type":"Polygon","coordinates":[[[-97.86305,29.77241],[-97.84486,29.78599],[-97.83843,29.78187],[-97.83811,29.78086],[-97.84624,29.77446],[-97.84537,29.77341],[-97.83567,29.78064],[-97.83833,29.7835],[-97.83375,29.7815],[-97.8314,29.78301],[-97.83015,29.78087],[-97.83317,29.77893],[-97.8288,29.7721],[-97.82587,29.76881],[-97.8268,29.76813],[-97.82216,29.76273],[-97.82079,29.75776],[-97.83705,29.74638],[-97.84204,29.74343],[-97.85252,29.74051],[-97.86014,29.74835],[-97.85936,29.7496],[-97.87357,29.76387],[-97.87098,29.76646],[-97.86305,29.77241]]]}},{"type":"Feature","properties":{"zcta":"78756","d":2757},"geometry":{"type":"Polygon","coordinates":[[[-97.74558,30.33581],[-97.73982,30.33485],[-97.73457,30.33231],[-97.72915,30.33034],[-97.7276,30.32853],[-97.72633,30.32596],[-97.72819,30.32582],[-97.73354,30.31942],[-97.73113,30.31827],[-97.73218,30.3167],[-97.73597,30.31526],[-97.73757,30.31346],[-97.74311,30.3052],[-97.748,30.30722],[-97.74884,30.30896],[-97.74865,30.31297],[-97.74925,30.31567],[-97.74929,30.32072],[-97.7455,30.32041],[-97.7461,30.32614],[-97.74689,30.32714],[-97.74636,30.33042],[-97.74975,30.3345],[-97.74558,30.33581]]]}},{"type":"Feature","properties":{"zcta":"76537","d":171},"geometry":{"type":"Polygon","coordinates":[[[-97.62405,30.87],[-97.55073,30.84211],[-97.51307,30.82771],[-97.51058,30.82655],[-97.51412,30.81546],[-97.51652,30.81157],[-97.51429,30.8107],[-97.52455,30.78367],[-97.537,30.78723],[-97.55209,30.78265],[-97.55593,30.79105],[-97.55949,30.78982],[-97.55576,30.78016],[-97.55762,30.77959],[-97.55593,30.77565],[-97.56603,30.77231],[-97.56644,30.77215],[-97.56761,30.77495],[-97.58019,30.7709],[-97.57903,30.76822],[-97.58087,30.7675],[-97.57892,30.76296],[-97.58363,30.7614],[-97.58176,30.75635],[-97.58798,30.75436],[-97.59116,30.75586],[-97.59155,30.75834],[-97.59559,30.76073],[-97.59577,30.76291],[-97.61163,30.75793],[-97.61269,30.75854],[-97.61904,30.77353],[-97.62356,30.77207],[-97.62606,30.77372],[-97.62593,30.77605],[-97.6273,30.774],[-97.63362,30.77266],[-97.64334,30.79578],[-97.6537,30.79248],[-97.6523,30.78858],[-97.66543,30.7844],[-97.67014,30.79572],[-97.68038,30.79146],[-97.68384,30.7897],[-97.69106,30.8071],[-97.692,30.80946],[-97.69044,30.81224],[-97.68785,30.81422],[-97.68442,30.81526],[-97.68436,30.81714],[-97.68275,30.81692],[-97.68179,30.81885],[-97.68392,30.81935],[-97.6881,30.81884],[-97.68896,30.8195],[-97.6813,30.82194],[-97.68764,30.83683],[-97.66605,30.8437],[-97.6803,30.87909],[-97.62405,30.87]]]}},{"type":"Feature","properties":{"zcta":"78739","d":783},"geometry":{"type":"Polygon","coordinates":[[[-97.88337,30.19997],[-97.88178,30.19674],[-97.88017,30.19645],[-97.87478,30.1981],[-97.86957,30.19587],[-97.86554,30.1947],[-97.866,30.19084],[-97.86296,30.1906],[-97.86095,30.18858],[-97.86155,30.18656],[-97.86389,30.18363],[-97.86337,30.18188],[-97.8584,30.17738],[-97.85932,30.17574],[-97.85499,30.17541],[-97.85778,30.17109],[-97.86015,30.16846],[-97.85989,30.15713],[-97.85758,30.15386],[-97.85486,30.14848],[-97.85874,30.14719],[-97.86,30.1457],[-97.86208,30.14599],[-97.86685,30.14347],[-97.87034,30.14934],[-97.87395,30.15234],[-97.87989,30.15226],[-97.88154,30.15394],[-97.88351,30.15147],[-97.88352,30.14907],[-97.90455,30.16409],[-97.91551,30.15487],[-97.91867,30.15781],[-97.91862,30.16312],[-97.91785,30.16526],[-97.9243,30.17281],[-97.92807,30.17304],[-97.92888,30.17639],[-97.92886,30.1862],[-97.9264,30.19086],[-97.9241,30.19367],[-97.91797,30.20287],[-97.91594,30.20377],[-97.914,30.20311],[-97.91511,30.20113],[-97.91397,30.1971],[-97.911,30.19561],[-97.90654,30.19686],[-97.90506,30.19897],[-97.90274,30.1977],[-97.90052,30.2011],[-97.89216,30.19703],[-97.88879,30.20238],[-97.88337,30.19997]]]}},{"type":"Feature","properties":{"zcta":"78744","d":1168},"geometry":{"type":"Polygon","coordinates":[[[-97.78931,30.16015],[-97.78625,30.16698],[-97.77234,30.18815],[-97.7565,30.2082],[-97.75192,30.21561],[-97.74923,30.21557],[-97.73573,30.21421],[-97.73508,30.21535],[-97.71251,30.21243],[-97.71166,30.21081],[-97.70613,30.21184],[-97.7004,30.21175],[-97.69491,30.21323],[-97.68992,30.2169],[-97.69037,30.21792],[-97.68331,30.2217],[-97.68341,30.20995],[-97.68375,30.20163],[-97.68529,30.19185],[-97.68775,30.183],[-97.68271,30.17848],[-97.68264,30.17515],[-97.68739,30.17821],[-97.68922,30.17669],[-97.68992,30.17367],[-97.69424,30.15988],[-97.69265,30.15704],[-97.69667,30.15144],[-97.69673,30.14419],[-97.69974,30.14559],[-97.71019,30.12898],[-97.71657,30.13211],[-97.71483,30.13692],[-97.71605,30.13577],[-97.71872,30.137],[-97.71942,30.13895],[-97.71753,30.142],[-97.71928,30.14281],[-97.72212,30.13865],[-97.72434,30.14311],[-97.72357,30.14552],[-97.72529,30.14657],[-97.7245,30.14863],[-97.73013,30.15134],[-97.72816,30.15438],[-97.73476,30.1575],[-97.73597,30.15894],[-97.73626,30.16274],[-97.74163,30.16555],[-97.74605,30.15849],[-97.75058,30.1605],[-97.75171,30.15886],[-97.7486,30.15729],[-97.74922,30.15621],[-97.75239,30.15783],[-97.75643,30.1586],[-97.75914,30.15826],[-97.76034,30.15617],[-97.76194,30.15655],[-97.76481,30.15189],[-97.77294,30.15425],[-97.77528,30.15746],[-97.77842,30.1574],[-97.78038,30.15504],[-97.78237,30.1543],[-97.78418,30.15666],[-97.78644,30.15594],[-97.78988,30.1575],[-97.7915,30.15282],[-97.78931,30.16015]]]}},{"type":"Feature","properties":{"zcta":"78759","d":1531},"geometry":{"type":"Polygon","coordinates":[[[-97.76606,30.43241],[-97.76034,30.43271],[-97.75804,30.43291],[-97.7581,30.43099],[-97.75115,30.42907],[-97.75361,30.42651],[-97.74933,30.42436],[-97.74749,30.42229],[-97.7467,30.41907],[-97.74212,30.41755],[-97.74297,30.41628],[-97.7384,30.41577],[-97.73158,30.4125],[-97.72951,30.41562],[-97.72844,30.41335],[-97.72626,30.41173],[-97.72204,30.41163],[-97.71569,30.42153],[-97.70841,30.41798],[-97.7101,30.41592],[-97.71094,30.41089],[-97.71609,30.40906],[-97.71569,30.40573],[-97.71866,30.40023],[-97.71997,30.40062],[-97.71891,30.40472],[-97.72113,30.40418],[-97.72157,30.4054],[-97.72384,30.40336],[-97.72515,30.40434],[-97.72805,30.40209],[-97.72785,30.3997],[-97.72967,30.39425],[-97.73618,30.37868],[-97.74084,30.36745],[-97.74192,30.36793],[-97.74398,30.3613],[-97.74637,30.36156],[-97.75085,30.36559],[-97.75412,30.36786],[-97.75526,30.36574],[-97.75935,30.36816],[-97.75726,30.37147],[-97.76055,30.37065],[-97.76171,30.36893],[-97.76821,30.37086],[-97.76909,30.37272],[-97.76659,30.3772],[-97.767,30.38119],[-97.77049,30.3832],[-97.7711,30.3888],[-97.7738,30.39083],[-97.7748,30.39029],[-97.7788,30.38924],[-97.78344,30.39144],[-97.78266,30.39273],[-97.77894,30.3946],[-97.78243,30.39628],[-97.78528,30.39627],[-97.7889,30.39408],[-97.81167,30.40499],[-97.80405,30.41712],[-97.80648,30.41767],[-97.80575,30.41877],[-97.80205,30.41774],[-97.79379,30.42007],[-97.79455,30.42184],[-97.79087,30.42325],[-97.7876,30.42247],[-97.78525,30.4235],[-97.78501,30.42627],[-97.78244,30.42921],[-97.77829,30.43163],[-97.77922,30.43419],[-97.77552,30.43682],[-97.76973,30.4342],[-97.76606,30.43241]]]}},{"type":"Feature","properties":{"zcta":"78758","d":2362},"geometry":{"type":"Polygon","coordinates":[[[-97.72967,30.39425],[-97.72785,30.3997],[-97.72805,30.40209],[-97.72515,30.40434],[-97.72384,30.40336],[-97.72157,30.4054],[-97.72113,30.40418],[-97.71891,30.40472],[-97.71997,30.40062],[-97.71866,30.40023],[-97.71569,30.40573],[-97.71609,30.40906],[-97.71094,30.41089],[-97.7101,30.41592],[-97.70841,30.41798],[-97.70519,30.42104],[-97.70156,30.41864],[-97.69325,30.4145],[-97.68137,30.40893],[-97.67817,30.4079],[-97.6794,30.39915],[-97.68173,30.4009],[-97.68174,30.39822],[-97.68005,30.39729],[-97.68084,30.39434],[-97.68283,30.39299],[-97.68787,30.38574],[-97.685,30.3845],[-97.68637,30.38193],[-97.6919,30.38432],[-97.69351,30.38238],[-97.68768,30.37954],[-97.69301,30.37018],[-97.69549,30.37073],[-97.70117,30.36186],[-97.70145,30.35831],[-97.70011,30.35765],[-97.70407,30.35452],[-97.70689,30.35611],[-97.70862,30.35495],[-97.70564,30.35335],[-97.71049,30.35006],[-97.71244,30.34781],[-97.71308,30.34684],[-97.71767,30.34991],[-97.71539,30.35216],[-97.71852,30.35464],[-97.71582,30.35694],[-97.71675,30.36041],[-97.7191,30.36107],[-97.71922,30.3628],[-97.71738,30.36323],[-97.71876,30.36836],[-97.72043,30.37044],[-97.73284,30.37653],[-97.73618,30.37868],[-97.72967,30.39425]]]}},{"type":"Feature","properties":{"zcta":"78953","d":6},"geometry":{"type":"Polygon","coordinates":[[[-97.44579,29.86318],[-97.43219,29.8563],[-97.42068,29.87476],[-97.42594,29.87922],[-97.42008,29.88576],[-97.41868,29.88989],[-97.41595,29.89188],[-97.4117,29.89197],[-97.4113,29.89321],[-97.40785,29.89521],[-97.40582,29.89505],[-97.40077,29.90073],[-97.39934,29.90087],[-97.39847,29.90534],[-97.39696,29.90703],[-97.39781,29.90894],[-97.39718,29.9119],[-97.3948,29.91198],[-97.39136,29.9136],[-97.39198,29.91705],[-97.39108,29.91935],[-97.3865,29.92162],[-97.38303,29.92497],[-97.38357,29.92703],[-97.37343,29.9221],[-97.37014,29.921],[-97.37054,29.91976],[-97.36705,29.91812],[-97.36164,29.92678],[-97.35982,29.92863],[-97.36336,29.93087],[-97.36691,29.93497],[-97.36184,29.93662],[-97.35691,29.93699],[-97.35405,29.9393],[-97.35123,29.94055],[-97.35061,29.94639],[-97.35295,29.94802],[-97.3527,29.95107],[-97.35579,29.95174],[-97.35323,29.95465],[-97.35208,29.95872],[-97.34333,29.95452],[-97.34293,29.95573],[-97.34043,29.95518],[-97.34278,29.95905],[-97.34514,29.96492],[-97.34822,29.96853],[-97.34547,29.96735],[-97.344,29.96783],[-97.34281,29.97151],[-97.32565,29.96308],[-97.32732,29.96021],[-97.32525,29.95922],[-97.32846,29.95379],[-97.3236,29.95141],[-97.3243,29.94954],[-97.32206,29.94868],[-97.32295,29.94708],[-97.31671,29.94377],[-97.31704,29.94237],[-97.30535,29.93656],[-97.30358,29.93931],[-97.29472,29.93487],[-97.29241,29.93805],[-97.28623,29.93716],[-97.28348,29.9512],[-97.27959,29.95154],[-97.27696,29.95048],[-97.2604,29.94795],[-97.26242,29.93805],[-97.26198,29.93429],[-97.26093,29.93312],[-97.26512,29.93116],[-97.27922,29.93025],[-97.28461,29.93202],[-97.28816,29.93192],[-97.29332,29.92927],[-97.28745,29.92813],[-97.28794,29.92487],[-97.28576,29.92456],[-97.27524,29.91971],[-97.2725,29.91715],[-97.26865,29.91515],[-97.26862,29.90988],[-97.267,29.90581],[-97.2656,29.90857],[-97.25701,29.90809],[-97.25682,29.90702],[-97.24793,29.90775],[-97.24407,29.90625],[-97.24107,29.90673],[-97.24089,29.89869],[-97.24037,29.88213],[-97.23788,29.88173],[-97.2377,29.87321],[-97.23805,29.87135],[-97.24632,29.86852],[-97.239,29.85623],[-97.25839,29.83855],[-97.29377,29.80654],[-97.29711,29.80588],[-97.29861,29.80294],[-97.30108,29.80335],[-97.31489,29.8087],[-97.31573,29.8033],[-97.32031,29.79411],[-97.32894,29.79789],[-97.32766,29.80413],[-97.32694,29.81091],[-97.32541,29.81298],[-97.33033,29.81628],[-97.33226,29.81231],[-97.33571,29.81036],[-97.33844,29.80554],[-97.34007,29.80066],[-97.34214,29.80062],[-97.34335,29.79888],[-97.34288,29.7934],[-97.34441,29.79011],[-97.34299,29.78495],[-97.3445,29.7807],[-97.34335,29.77731],[-97.34161,29.77722],[-97.33982,29.77471],[-97.3363,29.77452],[-97.37567,29.75289],[-97.37482,29.75445],[-97.37612,29.7585],[-97.38029,29.75963],[-97.38246,29.7584],[-97.38565,29.75948],[-97.38942,29.76172],[-97.39024,29.76078],[-97.39183,29.75468],[-97.39505,29.75536],[-97.396,29.75058],[-97.39583,29.7483],[-97.39841,29.75136],[-97.40197,29.75299],[-97.40947,29.75894],[-97.41933,29.76773],[-97.41654,29.77309],[-97.42146,29.77551],[-97.42935,29.78002],[-97.43257,29.78499],[-97.43838,29.79086],[-97.43711,29.79411],[-97.44694,29.79753],[-97.44958,29.79375],[-97.45423,29.79437],[-97.45491,29.79859],[-97.45714,29.80105],[-97.45615,29.80406],[-97.45694,29.80732],[-97.45953,29.80728],[-97.46174,29.80845],[-97.46576,29.80852],[-97.46762,29.8116],[-97.47039,29.81185],[-97.4703,29.82044],[-97.47774,29.82675],[-97.46214,29.85131],[-97.45979,29.8541],[-97.45158,29.86675],[-97.44579,29.86318]]]}},{"type":"Feature","properties":{"zcta":"78659","d":16},"geometry":{"type":"Polygon","coordinates":[[[-97.2311,30.19796],[-97.22879,30.19954],[-97.22506,30.19941],[-97.2195,30.20334],[-97.21617,30.20489],[-97.21288,30.20762],[-97.21368,30.2095],[-97.21244,30.21296],[-97.21319,30.21772],[-97.21465,30.2186],[-97.21571,30.22214],[-97.21885,30.22517],[-97.22039,30.23123],[-97.21951,30.23339],[-97.216,30.23822],[-97.21392,30.23612],[-97.21378,30.23402],[-97.21152,30.22845],[-97.20718,30.2245],[-97.2036,30.22781],[-97.20204,30.23188],[-97.20355,30.23528],[-97.20156,30.2372],[-97.18496,30.23125],[-97.17958,30.22891],[-97.16994,30.23777],[-97.16579,30.23493],[-97.16437,30.23071],[-97.16096,30.22462],[-97.16447,30.2223],[-97.14848,30.21531],[-97.14639,30.21656],[-97.14142,30.21456],[-97.14292,30.21816],[-97.14691,30.21745],[-97.14899,30.21807],[-97.15932,30.22368],[-97.1607,30.22479],[-97.14749,30.22882],[-97.1477,30.22936],[-97.16992,30.24811],[-97.17408,30.25134],[-97.19543,30.26922],[-97.18697,30.27682],[-97.18446,30.27507],[-97.1817,30.27643],[-97.17366,30.27902],[-97.17166,30.27756],[-97.17374,30.27665],[-97.17273,30.27426],[-97.1709,30.27433],[-97.16804,30.27701],[-97.16841,30.27825],[-97.1713,30.27741],[-97.17731,30.29148],[-97.16188,30.2965],[-97.17167,30.31928],[-97.13722,30.29629],[-97.13596,30.29857],[-97.13192,30.30292],[-97.12894,30.30339],[-97.12738,30.30157],[-97.12527,30.30225],[-97.12469,30.30541],[-97.11613,30.30578],[-97.11568,30.30479],[-97.11022,30.30532],[-97.10457,30.30885],[-97.10037,30.30953],[-97.09778,30.30383],[-97.09406,30.30408],[-97.08788,30.30215],[-97.08666,30.30387],[-97.08331,30.30518],[-97.08176,30.30119],[-97.0789,30.29778],[-97.07393,30.29538],[-97.07171,30.29184],[-97.06767,30.28989],[-97.05908,30.288],[-97.05837,30.28271],[-97.05956,30.28237],[-97.05822,30.27991],[-97.0553,30.27932],[-97.05458,30.27684],[-97.0499,30.27492],[-97.05207,30.27313],[-97.05423,30.27375],[-97.05355,30.27205],[-97.05429,30.26777],[-97.0586,30.26541],[-97.05918,30.26259],[-97.05795,30.25756],[-97.05665,30.25702],[-97.0529,30.25791],[-97.05072,30.25294],[-97.04324,30.24716],[-97.04073,30.24122],[-97.03503,30.2386],[-97.03148,30.23056],[-97.02492,30.23176],[-97.02152,30.2266],[-97.01949,30.22518],[-97.02354,30.21551],[-97.02563,30.21548],[-97.02788,30.2127],[-97.02841,30.21071],[-97.02644,30.20998],[-97.0181,30.20844],[-97.01907,30.20289],[-97.01863,30.19935],[-97.01499,30.19861],[-97.01586,30.19324],[-97.0075,30.19204],[-97.00836,30.18516],[-97.01172,30.18397],[-97.01978,30.18306],[-97.02761,30.18287],[-97.03357,30.18318],[-97.03819,30.17899],[-97.03886,30.17756],[-97.04197,30.17753],[-97.0446,30.17657],[-97.04402,30.17223],[-97.05162,30.17094],[-97.04883,30.16235],[-97.04768,30.16049],[-97.05419,30.1598],[-97.04821,30.13795],[-97.06321,30.13802],[-97.06265,30.12046],[-97.06369,30.1217],[-97.0746,30.13776],[-97.08562,30.13731],[-97.08588,30.1334],[-97.10085,30.13308],[-97.10838,30.13071],[-97.11353,30.12993],[-97.11473,30.12778],[-97.11746,30.1275],[-97.12298,30.12818],[-97.12523,30.1276],[-97.13093,30.13138],[-97.1454,30.12656],[-97.15115,30.12589],[-97.15754,30.12344],[-97.16195,30.12308],[-97.16959,30.12004],[-97.17364,30.11701],[-97.1786,30.11465],[-97.18441,30.11338],[-97.18448,30.12151],[-97.19473,30.12126],[-97.19476,30.12288],[-97.19926,30.1228],[-97.2037,30.10779],[-97.22273,30.11201],[-97.22519,30.11683],[-97.22321,30.1206],[-97.22337,30.12275],[-97.21954,30.13109],[-97.21642,30.13361],[-97.21315,30.13471],[-97.21363,30.13713],[-97.21267,30.14198],[-97.21332,30.14664],[-97.21916,30.14947],[-97.22269,30.14885],[-97.22574,30.15174],[-97.21775,30.15648],[-97.22815,30.16532],[-97.22157,30.17085],[-97.22515,30.1747],[-97.2319,30.1686],[-97.23349,30.16984],[-97.23198,30.17224],[-97.23251,30.18616],[-97.23251,30.19211],[-97.23084,30.19414],[-97.23103,30.19675],[-97.2311,30.19796]]]}},{"type":"Feature","properties":{"zcta":"78726","d":633},"geometry":{"type":"Polygon","coordinates":[[[-97.88231,30.42835],[-97.88001,30.43113],[-97.876,30.43202],[-97.87354,30.43826],[-97.87371,30.43986],[-97.87134,30.44124],[-97.86847,30.4412],[-97.86556,30.44253],[-97.85865,30.4471],[-97.85804,30.4483],[-97.84762,30.45349],[-97.84584,30.45737],[-97.84108,30.45987],[-97.8437,30.46184],[-97.83602,30.4643],[-97.83201,30.46187],[-97.82656,30.45752],[-97.82606,30.45585],[-97.81969,30.45026],[-97.81527,30.44918],[-97.81223,30.44689],[-97.81507,30.44187],[-97.81869,30.44268],[-97.81439,30.43745],[-97.8141,30.43251],[-97.81594,30.43034],[-97.81474,30.42966],[-97.81406,30.42664],[-97.81471,30.42466],[-97.81358,30.4229],[-97.80789,30.42129],[-97.80807,30.4191],[-97.81084,30.41936],[-97.81472,30.41851],[-97.81809,30.4163],[-97.82111,30.41535],[-97.8234,30.40993],[-97.8233,30.40767],[-97.82623,30.40429],[-97.83131,30.40202],[-97.83288,30.39819],[-97.8366,30.39585],[-97.84098,30.39537],[-97.84442,30.39378],[-97.84547,30.39454],[-97.84497,30.3989],[-97.84738,30.39912],[-97.85031,30.40363],[-97.85206,30.4029],[-97.85402,30.40378],[-97.85998,30.4056],[-97.86349,30.40582],[-97.86658,30.40927],[-97.86837,30.4129],[-97.86765,30.41458],[-97.86904,30.41719],[-97.86952,30.42032],[-97.8728,30.42552],[-97.87422,30.42335],[-97.8771,30.42342],[-97.87868,30.42902],[-97.8817,30.42588],[-97.88324,30.42773],[-97.88643,30.42651],[-97.88231,30.42835]]]}},{"type":"Feature","properties":{"zcta":"78645","d":261},"geometry":{"type":"Polygon","coordinates":[[[-98.00826,30.48309],[-98.00628,30.48407],[-98.00284,30.48838],[-97.99952,30.49384],[-97.99957,30.49895],[-98.00247,30.50425],[-98.0002,30.50431],[-97.99727,30.50726],[-97.9931,30.50571],[-97.98903,30.50278],[-97.98877,30.50089],[-97.98507,30.49711],[-97.98183,30.49814],[-97.97902,30.49589],[-97.9776,30.49677],[-97.97954,30.50607],[-97.97365,30.50595],[-97.97212,30.50408],[-97.97005,30.50356],[-97.9677,30.50459],[-97.96782,30.50124],[-97.9641,30.50244],[-97.95526,30.50303],[-97.95104,30.50264],[-97.94611,30.5097],[-97.94185,30.50771],[-97.93769,30.5143],[-97.92946,30.51065],[-97.92449,30.50901],[-97.92021,30.51547],[-97.92008,30.51337],[-97.91616,30.51101],[-97.91755,30.50983],[-97.91589,30.50907],[-97.91482,30.50534],[-97.91232,30.51142],[-97.91058,30.51346],[-97.91175,30.50639],[-97.91071,30.50522],[-97.91259,30.50239],[-97.91053,30.50108],[-97.90605,30.50195],[-97.90501,30.50132],[-97.90608,30.49913],[-97.90846,30.49748],[-97.90953,30.49812],[-97.91466,30.49726],[-97.91783,30.48747],[-97.9196,30.48595],[-97.91934,30.48361],[-97.9175,30.47956],[-97.91642,30.47546],[-97.91183,30.47016],[-97.91016,30.46929],[-97.91053,30.46551],[-97.91371,30.46457],[-97.922,30.46034],[-97.92476,30.45743],[-97.92577,30.45327],[-97.92551,30.44975],[-97.92319,30.44354],[-97.91994,30.43764],[-97.91998,30.43297],[-97.92669,30.43618],[-97.93139,30.43724],[-97.93866,30.43732],[-97.94677,30.43418],[-97.94888,30.43249],[-97.95122,30.429],[-97.95216,30.42396],[-97.95125,30.41978],[-97.94234,30.40804],[-97.94083,30.40417],[-97.94056,30.4009],[-97.94126,30.3987],[-97.944,30.39466],[-97.94619,30.3938],[-97.96852,30.39397],[-97.97453,30.39128],[-97.97805,30.38842],[-97.98155,30.3843],[-97.98959,30.37747],[-97.99149,30.37723],[-97.99863,30.37447],[-98.00911,30.37116],[-98.01194,30.37137],[-98.01485,30.37445],[-98.01607,30.37698],[-98.01479,30.38212],[-98.00171,30.39467],[-97.99941,30.39523],[-97.98815,30.40174],[-97.98503,30.40481],[-97.98411,30.40791],[-97.98455,30.4127],[-97.98676,30.41462],[-97.98988,30.41484],[-97.99688,30.41411],[-98.01797,30.4149],[-98.0305,30.41585],[-98.03667,30.41842],[-98.03706,30.42011],[-98.03588,30.42601],[-98.03185,30.43224],[-98.02594,30.43764],[-98.01189,30.44918],[-98.00593,30.45037],[-98.00525,30.45203],[-98.00028,30.45589],[-97.99874,30.45879],[-97.99912,30.46423],[-98.00303,30.47391],[-98.006,30.47812],[-98.00955,30.48001],[-98.00826,30.48309]]]}},{"type":"Feature","properties":{"zcta":"78633","d":205},"geometry":{"type":"Polygon","coordinates":[[[-97.846,30.78445],[-97.84418,30.78767],[-97.84993,30.80141],[-97.8495,30.80372],[-97.84748,30.80513],[-97.84185,30.80666],[-97.83804,30.79732],[-97.82799,30.79996],[-97.82407,30.79335],[-97.81921,30.79484],[-97.81369,30.78178],[-97.82371,30.77914],[-97.81957,30.77192],[-97.81754,30.77223],[-97.81439,30.77009],[-97.80611,30.7506],[-97.79717,30.75341],[-97.79836,30.75666],[-97.7847,30.76107],[-97.78644,30.76511],[-97.78357,30.76699],[-97.78105,30.76998],[-97.77486,30.76878],[-97.77434,30.76763],[-97.7716,30.76752],[-97.77062,30.76872],[-97.76695,30.76915],[-97.76364,30.7706],[-97.76157,30.76902],[-97.76063,30.76612],[-97.7558,30.76454],[-97.75797,30.76989],[-97.7533,30.77286],[-97.74585,30.7636],[-97.73414,30.75913],[-97.73594,30.75782],[-97.73432,30.75668],[-97.73199,30.75093],[-97.72068,30.75441],[-97.71244,30.74976],[-97.72025,30.75675],[-97.71685,30.75888],[-97.71041,30.76113],[-97.7061,30.76518],[-97.70209,30.76667],[-97.70414,30.77255],[-97.71707,30.8037],[-97.70372,30.80821],[-97.70206,30.8035],[-97.69106,30.8071],[-97.68384,30.7897],[-97.68038,30.79146],[-97.67014,30.79572],[-97.66543,30.7844],[-97.6523,30.78858],[-97.6537,30.79248],[-97.64334,30.79578],[-97.63362,30.77266],[-97.6273,30.774],[-97.62593,30.77605],[-97.62926,30.76525],[-97.63403,30.75375],[-97.63983,30.73578],[-97.644,30.72371],[-97.64463,30.72073],[-97.65017,30.70466],[-97.65226,30.70188],[-97.65495,30.70395],[-97.65661,30.70704],[-97.66348,30.7166],[-97.66726,30.72109],[-97.67422,30.72547],[-97.69285,30.71963],[-97.69206,30.71846],[-97.69163,30.7131],[-97.68588,30.71452],[-97.68451,30.71385],[-97.6876,30.71049],[-97.69249,30.7076],[-97.70482,30.70259],[-97.70721,30.7001],[-97.70918,30.69368],[-97.71138,30.69117],[-97.71624,30.68765],[-97.71711,30.68391],[-97.71972,30.67943],[-97.72152,30.67006],[-97.72672,30.66655],[-97.72769,30.66772],[-97.72875,30.67232],[-97.73064,30.67498],[-97.73633,30.67726],[-97.74241,30.67709],[-97.74433,30.67768],[-97.74935,30.6768],[-97.75071,30.67577],[-97.75137,30.67092],[-97.75242,30.66908],[-97.75792,30.66914],[-97.76119,30.66996],[-97.76618,30.67282],[-97.77085,30.67697],[-97.77521,30.67921],[-97.7806,30.68095],[-97.7843,30.68022],[-97.79384,30.68524],[-97.79595,30.68764],[-97.803,30.6908],[-97.8069,30.68989],[-97.80943,30.68838],[-97.81698,30.69339],[-97.82029,30.69737],[-97.8231,30.69803],[-97.82882,30.69625],[-97.83515,30.69061],[-97.83624,30.69092],[-97.84091,30.70267],[-97.85633,30.70567],[-97.86068,30.70791],[-97.86102,30.71116],[-97.85974,30.71193],[-97.85982,30.71886],[-97.85648,30.72009],[-97.85961,30.72878],[-97.86406,30.72762],[-97.87148,30.74517],[-97.87545,30.74388],[-97.87652,30.74647],[-97.87686,30.77346],[-97.87706,30.77489],[-97.846,30.78445]]]}},{"type":"Feature","properties":{"zcta":"78704","d":2963},"geometry":{"type":"Polygon","coordinates":[[[-97.75204,30.26419],[-97.74433,30.26119],[-97.74281,30.25971],[-97.74098,30.25479],[-97.73785,30.25152],[-97.73599,30.25061],[-97.73504,30.24496],[-97.73702,30.24088],[-97.74745,30.2233],[-97.74391,30.21963],[-97.74397,30.21633],[-97.75129,30.21657],[-97.75192,30.21561],[-97.75412,30.21623],[-97.76969,30.22368],[-97.76947,30.22652],[-97.77233,30.22753],[-97.78447,30.22775],[-97.79002,30.23035],[-97.79087,30.22899],[-97.7928,30.22991],[-97.79195,30.23127],[-97.79621,30.23334],[-97.79791,30.23552],[-97.80249,30.24469],[-97.79731,30.24489],[-97.79218,30.24184],[-97.7898,30.24214],[-97.78882,30.24365],[-97.78957,30.24646],[-97.79217,30.24783],[-97.79673,30.24829],[-97.79572,30.25343],[-97.78674,30.25685],[-97.78458,30.2581],[-97.78541,30.26061],[-97.78073,30.2626],[-97.77475,30.26366],[-97.76761,30.2641],[-97.76066,30.26753],[-97.75204,30.26419]]]}},{"type":"Feature","properties":{"zcta":"78751","d":3707},"geometry":{"type":"Polygon","coordinates":[[[-97.73597,30.31526],[-97.73218,30.3167],[-97.73113,30.31827],[-97.73354,30.31942],[-97.72819,30.32582],[-97.72633,30.32596],[-97.72456,30.32392],[-97.71956,30.32242],[-97.71537,30.32042],[-97.71243,30.3205],[-97.70686,30.3222],[-97.7079,30.31522],[-97.70943,30.31135],[-97.71242,30.30649],[-97.72013,30.29428],[-97.73395,30.30072],[-97.73764,30.30349],[-97.73298,30.31084],[-97.73757,30.31346],[-97.73597,30.31526]]]}},{"type":"Feature","properties":{"zcta":"78705","d":3411},"geometry":{"type":"Polygon","coordinates":[[[-97.74311,30.3052],[-97.73757,30.31346],[-97.73298,30.31084],[-97.73764,30.30349],[-97.73395,30.30072],[-97.72013,30.29428],[-97.72508,30.28656],[-97.73092,30.28921],[-97.7341,30.28818],[-97.73602,30.29318],[-97.73658,30.29165],[-97.73893,30.29182],[-97.73953,30.28754],[-97.74135,30.28981],[-97.74191,30.2838],[-97.73743,30.28347],[-97.73702,30.28735],[-97.73353,30.28706],[-97.73405,30.28321],[-97.73355,30.28085],[-97.73571,30.27998],[-97.74673,30.2831],[-97.75212,30.28361],[-97.75076,30.28195],[-97.75043,30.28056],[-97.75091,30.28],[-97.7513,30.28242],[-97.75448,30.28452],[-97.75331,30.28869],[-97.751,30.29201],[-97.74739,30.29277],[-97.74992,30.29795],[-97.74711,30.29948],[-97.75009,30.30267],[-97.74759,30.30562],[-97.748,30.30722],[-97.74311,30.3052]]]}},{"type":"Feature","properties":{"zcta":"78749","d":1716},"geometry":{"type":"Polygon","coordinates":[[[-97.88484,30.21854],[-97.88048,30.22282],[-97.87764,30.22145],[-97.87772,30.22439],[-97.87309,30.22258],[-97.87169,30.22376],[-97.87404,30.22537],[-97.8785,30.22547],[-97.87694,30.22639],[-97.87717,30.22833],[-97.87929,30.23078],[-97.87472,30.23342],[-97.87261,30.23394],[-97.86603,30.23389],[-97.86064,30.2353],[-97.85211,30.2352],[-97.85218,30.23445],[-97.8457,30.2338],[-97.84619,30.23639],[-97.84255,30.23675],[-97.82788,30.23657],[-97.82057,30.23377],[-97.82352,30.22927],[-97.82475,30.22989],[-97.82906,30.22372],[-97.82527,30.22216],[-97.83109,30.21282],[-97.83228,30.21343],[-97.8342,30.21127],[-97.83199,30.21139],[-97.83883,30.20086],[-97.84052,30.20175],[-97.84128,30.20023],[-97.84528,30.20216],[-97.84905,30.19726],[-97.84235,30.19534],[-97.85324,30.17824],[-97.85932,30.17846],[-97.8584,30.17738],[-97.86337,30.18188],[-97.86389,30.18363],[-97.86155,30.18656],[-97.86095,30.18858],[-97.86296,30.1906],[-97.866,30.19084],[-97.86554,30.1947],[-97.86957,30.19587],[-97.87478,30.1981],[-97.88017,30.19645],[-97.88178,30.19674],[-97.88337,30.19997],[-97.88879,30.20238],[-97.88689,30.20537],[-97.89292,30.21246],[-97.89433,30.21829],[-97.8926,30.222],[-97.88484,30.21854]]]}},{"type":"Feature","properties":{"zcta":"78702","d":2961},"geometry":{"type":"Polygon","coordinates":[[[-97.73005,30.27851],[-97.72514,30.27911],[-97.72539,30.28019],[-97.72318,30.27948],[-97.71154,30.2814],[-97.70966,30.28277],[-97.7085,30.28183],[-97.70856,30.28594],[-97.70737,30.28325],[-97.70817,30.28188],[-97.70394,30.28257],[-97.70171,30.28291],[-97.70304,30.28115],[-97.69791,30.27356],[-97.69627,30.2681],[-97.69436,30.26743],[-97.69551,30.26561],[-97.69386,30.26009],[-97.69098,30.25853],[-97.6925,30.25509],[-97.69249,30.25077],[-97.69106,30.24945],[-97.69128,30.24518],[-97.69485,30.24532],[-97.69958,30.24691],[-97.70188,30.2502],[-97.70528,30.25061],[-97.71351,30.25043],[-97.72376,30.2466],[-97.72978,30.24811],[-97.73599,30.25061],[-97.73727,30.25733],[-97.73655,30.26121],[-97.73152,30.27473],[-97.73005,30.27851]]]}},{"type":"Feature","properties":{"zcta":"78655","d":38},"geometry":{"type":"Polygon","coordinates":[[[-97.86536,29.86331],[-97.86001,29.86756],[-97.85592,29.86169],[-97.85355,29.85937],[-97.84808,29.86485],[-97.84695,29.86374],[-97.84213,29.86733],[-97.84276,29.86943],[-97.83613,29.87453],[-97.80283,29.87332],[-97.80267,29.87315],[-97.81325,29.86616],[-97.81158,29.86297],[-97.80705,29.85945],[-97.80339,29.85834],[-97.79956,29.85902],[-97.79719,29.85401],[-97.79372,29.84957],[-97.792,29.84431],[-97.78668,29.83818],[-97.79108,29.83539],[-97.79641,29.83379],[-97.7958,29.82915],[-97.79383,29.82702],[-97.79621,29.82554],[-97.79599,29.82218],[-97.79828,29.81885],[-97.79673,29.81412],[-97.79864,29.81226],[-97.79984,29.80757],[-97.7956,29.79929],[-97.81448,29.78512],[-97.81195,29.78347],[-97.8151,29.78073],[-97.81293,29.77832],[-97.81137,29.7803],[-97.80821,29.77964],[-97.80565,29.77706],[-97.80589,29.77307],[-97.80797,29.77464],[-97.81117,29.7745],[-97.80706,29.76899],[-97.80562,29.76777],[-97.82067,29.7573],[-97.82079,29.75776],[-97.82216,29.76273],[-97.8268,29.76813],[-97.82587,29.76881],[-97.8288,29.7721],[-97.83317,29.77893],[-97.83015,29.78087],[-97.8314,29.78301],[-97.83375,29.7815],[-97.83833,29.7835],[-97.83567,29.78064],[-97.84537,29.77341],[-97.84624,29.77446],[-97.83811,29.78086],[-97.83843,29.78187],[-97.84486,29.78599],[-97.86305,29.77241],[-97.86643,29.77583],[-97.85827,29.78209],[-97.86023,29.78413],[-97.85852,29.78555],[-97.86044,29.78794],[-97.86202,29.78668],[-97.86848,29.79319],[-97.86547,29.79589],[-97.86797,29.79865],[-97.86903,29.79785],[-97.87194,29.80075],[-97.8752,29.7985],[-97.87768,29.80108],[-97.87444,29.8034],[-97.87847,29.80848],[-97.87666,29.80967],[-97.87607,29.81185],[-97.87944,29.81557],[-97.87636,29.81805],[-97.87948,29.82011],[-97.88504,29.82576],[-97.88394,29.82681],[-97.88606,29.82888],[-97.86823,29.84555],[-97.87432,29.85197],[-97.87322,29.85311],[-97.87344,29.85637],[-97.87601,29.86056],[-97.8791,29.86074],[-97.88052,29.86532],[-97.86884,29.8631],[-97.86735,29.86418],[-97.86536,29.86331]]]}},{"type":"Feature","properties":{"zcta":"78731","d":1638},"geometry":{"type":"Polygon","coordinates":[[[-97.79135,30.35929],[-97.78988,30.36713],[-97.79032,30.36967],[-97.79496,30.37191],[-97.79444,30.37269],[-97.78815,30.36975],[-97.78467,30.37266],[-97.78404,30.37722],[-97.7816,30.3788],[-97.77827,30.37806],[-97.77449,30.38118],[-97.77141,30.38276],[-97.77152,30.38566],[-97.77323,30.38709],[-97.7748,30.39029],[-97.7738,30.39083],[-97.7711,30.3888],[-97.77049,30.3832],[-97.767,30.38119],[-97.76659,30.3772],[-97.76909,30.37272],[-97.76821,30.37086],[-97.76171,30.36893],[-97.76055,30.37065],[-97.75726,30.37147],[-97.75935,30.36816],[-97.75526,30.36574],[-97.75412,30.36786],[-97.75085,30.36559],[-97.74637,30.36156],[-97.74398,30.3613],[-97.74342,30.3613],[-97.74799,30.3516],[-97.7549,30.3379],[-97.75528,30.33641],[-97.74975,30.3345],[-97.74636,30.33042],[-97.74689,30.32714],[-97.7461,30.32614],[-97.7455,30.32041],[-97.74929,30.32072],[-97.74925,30.31567],[-97.74865,30.31297],[-97.74884,30.30896],[-97.748,30.30722],[-97.75041,30.30716],[-97.75449,30.30905],[-97.75764,30.30904],[-97.75633,30.31853],[-97.75705,30.32407],[-97.75865,30.326],[-97.76012,30.32555],[-97.76378,30.32735],[-97.7687,30.32105],[-97.764,30.3187],[-97.76728,30.31361],[-97.76904,30.31453],[-97.77383,30.3126],[-97.77588,30.31361],[-97.77566,30.31803],[-97.7765,30.32384],[-97.77975,30.33054],[-97.78623,30.34092],[-97.7883,30.34356],[-97.79683,30.34999],[-97.79135,30.35929]]]}},{"type":"Feature","properties":{"zcta":"78742","d":56},"geometry":{"type":"Polygon","coordinates":[[[-97.68246,30.24629],[-97.67514,30.24933],[-97.67312,30.25082],[-97.67167,30.25431],[-97.66922,30.2561],[-97.66018,30.26149],[-97.65556,30.26225],[-97.6499,30.26245],[-97.6457,30.26327],[-97.64176,30.26177],[-97.64157,30.25713],[-97.63995,30.25643],[-97.63186,30.25569],[-97.62863,30.256],[-97.62623,30.25511],[-97.62573,30.2508],[-97.62663,30.24832],[-97.63044,30.24268],[-97.63315,30.23991],[-97.63673,30.23869],[-97.64774,30.23641],[-97.65357,30.23304],[-97.6588,30.22676],[-97.6566,30.22103],[-97.65405,30.21823],[-97.655,30.2179],[-97.65743,30.22136],[-97.65918,30.22681],[-97.66169,30.22526],[-97.66355,30.22704],[-97.66627,30.22749],[-97.66686,30.22533],[-97.67003,30.22661],[-97.67337,30.22384],[-97.67118,30.22295],[-97.67031,30.22117],[-97.66878,30.22249],[-97.66658,30.22082],[-97.66892,30.21862],[-97.67661,30.22235],[-97.67917,30.22399],[-97.6823,30.2293],[-97.68263,30.23123],[-97.68791,30.24035],[-97.69038,30.24235],[-97.69128,30.24518],[-97.68246,30.24629]]]}},{"type":"Feature","properties":{"zcta":"78656","d":88},"geometry":{"type":"Polygon","coordinates":[[[-97.83661,29.92228],[-97.82835,29.92841],[-97.81784,29.93443],[-97.80988,29.93791],[-97.80744,29.93257],[-97.80545,29.9334],[-97.80258,29.92872],[-97.79959,29.93114],[-97.80745,29.93934],[-97.80345,29.94124],[-97.79307,29.94483],[-97.78977,29.94661],[-97.78597,29.94464],[-97.784,29.94587],[-97.78749,29.94903],[-97.77828,29.95006],[-97.77979,29.95206],[-97.77092,29.95402],[-97.76952,29.9469],[-97.75769,29.94866],[-97.75884,29.95447],[-97.75274,29.95553],[-97.75235,29.95358],[-97.7472,29.9543],[-97.74534,29.94693],[-97.75225,29.94137],[-97.7622,29.93229],[-97.78716,29.91382],[-97.78326,29.90926],[-97.7809,29.90449],[-97.77782,29.9029],[-97.77673,29.90125],[-97.77048,29.90293],[-97.76889,29.90142],[-97.76728,29.90217],[-97.76448,29.9005],[-97.76351,29.89831],[-97.75978,29.89762],[-97.75517,29.89242],[-97.74849,29.88904],[-97.74668,29.8859],[-97.74391,29.88416],[-97.74873,29.88269],[-97.74038,29.87058],[-97.76454,29.87197],[-97.78969,29.87287],[-97.80699,29.85987],[-97.81325,29.86616],[-97.80267,29.87315],[-97.80283,29.87332],[-97.83613,29.87453],[-97.84276,29.86943],[-97.84213,29.86733],[-97.84695,29.86374],[-97.84808,29.86485],[-97.85355,29.85937],[-97.85592,29.86169],[-97.86001,29.86756],[-97.86536,29.86331],[-97.86735,29.86418],[-97.85626,29.87243],[-97.85905,29.8752],[-97.85267,29.87509],[-97.84859,29.87812],[-97.85172,29.88124],[-97.85312,29.88011],[-97.8571,29.88046],[-97.85702,29.88274],[-97.86097,29.8869],[-97.86257,29.88602],[-97.86635,29.88805],[-97.87271,29.88788],[-97.87598,29.88837],[-97.87879,29.88747],[-97.88309,29.88451],[-97.88863,29.88458],[-97.89016,29.88632],[-97.87745,29.89642],[-97.8809,29.89963],[-97.8819,29.89877],[-97.88462,29.90109],[-97.87684,29.90808],[-97.86966,29.90173],[-97.86363,29.90598],[-97.86706,29.90904],[-97.86616,29.91517],[-97.86807,29.91685],[-97.86608,29.91879],[-97.86325,29.91944],[-97.8588,29.9157],[-97.85675,29.91726],[-97.85375,29.91489],[-97.85176,29.91605],[-97.84918,29.916],[-97.83661,29.92228]]]}},{"type":"Feature","properties":{"zcta":"78660","d":1258},"geometry":{"type":"Polygon","coordinates":[[[-97.66631,30.45252],[-97.66653,30.45622],[-97.67071,30.46988],[-97.66867,30.46963],[-97.6659,30.46169],[-97.65979,30.46039],[-97.65951,30.46189],[-97.6506,30.45758],[-97.64631,30.46314],[-97.64748,30.46766],[-97.64421,30.46655],[-97.64281,30.46878],[-97.64282,30.47086],[-97.646,30.47214],[-97.64123,30.47233],[-97.6435,30.47815],[-97.64152,30.48183],[-97.6356,30.48089],[-97.63363,30.48401],[-97.62787,30.48527],[-97.62307,30.48786],[-97.61524,30.48792],[-97.61527,30.48955],[-97.61019,30.49],[-97.60954,30.48796],[-97.60012,30.48809],[-97.60016,30.4936],[-97.59516,30.49367],[-97.59494,30.49723],[-97.59293,30.4975],[-97.59251,30.49386],[-97.58393,30.49404],[-97.5819,30.50046],[-97.57208,30.50026],[-97.56825,30.49973],[-97.56889,30.49616],[-97.56377,30.49556],[-97.56346,30.49183],[-97.55296,30.4903],[-97.55233,30.4875],[-97.55362,30.48077],[-97.54949,30.48025],[-97.55007,30.47648],[-97.54608,30.47542],[-97.54314,30.47916],[-97.52815,30.47543],[-97.52712,30.47465],[-97.52808,30.46865],[-97.52437,30.46797],[-97.52543,30.46173],[-97.53307,30.44984],[-97.5358,30.45102],[-97.54352,30.43928],[-97.54607,30.43986],[-97.54736,30.43624],[-97.55015,30.43594],[-97.55268,30.43335],[-97.55056,30.43254],[-97.55241,30.42978],[-97.5416,30.425],[-97.53865,30.42808],[-97.53286,30.42552],[-97.53196,30.42695],[-97.53063,30.42082],[-97.5265,30.41741],[-97.52673,30.41468],[-97.52316,30.41401],[-97.5266,30.40873],[-97.53688,30.41357],[-97.5404,30.407],[-97.5414,30.40748],[-97.55103,30.39202],[-97.56843,30.40046],[-97.56921,30.399],[-97.57616,30.40222],[-97.57772,30.39976],[-97.58188,30.40183],[-97.58312,30.40603],[-97.58567,30.40236],[-97.59391,30.40626],[-97.58951,30.41309],[-97.59495,30.41575],[-97.59373,30.42092],[-97.59662,30.41655],[-97.60049,30.41829],[-97.6015,30.41672],[-97.60427,30.41805],[-97.60433,30.41614],[-97.60208,30.41645],[-97.60186,30.41299],[-97.59984,30.41289],[-97.60045,30.40977],[-97.60196,30.40871],[-97.59841,30.4073],[-97.60109,30.40398],[-97.59886,30.40308],[-97.6007,30.40073],[-97.598,30.39995],[-97.59885,30.39785],[-97.59655,30.39769],[-97.59724,30.39625],[-97.59429,30.39599],[-97.60195,30.38375],[-97.60509,30.3846],[-97.60759,30.38786],[-97.60724,30.38965],[-97.60952,30.39194],[-97.61193,30.39295],[-97.61616,30.38633],[-97.62735,30.3918],[-97.62919,30.39457],[-97.63259,30.39651],[-97.63379,30.40102],[-97.63506,30.40203],[-97.6385,30.40375],[-97.63786,30.40473],[-97.6417,30.4065],[-97.64209,30.40845],[-97.64858,30.4096],[-97.65199,30.41296],[-97.64833,30.41877],[-97.64565,30.41929],[-97.64719,30.42038],[-97.64553,30.42313],[-97.64788,30.42474],[-97.6467,30.42854],[-97.64999,30.42928],[-97.65099,30.4277],[-97.65658,30.43041],[-97.65738,30.42473],[-97.65688,30.4236],[-97.65106,30.42008],[-97.65395,30.41626],[-97.65456,30.41436],[-97.65639,30.41654],[-97.66091,30.4195],[-97.66873,30.42334],[-97.66524,30.42885],[-97.67006,30.43019],[-97.67159,30.42442],[-97.66631,30.45252]]]}},{"type":"Feature","properties":{"zcta":"78662","d":17},"geometry":{"type":"Polygon","coordinates":[[[-97.51485,30.00173],[-97.50931,29.99702],[-97.50436,29.99729],[-97.50285,29.9951],[-97.50182,29.99606],[-97.49926,29.99403],[-97.49709,29.99574],[-97.49595,29.99485],[-97.49293,29.9973],[-97.48844,29.99455],[-97.48913,29.99407],[-97.48302,29.98841],[-97.47818,29.99264],[-97.48181,29.99601],[-97.47231,30.00386],[-97.4686,29.99937],[-97.46282,30.00481],[-97.4629,30.00628],[-97.46102,30.00699],[-97.45815,30.00974],[-97.45547,30.00856],[-97.45586,30.00616],[-97.43014,29.99386],[-97.42907,29.99264],[-97.43028,29.99064],[-97.42868,29.98959],[-97.42649,29.9906],[-97.42841,29.98765],[-97.42406,29.99073],[-97.42206,29.99115],[-97.41937,29.98957],[-97.41872,29.99043],[-97.41404,29.98807],[-97.41064,29.99318],[-97.40815,29.99794],[-97.40704,29.99753],[-97.40525,30.00185],[-97.39948,29.99858],[-97.39506,29.99712],[-97.39108,29.99502],[-97.3921,29.99314],[-97.38642,29.9901],[-97.38501,29.99187],[-97.37402,29.98663],[-97.37558,29.98411],[-97.37301,29.98273],[-97.37478,29.98032],[-97.36279,29.97461],[-97.36169,29.97624],[-97.35292,29.97195],[-97.35112,29.97549],[-97.34281,29.97151],[-97.344,29.96783],[-97.34547,29.96735],[-97.34822,29.96853],[-97.34514,29.96492],[-97.34278,29.95905],[-97.34043,29.95518],[-97.34293,29.95573],[-97.34333,29.95452],[-97.35208,29.95872],[-97.35323,29.95465],[-97.35579,29.95174],[-97.3527,29.95107],[-97.35295,29.94802],[-97.35061,29.94639],[-97.35123,29.94055],[-97.35405,29.9393],[-97.35691,29.93699],[-97.36184,29.93662],[-97.36691,29.93497],[-97.36336,29.93087],[-97.35982,29.92863],[-97.36164,29.92678],[-97.36705,29.91812],[-97.37054,29.91976],[-97.37014,29.921],[-97.37343,29.9221],[-97.38357,29.92703],[-97.38303,29.92497],[-97.3865,29.92162],[-97.39108,29.91935],[-97.39198,29.91705],[-97.39136,29.9136],[-97.3948,29.91198],[-97.39718,29.9119],[-97.39781,29.90894],[-97.39696,29.90703],[-97.39847,29.90534],[-97.39934,29.90087],[-97.40077,29.90073],[-97.40582,29.89505],[-97.40785,29.89521],[-97.4113,29.89321],[-97.4117,29.89197],[-97.41595,29.89188],[-97.41868,29.88989],[-97.42008,29.88576],[-97.42594,29.87922],[-97.42068,29.87476],[-97.43219,29.8563],[-97.44579,29.86318],[-97.45158,29.86675],[-97.44834,29.87196],[-97.47538,29.88506],[-97.4799,29.87766],[-97.48496,29.87993],[-97.48739,29.87349],[-97.48852,29.87202],[-97.49175,29.8737],[-97.49124,29.87465],[-97.50316,29.88046],[-97.50018,29.88547],[-97.49896,29.88503],[-97.4969,29.8883],[-97.49911,29.89121],[-97.49793,29.89297],[-97.49983,29.894],[-97.49766,29.89826],[-97.49078,29.90902],[-97.4878,29.9125],[-97.48005,29.92479],[-97.4903,29.93345],[-97.51723,29.91456],[-97.5175,29.91499],[-97.51336,29.9205],[-97.51551,29.92172],[-97.50441,29.93878],[-97.50444,29.94095],[-97.50581,29.94053],[-97.51812,29.93407],[-97.52395,29.92968],[-97.51819,29.93846],[-97.5282,29.9418],[-97.5294,29.94569],[-97.52939,29.94921],[-97.53082,29.95312],[-97.5329,29.95624],[-97.5287,29.96286],[-97.52576,29.96062],[-97.5239,29.96168],[-97.50719,29.97648],[-97.51682,29.9805],[-97.53253,29.983],[-97.52705,29.99083],[-97.51537,30.00127],[-97.51485,30.00173]]]}},{"type":"Feature","properties":{"zcta":"78664","d":1687},"geometry":{"type":"Polygon","coordinates":[[[-97.69199,30.5534],[-97.69164,30.54761],[-97.69193,30.54015],[-97.68888,30.54087],[-97.68789,30.53604],[-97.68475,30.53714],[-97.68179,30.53626],[-97.67851,30.54127],[-97.67475,30.54113],[-97.67361,30.53827],[-97.65959,30.54001],[-97.65597,30.54166],[-97.6523,30.54092],[-97.65289,30.53827],[-97.65165,30.53831],[-97.65035,30.54302],[-97.65218,30.53327],[-97.65225,30.52869],[-97.65569,30.52114],[-97.65551,30.51785],[-97.65394,30.51808],[-97.65551,30.51398],[-97.65301,30.51387],[-97.64725,30.51544],[-97.64493,30.51001],[-97.64453,30.50454],[-97.64535,30.50175],[-97.64526,30.49631],[-97.622,30.49665],[-97.6161,30.4974],[-97.61616,30.50009],[-97.61334,30.50069],[-97.61618,30.50149],[-97.61625,30.50427],[-97.6134,30.50427],[-97.61354,30.51063],[-97.61642,30.51056],[-97.61651,30.51539],[-97.61377,30.51539],[-97.61396,30.52936],[-97.61453,30.53167],[-97.61092,30.53246],[-97.60125,30.53353],[-97.59245,30.53518],[-97.58872,30.53545],[-97.58856,30.53147],[-97.58987,30.53093],[-97.58682,30.52945],[-97.58446,30.52583],[-97.58872,30.52655],[-97.59116,30.52492],[-97.59193,30.52255],[-97.59036,30.51988],[-97.58984,30.49879],[-97.58879,30.49792],[-97.59293,30.4975],[-97.59494,30.49723],[-97.59516,30.49367],[-97.60016,30.4936],[-97.60012,30.48809],[-97.60954,30.48796],[-97.61019,30.49],[-97.61527,30.48955],[-97.61524,30.48792],[-97.62307,30.48786],[-97.62787,30.48527],[-97.63363,30.48401],[-97.6356,30.48089],[-97.64152,30.48183],[-97.6435,30.47815],[-97.64123,30.47233],[-97.646,30.47214],[-97.64282,30.47086],[-97.64281,30.46878],[-97.64421,30.46655],[-97.64748,30.46766],[-97.64631,30.46314],[-97.6506,30.45758],[-97.65951,30.46189],[-97.65979,30.46039],[-97.6659,30.46169],[-97.66867,30.46963],[-97.67071,30.46988],[-97.67424,30.48079],[-97.67857,30.49429],[-97.68404,30.50422],[-97.68712,30.51308],[-97.69157,30.53171],[-97.69222,30.53536],[-97.6926,30.55371],[-97.69199,30.5534]]]}},{"type":"Feature","properties":{"zcta":"78681","d":1166},"geometry":{"type":"Polygon","coordinates":[[[-97.75958,30.55582],[-97.75871,30.55368],[-97.75703,30.55813],[-97.75466,30.55964],[-97.75499,30.56219],[-97.75127,30.5634],[-97.75616,30.57625],[-97.74586,30.57936],[-97.74789,30.58448],[-97.74185,30.5864],[-97.73885,30.58862],[-97.73644,30.58749],[-97.73229,30.58865],[-97.73097,30.58725],[-97.72794,30.58678],[-97.72733,30.58487],[-97.72471,30.58659],[-97.72199,30.58524],[-97.72051,30.58106],[-97.71648,30.57994],[-97.71456,30.57792],[-97.71053,30.57692],[-97.70906,30.57535],[-97.70575,30.57377],[-97.70468,30.57418],[-97.70302,30.5719],[-97.69346,30.57515],[-97.69458,30.57725],[-97.69346,30.57958],[-97.69279,30.58821],[-97.69061,30.59568],[-97.68733,30.60417],[-97.68646,30.60765],[-97.68711,30.60314],[-97.69044,30.59504],[-97.69262,30.58703],[-97.693,30.58294],[-97.69285,30.57122],[-97.6926,30.55371],[-97.69222,30.53536],[-97.69157,30.53171],[-97.68712,30.51308],[-97.68404,30.50422],[-97.67857,30.49429],[-97.67424,30.48079],[-97.68289,30.48007],[-97.685,30.47896],[-97.68567,30.47703],[-97.69062,30.47231],[-97.69305,30.4748],[-97.69392,30.47767],[-97.70134,30.47648],[-97.70548,30.47724],[-97.70323,30.48069],[-97.70396,30.48117],[-97.70792,30.49127],[-97.70494,30.49185],[-97.70603,30.49456],[-97.70475,30.49506],[-97.70579,30.49817],[-97.70793,30.4975],[-97.70875,30.50118],[-97.70328,30.50312],[-97.70369,30.50521],[-97.70034,30.50625],[-97.70175,30.51245],[-97.70344,30.51235],[-97.71339,30.50897],[-97.71646,30.50679],[-97.72175,30.49905],[-97.71751,30.49644],[-97.71654,30.4926],[-97.71957,30.48752],[-97.72151,30.48909],[-97.72315,30.49199],[-97.7257,30.49367],[-97.7299,30.49527],[-97.73672,30.49552],[-97.74006,30.4988],[-97.74077,30.50126],[-97.73813,30.50593],[-97.73702,30.51042],[-97.74045,30.51057],[-97.74176,30.51381],[-97.73732,30.51521],[-97.73902,30.51967],[-97.74544,30.51918],[-97.74789,30.5205],[-97.74916,30.52411],[-97.75147,30.52719],[-97.75598,30.52933],[-97.76315,30.53146],[-97.76283,30.53604],[-97.76491,30.54076],[-97.75996,30.54283],[-97.76276,30.54972],[-97.76498,30.55275],[-97.75958,30.55582]]]}},{"type":"Feature","properties":{"zcta":"78701","d":4537},"geometry":{"type":"Polygon","coordinates":[[[-97.75043,30.28056],[-97.75076,30.28195],[-97.75212,30.28361],[-97.74673,30.2831],[-97.73571,30.27998],[-97.73601,30.27599],[-97.73152,30.27473],[-97.73655,30.26121],[-97.73727,30.25733],[-97.73599,30.25061],[-97.73785,30.25152],[-97.74098,30.25479],[-97.74281,30.25971],[-97.74433,30.26119],[-97.75204,30.26419],[-97.75118,30.26528],[-97.75384,30.26609],[-97.75159,30.26757],[-97.75059,30.2703],[-97.752,30.27422],[-97.75017,30.27649],[-97.75091,30.28],[-97.75043,30.28056]]]}},{"type":"Feature","properties":{"zcta":"78703","d":1950},"geometry":{"type":"Polygon","coordinates":[[[-97.77383,30.3126],[-97.76904,30.31453],[-97.76728,30.31361],[-97.764,30.3187],[-97.7687,30.32105],[-97.76378,30.32735],[-97.76012,30.32555],[-97.75865,30.326],[-97.75705,30.32407],[-97.75633,30.31853],[-97.75764,30.30904],[-97.75449,30.30905],[-97.75041,30.30716],[-97.748,30.30722],[-97.74759,30.30562],[-97.75009,30.30267],[-97.74711,30.29948],[-97.74992,30.29795],[-97.74739,30.29277],[-97.751,30.29201],[-97.75331,30.28869],[-97.75448,30.28452],[-97.7513,30.28242],[-97.75091,30.28],[-97.75017,30.27649],[-97.752,30.27422],[-97.75059,30.2703],[-97.75159,30.26757],[-97.75384,30.26609],[-97.75118,30.26528],[-97.75204,30.26419],[-97.76066,30.26753],[-97.76968,30.27162],[-97.77256,30.27465],[-97.77948,30.27977],[-97.78427,30.28431],[-97.78537,30.28642],[-97.78588,30.29127],[-97.78592,30.29751],[-97.77788,30.30831],[-97.77588,30.31361],[-97.77383,30.3126]]]}},{"type":"Feature","properties":{"zcta":"78712","d":0},"geometry":{"type":"Polygon","coordinates":[[[-97.7274,30.28308],[-97.72603,30.28314],[-97.72539,30.28019],[-97.72514,30.27911],[-97.73005,30.27851],[-97.73152,30.27473],[-97.73601,30.27599],[-97.73571,30.27998],[-97.73355,30.28085],[-97.73405,30.28321],[-97.73353,30.28706],[-97.73702,30.28735],[-97.73743,30.28347],[-97.74191,30.2838],[-97.74135,30.28981],[-97.73953,30.28754],[-97.73893,30.29182],[-97.73658,30.29165],[-97.73602,30.29318],[-97.7341,30.28818],[-97.73092,30.28921],[-97.72508,30.28656],[-97.7274,30.28308]]]}},{"type":"Feature","properties":{"zcta":"78730","d":304},"geometry":{"type":"Polygon","coordinates":[[[-97.85206,30.4029],[-97.85031,30.40363],[-97.84738,30.39912],[-97.84497,30.3989],[-97.84547,30.39454],[-97.84442,30.39378],[-97.84098,30.39537],[-97.8366,30.39585],[-97.83904,30.39221],[-97.83519,30.39209],[-97.83423,30.39403],[-97.83121,30.39489],[-97.83094,30.39181],[-97.82731,30.38982],[-97.81825,30.38342],[-97.81798,30.38558],[-97.81028,30.3852],[-97.80767,30.38926],[-97.80713,30.38666],[-97.80431,30.38474],[-97.80368,30.37924],[-97.80466,30.37651],[-97.80428,30.37366],[-97.80082,30.36806],[-97.79751,30.36585],[-97.79266,30.35981],[-97.79135,30.35929],[-97.79683,30.34999],[-97.80238,30.35217],[-97.80694,30.3515],[-97.80951,30.34915],[-97.81244,30.34414],[-97.82566,30.32907],[-97.83064,30.32523],[-97.83588,30.32392],[-97.83989,30.32435],[-97.84267,30.32622],[-97.84436,30.33091],[-97.84445,30.33626],[-97.84519,30.3404],[-97.84746,30.34671],[-97.85063,30.35129],[-97.85719,30.3547],[-97.86197,30.35427],[-97.87442,30.34617],[-97.88038,30.34405],[-97.89449,30.3417],[-97.89691,30.3409],[-97.89814,30.34159],[-97.88918,30.34389],[-97.8896,30.34663],[-97.88301,30.35586],[-97.87943,30.36008],[-97.88405,30.36235],[-97.87827,30.37112],[-97.8742,30.3707],[-97.87243,30.36932],[-97.87029,30.37179],[-97.87393,30.37437],[-97.86365,30.38567],[-97.84933,30.39438],[-97.85157,30.39632],[-97.84948,30.39735],[-97.85402,30.40378],[-97.85206,30.4029]]]}},{"type":"Feature","properties":{"zcta":"78734","d":554},"geometry":{"type":"Polygon","coordinates":[[[-97.99863,30.37447],[-97.99149,30.37723],[-97.98959,30.37747],[-97.98155,30.3843],[-97.97805,30.38842],[-97.97453,30.39128],[-97.96852,30.39397],[-97.94619,30.3938],[-97.944,30.39466],[-97.94126,30.3987],[-97.94056,30.4009],[-97.94083,30.40417],[-97.94234,30.40804],[-97.95125,30.41978],[-97.95216,30.42396],[-97.95122,30.429],[-97.94888,30.43249],[-97.94677,30.43418],[-97.93866,30.43732],[-97.93139,30.43724],[-97.92669,30.43618],[-97.91998,30.43297],[-97.91546,30.42951],[-97.91302,30.42631],[-97.91109,30.42222],[-97.90654,30.41169],[-97.90084,30.40076],[-97.89943,30.39524],[-97.89998,30.39424],[-97.90539,30.39278],[-97.91109,30.39049],[-97.91342,30.38823],[-97.91448,30.38478],[-97.91432,30.3757],[-97.91352,30.36264],[-97.91679,30.3544],[-97.93405,30.33645],[-97.93623,30.33658],[-97.93671,30.33918],[-97.93874,30.33778],[-97.9407,30.33917],[-97.94352,30.33937],[-97.94624,30.34224],[-97.94876,30.34232],[-97.95109,30.3441],[-97.95319,30.34275],[-97.95579,30.34319],[-97.95818,30.34205],[-97.96264,30.33715],[-97.96138,30.33327],[-97.96522,30.33173],[-97.9666,30.33005],[-97.96891,30.33454],[-97.97043,30.33436],[-97.97037,30.3388],[-97.96865,30.3409],[-97.9731,30.34337],[-97.97487,30.34162],[-97.97462,30.33947],[-97.97821,30.34031],[-97.97678,30.34576],[-97.97688,30.35143],[-97.9798,30.35191],[-97.97953,30.35371],[-97.98256,30.35511],[-97.98256,30.35737],[-97.98599,30.3554],[-97.98934,30.35591],[-97.99167,30.35263],[-97.99394,30.35156],[-97.99532,30.35222],[-97.99618,30.35664],[-97.99958,30.36043],[-98.00322,30.35855],[-98.00173,30.35611],[-98.00539,30.35804],[-98.00487,30.35547],[-98.00842,30.35884],[-98.00808,30.36068],[-98.01055,30.36534],[-98.01362,30.36677],[-98.01481,30.37048],[-98.00911,30.37116],[-97.99863,30.37447]]]}},{"type":"Feature","properties":{"zcta":"78737","d":273},"geometry":{"type":"Polygon","coordinates":[[[-98.02268,30.23566],[-98.0195,30.23659],[-98.01375,30.2363],[-98.01292,30.23853],[-98.01083,30.24034],[-98.00499,30.23412],[-98.00216,30.23262],[-97.9999,30.23251],[-97.98259,30.22015],[-97.98153,30.22529],[-97.9779,30.22429],[-97.97294,30.22],[-97.9715,30.22223],[-97.96725,30.2201],[-97.9633,30.22617],[-97.95911,30.2246],[-97.95591,30.22199],[-97.95932,30.21982],[-97.9569,30.21815],[-97.95397,30.21762],[-97.95222,30.2203],[-97.95331,30.22331],[-97.93812,30.2296],[-97.92598,30.23197],[-97.92957,30.22613],[-97.92486,30.22397],[-97.91848,30.22346],[-97.91966,30.22563],[-97.92058,30.23184],[-97.92137,30.23277],[-97.91217,30.23441],[-97.90936,30.23444],[-97.89421,30.22994],[-97.8883,30.2292],[-97.8926,30.222],[-97.89433,30.21829],[-97.89292,30.21246],[-97.88689,30.20537],[-97.88879,30.20238],[-97.89216,30.19703],[-97.90052,30.2011],[-97.90274,30.1977],[-97.90506,30.19897],[-97.90654,30.19686],[-97.911,30.19561],[-97.91397,30.1971],[-97.91511,30.20113],[-97.914,30.20311],[-97.91594,30.20377],[-97.91797,30.20287],[-97.9241,30.19367],[-97.9264,30.19086],[-97.92886,30.1862],[-97.92888,30.17639],[-97.92807,30.17304],[-97.9243,30.17281],[-97.91785,30.16526],[-97.91862,30.16312],[-97.91867,30.15781],[-97.91551,30.15487],[-97.95663,30.12081],[-97.95653,30.12852],[-97.97205,30.12876],[-97.97226,30.15144],[-97.97716,30.15072],[-97.98599,30.14685],[-97.99057,30.1488],[-97.99348,30.15105],[-97.99527,30.15375],[-98.00878,30.15347],[-98.00898,30.15507],[-98.00845,30.16672],[-98.005,30.17224],[-98.00298,30.17664],[-98.00073,30.18599],[-98.0001,30.19004],[-97.99723,30.19241],[-97.99739,30.19684],[-98.00108,30.19637],[-98.00868,30.19641],[-98.01277,30.19683],[-98.01634,30.20713],[-98.01949,30.20837],[-98.02252,30.21065],[-98.02371,30.21448],[-98.02489,30.21579],[-98.02696,30.22226],[-98.03013,30.22222],[-98.03032,30.22622],[-98.03462,30.22756],[-98.03668,30.22706],[-98.03754,30.22909],[-98.03513,30.23175],[-98.03266,30.23245],[-98.03335,30.2354],[-98.03256,30.23704],[-98.02797,30.2378],[-98.02499,30.23672],[-98.02268,30.23566]]]}},{"type":"Feature","properties":{"zcta":"78747","d":531},"geometry":{"type":"Polygon","coordinates":[[[-97.79591,30.14006],[-97.7915,30.15282],[-97.78988,30.1575],[-97.78644,30.15594],[-97.78418,30.15666],[-97.78237,30.1543],[-97.78038,30.15504],[-97.77842,30.1574],[-97.77528,30.15746],[-97.77294,30.15425],[-97.76481,30.15189],[-97.76194,30.15655],[-97.76034,30.15617],[-97.75914,30.15826],[-97.75643,30.1586],[-97.75239,30.15783],[-97.74922,30.15621],[-97.7486,30.15729],[-97.75171,30.15886],[-97.75058,30.1605],[-97.74605,30.15849],[-97.74163,30.16555],[-97.73626,30.16274],[-97.73597,30.15894],[-97.73476,30.1575],[-97.72816,30.15438],[-97.73013,30.15134],[-97.7245,30.14863],[-97.72529,30.14657],[-97.72357,30.14552],[-97.72434,30.14311],[-97.72212,30.13865],[-97.71928,30.14281],[-97.71753,30.142],[-97.71942,30.13895],[-97.71872,30.137],[-97.71605,30.13577],[-97.71483,30.13692],[-97.71657,30.13211],[-97.71019,30.12898],[-97.69974,30.14559],[-97.69673,30.14419],[-97.69136,30.14184],[-97.68835,30.14275],[-97.67872,30.13829],[-97.6844,30.12939],[-97.68697,30.129],[-97.68939,30.12667],[-97.69383,30.12879],[-97.69521,30.12663],[-97.69079,30.12446],[-97.69302,30.121],[-97.69375,30.11745],[-97.69246,30.11678],[-97.69506,30.1154],[-97.69437,30.10203],[-97.69322,30.10323],[-97.68592,30.09637],[-97.69318,30.08963],[-97.69296,30.08207],[-97.69335,30.08107],[-97.69819,30.08031],[-97.71044,30.08245],[-97.72483,30.08117],[-97.72862,30.0814],[-97.73522,30.08396],[-97.73505,30.0856],[-97.73192,30.0859],[-97.72948,30.08757],[-97.72726,30.08423],[-97.72177,30.08242],[-97.71805,30.08513],[-97.71302,30.08676],[-97.71146,30.08845],[-97.71484,30.08866],[-97.71058,30.09548],[-97.72349,30.10155],[-97.7252,30.09959],[-97.71818,30.09625],[-97.72292,30.08885],[-97.73227,30.09359],[-97.72638,30.10292],[-97.7309,30.10558],[-97.72784,30.11029],[-97.73093,30.11194],[-97.73267,30.10969],[-97.73809,30.11227],[-97.74439,30.11425],[-97.74539,30.11192],[-97.74861,30.11356],[-97.74927,30.1115],[-97.75626,30.1004],[-97.78179,30.11265],[-97.79198,30.1128],[-97.80435,30.11863],[-97.79591,30.14006]]]}},{"type":"Feature","properties":{"zcta":"78748","d":2168},"geometry":{"type":"Polygon","coordinates":[[[-97.85932,30.17846],[-97.85324,30.17824],[-97.84235,30.19534],[-97.83342,30.19096],[-97.83047,30.19004],[-97.82746,30.18798],[-97.82535,30.19033],[-97.82291,30.18836],[-97.8155,30.18557],[-97.79922,30.18576],[-97.79437,30.18537],[-97.79264,30.18294],[-97.78198,30.1834],[-97.78528,30.17295],[-97.78964,30.17431],[-97.79096,30.16726],[-97.78625,30.16698],[-97.78931,30.16015],[-97.7915,30.15282],[-97.79591,30.14006],[-97.80435,30.11863],[-97.80687,30.11247],[-97.81325,30.09868],[-97.82077,30.1041],[-97.81863,30.10396],[-97.81771,30.10237],[-97.8146,30.10191],[-97.8114,30.10632],[-97.81174,30.12544],[-97.81249,30.12761],[-97.81041,30.13325],[-97.80708,30.13285],[-97.80637,30.13536],[-97.80155,30.14283],[-97.80824,30.1445],[-97.81082,30.14461],[-97.81319,30.14218],[-97.81896,30.14187],[-97.82323,30.1407],[-97.83779,30.14045],[-97.84699,30.14444],[-97.84661,30.14103],[-97.85072,30.13959],[-97.8574,30.14122],[-97.86095,30.14316],[-97.86208,30.14599],[-97.86,30.1457],[-97.85874,30.14719],[-97.85486,30.14848],[-97.85758,30.15386],[-97.85989,30.15713],[-97.86015,30.16846],[-97.85778,30.17109],[-97.85499,30.17541],[-97.85932,30.17574],[-97.8584,30.17738],[-97.85932,30.17846]]]}},{"type":"Feature","properties":{"zcta":"78754","d":1124},"geometry":{"type":"Polygon","coordinates":[[[-97.63506,30.40203],[-97.63708,30.39841],[-97.63406,30.39683],[-97.63142,30.3919],[-97.62848,30.3904],[-97.6259,30.38689],[-97.62694,30.38671],[-97.62391,30.38301],[-97.62168,30.38271],[-97.6219,30.3806],[-97.6261,30.37453],[-97.62432,30.37361],[-97.6272,30.36953],[-97.63077,30.36015],[-97.63556,30.35584],[-97.63386,30.3543],[-97.63297,30.35137],[-97.62358,30.3468],[-97.61911,30.35367],[-97.62287,30.35545],[-97.61866,30.36204],[-97.62119,30.36501],[-97.6199,30.36521],[-97.62372,30.36818],[-97.61778,30.37583],[-97.61445,30.37429],[-97.61356,30.37702],[-97.61092,30.3758],[-97.60848,30.37801],[-97.61205,30.37212],[-97.61303,30.3686],[-97.60716,30.36719],[-97.60498,30.36566],[-97.60313,30.36848],[-97.59778,30.36593],[-97.59326,30.37287],[-97.58809,30.37047],[-97.58365,30.36977],[-97.58479,30.36466],[-97.58806,30.3593],[-97.59042,30.36071],[-97.59224,30.36012],[-97.59478,30.3611],[-97.59667,30.35976],[-97.5981,30.36043],[-97.60225,30.36035],[-97.60009,30.35653],[-97.59802,30.35496],[-97.60226,30.34837],[-97.59776,30.34616],[-97.59353,30.35268],[-97.59539,30.345],[-97.59382,30.34424],[-97.59174,30.34041],[-97.59947,30.33747],[-97.60441,30.33561],[-97.60941,30.33458],[-97.61016,30.33546],[-97.61476,30.3367],[-97.61677,30.33875],[-97.61672,30.34167],[-97.62215,30.33341],[-97.62322,30.33093],[-97.62635,30.33163],[-97.62549,30.33293],[-97.62744,30.33383],[-97.62896,30.33148],[-97.64407,30.33042],[-97.644,30.32954],[-97.66588,30.32769],[-97.67323,30.32572],[-97.67829,30.32925],[-97.67583,30.33319],[-97.6782,30.33419],[-97.68015,30.33347],[-97.68605,30.33311],[-97.68332,30.33734],[-97.68727,30.33926],[-97.68483,30.34225],[-97.68256,30.34627],[-97.67968,30.34463],[-97.68013,30.34645],[-97.67583,30.35393],[-97.67443,30.35344],[-97.66862,30.36247],[-97.66879,30.36783],[-97.66582,30.37246],[-97.66109,30.37486],[-97.65871,30.37736],[-97.6597,30.37815],[-97.65603,30.3797],[-97.65273,30.38191],[-97.64946,30.38519],[-97.64439,30.39475],[-97.6385,30.40375],[-97.63506,30.40203]],[[-97.60714,30.34089],[-97.60231,30.34827],[-97.60586,30.35008],[-97.61061,30.34263],[-97.60714,30.34089]]]}},{"type":"Feature","properties":{"zcta":"78717","d":1334},"geometry":{"type":"Polygon","coordinates":[[[-97.73902,30.51967],[-97.73732,30.51521],[-97.74176,30.51381],[-97.74045,30.51057],[-97.73702,30.51042],[-97.73813,30.50593],[-97.74077,30.50126],[-97.74006,30.4988],[-97.73672,30.49552],[-97.7299,30.49527],[-97.7257,30.49367],[-97.72315,30.49199],[-97.72151,30.48909],[-97.71957,30.48752],[-97.71654,30.4926],[-97.71751,30.49644],[-97.72175,30.49905],[-97.71646,30.50679],[-97.71339,30.50897],[-97.70344,30.51235],[-97.70175,30.51245],[-97.70034,30.50625],[-97.70369,30.50521],[-97.70328,30.50312],[-97.70875,30.50118],[-97.70793,30.4975],[-97.70579,30.49817],[-97.70475,30.49506],[-97.70603,30.49456],[-97.70494,30.49185],[-97.70792,30.49127],[-97.70396,30.48117],[-97.70323,30.48069],[-97.70548,30.47724],[-97.71529,30.46205],[-97.71793,30.4584],[-97.72115,30.45584],[-97.71974,30.47081],[-97.72052,30.47268],[-97.72421,30.47548],[-97.73127,30.47692],[-97.73826,30.47608],[-97.74236,30.47482],[-97.74906,30.47397],[-97.7531,30.47465],[-97.76053,30.47732],[-97.76962,30.47441],[-97.78061,30.47304],[-97.78992,30.47018],[-97.78756,30.46691],[-97.78921,30.46382],[-97.79203,30.46659],[-97.79526,30.46562],[-97.79702,30.46816],[-97.79895,30.47294],[-97.79389,30.47531],[-97.79548,30.48017],[-97.80253,30.47985],[-97.8047,30.48396],[-97.80493,30.48663],[-97.80712,30.48592],[-97.80819,30.48835],[-97.8065,30.4896],[-97.80901,30.49196],[-97.80696,30.49236],[-97.80545,30.49565],[-97.80077,30.49726],[-97.7975,30.49979],[-97.79588,30.50278],[-97.7899,30.50578],[-97.78268,30.50361],[-97.77681,30.50362],[-97.77422,30.50616],[-97.77066,30.50557],[-97.76421,30.50887],[-97.75929,30.50863],[-97.75774,30.50917],[-97.75589,30.51271],[-97.7486,30.51686],[-97.74544,30.51918],[-97.73902,30.51967]]]}},{"type":"Feature","properties":{"zcta":"78719","d":44},"geometry":{"type":"Polygon","coordinates":[[[-97.67967,30.22333],[-97.67661,30.22235],[-97.66892,30.21862],[-97.66034,30.21383],[-97.6419,30.20455],[-97.6444,30.20265],[-97.64564,30.20369],[-97.65162,30.19843],[-97.64669,30.19433],[-97.64768,30.19187],[-97.64576,30.18329],[-97.64762,30.17835],[-97.65172,30.173],[-97.65932,30.16736],[-97.6635,30.17034],[-97.66373,30.16788],[-97.66066,30.1663],[-97.66906,30.15351],[-97.67053,30.15287],[-97.67179,30.14933],[-97.66918,30.14821],[-97.67046,30.14586],[-97.67257,30.14426],[-97.66478,30.14042],[-97.66629,30.1371],[-97.66655,30.13442],[-97.66546,30.1304],[-97.66165,30.12446],[-97.66041,30.12113],[-97.66041,30.11789],[-97.65855,30.11657],[-97.654,30.1153],[-97.64966,30.11326],[-97.65049,30.11071],[-97.65674,30.10053],[-97.65573,30.09942],[-97.66032,30.09532],[-97.65567,30.09141],[-97.65083,30.09541],[-97.64472,30.09025],[-97.64647,30.08778],[-97.63873,30.08167],[-97.64139,30.07825],[-97.63921,30.07829],[-97.64937,30.06794],[-97.65369,30.07156],[-97.66628,30.08203],[-97.669,30.07959],[-97.66896,30.0842],[-97.67168,30.08642],[-97.67408,30.08192],[-97.67863,30.08239],[-97.6829,30.08191],[-97.69017,30.0757],[-97.69117,30.0755],[-97.69131,30.06604],[-97.69071,30.05615],[-97.69205,30.05602],[-97.69282,30.06322],[-97.69335,30.08107],[-97.69296,30.08207],[-97.69318,30.08963],[-97.68592,30.09637],[-97.69322,30.10323],[-97.69437,30.10203],[-97.69506,30.1154],[-97.69246,30.11678],[-97.69375,30.11745],[-97.69302,30.121],[-97.69079,30.12446],[-97.69521,30.12663],[-97.69383,30.12879],[-97.68939,30.12667],[-97.68697,30.129],[-97.6844,30.12939],[-97.67872,30.13829],[-97.68835,30.14275],[-97.69136,30.14184],[-97.69673,30.14419],[-97.69667,30.15144],[-97.69265,30.15704],[-97.69424,30.15988],[-97.68992,30.17367],[-97.68922,30.17669],[-97.68739,30.17821],[-97.68264,30.17515],[-97.68271,30.17848],[-97.68775,30.183],[-97.68529,30.19185],[-97.68375,30.20163],[-97.68341,30.20995],[-97.68331,30.2217],[-97.67967,30.22333]]]}},{"type":"Feature","properties":{"zcta":"78723","d":2410},"geometry":{"type":"Polygon","coordinates":[[[-97.70943,30.31135],[-97.7079,30.31522],[-97.70686,30.3222],[-97.69849,30.32222],[-97.69805,30.32391],[-97.69525,30.32445],[-97.69414,30.32295],[-97.68908,30.32149],[-97.68429,30.32197],[-97.6825,30.32451],[-97.68089,30.3232],[-97.67323,30.32572],[-97.66652,30.32064],[-97.66302,30.3161],[-97.66071,30.30514],[-97.66084,30.30262],[-97.66526,30.28562],[-97.67251,30.28681],[-97.68263,30.28586],[-97.69609,30.28373],[-97.69804,30.28412],[-97.70171,30.28291],[-97.70394,30.28257],[-97.70631,30.28627],[-97.70715,30.2892],[-97.70537,30.28929],[-97.7013,30.28754],[-97.69857,30.28909],[-97.69879,30.29012],[-97.70353,30.28975],[-97.70739,30.29131],[-97.70831,30.2969],[-97.70974,30.29879],[-97.70921,30.30264],[-97.71242,30.30649],[-97.70943,30.31135]]]}},{"type":"Feature","properties":{"zcta":"78741","d":2870},"geometry":{"type":"Polygon","coordinates":[[[-97.72978,30.24811],[-97.72376,30.2466],[-97.71351,30.25043],[-97.70528,30.25061],[-97.70188,30.2502],[-97.69958,30.24691],[-97.69485,30.24532],[-97.69128,30.24518],[-97.69038,30.24235],[-97.68791,30.24035],[-97.68263,30.23123],[-97.6823,30.2293],[-97.67917,30.22399],[-97.67661,30.22235],[-97.67967,30.22333],[-97.68331,30.2217],[-97.69037,30.21792],[-97.68992,30.2169],[-97.69491,30.21323],[-97.7004,30.21175],[-97.70613,30.21184],[-97.71166,30.21081],[-97.71251,30.21243],[-97.73508,30.21535],[-97.73573,30.21421],[-97.74923,30.21557],[-97.75192,30.21561],[-97.75129,30.21657],[-97.74397,30.21633],[-97.74391,30.21963],[-97.74745,30.2233],[-97.73702,30.24088],[-97.73504,30.24496],[-97.73599,30.25061],[-97.72978,30.24811]]]}},{"type":"Feature","properties":{"zcta":"78745","d":2330},"geometry":{"type":"Polygon","coordinates":[[[-97.81842,30.23264],[-97.81151,30.23301],[-97.80709,30.23157],[-97.8031,30.2322],[-97.80673,30.23274],[-97.80575,30.23749],[-97.80821,30.2385],[-97.80814,30.24046],[-97.80587,30.24292],[-97.80249,30.24469],[-97.79791,30.23552],[-97.79621,30.23334],[-97.79195,30.23127],[-97.7928,30.22991],[-97.79087,30.22899],[-97.79002,30.23035],[-97.78447,30.22775],[-97.77233,30.22753],[-97.76947,30.22652],[-97.76969,30.22368],[-97.75412,30.21623],[-97.75192,30.21561],[-97.7565,30.2082],[-97.77234,30.18815],[-97.78625,30.16698],[-97.79096,30.16726],[-97.78964,30.17431],[-97.78528,30.17295],[-97.78198,30.1834],[-97.79264,30.18294],[-97.79437,30.18537],[-97.79922,30.18576],[-97.8155,30.18557],[-97.82291,30.18836],[-97.82535,30.19033],[-97.82746,30.18798],[-97.83047,30.19004],[-97.83342,30.19096],[-97.84235,30.19534],[-97.84905,30.19726],[-97.84528,30.20216],[-97.84128,30.20023],[-97.84052,30.20175],[-97.83883,30.20086],[-97.83199,30.21139],[-97.8342,30.21127],[-97.83228,30.21343],[-97.83109,30.21282],[-97.82527,30.22216],[-97.82906,30.22372],[-97.82475,30.22989],[-97.82352,30.22927],[-97.82057,30.23377],[-97.81842,30.23264]]]}},{"type":"Feature","properties":{"zcta":"78746","d":584},"geometry":{"type":"Polygon","coordinates":[[[-97.84445,30.33626],[-97.84436,30.33091],[-97.84267,30.32622],[-97.83989,30.32435],[-97.83588,30.32392],[-97.83064,30.32523],[-97.82566,30.32907],[-97.81244,30.34414],[-97.80951,30.34915],[-97.80694,30.3515],[-97.80238,30.35217],[-97.79683,30.34999],[-97.7883,30.34356],[-97.78623,30.34092],[-97.77975,30.33054],[-97.7765,30.32384],[-97.77566,30.31803],[-97.77588,30.31361],[-97.77788,30.30831],[-97.78592,30.29751],[-97.78588,30.29127],[-97.78537,30.28642],[-97.78427,30.28431],[-97.77948,30.27977],[-97.77256,30.27465],[-97.76968,30.27162],[-97.76066,30.26753],[-97.76761,30.2641],[-97.77475,30.26366],[-97.78073,30.2626],[-97.78541,30.26061],[-97.78458,30.2581],[-97.78674,30.25685],[-97.79572,30.25343],[-97.79673,30.24829],[-97.79217,30.24783],[-97.78957,30.24646],[-97.78882,30.24365],[-97.7898,30.24214],[-97.79218,30.24184],[-97.79731,30.24489],[-97.80249,30.24469],[-97.80587,30.24292],[-97.80814,30.24046],[-97.81085,30.24068],[-97.81071,30.24317],[-97.81351,30.2512],[-97.82179,30.2566],[-97.82361,30.26035],[-97.82299,30.26423],[-97.82406,30.26829],[-97.82579,30.26995],[-97.83046,30.26994],[-97.83403,30.27395],[-97.83972,30.27565],[-97.8431,30.27313],[-97.84445,30.27389],[-97.84807,30.27894],[-97.85237,30.2819],[-97.85184,30.28441],[-97.84321,30.29057],[-97.84298,30.29214],[-97.8448,30.29284],[-97.84675,30.2912],[-97.85001,30.29149],[-97.8513,30.29333],[-97.85315,30.30213],[-97.85428,30.30465],[-97.85715,30.30449],[-97.85858,30.29832],[-97.86133,30.29675],[-97.86423,30.29947],[-97.86433,30.30296],[-97.8662,30.30593],[-97.86832,30.30674],[-97.86837,30.31032],[-97.86927,30.31204],[-97.86697,30.31758],[-97.86189,30.31816],[-97.85843,30.31578],[-97.85105,30.31266],[-97.84878,30.31082],[-97.84559,30.31012],[-97.84377,30.31339],[-97.84302,30.31719],[-97.84145,30.32048],[-97.84404,30.32405],[-97.843,30.32505],[-97.8453,30.33089],[-97.84617,30.34034],[-97.84519,30.3404],[-97.84445,30.33626]]]}},{"type":"Feature","properties":{"zcta":"78612","d":84},"geometry":{"type":"Polygon","coordinates":[[[-97.49729,30.20882],[-97.49193,30.21254],[-97.48361,30.20612],[-97.48424,30.20275],[-97.48844,30.20136],[-97.48829,30.19851],[-97.48547,30.1953],[-97.48541,30.19011],[-97.48401,30.1884],[-97.47396,30.18484],[-97.47311,30.18361],[-97.46974,30.18285],[-97.46501,30.18445],[-97.46145,30.18207],[-97.45854,30.1821],[-97.45371,30.18344],[-97.44944,30.18524],[-97.43558,30.18911],[-97.43396,30.19034],[-97.42977,30.19076],[-97.42478,30.18916],[-97.42273,30.18663],[-97.4245,30.18212],[-97.43123,30.17767],[-97.43403,30.17512],[-97.43712,30.17099],[-97.43952,30.16661],[-97.4436,30.16352],[-97.44731,30.15751],[-97.45224,30.15371],[-97.45341,30.1498],[-97.44575,30.14343],[-97.4431,30.14205],[-97.43747,30.14271],[-97.44064,30.13998],[-97.44155,30.1343],[-97.43933,30.13114],[-97.43934,30.13523],[-97.4363,30.13514],[-97.43632,30.13124],[-97.43248,30.13121],[-97.43245,30.12713],[-97.43379,30.12709],[-97.43481,30.12367],[-97.43082,30.12105],[-97.43079,30.11912],[-97.42776,30.11756],[-97.42207,30.11336],[-97.42091,30.11174],[-97.41665,30.11298],[-97.41539,30.11227],[-97.41901,30.11037],[-97.4145,30.11029],[-97.41433,30.10209],[-97.42007,30.10209],[-97.42014,30.09698],[-97.42758,30.09637],[-97.43163,30.09484],[-97.43594,30.09457],[-97.43926,30.08602],[-97.43782,30.0847],[-97.43591,30.07879],[-97.43329,30.0817],[-97.43396,30.08336],[-97.43072,30.08385],[-97.42988,30.08534],[-97.42679,30.08561],[-97.42359,30.08426],[-97.41996,30.08972],[-97.41171,30.08669],[-97.40589,30.08808],[-97.40362,30.08693],[-97.4036,30.08339],[-97.39896,30.08221],[-97.39722,30.0832],[-97.39376,30.08071],[-97.39075,30.08286],[-97.38782,30.08266],[-97.38373,30.0806],[-97.38422,30.07811],[-97.38695,30.07642],[-97.38698,30.07349],[-97.38853,30.07066],[-97.38717,30.06842],[-97.40253,30.05933],[-97.40486,30.05285],[-97.40295,30.05273],[-97.40237,30.0548],[-97.39987,30.05424],[-97.40074,30.05064],[-97.40867,30.0515],[-97.41611,30.04324],[-97.41762,30.04343],[-97.42175,30.03737],[-97.42044,30.03336],[-97.42139,30.03101],[-97.41966,30.02631],[-97.4234,30.02519],[-97.42416,30.02774],[-97.42642,30.02807],[-97.42419,30.03379],[-97.42775,30.03532],[-97.43278,30.02968],[-97.43623,30.02802],[-97.43732,30.02359],[-97.44299,30.02637],[-97.44676,30.02711],[-97.44857,30.02415],[-97.45137,30.02237],[-97.45471,30.01768],[-97.45644,30.01817],[-97.46048,30.02192],[-97.4641,30.01665],[-97.46262,30.01525],[-97.46464,30.01364],[-97.46359,30.01232],[-97.4629,30.00628],[-97.46282,30.00481],[-97.4686,29.99937],[-97.47231,30.00386],[-97.48181,29.99601],[-97.47818,29.99264],[-97.48302,29.98841],[-97.48913,29.99407],[-97.48844,29.99455],[-97.49293,29.9973],[-97.49595,29.99485],[-97.49709,29.99574],[-97.49926,29.99403],[-97.50182,29.99606],[-97.50285,29.9951],[-97.50436,29.99729],[-97.50931,29.99702],[-97.51485,30.00173],[-97.51537,30.00127],[-97.51679,30.00239],[-97.51851,30.00088],[-97.52216,30.00389],[-97.52453,30.00182],[-97.53315,30.00941],[-97.5385,30.00457],[-97.53592,30.00209],[-97.54152,29.9973],[-97.54835,30.00285],[-97.55092,30.00055],[-97.55307,30.00237],[-97.55582,30.0],[-97.56609,30.00895],[-97.56263,30.01197],[-97.55784,30.00804],[-97.55664,30.0098],[-97.56647,30.018],[-97.56628,30.0194],[-97.56256,30.02355],[-97.56304,30.02432],[-97.55681,30.03035],[-97.55577,30.02979],[-97.55224,30.03553],[-97.54853,30.03788],[-97.54487,30.03627],[-97.54232,30.03698],[-97.54114,30.03594],[-97.54047,30.04196],[-97.54172,30.04543],[-97.54318,30.04695],[-97.54591,30.04445],[-97.54861,30.0467],[-97.54575,30.04913],[-97.56816,30.06814],[-97.58383,30.08129],[-97.57885,30.08571],[-97.56448,30.08638],[-97.5552,30.09338],[-97.55675,30.10185],[-97.55777,30.10264],[-97.55669,30.10812],[-97.55471,30.10999],[-97.55467,30.11252],[-97.55238,30.11543],[-97.54943,30.11464],[-97.54567,30.11788],[-97.54086,30.11537],[-97.53325,30.12718],[-97.54211,30.13034],[-97.54566,30.13258],[-97.56038,30.13838],[-97.56237,30.13848],[-97.56424,30.13541],[-97.5672,30.13679],[-97.56551,30.13957],[-97.568,30.14146],[-97.53487,30.17155],[-97.53688,30.17277],[-97.53431,30.17386],[-97.53591,30.17536],[-97.53535,30.17945],[-97.53154,30.181],[-97.53188,30.18316],[-97.5296,30.18526],[-97.52455,30.18543],[-97.52294,30.18663],[-97.52128,30.19066],[-97.51851,30.1907],[-97.51632,30.19402],[-97.51862,30.1946],[-97.51904,30.1979],[-97.51318,30.19891],[-97.50941,30.20293],[-97.50396,30.20776],[-97.50143,30.20845],[-97.49729,30.20882]]]}},{"type":"Feature","properties":{"zcta":"78613","d":1407},"geometry":{"type":"Polygon","coordinates":[[[-97.75996,30.54283],[-97.76491,30.54076],[-97.76283,30.53604],[-97.76315,30.53146],[-97.75598,30.52933],[-97.75147,30.52719],[-97.74916,30.52411],[-97.74789,30.5205],[-97.74544,30.51918],[-97.7486,30.51686],[-97.75589,30.51271],[-97.75774,30.50917],[-97.75929,30.50863],[-97.76421,30.50887],[-97.77066,30.50557],[-97.77422,30.50616],[-97.77681,30.50362],[-97.78268,30.50361],[-97.7899,30.50578],[-97.79588,30.50278],[-97.7975,30.49979],[-97.80077,30.49726],[-97.80545,30.49565],[-97.80696,30.49236],[-97.80901,30.49196],[-97.8065,30.4896],[-97.80819,30.48835],[-97.80712,30.48592],[-97.80493,30.48663],[-97.8047,30.48396],[-97.80253,30.47985],[-97.79548,30.48017],[-97.79389,30.47531],[-97.79895,30.47294],[-97.79702,30.46816],[-97.81062,30.46389],[-97.81172,30.46646],[-97.81433,30.46563],[-97.81371,30.46418],[-97.81603,30.46224],[-97.82,30.46091],[-97.82124,30.46173],[-97.82419,30.45887],[-97.82323,30.45817],[-97.82606,30.45585],[-97.82656,30.45752],[-97.83201,30.46187],[-97.83602,30.4643],[-97.8437,30.46184],[-97.84108,30.45987],[-97.84584,30.45737],[-97.84762,30.45349],[-97.85804,30.4483],[-97.86112,30.45119],[-97.86253,30.45691],[-97.8609,30.46095],[-97.85832,30.46252],[-97.85734,30.46511],[-97.85574,30.46578],[-97.85476,30.46886],[-97.8565,30.47057],[-97.85775,30.47569],[-97.85695,30.47984],[-97.85966,30.47895],[-97.85964,30.4834],[-97.86146,30.48338],[-97.86411,30.48557],[-97.86353,30.48859],[-97.8604,30.49015],[-97.85922,30.49331],[-97.86225,30.49731],[-97.85839,30.50083],[-97.86264,30.51158],[-97.865,30.51349],[-97.86801,30.51238],[-97.86879,30.51377],[-97.87122,30.51152],[-97.87194,30.5081],[-97.87373,30.50783],[-97.87421,30.50957],[-97.87824,30.50722],[-97.88038,30.50801],[-97.87905,30.51118],[-97.87676,30.51366],[-97.88144,30.51212],[-97.88293,30.51554],[-97.88123,30.51992],[-97.87417,30.52619],[-97.87114,30.52456],[-97.86982,30.52916],[-97.86504,30.5334],[-97.86084,30.53201],[-97.84773,30.53599],[-97.84539,30.53795],[-97.84678,30.54215],[-97.84016,30.54416],[-97.83811,30.5395],[-97.8344,30.53901],[-97.81774,30.54419],[-97.81646,30.54008],[-97.8167,30.53706],[-97.81315,30.53595],[-97.80252,30.53764],[-97.80258,30.539],[-97.79899,30.54057],[-97.78169,30.54562],[-97.77964,30.54438],[-97.77912,30.53965],[-97.77863,30.54339],[-97.7767,30.54456],[-97.77768,30.54695],[-97.77166,30.54874],[-97.77104,30.54722],[-97.76276,30.54972],[-97.75996,30.54283]]]}},{"type":"Feature","properties":{"zcta":"78615","d":17},"geometry":{"type":"Polygon","coordinates":[[[-97.49549,30.4664],[-97.49457,30.4719],[-97.48952,30.47104],[-97.4887,30.47313],[-97.48643,30.46947],[-97.48012,30.47043],[-97.47785,30.46954],[-97.47759,30.47189],[-97.4762,30.47083],[-97.47126,30.4727],[-97.46833,30.46958],[-97.46689,30.4712],[-97.46482,30.47097],[-97.467,30.46826],[-97.46343,30.4694],[-97.46327,30.46687],[-97.45876,30.46875],[-97.45741,30.47005],[-97.45955,30.47156],[-97.45877,30.47309],[-97.45738,30.47086],[-97.45465,30.4718],[-97.45215,30.47094],[-97.45069,30.46914],[-97.44461,30.46739],[-97.44443,30.4706],[-97.44304,30.47011],[-97.43863,30.47193],[-97.43493,30.47112],[-97.43548,30.46984],[-97.4333,30.46932],[-97.43039,30.47031],[-97.42674,30.4678],[-97.42495,30.4691],[-97.42115,30.46748],[-97.41313,30.46869],[-97.40266,30.46797],[-97.39953,30.46841],[-97.39408,30.47174],[-97.38838,30.47233],[-97.38123,30.47052],[-97.37786,30.48755],[-97.37533,30.49046],[-97.37315,30.50414],[-97.36119,30.50788],[-97.36492,30.51688],[-97.36138,30.51886],[-97.35398,30.52132],[-97.35422,30.52188],[-97.3477,30.52386],[-97.34738,30.52496],[-97.34415,30.52597],[-97.34152,30.52004],[-97.33848,30.51955],[-97.33344,30.5226],[-97.33433,30.5237],[-97.33012,30.52926],[-97.32782,30.52951],[-97.32333,30.5327],[-97.32038,30.53324],[-97.31358,30.53204],[-97.30277,30.53747],[-97.29904,30.53847],[-97.2973,30.53943],[-97.29299,30.53992],[-97.28973,30.53283],[-97.2861,30.52364],[-97.29181,30.5218],[-97.2911,30.51997],[-97.29234,30.51875],[-97.28952,30.51188],[-97.29217,30.51104],[-97.28934,30.50408],[-97.29355,30.5028],[-97.29115,30.49663],[-97.28853,30.49792],[-97.28512,30.49719],[-97.28349,30.49824],[-97.28178,30.49563],[-97.28006,30.49071],[-97.28178,30.48819],[-97.28504,30.49132],[-97.28516,30.48959],[-97.28743,30.48498],[-97.28897,30.48542],[-97.28924,30.48737],[-97.2911,30.48793],[-97.29307,30.48626],[-97.2959,30.4872],[-97.29732,30.48365],[-97.29982,30.48234],[-97.29902,30.47946],[-97.30158,30.47767],[-97.30134,30.47605],[-97.3041,30.47392],[-97.30812,30.47343],[-97.31004,30.46995],[-97.31152,30.46907],[-97.30752,30.45939],[-97.30012,30.46143],[-97.29585,30.4514],[-97.3009,30.44956],[-97.32166,30.44304],[-97.32276,30.44662],[-97.32591,30.45353],[-97.32897,30.45671],[-97.33961,30.45332],[-97.3387,30.44951],[-97.34667,30.44697],[-97.34511,30.45039],[-97.35103,30.46531],[-97.36149,30.4621],[-97.35624,30.44926],[-97.35623,30.44693],[-97.35307,30.43928],[-97.35768,30.43833],[-97.35923,30.43924],[-97.36671,30.43633],[-97.36359,30.42608],[-97.37334,30.42304],[-97.37252,30.42065],[-97.36995,30.41944],[-97.37354,30.41772],[-97.37677,30.4192],[-97.37773,30.42237],[-97.37943,30.4239],[-97.38225,30.42408],[-97.38148,30.41981],[-97.37945,30.41591],[-97.39124,30.41563],[-97.38845,30.42],[-97.40333,30.42685],[-97.41076,30.41518],[-97.41936,30.41484],[-97.46123,30.41391],[-97.46035,30.41518],[-97.47396,30.42167],[-97.47774,30.41611],[-97.48185,30.41808],[-97.48354,30.41655],[-97.50176,30.42538],[-97.50981,30.41397],[-97.51149,30.41635],[-97.51098,30.41742],[-97.51419,30.41995],[-97.51384,30.42275],[-97.5151,30.42411],[-97.51781,30.42444],[-97.51649,30.42901],[-97.51827,30.4302],[-97.5202,30.43483],[-97.51939,30.43701],[-97.52145,30.44072],[-97.52021,30.44015],[-97.51756,30.44384],[-97.50904,30.43996],[-97.50718,30.44262],[-97.51063,30.44452],[-97.50417,30.45471],[-97.50173,30.45436],[-97.49884,30.46712],[-97.49549,30.4664]]]}},{"type":"Feature","properties":{"zcta":"78724","d":558},"geometry":{"type":"MultiPolygon","coordinates":[[[[-97.64375,30.26937],[-97.64599,30.26683],[-97.64897,30.26849],[-97.64636,30.27168],[-97.64375,30.26937]]],[[[-97.66588,30.32769],[-97.644,30.32954],[-97.64407,30.33042],[-97.62896,30.33148],[-97.62744,30.33383],[-97.62549,30.33293],[-97.62635,30.33163],[-97.62322,30.33093],[-97.62215,30.33341],[-97.61672,30.34167],[-97.61677,30.33875],[-97.61476,30.3367],[-97.61016,30.33546],[-97.60941,30.33458],[-97.60441,30.33561],[-97.59947,30.33747],[-97.59129,30.34032],[-97.58613,30.33048],[-97.57449,30.31604],[-97.57208,30.31273],[-97.57035,30.30865],[-97.56875,30.30152],[-97.57129,30.2903],[-97.57462,30.28805],[-97.58358,30.28856],[-97.57864,30.28534],[-97.57972,30.28319],[-97.58871,30.27581],[-97.58573,30.27548],[-97.58499,30.27435],[-97.58684,30.27069],[-97.58565,30.26946],[-97.57871,30.27051],[-97.57306,30.26544],[-97.57362,30.26439],[-97.57043,30.26296],[-97.56755,30.25904],[-97.56512,30.25949],[-97.56368,30.25648],[-97.56493,30.2551],[-97.56385,30.25138],[-97.56242,30.24936],[-97.56072,30.24903],[-97.5648,30.24814],[-97.56904,30.249],[-97.57576,30.24883],[-97.58303,30.24748],[-97.5834,30.24487],[-97.58441,30.24722],[-97.58986,30.24076],[-97.59258,30.24191],[-97.59313,30.24586],[-97.59636,30.24892],[-97.59564,30.25146],[-97.59868,30.25138],[-97.60942,30.25555],[-97.61397,30.259],[-97.61966,30.26103],[-97.62126,30.26268],[-97.6252,30.25537],[-97.62723,30.25697],[-97.63151,30.25663],[-97.62882,30.26241],[-97.62743,30.26176],[-97.62504,30.26545],[-97.62666,30.26872],[-97.63441,30.25667],[-97.63944,30.25823],[-97.6409,30.26436],[-97.64423,30.26404],[-97.6461,30.26581],[-97.64222,30.26627],[-97.64206,30.27015],[-97.6433,30.27202],[-97.64386,30.27553],[-97.64192,30.27855],[-97.64869,30.28108],[-97.64947,30.27783],[-97.65698,30.2664],[-97.65779,30.27192],[-97.65581,30.2717],[-97.65641,30.27424],[-97.65525,30.27454],[-97.65684,30.27775],[-97.65564,30.27932],[-97.65451,30.28327],[-97.65686,30.28413],[-97.66526,30.28562],[-97.66084,30.30262],[-97.66071,30.30514],[-97.66302,30.3161],[-97.66652,30.32064],[-97.67323,30.32572],[-97.66588,30.32769]]]]}},{"type":"Feature","properties":{"zcta":"78725","d":310},"geometry":{"type":"Polygon","coordinates":[[[-97.68327,30.25111],[-97.67821,30.25483],[-97.66965,30.26892],[-97.66526,30.28562],[-97.65686,30.28413],[-97.65451,30.28327],[-97.65564,30.27932],[-97.65684,30.27775],[-97.65525,30.27454],[-97.65641,30.27424],[-97.65581,30.2717],[-97.65779,30.27192],[-97.65698,30.2664],[-97.64947,30.27783],[-97.64869,30.28108],[-97.64192,30.27855],[-97.64386,30.27553],[-97.6433,30.27202],[-97.64206,30.27015],[-97.64222,30.26627],[-97.6461,30.26581],[-97.64423,30.26404],[-97.6409,30.26436],[-97.63944,30.25823],[-97.63441,30.25667],[-97.62666,30.26872],[-97.62504,30.26545],[-97.62743,30.26176],[-97.62882,30.26241],[-97.63151,30.25663],[-97.62723,30.25697],[-97.6252,30.25537],[-97.62126,30.26268],[-97.61966,30.26103],[-97.61397,30.259],[-97.60942,30.25555],[-97.59868,30.25138],[-97.59564,30.25146],[-97.59636,30.24892],[-97.59313,30.24586],[-97.59258,30.24191],[-97.58986,30.24076],[-97.58441,30.24722],[-97.5834,30.24487],[-97.58303,30.24748],[-97.57576,30.24883],[-97.56904,30.249],[-97.5648,30.24814],[-97.56072,30.24903],[-97.5588,30.24908],[-97.55782,30.24713],[-97.56033,30.24691],[-97.55905,30.24542],[-97.55814,30.24147],[-97.55657,30.24064],[-97.55566,30.24256],[-97.55258,30.24302],[-97.55056,30.24226],[-97.55116,30.24059],[-97.54834,30.24133],[-97.54548,30.24093],[-97.54366,30.23922],[-97.54474,30.23617],[-97.54761,30.23556],[-97.54506,30.23208],[-97.54167,30.22525],[-97.54285,30.22202],[-97.54278,30.21929],[-97.54617,30.21798],[-97.55095,30.21381],[-97.55512,30.20864],[-97.55949,30.20754],[-97.56221,30.20856],[-97.56509,30.21197],[-97.57484,30.21426],[-97.57865,30.21376],[-97.58152,30.21153],[-97.58466,30.20769],[-97.58855,30.2061],[-97.5938,30.20727],[-97.59516,30.2085],[-97.59443,30.21388],[-97.59555,30.21722],[-97.59511,30.22101],[-97.59252,30.22282],[-97.59246,30.22643],[-97.5938,30.22786],[-97.59648,30.22853],[-97.60297,30.22679],[-97.6048,30.22128],[-97.60519,30.21848],[-97.60785,30.21547],[-97.61029,30.21563],[-97.61542,30.21345],[-97.61882,30.21133],[-97.62691,30.2095],[-97.63276,30.20747],[-97.63842,30.20806],[-97.64528,30.21036],[-97.65056,30.21357],[-97.65405,30.21823],[-97.6566,30.22103],[-97.6588,30.22676],[-97.65357,30.23304],[-97.64774,30.23641],[-97.63673,30.23869],[-97.63315,30.23991],[-97.63044,30.24268],[-97.62663,30.24832],[-97.62573,30.2508],[-97.62623,30.25511],[-97.62863,30.256],[-97.63186,30.25569],[-97.63995,30.25643],[-97.64157,30.25713],[-97.64176,30.26177],[-97.6457,30.26327],[-97.6499,30.26245],[-97.65556,30.26225],[-97.66018,30.26149],[-97.66922,30.2561],[-97.67167,30.25431],[-97.67312,30.25082],[-97.67514,30.24933],[-97.68246,30.24629],[-97.69128,30.24518],[-97.69106,30.24945],[-97.68327,30.25111]],[[-97.64897,30.26849],[-97.64599,30.26683],[-97.64375,30.26937],[-97.64636,30.27168],[-97.64897,30.26849]]]}},{"type":"Feature","properties":{"zcta":"78729","d":1615},"geometry":{"type":"Polygon","coordinates":[[[-97.79203,30.46659],[-97.78921,30.46382],[-97.78756,30.46691],[-97.78992,30.47018],[-97.78061,30.47304],[-97.76962,30.47441],[-97.76053,30.47732],[-97.7531,30.47465],[-97.74906,30.47397],[-97.74236,30.47482],[-97.73826,30.47608],[-97.73127,30.47692],[-97.72421,30.47548],[-97.72052,30.47268],[-97.71974,30.47081],[-97.72115,30.45584],[-97.72072,30.45313],[-97.72742,30.43968],[-97.73125,30.4395],[-97.73393,30.44125],[-97.7389,30.43955],[-97.74246,30.44375],[-97.74623,30.44237],[-97.74466,30.43994],[-97.74737,30.43881],[-97.74965,30.44117],[-97.758,30.43815],[-97.76034,30.43271],[-97.76606,30.43241],[-97.76973,30.4342],[-97.77042,30.43515],[-97.77904,30.43979],[-97.77839,30.44172],[-97.77515,30.44273],[-97.77757,30.44433],[-97.78188,30.44204],[-97.78407,30.44302],[-97.7801,30.44653],[-97.78523,30.45036],[-97.79067,30.44873],[-97.79217,30.45802],[-97.79526,30.46562],[-97.79203,30.46659]],[[-97.76235,30.43344],[-97.76356,30.4364],[-97.76545,30.4357],[-97.76437,30.43313],[-97.76235,30.43344]]]}},{"type":"Feature","properties":{"zcta":"78617","d":180},"geometry":{"type":"Polygon","coordinates":[[[-97.65056,30.21357],[-97.64528,30.21036],[-97.63842,30.20806],[-97.63276,30.20747],[-97.62691,30.2095],[-97.61882,30.21133],[-97.61542,30.21345],[-97.61029,30.21563],[-97.60785,30.21547],[-97.60519,30.21848],[-97.6048,30.22128],[-97.60297,30.22679],[-97.59648,30.22853],[-97.5938,30.22786],[-97.59246,30.22643],[-97.59252,30.22282],[-97.59511,30.22101],[-97.59555,30.21722],[-97.59443,30.21388],[-97.59516,30.2085],[-97.5938,30.20727],[-97.58855,30.2061],[-97.58466,30.20769],[-97.58152,30.21153],[-97.57865,30.21376],[-97.57484,30.21426],[-97.56509,30.21197],[-97.56221,30.20856],[-97.55949,30.20754],[-97.55512,30.20864],[-97.55095,30.21381],[-97.54617,30.21798],[-97.54278,30.21929],[-97.54285,30.22202],[-97.54167,30.22525],[-97.53962,30.22598],[-97.53791,30.22443],[-97.53767,30.22207],[-97.53604,30.22063],[-97.53237,30.22002],[-97.52961,30.21877],[-97.52714,30.21879],[-97.52387,30.22122],[-97.52306,30.22365],[-97.52332,30.22718],[-97.5222,30.22893],[-97.51847,30.22919],[-97.51732,30.22824],[-97.51558,30.21699],[-97.51324,30.2105],[-97.51499,30.2096],[-97.51499,30.20703],[-97.51897,30.20624],[-97.52292,30.20743],[-97.52878,30.20543],[-97.52913,30.20362],[-97.52751,30.20267],[-97.52372,30.19836],[-97.52167,30.19776],[-97.51554,30.19857],[-97.51269,30.19962],[-97.50938,30.20355],[-97.50432,30.20767],[-97.50396,30.20776],[-97.50941,30.20293],[-97.51318,30.19891],[-97.51904,30.1979],[-97.51862,30.1946],[-97.51632,30.19402],[-97.51851,30.1907],[-97.52128,30.19066],[-97.52294,30.18663],[-97.52455,30.18543],[-97.5296,30.18526],[-97.53188,30.18316],[-97.53154,30.181],[-97.53535,30.17945],[-97.53591,30.17536],[-97.53431,30.17386],[-97.53688,30.17277],[-97.53487,30.17155],[-97.568,30.14146],[-97.56551,30.13957],[-97.5672,30.13679],[-97.56424,30.13541],[-97.56237,30.13848],[-97.56038,30.13838],[-97.54566,30.13258],[-97.54211,30.13034],[-97.53325,30.12718],[-97.54086,30.11537],[-97.54567,30.11788],[-97.54943,30.11464],[-97.55238,30.11543],[-97.55467,30.11252],[-97.55471,30.10999],[-97.55669,30.10812],[-97.55777,30.10264],[-97.55675,30.10185],[-97.5552,30.09338],[-97.56448,30.08638],[-97.57885,30.08571],[-97.58383,30.08129],[-97.59028,30.0758],[-97.59842,30.08279],[-97.60418,30.07784],[-97.60668,30.07635],[-97.61199,30.07115],[-97.6163,30.07485],[-97.62333,30.0687],[-97.62481,30.06976],[-97.63379,30.06161],[-97.64426,30.07013],[-97.6481,30.06689],[-97.64937,30.06794],[-97.63921,30.07829],[-97.64139,30.07825],[-97.63873,30.08167],[-97.64647,30.08778],[-97.64472,30.09025],[-97.65083,30.09541],[-97.65567,30.09141],[-97.66032,30.09532],[-97.65573,30.09942],[-97.65674,30.10053],[-97.65049,30.11071],[-97.64966,30.11326],[-97.654,30.1153],[-97.65855,30.11657],[-97.66041,30.11789],[-97.66041,30.12113],[-97.66165,30.12446],[-97.66546,30.1304],[-97.66655,30.13442],[-97.66629,30.1371],[-97.66478,30.14042],[-97.67257,30.14426],[-97.67046,30.14586],[-97.66918,30.14821],[-97.67179,30.14933],[-97.67053,30.15287],[-97.66906,30.15351],[-97.66066,30.1663],[-97.66373,30.16788],[-97.6635,30.17034],[-97.65932,30.16736],[-97.65172,30.173],[-97.64762,30.17835],[-97.64576,30.18329],[-97.64768,30.19187],[-97.64669,30.19433],[-97.65162,30.19843],[-97.64564,30.20369],[-97.6444,30.20265],[-97.6419,30.20455],[-97.66034,30.21383],[-97.66892,30.21862],[-97.66658,30.22082],[-97.66878,30.22249],[-97.67031,30.22117],[-97.67118,30.22295],[-97.67337,30.22384],[-97.67003,30.22661],[-97.66686,30.22533],[-97.66627,30.22749],[-97.66355,30.22704],[-97.66169,30.22526],[-97.65918,30.22681],[-97.65743,30.22136],[-97.655,30.2179],[-97.65405,30.21823],[-97.65056,30.21357]]]}},{"type":"Feature","properties":{"zcta":"78619","d":76},"geometry":{"type":"Polygon","coordinates":[[[-98.09247,30.10678],[-98.08915,30.11469],[-98.08831,30.11798],[-98.08933,30.12344],[-98.08994,30.13099],[-98.08735,30.13096],[-98.08646,30.13313],[-98.07271,30.13359],[-98.07488,30.13019],[-98.07494,30.12708],[-98.07267,30.12709],[-98.0732,30.12431],[-98.06662,30.12433],[-98.06554,30.12512],[-98.04436,30.12523],[-98.04447,30.14402],[-98.04743,30.14323],[-98.05118,30.13873],[-98.05391,30.13726],[-98.05443,30.13486],[-98.05616,30.13382],[-98.05922,30.13452],[-98.06001,30.13807],[-98.06347,30.14628],[-98.06555,30.1488],[-98.06747,30.14887],[-98.07007,30.14697],[-98.07526,30.14529],[-98.07808,30.14789],[-98.08047,30.14596],[-98.07678,30.14198],[-98.07915,30.1413],[-98.083,30.14405],[-98.08436,30.1435],[-98.08477,30.14075],[-98.08863,30.14132],[-98.09165,30.14952],[-98.09001,30.15438],[-98.09118,30.1578],[-98.09115,30.16279],[-98.08684,30.16808],[-98.08294,30.16335],[-98.08009,30.16142],[-98.07705,30.16608],[-98.06785,30.16602],[-98.0653,30.16677],[-98.05476,30.16588],[-98.05627,30.16998],[-98.04437,30.17071],[-98.03769,30.17075],[-98.03749,30.16565],[-98.01516,30.16601],[-98.01329,30.16252],[-98.01481,30.16013],[-98.01516,30.15603],[-98.01827,30.15672],[-98.01959,30.15557],[-98.01918,30.15327],[-98.00878,30.15347],[-97.99527,30.15375],[-97.99348,30.15105],[-97.99057,30.1488],[-97.98599,30.14685],[-97.97716,30.15072],[-97.97226,30.15144],[-97.97205,30.12876],[-97.95653,30.12852],[-97.95663,30.12081],[-97.95669,30.11699],[-97.95767,30.11724],[-97.98533,30.11712],[-97.98724,30.11792],[-97.99275,30.12186],[-97.99968,30.12264],[-98.00182,30.12337],[-98.0104,30.13192],[-98.01582,30.13144],[-98.01503,30.12787],[-98.0123,30.1271],[-98.00929,30.12817],[-98.00756,30.12521],[-98.00813,30.12139],[-98.00307,30.11687],[-98.00247,30.11252],[-98.00091,30.11066],[-97.9958,30.11061],[-97.99587,30.11319],[-97.99356,30.112],[-97.99241,30.10834],[-97.99516,30.1032],[-97.99814,30.09936],[-98.00351,30.09476],[-98.00638,30.09049],[-98.0105,30.08923],[-98.01253,30.08765],[-98.01322,30.08496],[-98.00813,30.08308],[-98.00462,30.08443],[-97.99895,30.0835],[-97.99702,30.08018],[-97.99437,30.08053],[-97.99254,30.08417],[-97.9904,30.08625],[-97.98013,30.08951],[-97.97785,30.08797],[-97.9745,30.0841],[-97.9747,30.08134],[-97.9786,30.07834],[-97.97948,30.0761],[-97.97793,30.07012],[-97.98106,30.06712],[-97.98294,30.06387],[-97.979,30.06062],[-97.98134,30.0582],[-97.98152,30.05509],[-97.98662,30.05172],[-97.98915,30.05247],[-97.98874,30.04853],[-97.98716,30.04721],[-98.00035,30.04793],[-98.005,30.04648],[-98.01416,30.0464],[-98.02028,30.04805],[-98.02604,30.04807],[-98.0279,30.04978],[-98.02703,30.05207],[-98.03597,30.05685],[-98.03682,30.07026],[-98.04597,30.07051],[-98.04621,30.07889],[-98.04494,30.07878],[-98.04532,30.08354],[-98.04642,30.08352],[-98.04661,30.09078],[-98.05291,30.0915],[-98.07635,30.09071],[-98.0763,30.08925],[-98.08054,30.08974],[-98.08048,30.08653],[-98.08602,30.08721],[-98.08692,30.08368],[-98.08056,30.08382],[-98.08034,30.07901],[-98.08629,30.07886],[-98.08604,30.07389],[-98.08843,30.07387],[-98.08761,30.07017],[-98.08958,30.07016],[-98.0909,30.07412],[-98.09303,30.07505],[-98.09719,30.07884],[-98.09981,30.08304],[-98.10059,30.08637],[-98.09609,30.09674],[-98.09665,30.09928],[-98.09598,30.10195],[-98.09247,30.10678]]]}},{"type":"Feature","properties":{"zcta":"78628","d":325},"geometry":{"type":"Polygon","coordinates":[[[-97.83963,30.63837],[-97.83763,30.64093],[-97.83293,30.63844],[-97.82783,30.63785],[-97.83027,30.64548],[-97.83672,30.65314],[-97.81819,30.65836],[-97.81744,30.65728],[-97.81188,30.65877],[-97.80714,30.66077],[-97.81178,30.67017],[-97.81518,30.66994],[-97.81799,30.67453],[-97.81656,30.67611],[-97.8182,30.67799],[-97.81984,30.67735],[-97.82462,30.6792],[-97.82499,30.68065],[-97.8326,30.68319],[-97.83522,30.68674],[-97.83267,30.68868],[-97.83137,30.69278],[-97.82864,30.69474],[-97.82882,30.69625],[-97.8231,30.69803],[-97.82029,30.69737],[-97.81698,30.69339],[-97.80943,30.68838],[-97.8069,30.68989],[-97.803,30.6908],[-97.79595,30.68764],[-97.79384,30.68524],[-97.7843,30.68022],[-97.7806,30.68095],[-97.77521,30.67921],[-97.77085,30.67697],[-97.76618,30.67282],[-97.76119,30.66996],[-97.75792,30.66914],[-97.75242,30.66908],[-97.75137,30.67092],[-97.75071,30.67577],[-97.74935,30.6768],[-97.74433,30.67768],[-97.74241,30.67709],[-97.73633,30.67726],[-97.73064,30.67498],[-97.72875,30.67232],[-97.72769,30.66772],[-97.72672,30.66655],[-97.72152,30.67006],[-97.71972,30.67943],[-97.71711,30.68391],[-97.71624,30.68765],[-97.71138,30.69117],[-97.70918,30.69368],[-97.70721,30.7001],[-97.70482,30.70259],[-97.69249,30.7076],[-97.6876,30.71049],[-97.68451,30.71385],[-97.68588,30.71452],[-97.69163,30.7131],[-97.69206,30.71846],[-97.69285,30.71963],[-97.67422,30.72547],[-97.66726,30.72109],[-97.66348,30.7166],[-97.65661,30.70704],[-97.65495,30.70395],[-97.65226,30.70188],[-97.66043,30.68072],[-97.66441,30.67409],[-97.66685,30.67087],[-97.68,30.64932],[-97.68836,30.6412],[-97.68958,30.63907],[-97.69157,30.63305],[-97.69199,30.63007],[-97.69114,30.62597],[-97.68666,30.60984],[-97.68646,30.60765],[-97.68733,30.60417],[-97.69061,30.59568],[-97.69279,30.58821],[-97.69346,30.57958],[-97.69458,30.57725],[-97.69346,30.57515],[-97.70302,30.5719],[-97.70468,30.57418],[-97.70575,30.57377],[-97.70906,30.57535],[-97.71053,30.57692],[-97.71456,30.57792],[-97.71648,30.57994],[-97.72051,30.58106],[-97.72199,30.58524],[-97.72471,30.58659],[-97.72733,30.58487],[-97.72794,30.58678],[-97.73097,30.58725],[-97.73229,30.58865],[-97.73644,30.58749],[-97.73885,30.58862],[-97.74185,30.5864],[-97.74789,30.58448],[-97.74586,30.57936],[-97.75616,30.57625],[-97.75127,30.5634],[-97.75499,30.56219],[-97.75466,30.55964],[-97.75703,30.55813],[-97.75871,30.55368],[-97.75958,30.55582],[-97.76498,30.55275],[-97.76847,30.55578],[-97.77382,30.56447],[-97.76833,30.56624],[-97.77058,30.57178],[-97.77804,30.56943],[-97.78022,30.57182],[-97.78153,30.57713],[-97.78489,30.57646],[-97.78701,30.57916],[-97.78927,30.58],[-97.79263,30.58293],[-97.79172,30.58509],[-97.78651,30.58332],[-97.78705,30.58489],[-97.77847,30.58776],[-97.78017,30.59168],[-97.78365,30.59058],[-97.78323,30.58956],[-97.78611,30.58866],[-97.78655,30.58971],[-97.79238,30.58834],[-97.7948,30.58534],[-97.79747,30.58827],[-97.79635,30.58964],[-97.80432,30.59058],[-97.80109,30.5946],[-97.79938,30.59557],[-97.79703,30.59981],[-97.80054,30.60822],[-97.80602,30.60656],[-97.80935,30.60818],[-97.81217,30.61175],[-97.81906,30.6119],[-97.82776,30.6316],[-97.83006,30.63143],[-97.82388,30.6157],[-97.82691,30.61393],[-97.8256,30.61069],[-97.82797,30.6093],[-97.83335,30.61052],[-97.83751,30.61438],[-97.84637,30.61671],[-97.84645,30.62379],[-97.84285,30.62502],[-97.84349,30.62646],[-97.83874,30.62663],[-97.83869,30.63098],[-97.84356,30.63143],[-97.84417,30.6294],[-97.84755,30.63601],[-97.83963,30.63837]]]}},{"type":"Feature","properties":{"zcta":"78640","d":392},"geometry":{"type":"Polygon","coordinates":[[[-97.97719,30.06042],[-97.97511,30.05794],[-97.97245,30.05661],[-97.96934,30.05373],[-97.96304,30.05205],[-97.95564,30.05158],[-97.94661,30.05364],[-97.94014,30.04977],[-97.93778,30.05027],[-97.93621,30.05354],[-97.93407,30.05512],[-97.92992,30.05984],[-97.9259,30.06228],[-97.92618,30.06023],[-97.92783,30.05989],[-97.92763,30.05172],[-97.90334,30.05198],[-97.90649,30.04823],[-97.90871,30.04445],[-97.91263,30.04533],[-97.9146,30.04473],[-97.91439,30.03582],[-97.90646,30.0363],[-97.90646,30.02853],[-97.90329,30.02843],[-97.9017,30.03422],[-97.8879,30.03452],[-97.88369,30.04598],[-97.88039,30.04939],[-97.87469,30.05022],[-97.87478,30.04446],[-97.87212,30.03733],[-97.87247,30.02816],[-97.86686,30.0282],[-97.86337,30.04053],[-97.85632,30.0408],[-97.85272,30.0398],[-97.8518,30.04257],[-97.84462,30.04248],[-97.85047,30.04087],[-97.85053,30.03591],[-97.84286,30.03532],[-97.84164,30.0377],[-97.8315,30.03771],[-97.83148,30.03497],[-97.82812,30.03499],[-97.8282,30.03255],[-97.82562,30.03063],[-97.81285,30.03053],[-97.81158,30.0309],[-97.80485,30.03672],[-97.8025,30.0354],[-97.79849,30.03797],[-97.79597,30.036],[-97.78933,30.04176],[-97.78246,30.03614],[-97.77662,30.03297],[-97.76909,30.03342],[-97.7694,30.03429],[-97.7541,30.04855],[-97.75616,30.04971],[-97.75148,30.05435],[-97.7348,30.0424],[-97.72678,30.04543],[-97.72375,30.04416],[-97.7212,30.04649],[-97.70399,30.03195],[-97.70051,30.02595],[-97.69931,30.02436],[-97.68783,30.01475],[-97.68668,30.00364],[-97.68512,29.9952],[-97.71068,29.97434],[-97.71189,29.98035],[-97.72434,29.97846],[-97.72897,29.97752],[-97.72894,29.975],[-97.74223,29.973],[-97.74004,29.96234],[-97.74821,29.96111],[-97.7474,29.95911],[-97.74558,29.95921],[-97.74562,29.95738],[-97.74779,29.95703],[-97.7472,29.9543],[-97.75235,29.95358],[-97.75274,29.95553],[-97.75884,29.95447],[-97.75769,29.94866],[-97.76952,29.9469],[-97.77092,29.95402],[-97.77979,29.95206],[-97.77828,29.95006],[-97.78749,29.94903],[-97.784,29.94587],[-97.78597,29.94464],[-97.78977,29.94661],[-97.79307,29.94483],[-97.80345,29.94124],[-97.80745,29.93934],[-97.79959,29.93114],[-97.80258,29.92872],[-97.80545,29.9334],[-97.80744,29.93257],[-97.80988,29.93791],[-97.81784,29.93443],[-97.82835,29.92841],[-97.83661,29.92228],[-97.84918,29.916],[-97.86146,29.92649],[-97.86515,29.92912],[-97.87815,29.94003],[-97.87552,29.94277],[-97.8845,29.95111],[-97.88305,29.95291],[-97.88572,29.95403],[-97.8875,29.95292],[-97.89119,29.9561],[-97.89299,29.9544],[-97.89416,29.95556],[-97.89296,29.95792],[-97.89978,29.96058],[-97.90204,29.9573],[-97.90021,29.9529],[-97.90098,29.94846],[-97.90309,29.94582],[-97.89723,29.94102],[-97.89569,29.93708],[-97.89952,29.93825],[-97.90132,29.94008],[-97.90691,29.94371],[-97.90581,29.94614],[-97.90392,29.94738],[-97.90229,29.95214],[-97.90282,29.95457],[-97.90478,29.95609],[-97.90762,29.96097],[-97.90798,29.96416],[-97.90338,29.96928],[-97.90397,29.97687],[-97.90635,29.98144],[-97.90901,29.98079],[-97.91488,29.97287],[-97.91884,29.97375],[-97.91959,29.97548],[-97.91777,29.98547],[-97.91873,29.98794],[-97.92412,29.98958],[-97.92964,29.99588],[-97.93508,30.00663],[-97.93678,30.01201],[-97.93826,30.01343],[-97.94068,30.01272],[-97.94139,30.01547],[-97.93826,30.01765],[-97.94002,30.01971],[-97.93926,30.02244],[-97.93976,30.02633],[-97.94563,30.02711],[-97.94861,30.03002],[-97.94866,30.03321],[-97.94993,30.03543],[-97.95251,30.03653],[-97.95472,30.03591],[-97.95922,30.02617],[-97.96125,30.02638],[-97.96286,30.02835],[-97.96223,30.03327],[-97.96287,30.03496],[-97.96298,30.04366],[-97.96844,30.0447],[-97.98716,30.04721],[-97.98874,30.04853],[-97.98915,30.05247],[-97.98662,30.05172],[-97.98152,30.05509],[-97.98134,30.0582],[-97.979,30.06062],[-97.97719,30.06042]]]}},{"type":"Feature","properties":{"zcta":"78652","d":176},"geometry":{"type":"Polygon","coordinates":[[[-97.90455,30.16409],[-97.88352,30.14907],[-97.88351,30.15147],[-97.88154,30.15394],[-97.87989,30.15226],[-97.87395,30.15234],[-97.87034,30.14934],[-97.86685,30.14347],[-97.86208,30.14599],[-97.86095,30.14316],[-97.8574,30.14122],[-97.85072,30.13959],[-97.84661,30.14103],[-97.84699,30.14444],[-97.83779,30.14045],[-97.82323,30.1407],[-97.81896,30.14187],[-97.81319,30.14218],[-97.81082,30.14461],[-97.80824,30.1445],[-97.80155,30.14283],[-97.80637,30.13536],[-97.80708,30.13285],[-97.81041,30.13325],[-97.81249,30.12761],[-97.81174,30.12544],[-97.8114,30.10632],[-97.8146,30.10191],[-97.81771,30.10237],[-97.81863,30.10396],[-97.82077,30.1041],[-97.86647,30.13681],[-97.86736,30.13679],[-97.86745,30.13338],[-97.86847,30.13337],[-97.86851,30.12815],[-97.87502,30.12797],[-97.87988,30.12837],[-97.87942,30.12465],[-97.90716,30.12431],[-97.90668,30.12837],[-97.90179,30.12982],[-97.90026,30.13142],[-97.89444,30.13352],[-97.89412,30.13416],[-97.9039,30.13394],[-97.90399,30.13253],[-97.91273,30.13259],[-97.91285,30.14185],[-97.91537,30.14254],[-97.91551,30.15487],[-97.90455,30.16409]]]}},{"type":"Feature","properties":{"zcta":"76527","d":18},"geometry":{"type":"Polygon","coordinates":[[[-97.90413,30.83789],[-97.91289,30.83495],[-97.92745,30.83085],[-97.92924,30.83076],[-97.93233,30.83942],[-97.93829,30.8535],[-97.93495,30.85468],[-97.93451,30.85363],[-97.91169,30.86047],[-97.88804,30.86783],[-97.88857,30.8716],[-97.88527,30.87328],[-97.88846,30.87602],[-97.8858,30.88567],[-97.88539,30.88869],[-97.87709,30.89117],[-97.87614,30.88899],[-97.86829,30.89007],[-97.86864,30.893],[-97.85742,30.89747],[-97.85599,30.89508],[-97.85495,30.89562],[-97.85684,30.9004],[-97.85452,30.90129],[-97.85448,30.90596],[-97.8533,30.90842],[-97.85009,30.90717],[-97.84902,30.90799],[-97.84669,30.907],[-97.84453,30.90777],[-97.84182,30.90476],[-97.84179,30.90293],[-97.83995,30.90343],[-97.83669,30.90685],[-97.83549,30.90671],[-97.83397,30.90262],[-97.83382,30.89944],[-97.8281,30.90441],[-97.77426,30.89517],[-97.77023,30.89646],[-97.77243,30.89932],[-97.77397,30.90269],[-97.77552,30.90072],[-97.77825,30.90728],[-97.77261,30.90896],[-97.77095,30.90495],[-97.76932,30.90535],[-97.7725,30.91366],[-97.76835,30.91478],[-97.76762,30.91321],[-97.76193,30.91472],[-97.75672,30.9188],[-97.75455,30.91982],[-97.75037,30.91872],[-97.73279,30.92411],[-97.72295,30.92679],[-97.72151,30.92934],[-97.71742,30.93118],[-97.71417,30.92324],[-97.71378,30.91975],[-97.71185,30.918],[-97.71113,30.91305],[-97.71561,30.91139],[-97.71839,30.90899],[-97.71865,30.90298],[-97.71401,30.90385],[-97.71495,30.90606],[-97.70904,30.90774],[-97.70819,30.90476],[-97.71143,30.90445],[-97.71019,30.90205],[-97.71214,30.9004],[-97.70612,30.88645],[-97.70549,30.88348],[-97.6803,30.87909],[-97.66605,30.8437],[-97.68764,30.83683],[-97.6813,30.82194],[-97.68896,30.8195],[-97.6881,30.81884],[-97.68392,30.81935],[-97.68179,30.81885],[-97.68275,30.81692],[-97.68436,30.81714],[-97.68442,30.81526],[-97.68785,30.81422],[-97.69044,30.81224],[-97.692,30.80946],[-97.69106,30.8071],[-97.70206,30.8035],[-97.70372,30.80821],[-97.71707,30.8037],[-97.70414,30.77255],[-97.70209,30.76667],[-97.7061,30.76518],[-97.71041,30.76113],[-97.71685,30.75888],[-97.72025,30.75675],[-97.71244,30.74976],[-97.72068,30.75441],[-97.73199,30.75093],[-97.73432,30.75668],[-97.73594,30.75782],[-97.73414,30.75913],[-97.74585,30.7636],[-97.7533,30.77286],[-97.75797,30.76989],[-97.7558,30.76454],[-97.76063,30.76612],[-97.76157,30.76902],[-97.76364,30.7706],[-97.76695,30.76915],[-97.77062,30.76872],[-97.7716,30.76752],[-97.77434,30.76763],[-97.77486,30.76878],[-97.78105,30.76998],[-97.78357,30.76699],[-97.78644,30.76511],[-97.7847,30.76107],[-97.79836,30.75666],[-97.79717,30.75341],[-97.80611,30.7506],[-97.81439,30.77009],[-97.81754,30.77223],[-97.81957,30.77192],[-97.82371,30.77914],[-97.81369,30.78178],[-97.81921,30.79484],[-97.82407,30.79335],[-97.82799,30.79996],[-97.83804,30.79732],[-97.84185,30.80666],[-97.84748,30.80513],[-97.8495,30.80372],[-97.84993,30.80141],[-97.84418,30.78767],[-97.846,30.78445],[-97.87706,30.77489],[-97.88822,30.77148],[-97.89032,30.77456],[-97.8911,30.77987],[-97.89599,30.78299],[-97.89742,30.78456],[-97.89783,30.79056],[-97.8987,30.79253],[-97.9135,30.78785],[-97.91827,30.79943],[-97.92929,30.79606],[-97.93173,30.79715],[-97.9265,30.80161],[-97.92658,30.80552],[-97.92808,30.80682],[-97.93155,30.80648],[-97.93272,30.80536],[-97.93775,30.80367],[-97.93955,30.80654],[-97.90413,30.83789]]]}},{"type":"Feature","properties":{"zcta":"76530","d":14},"geometry":{"type":"Polygon","coordinates":[[[-97.56603,30.77231],[-97.55617,30.74952],[-97.55532,30.75011],[-97.52977,30.75841],[-97.52645,30.75845],[-97.5238,30.75623],[-97.52169,30.75121],[-97.51933,30.7514],[-97.51808,30.74919],[-97.51333,30.75057],[-97.51384,30.75185],[-97.51037,30.75143],[-97.51195,30.75517],[-97.50403,30.75864],[-97.4931,30.76215],[-97.49187,30.7593],[-97.48923,30.758],[-97.48817,30.75576],[-97.48443,30.7543],[-97.48242,30.75166],[-97.47415,30.74899],[-97.46822,30.76333],[-97.43942,30.75463],[-97.43854,30.75447],[-97.43575,30.77127],[-97.43451,30.77689],[-97.42782,30.77557],[-97.42451,30.77554],[-97.42161,30.78207],[-97.42115,30.78173],[-97.40353,30.77681],[-97.40893,30.76231],[-97.40741,30.75964],[-97.4017,30.75825],[-97.39974,30.7628],[-97.3812,30.75751],[-97.37968,30.76141],[-97.36021,30.75571],[-97.35904,30.75858],[-97.31841,30.74586],[-97.31616,30.75147],[-97.30727,30.74892],[-97.30712,30.74931],[-97.26995,30.73536],[-97.25241,30.69347],[-97.25603,30.69205],[-97.25791,30.69386],[-97.262,30.69255],[-97.26302,30.69464],[-97.26079,30.69648],[-97.26022,30.70019],[-97.26278,30.70016],[-97.26666,30.69467],[-97.26937,30.69415],[-97.27028,30.69543],[-97.27315,30.69339],[-97.27421,30.69621],[-97.27642,30.69645],[-97.28001,30.69405],[-97.28219,30.69436],[-97.28407,30.69839],[-97.29238,30.69516],[-97.29268,30.6964],[-97.29586,30.69729],[-97.29689,30.70272],[-97.29786,30.70357],[-97.30026,30.70176],[-97.29967,30.69896],[-97.30152,30.6978],[-97.30143,30.69598],[-97.30358,30.69571],[-97.30667,30.69762],[-97.30752,30.69957],[-97.31095,30.70154],[-97.31314,30.69946],[-97.31769,30.69841],[-97.3222,30.6987],[-97.33102,30.70176],[-97.33923,30.70159],[-97.34072,30.70086],[-97.34452,30.69635],[-97.34884,30.69561],[-97.35142,30.69166],[-97.35765,30.68814],[-97.36217,30.68783],[-97.36431,30.68612],[-97.36862,30.68047],[-97.36921,30.67858],[-97.37416,30.67456],[-97.3772,30.67016],[-97.38207,30.66959],[-97.38613,30.66505],[-97.38769,30.66438],[-97.39286,30.66403],[-97.3993,30.6644],[-97.40362,30.66561],[-97.40373,30.66402],[-97.39899,30.66159],[-97.40067,30.65985],[-97.40701,30.65925],[-97.40725,30.65768],[-97.40508,30.65533],[-97.40569,30.65289],[-97.40819,30.65169],[-97.41083,30.65252],[-97.41513,30.65251],[-97.41634,30.6513],[-97.41581,30.64806],[-97.41852,30.64467],[-97.42066,30.64469],[-97.41991,30.64734],[-97.42203,30.64836],[-97.42684,30.64788],[-97.42663,30.65054],[-97.42879,30.65112],[-97.43221,30.64979],[-97.43119,30.64619],[-97.43347,30.64444],[-97.43903,30.64419],[-97.44192,30.64498],[-97.44529,30.64343],[-97.44762,30.64329],[-97.44961,30.64007],[-97.45571,30.64072],[-97.45756,30.63788],[-97.4551,30.63634],[-97.457,30.63443],[-97.45957,30.63374],[-97.46279,30.63093],[-97.46474,30.63112],[-97.46957,30.63285],[-97.47162,30.6302],[-97.47317,30.62933],[-97.46963,30.63297],[-97.46272,30.63109],[-97.46141,30.63269],[-97.463,30.6345],[-97.46592,30.63551],[-97.46535,30.63769],[-97.47128,30.63622],[-97.48244,30.66265],[-97.49615,30.66697],[-97.49172,30.67813],[-97.49031,30.68007],[-97.49356,30.68787],[-97.50124,30.68487],[-97.50441,30.68485],[-97.52646,30.69147],[-97.53196,30.67797],[-97.54513,30.68201],[-97.54618,30.68429],[-97.5495,30.6831],[-97.55298,30.68435],[-97.55452,30.68821],[-97.55384,30.69135],[-97.55669,30.69047],[-97.55916,30.69622],[-97.55508,30.6976],[-97.55752,30.70443],[-97.55597,30.70603],[-97.55374,30.71172],[-97.5514,30.71601],[-97.54935,30.71628],[-97.54784,30.71877],[-97.54919,30.72055],[-97.54979,30.72391],[-97.55303,30.72489],[-97.5577,30.72383],[-97.5629,30.72819],[-97.56596,30.73577],[-97.57112,30.73944],[-97.57519,30.73959],[-97.57607,30.74045],[-97.57335,30.74132],[-97.57046,30.74369],[-97.55881,30.74739],[-97.55687,30.74881],[-97.56644,30.77215],[-97.56603,30.77231]]]}},{"type":"Feature","properties":{"zcta":"78626","d":239},"geometry":{"type":"Polygon","coordinates":[[[-97.68666,30.60984],[-97.69114,30.62597],[-97.69199,30.63007],[-97.69157,30.63305],[-97.68958,30.63907],[-97.68836,30.6412],[-97.68,30.64932],[-97.66685,30.67087],[-97.66441,30.67409],[-97.66043,30.68072],[-97.65226,30.70188],[-97.65017,30.70466],[-97.64463,30.72073],[-97.644,30.72371],[-97.63983,30.73578],[-97.63403,30.75375],[-97.62926,30.76525],[-97.62593,30.77605],[-97.62606,30.77372],[-97.62356,30.77207],[-97.61904,30.77353],[-97.61269,30.75854],[-97.61163,30.75793],[-97.59577,30.76291],[-97.59559,30.76073],[-97.59155,30.75834],[-97.59116,30.75586],[-97.58798,30.75436],[-97.58176,30.75635],[-97.58363,30.7614],[-97.57892,30.76296],[-97.58087,30.7675],[-97.57903,30.76822],[-97.58019,30.7709],[-97.56761,30.77495],[-97.56644,30.77215],[-97.55687,30.74881],[-97.55881,30.74739],[-97.57046,30.74369],[-97.57335,30.74132],[-97.57607,30.74045],[-97.57519,30.73959],[-97.57112,30.73944],[-97.56596,30.73577],[-97.5629,30.72819],[-97.5577,30.72383],[-97.55303,30.72489],[-97.54979,30.72391],[-97.54919,30.72055],[-97.54784,30.71877],[-97.54935,30.71628],[-97.5514,30.71601],[-97.55374,30.71172],[-97.55597,30.70603],[-97.55752,30.70443],[-97.55508,30.6976],[-97.55916,30.69622],[-97.55669,30.69047],[-97.55384,30.69135],[-97.55452,30.68821],[-97.55298,30.68435],[-97.5495,30.6831],[-97.54618,30.68429],[-97.54513,30.68201],[-97.53196,30.67797],[-97.52646,30.69147],[-97.50441,30.68485],[-97.50124,30.68487],[-97.49356,30.68787],[-97.49031,30.68007],[-97.49172,30.67813],[-97.49615,30.66697],[-97.48244,30.66265],[-97.47128,30.63622],[-97.46535,30.63769],[-97.46592,30.63551],[-97.463,30.6345],[-97.46141,30.63269],[-97.46272,30.63109],[-97.46963,30.63297],[-97.47317,30.62933],[-97.47652,30.6288],[-97.47906,30.62749],[-97.48348,30.62794],[-97.48539,30.62688],[-97.49034,30.62695],[-97.49538,30.62838],[-97.50158,30.62679],[-97.5062,30.63004],[-97.51117,30.63232],[-97.51529,30.63228],[-97.52062,30.62993],[-97.52581,30.62907],[-97.52956,30.63092],[-97.532,30.63092],[-97.53523,30.63309],[-97.54087,30.63538],[-97.54735,30.63629],[-97.54796,30.63336],[-97.55194,30.6313],[-97.55369,30.62884],[-97.55429,30.62995],[-97.56084,30.6282],[-97.56043,30.62716],[-97.56491,30.62472],[-97.56527,30.62545],[-97.56936,30.62392],[-97.56857,30.62207],[-97.57146,30.62188],[-97.58192,30.61898],[-97.58132,30.61755],[-97.60162,30.61117],[-97.6038,30.61467],[-97.6074,30.6175],[-97.62615,30.61144],[-97.62236,30.6025],[-97.61246,30.60564],[-97.60831,30.59673],[-97.60595,30.59742],[-97.60477,30.59216],[-97.60186,30.59308],[-97.59996,30.58867],[-97.6265,30.58037],[-97.63215,30.57731],[-97.63468,30.58379],[-97.63428,30.5862],[-97.63593,30.59013],[-97.63739,30.58961],[-97.63857,30.59393],[-97.6461,30.59147],[-97.64387,30.58766],[-97.65461,30.58438],[-97.65361,30.58199],[-97.65647,30.58343],[-97.66236,30.58162],[-97.66989,30.58047],[-97.6684,30.57669],[-97.67528,30.57502],[-97.67516,30.57439],[-97.68453,30.57144],[-97.68527,30.57283],[-97.69285,30.57122],[-97.693,30.58294],[-97.69262,30.58703],[-97.69044,30.59504],[-97.68711,30.60314],[-97.68646,30.60765],[-97.68666,30.60984]],[[-97.60176,30.66994],[-97.59725,30.66683],[-97.59581,30.66325],[-97.59586,30.66707],[-97.59369,30.66732],[-97.59452,30.67119],[-97.58647,30.67339],[-97.58644,30.67579],[-97.59015,30.67495],[-97.59169,30.68077],[-97.59342,30.68035],[-97.59191,30.67387],[-97.60785,30.67266],[-97.61017,30.67216],[-97.60176,30.66994]]]}},{"type":"Feature","properties":{"zcta":"78733","d":355},"geometry":{"type":"Polygon","coordinates":[[[-97.91789,30.3266],[-97.91489,30.3278],[-97.90919,30.3316],[-97.89989,30.3399],[-97.89691,30.3409],[-97.89449,30.3417],[-97.88038,30.34405],[-97.87442,30.34617],[-97.86197,30.35427],[-97.85719,30.3547],[-97.85063,30.35129],[-97.84746,30.34671],[-97.84519,30.3404],[-97.84617,30.34034],[-97.8453,30.33089],[-97.843,30.32505],[-97.84404,30.32405],[-97.84145,30.32048],[-97.84302,30.31719],[-97.84377,30.31339],[-97.84559,30.31012],[-97.84878,30.31082],[-97.85105,30.31266],[-97.85843,30.31578],[-97.86189,30.31816],[-97.86697,30.31758],[-97.86927,30.31204],[-97.86837,30.31032],[-97.86832,30.30674],[-97.86931,30.30498],[-97.86801,30.30108],[-97.87084,30.29716],[-97.87327,30.29732],[-97.87632,30.29898],[-97.8793,30.2976],[-97.8813,30.29566],[-97.88153,30.29385],[-97.88021,30.29111],[-97.88032,30.28863],[-97.88242,30.28659],[-97.88421,30.28697],[-97.88613,30.28919],[-97.88741,30.293],[-97.8892,30.29525],[-97.89164,30.29542],[-97.89561,30.2913],[-97.89797,30.28962],[-97.9007,30.28926],[-97.90214,30.29184],[-97.89698,30.29693],[-97.89788,30.29866],[-97.90401,30.30341],[-97.90713,30.30471],[-97.90682,30.30939],[-97.91075,30.31105],[-97.90951,30.3129],[-97.91067,30.31544],[-97.91091,30.31983],[-97.91169,30.32108],[-97.90738,30.32778],[-97.90941,30.33045],[-97.91233,30.32837],[-97.92066,30.32494],[-97.92256,30.32619],[-97.91789,30.3266]]]}},{"type":"Feature","properties":{"zcta":"78632","d":5},"geometry":{"type":"Polygon","coordinates":[[[-97.49629,29.76095],[-97.49613,29.7555],[-97.4798,29.75511],[-97.47966,29.76736],[-97.47673,29.77211],[-97.48308,29.77514],[-97.48247,29.79841],[-97.4658,29.7982],[-97.46081,29.79499],[-97.45423,29.79437],[-97.44958,29.79375],[-97.44694,29.79753],[-97.43711,29.79411],[-97.43838,29.79086],[-97.43257,29.78499],[-97.42935,29.78002],[-97.42146,29.77551],[-97.41654,29.77309],[-97.41933,29.76773],[-97.40947,29.75894],[-97.40994,29.71983],[-97.40716,29.71759],[-97.39913,29.71454],[-97.39248,29.71104],[-97.39013,29.70931],[-97.38838,29.70533],[-97.38184,29.70316],[-97.37811,29.69598],[-97.39197,29.69213],[-97.39205,29.69003],[-97.40015,29.68734],[-97.40029,29.66013],[-97.3888,29.66182],[-97.39008,29.65625],[-97.39267,29.65075],[-97.39282,29.64747],[-97.39488,29.64132],[-97.39835,29.63269],[-97.40517,29.61796],[-97.4202,29.61778],[-97.42012,29.61506],[-97.42279,29.61326],[-97.42219,29.61035],[-97.42466,29.60964],[-97.42544,29.60691],[-97.42801,29.60625],[-97.43206,29.60785],[-97.43601,29.60797],[-97.43602,29.61325],[-97.46095,29.60823],[-97.46391,29.60562],[-97.4588,29.59451],[-97.47477,29.5891],[-97.47726,29.59512],[-97.4775,29.59733],[-97.47579,29.6054],[-97.47558,29.60893],[-97.47287,29.6075],[-97.46393,29.61728],[-97.46734,29.62117],[-97.46946,29.62704],[-97.47222,29.63049],[-97.47496,29.63617],[-97.4799,29.64174],[-97.4841,29.64967],[-97.48822,29.64924],[-97.50449,29.65021],[-97.50376,29.64658],[-97.50164,29.6444],[-97.50638,29.64083],[-97.50022,29.6345],[-97.50452,29.63117],[-97.49775,29.62377],[-97.49528,29.62565],[-97.49151,29.61174],[-97.50434,29.60728],[-97.50754,29.60483],[-97.50499,29.59933],[-97.5169,29.58684],[-97.51831,29.58665],[-97.52204,29.58938],[-97.52313,29.58809],[-97.5577,29.61473],[-97.54485,29.63499],[-97.54219,29.63417],[-97.53332,29.64111],[-97.5522,29.65026],[-97.55407,29.65251],[-97.55772,29.65293],[-97.53045,29.66792],[-97.55729,29.67484],[-97.5452,29.68383],[-97.54944,29.68825],[-97.53459,29.69954],[-97.53446,29.70426],[-97.52735,29.70345],[-97.52092,29.70149],[-97.5175,29.70132],[-97.51992,29.70724],[-97.52348,29.71107],[-97.52518,29.7139],[-97.52671,29.71911],[-97.52679,29.74271],[-97.52494,29.74342],[-97.52489,29.7452],[-97.51798,29.74532],[-97.5179,29.76056],[-97.49629,29.76095]]]}},{"type":"Feature","properties":{"zcta":"78634","d":351},"geometry":{"type":"Polygon","coordinates":[[[-97.48248,30.6079],[-97.48755,30.60845],[-97.49111,30.60796],[-97.50147,30.60452],[-97.50565,30.60275],[-97.50314,30.59694],[-97.50803,30.59535],[-97.50598,30.59064],[-97.51233,30.5885],[-97.51167,30.58726],[-97.51942,30.5846],[-97.5164,30.57751],[-97.50477,30.58092],[-97.50333,30.5749],[-97.5028,30.57051],[-97.50025,30.57098],[-97.49587,30.56084],[-97.48833,30.56288],[-97.48581,30.55707],[-97.49645,30.55614],[-97.49548,30.55192],[-97.48317,30.55405],[-97.48302,30.55346],[-97.48945,30.51844],[-97.49385,30.49374],[-97.5008,30.49611],[-97.50631,30.49924],[-97.51259,30.50052],[-97.51661,30.50277],[-97.52121,30.50638],[-97.5233,30.51037],[-97.52414,30.50556],[-97.52122,30.50516],[-97.52015,30.50384],[-97.52182,30.49479],[-97.52034,30.49496],[-97.52317,30.48013],[-97.52621,30.48023],[-97.52712,30.47465],[-97.52815,30.47543],[-97.54314,30.47916],[-97.54608,30.47542],[-97.55007,30.47648],[-97.54949,30.48025],[-97.55362,30.48077],[-97.55233,30.4875],[-97.55296,30.4903],[-97.56346,30.49183],[-97.56377,30.49556],[-97.56889,30.49616],[-97.56825,30.49973],[-97.57208,30.50026],[-97.5819,30.50046],[-97.58393,30.49404],[-97.59251,30.49386],[-97.59293,30.4975],[-97.58879,30.49792],[-97.58984,30.49879],[-97.59036,30.51988],[-97.59193,30.52255],[-97.59116,30.52492],[-97.58872,30.52655],[-97.58446,30.52583],[-97.58682,30.52945],[-97.58987,30.53093],[-97.58856,30.53147],[-97.58872,30.53545],[-97.59245,30.53518],[-97.60125,30.53353],[-97.60135,30.53986],[-97.59565,30.53995],[-97.59571,30.54466],[-97.59136,30.54478],[-97.59158,30.5556],[-97.59377,30.55564],[-97.59385,30.56206],[-97.5863,30.56213],[-97.58888,30.56833],[-97.58923,30.57064],[-97.5877,30.57267],[-97.58789,30.57488],[-97.59356,30.588],[-97.59553,30.58978],[-97.59996,30.58867],[-97.60186,30.59308],[-97.60477,30.59216],[-97.60595,30.59742],[-97.60831,30.59673],[-97.61246,30.60564],[-97.62236,30.6025],[-97.62615,30.61144],[-97.6074,30.6175],[-97.6038,30.61467],[-97.60162,30.61117],[-97.58132,30.61755],[-97.58192,30.61898],[-97.57146,30.62188],[-97.56857,30.62207],[-97.56936,30.62392],[-97.56527,30.62545],[-97.56491,30.62472],[-97.56043,30.62716],[-97.56084,30.6282],[-97.55429,30.62995],[-97.55369,30.62884],[-97.55194,30.6313],[-97.54796,30.63336],[-97.54735,30.63629],[-97.54087,30.63538],[-97.53523,30.63309],[-97.532,30.63092],[-97.52956,30.63092],[-97.52581,30.62907],[-97.52062,30.62993],[-97.51529,30.63228],[-97.51117,30.63232],[-97.5062,30.63004],[-97.50158,30.62679],[-97.49538,30.62838],[-97.49034,30.62695],[-97.48248,30.6079]]]}},{"type":"Feature","properties":{"zcta":"78642","d":132},"geometry":{"type":"Polygon","coordinates":[[[-97.93775,30.80367],[-97.93272,30.80536],[-97.93155,30.80648],[-97.92808,30.80682],[-97.92658,30.80552],[-97.9265,30.80161],[-97.93173,30.79715],[-97.92929,30.79606],[-97.91827,30.79943],[-97.9135,30.78785],[-97.8987,30.79253],[-97.89783,30.79056],[-97.89742,30.78456],[-97.89599,30.78299],[-97.8911,30.77987],[-97.89032,30.77456],[-97.88822,30.77148],[-97.87706,30.77489],[-97.87686,30.77346],[-97.87652,30.74647],[-97.87545,30.74388],[-97.87148,30.74517],[-97.86406,30.72762],[-97.85961,30.72878],[-97.85648,30.72009],[-97.85982,30.71886],[-97.85974,30.71193],[-97.86102,30.71116],[-97.86068,30.70791],[-97.85633,30.70567],[-97.84091,30.70267],[-97.83624,30.69092],[-97.83515,30.69061],[-97.82882,30.69625],[-97.82864,30.69474],[-97.83137,30.69278],[-97.83267,30.68868],[-97.83522,30.68674],[-97.8326,30.68319],[-97.82499,30.68065],[-97.82462,30.6792],[-97.81984,30.67735],[-97.8182,30.67799],[-97.81656,30.67611],[-97.81799,30.67453],[-97.81518,30.66994],[-97.81178,30.67017],[-97.80714,30.66077],[-97.81188,30.65877],[-97.81744,30.65728],[-97.81819,30.65836],[-97.83672,30.65314],[-97.83027,30.64548],[-97.82783,30.63785],[-97.83293,30.63844],[-97.83763,30.64093],[-97.83963,30.63837],[-97.84755,30.63601],[-97.85635,30.63315],[-97.85809,30.64011],[-97.86189,30.63885],[-97.8648,30.64433],[-97.8635,30.64658],[-97.87161,30.64403],[-97.87134,30.64338],[-97.88154,30.64009],[-97.87962,30.63633],[-97.8766,30.62666],[-97.8765,30.62405],[-97.88211,30.62534],[-97.89153,30.6309],[-97.89543,30.62846],[-97.89626,30.63124],[-97.89813,30.63124],[-97.89799,30.63299],[-97.90015,30.63748],[-97.90566,30.63576],[-97.90574,30.63727],[-97.91983,30.63273],[-97.91847,30.62964],[-97.92161,30.62857],[-97.92289,30.63195],[-97.92563,30.63121],[-97.92778,30.63617],[-97.93135,30.63302],[-97.93249,30.63392],[-97.93506,30.63268],[-97.93636,30.63344],[-97.94023,30.63215],[-97.93928,30.62968],[-97.93639,30.62789],[-97.93709,30.62606],[-97.94366,30.62741],[-97.94504,30.63085],[-97.94242,30.63293],[-97.93947,30.63644],[-97.93936,30.63764],[-97.94146,30.64263],[-97.95261,30.63914],[-97.95092,30.63524],[-97.95417,30.63336],[-97.95564,30.63103],[-97.9547,30.62717],[-97.95673,30.62825],[-97.96631,30.62368],[-97.97787,30.62211],[-97.99101,30.60985],[-97.9924,30.60949],[-97.99799,30.61302],[-98.00194,30.62143],[-98.00628,30.62752],[-98.01274,30.61677],[-98.01773,30.61646],[-98.0297,30.61472],[-98.03649,30.61173],[-98.03959,30.61855],[-98.04029,30.6182],[-98.04989,30.62416],[-98.03034,30.66045],[-98.03506,30.66325],[-98.04283,30.66295],[-98.05538,30.65911],[-98.05973,30.65732],[-98.07114,30.65386],[-98.07511,30.66355],[-98.07457,30.66577],[-98.06683,30.67353],[-98.05975,30.68357],[-98.05901,30.68687],[-98.05992,30.69257],[-98.06198,30.69777],[-98.05987,30.70113],[-98.05474,30.70075],[-98.05071,30.69936],[-98.04683,30.7023],[-98.04498,30.70176],[-98.04349,30.69938],[-98.03799,30.70006],[-98.03654,30.70295],[-98.03477,30.70401],[-98.03216,30.70309],[-98.03354,30.70517],[-98.03411,30.71143],[-98.02772,30.7118],[-98.02216,30.71314],[-98.01718,30.71329],[-98.00437,30.70837],[-97.97436,30.76455],[-97.96286,30.78564],[-97.93955,30.80654],[-97.93775,30.80367]]]}},{"type":"Feature","properties":{"zcta":"78650","d":13},"geometry":{"type":"Polygon","coordinates":[[[-97.26736,30.28347],[-97.2648,30.28872],[-97.26143,30.29412],[-97.26147,30.29507],[-97.27009,30.29665],[-97.26395,30.30208],[-97.26422,30.30362],[-97.27208,30.31057],[-97.27166,30.31441],[-97.26591,30.32266],[-97.26566,30.32618],[-97.26788,30.32823],[-97.25873,30.32409],[-97.25457,30.32385],[-97.25358,30.32543],[-97.25681,30.32848],[-97.25294,30.33289],[-97.24839,30.33394],[-97.2443,30.33664],[-97.2418,30.34039],[-97.24864,30.34362],[-97.24247,30.35356],[-97.23864,30.35653],[-97.26306,30.36827],[-97.25967,30.37355],[-97.25628,30.37607],[-97.24211,30.38075],[-97.23784,30.38088],[-97.23502,30.37989],[-97.22593,30.37512],[-97.22765,30.37841],[-97.22674,30.38149],[-97.22758,30.38393],[-97.23027,30.38458],[-97.23486,30.39504],[-97.23505,30.40005],[-97.23697,30.40518],[-97.23067,30.40734],[-97.23116,30.41081],[-97.22209,30.41369],[-97.21721,30.40982],[-97.21662,30.40844],[-97.21192,30.40638],[-97.20753,30.40691],[-97.20319,30.40985],[-97.20071,30.40955],[-97.20002,30.40458],[-97.19753,30.4011],[-97.19605,30.40094],[-97.19156,30.40316],[-97.18899,30.39689],[-97.1884,30.39265],[-97.18539,30.38567],[-97.18034,30.38664],[-97.17683,30.38435],[-97.17431,30.38393],[-97.16727,30.38515],[-97.15994,30.38725],[-97.15949,30.38321],[-97.16079,30.3822],[-97.15853,30.37678],[-97.16122,30.37528],[-97.15726,30.36605],[-97.16995,30.36205],[-97.16724,30.35677],[-97.16962,30.3561],[-97.1685,30.35295],[-97.16427,30.35421],[-97.16119,30.34753],[-97.16708,30.34562],[-97.16563,30.34173],[-97.17566,30.33878],[-97.17774,30.34236],[-97.19296,30.33788],[-97.19168,30.33262],[-97.17167,30.31928],[-97.16188,30.2965],[-97.17731,30.29148],[-97.1713,30.27741],[-97.16841,30.27825],[-97.16804,30.27701],[-97.1709,30.27433],[-97.17273,30.27426],[-97.17374,30.27665],[-97.17166,30.27756],[-97.17366,30.27902],[-97.1817,30.27643],[-97.18446,30.27507],[-97.18697,30.27682],[-97.19543,30.26922],[-97.17408,30.25134],[-97.16992,30.24811],[-97.1477,30.22936],[-97.14749,30.22882],[-97.1607,30.22479],[-97.15932,30.22368],[-97.14899,30.21807],[-97.14691,30.21745],[-97.14292,30.21816],[-97.14142,30.21456],[-97.14639,30.21656],[-97.14848,30.21531],[-97.16447,30.2223],[-97.16096,30.22462],[-97.16437,30.23071],[-97.16579,30.23493],[-97.16994,30.23777],[-97.17958,30.22891],[-97.18496,30.23125],[-97.20156,30.2372],[-97.20355,30.23528],[-97.20204,30.23188],[-97.2036,30.22781],[-97.20718,30.2245],[-97.21152,30.22845],[-97.21378,30.23402],[-97.21392,30.23612],[-97.216,30.23822],[-97.21951,30.23339],[-97.22039,30.23123],[-97.21885,30.22517],[-97.21571,30.22214],[-97.21465,30.2186],[-97.21319,30.21772],[-97.21244,30.21296],[-97.21368,30.2095],[-97.21288,30.20762],[-97.21617,30.20489],[-97.2195,30.20334],[-97.22506,30.19941],[-97.22879,30.19954],[-97.2311,30.19796],[-97.23103,30.19675],[-97.24844,30.21047],[-97.26607,30.22543],[-97.274,30.23192],[-97.2598,30.24942],[-97.25731,30.25353],[-97.25123,30.26062],[-97.24851,30.27113],[-97.24736,30.27262],[-97.24935,30.27422],[-97.25622,30.26807],[-97.2633,30.27375],[-97.26029,30.2764],[-97.26746,30.2818],[-97.26736,30.28347]]]}},{"type":"Feature","properties":{"zcta":"78665","d":1611},"geometry":{"type":"Polygon","coordinates":[[[-97.68527,30.57283],[-97.68453,30.57144],[-97.67516,30.57439],[-97.67528,30.57502],[-97.6684,30.57669],[-97.66989,30.58047],[-97.66236,30.58162],[-97.65647,30.58343],[-97.65361,30.58199],[-97.65461,30.58438],[-97.64387,30.58766],[-97.6461,30.59147],[-97.63857,30.59393],[-97.63739,30.58961],[-97.63593,30.59013],[-97.63428,30.5862],[-97.63468,30.58379],[-97.63215,30.57731],[-97.6265,30.58037],[-97.59996,30.58867],[-97.59553,30.58978],[-97.59356,30.588],[-97.58789,30.57488],[-97.5877,30.57267],[-97.58923,30.57064],[-97.58888,30.56833],[-97.5863,30.56213],[-97.59385,30.56206],[-97.59377,30.55564],[-97.59158,30.5556],[-97.59136,30.54478],[-97.59571,30.54466],[-97.59565,30.53995],[-97.60135,30.53986],[-97.60125,30.53353],[-97.61092,30.53246],[-97.61453,30.53167],[-97.61396,30.52936],[-97.61377,30.51539],[-97.61651,30.51539],[-97.61642,30.51056],[-97.61354,30.51063],[-97.6134,30.50427],[-97.61625,30.50427],[-97.61618,30.50149],[-97.61334,30.50069],[-97.61616,30.50009],[-97.6161,30.4974],[-97.622,30.49665],[-97.64526,30.49631],[-97.64535,30.50175],[-97.64453,30.50454],[-97.64493,30.51001],[-97.64725,30.51544],[-97.65301,30.51387],[-97.65551,30.51398],[-97.65394,30.51808],[-97.65551,30.51785],[-97.65569,30.52114],[-97.65225,30.52869],[-97.65218,30.53327],[-97.65035,30.54302],[-97.65165,30.53831],[-97.65289,30.53827],[-97.6523,30.54092],[-97.65597,30.54166],[-97.65959,30.54001],[-97.67361,30.53827],[-97.67475,30.54113],[-97.67851,30.54127],[-97.68179,30.53626],[-97.68475,30.53714],[-97.68789,30.53604],[-97.68888,30.54087],[-97.69193,30.54015],[-97.69164,30.54761],[-97.69199,30.5534],[-97.6926,30.55371],[-97.69285,30.57122],[-97.68527,30.57283]]]}},{"type":"Feature","properties":{"zcta":"78732","d":566},"geometry":{"type":"Polygon","coordinates":[[[-97.91679,30.3544],[-97.91352,30.36264],[-97.91432,30.3757],[-97.91448,30.38478],[-97.91342,30.38823],[-97.91109,30.39049],[-97.90539,30.39278],[-97.89998,30.39424],[-97.89943,30.39524],[-97.90084,30.40076],[-97.90654,30.41169],[-97.91109,30.42222],[-97.89516,30.4248],[-97.88643,30.42651],[-97.88324,30.42773],[-97.8817,30.42588],[-97.87868,30.42902],[-97.8771,30.42342],[-97.87422,30.42335],[-97.8728,30.42552],[-97.86952,30.42032],[-97.86904,30.41719],[-97.86765,30.41458],[-97.86837,30.4129],[-97.86658,30.40927],[-97.86349,30.40582],[-97.85998,30.4056],[-97.85402,30.40378],[-97.84948,30.39735],[-97.85157,30.39632],[-97.84933,30.39438],[-97.86365,30.38567],[-97.87393,30.37437],[-97.87029,30.37179],[-97.87243,30.36932],[-97.8742,30.3707],[-97.87827,30.37112],[-97.88405,30.36235],[-97.87943,30.36008],[-97.88301,30.35586],[-97.8896,30.34663],[-97.88918,30.34389],[-97.89814,30.34159],[-97.89691,30.3409],[-97.89989,30.3399],[-97.90919,30.3316],[-97.91489,30.3278],[-97.91789,30.3266],[-97.92256,30.32619],[-97.92469,30.326],[-97.93009,30.3285],[-97.93399,30.3314],[-97.93469,30.3357],[-97.93405,30.33645],[-97.91679,30.3544]]]}},{"type":"Feature","properties":{"zcta":"78736","d":162},"geometry":{"type":"Polygon","coordinates":[[[-98.02546,30.25386],[-98.02307,30.25246],[-98.02,30.24883],[-98.01759,30.25],[-98.01353,30.24973],[-98.0114,30.24862],[-98.00775,30.2501],[-98.00308,30.25117],[-98.0035,30.25414],[-98.00209,30.25519],[-97.9989,30.25538],[-97.99677,30.25786],[-97.99778,30.25999],[-97.99625,30.26198],[-97.99413,30.26137],[-97.99214,30.26265],[-97.99527,30.2641],[-97.9962,30.26593],[-97.99436,30.26765],[-97.99192,30.26823],[-97.99079,30.26712],[-97.98812,30.26752],[-97.98692,30.2707],[-97.98489,30.27342],[-97.9827,30.27216],[-97.98295,30.26744],[-97.98006,30.26495],[-97.97748,30.26691],[-97.97688,30.27204],[-97.97468,30.27215],[-97.97059,30.26561],[-97.96906,30.26474],[-97.9666,30.26536],[-97.96541,30.27076],[-97.96259,30.27087],[-97.95978,30.26951],[-97.95636,30.26942],[-97.95706,30.2718],[-97.9598,30.27293],[-97.96019,30.27552],[-97.95735,30.27695],[-97.95196,30.27559],[-97.94775,30.27684],[-97.94368,30.27518],[-97.94208,30.27617],[-97.94317,30.27983],[-97.93956,30.28096],[-97.9338,30.27751],[-97.9324,30.27769],[-97.93371,30.28135],[-97.93187,30.28173],[-97.92961,30.27887],[-97.9275,30.28057],[-97.92923,30.28344],[-97.9258,30.28217],[-97.92467,30.28358],[-97.92591,30.2874],[-97.92307,30.28896],[-97.91906,30.28759],[-97.91846,30.28892],[-97.91662,30.2865],[-97.91672,30.28054],[-97.9142,30.27544],[-97.90918,30.26702],[-97.90724,30.26013],[-97.90448,30.25721],[-97.90712,30.25511],[-97.90415,30.25426],[-97.90507,30.2528],[-97.90224,30.25295],[-97.89706,30.24793],[-97.89426,30.24989],[-97.88683,30.2462],[-97.88472,30.2446],[-97.88682,30.24482],[-97.88602,30.24243],[-97.88028,30.23988],[-97.87725,30.23574],[-97.87261,30.23394],[-97.87472,30.23342],[-97.87929,30.23078],[-97.87717,30.22833],[-97.87694,30.22639],[-97.8785,30.22547],[-97.87404,30.22537],[-97.87169,30.22376],[-97.87309,30.22258],[-97.87772,30.22439],[-97.87764,30.22145],[-97.88048,30.22282],[-97.88484,30.21854],[-97.8926,30.222],[-97.8883,30.2292],[-97.89421,30.22994],[-97.90936,30.23444],[-97.91217,30.23441],[-97.92137,30.23277],[-97.92058,30.23184],[-97.91966,30.22563],[-97.91848,30.22346],[-97.92486,30.22397],[-97.92957,30.22613],[-97.92598,30.23197],[-97.93812,30.2296],[-97.95331,30.22331],[-97.95222,30.2203],[-97.95397,30.21762],[-97.9569,30.21815],[-97.95932,30.21982],[-97.95591,30.22199],[-97.95911,30.2246],[-97.9633,30.22617],[-97.96725,30.2201],[-97.9715,30.22223],[-97.97294,30.22],[-97.9779,30.22429],[-97.98153,30.22529],[-97.98259,30.22015],[-97.9999,30.23251],[-98.00216,30.23262],[-98.00499,30.23412],[-98.01083,30.24034],[-98.01292,30.23853],[-98.01375,30.2363],[-98.0195,30.23659],[-98.02268,30.23566],[-98.02499,30.23672],[-98.02719,30.24008],[-98.02968,30.24239],[-98.02853,30.24743],[-98.02671,30.25169],[-98.02546,30.25386]]]}},{"type":"Feature","properties":{"zcta":"78727","d":1750},"geometry":{"type":"MultiPolygon","coordinates":[[[[-97.71796,30.44907],[-97.71609,30.4484],[-97.71212,30.44529],[-97.70031,30.44075],[-97.69782,30.44021],[-97.68925,30.43611],[-97.6864,30.43399],[-97.68475,30.4309],[-97.67659,30.42686],[-97.67761,30.4258],[-97.67603,30.423],[-97.67863,30.42111],[-97.67833,30.41846],[-97.68037,30.41431],[-97.68035,30.41146],[-97.68137,30.40893],[-97.69325,30.4145],[-97.70156,30.41864],[-97.70519,30.42104],[-97.70841,30.41798],[-97.71569,30.42153],[-97.72204,30.41163],[-97.72626,30.41173],[-97.72844,30.41335],[-97.72951,30.41562],[-97.73158,30.4125],[-97.7384,30.41577],[-97.74297,30.41628],[-97.74212,30.41755],[-97.7467,30.41907],[-97.74749,30.42229],[-97.74933,30.42436],[-97.75361,30.42651],[-97.75115,30.42907],[-97.7581,30.43099],[-97.75804,30.43291],[-97.76034,30.43271],[-97.758,30.43815],[-97.74965,30.44117],[-97.74737,30.43881],[-97.74466,30.43994],[-97.74623,30.44237],[-97.74246,30.44375],[-97.7389,30.43955],[-97.73393,30.44125],[-97.73125,30.4395],[-97.72742,30.43968],[-97.72072,30.45313],[-97.71796,30.44907]]],[[[-97.76545,30.4357],[-97.76356,30.4364],[-97.76235,30.43344],[-97.76437,30.43313],[-97.76545,30.4357]]]]}},{"type":"Feature","properties":{"zcta":"78616","d":46},"geometry":{"type":"Polygon","coordinates":[[[-97.66948,30.03163],[-97.66571,30.03327],[-97.67204,30.03889],[-97.65992,30.04964],[-97.66861,30.05669],[-97.66536,30.0596],[-97.6649,30.06156],[-97.66777,30.06501],[-97.66442,30.065],[-97.66266,30.06357],[-97.65369,30.07156],[-97.64937,30.06794],[-97.6481,30.06689],[-97.64426,30.07013],[-97.63379,30.06161],[-97.62481,30.06976],[-97.62333,30.0687],[-97.6163,30.07485],[-97.61199,30.07115],[-97.60668,30.07635],[-97.60418,30.07784],[-97.59842,30.08279],[-97.59028,30.0758],[-97.58383,30.08129],[-97.56816,30.06814],[-97.54575,30.04913],[-97.54861,30.0467],[-97.54591,30.04445],[-97.54318,30.04695],[-97.54172,30.04543],[-97.54047,30.04196],[-97.54114,30.03594],[-97.54232,30.03698],[-97.54487,30.03627],[-97.54853,30.03788],[-97.55224,30.03553],[-97.55577,30.02979],[-97.55681,30.03035],[-97.56304,30.02432],[-97.56256,30.02355],[-97.56628,30.0194],[-97.56647,30.018],[-97.55664,30.0098],[-97.55784,30.00804],[-97.56263,30.01197],[-97.56609,30.00895],[-97.55582,30.0],[-97.55307,30.00237],[-97.55092,30.00055],[-97.54835,30.00285],[-97.54152,29.9973],[-97.53592,30.00209],[-97.5385,30.00457],[-97.53315,30.00941],[-97.52453,30.00182],[-97.52216,30.00389],[-97.51851,30.00088],[-97.51679,30.00239],[-97.51537,30.00127],[-97.52705,29.99083],[-97.53253,29.983],[-97.51682,29.9805],[-97.50719,29.97648],[-97.5239,29.96168],[-97.52576,29.96062],[-97.5287,29.96286],[-97.5329,29.95624],[-97.53082,29.95312],[-97.52939,29.94921],[-97.5294,29.94569],[-97.5282,29.9418],[-97.51819,29.93846],[-97.52395,29.92968],[-97.51812,29.93407],[-97.50581,29.94053],[-97.50444,29.94095],[-97.50441,29.93878],[-97.51551,29.92172],[-97.51336,29.9205],[-97.5175,29.91499],[-97.51723,29.91456],[-97.4903,29.93345],[-97.48005,29.92479],[-97.4878,29.9125],[-97.49078,29.90902],[-97.49766,29.89826],[-97.49983,29.894],[-97.49793,29.89297],[-97.49911,29.89121],[-97.4969,29.8883],[-97.49896,29.88503],[-97.50018,29.88547],[-97.50316,29.88046],[-97.49124,29.87465],[-97.49175,29.8737],[-97.48852,29.87202],[-97.48739,29.87349],[-97.48496,29.87993],[-97.4799,29.87766],[-97.47538,29.88506],[-97.44834,29.87196],[-97.45158,29.86675],[-97.45979,29.8541],[-97.46214,29.85131],[-97.47774,29.82675],[-97.4703,29.82044],[-97.47039,29.81185],[-97.46762,29.8116],[-97.46576,29.80852],[-97.46174,29.80845],[-97.45953,29.80728],[-97.45694,29.80732],[-97.45615,29.80406],[-97.45714,29.80105],[-97.45491,29.79859],[-97.45423,29.79437],[-97.46081,29.79499],[-97.4658,29.7982],[-97.48247,29.79841],[-97.48308,29.77514],[-97.47673,29.77211],[-97.47966,29.76736],[-97.4798,29.75511],[-97.49613,29.7555],[-97.49629,29.76095],[-97.5179,29.76056],[-97.51641,29.76279],[-97.51703,29.77002],[-97.52681,29.77001],[-97.52678,29.77092],[-97.53958,29.77079],[-97.5395,29.76194],[-97.55029,29.76174],[-97.55385,29.76439],[-97.557,29.76446],[-97.55707,29.76856],[-97.57076,29.7685],[-97.57127,29.77585],[-97.57624,29.77579],[-97.57279,29.77934],[-97.57355,29.78146],[-97.57258,29.78295],[-97.57598,29.78695],[-97.5754,29.7891],[-97.57803,29.79177],[-97.53433,29.84276],[-97.53344,29.85086],[-97.52618,29.85259],[-97.525,29.85392],[-97.52519,29.85846],[-97.53131,29.86395],[-97.52642,29.86807],[-97.53394,29.87487],[-97.53258,29.87804],[-97.529,29.87569],[-97.52714,29.87863],[-97.53351,29.88272],[-97.5368,29.88011],[-97.5389,29.87948],[-97.55156,29.88975],[-97.54811,29.89093],[-97.54737,29.89429],[-97.55111,29.89857],[-97.55414,29.90091],[-97.55345,29.90211],[-97.5554,29.90358],[-97.55991,29.90205],[-97.5631,29.90519],[-97.5901,29.89275],[-97.59439,29.89143],[-97.59518,29.89563],[-97.59698,29.89629],[-97.59845,29.9006],[-97.61175,29.89863],[-97.61284,29.90444],[-97.62282,29.90293],[-97.61833,29.90726],[-97.61077,29.91212],[-97.59862,29.92261],[-97.59255,29.92514],[-97.6116,29.94124],[-97.6026,29.94931],[-97.60586,29.95218],[-97.60965,29.94898],[-97.61872,29.95604],[-97.60759,29.96639],[-97.61363,29.97138],[-97.60921,29.97586],[-97.61472,29.97985],[-97.62339,29.98758],[-97.6215,29.9904],[-97.62544,29.99284],[-97.62662,29.98959],[-97.62976,29.98624],[-97.63158,29.98533],[-97.63375,29.98718],[-97.63898,29.98339],[-97.6432,29.97965],[-97.64384,29.98167],[-97.64307,29.9852],[-97.64508,29.98579],[-97.64443,29.98833],[-97.64695,29.99082],[-97.63797,29.99929],[-97.64523,30.005],[-97.65147,29.99949],[-97.65843,30.00525],[-97.66213,30.00765],[-97.6635,30.00696],[-97.66575,30.00907],[-97.65906,30.01505],[-97.6702,30.02452],[-97.67437,30.02888],[-97.67446,30.03052],[-97.66948,30.03163]]]}},{"type":"Feature","properties":{"zcta":"78753","d":2120},"geometry":{"type":"Polygon","coordinates":[[[-97.71049,30.35006],[-97.70564,30.35335],[-97.70862,30.35495],[-97.70689,30.35611],[-97.70407,30.35452],[-97.70011,30.35765],[-97.70145,30.35831],[-97.70117,30.36186],[-97.69549,30.37073],[-97.69301,30.37018],[-97.68768,30.37954],[-97.69351,30.38238],[-97.6919,30.38432],[-97.68637,30.38193],[-97.685,30.3845],[-97.68787,30.38574],[-97.68283,30.39299],[-97.68084,30.39434],[-97.68005,30.39729],[-97.68174,30.39822],[-97.68173,30.4009],[-97.6794,30.39915],[-97.67817,30.4079],[-97.68137,30.40893],[-97.68035,30.41146],[-97.68037,30.41431],[-97.67833,30.41846],[-97.67863,30.42111],[-97.67603,30.423],[-97.67761,30.4258],[-97.67659,30.42686],[-97.67159,30.42442],[-97.67006,30.43019],[-97.66524,30.42885],[-97.66873,30.42334],[-97.66091,30.4195],[-97.65639,30.41654],[-97.65456,30.41436],[-97.65395,30.41626],[-97.65106,30.42008],[-97.65688,30.4236],[-97.65738,30.42473],[-97.65658,30.43041],[-97.65099,30.4277],[-97.64999,30.42928],[-97.6467,30.42854],[-97.64788,30.42474],[-97.64553,30.42313],[-97.64719,30.42038],[-97.64565,30.41929],[-97.64833,30.41877],[-97.65199,30.41296],[-97.64858,30.4096],[-97.64209,30.40845],[-97.6417,30.4065],[-97.63786,30.40473],[-97.6385,30.40375],[-97.64439,30.39475],[-97.64946,30.38519],[-97.65273,30.38191],[-97.65603,30.3797],[-97.6597,30.37815],[-97.65871,30.37736],[-97.66109,30.37486],[-97.66582,30.37246],[-97.66879,30.36783],[-97.66862,30.36247],[-97.67443,30.35344],[-97.67583,30.35393],[-97.68013,30.34645],[-97.67968,30.34463],[-97.68256,30.34627],[-97.68483,30.34225],[-97.68727,30.33926],[-97.68332,30.33734],[-97.68605,30.33311],[-97.69318,30.33604],[-97.69256,30.33852],[-97.69531,30.33707],[-97.70055,30.33957],[-97.69858,30.3422],[-97.70123,30.34358],[-97.70362,30.3428],[-97.70665,30.34503],[-97.70571,30.34639],[-97.70833,30.34753],[-97.70916,30.34639],[-97.71244,30.34781],[-97.71049,30.35006]]]}},{"type":"Feature","properties":{"zcta":"76578","d":12},"geometry":{"type":"Polygon","coordinates":[[[-97.26278,30.63831],[-97.2578,30.63976],[-97.25631,30.63863],[-97.25043,30.63926],[-97.24584,30.63859],[-97.24267,30.63572],[-97.24148,30.63596],[-97.23814,30.6339],[-97.23211,30.63272],[-97.22739,30.62968],[-97.22617,30.62971],[-97.22203,30.61994],[-97.21686,30.60661],[-97.21477,30.60233],[-97.19762,30.56084],[-97.20709,30.55789],[-97.21015,30.55907],[-97.22547,30.56658],[-97.22696,30.56555],[-97.2272,30.56301],[-97.22882,30.56152],[-97.23121,30.56115],[-97.23087,30.559],[-97.23299,30.55819],[-97.22775,30.55108],[-97.22448,30.54326],[-97.22899,30.54153],[-97.22633,30.53477],[-97.21937,30.52622],[-97.21565,30.51756],[-97.21009,30.51708],[-97.20102,30.51829],[-97.1983,30.51826],[-97.19194,30.51998],[-97.19403,30.51533],[-97.19922,30.50238],[-97.20549,30.50418],[-97.20577,30.50341],[-97.21227,30.50078],[-97.2064,30.49394],[-97.20312,30.49252],[-97.19991,30.50063],[-97.17674,30.49348],[-97.17791,30.49064],[-97.16985,30.49302],[-97.1621,30.47416],[-97.15762,30.46978],[-97.1521,30.4675],[-97.14629,30.46754],[-97.14098,30.46482],[-97.15522,30.45734],[-97.22302,30.43657],[-97.23599,30.43254],[-97.24031,30.43198],[-97.24382,30.43648],[-97.24486,30.44387],[-97.24605,30.44477],[-97.24607,30.44775],[-97.24833,30.45374],[-97.24581,30.45485],[-97.24862,30.46166],[-97.23621,30.46543],[-97.2337,30.46949],[-97.2331,30.47176],[-97.23846,30.47546],[-97.24172,30.48051],[-97.24759,30.48229],[-97.25048,30.48114],[-97.25149,30.47931],[-97.27475,30.47168],[-97.28178,30.48819],[-97.28006,30.49071],[-97.28178,30.49563],[-97.28349,30.49824],[-97.28512,30.49719],[-97.28853,30.49792],[-97.29115,30.49663],[-97.29355,30.5028],[-97.28934,30.50408],[-97.29217,30.51104],[-97.28952,30.51188],[-97.29234,30.51875],[-97.2911,30.51997],[-97.29181,30.5218],[-97.2861,30.52364],[-97.28973,30.53283],[-97.29299,30.53992],[-97.2973,30.53943],[-97.29904,30.53847],[-97.30491,30.55154],[-97.29851,30.55343],[-97.29919,30.55497],[-97.30466,30.55826],[-97.28606,30.56435],[-97.28558,30.56472],[-97.29181,30.579],[-97.29257,30.5787],[-97.29674,30.58487],[-97.30297,30.58373],[-97.30514,30.58998],[-97.30948,30.58855],[-97.3189,30.58674],[-97.32032,30.59027],[-97.28573,30.60041],[-97.29455,30.62268],[-97.29234,30.63185],[-97.28687,30.63235],[-97.28561,30.63364],[-97.28364,30.63285],[-97.27844,30.63369],[-97.27626,30.63237],[-97.27436,30.63391],[-97.26443,30.63659],[-97.26278,30.63831]]]}},{"type":"Feature","properties":{"zcta":"78644","d":51},"geometry":{"type":"Polygon","coordinates":[[[-97.80699,29.85987],[-97.78969,29.87287],[-97.76454,29.87197],[-97.74038,29.87058],[-97.74873,29.88269],[-97.74391,29.88416],[-97.74668,29.8859],[-97.74849,29.88904],[-97.75517,29.89242],[-97.75978,29.89762],[-97.76351,29.89831],[-97.76448,29.9005],[-97.76728,29.90217],[-97.76889,29.90142],[-97.77048,29.90293],[-97.77673,29.90125],[-97.77782,29.9029],[-97.7809,29.90449],[-97.78326,29.90926],[-97.78716,29.91382],[-97.7622,29.93229],[-97.75225,29.94137],[-97.74534,29.94693],[-97.7472,29.9543],[-97.74779,29.95703],[-97.74562,29.95738],[-97.74558,29.95921],[-97.7474,29.95911],[-97.74821,29.96111],[-97.74004,29.96234],[-97.74223,29.973],[-97.72894,29.975],[-97.72897,29.97752],[-97.72434,29.97846],[-97.71189,29.98035],[-97.71068,29.97434],[-97.68512,29.9952],[-97.68668,30.00364],[-97.68783,30.01475],[-97.69931,30.02436],[-97.70051,30.02595],[-97.6946,30.02722],[-97.6888,30.0277],[-97.67446,30.03052],[-97.67437,30.02888],[-97.6702,30.02452],[-97.65906,30.01505],[-97.66575,30.00907],[-97.6635,30.00696],[-97.66213,30.00765],[-97.65843,30.00525],[-97.65147,29.99949],[-97.64523,30.005],[-97.63797,29.99929],[-97.64695,29.99082],[-97.64443,29.98833],[-97.64508,29.98579],[-97.64307,29.9852],[-97.64384,29.98167],[-97.6432,29.97965],[-97.63898,29.98339],[-97.63375,29.98718],[-97.63158,29.98533],[-97.62976,29.98624],[-97.62662,29.98959],[-97.62544,29.99284],[-97.6215,29.9904],[-97.62339,29.98758],[-97.61472,29.97985],[-97.60921,29.97586],[-97.61363,29.97138],[-97.60759,29.96639],[-97.61872,29.95604],[-97.60965,29.94898],[-97.60586,29.95218],[-97.6026,29.94931],[-97.6116,29.94124],[-97.59255,29.92514],[-97.59862,29.92261],[-97.61077,29.91212],[-97.61833,29.90726],[-97.62282,29.90293],[-97.61284,29.90444],[-97.61175,29.89863],[-97.59845,29.9006],[-97.59698,29.89629],[-97.59518,29.89563],[-97.59439,29.89143],[-97.5901,29.89275],[-97.5631,29.90519],[-97.55991,29.90205],[-97.5554,29.90358],[-97.55345,29.90211],[-97.55414,29.90091],[-97.55111,29.89857],[-97.54737,29.89429],[-97.54811,29.89093],[-97.55156,29.88975],[-97.5389,29.87948],[-97.5368,29.88011],[-97.53351,29.88272],[-97.52714,29.87863],[-97.529,29.87569],[-97.53258,29.87804],[-97.53394,29.87487],[-97.52642,29.86807],[-97.53131,29.86395],[-97.52519,29.85846],[-97.525,29.85392],[-97.52618,29.85259],[-97.53344,29.85086],[-97.53433,29.84276],[-97.57803,29.79177],[-97.59189,29.77579],[-97.59503,29.77292],[-97.60504,29.76598],[-97.60798,29.76905],[-97.60889,29.77108],[-97.611,29.77186],[-97.61205,29.77541],[-97.6118,29.77846],[-97.6136,29.77908],[-97.61659,29.7825],[-97.63135,29.76458],[-97.63821,29.77106],[-97.64309,29.7672],[-97.64651,29.77053],[-97.64927,29.7687],[-97.64901,29.76499],[-97.65187,29.76238],[-97.65407,29.76172],[-97.65593,29.76521],[-97.65636,29.76789],[-97.66098,29.76452],[-97.66267,29.7668],[-97.66529,29.76768],[-97.66717,29.77277],[-97.66827,29.77227],[-97.67118,29.77596],[-97.67746,29.77689],[-97.68493,29.77487],[-97.68797,29.77667],[-97.69205,29.78181],[-97.69823,29.77055],[-97.7022,29.76741],[-97.7089,29.77378],[-97.71671,29.76762],[-97.71576,29.76603],[-97.71978,29.76303],[-97.72551,29.76896],[-97.72357,29.7707],[-97.72514,29.77261],[-97.72123,29.77578],[-97.73109,29.78568],[-97.74416,29.77593],[-97.74664,29.77847],[-97.75071,29.77571],[-97.77431,29.75772],[-97.77813,29.76219],[-97.78183,29.7705],[-97.7609,29.78612],[-97.77694,29.80228],[-97.79068,29.77908],[-97.79256,29.77707],[-97.80562,29.76777],[-97.80706,29.76899],[-97.81117,29.7745],[-97.80797,29.77464],[-97.80589,29.77307],[-97.80565,29.77706],[-97.80821,29.77964],[-97.81137,29.7803],[-97.81293,29.77832],[-97.8151,29.78073],[-97.81195,29.78347],[-97.81448,29.78512],[-97.7956,29.79929],[-97.79984,29.80757],[-97.79864,29.81226],[-97.79673,29.81412],[-97.79828,29.81885],[-97.79599,29.82218],[-97.79621,29.82554],[-97.79383,29.82702],[-97.7958,29.82915],[-97.79641,29.83379],[-97.79108,29.83539],[-97.78668,29.83818],[-97.792,29.84431],[-97.79372,29.84957],[-97.79719,29.85401],[-97.79956,29.85902],[-97.80339,29.85834],[-97.80705,29.85945],[-97.81158,29.86297],[-97.81325,29.86616],[-97.80699,29.85987]]]}},{"type":"Feature","properties":{"zcta":"78721","d":1588},"geometry":{"type":"Polygon","coordinates":[[[-97.69804,30.28412],[-97.69609,30.28373],[-97.68263,30.28586],[-97.67251,30.28681],[-97.66526,30.28562],[-97.66965,30.26892],[-97.67821,30.25483],[-97.68327,30.25111],[-97.69106,30.24945],[-97.69249,30.25077],[-97.6925,30.25509],[-97.69098,30.25853],[-97.69386,30.26009],[-97.69551,30.26561],[-97.69436,30.26743],[-97.69627,30.2681],[-97.69791,30.27356],[-97.70304,30.28115],[-97.70171,30.28291],[-97.69804,30.28412]]]}},{"type":"Feature","properties":{"zcta":"78735","d":504},"geometry":{"type":"Polygon","coordinates":[[[-97.90401,30.30341],[-97.89788,30.29866],[-97.89698,30.29693],[-97.90214,30.29184],[-97.9007,30.28926],[-97.89797,30.28962],[-97.89561,30.2913],[-97.89164,30.29542],[-97.8892,30.29525],[-97.88741,30.293],[-97.88613,30.28919],[-97.88421,30.28697],[-97.88242,30.28659],[-97.88032,30.28863],[-97.88021,30.29111],[-97.88153,30.29385],[-97.8813,30.29566],[-97.8793,30.2976],[-97.87632,30.29898],[-97.87327,30.29732],[-97.87084,30.29716],[-97.86801,30.30108],[-97.86931,30.30498],[-97.86832,30.30674],[-97.8662,30.30593],[-97.86433,30.30296],[-97.86423,30.29947],[-97.86133,30.29675],[-97.85858,30.29832],[-97.85715,30.30449],[-97.85428,30.30465],[-97.85315,30.30213],[-97.8513,30.29333],[-97.85001,30.29149],[-97.84675,30.2912],[-97.8448,30.29284],[-97.84298,30.29214],[-97.84321,30.29057],[-97.85184,30.28441],[-97.85237,30.2819],[-97.84807,30.27894],[-97.84445,30.27389],[-97.8431,30.27313],[-97.83972,30.27565],[-97.83403,30.27395],[-97.83046,30.26994],[-97.82579,30.26995],[-97.82406,30.26829],[-97.82299,30.26423],[-97.82361,30.26035],[-97.82179,30.2566],[-97.81351,30.2512],[-97.81071,30.24317],[-97.81085,30.24068],[-97.80814,30.24046],[-97.80821,30.2385],[-97.80575,30.23749],[-97.80673,30.23274],[-97.8031,30.2322],[-97.80709,30.23157],[-97.81151,30.23301],[-97.81842,30.23264],[-97.82057,30.23377],[-97.82788,30.23657],[-97.84255,30.23675],[-97.84619,30.23639],[-97.8457,30.2338],[-97.85218,30.23445],[-97.85211,30.2352],[-97.86064,30.2353],[-97.86603,30.23389],[-97.87261,30.23394],[-97.87725,30.23574],[-97.88028,30.23988],[-97.88602,30.24243],[-97.88682,30.24482],[-97.88472,30.2446],[-97.88683,30.2462],[-97.89426,30.24989],[-97.89706,30.24793],[-97.90224,30.25295],[-97.90507,30.2528],[-97.90415,30.25426],[-97.90712,30.25511],[-97.90448,30.25721],[-97.90724,30.26013],[-97.90918,30.26702],[-97.9142,30.27544],[-97.91672,30.28054],[-97.91662,30.2865],[-97.91846,30.28892],[-97.92134,30.29095],[-97.92504,30.29157],[-97.92693,30.29286],[-97.92603,30.29628],[-97.92298,30.29611],[-97.91923,30.29903],[-97.91897,30.3012],[-97.9174,30.3028],[-97.90981,30.30709],[-97.90713,30.30471],[-97.90401,30.30341]]]}},{"type":"Feature","properties":{"zcta":"78750","d":987},"geometry":{"type":"Polygon","coordinates":[[[-97.83288,30.39819],[-97.83131,30.40202],[-97.82623,30.40429],[-97.8233,30.40767],[-97.8234,30.40993],[-97.82111,30.41535],[-97.81809,30.4163],[-97.81472,30.41851],[-97.81084,30.41936],[-97.80807,30.4191],[-97.80789,30.42129],[-97.81358,30.4229],[-97.81471,30.42466],[-97.81406,30.42664],[-97.81474,30.42966],[-97.81594,30.43034],[-97.8141,30.43251],[-97.81439,30.43745],[-97.81869,30.44268],[-97.81507,30.44187],[-97.81223,30.44689],[-97.81527,30.44918],[-97.81969,30.45026],[-97.82606,30.45585],[-97.82323,30.45817],[-97.82419,30.45887],[-97.82124,30.46173],[-97.82,30.46091],[-97.81603,30.46224],[-97.81371,30.46418],[-97.81433,30.46563],[-97.81172,30.46646],[-97.81062,30.46389],[-97.79702,30.46816],[-97.79526,30.46562],[-97.79217,30.45802],[-97.79067,30.44873],[-97.78523,30.45036],[-97.7801,30.44653],[-97.78407,30.44302],[-97.78188,30.44204],[-97.77757,30.44433],[-97.77515,30.44273],[-97.77839,30.44172],[-97.77904,30.43979],[-97.77042,30.43515],[-97.76973,30.4342],[-97.77552,30.43682],[-97.77922,30.43419],[-97.77829,30.43163],[-97.78244,30.42921],[-97.78501,30.42627],[-97.78525,30.4235],[-97.7876,30.42247],[-97.79087,30.42325],[-97.79455,30.42184],[-97.79379,30.42007],[-97.80205,30.41774],[-97.80575,30.41877],[-97.80648,30.41767],[-97.80405,30.41712],[-97.81167,30.40499],[-97.7889,30.39408],[-97.78528,30.39627],[-97.78243,30.39628],[-97.77894,30.3946],[-97.78266,30.39273],[-97.78344,30.39144],[-97.7788,30.38924],[-97.7748,30.39029],[-97.77323,30.38709],[-97.77152,30.38566],[-97.77141,30.38276],[-97.77449,30.38118],[-97.77827,30.37806],[-97.7816,30.3788],[-97.78404,30.37722],[-97.78467,30.37266],[-97.78815,30.36975],[-97.79444,30.37269],[-97.79496,30.37191],[-97.79032,30.36967],[-97.78988,30.36713],[-97.79135,30.35929],[-97.79266,30.35981],[-97.79751,30.36585],[-97.80082,30.36806],[-97.80428,30.37366],[-97.80466,30.37651],[-97.80368,30.37924],[-97.80431,30.38474],[-97.80713,30.38666],[-97.80767,30.38926],[-97.81028,30.3852],[-97.81798,30.38558],[-97.81825,30.38342],[-97.82731,30.38982],[-97.83094,30.39181],[-97.83121,30.39489],[-97.83423,30.39403],[-97.83519,30.39209],[-97.83904,30.39221],[-97.8366,30.39585],[-97.83288,30.39819]]]}}]}