{"type":"FeatureCollection","features":[{"type":"Feature","properties":{"zcta":"87013","d":1},"geometry":{"type":"Polygon","coordinates":[[[-107.61904,36.03028],[-107.60715,36.02589],[-107.60982,36.02214],[-107.59082,36.00499],[-107.58507,36.00027],[-107.5374,36.00019],[-107.44726,35.99956],[-107.44728,36.00002],[-107.4408,36.00002],[-107.44041,36.01301],[-107.44697,36.01305],[-107.44713,36.02477],[-107.4448,36.02555],[-107.44175,36.02833],[-107.44603,36.02846],[-107.44709,36.02992],[-107.4485,36.03829],[-107.45797,36.03848],[-107.4638,36.03639],[-107.47085,36.04273],[-107.47441,36.0493],[-107.47673,36.04966],[-107.47729,36.05213],[-107.47884,36.0537],[-107.48277,36.05536],[-107.48343,36.05931],[-107.46708,36.0707],[-107.46565,36.07468],[-107.46795,36.07956],[-107.47444,36.07962],[-107.47447,36.08705],[-107.46628,36.08728],[-107.46544,36.08623],[-107.46275,36.08715],[-107.43953,36.08695],[-107.43957,36.08308],[-107.43592,36.08256],[-107.43413,36.08086],[-107.4333,36.07717],[-107.43062,36.07719],[-107.42052,36.07834],[-107.41715,36.07944],[-107.41587,36.08085],[-107.41301,36.07966],[-107.41283,36.07151],[-107.41239,36.07152],[-107.41231,36.05664],[-107.40736,36.05617],[-107.40694,36.05466],[-107.40222,36.0538],[-107.39922,36.05163],[-107.39352,36.04914],[-107.38656,36.04826],[-107.3864,36.03013],[-107.3831,36.0305],[-107.3808,36.03243],[-107.37657,36.03333],[-107.37518,36.0299],[-107.37607,36.02825],[-107.37161,36.02919],[-107.36818,36.0316],[-107.36818,36.02918],[-107.35969,36.02909],[-107.35959,36.03025],[-107.35974,36.06368],[-107.35741,36.06368],[-107.31797,36.06336],[-107.32131,36.05944],[-107.32281,36.05448],[-107.31601,36.05208],[-107.31278,36.05344],[-107.30915,36.05297],[-107.30439,36.04915],[-107.3037,36.04477],[-107.30073,36.03914],[-107.29192,36.03556],[-107.28838,36.03528],[-107.28569,36.03738],[-107.28456,36.04095],[-107.28432,36.04425],[-107.28139,36.04589],[-107.27525,36.04419],[-107.2656,36.04422],[-107.26534,36.04031],[-107.26086,36.03729],[-107.25631,36.03663],[-107.25477,36.03508],[-107.25157,36.03393],[-107.24745,36.03569],[-107.2449,36.03446],[-107.23945,36.033],[-107.23529,36.03288],[-107.23236,36.03373],[-107.22861,36.03697],[-107.2278,36.03989],[-107.21883,36.03908],[-107.2134,36.04158],[-107.2132,36.04856],[-107.21059,36.05241],[-107.20249,36.05983],[-107.2055,36.0647],[-107.20706,36.07002],[-107.21283,36.07755],[-107.21368,36.08031],[-107.21185,36.0797],[-107.21352,36.08385],[-107.20485,36.08399],[-107.20223,36.0861],[-107.19144,36.10149],[-107.19414,36.10174],[-107.19732,36.10506],[-107.1995,36.10516],[-107.20071,36.10858],[-107.2039,36.11042],[-107.20622,36.1097],[-107.20862,36.11061],[-107.21016,36.11471],[-107.21354,36.1183],[-107.21511,36.1222],[-107.2167,36.1239],[-107.21746,36.12767],[-107.21759,36.13224],[-107.26604,36.14696],[-107.32303,36.17133],[-107.32563,36.17262],[-107.33895,36.18133],[-107.33453,36.18793],[-107.33174,36.19896],[-107.33073,36.20097],[-107.3236,36.2084],[-107.32206,36.21252],[-107.32249,36.21559],[-107.32901,36.21584],[-107.32647,36.23203],[-107.32422,36.23029],[-107.31401,36.22951],[-107.29822,36.22748],[-107.29406,36.22356],[-107.29005,36.21884],[-107.28966,36.21669],[-107.28752,36.21538],[-107.25403,36.21657],[-107.19713,36.21658],[-107.19636,36.20276],[-107.19553,36.20141],[-107.20459,36.19982],[-107.20823,36.19978],[-107.21871,36.19858],[-107.22004,36.19773],[-107.21996,36.18325],[-107.21863,36.18289],[-107.21576,36.17889],[-107.21024,36.1754],[-107.1786,36.16431],[-107.1644,36.16557],[-107.14632,36.17613],[-107.13406,36.17726],[-107.13258,36.17714],[-107.13188,36.16901],[-107.13129,36.1672],[-107.1212,36.16371],[-107.12328,36.155],[-107.11815,36.15107],[-107.11198,36.1488],[-107.10623,36.14904],[-107.10033,36.15007],[-107.09924,36.149],[-107.09937,36.10261],[-107.09928,36.08608],[-107.01562,36.08616],[-107.0016,36.086],[-107.00197,36.08282],[-107.00509,36.07511],[-107.00762,36.07152],[-106.99478,36.07145],[-106.98938,36.06985],[-106.98585,36.06726],[-106.98102,36.07202],[-106.9784,36.07525],[-106.97793,36.07375],[-106.97515,36.0725],[-106.97433,36.07353],[-106.97025,36.07459],[-106.96901,36.07572],[-106.96433,36.07617],[-106.9576,36.07898],[-106.95472,36.07896],[-106.95151,36.08104],[-106.94936,36.08062],[-106.94656,36.08248],[-106.93857,36.08406],[-106.93874,36.08221],[-106.93563,36.08494],[-106.93377,36.0847],[-106.92636,36.08977],[-106.92373,36.08987],[-106.92128,36.09443],[-106.91338,36.10159],[-106.90548,36.1039],[-106.90085,36.10479],[-106.89821,36.10438],[-106.89735,36.10231],[-106.89437,36.10193],[-106.88995,36.09796],[-106.88587,36.09617],[-106.8853,36.00732],[-106.87703,36.00859],[-106.87151,36.01116],[-106.86851,36.01181],[-106.8658,36.01524],[-106.86127,36.01726],[-106.86069,36.01846],[-106.85827,36.01753],[-106.8538,36.0194],[-106.85011,36.02258],[-106.84831,36.02544],[-106.84848,36.02814],[-106.84726,36.02818],[-106.84796,36.02446],[-106.8443,36.02014],[-106.84093,36.0191],[-106.83734,36.01638],[-106.83738,36.01509],[-106.83427,36.01407],[-106.83404,36.00951],[-106.83268,36.00901],[-106.8327,36.00687],[-106.82915,36.00212],[-106.82762,35.99869],[-106.84131,35.99863],[-106.84318,35.99529],[-106.8408,35.99509],[-106.84277,35.9917],[-106.8527,35.98847],[-106.85488,35.9865],[-106.85337,35.98553],[-106.84537,35.98503],[-106.83993,35.98544],[-106.83945,35.98266],[-106.83786,35.98135],[-106.83216,35.97852],[-106.82932,35.97541],[-106.82845,35.96848],[-106.82621,35.96562],[-106.82585,35.96148],[-106.82389,35.95778],[-106.82319,35.95325],[-106.82576,35.94707],[-106.82561,35.94233],[-106.82649,35.93745],[-106.82941,35.93707],[-106.8353,35.93516],[-106.83478,35.93349],[-106.83189,35.93168],[-106.83027,35.92929],[-106.82896,35.9292],[-106.83054,35.92526],[-106.83047,35.92099],[-106.82624,35.91857],[-106.82365,35.91553],[-106.81462,35.91386],[-106.81113,35.91212],[-106.80478,35.91056],[-106.80402,35.90746],[-106.80095,35.90677],[-106.80163,35.90306],[-106.80029,35.90134],[-106.80136,35.89943],[-106.80145,35.89596],[-106.85943,35.90617],[-106.85679,35.84417],[-106.85926,35.84179],[-106.86089,35.84165],[-106.86308,35.8354],[-106.86266,35.83283],[-106.86471,35.82977],[-106.86461,35.82612],[-106.86561,35.82611],[-106.86586,35.81927],[-106.87518,35.81928],[-106.97439,35.8188],[-106.97582,35.81685],[-106.97625,35.81893],[-106.97399,35.81964],[-106.9743,35.82205],[-106.97215,35.82221],[-106.97204,35.82367],[-106.97419,35.82756],[-106.96993,35.82967],[-106.97184,35.83295],[-106.96926,35.83411],[-106.96961,35.83711],[-106.97121,35.84179],[-106.9683,35.84531],[-106.96716,35.84777],[-106.9676,35.84936],[-106.97067,35.85177],[-106.969,35.85318],[-106.97244,35.85656],[-106.97098,35.86019],[-106.97214,35.86357],[-106.97361,35.87464],[-106.97573,35.88019],[-106.98039,35.87928],[-106.98374,35.87784],[-106.98856,35.87711],[-106.99097,35.87749],[-106.99592,35.87684],[-107.00154,35.87475],[-107.00562,35.87201],[-107.0123,35.8718],[-107.01667,35.87014],[-107.0343,35.87014],[-107.03507,35.86539],[-107.03715,35.86297],[-107.04711,35.85533],[-107.04835,35.85296],[-107.05408,35.84505],[-107.05675,35.84007],[-107.05718,35.83628],[-107.05874,35.83072],[-107.05923,35.82675],[-107.06158,35.82294],[-107.06604,35.81973],[-107.0661,35.81792],[-107.06885,35.81532],[-107.07228,35.81512],[-107.07717,35.81338],[-107.08022,35.81317],[-107.08454,35.81188],[-107.09799,35.81132],[-107.09763,35.80746],[-107.09676,35.80613],[-107.09716,35.80199],[-107.09604,35.79993],[-107.09652,35.79362],[-107.09809,35.7925],[-107.09729,35.78754],[-107.0955,35.78573],[-107.09779,35.78239],[-107.09804,35.78037],[-107.10667,35.77324],[-107.10906,35.76987],[-107.11173,35.76934],[-107.11423,35.76669],[-107.11772,35.76571],[-107.12017,35.76346],[-107.12452,35.76193],[-107.12632,35.76045],[-107.12833,35.75577],[-107.13175,35.75222],[-107.13383,35.7513],[-107.13548,35.74915],[-107.13973,35.74761],[-107.14064,35.74556],[-107.13935,35.74359],[-107.14202,35.74012],[-107.14184,35.73915],[-107.1456,35.73758],[-107.14667,35.73368],[-107.1507,35.72993],[-107.15051,35.72784],[-107.15405,35.72264],[-107.15404,35.72127],[-107.159,35.71727],[-107.16216,35.71888],[-107.16701,35.71708],[-107.17093,35.71318],[-107.1728,35.71265],[-107.1766,35.70959],[-107.17971,35.70614],[-107.18138,35.70647],[-107.18868,35.70546],[-107.18848,35.69693],[-107.20203,35.69665],[-107.20196,35.70412],[-107.20639,35.70398],[-107.20812,35.70113],[-107.21508,35.70056],[-107.21848,35.69986],[-107.21823,35.69853],[-107.22126,35.69475],[-107.2204,35.6932],[-107.22419,35.69047],[-107.22839,35.69199],[-107.22922,35.68993],[-107.23203,35.68835],[-107.23665,35.68922],[-107.23926,35.69076],[-107.24104,35.68968],[-107.24458,35.68944],[-107.24711,35.69127],[-107.25027,35.68637],[-107.25326,35.68655],[-107.25279,35.68502],[-107.25536,35.68597],[-107.25499,35.68959],[-107.25721,35.69234],[-107.26391,35.69156],[-107.2667,35.69057],[-107.27099,35.68644],[-107.27141,35.68277],[-107.27315,35.6816],[-107.27319,35.6751],[-107.30841,35.67492],[-107.30841,35.66768],[-107.41548,35.66774],[-107.41592,35.66004],[-107.42223,35.66051],[-107.42795,35.65736],[-107.43074,35.65767],[-107.43105,35.66066],[-107.4344,35.66203],[-107.43503,35.66111],[-107.44117,35.66227],[-107.44225,35.66517],[-107.44151,35.66976],[-107.44311,35.66946],[-107.44923,35.67279],[-107.45021,35.67396],[-107.45761,35.67385],[-107.46296,35.67715],[-107.47059,35.6795],[-107.47602,35.68351],[-107.47913,35.68432],[-107.48341,35.68352],[-107.48685,35.68661],[-107.48694,35.68919],[-107.48843,35.6912],[-107.4872,35.69497],[-107.48771,35.69736],[-107.50463,35.6974],[-107.50487,35.7123],[-107.50249,35.71155],[-107.49531,35.71163],[-107.49549,35.71607],[-107.48918,35.71437],[-107.48685,35.71047],[-107.48642,35.70778],[-107.48403,35.70654],[-107.47544,35.71603],[-107.47158,35.71337],[-107.46932,35.71343],[-107.4693,35.72605],[-107.45044,35.72583],[-107.4505,35.71846],[-107.44092,35.71832],[-107.44093,35.71887],[-107.43485,35.71844],[-107.42558,35.72171],[-107.41863,35.72339],[-107.41612,35.72451],[-107.40676,35.72455],[-107.40675,35.73089],[-107.40453,35.73255],[-107.40215,35.72801],[-107.39729,35.72754],[-107.39544,35.72473],[-107.39718,35.72059],[-107.3925,35.72077],[-107.38924,35.72177],[-107.38554,35.72136],[-107.38157,35.72491],[-107.37969,35.72557],[-107.37666,35.72509],[-107.37399,35.72602],[-107.35046,35.72636],[-107.35044,35.7328],[-107.36207,35.73267],[-107.36214,35.73754],[-107.36393,35.7388],[-107.36309,35.74742],[-107.34187,35.74749],[-107.3436,35.7511],[-107.34204,35.75392],[-107.34217,35.75919],[-107.34025,35.75802],[-107.33842,35.7553],[-107.33241,35.75282],[-107.32977,35.75421],[-107.3265,35.75124],[-107.3265,35.7547],[-107.32204,35.75471],[-107.3202,35.75661],[-107.31545,35.75647],[-107.31448,35.75818],[-107.31526,35.76089],[-107.31347,35.76151],[-107.30864,35.76568],[-107.30861,35.7962],[-107.31814,35.7962],[-107.31812,35.805],[-107.32735,35.80501],[-107.32728,35.80787],[-107.33189,35.80799],[-107.33292,35.80981],[-107.33853,35.81164],[-107.3434,35.81175],[-107.34264,35.80719],[-107.34492,35.80539],[-107.34428,35.79668],[-107.3626,35.79679],[-107.3623,35.82173],[-107.37414,35.81902],[-107.37715,35.819],[-107.39117,35.81546],[-107.39757,35.81435],[-107.39757,35.81261],[-107.41566,35.81253],[-107.44992,35.81273],[-107.45331,35.81203],[-107.45317,35.8151],[-107.45501,35.81416],[-107.45611,35.81145],[-107.46008,35.81171],[-107.4659,35.80976],[-107.46066,35.81062],[-107.45621,35.80922],[-107.457,35.80707],[-107.45528,35.80357],[-107.4616,35.80099],[-107.45519,35.80145],[-107.45214,35.79895],[-107.45807,35.7957],[-107.4519,35.79457],[-107.45601,35.79238],[-107.46328,35.79331],[-107.46717,35.79206],[-107.46981,35.79045],[-107.47,35.77541],[-107.47794,35.7754],[-107.4838,35.77902],[-107.48665,35.77971],[-107.48658,35.78327],[-107.49604,35.78342],[-107.49591,35.78058],[-107.50448,35.78094],[-107.50448,35.78271],[-107.51773,35.78291],[-107.52245,35.78407],[-107.53627,35.78601],[-107.54423,35.7888],[-107.55966,35.79144],[-107.56141,35.79066],[-107.56539,35.79053],[-107.57897,35.79342],[-107.58471,35.79423],[-107.59727,35.79708],[-107.60674,35.79773],[-107.61709,35.79745],[-107.62497,35.79792],[-107.63215,35.80011],[-107.65549,35.80395],[-107.66404,35.80259],[-107.66402,35.80145],[-107.65951,35.79766],[-107.65684,35.7961],[-107.65856,35.7883],[-107.6644,35.78468],[-107.6712,35.78336],[-107.68412,35.78132],[-107.68943,35.78091],[-107.69353,35.78279],[-107.69578,35.78274],[-107.69709,35.78736],[-107.69718,35.79064],[-107.69906,35.79212],[-107.7092,35.79007],[-107.70914,35.78596],[-107.71195,35.77857],[-107.7109,35.77666],[-107.71175,35.76991],[-107.71027,35.76636],[-107.71117,35.76488],[-107.70553,35.76366],[-107.70274,35.76374],[-107.70039,35.75543],[-107.69602,35.75442],[-107.68968,35.7567],[-107.68476,35.75584],[-107.68668,35.7526],[-107.68949,35.74535],[-107.69202,35.74264],[-107.69222,35.73922],[-107.69344,35.73818],[-107.68852,35.73923],[-107.68494,35.73727],[-107.68054,35.73297],[-107.67612,35.73099],[-107.67264,35.72838],[-107.66794,35.72589],[-107.66415,35.72301],[-107.66415,35.70992],[-107.68179,35.70994],[-107.68181,35.69653],[-107.68621,35.69653],[-107.68612,35.70058],[-107.6876,35.70255],[-107.69072,35.70315],[-107.69832,35.70221],[-107.7006,35.70058],[-107.70816,35.69887],[-107.70813,35.70408],[-107.71745,35.7043],[-107.71709,35.69621],[-107.72444,35.69621],[-107.72447,35.69772],[-107.72848,35.70363],[-107.72915,35.70754],[-107.72884,35.71079],[-107.73523,35.7107],[-107.73528,35.70651],[-107.74089,35.70227],[-107.74098,35.70028],[-107.75316,35.70064],[-107.76134,35.69979],[-107.76625,35.69996],[-107.77496,35.69879],[-107.78234,35.69699],[-107.8097,35.67778],[-107.82493,35.66326],[-107.83604,35.65482],[-107.83803,35.65177],[-107.83808,35.6422],[-107.83979,35.64195],[-107.84188,35.63797],[-107.84781,35.63101],[-107.85127,35.62265],[-107.86007,35.61531],[-107.86477,35.61341],[-107.86714,35.61623],[-107.87424,35.61794],[-107.87767,35.62186],[-107.87813,35.62883],[-107.88074,35.63263],[-107.88572,35.63838],[-107.89234,35.64232],[-107.89679,35.64857],[-107.90287,35.66095],[-107.89931,35.66054],[-107.89764,35.66315],[-107.8927,35.66367],[-107.88952,35.66479],[-107.88281,35.66421],[-107.87688,35.66556],[-107.87287,35.66567],[-107.86964,35.66455],[-107.86827,35.66682],[-107.86471,35.66872],[-107.86095,35.6697],[-107.86185,35.67082],[-107.86597,35.67123],[-107.86912,35.6759],[-107.8657,35.67654],[-107.86275,35.68016],[-107.86236,35.68277],[-107.8636,35.68483],[-107.86989,35.68963],[-107.87491,35.69965],[-107.88038,35.70938],[-107.8833,35.71064],[-107.88495,35.71309],[-107.88655,35.71364],[-107.89056,35.71046],[-107.8955,35.70838],[-107.90103,35.70513],[-107.90855,35.70307],[-107.91638,35.69786],[-107.91848,35.69699],[-107.92176,35.69374],[-107.92821,35.68877],[-107.93783,35.6825],[-107.94986,35.69465],[-107.94967,35.73954],[-107.98475,35.73944],[-108.00308,35.73992],[-108.00301,35.78349],[-107.94863,35.78327],[-107.94065,35.78399],[-107.92769,35.78747],[-107.91703,35.7895],[-107.90722,35.79233],[-107.89514,35.79497],[-107.88291,35.79667],[-107.8724,35.80167],[-107.85969,35.80572],[-107.83865,35.80573],[-107.83699,35.8101],[-107.83477,35.81377],[-107.83382,35.81697],[-107.83031,35.81729],[-107.82724,35.81844],[-107.82236,35.81885],[-107.81477,35.81734],[-107.81101,35.81489],[-107.80954,35.81213],[-107.81123,35.8091],[-107.81175,35.80591],[-107.79529,35.80459],[-107.78942,35.80599],[-107.78891,35.84146],[-107.77032,35.8406],[-107.77044,35.85526],[-107.75245,35.85526],[-107.75254,35.8712],[-107.76212,35.87123],[-107.76209,35.87651],[-107.75899,35.87762],[-107.75547,35.87736],[-107.7571,35.88363],[-107.7585,35.88519],[-107.76261,35.88547],[-107.76539,35.88714],[-107.76668,35.89078],[-107.76868,35.89352],[-107.77037,35.89799],[-107.77054,35.90726],[-107.75358,35.90688],[-107.75339,35.90029],[-107.73602,35.90003],[-107.736,35.88585],[-107.70921,35.88586],[-107.70242,35.89349],[-107.69218,35.91341],[-107.7005,35.91319],[-107.70041,35.92864],[-107.68866,35.92867],[-107.68045,35.93552],[-107.6816,35.93596],[-107.68129,35.94261],[-107.68117,35.95687],[-107.69991,35.95686],[-107.70002,35.97302],[-107.69988,35.9962],[-107.69803,35.99694],[-107.69797,36.00072],[-107.62651,36.00029],[-107.62638,36.03042],[-107.61904,36.03028]]]}},{"type":"Feature","properties":{"zcta":"87026","d":3},"geometry":{"type":"Polygon","coordinates":[[[-106.95152,35.05845],[-106.97301,35.05825],[-106.97284,35.05542],[-106.97248,35.0326],[-106.96871,35.03257],[-106.96788,35.02969],[-106.97243,35.02964],[-107.00973,35.03031],[-107.09857,35.03034],[-107.09881,35.02217],[-107.08416,34.99294],[-107.06656,34.95719],[-107.025,34.87102],[-107.0255,34.87039],[-107.02425,34.86979],[-107.02072,34.86984],[-107.02023,34.8664],[-107.01368,34.86287],[-107.01362,34.8615],[-107.01057,34.85944],[-107.00974,34.8576],[-107.01604,34.85859],[-107.01829,34.85763],[-107.01119,34.85609],[-107.00969,34.85536],[-107.01094,34.85369],[-107.00783,34.85195],[-107.00547,34.8494],[-107.00531,34.84592],[-107.00295,34.84588],[-107.0029,34.84409],[-107.00059,34.8434],[-106.99808,34.84116],[-107.00154,34.83944],[-107.00094,34.83774],[-106.99719,34.83821],[-106.99685,34.83633],[-106.99438,34.83521],[-106.99457,34.83139],[-106.99328,34.82857],[-106.99414,34.82628],[-106.99689,34.82317],[-106.99447,34.82207],[-106.99319,34.81864],[-106.99488,34.81896],[-106.99313,34.81484],[-106.99262,34.81051],[-106.9909,34.81083],[-106.99244,34.80488],[-106.99364,34.80362],[-106.99152,34.80115],[-106.98864,34.80097],[-106.99119,34.79843],[-106.9903,34.79732],[-106.99812,34.79737],[-107.15032,34.79751],[-107.18618,34.7973],[-107.20331,34.79696],[-107.22094,34.79702],[-107.22089,34.78303],[-107.23826,34.78298],[-107.23822,34.79709],[-107.25008,34.79714],[-107.25293,34.80006],[-107.2553,34.79718],[-107.25655,34.79717],[-107.25657,34.78332],[-107.27556,34.78341],[-107.27541,34.79724],[-107.3043,34.79676],[-107.31556,34.78619],[-107.3162,34.78321],[-107.31687,34.77402],[-107.32275,34.75209],[-107.33035,34.73679],[-107.33723,34.73259],[-107.3408,34.73111],[-107.34219,34.73185],[-107.3448,34.74086],[-107.34796,34.74425],[-107.34746,34.74678],[-107.34818,34.74941],[-107.34729,34.75268],[-107.34835,34.75579],[-107.35093,34.75856],[-107.35412,34.75814],[-107.35556,34.7537],[-107.35692,34.7518],[-107.356,34.74843],[-107.35669,34.74049],[-107.35921,34.73538],[-107.36378,34.73087],[-107.36753,34.72833],[-107.37365,34.72757],[-107.37724,34.72366],[-107.37982,34.72169],[-107.38151,34.71883],[-107.38404,34.71725],[-107.3862,34.71929],[-107.38858,34.71861],[-107.39158,34.71914],[-107.39349,34.71819],[-107.39402,34.72259],[-107.39629,34.72202],[-107.39806,34.72303],[-107.40072,34.72045],[-107.40634,34.72028],[-107.40964,34.71915],[-107.41289,34.7208],[-107.41344,34.7224],[-107.41775,34.72436],[-107.4243,34.72392],[-107.42915,34.72081],[-107.43123,34.72428],[-107.43272,34.72489],[-107.43087,34.73023],[-107.42434,34.73536],[-107.4249,34.74139],[-107.42448,34.74451],[-107.42296,34.74499],[-107.42418,34.74729],[-107.42286,34.75428],[-107.42388,34.75574],[-107.42232,34.76021],[-107.42022,34.76198],[-107.41743,34.77183],[-107.4129,34.77797],[-107.41288,34.78316],[-107.40952,34.78315],[-107.40868,34.78454],[-107.40033,34.79373],[-107.39619,34.80093],[-107.3907,34.80317],[-107.38634,34.80741],[-107.38509,34.81267],[-107.38392,34.81482],[-107.37994,34.81846],[-107.37566,34.82132],[-107.37335,34.82398],[-107.36981,34.82668],[-107.36841,34.82989],[-107.36574,34.83332],[-107.36192,34.83668],[-107.35786,34.83939],[-107.35409,34.84425],[-107.35015,34.84828],[-107.34355,34.84825],[-107.34351,34.85336],[-107.3403,34.85428],[-107.33799,34.85644],[-107.33224,34.85798],[-107.32642,34.86192],[-107.32107,34.86471],[-107.31506,34.8648],[-107.31234,34.86571],[-107.30954,34.86791],[-107.30823,34.87011],[-107.30602,34.86314],[-107.30044,34.85949],[-107.29928,34.86296],[-107.29213,34.86212],[-107.28299,34.86021],[-107.27956,34.86116],[-107.27283,34.86036],[-107.26793,34.8573],[-107.2647,34.85743],[-107.2647,34.85498],[-107.25655,34.85518],[-107.25326,34.85576],[-107.2499,34.8552],[-107.24941,34.85172],[-107.25386,34.84816],[-107.25655,34.84812],[-107.25656,34.84629],[-107.25848,34.84517],[-107.26171,34.84145],[-107.23116,34.84147],[-107.2288,34.84275],[-107.22547,34.84246],[-107.21972,34.83921],[-107.21734,34.83951],[-107.2147,34.83789],[-107.21137,34.83906],[-107.20339,34.83948],[-107.20301,34.83863],[-107.20301,34.86962],[-107.20269,34.89883],[-107.20283,34.93741],[-107.2341,34.95248],[-107.23064,34.95649],[-107.22576,34.95808],[-107.22206,34.95995],[-107.22125,34.9622],[-107.2183,34.9665],[-107.21517,34.96699],[-107.21366,34.96596],[-107.20493,34.9669],[-107.25741,34.99316],[-107.28581,34.99348],[-107.28825,34.99151],[-107.28246,34.98506],[-107.28419,34.98089],[-107.28628,34.97783],[-107.30029,34.98474],[-107.30305,34.98172],[-107.30534,34.98032],[-107.30853,34.98027],[-107.31104,34.98195],[-107.31668,34.98168],[-107.31855,34.98378],[-107.32111,34.98416],[-107.32248,34.98294],[-107.32586,34.98291],[-107.32634,34.98443],[-107.32861,34.98363],[-107.3306,34.98469],[-107.32971,34.98902],[-107.32902,34.99933],[-107.33295,35.0013],[-107.33738,35.00221],[-107.34819,35.00685],[-107.34526,35.00893],[-107.34407,35.01107],[-107.34002,35.0124],[-107.33759,35.01239],[-107.33489,35.01501],[-107.33474,35.01963],[-107.33574,35.02309],[-107.3394,35.02251],[-107.33911,35.02451],[-107.34267,35.02267],[-107.34348,35.02362],[-107.33972,35.02615],[-107.33554,35.02717],[-107.33933,35.03253],[-107.34389,35.03514],[-107.36128,35.03869],[-107.36423,35.03889],[-107.36829,35.03785],[-107.38905,35.02772],[-107.39512,35.02621],[-107.4021,35.02613],[-107.41819,35.02652],[-107.41999,35.03079],[-107.42234,35.03038],[-107.42522,35.03118],[-107.42582,35.03244],[-107.42941,35.03187],[-107.43081,35.03298],[-107.43105,35.03755],[-107.43219,35.03983],[-107.42898,35.03956],[-107.42291,35.04014],[-107.42005,35.04092],[-107.40789,35.04586],[-107.40397,35.04667],[-107.39281,35.04507],[-107.39547,35.04678],[-107.39181,35.04892],[-107.38592,35.05717],[-107.3835,35.05955],[-107.37855,35.06126],[-107.37824,35.06029],[-107.37129,35.06268],[-107.35871,35.06279],[-107.34857,35.06401],[-107.34654,35.06539],[-107.34446,35.07168],[-107.33912,35.0743],[-107.32736,35.0694],[-107.32565,35.06486],[-107.32135,35.06494],[-107.31316,35.06321],[-107.30064,35.06435],[-107.29253,35.06571],[-107.28701,35.06773],[-107.27659,35.06981],[-107.27515,35.06894],[-107.27093,35.06041],[-107.26932,35.05896],[-107.26771,35.06246],[-107.26554,35.06484],[-107.2597,35.06985],[-107.25825,35.0721],[-107.25839,35.07591],[-107.25653,35.07778],[-107.25356,35.07872],[-107.25155,35.07553],[-107.24582,35.06946],[-107.24268,35.0598],[-107.23771,35.05946],[-107.23368,35.05753],[-107.22866,35.05967],[-107.22178,35.06048],[-107.22052,35.06164],[-107.21681,35.06235],[-107.21497,35.06128],[-107.20352,35.0621],[-107.20351,35.06677],[-107.19305,35.06433],[-107.18581,35.06532],[-107.18372,35.06927],[-107.18406,35.07262],[-107.18323,35.0748],[-107.18465,35.07686],[-107.18294,35.08105],[-107.17844,35.08376],[-107.1786,35.08994],[-107.17434,35.09287],[-107.17049,35.09332],[-107.16957,35.09466],[-107.16285,35.09638],[-107.15264,35.09637],[-107.14165,35.0986],[-107.13923,35.0978],[-107.13658,35.09831],[-107.1499,35.12506],[-107.16926,35.1636],[-107.17085,35.1671],[-107.17852,35.18217],[-107.18165,35.18199],[-107.18413,35.18369],[-107.18562,35.18302],[-107.1862,35.18037],[-107.18613,35.16788],[-107.23027,35.16781],[-107.23015,35.15336],[-107.23832,35.15339],[-107.24237,35.15499],[-107.24452,35.15367],[-107.24631,35.15484],[-107.25195,35.15387],[-107.25412,35.15531],[-107.25294,35.15757],[-107.25224,35.16226],[-107.25722,35.16994],[-107.26081,35.17049],[-107.26336,35.17347],[-107.26666,35.17379],[-107.26986,35.17773],[-107.27466,35.1827],[-107.27642,35.18339],[-107.28042,35.18252],[-107.28285,35.18671],[-107.28555,35.18795],[-107.28211,35.19006],[-107.27844,35.19341],[-107.27476,35.19852],[-107.27399,35.20279],[-107.27095,35.20671],[-107.2732,35.21012],[-107.27731,35.21257],[-107.27883,35.21613],[-107.28372,35.22069],[-107.28822,35.22617],[-107.28412,35.22715],[-107.28106,35.22437],[-107.27605,35.22311],[-107.27124,35.22466],[-107.26826,35.22486],[-107.26379,35.22419],[-107.26034,35.22531],[-107.25942,35.22691],[-107.26306,35.23034],[-107.26075,35.23159],[-107.25616,35.23262],[-107.24727,35.22973],[-107.24674,35.22817],[-107.24376,35.22625],[-107.23896,35.22522],[-107.23774,35.22557],[-107.23364,35.22193],[-107.23265,35.21772],[-107.23075,35.21905],[-107.23106,35.22238],[-107.23052,35.22599],[-107.23151,35.2301],[-107.23104,35.23213],[-107.22704,35.23731],[-107.22314,35.24002],[-107.2168,35.23845],[-107.21512,35.24137],[-107.20875,35.24324],[-107.19724,35.21946],[-107.13475,35.21942],[-107.13299,35.21842],[-107.13171,35.213],[-107.13453,35.21366],[-107.13941,35.21117],[-107.14165,35.21125],[-107.14105,35.20972],[-107.13894,35.20916],[-107.13905,35.20778],[-107.13376,35.20789],[-107.13118,35.20606],[-107.13103,35.20373],[-107.13335,35.20073],[-107.13871,35.20046],[-107.1351,35.19743],[-107.13223,35.19793],[-107.12901,35.20046],[-107.12157,35.20223],[-107.12211,35.19974],[-107.12445,35.19775],[-107.12738,35.19695],[-107.1218,35.19498],[-107.12531,35.19098],[-107.12811,35.18922],[-107.10321,35.18925],[-107.1009,35.1733],[-107.09153,35.17183],[-107.08266,35.17628],[-107.07753,35.17584],[-107.0748,35.17641],[-107.06677,35.17076],[-107.06405,35.16939],[-107.05382,35.1608],[-107.05074,35.15934],[-107.04472,35.15438],[-107.03632,35.14242],[-107.02892,35.13319],[-107.02526,35.12917],[-107.0207,35.12335],[-107.02085,35.12162],[-107.01778,35.11471],[-107.01369,35.11343],[-107.01021,35.106],[-107.00831,35.1037],[-107.00336,35.09931],[-106.99997,35.09441],[-106.99469,35.0926],[-106.99159,35.08953],[-106.98651,35.08759],[-106.98401,35.08369],[-106.98212,35.08298],[-106.98323,35.07991],[-106.98272,35.07698],[-106.98181,35.0776],[-106.97683,35.07746],[-106.97351,35.07616],[-106.97116,35.07169],[-106.96155,35.06728],[-106.96027,35.06586],[-106.95549,35.06418],[-106.95269,35.05961],[-106.95152,35.05845]]]}},{"type":"Feature","properties":{"zcta":"87047","d":20},"geometry":{"type":"Polygon","coordinates":[[[-106.4024,35.2174],[-106.40022,35.219],[-106.40332,35.22315],[-106.40266,35.22567],[-106.40412,35.22733],[-106.40822,35.22492],[-106.40942,35.2263],[-106.4146,35.22872],[-106.4094,35.23077],[-106.41096,35.23329],[-106.41234,35.23779],[-106.41376,35.24019],[-106.41263,35.24277],[-106.4137,35.24664],[-106.41115,35.25003],[-106.40923,35.2512],[-106.40902,35.24675],[-106.40742,35.24702],[-106.40714,35.24452],[-106.40369,35.24121],[-106.40305,35.23921],[-106.40408,35.23577],[-106.40539,35.23427],[-106.40145,35.23206],[-106.39909,35.2336],[-106.39361,35.24184],[-106.39145,35.2414],[-106.38673,35.24589],[-106.38448,35.25011],[-106.38153,35.25196],[-106.37762,35.25253],[-106.37532,35.25201],[-106.37025,35.25547],[-106.36642,35.25724],[-106.36629,35.25825],[-106.36291,35.25958],[-106.36156,35.26243],[-106.35553,35.26626],[-106.35308,35.26626],[-106.35226,35.26862],[-106.3509,35.26893],[-106.34936,35.27225],[-106.34786,35.27316],[-106.34481,35.28005],[-106.34477,35.26751],[-106.34245,35.2652],[-106.34344,35.26178],[-106.33935,35.26178],[-106.3355,35.26458],[-106.33411,35.2669],[-106.32887,35.2709],[-106.32477,35.27593],[-106.32669,35.27783],[-106.32713,35.28009],[-106.32589,35.28144],[-106.32097,35.28313],[-106.32101,35.28905],[-106.31976,35.29022],[-106.31977,35.29486],[-106.32054,35.29749],[-106.32238,35.29845],[-106.32637,35.29881],[-106.3279,35.30193],[-106.32604,35.30917],[-106.32176,35.3123],[-106.31808,35.31182],[-106.31724,35.31497],[-106.31845,35.31859],[-106.31846,35.32132],[-106.32414,35.32708],[-106.32355,35.32878],[-106.32862,35.33526],[-106.33007,35.34306],[-106.32987,35.34856],[-106.33086,35.35104],[-106.33398,35.35136],[-106.3366,35.35286],[-106.33766,35.35662],[-106.34336,35.36242],[-106.34887,35.36217],[-106.35081,35.36283],[-106.35517,35.36616],[-106.35517,35.36722],[-106.35222,35.36746],[-106.34649,35.36649],[-106.34458,35.36562],[-106.33696,35.36424],[-106.33321,35.36603],[-106.33014,35.36633],[-106.32764,35.36521],[-106.32115,35.36529],[-106.3085,35.36383],[-106.3052,35.3627],[-106.30081,35.36021],[-106.29819,35.35982],[-106.29146,35.36169],[-106.28599,35.36151],[-106.28566,35.36037],[-106.28109,35.35994],[-106.27475,35.36116],[-106.26859,35.36101],[-106.26623,35.36004],[-106.25726,35.35835],[-106.24888,35.35532],[-106.2489,35.34569],[-106.24229,35.34446],[-106.23782,35.34492],[-106.23345,35.3494],[-106.23321,35.35134],[-106.22299,35.34402],[-106.21751,35.34152],[-106.21191,35.34067],[-106.20683,35.34416],[-106.20153,35.34301],[-106.19857,35.34033],[-106.19768,35.33829],[-106.19748,35.33164],[-106.19865,35.32628],[-106.19877,35.32193],[-106.2006,35.32139],[-106.20504,35.32167],[-106.20704,35.32081],[-106.21499,35.32144],[-106.21555,35.30475],[-106.1218,35.30535],[-106.12735,35.30114],[-106.12442,35.2991],[-106.11335,35.29562],[-106.10604,35.29359],[-106.10562,35.28642],[-106.10727,35.28311],[-106.11083,35.28395],[-106.12424,35.28422],[-106.12776,35.28493],[-106.13493,35.28317],[-106.14096,35.28323],[-106.14624,35.28219],[-106.15592,35.28269],[-106.16195,35.28166],[-106.1727,35.28078],[-106.17418,35.27902],[-106.1766,35.27898],[-106.18185,35.26204],[-106.17701,35.26317],[-106.16991,35.2629],[-106.16813,35.26424],[-106.16541,35.26419],[-106.16446,35.2609],[-106.16069,35.25705],[-106.16052,35.2542],[-106.15923,35.25358],[-106.15954,35.24963],[-106.16088,35.24881],[-106.16169,35.24611],[-106.16017,35.24673],[-106.16096,35.24186],[-106.16004,35.23902],[-106.15615,35.23602],[-106.15595,35.19925],[-106.1568,35.2021],[-106.1659,35.20473],[-106.16559,35.2073],[-106.16763,35.21085],[-106.17052,35.21018],[-106.17276,35.2084],[-106.17894,35.20877],[-106.1876,35.20494],[-106.19163,35.20638],[-106.1968,35.20635],[-106.19882,35.20243],[-106.20168,35.20373],[-106.2072,35.20395],[-106.20893,35.20253],[-106.21023,35.2041],[-106.21124,35.21469],[-106.2442,35.21518],[-106.24349,35.17139],[-106.24368,35.17024],[-106.25731,35.17027],[-106.26135,35.17005],[-106.26117,35.15613],[-106.2611,35.12728],[-106.27887,35.12719],[-106.2789,35.12328],[-106.28275,35.12542],[-106.28517,35.12898],[-106.28683,35.12922],[-106.28683,35.1327],[-106.29039,35.13268],[-106.29042,35.13457],[-106.29225,35.1358],[-106.29263,35.13991],[-106.29528,35.13994],[-106.29917,35.14117],[-106.29885,35.13561],[-106.30089,35.13471],[-106.30528,35.13474],[-106.30585,35.14207],[-106.32102,35.14204],[-106.3217,35.14097],[-106.32343,35.14204],[-106.33976,35.14195],[-106.33893,35.14891],[-106.34183,35.1488],[-106.34145,35.15619],[-106.34963,35.15666],[-106.34975,35.15953],[-106.34868,35.16238],[-106.35205,35.16318],[-106.35466,35.16226],[-106.3547,35.16059],[-106.36791,35.16084],[-106.37494,35.16288],[-106.37371,35.16449],[-106.37569,35.16546],[-106.37528,35.17001],[-106.37684,35.17661],[-106.37728,35.18183],[-106.37835,35.17968],[-106.38139,35.17998],[-106.38783,35.18312],[-106.38978,35.18505],[-106.39124,35.18098],[-106.39138,35.18452],[-106.39417,35.18954],[-106.39761,35.19105],[-106.39877,35.19303],[-106.40128,35.19435],[-106.40549,35.19161],[-106.40445,35.19314],[-106.4058,35.1957],[-106.40602,35.20048],[-106.40939,35.20076],[-106.40801,35.20463],[-106.41013,35.2054],[-106.41329,35.20821],[-106.40965,35.21142],[-106.40878,35.2135],[-106.41033,35.21498],[-106.41683,35.21584],[-106.41865,35.21743],[-106.4024,35.2174]]]}},{"type":"Feature","properties":{"zcta":"87023","d":109},"geometry":{"type":"Polygon","coordinates":[[[-106.77582,34.57571],[-106.77489,34.57878],[-106.77213,34.58074],[-106.77486,34.58074],[-106.7765,34.58211],[-106.77461,34.58706],[-106.77178,34.59122],[-106.77309,34.59419],[-106.77372,34.59945],[-106.7718,34.60437],[-106.77179,34.61023],[-106.76314,34.61131],[-106.76089,34.61118],[-106.76067,34.61277],[-106.75553,34.61282],[-106.75509,34.60982],[-106.75026,34.60813],[-106.74906,34.60896],[-106.7476,34.60541],[-106.74804,34.602],[-106.74727,34.59814],[-106.74862,34.5958],[-106.75616,34.59182],[-106.76416,34.58408],[-106.76255,34.5829],[-106.76779,34.5766],[-106.7714,34.57349],[-106.77226,34.57087],[-106.77728,34.57162],[-106.77505,34.57272],[-106.77582,34.57571]]]}},{"type":"Feature","properties":{"zcta":"87151","d":0},"geometry":{"type":"Polygon","coordinates":[[[-106.85549,35.01078],[-106.85556,35.00447],[-106.86465,35.0045],[-106.86492,35.00766],[-106.8663,35.01073],[-106.85549,35.01078]]]}},{"type":"Feature","properties":{"zcta":"87117","d":0},"geometry":{"type":"Polygon","coordinates":[[[-106.5597,35.04281],[-106.55872,35.03891],[-106.54801,35.03194],[-106.54302,35.02709],[-106.53745,35.0287],[-106.5365,35.0307],[-106.53693,35.03364],[-106.5351,35.03729],[-106.52921,35.04293],[-106.47991,35.04266],[-106.46278,35.04295],[-106.46244,35.02338],[-106.46275,35.01299],[-106.46291,35.00151],[-106.46274,34.97927],[-106.46478,34.94754],[-106.53821,34.94762],[-106.56905,34.94754],[-106.56893,35.01102],[-106.58607,35.01134],[-106.58636,35.02339],[-106.58194,35.02562],[-106.58155,35.02795],[-106.57912,35.03038],[-106.57542,35.02992],[-106.5699,35.02837],[-106.56915,35.03587],[-106.56619,35.03822],[-106.56559,35.04089],[-106.56813,35.04283],[-106.5597,35.04281]]]}},{"type":"Feature","properties":{"zcta":"87121","d":139},"geometry":{"type":"Polygon","coordinates":[[[-106.95077,35.06279],[-106.95272,35.06439],[-106.95186,35.0683],[-106.9493,35.06975],[-106.95044,35.07524],[-106.95036,35.07748],[-106.94889,35.07673],[-106.94763,35.07806],[-106.94842,35.08124],[-106.94806,35.0836],[-106.94627,35.08424],[-106.94792,35.0869],[-106.94575,35.09024],[-106.94756,35.09177],[-106.94589,35.09312],[-106.94398,35.098],[-106.94637,35.10111],[-106.943,35.10331],[-106.94546,35.10524],[-106.94443,35.10766],[-106.94691,35.10963],[-106.94524,35.11087],[-106.94742,35.11574],[-106.94408,35.11698],[-106.94402,35.11977],[-106.94235,35.12074],[-106.94631,35.12192],[-106.94539,35.12394],[-106.94966,35.12591],[-106.94991,35.12735],[-106.9481,35.12847],[-106.94955,35.13067],[-106.94877,35.13335],[-106.95111,35.13351],[-106.9524,35.13518],[-106.95151,35.13708],[-106.94794,35.1399],[-106.94547,35.14064],[-106.94384,35.14471],[-106.94394,35.14682],[-106.94098,35.14891],[-106.94404,35.15138],[-106.94503,35.15507],[-106.94324,35.15609],[-106.94269,35.15858],[-106.94424,35.16036],[-106.94308,35.16106],[-106.94482,35.16331],[-106.94381,35.16499],[-106.94737,35.16642],[-106.94297,35.16942],[-106.9469,35.172],[-106.94732,35.17405],[-106.9443,35.17333],[-106.94343,35.17523],[-106.94441,35.17787],[-106.94725,35.17916],[-106.94724,35.20445],[-106.944,35.20591],[-106.9362,35.20837],[-106.93176,35.2112],[-106.92559,35.21641],[-106.92473,35.21828],[-106.8563,35.21799],[-106.79833,35.21796],[-106.76306,35.21799],[-106.75263,35.2033],[-106.75416,35.20302],[-106.75415,35.19978],[-106.75853,35.19976],[-106.75849,35.1942],[-106.7541,35.19426],[-106.75411,35.19606],[-106.74973,35.19604],[-106.74973,35.18879],[-106.7585,35.18876],[-106.75852,35.19037],[-106.78467,35.19044],[-106.785,35.17985],[-106.86779,35.17984],[-106.86829,35.15605],[-106.86328,35.15606],[-106.86224,35.15038],[-106.86279,35.14477],[-106.86412,35.14269],[-106.86472,35.13825],[-106.87077,35.13573],[-106.87018,35.13398],[-106.87172,35.13103],[-106.87054,35.12655],[-106.87278,35.12501],[-106.81745,35.12514],[-106.79804,35.12504],[-106.78753,35.12522],[-106.79197,35.1199],[-106.79545,35.11411],[-106.79713,35.10902],[-106.79794,35.10231],[-106.7979,35.08502],[-106.79769,35.08179],[-106.79572,35.07649],[-106.78783,35.06521],[-106.75165,35.08326],[-106.74668,35.08592],[-106.70907,35.10488],[-106.70459,35.10659],[-106.70961,35.09436],[-106.70761,35.0932],[-106.71003,35.09268],[-106.71075,35.08932],[-106.71059,35.07998],[-106.70924,35.07949],[-106.70183,35.081],[-106.69797,35.08279],[-106.69521,35.07704],[-106.69706,35.07663],[-106.69984,35.06934],[-106.69937,35.06763],[-106.69981,35.06056],[-106.70043,35.05759],[-106.70484,35.05778],[-106.70341,35.0565],[-106.70686,35.05139],[-106.7077,35.0437],[-106.7107,35.04042],[-106.71106,35.03628],[-106.71236,35.03652],[-106.71351,35.02877],[-106.70897,35.02827],[-106.70994,35.02519],[-106.71283,35.02436],[-106.71344,35.01854],[-106.71501,35.01881],[-106.71617,35.01184],[-106.71333,35.01183],[-106.71304,35.01022],[-106.71538,34.99862],[-106.71793,34.99979],[-106.71911,34.98821],[-106.71629,34.98765],[-106.71847,34.98414],[-106.71918,34.97942],[-106.71905,34.96493],[-106.71648,34.95954],[-106.71424,34.95977],[-106.71431,34.95664],[-106.71238,34.95375],[-106.71347,34.95374],[-106.71123,34.94941],[-106.70837,34.94956],[-106.7066,34.94713],[-106.69941,34.94689],[-106.70642,34.94003],[-106.71426,34.93359],[-106.71697,34.92933],[-106.71786,34.92655],[-106.72582,34.89762],[-106.72823,34.88488],[-106.73113,34.87741],[-106.73524,34.87003],[-106.76623,34.86997],[-107.02448,34.86995],[-107.025,34.87102],[-107.06656,34.95719],[-107.08416,34.99294],[-107.09881,35.02217],[-107.09857,35.03034],[-107.00973,35.03031],[-106.97243,35.02964],[-106.96788,35.02969],[-106.96871,35.03257],[-106.97248,35.0326],[-106.97284,35.05542],[-106.97301,35.05825],[-106.95152,35.05845],[-106.95269,35.05961],[-106.95077,35.06279]],[[-106.86492,35.00766],[-106.86465,35.0045],[-106.85556,35.00447],[-106.85549,35.01078],[-106.8663,35.01073],[-106.86492,35.00766]]]}},{"type":"Feature","properties":{"zcta":"87002","d":26},"geometry":{"type":"Polygon","coordinates":[[[-107.18618,34.7973],[-107.15032,34.79751],[-106.99812,34.79737],[-106.9903,34.79732],[-106.98851,34.79115],[-106.98911,34.78515],[-106.98731,34.78368],[-106.98775,34.78073],[-106.98389,34.77886],[-106.98366,34.77689],[-106.9818,34.77673],[-106.98191,34.77437],[-106.97861,34.77593],[-106.97497,34.77145],[-106.97305,34.76696],[-106.97114,34.76735],[-106.96808,34.76582],[-106.96467,34.76259],[-106.96519,34.75868],[-106.964,34.76014],[-106.96158,34.75866],[-106.96059,34.7598],[-106.95581,34.75914],[-106.95639,34.75765],[-106.95442,34.75683],[-106.95301,34.75793],[-106.94832,34.7569],[-106.95051,34.75507],[-106.94613,34.75223],[-106.94141,34.75157],[-106.93786,34.75464],[-106.93719,34.75169],[-106.93363,34.74889],[-106.93461,34.75176],[-106.92726,34.75156],[-106.92408,34.75097],[-106.82059,34.7521],[-106.78676,34.75205],[-106.77808,34.75213],[-106.77726,34.74984],[-106.78061,34.74535],[-106.77998,34.74473],[-106.78264,34.73977],[-106.77764,34.7386],[-106.77549,34.74819],[-106.77159,34.75333],[-106.76354,34.74987],[-106.758,34.74792],[-106.75838,34.74564],[-106.75386,34.74501],[-106.74913,34.74635],[-106.74746,34.7541],[-106.74523,34.75302],[-106.7463,34.74574],[-106.74441,34.74383],[-106.74497,34.74109],[-106.74433,34.73881],[-106.73935,34.73079],[-106.73844,34.72688],[-106.74082,34.72216],[-106.74389,34.71818],[-106.74567,34.71469],[-106.74835,34.71305],[-106.7511,34.70797],[-106.75088,34.70304],[-106.74859,34.69837],[-106.74588,34.69507],[-106.74641,34.69247],[-106.74509,34.69064],[-106.74153,34.69152],[-106.73846,34.68259],[-106.73856,34.68145],[-106.73568,34.68333],[-106.73329,34.68635],[-106.73217,34.69209],[-106.72916,34.69085],[-106.73145,34.68619],[-106.72787,34.68461],[-106.72669,34.68652],[-106.72401,34.68543],[-106.71796,34.68483],[-106.71339,34.6832],[-106.71094,34.68305],[-106.70206,34.67872],[-106.6995,34.67811],[-106.68473,34.67669],[-106.68517,34.67307],[-106.68303,34.67318],[-106.67124,34.6783],[-106.66893,34.68086],[-106.6682,34.68319],[-106.65994,34.68624],[-106.65969,34.69463],[-106.62517,34.69468],[-106.56269,34.6949],[-106.56608,34.69398],[-106.55948,34.69111],[-106.55242,34.68952],[-106.54184,34.68846],[-106.53593,34.68443],[-106.5284,34.68327],[-106.52497,34.68436],[-106.52097,34.68433],[-106.51998,34.68597],[-106.51605,34.68776],[-106.51688,34.68928],[-106.51073,34.68947],[-106.50529,34.69094],[-106.49747,34.6897],[-106.49189,34.69008],[-106.49234,34.6882],[-106.48333,34.68466],[-106.48183,34.68237],[-106.47904,34.6802],[-106.47299,34.67839],[-106.46875,34.67479],[-106.46622,34.67096],[-106.4662,34.67043],[-106.46487,34.60839],[-106.47118,34.60842],[-106.46979,34.52122],[-106.41688,34.52172],[-106.41699,34.51477],[-106.41787,34.50715],[-106.41748,34.49956],[-106.41692,34.43969],[-106.43875,34.43748],[-106.45631,34.43705],[-106.50462,34.457],[-106.50688,34.4576],[-106.51092,34.45294],[-106.5115,34.45742],[-106.5351,34.45852],[-106.54847,34.45762],[-106.55154,34.46246],[-106.56465,34.47389],[-106.62058,34.48978],[-106.65795,34.50006],[-106.66088,34.50076],[-106.70114,34.51246],[-106.73934,34.52321],[-106.73887,34.52793],[-106.74529,34.53094],[-106.75244,34.53185],[-106.76067,34.53605],[-106.76278,34.52974],[-106.76828,34.53126],[-106.77329,34.53339],[-106.76719,34.53843],[-106.76457,34.54151],[-106.76358,34.54509],[-106.7701,34.54571],[-106.76939,34.5474],[-106.77601,34.55395],[-106.77471,34.55873],[-106.77252,34.56302],[-106.77714,34.56759],[-106.77715,34.56973],[-106.78106,34.56982],[-106.78283,34.56483],[-106.78813,34.5596],[-106.79199,34.56107],[-106.79387,34.55835],[-106.79563,34.55783],[-106.79797,34.5447],[-106.79783,34.5438],[-106.88256,34.57946],[-106.90442,34.58045],[-107.00881,34.57998],[-107.02005,34.57958],[-107.20174,34.57876],[-107.20197,34.6088],[-107.20438,34.6088],[-107.20333,34.78303],[-107.20331,34.79696],[-107.18618,34.7973]],[[-106.77728,34.57162],[-106.77226,34.57087],[-106.7714,34.57349],[-106.76779,34.5766],[-106.76255,34.5829],[-106.76416,34.58408],[-106.75616,34.59182],[-106.74862,34.5958],[-106.74727,34.59814],[-106.74804,34.602],[-106.7476,34.60541],[-106.74906,34.60896],[-106.75026,34.60813],[-106.75509,34.60982],[-106.75553,34.61282],[-106.76067,34.61277],[-106.76089,34.61118],[-106.76314,34.61131],[-106.77179,34.61023],[-106.7718,34.60437],[-106.77372,34.59945],[-106.77309,34.59419],[-106.77178,34.59122],[-106.77461,34.58706],[-106.7765,34.58211],[-106.77486,34.58074],[-106.77213,34.58074],[-106.77489,34.57878],[-106.77582,34.57571],[-106.77505,34.57272],[-106.77728,34.57162]]]}},{"type":"Feature","properties":{"zcta":"87022","d":0},"geometry":{"type":"Polygon","coordinates":[[[-106.70324,34.91745],[-106.69843,34.91174],[-106.69643,34.91013],[-106.68636,34.92261],[-106.68477,34.92366],[-106.68728,34.90774],[-106.68698,34.90619],[-106.69053,34.90287],[-106.69538,34.89995],[-106.70342,34.89915],[-106.69952,34.90295],[-106.70096,34.90378],[-106.69799,34.90946],[-106.7011,34.90757],[-106.70417,34.90868],[-106.70623,34.91098],[-106.70655,34.9179],[-106.70324,34.91745]]]}},{"type":"Feature","properties":{"zcta":"87024","d":13},"geometry":{"type":"Polygon","coordinates":[[[-106.84979,35.64988],[-106.78244,35.65031],[-106.78618,35.65417],[-106.79043,35.65523],[-106.79373,35.65852],[-106.79919,35.66027],[-106.8005,35.66276],[-106.79985,35.66577],[-106.80149,35.66906],[-106.80146,35.67298],[-106.8033,35.67546],[-106.80787,35.67941],[-106.80832,35.68178],[-106.81042,35.68401],[-106.81166,35.6876],[-106.8154,35.6879],[-106.82361,35.69438],[-106.82705,35.69503],[-106.83125,35.69741],[-106.83165,35.6996],[-106.83788,35.70062],[-106.84534,35.70488],[-106.84662,35.70848],[-106.84605,35.70994],[-106.84223,35.70761],[-106.84027,35.70868],[-106.83906,35.71426],[-106.84288,35.71771],[-106.84409,35.72157],[-106.84431,35.72539],[-106.84228,35.72894],[-106.84031,35.72965],[-106.83912,35.72782],[-106.83692,35.72777],[-106.83917,35.72955],[-106.84263,35.73555],[-106.83903,35.73807],[-106.83733,35.74059],[-106.83376,35.74075],[-106.83158,35.73882],[-106.82923,35.74059],[-106.82487,35.74147],[-106.82421,35.74008],[-106.81753,35.74328],[-106.81632,35.7447],[-106.81244,35.74338],[-106.81172,35.74473],[-106.80947,35.74457],[-106.79881,35.74233],[-106.79118,35.73901],[-106.78494,35.7415],[-106.784,35.74432],[-106.77981,35.74665],[-106.78211,35.74859],[-106.78696,35.74977],[-106.78871,35.7543],[-106.78784,35.75662],[-106.78959,35.75974],[-106.7902,35.76334],[-106.7888,35.76591],[-106.78955,35.76842],[-106.79185,35.77084],[-106.79177,35.77411],[-106.79393,35.77833],[-106.79506,35.78404],[-106.79177,35.78634],[-106.79193,35.78986],[-106.78955,35.79114],[-106.78801,35.7936],[-106.78792,35.79598],[-106.78911,35.79834],[-106.79155,35.80061],[-106.78917,35.80421],[-106.78989,35.80667],[-106.78856,35.80799],[-106.78533,35.81448],[-106.78758,35.81662],[-106.78752,35.81853],[-106.78638,35.82211],[-106.78677,35.82409],[-106.78481,35.82543],[-106.77696,35.82787],[-106.77548,35.8297],[-106.76971,35.83318],[-106.76666,35.83338],[-106.76361,35.83514],[-106.76311,35.83681],[-106.75375,35.83904],[-106.75193,35.84074],[-106.74869,35.84194],[-106.74811,35.84556],[-106.74655,35.84451],[-106.74187,35.84403],[-106.73649,35.8457],[-106.7339,35.84883],[-106.73056,35.84927],[-106.73001,35.84613],[-106.72449,35.84397],[-106.72341,35.83893],[-106.71717,35.8406],[-106.71247,35.84512],[-106.7096,35.84594],[-106.7078,35.8475],[-106.70333,35.84873],[-106.70091,35.85073],[-106.69386,35.85093],[-106.69158,35.85185],[-106.69003,35.85457],[-106.68556,35.8592],[-106.67679,35.85968],[-106.67215,35.86073],[-106.66587,35.86334],[-106.66376,35.8627],[-106.65935,35.86357],[-106.65756,35.86268],[-106.66101,35.86181],[-106.66327,35.85794],[-106.66077,35.8552],[-106.66482,35.84889],[-106.66479,35.84317],[-106.66628,35.8417],[-106.67017,35.83991],[-106.67678,35.83465],[-106.67919,35.83434],[-106.68291,35.82898],[-106.68278,35.8271],[-106.68502,35.82422],[-106.69157,35.82265],[-106.69659,35.8196],[-106.69849,35.81599],[-106.70327,35.81126],[-106.70301,35.80956],[-106.70532,35.80688],[-106.70622,35.80432],[-106.70543,35.80262],[-106.70849,35.79795],[-106.70872,35.79582],[-106.71147,35.79337],[-106.71397,35.7923],[-106.71287,35.78559],[-106.71647,35.78083],[-106.71587,35.77723],[-106.7172,35.77448],[-106.72256,35.76956],[-106.72862,35.76657],[-106.73428,35.763],[-106.74246,35.75703],[-106.7456,35.75179],[-106.74623,35.74728],[-106.74529,35.73812],[-106.74437,35.7365],[-106.74476,35.73245],[-106.74393,35.71903],[-106.74513,35.71086],[-106.74613,35.7075],[-106.74538,35.70275],[-106.7443,35.70014],[-106.74514,35.69833],[-106.74231,35.69694],[-106.74241,35.6839],[-106.73938,35.68844],[-106.73478,35.68659],[-106.73173,35.68629],[-106.72626,35.6847],[-106.72197,35.68542],[-106.71653,35.68982],[-106.71276,35.68478],[-106.7071,35.67137],[-106.7071,35.66832],[-106.7047,35.66753],[-106.70332,35.66121],[-106.7043,35.65686],[-106.70113,35.65254],[-106.70096,35.65005],[-106.68014,35.65005],[-106.6806,35.64921],[-106.68053,35.63921],[-106.67903,35.63863],[-106.6692,35.63903],[-106.66884,35.6232],[-106.63806,35.62338],[-106.63748,35.62356],[-106.62428,35.62363],[-106.62387,35.61794],[-106.62441,35.60917],[-106.62418,35.60244],[-106.62442,35.59455],[-106.62374,35.58715],[-106.62344,35.55164],[-106.63893,35.55173],[-106.6439,35.55316],[-106.66184,35.55924],[-106.67921,35.5658],[-106.7002,35.57229],[-106.70745,35.5749],[-106.75477,35.57524],[-106.85799,35.57549],[-106.85831,35.65314],[-106.84974,35.65324],[-106.84979,35.64988]]]}},{"type":"Feature","properties":{"zcta":"87031","d":38},"geometry":{"type":"Polygon","coordinates":[[[-107.02448,34.86995],[-106.76623,34.86997],[-106.73524,34.87003],[-106.72083,34.87005],[-106.72156,34.86551],[-106.72101,34.86058],[-106.71828,34.85285],[-106.71657,34.84953],[-106.71528,34.83831],[-106.71612,34.83602],[-106.7158,34.82691],[-106.71215,34.81701],[-106.71199,34.81276],[-106.71534,34.80797],[-106.71333,34.80775],[-106.70776,34.81094],[-106.7072,34.81261],[-106.71059,34.82005],[-106.70852,34.81818],[-106.70613,34.81251],[-106.7027,34.81395],[-106.70144,34.81282],[-106.7014,34.81542],[-106.69667,34.81589],[-106.69493,34.8143],[-106.69146,34.81344],[-106.68592,34.8143],[-106.68408,34.81709],[-106.67865,34.81401],[-106.67837,34.81623],[-106.67409,34.81528],[-106.67089,34.81624],[-106.66745,34.81547],[-106.66765,34.81121],[-106.53582,34.81101],[-106.5309,34.81088],[-106.47771,34.81054],[-106.46455,34.81052],[-106.46477,34.7832],[-106.46679,34.74527],[-106.46665,34.70637],[-106.46622,34.67096],[-106.46875,34.67479],[-106.47299,34.67839],[-106.47904,34.6802],[-106.48183,34.68237],[-106.48333,34.68466],[-106.49234,34.6882],[-106.49189,34.69008],[-106.49747,34.6897],[-106.50529,34.69094],[-106.51073,34.68947],[-106.51688,34.68928],[-106.51605,34.68776],[-106.51998,34.68597],[-106.52097,34.68433],[-106.52497,34.68436],[-106.5284,34.68327],[-106.53593,34.68443],[-106.54184,34.68846],[-106.55242,34.68952],[-106.55948,34.69111],[-106.56608,34.69398],[-106.56269,34.6949],[-106.62517,34.69468],[-106.65969,34.69463],[-106.65994,34.68624],[-106.6682,34.68319],[-106.66893,34.68086],[-106.67124,34.6783],[-106.68303,34.67318],[-106.68517,34.67307],[-106.68473,34.67669],[-106.6995,34.67811],[-106.70206,34.67872],[-106.71094,34.68305],[-106.71339,34.6832],[-106.71796,34.68483],[-106.72401,34.68543],[-106.72669,34.68652],[-106.72787,34.68461],[-106.73145,34.68619],[-106.72916,34.69085],[-106.73217,34.69209],[-106.73329,34.68635],[-106.73568,34.68333],[-106.73856,34.68145],[-106.73846,34.68259],[-106.74153,34.69152],[-106.74509,34.69064],[-106.74641,34.69247],[-106.74588,34.69507],[-106.74859,34.69837],[-106.75088,34.70304],[-106.7511,34.70797],[-106.74835,34.71305],[-106.74567,34.71469],[-106.74389,34.71818],[-106.74082,34.72216],[-106.73844,34.72688],[-106.73935,34.73079],[-106.74433,34.73881],[-106.74497,34.74109],[-106.74441,34.74383],[-106.7463,34.74574],[-106.74523,34.75302],[-106.74746,34.7541],[-106.74913,34.74635],[-106.75386,34.74501],[-106.75838,34.74564],[-106.758,34.74792],[-106.76354,34.74987],[-106.77159,34.75333],[-106.77549,34.74819],[-106.77764,34.7386],[-106.78264,34.73977],[-106.77998,34.74473],[-106.78061,34.74535],[-106.77726,34.74984],[-106.77808,34.75213],[-106.78676,34.75205],[-106.82059,34.7521],[-106.92408,34.75097],[-106.92726,34.75156],[-106.93461,34.75176],[-106.93363,34.74889],[-106.93719,34.75169],[-106.93786,34.75464],[-106.94141,34.75157],[-106.94613,34.75223],[-106.95051,34.75507],[-106.94832,34.7569],[-106.95301,34.75793],[-106.95442,34.75683],[-106.95639,34.75765],[-106.95581,34.75914],[-106.96059,34.7598],[-106.96158,34.75866],[-106.964,34.76014],[-106.96519,34.75868],[-106.96467,34.76259],[-106.96808,34.76582],[-106.97114,34.76735],[-106.97305,34.76696],[-106.97497,34.77145],[-106.97861,34.77593],[-106.98191,34.77437],[-106.9818,34.77673],[-106.98366,34.77689],[-106.98389,34.77886],[-106.98775,34.78073],[-106.98731,34.78368],[-106.98911,34.78515],[-106.98851,34.79115],[-106.9903,34.79732],[-106.99119,34.79843],[-106.98864,34.80097],[-106.99152,34.80115],[-106.99364,34.80362],[-106.99244,34.80488],[-106.9909,34.81083],[-106.99262,34.81051],[-106.99313,34.81484],[-106.99488,34.81896],[-106.99319,34.81864],[-106.99447,34.82207],[-106.99689,34.82317],[-106.99414,34.82628],[-106.99328,34.82857],[-106.99457,34.83139],[-106.99438,34.83521],[-106.99685,34.83633],[-106.99719,34.83821],[-107.00094,34.83774],[-107.00154,34.83944],[-106.99808,34.84116],[-107.00059,34.8434],[-107.0029,34.84409],[-107.00295,34.84588],[-107.00531,34.84592],[-107.00547,34.8494],[-107.00783,34.85195],[-107.01094,34.85369],[-107.00969,34.85536],[-107.01119,34.85609],[-107.01829,34.85763],[-107.01604,34.85859],[-107.00974,34.8576],[-107.01057,34.85944],[-107.01362,34.8615],[-107.01368,34.86287],[-107.02023,34.8664],[-107.02072,34.86984],[-107.02425,34.86979],[-107.0255,34.87039],[-107.025,34.87102],[-107.02448,34.86995]],[[-106.73647,34.73207],[-106.73298,34.73248],[-106.73479,34.73676],[-106.73268,34.7372],[-106.73135,34.74106],[-106.73649,34.74278],[-106.73443,34.75002],[-106.73445,34.75625],[-106.73684,34.75383],[-106.73798,34.74988],[-106.73831,34.7397],[-106.73647,34.73207]]]}},{"type":"Feature","properties":{"zcta":"87032","d":0},"geometry":{"type":"Polygon","coordinates":[[[-106.14108,34.89835],[-106.08787,34.89788],[-106.08773,34.89084],[-106.07887,34.89063],[-106.07887,34.88699],[-106.07014,34.88697],[-106.07013,34.88332],[-106.0527,34.88325],[-106.05255,34.89056],[-106.04716,34.8906],[-106.04697,34.89774],[-106.02609,34.89786],[-106.02608,34.8702],[-105.93858,34.87032],[-105.93856,34.84123],[-106.02553,34.84126],[-106.02762,34.84116],[-106.06544,34.84118],[-106.06535,34.85205],[-106.06104,34.85207],[-106.06104,34.85568],[-106.07869,34.85568],[-106.07862,34.85925],[-106.06997,34.85925],[-106.06991,34.86299],[-106.05309,34.863],[-106.05295,34.8702],[-106.11398,34.87016],[-106.11536,34.87025],[-106.14974,34.87014],[-106.1497,34.89805],[-106.14108,34.89835]]]}},{"type":"Feature","properties":{"zcta":"87036","d":1},"geometry":{"type":"Polygon","coordinates":[[[-106.5351,34.45852],[-106.5115,34.45742],[-106.51092,34.45294],[-106.50688,34.4576],[-106.50462,34.457],[-106.45631,34.43705],[-106.43875,34.43748],[-106.41692,34.43969],[-106.41748,34.49956],[-106.41787,34.50715],[-106.41699,34.51477],[-106.41688,34.52172],[-106.46979,34.52122],[-106.47118,34.60842],[-106.46487,34.60839],[-106.4662,34.67043],[-106.46206,34.66835],[-106.45922,34.66904],[-106.45248,34.66379],[-106.44944,34.6629],[-106.44926,34.66121],[-106.44293,34.65697],[-106.4413,34.65688],[-106.4385,34.65434],[-106.43641,34.657],[-106.43649,34.66045],[-106.43259,34.66103],[-106.4278,34.66474],[-106.42625,34.66723],[-106.42376,34.66461],[-106.4247,34.66103],[-106.42678,34.65796],[-106.42739,34.65363],[-106.42859,34.65052],[-106.4278,34.64868],[-106.43105,34.646],[-106.4341,34.64227],[-106.43725,34.64001],[-106.43831,34.63708],[-106.44009,34.6355],[-106.43779,34.63247],[-106.43593,34.62845],[-106.43234,34.62766],[-106.42798,34.6245],[-106.41971,34.62374],[-106.413,34.62168],[-106.40884,34.61935],[-106.40596,34.61686],[-106.40298,34.61609],[-106.40023,34.61897],[-106.39792,34.61778],[-106.3871,34.61635],[-106.38276,34.61728],[-106.37727,34.61629],[-106.3681,34.61632],[-106.36144,34.61505],[-106.36075,34.6172],[-106.35479,34.61872],[-106.35097,34.62501],[-106.34981,34.62842],[-106.3473,34.63267],[-106.3461,34.6369],[-106.34319,34.64183],[-106.3451,34.64664],[-106.34359,34.64923],[-106.33379,34.65021],[-106.33102,34.65117],[-106.32592,34.6546],[-106.32268,34.66079],[-106.32057,34.66375],[-106.31601,34.66721],[-106.2715,34.66702],[-106.18382,34.66703],[-106.18382,34.638],[-106.17818,34.63815],[-106.14869,34.63808],[-106.14846,34.60902],[-106.06107,34.60905],[-106.06107,34.6045],[-106.06409,34.6028],[-106.04484,34.59675],[-106.04386,34.58866],[-106.03505,34.5886],[-106.0351,34.58398],[-106.03813,34.58144],[-106.03115,34.58142],[-106.03093,34.55623],[-106.03134,34.55238],[-106.04161,34.54389],[-106.0482,34.53784],[-106.04799,34.52499],[-106.04575,34.51762],[-106.04508,34.51073],[-106.0484,34.50704],[-106.05141,34.50647],[-106.05142,34.50262],[-106.04968,34.49949],[-106.05124,34.49551],[-106.05123,34.43469],[-106.05996,34.43471],[-106.06398,34.43885],[-106.06902,34.43959],[-106.07212,34.44228],[-106.07814,34.44224],[-106.08206,34.44163],[-106.08358,34.44222],[-106.10382,34.44224],[-106.10379,34.43563],[-106.10429,34.43027],[-106.10391,34.41286],[-106.09775,34.41292],[-106.09525,34.4135],[-106.09179,34.41298],[-106.07792,34.41292],[-106.07561,34.41201],[-106.07463,34.40965],[-106.07271,34.40797],[-106.06853,34.40688],[-106.06364,34.40746],[-106.05858,34.40576],[-106.05121,34.40565],[-106.051,34.3947],[-106.0514,34.39122],[-106.04719,34.39093],[-106.01024,34.39096],[-106.00937,34.39078],[-106.00876,34.39458],[-106.00429,34.40018],[-106.00428,34.40359],[-105.99947,34.40411],[-105.98573,34.40322],[-105.98082,34.40219],[-105.97881,34.40085],[-105.97643,34.39732],[-105.96884,34.39699],[-105.96181,34.39545],[-105.95507,34.39215],[-105.94762,34.38956],[-105.94419,34.38985],[-105.93635,34.38522],[-105.93127,34.38387],[-105.91978,34.3825],[-105.91664,34.38413],[-105.91209,34.38335],[-105.91098,34.38098],[-105.9079,34.38185],[-105.90737,34.38098],[-105.9035,34.38082],[-105.89928,34.38146],[-105.89597,34.37763],[-105.89287,34.37243],[-105.89216,34.36821],[-105.89252,34.36537],[-105.89152,34.36317],[-105.89062,34.35635],[-105.88951,34.35392],[-105.88968,34.35163],[-105.88769,34.34833],[-105.87987,34.34393],[-105.88032,34.34251],[-105.87924,34.33526],[-105.887,34.32642],[-105.88864,34.32045],[-105.891,34.31373],[-105.89469,34.31142],[-105.89795,34.30662],[-105.90533,34.29356],[-105.90008,34.29149],[-105.89338,34.29005],[-105.89051,34.28995],[-105.88557,34.2909],[-105.88228,34.29308],[-105.87558,34.2954],[-105.86676,34.29652],[-105.86216,34.29827],[-105.88791,34.26063],[-105.88992,34.25999],[-105.92597,34.25999],[-105.92485,34.20107],[-105.92961,34.20119],[-105.94194,34.19755],[-105.95484,34.19867],[-105.95935,34.20272],[-106.04607,34.20284],[-106.04637,34.20498],[-106.04645,34.21609],[-106.0918,34.21559],[-106.1016,34.20947],[-106.10576,34.20646],[-106.10888,34.20187],[-106.11221,34.19939],[-106.11512,34.196],[-106.11739,34.19129],[-106.11641,34.18313],[-106.11628,34.14299],[-106.11568,34.14318],[-106.01168,34.14332],[-106.01176,34.1262],[-106.01483,34.12624],[-106.02091,34.12756],[-106.02931,34.12866],[-106.0295,34.12629],[-106.04335,34.12088],[-106.04642,34.11878],[-106.04644,34.11429],[-106.09781,34.11392],[-106.08604,34.10533],[-106.08018,34.10293],[-106.07617,34.09985],[-106.07358,34.09568],[-106.0704,34.0884],[-106.06919,34.08439],[-106.06917,34.07815],[-106.06811,34.0639],[-106.06396,34.05643],[-106.06403,34.03504],[-106.06634,34.0338],[-106.07295,34.03388],[-106.07571,34.03141],[-106.07937,34.02703],[-106.08959,34.02719],[-106.09188,34.02184],[-106.09618,34.01956],[-106.09856,34.01923],[-106.1028,34.01992],[-106.10998,34.01941],[-106.11233,34.01994],[-106.11617,34.01854],[-106.1162,34.04532],[-106.11992,34.04593],[-106.12334,34.04314],[-106.12965,34.03945],[-106.13669,34.04286],[-106.13761,34.04516],[-106.14246,34.04603],[-106.1441,34.04525],[-106.14438,34.04726],[-106.14928,34.04628],[-106.1522,34.04809],[-106.15731,34.04835],[-106.16019,34.04998],[-106.16046,34.04599],[-106.16367,34.04355],[-106.16672,34.03507],[-106.16784,34.03387],[-106.16797,34.02911],[-106.16641,34.02472],[-106.16317,34.02165],[-106.15783,34.01857],[-106.16021,34.01882],[-106.16334,34.01699],[-106.1617,34.01268],[-106.16228,34.00899],[-106.16355,34.00664],[-106.16409,34.00135],[-106.16362,33.99632],[-106.1626,33.9954],[-106.17575,33.99369],[-106.17869,33.99661],[-106.1779,34.00064],[-106.17665,34.00256],[-106.1773,34.00459],[-106.17926,34.00615],[-106.18452,34.0081],[-106.18799,34.01039],[-106.18643,34.01253],[-106.1868,34.01643],[-106.18834,34.01907],[-106.18792,34.02196],[-106.18903,34.02372],[-106.19355,34.02665],[-106.196,34.03015],[-106.19488,34.03332],[-106.19367,34.03989],[-106.19282,34.04193],[-106.18964,34.04408],[-106.18773,34.04912],[-106.18555,34.05201],[-106.18176,34.05502],[-106.18511,34.05666],[-106.18854,34.05951],[-106.19477,34.06231],[-106.2017,34.06243],[-106.20999,34.06132],[-106.21194,34.06217],[-106.21527,34.05967],[-106.21723,34.0616],[-106.20482,34.06769],[-106.19802,34.07214],[-106.19556,34.07194],[-106.19083,34.0688],[-106.18811,34.07037],[-106.18382,34.07158],[-106.17881,34.07154],[-106.1679,34.07298],[-106.16088,34.07184],[-106.16115,34.07363],[-106.16316,34.075],[-106.16431,34.07814],[-106.17061,34.08064],[-106.17272,34.08452],[-106.17769,34.08934],[-106.17984,34.09556],[-106.17913,34.09827],[-106.17981,34.10117],[-106.17522,34.10932],[-106.17307,34.11473],[-106.1734,34.11695],[-106.17541,34.12088],[-106.17825,34.12398],[-106.18424,34.12854],[-106.35757,34.12867],[-106.41901,34.12875],[-106.419,34.11898],[-106.423,34.11372],[-106.42905,34.11416],[-106.43101,34.11326],[-106.43551,34.1142],[-106.43348,34.09474],[-106.42375,34.08714],[-106.41998,34.08537],[-106.41643,34.08175],[-106.4115,34.07779],[-106.40842,34.07387],[-106.40306,34.07059],[-106.39981,34.06987],[-106.39941,34.0613],[-106.40262,34.05562],[-106.41178,34.04749],[-106.41907,34.04275],[-106.43138,34.03903],[-106.43407,34.03898],[-106.44032,34.03545],[-106.44492,34.03701],[-106.45134,34.03547],[-106.45506,34.03323],[-106.46794,34.02876],[-106.47088,34.02902],[-106.47092,34.08479],[-106.47029,34.08854],[-106.46579,34.09716],[-106.46147,34.1043],[-106.45412,34.11451],[-106.45393,34.12888],[-106.45422,34.15007],[-106.45543,34.155],[-106.45679,34.15775],[-106.46141,34.16481],[-106.47074,34.1834],[-106.4708,34.21534],[-106.4744,34.21513],[-106.48301,34.2159],[-106.48744,34.21699],[-106.49464,34.21802],[-106.50085,34.21576],[-106.5048,34.21575],[-106.50692,34.22114],[-106.50658,34.22441],[-106.50724,34.22713],[-106.51078,34.23746],[-106.51187,34.24193],[-106.51193,34.24813],[-106.51295,34.24979],[-106.51952,34.24768],[-106.5316,34.25031],[-106.53485,34.25076],[-106.53891,34.2502],[-106.54109,34.25077],[-106.548,34.25029],[-106.55311,34.251],[-106.55799,34.24926],[-106.56197,34.24666],[-106.56378,34.24403],[-106.56378,34.27583],[-106.54827,34.30271],[-106.54289,34.31817],[-106.54764,34.33418],[-106.54743,34.35739],[-106.52653,34.38564],[-106.52183,34.3937],[-106.51349,34.40995],[-106.51378,34.41274],[-106.52049,34.42805],[-106.52319,34.43122],[-106.52704,34.43288],[-106.53239,34.43353],[-106.53656,34.4375],[-106.54847,34.45762],[-106.5351,34.45852]]]}},{"type":"Feature","properties":{"zcta":"87070","d":0},"geometry":{"type":"Polygon","coordinates":[[[-105.71442,35.0416],[-105.68285,35.04163],[-105.66416,35.00849],[-105.70486,35.01082],[-105.70933,35.01031],[-105.72098,35.0054],[-105.72604,35.00436],[-105.81756,35.00518],[-105.81525,35.00693],[-105.81288,35.01266],[-105.81351,35.01564],[-105.8126,35.01919],[-105.80981,35.02202],[-105.80557,35.02411],[-105.80504,35.027],[-105.79969,35.02862],[-105.7959,35.02809],[-105.78595,35.03292],[-105.78449,35.03269],[-105.78403,35.03889],[-105.78229,35.04133],[-105.71442,35.0416]]]}},{"type":"Feature","properties":{"zcta":"87072","d":0},"geometry":{"type":"Polygon","coordinates":[[[-106.39142,35.63467],[-106.38208,35.62658],[-106.36874,35.61967],[-106.36271,35.61544],[-106.35736,35.61403],[-106.35741,35.61535],[-106.34401,35.62221],[-106.34213,35.62383],[-106.33784,35.62563],[-106.32969,35.61882],[-106.32972,35.61772],[-106.33129,35.61713],[-106.33488,35.61196],[-106.33489,35.61035],[-106.33263,35.60814],[-106.3331,35.60676],[-106.33874,35.60382],[-106.34023,35.60147],[-106.34403,35.5997],[-106.34563,35.598],[-106.35255,35.59668],[-106.35575,35.60146],[-106.36057,35.59449],[-106.36638,35.58968],[-106.36874,35.58697],[-106.37118,35.57974],[-106.37414,35.57734],[-106.37843,35.57243],[-106.37872,35.5697],[-106.38141,35.56979],[-106.40811,35.5821],[-106.44214,35.59846],[-106.44246,35.61238],[-106.4423,35.63843],[-106.39629,35.63812],[-106.39142,35.63467]]]}},{"type":"Feature","properties":{"zcta":"87025","d":2},"geometry":{"type":"Polygon","coordinates":[[[-106.77747,35.999],[-106.71425,35.99946],[-106.62133,35.99984],[-106.62138,35.96358],[-106.61748,35.96248],[-106.61564,35.96444],[-106.61067,35.96455],[-106.60269,35.96754],[-106.5987,35.96735],[-106.59808,35.96357],[-106.59365,35.96063],[-106.5925,35.95824],[-106.59262,35.95042],[-106.59145,35.94736],[-106.59221,35.94507],[-106.59083,35.94477],[-106.58733,35.9398],[-106.5848,35.9389],[-106.5782,35.9387],[-106.57626,35.93794],[-106.56492,35.93694],[-106.56281,35.93536],[-106.55608,35.93662],[-106.55447,35.93538],[-106.55549,35.92863],[-106.5565,35.92609],[-106.5549,35.92183],[-106.55669,35.91897],[-106.55429,35.9159],[-106.55925,35.91239],[-106.55823,35.90759],[-106.55617,35.90306],[-106.55456,35.90225],[-106.54927,35.90173],[-106.55018,35.89958],[-106.54263,35.90126],[-106.54043,35.89955],[-106.54022,35.9014],[-106.53793,35.90187],[-106.53697,35.89972],[-106.53577,35.90043],[-106.53398,35.89794],[-106.5283,35.90256],[-106.52397,35.90505],[-106.51888,35.90545],[-106.51761,35.90671],[-106.51342,35.90809],[-106.50978,35.90831],[-106.50734,35.90669],[-106.49898,35.90318],[-106.50149,35.90032],[-106.49892,35.89942],[-106.49799,35.89638],[-106.50313,35.89304],[-106.50251,35.88976],[-106.5033,35.88862],[-106.49823,35.88699],[-106.4985,35.88954],[-106.4961,35.89086],[-106.49491,35.88904],[-106.49315,35.88909],[-106.48695,35.88714],[-106.48389,35.88487],[-106.47748,35.88196],[-106.47594,35.8802],[-106.4753,35.87529],[-106.47605,35.87459],[-106.47536,35.87017],[-106.47716,35.86824],[-106.47615,35.86452],[-106.47727,35.86321],[-106.47576,35.86179],[-106.47646,35.85755],[-106.47816,35.85612],[-106.48255,35.85431],[-106.48742,35.85005],[-106.48634,35.84956],[-106.48142,35.85361],[-106.47924,35.8537],[-106.47389,35.85532],[-106.47297,35.85687],[-106.46902,35.85704],[-106.46778,35.8584],[-106.46402,35.85863],[-106.46254,35.85958],[-106.45831,35.86011],[-106.45428,35.85938],[-106.44957,35.86056],[-106.44925,35.85688],[-106.45107,35.85382],[-106.45649,35.8513],[-106.45021,35.8521],[-106.44759,35.85151],[-106.43714,35.85334],[-106.43143,35.85293],[-106.42799,35.8538],[-106.42538,35.85141],[-106.42376,35.84793],[-106.42581,35.84596],[-106.43058,35.83625],[-106.43182,35.83518],[-106.43752,35.83287],[-106.44326,35.83333],[-106.44527,35.82848],[-106.44434,35.82526],[-106.44571,35.82376],[-106.43781,35.81835],[-106.43567,35.81753],[-106.43325,35.81304],[-106.43165,35.81213],[-106.43002,35.8089],[-106.42881,35.80409],[-106.41928,35.79537],[-106.41976,35.79326],[-106.41858,35.7912],[-106.42013,35.78999],[-106.41796,35.78609],[-106.41574,35.78374],[-106.41788,35.77998],[-106.42061,35.78016],[-106.42364,35.77714],[-106.42204,35.77547],[-106.41844,35.774],[-106.42148,35.77316],[-106.42193,35.76947],[-106.41842,35.76638],[-106.41778,35.76228],[-106.41601,35.7594],[-106.41281,35.7563],[-106.41086,35.75003],[-106.41102,35.74636],[-106.40751,35.74032],[-106.40779,35.73641],[-106.40984,35.73119],[-106.40656,35.72471],[-106.40086,35.72026],[-106.39878,35.71976],[-106.39592,35.71497],[-106.39165,35.71405],[-106.38907,35.71254],[-106.38634,35.71277],[-106.38623,35.71055],[-106.38362,35.7083],[-106.38059,35.70748],[-106.37558,35.70301],[-106.37208,35.70183],[-106.36943,35.69963],[-106.36788,35.69963],[-106.3661,35.6966],[-106.36644,35.69138],[-106.36537,35.68842],[-106.36828,35.68697],[-106.36602,35.68478],[-106.36613,35.67851],[-106.36672,35.67597],[-106.37291,35.676],[-106.37603,35.67935],[-106.37596,35.68091],[-106.37771,35.68611],[-106.3795,35.68928],[-106.38496,35.68908],[-106.38894,35.69118],[-106.39201,35.69101],[-106.40028,35.69212],[-106.41011,35.69856],[-106.41131,35.69964],[-106.46338,35.69972],[-106.46552,35.69992],[-106.50057,35.6997],[-106.56059,35.69955],[-106.6081,35.69998],[-106.61815,35.69272],[-106.62167,35.68793],[-106.62237,35.68241],[-106.62432,35.67862],[-106.62825,35.67512],[-106.62357,35.67555],[-106.62358,35.66728],[-106.62561,35.66953],[-106.62938,35.6709],[-106.63125,35.67271],[-106.63799,35.67417],[-106.64102,35.67369],[-106.6412,35.68155],[-106.65385,35.68159],[-106.65376,35.68619],[-106.65172,35.68763],[-106.64734,35.68841],[-106.64486,35.69032],[-106.64523,35.69169],[-106.64345,35.69292],[-106.64282,35.69518],[-106.6386,35.6967],[-106.63823,35.69824],[-106.63066,35.70149],[-106.62858,35.70338],[-106.62828,35.70664],[-106.62689,35.70794],[-106.62894,35.71095],[-106.62728,35.71576],[-106.62933,35.71652],[-106.6307,35.71913],[-106.62857,35.72299],[-106.6195,35.72794],[-106.61857,35.72982],[-106.62045,35.72918],[-106.62065,35.73172],[-106.6197,35.73417],[-106.61771,35.7354],[-106.61437,35.73538],[-106.61479,35.742],[-106.61407,35.75241],[-106.61233,35.75465],[-106.61393,35.75653],[-106.61679,35.75737],[-106.61655,35.76076],[-106.61748,35.76417],[-106.61518,35.76667],[-106.61554,35.76823],[-106.61295,35.76801],[-106.61112,35.77009],[-106.61202,35.77137],[-106.60875,35.77025],[-106.61062,35.77275],[-106.60993,35.77407],[-106.60292,35.77814],[-106.59878,35.77993],[-106.5995,35.7824],[-106.59948,35.78822],[-106.59789,35.7915],[-106.59956,35.79098],[-106.60291,35.79525],[-106.60679,35.79687],[-106.61207,35.79556],[-106.61286,35.79932],[-106.61553,35.80032],[-106.61728,35.80362],[-106.62079,35.8057],[-106.62197,35.80936],[-106.62369,35.8081],[-106.62685,35.80779],[-106.63236,35.80229],[-106.63489,35.79881],[-106.6359,35.8004],[-106.64155,35.79822],[-106.6454,35.79747],[-106.64473,35.79227],[-106.64904,35.78923],[-106.65571,35.7829],[-106.66159,35.77664],[-106.66404,35.7771],[-106.66567,35.77403],[-106.6682,35.77168],[-106.66947,35.76852],[-106.66953,35.76587],[-106.67454,35.76287],[-106.67766,35.75999],[-106.67898,35.75613],[-106.67823,35.75386],[-106.67899,35.75008],[-106.68068,35.7466],[-106.67909,35.74269],[-106.68021,35.74049],[-106.68662,35.73659],[-106.68797,35.73469],[-106.68667,35.73224],[-106.68658,35.72911],[-106.68779,35.72537],[-106.6914,35.72053],[-106.6944,35.71807],[-106.69678,35.71729],[-106.69994,35.71464],[-106.70126,35.71486],[-106.7028,35.70939],[-106.70419,35.70898],[-106.70938,35.70026],[-106.71196,35.69839],[-106.7134,35.69348],[-106.71653,35.68982],[-106.72197,35.68542],[-106.72626,35.6847],[-106.73173,35.68629],[-106.73478,35.68659],[-106.73938,35.68844],[-106.74241,35.6839],[-106.74231,35.69694],[-106.74514,35.69833],[-106.7443,35.70014],[-106.74538,35.70275],[-106.74613,35.7075],[-106.74513,35.71086],[-106.74393,35.71903],[-106.74476,35.73245],[-106.74437,35.7365],[-106.74529,35.73812],[-106.74623,35.74728],[-106.7456,35.75179],[-106.74246,35.75703],[-106.73428,35.763],[-106.72862,35.76657],[-106.72256,35.76956],[-106.7172,35.77448],[-106.71587,35.77723],[-106.71647,35.78083],[-106.71287,35.78559],[-106.71397,35.7923],[-106.71147,35.79337],[-106.70872,35.79582],[-106.70849,35.79795],[-106.70543,35.80262],[-106.70622,35.80432],[-106.70532,35.80688],[-106.70301,35.80956],[-106.70327,35.81126],[-106.69849,35.81599],[-106.69659,35.8196],[-106.69157,35.82265],[-106.68502,35.82422],[-106.68278,35.8271],[-106.68291,35.82898],[-106.67919,35.83434],[-106.67678,35.83465],[-106.67017,35.83991],[-106.66628,35.8417],[-106.66479,35.84317],[-106.66482,35.84889],[-106.66077,35.8552],[-106.66327,35.85794],[-106.66101,35.86181],[-106.65756,35.86268],[-106.65935,35.86357],[-106.66376,35.8627],[-106.66587,35.86334],[-106.67215,35.86073],[-106.67679,35.85968],[-106.68556,35.8592],[-106.69003,35.85457],[-106.69158,35.85185],[-106.69386,35.85093],[-106.70091,35.85073],[-106.70333,35.84873],[-106.7078,35.8475],[-106.7096,35.84594],[-106.71247,35.84512],[-106.71717,35.8406],[-106.72341,35.83893],[-106.72449,35.84397],[-106.73001,35.84613],[-106.73056,35.84927],[-106.7339,35.84883],[-106.73649,35.8457],[-106.74187,35.84403],[-106.74655,35.84451],[-106.74811,35.84556],[-106.74869,35.84194],[-106.75193,35.84074],[-106.75375,35.83904],[-106.76311,35.83681],[-106.76361,35.83514],[-106.76666,35.83338],[-106.76971,35.83318],[-106.77548,35.8297],[-106.77696,35.82787],[-106.78481,35.82543],[-106.78677,35.82409],[-106.78638,35.82211],[-106.78752,35.81853],[-106.79204,35.82385],[-106.79368,35.82385],[-106.79792,35.82906],[-106.79832,35.83136],[-106.80178,35.83362],[-106.80253,35.83521],[-106.80549,35.83601],[-106.80598,35.83731],[-106.80366,35.83924],[-106.80345,35.84217],[-106.8016,35.8437],[-106.80171,35.84551],[-106.80026,35.84944],[-106.8008,35.85414],[-106.7989,35.85574],[-106.79909,35.85891],[-106.79696,35.86238],[-106.79665,35.86473],[-106.79509,35.86698],[-106.79572,35.86886],[-106.795,35.8715],[-106.79662,35.87334],[-106.79529,35.8784],[-106.798,35.88208],[-106.79638,35.89037],[-106.79756,35.89403],[-106.80145,35.89596],[-106.80136,35.89943],[-106.80029,35.90134],[-106.80163,35.90306],[-106.80095,35.90677],[-106.80402,35.90746],[-106.80478,35.91056],[-106.81113,35.91212],[-106.81462,35.91386],[-106.82365,35.91553],[-106.82624,35.91857],[-106.83047,35.92099],[-106.83054,35.92526],[-106.82896,35.9292],[-106.83027,35.92929],[-106.83189,35.93168],[-106.83478,35.93349],[-106.8353,35.93516],[-106.82941,35.93707],[-106.82649,35.93745],[-106.82561,35.94233],[-106.82576,35.94707],[-106.82319,35.95325],[-106.82389,35.95778],[-106.82585,35.96148],[-106.82621,35.96562],[-106.82845,35.96848],[-106.82932,35.97541],[-106.83216,35.97852],[-106.83786,35.98135],[-106.83945,35.98266],[-106.83993,35.98544],[-106.84537,35.98503],[-106.85337,35.98553],[-106.85488,35.9865],[-106.8527,35.98847],[-106.84277,35.9917],[-106.8408,35.99509],[-106.84318,35.99529],[-106.84131,35.99863],[-106.82762,35.99869],[-106.77747,35.999]]]}},{"type":"Feature","properties":{"zcta":"87104","d":1397},"geometry":{"type":"Polygon","coordinates":[[[-106.68665,35.12312],[-106.68583,35.12773],[-106.6832,35.12676],[-106.68371,35.12335],[-106.67922,35.12214],[-106.67151,35.12167],[-106.67178,35.12325],[-106.66915,35.1225],[-106.66942,35.11978],[-106.66806,35.11831],[-106.66857,35.11541],[-106.66143,35.11526],[-106.66486,35.11293],[-106.66118,35.11234],[-106.66089,35.11118],[-106.65796,35.11225],[-106.65867,35.10774],[-106.65756,35.10337],[-106.65449,35.10303],[-106.65552,35.10043],[-106.65601,35.09553],[-106.66007,35.09586],[-106.66157,35.08948],[-106.66345,35.0885],[-106.66424,35.08113],[-106.66739,35.0815],[-106.66458,35.07934],[-106.66669,35.07974],[-106.66461,35.07707],[-106.66233,35.07555],[-106.66737,35.07499],[-106.67156,35.07785],[-106.67567,35.08205],[-106.67597,35.08324],[-106.68117,35.08907],[-106.68814,35.09269],[-106.68895,35.09587],[-106.69181,35.10043],[-106.69234,35.10651],[-106.69105,35.10956],[-106.69266,35.1162],[-106.69075,35.12266],[-106.68665,35.12312]]]}},{"type":"Feature","properties":{"zcta":"87008","d":46},"geometry":{"type":"Polygon","coordinates":[[[-106.41865,35.21743],[-106.41683,35.21584],[-106.41033,35.21498],[-106.40878,35.2135],[-106.40965,35.21142],[-106.41329,35.20821],[-106.41013,35.2054],[-106.40801,35.20463],[-106.40939,35.20076],[-106.40602,35.20048],[-106.4058,35.1957],[-106.40445,35.19314],[-106.40549,35.19161],[-106.40128,35.19435],[-106.39877,35.19303],[-106.39761,35.19105],[-106.39417,35.18954],[-106.39138,35.18452],[-106.39124,35.18098],[-106.38978,35.18505],[-106.38783,35.18312],[-106.38139,35.17998],[-106.37835,35.17968],[-106.37728,35.18183],[-106.37684,35.17661],[-106.37528,35.17001],[-106.37569,35.16546],[-106.37371,35.16449],[-106.37494,35.16288],[-106.36791,35.16084],[-106.3547,35.16059],[-106.35466,35.16226],[-106.35205,35.16318],[-106.34868,35.16238],[-106.34975,35.15953],[-106.34963,35.15666],[-106.34145,35.15619],[-106.34183,35.1488],[-106.33893,35.14891],[-106.33976,35.14195],[-106.32343,35.14204],[-106.3217,35.14097],[-106.32414,35.13684],[-106.32892,35.13121],[-106.33291,35.13327],[-106.33512,35.13201],[-106.33286,35.13088],[-106.33843,35.12744],[-106.34145,35.12471],[-106.34496,35.12323],[-106.34808,35.11975],[-106.34948,35.11288],[-106.35473,35.11338],[-106.35721,35.11559],[-106.36392,35.11538],[-106.36398,35.11386],[-106.36624,35.114],[-106.37002,35.10945],[-106.37037,35.10717],[-106.37297,35.10295],[-106.37274,35.10146],[-106.37451,35.09789],[-106.37405,35.0961],[-106.37111,35.09561],[-106.37168,35.09306],[-106.37665,35.08885],[-106.37774,35.08954],[-106.37921,35.08761],[-106.37962,35.09024],[-106.38132,35.08939],[-106.38086,35.09437],[-106.38447,35.09522],[-106.38522,35.08951],[-106.39234,35.08989],[-106.39233,35.0942],[-106.39758,35.09759],[-106.4023,35.09672],[-106.40444,35.09701],[-106.4067,35.09922],[-106.41191,35.0994],[-106.41429,35.10114],[-106.4209,35.104],[-106.42769,35.10606],[-106.42722,35.11089],[-106.42679,35.11365],[-106.42977,35.11961],[-106.42777,35.12342],[-106.42722,35.12642],[-106.42538,35.12944],[-106.4218,35.13328],[-106.42059,35.13581],[-106.41832,35.13719],[-106.41642,35.13998],[-106.41589,35.14303],[-106.41389,35.14507],[-106.41495,35.14829],[-106.41522,35.1525],[-106.41395,35.15501],[-106.41421,35.16012],[-106.41563,35.16259],[-106.41457,35.17194],[-106.41564,35.18272],[-106.41829,35.18683],[-106.41974,35.18717],[-106.42262,35.19109],[-106.42565,35.19266],[-106.43675,35.19706],[-106.44164,35.20183],[-106.44849,35.20548],[-106.45377,35.21033],[-106.45742,35.21445],[-106.45938,35.21794],[-106.41865,35.21743]]]}},{"type":"Feature","properties":{"zcta":"87083","d":151},"geometry":{"type":"Polygon","coordinates":[[[-106.3921,35.63811],[-106.39277,35.67542],[-106.37577,35.6754],[-106.37291,35.676],[-106.36565,35.67119],[-106.36062,35.66963],[-106.35747,35.66794],[-106.35381,35.66708],[-106.3508,35.66288],[-106.34542,35.65878],[-106.33923,35.65635],[-106.33607,35.6539],[-106.33222,35.64852],[-106.33202,35.6466],[-106.33338,35.64343],[-106.33347,35.63975],[-106.33176,35.63757],[-106.33138,35.63288],[-106.32545,35.62084],[-106.32521,35.61784],[-106.32972,35.61772],[-106.32969,35.61882],[-106.33784,35.62563],[-106.34213,35.62383],[-106.34401,35.62221],[-106.35741,35.61535],[-106.35736,35.61403],[-106.36271,35.61544],[-106.36874,35.61967],[-106.38208,35.62658],[-106.39142,35.63467],[-106.39629,35.63812],[-106.3921,35.63811]]]}},{"type":"Feature","properties":{"zcta":"87004","d":97},"geometry":{"type":"Polygon","coordinates":[[[-106.61457,35.4795],[-106.6031,35.47933],[-106.56061,35.46266],[-106.56051,35.45075],[-106.53011,35.4508],[-106.53012,35.41486],[-106.51268,35.4146],[-106.51267,35.4111],[-106.50849,35.411],[-106.50838,35.40736],[-106.50462,35.40728],[-106.50442,35.40297],[-106.49471,35.40312],[-106.49481,35.39928],[-106.49173,35.39929],[-106.49175,35.39586],[-106.48725,35.3957],[-106.48722,35.39324],[-106.48047,35.39127],[-106.48132,35.38964],[-106.48711,35.38458],[-106.48969,35.38368],[-106.49543,35.38024],[-106.49796,35.37999],[-106.50384,35.37705],[-106.50535,35.37178],[-106.50585,35.36767],[-106.50058,35.36654],[-106.48459,35.36651],[-106.49438,35.35854],[-106.51594,35.34095],[-106.51729,35.33968],[-106.53176,35.32128],[-106.53397,35.31626],[-106.53462,35.31011],[-106.53641,35.30503],[-106.55349,35.28066],[-106.55837,35.26926],[-106.56454,35.25916],[-106.56515,35.25702],[-106.57405,35.21794],[-106.59329,35.21784],[-106.60448,35.21786],[-106.60538,35.21744],[-106.60148,35.22063],[-106.6011,35.22192],[-106.5961,35.22731],[-106.59256,35.2293],[-106.58808,35.23382],[-106.5859,35.23864],[-106.5888,35.24285],[-106.59017,35.24601],[-106.59077,35.25241],[-106.59283,35.2543],[-106.59508,35.2579],[-106.5952,35.26328],[-106.59813,35.27132],[-106.59666,35.27574],[-106.59821,35.27813],[-106.5983,35.28094],[-106.59515,35.28614],[-106.58302,35.2918],[-106.5811,35.29686],[-106.57874,35.29806],[-106.57344,35.30361],[-106.57039,35.30373],[-106.56341,35.30684],[-106.56898,35.30712],[-106.58669,35.3072],[-106.58814,35.30994],[-106.58713,35.31217],[-106.58423,35.31298],[-106.5843,35.31944],[-106.57951,35.31943],[-106.5766,35.31602],[-106.57466,35.32144],[-106.57089,35.32144],[-106.56867,35.3232],[-106.56642,35.3232],[-106.56639,35.32634],[-106.57083,35.32724],[-106.57081,35.32986],[-106.57929,35.3358],[-106.63105,35.36582],[-106.63397,35.3693],[-106.63629,35.37768],[-106.64881,35.37776],[-106.67247,35.37763],[-106.67271,35.39211],[-106.67304,35.45228],[-106.67326,35.47047],[-106.67405,35.48076],[-106.61457,35.4795]]]}},{"type":"Feature","properties":{"zcta":"87114","d":1507},"geometry":{"type":"Polygon","coordinates":[[[-106.66069,35.21792],[-106.66085,35.21442],[-106.65986,35.21253],[-106.65587,35.21248],[-106.65147,35.21103],[-106.64249,35.2073],[-106.64464,35.20616],[-106.64546,35.20158],[-106.64337,35.19776],[-106.63973,35.20295],[-106.63815,35.20388],[-106.63063,35.20602],[-106.62141,35.20932],[-106.6186,35.21177],[-106.61516,35.21274],[-106.61141,35.21463],[-106.6105,35.21368],[-106.60538,35.21744],[-106.60448,35.21786],[-106.59329,35.21784],[-106.60761,35.19303],[-106.61391,35.18807],[-106.61107,35.18709],[-106.61755,35.17582],[-106.62028,35.16979],[-106.62472,35.17045],[-106.62651,35.17154],[-106.62756,35.16941],[-106.63224,35.17002],[-106.63242,35.17223],[-106.64227,35.17303],[-106.6502,35.17444],[-106.64808,35.17789],[-106.64795,35.18283],[-106.65277,35.18217],[-106.66592,35.18039],[-106.6716,35.1819],[-106.6747,35.18128],[-106.68136,35.18128],[-106.68603,35.17995],[-106.6949,35.17949],[-106.69803,35.17896],[-106.70103,35.1796],[-106.70714,35.1798],[-106.72773,35.17975],[-106.72778,35.17399],[-106.73549,35.17161],[-106.73608,35.1728],[-106.73962,35.17392],[-106.74535,35.17428],[-106.74536,35.18345],[-106.74574,35.18427],[-106.74975,35.18431],[-106.74973,35.18879],[-106.74973,35.19604],[-106.75411,35.19606],[-106.7541,35.19426],[-106.75849,35.1942],[-106.75853,35.19976],[-106.75415,35.19978],[-106.75416,35.20302],[-106.75263,35.2033],[-106.76306,35.21799],[-106.66069,35.21792]]]}},{"type":"Feature","properties":{"zcta":"87105","d":255},"geometry":{"type":"Polygon","coordinates":[[[-106.70017,35.1071],[-106.69234,35.10651],[-106.69181,35.10043],[-106.68895,35.09587],[-106.68814,35.09269],[-106.68117,35.08907],[-106.67597,35.08324],[-106.67567,35.08205],[-106.67156,35.07785],[-106.66737,35.07499],[-106.65975,35.06971],[-106.65788,35.06285],[-106.65808,35.05685],[-106.66027,35.05044],[-106.65763,35.04943],[-106.65403,35.04935],[-106.65498,35.04432],[-106.64937,35.04433],[-106.64833,35.04894],[-106.64183,35.04878],[-106.64275,35.04658],[-106.64308,35.04049],[-106.63778,35.04035],[-106.63808,35.02342],[-106.63942,35.01644],[-106.65028,34.98566],[-106.65874,34.9575],[-106.66305,34.94915],[-106.66355,34.94679],[-106.67328,34.94691],[-106.67462,34.93971],[-106.6759,34.93672],[-106.68096,34.92991],[-106.67876,34.92756],[-106.67762,34.92293],[-106.6788,34.91953],[-106.68067,34.91678],[-106.68419,34.9064],[-106.68619,34.90625],[-106.68921,34.9029],[-106.69238,34.90093],[-106.69644,34.89703],[-106.70287,34.88533],[-106.71081,34.88063],[-106.71445,34.87956],[-106.71845,34.87502],[-106.72083,34.87005],[-106.73524,34.87003],[-106.73113,34.87741],[-106.72823,34.88488],[-106.72582,34.89762],[-106.71786,34.92655],[-106.71697,34.92933],[-106.71426,34.93359],[-106.70642,34.94003],[-106.69941,34.94689],[-106.7066,34.94713],[-106.70837,34.94956],[-106.71123,34.94941],[-106.71347,34.95374],[-106.71238,34.95375],[-106.71431,34.95664],[-106.71424,34.95977],[-106.71648,34.95954],[-106.71905,34.96493],[-106.71918,34.97942],[-106.71847,34.98414],[-106.71629,34.98765],[-106.71911,34.98821],[-106.71793,34.99979],[-106.71538,34.99862],[-106.71304,35.01022],[-106.71333,35.01183],[-106.71617,35.01184],[-106.71501,35.01881],[-106.71344,35.01854],[-106.71283,35.02436],[-106.70994,35.02519],[-106.70897,35.02827],[-106.71351,35.02877],[-106.71236,35.03652],[-106.71106,35.03628],[-106.7107,35.04042],[-106.7077,35.0437],[-106.70686,35.05139],[-106.70341,35.0565],[-106.70484,35.05778],[-106.70043,35.05759],[-106.69981,35.06056],[-106.69937,35.06763],[-106.69984,35.06934],[-106.69706,35.07663],[-106.69521,35.07704],[-106.69797,35.08279],[-106.70183,35.081],[-106.70924,35.07949],[-106.71059,35.07998],[-106.71075,35.08932],[-106.71003,35.09268],[-106.70761,35.0932],[-106.70961,35.09436],[-106.70459,35.10659],[-106.70017,35.1071]],[[-106.70623,34.91098],[-106.70417,34.90868],[-106.7011,34.90757],[-106.69799,34.90946],[-106.70096,34.90378],[-106.69952,34.90295],[-106.70342,34.89915],[-106.69538,34.89995],[-106.69053,34.90287],[-106.68698,34.90619],[-106.68728,34.90774],[-106.68477,34.92366],[-106.68636,34.92261],[-106.69643,34.91013],[-106.69843,34.91174],[-106.70324,34.91745],[-106.70655,34.9179],[-106.70623,34.91098]]]}},{"type":"Feature","properties":{"zcta":"87043","d":33},"geometry":{"type":"Polygon","coordinates":[[[-106.42619,35.35567],[-106.40427,35.35456],[-106.40421,35.34829],[-106.3948,35.34836],[-106.39478,35.35423],[-106.3997,35.35436],[-106.39968,35.36524],[-106.3756,35.36463],[-106.35857,35.36372],[-106.35517,35.36616],[-106.35081,35.36283],[-106.34887,35.36217],[-106.34336,35.36242],[-106.33766,35.35662],[-106.3366,35.35286],[-106.33398,35.35136],[-106.33086,35.35104],[-106.32987,35.34856],[-106.33007,35.34306],[-106.32862,35.33526],[-106.32355,35.32878],[-106.32414,35.32708],[-106.31846,35.32132],[-106.31845,35.31859],[-106.31724,35.31497],[-106.31808,35.31182],[-106.32176,35.3123],[-106.32604,35.30917],[-106.3279,35.30193],[-106.32637,35.29881],[-106.32238,35.29845],[-106.32054,35.29749],[-106.31977,35.29486],[-106.31976,35.29022],[-106.32101,35.28905],[-106.32097,35.28313],[-106.32589,35.28144],[-106.32713,35.28009],[-106.32669,35.27783],[-106.32477,35.27593],[-106.32887,35.2709],[-106.33411,35.2669],[-106.3355,35.26458],[-106.33935,35.26178],[-106.34344,35.26178],[-106.34245,35.2652],[-106.34477,35.26751],[-106.34481,35.28005],[-106.34786,35.27316],[-106.34936,35.27225],[-106.3509,35.26893],[-106.35226,35.26862],[-106.35308,35.26626],[-106.35553,35.26626],[-106.36156,35.26243],[-106.36291,35.25958],[-106.36629,35.25825],[-106.36642,35.25724],[-106.37025,35.25547],[-106.37532,35.25201],[-106.37762,35.25253],[-106.38153,35.25196],[-106.38448,35.25011],[-106.38673,35.24589],[-106.39145,35.2414],[-106.39361,35.24184],[-106.39909,35.2336],[-106.40145,35.23206],[-106.40539,35.23427],[-106.40408,35.23577],[-106.40305,35.23921],[-106.40369,35.24121],[-106.40714,35.24452],[-106.40742,35.24702],[-106.40902,35.24675],[-106.40923,35.2512],[-106.41115,35.25003],[-106.4137,35.24664],[-106.41263,35.24277],[-106.41376,35.24019],[-106.41234,35.23779],[-106.41096,35.23329],[-106.4094,35.23077],[-106.4146,35.22872],[-106.40942,35.2263],[-106.40822,35.22492],[-106.40412,35.22733],[-106.40266,35.22567],[-106.40332,35.22315],[-106.40022,35.219],[-106.4024,35.2174],[-106.41865,35.21743],[-106.45938,35.21794],[-106.48541,35.21783],[-106.48581,35.21918],[-106.48217,35.22415],[-106.48257,35.22852],[-106.48485,35.22829],[-106.48907,35.23066],[-106.49232,35.22965],[-106.49439,35.22648],[-106.49396,35.2245],[-106.49728,35.22251],[-106.49848,35.22066],[-106.50107,35.22008],[-106.49999,35.21877],[-106.50421,35.21792],[-106.52243,35.21784],[-106.57405,35.21794],[-106.56515,35.25702],[-106.56454,35.25916],[-106.55837,35.26926],[-106.55349,35.28066],[-106.53641,35.30503],[-106.53462,35.31011],[-106.53397,35.31626],[-106.53176,35.32128],[-106.51729,35.33968],[-106.51594,35.34095],[-106.49438,35.35854],[-106.42619,35.35567]]]}},{"type":"Feature","properties":{"zcta":"87001","d":15},"geometry":{"type":"Polygon","coordinates":[[[-106.5147,35.4507],[-106.51101,35.44866],[-106.50839,35.44574],[-106.50627,35.44038],[-106.50229,35.43713],[-106.4974,35.43601],[-106.49238,35.43308],[-106.47,35.42703],[-106.46448,35.42414],[-106.46893,35.43087],[-106.46918,35.43429],[-106.46402,35.43861],[-106.45934,35.44039],[-106.45547,35.43987],[-106.45135,35.44106],[-106.44938,35.44249],[-106.44805,35.44541],[-106.44923,35.45195],[-106.44871,35.4543],[-106.45019,35.45598],[-106.45498,35.46614],[-106.45417,35.46714],[-106.45546,35.47153],[-106.4539,35.47857],[-106.45421,35.48341],[-106.45222,35.48531],[-106.4457,35.48566],[-106.44363,35.48779],[-106.44161,35.48731],[-106.43911,35.48433],[-106.43936,35.47787],[-106.43649,35.47433],[-106.43131,35.47064],[-106.42848,35.47087],[-106.42563,35.47363],[-106.41989,35.47321],[-106.41713,35.4738],[-106.41402,35.47281],[-106.40597,35.47835],[-106.40401,35.47815],[-106.40052,35.47777],[-106.40054,35.47665],[-106.37181,35.47663],[-106.36836,35.47533],[-106.36416,35.47197],[-106.36497,35.47123],[-106.35588,35.47118],[-106.3559,35.46759],[-106.34593,35.46568],[-106.33883,35.46635],[-106.3292,35.46329],[-106.32515,35.4616],[-106.29788,35.45449],[-106.24885,35.44328],[-106.24893,35.37752],[-106.24888,35.35532],[-106.25726,35.35835],[-106.26623,35.36004],[-106.26859,35.36101],[-106.27475,35.36116],[-106.28109,35.35994],[-106.28566,35.36037],[-106.28599,35.36151],[-106.29146,35.36169],[-106.29819,35.35982],[-106.30081,35.36021],[-106.3052,35.3627],[-106.3085,35.36383],[-106.32115,35.36529],[-106.32764,35.36521],[-106.33014,35.36633],[-106.33321,35.36603],[-106.33696,35.36424],[-106.34458,35.36562],[-106.34649,35.36649],[-106.35222,35.36746],[-106.35517,35.36722],[-106.35517,35.36616],[-106.35857,35.36372],[-106.3756,35.36463],[-106.39968,35.36524],[-106.3997,35.35436],[-106.39478,35.35423],[-106.3948,35.34836],[-106.40421,35.34829],[-106.40427,35.35456],[-106.42619,35.35567],[-106.49438,35.35854],[-106.48459,35.36651],[-106.50058,35.36654],[-106.50585,35.36767],[-106.50535,35.37178],[-106.50384,35.37705],[-106.49796,35.37999],[-106.49543,35.38024],[-106.48969,35.38368],[-106.48711,35.38458],[-106.48132,35.38964],[-106.48047,35.39127],[-106.48722,35.39324],[-106.48725,35.3957],[-106.49175,35.39586],[-106.49173,35.39929],[-106.49481,35.39928],[-106.49471,35.40312],[-106.50442,35.40297],[-106.50462,35.40728],[-106.50838,35.40736],[-106.50849,35.411],[-106.51267,35.4111],[-106.51268,35.4146],[-106.53012,35.41486],[-106.53011,35.4508],[-106.5147,35.4507]]]}},{"type":"Feature","properties":{"zcta":"87106","d":1098},"geometry":{"type":"Polygon","coordinates":[[[-106.63755,35.05447],[-106.63991,35.07448],[-106.63733,35.07869],[-106.63532,35.08685],[-106.63273,35.08724],[-106.63087,35.09004],[-106.63306,35.09187],[-106.62871,35.09183],[-106.62526,35.09031],[-106.62381,35.09187],[-106.62529,35.10071],[-106.62453,35.10359],[-106.62105,35.10618],[-106.61389,35.10655],[-106.61263,35.1071],[-106.6042,35.10516],[-106.60485,35.10211],[-106.60475,35.0952],[-106.60371,35.08748],[-106.60394,35.07917],[-106.60387,35.06133],[-106.6043,35.05826],[-106.60431,35.05426],[-106.60733,35.05424],[-106.60732,35.05176],[-106.609,35.05178],[-106.60916,35.05844],[-106.61003,35.04614],[-106.57806,35.04594],[-106.57507,35.04621],[-106.57508,35.04452],[-106.57135,35.04449],[-106.57124,35.04175],[-106.56813,35.04283],[-106.56559,35.04089],[-106.56619,35.03822],[-106.56915,35.03587],[-106.5699,35.02837],[-106.57542,35.02992],[-106.57912,35.03038],[-106.58155,35.02795],[-106.58194,35.02562],[-106.58636,35.02339],[-106.58607,35.01134],[-106.56893,35.01102],[-106.56905,34.94754],[-106.66355,34.94679],[-106.66305,34.94915],[-106.65874,34.9575],[-106.65028,34.98566],[-106.63942,35.01644],[-106.63808,35.02342],[-106.63778,35.04035],[-106.63755,35.05447]]]}},{"type":"Feature","properties":{"zcta":"87016","d":1},"geometry":{"type":"Polygon","coordinates":[[[-106.38656,34.81428],[-106.37558,34.81432],[-106.36964,34.81483],[-106.36646,34.81762],[-106.36625,34.82024],[-106.36238,34.82299],[-106.34568,34.82303],[-106.34402,34.8276],[-106.34507,34.8304],[-106.34398,34.83517],[-106.34557,34.83725],[-106.35059,34.83939],[-106.35344,34.83949],[-106.35235,34.84157],[-106.34944,34.84238],[-106.34663,34.84487],[-106.34346,34.8447],[-106.34337,34.85484],[-106.34492,34.85738],[-106.35089,34.86256],[-106.35557,34.86255],[-106.36006,34.86685],[-106.36007,34.86855],[-106.3732,34.86869],[-106.37319,34.87034],[-106.36066,34.87033],[-106.22166,34.86943],[-106.1882,34.86928],[-106.18819,34.87017],[-106.14974,34.87014],[-106.11536,34.87025],[-106.11398,34.87016],[-106.05295,34.8702],[-106.05309,34.863],[-106.06991,34.86299],[-106.06997,34.85925],[-106.07862,34.85925],[-106.07869,34.85568],[-106.06104,34.85568],[-106.06104,34.85207],[-106.06535,34.85205],[-106.06544,34.84118],[-106.02762,34.84116],[-106.02553,34.84126],[-105.93856,34.84123],[-105.93858,34.87032],[-105.93572,34.86911],[-105.88636,34.83006],[-105.86673,34.84135],[-105.85597,34.84115],[-105.8479,34.83929],[-105.84359,34.83948],[-105.83838,34.83814],[-105.83389,34.83839],[-105.83279,34.84305],[-105.83144,34.85332],[-105.82722,34.85377],[-105.82308,34.85568],[-105.79975,34.85587],[-105.78925,34.85653],[-105.79098,34.86146],[-105.79725,34.86773],[-105.79793,34.87026],[-105.71417,34.87046],[-105.70687,34.86994],[-105.66136,34.87018],[-105.66176,34.82708],[-105.66146,34.7034],[-105.66163,34.67653],[-105.76578,34.6841],[-105.76905,34.68382],[-105.77554,34.68175],[-105.83322,34.65444],[-105.84538,34.64859],[-105.847,34.64728],[-105.86831,34.62799],[-105.87026,34.62647],[-105.94617,34.58253],[-105.94832,34.58163],[-105.96811,34.57561],[-105.97249,34.57503],[-105.97935,34.57586],[-105.98279,34.57726],[-106.01377,34.5937],[-106.01362,34.60689],[-106.01385,34.60926],[-106.0169,34.61605],[-106.01731,34.62373],[-106.0249,34.63656],[-106.02741,34.63799],[-106.06109,34.63805],[-106.06107,34.60905],[-106.14846,34.60902],[-106.14869,34.63808],[-106.17818,34.63815],[-106.18382,34.638],[-106.18382,34.66703],[-106.2715,34.66702],[-106.31601,34.66721],[-106.31555,34.66832],[-106.31549,34.68156],[-106.25398,34.6815],[-106.25394,34.69156],[-106.25174,34.69383],[-106.24849,34.69293],[-106.24745,34.69361],[-106.24075,34.69261],[-106.23979,34.69114],[-106.2293,34.69142],[-106.22841,34.69259],[-106.22343,34.69471],[-106.21853,34.69445],[-106.21551,34.69303],[-106.21075,34.69496],[-106.21479,34.69811],[-106.21806,34.6978],[-106.22388,34.6953],[-106.22894,34.69711],[-106.23152,34.69737],[-106.2338,34.70034],[-106.23608,34.69962],[-106.23726,34.70219],[-106.24572,34.70336],[-106.24596,34.70578],[-106.24813,34.70831],[-106.24708,34.70961],[-106.24686,34.7175],[-106.25435,34.71771],[-106.25459,34.71955],[-106.275,34.72097],[-106.28498,34.72126],[-106.28792,34.72278],[-106.29766,34.7249],[-106.29657,34.72867],[-106.29425,34.73247],[-106.28782,34.74102],[-106.28609,34.7467],[-106.28648,34.74802],[-106.29238,34.74659],[-106.29924,34.7468],[-106.30044,34.74929],[-106.30072,34.75329],[-106.30431,34.7547],[-106.30593,34.75618],[-106.30742,34.76221],[-106.31255,34.76182],[-106.31251,34.74183],[-106.32771,34.74185],[-106.3277,34.74748],[-106.33221,34.74748],[-106.3322,34.74125],[-106.3305,34.74107],[-106.32834,34.73689],[-106.32488,34.73434],[-106.32813,34.73155],[-106.33035,34.73423],[-106.33254,34.73489],[-106.33945,34.73458],[-106.34601,34.73545],[-106.3476,34.73772],[-106.35389,34.7387],[-106.36044,34.73887],[-106.3654,34.73999],[-106.36695,34.74095],[-106.37466,34.74119],[-106.38264,34.74288],[-106.38457,34.74257],[-106.39046,34.74339],[-106.39291,34.74629],[-106.39376,34.75183],[-106.39848,34.75253],[-106.4033,34.75135],[-106.40975,34.75134],[-106.4184,34.75326],[-106.42103,34.75226],[-106.41988,34.76016],[-106.42244,34.76351],[-106.42889,34.76599],[-106.4264,34.76755],[-106.42298,34.7719],[-106.41498,34.77563],[-106.41179,34.78045],[-106.41009,34.78542],[-106.40791,34.78845],[-106.40651,34.78837],[-106.40348,34.79047],[-106.40301,34.79327],[-106.4041,34.79599],[-106.40099,34.80073],[-106.40216,34.80415],[-106.40138,34.8092],[-106.40237,34.81177],[-106.38656,34.81428]]]}},{"type":"Feature","properties":{"zcta":"87116","d":451},"geometry":{"type":"Polygon","coordinates":[[[-106.60304,35.05824],[-106.60298,35.06289],[-106.59518,35.06287],[-106.59525,35.05823],[-106.58648,35.05836],[-106.58652,35.05255],[-106.58336,35.0525],[-106.58335,35.05126],[-106.56998,35.05125],[-106.5689,35.05249],[-106.56877,35.05851],[-106.56615,35.0592],[-106.56433,35.06543],[-106.55049,35.0655],[-106.55045,35.06613],[-106.55046,35.06733],[-106.53254,35.06734],[-106.53261,35.0525],[-106.53285,35.04318],[-106.52921,35.04293],[-106.5351,35.03729],[-106.53693,35.03364],[-106.5365,35.0307],[-106.53745,35.0287],[-106.54302,35.02709],[-106.54801,35.03194],[-106.55872,35.03891],[-106.5597,35.04281],[-106.56813,35.04283],[-106.57124,35.04175],[-106.57135,35.04449],[-106.57508,35.04452],[-106.57507,35.04621],[-106.57806,35.04594],[-106.61003,35.04614],[-106.60916,35.05844],[-106.609,35.05178],[-106.60732,35.05176],[-106.60733,35.05424],[-106.60431,35.05426],[-106.6043,35.05826],[-106.60304,35.05824]]]}},{"type":"Feature","properties":{"zcta":"87120","d":843},"geometry":{"type":"Polygon","coordinates":[[[-106.74975,35.18431],[-106.74574,35.18427],[-106.74536,35.18345],[-106.74535,35.17428],[-106.73962,35.17392],[-106.73608,35.1728],[-106.73549,35.17161],[-106.72778,35.17399],[-106.72773,35.17975],[-106.70714,35.1798],[-106.70103,35.1796],[-106.69803,35.17896],[-106.6949,35.17949],[-106.68603,35.17995],[-106.68136,35.18128],[-106.6747,35.18128],[-106.6716,35.1819],[-106.66592,35.18039],[-106.65277,35.18217],[-106.65248,35.17574],[-106.65412,35.17259],[-106.65937,35.16665],[-106.66417,35.16395],[-106.6655,35.16255],[-106.67086,35.15206],[-106.6748,35.14771],[-106.67843,35.14576],[-106.68358,35.13854],[-106.68805,35.13396],[-106.68988,35.13094],[-106.69118,35.12584],[-106.69075,35.12266],[-106.69266,35.1162],[-106.69105,35.10956],[-106.69234,35.10651],[-106.70017,35.1071],[-106.70459,35.10659],[-106.70907,35.10488],[-106.74668,35.08592],[-106.75165,35.08326],[-106.78783,35.06521],[-106.79572,35.07649],[-106.79769,35.08179],[-106.7979,35.08502],[-106.79794,35.10231],[-106.79713,35.10902],[-106.79545,35.11411],[-106.79197,35.1199],[-106.78753,35.12522],[-106.79804,35.12504],[-106.81745,35.12514],[-106.87278,35.12501],[-106.87054,35.12655],[-106.87172,35.13103],[-106.87018,35.13398],[-106.87077,35.13573],[-106.86472,35.13825],[-106.86412,35.14269],[-106.86279,35.14477],[-106.86224,35.15038],[-106.86328,35.15606],[-106.86829,35.15605],[-106.86779,35.17984],[-106.785,35.17985],[-106.78467,35.19044],[-106.75852,35.19037],[-106.7585,35.18876],[-106.74973,35.18879],[-106.74975,35.18431]]]}},{"type":"Feature","properties":{"zcta":"87109","d":1929},"geometry":{"type":"Polygon","coordinates":[[[-106.60552,35.15164],[-106.60524,35.15346],[-106.60547,35.1744],[-106.59587,35.17396],[-106.59376,35.17336],[-106.59352,35.17009],[-106.58988,35.17126],[-106.59231,35.17211],[-106.59345,35.17431],[-106.58375,35.17422],[-106.58429,35.17007],[-106.58307,35.1713],[-106.57761,35.17143],[-106.5776,35.17289],[-106.56877,35.17293],[-106.56877,35.17452],[-106.55994,35.17427],[-106.5511,35.17406],[-106.53835,35.17471],[-106.53344,35.17467],[-106.53343,35.15975],[-106.53373,35.15948],[-106.5599,35.15946],[-106.56104,35.15408],[-106.56043,35.1519],[-106.55485,35.14741],[-106.55171,35.14292],[-106.54877,35.14338],[-106.54819,35.14164],[-106.55116,35.14121],[-106.551,35.13009],[-106.55413,35.12949],[-106.55414,35.12818],[-106.551,35.12818],[-106.55102,35.12716],[-106.55543,35.12714],[-106.5569,35.12882],[-106.56339,35.12752],[-106.56382,35.12961],[-106.57049,35.12881],[-106.57069,35.13077],[-106.57266,35.12975],[-106.58248,35.12989],[-106.58325,35.12857],[-106.59163,35.12905],[-106.59531,35.12987],[-106.60213,35.12964],[-106.60323,35.13095],[-106.60677,35.13114],[-106.60983,35.13281],[-106.60522,35.13563],[-106.60563,35.14029],[-106.60552,35.15164]]]}},{"type":"Feature","properties":{"zcta":"87123","d":599},"geometry":{"type":"Polygon","coordinates":[[[-106.54541,35.08682],[-106.54307,35.08738],[-106.53242,35.08329],[-106.53256,35.08726],[-106.52988,35.08713],[-106.52995,35.08484],[-106.52725,35.08333],[-106.5265,35.08706],[-106.5062,35.08652],[-106.50618,35.08525],[-106.50183,35.08516],[-106.50177,35.08639],[-106.49711,35.08626],[-106.49706,35.07912],[-106.4963,35.08452],[-106.49514,35.0862],[-106.49099,35.08691],[-106.49001,35.08865],[-106.48525,35.0864],[-106.48374,35.08397],[-106.47996,35.08492],[-106.48006,35.10114],[-106.4712,35.10056],[-106.4712,35.0991],[-106.46731,35.0996],[-106.46111,35.09814],[-106.45603,35.09883],[-106.45144,35.09877],[-106.45086,35.10253],[-106.44288,35.10819],[-106.44112,35.1082],[-106.43368,35.11041],[-106.4297,35.11284],[-106.42679,35.11365],[-106.42722,35.11089],[-106.43136,35.10508],[-106.43058,35.09628],[-106.42875,35.08871],[-106.42587,35.08238],[-106.42437,35.07731],[-106.42487,35.07531],[-106.42841,35.07151],[-106.42896,35.06768],[-106.42453,35.06578],[-106.42303,35.0666],[-106.40919,35.07849],[-106.40547,35.08038],[-106.40402,35.07878],[-106.40426,35.07577],[-106.40817,35.07101],[-106.41369,35.06579],[-106.41562,35.06262],[-106.42019,35.05242],[-106.42362,35.04628],[-106.42453,35.0428],[-106.42282,35.04184],[-106.4167,35.04175],[-106.41413,35.03945],[-106.41464,35.03004],[-106.4161,35.02675],[-106.42014,35.0241],[-106.42313,35.01822],[-106.42527,35.0159],[-106.42465,35.01398],[-106.42605,35.0118],[-106.45978,35.01297],[-106.46275,35.01299],[-106.46244,35.02338],[-106.46278,35.04295],[-106.47991,35.04266],[-106.52921,35.04293],[-106.53285,35.04318],[-106.53261,35.0525],[-106.53254,35.06734],[-106.55046,35.06733],[-106.55045,35.06613],[-106.55181,35.06613],[-106.55177,35.0715],[-106.55087,35.07993],[-106.55131,35.08598],[-106.55059,35.08735],[-106.54541,35.08682]]]}},{"type":"Feature","properties":{"zcta":"87113","d":850},"geometry":{"type":"Polygon","coordinates":[[[-106.61755,35.17582],[-106.61107,35.18709],[-106.61391,35.18807],[-106.60761,35.19303],[-106.59329,35.21784],[-106.57405,35.21794],[-106.52243,35.21784],[-106.50421,35.21792],[-106.50558,35.21307],[-106.50477,35.2088],[-106.50431,35.20259],[-106.50613,35.20023],[-106.50233,35.1964],[-106.49718,35.19378],[-106.49609,35.19108],[-106.5244,35.1952],[-106.56058,35.19994],[-106.55992,35.19762],[-106.56012,35.18935],[-106.55993,35.17839],[-106.55616,35.17841],[-106.55113,35.17721],[-106.55112,35.17571],[-106.55424,35.17712],[-106.55463,35.17573],[-106.55667,35.17706],[-106.55996,35.17721],[-106.55994,35.17427],[-106.56877,35.17452],[-106.56877,35.17293],[-106.5776,35.17289],[-106.57761,35.17143],[-106.58307,35.1713],[-106.58429,35.17007],[-106.58375,35.17422],[-106.59345,35.17431],[-106.59231,35.17211],[-106.58988,35.17126],[-106.59352,35.17009],[-106.59376,35.17336],[-106.59587,35.17396],[-106.60547,35.1744],[-106.60524,35.15346],[-106.60552,35.15164],[-106.60563,35.14029],[-106.61558,35.14058],[-106.61803,35.14097],[-106.617,35.14427],[-106.62555,35.14565],[-106.62464,35.14797],[-106.62244,35.14765],[-106.62471,35.15452],[-106.62198,35.15794],[-106.62475,35.15768],[-106.62028,35.16979],[-106.61755,35.17582]]]}},{"type":"Feature","properties":{"zcta":"87110","d":2326},"geometry":{"type":"Polygon","coordinates":[[[-106.59531,35.12987],[-106.59163,35.12905],[-106.58325,35.12857],[-106.58248,35.12989],[-106.57266,35.12975],[-106.57069,35.13077],[-106.57049,35.12881],[-106.56382,35.12961],[-106.56339,35.12752],[-106.5569,35.12882],[-106.55543,35.12714],[-106.55102,35.12716],[-106.55087,35.11795],[-106.55155,35.11644],[-106.55134,35.10923],[-106.55239,35.10795],[-106.55193,35.10396],[-106.55084,35.10284],[-106.55059,35.08735],[-106.56863,35.08725],[-106.58696,35.08741],[-106.58712,35.08646],[-106.5908,35.08646],[-106.60371,35.08748],[-106.60475,35.0952],[-106.60485,35.10211],[-106.6042,35.10516],[-106.60419,35.11108],[-106.60908,35.11085],[-106.61096,35.11296],[-106.60692,35.11297],[-106.60695,35.11653],[-106.60412,35.11652],[-106.60411,35.12434],[-106.60213,35.12964],[-106.59531,35.12987]]]}},{"type":"Feature","properties":{"zcta":"87111","d":1293},"geometry":{"type":"Polygon","coordinates":[[[-106.51128,35.15966],[-106.51271,35.15838],[-106.5117,35.15712],[-106.50635,35.15704],[-106.50697,35.15967],[-106.49677,35.15958],[-106.4971,35.15727],[-106.49148,35.15878],[-106.48973,35.15826],[-106.48657,35.15952],[-106.4833,35.15915],[-106.47533,35.16141],[-106.47443,35.15566],[-106.47373,35.15048],[-106.47922,35.1484],[-106.4804,35.1488],[-106.4804,35.13455],[-106.48004,35.11274],[-106.48464,35.11105],[-106.48834,35.11104],[-106.48957,35.1156],[-106.49748,35.11558],[-106.50652,35.11634],[-106.53323,35.11618],[-106.55155,35.11644],[-106.55087,35.11795],[-106.55102,35.12716],[-106.551,35.12818],[-106.55414,35.12818],[-106.55413,35.12949],[-106.551,35.13009],[-106.55116,35.14121],[-106.54819,35.14164],[-106.54877,35.14338],[-106.55171,35.14292],[-106.55485,35.14741],[-106.56043,35.1519],[-106.56104,35.15408],[-106.5599,35.15946],[-106.53373,35.15948],[-106.53343,35.15975],[-106.51128,35.15966]]]}},{"type":"Feature","properties":{"zcta":"87112","d":2688},"geometry":{"type":"Polygon","coordinates":[[[-106.53323,35.11618],[-106.50652,35.11634],[-106.49748,35.11558],[-106.48957,35.1156],[-106.48834,35.11104],[-106.48464,35.11105],[-106.48004,35.11274],[-106.48006,35.10114],[-106.47996,35.08492],[-106.48374,35.08397],[-106.48525,35.0864],[-106.49001,35.08865],[-106.49099,35.08691],[-106.49514,35.0862],[-106.4963,35.08452],[-106.49706,35.07912],[-106.49711,35.08626],[-106.50177,35.08639],[-106.50183,35.08516],[-106.50618,35.08525],[-106.5062,35.08652],[-106.5265,35.08706],[-106.52725,35.08333],[-106.52995,35.08484],[-106.52988,35.08713],[-106.53256,35.08726],[-106.53242,35.08329],[-106.54307,35.08738],[-106.54541,35.08682],[-106.55059,35.08735],[-106.55084,35.10284],[-106.55193,35.10396],[-106.55239,35.10795],[-106.55134,35.10923],[-106.55155,35.11644],[-106.53323,35.11618]]]}},{"type":"Feature","properties":{"zcta":"87027","d":4},"geometry":{"type":"Polygon","coordinates":[[[-106.99228,36.08594],[-106.99264,36.09304],[-106.99251,36.17311],[-106.98418,36.1809],[-106.97698,36.18199],[-106.97425,36.18158],[-106.97135,36.17845],[-106.97023,36.17611],[-106.96554,36.18035],[-106.96569,36.18328],[-106.96179,36.18522],[-106.95706,36.18437],[-106.9603,36.17638],[-106.96323,36.17345],[-106.96061,36.17311],[-106.94178,36.17309],[-106.93054,36.17246],[-106.9298,36.17439],[-106.92729,36.1745],[-106.9244,36.17285],[-106.92244,36.17287],[-106.91656,36.16868],[-106.91417,36.16754],[-106.90801,36.16144],[-106.90706,36.16162],[-106.90398,36.15833],[-106.89861,36.15575],[-106.89635,36.15545],[-106.89398,36.15105],[-106.89002,36.15066],[-106.88595,36.14805],[-106.88587,36.09617],[-106.88995,36.09796],[-106.89437,36.10193],[-106.89735,36.10231],[-106.89821,36.10438],[-106.90085,36.10479],[-106.90548,36.1039],[-106.91338,36.10159],[-106.92128,36.09443],[-106.92373,36.08987],[-106.92636,36.08977],[-106.93377,36.0847],[-106.93563,36.08494],[-106.93874,36.08221],[-106.93857,36.08406],[-106.94656,36.08248],[-106.94936,36.08062],[-106.95151,36.08104],[-106.95472,36.07896],[-106.9576,36.07898],[-106.96433,36.07617],[-106.96901,36.07572],[-106.97025,36.07459],[-106.97433,36.07353],[-106.97515,36.0725],[-106.97793,36.07375],[-106.9784,36.07525],[-106.98102,36.07202],[-106.98585,36.06726],[-106.98938,36.06985],[-106.99478,36.07145],[-107.00762,36.07152],[-107.00509,36.07511],[-107.00197,36.08282],[-107.0016,36.086],[-106.99228,36.08594]]]}},{"type":"Feature","properties":{"zcta":"87018","d":0},"geometry":{"type":"Polygon","coordinates":[[[-107.62615,36.08847],[-107.6247,36.13241],[-107.62463,36.15424],[-107.62434,36.19069],[-107.62428,36.21981],[-107.57139,36.2199],[-107.56939,36.21978],[-107.57044,36.22724],[-107.57045,36.23443],[-107.56162,36.23447],[-107.56132,36.2333],[-107.55951,36.23711],[-107.55755,36.23913],[-107.55396,36.2396],[-107.54962,36.23633],[-107.54309,36.23829],[-107.54271,36.23692],[-107.53487,36.23806],[-107.53569,36.23473],[-107.53487,36.2332],[-107.53128,36.23359],[-107.52798,36.22902],[-107.5187,36.22882],[-107.5125,36.22712],[-107.50917,36.22739],[-107.50363,36.22662],[-107.47884,36.21761],[-107.41106,36.21803],[-107.41264,36.10135],[-107.41297,36.08604],[-107.40509,36.08561],[-107.37723,36.08519],[-107.35729,36.08528],[-107.3586,36.07969],[-107.35414,36.07473],[-107.35067,36.07779],[-107.3506,36.07105],[-107.35549,36.07108],[-107.35741,36.06368],[-107.35974,36.06368],[-107.35959,36.03025],[-107.35969,36.02909],[-107.36818,36.02918],[-107.36818,36.0316],[-107.37161,36.02919],[-107.37607,36.02825],[-107.37518,36.0299],[-107.37657,36.03333],[-107.3808,36.03243],[-107.3831,36.0305],[-107.3864,36.03013],[-107.38656,36.04826],[-107.39352,36.04914],[-107.39922,36.05163],[-107.40222,36.0538],[-107.40694,36.05466],[-107.40736,36.05617],[-107.41231,36.05664],[-107.41239,36.07152],[-107.41283,36.07151],[-107.41301,36.07966],[-107.41587,36.08085],[-107.41715,36.07944],[-107.42052,36.07834],[-107.43062,36.07719],[-107.4333,36.07717],[-107.43413,36.08086],[-107.43592,36.08256],[-107.43957,36.08308],[-107.43953,36.08695],[-107.46275,36.08715],[-107.46544,36.08623],[-107.46628,36.08728],[-107.47447,36.08705],[-107.47444,36.07962],[-107.46795,36.07956],[-107.46565,36.07468],[-107.46708,36.0707],[-107.48343,36.05931],[-107.48277,36.05536],[-107.47884,36.0537],[-107.47729,36.05213],[-107.47673,36.04966],[-107.47441,36.0493],[-107.47085,36.04273],[-107.4638,36.03639],[-107.45797,36.03848],[-107.4485,36.03829],[-107.44709,36.02992],[-107.44603,36.02846],[-107.44175,36.02833],[-107.4448,36.02555],[-107.44713,36.02477],[-107.44697,36.01305],[-107.44041,36.01301],[-107.4408,36.00002],[-107.44728,36.00002],[-107.44726,35.99956],[-107.5374,36.00019],[-107.58507,36.00027],[-107.59082,36.00499],[-107.60982,36.02214],[-107.60715,36.02589],[-107.61904,36.03028],[-107.62638,36.03042],[-107.62615,36.08847]]]}},{"type":"Feature","properties":{"zcta":"87144","d":264},"geometry":{"type":"Polygon","coordinates":[[[-106.8631,35.35685],[-106.8343,35.35631],[-106.8349,35.37231],[-106.79787,35.37192],[-106.79789,35.39182],[-106.78516,35.39177],[-106.78022,35.39217],[-106.75175,35.39219],[-106.74281,35.39273],[-106.72512,35.39321],[-106.69029,35.39216],[-106.67271,35.39211],[-106.67247,35.37763],[-106.64881,35.37776],[-106.63629,35.37768],[-106.63397,35.3693],[-106.63105,35.36582],[-106.57929,35.3358],[-106.57081,35.32986],[-106.57083,35.32724],[-106.56639,35.32634],[-106.56642,35.3232],[-106.56867,35.3232],[-106.57089,35.32144],[-106.57466,35.32144],[-106.5766,35.31602],[-106.57951,35.31943],[-106.5843,35.31944],[-106.58423,35.31298],[-106.58713,35.31217],[-106.58814,35.30994],[-106.58669,35.3072],[-106.56898,35.30712],[-106.56341,35.30684],[-106.57039,35.30373],[-106.57344,35.30361],[-106.57874,35.29806],[-106.5811,35.29686],[-106.58302,35.2918],[-106.59515,35.28614],[-106.5983,35.28094],[-106.59995,35.28082],[-106.60147,35.27708],[-106.60694,35.27019],[-106.60787,35.26624],[-106.62738,35.26564],[-106.63615,35.27355],[-106.63841,35.27437],[-106.65709,35.2744],[-106.65708,35.28118],[-106.66385,35.27602],[-106.67102,35.27603],[-106.67103,35.27433],[-106.67302,35.27434],[-106.67398,35.27875],[-106.6833,35.27435],[-106.69189,35.27435],[-106.70084,35.27475],[-106.70661,35.27317],[-106.71104,35.27426],[-106.72159,35.27436],[-106.7216,35.27606],[-106.72694,35.27606],[-106.72694,35.27434],[-106.73274,35.27434],[-106.73281,35.27534],[-106.73682,35.27536],[-106.73682,35.27435],[-106.74119,35.27435],[-106.74176,35.27524],[-106.75762,35.27525],[-106.76073,35.27436],[-106.76072,35.27606],[-106.76677,35.27606],[-106.76677,35.27437],[-106.78871,35.2744],[-106.7887,35.27865],[-106.78665,35.27767],[-106.78271,35.27762],[-106.7827,35.27969],[-106.7847,35.27969],[-106.78471,35.28742],[-106.78672,35.28745],[-106.78671,35.29046],[-106.78436,35.29075],[-106.78664,35.29829],[-106.78809,35.30006],[-106.78965,35.30453],[-106.79271,35.30516],[-106.79467,35.30709],[-106.82056,35.30709],[-106.82068,35.3103],[-106.82617,35.31868],[-106.83216,35.3164],[-106.83504,35.3207],[-106.8391,35.31777],[-106.84126,35.31963],[-106.84129,35.32165],[-106.85813,35.32156],[-106.85927,35.32212],[-106.86186,35.33157],[-106.86191,35.33793],[-106.86278,35.34348],[-106.8631,35.35428],[-106.8631,35.35685]]]}},{"type":"Feature","properties":{"zcta":"87042","d":384},"geometry":{"type":"Polygon","coordinates":[[[-106.66275,34.84417],[-106.66306,34.84235],[-106.66557,34.84236],[-106.66462,34.83849],[-106.6672,34.83846],[-106.66746,34.83652],[-106.66407,34.83616],[-106.66745,34.81547],[-106.67089,34.81624],[-106.67409,34.81528],[-106.67837,34.81623],[-106.67865,34.81401],[-106.68408,34.81709],[-106.68592,34.8143],[-106.69146,34.81344],[-106.69493,34.8143],[-106.69667,34.81589],[-106.7014,34.81542],[-106.70144,34.81282],[-106.7027,34.81395],[-106.70613,34.81251],[-106.70852,34.81818],[-106.71059,34.82005],[-106.71397,34.82725],[-106.71309,34.8306],[-106.70828,34.83063],[-106.70631,34.83266],[-106.70208,34.83526],[-106.7027,34.83273],[-106.70065,34.83225],[-106.69988,34.83567],[-106.69777,34.83528],[-106.69718,34.83734],[-106.69305,34.83841],[-106.6912,34.83805],[-106.69133,34.84065],[-106.68595,34.84417],[-106.68482,34.84434],[-106.68441,34.84807],[-106.67996,34.84371],[-106.67714,34.84375],[-106.67062,34.8451],[-106.66992,34.84467],[-106.66275,34.84417]]]}},{"type":"Feature","properties":{"zcta":"87124","d":393},"geometry":{"type":"Polygon","coordinates":[[[-106.86278,35.34348],[-106.86191,35.33793],[-106.86186,35.33157],[-106.85927,35.32212],[-106.85813,35.32156],[-106.84129,35.32165],[-106.84126,35.31963],[-106.8391,35.31777],[-106.83504,35.3207],[-106.83216,35.3164],[-106.82617,35.31868],[-106.82068,35.3103],[-106.82056,35.30709],[-106.79467,35.30709],[-106.79271,35.30516],[-106.78965,35.30453],[-106.78809,35.30006],[-106.78664,35.29829],[-106.78436,35.29075],[-106.78671,35.29046],[-106.78672,35.28745],[-106.78471,35.28742],[-106.7847,35.27969],[-106.7827,35.27969],[-106.78271,35.27762],[-106.78665,35.27767],[-106.7887,35.27865],[-106.78871,35.2744],[-106.76677,35.27437],[-106.76677,35.27606],[-106.76072,35.27606],[-106.76073,35.27436],[-106.75762,35.27525],[-106.74176,35.27524],[-106.74119,35.27435],[-106.73682,35.27435],[-106.73682,35.27536],[-106.73281,35.27534],[-106.73274,35.27434],[-106.72694,35.27434],[-106.72694,35.27606],[-106.7216,35.27606],[-106.72159,35.27436],[-106.71104,35.27426],[-106.70661,35.27317],[-106.70084,35.27475],[-106.69189,35.27435],[-106.6833,35.27435],[-106.67398,35.27875],[-106.67302,35.27434],[-106.67103,35.27433],[-106.67102,35.27603],[-106.66385,35.27602],[-106.65708,35.28118],[-106.65709,35.2744],[-106.63841,35.27437],[-106.63615,35.27355],[-106.62738,35.26564],[-106.63227,35.25493],[-106.63498,35.24741],[-106.63712,35.24435],[-106.65702,35.21788],[-106.66069,35.21792],[-106.76306,35.21799],[-106.79833,35.21796],[-106.8563,35.21799],[-106.8601,35.21824],[-106.863,35.23773],[-106.8684,35.24642],[-106.8647,35.25716],[-106.8669,35.26458],[-106.86594,35.27461],[-106.86315,35.28132],[-106.85846,35.29395],[-106.86746,35.31922],[-106.8688,35.3209],[-106.8678,35.32612],[-106.86876,35.32425],[-106.87387,35.32355],[-106.87747,35.32163],[-106.88548,35.31969],[-106.88858,35.31968],[-106.89394,35.31773],[-106.89488,35.31682],[-106.89862,35.31665],[-106.89996,35.3146],[-106.90094,35.31027],[-106.90309,35.30518],[-106.9034,35.3031],[-106.90775,35.30003],[-106.91325,35.29799],[-106.91743,35.29734],[-106.92013,35.2983],[-106.92552,35.29345],[-106.92974,35.29186],[-106.9317,35.28994],[-106.93421,35.2914],[-106.93543,35.29064],[-106.94019,35.2904],[-106.94717,35.2888],[-106.94834,35.34806],[-106.95296,35.34804],[-106.94992,35.3497],[-106.94447,35.35158],[-106.94382,35.35427],[-106.94103,35.35362],[-106.92774,35.35421],[-106.92257,35.35601],[-106.91911,35.35652],[-106.91303,35.35852],[-106.90568,35.35715],[-106.88522,35.35472],[-106.8811,35.35392],[-106.86782,35.35483],[-106.8631,35.35428],[-106.86278,35.34348]]]}},{"type":"Feature","properties":{"zcta":"87068","d":24},"geometry":{"type":"Polygon","coordinates":[[[-106.71845,34.87502],[-106.71445,34.87956],[-106.71081,34.88063],[-106.70287,34.88533],[-106.69644,34.89703],[-106.69238,34.90093],[-106.68921,34.9029],[-106.68619,34.90625],[-106.68419,34.9064],[-106.68067,34.91678],[-106.6788,34.91953],[-106.67762,34.92293],[-106.67876,34.92756],[-106.68096,34.92991],[-106.6759,34.93672],[-106.67462,34.93971],[-106.67328,34.94691],[-106.66355,34.94679],[-106.56905,34.94754],[-106.53821,34.94762],[-106.53309,34.94303],[-106.53176,34.93186],[-106.53974,34.92973],[-106.54476,34.92896],[-106.54925,34.92574],[-106.56152,34.92099],[-106.56646,34.92144],[-106.57112,34.91531],[-106.57236,34.9145],[-106.58866,34.91024],[-106.59306,34.90988],[-106.60379,34.90747],[-106.60789,34.90393],[-106.6103,34.90313],[-106.61295,34.90077],[-106.61601,34.89666],[-106.61409,34.89545],[-106.60718,34.89437],[-106.615,34.89205],[-106.6208,34.88928],[-106.62811,34.8867],[-106.63114,34.88477],[-106.63642,34.88278],[-106.64292,34.87805],[-106.64576,34.87672],[-106.65342,34.87131],[-106.66187,34.87076],[-106.66433,34.87002],[-106.66185,34.86777],[-106.65401,34.86389],[-106.65838,34.86125],[-106.66356,34.85924],[-106.66998,34.85835],[-106.67024,34.85251],[-106.66861,34.8504],[-106.66992,34.84467],[-106.67062,34.8451],[-106.67714,34.84375],[-106.67996,34.84371],[-106.68441,34.84807],[-106.68482,34.84434],[-106.68595,34.84417],[-106.69133,34.84065],[-106.6912,34.83805],[-106.69305,34.83841],[-106.69718,34.83734],[-106.69777,34.83528],[-106.69988,34.83567],[-106.70065,34.83225],[-106.7027,34.83273],[-106.70208,34.83526],[-106.70631,34.83266],[-106.70828,34.83063],[-106.71309,34.8306],[-106.71397,34.82725],[-106.71059,34.82005],[-106.7072,34.81261],[-106.70776,34.81094],[-106.71333,34.80775],[-106.71534,34.80797],[-106.71199,34.81276],[-106.71215,34.81701],[-106.7158,34.82691],[-106.71612,34.83602],[-106.71528,34.83831],[-106.71657,34.84953],[-106.71828,34.85285],[-106.72101,34.86058],[-106.72156,34.86551],[-106.72083,34.87005],[-106.71845,34.87502]]]}},{"type":"Feature","properties":{"zcta":"87041","d":3},"geometry":{"type":"Polygon","coordinates":[[[-106.38141,35.56979],[-106.37872,35.5697],[-106.37843,35.57243],[-106.37414,35.57734],[-106.37118,35.57974],[-106.36874,35.58697],[-106.36638,35.58968],[-106.36057,35.59449],[-106.35575,35.60146],[-106.35255,35.59668],[-106.34563,35.598],[-106.34403,35.5997],[-106.34023,35.60147],[-106.33874,35.60382],[-106.3331,35.60676],[-106.33263,35.60814],[-106.33489,35.61035],[-106.33488,35.61196],[-106.33129,35.61713],[-106.32972,35.61772],[-106.32521,35.61784],[-106.32545,35.62084],[-106.33138,35.63288],[-106.33176,35.63757],[-106.33347,35.63975],[-106.33338,35.64343],[-106.33202,35.6466],[-106.33222,35.64852],[-106.33607,35.6539],[-106.33923,35.65635],[-106.34542,35.65878],[-106.3508,35.66288],[-106.35381,35.66708],[-106.35747,35.66794],[-106.36062,35.66963],[-106.36565,35.67119],[-106.37291,35.676],[-106.36672,35.67597],[-106.31842,35.67591],[-106.31543,35.67598],[-106.29221,35.67548],[-106.25025,35.67587],[-106.25025,35.6529],[-106.24866,35.6529],[-106.24866,35.54655],[-106.28535,35.54767],[-106.28879,35.55062],[-106.31419,35.55087],[-106.31409,35.54885],[-106.32675,35.55271],[-106.32738,35.55406],[-106.33138,35.55527],[-106.33507,35.55751],[-106.33828,35.5576],[-106.34119,35.55971],[-106.34206,35.55781],[-106.34298,35.54581],[-106.34458,35.53793],[-106.34629,35.53352],[-106.35067,35.53416],[-106.34876,35.52941],[-106.35002,35.52426],[-106.35303,35.52333],[-106.34915,35.5186],[-106.35328,35.51972],[-106.35392,35.52491],[-106.35708,35.52646],[-106.35905,35.52843],[-106.36419,35.52915],[-106.36593,35.53015],[-106.37172,35.52946],[-106.37397,35.52741],[-106.37501,35.52847],[-106.37772,35.52661],[-106.38595,35.53117],[-106.38488,35.5364],[-106.38309,35.53779],[-106.38571,35.54274],[-106.38923,35.54456],[-106.39039,35.54628],[-106.39127,35.55059],[-106.39561,35.55459],[-106.40066,35.55604],[-106.40711,35.56345],[-106.41156,35.56734],[-106.41475,35.5685],[-106.42026,35.57321],[-106.42068,35.57778],[-106.41265,35.57697],[-106.41201,35.57923],[-106.40843,35.58004],[-106.40624,35.5797],[-106.40811,35.5821],[-106.38141,35.56979]]]}},{"type":"Feature","properties":{"zcta":"87044","d":11},"geometry":{"type":"Polygon","coordinates":[[[-106.621,35.66508],[-106.62315,35.65968],[-106.62273,35.65754],[-106.62447,35.65539],[-106.62708,35.65615],[-106.62982,35.6532],[-106.63222,35.64724],[-106.63696,35.64367],[-106.63766,35.63782],[-106.63748,35.62356],[-106.63806,35.62338],[-106.66884,35.6232],[-106.6692,35.63903],[-106.67903,35.63863],[-106.68053,35.63921],[-106.6806,35.64921],[-106.68014,35.65005],[-106.70096,35.65005],[-106.70113,35.65254],[-106.7043,35.65686],[-106.70332,35.66121],[-106.7047,35.66753],[-106.7071,35.66832],[-106.7071,35.67137],[-106.71276,35.68478],[-106.71653,35.68982],[-106.7134,35.69348],[-106.71196,35.69839],[-106.70938,35.70026],[-106.70419,35.70898],[-106.7028,35.70939],[-106.70126,35.71486],[-106.69994,35.71464],[-106.69678,35.71729],[-106.6944,35.71807],[-106.6914,35.72053],[-106.68779,35.72537],[-106.68658,35.72911],[-106.68667,35.73224],[-106.68797,35.73469],[-106.68662,35.73659],[-106.68021,35.74049],[-106.67909,35.74269],[-106.68068,35.7466],[-106.67899,35.75008],[-106.67823,35.75386],[-106.67898,35.75613],[-106.67766,35.75999],[-106.67454,35.76287],[-106.66953,35.76587],[-106.66947,35.76852],[-106.6682,35.77168],[-106.66567,35.77403],[-106.66404,35.7771],[-106.66159,35.77664],[-106.65571,35.7829],[-106.64904,35.78923],[-106.64473,35.79227],[-106.6454,35.79747],[-106.64155,35.79822],[-106.6359,35.8004],[-106.63489,35.79881],[-106.63236,35.80229],[-106.62685,35.80779],[-106.62369,35.8081],[-106.62197,35.80936],[-106.62079,35.8057],[-106.61728,35.80362],[-106.61553,35.80032],[-106.61286,35.79932],[-106.61207,35.79556],[-106.60679,35.79687],[-106.60291,35.79525],[-106.59956,35.79098],[-106.59789,35.7915],[-106.59948,35.78822],[-106.5995,35.7824],[-106.59878,35.77993],[-106.60292,35.77814],[-106.60993,35.77407],[-106.61062,35.77275],[-106.60875,35.77025],[-106.61202,35.77137],[-106.61112,35.77009],[-106.61295,35.76801],[-106.61554,35.76823],[-106.61518,35.76667],[-106.61748,35.76417],[-106.61655,35.76076],[-106.61679,35.75737],[-106.61393,35.75653],[-106.61233,35.75465],[-106.61407,35.75241],[-106.61479,35.742],[-106.61437,35.73538],[-106.61771,35.7354],[-106.6197,35.73417],[-106.62065,35.73172],[-106.62045,35.72918],[-106.61857,35.72982],[-106.6195,35.72794],[-106.62857,35.72299],[-106.6307,35.71913],[-106.62933,35.71652],[-106.62728,35.71576],[-106.62894,35.71095],[-106.62689,35.70794],[-106.62828,35.70664],[-106.62858,35.70338],[-106.63066,35.70149],[-106.63823,35.69824],[-106.6386,35.6967],[-106.64282,35.69518],[-106.64345,35.69292],[-106.64523,35.69169],[-106.64486,35.69032],[-106.64734,35.68841],[-106.65172,35.68763],[-106.65376,35.68619],[-106.65385,35.68159],[-106.6412,35.68155],[-106.64102,35.67369],[-106.63799,35.67417],[-106.63125,35.67271],[-106.62938,35.6709],[-106.62561,35.66953],[-106.62358,35.66728],[-106.621,35.66508]]]}},{"type":"Feature","properties":{"zcta":"87048","d":436},"geometry":{"type":"Polygon","coordinates":[[[-106.65702,35.21788],[-106.63712,35.24435],[-106.63498,35.24741],[-106.63227,35.25493],[-106.62738,35.26564],[-106.60787,35.26624],[-106.60694,35.27019],[-106.60147,35.27708],[-106.59995,35.28082],[-106.5983,35.28094],[-106.59821,35.27813],[-106.59666,35.27574],[-106.59813,35.27132],[-106.5952,35.26328],[-106.59508,35.2579],[-106.59283,35.2543],[-106.59077,35.25241],[-106.59017,35.24601],[-106.5888,35.24285],[-106.5859,35.23864],[-106.58808,35.23382],[-106.59256,35.2293],[-106.5961,35.22731],[-106.6011,35.22192],[-106.60148,35.22063],[-106.60538,35.21744],[-106.6105,35.21368],[-106.61141,35.21463],[-106.61516,35.21274],[-106.6186,35.21177],[-106.62141,35.20932],[-106.63063,35.20602],[-106.63815,35.20388],[-106.63973,35.20295],[-106.64337,35.19776],[-106.64546,35.20158],[-106.64464,35.20616],[-106.64249,35.2073],[-106.65147,35.21103],[-106.65587,35.21248],[-106.65986,35.21253],[-106.66085,35.21442],[-106.66069,35.21792],[-106.65702,35.21788]]]}},{"type":"Feature","properties":{"zcta":"87102","d":1385},"geometry":{"type":"Polygon","coordinates":[[[-106.64845,35.11058],[-106.64655,35.11093],[-106.64731,35.10736],[-106.6449,35.10702],[-106.64419,35.11054],[-106.63058,35.10916],[-106.62774,35.10917],[-106.62924,35.10555],[-106.618,35.10753],[-106.61263,35.1071],[-106.61389,35.10655],[-106.62105,35.10618],[-106.62453,35.10359],[-106.62529,35.10071],[-106.62381,35.09187],[-106.62526,35.09031],[-106.62871,35.09183],[-106.63306,35.09187],[-106.63087,35.09004],[-106.63273,35.08724],[-106.63532,35.08685],[-106.63733,35.07869],[-106.63991,35.07448],[-106.63755,35.05447],[-106.63778,35.04035],[-106.64308,35.04049],[-106.64275,35.04658],[-106.64183,35.04878],[-106.64833,35.04894],[-106.64937,35.04433],[-106.65498,35.04432],[-106.65403,35.04935],[-106.65763,35.04943],[-106.66027,35.05044],[-106.65808,35.05685],[-106.65788,35.06285],[-106.65975,35.06971],[-106.66737,35.07499],[-106.66233,35.07555],[-106.66461,35.07707],[-106.66669,35.07974],[-106.66458,35.07934],[-106.66739,35.0815],[-106.66424,35.08113],[-106.66345,35.0885],[-106.66157,35.08948],[-106.66007,35.09586],[-106.65601,35.09553],[-106.65552,35.10043],[-106.65449,35.10303],[-106.65756,35.10337],[-106.65867,35.10774],[-106.65796,35.11225],[-106.64845,35.11058]],[[-106.64259,35.09435],[-106.64173,35.09899],[-106.64426,35.09892],[-106.64502,35.09447],[-106.64259,35.09435]]]}},{"type":"Feature","properties":{"zcta":"87052","d":33},"geometry":{"type":"Polygon","coordinates":[[[-106.40811,35.5821],[-106.40624,35.5797],[-106.40843,35.58004],[-106.41201,35.57923],[-106.41265,35.57697],[-106.42068,35.57778],[-106.42026,35.57321],[-106.41475,35.5685],[-106.41156,35.56734],[-106.40711,35.56345],[-106.40066,35.55604],[-106.39561,35.55459],[-106.39127,35.55059],[-106.39039,35.54628],[-106.38923,35.54456],[-106.38571,35.54274],[-106.38309,35.53779],[-106.38488,35.5364],[-106.38595,35.53117],[-106.37772,35.52661],[-106.37501,35.52847],[-106.37397,35.52741],[-106.37172,35.52946],[-106.36593,35.53015],[-106.36419,35.52915],[-106.35905,35.52843],[-106.35708,35.52646],[-106.35392,35.52491],[-106.35328,35.51972],[-106.34915,35.5186],[-106.35303,35.52333],[-106.35002,35.52426],[-106.34876,35.52941],[-106.35067,35.53416],[-106.34629,35.53352],[-106.34458,35.53793],[-106.34298,35.54581],[-106.34206,35.55781],[-106.34119,35.55971],[-106.33828,35.5576],[-106.33507,35.55751],[-106.33138,35.55527],[-106.32738,35.55406],[-106.32675,35.55271],[-106.31409,35.54885],[-106.31419,35.55087],[-106.28879,35.55062],[-106.28535,35.54767],[-106.24866,35.54655],[-106.24867,35.50597],[-106.24859,35.44569],[-106.24885,35.44328],[-106.29788,35.45449],[-106.32515,35.4616],[-106.3292,35.46329],[-106.33883,35.46635],[-106.34593,35.46568],[-106.3559,35.46759],[-106.35588,35.47118],[-106.36497,35.47123],[-106.36416,35.47197],[-106.36836,35.47533],[-106.37181,35.47663],[-106.40054,35.47665],[-106.40052,35.47777],[-106.40401,35.47815],[-106.40341,35.47965],[-106.41585,35.48784],[-106.41532,35.49127],[-106.41309,35.49498],[-106.41331,35.5006],[-106.41288,35.50363],[-106.41006,35.50737],[-106.40657,35.50981],[-106.42019,35.51705],[-106.4253,35.52177],[-106.4331,35.53011],[-106.44046,35.53579],[-106.44139,35.54094],[-106.44663,35.54198],[-106.45161,35.54426],[-106.45595,35.54536],[-106.46001,35.54706],[-106.46326,35.54683],[-106.46341,35.54376],[-106.46816,35.54855],[-106.47174,35.55102],[-106.47547,35.55587],[-106.47893,35.55706],[-106.4843,35.56088],[-106.48685,35.56202],[-106.492,35.56232],[-106.49478,35.56415],[-106.49601,35.56757],[-106.49789,35.5753],[-106.49889,35.57626],[-106.50313,35.57719],[-106.50684,35.58041],[-106.51155,35.5831],[-106.51331,35.58221],[-106.51658,35.58432],[-106.5193,35.58423],[-106.521,35.58664],[-106.522,35.59244],[-106.52393,35.59434],[-106.52613,35.59925],[-106.52626,35.60296],[-106.52522,35.60617],[-106.52622,35.60828],[-106.52531,35.61479],[-106.52698,35.61949],[-106.52669,35.62464],[-106.51902,35.62468],[-106.51898,35.63503],[-106.44214,35.59846],[-106.40811,35.5821]]]}},{"type":"Feature","properties":{"zcta":"87061","d":0},"geometry":{"type":"Polygon","coordinates":[[[-106.40251,34.8109],[-106.40237,34.81177],[-106.40138,34.8092],[-106.40216,34.80415],[-106.40099,34.80073],[-106.4041,34.79599],[-106.40301,34.79327],[-106.40348,34.79047],[-106.40651,34.78837],[-106.40791,34.78845],[-106.41009,34.78542],[-106.41179,34.78045],[-106.41498,34.77563],[-106.42298,34.7719],[-106.4264,34.76755],[-106.42889,34.76599],[-106.42244,34.76351],[-106.41988,34.76016],[-106.42103,34.75226],[-106.4184,34.75326],[-106.40975,34.75134],[-106.4033,34.75135],[-106.39848,34.75253],[-106.39376,34.75183],[-106.39291,34.74629],[-106.39046,34.74339],[-106.38457,34.74257],[-106.38264,34.74288],[-106.37466,34.74119],[-106.36695,34.74095],[-106.3654,34.73999],[-106.36044,34.73887],[-106.35389,34.7387],[-106.3476,34.73772],[-106.34601,34.73545],[-106.33945,34.73458],[-106.33254,34.73489],[-106.33035,34.73423],[-106.32813,34.73155],[-106.32488,34.73434],[-106.32834,34.73689],[-106.3305,34.74107],[-106.3322,34.74125],[-106.33221,34.74748],[-106.3277,34.74748],[-106.32771,34.74185],[-106.31251,34.74183],[-106.31255,34.76182],[-106.30742,34.76221],[-106.30593,34.75618],[-106.30431,34.7547],[-106.30072,34.75329],[-106.30044,34.74929],[-106.29924,34.7468],[-106.29238,34.74659],[-106.28648,34.74802],[-106.28609,34.7467],[-106.28782,34.74102],[-106.29425,34.73247],[-106.29657,34.72867],[-106.29766,34.7249],[-106.28792,34.72278],[-106.28498,34.72126],[-106.275,34.72097],[-106.25459,34.71955],[-106.25435,34.71771],[-106.24686,34.7175],[-106.24708,34.70961],[-106.24813,34.70831],[-106.24596,34.70578],[-106.24572,34.70336],[-106.23726,34.70219],[-106.23608,34.69962],[-106.2338,34.70034],[-106.23152,34.69737],[-106.22894,34.69711],[-106.22388,34.6953],[-106.21806,34.6978],[-106.21479,34.69811],[-106.21075,34.69496],[-106.21551,34.69303],[-106.21853,34.69445],[-106.22343,34.69471],[-106.22841,34.69259],[-106.2293,34.69142],[-106.23979,34.69114],[-106.24075,34.69261],[-106.24745,34.69361],[-106.24849,34.69293],[-106.25174,34.69383],[-106.25394,34.69156],[-106.25398,34.6815],[-106.31549,34.68156],[-106.31555,34.66832],[-106.31601,34.66721],[-106.32057,34.66375],[-106.32268,34.66079],[-106.32592,34.6546],[-106.33102,34.65117],[-106.33379,34.65021],[-106.34359,34.64923],[-106.3451,34.64664],[-106.34319,34.64183],[-106.3461,34.6369],[-106.3473,34.63267],[-106.34981,34.62842],[-106.35097,34.62501],[-106.35479,34.61872],[-106.36075,34.6172],[-106.36144,34.61505],[-106.3681,34.61632],[-106.37727,34.61629],[-106.38276,34.61728],[-106.3871,34.61635],[-106.39792,34.61778],[-106.40023,34.61897],[-106.40298,34.61609],[-106.40596,34.61686],[-106.40884,34.61935],[-106.413,34.62168],[-106.41971,34.62374],[-106.42798,34.6245],[-106.43234,34.62766],[-106.43593,34.62845],[-106.43779,34.63247],[-106.44009,34.6355],[-106.43831,34.63708],[-106.43725,34.64001],[-106.4341,34.64227],[-106.43105,34.646],[-106.4278,34.64868],[-106.42859,34.65052],[-106.42739,34.65363],[-106.42678,34.65796],[-106.4247,34.66103],[-106.42376,34.66461],[-106.42625,34.66723],[-106.4278,34.66474],[-106.43259,34.66103],[-106.43649,34.66045],[-106.43641,34.657],[-106.4385,34.65434],[-106.4413,34.65688],[-106.44293,34.65697],[-106.44926,34.66121],[-106.44944,34.6629],[-106.45248,34.66379],[-106.45922,34.66904],[-106.46206,34.66835],[-106.4662,34.67043],[-106.46622,34.67096],[-106.46665,34.70637],[-106.46679,34.74527],[-106.46477,34.7832],[-106.46455,34.81052],[-106.40251,34.8109]]]}},{"type":"Feature","properties":{"zcta":"87122","d":326},"geometry":{"type":"Polygon","coordinates":[[[-106.49999,35.21877],[-106.50107,35.22008],[-106.49848,35.22066],[-106.49728,35.22251],[-106.49396,35.2245],[-106.49439,35.22648],[-106.49232,35.22965],[-106.48907,35.23066],[-106.48485,35.22829],[-106.48257,35.22852],[-106.48217,35.22415],[-106.48581,35.21918],[-106.48541,35.21783],[-106.45938,35.21794],[-106.45742,35.21445],[-106.45377,35.21033],[-106.44849,35.20548],[-106.44164,35.20183],[-106.43675,35.19706],[-106.42565,35.19266],[-106.42262,35.19109],[-106.41974,35.18717],[-106.41829,35.18683],[-106.41564,35.18272],[-106.42404,35.17795],[-106.4275,35.17779],[-106.42992,35.17519],[-106.4393,35.17128],[-106.44058,35.16932],[-106.44657,35.16697],[-106.45468,35.16649],[-106.4593,35.16504],[-106.46309,35.16557],[-106.46628,35.165],[-106.46348,35.16253],[-106.46519,35.16012],[-106.47067,35.15898],[-106.47443,35.15566],[-106.47533,35.16141],[-106.4833,35.15915],[-106.48657,35.15952],[-106.48973,35.15826],[-106.49148,35.15878],[-106.4971,35.15727],[-106.49677,35.15958],[-106.50697,35.15967],[-106.50635,35.15704],[-106.5117,35.15712],[-106.51271,35.15838],[-106.51128,35.15966],[-106.53343,35.15975],[-106.53344,35.17467],[-106.53835,35.17471],[-106.5511,35.17406],[-106.55994,35.17427],[-106.55996,35.17721],[-106.55667,35.17706],[-106.55463,35.17573],[-106.55424,35.17712],[-106.55112,35.17571],[-106.55113,35.17721],[-106.55616,35.17841],[-106.55993,35.17839],[-106.56012,35.18935],[-106.55992,35.19762],[-106.56058,35.19994],[-106.5244,35.1952],[-106.49609,35.19108],[-106.49718,35.19378],[-106.50233,35.1964],[-106.50613,35.20023],[-106.50431,35.20259],[-106.50477,35.2088],[-106.50558,35.21307],[-106.50421,35.21792],[-106.49999,35.21877]]]}},{"type":"Feature","properties":{"zcta":"87059","d":33},"geometry":{"type":"Polygon","coordinates":[[[-106.42769,35.10606],[-106.4209,35.104],[-106.41429,35.10114],[-106.41191,35.0994],[-106.4067,35.09922],[-106.40444,35.09701],[-106.4023,35.09672],[-106.39758,35.09759],[-106.39233,35.0942],[-106.39234,35.08989],[-106.38522,35.08951],[-106.38447,35.09522],[-106.38086,35.09437],[-106.38132,35.08939],[-106.37962,35.09024],[-106.37921,35.08761],[-106.37774,35.08954],[-106.37665,35.08885],[-106.37168,35.09306],[-106.37111,35.09561],[-106.37405,35.0961],[-106.37451,35.09789],[-106.37274,35.10146],[-106.37297,35.10295],[-106.37037,35.10717],[-106.37002,35.10945],[-106.36624,35.114],[-106.36398,35.11386],[-106.36392,35.11538],[-106.35721,35.11559],[-106.35473,35.11338],[-106.34948,35.11288],[-106.34808,35.11975],[-106.34496,35.12323],[-106.34145,35.12471],[-106.33843,35.12744],[-106.33286,35.13088],[-106.33512,35.13201],[-106.33291,35.13327],[-106.32892,35.13121],[-106.32414,35.13684],[-106.3217,35.14097],[-106.32102,35.14204],[-106.30585,35.14207],[-106.30528,35.13474],[-106.30089,35.13471],[-106.29885,35.13561],[-106.29917,35.14117],[-106.29528,35.13994],[-106.29263,35.13991],[-106.29225,35.1358],[-106.29042,35.13457],[-106.29039,35.13268],[-106.28683,35.1327],[-106.28683,35.12922],[-106.28517,35.12898],[-106.28275,35.12542],[-106.2789,35.12328],[-106.27887,35.12719],[-106.2611,35.12728],[-106.26092,35.09083],[-106.24383,35.08391],[-106.24382,35.08256],[-106.24706,35.0838],[-106.26108,35.08421],[-106.26118,35.05108],[-106.26082,35.02587],[-106.24385,35.02558],[-106.2438,35.01783],[-106.24662,35.01841],[-106.26084,35.01866],[-106.26123,34.98248],[-106.26134,34.96049],[-106.25719,34.95888],[-106.25596,34.95349],[-106.26814,34.95352],[-106.26943,34.95055],[-106.2637,34.95052],[-106.26363,34.94133],[-106.26781,34.94137],[-106.26779,34.93427],[-106.2635,34.93418],[-106.26353,34.92139],[-106.27302,34.91838],[-106.2752,34.91071],[-106.27456,34.90785],[-106.26566,34.90206],[-106.2569,34.89904],[-106.25119,34.89793],[-106.24195,34.8976],[-106.24015,34.89844],[-106.24059,34.90261],[-106.2394,34.90591],[-106.23914,34.91014],[-106.23954,34.91474],[-106.23401,34.92092],[-106.22695,34.91946],[-106.22199,34.93113],[-106.21578,34.92929],[-106.21415,34.93368],[-106.20796,34.9533],[-106.20141,34.95329],[-106.14983,34.95346],[-106.14989,34.91902],[-106.1497,34.89805],[-106.14974,34.87014],[-106.18819,34.87017],[-106.1882,34.86928],[-106.22166,34.86943],[-106.36066,34.87033],[-106.35943,34.87148],[-106.35563,34.87185],[-106.35281,34.87505],[-106.34987,34.87505],[-106.34387,34.87964],[-106.34078,34.88076],[-106.34084,34.88207],[-106.33649,34.88406],[-106.32831,34.89499],[-106.32448,34.89533],[-106.32098,34.90081],[-106.31876,34.90154],[-106.31813,34.90339],[-106.31813,34.91459],[-106.32021,34.92071],[-106.32037,34.92703],[-106.32686,34.92705],[-106.32679,34.93354],[-106.32193,34.9335],[-106.32233,34.93819],[-106.31654,34.93853],[-106.31648,34.94206],[-106.32575,34.94225],[-106.32571,34.94725],[-106.36076,34.94716],[-106.36076,34.95417],[-106.3659,34.95427],[-106.36746,34.96871],[-106.3671,34.98149],[-106.36704,34.99811],[-106.36729,35.01305],[-106.37018,35.01258],[-106.38495,35.01233],[-106.40146,35.01102],[-106.40573,35.0116],[-106.41762,35.01222],[-106.42605,35.0118],[-106.42465,35.01398],[-106.42527,35.0159],[-106.42313,35.01822],[-106.42014,35.0241],[-106.4161,35.02675],[-106.41464,35.03004],[-106.41413,35.03945],[-106.4167,35.04175],[-106.42282,35.04184],[-106.42453,35.0428],[-106.42362,35.04628],[-106.42019,35.05242],[-106.41562,35.06262],[-106.41369,35.06579],[-106.40817,35.07101],[-106.40426,35.07577],[-106.40402,35.07878],[-106.40547,35.08038],[-106.40919,35.07849],[-106.42303,35.0666],[-106.42453,35.06578],[-106.42896,35.06768],[-106.42841,35.07151],[-106.42487,35.07531],[-106.42437,35.07731],[-106.42587,35.08238],[-106.42875,35.08871],[-106.43058,35.09628],[-106.43136,35.10508],[-106.42722,35.11089],[-106.42769,35.10606]]]}},{"type":"Feature","properties":{"zcta":"87063","d":0},"geometry":{"type":"Polygon","coordinates":[[[-106.06109,34.63805],[-106.02741,34.63799],[-106.0249,34.63656],[-106.01731,34.62373],[-106.0169,34.61605],[-106.01385,34.60926],[-106.01362,34.60689],[-106.01377,34.5937],[-105.98279,34.57726],[-105.97935,34.57586],[-105.97249,34.57503],[-105.96811,34.57561],[-105.94832,34.58163],[-105.94617,34.58253],[-105.87026,34.62647],[-105.86831,34.62799],[-105.847,34.64728],[-105.84538,34.64859],[-105.83322,34.65444],[-105.83323,34.65417],[-105.77859,34.67994],[-105.77415,34.68104],[-105.76814,34.68127],[-105.76129,34.67905],[-105.74069,34.66645],[-105.73628,34.66207],[-105.72558,34.64338],[-105.72222,34.63983],[-105.70164,34.62785],[-105.69383,34.6228],[-105.68787,34.62097],[-105.67731,34.61895],[-105.67394,34.61419],[-105.66925,34.61052],[-105.66218,34.61026],[-105.66273,34.55157],[-105.68053,34.55162],[-105.6807,34.53764],[-105.68139,34.53714],[-105.69794,34.53727],[-105.69753,34.52255],[-105.68923,34.52229],[-105.69,34.50466],[-105.69003,34.4937],[-105.68649,34.49363],[-105.68267,34.48889],[-105.66718,34.48186],[-105.65221,34.47692],[-105.64788,34.47627],[-105.65243,34.46912],[-105.65845,34.46804],[-105.66155,34.46834],[-105.67047,34.46618],[-105.67488,34.46621],[-105.68081,34.46423],[-105.68035,34.45911],[-105.68146,34.45769],[-105.68105,34.45554],[-105.68277,34.45282],[-105.68848,34.44977],[-105.6885,34.44335],[-105.69042,34.44017],[-105.69058,34.43484],[-105.69868,34.43493],[-105.6998,34.37695],[-105.76987,34.37674],[-105.77076,34.31095],[-105.77042,34.30361],[-105.78513,34.30373],[-105.78924,34.30178],[-105.80854,34.30238],[-105.81926,34.30133],[-105.83307,34.30067],[-105.85079,34.30024],[-105.85506,34.29859],[-105.86216,34.29827],[-105.86676,34.29652],[-105.87558,34.2954],[-105.88228,34.29308],[-105.88557,34.2909],[-105.89051,34.28995],[-105.89338,34.29005],[-105.90008,34.29149],[-105.90533,34.29356],[-105.89795,34.30662],[-105.89469,34.31142],[-105.891,34.31373],[-105.88864,34.32045],[-105.887,34.32642],[-105.87924,34.33526],[-105.88032,34.34251],[-105.87987,34.34393],[-105.88769,34.34833],[-105.88968,34.35163],[-105.88951,34.35392],[-105.89062,34.35635],[-105.89152,34.36317],[-105.89252,34.36537],[-105.89216,34.36821],[-105.89287,34.37243],[-105.89597,34.37763],[-105.89928,34.38146],[-105.9035,34.38082],[-105.90737,34.38098],[-105.9079,34.38185],[-105.91098,34.38098],[-105.91209,34.38335],[-105.91664,34.38413],[-105.91978,34.3825],[-105.93127,34.38387],[-105.93635,34.38522],[-105.94419,34.38985],[-105.94762,34.38956],[-105.95507,34.39215],[-105.96181,34.39545],[-105.96884,34.39699],[-105.97643,34.39732],[-105.97881,34.40085],[-105.98082,34.40219],[-105.98573,34.40322],[-105.99947,34.40411],[-106.00428,34.40359],[-106.00429,34.40018],[-106.00876,34.39458],[-106.00937,34.39078],[-106.01024,34.39096],[-106.04719,34.39093],[-106.0514,34.39122],[-106.051,34.3947],[-106.05121,34.40565],[-106.05858,34.40576],[-106.06364,34.40746],[-106.06853,34.40688],[-106.07271,34.40797],[-106.07463,34.40965],[-106.07561,34.41201],[-106.07792,34.41292],[-106.09179,34.41298],[-106.09525,34.4135],[-106.09775,34.41292],[-106.10391,34.41286],[-106.10429,34.43027],[-106.10379,34.43563],[-106.10382,34.44224],[-106.08358,34.44222],[-106.08206,34.44163],[-106.07814,34.44224],[-106.07212,34.44228],[-106.06902,34.43959],[-106.06398,34.43885],[-106.05996,34.43471],[-106.05123,34.43469],[-106.05124,34.49551],[-106.04968,34.49949],[-106.05142,34.50262],[-106.05141,34.50647],[-106.0484,34.50704],[-106.04508,34.51073],[-106.04575,34.51762],[-106.04799,34.52499],[-106.0482,34.53784],[-106.04161,34.54389],[-106.03134,34.55238],[-106.03093,34.55623],[-106.03115,34.58142],[-106.03813,34.58144],[-106.0351,34.58398],[-106.03505,34.5886],[-106.04386,34.58866],[-106.04484,34.59675],[-106.06409,34.6028],[-106.06107,34.6045],[-106.06107,34.60905],[-106.06109,34.63805]]]}},{"type":"Feature","properties":{"zcta":"87053","d":2},"geometry":{"type":"Polygon","coordinates":[[[-106.85831,35.65314],[-106.85799,35.57549],[-106.75477,35.57524],[-106.70745,35.5749],[-106.7002,35.57229],[-106.67921,35.5658],[-106.66184,35.55924],[-106.6439,35.55316],[-106.65049,35.55483],[-106.66049,35.54945],[-106.66526,35.54592],[-106.66668,35.54556],[-106.66828,35.54283],[-106.67251,35.54059],[-106.66681,35.54002],[-106.6646,35.53863],[-106.66753,35.5377],[-106.66728,35.49773],[-106.67341,35.49768],[-106.67405,35.48076],[-106.67326,35.47047],[-106.67304,35.45228],[-106.70013,35.48128],[-106.70384,35.48421],[-106.7076,35.48603],[-106.74827,35.50416],[-106.7698,35.51782],[-106.76981,35.51563],[-106.77833,35.51547],[-106.77858,35.51328],[-106.77824,35.49373],[-106.79459,35.49358],[-106.7964,35.49827],[-106.79437,35.5051],[-106.79264,35.50796],[-106.79744,35.50859],[-106.79745,35.50539],[-106.80057,35.5056],[-106.80452,35.50384],[-106.80449,35.50241],[-106.81401,35.50212],[-106.81401,35.5028],[-106.82889,35.50095],[-106.83186,35.49906],[-106.83972,35.49878],[-106.84659,35.49509],[-106.84796,35.49299],[-106.8482,35.48902],[-106.84675,35.48597],[-106.84874,35.48028],[-106.84839,35.47871],[-106.84601,35.47676],[-106.84676,35.474],[-106.84828,35.47375],[-106.84871,35.46987],[-106.85032,35.47021],[-106.85487,35.46596],[-106.85716,35.46296],[-106.857,35.46127],[-106.86205,35.45817],[-106.86618,35.45686],[-106.86935,35.45466],[-106.87244,35.45399],[-106.87642,35.45215],[-106.87962,35.44945],[-106.8913,35.45075],[-106.89719,35.45372],[-106.89824,35.45539],[-106.89616,35.46047],[-106.8983,35.46119],[-106.89821,35.4637],[-106.90068,35.46519],[-106.90037,35.46962],[-106.8993,35.47069],[-106.89847,35.47441],[-106.89516,35.48022],[-106.89419,35.48668],[-106.89525,35.49426],[-106.89848,35.49645],[-106.90724,35.4949],[-106.91439,35.49657],[-106.91657,35.49521],[-106.91927,35.49592],[-106.92202,35.49485],[-106.92447,35.49235],[-106.93693,35.48833],[-106.93968,35.4865],[-106.93918,35.48577],[-106.94319,35.48341],[-106.94647,35.48681],[-106.94647,35.48807],[-106.95465,35.49967],[-106.97374,35.53078],[-106.97753,35.53543],[-106.97988,35.53911],[-106.98707,35.54816],[-106.99195,35.54686],[-106.99214,35.62192],[-107.05347,35.67537],[-107.05348,35.67312],[-107.05525,35.67415],[-107.05514,35.67184],[-107.05914,35.6691],[-107.06367,35.6743],[-107.06383,35.67794],[-107.06737,35.6795],[-107.06881,35.68353],[-107.07029,35.68468],[-107.06999,35.68828],[-107.07151,35.69275],[-107.06967,35.69853],[-107.0674,35.7017],[-107.06659,35.70419],[-107.0629,35.70797],[-107.06104,35.71443],[-107.06036,35.71889],[-107.06178,35.72089],[-107.06127,35.72364],[-107.06206,35.72582],[-107.04145,35.7261],[-107.03965,35.72141],[-107.03614,35.72133],[-107.03437,35.72004],[-107.02995,35.71914],[-107.02887,35.71822],[-107.02194,35.71796],[-107.01853,35.719],[-107.01546,35.71817],[-107.01571,35.7159],[-107.01464,35.71267],[-107.01238,35.71111],[-107.01134,35.7147],[-107.00924,35.71619],[-107.00726,35.71616],[-107.00509,35.71801],[-107.00525,35.72024],[-107.00279,35.72374],[-107.003,35.72511],[-106.99142,35.7255],[-106.99155,35.71105],[-106.97392,35.71114],[-106.96543,35.71158],[-106.95525,35.71152],[-106.95521,35.69771],[-106.95541,35.65327],[-106.84973,35.6533],[-106.84974,35.65324],[-106.85831,35.65314]]]}},{"type":"Feature","properties":{"zcta":"87107","d":995},"geometry":{"type":"Polygon","coordinates":[[[-106.64795,35.18283],[-106.64808,35.17789],[-106.6502,35.17444],[-106.64227,35.17303],[-106.63242,35.17223],[-106.63224,35.17002],[-106.62756,35.16941],[-106.62651,35.17154],[-106.62472,35.17045],[-106.62028,35.16979],[-106.62475,35.15768],[-106.62198,35.15794],[-106.62471,35.15452],[-106.62244,35.14765],[-106.62464,35.14797],[-106.62555,35.14565],[-106.617,35.14427],[-106.61803,35.14097],[-106.61558,35.14058],[-106.60563,35.14029],[-106.60522,35.13563],[-106.60983,35.13281],[-106.60677,35.13114],[-106.60323,35.13095],[-106.60213,35.12964],[-106.60411,35.12434],[-106.60412,35.11652],[-106.60695,35.11653],[-106.60692,35.11297],[-106.61096,35.11296],[-106.60908,35.11085],[-106.60419,35.11108],[-106.6042,35.10516],[-106.61263,35.1071],[-106.618,35.10753],[-106.62924,35.10555],[-106.62774,35.10917],[-106.63058,35.10916],[-106.64419,35.11054],[-106.6449,35.10702],[-106.64731,35.10736],[-106.64655,35.11093],[-106.64845,35.11058],[-106.65796,35.11225],[-106.66089,35.11118],[-106.66118,35.11234],[-106.66486,35.11293],[-106.66143,35.11526],[-106.66857,35.11541],[-106.66806,35.11831],[-106.66942,35.11978],[-106.66915,35.1225],[-106.67178,35.12325],[-106.67151,35.12167],[-106.67922,35.12214],[-106.68371,35.12335],[-106.6832,35.12676],[-106.68583,35.12773],[-106.68665,35.12312],[-106.69075,35.12266],[-106.69118,35.12584],[-106.68988,35.13094],[-106.68805,35.13396],[-106.68358,35.13854],[-106.67843,35.14576],[-106.6748,35.14771],[-106.67086,35.15206],[-106.6655,35.16255],[-106.66417,35.16395],[-106.65937,35.16665],[-106.65412,35.17259],[-106.65248,35.17574],[-106.65277,35.18217],[-106.64795,35.18283]]]}},{"type":"Feature","properties":{"zcta":"87108","d":2659},"geometry":{"type":"Polygon","coordinates":[[[-106.5908,35.08646],[-106.58712,35.08646],[-106.58696,35.08741],[-106.56863,35.08725],[-106.55059,35.08735],[-106.55131,35.08598],[-106.55087,35.07993],[-106.55177,35.0715],[-106.55181,35.06613],[-106.55045,35.06613],[-106.55049,35.0655],[-106.56433,35.06543],[-106.56615,35.0592],[-106.56877,35.05851],[-106.5689,35.05249],[-106.56998,35.05125],[-106.58335,35.05126],[-106.58336,35.0525],[-106.58652,35.05255],[-106.58648,35.05836],[-106.59525,35.05823],[-106.59518,35.06287],[-106.60298,35.06289],[-106.60304,35.05824],[-106.6043,35.05826],[-106.60387,35.06133],[-106.60394,35.07917],[-106.60371,35.08748],[-106.5908,35.08646]]]}},{"type":"Feature","properties":{"zcta":"87035","d":14},"geometry":{"type":"Polygon","coordinates":[[[-105.78403,35.03889],[-105.78449,35.03269],[-105.78595,35.03292],[-105.7959,35.02809],[-105.79969,35.02862],[-105.80504,35.027],[-105.80557,35.02411],[-105.80981,35.02202],[-105.8126,35.01919],[-105.81351,35.01564],[-105.81288,35.01266],[-105.81525,35.00693],[-105.81756,35.00518],[-105.72604,35.00436],[-105.72098,35.0054],[-105.70933,35.01031],[-105.70486,35.01082],[-105.66416,35.00849],[-105.60151,34.89488],[-105.60051,34.89087],[-105.60041,34.87058],[-105.59897,34.86552],[-105.52073,34.73198],[-105.51872,34.72815],[-105.59893,34.8649],[-105.6007,34.87057],[-105.66136,34.87018],[-105.70687,34.86994],[-105.71417,34.87046],[-105.79793,34.87026],[-105.79725,34.86773],[-105.79098,34.86146],[-105.78925,34.85653],[-105.79975,34.85587],[-105.82308,34.85568],[-105.82722,34.85377],[-105.83144,34.85332],[-105.83279,34.84305],[-105.83389,34.83839],[-105.83838,34.83814],[-105.84359,34.83948],[-105.8479,34.83929],[-105.85597,34.84115],[-105.86673,34.84135],[-105.88636,34.83006],[-105.93572,34.86911],[-105.93858,34.87032],[-106.02608,34.8702],[-106.02609,34.89786],[-106.04697,34.89774],[-106.04716,34.8906],[-106.05255,34.89056],[-106.0527,34.88325],[-106.07013,34.88332],[-106.07014,34.88697],[-106.07887,34.88699],[-106.07887,34.89063],[-106.08773,34.89084],[-106.08787,34.89788],[-106.14108,34.89835],[-106.1497,34.89805],[-106.14989,34.91902],[-106.14983,34.95346],[-106.20141,34.95329],[-106.20255,34.9589],[-106.20712,34.95503],[-106.21209,34.95951],[-106.21658,34.96022],[-106.22137,34.96028],[-106.22105,34.96555],[-106.21936,34.9676],[-106.21342,34.96898],[-106.21007,34.97045],[-106.20955,34.97447],[-106.2129,34.97915],[-106.21234,34.9814],[-106.20978,34.98254],[-106.20598,34.98298],[-106.20393,34.98436],[-106.19966,34.98459],[-106.19748,34.98584],[-106.19286,34.98645],[-106.19228,34.99234],[-106.18814,34.99478],[-106.18742,34.99621],[-106.18403,34.99655],[-106.17057,34.99652],[-106.1598,34.99689],[-106.15593,34.99673],[-106.12069,34.99688],[-106.12066,35.03271],[-106.13993,35.04051],[-106.13073,35.04053],[-106.13852,35.0438],[-106.13852,35.04953],[-106.12966,35.04956],[-106.12954,35.07241],[-106.12235,35.07188],[-106.11696,35.07013],[-106.11496,35.07058],[-106.10905,35.06926],[-106.10301,35.0687],[-106.10298,35.08407],[-106.06796,35.08417],[-106.06769,35.05514],[-106.05008,35.05495],[-106.05005,35.04069],[-106.02952,35.04068],[-106.02343,35.04791],[-106.02131,35.04781],[-106.02137,35.0407],[-105.78229,35.04133],[-105.78403,35.03889]]]}}]}