{"type":"FeatureCollection","features":[{"type":"Feature","properties":{"zcta":"29016","d":166},"geometry":{"type":"Polygon","coordinates":[[[-81.06822,34.24885],[-81.0687,34.2474],[-81.06743,34.24414],[-81.06254,34.24035],[-81.05687,34.23922],[-81.05723,34.23795],[-81.0607,34.23636],[-81.06094,34.23419],[-81.06519,34.23378],[-81.06272,34.22882],[-81.06123,34.228],[-81.05755,34.23366],[-81.05565,34.23286],[-81.05422,34.2343],[-81.05099,34.23429],[-81.04659,34.23521],[-81.04474,34.23667],[-81.04253,34.2366],[-81.04226,34.23468],[-81.03922,34.23254],[-81.01218,34.2395],[-80.99932,34.24255],[-80.99957,34.24591],[-80.9985,34.25402],[-80.99744,34.25266],[-80.99306,34.25373],[-80.99189,34.25602],[-80.98372,34.25585],[-80.98238,34.25891],[-80.97792,34.25896],[-80.96699,34.25699],[-80.97072,34.2534],[-80.9673,34.25063],[-80.9619,34.25202],[-80.9629,34.24619],[-80.95885,34.25239],[-80.93301,34.2556],[-80.93298,34.25182],[-80.9289,34.24488],[-80.9227,34.23899],[-80.91801,34.2333],[-80.91632,34.22986],[-80.91418,34.23238],[-80.91008,34.2411],[-80.90749,34.24503],[-80.90698,34.24887],[-80.90754,34.25293],[-80.90906,34.25858],[-80.90879,34.26103],[-80.90979,34.2689],[-80.90854,34.27469],[-80.90749,34.27582],[-80.8966,34.27824],[-80.89351,34.28076],[-80.88758,34.27796],[-80.88036,34.27859],[-80.86843,34.27705],[-80.86732,34.27274],[-80.86665,34.26388],[-80.88008,34.26212],[-80.8786,34.25749],[-80.87826,34.253],[-80.87383,34.25247],[-80.87186,34.2533],[-80.86938,34.25201],[-80.86798,34.24866],[-80.86312,34.24851],[-80.85829,34.24625],[-80.87563,34.24143],[-80.88613,34.23638],[-80.88322,34.23326],[-80.881,34.22837],[-80.87838,34.22567],[-80.87632,34.2254],[-80.86904,34.22231],[-80.86267,34.21789],[-80.86804,34.21157],[-80.86412,34.21046],[-80.86636,34.20832],[-80.86376,34.20675],[-80.86562,34.20434],[-80.86012,34.20078],[-80.86143,34.19792],[-80.86766,34.2036],[-80.87181,34.20804],[-80.87773,34.20407],[-80.88522,34.20314],[-80.88722,34.20362],[-80.8877,34.20188],[-80.88232,34.20174],[-80.87897,34.19827],[-80.8786,34.19348],[-80.87674,34.19097],[-80.87284,34.1885],[-80.86705,34.18667],[-80.86913,34.18287],[-80.87447,34.18373],[-80.88878,34.18991],[-80.89393,34.19329],[-80.89783,34.19444],[-80.90721,34.19481],[-80.90686,34.19179],[-80.90514,34.18561],[-80.90038,34.17931],[-80.9014,34.17504],[-80.90317,34.17236],[-80.90676,34.17238],[-80.91256,34.17322],[-80.91407,34.17286],[-80.91428,34.17015],[-80.91608,34.17015],[-80.9244,34.1632],[-80.92853,34.16366],[-80.92842,34.16513],[-80.93152,34.16519],[-80.93669,34.16375],[-80.94078,34.16174],[-80.94164,34.16042],[-80.94275,34.16307],[-80.94309,34.16842],[-80.9462,34.17528],[-80.94923,34.1759],[-80.94977,34.17729],[-80.95304,34.1764],[-80.94797,34.1705],[-80.94726,34.16685],[-80.95181,34.1543],[-80.95186,34.15254],[-80.95016,34.14905],[-80.95496,34.14744],[-80.95628,34.14926],[-80.96527,34.14707],[-80.9701,34.14755],[-80.97182,34.14399],[-80.97038,34.14289],[-80.97477,34.14268],[-80.9763,34.14027],[-80.97422,34.133],[-80.97667,34.13307],[-80.98208,34.13522],[-80.98357,34.1369],[-80.98838,34.13788],[-80.98774,34.13907],[-80.99715,34.14485],[-81.00211,34.14423],[-81.00258,34.14243],[-81.00152,34.13617],[-81.0262,34.14332],[-81.0277,34.14636],[-81.03273,34.14554],[-81.03538,34.1461],[-81.03556,34.14754],[-81.04239,34.14775],[-81.05187,34.14585],[-81.08073,34.16183],[-81.08452,34.16404],[-81.08817,34.16276],[-81.08844,34.16181],[-81.09091,34.16405],[-81.09561,34.16326],[-81.09665,34.16428],[-81.10176,34.16562],[-81.10359,34.16716],[-81.10624,34.16747],[-81.10841,34.16584],[-81.10995,34.1698],[-81.10934,34.17178],[-81.11107,34.17541],[-81.11262,34.18113],[-81.12081,34.18798],[-81.12153,34.18913],[-81.11705,34.18979],[-81.1143,34.18939],[-81.11436,34.19057],[-81.12068,34.19467],[-81.11886,34.19619],[-81.11783,34.19874],[-81.11832,34.20047],[-81.12061,34.20106],[-81.12127,34.2067],[-81.1261,34.2053],[-81.13462,34.20655],[-81.13605,34.21113],[-81.13973,34.21692],[-81.12481,34.21571],[-81.12051,34.21605],[-81.115,34.21558],[-81.11207,34.21956],[-81.10437,34.22388],[-81.10257,34.22922],[-81.10094,34.2324],[-81.0987,34.23405],[-81.09841,34.23699],[-81.09722,34.23904],[-81.09767,34.24457],[-81.0969,34.24624],[-81.09392,34.24804],[-81.09372,34.25123],[-81.09457,34.25559],[-81.09163,34.26616],[-81.09384,34.24836],[-81.09278,34.24796],[-81.07807,34.25509],[-81.07392,34.25012],[-81.07302,34.2517],[-81.06822,34.24885]],[[-80.94046,34.16532],[-80.9424,34.16589],[-80.94164,34.16402],[-80.94046,34.16532]]]}},{"type":"Feature","properties":{"zcta":"29225","d":0},"geometry":{"type":"Polygon","coordinates":[[[-81.02834,33.99369],[-81.02993,33.99315],[-81.03169,33.99713],[-81.03009,33.99764],[-81.02834,33.99369]]]}},{"type":"Feature","properties":{"zcta":"29020","d":48},"geometry":{"type":"Polygon","coordinates":[[[-80.77877,34.38881],[-80.77945,34.3915],[-80.77646,34.39132],[-80.78094,34.39311],[-80.78061,34.3956],[-80.77909,34.39716],[-80.7776,34.39583],[-80.77754,34.39796],[-80.77511,34.39913],[-80.76963,34.39747],[-80.76991,34.39945],[-80.76795,34.40261],[-80.77201,34.39991],[-80.77433,34.40112],[-80.77657,34.40749],[-80.77297,34.41001],[-80.77231,34.41317],[-80.77649,34.41],[-80.77831,34.41338],[-80.7814,34.41734],[-80.78137,34.42108],[-80.77938,34.42032],[-80.77979,34.4227],[-80.7783,34.42341],[-80.78123,34.42598],[-80.78029,34.4304],[-80.77427,34.43541],[-80.77207,34.43523],[-80.77024,34.43328],[-80.76721,34.43938],[-80.76532,34.44102],[-80.76596,34.44844],[-80.7651,34.45044],[-80.76723,34.45298],[-80.76805,34.4572],[-80.76721,34.45923],[-80.7632,34.46243],[-80.76183,34.46512],[-80.75804,34.46823],[-80.75167,34.47506],[-80.74742,34.47489],[-80.74443,34.4765],[-80.73997,34.47996],[-80.73777,34.48259],[-80.73419,34.48131],[-80.72943,34.48224],[-80.72061,34.48481],[-80.71884,34.48636],[-80.71319,34.48751],[-80.71127,34.48688],[-80.70579,34.48669],[-80.70288,34.48723],[-80.69903,34.48496],[-80.69378,34.48585],[-80.69011,34.48811],[-80.68369,34.4894],[-80.6797,34.48903],[-80.68343,34.48607],[-80.68328,34.48457],[-80.67521,34.48125],[-80.67533,34.48313],[-80.674,34.48844],[-80.67029,34.48974],[-80.66187,34.48327],[-80.65842,34.47861],[-80.65587,34.47983],[-80.65347,34.47932],[-80.64683,34.48247],[-80.64634,34.48098],[-80.64978,34.47796],[-80.65133,34.47181],[-80.65264,34.46942],[-80.65558,34.46628],[-80.66022,34.46314],[-80.6594,34.45649],[-80.6618,34.45077],[-80.66216,34.44761],[-80.66393,34.44371],[-80.66314,34.44355],[-80.66093,34.43942],[-80.65636,34.43565],[-80.65586,34.43281],[-80.65078,34.43273],[-80.6467,34.43144],[-80.64049,34.43354],[-80.63689,34.43346],[-80.63088,34.43587],[-80.62839,34.43527],[-80.62512,34.43597],[-80.62228,34.43556],[-80.62393,34.43221],[-80.62389,34.42766],[-80.62665,34.42289],[-80.62161,34.42209],[-80.61918,34.42061],[-80.60805,34.4178],[-80.5998,34.41899],[-80.59644,34.43005],[-80.59669,34.4323],[-80.5913,34.42781],[-80.58799,34.42401],[-80.58442,34.42244],[-80.57931,34.4199],[-80.57253,34.42033],[-80.57157,34.41638],[-80.56697,34.41534],[-80.56413,34.41572],[-80.56257,34.41483],[-80.56061,34.40947],[-80.55456,34.40686],[-80.55227,34.40432],[-80.54709,34.40333],[-80.54513,34.40139],[-80.54607,34.39987],[-80.54444,34.39723],[-80.54668,34.39183],[-80.54465,34.38523],[-80.54622,34.38187],[-80.54973,34.37974],[-80.55237,34.37137],[-80.54412,34.36418],[-80.53756,34.35235],[-80.53679,34.35275],[-80.5346,34.34682],[-80.53172,34.34787],[-80.52726,34.35139],[-80.52638,34.35089],[-80.51693,34.34998],[-80.51778,34.3483],[-80.52093,34.33774],[-80.52346,34.33698],[-80.5356,34.32779],[-80.53894,34.33283],[-80.54034,34.33115],[-80.5463,34.32859],[-80.54762,34.33082],[-80.54769,34.33363],[-80.55552,34.32998],[-80.55283,34.32396],[-80.55304,34.3211],[-80.55133,34.31528],[-80.55887,34.30931],[-80.56203,34.3038],[-80.54686,34.30441],[-80.54794,34.30199],[-80.55222,34.30044],[-80.553,34.29884],[-80.55643,34.29736],[-80.55476,34.29423],[-80.54768,34.29236],[-80.54426,34.29398],[-80.54193,34.29349],[-80.54233,34.2955],[-80.54031,34.30173],[-80.53799,34.30366],[-80.53437,34.30433],[-80.52214,34.30754],[-80.52088,34.30821],[-80.51844,34.30586],[-80.51408,34.30356],[-80.51253,34.30385],[-80.5118,34.30606],[-80.50503,34.31133],[-80.50319,34.31799],[-80.4998,34.3176],[-80.49541,34.31994],[-80.4909,34.31974],[-80.48833,34.32097],[-80.48343,34.32218],[-80.48339,34.31636],[-80.47903,34.30966],[-80.46458,34.31319],[-80.46096,34.30766],[-80.4623,34.30638],[-80.45588,34.30192],[-80.45496,34.30042],[-80.45525,34.29701],[-80.4529,34.29661],[-80.44506,34.29822],[-80.44483,34.29591],[-80.44685,34.29295],[-80.44654,34.28926],[-80.44831,34.28333],[-80.44259,34.2759],[-80.43924,34.27488],[-80.43289,34.27893],[-80.43104,34.27663],[-80.42994,34.26432],[-80.43272,34.26062],[-80.4344,34.25955],[-80.44176,34.26121],[-80.44067,34.24748],[-80.44656,34.24688],[-80.44576,34.24207],[-80.44348,34.238],[-80.44449,34.23566],[-80.44339,34.23384],[-80.43826,34.23342],[-80.43504,34.23113],[-80.43205,34.23271],[-80.4308,34.227],[-80.43885,34.21485],[-80.43655,34.21701],[-80.43382,34.21744],[-80.43209,34.2188],[-80.43133,34.22178],[-80.427,34.21937],[-80.42247,34.21606],[-80.42175,34.21304],[-80.41731,34.21334],[-80.41119,34.2123],[-80.39357,34.20702],[-80.39538,34.20361],[-80.39139,34.20108],[-80.39221,34.19937],[-80.38814,34.19631],[-80.38353,34.20275],[-80.38008,34.20303],[-80.3761,34.20188],[-80.37232,34.19685],[-80.37262,34.19152],[-80.37395,34.18852],[-80.37587,34.1897],[-80.37936,34.1845],[-80.38128,34.17961],[-80.38148,34.1768],[-80.37913,34.17367],[-80.37814,34.17029],[-80.38594,34.17032],[-80.39276,34.16262],[-80.38936,34.15995],[-80.38992,34.14887],[-80.39337,34.15099],[-80.39374,34.15357],[-80.39971,34.15785],[-80.40381,34.15628],[-80.40691,34.15674],[-80.40625,34.16062],[-80.40766,34.16126],[-80.41149,34.16536],[-80.4061,34.16715],[-80.41298,34.16948],[-80.41578,34.17281],[-80.41702,34.17228],[-80.42185,34.17296],[-80.42188,34.17229],[-80.42784,34.17262],[-80.42969,34.17333],[-80.43217,34.17148],[-80.43267,34.16666],[-80.4339,34.16472],[-80.43626,34.16543],[-80.4373,34.16719],[-80.44165,34.17],[-80.44194,34.17142],[-80.44779,34.17396],[-80.45155,34.17301],[-80.45731,34.17327],[-80.46292,34.17481],[-80.46391,34.17374],[-80.45886,34.1685],[-80.46126,34.16793],[-80.47098,34.16873],[-80.47681,34.16848],[-80.47923,34.16912],[-80.49705,34.15686],[-80.50199,34.15371],[-80.51301,34.14599],[-80.51789,34.14856],[-80.52464,34.14964],[-80.52866,34.1525],[-80.5337,34.15349],[-80.52907,34.15905],[-80.52968,34.16586],[-80.52653,34.16673],[-80.5189,34.17046],[-80.51454,34.17123],[-80.51664,34.17576],[-80.51428,34.17651],[-80.51504,34.17929],[-80.51301,34.17993],[-80.51353,34.18272],[-80.51575,34.18212],[-80.52291,34.18211],[-80.53068,34.18301],[-80.53258,34.18552],[-80.53871,34.18472],[-80.53801,34.18102],[-80.53921,34.18056],[-80.55104,34.17888],[-80.55163,34.18061],[-80.56594,34.17515],[-80.57157,34.17431],[-80.57227,34.17675],[-80.57674,34.17551],[-80.57655,34.17221],[-80.57765,34.16664],[-80.57763,34.16382],[-80.58202,34.16649],[-80.58552,34.1668],[-80.59239,34.16613],[-80.59602,34.16195],[-80.60395,34.15863],[-80.60857,34.15804],[-80.61,34.15989],[-80.60631,34.16031],[-80.60496,34.16404],[-80.60604,34.16954],[-80.6083,34.17286],[-80.60688,34.17394],[-80.60561,34.17693],[-80.60477,34.18319],[-80.60681,34.1878],[-80.61118,34.18975],[-80.61385,34.18853],[-80.61407,34.18516],[-80.61702,34.18317],[-80.62142,34.18428],[-80.6248,34.18648],[-80.63024,34.18754],[-80.63311,34.1893],[-80.63454,34.19373],[-80.63346,34.20094],[-80.63101,34.20307],[-80.6248,34.20412],[-80.61947,34.20346],[-80.6177,34.20059],[-80.61765,34.19876],[-80.61521,34.19569],[-80.61121,34.19623],[-80.60855,34.19841],[-80.60782,34.20204],[-80.60474,34.20489],[-80.60358,34.20859],[-80.60491,34.21078],[-80.60779,34.21303],[-80.61665,34.21363],[-80.6228,34.21495],[-80.62993,34.21731],[-80.63011,34.21958],[-80.62817,34.22272],[-80.62706,34.22871],[-80.62847,34.232],[-80.63045,34.23425],[-80.6339,34.23585],[-80.6429,34.23837],[-80.6458,34.23957],[-80.65076,34.24331],[-80.65789,34.25065],[-80.66393,34.25468],[-80.67174,34.26052],[-80.67934,34.26659],[-80.68264,34.26975],[-80.68444,34.27309],[-80.68463,34.27775],[-80.68471,34.29768],[-80.68404,34.30081],[-80.68124,34.30467],[-80.68227,34.30833],[-80.68445,34.31111],[-80.68954,34.31897],[-80.69218,34.32248],[-80.69363,34.32727],[-80.69808,34.33418],[-80.70141,34.33904],[-80.71025,34.34966],[-80.71723,34.35689],[-80.73712,34.37244],[-80.74031,34.37582],[-80.74537,34.37597],[-80.75924,34.37573],[-80.76993,34.37711],[-80.78144,34.38586],[-80.78345,34.3886],[-80.77877,34.38881]]]}},{"type":"Feature","properties":{"zcta":"29006","d":29},"geometry":{"type":"Polygon","coordinates":[[[-81.59349,34.07563],[-81.58775,34.07801],[-81.5836,34.07734],[-81.58109,34.07349],[-81.57815,34.07247],[-81.57518,34.07377],[-81.57322,34.07746],[-81.56945,34.07891],[-81.56233,34.07911],[-81.5619,34.07962],[-81.56133,34.07855],[-81.56955,34.07659],[-81.5715,34.07753],[-81.57252,34.07595],[-81.57116,34.07401],[-81.5759,34.07089],[-81.57504,34.06941],[-81.57708,34.06744],[-81.58163,34.06749],[-81.58067,34.06938],[-81.58493,34.06815],[-81.5816,34.06708],[-81.57975,34.06403],[-81.57685,34.06391],[-81.57992,34.05853],[-81.577,34.05734],[-81.5784,34.05484],[-81.57523,34.05482],[-81.57341,34.05201],[-81.57404,34.05048],[-81.5712,34.04547],[-81.56875,34.04545],[-81.56581,34.04156],[-81.56699,34.04028],[-81.56317,34.03568],[-81.56882,34.0329],[-81.58097,34.03128],[-81.57896,34.02605],[-81.57691,34.01873],[-81.57377,34.01805],[-81.56886,34.01856],[-81.56359,34.02175],[-81.56246,34.01866],[-81.56251,34.01569],[-81.56088,34.01409],[-81.56114,34.01176],[-81.55904,34.00948],[-81.56155,34.00916],[-81.56305,34.00603],[-81.5677,34.00596],[-81.56879,33.99959],[-81.57153,33.9951],[-81.57046,33.99244],[-81.57089,33.98967],[-81.5729,33.98683],[-81.57118,33.98294],[-81.57197,33.98067],[-81.57116,33.97918],[-81.57363,33.97525],[-81.57851,33.97689],[-81.58018,33.96701],[-81.57871,33.9478],[-81.57432,33.95375],[-81.57062,33.95049],[-81.56613,33.94841],[-81.56299,33.94793],[-81.55916,33.94581],[-81.55465,33.94597],[-81.55425,33.94441],[-81.55633,33.93825],[-81.55909,33.93485],[-81.55727,33.9303],[-81.55227,33.92411],[-81.55146,33.92016],[-81.55047,33.92017],[-81.53807,33.92815],[-81.53855,33.93104],[-81.53773,33.93306],[-81.53545,33.93252],[-81.53108,33.9289],[-81.52763,33.92199],[-81.52938,33.91844],[-81.52778,33.91458],[-81.52547,33.91521],[-81.52466,33.91342],[-81.53182,33.91131],[-81.53018,33.91037],[-81.52595,33.91115],[-81.52425,33.90769],[-81.51433,33.90429],[-81.5153,33.90186],[-81.51111,33.90089],[-81.51112,33.89961],[-81.50849,33.89807],[-81.50609,33.89352],[-81.50538,33.88796],[-81.50222,33.88344],[-81.49797,33.8806],[-81.4973,33.8825],[-81.49805,33.88592],[-81.49355,33.88798],[-81.495,33.88516],[-81.49447,33.88166],[-81.48847,33.87836],[-81.48682,33.87813],[-81.48817,33.87572],[-81.48335,33.87626],[-81.48008,33.87741],[-81.47808,33.87536],[-81.48175,33.87386],[-81.47316,33.8624],[-81.46826,33.86399],[-81.46888,33.86168],[-81.46682,33.85896],[-81.46472,33.84918],[-81.46272,33.84739],[-81.45989,33.84668],[-81.45653,33.84268],[-81.45573,33.84043],[-81.45632,33.83681],[-81.45566,33.8339],[-81.457,33.83124],[-81.45568,33.82576],[-81.45603,33.82266],[-81.45743,33.82133],[-81.45215,33.81652],[-81.45715,33.81163],[-81.45659,33.80933],[-81.45801,33.80661],[-81.45746,33.80317],[-81.46047,33.79885],[-81.45923,33.79522],[-81.45687,33.79445],[-81.45628,33.79287],[-81.45311,33.79104],[-81.44776,33.78491],[-81.44588,33.78373],[-81.44231,33.77904],[-81.43972,33.77821],[-81.43574,33.77523],[-81.43175,33.76901],[-81.43117,33.76567],[-81.43226,33.76207],[-81.43162,33.75759],[-81.4285,33.75348],[-81.42629,33.74945],[-81.42559,33.74673],[-81.42703,33.74484],[-81.42541,33.74162],[-81.4237,33.74133],[-81.41802,33.73446],[-81.41531,33.73216],[-81.41084,33.73104],[-81.4135,33.72958],[-81.41698,33.72598],[-81.41841,33.72583],[-81.41902,33.72799],[-81.42563,33.73713],[-81.42657,33.74149],[-81.42966,33.7422],[-81.43137,33.74103],[-81.43429,33.74141],[-81.443,33.73659],[-81.44734,33.73644],[-81.44712,33.73551],[-81.45028,33.7355],[-81.45179,33.73891],[-81.45579,33.7392],[-81.4578,33.73667],[-81.46053,33.73587],[-81.46258,33.73305],[-81.46833,33.73237],[-81.47207,33.73054],[-81.47547,33.73029],[-81.47795,33.72861],[-81.48362,33.72217],[-81.48529,33.71428],[-81.48255,33.70993],[-81.4801,33.70487],[-81.47733,33.70345],[-81.48032,33.70088],[-81.48838,33.69509],[-81.50107,33.68893],[-81.49947,33.69392],[-81.51404,33.69288],[-81.5165,33.69163],[-81.51987,33.69352],[-81.52307,33.69445],[-81.52749,33.69459],[-81.52434,33.70205],[-81.52166,33.70442],[-81.52133,33.70796],[-81.52875,33.71069],[-81.53062,33.71067],[-81.53385,33.714],[-81.53202,33.71559],[-81.53242,33.71734],[-81.53029,33.72336],[-81.53427,33.72306],[-81.54154,33.72104],[-81.54179,33.72578],[-81.54006,33.72794],[-81.53562,33.72945],[-81.53392,33.73178],[-81.53354,33.7373],[-81.53181,33.73957],[-81.53183,33.74127],[-81.51909,33.74385],[-81.52644,33.75111],[-81.53026,33.75443],[-81.53205,33.74998],[-81.53664,33.75397],[-81.53543,33.75639],[-81.53661,33.75739],[-81.54126,33.75428],[-81.54527,33.75389],[-81.54883,33.75753],[-81.54577,33.7584],[-81.54847,33.76149],[-81.55157,33.7594],[-81.5556,33.76952],[-81.5626,33.7745],[-81.56188,33.77635],[-81.55923,33.77746],[-81.55812,33.77926],[-81.55818,33.78366],[-81.56414,33.78952],[-81.56696,33.79122],[-81.56682,33.79289],[-81.56885,33.79442],[-81.57032,33.79725],[-81.57259,33.79664],[-81.57902,33.79668],[-81.58348,33.79528],[-81.58903,33.81839],[-81.58909,33.81961],[-81.58551,33.82415],[-81.59106,33.831],[-81.59295,33.83258],[-81.59002,33.83507],[-81.58927,33.83681],[-81.58941,33.84137],[-81.58838,33.84525],[-81.59325,33.8458],[-81.59729,33.84974],[-81.5948,33.85285],[-81.59187,33.85871],[-81.58108,33.86039],[-81.57034,33.85783],[-81.569,33.85945],[-81.56927,33.86139],[-81.57196,33.86317],[-81.57132,33.86676],[-81.56737,33.86949],[-81.5696,33.87234],[-81.5719,33.87951],[-81.56971,33.88693],[-81.56795,33.88873],[-81.5714,33.8888],[-81.57546,33.89162],[-81.58508,33.88569],[-81.58323,33.88952],[-81.58397,33.88969],[-81.59719,33.89674],[-81.60062,33.90282],[-81.61352,33.89903],[-81.61412,33.90242],[-81.61559,33.90341],[-81.61308,33.90554],[-81.6126,33.90967],[-81.61371,33.91102],[-81.61312,33.91648],[-81.61401,33.91787],[-81.61415,33.9214],[-81.6155,33.92435],[-81.62662,33.92098],[-81.63832,33.91894],[-81.64347,33.92442],[-81.64521,33.92367],[-81.64815,33.92521],[-81.65597,33.93188],[-81.66444,33.92732],[-81.66606,33.9331],[-81.66653,33.94158],[-81.66768,33.94462],[-81.6727,33.94397],[-81.67931,33.94389],[-81.67917,33.94568],[-81.68107,33.94987],[-81.68767,33.95202],[-81.68929,33.95333],[-81.67919,33.95894],[-81.67186,33.96391],[-81.67589,33.96754],[-81.68021,33.97049],[-81.68139,33.97411],[-81.68286,33.97572],[-81.68684,33.97705],[-81.68574,33.99098],[-81.67523,33.98809],[-81.67973,33.99387],[-81.67166,33.99885],[-81.66776,33.99601],[-81.66174,33.99645],[-81.65873,33.99807],[-81.65421,33.99855],[-81.65198,33.99651],[-81.64916,33.99671],[-81.64938,33.9994],[-81.64791,34.00563],[-81.64302,34.00579],[-81.64078,34.00748],[-81.63237,34.01141],[-81.62518,34.02057],[-81.62496,34.02541],[-81.64013,34.02922],[-81.64058,34.03303],[-81.63696,34.03705],[-81.638,34.03847],[-81.63609,34.04183],[-81.63446,34.0429],[-81.63554,34.0464],[-81.63345,34.04947],[-81.63464,34.05135],[-81.63414,34.05608],[-81.63294,34.05718],[-81.63514,34.05885],[-81.63347,34.06176],[-81.63398,34.06366],[-81.63184,34.065],[-81.62776,34.07036],[-81.62224,34.06988],[-81.61898,34.06812],[-81.61637,34.06905],[-81.60954,34.06911],[-81.60673,34.07007],[-81.60506,34.06938],[-81.60288,34.07023],[-81.59349,34.07563]]]}},{"type":"Feature","properties":{"zcta":"29044","d":17},"geometry":{"type":"Polygon","coordinates":[[[-80.78807,34.00692],[-80.7832,34.01062],[-80.77887,34.02251],[-80.77447,34.02595],[-80.774,34.02807],[-80.78007,34.03478],[-80.7805,34.0396],[-80.77308,34.04066],[-80.76264,34.04004],[-80.76122,34.04115],[-80.75598,34.04193],[-80.75111,34.04365],[-80.74697,34.04598],[-80.74392,34.04863],[-80.74306,34.05074],[-80.7355,34.05418],[-80.73187,34.05757],[-80.72801,34.05959],[-80.72057,34.06621],[-80.71376,34.06378],[-80.70675,34.06249],[-80.70201,34.06062],[-80.70066,34.06145],[-80.69612,34.06134],[-80.69427,34.0634],[-80.69188,34.06423],[-80.68978,34.0637],[-80.6867,34.06455],[-80.68197,34.06253],[-80.68194,34.06118],[-80.67969,34.05834],[-80.67861,34.05205],[-80.67252,34.0504],[-80.66076,34.05189],[-80.65879,34.05454],[-80.65353,34.05269],[-80.64826,34.05187],[-80.64902,34.04845],[-80.64712,34.04652],[-80.64479,34.04593],[-80.64463,34.04412],[-80.63946,34.04301],[-80.60746,34.04326],[-80.60095,34.03939],[-80.60104,34.03593],[-80.6043,34.03432],[-80.60802,34.02929],[-80.60669,34.02682],[-80.60378,34.02745],[-80.60209,34.02535],[-80.6045,34.02362],[-80.60865,34.02462],[-80.61459,34.02507],[-80.61547,34.02446],[-80.61592,34.02083],[-80.61866,34.01668],[-80.62224,34.01379],[-80.62612,34.01381],[-80.62805,34.01189],[-80.62775,34.00956],[-80.62529,34.0037],[-80.62719,34.00301],[-80.63494,34.00797],[-80.63727,34.00761],[-80.63718,34.00493],[-80.6355,34.00381],[-80.63539,34.00145],[-80.64099,33.99943],[-80.64472,33.99993],[-80.6466,33.99901],[-80.64493,33.99597],[-80.64115,33.99636],[-80.63926,33.99341],[-80.63938,33.99068],[-80.64397,33.98912],[-80.64398,33.98752],[-80.64161,33.98636],[-80.64113,33.98332],[-80.63595,33.9793],[-80.63183,33.97779],[-80.63044,33.97577],[-80.63135,33.96964],[-80.63315,33.96655],[-80.62894,33.96471],[-80.62551,33.96742],[-80.62329,33.96827],[-80.61576,33.96547],[-80.61529,33.96242],[-80.61765,33.96185],[-80.61957,33.9632],[-80.6211,33.96062],[-80.61986,33.95846],[-80.61774,33.95725],[-80.62297,33.95749],[-80.62362,33.95604],[-80.6201,33.95382],[-80.62104,33.95246],[-80.62481,33.9522],[-80.62751,33.95035],[-80.6278,33.94562],[-80.62905,33.94178],[-80.62798,33.94093],[-80.62481,33.94261],[-80.62016,33.94239],[-80.61944,33.94128],[-80.62251,33.93911],[-80.62278,33.93665],[-80.62071,33.93593],[-80.61824,33.93868],[-80.61662,33.93739],[-80.6183,33.93507],[-80.62153,33.93376],[-80.62481,33.93485],[-80.62761,33.93357],[-80.62982,33.93408],[-80.63008,33.9324],[-80.6262,33.9299],[-80.63251,33.92361],[-80.63078,33.92166],[-80.63149,33.91963],[-80.63409,33.91733],[-80.62922,33.91207],[-80.62689,33.90762],[-80.62451,33.9055],[-80.62426,33.90209],[-80.62585,33.89901],[-80.62385,33.89636],[-80.62145,33.89512],[-80.61785,33.89573],[-80.61509,33.89254],[-80.61553,33.89074],[-80.61915,33.88867],[-80.62333,33.89006],[-80.62393,33.89258],[-80.62556,33.89351],[-80.62586,33.88879],[-80.62362,33.88424],[-80.62079,33.88249],[-80.62164,33.88051],[-80.625,33.8808],[-80.62393,33.87944],[-80.62083,33.87972],[-80.61959,33.87873],[-80.62097,33.87723],[-80.62355,33.87722],[-80.62406,33.87516],[-80.6229,33.87249],[-80.62532,33.86963],[-80.62533,33.86681],[-80.62296,33.86123],[-80.62481,33.85945],[-80.6276,33.86114],[-80.63077,33.8572],[-80.63035,33.85414],[-80.63158,33.85241],[-80.63354,33.85268],[-80.63097,33.84736],[-80.62749,33.84473],[-80.62797,33.84266],[-80.62665,33.84163],[-80.62307,33.84137],[-80.62208,33.83952],[-80.61907,33.83931],[-80.619,33.83651],[-80.61607,33.83433],[-80.61698,33.83222],[-80.62029,33.83103],[-80.6192,33.8281],[-80.61681,33.82689],[-80.61613,33.82278],[-80.61745,33.82109],[-80.61508,33.81601],[-80.61568,33.81451],[-80.61163,33.81264],[-80.60914,33.80982],[-80.60749,33.81112],[-80.60642,33.80869],[-80.60464,33.81099],[-80.60309,33.81093],[-80.60208,33.80724],[-80.59829,33.80448],[-80.59878,33.80339],[-80.60428,33.80498],[-80.60538,33.80475],[-80.60419,33.80044],[-80.60034,33.79918],[-80.60175,33.79733],[-80.60173,33.79457],[-80.60376,33.79306],[-80.60053,33.79179],[-80.60126,33.7884],[-80.59752,33.78846],[-80.5962,33.78643],[-80.59976,33.78461],[-80.60141,33.78648],[-80.60298,33.78532],[-80.60066,33.78289],[-80.59771,33.77751],[-80.59879,33.77594],[-80.60217,33.77481],[-80.60568,33.77177],[-80.60155,33.76872],[-80.60201,33.76741],[-80.60627,33.76741],[-80.6053,33.76399],[-80.6037,33.76271],[-80.60884,33.76194],[-80.60564,33.75748],[-80.60884,33.75709],[-80.61181,33.75545],[-80.609,33.7541],[-80.6111,33.7515],[-80.61616,33.75097],[-80.61432,33.74888],[-80.61465,33.74758],[-80.61943,33.74856],[-80.62013,33.74788],[-80.61866,33.74359],[-80.62011,33.74324],[-80.62275,33.74565],[-80.63062,33.74357],[-80.63278,33.74367],[-80.64041,33.74755],[-80.64001,33.74994],[-80.64173,33.75227],[-80.64508,33.75297],[-80.63487,33.78946],[-80.63698,33.78989],[-80.64102,33.79335],[-80.64248,33.79851],[-80.64512,33.80139],[-80.65194,33.80648],[-80.65513,33.81072],[-80.65968,33.81529],[-80.66295,33.81734],[-80.66867,33.82244],[-80.67115,33.82414],[-80.68477,33.8236],[-80.68967,33.83283],[-80.68761,33.83611],[-80.68829,33.83705],[-80.67865,33.83615],[-80.68642,33.83841],[-80.68655,33.84101],[-80.68352,33.84395],[-80.68585,33.84779],[-80.68448,33.85014],[-80.68725,33.85784],[-80.68695,33.86059],[-80.70189,33.86383],[-80.76556,33.87244],[-80.76801,33.87989],[-80.76841,33.88286],[-80.7704,33.88295],[-80.77535,33.87987],[-80.77795,33.88086],[-80.78329,33.87792],[-80.78492,33.87516],[-80.78747,33.87264],[-80.79005,33.8726],[-80.79187,33.87083],[-80.79432,33.8705],[-80.79399,33.87773],[-80.79309,33.88142],[-80.79041,33.88356],[-80.78816,33.8823],[-80.78336,33.8862],[-80.78533,33.89055],[-80.78712,33.89017],[-80.79204,33.89537],[-80.79435,33.89711],[-80.7926,33.89766],[-80.79437,33.90079],[-80.79287,33.90129],[-80.79503,33.90486],[-80.79872,33.90775],[-80.81795,33.91343],[-80.81831,33.91746],[-80.82106,33.91892],[-80.82206,33.92057],[-80.81847,33.92386],[-80.81901,33.92861],[-80.82211,33.93714],[-80.82343,33.94362],[-80.82586,33.94499],[-80.8278,33.94826],[-80.82832,33.95237],[-80.82565,33.95199],[-80.82138,33.9503],[-80.80951,33.94696],[-80.80285,33.94169],[-80.80017,33.95422],[-80.8019,33.95635],[-80.79687,33.95757],[-80.79672,33.96019],[-80.78939,33.95708],[-80.78931,33.94974],[-80.79388,33.95023],[-80.79447,33.94611],[-80.78836,33.94452],[-80.78774,33.94309],[-80.78312,33.94062],[-80.77816,33.94272],[-80.76971,33.9431],[-80.7608,33.94579],[-80.75606,33.94581],[-80.75563,33.95002],[-80.75594,33.95501],[-80.7546,33.96012],[-80.75665,33.96216],[-80.75947,33.96165],[-80.76561,33.96396],[-80.7635,33.96892],[-80.7629,33.9725],[-80.76383,33.9805],[-80.76468,33.98318],[-80.76095,33.98445],[-80.75668,33.98766],[-80.75533,33.98959],[-80.75799,33.99358],[-80.76423,33.99385],[-80.76659,33.99482],[-80.76164,34.00224],[-80.76617,34.00284],[-80.77345,34.00266],[-80.77565,34.00344],[-80.78047,34.00372],[-80.79125,34.00225],[-80.78807,34.00692]]]}},{"type":"Feature","properties":{"zcta":"29053","d":105},"geometry":{"type":"Polygon","coordinates":[[[-81.1899,33.79797],[-81.18498,33.80143],[-81.18952,33.80872],[-81.18585,33.81456],[-81.18166,33.81815],[-81.19667,33.81938],[-81.18943,33.82359],[-81.18488,33.8277],[-81.1829,33.83157],[-81.18037,33.83328],[-81.17657,33.83823],[-81.1751,33.83926],[-81.17376,33.84272],[-81.17545,33.84537],[-81.17914,33.84854],[-81.17709,33.85309],[-81.17082,33.85337],[-81.16629,33.85688],[-81.16512,33.8586],[-81.16259,33.85979],[-81.16035,33.8654],[-81.16208,33.86712],[-81.16598,33.86728],[-81.16873,33.8665],[-81.17169,33.86788],[-81.16104,33.87272],[-81.16079,33.88013],[-81.15859,33.88166],[-81.14834,33.88533],[-81.14493,33.88845],[-81.14396,33.88777],[-81.13831,33.88996],[-81.139,33.89156],[-81.13534,33.89118],[-81.13232,33.89185],[-81.1317,33.8901],[-81.12565,33.89264],[-81.12423,33.89428],[-81.1226,33.89153],[-81.12435,33.88722],[-81.12053,33.8905],[-81.1184,33.88798],[-81.11548,33.88867],[-81.1149,33.8912],[-81.11311,33.88944],[-81.11495,33.88729],[-81.11227,33.88713],[-81.11184,33.88474],[-81.10807,33.88039],[-81.10609,33.88064],[-81.10199,33.88334],[-81.1034,33.88489],[-81.09597,33.8897],[-81.09257,33.88604],[-81.08742,33.88952],[-81.08705,33.89062],[-81.09431,33.89831],[-81.09036,33.90085],[-81.08229,33.89428],[-81.07918,33.89384],[-81.07559,33.90359],[-81.07565,33.90254],[-81.07976,33.89131],[-81.08247,33.88657],[-81.08279,33.88429],[-81.08009,33.87893],[-81.07797,33.87753],[-81.07183,33.87841],[-81.06908,33.87372],[-81.06417,33.8765],[-81.06168,33.87465],[-81.06241,33.87225],[-81.05998,33.8742],[-81.05885,33.87288],[-81.05605,33.87285],[-81.05464,33.86853],[-81.05364,33.86869],[-81.04989,33.85941],[-81.04758,33.85934],[-81.04345,33.86171],[-81.0408,33.87504],[-81.04226,33.88107],[-81.03678,33.88055],[-81.03609,33.87529],[-81.03487,33.87196],[-81.01399,33.87944],[-81.00829,33.87908],[-80.99897,33.87709],[-80.9973,33.87453],[-80.99709,33.87189],[-80.99827,33.86947],[-81.00177,33.86546],[-81.00284,33.86301],[-81.00732,33.86426],[-81.00527,33.86264],[-81.00274,33.8629],[-81.00044,33.86011],[-80.99558,33.85809],[-80.98653,33.85641],[-80.98692,33.85488],[-80.99018,33.85287],[-80.99039,33.85183],[-80.98889,33.84949],[-80.98665,33.84839],[-80.97862,33.84797],[-80.97396,33.84648],[-80.97007,33.84599],[-80.96513,33.84666],[-80.95819,33.84335],[-80.95264,33.84127],[-80.94944,33.83908],[-80.94657,33.83554],[-80.94908,33.83582],[-80.95171,33.83852],[-80.95533,33.83896],[-80.95737,33.83537],[-80.95675,33.83224],[-80.95749,33.83046],[-80.96058,33.83016],[-80.96291,33.82637],[-80.96244,33.81661],[-80.96048,33.81434],[-80.95979,33.80739],[-80.96014,33.80579],[-80.96399,33.80256],[-80.96686,33.80176],[-80.96904,33.79972],[-80.97234,33.7993],[-80.97548,33.79785],[-80.98163,33.7963],[-80.98464,33.79409],[-80.99001,33.7914],[-80.99332,33.79126],[-80.98814,33.78386],[-80.99268,33.78573],[-80.99858,33.78722],[-81.00244,33.78753],[-81.00378,33.78601],[-81.00717,33.78585],[-81.01038,33.78749],[-81.01359,33.78812],[-81.01702,33.78643],[-81.02354,33.78807],[-81.02607,33.78694],[-81.02884,33.78688],[-81.02882,33.785],[-81.0315,33.78436],[-81.03351,33.78618],[-81.03606,33.78648],[-81.03894,33.78975],[-81.03954,33.79169],[-81.0433,33.79262],[-81.04557,33.79543],[-81.04483,33.7985],[-81.04628,33.79835],[-81.04676,33.79312],[-81.0487,33.79549],[-81.04725,33.79714],[-81.0498,33.79798],[-81.05128,33.80055],[-81.05219,33.79922],[-81.05498,33.79954],[-81.05627,33.79434],[-81.05501,33.79052],[-81.05908,33.7835],[-81.08348,33.81079],[-81.08457,33.81099],[-81.08699,33.80772],[-81.09314,33.80335],[-81.09629,33.80316],[-81.09592,33.79871],[-81.08488,33.79894],[-81.08513,33.80376],[-81.08303,33.8038],[-81.08252,33.79329],[-81.08528,33.78658],[-81.08716,33.79114],[-81.09784,33.79221],[-81.09718,33.79435],[-81.10201,33.79483],[-81.10259,33.79653],[-81.10475,33.79668],[-81.10564,33.78607],[-81.10656,33.78597],[-81.11323,33.77696],[-81.11573,33.77718],[-81.11522,33.77461],[-81.11774,33.77229],[-81.1217,33.77324],[-81.12258,33.77053],[-81.1229,33.76341],[-81.12468,33.76098],[-81.12973,33.76622],[-81.13297,33.76286],[-81.13246,33.75888],[-81.13503,33.75896],[-81.13655,33.76102],[-81.13916,33.75785],[-81.14452,33.76131],[-81.14818,33.75979],[-81.15294,33.76152],[-81.15693,33.75922],[-81.15786,33.75579],[-81.16022,33.75669],[-81.16147,33.75509],[-81.16628,33.75632],[-81.16872,33.7581],[-81.1692,33.75885],[-81.17613,33.76356],[-81.17978,33.764],[-81.18867,33.76635],[-81.19232,33.76331],[-81.19876,33.75948],[-81.19948,33.76292],[-81.19497,33.76838],[-81.19392,33.77319],[-81.19232,33.77394],[-81.19207,33.77165],[-81.18594,33.77345],[-81.18759,33.77454],[-81.18631,33.77569],[-81.18519,33.77902],[-81.18745,33.78095],[-81.18946,33.78023],[-81.19383,33.7843],[-81.19437,33.79674],[-81.1899,33.79797]]]}},{"type":"Feature","properties":{"zcta":"29070","d":45},"geometry":{"type":"MultiPolygon","coordinates":[[[[-81.57274,34.08223],[-81.56722,34.08436],[-81.56654,34.08548],[-81.56349,34.08161],[-81.56763,34.08029],[-81.5706,34.08052],[-81.57331,34.07947],[-81.5754,34.08152],[-81.57415,34.08297],[-81.57274,34.08223]]],[[[-81.56133,34.08418],[-81.55796,34.08613],[-81.55452,34.08489],[-81.55105,34.0868],[-81.5446,34.08618],[-81.54435,34.08749],[-81.54236,34.08422],[-81.5389,34.08174],[-81.53687,34.08163],[-81.53017,34.08289],[-81.5248,34.0827],[-81.51883,34.08139],[-81.51385,34.08225],[-81.51283,34.08171],[-81.50963,34.07695],[-81.50248,34.07388],[-81.49577,34.07684],[-81.4925,34.07678],[-81.48799,34.07911],[-81.48699,34.08133],[-81.48508,34.0823],[-81.48215,34.0819],[-81.47734,34.07803],[-81.47267,34.07649],[-81.47066,34.07712],[-81.46936,34.07919],[-81.4684,34.08439],[-81.46567,34.08755],[-81.46363,34.08728],[-81.45991,34.08432],[-81.45591,34.08333],[-81.45416,34.08186],[-81.44467,34.07788],[-81.44098,34.0784],[-81.43481,34.08201],[-81.43022,34.0835],[-81.42473,34.08317],[-81.41999,34.0799],[-81.41473,34.07419],[-81.41129,34.07313],[-81.40444,34.07246],[-81.40282,34.07084],[-81.39408,34.07155],[-81.39436,34.06615],[-81.39646,34.06357],[-81.40745,34.0534],[-81.42019,34.04477],[-81.4271,34.03818],[-81.4316,34.03183],[-81.43726,34.02864],[-81.43853,34.02712],[-81.43748,34.02286],[-81.43286,34.01932],[-81.43398,34.01293],[-81.43415,34.00913],[-81.43275,34.00436],[-81.43386,34.00207],[-81.43213,34.00014],[-81.43441,33.99965],[-81.43645,33.99752],[-81.4374,33.98998],[-81.4327,33.99136],[-81.43168,33.98562],[-81.42842,33.98257],[-81.428,33.97923],[-81.43048,33.97677],[-81.43369,33.97519],[-81.42797,33.96546],[-81.42212,33.95963],[-81.42216,33.95621],[-81.42063,33.95506],[-81.42003,33.95248],[-81.41762,33.95318],[-81.41592,33.94935],[-81.41069,33.94483],[-81.40834,33.93775],[-81.40857,33.93561],[-81.41035,33.93518],[-81.41365,33.9392],[-81.41546,33.93411],[-81.41089,33.93122],[-81.41093,33.9206],[-81.4066,33.92083],[-81.40651,33.91631],[-81.40936,33.91531],[-81.41138,33.91193],[-81.40885,33.90999],[-81.41184,33.90574],[-81.41085,33.90376],[-81.40958,33.89755],[-81.40044,33.89949],[-81.40318,33.89639],[-81.40451,33.89332],[-81.40722,33.89421],[-81.41028,33.89075],[-81.41201,33.88991],[-81.41419,33.8864],[-81.40942,33.88479],[-81.40954,33.88392],[-81.40476,33.88048],[-81.40599,33.87721],[-81.40262,33.87349],[-81.39737,33.86977],[-81.39712,33.87257],[-81.39804,33.87432],[-81.39446,33.87457],[-81.38939,33.87106],[-81.38044,33.87074],[-81.3798,33.86515],[-81.38292,33.86084],[-81.38521,33.85618],[-81.39036,33.85586],[-81.39138,33.85016],[-81.38923,33.84412],[-81.38812,33.84439],[-81.38403,33.84157],[-81.38378,33.83976],[-81.37808,33.84034],[-81.37953,33.83731],[-81.38229,33.83424],[-81.38341,33.8349],[-81.38938,33.83579],[-81.39201,33.83336],[-81.39187,33.82822],[-81.39024,33.82631],[-81.38533,33.82307],[-81.38618,33.82023],[-81.38402,33.81896],[-81.37231,33.81587],[-81.36939,33.81361],[-81.36723,33.80841],[-81.36498,33.80863],[-81.3654,33.80218],[-81.35882,33.80326],[-81.35837,33.80919],[-81.35461,33.8094],[-81.35488,33.81133],[-81.35085,33.81591],[-81.35091,33.81853],[-81.34924,33.81779],[-81.34773,33.81532],[-81.34907,33.81177],[-81.34978,33.80952],[-81.34739,33.8057],[-81.34701,33.8026],[-81.34766,33.79678],[-81.34678,33.79452],[-81.34292,33.79161],[-81.34264,33.78888],[-81.34096,33.78691],[-81.34208,33.78574],[-81.33987,33.78367],[-81.34005,33.77974],[-81.33774,33.77631],[-81.33534,33.77484],[-81.33196,33.77445],[-81.33037,33.77315],[-81.32969,33.76978],[-81.32472,33.76726],[-81.32379,33.76453],[-81.32497,33.76265],[-81.3245,33.76082],[-81.31944,33.75379],[-81.31744,33.74898],[-81.31674,33.7454],[-81.31388,33.74329],[-81.3114,33.73963],[-81.30903,33.73898],[-81.30539,33.7347],[-81.30217,33.73202],[-81.29832,33.73099],[-81.29661,33.73149],[-81.2934,33.72991],[-81.2909,33.72702],[-81.28788,33.72106],[-81.28667,33.72032],[-81.2854,33.71682],[-81.2863,33.71257],[-81.28775,33.7095],[-81.28703,33.70582],[-81.28503,33.70297],[-81.28532,33.70045],[-81.2828,33.69629],[-81.28284,33.69433],[-81.28592,33.6931],[-81.29043,33.69408],[-81.29258,33.69666],[-81.29862,33.6989],[-81.30273,33.70377],[-81.30448,33.70486],[-81.30646,33.70425],[-81.30888,33.70573],[-81.31148,33.70871],[-81.31303,33.70829],[-81.3162,33.71021],[-81.32294,33.71129],[-81.32705,33.71316],[-81.32796,33.71516],[-81.33276,33.71579],[-81.33601,33.71787],[-81.33774,33.71783],[-81.34427,33.72105],[-81.34656,33.72012],[-81.34962,33.72054],[-81.35439,33.72295],[-81.35739,33.72287],[-81.35952,33.72518],[-81.36207,33.72556],[-81.36672,33.72851],[-81.37413,33.72526],[-81.37909,33.72507],[-81.38486,33.72622],[-81.38546,33.72693],[-81.39317,33.72687],[-81.39969,33.72977],[-81.4036,33.73227],[-81.409,33.73197],[-81.41084,33.73104],[-81.41531,33.73216],[-81.41802,33.73446],[-81.4237,33.74133],[-81.42541,33.74162],[-81.42703,33.74484],[-81.42559,33.74673],[-81.42629,33.74945],[-81.4285,33.75348],[-81.43162,33.75759],[-81.43226,33.76207],[-81.43117,33.76567],[-81.43175,33.76901],[-81.43574,33.77523],[-81.43972,33.77821],[-81.44231,33.77904],[-81.44588,33.78373],[-81.44776,33.78491],[-81.45311,33.79104],[-81.45628,33.79287],[-81.45687,33.79445],[-81.45923,33.79522],[-81.46047,33.79885],[-81.45746,33.80317],[-81.45801,33.80661],[-81.45659,33.80933],[-81.45715,33.81163],[-81.45215,33.81652],[-81.45743,33.82133],[-81.45603,33.82266],[-81.45568,33.82576],[-81.457,33.83124],[-81.45566,33.8339],[-81.45632,33.83681],[-81.45573,33.84043],[-81.45653,33.84268],[-81.45989,33.84668],[-81.46272,33.84739],[-81.46472,33.84918],[-81.46682,33.85896],[-81.46888,33.86168],[-81.46826,33.86399],[-81.47316,33.8624],[-81.48175,33.87386],[-81.47808,33.87536],[-81.48008,33.87741],[-81.48335,33.87626],[-81.48817,33.87572],[-81.48682,33.87813],[-81.48847,33.87836],[-81.49447,33.88166],[-81.495,33.88516],[-81.49355,33.88798],[-81.49805,33.88592],[-81.4973,33.8825],[-81.49797,33.8806],[-81.50222,33.88344],[-81.50538,33.88796],[-81.50609,33.89352],[-81.50849,33.89807],[-81.51112,33.89961],[-81.51111,33.90089],[-81.5153,33.90186],[-81.51433,33.90429],[-81.52425,33.90769],[-81.52595,33.91115],[-81.53018,33.91037],[-81.53182,33.91131],[-81.52466,33.91342],[-81.52547,33.91521],[-81.52778,33.91458],[-81.52938,33.91844],[-81.52763,33.92199],[-81.53108,33.9289],[-81.53545,33.93252],[-81.53773,33.93306],[-81.53855,33.93104],[-81.53807,33.92815],[-81.55047,33.92017],[-81.55146,33.92016],[-81.55227,33.92411],[-81.55727,33.9303],[-81.55909,33.93485],[-81.55633,33.93825],[-81.55425,33.94441],[-81.55465,33.94597],[-81.55916,33.94581],[-81.56299,33.94793],[-81.56613,33.94841],[-81.57062,33.95049],[-81.57432,33.95375],[-81.57871,33.9478],[-81.58018,33.96701],[-81.57851,33.97689],[-81.57363,33.97525],[-81.57116,33.97918],[-81.57197,33.98067],[-81.57118,33.98294],[-81.5729,33.98683],[-81.57089,33.98967],[-81.57046,33.99244],[-81.57153,33.9951],[-81.56879,33.99959],[-81.5677,34.00596],[-81.56305,34.00603],[-81.56155,34.00916],[-81.55904,34.00948],[-81.56114,34.01176],[-81.56088,34.01409],[-81.56251,34.01569],[-81.56246,34.01866],[-81.56359,34.02175],[-81.56886,34.01856],[-81.57377,34.01805],[-81.57691,34.01873],[-81.57896,34.02605],[-81.58097,34.03128],[-81.56882,34.0329],[-81.56317,34.03568],[-81.56699,34.04028],[-81.56581,34.04156],[-81.56875,34.04545],[-81.5712,34.04547],[-81.57404,34.05048],[-81.57341,34.05201],[-81.57523,34.05482],[-81.5784,34.05484],[-81.577,34.05734],[-81.57992,34.05853],[-81.57685,34.06391],[-81.57975,34.06403],[-81.5816,34.06708],[-81.58493,34.06815],[-81.58067,34.06938],[-81.58163,34.06749],[-81.57708,34.06744],[-81.57504,34.06941],[-81.5759,34.07089],[-81.57116,34.07401],[-81.57252,34.07595],[-81.5715,34.07753],[-81.56955,34.07659],[-81.56133,34.07855],[-81.5619,34.07962],[-81.56133,34.08418]]]]}},{"type":"Feature","properties":{"zcta":"29078","d":64},"geometry":{"type":"Polygon","coordinates":[[[-80.69363,34.32727],[-80.69218,34.32248],[-80.68954,34.31897],[-80.68445,34.31111],[-80.68227,34.30833],[-80.68124,34.30467],[-80.68404,34.30081],[-80.68471,34.29768],[-80.68463,34.27775],[-80.68444,34.27309],[-80.68264,34.26975],[-80.67934,34.26659],[-80.67174,34.26052],[-80.66393,34.25468],[-80.65789,34.25065],[-80.65076,34.24331],[-80.6458,34.23957],[-80.6429,34.23837],[-80.6339,34.23585],[-80.63045,34.23425],[-80.62847,34.232],[-80.62706,34.22871],[-80.62817,34.22272],[-80.63011,34.21958],[-80.62993,34.21731],[-80.62379,34.21464],[-80.61882,34.21344],[-80.60984,34.21299],[-80.60761,34.21239],[-80.60479,34.20977],[-80.6046,34.20591],[-80.60837,34.20206],[-80.60901,34.19881],[-80.6112,34.19643],[-80.61518,34.19607],[-80.61662,34.1979],[-80.61714,34.20086],[-80.61938,34.20384],[-80.62385,34.20473],[-80.63112,34.20341],[-80.63386,34.20065],[-80.63496,34.19421],[-80.63453,34.19128],[-80.63305,34.1886],[-80.63105,34.1874],[-80.6248,34.1859],[-80.61931,34.18316],[-80.61534,34.18304],[-80.61387,34.18457],[-80.61342,34.18815],[-80.61186,34.18928],[-80.60697,34.18727],[-80.60552,34.18377],[-80.60636,34.17622],[-80.6089,34.17283],[-80.61545,34.16995],[-80.61986,34.1704],[-80.62198,34.17351],[-80.6256,34.17241],[-80.62626,34.16954],[-80.6248,34.16429],[-80.62222,34.16107],[-80.61891,34.15855],[-80.61936,34.15474],[-80.61759,34.15197],[-80.62007,34.15046],[-80.62347,34.14984],[-80.62542,34.14764],[-80.62583,34.14371],[-80.62738,34.14278],[-80.63242,34.1446],[-80.63484,34.1428],[-80.63393,34.1409],[-80.63527,34.13936],[-80.63866,34.13941],[-80.63952,34.13749],[-80.63761,34.13423],[-80.6355,34.13371],[-80.63497,34.13179],[-80.63739,34.12783],[-80.6428,34.12772],[-80.64433,34.12912],[-80.64675,34.1292],[-80.65002,34.12769],[-80.64994,34.12515],[-80.64474,34.1221],[-80.6416,34.12154],[-80.63852,34.11893],[-80.63311,34.11618],[-80.62949,34.11336],[-80.62622,34.11501],[-80.62553,34.11815],[-80.62425,34.11931],[-80.62102,34.11983],[-80.61792,34.11804],[-80.61688,34.11133],[-80.62031,34.10738],[-80.62078,34.10239],[-80.61885,34.10017],[-80.61619,34.0996],[-80.6157,34.09676],[-80.61856,34.09197],[-80.6209,34.09004],[-80.62442,34.08927],[-80.62993,34.08995],[-80.63243,34.08937],[-80.63653,34.08298],[-80.63616,34.08021],[-80.63365,34.07835],[-80.6266,34.07744],[-80.6248,34.07914],[-80.62421,34.08186],[-80.6213,34.08316],[-80.6195,34.08231],[-80.61931,34.07979],[-80.62481,34.07308],[-80.63117,34.06824],[-80.62945,34.06665],[-80.62481,34.06609],[-80.61968,34.06329],[-80.61744,34.0628],[-80.61424,34.06357],[-80.61233,34.0613],[-80.61451,34.05918],[-80.61274,34.05616],[-80.60748,34.05837],[-80.60672,34.05637],[-80.61023,34.05415],[-80.61257,34.05177],[-80.61212,34.04924],[-80.60786,34.04619],[-80.60746,34.04326],[-80.63946,34.04301],[-80.64463,34.04412],[-80.64479,34.04593],[-80.64712,34.04652],[-80.64902,34.04845],[-80.64826,34.05187],[-80.65353,34.05269],[-80.65879,34.05454],[-80.66076,34.05189],[-80.67252,34.0504],[-80.67861,34.05205],[-80.67969,34.05834],[-80.68194,34.06118],[-80.68197,34.06253],[-80.6867,34.06455],[-80.68978,34.0637],[-80.69188,34.06423],[-80.69427,34.0634],[-80.69612,34.06134],[-80.70066,34.06145],[-80.70201,34.06062],[-80.70675,34.06249],[-80.71376,34.06378],[-80.72057,34.06621],[-80.72638,34.06907],[-80.73135,34.07326],[-80.7353,34.07745],[-80.74165,34.08135],[-80.748,34.08347],[-80.75395,34.08355],[-80.7561,34.08447],[-80.76122,34.08915],[-80.76491,34.09376],[-80.76745,34.09832],[-80.77159,34.10081],[-80.77495,34.10213],[-80.77966,34.10229],[-80.77533,34.10892],[-80.77552,34.11369],[-80.77251,34.1113],[-80.77119,34.11295],[-80.76782,34.11388],[-80.76586,34.11299],[-80.76338,34.11359],[-80.75624,34.11708],[-80.75408,34.11712],[-80.75325,34.12654],[-80.7563,34.12922],[-80.74445,34.13388],[-80.74073,34.13594],[-80.7341,34.14206],[-80.73789,34.14699],[-80.7364,34.14985],[-80.73877,34.15142],[-80.74485,34.14707],[-80.7428,34.14908],[-80.74562,34.1518],[-80.74614,34.16086],[-80.75025,34.16775],[-80.75668,34.16711],[-80.7613,34.16891],[-80.76193,34.17745],[-80.76383,34.17833],[-80.76645,34.1778],[-80.76734,34.18061],[-80.76639,34.18201],[-80.76834,34.18491],[-80.75523,34.19285],[-80.7533,34.19185],[-80.75564,34.18731],[-80.75286,34.1805],[-80.74624,34.18299],[-80.74462,34.1843],[-80.73922,34.1921],[-80.74,34.19324],[-80.73982,34.19687],[-80.7414,34.20107],[-80.75094,34.19544],[-80.7499,34.20529],[-80.7493,34.20717],[-80.75237,34.20681],[-80.75473,34.21021],[-80.75944,34.20928],[-80.75835,34.21274],[-80.76022,34.21709],[-80.76024,34.21915],[-80.76236,34.22554],[-80.76245,34.22717],[-80.76708,34.22923],[-80.76923,34.23194],[-80.77339,34.23512],[-80.77549,34.23577],[-80.77891,34.23902],[-80.783,34.24058],[-80.78359,34.24232],[-80.78685,34.24264],[-80.78933,34.24436],[-80.79854,34.2466],[-80.80591,34.25055],[-80.80795,34.2578],[-80.80819,34.26289],[-80.80825,34.26437],[-80.80581,34.2718],[-80.80025,34.27589],[-80.80031,34.2768],[-80.79701,34.27967],[-80.79682,34.28371],[-80.79453,34.28188],[-80.79389,34.28309],[-80.79203,34.28179],[-80.7923,34.28382],[-80.79043,34.28478],[-80.79132,34.28639],[-80.787,34.28786],[-80.78852,34.28911],[-80.78551,34.29395],[-80.78625,34.29736],[-80.78365,34.3004],[-80.78252,34.30457],[-80.77951,34.30597],[-80.77449,34.29878],[-80.77198,34.30436],[-80.76982,34.30448],[-80.76747,34.30152],[-80.76352,34.30303],[-80.76419,34.30494],[-80.75803,34.30506],[-80.75775,34.30339],[-80.75356,34.29817],[-80.74616,34.30013],[-80.74667,34.30326],[-80.74517,34.3036],[-80.74148,34.30188],[-80.74181,34.30579],[-80.74277,34.30541],[-80.74997,34.3125],[-80.7506,34.32066],[-80.74026,34.321],[-80.7387,34.31577],[-80.74061,34.31577],[-80.73939,34.31217],[-80.73853,34.30633],[-80.74062,34.30599],[-80.73833,34.30271],[-80.72829,34.30654],[-80.72792,34.30513],[-80.7256,34.30508],[-80.72191,34.30637],[-80.72161,34.30504],[-80.72043,34.31036],[-80.71818,34.31184],[-80.71638,34.31487],[-80.71322,34.31572],[-80.70895,34.31784],[-80.70594,34.31757],[-80.70166,34.31617],[-80.70072,34.31683],[-80.70064,34.321],[-80.69789,34.32405],[-80.69915,34.33233],[-80.69808,34.33418],[-80.69363,34.32727]]]}},{"type":"Feature","properties":{"zcta":"29208","d":0},"geometry":{"type":"Polygon","coordinates":[[[-81.03067,33.99898],[-81.02426,34.00096],[-81.02309,33.99825],[-81.02488,33.9977],[-81.0238,33.99514],[-81.02834,33.99369],[-81.03009,33.99764],[-81.03067,33.99898]]]}},{"type":"Feature","properties":{"zcta":"29135","d":19},"geometry":{"type":"Polygon","coordinates":[[[-80.96542,33.68963],[-80.96085,33.69515],[-80.95694,33.69276],[-80.95347,33.69644],[-80.95523,33.69882],[-80.96106,33.7004],[-80.95919,33.70363],[-80.9543,33.70467],[-80.95465,33.70736],[-80.95296,33.71218],[-80.94963,33.70818],[-80.94545,33.70827],[-80.93768,33.71086],[-80.9343,33.71338],[-80.93265,33.71625],[-80.92884,33.71807],[-80.92645,33.72167],[-80.94346,33.75014],[-80.94026,33.75242],[-80.93461,33.75307],[-80.92632,33.75558],[-80.9246,33.75695],[-80.91743,33.75936],[-80.91184,33.75996],[-80.90673,33.75856],[-80.90247,33.75656],[-80.89869,33.7571],[-80.89621,33.75824],[-80.89364,33.76125],[-80.88906,33.76443],[-80.88282,33.76947],[-80.8812,33.77297],[-80.88123,33.77474],[-80.87733,33.77789],[-80.87537,33.77836],[-80.86677,33.77861],[-80.86329,33.78036],[-80.86249,33.7834],[-80.85599,33.78555],[-80.85182,33.78424],[-80.84961,33.78109],[-80.84691,33.78284],[-80.84393,33.78335],[-80.84163,33.78634],[-80.83666,33.78773],[-80.83482,33.78739],[-80.83346,33.78551],[-80.82958,33.78491],[-80.82474,33.78686],[-80.82255,33.787],[-80.82257,33.78457],[-80.82613,33.78019],[-80.82926,33.77819],[-80.82799,33.77621],[-80.82504,33.77471],[-80.8219,33.77439],[-80.81916,33.77628],[-80.8175,33.77976],[-80.81569,33.78107],[-80.81125,33.77975],[-80.80954,33.77848],[-80.80759,33.77421],[-80.80137,33.77313],[-80.79789,33.7707],[-80.79335,33.76953],[-80.78609,33.76969],[-80.78297,33.7689],[-80.78206,33.76725],[-80.78301,33.76516],[-80.78614,33.76272],[-80.78486,33.76101],[-80.78221,33.76071],[-80.77935,33.76171],[-80.77764,33.76468],[-80.77177,33.7719],[-80.76795,33.77136],[-80.76784,33.76715],[-80.76634,33.76682],[-80.76301,33.77102],[-80.75973,33.774],[-80.75751,33.77308],[-80.75626,33.76811],[-80.75618,33.76482],[-80.75452,33.764],[-80.74981,33.7646],[-80.74734,33.76174],[-80.74486,33.76401],[-80.74779,33.76603],[-80.74857,33.76896],[-80.75157,33.77056],[-80.7512,33.77201],[-80.74797,33.77581],[-80.74503,33.77643],[-80.74159,33.77386],[-80.74068,33.76884],[-80.73633,33.76742],[-80.7359,33.7655],[-80.73838,33.76267],[-80.74046,33.75909],[-80.73955,33.75688],[-80.73738,33.75662],[-80.73386,33.75998],[-80.73001,33.76039],[-80.728,33.76182],[-80.72766,33.76741],[-80.72502,33.76848],[-80.72254,33.76735],[-80.72141,33.76404],[-80.71756,33.76083],[-80.7144,33.76164],[-80.71331,33.76602],[-80.71372,33.77026],[-80.71173,33.77128],[-80.70439,33.76649],[-80.70394,33.76468],[-80.70596,33.76151],[-80.70539,33.75979],[-80.69971,33.75698],[-80.69657,33.75651],[-80.68997,33.75724],[-80.68837,33.76048],[-80.68563,33.76007],[-80.68762,33.75683],[-80.68659,33.75599],[-80.67754,33.76298],[-80.6751,33.76198],[-80.6732,33.76321],[-80.67179,33.76648],[-80.66629,33.76835],[-80.66237,33.77146],[-80.65905,33.77299],[-80.65468,33.77351],[-80.65286,33.77255],[-80.65174,33.76998],[-80.65277,33.76831],[-80.65626,33.76572],[-80.6564,33.7614],[-80.64954,33.75775],[-80.64726,33.7542],[-80.64508,33.75297],[-80.64173,33.75227],[-80.64001,33.74994],[-80.64041,33.74755],[-80.63278,33.74367],[-80.63062,33.74357],[-80.62275,33.74565],[-80.62011,33.74324],[-80.62109,33.74202],[-80.62876,33.74018],[-80.62966,33.73739],[-80.62447,33.73456],[-80.62475,33.73292],[-80.62755,33.731],[-80.62481,33.72856],[-80.62139,33.72438],[-80.61826,33.72192],[-80.61647,33.7195],[-80.61674,33.71409],[-80.61526,33.71184],[-80.60763,33.70907],[-80.60522,33.70715],[-80.60439,33.70432],[-80.60162,33.70267],[-80.59414,33.70242],[-80.59246,33.69959],[-80.59659,33.69514],[-80.59703,33.69479],[-80.5939,33.69167],[-80.59688,33.69201],[-80.59854,33.69365],[-80.60101,33.69304],[-80.60038,33.6902],[-80.6045,33.68348],[-80.60682,33.6775],[-80.60671,33.67484],[-80.6092,33.66971],[-80.61253,33.66697],[-80.61683,33.66471],[-80.62054,33.66139],[-80.62558,33.66016],[-80.63284,33.66075],[-80.63888,33.66058],[-80.64376,33.6624],[-80.64491,33.66126],[-80.64591,33.65691],[-80.66273,33.66124],[-80.67386,33.66559],[-80.68466,33.66916],[-80.68667,33.66217],[-80.68716,33.65767],[-80.68931,33.65518],[-80.68444,33.65291],[-80.68072,33.64941],[-80.68543,33.65035],[-80.69202,33.64664],[-80.69723,33.64537],[-80.70325,33.64538],[-80.71065,33.64449],[-80.71528,33.64283],[-80.71855,33.64102],[-80.70593,33.63651],[-80.69726,33.63385],[-80.6976,33.63154],[-80.70277,33.62948],[-80.70652,33.62881],[-80.71595,33.62607],[-80.72086,33.62301],[-80.72416,33.62],[-80.72608,33.61553],[-80.72361,33.61387],[-80.7168,33.61121],[-80.71311,33.61032],[-80.71106,33.60805],[-80.71875,33.60198],[-80.71582,33.59897],[-80.71155,33.5965],[-80.70621,33.5911],[-80.71062,33.58834],[-80.71619,33.58863],[-80.71769,33.58484],[-80.72105,33.58393],[-80.7276,33.57895],[-80.72127,33.57148],[-80.72738,33.56819],[-80.73008,33.56525],[-80.73226,33.56011],[-80.74023,33.55968],[-80.74546,33.56199],[-80.75273,33.56778],[-80.76025,33.57153],[-80.76489,33.57327],[-80.79715,33.59654],[-80.80227,33.58765],[-80.80793,33.57933],[-80.81416,33.58068],[-80.81786,33.582],[-80.81587,33.58611],[-80.8132,33.58691],[-80.81723,33.58986],[-80.81895,33.58966],[-80.82094,33.59381],[-80.82366,33.59654],[-80.82366,33.59774],[-80.82881,33.60355],[-80.83563,33.60422],[-80.83631,33.60778],[-80.83522,33.60986],[-80.88095,33.6196],[-80.88456,33.62726],[-80.89126,33.62101],[-80.8955,33.61903],[-80.89965,33.61827],[-80.89971,33.62051],[-80.90908,33.61909],[-80.91255,33.62302],[-80.91557,33.62082],[-80.91518,33.62232],[-80.91695,33.62438],[-80.91875,33.62888],[-80.91787,33.6314],[-80.91436,33.63373],[-80.92124,33.63855],[-80.91364,33.64446],[-80.91262,33.6474],[-80.91079,33.64805],[-80.91135,33.64945],[-80.9144,33.65037],[-80.91947,33.65385],[-80.93775,33.65006],[-80.94163,33.65283],[-80.95252,33.66297],[-80.96426,33.6764],[-80.96562,33.68527],[-80.96772,33.68892],[-80.96542,33.68963]]]}},{"type":"Feature","properties":{"zcta":"29160","d":30},"geometry":{"type":"Polygon","coordinates":[[[-81.25452,33.69015],[-81.24473,33.6884],[-81.23294,33.69442],[-81.20781,33.69294],[-81.20791,33.69193],[-81.2053,33.68828],[-81.20386,33.69004],[-81.20573,33.69994],[-81.20986,33.70416],[-81.20508,33.707],[-81.20696,33.7107],[-81.19943,33.71404],[-81.19068,33.719],[-81.18327,33.72113],[-81.18119,33.72213],[-81.17727,33.72582],[-81.17082,33.72965],[-81.17174,33.73217],[-81.16995,33.73309],[-81.17085,33.73476],[-81.1706,33.7381],[-81.1714,33.74101],[-81.17028,33.74279],[-81.17325,33.7452],[-81.17458,33.74453],[-81.17306,33.74865],[-81.16872,33.7581],[-81.16628,33.75632],[-81.16147,33.75509],[-81.16022,33.75669],[-81.15786,33.75579],[-81.15693,33.75922],[-81.15294,33.76152],[-81.14818,33.75979],[-81.14452,33.76131],[-81.13916,33.75785],[-81.13655,33.76102],[-81.13503,33.75896],[-81.13246,33.75888],[-81.13297,33.76286],[-81.12973,33.76622],[-81.12468,33.76098],[-81.1229,33.76341],[-81.12258,33.77053],[-81.1217,33.77324],[-81.11774,33.77229],[-81.11522,33.77461],[-81.11573,33.77718],[-81.11323,33.77696],[-81.10656,33.78597],[-81.10564,33.78607],[-81.10475,33.79668],[-81.10259,33.79653],[-81.10201,33.79483],[-81.09718,33.79435],[-81.09784,33.79221],[-81.08716,33.79114],[-81.08528,33.78658],[-81.08252,33.79329],[-81.08303,33.8038],[-81.08513,33.80376],[-81.08488,33.79894],[-81.09592,33.79871],[-81.09629,33.80316],[-81.09314,33.80335],[-81.08699,33.80772],[-81.08457,33.81099],[-81.08348,33.81079],[-81.05908,33.7835],[-81.05501,33.79052],[-81.05627,33.79434],[-81.05498,33.79954],[-81.05219,33.79922],[-81.05128,33.80055],[-81.0498,33.79798],[-81.04725,33.79714],[-81.0487,33.79549],[-81.04676,33.79312],[-81.04628,33.79835],[-81.04483,33.7985],[-81.04557,33.79543],[-81.0433,33.79262],[-81.03954,33.79169],[-81.03894,33.78975],[-81.03606,33.78648],[-81.03351,33.78618],[-81.0315,33.78436],[-81.02882,33.785],[-81.02884,33.78688],[-81.02607,33.78694],[-81.02354,33.78807],[-81.01702,33.78643],[-81.01359,33.78812],[-81.01038,33.78749],[-81.00717,33.78585],[-81.00378,33.78601],[-81.00244,33.78753],[-80.99858,33.78722],[-80.99268,33.78573],[-80.98814,33.78386],[-80.99332,33.79126],[-80.99001,33.7914],[-80.98464,33.79409],[-80.98163,33.7963],[-80.97548,33.79785],[-80.97234,33.7993],[-80.96904,33.79972],[-80.96686,33.80176],[-80.96399,33.80256],[-80.96014,33.80579],[-80.95979,33.80739],[-80.96048,33.81434],[-80.96244,33.81661],[-80.96291,33.82637],[-80.96058,33.83016],[-80.95749,33.83046],[-80.95675,33.83224],[-80.95737,33.83537],[-80.95533,33.83896],[-80.95171,33.83852],[-80.94908,33.83582],[-80.94657,33.83554],[-80.94944,33.83908],[-80.95264,33.84127],[-80.95819,33.84335],[-80.96513,33.84666],[-80.97007,33.84599],[-80.97396,33.84648],[-80.97862,33.84797],[-80.98665,33.84839],[-80.98889,33.84949],[-80.99039,33.85183],[-80.99018,33.85287],[-80.98692,33.85488],[-80.98653,33.85641],[-80.99558,33.85809],[-81.00044,33.86011],[-81.00274,33.8629],[-81.00527,33.86264],[-81.00732,33.86426],[-81.00284,33.86301],[-81.00177,33.86546],[-80.99827,33.86947],[-80.99709,33.87189],[-80.9973,33.87453],[-80.99897,33.87709],[-81.00829,33.87908],[-81.01399,33.87944],[-81.01233,33.88008],[-81.00017,33.87844],[-80.99817,33.87679],[-80.99657,33.87381],[-80.99672,33.87077],[-80.9983,33.86696],[-81.00208,33.86306],[-80.99978,33.8606],[-80.99318,33.85864],[-80.98622,33.85746],[-80.98593,33.85564],[-80.98959,33.85269],[-80.98828,33.8498],[-80.98571,33.84873],[-80.97776,33.84852],[-80.97299,33.84699],[-80.96885,33.84701],[-80.96595,33.84785],[-80.95944,33.84458],[-80.95374,33.8427],[-80.95082,33.8409],[-80.94405,33.83385],[-80.94322,33.83135],[-80.94058,33.82848],[-80.93619,33.82639],[-80.9312,33.82698],[-80.92918,33.82637],[-80.92426,33.82741],[-80.92303,33.82888],[-80.92313,33.833],[-80.92049,33.83485],[-80.91532,33.83392],[-80.9131,33.83293],[-80.91173,33.82988],[-80.91598,33.82491],[-80.91696,33.82098],[-80.91731,33.81374],[-80.91556,33.81142],[-80.90592,33.80971],[-80.89853,33.80877],[-80.89322,33.80993],[-80.87981,33.81562],[-80.87481,33.81549],[-80.86971,33.81239],[-80.86766,33.81006],[-80.86655,33.80737],[-80.86576,33.80272],[-80.86346,33.80164],[-80.85783,33.80157],[-80.85246,33.79959],[-80.8452,33.79599],[-80.83747,33.79391],[-80.83496,33.79055],[-80.83482,33.78739],[-80.83666,33.78773],[-80.84163,33.78634],[-80.84393,33.78335],[-80.84691,33.78284],[-80.84961,33.78109],[-80.85182,33.78424],[-80.85599,33.78555],[-80.86249,33.7834],[-80.86329,33.78036],[-80.86677,33.77861],[-80.87537,33.77836],[-80.87733,33.77789],[-80.88123,33.77474],[-80.8812,33.77297],[-80.88282,33.76947],[-80.88906,33.76443],[-80.89364,33.76125],[-80.89621,33.75824],[-80.89869,33.7571],[-80.90247,33.75656],[-80.90673,33.75856],[-80.91184,33.75996],[-80.91743,33.75936],[-80.9246,33.75695],[-80.92632,33.75558],[-80.93461,33.75307],[-80.94026,33.75242],[-80.94346,33.75014],[-80.92645,33.72167],[-80.92884,33.71807],[-80.93265,33.71625],[-80.9343,33.71338],[-80.93768,33.71086],[-80.94545,33.70827],[-80.94963,33.70818],[-80.95296,33.71218],[-80.95465,33.70736],[-80.9543,33.70467],[-80.95919,33.70363],[-80.96106,33.7004],[-80.95523,33.69882],[-80.95347,33.69644],[-80.95694,33.69276],[-80.96085,33.69515],[-80.96542,33.68963],[-80.96772,33.68892],[-80.9778,33.70199],[-80.98311,33.70188],[-80.98506,33.70129],[-80.98881,33.69866],[-80.9941,33.69638],[-80.99579,33.69641],[-80.99653,33.69441],[-81.00071,33.68872],[-81.00172,33.68558],[-81.00349,33.68341],[-81.00535,33.68353],[-81.02838,33.68191],[-81.03094,33.68582],[-81.02876,33.68803],[-81.02622,33.68905],[-81.04285,33.70713],[-81.05175,33.70477],[-81.05278,33.7028],[-81.04862,33.70105],[-81.04994,33.6979],[-81.05229,33.69852],[-81.05633,33.69361],[-81.05843,33.69407],[-81.05906,33.69274],[-81.0618,33.69236],[-81.06234,33.69512],[-81.05669,33.70343],[-81.08466,33.69603],[-81.08431,33.69723],[-81.08729,33.70177],[-81.08708,33.70438],[-81.09151,33.71053],[-81.09982,33.71069],[-81.10142,33.70625],[-81.10281,33.70662],[-81.10633,33.70432],[-81.11168,33.69558],[-81.11023,33.70397],[-81.12773,33.69925],[-81.12729,33.69775],[-81.1319,33.69663],[-81.14486,33.69719],[-81.14429,33.69422],[-81.14542,33.69069],[-81.13881,33.69197],[-81.13666,33.69311],[-81.1341,33.69301],[-81.13344,33.689],[-81.12976,33.68896],[-81.12968,33.68623],[-81.12566,33.68403],[-81.12669,33.68162],[-81.12299,33.67965],[-81.17646,33.65736],[-81.18214,33.66009],[-81.18303,33.65694],[-81.18727,33.65294],[-81.18968,33.65541],[-81.1952,33.65754],[-81.19855,33.65804],[-81.19957,33.65917],[-81.20342,33.65949],[-81.2074,33.65888],[-81.21207,33.66315],[-81.21269,33.66179],[-81.2176,33.66411],[-81.22157,33.6681],[-81.22491,33.66811],[-81.22692,33.66972],[-81.23014,33.67046],[-81.23127,33.67195],[-81.23461,33.67286],[-81.23602,33.67515],[-81.23792,33.67505],[-81.24399,33.67945],[-81.25173,33.68162],[-81.25689,33.68528],[-81.25452,33.69015]]]}},{"type":"Feature","properties":{"zcta":"29212","d":663},"geometry":{"type":"Polygon","coordinates":[[[-81.30413,34.06983],[-81.2985,34.07332],[-81.28738,34.07962],[-81.28057,34.08395],[-81.27467,34.08874],[-81.27261,34.09276],[-81.27095,34.09904],[-81.26899,34.09965],[-81.25806,34.10193],[-81.24758,34.10198],[-81.24926,34.10014],[-81.24943,34.09795],[-81.24747,34.09965],[-81.24338,34.10172],[-81.24087,34.10097],[-81.23827,34.10203],[-81.23885,34.1001],[-81.23722,34.09913],[-81.23606,34.1004],[-81.234,34.09892],[-81.2352,34.10185],[-81.23203,34.10007],[-81.23122,34.10154],[-81.22763,34.10122],[-81.22302,34.10348],[-81.22328,34.10078],[-81.21294,34.0992],[-81.21076,34.09786],[-81.21427,34.09444],[-81.20107,34.09586],[-81.2027,34.09344],[-81.2006,34.09234],[-81.19863,34.08798],[-81.19491,34.08862],[-81.19055,34.08813],[-81.18642,34.08482],[-81.18746,34.08221],[-81.18999,34.08273],[-81.19079,34.08107],[-81.18218,34.08232],[-81.17792,34.07766],[-81.17226,34.07907],[-81.1729,34.08037],[-81.17969,34.08248],[-81.17896,34.08543],[-81.17471,34.08711],[-81.17315,34.08506],[-81.17086,34.08391],[-81.16954,34.08466],[-81.16859,34.08222],[-81.166,34.08274],[-81.16657,34.08481],[-81.16404,34.08674],[-81.1662,34.08873],[-81.17119,34.09075],[-81.16357,34.0907],[-81.16057,34.08948],[-81.15411,34.08328],[-81.15175,34.08163],[-81.15093,34.08368],[-81.14931,34.08319],[-81.14789,34.08721],[-81.14596,34.08717],[-81.14337,34.08976],[-81.14054,34.08799],[-81.14232,34.08668],[-81.13783,34.08618],[-81.1364,34.0929],[-81.13758,34.10052],[-81.13932,34.10366],[-81.14485,34.09857],[-81.14784,34.10135],[-81.14349,34.1146],[-81.14595,34.11406],[-81.14667,34.1209],[-81.14973,34.12016],[-81.15152,34.12493],[-81.15426,34.12343],[-81.15491,34.12609],[-81.15149,34.1272],[-81.15274,34.12951],[-81.14852,34.13178],[-81.14512,34.13161],[-81.1371,34.13334],[-81.13617,34.13069],[-81.13307,34.12515],[-81.12942,34.12292],[-81.1255,34.12151],[-81.12177,34.1169],[-81.11868,34.10691],[-81.11619,34.10443],[-81.11287,34.10303],[-81.10968,34.09949],[-81.10569,34.091],[-81.10409,34.08921],[-81.11713,34.0828],[-81.12586,34.07591],[-81.12438,34.07456],[-81.12095,34.07629],[-81.12092,34.07402],[-81.12739,34.07209],[-81.129,34.07567],[-81.13522,34.07486],[-81.13809,34.07548],[-81.13499,34.07215],[-81.13402,34.06924],[-81.13928,34.06834],[-81.13847,34.06409],[-81.14218,34.06746],[-81.14563,34.06666],[-81.14838,34.06999],[-81.14879,34.06523],[-81.15032,34.06465],[-81.15264,34.06013],[-81.15789,34.05202],[-81.15287,34.04753],[-81.15048,34.04705],[-81.14931,34.04524],[-81.14882,34.03945],[-81.14782,34.03695],[-81.14862,34.03565],[-81.14692,34.03225],[-81.15182,34.03355],[-81.15682,34.03665],[-81.15812,34.03835],[-81.16439,34.04373],[-81.16984,34.04687],[-81.174,34.04807],[-81.18102,34.04768],[-81.18492,34.04561],[-81.18727,34.04522],[-81.19326,34.04771],[-81.19953,34.04855],[-81.20331,34.05053],[-81.2098,34.05077],[-81.21459,34.05304],[-81.21678,34.05343],[-81.22048,34.0525],[-81.23184,34.05192],[-81.24212,34.05236],[-81.24676,34.05349],[-81.25041,34.05518],[-81.25892,34.0564],[-81.26272,34.0561],[-81.27861,34.05698],[-81.28215,34.05794],[-81.28566,34.06004],[-81.295,34.05966],[-81.3109,34.06215],[-81.314,34.06303],[-81.30413,34.06983]]]}},{"type":"Feature","properties":{"zcta":"29138","d":18},"geometry":{"type":"Polygon","coordinates":[[[-81.60506,34.06938],[-81.60673,34.07007],[-81.60954,34.06911],[-81.61637,34.06905],[-81.61898,34.06812],[-81.62224,34.06988],[-81.62776,34.07036],[-81.63184,34.065],[-81.63398,34.06366],[-81.63347,34.06176],[-81.63514,34.05885],[-81.63294,34.05718],[-81.63414,34.05608],[-81.63464,34.05135],[-81.63345,34.04947],[-81.63554,34.0464],[-81.63446,34.0429],[-81.63609,34.04183],[-81.638,34.03847],[-81.63696,34.03705],[-81.64058,34.03303],[-81.64013,34.02922],[-81.62496,34.02541],[-81.62518,34.02057],[-81.63237,34.01141],[-81.64078,34.00748],[-81.64302,34.00579],[-81.64791,34.00563],[-81.64938,33.9994],[-81.64916,33.99671],[-81.65198,33.99651],[-81.65421,33.99855],[-81.65873,33.99807],[-81.66174,33.99645],[-81.66776,33.99601],[-81.67166,33.99885],[-81.67973,33.99387],[-81.67523,33.98809],[-81.68574,33.99098],[-81.68684,33.97705],[-81.68286,33.97572],[-81.68139,33.97411],[-81.68021,33.97049],[-81.67589,33.96754],[-81.67186,33.96391],[-81.67919,33.95894],[-81.68929,33.95333],[-81.69493,33.95265],[-81.69731,33.95041],[-81.69287,33.94737],[-81.68983,33.94247],[-81.69155,33.939],[-81.71063,33.93806],[-81.71103,33.93785],[-81.7155,33.94298],[-81.72271,33.94049],[-81.71994,33.94871],[-81.72211,33.95128],[-81.72974,33.94743],[-81.73161,33.94564],[-81.74469,33.94074],[-81.74637,33.9406],[-81.75284,33.9458],[-81.75556,33.94914],[-81.75836,33.94863],[-81.75867,33.94725],[-81.75591,33.94393],[-81.7587,33.93676],[-81.76249,33.93509],[-81.76489,33.93299],[-81.76527,33.93037],[-81.77157,33.92554],[-81.77946,33.92124],[-81.78434,33.92071],[-81.7873,33.91936],[-81.79449,33.91831],[-81.80299,33.9206],[-81.80736,33.92432],[-81.80495,33.92949],[-81.79684,33.93966],[-81.81097,33.94827],[-81.80823,33.9529],[-81.80552,33.95612],[-81.80583,33.95726],[-81.81845,33.96607],[-81.82006,33.96388],[-81.8215,33.95789],[-81.82377,33.95563],[-81.82254,33.95217],[-81.82457,33.94988],[-81.82892,33.94326],[-81.82784,33.94187],[-81.83056,33.9398],[-81.83272,33.93445],[-81.83297,33.92785],[-81.83779,33.92742],[-81.84315,33.92291],[-81.84064,33.9204],[-81.83937,33.91789],[-81.83206,33.92446],[-81.82953,33.92396],[-81.82322,33.926],[-81.82294,33.92349],[-81.82091,33.92207],[-81.81913,33.91913],[-81.82332,33.9164],[-81.82626,33.91683],[-81.83047,33.91502],[-81.83166,33.91527],[-81.83571,33.91338],[-81.8378,33.91591],[-81.84026,33.91295],[-81.84468,33.91242],[-81.8481,33.91087],[-81.85109,33.91091],[-81.8532,33.91231],[-81.85537,33.91229],[-81.85777,33.91086],[-81.86273,33.90988],[-81.86498,33.90426],[-81.86728,33.9001],[-81.87086,33.9003],[-81.87311,33.90175],[-81.878,33.91839],[-81.88315,33.91874],[-81.88719,33.91975],[-81.88828,33.9222],[-81.89139,33.92139],[-81.8944,33.92186],[-81.89518,33.92438],[-81.89971,33.92686],[-81.90377,33.92649],[-81.90569,33.92704],[-81.9055,33.92996],[-81.90097,33.92958],[-81.89844,33.93292],[-81.89469,33.9329],[-81.892,33.93425],[-81.88902,33.93294],[-81.88727,33.93102],[-81.8821,33.93166],[-81.89135,33.96382],[-81.88791,33.96081],[-81.8835,33.96048],[-81.87905,33.96939],[-81.8747,33.97119],[-81.87637,33.9748],[-81.87966,33.98452],[-81.88702,33.9811],[-81.891,33.98177],[-81.89643,33.98591],[-81.9006,33.98774],[-81.90681,33.98962],[-81.91545,33.99669],[-81.91672,33.99701],[-81.92202,34.00067],[-81.92406,34.00105],[-81.9276,34.00004],[-81.93107,33.99722],[-81.93146,33.99357],[-81.93351,33.99348],[-81.93942,33.99175],[-81.94229,33.98893],[-81.9439,33.99337],[-81.94871,33.99703],[-81.95173,33.99862],[-81.95373,34.00254],[-81.95863,34.00796],[-81.96166,34.01265],[-81.96303,34.01576],[-81.96859,34.02238],[-81.9733,34.02887],[-81.98335,34.0403],[-81.98572,34.04574],[-81.99274,34.05632],[-81.98365,34.06287],[-81.98051,34.06433],[-81.97381,34.06858],[-81.96932,34.07092],[-81.96491,34.06714],[-81.95908,34.06307],[-81.95218,34.05777],[-81.94051,34.05022],[-81.93067,34.06983],[-81.92895,34.06588],[-81.92658,34.06404],[-81.9193,34.06076],[-81.91433,34.05682],[-81.91366,34.05174],[-81.91211,34.04772],[-81.90936,34.04891],[-81.90722,34.05092],[-81.90218,34.04601],[-81.88987,34.03555],[-81.8799,34.03743],[-81.8807,34.03842],[-81.87459,34.04329],[-81.87149,34.04526],[-81.87433,34.04627],[-81.88043,34.04583],[-81.88432,34.0463],[-81.89192,34.04403],[-81.89231,34.04595],[-81.88674,34.05215],[-81.88329,34.05703],[-81.87926,34.05851],[-81.87607,34.06379],[-81.87201,34.06256],[-81.86145,34.06055],[-81.85934,34.06098],[-81.85616,34.06562],[-81.85079,34.06764],[-81.84836,34.06621],[-81.84694,34.08502],[-81.84612,34.09167],[-81.84328,34.10063],[-81.84049,34.10044],[-81.83252,34.10116],[-81.82979,34.10065],[-81.82975,34.10212],[-81.82432,34.10929],[-81.81734,34.11415],[-81.81505,34.1163],[-81.81005,34.11793],[-81.803,34.11816],[-81.79869,34.11928],[-81.80558,34.12468],[-81.80919,34.127],[-81.81149,34.12978],[-81.81652,34.13173],[-81.81555,34.13398],[-81.81167,34.13655],[-81.81293,34.13964],[-81.8129,34.14411],[-81.81422,34.14507],[-81.81416,34.14755],[-81.80991,34.15339],[-81.80663,34.15505],[-81.80353,34.15548],[-81.80256,34.15796],[-81.80057,34.15791],[-81.79368,34.15938],[-81.78887,34.1645],[-81.78857,34.16714],[-81.78599,34.16713],[-81.7856,34.16591],[-81.78023,34.16635],[-81.77939,34.16462],[-81.77364,34.16659],[-81.77182,34.16955],[-81.77167,34.17197],[-81.77021,34.17452],[-81.76812,34.17488],[-81.76334,34.17396],[-81.76061,34.17564],[-81.75826,34.17554],[-81.75386,34.17771],[-81.74918,34.1771],[-81.74395,34.17916],[-81.74172,34.18211],[-81.73794,34.18566],[-81.73161,34.18761],[-81.7263,34.18435],[-81.72411,34.18131],[-81.71919,34.17696],[-81.71624,34.17554],[-81.70904,34.17318],[-81.70453,34.17271],[-81.70028,34.17299],[-81.69667,34.17405],[-81.6915,34.17294],[-81.68411,34.16674],[-81.67912,34.16496],[-81.67667,34.16322],[-81.67435,34.15769],[-81.67267,34.15601],[-81.6672,34.15473],[-81.66009,34.1523],[-81.65489,34.14838],[-81.64742,34.14604],[-81.63944,34.14664],[-81.63696,34.14618],[-81.63135,34.14162],[-81.62996,34.13758],[-81.62483,34.12875],[-81.62268,34.1263],[-81.61995,34.12472],[-81.6112,34.12362],[-81.61,34.10267],[-81.61328,34.10122],[-81.61812,34.10038],[-81.62272,34.09794],[-81.61268,34.09384],[-81.60954,34.09322],[-81.60909,34.08346],[-81.60482,34.07437],[-81.60127,34.07327],[-81.60288,34.07023],[-81.60506,34.06938]]]}},{"type":"Feature","properties":{"zcta":"29054","d":92},"geometry":{"type":"MultiPolygon","coordinates":[[[[-81.34244,33.9322],[-81.34499,33.93407],[-81.34366,33.93526],[-81.34244,33.9322]]],[[[-81.38888,34.06927],[-81.37773,34.06743],[-81.37002,34.06538],[-81.36116,34.06703],[-81.35289,34.06824],[-81.34986,34.06829],[-81.3309,34.06496],[-81.314,34.06303],[-81.31918,34.05853],[-81.3263,34.05395],[-81.34299,34.04582],[-81.34702,34.04231],[-81.34977,34.03812],[-81.35302,34.02844],[-81.35473,34.0174],[-81.35592,34.01378],[-81.35947,34.01049],[-81.35777,34.01464],[-81.35925,34.01528],[-81.35813,34.02139],[-81.36148,34.02297],[-81.36091,34.02093],[-81.36264,34.01954],[-81.36283,34.01761],[-81.36509,34.01873],[-81.36671,34.01708],[-81.36676,34.01999],[-81.37125,34.02123],[-81.3693,34.02457],[-81.37409,34.02329],[-81.37425,34.02201],[-81.37652,34.02327],[-81.38241,34.01992],[-81.38316,34.01839],[-81.38671,34.01841],[-81.38585,34.01601],[-81.38605,34.01313],[-81.38768,34.01189],[-81.38206,34.01255],[-81.37971,34.00859],[-81.37633,34.00956],[-81.37066,34.00539],[-81.36934,34.00264],[-81.3691,33.99783],[-81.36813,33.9916],[-81.37507,33.99003],[-81.36764,33.98315],[-81.36575,33.98082],[-81.36281,33.98093],[-81.36113,33.97814],[-81.35901,33.97772],[-81.35521,33.98202],[-81.35662,33.98318],[-81.35203,33.98434],[-81.35179,33.98771],[-81.34833,33.98641],[-81.34442,33.98784],[-81.34407,33.98506],[-81.34158,33.98497],[-81.34118,33.97725],[-81.34177,33.97051],[-81.34349,33.97091],[-81.34458,33.96663],[-81.34413,33.9633],[-81.3414,33.96212],[-81.3424,33.9554],[-81.3369,33.95366],[-81.33419,33.94874],[-81.33864,33.94664],[-81.33627,33.94588],[-81.3343,33.94367],[-81.3424,33.93976],[-81.3445,33.93767],[-81.3524,33.93644],[-81.35396,33.93184],[-81.35568,33.92485],[-81.34879,33.92433],[-81.34494,33.9249],[-81.34233,33.9262],[-81.34174,33.92126],[-81.34383,33.91778],[-81.34825,33.91583],[-81.34562,33.91302],[-81.34614,33.91075],[-81.34143,33.90912],[-81.33818,33.90511],[-81.33165,33.90905],[-81.3269,33.91335],[-81.32583,33.91136],[-81.33955,33.90331],[-81.3456,33.89952],[-81.33953,33.89495],[-81.33747,33.89208],[-81.33707,33.88961],[-81.34266,33.88778],[-81.34205,33.8818],[-81.34548,33.88028],[-81.34194,33.8761],[-81.33871,33.86923],[-81.33007,33.86117],[-81.32684,33.85757],[-81.33158,33.8563],[-81.33314,33.85376],[-81.33455,33.85368],[-81.33421,33.84876],[-81.33759,33.8486],[-81.33731,33.84516],[-81.34059,33.84505],[-81.34041,33.83891],[-81.34568,33.8386],[-81.3468,33.83711],[-81.34449,33.83718],[-81.34441,33.83559],[-81.33833,33.8359],[-81.33787,33.83328],[-81.32715,33.83415],[-81.32438,33.83149],[-81.32945,33.826],[-81.33335,33.82727],[-81.33357,33.81774],[-81.33033,33.81311],[-81.33322,33.81247],[-81.33926,33.81337],[-81.3461,33.81104],[-81.34907,33.81177],[-81.34773,33.81532],[-81.34924,33.81779],[-81.35091,33.81853],[-81.35085,33.81591],[-81.35488,33.81133],[-81.35461,33.8094],[-81.35837,33.80919],[-81.35882,33.80326],[-81.3654,33.80218],[-81.36498,33.80863],[-81.36723,33.80841],[-81.36939,33.81361],[-81.37231,33.81587],[-81.38402,33.81896],[-81.38618,33.82023],[-81.38533,33.82307],[-81.39024,33.82631],[-81.39187,33.82822],[-81.39201,33.83336],[-81.38938,33.83579],[-81.38341,33.8349],[-81.38229,33.83424],[-81.37953,33.83731],[-81.37808,33.84034],[-81.38378,33.83976],[-81.38403,33.84157],[-81.38812,33.84439],[-81.38923,33.84412],[-81.39138,33.85016],[-81.39036,33.85586],[-81.38521,33.85618],[-81.38292,33.86084],[-81.3798,33.86515],[-81.38044,33.87074],[-81.38939,33.87106],[-81.39446,33.87457],[-81.39804,33.87432],[-81.39712,33.87257],[-81.39737,33.86977],[-81.40262,33.87349],[-81.40599,33.87721],[-81.40476,33.88048],[-81.40954,33.88392],[-81.40942,33.88479],[-81.41419,33.8864],[-81.41201,33.88991],[-81.41028,33.89075],[-81.40722,33.89421],[-81.40451,33.89332],[-81.40318,33.89639],[-81.40044,33.89949],[-81.40958,33.89755],[-81.41085,33.90376],[-81.41184,33.90574],[-81.40885,33.90999],[-81.41138,33.91193],[-81.40936,33.91531],[-81.40651,33.91631],[-81.4066,33.92083],[-81.41093,33.9206],[-81.41089,33.93122],[-81.41546,33.93411],[-81.41365,33.9392],[-81.41035,33.93518],[-81.40857,33.93561],[-81.40834,33.93775],[-81.41069,33.94483],[-81.41592,33.94935],[-81.41762,33.95318],[-81.42003,33.95248],[-81.42063,33.95506],[-81.42216,33.95621],[-81.42212,33.95963],[-81.42797,33.96546],[-81.43369,33.97519],[-81.43048,33.97677],[-81.428,33.97923],[-81.42842,33.98257],[-81.43168,33.98562],[-81.4327,33.99136],[-81.4374,33.98998],[-81.43645,33.99752],[-81.43441,33.99965],[-81.43213,34.00014],[-81.43386,34.00207],[-81.43275,34.00436],[-81.43415,34.00913],[-81.43398,34.01293],[-81.43286,34.01932],[-81.43748,34.02286],[-81.43853,34.02712],[-81.43726,34.02864],[-81.4316,34.03183],[-81.4271,34.03818],[-81.42019,34.04477],[-81.40745,34.0534],[-81.39646,34.06357],[-81.39436,34.06615],[-81.39408,34.07155],[-81.38888,34.06927]]]]}},{"type":"Feature","properties":{"zcta":"29015","d":5},"geometry":{"type":"Polygon","coordinates":[[[-81.25412,34.42441],[-81.25246,34.41615],[-81.24068,34.41188],[-81.24135,34.40761],[-81.24381,34.40512],[-81.24902,34.40352],[-81.24962,34.39866],[-81.24801,34.39526],[-81.24422,34.39175],[-81.24203,34.39111],[-81.24365,34.38854],[-81.24242,34.38457],[-81.24279,34.3826],[-81.24458,34.38113],[-81.24551,34.37677],[-81.24323,34.37515],[-81.24238,34.37327],[-81.24428,34.36777],[-81.24551,34.36663],[-81.24559,34.36383],[-81.24271,34.36182],[-81.24158,34.35941],[-81.244,34.35921],[-81.24451,34.35768],[-81.24098,34.35728],[-81.23945,34.35622],[-81.23867,34.3512],[-81.24149,34.34946],[-81.24572,34.3451],[-81.24823,34.34409],[-81.24915,34.3423],[-81.2495,34.33822],[-81.25107,34.33583],[-81.25607,34.33391],[-81.25872,34.33665],[-81.25979,34.34095],[-81.25928,34.34248],[-81.25992,34.34655],[-81.2585,34.3472],[-81.25741,34.35138],[-81.25982,34.35791],[-81.26649,34.35604],[-81.26549,34.35477],[-81.28402,34.34995],[-81.28763,34.3568],[-81.29052,34.36028],[-81.28961,34.3643],[-81.29039,34.3654],[-81.29468,34.3655],[-81.29849,34.35837],[-81.30098,34.35915],[-81.30332,34.35852],[-81.30668,34.36105],[-81.3098,34.36073],[-81.30945,34.35902],[-81.31128,34.3596],[-81.31212,34.35653],[-81.30908,34.35474],[-81.31098,34.35255],[-81.3091,34.35034],[-81.30618,34.352],[-81.3071,34.34687],[-81.30216,34.35004],[-81.3026,34.34539],[-81.29961,34.3455],[-81.30013,34.34407],[-81.29691,34.34131],[-81.29599,34.33925],[-81.29224,34.33945],[-81.29302,34.33714],[-81.29708,34.33628],[-81.29224,34.33606],[-81.29119,34.33412],[-81.29412,34.33492],[-81.29248,34.33317],[-81.29496,34.33295],[-81.29551,34.3309],[-81.29004,34.33308],[-81.29145,34.33039],[-81.28886,34.3286],[-81.28682,34.32894],[-81.29515,34.32445],[-81.30331,34.31925],[-81.31001,34.31661],[-81.31548,34.31567],[-81.32762,34.31111],[-81.33391,34.3095],[-81.33838,34.30646],[-81.34028,34.30362],[-81.3458,34.29957],[-81.35154,34.30152],[-81.35399,34.30288],[-81.35898,34.31052],[-81.36167,34.31781],[-81.36518,34.32274],[-81.36647,34.32582],[-81.36584,34.33042],[-81.37042,34.33767],[-81.37153,34.34069],[-81.37039,34.34581],[-81.37146,34.3504],[-81.37447,34.35458],[-81.37816,34.36209],[-81.38269,34.36718],[-81.38467,34.37514],[-81.38727,34.38026],[-81.38971,34.38303],[-81.39484,34.3871],[-81.39732,34.39259],[-81.39795,34.40093],[-81.39978,34.40438],[-81.40506,34.41181],[-81.40624,34.41449],[-81.40659,34.42169],[-81.40996,34.42739],[-81.41035,34.43181],[-81.41439,34.43913],[-81.41605,34.44517],[-81.42124,34.45382],[-81.42064,34.45646],[-81.41576,34.46208],[-81.41522,34.46433],[-81.41285,34.46795],[-81.41301,34.47301],[-81.41598,34.47952],[-81.42245,34.48222],[-81.42344,34.49228],[-81.42304,34.49645],[-81.42114,34.50148],[-81.42214,34.50843],[-81.4235,34.51287],[-81.42385,34.51802],[-81.42491,34.52407],[-81.42754,34.52948],[-81.42618,34.53677],[-81.42701,34.53898],[-81.42457,34.54564],[-81.42512,34.55232],[-81.4243,34.55599],[-81.42103,34.55995],[-81.41983,34.56659],[-81.42271,34.57203],[-81.39638,34.5709],[-81.39626,34.56948],[-81.39191,34.56763],[-81.38381,34.56546],[-81.37878,34.56594],[-81.37798,34.56288],[-81.38114,34.56205],[-81.38505,34.55786],[-81.38212,34.55551],[-81.37876,34.55427],[-81.37935,34.54952],[-81.3749,34.54922],[-81.36998,34.55115],[-81.36736,34.5514],[-81.36253,34.54969],[-81.35758,34.55065],[-81.3496,34.54993],[-81.34465,34.55183],[-81.34283,34.55399],[-81.33726,34.55635],[-81.33468,34.56001],[-81.33131,34.56158],[-81.32735,34.56138],[-81.33301,34.53016],[-81.33047,34.53108],[-81.31822,34.53173],[-81.31233,34.53424],[-81.30689,34.53484],[-81.30715,34.5386],[-81.30661,34.54356],[-81.30544,34.54409],[-81.30107,34.54344],[-81.29742,34.54455],[-81.29561,34.54074],[-81.29362,34.54036],[-81.2936,34.53827],[-81.29101,34.53702],[-81.29149,34.53552],[-81.28721,34.5306],[-81.28389,34.52927],[-81.28244,34.52425],[-81.28299,34.52111],[-81.28173,34.52056],[-81.28051,34.51449],[-81.28103,34.51245],[-81.28039,34.50886],[-81.27901,34.50704],[-81.27704,34.49851],[-81.27783,34.49536],[-81.27544,34.4927],[-81.27586,34.49039],[-81.27519,34.4848],[-81.27544,34.48113],[-81.27675,34.4796],[-81.2753,34.47715],[-81.27326,34.47066],[-81.27437,34.46562],[-81.27118,34.46346],[-81.26982,34.46112],[-81.26488,34.45651],[-81.26263,34.4563],[-81.26167,34.45201],[-81.26176,34.44884],[-81.26022,34.44679],[-81.2575,34.44676],[-81.25652,34.44504],[-81.2588,34.44305],[-81.25728,34.44121],[-81.25147,34.43227],[-81.25288,34.42888],[-81.24922,34.42622],[-81.24919,34.4241],[-81.25412,34.42441]]]}},{"type":"Feature","properties":{"zcta":"29030","d":9},"geometry":{"type":"Polygon","coordinates":[[[-80.59343,33.69221],[-80.58978,33.68424],[-80.58513,33.68171],[-80.57882,33.67954],[-80.57411,33.67899],[-80.56823,33.67985],[-80.56521,33.67971],[-80.56236,33.6784],[-80.56021,33.67409],[-80.56051,33.67154],[-80.56538,33.66608],[-80.56555,33.66473],[-80.56248,33.663],[-80.5559,33.66242],[-80.55394,33.66118],[-80.55369,33.65654],[-80.55118,33.65297],[-80.54596,33.64875],[-80.53851,33.64592],[-80.53137,33.64237],[-80.52877,33.63914],[-80.52831,33.63672],[-80.52925,33.63471],[-80.5326,33.63354],[-80.53981,33.63192],[-80.54036,33.62802],[-80.53515,33.62447],[-80.53229,33.62155],[-80.52157,33.61653],[-80.51999,33.61423],[-80.51942,33.61007],[-80.52201,33.60978],[-80.54783,33.60565],[-80.54936,33.60457],[-80.55196,33.60471],[-80.55434,33.60354],[-80.55997,33.60288],[-80.56182,33.60177],[-80.57258,33.59888],[-80.57573,33.59893],[-80.57753,33.59443],[-80.58331,33.59283],[-80.58611,33.59264],[-80.58868,33.59034],[-80.59024,33.59036],[-80.5959,33.58813],[-80.60321,33.58835],[-80.60678,33.58929],[-80.61505,33.59038],[-80.61822,33.59314],[-80.62001,33.59299],[-80.62622,33.59449],[-80.62825,33.59631],[-80.63233,33.58628],[-80.63305,33.56868],[-80.63556,33.56164],[-80.63818,33.55795],[-80.6468,33.55154],[-80.64615,33.55093],[-80.65038,33.54683],[-80.65155,33.54152],[-80.65079,33.5375],[-80.65141,33.53669],[-80.65513,33.53927],[-80.65993,33.53665],[-80.66455,33.53115],[-80.66472,33.52975],[-80.66327,33.52194],[-80.65967,33.52086],[-80.65738,33.5144],[-80.66062,33.50874],[-80.66459,33.50428],[-80.64669,33.48344],[-80.64129,33.48651],[-80.64079,33.47665],[-80.62745,33.48118],[-80.62623,33.48239],[-80.62495,33.48876],[-80.61959,33.48365],[-80.61934,33.48224],[-80.61133,33.47042],[-80.61657,33.46601],[-80.6251,33.47226],[-80.62446,33.46769],[-80.62172,33.4625],[-80.61811,33.4587],[-80.62501,33.45853],[-80.62178,33.4539],[-80.61883,33.44401],[-80.62113,33.44225],[-80.62556,33.43674],[-80.62982,33.43954],[-80.62946,33.44144],[-80.63359,33.44341],[-80.63339,33.44472],[-80.63659,33.44715],[-80.63757,33.44912],[-80.64036,33.45127],[-80.6426,33.45132],[-80.64602,33.45336],[-80.64775,33.4575],[-80.65103,33.45708],[-80.65704,33.45177],[-80.66514,33.45124],[-80.66989,33.45043],[-80.67581,33.44876],[-80.67903,33.44619],[-80.68114,33.44357],[-80.68392,33.44944],[-80.68213,33.45749],[-80.67995,33.46357],[-80.6805,33.46536],[-80.68542,33.47113],[-80.68487,33.47337],[-80.68848,33.47137],[-80.69197,33.47363],[-80.69781,33.47212],[-80.70244,33.47681],[-80.70526,33.48152],[-80.70663,33.48931],[-80.71378,33.4889],[-80.7139,33.49199],[-80.71906,33.49157],[-80.72166,33.49643],[-80.72202,33.50065],[-80.72342,33.50171],[-80.72766,33.50177],[-80.73076,33.50551],[-80.73257,33.50538],[-80.73814,33.50798],[-80.74105,33.50844],[-80.7435,33.51021],[-80.74541,33.51409],[-80.74992,33.51726],[-80.75385,33.51812],[-80.75515,33.52065],[-80.75885,33.52288],[-80.76087,33.52686],[-80.7666,33.53155],[-80.75692,33.53647],[-80.7596,33.5474],[-80.76128,33.55053],[-80.7608,33.5583],[-80.76458,33.56918],[-80.76738,33.57363],[-80.76489,33.57327],[-80.76025,33.57153],[-80.75273,33.56778],[-80.74546,33.56199],[-80.74023,33.55968],[-80.73226,33.56011],[-80.73008,33.56525],[-80.72738,33.56819],[-80.72127,33.57148],[-80.7276,33.57895],[-80.72105,33.58393],[-80.71769,33.58484],[-80.71619,33.58863],[-80.71062,33.58834],[-80.70621,33.5911],[-80.71155,33.5965],[-80.71582,33.59897],[-80.71875,33.60198],[-80.71106,33.60805],[-80.71311,33.61032],[-80.7168,33.61121],[-80.72361,33.61387],[-80.72608,33.61553],[-80.72416,33.62],[-80.72086,33.62301],[-80.71595,33.62607],[-80.70652,33.62881],[-80.70277,33.62948],[-80.6976,33.63154],[-80.69726,33.63385],[-80.70593,33.63651],[-80.71855,33.64102],[-80.71528,33.64283],[-80.71065,33.64449],[-80.70325,33.64538],[-80.69723,33.64537],[-80.69202,33.64664],[-80.68543,33.65035],[-80.68072,33.64941],[-80.68444,33.65291],[-80.68931,33.65518],[-80.68716,33.65767],[-80.68667,33.66217],[-80.68466,33.66916],[-80.67386,33.66559],[-80.66273,33.66124],[-80.64591,33.65691],[-80.64491,33.66126],[-80.64376,33.6624],[-80.63888,33.66058],[-80.63284,33.66075],[-80.62558,33.66016],[-80.62054,33.66139],[-80.61683,33.66471],[-80.61253,33.66697],[-80.6092,33.66971],[-80.60671,33.67484],[-80.60682,33.6775],[-80.6045,33.68348],[-80.60038,33.6902],[-80.60101,33.69304],[-80.59854,33.69365],[-80.59688,33.69201],[-80.5939,33.69167],[-80.59703,33.69479],[-80.59659,33.69514],[-80.59343,33.69221]]]}},{"type":"Feature","properties":{"zcta":"29032","d":22},"geometry":{"type":"Polygon","coordinates":[[[-80.54347,34.40409],[-80.53828,34.40587],[-80.51266,34.408],[-80.50921,34.40559],[-80.50603,34.40483],[-80.49602,34.40421],[-80.49257,34.40457],[-80.47979,34.40705],[-80.4776,34.40589],[-80.47402,34.40754],[-80.47248,34.41052],[-80.46948,34.41148],[-80.46712,34.41106],[-80.45537,34.41229],[-80.45132,34.41134],[-80.44735,34.41169],[-80.44482,34.41293],[-80.44011,34.4133],[-80.43699,34.41201],[-80.43475,34.41383],[-80.42823,34.41234],[-80.42746,34.40961],[-80.4261,34.41048],[-80.42472,34.40853],[-80.42002,34.40773],[-80.41944,34.40913],[-80.4169,34.4081],[-80.4138,34.40823],[-80.41204,34.40649],[-80.40949,34.40764],[-80.40936,34.40402],[-80.40806,34.40246],[-80.40416,34.40191],[-80.40427,34.40106],[-80.4009,34.39976],[-80.40085,34.39799],[-80.39817,34.39909],[-80.39461,34.39642],[-80.3898,34.3955],[-80.3888,34.39642],[-80.38755,34.39398],[-80.38545,34.39407],[-80.38803,34.39189],[-80.4028,34.39001],[-80.40722,34.38838],[-80.41813,34.38134],[-80.42055,34.37913],[-80.4267,34.37095],[-80.42348,34.37083],[-80.41896,34.37282],[-80.41269,34.36736],[-80.41192,34.36051],[-80.39305,34.36051],[-80.38968,34.35576],[-80.38893,34.3495],[-80.38989,34.34669],[-80.39216,34.34449],[-80.39252,34.34133],[-80.40212,34.34041],[-80.40883,34.33806],[-80.40714,34.33536],[-80.4053,34.33596],[-80.40338,34.33275],[-80.40574,34.33118],[-80.40276,34.32196],[-80.39832,34.32304],[-80.4044,34.31476],[-80.40395,34.31449],[-80.39482,34.31677],[-80.3857,34.31755],[-80.38239,34.32183],[-80.38309,34.32585],[-80.38119,34.32899],[-80.37584,34.32923],[-80.37077,34.33069],[-80.36577,34.32815],[-80.36376,34.33955],[-80.35772,34.33948],[-80.35799,34.33655],[-80.35305,34.33373],[-80.34857,34.33289],[-80.34717,34.33749],[-80.34397,34.33956],[-80.33303,34.33826],[-80.32511,34.33929],[-80.32398,34.33815],[-80.32227,34.33908],[-80.31633,34.34],[-80.31582,34.33897],[-80.30892,34.33423],[-80.30029,34.33132],[-80.30762,34.3249],[-80.30813,34.32334],[-80.30626,34.32039],[-80.29135,34.31111],[-80.28125,34.30995],[-80.28064,34.30606],[-80.28187,34.30589],[-80.29203,34.29966],[-80.29725,34.29769],[-80.29885,34.29613],[-80.30097,34.29793],[-80.30399,34.30254],[-80.30769,34.30722],[-80.31594,34.30544],[-80.32216,34.30307],[-80.32917,34.2993],[-80.33771,34.29284],[-80.33939,34.29644],[-80.33489,34.30709],[-80.3322,34.31921],[-80.32981,34.32393],[-80.32909,34.32714],[-80.32996,34.32891],[-80.33344,34.32495],[-80.34733,34.32277],[-80.34973,34.32339],[-80.35462,34.32722],[-80.35931,34.32941],[-80.36515,34.32768],[-80.36208,34.32151],[-80.35881,34.31712],[-80.35584,34.31484],[-80.35417,34.31212],[-80.35422,34.30801],[-80.35225,34.30093],[-80.35081,34.29919],[-80.34243,34.29369],[-80.34265,34.2915],[-80.33844,34.28564],[-80.33797,34.28211],[-80.34341,34.27616],[-80.34625,34.27531],[-80.34804,34.27351],[-80.35614,34.27662],[-80.36,34.27718],[-80.37421,34.27706],[-80.38283,34.27833],[-80.38658,34.28051],[-80.39674,34.27985],[-80.3997,34.27779],[-80.39743,34.2777],[-80.39484,34.27431],[-80.39585,34.26957],[-80.39164,34.25947],[-80.39906,34.25842],[-80.40314,34.25854],[-80.40463,34.26103],[-80.40756,34.26211],[-80.41018,34.26142],[-80.41307,34.26209],[-80.41787,34.2609],[-80.41978,34.26212],[-80.42131,34.26048],[-80.42661,34.25861],[-80.42809,34.25622],[-80.42929,34.2572],[-80.42994,34.26432],[-80.43104,34.27663],[-80.43289,34.27893],[-80.43924,34.27488],[-80.44259,34.2759],[-80.44831,34.28333],[-80.44654,34.28926],[-80.44685,34.29295],[-80.44483,34.29591],[-80.44506,34.29822],[-80.4529,34.29661],[-80.45525,34.29701],[-80.45496,34.30042],[-80.45588,34.30192],[-80.4623,34.30638],[-80.46096,34.30766],[-80.46458,34.31319],[-80.47903,34.30966],[-80.48339,34.31636],[-80.48343,34.32218],[-80.48833,34.32097],[-80.4909,34.31974],[-80.49541,34.31994],[-80.4998,34.3176],[-80.50319,34.31799],[-80.50503,34.31133],[-80.5118,34.30606],[-80.51253,34.30385],[-80.51408,34.30356],[-80.51844,34.30586],[-80.52088,34.30821],[-80.52214,34.30754],[-80.53437,34.30433],[-80.53799,34.30366],[-80.54031,34.30173],[-80.54233,34.2955],[-80.54193,34.29349],[-80.54426,34.29398],[-80.54768,34.29236],[-80.55476,34.29423],[-80.55643,34.29736],[-80.553,34.29884],[-80.55222,34.30044],[-80.54794,34.30199],[-80.54686,34.30441],[-80.56203,34.3038],[-80.55887,34.30931],[-80.55133,34.31528],[-80.55304,34.3211],[-80.55283,34.32396],[-80.55552,34.32998],[-80.54769,34.33363],[-80.54762,34.33082],[-80.5463,34.32859],[-80.54034,34.33115],[-80.53894,34.33283],[-80.5356,34.32779],[-80.52346,34.33698],[-80.52093,34.33774],[-80.51778,34.3483],[-80.51693,34.34998],[-80.52638,34.35089],[-80.52726,34.35139],[-80.53172,34.34787],[-80.5346,34.34682],[-80.53679,34.35275],[-80.53756,34.35235],[-80.54412,34.36418],[-80.55237,34.37137],[-80.54973,34.37974],[-80.54622,34.38187],[-80.54465,34.38523],[-80.54668,34.39183],[-80.54444,34.39723],[-80.54607,34.39987],[-80.54513,34.40139],[-80.54347,34.40409]]]}},{"type":"Feature","properties":{"zcta":"29061","d":77},"geometry":{"type":"MultiPolygon","coordinates":[[[[-80.88266,33.98777],[-80.88234,33.98693],[-80.88412,33.98622],[-80.89033,33.98566],[-80.88266,33.98777]]],[[[-80.88031,33.98843],[-80.86684,33.99188],[-80.79125,34.00225],[-80.78047,34.00372],[-80.77565,34.00344],[-80.77345,34.00266],[-80.76617,34.00284],[-80.76164,34.00224],[-80.76659,33.99482],[-80.76423,33.99385],[-80.75799,33.99358],[-80.75533,33.98959],[-80.75668,33.98766],[-80.76095,33.98445],[-80.76468,33.98318],[-80.76383,33.9805],[-80.7629,33.9725],[-80.7635,33.96892],[-80.76561,33.96396],[-80.75947,33.96165],[-80.75665,33.96216],[-80.7546,33.96012],[-80.75594,33.95501],[-80.75563,33.95002],[-80.75606,33.94581],[-80.7608,33.94579],[-80.76971,33.9431],[-80.77816,33.94272],[-80.78312,33.94062],[-80.78774,33.94309],[-80.78836,33.94452],[-80.79447,33.94611],[-80.79388,33.95023],[-80.78931,33.94974],[-80.78939,33.95708],[-80.79672,33.96019],[-80.79687,33.95757],[-80.8019,33.95635],[-80.80017,33.95422],[-80.80285,33.94169],[-80.80951,33.94696],[-80.82138,33.9503],[-80.82565,33.95199],[-80.82832,33.95237],[-80.8278,33.94826],[-80.82586,33.94499],[-80.82343,33.94362],[-80.82211,33.93714],[-80.81901,33.92861],[-80.81847,33.92386],[-80.82206,33.92057],[-80.82106,33.91892],[-80.81831,33.91746],[-80.81795,33.91343],[-80.79872,33.90775],[-80.79503,33.90486],[-80.79287,33.90129],[-80.79437,33.90079],[-80.7926,33.89766],[-80.79435,33.89711],[-80.79204,33.89537],[-80.78712,33.89017],[-80.78533,33.89055],[-80.78336,33.8862],[-80.78816,33.8823],[-80.79041,33.88356],[-80.79309,33.88142],[-80.79399,33.87773],[-80.79432,33.8705],[-80.79363,33.86707],[-80.79422,33.86276],[-80.79584,33.86134],[-80.78756,33.85674],[-80.78788,33.84945],[-80.79022,33.84985],[-80.78964,33.84697],[-80.78394,33.84776],[-80.78377,33.84681],[-80.78684,33.82578],[-80.79175,33.82296],[-80.79203,33.8197],[-80.79042,33.81746],[-80.79417,33.81716],[-80.79773,33.81484],[-80.80175,33.81481],[-80.80415,33.81321],[-80.81079,33.8129],[-80.81211,33.81056],[-80.81834,33.81204],[-80.81695,33.81075],[-80.81802,33.80965],[-80.82409,33.81011],[-80.8275,33.81671],[-80.82993,33.81722],[-80.83313,33.8163],[-80.83292,33.81896],[-80.83394,33.82281],[-80.8371,33.82368],[-80.84165,33.82108],[-80.84322,33.81821],[-80.8428,33.81629],[-80.84598,33.81205],[-80.8484,33.81111],[-80.85125,33.80836],[-80.85493,33.80863],[-80.85952,33.81287],[-80.86151,33.81324],[-80.86428,33.81126],[-80.86766,33.81006],[-80.86971,33.81239],[-80.87481,33.81549],[-80.87981,33.81562],[-80.89322,33.80993],[-80.89853,33.80877],[-80.90592,33.80971],[-80.91556,33.81142],[-80.91731,33.81374],[-80.91696,33.82098],[-80.91598,33.82491],[-80.91173,33.82988],[-80.9131,33.83293],[-80.91532,33.83392],[-80.92049,33.83485],[-80.92313,33.833],[-80.92303,33.82888],[-80.92426,33.82741],[-80.92918,33.82637],[-80.9312,33.82698],[-80.93619,33.82639],[-80.94058,33.82848],[-80.94322,33.83135],[-80.94405,33.83385],[-80.95082,33.8409],[-80.95374,33.8427],[-80.95944,33.84458],[-80.96595,33.84785],[-80.96748,33.84793],[-80.96681,33.8514],[-80.96457,33.85355],[-80.96555,33.85488],[-80.96473,33.85712],[-80.95881,33.85672],[-80.95608,33.85994],[-80.95346,33.85819],[-80.94941,33.85729],[-80.94717,33.85881],[-80.94725,33.86284],[-80.9447,33.86527],[-80.94544,33.86793],[-80.94388,33.87452],[-80.92604,33.87056],[-80.92117,33.87397],[-80.9205,33.87575],[-80.92279,33.87945],[-80.92607,33.88148],[-80.92269,33.88124],[-80.92242,33.88427],[-80.92043,33.88715],[-80.91702,33.88548],[-80.91498,33.88689],[-80.91356,33.89027],[-80.89733,33.87427],[-80.8956,33.87654],[-80.89123,33.87964],[-80.89314,33.88317],[-80.89464,33.89217],[-80.89302,33.89477],[-80.8927,33.90175],[-80.89814,33.90714],[-80.89587,33.91255],[-80.8984,33.92054],[-80.90082,33.92276],[-80.90147,33.92505],[-80.90046,33.92794],[-80.90391,33.93308],[-80.90281,33.93873],[-80.90398,33.9437],[-80.901,33.95068],[-80.89487,33.95823],[-80.89251,33.95963],[-80.88669,33.96021],[-80.88395,33.96212],[-80.88247,33.96509],[-80.87811,33.96688],[-80.87762,33.97169],[-80.87561,33.97772],[-80.87631,33.97755],[-80.87672,33.98231],[-80.88016,33.98363],[-80.88187,33.98552],[-80.88084,33.98759],[-80.88031,33.98843]]]]}},{"type":"Feature","properties":{"zcta":"29009","d":9},"geometry":{"type":"Polygon","coordinates":[[[-80.45475,34.41441],[-80.45505,34.42363],[-80.45285,34.42827],[-80.45642,34.43048],[-80.45422,34.43376],[-80.45738,34.43614],[-80.45963,34.43957],[-80.46187,34.44003],[-80.46284,34.44209],[-80.46502,34.44273],[-80.46503,34.44449],[-80.46848,34.44752],[-80.46835,34.44935],[-80.47064,34.44898],[-80.47153,34.45139],[-80.47479,34.45221],[-80.47565,34.45471],[-80.47949,34.45647],[-80.47828,34.45878],[-80.48298,34.45986],[-80.48339,34.46291],[-80.48646,34.46407],[-80.48834,34.46327],[-80.48862,34.46481],[-80.49078,34.46535],[-80.49031,34.46666],[-80.49269,34.46714],[-80.49482,34.4689],[-80.49421,34.47071],[-80.4959,34.47243],[-80.50024,34.47321],[-80.50287,34.47719],[-80.50489,34.47904],[-80.5023,34.48504],[-80.50146,34.48884],[-80.49941,34.49358],[-80.49355,34.48903],[-80.48891,34.48332],[-80.48365,34.48116],[-80.48132,34.48113],[-80.47626,34.4841],[-80.46909,34.48433],[-80.46279,34.49128],[-80.45525,34.49237],[-80.44625,34.49572],[-80.44369,34.49806],[-80.43327,34.49801],[-80.43166,34.50063],[-80.43078,34.51036],[-80.42966,34.5166],[-80.42722,34.52309],[-80.43885,34.5246],[-80.44252,34.5271],[-80.43826,34.53036],[-80.43647,34.53104],[-80.43307,34.53542],[-80.42785,34.5383],[-80.42334,34.53855],[-80.42464,34.54008],[-80.4216,34.54304],[-80.41949,34.54381],[-80.41425,34.54427],[-80.41531,34.54735],[-80.41446,34.54781],[-80.41559,34.55199],[-80.41733,34.55506],[-80.42277,34.55985],[-80.42085,34.56065],[-80.41061,34.56222],[-80.40461,34.5653],[-80.40611,34.56832],[-80.40642,34.57335],[-80.40573,34.576],[-80.39801,34.57691],[-80.39198,34.57591],[-80.37879,34.57046],[-80.37943,34.56836],[-80.37796,34.56595],[-80.37952,34.55709],[-80.37417,34.55541],[-80.37239,34.54981],[-80.37222,34.54646],[-80.36862,34.54452],[-80.36671,34.54518],[-80.36538,34.5411],[-80.36199,34.53753],[-80.36029,34.53872],[-80.35887,34.53636],[-80.35926,34.53227],[-80.35784,34.53205],[-80.35793,34.53448],[-80.35477,34.53113],[-80.35458,34.52429],[-80.3535,34.52081],[-80.34795,34.51767],[-80.34733,34.51617],[-80.34281,34.51279],[-80.33995,34.5131],[-80.34217,34.51549],[-80.33938,34.51416],[-80.33473,34.51003],[-80.3335,34.51208],[-80.33045,34.5098],[-80.33063,34.50804],[-80.33311,34.50633],[-80.33372,34.50383],[-80.33197,34.50383],[-80.33007,34.50114],[-80.32665,34.50173],[-80.32149,34.50567],[-80.31815,34.49855],[-80.3158,34.49592],[-80.31594,34.49395],[-80.31268,34.48463],[-80.31177,34.48012],[-80.31487,34.47979],[-80.31866,34.47796],[-80.31965,34.47659],[-80.31754,34.46295],[-80.31322,34.4646],[-80.30746,34.46421],[-80.30556,34.46513],[-80.30428,34.46005],[-80.30431,34.43299],[-80.27967,34.43951],[-80.27457,34.44194],[-80.27409,34.4404],[-80.27556,34.43549],[-80.27714,34.43316],[-80.27763,34.43029],[-80.28564,34.42676],[-80.28461,34.4235],[-80.287,34.42156],[-80.28882,34.41809],[-80.29237,34.41455],[-80.29668,34.41122],[-80.29982,34.41491],[-80.30365,34.42206],[-80.30414,34.42432],[-80.30758,34.42076],[-80.30884,34.41847],[-80.31084,34.41792],[-80.31037,34.41492],[-80.30814,34.41248],[-80.30296,34.41089],[-80.30338,34.40899],[-80.30143,34.40798],[-80.30301,34.40581],[-80.30069,34.40545],[-80.30228,34.40126],[-80.30184,34.39942],[-80.30003,34.40094],[-80.29868,34.40011],[-80.29699,34.39597],[-80.29581,34.39492],[-80.29249,34.395],[-80.2914,34.39273],[-80.28954,34.39371],[-80.28966,34.39587],[-80.28554,34.39368],[-80.28597,34.39229],[-80.28487,34.38613],[-80.28664,34.38466],[-80.28483,34.38425],[-80.28784,34.38281],[-80.28474,34.38033],[-80.28396,34.37772],[-80.28662,34.37302],[-80.28678,34.37013],[-80.28898,34.37036],[-80.28973,34.3675],[-80.28694,34.36457],[-80.28869,34.36414],[-80.30166,34.35734],[-80.29868,34.35743],[-80.29489,34.35475],[-80.29398,34.35122],[-80.28934,34.34831],[-80.28596,34.34334],[-80.28299,34.33624],[-80.28527,34.33257],[-80.2906,34.33317],[-80.29445,34.33299],[-80.29312,34.33082],[-80.30029,34.33132],[-80.30892,34.33423],[-80.31582,34.33897],[-80.31633,34.34],[-80.32227,34.33908],[-80.32398,34.33815],[-80.32511,34.33929],[-80.33303,34.33826],[-80.34397,34.33956],[-80.34717,34.33749],[-80.34857,34.33289],[-80.35305,34.33373],[-80.35799,34.33655],[-80.35772,34.33948],[-80.36376,34.33955],[-80.36577,34.32815],[-80.37077,34.33069],[-80.37584,34.32923],[-80.38119,34.32899],[-80.38309,34.32585],[-80.38239,34.32183],[-80.3857,34.31755],[-80.39482,34.31677],[-80.40395,34.31449],[-80.4044,34.31476],[-80.39832,34.32304],[-80.40276,34.32196],[-80.40574,34.33118],[-80.40338,34.33275],[-80.4053,34.33596],[-80.40714,34.33536],[-80.40883,34.33806],[-80.40212,34.34041],[-80.39252,34.34133],[-80.39216,34.34449],[-80.38989,34.34669],[-80.38893,34.3495],[-80.38968,34.35576],[-80.39305,34.36051],[-80.41192,34.36051],[-80.41269,34.36736],[-80.41896,34.37282],[-80.42348,34.37083],[-80.4267,34.37095],[-80.42055,34.37913],[-80.41813,34.38134],[-80.40722,34.38838],[-80.4028,34.39001],[-80.38803,34.39189],[-80.38545,34.39407],[-80.38755,34.39398],[-80.3888,34.39642],[-80.3898,34.3955],[-80.39461,34.39642],[-80.39817,34.39909],[-80.40085,34.39799],[-80.4009,34.39976],[-80.40427,34.40106],[-80.40416,34.40191],[-80.40806,34.40246],[-80.40936,34.40402],[-80.40949,34.40764],[-80.41204,34.40649],[-80.4138,34.40823],[-80.4169,34.4081],[-80.41944,34.40913],[-80.42002,34.40773],[-80.42472,34.40853],[-80.4261,34.41048],[-80.42746,34.40961],[-80.42823,34.41234],[-80.43475,34.41383],[-80.43699,34.41201],[-80.44011,34.4133],[-80.44482,34.41293],[-80.44735,34.41169],[-80.45132,34.41134],[-80.45537,34.41229],[-80.45475,34.41441]]]}},{"type":"Feature","properties":{"zcta":"29033","d":667},"geometry":{"type":"Polygon","coordinates":[[[-81.08672,33.96225],[-81.08866,33.96395],[-81.08488,33.96523],[-81.08236,33.96784],[-81.07933,33.96561],[-81.07755,33.96533],[-81.07435,33.9756],[-81.07522,33.97803],[-81.0737,33.97942],[-81.06969,33.9807],[-81.07099,33.98357],[-81.06527,33.98538],[-81.06356,33.98162],[-81.06006,33.98327],[-81.06107,33.98479],[-81.05637,33.98639],[-81.05608,33.98932],[-81.05137,33.99069],[-81.0477,33.99051],[-81.04673,33.98635],[-81.04583,33.97664],[-81.03851,33.96807],[-81.03579,33.96259],[-81.02488,33.94364],[-81.01896,33.93528],[-81.01765,33.93237],[-81.01755,33.93212],[-81.02491,33.92885],[-81.02891,33.92815],[-81.04268,33.92906],[-81.04996,33.92985],[-81.05603,33.92989],[-81.05327,33.94025],[-81.05991,33.94085],[-81.06497,33.93861],[-81.06831,33.93885],[-81.07306,33.93645],[-81.0776,33.93746],[-81.07974,33.94237],[-81.08382,33.94495],[-81.08602,33.94505],[-81.08797,33.94778],[-81.09208,33.94496],[-81.09611,33.94501],[-81.10229,33.94648],[-81.09974,33.94997],[-81.09334,33.95608],[-81.08672,33.96225]]]}},{"type":"Feature","properties":{"zcta":"29065","d":15},"geometry":{"type":"Polygon","coordinates":[[[-81.34028,34.30362],[-81.33838,34.30646],[-81.33391,34.3095],[-81.32762,34.31111],[-81.31548,34.31567],[-81.31001,34.31661],[-81.30331,34.31925],[-81.29515,34.32445],[-81.28682,34.32894],[-81.28886,34.3286],[-81.29145,34.33039],[-81.29004,34.33308],[-81.29551,34.3309],[-81.29496,34.33295],[-81.29248,34.33317],[-81.29412,34.33492],[-81.29119,34.33412],[-81.29224,34.33606],[-81.29708,34.33628],[-81.29302,34.33714],[-81.29224,34.33945],[-81.29599,34.33925],[-81.29691,34.34131],[-81.30013,34.34407],[-81.29961,34.3455],[-81.3026,34.34539],[-81.30216,34.35004],[-81.3071,34.34687],[-81.30618,34.352],[-81.3091,34.35034],[-81.31098,34.35255],[-81.30908,34.35474],[-81.31212,34.35653],[-81.31128,34.3596],[-81.30945,34.35902],[-81.3098,34.36073],[-81.30668,34.36105],[-81.30332,34.35852],[-81.30098,34.35915],[-81.29849,34.35837],[-81.29468,34.3655],[-81.29039,34.3654],[-81.28961,34.3643],[-81.29052,34.36028],[-81.28763,34.3568],[-81.28402,34.34995],[-81.26549,34.35477],[-81.26649,34.35604],[-81.25982,34.35791],[-81.25741,34.35138],[-81.2585,34.3472],[-81.25992,34.34655],[-81.25928,34.34248],[-81.25979,34.34095],[-81.25872,34.33665],[-81.25607,34.33391],[-81.25628,34.32783],[-81.26024,34.32518],[-81.26039,34.32188],[-81.25593,34.31933],[-81.2553,34.31497],[-81.25447,34.31395],[-81.2503,34.31348],[-81.24876,34.31133],[-81.25026,34.30915],[-81.24863,34.3066],[-81.24851,34.30316],[-81.25014,34.29802],[-81.25005,34.29543],[-81.24732,34.29355],[-81.24869,34.29212],[-81.24804,34.28903],[-81.2464,34.28669],[-81.24809,34.28419],[-81.24765,34.28106],[-81.24588,34.27843],[-81.24593,34.27601],[-81.24394,34.27378],[-81.26331,34.26124],[-81.25505,34.2556],[-81.25305,34.25378],[-81.25574,34.25315],[-81.26044,34.25657],[-81.26301,34.2519],[-81.26382,34.25551],[-81.26265,34.25645],[-81.26668,34.25814],[-81.26986,34.25703],[-81.29285,34.2477],[-81.30799,34.23997],[-81.3067,34.23765],[-81.31033,34.23696],[-81.31418,34.23772],[-81.31691,34.23946],[-81.32297,34.24599],[-81.32684,34.25281],[-81.32838,34.25702],[-81.33014,34.25908],[-81.33496,34.26236],[-81.34055,34.26526],[-81.3423,34.26693],[-81.34534,34.27592],[-81.34503,34.28075],[-81.34316,34.28469],[-81.33967,34.28998],[-81.33961,34.2922],[-81.34216,34.29693],[-81.3458,34.29957],[-81.34028,34.30362]]]}},{"type":"Feature","properties":{"zcta":"29170","d":447},"geometry":{"type":"Polygon","coordinates":[[[-81.1231,33.99755],[-81.12121,33.99566],[-81.11944,33.99544],[-81.11932,33.9937],[-81.11546,33.99324],[-81.11759,33.99135],[-81.11683,33.98822],[-81.10776,33.98868],[-81.10736,33.98904],[-81.10683,33.9789],[-81.10595,33.97712],[-81.09458,33.95952],[-81.09334,33.95608],[-81.09974,33.94997],[-81.10229,33.94648],[-81.09611,33.94501],[-81.09208,33.94496],[-81.09466,33.94269],[-81.0967,33.93866],[-81.11337,33.92685],[-81.11677,33.92762],[-81.1179,33.92997],[-81.1198,33.92797],[-81.12704,33.92207],[-81.12493,33.91997],[-81.12643,33.91808],[-81.12931,33.917],[-81.13221,33.91349],[-81.13083,33.91209],[-81.13549,33.91084],[-81.13583,33.90842],[-81.13813,33.90809],[-81.14101,33.90585],[-81.13988,33.90239],[-81.14319,33.90364],[-81.14226,33.90178],[-81.1463,33.89788],[-81.14751,33.90011],[-81.14903,33.89959],[-81.14757,33.8969],[-81.14967,33.89571],[-81.15066,33.89773],[-81.15172,33.89697],[-81.15079,33.89487],[-81.15125,33.89271],[-81.14798,33.8942],[-81.14646,33.89218],[-81.14123,33.89592],[-81.13711,33.89531],[-81.13536,33.89412],[-81.13997,33.89377],[-81.139,33.89156],[-81.13831,33.88996],[-81.14396,33.88777],[-81.14493,33.88845],[-81.14834,33.88533],[-81.15859,33.88166],[-81.16079,33.88013],[-81.16278,33.88128],[-81.16431,33.88535],[-81.166,33.88653],[-81.17217,33.8823],[-81.17658,33.8904],[-81.18018,33.88664],[-81.18555,33.89588],[-81.18372,33.89633],[-81.18232,33.89838],[-81.17479,33.89824],[-81.17658,33.90051],[-81.17963,33.90127],[-81.18269,33.90624],[-81.18467,33.90746],[-81.19269,33.908],[-81.19316,33.90984],[-81.19072,33.9117],[-81.19056,33.91307],[-81.18748,33.91482],[-81.1864,33.91369],[-81.1775,33.91557],[-81.17754,33.91829],[-81.18169,33.91879],[-81.18387,33.92127],[-81.18533,33.92116],[-81.18432,33.92334],[-81.18548,33.92546],[-81.18271,33.92662],[-81.18215,33.92806],[-81.17891,33.9278],[-81.18288,33.93008],[-81.18494,33.93344],[-81.18717,33.94146],[-81.1872,33.94344],[-81.18927,33.94312],[-81.19135,33.9457],[-81.19193,33.94832],[-81.18806,33.94987],[-81.18881,33.95134],[-81.18743,33.95249],[-81.18494,33.94957],[-81.18158,33.94996],[-81.17769,33.95517],[-81.17508,33.95586],[-81.17815,33.96122],[-81.1754,33.96229],[-81.17848,33.96753],[-81.17463,33.96918],[-81.17535,33.97187],[-81.16856,33.97489],[-81.16524,33.97462],[-81.16615,33.96682],[-81.16276,33.96782],[-81.16191,33.96927],[-81.16265,33.97432],[-81.14422,33.97078],[-81.14287,33.97249],[-81.1403,33.97851],[-81.13825,33.972],[-81.13462,33.97335],[-81.13583,33.97669],[-81.13366,33.97675],[-81.13355,33.9824],[-81.12824,33.98339],[-81.13163,33.98894],[-81.13163,33.99404],[-81.12968,33.9955],[-81.1264,33.99389],[-81.12713,33.99916],[-81.1231,33.99755]]]}},{"type":"Feature","properties":{"zcta":"29223","d":952},"geometry":{"type":"Polygon","coordinates":[[[-80.94263,34.13194],[-80.9392,34.12939],[-80.93613,34.12923],[-80.92906,34.13053],[-80.92873,34.13263],[-80.92481,34.13707],[-80.92316,34.13721],[-80.9185,34.13959],[-80.91355,34.13992],[-80.91363,34.13776],[-80.91076,34.13807],[-80.90793,34.13615],[-80.90646,34.13665],[-80.90717,34.13439],[-80.9025,34.13524],[-80.90041,34.13485],[-80.89806,34.13287],[-80.89366,34.13351],[-80.89357,34.13678],[-80.8874,34.139],[-80.88409,34.13917],[-80.88034,34.13596],[-80.88155,34.13522],[-80.87907,34.13311],[-80.88338,34.12835],[-80.88088,34.1265],[-80.87829,34.12589],[-80.87494,34.12343],[-80.88064,34.11879],[-80.88521,34.11647],[-80.87919,34.10991],[-80.88308,34.10769],[-80.88069,34.10553],[-80.87706,34.10717],[-80.87591,34.10652],[-80.87402,34.10816],[-80.86813,34.10656],[-80.86076,34.10669],[-80.8594,34.10607],[-80.85683,34.10078],[-80.85848,34.1006],[-80.85772,34.09632],[-80.86065,34.09446],[-80.86003,34.09355],[-80.87717,34.08618],[-80.8743,34.08252],[-80.88264,34.07896],[-80.91766,34.05568],[-80.92183,34.05276],[-80.9236,34.05056],[-80.93304,34.04442],[-80.93363,34.04505],[-80.93725,34.04245],[-80.9426,34.04571],[-80.94426,34.04954],[-80.94685,34.05375],[-80.94413,34.05508],[-80.94736,34.058],[-80.94703,34.05939],[-80.94921,34.06068],[-80.95113,34.05971],[-80.95015,34.06246],[-80.94781,34.06377],[-80.94743,34.06751],[-80.95016,34.0696],[-80.95623,34.06462],[-80.95696,34.0649],[-80.96064,34.05987],[-80.96927,34.05269],[-80.97082,34.05219],[-80.98174,34.05089],[-80.9836,34.05139],[-80.98982,34.05492],[-80.9939,34.05616],[-80.993,34.05706],[-80.99524,34.05945],[-80.99141,34.061],[-80.98253,34.06711],[-80.97849,34.07308],[-80.97045,34.07337],[-80.96293,34.08341],[-80.96029,34.08961],[-80.9617,34.09528],[-80.96251,34.09619],[-80.955,34.10431],[-80.94914,34.10956],[-80.94701,34.1151],[-80.94725,34.11948],[-80.94439,34.12404],[-80.9446,34.13077],[-80.94263,34.13194]]]}},{"type":"Feature","properties":{"zcta":"29206","d":1080},"geometry":{"type":"MultiPolygon","coordinates":[[[[-80.93995,34.01175],[-80.93496,34.00799],[-80.93365,34.00996],[-80.92242,34.01944],[-80.91768,34.01743],[-80.91687,34.0161],[-80.91854,34.01204],[-80.91884,34.00834],[-80.91753,34.00372],[-80.91772,34.00159],[-80.92024,34.00205],[-80.93133,34.00244],[-80.93836,34.00356],[-80.94418,34.00545],[-80.94282,34.00815],[-80.93995,34.01175]]],[[[-80.98174,34.05089],[-80.97082,34.05219],[-80.96927,34.05269],[-80.96064,34.05987],[-80.95696,34.0649],[-80.95623,34.06462],[-80.95016,34.0696],[-80.94743,34.06751],[-80.94781,34.06377],[-80.95015,34.06246],[-80.95113,34.05971],[-80.94921,34.06068],[-80.94703,34.05939],[-80.94736,34.058],[-80.94413,34.05508],[-80.94685,34.05375],[-80.94426,34.04954],[-80.9426,34.04571],[-80.93725,34.04245],[-80.93363,34.04505],[-80.93304,34.04442],[-80.9365,34.04091],[-80.93864,34.03383],[-80.94463,34.0238],[-80.94555,34.02117],[-80.94898,34.01711],[-80.95909,34.00086],[-80.95946,33.99749],[-80.95854,33.99614],[-80.96373,33.99689],[-80.96745,33.996],[-80.97388,33.99982],[-80.97906,34.00153],[-80.97969,34.00244],[-80.97734,34.00444],[-80.97748,34.00697],[-80.97978,34.00831],[-80.98699,34.00809],[-80.98653,34.01243],[-80.98359,34.01307],[-80.98464,34.01668],[-80.9827,34.02055],[-80.97929,34.02098],[-80.97722,34.02665],[-80.97784,34.02793],[-80.98093,34.02971],[-80.98241,34.03214],[-80.98204,34.03566],[-80.98002,34.03616],[-80.98034,34.04056],[-80.97829,34.03978],[-80.97879,34.04353],[-80.98136,34.04461],[-80.98559,34.04902],[-80.9836,34.05139],[-80.98174,34.05089]]]]}},{"type":"Feature","properties":{"zcta":"29201","d":581},"geometry":{"type":"Polygon","coordinates":[[[-81.06879,34.03409],[-81.06731,34.02629],[-81.06366,34.02889],[-81.0607,34.02813],[-81.05843,34.02927],[-81.05216,34.02907],[-81.04927,34.03048],[-81.04499,34.02788],[-81.03826,34.02648],[-81.03727,34.02153],[-81.03604,34.01919],[-81.03123,34.02257],[-81.02935,34.0204],[-81.02681,34.02119],[-81.02656,34.02285],[-81.02455,34.01828],[-81.02528,34.01597],[-81.02046,34.00538],[-81.01889,34.00236],[-81.01864,33.99967],[-81.01945,33.99639],[-81.02599,33.98979],[-81.02537,33.98684],[-81.02316,33.98754],[-81.01864,33.98306],[-81.02085,33.98234],[-81.01171,33.97786],[-80.98805,33.96586],[-80.98417,33.96495],[-80.98026,33.96249],[-80.98163,33.956],[-80.98443,33.95853],[-80.98928,33.95459],[-80.99467,33.95186],[-81.00952,33.95112],[-81.00894,33.94744],[-81.00679,33.94344],[-81.00686,33.94205],[-81.00921,33.93897],[-81.0124,33.93737],[-81.01104,33.93506],[-81.01765,33.93237],[-81.01896,33.93528],[-81.02488,33.94364],[-81.03579,33.96259],[-81.03851,33.96807],[-81.04583,33.97664],[-81.04673,33.98635],[-81.0477,33.99051],[-81.05086,33.99578],[-81.05567,34.00178],[-81.05971,34.00525],[-81.06004,34.01224],[-81.06177,34.01661],[-81.06472,34.02085],[-81.0686,34.02407],[-81.0696,34.02592],[-81.07072,34.03445],[-81.06879,34.03409]],[[-81.03169,33.99713],[-81.02993,33.99315],[-81.02834,33.99369],[-81.0238,33.99514],[-81.02488,33.9977],[-81.02309,33.99825],[-81.02426,34.00096],[-81.03067,33.99898],[-81.03009,33.99764],[-81.03169,33.99713]]]}},{"type":"Feature","properties":{"zcta":"29205","d":1581},"geometry":{"type":"Polygon","coordinates":[[[-81.00822,34.00917],[-81.0022,34.00958],[-81.00211,34.01062],[-80.99524,34.00883],[-80.98699,34.00809],[-80.97978,34.00831],[-80.97748,34.00697],[-80.97734,34.00444],[-80.97969,34.00244],[-80.97906,34.00153],[-80.97388,33.99982],[-80.96745,33.996],[-80.97283,33.99201],[-80.97414,33.98957],[-80.97641,33.98768],[-80.97873,33.97426],[-80.98064,33.96543],[-80.98026,33.96249],[-80.98417,33.96495],[-80.98805,33.96586],[-81.01171,33.97786],[-81.02085,33.98234],[-81.01864,33.98306],[-81.02316,33.98754],[-81.02537,33.98684],[-81.02599,33.98979],[-81.01945,33.99639],[-81.01864,33.99967],[-81.01889,34.00236],[-81.02046,34.00538],[-81.00822,34.00917]]]}},{"type":"Feature","properties":{"zcta":"29074","d":0},"geometry":{"type":"Polygon","coordinates":[[[-80.87342,34.46041],[-80.85328,34.47304],[-80.78381,34.51539],[-80.78173,34.50829],[-80.78416,34.50749],[-80.78518,34.505],[-80.7872,34.5032],[-80.78886,34.49966],[-80.79384,34.49752],[-80.79703,34.49896],[-80.80068,34.49908],[-80.80558,34.49532],[-80.80953,34.49422],[-80.80892,34.49054],[-80.80671,34.48613],[-80.80361,34.48467],[-80.80188,34.47822],[-80.79385,34.48156],[-80.79091,34.48018],[-80.78819,34.48007],[-80.78356,34.47831],[-80.77848,34.47175],[-80.77864,34.46834],[-80.77338,34.46627],[-80.76764,34.46513],[-80.7632,34.46243],[-80.76721,34.45923],[-80.76805,34.4572],[-80.76723,34.45298],[-80.7651,34.45044],[-80.76596,34.44844],[-80.76532,34.44102],[-80.76721,34.43938],[-80.77024,34.43328],[-80.77207,34.43523],[-80.77427,34.43541],[-80.78029,34.4304],[-80.78123,34.42598],[-80.7783,34.42341],[-80.77979,34.4227],[-80.77938,34.42032],[-80.78137,34.42108],[-80.7814,34.41734],[-80.77831,34.41338],[-80.77649,34.41],[-80.77231,34.41317],[-80.77297,34.41001],[-80.77657,34.40749],[-80.77433,34.40112],[-80.77201,34.39991],[-80.76795,34.40261],[-80.76991,34.39945],[-80.76963,34.39747],[-80.77511,34.39913],[-80.77754,34.39796],[-80.7776,34.39583],[-80.77909,34.39716],[-80.78061,34.3956],[-80.78094,34.39311],[-80.77646,34.39132],[-80.77945,34.3915],[-80.77877,34.38881],[-80.78345,34.3886],[-80.78438,34.39467],[-80.78361,34.39954],[-80.78188,34.40255],[-80.78321,34.40649],[-80.78873,34.41045],[-80.79348,34.4133],[-80.79906,34.41396],[-80.80563,34.41379],[-80.81067,34.41461],[-80.82099,34.41215],[-80.82565,34.41187],[-80.83321,34.41483],[-80.83858,34.41899],[-80.8442,34.42445],[-80.84899,34.43012],[-80.85623,34.4353],[-80.86233,34.4412],[-80.86727,34.44459],[-80.87018,34.4496],[-80.87463,34.4538],[-80.87564,34.45405],[-80.87923,34.45778],[-80.87342,34.46041]]]}},{"type":"Feature","properties":{"zcta":"29207","d":0},"geometry":{"type":"Polygon","coordinates":[[[-80.9236,34.05056],[-80.92183,34.05276],[-80.91766,34.05568],[-80.88264,34.07896],[-80.8743,34.08252],[-80.82638,34.10152],[-80.81956,34.1042],[-80.81673,34.10457],[-80.80789,34.10444],[-80.80143,34.10281],[-80.78528,34.10186],[-80.77966,34.10229],[-80.77495,34.10213],[-80.77159,34.10081],[-80.76745,34.09832],[-80.76491,34.09376],[-80.76122,34.08915],[-80.7561,34.08447],[-80.75395,34.08355],[-80.748,34.08347],[-80.74165,34.08135],[-80.7353,34.07745],[-80.73135,34.07326],[-80.72638,34.06907],[-80.72057,34.06621],[-80.72801,34.05959],[-80.73187,34.05757],[-80.7355,34.05418],[-80.74306,34.05074],[-80.74392,34.04863],[-80.74697,34.04598],[-80.75111,34.04365],[-80.75598,34.04193],[-80.76122,34.04115],[-80.76264,34.04004],[-80.77308,34.04066],[-80.7805,34.0396],[-80.78007,34.03478],[-80.774,34.02807],[-80.77447,34.02595],[-80.77887,34.02251],[-80.7832,34.01062],[-80.78807,34.00692],[-80.79125,34.00225],[-80.86684,33.99188],[-80.88031,33.98843],[-80.88084,33.98759],[-80.88234,33.98693],[-80.88266,33.98777],[-80.89033,33.98566],[-80.91274,33.98062],[-80.91547,33.98026],[-80.9348,33.98883],[-80.9399,33.99248],[-80.94375,33.99421],[-80.95051,33.99346],[-80.95606,33.99483],[-80.95854,33.99614],[-80.95946,33.99749],[-80.95909,34.00086],[-80.94898,34.01711],[-80.94555,34.02117],[-80.94463,34.0238],[-80.93864,34.03383],[-80.9365,34.04091],[-80.93304,34.04442],[-80.9236,34.05056]],[[-80.9453,34.0092],[-80.94679,34.00837],[-80.95239,33.99944],[-80.94883,33.99808],[-80.94418,34.00545],[-80.93836,34.00356],[-80.93133,34.00244],[-80.92024,34.00205],[-80.91772,34.00159],[-80.91753,34.00372],[-80.91884,34.00834],[-80.91854,34.01204],[-80.91687,34.0161],[-80.91768,34.01743],[-80.92242,34.01944],[-80.93365,34.00996],[-80.93496,34.00799],[-80.93995,34.01175],[-80.94282,34.00815],[-80.9453,34.0092]]]}},{"type":"Feature","properties":{"zcta":"29229","d":1252},"geometry":{"type":"MultiPolygon","coordinates":[[[[-80.9424,34.16589],[-80.94046,34.16532],[-80.94164,34.16402],[-80.9424,34.16589]]],[[[-80.86656,34.17696],[-80.86909,34.1756],[-80.86776,34.17447],[-80.86435,34.17405],[-80.86353,34.17581],[-80.86242,34.17385],[-80.86756,34.17069],[-80.86711,34.16921],[-80.87053,34.16896],[-80.86753,34.16599],[-80.85846,34.16729],[-80.85743,34.16345],[-80.85655,34.16301],[-80.86021,34.15923],[-80.85945,34.15679],[-80.86344,34.15368],[-80.86168,34.15185],[-80.86413,34.14983],[-80.86204,34.14804],[-80.86123,34.14536],[-80.86459,34.14383],[-80.8616,34.14118],[-80.86482,34.13676],[-80.86547,34.13764],[-80.87034,34.13652],[-80.87261,34.13397],[-80.8666,34.12918],[-80.86819,34.12784],[-80.86147,34.12352],[-80.8594,34.11963],[-80.85612,34.11696],[-80.85116,34.11491],[-80.84709,34.11231],[-80.84657,34.11519],[-80.84473,34.11563],[-80.84257,34.11247],[-80.84624,34.1107],[-80.84807,34.10666],[-80.84338,34.10506],[-80.83867,34.10158],[-80.82917,34.10469],[-80.82638,34.10152],[-80.8743,34.08252],[-80.87717,34.08618],[-80.86003,34.09355],[-80.86065,34.09446],[-80.85772,34.09632],[-80.85848,34.1006],[-80.85683,34.10078],[-80.8594,34.10607],[-80.86076,34.10669],[-80.86813,34.10656],[-80.87402,34.10816],[-80.87591,34.10652],[-80.87706,34.10717],[-80.88069,34.10553],[-80.88308,34.10769],[-80.87919,34.10991],[-80.88521,34.11647],[-80.88064,34.11879],[-80.87494,34.12343],[-80.87829,34.12589],[-80.88088,34.1265],[-80.88338,34.12835],[-80.87907,34.13311],[-80.88155,34.13522],[-80.88034,34.13596],[-80.88409,34.13917],[-80.8874,34.139],[-80.89357,34.13678],[-80.89366,34.13351],[-80.89806,34.13287],[-80.90041,34.13485],[-80.9025,34.13524],[-80.90717,34.13439],[-80.90646,34.13665],[-80.90793,34.13615],[-80.91076,34.13807],[-80.91363,34.13776],[-80.91355,34.13992],[-80.9185,34.13959],[-80.92316,34.13721],[-80.92481,34.13707],[-80.92873,34.13263],[-80.92906,34.13053],[-80.93613,34.12923],[-80.9392,34.12939],[-80.94263,34.13194],[-80.9446,34.13077],[-80.94486,34.13353],[-80.94721,34.14366],[-80.95016,34.14905],[-80.95186,34.15254],[-80.95181,34.1543],[-80.94726,34.16685],[-80.94797,34.1705],[-80.95304,34.1764],[-80.94977,34.17729],[-80.94923,34.1759],[-80.9462,34.17528],[-80.94309,34.16842],[-80.94275,34.16307],[-80.94164,34.16042],[-80.94078,34.16174],[-80.93669,34.16375],[-80.93152,34.16519],[-80.92842,34.16513],[-80.92853,34.16366],[-80.9244,34.1632],[-80.91608,34.17015],[-80.91428,34.17015],[-80.91407,34.17286],[-80.91256,34.17322],[-80.90676,34.17238],[-80.90317,34.17236],[-80.9014,34.17504],[-80.90038,34.17931],[-80.90514,34.18561],[-80.90686,34.19179],[-80.90721,34.19481],[-80.89783,34.19444],[-80.89393,34.19329],[-80.88878,34.18991],[-80.87447,34.18373],[-80.86913,34.18287],[-80.86656,34.17696]]]]}},{"type":"Feature","properties":{"zcta":"29169","d":866},"geometry":{"type":"Polygon","coordinates":[[[-81.12826,34.02568],[-81.12325,34.02446],[-81.12042,34.02461],[-81.11444,34.0239],[-81.10382,34.02332],[-81.10111,34.02412],[-81.09939,34.02307],[-81.09758,34.01801],[-81.09299,34.01464],[-81.08961,34.01341],[-81.08613,34.0139],[-81.08262,34.01193],[-81.08001,34.01185],[-81.07363,34.00661],[-81.07213,34.00657],[-81.06689,34.00905],[-81.06492,34.00861],[-81.06072,34.00473],[-81.05971,34.00525],[-81.05567,34.00178],[-81.05086,33.99578],[-81.0477,33.99051],[-81.05137,33.99069],[-81.05608,33.98932],[-81.05637,33.98639],[-81.06107,33.98479],[-81.06006,33.98327],[-81.06356,33.98162],[-81.06527,33.98538],[-81.07099,33.98357],[-81.06969,33.9807],[-81.0737,33.97942],[-81.07522,33.97803],[-81.07435,33.9756],[-81.07755,33.96533],[-81.07933,33.96561],[-81.08236,33.96784],[-81.08488,33.96523],[-81.08866,33.96395],[-81.08672,33.96225],[-81.09334,33.95608],[-81.09458,33.95952],[-81.10595,33.97712],[-81.10683,33.9789],[-81.10736,33.98904],[-81.10776,33.98868],[-81.11683,33.98822],[-81.11759,33.99135],[-81.11546,33.99324],[-81.11932,33.9937],[-81.11944,33.99544],[-81.12121,33.99566],[-81.1231,33.99755],[-81.12713,33.99916],[-81.12996,33.9989],[-81.13271,34.0012],[-81.1339,33.99964],[-81.13619,34.00045],[-81.14053,33.99875],[-81.14187,34.00016],[-81.14615,33.99778],[-81.1492,34.00429],[-81.14942,34.0081],[-81.1461,34.00884],[-81.14602,34.01167],[-81.14134,34.01417],[-81.14528,34.01121],[-81.1431,34.01087],[-81.14327,34.00794],[-81.14013,34.00791],[-81.13964,34.00892],[-81.13422,34.00957],[-81.13465,34.01077],[-81.13845,34.01162],[-81.13814,34.01629],[-81.13578,34.01815],[-81.13391,34.01626],[-81.133,34.01849],[-81.12545,34.01878],[-81.12463,34.02086],[-81.12687,34.02152],[-81.12575,34.02473],[-81.12851,34.02547],[-81.12826,34.02568]]]}},{"type":"Feature","properties":{"zcta":"29036","d":262},"geometry":{"type":"Polygon","coordinates":[[[-81.25052,34.19707],[-81.25396,34.19388],[-81.25515,34.19364],[-81.25613,34.19006],[-81.25433,34.18966],[-81.2557,34.18169],[-81.25949,34.17634],[-81.26304,34.17363],[-81.26514,34.17073],[-81.27011,34.16615],[-81.26752,34.16453],[-81.26125,34.16428],[-81.25767,34.1623],[-81.24642,34.15214],[-81.24,34.14939],[-81.24385,34.14871],[-81.25342,34.15237],[-81.24758,34.14105],[-81.24831,34.14074],[-81.26006,34.14587],[-81.25954,34.1432],[-81.26379,34.14203],[-81.26857,34.14344],[-81.26957,34.14171],[-81.27229,34.14135],[-81.26881,34.13682],[-81.26572,34.13871],[-81.2609,34.13184],[-81.25972,34.12553],[-81.25619,34.1211],[-81.25758,34.11884],[-81.26518,34.11095],[-81.26818,34.10539],[-81.26899,34.09965],[-81.27095,34.09904],[-81.27261,34.09276],[-81.27467,34.08874],[-81.28057,34.08395],[-81.28738,34.07962],[-81.2985,34.07332],[-81.30413,34.06983],[-81.314,34.06303],[-81.3309,34.06496],[-81.34986,34.06829],[-81.35289,34.06824],[-81.36116,34.06703],[-81.37002,34.06538],[-81.37773,34.06743],[-81.38888,34.06927],[-81.39408,34.07155],[-81.39279,34.074],[-81.39014,34.07526],[-81.38823,34.07935],[-81.38967,34.08138],[-81.39438,34.08512],[-81.39701,34.08598],[-81.4005,34.09185],[-81.40368,34.09422],[-81.40325,34.0979],[-81.40828,34.09834],[-81.40945,34.10088],[-81.41321,34.10425],[-81.41298,34.10636],[-81.41651,34.10707],[-81.41708,34.10981],[-81.41972,34.10933],[-81.42216,34.11001],[-81.42023,34.11404],[-81.42091,34.11549],[-81.42695,34.11737],[-81.4322,34.12125],[-81.43641,34.13102],[-81.43123,34.13108],[-81.43071,34.13355],[-81.43167,34.13596],[-81.43046,34.13785],[-81.42782,34.13895],[-81.42705,34.14145],[-81.42628,34.13944],[-81.42476,34.1393],[-81.42099,34.14097],[-81.41724,34.14459],[-81.41477,34.15249],[-81.41353,34.15399],[-81.40741,34.15576],[-81.40197,34.15635],[-81.39981,34.15593],[-81.39932,34.16565],[-81.40146,34.16759],[-81.40344,34.17323],[-81.40598,34.17402],[-81.40298,34.17759],[-81.40254,34.17421],[-81.40119,34.17309],[-81.39973,34.16963],[-81.39604,34.16509],[-81.39107,34.16041],[-81.38803,34.16179],[-81.38217,34.16288],[-81.37709,34.16448],[-81.3742,34.17004],[-81.37854,34.16983],[-81.37826,34.17569],[-81.38099,34.17973],[-81.37783,34.17894],[-81.37828,34.18205],[-81.38107,34.1806],[-81.3818,34.18483],[-81.38057,34.18931],[-81.38265,34.19425],[-81.37717,34.19747],[-81.37548,34.19688],[-81.37326,34.19813],[-81.37406,34.20225],[-81.36796,34.20486],[-81.36453,34.20458],[-81.36029,34.20531],[-81.35508,34.20814],[-81.35287,34.21125],[-81.35099,34.21233],[-81.34915,34.21149],[-81.33537,34.20943],[-81.3361,34.20854],[-81.33587,34.2036],[-81.33418,34.20259],[-81.33328,34.20007],[-81.328,34.19454],[-81.32777,34.19673],[-81.32577,34.20037],[-81.3247,34.20041],[-81.32211,34.19691],[-81.31752,34.19876],[-81.31367,34.19598],[-81.31095,34.19774],[-81.30782,34.19684],[-81.30586,34.19317],[-81.30248,34.19399],[-81.29862,34.18962],[-81.29662,34.18647],[-81.28987,34.18705],[-81.29193,34.18988],[-81.28613,34.19064],[-81.28575,34.18978],[-81.28153,34.19114],[-81.27788,34.19102],[-81.27363,34.19232],[-81.26923,34.19562],[-81.26853,34.19488],[-81.26077,34.19564],[-81.25434,34.19701],[-81.25385,34.19991],[-81.25173,34.20148],[-81.24982,34.20074],[-81.25052,34.19707]]]}},{"type":"Feature","properties":{"zcta":"29072","d":450},"geometry":{"type":"Polygon","coordinates":[[[-81.3109,34.06215],[-81.295,34.05966],[-81.28566,34.06004],[-81.28215,34.05794],[-81.27861,34.05698],[-81.26272,34.0561],[-81.25892,34.0564],[-81.25041,34.05518],[-81.24676,34.05349],[-81.24212,34.05236],[-81.23184,34.05192],[-81.22048,34.0525],[-81.21678,34.05343],[-81.21459,34.05304],[-81.2098,34.05077],[-81.20331,34.05053],[-81.19953,34.04855],[-81.19326,34.04771],[-81.18727,34.04522],[-81.18492,34.04561],[-81.18102,34.04768],[-81.174,34.04807],[-81.16984,34.04687],[-81.16439,34.04373],[-81.15812,34.03835],[-81.15682,34.03665],[-81.15182,34.03355],[-81.14692,34.03225],[-81.13902,34.02985],[-81.13399,34.02744],[-81.12826,34.02568],[-81.12851,34.02547],[-81.14173,34.01444],[-81.14472,34.01287],[-81.16596,34.00423],[-81.17112,34.00174],[-81.17601,33.99648],[-81.17991,33.99355],[-81.18753,33.99004],[-81.1915,33.98609],[-81.19713,33.97305],[-81.19874,33.97015],[-81.2033,33.96766],[-81.23176,33.958],[-81.23659,33.95607],[-81.26251,33.94202],[-81.29003,33.92675],[-81.29377,33.9248],[-81.30939,33.91949],[-81.31525,33.9173],[-81.32583,33.91136],[-81.3269,33.91335],[-81.33165,33.90905],[-81.33818,33.90511],[-81.34143,33.90912],[-81.34614,33.91075],[-81.34562,33.91302],[-81.34825,33.91583],[-81.34383,33.91778],[-81.34174,33.92126],[-81.34233,33.9262],[-81.34494,33.9249],[-81.34879,33.92433],[-81.35568,33.92485],[-81.35396,33.93184],[-81.3524,33.93644],[-81.3445,33.93767],[-81.3424,33.93976],[-81.3343,33.94367],[-81.33627,33.94588],[-81.33864,33.94664],[-81.33419,33.94874],[-81.3369,33.95366],[-81.3424,33.9554],[-81.3414,33.96212],[-81.34413,33.9633],[-81.34458,33.96663],[-81.34349,33.97091],[-81.34177,33.97051],[-81.34118,33.97725],[-81.34158,33.98497],[-81.34407,33.98506],[-81.34442,33.98784],[-81.34833,33.98641],[-81.35179,33.98771],[-81.35203,33.98434],[-81.35662,33.98318],[-81.35521,33.98202],[-81.35901,33.97772],[-81.36113,33.97814],[-81.36281,33.98093],[-81.36575,33.98082],[-81.36764,33.98315],[-81.37507,33.99003],[-81.36813,33.9916],[-81.3691,33.99783],[-81.36934,34.00264],[-81.37066,34.00539],[-81.37633,34.00956],[-81.37971,34.00859],[-81.38206,34.01255],[-81.38768,34.01189],[-81.38605,34.01313],[-81.38585,34.01601],[-81.38671,34.01841],[-81.38316,34.01839],[-81.38241,34.01992],[-81.37652,34.02327],[-81.37425,34.02201],[-81.37409,34.02329],[-81.3693,34.02457],[-81.37125,34.02123],[-81.36676,34.01999],[-81.36671,34.01708],[-81.36509,34.01873],[-81.36283,34.01761],[-81.36264,34.01954],[-81.36091,34.02093],[-81.36148,34.02297],[-81.35813,34.02139],[-81.35925,34.01528],[-81.35777,34.01464],[-81.35947,34.01049],[-81.35592,34.01378],[-81.35473,34.0174],[-81.35302,34.02844],[-81.34977,34.03812],[-81.34702,34.04231],[-81.34299,34.04582],[-81.3263,34.05395],[-81.31918,34.05853],[-81.314,34.06303],[-81.3109,34.06215]],[[-81.34499,33.93407],[-81.34244,33.9322],[-81.34366,33.93526],[-81.34499,33.93407]]]}},{"type":"Feature","properties":{"zcta":"29052","d":15},"geometry":{"type":"Polygon","coordinates":[[[-80.79187,33.87083],[-80.79005,33.8726],[-80.78747,33.87264],[-80.78492,33.87516],[-80.78329,33.87792],[-80.77795,33.88086],[-80.77535,33.87987],[-80.7704,33.88295],[-80.76841,33.88286],[-80.76801,33.87989],[-80.76556,33.87244],[-80.70189,33.86383],[-80.68695,33.86059],[-80.68725,33.85784],[-80.68448,33.85014],[-80.68585,33.84779],[-80.68352,33.84395],[-80.68655,33.84101],[-80.68642,33.83841],[-80.67865,33.83615],[-80.68829,33.83705],[-80.68761,33.83611],[-80.68967,33.83283],[-80.68477,33.8236],[-80.67115,33.82414],[-80.66867,33.82244],[-80.66295,33.81734],[-80.65968,33.81529],[-80.65513,33.81072],[-80.65194,33.80648],[-80.64512,33.80139],[-80.64248,33.79851],[-80.64102,33.79335],[-80.63698,33.78989],[-80.63487,33.78946],[-80.64508,33.75297],[-80.64726,33.7542],[-80.64954,33.75775],[-80.6564,33.7614],[-80.65626,33.76572],[-80.65277,33.76831],[-80.65174,33.76998],[-80.65286,33.77255],[-80.65468,33.77351],[-80.65905,33.77299],[-80.66237,33.77146],[-80.66629,33.76835],[-80.67179,33.76648],[-80.6732,33.76321],[-80.6751,33.76198],[-80.67754,33.76298],[-80.68659,33.75599],[-80.68762,33.75683],[-80.68563,33.76007],[-80.68837,33.76048],[-80.68997,33.75724],[-80.69657,33.75651],[-80.69971,33.75698],[-80.70539,33.75979],[-80.70596,33.76151],[-80.70394,33.76468],[-80.70439,33.76649],[-80.71173,33.77128],[-80.71372,33.77026],[-80.71331,33.76602],[-80.7144,33.76164],[-80.71756,33.76083],[-80.72141,33.76404],[-80.72254,33.76735],[-80.72502,33.76848],[-80.72766,33.76741],[-80.728,33.76182],[-80.73001,33.76039],[-80.73386,33.75998],[-80.73738,33.75662],[-80.73955,33.75688],[-80.74046,33.75909],[-80.73838,33.76267],[-80.7359,33.7655],[-80.73633,33.76742],[-80.74068,33.76884],[-80.74159,33.77386],[-80.74503,33.77643],[-80.74797,33.77581],[-80.7512,33.77201],[-80.75157,33.77056],[-80.74857,33.76896],[-80.74779,33.76603],[-80.74486,33.76401],[-80.74734,33.76174],[-80.74981,33.7646],[-80.75452,33.764],[-80.75618,33.76482],[-80.75626,33.76811],[-80.75751,33.77308],[-80.75973,33.774],[-80.76301,33.77102],[-80.76634,33.76682],[-80.76784,33.76715],[-80.76795,33.77136],[-80.77177,33.7719],[-80.77764,33.76468],[-80.77935,33.76171],[-80.78221,33.76071],[-80.78486,33.76101],[-80.78614,33.76272],[-80.78301,33.76516],[-80.78206,33.76725],[-80.78297,33.7689],[-80.78609,33.76969],[-80.79335,33.76953],[-80.79789,33.7707],[-80.80137,33.77313],[-80.80759,33.77421],[-80.80954,33.77848],[-80.81125,33.77975],[-80.81569,33.78107],[-80.8175,33.77976],[-80.81916,33.77628],[-80.8219,33.77439],[-80.82504,33.77471],[-80.82799,33.77621],[-80.82926,33.77819],[-80.82613,33.78019],[-80.82257,33.78457],[-80.82255,33.787],[-80.82474,33.78686],[-80.82958,33.78491],[-80.83346,33.78551],[-80.83482,33.78739],[-80.83496,33.79055],[-80.83747,33.79391],[-80.8452,33.79599],[-80.85246,33.79959],[-80.85783,33.80157],[-80.86346,33.80164],[-80.86576,33.80272],[-80.86655,33.80737],[-80.86766,33.81006],[-80.86428,33.81126],[-80.86151,33.81324],[-80.85952,33.81287],[-80.85493,33.80863],[-80.85125,33.80836],[-80.8484,33.81111],[-80.84598,33.81205],[-80.8428,33.81629],[-80.84322,33.81821],[-80.84165,33.82108],[-80.8371,33.82368],[-80.83394,33.82281],[-80.83292,33.81896],[-80.83313,33.8163],[-80.82993,33.81722],[-80.8275,33.81671],[-80.82409,33.81011],[-80.81802,33.80965],[-80.81695,33.81075],[-80.81834,33.81204],[-80.81211,33.81056],[-80.81079,33.8129],[-80.80415,33.81321],[-80.80175,33.81481],[-80.79773,33.81484],[-80.79417,33.81716],[-80.79042,33.81746],[-80.79203,33.8197],[-80.79175,33.82296],[-80.78684,33.82578],[-80.78377,33.84681],[-80.78394,33.84776],[-80.78964,33.84697],[-80.79022,33.84985],[-80.78788,33.84945],[-80.78756,33.85674],[-80.79584,33.86134],[-80.79422,33.86276],[-80.79363,33.86707],[-80.79432,33.8705],[-80.79187,33.87083]]]}},{"type":"Feature","properties":{"zcta":"29045","d":210},"geometry":{"type":"Polygon","coordinates":[[[-80.86306,34.27643],[-80.8609,34.27757],[-80.85496,34.27747],[-80.8545,34.27543],[-80.8349,34.27308],[-80.83126,34.27185],[-80.82904,34.27019],[-80.82575,34.2691],[-80.82429,34.27194],[-80.81951,34.27138],[-80.81986,34.26937],[-80.81423,34.26681],[-80.81508,34.26422],[-80.80972,34.26406],[-80.80819,34.26289],[-80.80795,34.2578],[-80.80591,34.25055],[-80.79854,34.2466],[-80.78933,34.24436],[-80.78685,34.24264],[-80.78359,34.24232],[-80.783,34.24058],[-80.77891,34.23902],[-80.77549,34.23577],[-80.77339,34.23512],[-80.76923,34.23194],[-80.76708,34.22923],[-80.76245,34.22717],[-80.76236,34.22554],[-80.76024,34.21915],[-80.76022,34.21709],[-80.75835,34.21274],[-80.75944,34.20928],[-80.75473,34.21021],[-80.75237,34.20681],[-80.7493,34.20717],[-80.7499,34.20529],[-80.75094,34.19544],[-80.7414,34.20107],[-80.73982,34.19687],[-80.74,34.19324],[-80.73922,34.1921],[-80.74462,34.1843],[-80.74624,34.18299],[-80.75286,34.1805],[-80.75564,34.18731],[-80.7533,34.19185],[-80.75523,34.19285],[-80.76834,34.18491],[-80.76639,34.18201],[-80.76734,34.18061],[-80.76645,34.1778],[-80.76383,34.17833],[-80.76193,34.17745],[-80.7613,34.16891],[-80.75668,34.16711],[-80.75025,34.16775],[-80.74614,34.16086],[-80.74562,34.1518],[-80.7428,34.14908],[-80.74485,34.14707],[-80.73877,34.15142],[-80.7364,34.14985],[-80.73789,34.14699],[-80.7341,34.14206],[-80.74073,34.13594],[-80.74445,34.13388],[-80.7563,34.12922],[-80.75325,34.12654],[-80.75408,34.11712],[-80.75624,34.11708],[-80.76338,34.11359],[-80.76586,34.11299],[-80.76782,34.11388],[-80.77119,34.11295],[-80.77251,34.1113],[-80.77552,34.11369],[-80.77533,34.10892],[-80.77966,34.10229],[-80.78528,34.10186],[-80.80143,34.10281],[-80.80789,34.10444],[-80.81673,34.10457],[-80.81956,34.1042],[-80.82638,34.10152],[-80.82917,34.10469],[-80.83867,34.10158],[-80.84338,34.10506],[-80.84807,34.10666],[-80.84624,34.1107],[-80.84257,34.11247],[-80.84473,34.11563],[-80.84657,34.11519],[-80.84709,34.11231],[-80.85116,34.11491],[-80.85612,34.11696],[-80.8594,34.11963],[-80.86147,34.12352],[-80.86819,34.12784],[-80.8666,34.12918],[-80.87261,34.13397],[-80.87034,34.13652],[-80.86547,34.13764],[-80.86482,34.13676],[-80.8616,34.14118],[-80.86459,34.14383],[-80.86123,34.14536],[-80.86204,34.14804],[-80.86413,34.14983],[-80.86168,34.15185],[-80.86344,34.15368],[-80.85945,34.15679],[-80.86021,34.15923],[-80.85655,34.16301],[-80.85743,34.16345],[-80.85846,34.16729],[-80.86753,34.16599],[-80.87053,34.16896],[-80.86711,34.16921],[-80.86756,34.17069],[-80.86242,34.17385],[-80.86353,34.17581],[-80.86435,34.17405],[-80.86776,34.17447],[-80.86909,34.1756],[-80.86656,34.17696],[-80.86913,34.18287],[-80.86705,34.18667],[-80.87284,34.1885],[-80.87674,34.19097],[-80.8786,34.19348],[-80.87897,34.19827],[-80.88232,34.20174],[-80.8877,34.20188],[-80.88722,34.20362],[-80.88522,34.20314],[-80.87773,34.20407],[-80.87181,34.20804],[-80.86766,34.2036],[-80.86143,34.19792],[-80.86012,34.20078],[-80.86562,34.20434],[-80.86376,34.20675],[-80.86636,34.20832],[-80.86412,34.21046],[-80.86804,34.21157],[-80.86267,34.21789],[-80.86904,34.22231],[-80.87632,34.2254],[-80.87838,34.22567],[-80.881,34.22837],[-80.88322,34.23326],[-80.88613,34.23638],[-80.87563,34.24143],[-80.85829,34.24625],[-80.86312,34.24851],[-80.86798,34.24866],[-80.86938,34.25201],[-80.87186,34.2533],[-80.87383,34.25247],[-80.87826,34.253],[-80.8786,34.25749],[-80.88008,34.26212],[-80.86665,34.26388],[-80.86732,34.27274],[-80.86843,34.27705],[-80.86306,34.27643]]]}},{"type":"Feature","properties":{"zcta":"29210","d":997},"geometry":{"type":"Polygon","coordinates":[[[-81.09136,34.08058],[-81.08792,34.07914],[-81.08686,34.07592],[-81.08081,34.06715],[-81.07631,34.05915],[-81.07336,34.04839],[-81.07138,34.04253],[-81.07064,34.03874],[-81.07072,34.03445],[-81.0696,34.02592],[-81.0686,34.02407],[-81.06472,34.02085],[-81.06177,34.01661],[-81.06004,34.01224],[-81.05971,34.00525],[-81.06072,34.00473],[-81.06492,34.00861],[-81.06689,34.00905],[-81.07213,34.00657],[-81.07363,34.00661],[-81.08001,34.01185],[-81.08262,34.01193],[-81.08613,34.0139],[-81.08961,34.01341],[-81.09299,34.01464],[-81.09758,34.01801],[-81.09939,34.02307],[-81.10111,34.02412],[-81.10382,34.02332],[-81.11444,34.0239],[-81.12042,34.02461],[-81.12325,34.02446],[-81.12826,34.02568],[-81.13399,34.02744],[-81.13902,34.02985],[-81.14692,34.03225],[-81.14862,34.03565],[-81.14782,34.03695],[-81.14882,34.03945],[-81.14931,34.04524],[-81.15048,34.04705],[-81.15287,34.04753],[-81.15789,34.05202],[-81.15264,34.06013],[-81.15032,34.06465],[-81.14879,34.06523],[-81.14838,34.06999],[-81.14563,34.06666],[-81.14218,34.06746],[-81.13847,34.06409],[-81.13928,34.06834],[-81.13402,34.06924],[-81.13499,34.07215],[-81.13809,34.07548],[-81.13522,34.07486],[-81.129,34.07567],[-81.12739,34.07209],[-81.12092,34.07402],[-81.12095,34.07629],[-81.12438,34.07456],[-81.12586,34.07591],[-81.11713,34.0828],[-81.10409,34.08921],[-81.09136,34.08058]]]}},{"type":"Feature","properties":{"zcta":"29204","d":1188},"geometry":{"type":"Polygon","coordinates":[[[-81.02207,34.02159],[-81.02044,34.02942],[-81.01351,34.03867],[-81.01232,34.04131],[-81.00876,34.04541],[-81.00594,34.05146],[-81.00243,34.05516],[-80.99995,34.05612],[-80.9939,34.05616],[-80.98982,34.05492],[-80.9836,34.05139],[-80.98559,34.04902],[-80.98136,34.04461],[-80.97879,34.04353],[-80.97829,34.03978],[-80.98034,34.04056],[-80.98002,34.03616],[-80.98204,34.03566],[-80.98241,34.03214],[-80.98093,34.02971],[-80.97784,34.02793],[-80.97722,34.02665],[-80.97929,34.02098],[-80.9827,34.02055],[-80.98464,34.01668],[-80.98359,34.01307],[-80.98653,34.01243],[-80.98699,34.00809],[-80.99524,34.00883],[-81.00211,34.01062],[-81.0022,34.00958],[-81.00822,34.00917],[-81.02046,34.00538],[-81.02528,34.01597],[-81.02455,34.01828],[-81.02207,34.02159]]]}},{"type":"Feature","properties":{"zcta":"29209","d":321},"geometry":{"type":"MultiPolygon","coordinates":[[[[-80.94883,33.99808],[-80.95239,33.99944],[-80.94679,34.00837],[-80.9453,34.0092],[-80.94282,34.00815],[-80.94418,34.00545],[-80.94883,33.99808]]],[[[-81.01765,33.93237],[-81.01104,33.93506],[-81.0124,33.93737],[-81.00921,33.93897],[-81.00686,33.94205],[-81.00679,33.94344],[-81.00894,33.94744],[-81.00952,33.95112],[-80.99467,33.95186],[-80.98928,33.95459],[-80.98443,33.95853],[-80.98163,33.956],[-80.98026,33.96249],[-80.98064,33.96543],[-80.97873,33.97426],[-80.97641,33.98768],[-80.97414,33.98957],[-80.97283,33.99201],[-80.96745,33.996],[-80.96373,33.99689],[-80.95854,33.99614],[-80.95606,33.99483],[-80.95051,33.99346],[-80.94375,33.99421],[-80.9399,33.99248],[-80.9348,33.98883],[-80.91547,33.98026],[-80.91274,33.98062],[-80.89033,33.98566],[-80.88412,33.98622],[-80.88234,33.98693],[-80.88084,33.98759],[-80.88187,33.98552],[-80.88016,33.98363],[-80.87672,33.98231],[-80.87631,33.97755],[-80.87561,33.97772],[-80.87762,33.97169],[-80.87811,33.96688],[-80.88247,33.96509],[-80.88395,33.96212],[-80.88669,33.96021],[-80.89251,33.95963],[-80.89487,33.95823],[-80.901,33.95068],[-80.90398,33.9437],[-80.90281,33.93873],[-80.90391,33.93308],[-80.90046,33.92794],[-80.90147,33.92505],[-80.90082,33.92276],[-80.8984,33.92054],[-80.89587,33.91255],[-80.89814,33.90714],[-80.8927,33.90175],[-80.89302,33.89477],[-80.89464,33.89217],[-80.89314,33.88317],[-80.89123,33.87964],[-80.8956,33.87654],[-80.89733,33.87427],[-80.91356,33.89027],[-80.91498,33.88689],[-80.91702,33.88548],[-80.92043,33.88715],[-80.92242,33.88427],[-80.92269,33.88124],[-80.92607,33.88148],[-80.92279,33.87945],[-80.9205,33.87575],[-80.92117,33.87397],[-80.92604,33.87056],[-80.94388,33.87452],[-80.94544,33.86793],[-80.9447,33.86527],[-80.94725,33.86284],[-80.94717,33.85881],[-80.94941,33.85729],[-80.95346,33.85819],[-80.95608,33.85994],[-80.95881,33.85672],[-80.96473,33.85712],[-80.96555,33.85488],[-80.96457,33.85355],[-80.96681,33.8514],[-80.96748,33.84793],[-80.96595,33.84785],[-80.96885,33.84701],[-80.97299,33.84699],[-80.97776,33.84852],[-80.98571,33.84873],[-80.98828,33.8498],[-80.98959,33.85269],[-80.98593,33.85564],[-80.98622,33.85746],[-80.99318,33.85864],[-80.99978,33.8606],[-81.00208,33.86306],[-80.9983,33.86696],[-80.99672,33.87077],[-80.99657,33.87381],[-80.99817,33.87679],[-81.00017,33.87844],[-81.01233,33.88008],[-81.01833,33.88216],[-81.02071,33.88466],[-81.02142,33.88807],[-81.02011,33.8933],[-81.01739,33.89655],[-81.011,33.89813],[-81.00941,33.9001],[-81.00875,33.9041],[-81.01181,33.90707],[-81.01427,33.90815],[-81.0227,33.90924],[-81.02896,33.91204],[-81.03013,33.91365],[-81.02921,33.91645],[-81.02311,33.91895],[-81.01941,33.92116],[-81.01721,33.92586],[-81.01701,33.93086],[-81.01755,33.93212],[-81.01765,33.93237]]]]}},{"type":"Feature","properties":{"zcta":"29123","d":45},"geometry":{"type":"Polygon","coordinates":[[[-81.3461,33.81104],[-81.33926,33.81337],[-81.33322,33.81247],[-81.33033,33.81311],[-81.33357,33.81774],[-81.33335,33.82727],[-81.32945,33.826],[-81.32438,33.83149],[-81.32364,33.83514],[-81.32041,33.83412],[-81.31673,33.83175],[-81.3089,33.83937],[-81.30552,33.83919],[-81.30149,33.83603],[-81.29807,33.8397],[-81.29652,33.83914],[-81.2898,33.83972],[-81.28966,33.83617],[-81.28596,33.8354],[-81.28445,33.83607],[-81.28282,33.83257],[-81.28248,33.83502],[-81.27545,33.83189],[-81.27481,33.83512],[-81.27054,33.83395],[-81.26823,33.8358],[-81.26337,33.83428],[-81.26103,33.83086],[-81.25195,33.83408],[-81.25161,33.83104],[-81.24954,33.82904],[-81.24946,33.82666],[-81.23936,33.82226],[-81.23809,33.82222],[-81.23906,33.81896],[-81.23642,33.81845],[-81.2353,33.82201],[-81.22761,33.82101],[-81.22868,33.8174],[-81.22525,33.81636],[-81.22397,33.81899],[-81.22005,33.8162],[-81.21749,33.81659],[-81.21587,33.81401],[-81.21725,33.8113],[-81.21661,33.80407],[-81.2083,33.80101],[-81.20692,33.79786],[-81.21281,33.79567],[-81.21272,33.79374],[-81.2095,33.79642],[-81.2068,33.79735],[-81.20543,33.79469],[-81.20379,33.78921],[-81.20015,33.79354],[-81.19437,33.79674],[-81.19383,33.7843],[-81.18946,33.78023],[-81.18745,33.78095],[-81.18519,33.77902],[-81.18631,33.77569],[-81.18759,33.77454],[-81.18594,33.77345],[-81.19207,33.77165],[-81.19232,33.77394],[-81.19392,33.77319],[-81.19497,33.76838],[-81.19948,33.76292],[-81.19876,33.75948],[-81.19232,33.76331],[-81.18867,33.76635],[-81.17978,33.764],[-81.17613,33.76356],[-81.1692,33.75885],[-81.16872,33.7581],[-81.17306,33.74865],[-81.17458,33.74453],[-81.17325,33.7452],[-81.17028,33.74279],[-81.1714,33.74101],[-81.1706,33.7381],[-81.17085,33.73476],[-81.16995,33.73309],[-81.17174,33.73217],[-81.17082,33.72965],[-81.17727,33.72582],[-81.18119,33.72213],[-81.18327,33.72113],[-81.19068,33.719],[-81.19943,33.71404],[-81.20696,33.7107],[-81.20508,33.707],[-81.20986,33.70416],[-81.20573,33.69994],[-81.20386,33.69004],[-81.2053,33.68828],[-81.20791,33.69193],[-81.20781,33.69294],[-81.23294,33.69442],[-81.24473,33.6884],[-81.25452,33.69015],[-81.25689,33.68528],[-81.25972,33.68492],[-81.26555,33.68712],[-81.2699,33.69161],[-81.26967,33.69314],[-81.27488,33.69615],[-81.27701,33.69621],[-81.27935,33.69408],[-81.28284,33.69433],[-81.2828,33.69629],[-81.28532,33.70045],[-81.28503,33.70297],[-81.28703,33.70582],[-81.28775,33.7095],[-81.2863,33.71257],[-81.2854,33.71682],[-81.28667,33.72032],[-81.28788,33.72106],[-81.2909,33.72702],[-81.2934,33.72991],[-81.29661,33.73149],[-81.29832,33.73099],[-81.30217,33.73202],[-81.30539,33.7347],[-81.30903,33.73898],[-81.3114,33.73963],[-81.31388,33.74329],[-81.31674,33.7454],[-81.31744,33.74898],[-81.31944,33.75379],[-81.3245,33.76082],[-81.32497,33.76265],[-81.32379,33.76453],[-81.32472,33.76726],[-81.32969,33.76978],[-81.33037,33.77315],[-81.33196,33.77445],[-81.33534,33.77484],[-81.33774,33.77631],[-81.34005,33.77974],[-81.33987,33.78367],[-81.34208,33.78574],[-81.34096,33.78691],[-81.34264,33.78888],[-81.34292,33.79161],[-81.34678,33.79452],[-81.34766,33.79678],[-81.34701,33.8026],[-81.34739,33.8057],[-81.34978,33.80952],[-81.34907,33.81177],[-81.3461,33.81104]]]}},{"type":"Feature","properties":{"zcta":"29203","d":268},"geometry":{"type":"Polygon","coordinates":[[[-81.10624,34.16747],[-81.10359,34.16716],[-81.10176,34.16562],[-81.09665,34.16428],[-81.09561,34.16326],[-81.09091,34.16405],[-81.08844,34.16181],[-81.08817,34.16276],[-81.08452,34.16404],[-81.08073,34.16183],[-81.05187,34.14585],[-81.04239,34.14775],[-81.03556,34.14754],[-81.03538,34.1461],[-81.03273,34.14554],[-81.0277,34.14636],[-81.0262,34.14332],[-81.00152,34.13617],[-81.00258,34.14243],[-81.00211,34.14423],[-80.99715,34.14485],[-80.98774,34.13907],[-80.98838,34.13788],[-80.98357,34.1369],[-80.98208,34.13522],[-80.97667,34.13307],[-80.97422,34.133],[-80.9763,34.14027],[-80.97477,34.14268],[-80.97038,34.14289],[-80.97182,34.14399],[-80.9701,34.14755],[-80.96527,34.14707],[-80.95628,34.14926],[-80.95496,34.14744],[-80.95016,34.14905],[-80.94721,34.14366],[-80.94486,34.13353],[-80.9446,34.13077],[-80.94439,34.12404],[-80.94725,34.11948],[-80.94701,34.1151],[-80.94914,34.10956],[-80.955,34.10431],[-80.96251,34.09619],[-80.9617,34.09528],[-80.96029,34.08961],[-80.96293,34.08341],[-80.97045,34.07337],[-80.97849,34.07308],[-80.98253,34.06711],[-80.99141,34.061],[-80.99524,34.05945],[-80.993,34.05706],[-80.9939,34.05616],[-80.99995,34.05612],[-81.00243,34.05516],[-81.00594,34.05146],[-81.00876,34.04541],[-81.01232,34.04131],[-81.01351,34.03867],[-81.02044,34.02942],[-81.02207,34.02159],[-81.02455,34.01828],[-81.02656,34.02285],[-81.02681,34.02119],[-81.02935,34.0204],[-81.03123,34.02257],[-81.03604,34.01919],[-81.03727,34.02153],[-81.03826,34.02648],[-81.04499,34.02788],[-81.04927,34.03048],[-81.05216,34.02907],[-81.05843,34.02927],[-81.0607,34.02813],[-81.06366,34.02889],[-81.06731,34.02629],[-81.06879,34.03409],[-81.07072,34.03445],[-81.07064,34.03874],[-81.07138,34.04253],[-81.07336,34.04839],[-81.07631,34.05915],[-81.08081,34.06715],[-81.08686,34.07592],[-81.08792,34.07914],[-81.09136,34.08058],[-81.10409,34.08921],[-81.10569,34.091],[-81.10968,34.09949],[-81.11287,34.10303],[-81.11619,34.10443],[-81.11868,34.10691],[-81.12177,34.1169],[-81.1255,34.12151],[-81.12942,34.12292],[-81.13307,34.12515],[-81.13617,34.13069],[-81.1371,34.13334],[-81.13837,34.13837],[-81.13815,34.14065],[-81.13439,34.13371],[-81.13386,34.13519],[-81.12735,34.13809],[-81.12414,34.13815],[-81.12055,34.13934],[-81.11839,34.14138],[-81.13606,34.15463],[-81.13407,34.15779],[-81.12797,34.15581],[-81.12318,34.15931],[-81.12383,34.16113],[-81.12245,34.16316],[-81.1174,34.15946],[-81.11385,34.1629],[-81.10994,34.16285],[-81.10841,34.16584],[-81.10624,34.16747]]]}},{"type":"Feature","properties":{"zcta":"29175","d":21},"geometry":{"type":"Polygon","coordinates":[[[-80.64693,34.43393],[-80.64486,34.43836],[-80.64315,34.43986],[-80.64226,34.44393],[-80.63908,34.44597],[-80.63835,34.44752],[-80.63462,34.44905],[-80.62765,34.4573],[-80.62236,34.46148],[-80.6217,34.46496],[-80.61938,34.45889],[-80.61547,34.45738],[-80.6124,34.45893],[-80.60651,34.45889],[-80.60502,34.46205],[-80.60259,34.46234],[-80.60281,34.46397],[-80.60007,34.4662],[-80.59835,34.46633],[-80.59796,34.46265],[-80.5941,34.46329],[-80.58601,34.46227],[-80.58077,34.46339],[-80.5751,34.45992],[-80.57529,34.45619],[-80.57974,34.45281],[-80.58014,34.45119],[-80.57363,34.45102],[-80.56927,34.45204],[-80.5628,34.45662],[-80.5601,34.45734],[-80.55943,34.45559],[-80.56182,34.45471],[-80.56341,34.45169],[-80.56311,34.45041],[-80.5651,34.44903],[-80.56719,34.45072],[-80.57241,34.44837],[-80.57781,34.44775],[-80.57899,34.44703],[-80.57861,34.44458],[-80.59425,34.44952],[-80.59351,34.45034],[-80.58884,34.45016],[-80.58905,34.45153],[-80.59261,34.45255],[-80.59309,34.45127],[-80.59647,34.45248],[-80.59694,34.45049],[-80.59926,34.44926],[-80.59404,34.44864],[-80.58922,34.4445],[-80.58587,34.44246],[-80.58398,34.44026],[-80.57919,34.43773],[-80.58133,34.4352],[-80.58184,34.43199],[-80.58387,34.42679],[-80.58442,34.42244],[-80.58799,34.42401],[-80.5913,34.42781],[-80.59669,34.4323],[-80.59644,34.43005],[-80.5998,34.41899],[-80.60805,34.4178],[-80.61918,34.42061],[-80.62161,34.42209],[-80.62665,34.42289],[-80.62389,34.42766],[-80.62393,34.43221],[-80.62228,34.43556],[-80.62512,34.43597],[-80.62839,34.43527],[-80.63088,34.43587],[-80.63689,34.43346],[-80.64049,34.43354],[-80.6467,34.43144],[-80.64693,34.43393]]]}},{"type":"Feature","properties":{"zcta":"29166","d":10},"geometry":{"type":"Polygon","coordinates":[[[-81.76249,33.93509],[-81.7587,33.93676],[-81.75591,33.94393],[-81.75867,33.94725],[-81.75836,33.94863],[-81.75556,33.94914],[-81.75284,33.9458],[-81.74637,33.9406],[-81.74469,33.94074],[-81.73161,33.94564],[-81.72974,33.94743],[-81.72211,33.95128],[-81.71994,33.94871],[-81.72271,33.94049],[-81.7155,33.94298],[-81.71103,33.93785],[-81.71063,33.93806],[-81.69155,33.939],[-81.68983,33.94247],[-81.69287,33.94737],[-81.69731,33.95041],[-81.69493,33.95265],[-81.68929,33.95333],[-81.68767,33.95202],[-81.68107,33.94987],[-81.67917,33.94568],[-81.67931,33.94389],[-81.6727,33.94397],[-81.66768,33.94462],[-81.66653,33.94158],[-81.66606,33.9331],[-81.66444,33.92732],[-81.65597,33.93188],[-81.64815,33.92521],[-81.64521,33.92367],[-81.64511,33.92142],[-81.64845,33.91965],[-81.6463,33.91532],[-81.64706,33.91392],[-81.65452,33.91286],[-81.6584,33.9101],[-81.66164,33.90937],[-81.6655,33.90602],[-81.66739,33.90592],[-81.66782,33.90407],[-81.66982,33.90331],[-81.67189,33.90103],[-81.67142,33.89952],[-81.66863,33.8977],[-81.66685,33.8884],[-81.67086,33.88487],[-81.67394,33.88401],[-81.67272,33.88163],[-81.7036,33.87197],[-81.70372,33.87026],[-81.70694,33.86968],[-81.70828,33.8664],[-81.70851,33.85399],[-81.69871,33.85262],[-81.71365,33.84487],[-81.71552,33.84302],[-81.7188,33.84571],[-81.72583,33.8475],[-81.724,33.84422],[-81.72501,33.84124],[-81.72519,33.83697],[-81.72673,33.83344],[-81.73199,33.83476],[-81.73455,33.83712],[-81.73733,33.84306],[-81.74091,33.84649],[-81.73694,33.84806],[-81.73896,33.85236],[-81.74062,33.85397],[-81.73962,33.85517],[-81.75116,33.85185],[-81.75201,33.85379],[-81.75037,33.85437],[-81.75299,33.8567],[-81.76677,33.85263],[-81.76715,33.86031],[-81.76406,33.86192],[-81.75794,33.87077],[-81.75535,33.87266],[-81.75743,33.87634],[-81.75964,33.87801],[-81.76008,33.88301],[-81.75763,33.88558],[-81.7556,33.89026],[-81.74765,33.89523],[-81.74644,33.89728],[-81.74347,33.89952],[-81.74781,33.90414],[-81.74882,33.90711],[-81.74405,33.91385],[-81.75016,33.9183],[-81.75145,33.91996],[-81.75851,33.92533],[-81.76199,33.93121],[-81.76489,33.93299],[-81.76249,33.93509]]]}},{"type":"Feature","properties":{"zcta":"29172","d":168},"geometry":{"type":"Polygon","coordinates":[[[-81.08797,33.94778],[-81.08602,33.94505],[-81.08382,33.94495],[-81.07974,33.94237],[-81.0776,33.93746],[-81.07306,33.93645],[-81.06831,33.93885],[-81.06497,33.93861],[-81.05991,33.94085],[-81.05327,33.94025],[-81.05603,33.92989],[-81.04996,33.92985],[-81.04268,33.92906],[-81.02891,33.92815],[-81.02491,33.92885],[-81.01755,33.93212],[-81.01701,33.93086],[-81.01721,33.92586],[-81.01941,33.92116],[-81.02311,33.91895],[-81.02921,33.91645],[-81.03013,33.91365],[-81.02896,33.91204],[-81.0227,33.90924],[-81.01427,33.90815],[-81.01181,33.90707],[-81.00875,33.9041],[-81.00941,33.9001],[-81.011,33.89813],[-81.01739,33.89655],[-81.02011,33.8933],[-81.02142,33.88807],[-81.02071,33.88466],[-81.01833,33.88216],[-81.01233,33.88008],[-81.01399,33.87944],[-81.03487,33.87196],[-81.03609,33.87529],[-81.03678,33.88055],[-81.04226,33.88107],[-81.0408,33.87504],[-81.04345,33.86171],[-81.04758,33.85934],[-81.04989,33.85941],[-81.05364,33.86869],[-81.05464,33.86853],[-81.05605,33.87285],[-81.05885,33.87288],[-81.05998,33.8742],[-81.06241,33.87225],[-81.06168,33.87465],[-81.06417,33.8765],[-81.06908,33.87372],[-81.07183,33.87841],[-81.07797,33.87753],[-81.08009,33.87893],[-81.08279,33.88429],[-81.08247,33.88657],[-81.07976,33.89131],[-81.07565,33.90254],[-81.07559,33.90359],[-81.07918,33.89384],[-81.08229,33.89428],[-81.09036,33.90085],[-81.09431,33.89831],[-81.08705,33.89062],[-81.08742,33.88952],[-81.09257,33.88604],[-81.09597,33.8897],[-81.1034,33.88489],[-81.10199,33.88334],[-81.10609,33.88064],[-81.10807,33.88039],[-81.11184,33.88474],[-81.11227,33.88713],[-81.11495,33.88729],[-81.11311,33.88944],[-81.1149,33.8912],[-81.11548,33.88867],[-81.1184,33.88798],[-81.12053,33.8905],[-81.12435,33.88722],[-81.1226,33.89153],[-81.12423,33.89428],[-81.12565,33.89264],[-81.1317,33.8901],[-81.13232,33.89185],[-81.13534,33.89118],[-81.139,33.89156],[-81.13997,33.89377],[-81.13536,33.89412],[-81.13711,33.89531],[-81.14123,33.89592],[-81.14646,33.89218],[-81.14798,33.8942],[-81.15125,33.89271],[-81.15079,33.89487],[-81.15172,33.89697],[-81.15066,33.89773],[-81.14967,33.89571],[-81.14757,33.8969],[-81.14903,33.89959],[-81.14751,33.90011],[-81.1463,33.89788],[-81.14226,33.90178],[-81.14319,33.90364],[-81.13988,33.90239],[-81.14101,33.90585],[-81.13813,33.90809],[-81.13583,33.90842],[-81.13549,33.91084],[-81.13083,33.91209],[-81.13221,33.91349],[-81.12931,33.917],[-81.12643,33.91808],[-81.12493,33.91997],[-81.12704,33.92207],[-81.1198,33.92797],[-81.1179,33.92997],[-81.11677,33.92762],[-81.11337,33.92685],[-81.0967,33.93866],[-81.09466,33.94269],[-81.09208,33.94496],[-81.08797,33.94778]]]}},{"type":"Feature","properties":{"zcta":"29063","d":463},"geometry":{"type":"Polygon","coordinates":[[[-81.24744,34.20311],[-81.24592,34.20394],[-81.23599,34.20464],[-81.23046,34.20581],[-81.22641,34.20569],[-81.22185,34.20302],[-81.2207,34.19945],[-81.21873,34.1968],[-81.21372,34.19512],[-81.20841,34.19433],[-81.2052,34.19233],[-81.20165,34.18879],[-81.19213,34.18344],[-81.18493,34.17799],[-81.1741,34.1728],[-81.16374,34.16547],[-81.15578,34.16364],[-81.15347,34.16067],[-81.14824,34.15663],[-81.14517,34.15181],[-81.1443,34.14707],[-81.14034,34.14032],[-81.1371,34.13334],[-81.14512,34.13161],[-81.14852,34.13178],[-81.15274,34.12951],[-81.15149,34.1272],[-81.15491,34.12609],[-81.15426,34.12343],[-81.15152,34.12493],[-81.14973,34.12016],[-81.14667,34.1209],[-81.14595,34.11406],[-81.14349,34.1146],[-81.14784,34.10135],[-81.14485,34.09857],[-81.13932,34.10366],[-81.13758,34.10052],[-81.1364,34.0929],[-81.13783,34.08618],[-81.14232,34.08668],[-81.14054,34.08799],[-81.14337,34.08976],[-81.14596,34.08717],[-81.14789,34.08721],[-81.14931,34.08319],[-81.15093,34.08368],[-81.15175,34.08163],[-81.15411,34.08328],[-81.16057,34.08948],[-81.16357,34.0907],[-81.17119,34.09075],[-81.1662,34.08873],[-81.16404,34.08674],[-81.16657,34.08481],[-81.166,34.08274],[-81.16859,34.08222],[-81.16954,34.08466],[-81.17086,34.08391],[-81.17315,34.08506],[-81.17471,34.08711],[-81.17896,34.08543],[-81.17969,34.08248],[-81.1729,34.08037],[-81.17226,34.07907],[-81.17792,34.07766],[-81.18218,34.08232],[-81.19079,34.08107],[-81.18999,34.08273],[-81.18746,34.08221],[-81.18642,34.08482],[-81.19055,34.08813],[-81.19491,34.08862],[-81.19863,34.08798],[-81.2006,34.09234],[-81.2027,34.09344],[-81.20107,34.09586],[-81.21427,34.09444],[-81.21076,34.09786],[-81.21294,34.0992],[-81.22328,34.10078],[-81.22302,34.10348],[-81.22763,34.10122],[-81.23122,34.10154],[-81.23203,34.10007],[-81.2352,34.10185],[-81.234,34.09892],[-81.23606,34.1004],[-81.23722,34.09913],[-81.23885,34.1001],[-81.23827,34.10203],[-81.24087,34.10097],[-81.24338,34.10172],[-81.24747,34.09965],[-81.24943,34.09795],[-81.24926,34.10014],[-81.24758,34.10198],[-81.25806,34.10193],[-81.26899,34.09965],[-81.26818,34.10539],[-81.26518,34.11095],[-81.25758,34.11884],[-81.25619,34.1211],[-81.25972,34.12553],[-81.2609,34.13184],[-81.26572,34.13871],[-81.26166,34.14125],[-81.26379,34.14203],[-81.25954,34.1432],[-81.26006,34.14587],[-81.24831,34.14074],[-81.24758,34.14105],[-81.25342,34.15237],[-81.24385,34.14871],[-81.24,34.14939],[-81.24642,34.15214],[-81.25767,34.1623],[-81.26125,34.16428],[-81.26752,34.16453],[-81.27011,34.16615],[-81.26514,34.17073],[-81.26304,34.17363],[-81.25949,34.17634],[-81.2557,34.18169],[-81.25433,34.18966],[-81.25613,34.19006],[-81.25515,34.19364],[-81.25396,34.19388],[-81.25052,34.19707],[-81.24982,34.20074],[-81.24744,34.20311]]]}},{"type":"Feature","properties":{"zcta":"29180","d":19},"geometry":{"type":"MultiPolygon","coordinates":[[[[-80.86578,34.43982],[-80.86227,34.4377],[-80.86136,34.43552],[-80.85865,34.43393],[-80.8584,34.432],[-80.85467,34.4294],[-80.85468,34.42571],[-80.85766,34.426],[-80.85801,34.42434],[-80.8605,34.42479],[-80.86169,34.42683],[-80.86112,34.43075],[-80.86396,34.43006],[-80.8638,34.43142],[-80.86607,34.43483],[-80.86964,34.43766],[-80.86935,34.43958],[-80.86578,34.43982]]],[[[-81.25107,34.33583],[-81.2495,34.33822],[-81.24915,34.3423],[-81.24823,34.34409],[-81.24572,34.3451],[-81.24149,34.34946],[-81.23867,34.3512],[-81.23945,34.35622],[-81.24098,34.35728],[-81.24451,34.35768],[-81.244,34.35921],[-81.24158,34.35941],[-81.24271,34.36182],[-81.24559,34.36383],[-81.24551,34.36663],[-81.24428,34.36777],[-81.24238,34.37327],[-81.24323,34.37515],[-81.24551,34.37677],[-81.24458,34.38113],[-81.24279,34.3826],[-81.24242,34.38457],[-81.24365,34.38854],[-81.24203,34.39111],[-81.24422,34.39175],[-81.24801,34.39526],[-81.24962,34.39866],[-81.24902,34.40352],[-81.24381,34.40512],[-81.24135,34.40761],[-81.24068,34.41188],[-81.25246,34.41615],[-81.25412,34.42441],[-81.24919,34.4241],[-81.24658,34.42258],[-81.24127,34.42097],[-81.23845,34.41832],[-81.23402,34.41856],[-81.23393,34.42252],[-81.23215,34.42396],[-81.23082,34.42741],[-81.22859,34.42964],[-81.22856,34.4327],[-81.226,34.43392],[-81.22317,34.43406],[-81.21885,34.44014],[-81.21519,34.44204],[-81.21281,34.4416],[-81.20543,34.44151],[-81.20027,34.44377],[-81.19773,34.44353],[-81.19611,34.44463],[-81.18932,34.44405],[-81.18558,34.44613],[-81.18194,34.44994],[-81.18333,34.45475],[-81.18123,34.45607],[-81.18112,34.4581],[-81.17848,34.46083],[-81.17754,34.46409],[-81.17801,34.46763],[-81.17477,34.46796],[-81.17195,34.47499],[-81.1704,34.47773],[-81.16864,34.47753],[-81.16473,34.47989],[-81.16364,34.48478],[-81.15885,34.48819],[-81.15855,34.48986],[-81.15639,34.4907],[-81.1494,34.49123],[-81.14738,34.49036],[-81.14077,34.48987],[-81.13754,34.48309],[-81.13512,34.48126],[-81.12379,34.4768],[-81.11983,34.47679],[-81.12607,34.47954],[-81.13145,34.48283],[-81.13751,34.48714],[-81.1401,34.49151],[-81.14085,34.4968],[-81.1367,34.49826],[-81.13421,34.4984],[-81.13333,34.49698],[-81.13015,34.49718],[-81.12539,34.49486],[-81.12436,34.49058],[-81.1257,34.48994],[-81.12431,34.48758],[-81.11991,34.48843],[-81.11823,34.49185],[-81.11545,34.49255],[-81.11284,34.49657],[-81.1079,34.49598],[-81.10116,34.49837],[-81.09916,34.49689],[-81.09702,34.49729],[-81.09341,34.49458],[-81.08603,34.49314],[-81.08429,34.49357],[-81.078,34.49297],[-81.07517,34.49461],[-81.07449,34.49652],[-81.07073,34.4989],[-81.06738,34.49867],[-81.06698,34.49969],[-81.06022,34.50066],[-81.05878,34.49976],[-81.05564,34.50164],[-81.05471,34.50041],[-81.05155,34.50002],[-81.04855,34.50321],[-81.04457,34.50024],[-81.0431,34.49782],[-81.04343,34.49558],[-81.04115,34.49824],[-81.03813,34.49963],[-81.0353,34.49689],[-81.03278,34.49895],[-81.03045,34.49666],[-81.02544,34.49653],[-81.0246,34.49406],[-81.02181,34.49366],[-81.01765,34.49621],[-81.01701,34.49502],[-81.01754,34.49142],[-81.0118,34.50138],[-81.00972,34.50307],[-81.00401,34.50525],[-80.99766,34.50968],[-80.99848,34.5182],[-80.98468,34.52212],[-80.9819,34.52404],[-80.9763,34.52602],[-80.98805,34.53256],[-80.99057,34.53257],[-80.99062,34.5363],[-80.98866,34.53849],[-80.9869,34.53743],[-80.98633,34.54021],[-80.98805,34.54113],[-80.9844,34.54303],[-80.98284,34.54687],[-80.971,34.5464],[-80.96384,34.54643],[-80.96234,34.54079],[-80.96014,34.53569],[-80.95551,34.52743],[-80.96638,34.52199],[-80.96398,34.51994],[-80.96362,34.51793],[-80.96128,34.51319],[-80.95876,34.51373],[-80.9567,34.51022],[-80.95378,34.51116],[-80.94967,34.50896],[-80.94774,34.51232],[-80.94689,34.51553],[-80.94533,34.51752],[-80.94238,34.51794],[-80.93705,34.51084],[-80.93177,34.50524],[-80.92872,34.5121],[-80.92692,34.51267],[-80.92383,34.51191],[-80.92351,34.51054],[-80.92016,34.51144],[-80.91646,34.50981],[-80.91457,34.51094],[-80.90921,34.50952],[-80.90724,34.50807],[-80.90272,34.51009],[-80.89861,34.5105],[-80.89368,34.51242],[-80.8917,34.51038],[-80.89239,34.50657],[-80.89439,34.50456],[-80.89294,34.49983],[-80.89503,34.49618],[-80.8944,34.49435],[-80.89719,34.49168],[-80.89872,34.48669],[-80.89608,34.48385],[-80.88825,34.46787],[-80.90085,34.46914],[-80.90824,34.47086],[-80.91456,34.47084],[-80.9169,34.46988],[-80.91244,34.46958],[-80.91173,34.46839],[-80.9069,34.46864],[-80.90169,34.46425],[-80.90058,34.46187],[-80.89844,34.4652],[-80.8949,34.46404],[-80.89419,34.46263],[-80.89271,34.46513],[-80.89057,34.465],[-80.88617,34.46113],[-80.88301,34.45926],[-80.88228,34.45683],[-80.88648,34.45451],[-80.8847,34.45397],[-80.88126,34.45525],[-80.88099,34.45079],[-80.87805,34.45101],[-80.87954,34.44822],[-80.87714,34.44774],[-80.87529,34.44988],[-80.87171,34.44633],[-80.87084,34.44321],[-80.87209,34.44033],[-80.8748,34.44142],[-80.87367,34.4387],[-80.87594,34.43855],[-80.87392,34.43546],[-80.86992,34.43683],[-80.86672,34.43463],[-80.86682,34.43022],[-80.86588,34.42762],[-80.86432,34.42743],[-80.86254,34.42501],[-80.86582,34.42614],[-80.86732,34.4229],[-80.8702,34.42636],[-80.86976,34.42748],[-80.87251,34.42714],[-80.87411,34.42513],[-80.87649,34.42582],[-80.87605,34.4244],[-80.87909,34.42398],[-80.88417,34.42125],[-80.88616,34.42245],[-80.88878,34.41961],[-80.88702,34.41744],[-80.88498,34.41699],[-80.89012,34.41334],[-80.89101,34.41083],[-80.89037,34.40749],[-80.8941,34.40604],[-80.89628,34.40122],[-80.89935,34.40155],[-80.90361,34.39995],[-80.90341,34.39826],[-80.90525,34.39791],[-80.9102,34.40014],[-80.9155,34.3993],[-80.91652,34.39418],[-80.91815,34.39317],[-80.91919,34.3859],[-80.91766,34.38358],[-80.91868,34.38075],[-80.91785,34.37811],[-80.91968,34.3769],[-80.92493,34.38513],[-80.92648,34.38558],[-80.93685,34.38115],[-80.93825,34.37906],[-80.94092,34.3783],[-80.94244,34.37648],[-80.94453,34.37609],[-80.94799,34.37328],[-80.95274,34.37034],[-80.95456,34.36797],[-80.95606,34.35808],[-80.95806,34.35625],[-80.96131,34.35708],[-80.96952,34.35576],[-80.9746,34.35773],[-80.9763,34.36331],[-80.98028,34.36388],[-80.98335,34.36162],[-80.98578,34.36168],[-80.98757,34.36024],[-80.9881,34.35811],[-80.99166,34.35813],[-80.99668,34.36235],[-81.00295,34.36579],[-81.00839,34.3652],[-81.01238,34.36294],[-81.01589,34.36435],[-81.01678,34.36557],[-81.02057,34.36642],[-81.0197,34.35935],[-81.02283,34.35964],[-81.0238,34.35869],[-81.02403,34.35475],[-81.02766,34.35048],[-81.02679,34.34606],[-81.0293,34.3407],[-81.03356,34.33745],[-81.03484,34.33515],[-81.03885,34.33391],[-81.03997,34.3299],[-81.03788,34.32974],[-81.03751,34.32642],[-81.03835,34.32346],[-81.04063,34.32149],[-81.04084,34.31841],[-81.04396,34.31799],[-81.04764,34.31591],[-81.04784,34.31349],[-81.05032,34.31821],[-81.05017,34.32163],[-81.05297,34.32538],[-81.07155,34.33688],[-81.07118,34.33646],[-81.05411,34.32572],[-81.0523,34.32372],[-81.05097,34.31861],[-81.04863,34.31375],[-81.05237,34.31259],[-81.05518,34.31072],[-81.05954,34.31078],[-81.06205,34.30743],[-81.05973,34.30801],[-81.05931,34.30649],[-81.06385,34.30551],[-81.06227,34.30069],[-81.0589,34.29987],[-81.06052,34.29874],[-81.05802,34.29605],[-81.05646,34.28418],[-81.05892,34.27575],[-81.06379,34.26995],[-81.06793,34.26602],[-81.06921,34.26338],[-81.07197,34.26018],[-81.07302,34.2517],[-81.07392,34.25012],[-81.07807,34.25509],[-81.09278,34.24796],[-81.09384,34.24836],[-81.09163,34.26616],[-81.09457,34.25559],[-81.09372,34.25123],[-81.09392,34.24804],[-81.0969,34.24624],[-81.09767,34.24457],[-81.09722,34.23904],[-81.09841,34.23699],[-81.0987,34.23405],[-81.10094,34.2324],[-81.10257,34.22922],[-81.10437,34.22388],[-81.11207,34.21956],[-81.115,34.21558],[-81.12051,34.21605],[-81.12481,34.21571],[-81.13973,34.21692],[-81.13605,34.21113],[-81.13462,34.20655],[-81.1261,34.2053],[-81.12127,34.2067],[-81.12061,34.20106],[-81.11832,34.20047],[-81.11783,34.19874],[-81.11886,34.19619],[-81.12068,34.19467],[-81.11436,34.19057],[-81.1143,34.18939],[-81.11705,34.18979],[-81.12153,34.18913],[-81.12081,34.18798],[-81.11262,34.18113],[-81.11107,34.17541],[-81.10934,34.17178],[-81.10995,34.1698],[-81.10841,34.16584],[-81.10994,34.16285],[-81.11385,34.1629],[-81.1174,34.15946],[-81.12245,34.16316],[-81.12383,34.16113],[-81.12318,34.15931],[-81.12797,34.15581],[-81.13407,34.15779],[-81.13606,34.15463],[-81.11839,34.14138],[-81.12055,34.13934],[-81.12414,34.13815],[-81.12735,34.13809],[-81.13386,34.13519],[-81.13439,34.13371],[-81.13815,34.14065],[-81.13837,34.13837],[-81.1371,34.13334],[-81.14034,34.14032],[-81.1443,34.14707],[-81.14517,34.15181],[-81.14824,34.15663],[-81.15347,34.16067],[-81.15578,34.16364],[-81.16374,34.16547],[-81.1741,34.1728],[-81.18493,34.17799],[-81.19213,34.18344],[-81.20165,34.18879],[-81.2052,34.19233],[-81.20841,34.19433],[-81.21372,34.19512],[-81.21873,34.1968],[-81.2207,34.19945],[-81.22185,34.20302],[-81.22641,34.20569],[-81.23046,34.20581],[-81.23599,34.20464],[-81.24592,34.20394],[-81.24744,34.20311],[-81.25127,34.20295],[-81.25418,34.20464],[-81.25929,34.20894],[-81.26223,34.21384],[-81.26457,34.21586],[-81.26632,34.21889],[-81.26951,34.22184],[-81.27313,34.22281],[-81.27572,34.22533],[-81.27824,34.22963],[-81.28411,34.23303],[-81.29267,34.23576],[-81.2966,34.23739],[-81.30247,34.23813],[-81.3067,34.23765],[-81.30799,34.23997],[-81.29285,34.2477],[-81.26986,34.25703],[-81.26668,34.25814],[-81.26265,34.25645],[-81.26382,34.25551],[-81.26301,34.2519],[-81.26044,34.25657],[-81.25574,34.25315],[-81.25305,34.25378],[-81.25505,34.2556],[-81.26331,34.26124],[-81.24394,34.27378],[-81.24593,34.27601],[-81.24588,34.27843],[-81.24765,34.28106],[-81.24809,34.28419],[-81.2464,34.28669],[-81.24804,34.28903],[-81.24869,34.29212],[-81.24732,34.29355],[-81.25005,34.29543],[-81.25014,34.29802],[-81.24851,34.30316],[-81.24863,34.3066],[-81.25026,34.30915],[-81.24876,34.31133],[-81.2503,34.31348],[-81.25447,34.31395],[-81.2553,34.31497],[-81.25593,34.31933],[-81.26039,34.32188],[-81.26024,34.32518],[-81.25628,34.32783],[-81.25607,34.33391],[-81.25107,34.33583]]]]}},{"type":"Feature","properties":{"zcta":"29130","d":20},"geometry":{"type":"Polygon","coordinates":[[[-80.88293,34.46337],[-80.87923,34.45778],[-80.87564,34.45405],[-80.87463,34.4538],[-80.87018,34.4496],[-80.86727,34.44459],[-80.86233,34.4412],[-80.85623,34.4353],[-80.84899,34.43012],[-80.8442,34.42445],[-80.83858,34.41899],[-80.83321,34.41483],[-80.82565,34.41187],[-80.82099,34.41215],[-80.81067,34.41461],[-80.80563,34.41379],[-80.79906,34.41396],[-80.79348,34.4133],[-80.78873,34.41045],[-80.78321,34.40649],[-80.78188,34.40255],[-80.78361,34.39954],[-80.78438,34.39467],[-80.78345,34.3886],[-80.78144,34.38586],[-80.76993,34.37711],[-80.75924,34.37573],[-80.74537,34.37597],[-80.74031,34.37582],[-80.73712,34.37244],[-80.71723,34.35689],[-80.71025,34.34966],[-80.70141,34.33904],[-80.69808,34.33418],[-80.69915,34.33233],[-80.69789,34.32405],[-80.70064,34.321],[-80.70072,34.31683],[-80.70166,34.31617],[-80.70594,34.31757],[-80.70895,34.31784],[-80.71322,34.31572],[-80.71638,34.31487],[-80.71818,34.31184],[-80.72043,34.31036],[-80.72161,34.30504],[-80.72191,34.30637],[-80.7256,34.30508],[-80.72792,34.30513],[-80.72829,34.30654],[-80.73833,34.30271],[-80.74062,34.30599],[-80.73853,34.30633],[-80.73939,34.31217],[-80.74061,34.31577],[-80.7387,34.31577],[-80.74026,34.321],[-80.7506,34.32066],[-80.74997,34.3125],[-80.74277,34.30541],[-80.74181,34.30579],[-80.74148,34.30188],[-80.74517,34.3036],[-80.74667,34.30326],[-80.74616,34.30013],[-80.75356,34.29817],[-80.75775,34.30339],[-80.75803,34.30506],[-80.76419,34.30494],[-80.76352,34.30303],[-80.76747,34.30152],[-80.76982,34.30448],[-80.77198,34.30436],[-80.77449,34.29878],[-80.77951,34.30597],[-80.78252,34.30457],[-80.78365,34.3004],[-80.78625,34.29736],[-80.78551,34.29395],[-80.78852,34.28911],[-80.787,34.28786],[-80.79132,34.28639],[-80.79043,34.28478],[-80.7923,34.28382],[-80.79203,34.28179],[-80.79389,34.28309],[-80.79453,34.28188],[-80.79682,34.28371],[-80.79701,34.27967],[-80.80031,34.2768],[-80.80025,34.27589],[-80.80581,34.2718],[-80.80825,34.26437],[-80.80819,34.26289],[-80.80972,34.26406],[-80.81508,34.26422],[-80.81423,34.26681],[-80.81986,34.26937],[-80.81951,34.27138],[-80.82429,34.27194],[-80.82575,34.2691],[-80.82904,34.27019],[-80.83126,34.27185],[-80.8349,34.27308],[-80.8545,34.27543],[-80.85496,34.27747],[-80.8609,34.27757],[-80.86306,34.27643],[-80.86843,34.27705],[-80.88036,34.27859],[-80.88758,34.27796],[-80.89351,34.28076],[-80.8966,34.27824],[-80.90749,34.27582],[-80.90854,34.27469],[-80.90979,34.2689],[-80.90879,34.26103],[-80.90906,34.25858],[-80.90754,34.25293],[-80.90698,34.24887],[-80.90749,34.24503],[-80.91008,34.2411],[-80.91418,34.23238],[-80.91632,34.22986],[-80.91801,34.2333],[-80.9227,34.23899],[-80.9289,34.24488],[-80.93298,34.25182],[-80.93301,34.2556],[-80.95885,34.25239],[-80.9629,34.24619],[-80.9619,34.25202],[-80.9673,34.25063],[-80.97072,34.2534],[-80.96699,34.25699],[-80.97792,34.25896],[-80.98238,34.25891],[-80.98372,34.25585],[-80.99189,34.25602],[-80.99306,34.25373],[-80.99744,34.25266],[-80.9985,34.25402],[-80.99957,34.24591],[-80.99932,34.24255],[-81.01218,34.2395],[-81.03922,34.23254],[-81.04226,34.23468],[-81.04253,34.2366],[-81.04474,34.23667],[-81.04659,34.23521],[-81.05099,34.23429],[-81.05422,34.2343],[-81.05565,34.23286],[-81.05755,34.23366],[-81.06123,34.228],[-81.06272,34.22882],[-81.06519,34.23378],[-81.06094,34.23419],[-81.0607,34.23636],[-81.05723,34.23795],[-81.05687,34.23922],[-81.06254,34.24035],[-81.06743,34.24414],[-81.0687,34.2474],[-81.06822,34.24885],[-81.07302,34.2517],[-81.07197,34.26018],[-81.06921,34.26338],[-81.06793,34.26602],[-81.06379,34.26995],[-81.05892,34.27575],[-81.05646,34.28418],[-81.05802,34.29605],[-81.06052,34.29874],[-81.0589,34.29987],[-81.06227,34.30069],[-81.06385,34.30551],[-81.05931,34.30649],[-81.05973,34.30801],[-81.06205,34.30743],[-81.05954,34.31078],[-81.05518,34.31072],[-81.05237,34.31259],[-81.04863,34.31375],[-81.05097,34.31861],[-81.0523,34.32372],[-81.05411,34.32572],[-81.07118,34.33646],[-81.07155,34.33688],[-81.05297,34.32538],[-81.05017,34.32163],[-81.05032,34.31821],[-81.04784,34.31349],[-81.04764,34.31591],[-81.04396,34.31799],[-81.04084,34.31841],[-81.04063,34.32149],[-81.03835,34.32346],[-81.03751,34.32642],[-81.03788,34.32974],[-81.03997,34.3299],[-81.03885,34.33391],[-81.03484,34.33515],[-81.03356,34.33745],[-81.0293,34.3407],[-81.02679,34.34606],[-81.02766,34.35048],[-81.02403,34.35475],[-81.0238,34.35869],[-81.02283,34.35964],[-81.0197,34.35935],[-81.02057,34.36642],[-81.01678,34.36557],[-81.01589,34.36435],[-81.01238,34.36294],[-81.00839,34.3652],[-81.00295,34.36579],[-80.99668,34.36235],[-80.99166,34.35813],[-80.9881,34.35811],[-80.98757,34.36024],[-80.98578,34.36168],[-80.98335,34.36162],[-80.98028,34.36388],[-80.9763,34.36331],[-80.9746,34.35773],[-80.96952,34.35576],[-80.96131,34.35708],[-80.95806,34.35625],[-80.95606,34.35808],[-80.95456,34.36797],[-80.95274,34.37034],[-80.94799,34.37328],[-80.94453,34.37609],[-80.94244,34.37648],[-80.94092,34.3783],[-80.93825,34.37906],[-80.93685,34.38115],[-80.92648,34.38558],[-80.92493,34.38513],[-80.91968,34.3769],[-80.91785,34.37811],[-80.91868,34.38075],[-80.91766,34.38358],[-80.91919,34.3859],[-80.91815,34.39317],[-80.91652,34.39418],[-80.9155,34.3993],[-80.9102,34.40014],[-80.90525,34.39791],[-80.90341,34.39826],[-80.90361,34.39995],[-80.89935,34.40155],[-80.89628,34.40122],[-80.8941,34.40604],[-80.89037,34.40749],[-80.89101,34.41083],[-80.89012,34.41334],[-80.88498,34.41699],[-80.88702,34.41744],[-80.88878,34.41961],[-80.88616,34.42245],[-80.88417,34.42125],[-80.87909,34.42398],[-80.87605,34.4244],[-80.87649,34.42582],[-80.87411,34.42513],[-80.87251,34.42714],[-80.86976,34.42748],[-80.8702,34.42636],[-80.86732,34.4229],[-80.86582,34.42614],[-80.86254,34.42501],[-80.86432,34.42743],[-80.86588,34.42762],[-80.86682,34.43022],[-80.86672,34.43463],[-80.86992,34.43683],[-80.87392,34.43546],[-80.87594,34.43855],[-80.87367,34.4387],[-80.8748,34.44142],[-80.87209,34.44033],[-80.87084,34.44321],[-80.87171,34.44633],[-80.87529,34.44988],[-80.87714,34.44774],[-80.87954,34.44822],[-80.87805,34.45101],[-80.88099,34.45079],[-80.88126,34.45525],[-80.8847,34.45397],[-80.88648,34.45451],[-80.88228,34.45683],[-80.88301,34.45926],[-80.88617,34.46113],[-80.89057,34.465],[-80.89271,34.46513],[-80.89419,34.46263],[-80.8949,34.46404],[-80.89844,34.4652],[-80.90058,34.46187],[-80.90169,34.46425],[-80.9069,34.46864],[-80.91173,34.46839],[-80.91244,34.46958],[-80.9169,34.46988],[-80.91456,34.47084],[-80.90824,34.47086],[-80.90085,34.46914],[-80.88825,34.46787],[-80.88293,34.46337]],[[-80.86964,34.43766],[-80.86607,34.43483],[-80.8638,34.43142],[-80.86396,34.43006],[-80.86112,34.43075],[-80.86169,34.42683],[-80.8605,34.42479],[-80.85801,34.42434],[-80.85766,34.426],[-80.85468,34.42571],[-80.85467,34.4294],[-80.8584,34.432],[-80.85865,34.43393],[-80.86136,34.43552],[-80.86227,34.4377],[-80.86578,34.43982],[-80.86935,34.43958],[-80.86964,34.43766]]]}},{"type":"Feature","properties":{"zcta":"29073","d":297},"geometry":{"type":"Polygon","coordinates":[[[-81.31525,33.9173],[-81.30939,33.91949],[-81.29377,33.9248],[-81.29003,33.92675],[-81.26251,33.94202],[-81.23659,33.95607],[-81.23176,33.958],[-81.2033,33.96766],[-81.19874,33.97015],[-81.19713,33.97305],[-81.1915,33.98609],[-81.18753,33.99004],[-81.17991,33.99355],[-81.17601,33.99648],[-81.17112,34.00174],[-81.16596,34.00423],[-81.14472,34.01287],[-81.14173,34.01444],[-81.12851,34.02547],[-81.12575,34.02473],[-81.12687,34.02152],[-81.12463,34.02086],[-81.12545,34.01878],[-81.133,34.01849],[-81.13391,34.01626],[-81.13578,34.01815],[-81.13814,34.01629],[-81.13845,34.01162],[-81.13465,34.01077],[-81.13422,34.00957],[-81.13964,34.00892],[-81.14013,34.00791],[-81.14327,34.00794],[-81.1431,34.01087],[-81.14528,34.01121],[-81.14134,34.01417],[-81.14602,34.01167],[-81.1461,34.00884],[-81.14942,34.0081],[-81.1492,34.00429],[-81.14615,33.99778],[-81.14187,34.00016],[-81.14053,33.99875],[-81.13619,34.00045],[-81.1339,33.99964],[-81.13271,34.0012],[-81.12996,33.9989],[-81.12713,33.99916],[-81.1264,33.99389],[-81.12968,33.9955],[-81.13163,33.99404],[-81.13163,33.98894],[-81.12824,33.98339],[-81.13355,33.9824],[-81.13366,33.97675],[-81.13583,33.97669],[-81.13462,33.97335],[-81.13825,33.972],[-81.1403,33.97851],[-81.14287,33.97249],[-81.14422,33.97078],[-81.16265,33.97432],[-81.16191,33.96927],[-81.16276,33.96782],[-81.16615,33.96682],[-81.16524,33.97462],[-81.16856,33.97489],[-81.17535,33.97187],[-81.17463,33.96918],[-81.17848,33.96753],[-81.1754,33.96229],[-81.17815,33.96122],[-81.17508,33.95586],[-81.17769,33.95517],[-81.18158,33.94996],[-81.18494,33.94957],[-81.18743,33.95249],[-81.18881,33.95134],[-81.18806,33.94987],[-81.19193,33.94832],[-81.19135,33.9457],[-81.18927,33.94312],[-81.1872,33.94344],[-81.18717,33.94146],[-81.18494,33.93344],[-81.18288,33.93008],[-81.17891,33.9278],[-81.18215,33.92806],[-81.18271,33.92662],[-81.18548,33.92546],[-81.18432,33.92334],[-81.18533,33.92116],[-81.18387,33.92127],[-81.18169,33.91879],[-81.17754,33.91829],[-81.1775,33.91557],[-81.1864,33.91369],[-81.18748,33.91482],[-81.19056,33.91307],[-81.19072,33.9117],[-81.19316,33.90984],[-81.19269,33.908],[-81.18467,33.90746],[-81.18269,33.90624],[-81.17963,33.90127],[-81.17658,33.90051],[-81.17479,33.89824],[-81.18232,33.89838],[-81.18372,33.89633],[-81.18555,33.89588],[-81.18018,33.88664],[-81.17658,33.8904],[-81.17217,33.8823],[-81.166,33.88653],[-81.16431,33.88535],[-81.16278,33.88128],[-81.16079,33.88013],[-81.16104,33.87272],[-81.17169,33.86788],[-81.16873,33.8665],[-81.16598,33.86728],[-81.16208,33.86712],[-81.16035,33.8654],[-81.16259,33.85979],[-81.16512,33.8586],[-81.16629,33.85688],[-81.17082,33.85337],[-81.17709,33.85309],[-81.17914,33.84854],[-81.17545,33.84537],[-81.17376,33.84272],[-81.1751,33.83926],[-81.17657,33.83823],[-81.18037,33.83328],[-81.1829,33.83157],[-81.18488,33.8277],[-81.18943,33.82359],[-81.19667,33.81938],[-81.18166,33.81815],[-81.18585,33.81456],[-81.18952,33.80872],[-81.18498,33.80143],[-81.1899,33.79797],[-81.19437,33.79674],[-81.20015,33.79354],[-81.20379,33.78921],[-81.20543,33.79469],[-81.2068,33.79735],[-81.2095,33.79642],[-81.21272,33.79374],[-81.21281,33.79567],[-81.20692,33.79786],[-81.2083,33.80101],[-81.21661,33.80407],[-81.21725,33.8113],[-81.21587,33.81401],[-81.21749,33.81659],[-81.22005,33.8162],[-81.22397,33.81899],[-81.22525,33.81636],[-81.22868,33.8174],[-81.22761,33.82101],[-81.2353,33.82201],[-81.23642,33.81845],[-81.23906,33.81896],[-81.23809,33.82222],[-81.23936,33.82226],[-81.24946,33.82666],[-81.24954,33.82904],[-81.25161,33.83104],[-81.25195,33.83408],[-81.26103,33.83086],[-81.26337,33.83428],[-81.26823,33.8358],[-81.27054,33.83395],[-81.27481,33.83512],[-81.27545,33.83189],[-81.28248,33.83502],[-81.28282,33.83257],[-81.28445,33.83607],[-81.28596,33.8354],[-81.28966,33.83617],[-81.2898,33.83972],[-81.29652,33.83914],[-81.29807,33.8397],[-81.30149,33.83603],[-81.30552,33.83919],[-81.3089,33.83937],[-81.31673,33.83175],[-81.32041,33.83412],[-81.32364,33.83514],[-81.32438,33.83149],[-81.32715,33.83415],[-81.33787,33.83328],[-81.33833,33.8359],[-81.34441,33.83559],[-81.34449,33.83718],[-81.3468,33.83711],[-81.34568,33.8386],[-81.34041,33.83891],[-81.34059,33.84505],[-81.33731,33.84516],[-81.33759,33.8486],[-81.33421,33.84876],[-81.33455,33.85368],[-81.33314,33.85376],[-81.33158,33.8563],[-81.32684,33.85757],[-81.33007,33.86117],[-81.33871,33.86923],[-81.34194,33.8761],[-81.34548,33.88028],[-81.34205,33.8818],[-81.34266,33.88778],[-81.33707,33.88961],[-81.33747,33.89208],[-81.33953,33.89495],[-81.3456,33.89952],[-81.33955,33.90331],[-81.32583,33.91136],[-81.31525,33.9173]]]}}]}