{"type":"FeatureCollection","features":[{"type":"Feature","properties":{"zcta":"27562","d":44},"geometry":{"type":"Polygon","coordinates":[[[-79.02559,35.70109],[-79.0193,35.69925],[-79.01514,35.70357],[-79.01461,35.69967],[-79.00836,35.70292],[-79.01093,35.70676],[-79.00727,35.70437],[-79.00512,35.70683],[-79.00653,35.70911],[-79.00441,35.70828],[-79.00426,35.71108],[-79.00123,35.7084],[-78.99923,35.71025],[-78.99963,35.71229],[-79.00359,35.71558],[-79.0014,35.7155],[-78.99927,35.71738],[-79.00022,35.71474],[-78.99849,35.71248],[-78.99001,35.71201],[-78.98893,35.71113],[-78.98699,35.71442],[-78.98311,35.71467],[-78.98,35.71878],[-78.98146,35.71441],[-78.98363,35.71218],[-78.98272,35.71157],[-78.97607,35.71152],[-78.97039,35.71018],[-78.96753,35.71062],[-78.96561,35.71214],[-78.96055,35.71401],[-78.95934,35.71537],[-78.95593,35.71608],[-78.96255,35.69824],[-78.9591,35.69827],[-78.95855,35.69954],[-78.95288,35.69888],[-78.95269,35.70215],[-78.94957,35.70213],[-78.94946,35.70373],[-78.94211,35.70323],[-78.94031,35.70165],[-78.93558,35.70078],[-78.93055,35.70116],[-78.93066,35.69875],[-78.92652,35.69879],[-78.92634,35.6941],[-78.91977,35.69599],[-78.91966,35.69904],[-78.91626,35.69786],[-78.91124,35.69778],[-78.91125,35.69471],[-78.91242,35.69304],[-78.91818,35.68985],[-78.9186,35.6889],[-78.9132,35.6916],[-78.90805,35.6792],[-78.90041,35.68281],[-78.91831,35.6739],[-78.9256,35.67081],[-78.92067,35.66752],[-78.92192,35.66294],[-78.92095,35.66071],[-78.92187,35.6525],[-78.9209,35.6509],[-78.92325,35.64472],[-78.92246,35.64316],[-78.91889,35.64071],[-78.91701,35.63254],[-78.91761,35.62726],[-78.91543,35.62404],[-78.91061,35.61805],[-78.90996,35.61625],[-78.90081,35.62284],[-78.8978,35.62424],[-78.8979,35.62156],[-78.89521,35.62196],[-78.89509,35.624],[-78.8917,35.62388],[-78.89168,35.62524],[-78.88289,35.6252],[-78.88012,35.62423],[-78.8804,35.6207],[-78.88198,35.62098],[-78.89061,35.62039],[-78.89773,35.61825],[-78.89965,35.61549],[-78.90351,35.61466],[-78.90484,35.61306],[-78.91011,35.61042],[-78.91328,35.61062],[-78.91373,35.60916],[-78.91654,35.60784],[-78.92262,35.60319],[-78.92935,35.59593],[-78.9324,35.59465],[-78.93685,35.59445],[-78.93907,35.5921],[-78.93924,35.59011],[-78.93562,35.58663],[-78.94166,35.5887],[-78.94057,35.58604],[-78.94244,35.58726],[-78.9462,35.58479],[-78.94447,35.58277],[-78.94848,35.5817],[-78.94639,35.57902],[-78.95007,35.58103],[-78.95824,35.57857],[-78.96512,35.57497],[-78.96632,35.57227],[-78.96493,35.56936],[-78.96276,35.56883],[-78.96447,35.56684],[-78.96243,35.56464],[-78.95875,35.5645],[-78.95547,35.56583],[-78.95332,35.56297],[-78.95143,35.56189],[-78.94507,35.56092],[-78.94366,35.55383],[-78.94212,35.55269],[-78.96312,35.52894],[-78.96878,35.52254],[-78.97267,35.52644],[-78.97519,35.53037],[-78.97502,35.53229],[-78.97834,35.53412],[-78.98442,35.53859],[-78.9851,35.54195],[-78.98674,35.54326],[-78.98944,35.5436],[-78.98832,35.55032],[-78.98559,35.55117],[-78.98368,35.55057],[-78.9825,35.55254],[-78.97781,35.55374],[-78.97918,35.55624],[-78.98148,35.55672],[-78.98126,35.55899],[-78.98225,35.56221],[-78.98111,35.56332],[-78.98138,35.57231],[-78.98332,35.57373],[-78.98673,35.57449],[-78.9923,35.57436],[-78.99514,35.57256],[-78.99514,35.57837],[-78.99659,35.57849],[-78.99846,35.58593],[-78.99409,35.58666],[-78.9937,35.59096],[-78.99833,35.59089],[-78.9972,35.59268],[-78.99747,35.59824],[-78.99654,35.59817],[-78.997,35.60485],[-78.99429,35.60479],[-78.99442,35.60783],[-78.99654,35.61377],[-78.99947,35.61872],[-79.00251,35.62038],[-79.00741,35.61913],[-79.01103,35.61629],[-79.01678,35.61687],[-79.01813,35.61858],[-79.02067,35.61874],[-79.02381,35.61549],[-79.02715,35.61614],[-79.02882,35.61448],[-79.03398,35.61511],[-79.03294,35.61883],[-79.02838,35.62368],[-79.02614,35.6291],[-79.02193,35.6333],[-79.01971,35.63479],[-79.0049,35.64273],[-79.00743,35.64094],[-79.00651,35.63939],[-79.00352,35.63832],[-79.00273,35.63304],[-79.004,35.62962],[-79.00258,35.62561],[-78.99167,35.63324],[-78.9877,35.63135],[-78.98306,35.64445],[-78.99803,35.64367],[-79.00552,35.64438],[-79.01256,35.64462],[-79.01688,35.64425],[-79.02291,35.64303],[-79.03461,35.63956],[-79.02913,35.62725],[-79.03021,35.62538],[-79.03196,35.62628],[-79.03848,35.62592],[-79.03835,35.61893],[-79.0345,35.61878],[-79.03829,35.61596],[-79.04311,35.6149],[-79.04144,35.61324],[-79.04447,35.61215],[-79.04901,35.61272],[-79.05717,35.61546],[-79.05705,35.62424],[-79.05803,35.62688],[-79.06269,35.63505],[-79.06413,35.63894],[-79.06527,35.64714],[-79.06831,35.65496],[-79.0709,35.65702],[-79.0718,35.65896],[-79.06916,35.66048],[-79.06626,35.6655],[-79.06513,35.6748],[-79.06675,35.67755],[-79.06639,35.67948],[-79.06389,35.68027],[-79.05896,35.67985],[-79.05687,35.68492],[-79.05303,35.68703],[-79.05526,35.68902],[-79.05552,35.69114],[-79.05098,35.6946],[-79.04137,35.69924],[-79.03846,35.70021],[-79.03272,35.70082],[-79.02559,35.70109]]]}},{"type":"Feature","properties":{"zcta":"27542","d":52},"geometry":{"type":"Polygon","coordinates":[[[-78.2345,35.67935],[-78.23201,35.6802],[-78.21732,35.68213],[-78.21702,35.67926],[-78.21274,35.67857],[-78.21194,35.68152],[-78.2079,35.68074],[-78.20173,35.69292],[-78.20234,35.69504],[-78.19838,35.69751],[-78.19558,35.69699],[-78.19109,35.69456],[-78.18744,35.6942],[-78.18545,35.69573],[-78.18083,35.69665],[-78.17344,35.69748],[-78.17408,35.70238],[-78.17653,35.70334],[-78.17552,35.70517],[-78.18137,35.70653],[-78.18016,35.70855],[-78.17335,35.70794],[-78.17263,35.71342],[-78.16802,35.71085],[-78.16736,35.71241],[-78.16539,35.71249],[-78.16219,35.71081],[-78.16219,35.71319],[-78.16002,35.71313],[-78.15285,35.70931],[-78.14822,35.70945],[-78.14627,35.70871],[-78.14398,35.70588],[-78.14152,35.70435],[-78.14098,35.70193],[-78.13777,35.69943],[-78.13364,35.69857],[-78.12864,35.69626],[-78.12554,35.69417],[-78.12543,35.69293],[-78.11783,35.69148],[-78.11424,35.69327],[-78.11085,35.69259],[-78.10925,35.69135],[-78.1095,35.69376],[-78.11161,35.69857],[-78.11526,35.70253],[-78.10862,35.70294],[-78.10777,35.70846],[-78.10613,35.71376],[-78.09803,35.71461],[-78.0899,35.71019],[-78.08458,35.70898],[-78.08395,35.70732],[-78.08401,35.69975],[-78.08342,35.70066],[-78.08028,35.69874],[-78.07647,35.69753],[-78.07465,35.69865],[-78.07056,35.69932],[-78.0684,35.69612],[-78.06499,35.69534],[-78.06238,35.69774],[-78.06235,35.69634],[-78.06875,35.693],[-78.07912,35.68347],[-78.08545,35.68087],[-78.08515,35.67585],[-78.08217,35.67387],[-78.08217,35.67258],[-78.0796,35.67258],[-78.07967,35.66999],[-78.08656,35.66436],[-78.09483,35.66418],[-78.09689,35.66347],[-78.09525,35.66028],[-78.09563,35.65679],[-78.09752,35.65387],[-78.0968,35.65039],[-78.10027,35.64082],[-78.10295,35.63752],[-78.10134,35.6291],[-78.0983,35.62393],[-78.09428,35.62218],[-78.09306,35.62017],[-78.09264,35.61565],[-78.09026,35.61317],[-78.08567,35.61051],[-78.07757,35.61014],[-78.07148,35.61246],[-78.06505,35.613],[-78.04679,35.61513],[-78.04836,35.60811],[-78.04668,35.60451],[-78.047,35.59912],[-78.04876,35.59528],[-78.04829,35.59225],[-78.0482,35.58531],[-78.04895,35.58238],[-78.04865,35.57735],[-78.05133,35.55017],[-78.05034,35.54311],[-78.05102,35.54082],[-78.0552,35.53622],[-78.06478,35.52964],[-78.06846,35.53134],[-78.07195,35.53473],[-78.07845,35.53759],[-78.08237,35.53735],[-78.07661,35.53566],[-78.07618,35.53207],[-78.0747,35.53057],[-78.07048,35.53164],[-78.07045,35.52965],[-78.06839,35.52947],[-78.06821,35.52619],[-78.06624,35.52619],[-78.06635,35.52337],[-78.06527,35.51686],[-78.06661,35.5171],[-78.07166,35.51392],[-78.07288,35.51802],[-78.07625,35.51972],[-78.08018,35.51858],[-78.08144,35.5192],[-78.08384,35.51787],[-78.08722,35.5181],[-78.08742,35.52209],[-78.08954,35.52859],[-78.08974,35.53166],[-78.0887,35.53617],[-78.09048,35.53751],[-78.0927,35.5334],[-78.11392,35.52913],[-78.11403,35.5269],[-78.12362,35.53309],[-78.12987,35.53344],[-78.13408,35.53174],[-78.13439,35.525],[-78.12942,35.526],[-78.12885,35.5174],[-78.13439,35.51606],[-78.13436,35.51466],[-78.13673,35.51456],[-78.13666,35.51201],[-78.13767,35.50727],[-78.14307,35.51109],[-78.14522,35.51512],[-78.14836,35.51506],[-78.14877,35.51726],[-78.15747,35.52019],[-78.15885,35.51991],[-78.15884,35.52162],[-78.16438,35.52396],[-78.16655,35.5254],[-78.16543,35.52935],[-78.16744,35.53201],[-78.16426,35.53546],[-78.16209,35.53527],[-78.15934,35.5387],[-78.16632,35.54431],[-78.16584,35.54671],[-78.16104,35.54765],[-78.15501,35.55024],[-78.1564,35.55198],[-78.16048,35.55108],[-78.1644,35.55237],[-78.16309,35.55578],[-78.16582,35.55892],[-78.1698,35.56088],[-78.17054,35.56206],[-78.16508,35.56523],[-78.16715,35.56833],[-78.17365,35.56598],[-78.17659,35.56745],[-78.17205,35.57424],[-78.16944,35.57599],[-78.1723,35.57915],[-78.17269,35.5765],[-78.17863,35.57835],[-78.17939,35.58173],[-78.18358,35.58541],[-78.1784,35.58484],[-78.17684,35.5862],[-78.17648,35.58867],[-78.17782,35.59077],[-78.17999,35.58906],[-78.17806,35.58734],[-78.18664,35.58857],[-78.19007,35.59015],[-78.19731,35.59508],[-78.19902,35.59848],[-78.19705,35.6006],[-78.2006,35.60217],[-78.20135,35.60578],[-78.20316,35.60869],[-78.20461,35.60933],[-78.21324,35.60888],[-78.21351,35.61299],[-78.21088,35.61185],[-78.21148,35.61395],[-78.21631,35.61358],[-78.2169,35.61144],[-78.22075,35.6114],[-78.22292,35.61305],[-78.22111,35.6183],[-78.22221,35.61975],[-78.21969,35.62114],[-78.22221,35.62287],[-78.21949,35.62501],[-78.22187,35.62878],[-78.22347,35.62922],[-78.22217,35.63131],[-78.22516,35.63341],[-78.22566,35.63656],[-78.22886,35.63645],[-78.22558,35.63836],[-78.22487,35.64052],[-78.22631,35.64346],[-78.22543,35.64716],[-78.23232,35.64537],[-78.2342,35.64763],[-78.23508,35.65099],[-78.23762,35.65386],[-78.23698,35.65571],[-78.24207,35.65646],[-78.24578,35.65389],[-78.25056,35.6613],[-78.25464,35.66288],[-78.25156,35.67043],[-78.24439,35.67417],[-78.2345,35.67935]]]}},{"type":"Feature","properties":{"zcta":"27526","d":316},"geometry":{"type":"Polygon","coordinates":[[[-78.96312,35.52894],[-78.95498,35.52367],[-78.94894,35.52325],[-78.94827,35.52508],[-78.94052,35.52703],[-78.93752,35.52984],[-78.93525,35.52957],[-78.9341,35.53264],[-78.93192,35.53195],[-78.9285,35.53282],[-78.92612,35.53474],[-78.92312,35.53529],[-78.92053,35.53906],[-78.91713,35.5406],[-78.91455,35.54053],[-78.90943,35.54371],[-78.90685,35.54392],[-78.90172,35.54847],[-78.89788,35.54735],[-78.89461,35.54757],[-78.89505,35.54521],[-78.89315,35.54736],[-78.88754,35.54785],[-78.88563,35.55327],[-78.88378,35.55402],[-78.88113,35.55889],[-78.88038,35.56253],[-78.87229,35.56172],[-78.87194,35.5626],[-78.86268,35.56255],[-78.85097,35.5637],[-78.85458,35.56483],[-78.85278,35.56573],[-78.85261,35.56903],[-78.84377,35.57279],[-78.84556,35.57521],[-78.84963,35.57431],[-78.85471,35.57405],[-78.85993,35.57447],[-78.86296,35.57375],[-78.86305,35.5716],[-78.86799,35.57335],[-78.86702,35.57624],[-78.86521,35.57813],[-78.86562,35.58021],[-78.86769,35.58242],[-78.86926,35.59047],[-78.86868,35.59304],[-78.8714,35.59635],[-78.86913,35.59713],[-78.86728,35.59933],[-78.86109,35.60106],[-78.86041,35.59701],[-78.85768,35.59681],[-78.85784,35.59118],[-78.85482,35.59083],[-78.85482,35.58987],[-78.84595,35.58937],[-78.84427,35.59196],[-78.83832,35.59036],[-78.83715,35.59765],[-78.83414,35.59765],[-78.83391,35.60414],[-78.8357,35.60625],[-78.83565,35.60835],[-78.82853,35.60749],[-78.82682,35.60228],[-78.82659,35.59898],[-78.82394,35.59893],[-78.82402,35.59706],[-78.81974,35.597],[-78.81884,35.59355],[-78.81717,35.59099],[-78.81464,35.59091],[-78.81471,35.58726],[-78.81379,35.59029],[-78.81561,35.59508],[-78.80984,35.60013],[-78.81287,35.60014],[-78.81266,35.60727],[-78.81496,35.60925],[-78.81448,35.61094],[-78.80729,35.61081],[-78.80891,35.61327],[-78.81482,35.61816],[-78.82003,35.625],[-78.81686,35.62513],[-78.81791,35.62959],[-78.81049,35.62961],[-78.8064,35.63076],[-78.80672,35.63363],[-78.80447,35.63342],[-78.80307,35.63135],[-78.80247,35.63317],[-78.79985,35.63018],[-78.7966,35.6296],[-78.79493,35.62825],[-78.79144,35.62808],[-78.7917,35.63005],[-78.79051,35.63303],[-78.79437,35.63639],[-78.79505,35.63929],[-78.79188,35.64081],[-78.79188,35.64261],[-78.79441,35.64339],[-78.79423,35.64522],[-78.79043,35.64675],[-78.78722,35.64925],[-78.78666,35.65099],[-78.78904,35.65281],[-78.78831,35.65351],[-78.7846,35.64892],[-78.78352,35.64498],[-78.78075,35.64491],[-78.78076,35.64737],[-78.77744,35.65146],[-78.77216,35.64842],[-78.76762,35.65101],[-78.76505,35.64972],[-78.76214,35.64953],[-78.75972,35.64719],[-78.7553,35.6447],[-78.74242,35.64232],[-78.73569,35.63931],[-78.73228,35.63653],[-78.72883,35.63589],[-78.72825,35.64008],[-78.72582,35.64342],[-78.72538,35.64713],[-78.72344,35.6499],[-78.72417,35.65085],[-78.72196,35.65374],[-78.7218,35.656],[-78.71797,35.65606],[-78.7203,35.65102],[-78.71744,35.65112],[-78.71877,35.64458],[-78.72364,35.64392],[-78.72644,35.63759],[-78.72792,35.63564],[-78.72414,35.63538],[-78.72132,35.63375],[-78.71898,35.63361],[-78.71477,35.6317],[-78.71305,35.62926],[-78.71041,35.62872],[-78.70953,35.6268],[-78.7072,35.62748],[-78.70579,35.62512],[-78.7021,35.62576],[-78.69992,35.62413],[-78.69784,35.61821],[-78.69519,35.6158],[-78.69597,35.61252],[-78.69887,35.61285],[-78.70356,35.61208],[-78.70742,35.61038],[-78.71171,35.61325],[-78.71637,35.61493],[-78.72508,35.61436],[-78.727,35.60635],[-78.72897,35.60315],[-78.73667,35.59851],[-78.73733,35.60079],[-78.74057,35.60223],[-78.74123,35.59794],[-78.74355,35.59794],[-78.7463,35.59515],[-78.74567,35.59394],[-78.74821,35.59395],[-78.7438,35.59111],[-78.73948,35.59103],[-78.74075,35.58908],[-78.73964,35.58793],[-78.7405,35.58292],[-78.73822,35.58104],[-78.73894,35.57873],[-78.73491,35.57844],[-78.73511,35.57007],[-78.73141,35.5724],[-78.72673,35.57296],[-78.7219,35.56857],[-78.72352,35.56315],[-78.72699,35.55859],[-78.72794,35.55628],[-78.73275,35.56381],[-78.7327,35.56626],[-78.73536,35.56733],[-78.73617,35.56207],[-78.73842,35.56044],[-78.74056,35.55591],[-78.73329,35.55575],[-78.73338,35.55363],[-78.7312,35.55368],[-78.72903,35.5553],[-78.73144,35.55177],[-78.73243,35.54677],[-78.73509,35.54442],[-78.73661,35.54034],[-78.74111,35.53779],[-78.74371,35.53827],[-78.74281,35.53987],[-78.74494,35.53994],[-78.74697,35.53842],[-78.74763,35.54018],[-78.75251,35.54449],[-78.74765,35.54737],[-78.74525,35.5463],[-78.74512,35.54893],[-78.74694,35.55243],[-78.74674,35.55439],[-78.74884,35.55603],[-78.74864,35.56089],[-78.75146,35.56099],[-78.75193,35.5622],[-78.75476,35.56226],[-78.75438,35.55826],[-78.75686,35.55403],[-78.76347,35.5544],[-78.76447,35.55297],[-78.75668,35.5526],[-78.75524,35.54886],[-78.75665,35.54855],[-78.75749,35.54435],[-78.76395,35.54421],[-78.76398,35.5454],[-78.76727,35.54539],[-78.76617,35.54027],[-78.76266,35.54033],[-78.75637,35.53952],[-78.76154,35.53693],[-78.76416,35.53245],[-78.76332,35.53039],[-78.76408,35.52643],[-78.7636,35.52215],[-78.76409,35.5167],[-78.76512,35.51421],[-78.77294,35.51594],[-78.77402,35.51357],[-78.77623,35.5138],[-78.77563,35.50704],[-78.77895,35.50565],[-78.7773,35.50157],[-78.77806,35.49893],[-78.78206,35.49973],[-78.78615,35.4982],[-78.78743,35.49687],[-78.78685,35.4947],[-78.78822,35.49149],[-78.79116,35.49065],[-78.79362,35.48762],[-78.79396,35.48501],[-78.79598,35.48197],[-78.79606,35.47973],[-78.80124,35.47547],[-78.80334,35.46766],[-78.8077,35.46599],[-78.80907,35.46315],[-78.80653,35.4635],[-78.80675,35.46157],[-78.80852,35.46041],[-78.80894,35.45725],[-78.81336,35.44898],[-78.81655,35.44807],[-78.81848,35.44651],[-78.82125,35.44596],[-78.82354,35.44132],[-78.82346,35.43823],[-78.82485,35.43637],[-78.82456,35.43434],[-78.82127,35.43279],[-78.82284,35.43117],[-78.82364,35.42824],[-78.82552,35.42977],[-78.8287,35.43544],[-78.82798,35.43976],[-78.82939,35.44064],[-78.82951,35.44352],[-78.83764,35.44357],[-78.83917,35.44249],[-78.86098,35.45778],[-78.86123,35.45555],[-78.85963,35.45326],[-78.86206,35.45165],[-78.86377,35.44788],[-78.86965,35.45227],[-78.87298,35.45389],[-78.88128,35.46245],[-78.88777,35.46676],[-78.89431,35.4691],[-78.90128,35.4705],[-78.90691,35.47089],[-78.91606,35.4746],[-78.92366,35.47691],[-78.93158,35.47992],[-78.93448,35.47999],[-78.93936,35.47894],[-78.94345,35.48026],[-78.94727,35.48331],[-78.95039,35.48474],[-78.95263,35.48798],[-78.95264,35.4925],[-78.96136,35.51029],[-78.96982,35.5215],[-78.96878,35.52254],[-78.96312,35.52894]]]}},{"type":"Feature","properties":{"zcta":"27608","d":1760},"geometry":{"type":"Polygon","coordinates":[[[-78.66915,35.81972],[-78.66505,35.81974],[-78.66435,35.82131],[-78.66026,35.82477],[-78.6597,35.8273],[-78.65816,35.82753],[-78.65566,35.82424],[-78.65173,35.82281],[-78.65364,35.81985],[-78.65208,35.81834],[-78.65375,35.81569],[-78.65121,35.81303],[-78.64293,35.81489],[-78.63967,35.81765],[-78.64007,35.81907],[-78.63594,35.8243],[-78.63334,35.82028],[-78.62757,35.81631],[-78.61967,35.8139],[-78.62432,35.80461],[-78.62952,35.80394],[-78.64065,35.799],[-78.64248,35.79668],[-78.64709,35.79841],[-78.65306,35.79889],[-78.65288,35.79573],[-78.65544,35.79637],[-78.65853,35.79926],[-78.66021,35.79984],[-78.6599,35.80051],[-78.66563,35.80155],[-78.6696,35.80084],[-78.66955,35.80554],[-78.67088,35.80555],[-78.67085,35.80821],[-78.66953,35.81009],[-78.67198,35.81148],[-78.6691,35.81596],[-78.66759,35.81647],[-78.66915,35.81972]]]}},{"type":"Feature","properties":{"zcta":"27504","d":92},"geometry":{"type":"Polygon","coordinates":[[[-78.58907,35.53413],[-78.58623,35.53316],[-78.58075,35.53372],[-78.57953,35.53473],[-78.57558,35.53535],[-78.57529,35.53856],[-78.57404,35.53845],[-78.56937,35.53216],[-78.56424,35.5341],[-78.56224,35.54027],[-78.56528,35.54349],[-78.56356,35.54929],[-78.55984,35.55197],[-78.55835,35.55196],[-78.55618,35.55085],[-78.55381,35.55098],[-78.55211,35.54939],[-78.54765,35.54821],[-78.54263,35.54796],[-78.54209,35.54674],[-78.53928,35.54698],[-78.54061,35.54358],[-78.53835,35.54407],[-78.53275,35.54008],[-78.5344,35.53531],[-78.53074,35.53462],[-78.53165,35.52996],[-78.5332,35.52662],[-78.53178,35.52326],[-78.53417,35.52056],[-78.53595,35.52029],[-78.53697,35.51628],[-78.53643,35.51408],[-78.53882,35.51415],[-78.53965,35.50973],[-78.53111,35.50724],[-78.52565,35.50378],[-78.52092,35.49597],[-78.51858,35.49285],[-78.52292,35.49285],[-78.52228,35.49017],[-78.51741,35.48105],[-78.5146,35.47904],[-78.51193,35.47863],[-78.51176,35.47623],[-78.50785,35.46669],[-78.50501,35.46339],[-78.50771,35.46281],[-78.51151,35.4602],[-78.51001,35.45252],[-78.50741,35.45003],[-78.50168,35.44983],[-78.50164,35.44254],[-78.499,35.44217],[-78.49744,35.43797],[-78.49631,35.43711],[-78.49632,35.43328],[-78.49331,35.43291],[-78.49135,35.43159],[-78.48705,35.42568],[-78.48412,35.42584],[-78.49152,35.42318],[-78.50236,35.41847],[-78.50004,35.41397],[-78.50504,35.40988],[-78.50527,35.40257],[-78.50884,35.40178],[-78.50934,35.40025],[-78.50652,35.40046],[-78.50147,35.40207],[-78.5002,35.3993],[-78.50392,35.39749],[-78.50068,35.39783],[-78.50248,35.39601],[-78.50422,35.39132],[-78.50996,35.38874],[-78.51077,35.3869],[-78.50142,35.38702],[-78.49701,35.38819],[-78.49149,35.38375],[-78.49163,35.37722],[-78.50024,35.3772],[-78.50401,35.37596],[-78.50036,35.37197],[-78.49353,35.3674],[-78.49043,35.36449],[-78.48309,35.35566],[-78.47591,35.37424],[-78.47513,35.37555],[-78.47157,35.373],[-78.46762,35.36259],[-78.46154,35.35936],[-78.46085,35.35851],[-78.45744,35.35985],[-78.45053,35.35898],[-78.44399,35.35971],[-78.43911,35.35931],[-78.437,35.35815],[-78.4361,35.35479],[-78.43281,35.35081],[-78.43133,35.3501],[-78.42894,35.34676],[-78.42335,35.34369],[-78.41733,35.3436],[-78.4138,35.34003],[-78.40947,35.3412],[-78.40797,35.33955],[-78.40508,35.34041],[-78.40118,35.33997],[-78.39937,35.33704],[-78.39637,35.33547],[-78.39276,35.33543],[-78.39099,35.33715],[-78.38905,35.33646],[-78.37911,35.33736],[-78.37726,35.33547],[-78.3755,35.33776],[-78.37284,35.33806],[-78.36986,35.33954],[-78.36706,35.33986],[-78.36347,35.33846],[-78.3613,35.31474],[-78.3665,35.31543],[-78.36334,35.3062],[-78.36655,35.30422],[-78.37177,35.30289],[-78.37415,35.30353],[-78.38001,35.31069],[-78.38252,35.31033],[-78.38156,35.30804],[-78.38156,35.30369],[-78.39157,35.30562],[-78.3981,35.30505],[-78.40564,35.30568],[-78.40782,35.30695],[-78.41124,35.31058],[-78.41761,35.31028],[-78.42527,35.30939],[-78.43181,35.30946],[-78.43517,35.30865],[-78.44156,35.30569],[-78.45188,35.3054],[-78.45021,35.30136],[-78.44892,35.30039],[-78.44392,35.29943],[-78.44375,35.29751],[-78.44148,35.29404],[-78.43703,35.29046],[-78.43416,35.29008],[-78.4322,35.2882],[-78.43017,35.28799],[-78.43203,35.28586],[-78.43854,35.28525],[-78.44264,35.28337],[-78.44946,35.28349],[-78.44939,35.28734],[-78.45846,35.29408],[-78.45864,35.29551],[-78.46337,35.29481],[-78.4655,35.29274],[-78.47001,35.29223],[-78.47322,35.29116],[-78.47846,35.29038],[-78.48176,35.28815],[-78.4862,35.28831],[-78.49068,35.28753],[-78.49282,35.29529],[-78.49677,35.29719],[-78.4984,35.29668],[-78.49888,35.29999],[-78.50272,35.30404],[-78.50047,35.30971],[-78.5079,35.30957],[-78.51076,35.3122],[-78.51894,35.32093],[-78.52012,35.32648],[-78.52566,35.32941],[-78.53032,35.33372],[-78.53058,35.33764],[-78.53358,35.34064],[-78.53305,35.34295],[-78.5352,35.34503],[-78.53992,35.34729],[-78.54102,35.34886],[-78.54571,35.35204],[-78.54887,35.35318],[-78.55218,35.35668],[-78.55732,35.35876],[-78.55917,35.36104],[-78.56258,35.36238],[-78.56287,35.36436],[-78.56693,35.35955],[-78.56804,35.36139],[-78.57138,35.36148],[-78.57329,35.36262],[-78.57633,35.36264],[-78.57894,35.36087],[-78.58055,35.36615],[-78.58265,35.371],[-78.58411,35.37275],[-78.58128,35.37626],[-78.57663,35.37879],[-78.57721,35.37983],[-78.57192,35.38212],[-78.5725,35.38648],[-78.57445,35.38851],[-78.57938,35.38484],[-78.58129,35.38985],[-78.5888,35.39249],[-78.59498,35.38887],[-78.59582,35.38591],[-78.59811,35.386],[-78.59716,35.39324],[-78.5961,35.3948],[-78.59628,35.39765],[-78.59881,35.40357],[-78.60182,35.40614],[-78.60576,35.40449],[-78.60977,35.40417],[-78.60994,35.40621],[-78.60862,35.4131],[-78.60623,35.41399],[-78.61138,35.4234],[-78.61244,35.42632],[-78.61393,35.43674],[-78.6237,35.43679],[-78.61488,35.43727],[-78.6146,35.44195],[-78.61897,35.44465],[-78.62115,35.45014],[-78.62724,35.45827],[-78.6337,35.46062],[-78.63178,35.4672],[-78.62127,35.47238],[-78.61698,35.47295],[-78.6136,35.4746],[-78.60801,35.47348],[-78.60854,35.47826],[-78.60998,35.48224],[-78.60603,35.48476],[-78.60402,35.48208],[-78.59782,35.48119],[-78.59487,35.47878],[-78.59348,35.47659],[-78.59121,35.47604],[-78.5905,35.47286],[-78.59064,35.46939],[-78.58964,35.46647],[-78.5858,35.46472],[-78.58158,35.46473],[-78.57581,35.46267],[-78.57518,35.46459],[-78.56968,35.46406],[-78.56757,35.46112],[-78.566,35.4619],[-78.5632,35.4609],[-78.56027,35.46094],[-78.5578,35.46272],[-78.55166,35.46233],[-78.55187,35.46583],[-78.55422,35.46982],[-78.54937,35.47218],[-78.55253,35.49059],[-78.55759,35.48991],[-78.55907,35.48782],[-78.56516,35.4857],[-78.56513,35.48746],[-78.56973,35.48731],[-78.57114,35.48892],[-78.57723,35.48818],[-78.57451,35.49585],[-78.5788,35.5118],[-78.57618,35.51173],[-78.57602,35.51431],[-78.57927,35.5177],[-78.57908,35.52043],[-78.58147,35.52072],[-78.58132,35.52208],[-78.58662,35.52217],[-78.5921,35.5238],[-78.5873,35.52838],[-78.58941,35.52807],[-78.58907,35.53413]]]}},{"type":"Feature","properties":{"zcta":"27555","d":0},"geometry":{"type":"Polygon","coordinates":[[[-78.20862,35.56415],[-78.20806,35.57044],[-78.20693,35.57069],[-78.20541,35.56561],[-78.20051,35.5666],[-78.19954,35.56522],[-78.19632,35.56597],[-78.19574,35.56519],[-78.19874,35.56408],[-78.19592,35.56004],[-78.19829,35.55898],[-78.19868,35.5575],[-78.20179,35.5576],[-78.20476,35.55551],[-78.20696,35.55942],[-78.21036,35.56113],[-78.21067,35.56336],[-78.20862,35.56415]]]}},{"type":"Feature","properties":{"zcta":"27539","d":376},"geometry":{"type":"MultiPolygon","coordinates":[[[[-78.87858,35.65655],[-78.8739,35.6579],[-78.86982,35.65808],[-78.8682,35.65971],[-78.86535,35.66063],[-78.86538,35.65934],[-78.86035,35.65915],[-78.85618,35.65962],[-78.85545,35.65595],[-78.8649,35.65605],[-78.86637,35.65831],[-78.86639,35.65494],[-78.87028,35.65503],[-78.87,35.65185],[-78.87363,35.65064],[-78.87258,35.64684],[-78.87048,35.64724],[-78.87347,35.64511],[-78.87473,35.64529],[-78.87452,35.64845],[-78.87614,35.65009],[-78.88017,35.65022],[-78.88013,35.65234],[-78.88152,35.6524],[-78.88092,35.65499],[-78.87858,35.65655]]],[[[-78.85559,35.70505],[-78.84391,35.71102],[-78.83652,35.71784],[-78.82947,35.72176],[-78.81363,35.72622],[-78.81384,35.71919],[-78.81551,35.71872],[-78.81102,35.71582],[-78.80917,35.71315],[-78.80693,35.71325],[-78.80648,35.71013],[-78.80501,35.71011],[-78.8046,35.70673],[-78.79816,35.70666],[-78.79836,35.70431],[-78.79475,35.70338],[-78.8015,35.70276],[-78.79971,35.70043],[-78.79498,35.7003],[-78.79627,35.69545],[-78.79928,35.69561],[-78.7996,35.7002],[-78.80021,35.69788],[-78.80278,35.69795],[-78.80504,35.69596],[-78.8051,35.69376],[-78.79662,35.69294],[-78.79573,35.69042],[-78.79153,35.69028],[-78.79134,35.68834],[-78.78603,35.6883],[-78.78714,35.69148],[-78.78582,35.6941],[-78.78205,35.69415],[-78.78262,35.69698],[-78.78561,35.69693],[-78.78549,35.69838],[-78.79106,35.69813],[-78.79096,35.70029],[-78.78892,35.70063],[-78.78881,35.70244],[-78.78344,35.70116],[-78.78253,35.70085],[-78.78235,35.70841],[-78.77948,35.7077],[-78.77953,35.70034],[-78.78001,35.69943],[-78.77618,35.69782],[-78.77068,35.69435],[-78.76788,35.69473],[-78.76653,35.70028],[-78.76217,35.69966],[-78.75759,35.69778],[-78.75463,35.6959],[-78.74923,35.69445],[-78.74142,35.69389],[-78.74297,35.68213],[-78.74163,35.68062],[-78.73805,35.68056],[-78.73477,35.67803],[-78.73062,35.67842],[-78.73062,35.68138],[-78.73294,35.6821],[-78.73274,35.68661],[-78.7346,35.68873],[-78.73488,35.69152],[-78.72706,35.68933],[-78.72481,35.68968],[-78.72268,35.69151],[-78.71748,35.6907],[-78.71343,35.69193],[-78.70887,35.68807],[-78.71224,35.68685],[-78.70875,35.68468],[-78.70821,35.68582],[-78.70806,35.68221],[-78.71032,35.68229],[-78.71063,35.67828],[-78.71193,35.67635],[-78.71071,35.67526],[-78.70781,35.67507],[-78.70794,35.67159],[-78.71561,35.67189],[-78.7157,35.66886],[-78.71897,35.66888],[-78.71909,35.66359],[-78.71649,35.66307],[-78.71703,35.65831],[-78.71797,35.65606],[-78.7218,35.656],[-78.72196,35.65374],[-78.72417,35.65085],[-78.72344,35.6499],[-78.72538,35.64713],[-78.72582,35.64342],[-78.72825,35.64008],[-78.72883,35.63589],[-78.73228,35.63653],[-78.73569,35.63931],[-78.74242,35.64232],[-78.7553,35.6447],[-78.75972,35.64719],[-78.76214,35.64953],[-78.76505,35.64972],[-78.76762,35.65101],[-78.76811,35.65332],[-78.77429,35.65313],[-78.77389,35.66241],[-78.77791,35.66337],[-78.77886,35.66955],[-78.78499,35.66581],[-78.79054,35.66623],[-78.79306,35.66434],[-78.79291,35.66931],[-78.79505,35.66941],[-78.795,35.67207],[-78.80056,35.66472],[-78.80251,35.66665],[-78.80448,35.6667],[-78.80456,35.66451],[-78.80734,35.66563],[-78.81098,35.66554],[-78.81103,35.66412],[-78.81423,35.6636],[-78.8188,35.66485],[-78.82143,35.66715],[-78.82302,35.67051],[-78.82448,35.67564],[-78.82447,35.67814],[-78.82263,35.67916],[-78.82677,35.68007],[-78.83361,35.6833],[-78.8333,35.68196],[-78.83629,35.68281],[-78.83648,35.68385],[-78.83954,35.68469],[-78.84236,35.68409],[-78.84254,35.68125],[-78.84961,35.68018],[-78.85067,35.67881],[-78.8464,35.67752],[-78.84663,35.67071],[-78.85063,35.67259],[-78.85611,35.6737],[-78.86052,35.67547],[-78.86364,35.6742],[-78.86408,35.67913],[-78.86656,35.68132],[-78.86646,35.68762],[-78.87286,35.68741],[-78.875,35.6831],[-78.87384,35.6803],[-78.87385,35.67749],[-78.87873,35.67434],[-78.8838,35.67033],[-78.88473,35.66901],[-78.88476,35.66586],[-78.88714,35.66216],[-78.88933,35.66107],[-78.88881,35.6581],[-78.88997,35.6561],[-78.8939,35.65539],[-78.8967,35.65343],[-78.89725,35.64171],[-78.90106,35.63836],[-78.90565,35.62974],[-78.9126,35.62519],[-78.91543,35.62404],[-78.91761,35.62726],[-78.91701,35.63254],[-78.91889,35.64071],[-78.92246,35.64316],[-78.92325,35.64472],[-78.9209,35.6509],[-78.92187,35.6525],[-78.92095,35.66071],[-78.92192,35.66294],[-78.92067,35.66752],[-78.9256,35.67081],[-78.91831,35.6739],[-78.90041,35.68281],[-78.85559,35.70505]]]]}},{"type":"Feature","properties":{"zcta":"27603","d":500},"geometry":{"type":"Polygon","coordinates":[[[-78.71703,35.65831],[-78.71649,35.66307],[-78.71909,35.66359],[-78.71897,35.66888],[-78.7157,35.66886],[-78.71561,35.67189],[-78.70794,35.67159],[-78.70781,35.67507],[-78.71071,35.67526],[-78.71193,35.67635],[-78.71063,35.67828],[-78.71032,35.68229],[-78.70806,35.68221],[-78.70821,35.68582],[-78.70649,35.68802],[-78.70487,35.68752],[-78.70255,35.68859],[-78.70138,35.6869],[-78.69813,35.68918],[-78.69593,35.68866],[-78.69346,35.69435],[-78.69593,35.69588],[-78.6959,35.69828],[-78.69812,35.69713],[-78.69669,35.69507],[-78.69895,35.69331],[-78.70142,35.69396],[-78.70122,35.69668],[-78.6985,35.69889],[-78.69591,35.69922],[-78.69402,35.70314],[-78.69209,35.70326],[-78.692,35.70576],[-78.68909,35.70569],[-78.68729,35.71008],[-78.68982,35.71016],[-78.69041,35.7137],[-78.68599,35.71763],[-78.68754,35.71902],[-78.68776,35.72132],[-78.68967,35.72288],[-78.69013,35.72547],[-78.69406,35.72534],[-78.69472,35.7281],[-78.69814,35.73313],[-78.69847,35.73774],[-78.70064,35.73981],[-78.70092,35.74164],[-78.69771,35.74444],[-78.69734,35.74709],[-78.69838,35.74748],[-78.69775,35.75005],[-78.69886,35.75047],[-78.70192,35.74853],[-78.70118,35.75179],[-78.69473,35.75185],[-78.66776,35.75707],[-78.66533,35.75717],[-78.66144,35.76073],[-78.66507,35.7614],[-78.66804,35.76336],[-78.67014,35.76631],[-78.6701,35.76866],[-78.6688,35.77146],[-78.66875,35.77449],[-78.66973,35.77643],[-78.66537,35.77736],[-78.66566,35.77649],[-78.66187,35.77675],[-78.6613,35.77459],[-78.65604,35.7742],[-78.65015,35.77758],[-78.65793,35.78041],[-78.65592,35.78316],[-78.65212,35.78111],[-78.64918,35.78081],[-78.6491,35.78287],[-78.65068,35.78293],[-78.65089,35.78746],[-78.65003,35.78864],[-78.6465,35.78864],[-78.64552,35.78964],[-78.64248,35.79668],[-78.64065,35.799],[-78.62952,35.80394],[-78.62432,35.80461],[-78.62669,35.80181],[-78.63588,35.7979],[-78.63915,35.79595],[-78.6406,35.79334],[-78.64128,35.7882],[-78.63864,35.78806],[-78.63782,35.78606],[-78.63793,35.78383],[-78.63991,35.7839],[-78.64008,35.78042],[-78.64499,35.78062],[-78.64517,35.77713],[-78.64677,35.77714],[-78.64533,35.77446],[-78.64768,35.77455],[-78.64832,35.7698],[-78.64722,35.76744],[-78.643,35.76579],[-78.64398,35.76171],[-78.64047,35.75711],[-78.63954,35.76057],[-78.63911,35.76639],[-78.63737,35.76318],[-78.63483,35.75857],[-78.63398,35.75345],[-78.63481,35.74951],[-78.63801,35.74411],[-78.63844,35.7411],[-78.6333,35.73248],[-78.63101,35.73101],[-78.63532,35.73031],[-78.64063,35.73087],[-78.64048,35.72796],[-78.64221,35.72795],[-78.64212,35.72624],[-78.64423,35.72534],[-78.6476,35.72614],[-78.64877,35.72534],[-78.65068,35.72833],[-78.65059,35.72644],[-78.65214,35.7235],[-78.64412,35.72117],[-78.64232,35.71965],[-78.64154,35.72059],[-78.63857,35.71898],[-78.63991,35.71642],[-78.64113,35.70976],[-78.63964,35.70763],[-78.64186,35.70105],[-78.64496,35.69534],[-78.64443,35.68931],[-78.64593,35.68837],[-78.65148,35.68826],[-78.6529,35.68209],[-78.64866,35.67813],[-78.64685,35.67821],[-78.64586,35.67646],[-78.64811,35.67554],[-78.64514,35.6737],[-78.64477,35.6688],[-78.64228,35.66534],[-78.64405,35.66218],[-78.63887,35.65952],[-78.6354,35.65891],[-78.63467,35.6523],[-78.63017,35.65014],[-78.62078,35.64777],[-78.6194,35.64379],[-78.61967,35.64217],[-78.61466,35.6424],[-78.61736,35.63155],[-78.61824,35.63002],[-78.61466,35.6308],[-78.61217,35.62892],[-78.61214,35.62629],[-78.6184,35.62648],[-78.61742,35.62392],[-78.61433,35.62388],[-78.6086,35.61543],[-78.60876,35.61383],[-78.60699,35.6114],[-78.60657,35.60749],[-78.60195,35.60159],[-78.60891,35.59623],[-78.60678,35.59554],[-78.59912,35.59544],[-78.59912,35.58753],[-78.6067,35.58772],[-78.61237,35.58905],[-78.61576,35.57684],[-78.60937,35.57683],[-78.60932,35.56531],[-78.60733,35.56476],[-78.61123,35.56333],[-78.61837,35.56327],[-78.6224,35.56393],[-78.6253,35.56542],[-78.63244,35.5654],[-78.63741,35.56683],[-78.63705,35.56879],[-78.6403,35.56882],[-78.64508,35.57049],[-78.64462,35.57222],[-78.64615,35.5728],[-78.6467,35.57643],[-78.6512,35.57783],[-78.65261,35.58023],[-78.65399,35.58526],[-78.65558,35.58706],[-78.66157,35.59072],[-78.66718,35.59168],[-78.67089,35.59326],[-78.67312,35.59688],[-78.67798,35.59546],[-78.68052,35.60116],[-78.67897,35.60373],[-78.68013,35.6075],[-78.68315,35.61005],[-78.68631,35.60942],[-78.69019,35.6119],[-78.69597,35.61252],[-78.69519,35.6158],[-78.69784,35.61821],[-78.69992,35.62413],[-78.7021,35.62576],[-78.70579,35.62512],[-78.7072,35.62748],[-78.70953,35.6268],[-78.71041,35.62872],[-78.71305,35.62926],[-78.71477,35.6317],[-78.71898,35.63361],[-78.72132,35.63375],[-78.72414,35.63538],[-78.72792,35.63564],[-78.72644,35.63759],[-78.72364,35.64392],[-78.71877,35.64458],[-78.71744,35.65112],[-78.7203,35.65102],[-78.71797,35.65606],[-78.71703,35.65831]]]}},{"type":"Feature","properties":{"zcta":"27591","d":200},"geometry":{"type":"Polygon","coordinates":[[[-78.4544,35.87217],[-78.44977,35.86935],[-78.44592,35.87043],[-78.44003,35.87104],[-78.4385,35.87263],[-78.43484,35.87143],[-78.4326,35.87159],[-78.42666,35.86761],[-78.42151,35.86776],[-78.4126,35.87025],[-78.40854,35.87098],[-78.40852,35.87202],[-78.4125,35.87196],[-78.41381,35.87383],[-78.41085,35.87396],[-78.41087,35.87502],[-78.40712,35.87554],[-78.4065,35.87731],[-78.40469,35.87725],[-78.40484,35.88062],[-78.39906,35.88059],[-78.39908,35.88238],[-78.39224,35.88209],[-78.3907,35.88101],[-78.39078,35.8752],[-78.3863,35.87523],[-78.3837,35.88123],[-78.37904,35.88074],[-78.37791,35.88203],[-78.37546,35.88184],[-78.37363,35.87931],[-78.37193,35.87878],[-78.37241,35.8736],[-78.37166,35.8713],[-78.36731,35.86777],[-78.36753,35.86128],[-78.36635,35.85706],[-78.36857,35.85045],[-78.37223,35.85094],[-78.37442,35.84408],[-78.37375,35.84196],[-78.37799,35.84271],[-78.38024,35.84095],[-78.38009,35.83276],[-78.38048,35.82818],[-78.37972,35.82661],[-78.37447,35.82717],[-78.37547,35.81978],[-78.37396,35.81148],[-78.37446,35.80526],[-78.36451,35.80493],[-78.35604,35.80703],[-78.35446,35.80967],[-78.35063,35.80727],[-78.34692,35.80644],[-78.34713,35.80336],[-78.34439,35.80255],[-78.34371,35.80088],[-78.34142,35.80062],[-78.33874,35.79475],[-78.33619,35.79066],[-78.33339,35.78897],[-78.33046,35.7844],[-78.32793,35.78919],[-78.32591,35.78996],[-78.32283,35.78808],[-78.31997,35.78891],[-78.32006,35.7907],[-78.31198,35.79112],[-78.31186,35.78822],[-78.30807,35.78944],[-78.30759,35.78834],[-78.31529,35.78405],[-78.31336,35.78288],[-78.30124,35.78552],[-78.29634,35.78243],[-78.30176,35.77751],[-78.30492,35.77344],[-78.30686,35.77205],[-78.3121,35.77175],[-78.30662,35.76354],[-78.30911,35.75834],[-78.30536,35.75472],[-78.30191,35.7545],[-78.30072,35.75591],[-78.29968,35.7529],[-78.29779,35.75264],[-78.29638,35.74728],[-78.30217,35.7458],[-78.30746,35.74354],[-78.30357,35.73984],[-78.30078,35.73532],[-78.29759,35.73277],[-78.31499,35.73315],[-78.32193,35.73263],[-78.32556,35.73144],[-78.32528,35.72795],[-78.32287,35.72677],[-78.32428,35.724],[-78.32263,35.71267],[-78.33033,35.70564],[-78.32965,35.70332],[-78.3362,35.69775],[-78.34097,35.6965],[-78.34381,35.69642],[-78.34254,35.6952],[-78.34157,35.6905],[-78.34483,35.68743],[-78.35082,35.68535],[-78.35082,35.68324],[-78.35381,35.683],[-78.36009,35.68436],[-78.36573,35.69193],[-78.36814,35.69249],[-78.36964,35.6916],[-78.37277,35.692],[-78.37393,35.69477],[-78.37343,35.69636],[-78.36806,35.70395],[-78.36872,35.70595],[-78.37128,35.70879],[-78.37307,35.7082],[-78.37337,35.70999],[-78.37161,35.70934],[-78.37123,35.71416],[-78.37117,35.72298],[-78.37817,35.72317],[-78.3782,35.72194],[-78.38076,35.722],[-78.38074,35.72364],[-78.38522,35.7241],[-78.3862,35.72661],[-78.38863,35.72805],[-78.39346,35.72936],[-78.39912,35.72705],[-78.4059,35.7272],[-78.40605,35.72538],[-78.41014,35.72594],[-78.41036,35.72397],[-78.42252,35.71921],[-78.42165,35.72604],[-78.43193,35.72058],[-78.43344,35.72383],[-78.44238,35.73283],[-78.44017,35.73358],[-78.43738,35.73239],[-78.4391,35.73865],[-78.43689,35.73941],[-78.4426,35.7391],[-78.44197,35.74041],[-78.44538,35.74065],[-78.44702,35.74693],[-78.43813,35.74728],[-78.43008,35.75075],[-78.43014,35.7528],[-78.42857,35.7545],[-78.43129,35.7588],[-78.43352,35.76423],[-78.43654,35.76708],[-78.43821,35.77016],[-78.43797,35.77237],[-78.44017,35.77575],[-78.43938,35.7784],[-78.44026,35.78],[-78.43841,35.7817],[-78.43681,35.78497],[-78.4371,35.78701],[-78.43881,35.78874],[-78.43656,35.7913],[-78.43438,35.79591],[-78.43172,35.79693],[-78.43026,35.80122],[-78.42773,35.80402],[-78.42235,35.80681],[-78.43256,35.81952],[-78.44208,35.82013],[-78.45176,35.82014],[-78.4519,35.82326],[-78.45104,35.83043],[-78.44861,35.83328],[-78.44364,35.83311],[-78.44637,35.8365],[-78.44695,35.839],[-78.45496,35.83823],[-78.4552,35.83599],[-78.4588,35.83576],[-78.46109,35.83735],[-78.47062,35.83743],[-78.47079,35.83953],[-78.47293,35.84229],[-78.47394,35.84534],[-78.47747,35.84541],[-78.47754,35.85381],[-78.47899,35.85542],[-78.4817,35.8593],[-78.48233,35.86134],[-78.47893,35.8615],[-78.47803,35.86272],[-78.47202,35.86546],[-78.47202,35.87157],[-78.4544,35.87217]]]}},{"type":"Feature","properties":{"zcta":"27592","d":210},"geometry":{"type":"MultiPolygon","coordinates":[[[[-78.69019,35.6119],[-78.68631,35.60942],[-78.68315,35.61005],[-78.68013,35.6075],[-78.67897,35.60373],[-78.68052,35.60116],[-78.67798,35.59546],[-78.67312,35.59688],[-78.67089,35.59326],[-78.66718,35.59168],[-78.66157,35.59072],[-78.65558,35.58706],[-78.65399,35.58526],[-78.65261,35.58023],[-78.6512,35.57783],[-78.6467,35.57643],[-78.64615,35.5728],[-78.64462,35.57222],[-78.64508,35.57049],[-78.6403,35.56882],[-78.63705,35.56879],[-78.63741,35.56683],[-78.63244,35.5654],[-78.6253,35.56542],[-78.6224,35.56393],[-78.61837,35.56327],[-78.61123,35.56333],[-78.60733,35.56476],[-78.6047,35.56616],[-78.60106,35.56628],[-78.5977,35.56839],[-78.59355,35.56757],[-78.59051,35.57097],[-78.5889,35.5699],[-78.58312,35.56839],[-78.58371,35.56028],[-78.58133,35.56225],[-78.57808,35.56139],[-78.57713,35.56327],[-78.57163,35.56087],[-78.57249,35.55877],[-78.57159,35.55677],[-78.56879,35.55576],[-78.56487,35.55629],[-78.56151,35.55493],[-78.55984,35.55197],[-78.56356,35.54929],[-78.56528,35.54349],[-78.56224,35.54027],[-78.56424,35.5341],[-78.56937,35.53216],[-78.57404,35.53845],[-78.57529,35.53856],[-78.57558,35.53535],[-78.57953,35.53473],[-78.58075,35.53372],[-78.58623,35.53316],[-78.58907,35.53413],[-78.58941,35.52807],[-78.59201,35.52725],[-78.5988,35.52877],[-78.59831,35.53009],[-78.60748,35.5307],[-78.60729,35.53282],[-78.61184,35.53268],[-78.61189,35.52931],[-78.6193,35.52938],[-78.6193,35.52848],[-78.62439,35.52864],[-78.62768,35.52397],[-78.63139,35.5241],[-78.63428,35.52597],[-78.63775,35.52975],[-78.64045,35.53132],[-78.64693,35.51861],[-78.65051,35.51828],[-78.65044,35.52159],[-78.6522,35.52289],[-78.65584,35.5232],[-78.66535,35.52804],[-78.66773,35.52974],[-78.66735,35.53154],[-78.66886,35.53291],[-78.67372,35.53357],[-78.67578,35.53527],[-78.6781,35.53344],[-78.67988,35.53377],[-78.68542,35.53093],[-78.68757,35.52857],[-78.69392,35.52669],[-78.69345,35.52366],[-78.69156,35.51803],[-78.69028,35.51584],[-78.6957,35.51666],[-78.69566,35.51438],[-78.70333,35.51396],[-78.70324,35.51691],[-78.7069,35.51704],[-78.70604,35.51858],[-78.71561,35.52156],[-78.72005,35.52134],[-78.72008,35.52244],[-78.72367,35.52037],[-78.72601,35.52088],[-78.72565,35.52371],[-78.73009,35.52435],[-78.73068,35.52625],[-78.74455,35.53057],[-78.74367,35.53249],[-78.74129,35.53162],[-78.7421,35.53563],[-78.74631,35.53564],[-78.74697,35.53842],[-78.74494,35.53994],[-78.74281,35.53987],[-78.74371,35.53827],[-78.74111,35.53779],[-78.73661,35.54034],[-78.73509,35.54442],[-78.73243,35.54677],[-78.73144,35.55177],[-78.72903,35.5553],[-78.7312,35.55368],[-78.73338,35.55363],[-78.73329,35.55575],[-78.74056,35.55591],[-78.73842,35.56044],[-78.73617,35.56207],[-78.73536,35.56733],[-78.7327,35.56626],[-78.73275,35.56381],[-78.72794,35.55628],[-78.72699,35.55859],[-78.72352,35.56315],[-78.7219,35.56857],[-78.72673,35.57296],[-78.73141,35.5724],[-78.73511,35.57007],[-78.73491,35.57844],[-78.73894,35.57873],[-78.73822,35.58104],[-78.7405,35.58292],[-78.73964,35.58793],[-78.74075,35.58908],[-78.73948,35.59103],[-78.7438,35.59111],[-78.74821,35.59395],[-78.74567,35.59394],[-78.7463,35.59515],[-78.74355,35.59794],[-78.74123,35.59794],[-78.74057,35.60223],[-78.73733,35.60079],[-78.73667,35.59851],[-78.72897,35.60315],[-78.727,35.60635],[-78.72508,35.61436],[-78.71637,35.61493],[-78.71171,35.61325],[-78.70742,35.61038],[-78.70356,35.61208],[-78.69887,35.61285],[-78.69597,35.61252],[-78.69019,35.6119]]],[[[-78.75495,35.54521],[-78.75637,35.53952],[-78.76266,35.54033],[-78.76617,35.54027],[-78.76727,35.54539],[-78.76398,35.5454],[-78.76395,35.54421],[-78.75749,35.54435],[-78.75665,35.54855],[-78.75524,35.54886],[-78.75668,35.5526],[-78.76447,35.55297],[-78.76347,35.5544],[-78.75686,35.55403],[-78.75438,35.55826],[-78.75476,35.56226],[-78.75193,35.5622],[-78.75146,35.56099],[-78.74864,35.56089],[-78.74884,35.55603],[-78.74674,35.55439],[-78.74694,35.55243],[-78.74512,35.54893],[-78.74525,35.5463],[-78.74765,35.54737],[-78.75251,35.54449],[-78.75495,35.54521]]]]}},{"type":"Feature","properties":{"zcta":"27596","d":188},"geometry":{"type":"Polygon","coordinates":[[[-78.56029,36.07806],[-78.55996,36.08034],[-78.55795,36.08025],[-78.55748,36.07357],[-78.55285,36.07135],[-78.54834,36.0718],[-78.5471,36.07304],[-78.54509,36.07254],[-78.54499,36.07538],[-78.54023,36.07275],[-78.54067,36.0709],[-78.53209,36.07031],[-78.5336,36.07153],[-78.52754,36.07342],[-78.5276,36.07068],[-78.52426,36.07066],[-78.52127,36.07166],[-78.521,36.07305],[-78.51324,36.07303],[-78.51174,36.07255],[-78.50971,36.07471],[-78.50792,36.07382],[-78.49302,36.07237],[-78.49334,36.07367],[-78.49179,36.07666],[-78.48779,36.07774],[-78.48392,36.07706],[-78.48255,36.07489],[-78.48753,36.05936],[-78.48447,36.06017],[-78.4694,36.07032],[-78.46754,36.07216],[-78.46627,36.07534],[-78.46655,36.07911],[-78.46309,36.07921],[-78.45604,36.07622],[-78.45046,36.07702],[-78.44981,36.07571],[-78.44618,36.07566],[-78.44127,36.0718],[-78.43644,36.06694],[-78.43127,36.06575],[-78.43173,36.06007],[-78.43834,36.05875],[-78.43966,36.06163],[-78.44477,36.05784],[-78.44632,36.05798],[-78.44523,36.04716],[-78.44424,36.04255],[-78.44717,36.04058],[-78.45317,36.03295],[-78.44318,36.0322],[-78.43598,36.03766],[-78.42327,36.03471],[-78.42408,36.03217],[-78.4214,36.02863],[-78.41919,36.03039],[-78.41589,36.03009],[-78.40977,36.02546],[-78.40844,36.02132],[-78.41152,36.0189],[-78.41249,36.01463],[-78.41129,36.0091],[-78.41329,36.00665],[-78.40945,36.00573],[-78.40951,36.00253],[-78.40681,36.00308],[-78.40549,36.00087],[-78.40114,36.00146],[-78.40114,36.00386],[-78.39793,36.00404],[-78.38948,36.00345],[-78.38926,36.0046],[-78.38616,36.00446],[-78.38333,36.00077],[-78.37824,36.00102],[-78.37801,36.00332],[-78.36759,36.00355],[-78.3661,36.00123],[-78.36464,36.00427],[-78.36048,36.00433],[-78.3582,36.00311],[-78.35526,36.00009],[-78.35722,35.99552],[-78.35878,35.99378],[-78.35912,35.99042],[-78.35402,35.99059],[-78.35395,35.98827],[-78.3521,35.98837],[-78.35144,35.98297],[-78.34937,35.98059],[-78.34953,35.97727],[-78.34054,35.97126],[-78.34535,35.9695],[-78.34804,35.96735],[-78.34807,35.96345],[-78.34576,35.9628],[-78.34373,35.96058],[-78.34185,35.95692],[-78.33875,35.95518],[-78.33706,35.95577],[-78.33475,35.95426],[-78.33492,35.95186],[-78.33318,35.95159],[-78.33856,35.94711],[-78.33952,35.95139],[-78.34052,35.95027],[-78.34232,35.95143],[-78.34674,35.94989],[-78.35145,35.94967],[-78.35176,35.94748],[-78.34934,35.94409],[-78.35042,35.9419],[-78.35637,35.94162],[-78.35325,35.93399],[-78.35301,35.93161],[-78.35565,35.92989],[-78.35621,35.9236],[-78.36122,35.92314],[-78.36534,35.92182],[-78.36851,35.91817],[-78.37143,35.91596],[-78.37258,35.91256],[-78.3769,35.9111],[-78.37841,35.91508],[-78.37666,35.91656],[-78.37585,35.92066],[-78.37954,35.92065],[-78.38563,35.91649],[-78.38994,35.92014],[-78.38879,35.9216],[-78.3903,35.92501],[-78.39294,35.9263],[-78.394,35.92915],[-78.39569,35.92977],[-78.39135,35.93242],[-78.39236,35.93378],[-78.39207,35.93936],[-78.39094,35.94402],[-78.39147,35.94572],[-78.39356,35.9462],[-78.39485,35.94996],[-78.39586,35.94982],[-78.40008,35.9527],[-78.40399,35.95693],[-78.4063,35.96021],[-78.40768,35.96045],[-78.4122,35.95783],[-78.42213,35.96947],[-78.42746,35.96872],[-78.43177,35.9665],[-78.43954,35.96616],[-78.44301,35.96537],[-78.44389,35.9689],[-78.4438,35.97481],[-78.44614,35.97477],[-78.4468,35.98111],[-78.45324,35.98107],[-78.45338,35.98604],[-78.47567,35.99531],[-78.475,36.00177],[-78.47732,36.00666],[-78.48666,35.99987],[-78.49354,36.00267],[-78.49047,36.00698],[-78.49143,36.01462],[-78.4912,36.01981],[-78.4957,36.02018],[-78.4978,36.01961],[-78.49805,36.01773],[-78.49984,36.0179],[-78.49787,36.02254],[-78.49969,36.0204],[-78.50106,36.01287],[-78.50643,36.01364],[-78.50687,36.01828],[-78.51274,36.01833],[-78.51398,36.01242],[-78.51707,36.01364],[-78.51811,36.01162],[-78.52567,36.01434],[-78.52189,36.01777],[-78.51977,36.02123],[-78.51908,36.02432],[-78.52523,36.02621],[-78.52932,36.026],[-78.53202,36.02675],[-78.54136,36.02741],[-78.54769,36.02632],[-78.54902,36.02271],[-78.55762,36.02576],[-78.55942,36.02769],[-78.55722,36.03025],[-78.55719,36.03421],[-78.55453,36.03482],[-78.5546,36.03942],[-78.55319,36.03956],[-78.55212,36.04405],[-78.55012,36.04403],[-78.54968,36.04682],[-78.54557,36.0469],[-78.54549,36.05958],[-78.54648,36.0633],[-78.5571,36.06388],[-78.5573,36.06083],[-78.55446,36.0587],[-78.55859,36.05801],[-78.5589,36.05685],[-78.56784,36.05683],[-78.5682,36.05854],[-78.56637,36.06168],[-78.56378,36.06293],[-78.56135,36.06629],[-78.56272,36.06809],[-78.55992,36.06976],[-78.5606,36.0711],[-78.56397,36.07314],[-78.5636,36.07719],[-78.56029,36.07806]]]}},{"type":"Feature","properties":{"zcta":"27597","d":118},"geometry":{"type":"Polygon","coordinates":[[[-78.38563,35.91649],[-78.37954,35.92065],[-78.37585,35.92066],[-78.37666,35.91656],[-78.37841,35.91508],[-78.3769,35.9111],[-78.37258,35.91256],[-78.37143,35.91596],[-78.36851,35.91817],[-78.36534,35.92182],[-78.36122,35.92314],[-78.35621,35.9236],[-78.35565,35.92989],[-78.35301,35.93161],[-78.35325,35.93399],[-78.35637,35.94162],[-78.35042,35.9419],[-78.34934,35.94409],[-78.35176,35.94748],[-78.35145,35.94967],[-78.34674,35.94989],[-78.34232,35.95143],[-78.34052,35.95027],[-78.33952,35.95139],[-78.33856,35.94711],[-78.33318,35.95159],[-78.33303,35.94873],[-78.33016,35.94792],[-78.32563,35.94451],[-78.32163,35.94356],[-78.31921,35.93944],[-78.31581,35.93877],[-78.31496,35.9371],[-78.31173,35.93646],[-78.30659,35.93437],[-78.2967,35.93379],[-78.29586,35.9365],[-78.29298,35.94045],[-78.29151,35.93973],[-78.28931,35.94725],[-78.2861,35.94753],[-78.28364,35.94469],[-78.281,35.94328],[-78.27762,35.94264],[-78.27813,35.9415],[-78.27286,35.93827],[-78.27395,35.93689],[-78.27054,35.93609],[-78.27208,35.93252],[-78.26883,35.93098],[-78.2671,35.93341],[-78.26537,35.93343],[-78.26491,35.92934],[-78.2629,35.92989],[-78.2629,35.93218],[-78.26005,35.93047],[-78.25153,35.93967],[-78.24944,35.9426],[-78.247,35.94907],[-78.24408,35.94929],[-78.24335,35.95051],[-78.24106,35.94781],[-78.23667,35.94463],[-78.23426,35.94087],[-78.22579,35.94218],[-78.21188,35.93545],[-78.21444,35.93083],[-78.21844,35.93163],[-78.22043,35.93042],[-78.2228,35.92724],[-78.22682,35.92726],[-78.2301,35.92514],[-78.22903,35.92332],[-78.22628,35.92206],[-78.21846,35.92202],[-78.2185,35.91978],[-78.21519,35.91987],[-78.21507,35.91649],[-78.2199,35.9164],[-78.21873,35.91128],[-78.21972,35.90923],[-78.22277,35.9098],[-78.2218,35.90741],[-78.22471,35.90664],[-78.22763,35.90458],[-78.23339,35.89868],[-78.23539,35.89714],[-78.23389,35.8921],[-78.23513,35.89198],[-78.23529,35.88915],[-78.22812,35.88893],[-78.22641,35.88614],[-78.22644,35.88307],[-78.22471,35.8804],[-78.22716,35.87953],[-78.22666,35.87699],[-78.22266,35.87896],[-78.22214,35.874],[-78.22281,35.86666],[-78.22204,35.86316],[-78.22919,35.86262],[-78.23525,35.85284],[-78.24463,35.8487],[-78.24765,35.84817],[-78.24751,35.84607],[-78.24351,35.84595],[-78.23971,35.84288],[-78.23731,35.84262],[-78.22873,35.84037],[-78.2247,35.84113],[-78.21474,35.84422],[-78.21421,35.83694],[-78.20542,35.83664],[-78.20938,35.82491],[-78.21334,35.82507],[-78.21421,35.81021],[-78.21694,35.81026],[-78.21705,35.8085],[-78.2235,35.81018],[-78.22381,35.8048],[-78.22314,35.79998],[-78.22802,35.7948],[-78.21891,35.79373],[-78.21833,35.79063],[-78.22432,35.78968],[-78.22764,35.78983],[-78.23081,35.79117],[-78.23311,35.78799],[-78.23307,35.785],[-78.23184,35.78319],[-78.23204,35.7791],[-78.23664,35.77711],[-78.24014,35.77728],[-78.24836,35.7793],[-78.24859,35.77475],[-78.25065,35.77327],[-78.2491,35.77239],[-78.24622,35.77265],[-78.24492,35.76995],[-78.24163,35.76838],[-78.24245,35.76754],[-78.24263,35.7623],[-78.24435,35.75861],[-78.24488,35.75321],[-78.25922,35.75366],[-78.25662,35.73992],[-78.26695,35.73948],[-78.27416,35.73545],[-78.2785,35.73429],[-78.28182,35.73183],[-78.2811,35.73029],[-78.27879,35.73115],[-78.27416,35.72792],[-78.27645,35.72683],[-78.27629,35.72489],[-78.27778,35.72277],[-78.27629,35.71988],[-78.27509,35.71472],[-78.27193,35.71387],[-78.27178,35.70492],[-78.27003,35.70329],[-78.26542,35.70261],[-78.26656,35.70044],[-78.26507,35.69794],[-78.26266,35.6991],[-78.25926,35.6995],[-78.26063,35.69709],[-78.26552,35.69401],[-78.26488,35.691],[-78.26239,35.6908],[-78.26117,35.68826],[-78.26353,35.68599],[-78.26865,35.68507],[-78.2704,35.68366],[-78.26793,35.68275],[-78.2634,35.68469],[-78.26023,35.68485],[-78.25845,35.68188],[-78.25945,35.67961],[-78.26203,35.67688],[-78.26467,35.67165],[-78.26213,35.67013],[-78.25992,35.66788],[-78.2627,35.66904],[-78.26704,35.67245],[-78.2672,35.67333],[-78.27075,35.67476],[-78.27344,35.67723],[-78.27536,35.67504],[-78.27883,35.67661],[-78.29218,35.67851],[-78.30139,35.67749],[-78.29972,35.68493],[-78.30412,35.68611],[-78.30649,35.66895],[-78.30952,35.67265],[-78.31431,35.68254],[-78.31517,35.68602],[-78.31922,35.6847],[-78.32027,35.68588],[-78.33865,35.68587],[-78.34157,35.6905],[-78.34254,35.6952],[-78.34381,35.69642],[-78.34097,35.6965],[-78.3362,35.69775],[-78.32965,35.70332],[-78.33033,35.70564],[-78.32263,35.71267],[-78.32428,35.724],[-78.32287,35.72677],[-78.32528,35.72795],[-78.32556,35.73144],[-78.32193,35.73263],[-78.31499,35.73315],[-78.29759,35.73277],[-78.30078,35.73532],[-78.30357,35.73984],[-78.30746,35.74354],[-78.30217,35.7458],[-78.29638,35.74728],[-78.29779,35.75264],[-78.29968,35.7529],[-78.30072,35.75591],[-78.30191,35.7545],[-78.30536,35.75472],[-78.30911,35.75834],[-78.30662,35.76354],[-78.3121,35.77175],[-78.30686,35.77205],[-78.30492,35.77344],[-78.30176,35.77751],[-78.29634,35.78243],[-78.30124,35.78552],[-78.31336,35.78288],[-78.31529,35.78405],[-78.30759,35.78834],[-78.30807,35.78944],[-78.31186,35.78822],[-78.31198,35.79112],[-78.32006,35.7907],[-78.31997,35.78891],[-78.32283,35.78808],[-78.32591,35.78996],[-78.32793,35.78919],[-78.33046,35.7844],[-78.33339,35.78897],[-78.33619,35.79066],[-78.33874,35.79475],[-78.34142,35.80062],[-78.34371,35.80088],[-78.34439,35.80255],[-78.34713,35.80336],[-78.34692,35.80644],[-78.35063,35.80727],[-78.35446,35.80967],[-78.35604,35.80703],[-78.36451,35.80493],[-78.37446,35.80526],[-78.37396,35.81148],[-78.37547,35.81978],[-78.37447,35.82717],[-78.37972,35.82661],[-78.38048,35.82818],[-78.38009,35.83276],[-78.38024,35.84095],[-78.37799,35.84271],[-78.37375,35.84196],[-78.37442,35.84408],[-78.37223,35.85094],[-78.36857,35.85045],[-78.36635,35.85706],[-78.36753,35.86128],[-78.36731,35.86777],[-78.37166,35.8713],[-78.37241,35.8736],[-78.37193,35.87878],[-78.37363,35.87931],[-78.37546,35.88184],[-78.37791,35.88203],[-78.37904,35.88074],[-78.3837,35.88123],[-78.3863,35.87523],[-78.39078,35.8752],[-78.3907,35.88101],[-78.39224,35.88209],[-78.39908,35.88238],[-78.39906,35.88059],[-78.40484,35.88062],[-78.40469,35.87725],[-78.4065,35.87731],[-78.40712,35.87554],[-78.41087,35.87502],[-78.41085,35.87396],[-78.41381,35.87383],[-78.4125,35.87196],[-78.40852,35.87202],[-78.40854,35.87098],[-78.4126,35.87025],[-78.42151,35.86776],[-78.42666,35.86761],[-78.4326,35.87159],[-78.43484,35.87143],[-78.4385,35.87263],[-78.44003,35.87104],[-78.44592,35.87043],[-78.44977,35.86935],[-78.45014,35.87003],[-78.4497,35.87874],[-78.44851,35.88285],[-78.4454,35.88268],[-78.44506,35.88442],[-78.43996,35.88854],[-78.43836,35.88885],[-78.43976,35.89048],[-78.44098,35.89423],[-78.44041,35.89699],[-78.43405,35.89509],[-78.42902,35.89253],[-78.42538,35.8958],[-78.42537,35.89774],[-78.4176,35.90019],[-78.41756,35.90472],[-78.42237,35.91022],[-78.42564,35.91029],[-78.42248,35.91354],[-78.42206,35.91522],[-78.41717,35.91611],[-78.41414,35.91571],[-78.41148,35.91729],[-78.40695,35.91756],[-78.40465,35.91836],[-78.40064,35.91772],[-78.3978,35.91631],[-78.38919,35.91758],[-78.38994,35.92014],[-78.38563,35.91649]]]}},{"type":"Feature","properties":{"zcta":"27529","d":479},"geometry":{"type":"Polygon","coordinates":[[[-78.62753,35.73124],[-78.6258,35.73045],[-78.62203,35.73075],[-78.6216,35.73228],[-78.61124,35.73186],[-78.61101,35.73498],[-78.60896,35.73701],[-78.6069,35.7357],[-78.60696,35.73783],[-78.59914,35.73747],[-78.59701,35.73822],[-78.58931,35.73852],[-78.58563,35.7378],[-78.58303,35.73641],[-78.57905,35.73705],[-78.57135,35.74033],[-78.56962,35.73977],[-78.57003,35.73792],[-78.5687,35.7309],[-78.57042,35.73037],[-78.5701,35.72874],[-78.56745,35.72901],[-78.56776,35.72705],[-78.56661,35.72158],[-78.56446,35.7189],[-78.56253,35.71798],[-78.55752,35.71768],[-78.55532,35.71496],[-78.54787,35.71466],[-78.54865,35.70884],[-78.53961,35.70933],[-78.53828,35.70774],[-78.53904,35.70539],[-78.54129,35.70404],[-78.5493,35.7039],[-78.54932,35.70058],[-78.55711,35.70107],[-78.55997,35.69764],[-78.56072,35.69815],[-78.5583,35.7038],[-78.56096,35.70873],[-78.56387,35.70976],[-78.56721,35.71363],[-78.56921,35.71466],[-78.57057,35.71961],[-78.57294,35.72452],[-78.57525,35.72165],[-78.57837,35.72091],[-78.58202,35.7212],[-78.58251,35.72304],[-78.58406,35.72281],[-78.5835,35.70821],[-78.5818,35.70246],[-78.57177,35.70115],[-78.57175,35.70048],[-78.56426,35.69816],[-78.56416,35.69544],[-78.55882,35.69399],[-78.5574,35.69226],[-78.55741,35.69011],[-78.55025,35.68775],[-78.55014,35.69116],[-78.54219,35.69065],[-78.53996,35.69015],[-78.52887,35.68533],[-78.52298,35.68073],[-78.5208,35.675],[-78.52323,35.67224],[-78.52271,35.67091],[-78.52807,35.67075],[-78.52811,35.66716],[-78.52989,35.66526],[-78.5313,35.66098],[-78.53283,35.65852],[-78.52995,35.65397],[-78.52411,35.65062],[-78.5224,35.64785],[-78.52939,35.64655],[-78.53181,35.64125],[-78.53671,35.6396],[-78.53733,35.63775],[-78.53586,35.6326],[-78.53612,35.63017],[-78.52782,35.62953],[-78.52207,35.62843],[-78.52234,35.62516],[-78.52455,35.62068],[-78.52605,35.62119],[-78.52856,35.61906],[-78.5313,35.6187],[-78.5317,35.62028],[-78.52836,35.62342],[-78.52532,35.62356],[-78.52521,35.62579],[-78.52894,35.62581],[-78.52901,35.62303],[-78.5358,35.62309],[-78.53563,35.61259],[-78.53369,35.60607],[-78.5356,35.5999],[-78.53356,35.59967],[-78.53156,35.602],[-78.52858,35.60226],[-78.52719,35.60419],[-78.52537,35.60403],[-78.51937,35.60178],[-78.51891,35.5961],[-78.52328,35.59377],[-78.5228,35.59169],[-78.52407,35.59098],[-78.5232,35.58899],[-78.52088,35.58921],[-78.52087,35.59047],[-78.51454,35.58696],[-78.51119,35.58606],[-78.51186,35.58493],[-78.50938,35.58425],[-78.50847,35.57965],[-78.50528,35.57747],[-78.50763,35.57666],[-78.51027,35.57447],[-78.51242,35.5749],[-78.51045,35.57128],[-78.51052,35.56655],[-78.51432,35.56631],[-78.51413,35.57063],[-78.51699,35.57067],[-78.517,35.57537],[-78.51576,35.57703],[-78.51858,35.5771],[-78.52093,35.57944],[-78.52465,35.57953],[-78.52965,35.58212],[-78.53096,35.58382],[-78.53576,35.58515],[-78.53763,35.58254],[-78.53915,35.58247],[-78.54254,35.58017],[-78.54092,35.57928],[-78.53737,35.57513],[-78.54094,35.57446],[-78.54595,35.57105],[-78.54669,35.56945],[-78.55194,35.56397],[-78.55367,35.56089],[-78.55598,35.55886],[-78.55937,35.55819],[-78.55835,35.55196],[-78.55984,35.55197],[-78.56151,35.55493],[-78.56487,35.55629],[-78.56879,35.55576],[-78.57159,35.55677],[-78.57249,35.55877],[-78.57163,35.56087],[-78.57713,35.56327],[-78.57808,35.56139],[-78.58133,35.56225],[-78.58371,35.56028],[-78.58312,35.56839],[-78.5889,35.5699],[-78.59051,35.57097],[-78.59355,35.56757],[-78.5977,35.56839],[-78.60106,35.56628],[-78.6047,35.56616],[-78.60733,35.56476],[-78.60932,35.56531],[-78.60937,35.57683],[-78.61576,35.57684],[-78.61237,35.58905],[-78.6067,35.58772],[-78.59912,35.58753],[-78.59912,35.59544],[-78.60678,35.59554],[-78.60891,35.59623],[-78.60195,35.60159],[-78.60657,35.60749],[-78.60699,35.6114],[-78.60876,35.61383],[-78.6086,35.61543],[-78.61433,35.62388],[-78.61742,35.62392],[-78.6184,35.62648],[-78.61214,35.62629],[-78.61217,35.62892],[-78.61466,35.6308],[-78.61824,35.63002],[-78.61736,35.63155],[-78.61466,35.6424],[-78.61967,35.64217],[-78.6194,35.64379],[-78.62078,35.64777],[-78.63017,35.65014],[-78.63467,35.6523],[-78.6354,35.65891],[-78.63887,35.65952],[-78.64405,35.66218],[-78.64228,35.66534],[-78.64477,35.6688],[-78.64514,35.6737],[-78.64811,35.67554],[-78.64586,35.67646],[-78.64685,35.67821],[-78.64866,35.67813],[-78.6529,35.68209],[-78.65148,35.68826],[-78.64593,35.68837],[-78.64443,35.68931],[-78.64496,35.69534],[-78.64186,35.70105],[-78.63964,35.70763],[-78.64113,35.70976],[-78.63991,35.71642],[-78.63857,35.71898],[-78.64154,35.72059],[-78.64232,35.71965],[-78.64412,35.72117],[-78.65214,35.7235],[-78.65059,35.72644],[-78.65068,35.72833],[-78.64877,35.72534],[-78.6476,35.72614],[-78.64423,35.72534],[-78.64212,35.72624],[-78.64221,35.72795],[-78.64048,35.72796],[-78.64063,35.73087],[-78.63532,35.73031],[-78.63101,35.73101],[-78.62753,35.73124]]]}},{"type":"Feature","properties":{"zcta":"27560","d":642},"geometry":{"type":"MultiPolygon","coordinates":[[[[-78.80484,35.92755],[-78.81056,35.91377],[-78.81553,35.91471],[-78.81606,35.91397],[-78.81669,35.916],[-78.81496,35.91543],[-78.81308,35.9207],[-78.81272,35.92841],[-78.80939,35.93227],[-78.80197,35.92697],[-78.80484,35.92755]]],[[[-78.88762,35.87801],[-78.88578,35.88135],[-78.88282,35.87495],[-78.87338,35.87554],[-78.86286,35.87719],[-78.86298,35.87933],[-78.85848,35.87966],[-78.85749,35.88079],[-78.86306,35.88058],[-78.86326,35.88357],[-78.85223,35.88149],[-78.85453,35.87717],[-78.85102,35.87706],[-78.85062,35.86861],[-78.84967,35.86728],[-78.83715,35.86709],[-78.83488,35.86785],[-78.83064,35.8729],[-78.83914,35.88186],[-78.83558,35.8827],[-78.83684,35.88619],[-78.83969,35.88965],[-78.83958,35.89515],[-78.83845,35.89646],[-78.83014,35.89499],[-78.82296,35.89255],[-78.81991,35.89468],[-78.82167,35.8951],[-78.82003,35.89954],[-78.81847,35.8992],[-78.81802,35.90308],[-78.82346,35.90377],[-78.8234,35.90569],[-78.81789,35.90553],[-78.81812,35.90713],[-78.82247,35.90778],[-78.82951,35.90756],[-78.82652,35.91235],[-78.82179,35.91222],[-78.82182,35.91292],[-78.81647,35.91183],[-78.81685,35.90872],[-78.81385,35.90583],[-78.81307,35.9034],[-78.81482,35.90349],[-78.81759,35.89684],[-78.81546,35.89681],[-78.81552,35.89324],[-78.81358,35.8922],[-78.81086,35.89354],[-78.80704,35.89427],[-78.79442,35.89462],[-78.78858,35.89623],[-78.77536,35.90341],[-78.77112,35.90521],[-78.76524,35.90133],[-78.76783,35.89723],[-78.76528,35.89528],[-78.76309,35.89741],[-78.76265,35.89612],[-78.75975,35.89534],[-78.75945,35.89189],[-78.76382,35.89208],[-78.7639,35.88388],[-78.76983,35.88411],[-78.76914,35.88222],[-78.77063,35.88129],[-78.77127,35.869],[-78.76551,35.86439],[-78.76824,35.86147],[-78.774,35.86174],[-78.77408,35.85863],[-78.77663,35.85886],[-78.77979,35.85718],[-78.78594,35.85698],[-78.78582,35.85543],[-78.78609,35.85201],[-78.78401,35.84921],[-78.78457,35.84347],[-78.78389,35.83804],[-78.78598,35.83556],[-78.7875,35.83514],[-78.79542,35.83649],[-78.79855,35.83635],[-78.8041,35.83383],[-78.80714,35.83345],[-78.81104,35.83096],[-78.81575,35.82547],[-78.8117,35.81886],[-78.81174,35.81736],[-78.8148,35.81719],[-78.81938,35.81325],[-78.81434,35.81139],[-78.80698,35.81111],[-78.80706,35.80975],[-78.80273,35.80948],[-78.80524,35.80788],[-78.80993,35.80831],[-78.81006,35.80629],[-78.80825,35.80554],[-78.80842,35.80275],[-78.81477,35.80368],[-78.81708,35.80217],[-78.81816,35.7983],[-78.82229,35.79767],[-78.82461,35.79832],[-78.82854,35.80224],[-78.8307,35.80136],[-78.8337,35.80276],[-78.82934,35.80964],[-78.83575,35.81055],[-78.83584,35.80928],[-78.84774,35.81007],[-78.84821,35.81165],[-78.84746,35.81568],[-78.84772,35.82],[-78.85197,35.82106],[-78.85336,35.82323],[-78.85595,35.82447],[-78.85944,35.82777],[-78.85807,35.83062],[-78.86221,35.83102],[-78.8635,35.82976],[-78.86382,35.82458],[-78.8683,35.82403],[-78.87074,35.82529],[-78.87147,35.82787],[-78.86913,35.83181],[-78.87362,35.83201],[-78.8755,35.83099],[-78.8762,35.83667],[-78.87527,35.83748],[-78.87989,35.84411],[-78.88262,35.84543],[-78.89229,35.85228],[-78.89372,35.85644],[-78.89049,35.86787],[-78.88762,35.87801]],[[-78.85176,35.83378],[-78.8501,35.83015],[-78.85247,35.82873],[-78.84883,35.82471],[-78.84619,35.82267],[-78.84136,35.82248],[-78.8403,35.8247],[-78.84201,35.83058],[-78.84446,35.83058],[-78.84421,35.83335],[-78.84752,35.8334],[-78.84746,35.8357],[-78.85059,35.83748],[-78.85537,35.83774],[-78.85467,35.83452],[-78.85176,35.83378]]]]}},{"type":"Feature","properties":{"zcta":"27525","d":95},"geometry":{"type":"Polygon","coordinates":[[[-78.5548,36.18839],[-78.55063,36.18837],[-78.54614,36.18574],[-78.54348,36.18519],[-78.53927,36.18238],[-78.53671,36.18309],[-78.53687,36.18435],[-78.53302,36.18601],[-78.53009,36.1841],[-78.5271,36.18363],[-78.52757,36.18173],[-78.525,36.18037],[-78.52249,36.18119],[-78.51861,36.18054],[-78.51732,36.18189],[-78.51136,36.18353],[-78.50833,36.18296],[-78.49911,36.17569],[-78.49546,36.17579],[-78.49593,36.17966],[-78.49279,36.18394],[-78.48758,36.17999],[-78.48496,36.17938],[-78.48449,36.17786],[-78.48574,36.17535],[-78.48094,36.17394],[-78.47621,36.17367],[-78.47396,36.17258],[-78.46693,36.17258],[-78.46069,36.16997],[-78.46042,36.16595],[-78.45761,36.16366],[-78.45542,36.16508],[-78.45378,36.16814],[-78.44971,36.16909],[-78.44076,36.1678],[-78.43567,36.16629],[-78.43135,36.16637],[-78.43264,36.16464],[-78.42468,36.16368],[-78.4214,36.16449],[-78.4222,36.16783],[-78.41762,36.16775],[-78.41684,36.1692],[-78.41209,36.1696],[-78.41303,36.16699],[-78.41232,36.16386],[-78.40456,36.15965],[-78.40349,36.15569],[-78.39906,36.15326],[-78.39689,36.15564],[-78.39031,36.15695],[-78.388,36.15919],[-78.38608,36.15882],[-78.38845,36.15573],[-78.38676,36.1534],[-78.38272,36.15284],[-78.3801,36.14927],[-78.38112,36.14673],[-78.37937,36.14355],[-78.37478,36.14321],[-78.37214,36.14211],[-78.36951,36.14322],[-78.36395,36.14217],[-78.35958,36.13891],[-78.35975,36.13537],[-78.3576,36.13594],[-78.35549,36.13792],[-78.35371,36.13342],[-78.35032,36.13519],[-78.34663,36.1338],[-78.34516,36.13526],[-78.34316,36.13467],[-78.34099,36.13574],[-78.34008,36.13355],[-78.33881,36.13384],[-78.33647,36.13703],[-78.33436,36.13684],[-78.33571,36.13432],[-78.33179,36.12995],[-78.33314,36.12819],[-78.34052,36.12372],[-78.34461,36.12235],[-78.34735,36.11914],[-78.3498,36.11829],[-78.35085,36.11635],[-78.35412,36.11567],[-78.35516,36.11337],[-78.3606,36.11326],[-78.36032,36.11056],[-78.36229,36.11065],[-78.36562,36.10921],[-78.37123,36.10783],[-78.37796,36.10686],[-78.38396,36.10936],[-78.39227,36.10991],[-78.39145,36.10654],[-78.38949,36.10272],[-78.38996,36.10074],[-78.35071,36.10031],[-78.3494,36.10048],[-78.34885,36.09594],[-78.35141,36.09614],[-78.35137,36.09433],[-78.35449,36.09418],[-78.35438,36.09076],[-78.3569,36.09092],[-78.35767,36.087],[-78.36642,36.08894],[-78.3797,36.08669],[-78.37796,36.0757],[-78.37693,36.07265],[-78.36558,36.07935],[-78.35412,36.08342],[-78.35173,36.08522],[-78.34264,36.08236],[-78.33877,36.08252],[-78.34105,36.07739],[-78.34371,36.07463],[-78.34092,36.07319],[-78.33841,36.06941],[-78.33549,36.06627],[-78.33637,36.06494],[-78.34066,36.05451],[-78.34634,36.05596],[-78.35305,36.05646],[-78.3539,36.06012],[-78.35732,36.05848],[-78.36009,36.05804],[-78.36071,36.05679],[-78.3595,36.05317],[-78.35663,36.05434],[-78.34972,36.05437],[-78.34969,36.04529],[-78.36099,36.04554],[-78.36437,36.04961],[-78.36373,36.05085],[-78.36691,36.04932],[-78.37034,36.04611],[-78.37028,36.04419],[-78.37296,36.04371],[-78.37383,36.04093],[-78.37818,36.03837],[-78.38097,36.03793],[-78.387,36.04069],[-78.39035,36.0409],[-78.38828,36.04553],[-78.3853,36.05052],[-78.38824,36.05004],[-78.3929,36.05153],[-78.39554,36.05339],[-78.39191,36.05322],[-78.39185,36.05464],[-78.38502,36.05474],[-78.38482,36.06232],[-78.38953,36.06276],[-78.38559,36.06691],[-78.38154,36.07038],[-78.38568,36.07163],[-78.39118,36.07257],[-78.39425,36.07429],[-78.39854,36.07365],[-78.40316,36.07209],[-78.40896,36.07192],[-78.40784,36.06938],[-78.40818,36.06669],[-78.40582,36.06672],[-78.40207,36.06396],[-78.40892,36.06458],[-78.40786,36.06362],[-78.40958,36.06079],[-78.40827,36.05873],[-78.40829,36.05605],[-78.40952,36.05622],[-78.41042,36.05052],[-78.41524,36.04412],[-78.41547,36.04552],[-78.42119,36.04385],[-78.42423,36.03985],[-78.42071,36.03634],[-78.41913,36.03388],[-78.42327,36.03471],[-78.43598,36.03766],[-78.44318,36.0322],[-78.45317,36.03295],[-78.44717,36.04058],[-78.44424,36.04255],[-78.44523,36.04716],[-78.44632,36.05798],[-78.44477,36.05784],[-78.43966,36.06163],[-78.43834,36.05875],[-78.43173,36.06007],[-78.43127,36.06575],[-78.43644,36.06694],[-78.44127,36.0718],[-78.44618,36.07566],[-78.44981,36.07571],[-78.45046,36.07702],[-78.45604,36.07622],[-78.46309,36.07921],[-78.46655,36.07911],[-78.46627,36.07534],[-78.46754,36.07216],[-78.4694,36.07032],[-78.48447,36.06017],[-78.48753,36.05936],[-78.48255,36.07489],[-78.48392,36.07706],[-78.48779,36.07774],[-78.49179,36.07666],[-78.49334,36.07367],[-78.49302,36.07237],[-78.50792,36.07382],[-78.50971,36.07471],[-78.51174,36.07255],[-78.51324,36.07303],[-78.521,36.07305],[-78.52127,36.07166],[-78.52426,36.07066],[-78.5276,36.07068],[-78.52754,36.07342],[-78.5336,36.07153],[-78.53209,36.07031],[-78.54067,36.0709],[-78.54023,36.07275],[-78.54499,36.07538],[-78.54509,36.07254],[-78.5471,36.07304],[-78.54834,36.0718],[-78.55285,36.07135],[-78.55748,36.07357],[-78.55795,36.08025],[-78.55996,36.08034],[-78.56029,36.07806],[-78.5636,36.07719],[-78.56645,36.07767],[-78.56655,36.08064],[-78.56792,36.08271],[-78.56632,36.08461],[-78.5657,36.08737],[-78.56845,36.0879],[-78.56794,36.09081],[-78.57108,36.09103],[-78.56951,36.09642],[-78.57325,36.09706],[-78.57589,36.09572],[-78.58099,36.09521],[-78.58314,36.09432],[-78.58706,36.09583],[-78.59121,36.09459],[-78.59608,36.08967],[-78.60157,36.08848],[-78.60243,36.08841],[-78.60553,36.09254],[-78.60501,36.09556],[-78.59574,36.09897],[-78.59293,36.10262],[-78.59097,36.10357],[-78.58498,36.10408],[-78.57878,36.10837],[-78.57621,36.11174],[-78.57496,36.11508],[-78.57609,36.1205],[-78.5752,36.12658],[-78.57638,36.12983],[-78.57572,36.13179],[-78.58227,36.13143],[-78.5845,36.13286],[-78.58479,36.13584],[-78.58198,36.13789],[-78.58084,36.14117],[-78.57493,36.14051],[-78.57656,36.14185],[-78.58272,36.14265],[-78.58755,36.14264],[-78.58777,36.1464],[-78.59041,36.14561],[-78.59346,36.14854],[-78.59624,36.15597],[-78.59903,36.16181],[-78.59838,36.16509],[-78.59934,36.16918],[-78.59909,36.1713],[-78.59657,36.17381],[-78.59707,36.17562],[-78.59436,36.179],[-78.58919,36.17899],[-78.58719,36.17658],[-78.58755,36.17377],[-78.58232,36.17192],[-78.5779,36.17124],[-78.57429,36.17202],[-78.56607,36.17913],[-78.56582,36.18288],[-78.56046,36.1864],[-78.55813,36.18925],[-78.55785,36.19087],[-78.5548,36.18839]]]}},{"type":"Feature","properties":{"zcta":"27520","d":314},"geometry":{"type":"Polygon","coordinates":[[[-78.52277,35.68203],[-78.51927,35.68484],[-78.51982,35.68921],[-78.52132,35.6892],[-78.52128,35.69353],[-78.52045,35.69461],[-78.50235,35.69552],[-78.50231,35.69835],[-78.4823,35.69715],[-78.4825,35.69457],[-78.48036,35.69647],[-78.47987,35.69462],[-78.47794,35.69454],[-78.47327,35.69613],[-78.47538,35.70026],[-78.47158,35.7049],[-78.46771,35.70748],[-78.46399,35.70814],[-78.46004,35.70569],[-78.45895,35.70232],[-78.45735,35.7001],[-78.45354,35.69977],[-78.45056,35.70153],[-78.44421,35.69675],[-78.44087,35.69221],[-78.43735,35.68599],[-78.43669,35.68218],[-78.43688,35.67591],[-78.43191,35.67035],[-78.4248,35.66409],[-78.4185,35.66051],[-78.41693,35.659],[-78.42322,35.6564],[-78.42322,35.65245],[-78.42506,35.65242],[-78.42504,35.64937],[-78.42278,35.64451],[-78.43792,35.64055],[-78.44641,35.64095],[-78.45083,35.64358],[-78.4482,35.6407],[-78.44195,35.63683],[-78.44134,35.63747],[-78.43436,35.63316],[-78.43494,35.63251],[-78.40971,35.61692],[-78.36904,35.5916],[-78.36587,35.58466],[-78.36049,35.58355],[-78.36347,35.57944],[-78.36333,35.57769],[-78.37886,35.58789],[-78.3843,35.59028],[-78.38455,35.58673],[-78.38852,35.58707],[-78.38897,35.59085],[-78.39414,35.59106],[-78.39545,35.58803],[-78.39183,35.58257],[-78.38722,35.58188],[-78.38542,35.58093],[-78.3861,35.57838],[-78.38438,35.5721],[-78.38498,35.56756],[-78.3837,35.5638],[-78.38073,35.56024],[-78.38034,35.55866],[-78.3841,35.55602],[-78.38651,35.55521],[-78.38868,35.55033],[-78.39203,35.54576],[-78.39688,35.5444],[-78.40061,35.54495],[-78.40251,35.54798],[-78.40243,35.55176],[-78.40771,35.55258],[-78.41417,35.55277],[-78.42008,35.55167],[-78.42144,35.55397],[-78.41994,35.55601],[-78.42058,35.55843],[-78.42444,35.55881],[-78.43013,35.55775],[-78.43227,35.55957],[-78.43223,35.55709],[-78.43434,35.55561],[-78.43602,35.55909],[-78.4348,35.56107],[-78.43623,35.56193],[-78.4386,35.56104],[-78.43968,35.55694],[-78.44459,35.5562],[-78.44877,35.55766],[-78.44851,35.55558],[-78.45244,35.55366],[-78.45306,35.55208],[-78.45492,35.55336],[-78.4603,35.55155],[-78.46083,35.54806],[-78.46764,35.55288],[-78.47091,35.55375],[-78.47498,35.55374],[-78.47708,35.55675],[-78.48327,35.55821],[-78.48587,35.55956],[-78.49211,35.56029],[-78.49379,35.55967],[-78.49227,35.55526],[-78.4918,35.55119],[-78.48989,35.5506],[-78.49103,35.54662],[-78.49331,35.54662],[-78.49338,35.5435],[-78.49478,35.54276],[-78.49573,35.5379],[-78.50254,35.53789],[-78.50253,35.53069],[-78.50103,35.53072],[-78.50205,35.5281],[-78.50745,35.52704],[-78.51004,35.52442],[-78.50937,35.52117],[-78.51345,35.52162],[-78.51239,35.52441],[-78.51403,35.52545],[-78.5163,35.52483],[-78.51903,35.52926],[-78.51687,35.53019],[-78.52026,35.53512],[-78.52538,35.53726],[-78.53001,35.53638],[-78.53074,35.53462],[-78.5344,35.53531],[-78.53275,35.54008],[-78.53835,35.54407],[-78.54061,35.54358],[-78.53928,35.54698],[-78.54209,35.54674],[-78.54263,35.54796],[-78.54765,35.54821],[-78.55211,35.54939],[-78.55381,35.55098],[-78.55618,35.55085],[-78.55835,35.55196],[-78.55937,35.55819],[-78.55598,35.55886],[-78.55367,35.56089],[-78.55194,35.56397],[-78.54669,35.56945],[-78.54595,35.57105],[-78.54094,35.57446],[-78.53737,35.57513],[-78.54092,35.57928],[-78.54254,35.58017],[-78.53915,35.58247],[-78.53763,35.58254],[-78.53576,35.58515],[-78.53096,35.58382],[-78.52965,35.58212],[-78.52465,35.57953],[-78.52093,35.57944],[-78.51858,35.5771],[-78.51576,35.57703],[-78.517,35.57537],[-78.51699,35.57067],[-78.51413,35.57063],[-78.51432,35.56631],[-78.51052,35.56655],[-78.51045,35.57128],[-78.51242,35.5749],[-78.51027,35.57447],[-78.50763,35.57666],[-78.50528,35.57747],[-78.50847,35.57965],[-78.50938,35.58425],[-78.51186,35.58493],[-78.51119,35.58606],[-78.51454,35.58696],[-78.52087,35.59047],[-78.52088,35.58921],[-78.5232,35.58899],[-78.52407,35.59098],[-78.5228,35.59169],[-78.52328,35.59377],[-78.51891,35.5961],[-78.51937,35.60178],[-78.52537,35.60403],[-78.52719,35.60419],[-78.52858,35.60226],[-78.53156,35.602],[-78.53356,35.59967],[-78.5356,35.5999],[-78.53369,35.60607],[-78.53563,35.61259],[-78.5358,35.62309],[-78.52901,35.62303],[-78.52894,35.62581],[-78.52521,35.62579],[-78.52532,35.62356],[-78.52836,35.62342],[-78.5317,35.62028],[-78.5313,35.6187],[-78.52856,35.61906],[-78.52605,35.62119],[-78.52455,35.62068],[-78.52234,35.62516],[-78.52207,35.62843],[-78.52782,35.62953],[-78.53612,35.63017],[-78.53586,35.6326],[-78.53733,35.63775],[-78.53671,35.6396],[-78.53181,35.64125],[-78.52939,35.64655],[-78.5224,35.64785],[-78.52411,35.65062],[-78.52995,35.65397],[-78.53283,35.65852],[-78.5313,35.66098],[-78.52989,35.66526],[-78.52811,35.66716],[-78.52807,35.67075],[-78.52271,35.67091],[-78.52323,35.67224],[-78.5208,35.675],[-78.52298,35.68073],[-78.52277,35.68203]],[[-78.44547,35.64279],[-78.44724,35.64442],[-78.44655,35.64203],[-78.44547,35.64279]],[[-78.44119,35.64085],[-78.44143,35.64223],[-78.44255,35.64097],[-78.44119,35.64085]]]}},{"type":"Feature","properties":{"zcta":"27576","d":98},"geometry":{"type":"Polygon","coordinates":[[[-78.32027,35.68588],[-78.31922,35.6847],[-78.31517,35.68602],[-78.31431,35.68254],[-78.30952,35.67265],[-78.30649,35.66895],[-78.30412,35.68611],[-78.29972,35.68493],[-78.30139,35.67749],[-78.29218,35.67851],[-78.27883,35.67661],[-78.27536,35.67504],[-78.27344,35.67723],[-78.27075,35.67476],[-78.2672,35.67333],[-78.26704,35.67245],[-78.2627,35.66904],[-78.25992,35.66788],[-78.25932,35.66805],[-78.24965,35.67549],[-78.24916,35.67679],[-78.24439,35.67417],[-78.25156,35.67043],[-78.25464,35.66288],[-78.25056,35.6613],[-78.24578,35.65389],[-78.24207,35.65646],[-78.23698,35.65571],[-78.23762,35.65386],[-78.23508,35.65099],[-78.2342,35.64763],[-78.23232,35.64537],[-78.22543,35.64716],[-78.22631,35.64346],[-78.22487,35.64052],[-78.22558,35.63836],[-78.22886,35.63645],[-78.22566,35.63656],[-78.22516,35.63341],[-78.22217,35.63131],[-78.22347,35.62922],[-78.22187,35.62878],[-78.21949,35.62501],[-78.22221,35.62287],[-78.21969,35.62114],[-78.22221,35.61975],[-78.22111,35.6183],[-78.22292,35.61305],[-78.22075,35.6114],[-78.2169,35.61144],[-78.21631,35.61358],[-78.21148,35.61395],[-78.21088,35.61185],[-78.21351,35.61299],[-78.21324,35.60888],[-78.20461,35.60933],[-78.20316,35.60869],[-78.20135,35.60578],[-78.2006,35.60217],[-78.19705,35.6006],[-78.19902,35.59848],[-78.19731,35.59508],[-78.19007,35.59015],[-78.18664,35.58857],[-78.17806,35.58734],[-78.17999,35.58906],[-78.17782,35.59077],[-78.17648,35.58867],[-78.17684,35.5862],[-78.1784,35.58484],[-78.18358,35.58541],[-78.17939,35.58173],[-78.17863,35.57835],[-78.17269,35.5765],[-78.1723,35.57915],[-78.16944,35.57599],[-78.17205,35.57424],[-78.17659,35.56745],[-78.17365,35.56598],[-78.16715,35.56833],[-78.16508,35.56523],[-78.17054,35.56206],[-78.1698,35.56088],[-78.16582,35.55892],[-78.16309,35.55578],[-78.1644,35.55237],[-78.16048,35.55108],[-78.1564,35.55198],[-78.15501,35.55024],[-78.16104,35.54765],[-78.16584,35.54671],[-78.16632,35.54431],[-78.15934,35.5387],[-78.16209,35.53527],[-78.16426,35.53546],[-78.16744,35.53201],[-78.16543,35.52935],[-78.16655,35.5254],[-78.16438,35.52396],[-78.15884,35.52162],[-78.15885,35.51991],[-78.16119,35.51869],[-78.15672,35.51661],[-78.15682,35.51505],[-78.15897,35.51252],[-78.16913,35.51631],[-78.16889,35.5208],[-78.17383,35.52528],[-78.17597,35.5155],[-78.17892,35.51545],[-78.1809,35.51794],[-78.18295,35.51654],[-78.18405,35.51785],[-78.1861,35.51712],[-78.19118,35.51772],[-78.19544,35.51674],[-78.19639,35.51885],[-78.20793,35.51695],[-78.20797,35.51809],[-78.2141,35.51952],[-78.21664,35.52061],[-78.21874,35.51732],[-78.22373,35.51956],[-78.22946,35.51969],[-78.23419,35.5183],[-78.24225,35.51682],[-78.24259,35.51587],[-78.24668,35.51742],[-78.25014,35.5157],[-78.25416,35.51785],[-78.26238,35.51532],[-78.26529,35.51647],[-78.26536,35.51489],[-78.25069,35.51328],[-78.25046,35.51166],[-78.25276,35.51055],[-78.25775,35.51133],[-78.25772,35.51038],[-78.25125,35.50685],[-78.2495,35.50779],[-78.25192,35.50361],[-78.24902,35.50081],[-78.24789,35.50498],[-78.24507,35.50419],[-78.24435,35.50292],[-78.24417,35.50661],[-78.2393,35.50644],[-78.23967,35.50246],[-78.23593,35.5018],[-78.23187,35.5017],[-78.23137,35.49966],[-78.23598,35.50079],[-78.23613,35.49839],[-78.22159,35.49025],[-78.22209,35.48934],[-78.21864,35.48783],[-78.22151,35.48475],[-78.22711,35.48149],[-78.23178,35.48058],[-78.24031,35.48275],[-78.2443,35.48294],[-78.2468,35.48552],[-78.25,35.48494],[-78.25372,35.48763],[-78.25432,35.48442],[-78.27004,35.49144],[-78.2706,35.49111],[-78.27904,35.49209],[-78.28976,35.50502],[-78.2939,35.50725],[-78.2937,35.51342],[-78.29497,35.5146],[-78.29854,35.51369],[-78.30247,35.51644],[-78.30451,35.51927],[-78.30389,35.52494],[-78.30831,35.53056],[-78.30985,35.53536],[-78.30966,35.54468],[-78.31048,35.54778],[-78.31423,35.55053],[-78.31158,35.54985],[-78.31944,35.55478],[-78.32127,35.55886],[-78.31023,35.55924],[-78.30548,35.5623],[-78.30449,35.5657],[-78.30824,35.56875],[-78.31476,35.5702],[-78.32027,35.57905],[-78.32378,35.58259],[-78.32681,35.58471],[-78.32763,35.58638],[-78.32792,35.59051],[-78.32934,35.59762],[-78.33347,35.60088],[-78.33724,35.60705],[-78.33051,35.61051],[-78.32635,35.61504],[-78.32576,35.61652],[-78.31398,35.63052],[-78.32338,35.63739],[-78.32569,35.6401],[-78.32647,35.64461],[-78.32838,35.64842],[-78.32853,35.65278],[-78.32998,35.65427],[-78.33049,35.65814],[-78.3351,35.66284],[-78.33881,35.66446],[-78.33684,35.66806],[-78.33732,35.67134],[-78.33523,35.67803],[-78.33696,35.68303],[-78.33865,35.68587],[-78.32027,35.68588]],[[-78.21036,35.56113],[-78.20696,35.55942],[-78.20476,35.55551],[-78.20179,35.5576],[-78.19868,35.5575],[-78.19829,35.55898],[-78.19592,35.56004],[-78.19874,35.56408],[-78.19574,35.56519],[-78.19632,35.56597],[-78.19954,35.56522],[-78.20051,35.5666],[-78.20541,35.56561],[-78.20693,35.57069],[-78.20806,35.57044],[-78.20862,35.56415],[-78.21067,35.56336],[-78.21036,35.56113]]]}},{"type":"Feature","properties":{"zcta":"27587","d":358},"geometry":{"type":"MultiPolygon","coordinates":[[[[-78.57955,35.93278],[-78.5791,35.93198],[-78.58264,35.93115],[-78.57955,35.93278]]],[[[-78.59608,36.08967],[-78.59121,36.09459],[-78.58706,36.09583],[-78.58314,36.09432],[-78.58099,36.09521],[-78.57589,36.09572],[-78.57325,36.09706],[-78.56951,36.09642],[-78.57108,36.09103],[-78.56794,36.09081],[-78.56845,36.0879],[-78.5657,36.08737],[-78.56632,36.08461],[-78.56792,36.08271],[-78.56655,36.08064],[-78.56645,36.07767],[-78.5636,36.07719],[-78.56397,36.07314],[-78.5606,36.0711],[-78.55992,36.06976],[-78.56272,36.06809],[-78.56135,36.06629],[-78.56378,36.06293],[-78.56637,36.06168],[-78.5682,36.05854],[-78.56784,36.05683],[-78.5589,36.05685],[-78.55859,36.05801],[-78.55446,36.0587],[-78.5573,36.06083],[-78.5571,36.06388],[-78.54648,36.0633],[-78.54549,36.05958],[-78.54557,36.0469],[-78.54968,36.04682],[-78.55012,36.04403],[-78.55212,36.04405],[-78.55319,36.03956],[-78.5546,36.03942],[-78.55453,36.03482],[-78.55719,36.03421],[-78.55722,36.03025],[-78.55942,36.02769],[-78.55762,36.02576],[-78.54902,36.02271],[-78.54769,36.02632],[-78.54136,36.02741],[-78.53202,36.02675],[-78.52932,36.026],[-78.52523,36.02621],[-78.51908,36.02432],[-78.51977,36.02123],[-78.52189,36.01777],[-78.52567,36.01434],[-78.51811,36.01162],[-78.51707,36.01364],[-78.51398,36.01242],[-78.51274,36.01833],[-78.50687,36.01828],[-78.50643,36.01364],[-78.50106,36.01287],[-78.49969,36.0204],[-78.49787,36.02254],[-78.49984,36.0179],[-78.49805,36.01773],[-78.4978,36.01961],[-78.4957,36.02018],[-78.4912,36.01981],[-78.49143,36.01462],[-78.49047,36.00698],[-78.49354,36.00267],[-78.48666,35.99987],[-78.47732,36.00666],[-78.475,36.00177],[-78.47567,35.99531],[-78.45338,35.98604],[-78.45324,35.98107],[-78.4468,35.98111],[-78.44614,35.97477],[-78.4438,35.97481],[-78.44389,35.9689],[-78.44301,35.96537],[-78.43954,35.96616],[-78.43177,35.9665],[-78.42746,35.96872],[-78.42213,35.96947],[-78.4122,35.95783],[-78.40768,35.96045],[-78.4063,35.96021],[-78.40399,35.95693],[-78.40008,35.9527],[-78.39586,35.94982],[-78.39485,35.94996],[-78.39356,35.9462],[-78.39147,35.94572],[-78.39094,35.94402],[-78.39207,35.93936],[-78.39236,35.93378],[-78.39135,35.93242],[-78.39569,35.92977],[-78.394,35.92915],[-78.39294,35.9263],[-78.3903,35.92501],[-78.38879,35.9216],[-78.38994,35.92014],[-78.38919,35.91758],[-78.3978,35.91631],[-78.40064,35.91772],[-78.40465,35.91836],[-78.40695,35.91756],[-78.41148,35.91729],[-78.41414,35.91571],[-78.41717,35.91611],[-78.42206,35.91522],[-78.42248,35.91354],[-78.42564,35.91029],[-78.42237,35.91022],[-78.41756,35.90472],[-78.4176,35.90019],[-78.42537,35.89774],[-78.42538,35.8958],[-78.42902,35.89253],[-78.43405,35.89509],[-78.44041,35.89699],[-78.44098,35.89423],[-78.43976,35.89048],[-78.43836,35.88885],[-78.43996,35.88854],[-78.44506,35.88442],[-78.4454,35.88268],[-78.44851,35.88285],[-78.4497,35.87874],[-78.45014,35.87003],[-78.44977,35.86935],[-78.4544,35.87217],[-78.47202,35.87157],[-78.47386,35.8797],[-78.47501,35.87968],[-78.47718,35.87359],[-78.47728,35.87137],[-78.48027,35.87134],[-78.48024,35.87327],[-78.4838,35.87335],[-78.4844,35.87473],[-78.49049,35.87464],[-78.49289,35.87734],[-78.49577,35.87612],[-78.49749,35.87337],[-78.50029,35.87291],[-78.50231,35.87937],[-78.50236,35.88104],[-78.51012,35.88319],[-78.5096,35.88666],[-78.50494,35.8868],[-78.50501,35.89475],[-78.50657,35.89602],[-78.50846,35.89551],[-78.50872,35.89814],[-78.50677,35.89755],[-78.50607,35.90348],[-78.51486,35.90481],[-78.51485,35.90631],[-78.52043,35.90621],[-78.52268,35.90132],[-78.52271,35.89349],[-78.51968,35.89288],[-78.51918,35.89131],[-78.52284,35.88883],[-78.52092,35.8884],[-78.52186,35.88691],[-78.52455,35.88734],[-78.52807,35.88426],[-78.52968,35.88584],[-78.53201,35.88524],[-78.53481,35.88036],[-78.53763,35.88011],[-78.54029,35.88093],[-78.54166,35.883],[-78.53942,35.88687],[-78.53381,35.89077],[-78.53318,35.89347],[-78.53553,35.90006],[-78.53522,35.90434],[-78.53787,35.90674],[-78.53907,35.90918],[-78.54303,35.90545],[-78.54734,35.90628],[-78.55071,35.90823],[-78.55774,35.90988],[-78.55961,35.91205],[-78.55975,35.9161],[-78.55557,35.9219],[-78.5537,35.92821],[-78.56064,35.93297],[-78.56003,35.93428],[-78.55384,35.93337],[-78.55228,35.94053],[-78.54162,35.94008],[-78.54396,35.9418],[-78.54101,35.94135],[-78.53983,35.94593],[-78.53988,35.95005],[-78.54299,35.96087],[-78.54478,35.96027],[-78.54614,35.96365],[-78.54526,35.96562],[-78.5485,35.96608],[-78.5571,35.97078],[-78.56121,35.96964],[-78.56266,35.96709],[-78.56339,35.96024],[-78.56806,35.95282],[-78.57378,35.94813],[-78.57481,35.94579],[-78.57285,35.94523],[-78.57308,35.93768],[-78.57382,35.93637],[-78.57977,35.9328],[-78.58286,35.93473],[-78.5862,35.93024],[-78.58777,35.93398],[-78.58385,35.93787],[-78.58303,35.941],[-78.58447,35.94281],[-78.58097,35.94851],[-78.58201,35.95255],[-78.58471,35.95903],[-78.5882,35.95951],[-78.59146,35.95824],[-78.59558,35.95773],[-78.59932,35.95606],[-78.60315,35.95902],[-78.6054,35.96216],[-78.61282,35.96527],[-78.61754,35.96655],[-78.62102,35.96951],[-78.62377,35.97018],[-78.63384,35.96954],[-78.63444,35.97088],[-78.63243,35.97577],[-78.633,35.9828],[-78.63398,35.98512],[-78.63579,35.98601],[-78.64444,35.9864],[-78.64468,35.98959],[-78.64401,35.99304],[-78.64895,35.99567],[-78.64999,35.99553],[-78.65207,35.99922],[-78.64745,36.00264],[-78.64628,36.00583],[-78.64388,36.00442],[-78.64409,36.00064],[-78.64169,36.00013],[-78.64047,36.00526],[-78.64236,36.00908],[-78.64365,36.01012],[-78.6471,36.01001],[-78.64886,36.00791],[-78.65021,36.004],[-78.6584,35.9988],[-78.66035,36.00038],[-78.66497,36.00256],[-78.66371,35.996],[-78.66273,35.9952],[-78.66535,35.99174],[-78.66695,35.99161],[-78.66799,35.98784],[-78.67156,35.98875],[-78.67465,35.9878],[-78.6857,35.98784],[-78.68631,35.98537],[-78.69415,35.98546],[-78.69575,35.98903],[-78.69817,35.9888],[-78.7083,35.98434],[-78.70039,36.00825],[-78.69985,36.01143],[-78.70624,36.01116],[-78.70582,36.01937],[-78.70454,36.02031],[-78.70634,36.02672],[-78.70424,36.0287],[-78.70715,36.02802],[-78.70755,36.02939],[-78.70577,36.03204],[-78.70459,36.03213],[-78.70492,36.03519],[-78.70686,36.03282],[-78.70821,36.03325],[-78.70735,36.03514],[-78.71266,36.03891],[-78.71553,36.04157],[-78.71651,36.04392],[-78.71618,36.04778],[-78.71459,36.05036],[-78.71601,36.05351],[-78.71439,36.05582],[-78.70854,36.05652],[-78.7031,36.05467],[-78.70174,36.05909],[-78.69883,36.05953],[-78.69905,36.06108],[-78.69609,36.06198],[-78.69082,36.06178],[-78.68411,36.05935],[-78.68229,36.06187],[-78.68086,36.0621],[-78.67797,36.05826],[-78.67176,36.05155],[-78.67075,36.04954],[-78.67086,36.04155],[-78.66482,36.04189],[-78.66309,36.04333],[-78.65875,36.0423],[-78.65547,36.04543],[-78.6546,36.04791],[-78.64625,36.05169],[-78.64336,36.05385],[-78.642,36.05367],[-78.64014,36.05687],[-78.64364,36.05829],[-78.64029,36.0607],[-78.63587,36.06213],[-78.62849,36.05216],[-78.61719,36.04773],[-78.61654,36.04957],[-78.60905,36.04914],[-78.60889,36.05142],[-78.60637,36.05144],[-78.606,36.05453],[-78.59926,36.05456],[-78.59892,36.0593],[-78.59739,36.0602],[-78.59676,36.06476],[-78.5951,36.06449],[-78.59423,36.06885],[-78.59631,36.07198],[-78.59489,36.07233],[-78.59478,36.07574],[-78.59682,36.07715],[-78.59692,36.08193],[-78.59823,36.08488],[-78.60157,36.08848],[-78.59608,36.08967]],[[-78.67823,35.98865],[-78.67484,35.99017],[-78.67483,35.9953],[-78.68078,35.99506],[-78.68133,35.99072],[-78.67823,35.98865]],[[-78.48405,35.90604],[-78.48427,35.90873],[-78.48124,35.90628],[-78.4795,35.90747],[-78.47879,35.90032],[-78.47368,35.89915],[-78.47098,35.89944],[-78.46346,35.90315],[-78.45732,35.90733],[-78.44501,35.91809],[-78.44228,35.92196],[-78.43649,35.92885],[-78.4411,35.9328],[-78.44304,35.93297],[-78.44762,35.93099],[-78.44635,35.9332],[-78.44734,35.93671],[-78.44854,35.93687],[-78.45032,35.93352],[-78.44931,35.93028],[-78.45361,35.92861],[-78.45283,35.93201],[-78.4515,35.93191],[-78.45131,35.93509],[-78.45691,35.93514],[-78.45615,35.94113],[-78.45713,35.93875],[-78.46711,35.93971],[-78.4671,35.93806],[-78.47357,35.93885],[-78.47361,35.9375],[-78.48364,35.93781],[-78.48148,35.93628],[-78.47894,35.93237],[-78.47893,35.92684],[-78.48132,35.92681],[-78.4815,35.91857],[-78.48295,35.91859],[-78.4824,35.91507],[-78.48409,35.91274],[-78.48727,35.91266],[-78.48684,35.90591],[-78.48405,35.90604]],[[-78.47134,35.94332],[-78.46672,35.94262],[-78.4644,35.94633],[-78.46685,35.94805],[-78.47233,35.94811],[-78.47237,35.94423],[-78.47134,35.94332]]]]}},{"type":"Feature","properties":{"zcta":"27524","d":47},"geometry":{"type":"Polygon","coordinates":[[[-78.53001,35.53638],[-78.52538,35.53726],[-78.52026,35.53512],[-78.51687,35.53019],[-78.51903,35.52926],[-78.5163,35.52483],[-78.51403,35.52545],[-78.51239,35.52441],[-78.51345,35.52162],[-78.50937,35.52117],[-78.51004,35.52442],[-78.50745,35.52704],[-78.50205,35.5281],[-78.50245,35.52667],[-78.49967,35.52444],[-78.50143,35.52224],[-78.49742,35.51995],[-78.49615,35.52203],[-78.49325,35.52238],[-78.49085,35.52368],[-78.48709,35.52222],[-78.48766,35.52056],[-78.48733,35.51345],[-78.47536,35.51058],[-78.46789,35.50656],[-78.46426,35.50526],[-78.45775,35.50185],[-78.45684,35.49698],[-78.45318,35.49265],[-78.44945,35.48614],[-78.44655,35.47859],[-78.45129,35.47568],[-78.45689,35.46926],[-78.45429,35.46705],[-78.45405,35.46565],[-78.45184,35.46648],[-78.44616,35.46675],[-78.44384,35.46602],[-78.44057,35.46691],[-78.43716,35.4659],[-78.43375,35.46184],[-78.42976,35.4613],[-78.4285,35.46237],[-78.4224,35.46425],[-78.41719,35.46247],[-78.41453,35.46367],[-78.41256,35.46633],[-78.40932,35.46736],[-78.40317,35.46738],[-78.39451,35.46664],[-78.38856,35.46912],[-78.38454,35.46931],[-78.38062,35.46625],[-78.37606,35.47107],[-78.36803,35.47742],[-78.36724,35.47188],[-78.36631,35.4702],[-78.36046,35.46467],[-78.35889,35.46151],[-78.36003,35.45714],[-78.35662,35.45568],[-78.36006,35.45268],[-78.35992,35.44953],[-78.35719,35.44699],[-78.35306,35.44634],[-78.34942,35.44695],[-78.34662,35.44572],[-78.34658,35.44409],[-78.3502,35.44546],[-78.35203,35.44453],[-78.35151,35.44024],[-78.34768,35.4377],[-78.3483,35.43518],[-78.34506,35.4339],[-78.34478,35.43534],[-78.34129,35.43726],[-78.338,35.43625],[-78.33818,35.43382],[-78.33479,35.43051],[-78.33476,35.42735],[-78.33184,35.42815],[-78.33166,35.42977],[-78.3282,35.42921],[-78.32691,35.43087],[-78.32267,35.43134],[-78.32132,35.42858],[-78.3147,35.42949],[-78.31246,35.42723],[-78.31221,35.43128],[-78.31,35.43159],[-78.30793,35.42959],[-78.30534,35.42953],[-78.30585,35.42773],[-78.30364,35.42826],[-78.29667,35.42633],[-78.29619,35.42438],[-78.29266,35.42477],[-78.28926,35.42349],[-78.28802,35.42636],[-78.28689,35.42329],[-78.28498,35.42189],[-78.2845,35.41949],[-78.28248,35.41754],[-78.28377,35.41458],[-78.28384,35.4082],[-78.28684,35.40687],[-78.28824,35.40467],[-78.2871,35.4019],[-78.28949,35.40036],[-78.28684,35.39778],[-78.28367,35.39604],[-78.2834,35.39296],[-78.27537,35.38728],[-78.27558,35.38611],[-78.27288,35.38546],[-78.26944,35.37711],[-78.26385,35.37456],[-78.26349,35.37145],[-78.26436,35.36682],[-78.26039,35.36199],[-78.2582,35.36191],[-78.25755,35.36056],[-78.2532,35.35818],[-78.25213,35.35607],[-78.25162,35.3521],[-78.25364,35.34881],[-78.25402,35.34663],[-78.25017,35.34336],[-78.24841,35.34589],[-78.24461,35.34695],[-78.24238,35.34968],[-78.24018,35.34985],[-78.23737,35.34488],[-78.23399,35.3467],[-78.23119,35.34641],[-78.21967,35.34242],[-78.21615,35.34203],[-78.21792,35.33876],[-78.21592,35.33467],[-78.21054,35.33333],[-78.20354,35.33291],[-78.20761,35.32737],[-78.2071,35.32218],[-78.20797,35.32066],[-78.21649,35.31607],[-78.22239,35.3065],[-78.22359,35.29863],[-78.2367,35.29983],[-78.23555,35.29239],[-78.25054,35.28746],[-78.25771,35.28396],[-78.26399,35.28145],[-78.2658,35.28483],[-78.27885,35.28469],[-78.27872,35.28869],[-78.28153,35.29196],[-78.28677,35.28897],[-78.29095,35.28828],[-78.29192,35.28724],[-78.29344,35.27987],[-78.29347,35.27432],[-78.30658,35.2876],[-78.31598,35.28534],[-78.31543,35.28783],[-78.32041,35.2907],[-78.32225,35.29285],[-78.32662,35.29034],[-78.33101,35.29465],[-78.32823,35.29557],[-78.33053,35.29777],[-78.33143,35.29724],[-78.3342,35.30094],[-78.33355,35.30164],[-78.33545,35.30748],[-78.33527,35.31061],[-78.33973,35.31092],[-78.34198,35.31197],[-78.35045,35.31262],[-78.35406,35.31416],[-78.3489,35.3175],[-78.34952,35.32034],[-78.35266,35.32362],[-78.35036,35.32699],[-78.35122,35.33193],[-78.34989,35.33376],[-78.35082,35.33533],[-78.34788,35.33641],[-78.34652,35.33803],[-78.34726,35.342],[-78.34506,35.34362],[-78.35097,35.34217],[-78.35249,35.33961],[-78.35453,35.34008],[-78.35993,35.33945],[-78.36178,35.33775],[-78.36347,35.33846],[-78.36706,35.33986],[-78.36986,35.33954],[-78.37284,35.33806],[-78.3755,35.33776],[-78.37726,35.33547],[-78.37911,35.33736],[-78.38905,35.33646],[-78.39099,35.33715],[-78.39276,35.33543],[-78.39637,35.33547],[-78.39937,35.33704],[-78.40118,35.33997],[-78.40508,35.34041],[-78.40797,35.33955],[-78.40947,35.3412],[-78.4138,35.34003],[-78.41733,35.3436],[-78.42335,35.34369],[-78.42894,35.34676],[-78.43133,35.3501],[-78.43281,35.35081],[-78.4361,35.35479],[-78.437,35.35815],[-78.43911,35.35931],[-78.44399,35.35971],[-78.45053,35.35898],[-78.45744,35.35985],[-78.46085,35.35851],[-78.46154,35.35936],[-78.46762,35.36259],[-78.47157,35.373],[-78.47513,35.37555],[-78.47591,35.37424],[-78.48309,35.35566],[-78.49043,35.36449],[-78.49353,35.3674],[-78.50036,35.37197],[-78.50401,35.37596],[-78.50024,35.3772],[-78.49163,35.37722],[-78.49149,35.38375],[-78.49701,35.38819],[-78.50142,35.38702],[-78.51077,35.3869],[-78.50996,35.38874],[-78.50422,35.39132],[-78.50248,35.39601],[-78.50068,35.39783],[-78.50392,35.39749],[-78.5002,35.3993],[-78.50147,35.40207],[-78.50652,35.40046],[-78.50934,35.40025],[-78.50884,35.40178],[-78.50527,35.40257],[-78.50504,35.40988],[-78.50004,35.41397],[-78.50236,35.41847],[-78.49152,35.42318],[-78.48412,35.42584],[-78.48705,35.42568],[-78.49135,35.43159],[-78.49331,35.43291],[-78.49632,35.43328],[-78.49631,35.43711],[-78.49744,35.43797],[-78.499,35.44217],[-78.50164,35.44254],[-78.50168,35.44983],[-78.50741,35.45003],[-78.51001,35.45252],[-78.51151,35.4602],[-78.50771,35.46281],[-78.50501,35.46339],[-78.50785,35.46669],[-78.51176,35.47623],[-78.51193,35.47863],[-78.5146,35.47904],[-78.51741,35.48105],[-78.52228,35.49017],[-78.52292,35.49285],[-78.51858,35.49285],[-78.52092,35.49597],[-78.52565,35.50378],[-78.53111,35.50724],[-78.53965,35.50973],[-78.53882,35.51415],[-78.53643,35.51408],[-78.53697,35.51628],[-78.53595,35.52029],[-78.53417,35.52056],[-78.53178,35.52326],[-78.5332,35.52662],[-78.53165,35.52996],[-78.53074,35.53462],[-78.53001,35.53638]]]}},{"type":"Feature","properties":{"zcta":"27549","d":44},"geometry":{"type":"Polygon","coordinates":[[[-78.33791,36.14069],[-78.33825,36.14629],[-78.34015,36.1473],[-78.33904,36.15327],[-78.33927,36.1594],[-78.34021,36.16247],[-78.33682,36.16405],[-78.33408,36.16763],[-78.334,36.16963],[-78.33228,36.1744],[-78.33425,36.1789],[-78.33259,36.18201],[-78.33262,36.18391],[-78.32796,36.18526],[-78.3259,36.18767],[-78.32582,36.19067],[-78.32838,36.19125],[-78.32848,36.18898],[-78.33029,36.18894],[-78.3307,36.19271],[-78.3329,36.19256],[-78.33278,36.1881],[-78.33825,36.18854],[-78.33853,36.19618],[-78.34164,36.19652],[-78.34297,36.19986],[-78.34193,36.20258],[-78.34393,36.20893],[-78.33396,36.20854],[-78.32833,36.20611],[-78.32552,36.20592],[-78.32345,36.20467],[-78.31899,36.20431],[-78.3158,36.20778],[-78.31464,36.21227],[-78.31315,36.21363],[-78.31873,36.21898],[-78.32297,36.22098],[-78.32163,36.22347],[-78.30449,36.21472],[-78.29899,36.21247],[-78.29701,36.21319],[-78.30048,36.22079],[-78.30197,36.22313],[-78.29964,36.22261],[-78.29873,36.22612],[-78.30022,36.2268],[-78.29846,36.22935],[-78.29501,36.23087],[-78.29159,36.23055],[-78.28758,36.22828],[-78.28528,36.22585],[-78.28481,36.22235],[-78.28248,36.21735],[-78.27826,36.22583],[-78.27653,36.22658],[-78.27319,36.22445],[-78.27216,36.23032],[-78.26093,36.24488],[-78.25752,36.24778],[-78.2563,36.24658],[-78.25238,36.23966],[-78.25263,36.23732],[-78.24948,36.23285],[-78.25083,36.2301],[-78.24719,36.22528],[-78.24405,36.22319],[-78.24154,36.22325],[-78.24066,36.22128],[-78.23685,36.2173],[-78.23693,36.21473],[-78.23512,36.21402],[-78.2354,36.21173],[-78.23221,36.21103],[-78.22755,36.21147],[-78.22562,36.21422],[-78.22431,36.21903],[-78.22443,36.22398],[-78.22266,36.22833],[-78.22152,36.2375],[-78.22226,36.23859],[-78.22905,36.24372],[-78.2253,36.24374],[-78.22199,36.24782],[-78.21638,36.24719],[-78.21215,36.24606],[-78.20907,36.24669],[-78.2054,36.24521],[-78.20022,36.2453],[-78.19594,36.24241],[-78.19228,36.24179],[-78.18603,36.23937],[-78.18264,36.23716],[-78.17884,36.23872],[-78.17743,36.24023],[-78.16941,36.24382],[-78.16667,36.24382],[-78.16242,36.24809],[-78.16087,36.2456],[-78.15698,36.24442],[-78.15109,36.24547],[-78.14938,36.24684],[-78.146,36.24704],[-78.14234,36.24604],[-78.13793,36.24757],[-78.13553,36.24578],[-78.13274,36.24628],[-78.13076,36.24043],[-78.12677,36.23601],[-78.12497,36.23524],[-78.12662,36.23328],[-78.12684,36.22993],[-78.1257,36.22633],[-78.12302,36.22626],[-78.1217,36.22399],[-78.11952,36.22442],[-78.11735,36.22259],[-78.11649,36.2186],[-78.11421,36.21619],[-78.11301,36.21749],[-78.11093,36.21642],[-78.10938,36.213],[-78.1107,36.21209],[-78.10978,36.21016],[-78.10417,36.21037],[-78.10308,36.20905],[-78.09468,36.21023],[-78.09166,36.20898],[-78.09175,36.20774],[-78.0873,36.20863],[-78.08323,36.21262],[-78.07726,36.21142],[-78.07638,36.21345],[-78.07127,36.21638],[-78.06877,36.21502],[-78.06615,36.21646],[-78.06378,36.21401],[-78.06111,36.21426],[-78.05707,36.21108],[-78.05348,36.21302],[-78.04913,36.21329],[-78.04491,36.21546],[-78.04345,36.21376],[-78.04545,36.21295],[-78.04395,36.21157],[-78.03725,36.21037],[-78.03879,36.20931],[-78.03559,36.20697],[-78.03315,36.20735],[-78.03025,36.21104],[-78.03154,36.21352],[-78.02971,36.21398],[-78.02876,36.21028],[-78.02759,36.21042],[-78.04712,36.18241],[-78.05193,36.17544],[-78.05646,36.17558],[-78.05645,36.17438],[-78.06166,36.16948],[-78.06309,36.16563],[-78.07295,36.15739],[-78.07655,36.15997],[-78.07955,36.16037],[-78.07903,36.16312],[-78.08097,36.16307],[-78.08249,36.16083],[-78.08506,36.16022],[-78.08487,36.15913],[-78.08852,36.16055],[-78.09083,36.1581],[-78.09292,36.15957],[-78.09591,36.15979],[-78.09967,36.16206],[-78.10277,36.16243],[-78.10721,36.16465],[-78.10853,36.16302],[-78.11605,36.16545],[-78.11698,36.16133],[-78.11872,36.16071],[-78.12035,36.16258],[-78.12113,36.16533],[-78.12377,36.16513],[-78.12959,36.16007],[-78.1281,36.15841],[-78.12717,36.15358],[-78.13122,36.14934],[-78.11752,36.14404],[-78.11839,36.14044],[-78.13131,36.14184],[-78.13417,36.14056],[-78.13425,36.13339],[-78.14532,36.13295],[-78.15127,36.12972],[-78.15114,36.12346],[-78.15275,36.12338],[-78.15356,36.11619],[-78.16158,36.11626],[-78.16115,36.11386],[-78.16503,36.11364],[-78.16519,36.10785],[-78.1624,36.10788],[-78.16223,36.10913],[-78.15585,36.10915],[-78.15573,36.10639],[-78.15683,36.10427],[-78.15429,36.10421],[-78.15435,36.10128],[-78.15133,36.10125],[-78.15201,36.09989],[-78.15105,36.09744],[-78.14665,36.09649],[-78.14663,36.09546],[-78.13856,36.09469],[-78.13183,36.09324],[-78.14688,36.08178],[-78.14664,36.07962],[-78.14382,36.07679],[-78.1406,36.0714],[-78.14193,36.06476],[-78.1412,36.06035],[-78.14131,36.05737],[-78.14332,36.05184],[-78.14678,36.04891],[-78.15092,36.05494],[-78.15421,36.058],[-78.15786,36.05846],[-78.16218,36.06006],[-78.16872,36.05827],[-78.17042,36.05835],[-78.16852,36.05108],[-78.18313,36.04614],[-78.18221,36.04165],[-78.18672,36.04194],[-78.18684,36.03835],[-78.18574,36.03239],[-78.18867,36.02862],[-78.19124,36.02755],[-78.19764,36.02606],[-78.19686,36.02064],[-78.18975,36.02087],[-78.1808,36.0202],[-78.18104,36.01741],[-78.1845,36.01724],[-78.18326,36.00032],[-78.18433,35.99918],[-78.18164,35.9942],[-78.18484,35.99303],[-78.19211,35.99339],[-78.19219,35.98846],[-78.18745,35.98607],[-78.18714,35.98223],[-78.19037,35.98012],[-78.19193,35.98002],[-78.19201,35.97681],[-78.18503,35.97765],[-78.1865,35.97381],[-78.18185,35.96939],[-78.18253,35.96781],[-78.18733,35.96352],[-78.18269,35.96354],[-78.1826,35.9615],[-78.17811,35.96186],[-78.1784,35.95991],[-78.18283,35.95923],[-78.18286,35.95771],[-78.18516,35.95444],[-78.18336,35.95379],[-78.18378,35.94782],[-78.18503,35.94647],[-78.18602,35.94247],[-78.18211,35.94116],[-78.18218,35.93876],[-78.1842,35.93549],[-78.18699,35.93916],[-78.19014,35.93897],[-78.19375,35.93487],[-78.19587,35.9336],[-78.20096,35.93575],[-78.20302,35.93962],[-78.20504,35.94013],[-78.20885,35.93856],[-78.21115,35.93997],[-78.20831,35.94185],[-78.20298,35.94108],[-78.20274,35.94514],[-78.20642,35.94656],[-78.20927,35.94637],[-78.21374,35.94852],[-78.21864,35.9528],[-78.21965,35.95636],[-78.22236,35.95847],[-78.22196,35.96424],[-78.22082,35.96636],[-78.22278,35.96951],[-78.22394,35.97449],[-78.22245,35.97657],[-78.22487,35.97943],[-78.22777,35.98042],[-78.23312,35.98122],[-78.23746,35.98362],[-78.24106,35.98894],[-78.24045,35.99037],[-78.2616,35.97413],[-78.2621,35.97934],[-78.26431,35.98178],[-78.2685,35.97639],[-78.27251,35.97375],[-78.2729,35.9778],[-78.27615,35.98146],[-78.28107,35.97662],[-78.2874,35.96943],[-78.28144,35.96591],[-78.2901,35.95893],[-78.28669,35.95274],[-78.28336,35.95085],[-78.2861,35.94753],[-78.28931,35.94725],[-78.29151,35.93973],[-78.29298,35.94045],[-78.29586,35.9365],[-78.2967,35.93379],[-78.30659,35.93437],[-78.31173,35.93646],[-78.31496,35.9371],[-78.31581,35.93877],[-78.31921,35.93944],[-78.32163,35.94356],[-78.32563,35.94451],[-78.33016,35.94792],[-78.33303,35.94873],[-78.33318,35.95159],[-78.33492,35.95186],[-78.33475,35.95426],[-78.33706,35.95577],[-78.33875,35.95518],[-78.34185,35.95692],[-78.34373,35.96058],[-78.34576,35.9628],[-78.34807,35.96345],[-78.34804,35.96735],[-78.34535,35.9695],[-78.34054,35.97126],[-78.34953,35.97727],[-78.34937,35.98059],[-78.35144,35.98297],[-78.3521,35.98837],[-78.35395,35.98827],[-78.35402,35.99059],[-78.35912,35.99042],[-78.35878,35.99378],[-78.35722,35.99552],[-78.35526,36.00009],[-78.3582,36.00311],[-78.36048,36.00433],[-78.36464,36.00427],[-78.3661,36.00123],[-78.36759,36.00355],[-78.37801,36.00332],[-78.37824,36.00102],[-78.38333,36.00077],[-78.38616,36.00446],[-78.38926,36.0046],[-78.38948,36.00345],[-78.39793,36.00404],[-78.40114,36.00386],[-78.40114,36.00146],[-78.40549,36.00087],[-78.40681,36.00308],[-78.40951,36.00253],[-78.40945,36.00573],[-78.41329,36.00665],[-78.41129,36.0091],[-78.41249,36.01463],[-78.41152,36.0189],[-78.40844,36.02132],[-78.40977,36.02546],[-78.41589,36.03009],[-78.41919,36.03039],[-78.4214,36.02863],[-78.42408,36.03217],[-78.42327,36.03471],[-78.41913,36.03388],[-78.42071,36.03634],[-78.42423,36.03985],[-78.42119,36.04385],[-78.41547,36.04552],[-78.41524,36.04412],[-78.41042,36.05052],[-78.40952,36.05622],[-78.40829,36.05605],[-78.40827,36.05873],[-78.40958,36.06079],[-78.40786,36.06362],[-78.40892,36.06458],[-78.40207,36.06396],[-78.40582,36.06672],[-78.40818,36.06669],[-78.40784,36.06938],[-78.40896,36.07192],[-78.40316,36.07209],[-78.39854,36.07365],[-78.39425,36.07429],[-78.39118,36.07257],[-78.38568,36.07163],[-78.38154,36.07038],[-78.38559,36.06691],[-78.38953,36.06276],[-78.38482,36.06232],[-78.38502,36.05474],[-78.39185,36.05464],[-78.39191,36.05322],[-78.39554,36.05339],[-78.3929,36.05153],[-78.38824,36.05004],[-78.3853,36.05052],[-78.38828,36.04553],[-78.39035,36.0409],[-78.387,36.04069],[-78.38097,36.03793],[-78.37818,36.03837],[-78.37383,36.04093],[-78.37296,36.04371],[-78.37028,36.04419],[-78.37034,36.04611],[-78.36691,36.04932],[-78.36373,36.05085],[-78.36437,36.04961],[-78.36099,36.04554],[-78.34969,36.04529],[-78.34972,36.05437],[-78.35663,36.05434],[-78.3595,36.05317],[-78.36071,36.05679],[-78.36009,36.05804],[-78.35732,36.05848],[-78.3539,36.06012],[-78.35305,36.05646],[-78.34634,36.05596],[-78.34066,36.05451],[-78.33637,36.06494],[-78.33549,36.06627],[-78.33841,36.06941],[-78.34092,36.07319],[-78.34371,36.07463],[-78.34105,36.07739],[-78.33877,36.08252],[-78.34264,36.08236],[-78.35173,36.08522],[-78.35412,36.08342],[-78.36558,36.07935],[-78.37693,36.07265],[-78.37796,36.0757],[-78.3797,36.08669],[-78.36642,36.08894],[-78.35767,36.087],[-78.3569,36.09092],[-78.35438,36.09076],[-78.35449,36.09418],[-78.35137,36.09433],[-78.35141,36.09614],[-78.34885,36.09594],[-78.3494,36.10048],[-78.35071,36.10031],[-78.38996,36.10074],[-78.38949,36.10272],[-78.39145,36.10654],[-78.39227,36.10991],[-78.38396,36.10936],[-78.37796,36.10686],[-78.37123,36.10783],[-78.36562,36.10921],[-78.36229,36.11065],[-78.36032,36.11056],[-78.3606,36.11326],[-78.35516,36.11337],[-78.35412,36.11567],[-78.35085,36.11635],[-78.3498,36.11829],[-78.34735,36.11914],[-78.34461,36.12235],[-78.34052,36.12372],[-78.33314,36.12819],[-78.33179,36.12995],[-78.33571,36.13432],[-78.33436,36.13684],[-78.33647,36.13703],[-78.33791,36.14069]]]}},{"type":"Feature","properties":{"zcta":"27695","d":0},"geometry":{"type":"Polygon","coordinates":[[[-78.68502,35.79119],[-78.68208,35.78945],[-78.67477,35.7866],[-78.67562,35.7851],[-78.67089,35.78326],[-78.6719,35.78162],[-78.6752,35.78123],[-78.68227,35.78376],[-78.68161,35.78575],[-78.68504,35.78759],[-78.68701,35.78702],[-78.68502,35.79119]]]}},{"type":"Feature","properties":{"zcta":"27544","d":30},"geometry":{"type":"Polygon","coordinates":[[[-78.34164,36.19652],[-78.33853,36.19618],[-78.33825,36.18854],[-78.33278,36.1881],[-78.3329,36.19256],[-78.3307,36.19271],[-78.33029,36.18894],[-78.32848,36.18898],[-78.32838,36.19125],[-78.32582,36.19067],[-78.3259,36.18767],[-78.32796,36.18526],[-78.33262,36.18391],[-78.33259,36.18201],[-78.33425,36.1789],[-78.33228,36.1744],[-78.334,36.16963],[-78.33408,36.16763],[-78.33682,36.16405],[-78.34021,36.16247],[-78.33927,36.1594],[-78.33904,36.15327],[-78.34015,36.1473],[-78.33825,36.14629],[-78.33791,36.14069],[-78.33647,36.13703],[-78.33881,36.13384],[-78.34008,36.13355],[-78.34099,36.13574],[-78.34316,36.13467],[-78.34516,36.13526],[-78.34663,36.1338],[-78.35032,36.13519],[-78.35371,36.13342],[-78.35549,36.13792],[-78.3576,36.13594],[-78.35975,36.13537],[-78.35958,36.13891],[-78.36395,36.14217],[-78.36951,36.14322],[-78.37214,36.14211],[-78.37478,36.14321],[-78.37937,36.14355],[-78.38112,36.14673],[-78.3801,36.14927],[-78.38272,36.15284],[-78.38676,36.1534],[-78.38845,36.15573],[-78.38608,36.15882],[-78.388,36.15919],[-78.39031,36.15695],[-78.39689,36.15564],[-78.39906,36.15326],[-78.40349,36.15569],[-78.40456,36.15965],[-78.41232,36.16386],[-78.41303,36.16699],[-78.41209,36.1696],[-78.41684,36.1692],[-78.41762,36.16775],[-78.4222,36.16783],[-78.4214,36.16449],[-78.42468,36.16368],[-78.43264,36.16464],[-78.43135,36.16637],[-78.43567,36.16629],[-78.44076,36.1678],[-78.44971,36.16909],[-78.45378,36.16814],[-78.45542,36.16508],[-78.45761,36.16366],[-78.46042,36.16595],[-78.46069,36.16997],[-78.46693,36.17258],[-78.47396,36.17258],[-78.47621,36.17367],[-78.48094,36.17394],[-78.48574,36.17535],[-78.48449,36.17786],[-78.48496,36.17938],[-78.48758,36.17999],[-78.49279,36.18394],[-78.49593,36.17966],[-78.49546,36.17579],[-78.49911,36.17569],[-78.50833,36.18296],[-78.51136,36.18353],[-78.51732,36.18189],[-78.51861,36.18054],[-78.52249,36.18119],[-78.525,36.18037],[-78.52757,36.18173],[-78.5271,36.18363],[-78.53009,36.1841],[-78.53302,36.18601],[-78.53687,36.18435],[-78.53671,36.18309],[-78.53927,36.18238],[-78.54348,36.18519],[-78.54614,36.18574],[-78.55063,36.18837],[-78.5548,36.18839],[-78.55785,36.19087],[-78.56152,36.18918],[-78.56407,36.19108],[-78.56785,36.19132],[-78.56856,36.19266],[-78.56903,36.19915],[-78.57096,36.20186],[-78.57065,36.20338],[-78.56716,36.20616],[-78.56981,36.20799],[-78.56716,36.2114],[-78.5697,36.21118],[-78.57348,36.21575],[-78.57227,36.21714],[-78.57442,36.21858],[-78.57311,36.22176],[-78.57558,36.22311],[-78.57486,36.22485],[-78.57605,36.22642],[-78.57256,36.22806],[-78.56785,36.23351],[-78.56734,36.23636],[-78.56586,36.23603],[-78.56429,36.23242],[-78.5583,36.23115],[-78.55535,36.23155],[-78.5544,36.23458],[-78.54772,36.23524],[-78.54756,36.23717],[-78.54567,36.23708],[-78.54526,36.23893],[-78.54323,36.23816],[-78.54157,36.24259],[-78.54141,36.24764],[-78.53763,36.24486],[-78.53617,36.24517],[-78.53414,36.24345],[-78.53337,36.24431],[-78.52728,36.24381],[-78.5272,36.24092],[-78.52613,36.24026],[-78.5261,36.23627],[-78.52743,36.23548],[-78.52639,36.23282],[-78.52162,36.22707],[-78.51854,36.22531],[-78.5151,36.2249],[-78.51201,36.2202],[-78.5087,36.21742],[-78.50894,36.24059],[-78.50777,36.24185],[-78.50568,36.24104],[-78.50606,36.23913],[-78.50207,36.23826],[-78.49785,36.23417],[-78.49522,36.23317],[-78.49412,36.23439],[-78.49029,36.23558],[-78.48854,36.2337],[-78.48934,36.23206],[-78.48638,36.23038],[-78.48389,36.23234],[-78.46927,36.23472],[-78.4682,36.23405],[-78.46897,36.22797],[-78.46235,36.22831],[-78.46009,36.22786],[-78.45763,36.22572],[-78.45476,36.22442],[-78.45012,36.22503],[-78.44773,36.22243],[-78.44621,36.2222],[-78.44452,36.22914],[-78.44007,36.24083],[-78.4358,36.25029],[-78.43126,36.24811],[-78.4276,36.24762],[-78.42881,36.25401],[-78.4192,36.26353],[-78.41857,36.26111],[-78.41232,36.2609],[-78.41182,36.2664],[-78.40796,36.26655],[-78.40769,36.26025],[-78.40355,36.25963],[-78.40194,36.25774],[-78.39291,36.25754],[-78.39175,36.25219],[-78.39247,36.24349],[-78.39354,36.24069],[-78.39242,36.23845],[-78.39541,36.23744],[-78.39611,36.23389],[-78.39298,36.23382],[-78.39073,36.22899],[-78.38351,36.22471],[-78.37871,36.22464],[-78.37583,36.22577],[-78.37474,36.22366],[-78.36893,36.22118],[-78.36704,36.22271],[-78.36264,36.22384],[-78.36047,36.22224],[-78.36064,36.22054],[-78.3592,36.21672],[-78.35394,36.20709],[-78.3538,36.20503],[-78.35596,36.20461],[-78.35002,36.20117],[-78.34297,36.19986],[-78.34164,36.19652]]]}},{"type":"Feature","properties":{"zcta":"27610","d":790},"geometry":{"type":"Polygon","coordinates":[[[-78.63151,35.76335],[-78.63152,35.76568],[-78.62431,35.7655],[-78.62228,35.77242],[-78.62151,35.7725],[-78.6224,35.7777],[-78.62228,35.77985],[-78.62216,35.78327],[-78.62333,35.78451],[-78.62142,35.78692],[-78.62035,35.79283],[-78.61601,35.79252],[-78.6142,35.79495],[-78.6111,35.7967],[-78.61145,35.79859],[-78.60884,35.80077],[-78.60755,35.80347],[-78.60394,35.80621],[-78.60234,35.80499],[-78.60045,35.8057],[-78.60025,35.80237],[-78.59612,35.79794],[-78.59511,35.79514],[-78.5879,35.79768],[-78.58548,35.79584],[-78.58547,35.79263],[-78.57999,35.79625],[-78.58394,35.7971],[-78.5806,35.80174],[-78.57776,35.80166],[-78.57776,35.79842],[-78.57191,35.79898],[-78.57195,35.80094],[-78.56816,35.80115],[-78.56429,35.80347],[-78.56308,35.80145],[-78.55686,35.80196],[-78.55644,35.79871],[-78.5546,35.79851],[-78.55457,35.80165],[-78.55196,35.80169],[-78.55194,35.80355],[-78.54518,35.80378],[-78.54047,35.79828],[-78.54157,35.79498],[-78.53937,35.79343],[-78.53732,35.79452],[-78.53823,35.7956],[-78.53482,35.79675],[-78.52936,35.79731],[-78.52833,35.80075],[-78.52597,35.80091],[-78.52505,35.8039],[-78.52179,35.80283],[-78.52013,35.79953],[-78.52317,35.79527],[-78.52974,35.79636],[-78.53439,35.79574],[-78.53913,35.79334],[-78.53649,35.79134],[-78.5353,35.78904],[-78.53719,35.78264],[-78.53726,35.77894],[-78.53973,35.77326],[-78.53875,35.77056],[-78.53966,35.76642],[-78.53907,35.76159],[-78.53818,35.76071],[-78.52374,35.76158],[-78.52445,35.76301],[-78.51944,35.76544],[-78.5176,35.76242],[-78.51736,35.7596],[-78.52152,35.75955],[-78.52159,35.758],[-78.51763,35.75809],[-78.51763,35.75689],[-78.52078,35.75693],[-78.52076,35.75439],[-78.51592,35.75445],[-78.51475,35.75747],[-78.50751,35.75683],[-78.50738,35.75404],[-78.50339,35.75403],[-78.50355,35.75708],[-78.49949,35.75726],[-78.49929,35.75341],[-78.4952,35.75201],[-78.49315,35.74873],[-78.48698,35.74384],[-78.48421,35.74221],[-78.48369,35.7444],[-78.4817,35.7427],[-78.47621,35.74482],[-78.47618,35.7474],[-78.47451,35.74539],[-78.46803,35.74571],[-78.46834,35.74906],[-78.46567,35.74869],[-78.46616,35.74611],[-78.46825,35.74343],[-78.46989,35.7388],[-78.44656,35.73852],[-78.44464,35.73781],[-78.44238,35.73283],[-78.43344,35.72383],[-78.43193,35.72058],[-78.46004,35.70569],[-78.46399,35.70814],[-78.46771,35.70748],[-78.47158,35.7049],[-78.47538,35.70026],[-78.47327,35.69613],[-78.47794,35.69454],[-78.47987,35.69462],[-78.48036,35.69647],[-78.4825,35.69457],[-78.4823,35.69715],[-78.50231,35.69835],[-78.50235,35.69552],[-78.52045,35.69461],[-78.52128,35.69353],[-78.52132,35.6892],[-78.51982,35.68921],[-78.51927,35.68484],[-78.52277,35.68203],[-78.52298,35.68073],[-78.52887,35.68533],[-78.53996,35.69015],[-78.54219,35.69065],[-78.55014,35.69116],[-78.55025,35.68775],[-78.55741,35.69011],[-78.5574,35.69226],[-78.55882,35.69399],[-78.56416,35.69544],[-78.56426,35.69816],[-78.57175,35.70048],[-78.57177,35.70115],[-78.5818,35.70246],[-78.5835,35.70821],[-78.58406,35.72281],[-78.58251,35.72304],[-78.58202,35.7212],[-78.57837,35.72091],[-78.57525,35.72165],[-78.57294,35.72452],[-78.57057,35.71961],[-78.56921,35.71466],[-78.56721,35.71363],[-78.56387,35.70976],[-78.56096,35.70873],[-78.5583,35.7038],[-78.56072,35.69815],[-78.55997,35.69764],[-78.55711,35.70107],[-78.54932,35.70058],[-78.5493,35.7039],[-78.54129,35.70404],[-78.53904,35.70539],[-78.53828,35.70774],[-78.53961,35.70933],[-78.54865,35.70884],[-78.54787,35.71466],[-78.55532,35.71496],[-78.55752,35.71768],[-78.56253,35.71798],[-78.56446,35.7189],[-78.56661,35.72158],[-78.56776,35.72705],[-78.56745,35.72901],[-78.5701,35.72874],[-78.57042,35.73037],[-78.5687,35.7309],[-78.57003,35.73792],[-78.56962,35.73977],[-78.57135,35.74033],[-78.57905,35.73705],[-78.58303,35.73641],[-78.58563,35.7378],[-78.58931,35.73852],[-78.59701,35.73822],[-78.59914,35.73747],[-78.60696,35.73783],[-78.6069,35.7357],[-78.60896,35.73701],[-78.61101,35.73498],[-78.61124,35.73186],[-78.6216,35.73228],[-78.62203,35.73075],[-78.6258,35.73045],[-78.62753,35.73124],[-78.63101,35.73101],[-78.6333,35.73248],[-78.63844,35.7411],[-78.63801,35.74411],[-78.63481,35.74951],[-78.63398,35.75345],[-78.63483,35.75857],[-78.63737,35.76318],[-78.63151,35.76335]],[[-78.52931,35.73505],[-78.52845,35.73253],[-78.52315,35.7307],[-78.51783,35.73185],[-78.51402,35.7308],[-78.50902,35.73145],[-78.50656,35.73308],[-78.50457,35.73565],[-78.50522,35.74092],[-78.50407,35.74286],[-78.50595,35.74925],[-78.50837,35.74957],[-78.50835,35.75137],[-78.51036,35.75205],[-78.51859,35.75235],[-78.51865,35.75156],[-78.52351,35.75128],[-78.52348,35.74838],[-78.53054,35.74821],[-78.52663,35.74027],[-78.52931,35.73505]]]}},{"type":"Feature","properties":{"zcta":"27540","d":469},"geometry":{"type":"Polygon","coordinates":[[[-78.9126,35.62519],[-78.90565,35.62974],[-78.90106,35.63836],[-78.89725,35.64171],[-78.8967,35.65343],[-78.8939,35.65539],[-78.88997,35.6561],[-78.88881,35.6581],[-78.88933,35.66107],[-78.88714,35.66216],[-78.88476,35.66586],[-78.88473,35.66901],[-78.8838,35.67033],[-78.87873,35.67434],[-78.87385,35.67749],[-78.87384,35.6803],[-78.875,35.6831],[-78.87286,35.68741],[-78.86646,35.68762],[-78.86656,35.68132],[-78.86408,35.67913],[-78.86364,35.6742],[-78.86052,35.67547],[-78.85611,35.6737],[-78.85063,35.67259],[-78.84663,35.67071],[-78.8464,35.67752],[-78.85067,35.67881],[-78.84961,35.68018],[-78.84254,35.68125],[-78.84236,35.68409],[-78.83954,35.68469],[-78.83648,35.68385],[-78.83629,35.68281],[-78.8333,35.68196],[-78.83361,35.6833],[-78.82677,35.68007],[-78.82263,35.67916],[-78.82447,35.67814],[-78.82448,35.67564],[-78.82302,35.67051],[-78.82143,35.66715],[-78.8188,35.66485],[-78.81423,35.6636],[-78.81103,35.66412],[-78.81098,35.66554],[-78.80734,35.66563],[-78.80456,35.66451],[-78.80448,35.6667],[-78.80251,35.66665],[-78.80056,35.66472],[-78.795,35.67207],[-78.79505,35.66941],[-78.79291,35.66931],[-78.79306,35.66434],[-78.79054,35.66623],[-78.78499,35.66581],[-78.77886,35.66955],[-78.77791,35.66337],[-78.77389,35.66241],[-78.77429,35.65313],[-78.76811,35.65332],[-78.76762,35.65101],[-78.77216,35.64842],[-78.77744,35.65146],[-78.78076,35.64737],[-78.78075,35.64491],[-78.78352,35.64498],[-78.7846,35.64892],[-78.78831,35.65351],[-78.78904,35.65281],[-78.78666,35.65099],[-78.78722,35.64925],[-78.79043,35.64675],[-78.79423,35.64522],[-78.79441,35.64339],[-78.79188,35.64261],[-78.79188,35.64081],[-78.79505,35.63929],[-78.79437,35.63639],[-78.79051,35.63303],[-78.7917,35.63005],[-78.79144,35.62808],[-78.79493,35.62825],[-78.7966,35.6296],[-78.79985,35.63018],[-78.80247,35.63317],[-78.80307,35.63135],[-78.80447,35.63342],[-78.80672,35.63363],[-78.8064,35.63076],[-78.81049,35.62961],[-78.81791,35.62959],[-78.81686,35.62513],[-78.82003,35.625],[-78.81482,35.61816],[-78.80891,35.61327],[-78.80729,35.61081],[-78.81448,35.61094],[-78.81496,35.60925],[-78.81266,35.60727],[-78.81287,35.60014],[-78.80984,35.60013],[-78.81561,35.59508],[-78.81379,35.59029],[-78.81471,35.58726],[-78.81464,35.59091],[-78.81717,35.59099],[-78.81884,35.59355],[-78.81974,35.597],[-78.82402,35.59706],[-78.82394,35.59893],[-78.82659,35.59898],[-78.82682,35.60228],[-78.82853,35.60749],[-78.83565,35.60835],[-78.8357,35.60625],[-78.83391,35.60414],[-78.83414,35.59765],[-78.83715,35.59765],[-78.83832,35.59036],[-78.84427,35.59196],[-78.84595,35.58937],[-78.85482,35.58987],[-78.85482,35.59083],[-78.85784,35.59118],[-78.85768,35.59681],[-78.86041,35.59701],[-78.86109,35.60106],[-78.86728,35.59933],[-78.86913,35.59713],[-78.8714,35.59635],[-78.86868,35.59304],[-78.86926,35.59047],[-78.86769,35.58242],[-78.86562,35.58021],[-78.86521,35.57813],[-78.86702,35.57624],[-78.86799,35.57335],[-78.86305,35.5716],[-78.86296,35.57375],[-78.85993,35.57447],[-78.85471,35.57405],[-78.84963,35.57431],[-78.84556,35.57521],[-78.84377,35.57279],[-78.85261,35.56903],[-78.85278,35.56573],[-78.85458,35.56483],[-78.85097,35.5637],[-78.86268,35.56255],[-78.87194,35.5626],[-78.87229,35.56172],[-78.88038,35.56253],[-78.88113,35.55889],[-78.88378,35.55402],[-78.88563,35.55327],[-78.88754,35.54785],[-78.89315,35.54736],[-78.89505,35.54521],[-78.89461,35.54757],[-78.89788,35.54735],[-78.90172,35.54847],[-78.90685,35.54392],[-78.90943,35.54371],[-78.91455,35.54053],[-78.91713,35.5406],[-78.92053,35.53906],[-78.92312,35.53529],[-78.92612,35.53474],[-78.9285,35.53282],[-78.93192,35.53195],[-78.9341,35.53264],[-78.93525,35.52957],[-78.93752,35.52984],[-78.94052,35.52703],[-78.94827,35.52508],[-78.94894,35.52325],[-78.95498,35.52367],[-78.96312,35.52894],[-78.94212,35.55269],[-78.94366,35.55383],[-78.94507,35.56092],[-78.95143,35.56189],[-78.95332,35.56297],[-78.95547,35.56583],[-78.95875,35.5645],[-78.96243,35.56464],[-78.96447,35.56684],[-78.96276,35.56883],[-78.96493,35.56936],[-78.96632,35.57227],[-78.96512,35.57497],[-78.95824,35.57857],[-78.95007,35.58103],[-78.94639,35.57902],[-78.94848,35.5817],[-78.94447,35.58277],[-78.9462,35.58479],[-78.94244,35.58726],[-78.94057,35.58604],[-78.94166,35.5887],[-78.93562,35.58663],[-78.93924,35.59011],[-78.93907,35.5921],[-78.93685,35.59445],[-78.9324,35.59465],[-78.92935,35.59593],[-78.92262,35.60319],[-78.91654,35.60784],[-78.91373,35.60916],[-78.91328,35.61062],[-78.91011,35.61042],[-78.90484,35.61306],[-78.90351,35.61466],[-78.89965,35.61549],[-78.89773,35.61825],[-78.89061,35.62039],[-78.88198,35.62098],[-78.8804,35.6207],[-78.88012,35.62423],[-78.88289,35.6252],[-78.89168,35.62524],[-78.8917,35.62388],[-78.89509,35.624],[-78.89521,35.62196],[-78.8979,35.62156],[-78.8978,35.62424],[-78.90081,35.62284],[-78.90996,35.61625],[-78.91061,35.61805],[-78.91543,35.62404],[-78.9126,35.62519]],[[-78.88152,35.6524],[-78.88013,35.65234],[-78.88017,35.65022],[-78.87614,35.65009],[-78.87452,35.64845],[-78.87473,35.64529],[-78.87347,35.64511],[-78.87048,35.64724],[-78.87258,35.64684],[-78.87363,35.65064],[-78.87,35.65185],[-78.87028,35.65503],[-78.86639,35.65494],[-78.86637,35.65831],[-78.8649,35.65605],[-78.85545,35.65595],[-78.85618,35.65962],[-78.86035,35.65915],[-78.86538,35.65934],[-78.86535,35.66063],[-78.8682,35.65971],[-78.86982,35.65808],[-78.8739,35.6579],[-78.87858,35.65655],[-78.88092,35.65499],[-78.88152,35.6524]]]}},{"type":"Feature","properties":{"zcta":"27523","d":229},"geometry":{"type":"Polygon","coordinates":[[[-78.92787,35.83532],[-78.92945,35.83605],[-78.93305,35.8354],[-78.93436,35.83411],[-78.93218,35.83234],[-78.92926,35.83183],[-78.92718,35.83292],[-78.92769,35.82975],[-78.92951,35.82878],[-78.92782,35.82662],[-78.92969,35.82717],[-78.92751,35.81671],[-78.92952,35.80765],[-78.92904,35.80529],[-78.92366,35.79782],[-78.92401,35.79994],[-78.92225,35.80046],[-78.92133,35.79795],[-78.92149,35.79494],[-78.92584,35.79363],[-78.92604,35.79035],[-78.92528,35.78819],[-78.92358,35.78932],[-78.92368,35.78679],[-78.92094,35.78236],[-78.91854,35.78172],[-78.91841,35.78628],[-78.91529,35.78621],[-78.90862,35.78511],[-78.9091,35.78313],[-78.90368,35.78388],[-78.90165,35.77198],[-78.90017,35.77114],[-78.8948,35.77016],[-78.89488,35.76758],[-78.89656,35.76761],[-78.89659,35.76502],[-78.89078,35.76499],[-78.89031,35.7692],[-78.88484,35.76506],[-78.88203,35.76034],[-78.87566,35.76102],[-78.8723,35.7624],[-78.87056,35.76514],[-78.86821,35.76277],[-78.86832,35.76551],[-78.86557,35.76464],[-78.86542,35.76588],[-78.86257,35.76731],[-78.85795,35.76752],[-78.84666,35.76737],[-78.84403,35.76284],[-78.84491,35.75967],[-78.84123,35.75964],[-78.84114,35.76306],[-78.8385,35.76301],[-78.83758,35.75959],[-78.83571,35.75879],[-78.83299,35.75953],[-78.83294,35.76176],[-78.82873,35.76171],[-78.82844,35.76005],[-78.82877,35.75331],[-78.81951,35.74879],[-78.81924,35.74754],[-78.81642,35.74612],[-78.81996,35.74558],[-78.82136,35.74359],[-78.82635,35.74464],[-78.83773,35.74837],[-78.84378,35.7487],[-78.85123,35.74966],[-78.85529,35.74941],[-78.85542,35.74692],[-78.85172,35.74688],[-78.85089,35.74502],[-78.85396,35.74557],[-78.85375,35.74388],[-78.85585,35.74443],[-78.85573,35.74656],[-78.85942,35.74704],[-78.85991,35.74922],[-78.87159,35.74818],[-78.87397,35.74834],[-78.90093,35.74602],[-78.901,35.74485],[-78.9048,35.74563],[-78.90496,35.74199],[-78.91076,35.73989],[-78.91102,35.73751],[-78.90669,35.7377],[-78.90668,35.73626],[-78.91102,35.73632],[-78.91197,35.73737],[-78.92397,35.73148],[-78.93022,35.73111],[-78.93118,35.7289],[-78.93841,35.73064],[-78.93778,35.73556],[-78.93636,35.73658],[-78.93611,35.73987],[-78.9336,35.74272],[-78.95163,35.74089],[-78.96637,35.73852],[-78.97154,35.73207],[-78.97289,35.73113],[-78.97667,35.72486],[-78.97783,35.72856],[-78.9811,35.73074],[-78.9811,35.7328],[-78.97893,35.73403],[-78.97889,35.73657],[-78.98889,35.73548],[-79.00744,35.73766],[-79.01697,35.73718],[-79.01716,35.73368],[-79.0142,35.73301],[-79.0129,35.73118],[-79.00917,35.72946],[-79.00978,35.72697],[-79.00849,35.72305],[-79.0102,35.71483],[-79.00943,35.71426],[-79.01295,35.7122],[-79.01529,35.70943],[-79.01662,35.70541],[-79.01918,35.70132],[-79.0193,35.69925],[-79.02559,35.70109],[-79.03272,35.70082],[-79.03074,35.70857],[-79.02716,35.71817],[-79.0249,35.72638],[-79.02436,35.73739],[-79.04095,35.73809],[-79.03944,35.73974],[-79.03663,35.74707],[-79.03421,35.74839],[-79.03226,35.74433],[-79.03355,35.74411],[-79.03422,35.73805],[-79.02874,35.73799],[-79.02678,35.77069],[-79.02238,35.7878],[-79.02158,35.78924],[-79.00881,35.78937],[-79.01012,35.79262],[-79.00802,35.79019],[-79.00551,35.78969],[-79.00173,35.79236],[-78.99849,35.79163],[-78.99666,35.79604],[-78.99435,35.79824],[-78.99569,35.79925],[-78.99124,35.79994],[-78.99325,35.80086],[-78.99146,35.80237],[-78.99046,35.80527],[-78.98626,35.80358],[-78.98585,35.80788],[-78.98248,35.80741],[-78.97747,35.80381],[-78.97509,35.80331],[-78.9784,35.80558],[-78.97859,35.8071],[-78.98131,35.80934],[-78.97872,35.81137],[-78.98006,35.81239],[-78.97669,35.81478],[-78.97569,35.81387],[-78.97111,35.81404],[-78.97578,35.81706],[-78.97658,35.81836],[-78.97355,35.81965],[-78.9713,35.82396],[-78.96709,35.82414],[-78.96713,35.82533],[-78.96442,35.82718],[-78.96362,35.83003],[-78.96122,35.83132],[-78.9591,35.82882],[-78.95799,35.8307],[-78.956,35.8295],[-78.95408,35.83015],[-78.94876,35.83647],[-78.94902,35.83807],[-78.94689,35.83768],[-78.94439,35.83937],[-78.94333,35.84233],[-78.94448,35.84465],[-78.9425,35.84744],[-78.94349,35.85159],[-78.94015,35.85588],[-78.93834,35.85279],[-78.93485,35.84898],[-78.93295,35.84904],[-78.93071,35.8467],[-78.92572,35.84611],[-78.9268,35.83894],[-78.92787,35.83532]]]}},{"type":"Feature","properties":{"zcta":"27577","d":108},"geometry":{"type":"Polygon","coordinates":[[[-78.35553,35.58111],[-78.35441,35.58243],[-78.35609,35.58373],[-78.35497,35.58496],[-78.35195,35.58453],[-78.34421,35.58611],[-78.34419,35.5874],[-78.33849,35.58788],[-78.33876,35.58874],[-78.32792,35.59051],[-78.32763,35.58638],[-78.32681,35.58471],[-78.32378,35.58259],[-78.32027,35.57905],[-78.31476,35.5702],[-78.30824,35.56875],[-78.30449,35.5657],[-78.30548,35.5623],[-78.31023,35.55924],[-78.32127,35.55886],[-78.31944,35.55478],[-78.31158,35.54985],[-78.31423,35.55053],[-78.31048,35.54778],[-78.30966,35.54468],[-78.30985,35.53536],[-78.30831,35.53056],[-78.30389,35.52494],[-78.30451,35.51927],[-78.30247,35.51644],[-78.29854,35.51369],[-78.29497,35.5146],[-78.2937,35.51342],[-78.2939,35.50725],[-78.28976,35.50502],[-78.27904,35.49209],[-78.2706,35.49111],[-78.27004,35.49144],[-78.25432,35.48442],[-78.25372,35.48763],[-78.25,35.48494],[-78.2468,35.48552],[-78.2443,35.48294],[-78.24109,35.48274],[-78.23333,35.48087],[-78.23402,35.47831],[-78.23152,35.46983],[-78.22514,35.47055],[-78.22029,35.47022],[-78.21929,35.47155],[-78.21651,35.47047],[-78.21612,35.46254],[-78.23111,35.46852],[-78.22956,35.46343],[-78.22913,35.45759],[-78.22452,35.44974],[-78.22223,35.44797],[-78.21986,35.44258],[-78.21847,35.44208],[-78.222,35.43746],[-78.21897,35.43609],[-78.21907,35.43393],[-78.22094,35.43015],[-78.21983,35.42838],[-78.22073,35.42496],[-78.21845,35.42459],[-78.21826,35.42182],[-78.22055,35.41961],[-78.21905,35.41795],[-78.2194,35.41633],[-78.2162,35.41498],[-78.21697,35.41281],[-78.21568,35.41103],[-78.2175,35.40958],[-78.21529,35.40757],[-78.21731,35.40478],[-78.21741,35.4031],[-78.21553,35.40281],[-78.2139,35.40053],[-78.20716,35.40054],[-78.20322,35.39463],[-78.20044,35.39464],[-78.20123,35.39275],[-78.19895,35.39079],[-78.19715,35.39191],[-78.19533,35.39103],[-78.19576,35.38788],[-78.19756,35.38697],[-78.19674,35.38191],[-78.19882,35.37786],[-78.20082,35.37715],[-78.20392,35.37777],[-78.20455,35.37908],[-78.20322,35.38163],[-78.20006,35.38212],[-78.20429,35.38483],[-78.20621,35.38382],[-78.20827,35.38535],[-78.21059,35.38298],[-78.21202,35.3853],[-78.21422,35.38501],[-78.21426,35.38364],[-78.21188,35.38274],[-78.2132,35.38107],[-78.21721,35.38434],[-78.21862,35.38428],[-78.21869,35.37862],[-78.22277,35.37597],[-78.22396,35.37827],[-78.22676,35.37852],[-78.22838,35.37605],[-78.22713,35.37406],[-78.23154,35.37301],[-78.23214,35.37414],[-78.2297,35.37578],[-78.23203,35.38058],[-78.23378,35.3809],[-78.23474,35.37839],[-78.23809,35.37917],[-78.2402,35.37738],[-78.24152,35.3778],[-78.24032,35.38248],[-78.23728,35.38417],[-78.2366,35.38592],[-78.23856,35.38824],[-78.23928,35.39092],[-78.24106,35.39118],[-78.24274,35.38849],[-78.24508,35.3908],[-78.25,35.38976],[-78.25471,35.39002],[-78.25908,35.39297],[-78.26299,35.39331],[-78.26379,35.39562],[-78.26561,35.39531],[-78.26581,35.39739],[-78.26785,35.39744],[-78.26926,35.39943],[-78.27075,35.39913],[-78.27155,35.39593],[-78.28012,35.39828],[-78.28283,35.40263],[-78.28241,35.40704],[-78.28384,35.4082],[-78.28377,35.41458],[-78.28248,35.41754],[-78.2845,35.41949],[-78.28498,35.42189],[-78.28689,35.42329],[-78.28802,35.42636],[-78.28926,35.42349],[-78.29266,35.42477],[-78.29619,35.42438],[-78.29667,35.42633],[-78.30364,35.42826],[-78.30585,35.42773],[-78.30534,35.42953],[-78.30793,35.42959],[-78.31,35.43159],[-78.31221,35.43128],[-78.31246,35.42723],[-78.3147,35.42949],[-78.32132,35.42858],[-78.32267,35.43134],[-78.32691,35.43087],[-78.3282,35.42921],[-78.33166,35.42977],[-78.33184,35.42815],[-78.33476,35.42735],[-78.33479,35.43051],[-78.33818,35.43382],[-78.338,35.43625],[-78.34129,35.43726],[-78.34478,35.43534],[-78.34506,35.4339],[-78.3483,35.43518],[-78.34768,35.4377],[-78.35151,35.44024],[-78.35203,35.44453],[-78.3502,35.44546],[-78.34658,35.44409],[-78.34662,35.44572],[-78.34942,35.44695],[-78.35306,35.44634],[-78.35719,35.44699],[-78.35992,35.44953],[-78.36006,35.45268],[-78.35662,35.45568],[-78.36003,35.45714],[-78.35889,35.46151],[-78.36046,35.46467],[-78.36631,35.4702],[-78.36724,35.47188],[-78.36803,35.47742],[-78.37606,35.47107],[-78.38062,35.46625],[-78.38454,35.46931],[-78.38856,35.46912],[-78.39451,35.46664],[-78.40317,35.46738],[-78.40932,35.46736],[-78.41256,35.46633],[-78.41453,35.46367],[-78.41719,35.46247],[-78.4224,35.46425],[-78.4285,35.46237],[-78.42976,35.4613],[-78.43375,35.46184],[-78.43716,35.4659],[-78.44057,35.46691],[-78.44384,35.46602],[-78.44616,35.46675],[-78.45184,35.46648],[-78.45405,35.46565],[-78.45429,35.46705],[-78.45689,35.46926],[-78.45129,35.47568],[-78.44655,35.47859],[-78.44945,35.48614],[-78.45318,35.49265],[-78.45684,35.49698],[-78.45775,35.50185],[-78.46426,35.50526],[-78.46789,35.50656],[-78.47536,35.51058],[-78.48733,35.51345],[-78.48766,35.52056],[-78.48709,35.52222],[-78.49085,35.52368],[-78.49325,35.52238],[-78.49615,35.52203],[-78.49742,35.51995],[-78.50143,35.52224],[-78.49967,35.52444],[-78.50245,35.52667],[-78.50205,35.5281],[-78.50103,35.53072],[-78.50253,35.53069],[-78.50254,35.53789],[-78.49573,35.5379],[-78.49478,35.54276],[-78.49338,35.5435],[-78.49331,35.54662],[-78.49103,35.54662],[-78.48989,35.5506],[-78.4918,35.55119],[-78.49227,35.55526],[-78.49379,35.55967],[-78.49211,35.56029],[-78.48587,35.55956],[-78.48327,35.55821],[-78.47708,35.55675],[-78.47498,35.55374],[-78.47091,35.55375],[-78.46764,35.55288],[-78.46083,35.54806],[-78.4603,35.55155],[-78.45492,35.55336],[-78.45306,35.55208],[-78.45244,35.55366],[-78.44851,35.55558],[-78.44877,35.55766],[-78.44459,35.5562],[-78.43968,35.55694],[-78.4386,35.56104],[-78.43623,35.56193],[-78.4348,35.56107],[-78.43602,35.55909],[-78.43434,35.55561],[-78.43223,35.55709],[-78.43227,35.55957],[-78.43013,35.55775],[-78.42444,35.55881],[-78.42058,35.55843],[-78.41994,35.55601],[-78.42144,35.55397],[-78.42008,35.55167],[-78.41417,35.55277],[-78.40771,35.55258],[-78.40243,35.55176],[-78.40251,35.54798],[-78.40061,35.54495],[-78.39688,35.5444],[-78.39203,35.54576],[-78.38868,35.55033],[-78.38651,35.55521],[-78.3841,35.55602],[-78.38034,35.55866],[-78.38073,35.56024],[-78.3837,35.5638],[-78.38498,35.56756],[-78.38438,35.5721],[-78.3861,35.57838],[-78.38542,35.58093],[-78.38722,35.58188],[-78.39183,35.58257],[-78.39545,35.58803],[-78.39414,35.59106],[-78.38897,35.59085],[-78.38852,35.58707],[-78.38455,35.58673],[-78.3843,35.59028],[-78.37886,35.58789],[-78.36333,35.57769],[-78.36347,35.57944],[-78.36049,35.58355],[-78.35553,35.58111]]]}},{"type":"Feature","properties":{"zcta":"27605","d":3445},"geometry":{"type":"Polygon","coordinates":[[[-78.65853,35.79926],[-78.65544,35.79637],[-78.65288,35.79573],[-78.65306,35.79889],[-78.64709,35.79841],[-78.64248,35.79668],[-78.64552,35.78964],[-78.6465,35.78864],[-78.65003,35.78864],[-78.65089,35.78746],[-78.65068,35.78293],[-78.6491,35.78287],[-78.64918,35.78081],[-78.65212,35.78111],[-78.65592,35.78316],[-78.65793,35.78041],[-78.6653,35.78311],[-78.66143,35.78732],[-78.66299,35.78936],[-78.66392,35.79372],[-78.66221,35.79371],[-78.66008,35.7979],[-78.66021,35.79984],[-78.65853,35.79926]]]}},{"type":"Feature","properties":{"zcta":"27816","d":20},"geometry":{"type":"Polygon","coordinates":[[[-78.04154,36.18265],[-78.03756,36.1839],[-78.02937,36.18359],[-78.02524,36.1854],[-78.02529,36.18817],[-78.02247,36.19227],[-78.01835,36.19421],[-78.01075,36.19619],[-78.00914,36.18919],[-78.00927,36.18086],[-78.00728,36.16963],[-78.00521,36.16407],[-78.00506,36.15891],[-78.00649,36.15396],[-78.00619,36.15161],[-78.00329,36.14797],[-78.00484,36.14817],[-78.00576,36.145],[-78.01816,36.14477],[-78.01829,36.13745],[-78.00206,36.13783],[-78.00203,36.13212],[-78.00122,36.12922],[-78.00754,36.1286],[-78.01332,36.13141],[-78.02026,36.13033],[-78.02259,36.12946],[-78.02476,36.12737],[-78.0235,36.12296],[-78.02001,36.12156],[-78.0178,36.11767],[-78.0148,36.11762],[-78.01015,36.11509],[-78.00966,36.11186],[-78.00604,36.11125],[-78.00102,36.11392],[-77.99853,36.11418],[-77.99942,36.10914],[-78.00088,36.11106],[-78.00508,36.10781],[-78.00216,36.09924],[-78.00098,36.0975],[-77.99656,36.0945],[-77.99586,36.09324],[-77.99578,36.0883],[-77.99789,36.08838],[-77.9979,36.08626],[-78.00014,36.0862],[-78.0002,36.08331],[-78.00303,36.0831],[-78.00308,36.07415],[-78.0051,36.07421],[-78.0051,36.06854],[-78.00572,36.06692],[-78.00334,36.06323],[-78.00304,36.06054],[-78.01077,36.06004],[-78.01273,36.05939],[-78.01691,36.05983],[-78.01956,36.06107],[-78.02282,36.06007],[-78.03151,36.05938],[-78.035,36.05781],[-78.03604,36.05342],[-78.04302,36.05106],[-78.04499,36.04627],[-78.04678,36.04564],[-78.04688,36.04162],[-78.05524,36.04145],[-78.05876,36.04234],[-78.06043,36.03659],[-78.06217,36.03411],[-78.06054,36.03119],[-78.05853,36.03063],[-78.05845,36.02905],[-78.06105,36.02539],[-78.05771,36.0231],[-78.06434,36.02258],[-78.06431,36.02377],[-78.06807,36.02604],[-78.06893,36.028],[-78.07309,36.02942],[-78.07587,36.0323],[-78.07844,36.03186],[-78.08082,36.03324],[-78.08233,36.03618],[-78.08472,36.03656],[-78.08851,36.0395],[-78.08799,36.04134],[-78.10056,36.04991],[-78.10116,36.05233],[-78.10445,36.05235],[-78.10542,36.05114],[-78.10847,36.05067],[-78.11729,36.03752],[-78.1206,36.03842],[-78.1294,36.03931],[-78.13096,36.04118],[-78.13023,36.04289],[-78.1308,36.0486],[-78.12991,36.05213],[-78.12858,36.05387],[-78.12967,36.05721],[-78.13673,36.06027],[-78.1412,36.06035],[-78.14193,36.06476],[-78.1406,36.0714],[-78.14382,36.07679],[-78.14664,36.07962],[-78.14688,36.08178],[-78.13183,36.09324],[-78.13856,36.09469],[-78.14663,36.09546],[-78.14665,36.09649],[-78.15105,36.09744],[-78.15201,36.09989],[-78.15133,36.10125],[-78.15435,36.10128],[-78.15429,36.10421],[-78.15683,36.10427],[-78.15573,36.10639],[-78.15585,36.10915],[-78.16223,36.10913],[-78.1624,36.10788],[-78.16519,36.10785],[-78.16503,36.11364],[-78.16115,36.11386],[-78.16158,36.11626],[-78.15356,36.11619],[-78.15275,36.12338],[-78.15114,36.12346],[-78.15127,36.12972],[-78.14532,36.13295],[-78.13425,36.13339],[-78.13417,36.14056],[-78.13131,36.14184],[-78.11839,36.14044],[-78.11752,36.14404],[-78.13122,36.14934],[-78.12717,36.15358],[-78.1281,36.15841],[-78.12959,36.16007],[-78.12377,36.16513],[-78.12113,36.16533],[-78.12035,36.16258],[-78.11872,36.16071],[-78.11698,36.16133],[-78.11605,36.16545],[-78.10853,36.16302],[-78.10721,36.16465],[-78.10277,36.16243],[-78.09967,36.16206],[-78.09591,36.15979],[-78.09292,36.15957],[-78.09083,36.1581],[-78.08852,36.16055],[-78.08487,36.15913],[-78.08506,36.16022],[-78.08249,36.16083],[-78.08097,36.16307],[-78.07903,36.16312],[-78.07955,36.16037],[-78.07655,36.15997],[-78.07295,36.15739],[-78.06309,36.16563],[-78.06166,36.16948],[-78.05645,36.17438],[-78.05646,36.17558],[-78.05193,36.17544],[-78.04712,36.18241],[-78.04154,36.18265]]]}},{"type":"Feature","properties":{"zcta":"27571","d":936},"geometry":{"type":"MultiPolygon","coordinates":[[[[-78.47233,35.94811],[-78.46685,35.94805],[-78.4644,35.94633],[-78.46672,35.94262],[-78.47134,35.94332],[-78.47237,35.94423],[-78.47233,35.94811]]],[[[-78.48727,35.91266],[-78.48409,35.91274],[-78.4824,35.91507],[-78.48295,35.91859],[-78.4815,35.91857],[-78.48132,35.92681],[-78.47893,35.92684],[-78.47894,35.93237],[-78.48148,35.93628],[-78.48364,35.93781],[-78.47361,35.9375],[-78.47357,35.93885],[-78.4671,35.93806],[-78.46711,35.93971],[-78.45713,35.93875],[-78.45615,35.94113],[-78.45691,35.93514],[-78.45131,35.93509],[-78.4515,35.93191],[-78.45283,35.93201],[-78.45361,35.92861],[-78.44931,35.93028],[-78.45032,35.93352],[-78.44854,35.93687],[-78.44734,35.93671],[-78.44635,35.9332],[-78.44762,35.93099],[-78.44304,35.93297],[-78.4411,35.9328],[-78.43649,35.92885],[-78.44228,35.92196],[-78.44501,35.91809],[-78.45732,35.90733],[-78.46346,35.90315],[-78.47098,35.89944],[-78.47368,35.89915],[-78.47879,35.90032],[-78.4795,35.90747],[-78.48124,35.90628],[-78.48427,35.90873],[-78.48405,35.90604],[-78.48684,35.90591],[-78.48727,35.91266]]]]}},{"type":"Feature","properties":{"zcta":"27511","d":1371},"geometry":{"type":"Polygon","coordinates":[[[-78.81184,35.76486],[-78.80782,35.76747],[-78.79896,35.78344],[-78.79729,35.78513],[-78.79335,35.78687],[-78.77857,35.78836],[-78.77288,35.79133],[-78.76842,35.79271],[-78.76376,35.79234],[-78.74692,35.78956],[-78.74706,35.78936],[-78.74897,35.78524],[-78.74846,35.78038],[-78.74622,35.77692],[-78.73929,35.771],[-78.74134,35.76667],[-78.74573,35.76275],[-78.74508,35.76215],[-78.76711,35.75126],[-78.78113,35.74354],[-78.81024,35.72781],[-78.81363,35.72622],[-78.81349,35.73074],[-78.81623,35.7308],[-78.81588,35.73437],[-78.81899,35.73645],[-78.81824,35.7413],[-78.81585,35.74055],[-78.81713,35.74279],[-78.82136,35.74359],[-78.81996,35.74558],[-78.81642,35.74612],[-78.81924,35.74754],[-78.81951,35.74879],[-78.82877,35.75331],[-78.82844,35.76005],[-78.81184,35.76486]]]}},{"type":"Feature","properties":{"zcta":"27519","d":1387},"geometry":{"type":"MultiPolygon","coordinates":[[[[-78.85537,35.83774],[-78.85059,35.83748],[-78.84746,35.8357],[-78.84752,35.8334],[-78.84421,35.83335],[-78.84446,35.83058],[-78.84201,35.83058],[-78.8403,35.8247],[-78.84136,35.82248],[-78.84619,35.82267],[-78.84883,35.82471],[-78.85247,35.82873],[-78.8501,35.83015],[-78.85176,35.83378],[-78.85467,35.83452],[-78.85537,35.83774]]],[[[-78.92402,35.83887],[-78.9242,35.83555],[-78.91967,35.83845],[-78.92253,35.83849],[-78.9212,35.84472],[-78.91959,35.8459],[-78.91614,35.84534],[-78.9161,35.84805],[-78.90874,35.84805],[-78.90677,35.86288],[-78.90516,35.8622],[-78.89689,35.86379],[-78.89466,35.86793],[-78.89049,35.86787],[-78.89372,35.85644],[-78.89229,35.85228],[-78.88262,35.84543],[-78.87989,35.84411],[-78.87527,35.83748],[-78.8762,35.83667],[-78.8755,35.83099],[-78.87362,35.83201],[-78.86913,35.83181],[-78.87147,35.82787],[-78.87074,35.82529],[-78.8683,35.82403],[-78.86382,35.82458],[-78.8635,35.82976],[-78.86221,35.83102],[-78.85807,35.83062],[-78.85944,35.82777],[-78.85595,35.82447],[-78.85336,35.82323],[-78.85197,35.82106],[-78.84772,35.82],[-78.84746,35.81568],[-78.84821,35.81165],[-78.84777,35.80891],[-78.84874,35.80536],[-78.84865,35.79801],[-78.84815,35.79609],[-78.84436,35.79586],[-78.84346,35.79231],[-78.84722,35.79143],[-78.8473,35.78482],[-78.84878,35.78005],[-78.84302,35.77119],[-78.8427,35.76757],[-78.84403,35.76284],[-78.84666,35.76737],[-78.85795,35.76752],[-78.86257,35.76731],[-78.86542,35.76588],[-78.86557,35.76464],[-78.86832,35.76551],[-78.86821,35.76277],[-78.87056,35.76514],[-78.8723,35.7624],[-78.87566,35.76102],[-78.88203,35.76034],[-78.88484,35.76506],[-78.89031,35.7692],[-78.89078,35.76499],[-78.89659,35.76502],[-78.89656,35.76761],[-78.89488,35.76758],[-78.8948,35.77016],[-78.90017,35.77114],[-78.90165,35.77198],[-78.90368,35.78388],[-78.9091,35.78313],[-78.90862,35.78511],[-78.91529,35.78621],[-78.91841,35.78628],[-78.91854,35.78172],[-78.92094,35.78236],[-78.92368,35.78679],[-78.92358,35.78932],[-78.92528,35.78819],[-78.92604,35.79035],[-78.92584,35.79363],[-78.92149,35.79494],[-78.92133,35.79795],[-78.92225,35.80046],[-78.92401,35.79994],[-78.92366,35.79782],[-78.92904,35.80529],[-78.92952,35.80765],[-78.92751,35.81671],[-78.92969,35.82717],[-78.92782,35.82662],[-78.92951,35.82878],[-78.92769,35.82975],[-78.92718,35.83292],[-78.92926,35.83183],[-78.93218,35.83234],[-78.93436,35.83411],[-78.93305,35.8354],[-78.92945,35.83605],[-78.92787,35.83532],[-78.9268,35.83894],[-78.92402,35.83887]]]]}},{"type":"Feature","properties":{"zcta":"27569","d":48},"geometry":{"type":"Polygon","coordinates":[[[-78.28241,35.40704],[-78.28283,35.40263],[-78.28012,35.39828],[-78.27155,35.39593],[-78.27075,35.39913],[-78.26926,35.39943],[-78.26785,35.39744],[-78.26581,35.39739],[-78.26561,35.39531],[-78.26379,35.39562],[-78.26299,35.39331],[-78.25908,35.39297],[-78.25471,35.39002],[-78.25,35.38976],[-78.24508,35.3908],[-78.24274,35.38849],[-78.24106,35.39118],[-78.23928,35.39092],[-78.23856,35.38824],[-78.2366,35.38592],[-78.23728,35.38417],[-78.24032,35.38248],[-78.24152,35.3778],[-78.2402,35.37738],[-78.23809,35.37917],[-78.23474,35.37839],[-78.23378,35.3809],[-78.23203,35.38058],[-78.2297,35.37578],[-78.23214,35.37414],[-78.23154,35.37301],[-78.22713,35.37406],[-78.22838,35.37605],[-78.22676,35.37852],[-78.22396,35.37827],[-78.22277,35.37597],[-78.21869,35.37862],[-78.21862,35.38428],[-78.21721,35.38434],[-78.2132,35.38107],[-78.21188,35.38274],[-78.21426,35.38364],[-78.21422,35.38501],[-78.21202,35.3853],[-78.21059,35.38298],[-78.20827,35.38535],[-78.20621,35.38382],[-78.20429,35.38483],[-78.20006,35.38212],[-78.20322,35.38163],[-78.20455,35.37908],[-78.20392,35.37777],[-78.20082,35.37715],[-78.19882,35.37786],[-78.19674,35.38191],[-78.19756,35.38697],[-78.19576,35.38788],[-78.19533,35.39103],[-78.19715,35.39191],[-78.19895,35.39079],[-78.20123,35.39275],[-78.20044,35.39464],[-78.20322,35.39463],[-78.20716,35.40054],[-78.2139,35.40053],[-78.21553,35.40281],[-78.21741,35.4031],[-78.21731,35.40478],[-78.21529,35.40757],[-78.2175,35.40958],[-78.21568,35.41103],[-78.21697,35.41281],[-78.2162,35.41498],[-78.2194,35.41633],[-78.21905,35.41795],[-78.22055,35.41961],[-78.21826,35.42182],[-78.21845,35.42459],[-78.22073,35.42496],[-78.21983,35.42838],[-78.22094,35.43015],[-78.21907,35.43393],[-78.21897,35.43609],[-78.222,35.43746],[-78.21847,35.44208],[-78.21986,35.44258],[-78.22223,35.44797],[-78.22452,35.44974],[-78.22913,35.45759],[-78.22956,35.46343],[-78.23111,35.46852],[-78.21612,35.46254],[-78.21651,35.47047],[-78.21929,35.47155],[-78.22029,35.47022],[-78.22514,35.47055],[-78.23152,35.46983],[-78.23402,35.47831],[-78.23333,35.48087],[-78.24109,35.48274],[-78.2443,35.48294],[-78.24031,35.48275],[-78.23178,35.48058],[-78.22711,35.48149],[-78.22151,35.48475],[-78.21864,35.48783],[-78.22209,35.48934],[-78.22159,35.49025],[-78.23613,35.49839],[-78.23598,35.50079],[-78.23137,35.49966],[-78.23187,35.5017],[-78.23593,35.5018],[-78.23514,35.50232],[-78.23489,35.50757],[-78.22823,35.51013],[-78.22758,35.51137],[-78.22974,35.51597],[-78.23419,35.5183],[-78.22946,35.51969],[-78.22373,35.51956],[-78.21874,35.51732],[-78.21664,35.52061],[-78.2141,35.51952],[-78.20797,35.51809],[-78.20793,35.51695],[-78.19639,35.51885],[-78.19544,35.51674],[-78.19118,35.51772],[-78.1861,35.51712],[-78.18405,35.51785],[-78.18295,35.51654],[-78.1809,35.51794],[-78.17892,35.51545],[-78.17597,35.5155],[-78.17383,35.52528],[-78.16889,35.5208],[-78.16913,35.51631],[-78.15897,35.51252],[-78.15682,35.51505],[-78.15672,35.51661],[-78.16119,35.51869],[-78.15885,35.51991],[-78.15747,35.52019],[-78.14877,35.51726],[-78.14836,35.51506],[-78.14522,35.51512],[-78.14307,35.51109],[-78.13767,35.50727],[-78.13666,35.51201],[-78.13673,35.51456],[-78.13436,35.51466],[-78.13439,35.51606],[-78.12885,35.5174],[-78.12942,35.526],[-78.13439,35.525],[-78.13408,35.53174],[-78.12987,35.53344],[-78.12362,35.53309],[-78.11403,35.5269],[-78.11441,35.51981],[-78.10789,35.52005],[-78.10027,35.51925],[-78.10601,35.50891],[-78.11347,35.49474],[-78.10632,35.49102],[-78.10241,35.48436],[-78.106,35.48279],[-78.10728,35.47981],[-78.11047,35.47921],[-78.11017,35.47769],[-78.11211,35.4773],[-78.11301,35.47337],[-78.11324,35.46774],[-78.1097,35.4642],[-78.10514,35.46147],[-78.10382,35.4624],[-78.10391,35.46465],[-78.09955,35.46557],[-78.09227,35.46632],[-78.09079,35.46501],[-78.08688,35.46475],[-78.08715,35.46065],[-78.08933,35.4581],[-78.09538,35.44893],[-78.09561,35.44711],[-78.10082,35.44384],[-78.10333,35.44326],[-78.10933,35.44552],[-78.10938,35.43908],[-78.11156,35.43353],[-78.11381,35.43378],[-78.11506,35.43134],[-78.1148,35.42551],[-78.11414,35.42356],[-78.1158,35.42299],[-78.12383,35.41775],[-78.11967,35.41502],[-78.1161,35.41006],[-78.11316,35.40783],[-78.11572,35.40805],[-78.11909,35.3978],[-78.1185,35.39394],[-78.1112,35.38568],[-78.10878,35.38399],[-78.11462,35.38033],[-78.12309,35.37264],[-78.12857,35.37027],[-78.13075,35.36811],[-78.13225,35.36206],[-78.13525,35.35926],[-78.13637,35.35706],[-78.1391,35.35661],[-78.14148,35.35509],[-78.14371,35.352],[-78.14782,35.34892],[-78.15221,35.34944],[-78.15324,35.35067],[-78.15879,35.34749],[-78.16086,35.34935],[-78.16214,35.34768],[-78.16556,35.34637],[-78.16814,35.348],[-78.17072,35.34631],[-78.17402,35.34726],[-78.17669,35.34633],[-78.18018,35.34371],[-78.18378,35.3449],[-78.18142,35.34086],[-78.18323,35.33962],[-78.18336,35.33674],[-78.1855,35.33755],[-78.18526,35.34098],[-78.18655,35.34275],[-78.19627,35.34357],[-78.19728,35.34006],[-78.20059,35.34129],[-78.20564,35.33975],[-78.20972,35.33986],[-78.21024,35.34179],[-78.21203,35.34229],[-78.21347,35.34048],[-78.21548,35.34153],[-78.21655,35.33927],[-78.21592,35.33467],[-78.21792,35.33876],[-78.21615,35.34203],[-78.21967,35.34242],[-78.23119,35.34641],[-78.23399,35.3467],[-78.23737,35.34488],[-78.24018,35.34985],[-78.24238,35.34968],[-78.24461,35.34695],[-78.24841,35.34589],[-78.25017,35.34336],[-78.25402,35.34663],[-78.25364,35.34881],[-78.25162,35.3521],[-78.25213,35.35607],[-78.2532,35.35818],[-78.25755,35.36056],[-78.2582,35.36191],[-78.26039,35.36199],[-78.26436,35.36682],[-78.26349,35.37145],[-78.26385,35.37456],[-78.26944,35.37711],[-78.27288,35.38546],[-78.27558,35.38611],[-78.27537,35.38728],[-78.2834,35.39296],[-78.28367,35.39604],[-78.28684,35.39778],[-78.28949,35.40036],[-78.2871,35.4019],[-78.28824,35.40467],[-78.28684,35.40687],[-78.28384,35.4082],[-78.28241,35.40704]]]}},{"type":"Feature","properties":{"zcta":"27508","d":78},"geometry":{"type":"Polygon","coordinates":[[[-78.21188,35.93545],[-78.22579,35.94218],[-78.23426,35.94087],[-78.23667,35.94463],[-78.24106,35.94781],[-78.24335,35.95051],[-78.24408,35.94929],[-78.247,35.94907],[-78.24944,35.9426],[-78.25153,35.93967],[-78.26005,35.93047],[-78.2629,35.93218],[-78.2629,35.92989],[-78.26491,35.92934],[-78.26537,35.93343],[-78.2671,35.93341],[-78.26883,35.93098],[-78.27208,35.93252],[-78.27054,35.93609],[-78.27395,35.93689],[-78.27286,35.93827],[-78.27813,35.9415],[-78.27762,35.94264],[-78.281,35.94328],[-78.28364,35.94469],[-78.2861,35.94753],[-78.28336,35.95085],[-78.28669,35.95274],[-78.2901,35.95893],[-78.28144,35.96591],[-78.2874,35.96943],[-78.28107,35.97662],[-78.27615,35.98146],[-78.2729,35.9778],[-78.27251,35.97375],[-78.2685,35.97639],[-78.26431,35.98178],[-78.2621,35.97934],[-78.2616,35.97413],[-78.24045,35.99037],[-78.24106,35.98894],[-78.23746,35.98362],[-78.23312,35.98122],[-78.22777,35.98042],[-78.22487,35.97943],[-78.22245,35.97657],[-78.22394,35.97449],[-78.22278,35.96951],[-78.22082,35.96636],[-78.22196,35.96424],[-78.22236,35.95847],[-78.21965,35.95636],[-78.21864,35.9528],[-78.21374,35.94852],[-78.20927,35.94637],[-78.20642,35.94656],[-78.20274,35.94514],[-78.20298,35.94108],[-78.20831,35.94185],[-78.21115,35.93997],[-78.20885,35.93856],[-78.21188,35.93545]]]}},{"type":"Feature","properties":{"zcta":"27601","d":2380},"geometry":{"type":"Polygon","coordinates":[[[-78.63405,35.786],[-78.63203,35.78468],[-78.62333,35.78451],[-78.62216,35.78327],[-78.62228,35.77985],[-78.62355,35.77991],[-78.6224,35.7777],[-78.62151,35.7725],[-78.62228,35.77242],[-78.62431,35.7655],[-78.63152,35.76568],[-78.63151,35.76335],[-78.63737,35.76318],[-78.63911,35.76639],[-78.63954,35.76057],[-78.64047,35.75711],[-78.64398,35.76171],[-78.643,35.76579],[-78.64722,35.76744],[-78.64832,35.7698],[-78.64768,35.77455],[-78.64533,35.77446],[-78.64677,35.77714],[-78.64517,35.77713],[-78.64499,35.78062],[-78.64008,35.78042],[-78.63991,35.7839],[-78.63793,35.78383],[-78.63782,35.78606],[-78.63405,35.786]]]}},{"type":"Feature","properties":{"zcta":"27613","d":931},"geometry":{"type":"Polygon","coordinates":[[[-78.7543,35.92622],[-78.74847,35.93474],[-78.74197,35.93679],[-78.74171,35.93391],[-78.73554,35.94075],[-78.73864,35.9409],[-78.73948,35.938],[-78.74087,35.93711],[-78.74707,35.94647],[-78.74437,35.94859],[-78.74214,35.95263],[-78.73997,35.96222],[-78.7407,35.96693],[-78.73937,35.96856],[-78.73869,35.97294],[-78.7346,35.97551],[-78.73096,35.97677],[-78.72789,35.97988],[-78.71773,35.98272],[-78.71703,35.98898],[-78.71453,35.99132],[-78.71453,35.99359],[-78.71696,35.99642],[-78.716,35.9991],[-78.71387,35.99882],[-78.71104,36.00085],[-78.71055,36.00424],[-78.70906,36.00475],[-78.70673,36.00262],[-78.7083,36.0056],[-78.70728,36.00775],[-78.70492,36.00798],[-78.70265,36.0062],[-78.70039,36.00825],[-78.7083,35.98434],[-78.69817,35.9888],[-78.69575,35.98903],[-78.69415,35.98546],[-78.69634,35.98103],[-78.69423,35.98029],[-78.69446,35.97738],[-78.68711,35.9739],[-78.68728,35.94777],[-78.68631,35.94224],[-78.68367,35.92819],[-78.68784,35.92659],[-78.68718,35.92407],[-78.68481,35.92079],[-78.68452,35.91516],[-78.68177,35.91454],[-78.68162,35.90768],[-78.68105,35.90204],[-78.67949,35.90181],[-78.68082,35.89973],[-78.67847,35.89423],[-78.68022,35.89394],[-78.67979,35.88967],[-78.6774,35.88979],[-78.67714,35.88613],[-78.67943,35.88621],[-78.67905,35.88296],[-78.6739,35.88195],[-78.67525,35.88075],[-78.67536,35.87699],[-78.67758,35.87447],[-78.67629,35.87271],[-78.68138,35.8732],[-78.69136,35.87327],[-78.69342,35.87035],[-78.69355,35.86727],[-78.69868,35.86751],[-78.69513,35.86215],[-78.69809,35.8627],[-78.69913,35.86137],[-78.7064,35.85892],[-78.70999,35.86143],[-78.71085,35.86374],[-78.71199,35.86256],[-78.72968,35.87492],[-78.7372,35.88169],[-78.74087,35.88423],[-78.74098,35.89154],[-78.74041,35.89611],[-78.73751,35.90079],[-78.73195,35.90093],[-78.72837,35.90219],[-78.72687,35.90357],[-78.72824,35.90555],[-78.72856,35.91404],[-78.73026,35.91763],[-78.73237,35.91932],[-78.7377,35.91963],[-78.7411,35.92062],[-78.7454,35.91847],[-78.75283,35.9192],[-78.75267,35.91642],[-78.75479,35.9157],[-78.75707,35.91753],[-78.75911,35.91728],[-78.75821,35.92156],[-78.7543,35.92622]]]}},{"type":"Feature","properties":{"zcta":"27614","d":624},"geometry":{"type":"MultiPolygon","coordinates":[[[[-78.68078,35.99506],[-78.67483,35.9953],[-78.67484,35.99017],[-78.67823,35.98865],[-78.68133,35.99072],[-78.68078,35.99506]]],[[[-78.68631,35.98537],[-78.6857,35.98784],[-78.67465,35.9878],[-78.67156,35.98875],[-78.66799,35.98784],[-78.66695,35.99161],[-78.66535,35.99174],[-78.66273,35.9952],[-78.66371,35.996],[-78.66497,36.00256],[-78.66035,36.00038],[-78.6584,35.9988],[-78.65021,36.004],[-78.64886,36.00791],[-78.6471,36.01001],[-78.64365,36.01012],[-78.64236,36.00908],[-78.64047,36.00526],[-78.64169,36.00013],[-78.64409,36.00064],[-78.64388,36.00442],[-78.64628,36.00583],[-78.64745,36.00264],[-78.65207,35.99922],[-78.64999,35.99553],[-78.64895,35.99567],[-78.64401,35.99304],[-78.64468,35.98959],[-78.64444,35.9864],[-78.63579,35.98601],[-78.63398,35.98512],[-78.633,35.9828],[-78.63243,35.97577],[-78.63444,35.97088],[-78.63384,35.96954],[-78.62377,35.97018],[-78.62102,35.96951],[-78.61754,35.96655],[-78.61282,35.96527],[-78.6054,35.96216],[-78.60315,35.95902],[-78.59932,35.95606],[-78.59558,35.95773],[-78.59146,35.95824],[-78.5882,35.95951],[-78.58471,35.95903],[-78.58201,35.95255],[-78.58097,35.94851],[-78.58447,35.94281],[-78.58303,35.941],[-78.58385,35.93787],[-78.58777,35.93398],[-78.5862,35.93024],[-78.58286,35.93473],[-78.57977,35.9328],[-78.57382,35.93637],[-78.57308,35.93768],[-78.57285,35.94523],[-78.57481,35.94579],[-78.57378,35.94813],[-78.56806,35.95282],[-78.56339,35.96024],[-78.56266,35.96709],[-78.56121,35.96964],[-78.5571,35.97078],[-78.5485,35.96608],[-78.54526,35.96562],[-78.54614,35.96365],[-78.54478,35.96027],[-78.54299,35.96087],[-78.53988,35.95005],[-78.53983,35.94593],[-78.54101,35.94135],[-78.54396,35.9418],[-78.54162,35.94008],[-78.55228,35.94053],[-78.55384,35.93337],[-78.56003,35.93428],[-78.56064,35.93297],[-78.5537,35.92821],[-78.55557,35.9219],[-78.55975,35.9161],[-78.55961,35.91205],[-78.55774,35.90988],[-78.56028,35.90445],[-78.56575,35.90196],[-78.56918,35.89708],[-78.57422,35.89835],[-78.57666,35.90001],[-78.58375,35.90334],[-78.59091,35.90526],[-78.59682,35.90742],[-78.60066,35.90807],[-78.60712,35.91138],[-78.61334,35.91148],[-78.62259,35.91231],[-78.62622,35.90745],[-78.62967,35.90682],[-78.63169,35.90737],[-78.63368,35.90981],[-78.63316,35.91362],[-78.63418,35.91664],[-78.64457,35.92438],[-78.64901,35.92477],[-78.65178,35.92724],[-78.65171,35.92991],[-78.65313,35.93086],[-78.65712,35.93089],[-78.65816,35.92732],[-78.65813,35.93163],[-78.66221,35.93179],[-78.66842,35.93498],[-78.66986,35.93838],[-78.67447,35.94392],[-78.68012,35.94441],[-78.68631,35.94224],[-78.68728,35.94777],[-78.68711,35.9739],[-78.69446,35.97738],[-78.69423,35.98029],[-78.69634,35.98103],[-78.69415,35.98546],[-78.68631,35.98537]],[[-78.5791,35.93198],[-78.57955,35.93278],[-78.58264,35.93115],[-78.5791,35.93198]]]]}},{"type":"Feature","properties":{"zcta":"27615","d":1149},"geometry":{"type":"Polygon","coordinates":[[[-78.68012,35.94441],[-78.67447,35.94392],[-78.66986,35.93838],[-78.66842,35.93498],[-78.66221,35.93179],[-78.65813,35.93163],[-78.65816,35.92732],[-78.65712,35.93089],[-78.65313,35.93086],[-78.65171,35.92991],[-78.65178,35.92724],[-78.64901,35.92477],[-78.64457,35.92438],[-78.63418,35.91664],[-78.63316,35.91362],[-78.63368,35.90981],[-78.63169,35.90737],[-78.62967,35.90682],[-78.62622,35.90745],[-78.62259,35.91231],[-78.61334,35.91148],[-78.60712,35.91138],[-78.60066,35.90807],[-78.59682,35.90742],[-78.59091,35.90526],[-78.58375,35.90334],[-78.57666,35.90001],[-78.57422,35.89835],[-78.56918,35.89708],[-78.57575,35.88537],[-78.57832,35.88328],[-78.58412,35.88074],[-78.58793,35.87788],[-78.59223,35.87355],[-78.5942,35.86948],[-78.59741,35.85989],[-78.60218,35.86266],[-78.60456,35.86259],[-78.60384,35.86406],[-78.61276,35.86924],[-78.61566,35.8695],[-78.62082,35.86816],[-78.62228,35.87292],[-78.62491,35.87061],[-78.62743,35.87044],[-78.63434,35.86689],[-78.63552,35.86379],[-78.63753,35.86488],[-78.63903,35.86849],[-78.64011,35.86833],[-78.64335,35.87093],[-78.6465,35.87181],[-78.64655,35.86981],[-78.65054,35.86865],[-78.65066,35.87242],[-78.65253,35.87372],[-78.65543,35.87382],[-78.65587,35.87485],[-78.66187,35.87543],[-78.66445,35.87657],[-78.66453,35.87821],[-78.6679,35.87873],[-78.67146,35.88201],[-78.6739,35.88195],[-78.67905,35.88296],[-78.67943,35.88621],[-78.67714,35.88613],[-78.6774,35.88979],[-78.67979,35.88967],[-78.68022,35.89394],[-78.67847,35.89423],[-78.68082,35.89973],[-78.67949,35.90181],[-78.68105,35.90204],[-78.68162,35.90768],[-78.68177,35.91454],[-78.68452,35.91516],[-78.68481,35.92079],[-78.68718,35.92407],[-78.68784,35.92659],[-78.68367,35.92819],[-78.68631,35.94224],[-78.68012,35.94441]]]}},{"type":"Feature","properties":{"zcta":"27617","d":1268},"geometry":{"type":"Polygon","coordinates":[[[-78.81606,35.91397],[-78.81553,35.91471],[-78.81056,35.91377],[-78.80484,35.92755],[-78.80197,35.92697],[-78.79098,35.91895],[-78.78871,35.91759],[-78.78085,35.9198],[-78.78046,35.92267],[-78.76431,35.91944],[-78.76294,35.92262],[-78.75985,35.92337],[-78.75821,35.92156],[-78.75911,35.91728],[-78.75707,35.91753],[-78.75479,35.9157],[-78.75267,35.91642],[-78.75283,35.9192],[-78.7454,35.91847],[-78.7411,35.92062],[-78.7377,35.91963],[-78.73237,35.91932],[-78.73026,35.91763],[-78.72856,35.91404],[-78.72824,35.90555],[-78.72687,35.90357],[-78.72837,35.90219],[-78.73195,35.90093],[-78.73751,35.90079],[-78.74041,35.89611],[-78.74098,35.89154],[-78.74087,35.88423],[-78.74164,35.88206],[-78.74687,35.88259],[-78.74788,35.88138],[-78.75145,35.88184],[-78.75004,35.88362],[-78.75026,35.88959],[-78.74864,35.88957],[-78.74745,35.89288],[-78.75165,35.89287],[-78.75186,35.8896],[-78.75614,35.88975],[-78.75607,35.89189],[-78.75945,35.89189],[-78.75975,35.89534],[-78.76265,35.89612],[-78.76309,35.89741],[-78.76528,35.89528],[-78.76783,35.89723],[-78.76524,35.90133],[-78.77112,35.90521],[-78.77536,35.90341],[-78.78858,35.89623],[-78.79442,35.89462],[-78.80704,35.89427],[-78.81086,35.89354],[-78.81358,35.8922],[-78.81552,35.89324],[-78.81546,35.89681],[-78.81759,35.89684],[-78.81482,35.90349],[-78.81307,35.9034],[-78.81385,35.90583],[-78.81685,35.90872],[-78.81647,35.91183],[-78.81606,35.91397]]]}},{"type":"Feature","properties":{"zcta":"27606","d":853},"geometry":{"type":"Polygon","coordinates":[[[-78.74573,35.76275],[-78.74134,35.76667],[-78.73929,35.771],[-78.74622,35.77692],[-78.74846,35.78038],[-78.74897,35.78524],[-78.74706,35.78936],[-78.73261,35.78693],[-78.72441,35.78625],[-78.71754,35.78883],[-78.71695,35.79027],[-78.72069,35.78882],[-78.72841,35.78961],[-78.72712,35.79445],[-78.72474,35.79357],[-78.72478,35.79936],[-78.70769,35.79818],[-78.70609,35.7942],[-78.70008,35.79538],[-78.6949,35.79516],[-78.69755,35.78739],[-78.68701,35.78702],[-78.68705,35.78501],[-78.68556,35.7849],[-78.67553,35.78073],[-78.67033,35.77927],[-78.66727,35.77903],[-78.66688,35.78136],[-78.6653,35.78311],[-78.65793,35.78041],[-78.65015,35.77758],[-78.65604,35.7742],[-78.6613,35.77459],[-78.66187,35.77675],[-78.66566,35.77649],[-78.66537,35.77736],[-78.66973,35.77643],[-78.66875,35.77449],[-78.6688,35.77146],[-78.6701,35.76866],[-78.67014,35.76631],[-78.66804,35.76336],[-78.66507,35.7614],[-78.66144,35.76073],[-78.66533,35.75717],[-78.66776,35.75707],[-78.69473,35.75185],[-78.70118,35.75179],[-78.70192,35.74853],[-78.69886,35.75047],[-78.69775,35.75005],[-78.69838,35.74748],[-78.69734,35.74709],[-78.69771,35.74444],[-78.70092,35.74164],[-78.70064,35.73981],[-78.69847,35.73774],[-78.69814,35.73313],[-78.69472,35.7281],[-78.69406,35.72534],[-78.69013,35.72547],[-78.68967,35.72288],[-78.68776,35.72132],[-78.68754,35.71902],[-78.68599,35.71763],[-78.69041,35.7137],[-78.68982,35.71016],[-78.68729,35.71008],[-78.68909,35.70569],[-78.692,35.70576],[-78.69209,35.70326],[-78.69402,35.70314],[-78.69591,35.69922],[-78.6985,35.69889],[-78.70122,35.69668],[-78.70142,35.69396],[-78.69895,35.69331],[-78.69669,35.69507],[-78.69812,35.69713],[-78.6959,35.69828],[-78.69593,35.69588],[-78.69346,35.69435],[-78.69593,35.68866],[-78.69813,35.68918],[-78.70138,35.6869],[-78.70255,35.68859],[-78.70487,35.68752],[-78.70649,35.68802],[-78.70821,35.68582],[-78.70875,35.68468],[-78.71224,35.68685],[-78.70887,35.68807],[-78.71343,35.69193],[-78.71748,35.6907],[-78.72268,35.69151],[-78.72481,35.68968],[-78.72706,35.68933],[-78.73488,35.69152],[-78.7346,35.68873],[-78.73274,35.68661],[-78.73294,35.6821],[-78.73062,35.68138],[-78.73062,35.67842],[-78.73477,35.67803],[-78.73805,35.68056],[-78.74163,35.68062],[-78.74297,35.68213],[-78.74142,35.69389],[-78.74923,35.69445],[-78.75463,35.6959],[-78.75759,35.69778],[-78.76217,35.69966],[-78.76653,35.70028],[-78.76788,35.69473],[-78.77068,35.69435],[-78.77618,35.69782],[-78.78001,35.69943],[-78.77953,35.70034],[-78.77948,35.7077],[-78.78235,35.70841],[-78.78253,35.70085],[-78.78344,35.70116],[-78.78416,35.70925],[-78.78694,35.71063],[-78.78682,35.71349],[-78.7849,35.71262],[-78.78123,35.71265],[-78.78122,35.71425],[-78.77328,35.71387],[-78.76482,35.71151],[-78.76115,35.70927],[-78.76039,35.71075],[-78.75621,35.71356],[-78.75387,35.71617],[-78.75085,35.72096],[-78.74957,35.72422],[-78.75485,35.72508],[-78.75374,35.73046],[-78.74805,35.73031],[-78.74665,35.72909],[-78.74613,35.73112],[-78.74766,35.73158],[-78.7457,35.73652],[-78.74602,35.7378],[-78.74492,35.74324],[-78.74133,35.7431],[-78.73771,35.74565],[-78.73567,35.74567],[-78.73565,35.74748],[-78.73743,35.74795],[-78.73512,35.74965],[-78.73821,35.75208],[-78.73353,35.75096],[-78.73132,35.75339],[-78.72904,35.75788],[-78.73327,35.76106],[-78.73572,35.76637],[-78.74508,35.76215],[-78.74573,35.76275]]]}},{"type":"Feature","properties":{"zcta":"27609","d":1647},"geometry":{"type":"Polygon","coordinates":[[[-78.64655,35.86981],[-78.6465,35.87181],[-78.64335,35.87093],[-78.64011,35.86833],[-78.63903,35.86849],[-78.63753,35.86488],[-78.63552,35.86379],[-78.63434,35.86689],[-78.62743,35.87044],[-78.62491,35.87061],[-78.62228,35.87292],[-78.62082,35.86816],[-78.61566,35.8695],[-78.61276,35.86924],[-78.60384,35.86406],[-78.60456,35.86259],[-78.60218,35.86266],[-78.59741,35.85989],[-78.59606,35.85923],[-78.59917,35.8549],[-78.60018,35.85583],[-78.60233,35.85325],[-78.60377,35.84982],[-78.60505,35.84512],[-78.60517,35.83892],[-78.60751,35.8273],[-78.61019,35.82269],[-78.61619,35.81902],[-78.61967,35.8139],[-78.62757,35.81631],[-78.63334,35.82028],[-78.63594,35.8243],[-78.64007,35.81907],[-78.63967,35.81765],[-78.64293,35.81489],[-78.65121,35.81303],[-78.65375,35.81569],[-78.65208,35.81834],[-78.65364,35.81985],[-78.65173,35.82281],[-78.65566,35.82424],[-78.65816,35.82753],[-78.6597,35.8273],[-78.66026,35.82477],[-78.66435,35.82131],[-78.66591,35.82633],[-78.66361,35.8328],[-78.66481,35.83672],[-78.66183,35.83696],[-78.66401,35.83815],[-78.66369,35.84],[-78.65934,35.84701],[-78.65914,35.84928],[-78.65545,35.85271],[-78.65537,35.85491],[-78.66117,35.85549],[-78.66144,35.85833],[-78.65868,35.86554],[-78.65615,35.86661],[-78.65531,35.87068],[-78.65238,35.86849],[-78.65054,35.86865],[-78.64655,35.86981]]]}},{"type":"Feature","properties":{"zcta":"27527","d":411},"geometry":{"type":"MultiPolygon","coordinates":[[[[-78.44143,35.64223],[-78.44119,35.64085],[-78.44255,35.64097],[-78.44143,35.64223]]],[[[-78.44724,35.64442],[-78.44547,35.64279],[-78.44655,35.64203],[-78.44724,35.64442]]],[[[-78.43193,35.72058],[-78.42165,35.72604],[-78.42252,35.71921],[-78.41036,35.72397],[-78.41014,35.72594],[-78.40605,35.72538],[-78.4059,35.7272],[-78.39912,35.72705],[-78.39346,35.72936],[-78.38863,35.72805],[-78.3862,35.72661],[-78.38522,35.7241],[-78.38074,35.72364],[-78.38076,35.722],[-78.3782,35.72194],[-78.37817,35.72317],[-78.37117,35.72298],[-78.37123,35.71416],[-78.37161,35.70934],[-78.37337,35.70999],[-78.37307,35.7082],[-78.37128,35.70879],[-78.36872,35.70595],[-78.36806,35.70395],[-78.37343,35.69636],[-78.37393,35.69477],[-78.37277,35.692],[-78.36964,35.6916],[-78.36814,35.69249],[-78.36573,35.69193],[-78.36009,35.68436],[-78.35381,35.683],[-78.35082,35.68324],[-78.35082,35.68535],[-78.34483,35.68743],[-78.34157,35.6905],[-78.33865,35.68587],[-78.33696,35.68303],[-78.33523,35.67803],[-78.33732,35.67134],[-78.33684,35.66806],[-78.33881,35.66446],[-78.3351,35.66284],[-78.33049,35.65814],[-78.32998,35.65427],[-78.32853,35.65278],[-78.32838,35.64842],[-78.32647,35.64461],[-78.32569,35.6401],[-78.32338,35.63739],[-78.31398,35.63052],[-78.32576,35.61652],[-78.32635,35.61504],[-78.33051,35.61051],[-78.33724,35.60705],[-78.33347,35.60088],[-78.32934,35.59762],[-78.32792,35.59051],[-78.33876,35.58874],[-78.33849,35.58788],[-78.34419,35.5874],[-78.34421,35.58611],[-78.35195,35.58453],[-78.35497,35.58496],[-78.35609,35.58373],[-78.36904,35.5916],[-78.40971,35.61692],[-78.43494,35.63251],[-78.43436,35.63316],[-78.44134,35.63747],[-78.44195,35.63683],[-78.4482,35.6407],[-78.45083,35.64358],[-78.44641,35.64095],[-78.43792,35.64055],[-78.42278,35.64451],[-78.42504,35.64937],[-78.42506,35.65242],[-78.42322,35.65245],[-78.42322,35.6564],[-78.41693,35.659],[-78.4185,35.66051],[-78.4248,35.66409],[-78.43191,35.67035],[-78.43688,35.67591],[-78.43669,35.68218],[-78.43735,35.68599],[-78.44087,35.69221],[-78.44421,35.69675],[-78.45056,35.70153],[-78.45354,35.69977],[-78.45735,35.7001],[-78.45895,35.70232],[-78.46004,35.70569],[-78.43193,35.72058]]]]}},{"type":"Feature","properties":{"zcta":"27502","d":790},"geometry":{"type":"Polygon","coordinates":[[[-78.81713,35.74279],[-78.81585,35.74055],[-78.81824,35.7413],[-78.81899,35.73645],[-78.81588,35.73437],[-78.81623,35.7308],[-78.81349,35.73074],[-78.81363,35.72622],[-78.82947,35.72176],[-78.83652,35.71784],[-78.84391,35.71102],[-78.85559,35.70505],[-78.90041,35.68281],[-78.90805,35.6792],[-78.9132,35.6916],[-78.9186,35.6889],[-78.91818,35.68985],[-78.91242,35.69304],[-78.91125,35.69471],[-78.91124,35.69778],[-78.91626,35.69786],[-78.91966,35.69904],[-78.91977,35.69599],[-78.92634,35.6941],[-78.92652,35.69879],[-78.93066,35.69875],[-78.93055,35.70116],[-78.93558,35.70078],[-78.94031,35.70165],[-78.94211,35.70323],[-78.94946,35.70373],[-78.94957,35.70213],[-78.95269,35.70215],[-78.95288,35.69888],[-78.95855,35.69954],[-78.9591,35.69827],[-78.96255,35.69824],[-78.95593,35.71608],[-78.95934,35.71537],[-78.96055,35.71401],[-78.96561,35.71214],[-78.96753,35.71062],[-78.97039,35.71018],[-78.97607,35.71152],[-78.98272,35.71157],[-78.98363,35.71218],[-78.98146,35.71441],[-78.98,35.71878],[-78.98311,35.71467],[-78.98699,35.71442],[-78.98893,35.71113],[-78.99001,35.71201],[-78.99849,35.71248],[-79.00022,35.71474],[-78.99927,35.71738],[-79.0014,35.7155],[-79.00359,35.71558],[-78.99963,35.71229],[-78.99923,35.71025],[-79.00123,35.7084],[-79.00426,35.71108],[-79.00441,35.70828],[-79.00653,35.70911],[-79.00512,35.70683],[-79.00727,35.70437],[-79.01093,35.70676],[-79.00836,35.70292],[-79.01461,35.69967],[-79.01514,35.70357],[-79.0193,35.69925],[-79.01918,35.70132],[-79.01662,35.70541],[-79.01529,35.70943],[-79.01295,35.7122],[-79.00943,35.71426],[-79.0102,35.71483],[-79.00849,35.72305],[-79.00978,35.72697],[-79.00917,35.72946],[-79.0129,35.73118],[-79.0142,35.73301],[-79.01716,35.73368],[-79.01697,35.73718],[-79.00744,35.73766],[-78.98889,35.73548],[-78.97889,35.73657],[-78.97893,35.73403],[-78.9811,35.7328],[-78.9811,35.73074],[-78.97783,35.72856],[-78.97667,35.72486],[-78.97289,35.73113],[-78.97154,35.73207],[-78.96637,35.73852],[-78.95163,35.74089],[-78.9336,35.74272],[-78.93611,35.73987],[-78.93636,35.73658],[-78.93778,35.73556],[-78.93841,35.73064],[-78.93118,35.7289],[-78.93022,35.73111],[-78.92397,35.73148],[-78.91197,35.73737],[-78.91102,35.73632],[-78.90668,35.73626],[-78.90669,35.7377],[-78.91102,35.73751],[-78.91076,35.73989],[-78.90496,35.74199],[-78.9048,35.74563],[-78.901,35.74485],[-78.90093,35.74602],[-78.87397,35.74834],[-78.87159,35.74818],[-78.85991,35.74922],[-78.85942,35.74704],[-78.85573,35.74656],[-78.85585,35.74443],[-78.85375,35.74388],[-78.85396,35.74557],[-78.85089,35.74502],[-78.85172,35.74688],[-78.85542,35.74692],[-78.85529,35.74941],[-78.85123,35.74966],[-78.84378,35.7487],[-78.83773,35.74837],[-78.82635,35.74464],[-78.82136,35.74359],[-78.81713,35.74279]]]}},{"type":"Feature","properties":{"zcta":"27513","d":1432},"geometry":{"type":"Polygon","coordinates":[[[-78.84774,35.81007],[-78.83584,35.80928],[-78.83575,35.81055],[-78.82934,35.80964],[-78.8337,35.80276],[-78.8307,35.80136],[-78.82854,35.80224],[-78.82461,35.79832],[-78.82229,35.79767],[-78.81816,35.7983],[-78.81708,35.80217],[-78.81477,35.80368],[-78.80842,35.80275],[-78.80825,35.80554],[-78.81006,35.80629],[-78.80993,35.80831],[-78.80524,35.80788],[-78.80273,35.80948],[-78.80706,35.80975],[-78.80698,35.81111],[-78.81434,35.81139],[-78.81938,35.81325],[-78.8148,35.81719],[-78.81174,35.81736],[-78.8117,35.81886],[-78.81575,35.82547],[-78.81104,35.83096],[-78.80714,35.83345],[-78.8041,35.83383],[-78.79855,35.83635],[-78.79542,35.83649],[-78.7875,35.83514],[-78.78598,35.83556],[-78.78389,35.83804],[-78.78457,35.84347],[-78.78401,35.84921],[-78.78609,35.85201],[-78.78582,35.85543],[-78.7856,35.85256],[-78.77724,35.85222],[-78.77761,35.844],[-78.7697,35.84374],[-78.76826,35.84474],[-78.76394,35.84117],[-78.76231,35.84152],[-78.76227,35.83327],[-78.76046,35.83327],[-78.76374,35.83169],[-78.75414,35.82626],[-78.75678,35.82135],[-78.75934,35.82192],[-78.75852,35.81975],[-78.76087,35.81793],[-78.7599,35.81289],[-78.76071,35.80855],[-78.76402,35.80834],[-78.76411,35.80611],[-78.76811,35.80505],[-78.7642,35.80275],[-78.76439,35.79701],[-78.76354,35.79926],[-78.76172,35.79941],[-78.75933,35.80164],[-78.75758,35.80051],[-78.75094,35.79947],[-78.74911,35.79992],[-78.74917,35.79729],[-78.75086,35.79466],[-78.75401,35.79588],[-78.75851,35.79624],[-78.76339,35.79506],[-78.76376,35.79234],[-78.76842,35.79271],[-78.77288,35.79133],[-78.77857,35.78836],[-78.79335,35.78687],[-78.79729,35.78513],[-78.79896,35.78344],[-78.80782,35.76747],[-78.81184,35.76486],[-78.82844,35.76005],[-78.82873,35.76171],[-78.83294,35.76176],[-78.83299,35.75953],[-78.83571,35.75879],[-78.83758,35.75959],[-78.8385,35.76301],[-78.84114,35.76306],[-78.84123,35.75964],[-78.84491,35.75967],[-78.84403,35.76284],[-78.8427,35.76757],[-78.84302,35.77119],[-78.84878,35.78005],[-78.8473,35.78482],[-78.84722,35.79143],[-78.84346,35.79231],[-78.84436,35.79586],[-78.84815,35.79609],[-78.84865,35.79801],[-78.84874,35.80536],[-78.84777,35.80891],[-78.84821,35.81165],[-78.84774,35.81007]]]}},{"type":"Feature","properties":{"zcta":"27518","d":1124},"geometry":{"type":"Polygon","coordinates":[[[-78.81024,35.72781],[-78.78113,35.74354],[-78.76711,35.75126],[-78.74508,35.76215],[-78.73572,35.76637],[-78.73327,35.76106],[-78.72904,35.75788],[-78.73132,35.75339],[-78.73353,35.75096],[-78.73821,35.75208],[-78.73512,35.74965],[-78.73743,35.74795],[-78.73565,35.74748],[-78.73567,35.74567],[-78.73771,35.74565],[-78.74133,35.7431],[-78.74492,35.74324],[-78.74602,35.7378],[-78.7457,35.73652],[-78.74766,35.73158],[-78.74613,35.73112],[-78.74665,35.72909],[-78.74805,35.73031],[-78.75374,35.73046],[-78.75485,35.72508],[-78.74957,35.72422],[-78.75085,35.72096],[-78.75387,35.71617],[-78.75621,35.71356],[-78.76039,35.71075],[-78.76115,35.70927],[-78.76482,35.71151],[-78.77328,35.71387],[-78.78122,35.71425],[-78.78123,35.71265],[-78.7849,35.71262],[-78.78682,35.71349],[-78.78694,35.71063],[-78.78416,35.70925],[-78.78344,35.70116],[-78.78881,35.70244],[-78.78892,35.70063],[-78.79096,35.70029],[-78.79106,35.69813],[-78.78549,35.69838],[-78.78561,35.69693],[-78.78262,35.69698],[-78.78205,35.69415],[-78.78582,35.6941],[-78.78714,35.69148],[-78.78603,35.6883],[-78.79134,35.68834],[-78.79153,35.69028],[-78.79573,35.69042],[-78.79662,35.69294],[-78.8051,35.69376],[-78.80504,35.69596],[-78.80278,35.69795],[-78.80021,35.69788],[-78.7996,35.7002],[-78.79928,35.69561],[-78.79627,35.69545],[-78.79498,35.7003],[-78.79971,35.70043],[-78.8015,35.70276],[-78.79475,35.70338],[-78.79836,35.70431],[-78.79816,35.70666],[-78.8046,35.70673],[-78.80501,35.71011],[-78.80648,35.71013],[-78.80693,35.71325],[-78.80917,35.71315],[-78.81102,35.71582],[-78.81551,35.71872],[-78.81384,35.71919],[-78.81363,35.72622],[-78.81024,35.72781]]]}},{"type":"Feature","properties":{"zcta":"27545","d":552},"geometry":{"type":"MultiPolygon","coordinates":[[[[-78.53054,35.74821],[-78.52348,35.74838],[-78.52351,35.75128],[-78.51865,35.75156],[-78.51859,35.75235],[-78.51036,35.75205],[-78.50835,35.75137],[-78.50837,35.74957],[-78.50595,35.74925],[-78.50407,35.74286],[-78.50522,35.74092],[-78.50457,35.73565],[-78.50656,35.73308],[-78.50902,35.73145],[-78.51402,35.7308],[-78.51783,35.73185],[-78.52315,35.7307],[-78.52845,35.73253],[-78.52931,35.73505],[-78.52663,35.74027],[-78.53054,35.74821]]],[[[-78.52667,35.80326],[-78.52658,35.80658],[-78.52849,35.80763],[-78.52494,35.81311],[-78.51921,35.81248],[-78.51918,35.8148],[-78.51524,35.81286],[-78.51253,35.81417],[-78.50621,35.81399],[-78.50508,35.81485],[-78.50359,35.81902],[-78.50503,35.82234],[-78.50346,35.82177],[-78.50184,35.81668],[-78.49153,35.81011],[-78.48823,35.80955],[-78.4865,35.81714],[-78.48984,35.81729],[-78.49123,35.819],[-78.49403,35.81994],[-78.4941,35.82263],[-78.49051,35.82338],[-78.4904,35.82721],[-78.49171,35.82894],[-78.49211,35.83177],[-78.49232,35.83664],[-78.48871,35.83558],[-78.48432,35.83646],[-78.48372,35.83873],[-78.48558,35.83881],[-78.48525,35.84929],[-78.48073,35.84921],[-78.48125,35.85526],[-78.47899,35.85542],[-78.47754,35.85381],[-78.47747,35.84541],[-78.47394,35.84534],[-78.47293,35.84229],[-78.47079,35.83953],[-78.47062,35.83743],[-78.46109,35.83735],[-78.4588,35.83576],[-78.4552,35.83599],[-78.45496,35.83823],[-78.44695,35.839],[-78.44637,35.8365],[-78.44364,35.83311],[-78.44861,35.83328],[-78.45104,35.83043],[-78.4519,35.82326],[-78.45176,35.82014],[-78.44208,35.82013],[-78.43256,35.81952],[-78.42235,35.80681],[-78.42773,35.80402],[-78.43026,35.80122],[-78.43172,35.79693],[-78.43438,35.79591],[-78.43656,35.7913],[-78.43881,35.78874],[-78.4371,35.78701],[-78.43681,35.78497],[-78.43841,35.7817],[-78.44026,35.78],[-78.43938,35.7784],[-78.44017,35.77575],[-78.43797,35.77237],[-78.43821,35.77016],[-78.43654,35.76708],[-78.43352,35.76423],[-78.43129,35.7588],[-78.42857,35.7545],[-78.43014,35.7528],[-78.43008,35.75075],[-78.43813,35.74728],[-78.44702,35.74693],[-78.44538,35.74065],[-78.44197,35.74041],[-78.4426,35.7391],[-78.43689,35.73941],[-78.4391,35.73865],[-78.43738,35.73239],[-78.44017,35.73358],[-78.44238,35.73283],[-78.44464,35.73781],[-78.44656,35.73852],[-78.46989,35.7388],[-78.46825,35.74343],[-78.46616,35.74611],[-78.46567,35.74869],[-78.46834,35.74906],[-78.46803,35.74571],[-78.47451,35.74539],[-78.47618,35.7474],[-78.47621,35.74482],[-78.4817,35.7427],[-78.48369,35.7444],[-78.48421,35.74221],[-78.48698,35.74384],[-78.49315,35.74873],[-78.4952,35.75201],[-78.49929,35.75341],[-78.49949,35.75726],[-78.50355,35.75708],[-78.50339,35.75403],[-78.50738,35.75404],[-78.50751,35.75683],[-78.51475,35.75747],[-78.51592,35.75445],[-78.52076,35.75439],[-78.52078,35.75693],[-78.51763,35.75689],[-78.51763,35.75809],[-78.52159,35.758],[-78.52152,35.75955],[-78.51736,35.7596],[-78.5176,35.76242],[-78.51944,35.76544],[-78.52445,35.76301],[-78.52374,35.76158],[-78.53818,35.76071],[-78.53907,35.76159],[-78.53966,35.76642],[-78.53875,35.77056],[-78.53973,35.77326],[-78.53726,35.77894],[-78.53719,35.78264],[-78.5353,35.78904],[-78.53649,35.79134],[-78.53913,35.79334],[-78.53439,35.79574],[-78.52974,35.79636],[-78.52317,35.79527],[-78.52013,35.79953],[-78.52179,35.80283],[-78.52505,35.8039],[-78.52667,35.80326]]]]}},{"type":"Feature","properties":{"zcta":"27616","d":1273},"geometry":{"type":"Polygon","coordinates":[[[-78.5942,35.86948],[-78.59223,35.87355],[-78.58793,35.87788],[-78.58412,35.88074],[-78.57832,35.88328],[-78.57575,35.88537],[-78.56918,35.89708],[-78.56575,35.90196],[-78.56028,35.90445],[-78.55774,35.90988],[-78.55071,35.90823],[-78.54734,35.90628],[-78.54303,35.90545],[-78.53907,35.90918],[-78.53787,35.90674],[-78.53522,35.90434],[-78.53553,35.90006],[-78.53318,35.89347],[-78.53381,35.89077],[-78.53942,35.88687],[-78.54166,35.883],[-78.54029,35.88093],[-78.53763,35.88011],[-78.53481,35.88036],[-78.53201,35.88524],[-78.52968,35.88584],[-78.52807,35.88426],[-78.52455,35.88734],[-78.52186,35.88691],[-78.52092,35.8884],[-78.52284,35.88883],[-78.51918,35.89131],[-78.51968,35.89288],[-78.52271,35.89349],[-78.52268,35.90132],[-78.52043,35.90621],[-78.51485,35.90631],[-78.51486,35.90481],[-78.50607,35.90348],[-78.50677,35.89755],[-78.50872,35.89814],[-78.50846,35.89551],[-78.50657,35.89602],[-78.50501,35.89475],[-78.50494,35.8868],[-78.5096,35.88666],[-78.51012,35.88319],[-78.50236,35.88104],[-78.50231,35.87937],[-78.50029,35.87291],[-78.49749,35.87337],[-78.49577,35.87612],[-78.49289,35.87734],[-78.49049,35.87464],[-78.4844,35.87473],[-78.4838,35.87335],[-78.48024,35.87327],[-78.48027,35.87134],[-78.47728,35.87137],[-78.47718,35.87359],[-78.47501,35.87968],[-78.47386,35.8797],[-78.47202,35.87157],[-78.47202,35.86546],[-78.47803,35.86272],[-78.47893,35.8615],[-78.48233,35.86134],[-78.4817,35.8593],[-78.47899,35.85542],[-78.48125,35.85526],[-78.48073,35.84921],[-78.48525,35.84929],[-78.48558,35.83881],[-78.48372,35.83873],[-78.48432,35.83646],[-78.48871,35.83558],[-78.49232,35.83664],[-78.49211,35.83177],[-78.49464,35.83177],[-78.49579,35.83294],[-78.49607,35.83596],[-78.49995,35.83656],[-78.49987,35.83929],[-78.50124,35.83971],[-78.50156,35.83743],[-78.50965,35.83733],[-78.50965,35.836],[-78.51411,35.83598],[-78.51407,35.83837],[-78.51262,35.83949],[-78.51245,35.84177],[-78.50784,35.84163],[-78.51396,35.84461],[-78.53161,35.84837],[-78.53907,35.84581],[-78.54489,35.83513],[-78.5489,35.83428],[-78.5565,35.83395],[-78.56307,35.83159],[-78.56924,35.8312],[-78.56916,35.83496],[-78.5739,35.84341],[-78.57477,35.84788],[-78.57665,35.84972],[-78.57691,35.85163],[-78.57859,35.85197],[-78.57945,35.84995],[-78.58357,35.84965],[-78.58473,35.85166],[-78.58636,35.85144],[-78.58651,35.84945],[-78.59273,35.84781],[-78.59982,35.84864],[-78.59982,35.85195],[-78.60158,35.84904],[-78.60377,35.84982],[-78.60233,35.85325],[-78.60018,35.85583],[-78.59917,35.8549],[-78.59606,35.85923],[-78.59741,35.85989],[-78.5942,35.86948]]]}},{"type":"Feature","properties":{"zcta":"27607","d":620},"geometry":{"type":"Polygon","coordinates":[[[-78.75607,35.89189],[-78.75614,35.88975],[-78.75186,35.8896],[-78.75165,35.89287],[-78.74745,35.89288],[-78.74864,35.88957],[-78.75026,35.88959],[-78.75004,35.88362],[-78.75145,35.88184],[-78.74788,35.88138],[-78.74788,35.88017],[-78.75192,35.8797],[-78.75382,35.87636],[-78.75725,35.87461],[-78.75716,35.87123],[-78.75895,35.86872],[-78.75581,35.86623],[-78.75625,35.86438],[-78.75199,35.863],[-78.75307,35.85947],[-78.75309,35.85631],[-78.75156,35.85502],[-78.74638,35.85362],[-78.74642,35.84932],[-78.7446,35.84847],[-78.74147,35.84524],[-78.74194,35.84083],[-78.74427,35.83811],[-78.74371,35.83691],[-78.73906,35.83576],[-78.73626,35.83032],[-78.73499,35.82939],[-78.73246,35.83022],[-78.73089,35.82924],[-78.72823,35.83186],[-78.72687,35.83042],[-78.72905,35.82982],[-78.72916,35.8276],[-78.73219,35.82494],[-78.72904,35.82511],[-78.72679,35.82289],[-78.71498,35.81525],[-78.712,35.81904],[-78.71471,35.81911],[-78.71378,35.8214],[-78.71123,35.82003],[-78.70845,35.82249],[-78.70559,35.82218],[-78.70644,35.8172],[-78.70507,35.8171],[-78.70497,35.82097],[-78.69681,35.82554],[-78.69128,35.82765],[-78.68878,35.82709],[-78.68488,35.82484],[-78.68227,35.8222],[-78.67587,35.82218],[-78.67063,35.82159],[-78.66976,35.81903],[-78.66759,35.81647],[-78.6691,35.81596],[-78.67198,35.81148],[-78.66953,35.81009],[-78.67085,35.80821],[-78.67088,35.80555],[-78.66955,35.80554],[-78.6696,35.80084],[-78.66563,35.80155],[-78.6599,35.80051],[-78.66021,35.79984],[-78.66008,35.7979],[-78.66221,35.79371],[-78.66392,35.79372],[-78.66299,35.78936],[-78.66143,35.78732],[-78.6653,35.78311],[-78.66688,35.78136],[-78.66727,35.77903],[-78.67033,35.77927],[-78.67553,35.78073],[-78.68556,35.7849],[-78.68705,35.78501],[-78.68701,35.78702],[-78.69755,35.78739],[-78.6949,35.79516],[-78.70008,35.79538],[-78.70609,35.7942],[-78.70769,35.79818],[-78.72478,35.79936],[-78.72474,35.79357],[-78.72712,35.79445],[-78.72841,35.78961],[-78.72069,35.78882],[-78.71695,35.79027],[-78.71754,35.78883],[-78.72441,35.78625],[-78.73261,35.78693],[-78.74706,35.78936],[-78.74692,35.78956],[-78.76376,35.79234],[-78.76339,35.79506],[-78.75851,35.79624],[-78.75401,35.79588],[-78.75086,35.79466],[-78.74917,35.79729],[-78.74911,35.79992],[-78.75094,35.79947],[-78.75758,35.80051],[-78.75933,35.80164],[-78.76172,35.79941],[-78.76354,35.79926],[-78.76439,35.79701],[-78.7642,35.80275],[-78.76811,35.80505],[-78.76411,35.80611],[-78.76402,35.80834],[-78.76071,35.80855],[-78.7599,35.81289],[-78.76087,35.81793],[-78.75852,35.81975],[-78.75934,35.82192],[-78.75678,35.82135],[-78.75414,35.82626],[-78.76374,35.83169],[-78.76046,35.83327],[-78.76227,35.83327],[-78.76231,35.84152],[-78.76394,35.84117],[-78.76826,35.84474],[-78.7697,35.84374],[-78.77761,35.844],[-78.77724,35.85222],[-78.7856,35.85256],[-78.78582,35.85543],[-78.78594,35.85698],[-78.77979,35.85718],[-78.77663,35.85886],[-78.77408,35.85863],[-78.774,35.86174],[-78.76824,35.86147],[-78.76551,35.86439],[-78.77127,35.869],[-78.77063,35.88129],[-78.76914,35.88222],[-78.76983,35.88411],[-78.7639,35.88388],[-78.76382,35.89208],[-78.75945,35.89189],[-78.75607,35.89189]],[[-78.68504,35.78759],[-78.68161,35.78575],[-78.68227,35.78376],[-78.6752,35.78123],[-78.6719,35.78162],[-78.67089,35.78326],[-78.67562,35.7851],[-78.67477,35.7866],[-78.68208,35.78945],[-78.68502,35.79119],[-78.68701,35.78702],[-78.68504,35.78759]]]}},{"type":"Feature","properties":{"zcta":"27568","d":0},"geometry":{"type":"Polygon","coordinates":[[[-78.23967,35.50246],[-78.2393,35.50644],[-78.24417,35.50661],[-78.24435,35.50292],[-78.24507,35.50419],[-78.24789,35.50498],[-78.24902,35.50081],[-78.25192,35.50361],[-78.2495,35.50779],[-78.25125,35.50685],[-78.25772,35.51038],[-78.25775,35.51133],[-78.25276,35.51055],[-78.25046,35.51166],[-78.25069,35.51328],[-78.26536,35.51489],[-78.26529,35.51647],[-78.26238,35.51532],[-78.25416,35.51785],[-78.25014,35.5157],[-78.24668,35.51742],[-78.24259,35.51587],[-78.24225,35.51682],[-78.23419,35.5183],[-78.22974,35.51597],[-78.22758,35.51137],[-78.22823,35.51013],[-78.23489,35.50757],[-78.23514,35.50232],[-78.23593,35.5018],[-78.23967,35.50246]]]}},{"type":"Feature","properties":{"zcta":"27612","d":1094},"geometry":{"type":"Polygon","coordinates":[[[-78.74687,35.88259],[-78.74164,35.88206],[-78.74087,35.88423],[-78.7372,35.88169],[-78.72968,35.87492],[-78.71199,35.86256],[-78.71085,35.86374],[-78.70999,35.86143],[-78.7064,35.85892],[-78.69913,35.86137],[-78.69809,35.8627],[-78.69513,35.86215],[-78.69868,35.86751],[-78.69355,35.86727],[-78.69342,35.87035],[-78.69136,35.87327],[-78.68138,35.8732],[-78.67629,35.87271],[-78.67758,35.87447],[-78.67536,35.87699],[-78.67525,35.88075],[-78.6739,35.88195],[-78.67146,35.88201],[-78.6679,35.87873],[-78.66453,35.87821],[-78.66445,35.87657],[-78.66187,35.87543],[-78.65587,35.87485],[-78.65543,35.87382],[-78.65253,35.87372],[-78.65066,35.87242],[-78.65054,35.86865],[-78.65238,35.86849],[-78.65531,35.87068],[-78.65615,35.86661],[-78.65868,35.86554],[-78.66144,35.85833],[-78.66117,35.85549],[-78.65537,35.85491],[-78.65545,35.85271],[-78.65914,35.84928],[-78.65934,35.84701],[-78.66369,35.84],[-78.66401,35.83815],[-78.66183,35.83696],[-78.66481,35.83672],[-78.66361,35.8328],[-78.66591,35.82633],[-78.66435,35.82131],[-78.66505,35.81974],[-78.66915,35.81972],[-78.66759,35.81647],[-78.66976,35.81903],[-78.67063,35.82159],[-78.67587,35.82218],[-78.68227,35.8222],[-78.68488,35.82484],[-78.68878,35.82709],[-78.69128,35.82765],[-78.69681,35.82554],[-78.70497,35.82097],[-78.70507,35.8171],[-78.70644,35.8172],[-78.70559,35.82218],[-78.70845,35.82249],[-78.71123,35.82003],[-78.71378,35.8214],[-78.71471,35.81911],[-78.712,35.81904],[-78.71498,35.81525],[-78.72679,35.82289],[-78.72904,35.82511],[-78.73219,35.82494],[-78.72916,35.8276],[-78.72905,35.82982],[-78.72687,35.83042],[-78.72823,35.83186],[-78.73089,35.82924],[-78.73246,35.83022],[-78.73499,35.82939],[-78.73626,35.83032],[-78.73906,35.83576],[-78.74371,35.83691],[-78.74427,35.83811],[-78.74194,35.84083],[-78.74147,35.84524],[-78.7446,35.84847],[-78.74642,35.84932],[-78.74638,35.85362],[-78.75156,35.85502],[-78.75309,35.85631],[-78.75307,35.85947],[-78.75199,35.863],[-78.75625,35.86438],[-78.75581,35.86623],[-78.75895,35.86872],[-78.75716,35.87123],[-78.75725,35.87461],[-78.75382,35.87636],[-78.75192,35.8797],[-78.74788,35.88017],[-78.74788,35.88138],[-78.74687,35.88259]]]}},{"type":"Feature","properties":{"zcta":"27604","d":1025},"geometry":{"type":"Polygon","coordinates":[[[-78.61967,35.8139],[-78.61619,35.81902],[-78.61019,35.82269],[-78.60751,35.8273],[-78.60517,35.83892],[-78.60505,35.84512],[-78.60377,35.84982],[-78.60158,35.84904],[-78.59982,35.85195],[-78.59982,35.84864],[-78.59273,35.84781],[-78.58651,35.84945],[-78.58636,35.85144],[-78.58473,35.85166],[-78.58357,35.84965],[-78.57945,35.84995],[-78.57859,35.85197],[-78.57691,35.85163],[-78.57665,35.84972],[-78.57477,35.84788],[-78.5739,35.84341],[-78.56916,35.83496],[-78.56924,35.8312],[-78.56307,35.83159],[-78.5565,35.83395],[-78.5489,35.83428],[-78.54489,35.83513],[-78.53907,35.84581],[-78.53161,35.84837],[-78.51396,35.84461],[-78.50784,35.84163],[-78.51245,35.84177],[-78.51262,35.83949],[-78.51407,35.83837],[-78.51411,35.83598],[-78.50965,35.836],[-78.50965,35.83733],[-78.50156,35.83743],[-78.50124,35.83971],[-78.49987,35.83929],[-78.49995,35.83656],[-78.49607,35.83596],[-78.49579,35.83294],[-78.49464,35.83177],[-78.49211,35.83177],[-78.49171,35.82894],[-78.4904,35.82721],[-78.49051,35.82338],[-78.4941,35.82263],[-78.49403,35.81994],[-78.49123,35.819],[-78.48984,35.81729],[-78.4865,35.81714],[-78.48823,35.80955],[-78.49153,35.81011],[-78.50184,35.81668],[-78.50346,35.82177],[-78.50503,35.82234],[-78.50359,35.81902],[-78.50508,35.81485],[-78.50621,35.81399],[-78.51253,35.81417],[-78.51524,35.81286],[-78.51918,35.8148],[-78.51921,35.81248],[-78.52494,35.81311],[-78.52849,35.80763],[-78.52658,35.80658],[-78.52667,35.80326],[-78.52505,35.8039],[-78.52597,35.80091],[-78.52833,35.80075],[-78.52936,35.79731],[-78.53482,35.79675],[-78.53823,35.7956],[-78.53732,35.79452],[-78.53937,35.79343],[-78.54157,35.79498],[-78.54047,35.79828],[-78.54518,35.80378],[-78.55194,35.80355],[-78.55196,35.80169],[-78.55457,35.80165],[-78.5546,35.79851],[-78.55644,35.79871],[-78.55686,35.80196],[-78.56308,35.80145],[-78.56429,35.80347],[-78.56816,35.80115],[-78.57195,35.80094],[-78.57191,35.79898],[-78.57776,35.79842],[-78.57776,35.80166],[-78.5806,35.80174],[-78.58394,35.7971],[-78.57999,35.79625],[-78.58547,35.79263],[-78.58548,35.79584],[-78.5879,35.79768],[-78.59511,35.79514],[-78.59612,35.79794],[-78.60025,35.80237],[-78.60045,35.8057],[-78.60234,35.80499],[-78.60394,35.80621],[-78.60755,35.80347],[-78.60884,35.80077],[-78.61145,35.79859],[-78.6111,35.7967],[-78.6142,35.79495],[-78.61601,35.79252],[-78.62035,35.79283],[-78.62142,35.78692],[-78.62333,35.78451],[-78.63203,35.78468],[-78.63405,35.786],[-78.63782,35.78606],[-78.63864,35.78806],[-78.64128,35.7882],[-78.6406,35.79334],[-78.63915,35.79595],[-78.63588,35.7979],[-78.62669,35.80181],[-78.62432,35.80461],[-78.61967,35.8139]]]}}]}